p_val	avg_log2FC	pct.1	pct.2	p_val_adj	cluster	gene	direction
7.15691523234726e-99	-3.52652725278094	0.227	0.805	1.14474859141394e-94	1	ANXA2	down
6.48018398181303e-91	-4.24122948711493	0.393	0.842	1.03650542789099e-86	1	LGALS1	down
5.52788645473437e-84	-5.03512354570196	0.047	0.64	8.84185438434763e-80	1	SPACA4	down
6.28203362220488e-75	-2.43741818454348	0.488	0.88	1.00481127787167e-70	1	S100A10	down
3.20738639266433e-70	-4.77626919191992	0.046	0.572	5.13021453506659e-66	1	VAT1	down
1.74857795022345e-67	-4.66853936467516	0.115	0.591	2.7968504313824e-63	1	SELENOP	down
1.06792416976015e-65	-3.45492938254864	0.69	0.895	1.70814470953135e-61	1	CSTB	down
5.97494618300514e-65	-3.13610607591826	0.142	0.64	9.55692641971673e-61	1	LMNA	down
5.82291758333122e-64	-3.48095933880315	0.132	0.6	9.31375667453828e-60	1	MARCKS	down
3.32261459086118e-63	-5.33786443721665	0.028	0.523	5.31452203808246e-59	1	CSF1R	down
2.0098368211935e-62	-3.61926215577011	0.072	0.558	3.21473399549901e-58	1	AHNAK	down
5.40633137509373e-62	-5.6213586310607	0.033	0.512	8.64742703446242e-58	1	C1QB	down
1.26855490349843e-61	-5.77202954284076	0.09	0.537	2.02905356814573e-57	1	PLBD1	down
5.62741589038422e-61	-5.66091865792477	0.083	0.529	9.00105171666957e-57	1	APOE	down
6.15093006583887e-61	-2.78079010193802	0.503	0.801	9.83841264030928e-57	1	PSAP	down
9.08463811376493e-60	-5.3208209492425	0.032	0.507	1.4530878662967e-55	1	C1QC	down
1.47067597998333e-59	-3.06961307307236	0.129	0.608	2.35234622998333e-55	1	APP	down
1.77840892667577e-55	-4.86691954050513	0.036	0.447	2.84456507821789e-51	1	MARCO	down
2.06175487978162e-54	-4.27779539129638	0.063	0.509	3.2977769302107e-50	1	TGFBI	down
3.99696527433994e-54	-3.25406885581766	0.214	0.631	6.39314595630674e-50	1	LGMN	down
9.10195437350577e-53	-4.64849642877524	0.043	0.476	1.45585760204225e-48	1	SLC7A8	down
2.43863582870098e-52	-5.30830899475698	0.015	0.417	3.90059800800721e-48	1	SPRED1	down
9.58337785908614e-52	-4.85293640825311	0.056	0.498	1.53286128856083e-47	1	CLEC	down
3.17066535780789e-50	-3.23577702539743	0.094	0.496	5.07147923981373e-46	1	SLC43A2	down
5.77251091768006e-50	-3.86046194229813	0.046	0.443	9.23313121282925e-46	1	EVL	down
2.17501391318712e-48	-2.72911937707699	0.098	0.521	3.47893475414279e-44	1	TTN	down
9.79139943104969e-48	-2.18797954785698	0.317	0.713	1.5661343389964e-43	1	ATP5MC3	down
2.28457541685646e-44	-4.76073315014387	0.023	0.36	3.6541783792619e-40	1	F13A1	down
1.69285485329939e-41	-4.12475017528694	0.02	0.374	2.70772133785238e-37	1	PEA15	down
1.00556776755249e-40	-4.28894897814701	0.047	0.37	1.60840564420021e-36	1	GPNMB	down
6.31100771055052e-40	-1.53553025540413	0.483	0.796	1.00944568330256e-35	1	COX7A2	down
1.00255829110103e-38	-2.04602927318608	0.383	0.716	1.6035919866161e-34	1	PRDX1	down
2.33020739798282e-38	-5.61148824228028	0.012	0.338	3.72716673307352e-34	1	CD5L	down
5.15197332185854e-38	-4.28762162903281	0.055	0.406	8.24058132831273e-34	1	LRP1	down
5.90285536642487e-37	-1.88181118589319	0.245	0.615	9.44161715859658e-33	1	CALR	down
3.31255213412934e-36	-3.20846032431826	0.147	0.489	5.29842713853987e-32	1	UCP2	down
7.3373119798124e-36	-1.71663049733887	0.32	0.689	1.17360305117099e-31	1	ATP5IF1	down
8.57263355943899e-36	-1.4448636393381	0.493	0.792	1.37119273783227e-31	1	COX6A1	down
4.01767561303654e-35	-1.2277442107019	0.462	0.725	6.42627214305195e-31	1	ATP5MK	down
4.63242786780308e-35	-5.43261448845821	0.011	0.301	7.40956837455103e-31	1	TREM2	down
7.16269465817317e-35	-3.12995298431488	0.076	0.42	1.1456730105748e-30	1	PRCP	down
1.42133334101131e-34	-4.47186174260739	0.035	0.338	2.27342267894759e-30	1	ACY3	down
1.86922109120727e-34	-1.77347739025888	0.485	0.724	2.98981913538603e-30	1	GPX1	down
5.42855118670285e-34	-3.5487586417455	0.055	0.333	8.6829676231312e-30	1	VCAN	down
9.52051628777359e-34	-1.69140625261068	0.384	0.727	1.52280658022939e-29	1	SNRPG	down
1.68305175904075e-33	-1.40396308877886	0.494	0.793	2.69204128858568e-29	1	NDUFA4	down
5.8568964461315e-33	-4.53578375720052	0.02	0.27	9.36810586558733e-29	1	EOMES	down
1.2324312359464e-32	-3.53249631069497	0.034	0.3	1.97127376189627e-28	1	GRAP	down
1.2924043477692e-32	-1.35390266652373	0.607	0.849	2.06720075425684e-28	1	RPL22L1	down
1.67202470575521e-32	-5.37290186995576	0.007	0.259	2.67440351685545e-28	1	MERTK	down
4.41015644346588e-32	-1.99978638423745	0.351	0.611	7.05404523132367e-28	1	CTSZ	down
4.85330628660804e-32	-3.91307576873898	0.022	0.273	7.76286340542956e-28	1	FSHR	down
1.35331761537468e-31	-3.37113957369095	0.038	0.305	2.1646315257918e-27	1	CFP	down
1.46152397186225e-31	-3.37856853389005	0.062	0.366	2.33770759299367e-27	1	MITF	down
2.45062266385633e-31	-5.1311147413884	0.014	0.259	3.91977095083821e-27	1	TNFRSF6B	down
9.20365844304874e-31	-2.51761527188328	0.13	0.455	1.47212516796565e-26	1	CNDP2	down
1.97437644956602e-30	-3.52382475475185	0.05	0.321	3.15801513108085e-26	1	FSCN1	down
1.97617780349567e-30	-3.00370655422766	0.054	0.34	3.16089639669132e-26	1	FLNA	down
2.4983610367171e-30	-2.91741755024966	0.065	0.349	3.996128478229e-26	1	MAFB	down
6.06616167532843e-30	-2.59502735812348	0.158	0.475	9.70282559968783e-26	1	DNASE2	down
1.5207211151593e-29	-3.30298444736768	0.042	0.327	2.4323934236973e-25	1	MYOF	down
2.80534228499933e-29	-5.18248774434349	0.01	0.295	4.48714498485643e-25	1	IFI30	down
3.61737191158398e-29	-2.70544647740104	0.353	0.643	5.78598637257858e-25	1	LGALS3BP	down
3.90203484786158e-29	-5.96067600123621	0.005	0.247	6.2413047391546e-25	1	ITGAD	down
4.13645922127409e-29	-2.54086151556578	0.083	0.375	6.6162665244279e-25	1	ANPEP	down
8.0774361052113e-29	-2.59544278830949	0.093	0.397	1.29198590502855e-24	1	TMEM65	down
1.02832094621689e-28	-4.17442346934454	0.017	0.281	1.64479935347392e-24	1	PLXND1	down
1.17980195513836e-28	-3.19030724880279	0.062	0.364	1.88709322724381e-24	1	ABCC5	down
2.28551802738228e-28	-2.16116815920552	0.132	0.428	3.65568608479795e-24	1	HCST	down
3.12334167815112e-28	-1.20080072881358	0.552	0.791	4.99578501420271e-24	1	COX6C	down
3.7250567277494e-28	-1.32057704696387	0.366	0.658	5.95822823603517e-24	1	DAD1	down
3.75918323101207e-28	-1.5606737724594	0.261	0.572	6.0128135780038e-24	1	ATP5PD	down
4.76313408883357e-28	-4.62904714526631	0.015	0.287	7.61863297508929e-24	1	EFHD1	down
8.3155217837456e-28	-4.43333419770809	0.013	0.252	1.33006770931011e-23	1	ACVRL1	down
9.99227334704574e-28	-4.7912589015914	0.012	0.267	1.59826412185997e-23	1	LOC138531671	down
2.749402701384e-27	-5.46413224376551	0.005	0.208	4.39766962086371e-23	1	C3AR1	down
2.87547540007715e-27	-1.39610045354078	0.273	0.552	4.5993229024234e-23	1	UQCR10	down
2.89468115275764e-27	-4.18555926996801	0.016	0.245	4.63004250383585e-23	1	TTYH3	down
2.89987726966114e-27	-1.82909587510115	0.187	0.511	4.63835369282299e-23	1	CANX	down
3.76486666591367e-27	-3.09188519556259	0.053	0.335	6.02190423212891e-23	1	ARHGAP20	down
5.00150964830614e-27	-1.30926185118522	0.43	0.711	7.99991468246566e-23	1	ATP5PF	down
5.64499363796575e-27	-5.40012837533916	0.008	0.254	9.02916732392621e-23	1	AXL	down
7.13241960465922e-27	-1.44087048785805	0.386	0.671	1.14083051576524e-22	1	SNRPF	down
8.78034835542705e-27	-2.83693519470943	0.066	0.327	1.40441671945056e-22	1	ALDH5A1	down
1.38855955254004e-26	-1.43857136000103	0.302	0.606	2.22100100428779e-22	1	ATP5F1D	down
1.57255110025063e-26	-3.33758308396949	0.031	0.28	2.51529548485089e-22	1	ARHGAP6	down
1.89646324615209e-26	-3.63121885911664	0.021	0.223	3.03339296222027e-22	1	TNS3	down
2.2031510169013e-26	-1.75026239961539	0.237	0.522	3.52394005153363e-22	1	BRI3	down
5.01483403422645e-26	-3.79298002095966	0.021	0.256	8.0212270377452e-22	1	TNFRSF21	down
5.16152621652915e-26	-1.2433209465799	0.469	0.728	8.25586118333837e-22	1	COX7B	down
5.19140785080518e-26	-2.45932340335382	0.226	0.5	8.30365685736288e-22	1	ACP5	down
5.28485785680195e-26	-2.35448231297601	0.116	0.421	8.45313014195472e-22	1	MGARP	down
1.11578833999399e-25	-1.50354796806077	0.38	0.648	1.78470344982038e-21	1	TUBA1C	down
1.55299570318844e-25	-1.25135669689653	0.383	0.646	2.48401662724991e-21	1	COX5B	down
3.33514024732809e-25	-4.65106367051351	0.01	0.22	5.33455682560128e-21	1	ITGAV	down
5.50847910594344e-25	-1.24167417689538	0.306	0.574	8.81081232995653e-21	1	MOB1A	down
5.77317238839333e-25	-4.40905584165113	0.014	0.236	9.23418923523513e-21	1	TUBB2B	down
1.7862131282017e-24	-2.88541942583612	0.063	0.317	2.85704789855863e-20	1	GDA	down
2.17485013642684e-24	-1.49523391120903	0.209	0.492	3.47867279321474e-20	1	NDUFS5	down
4.17040714698088e-24	-1.3213652290392	0.243	0.499	6.67056623159592e-20	1	NDUFAB1	down
5.3818125149584e-140	3.79059078474772	0.928	0.128	8.60820911767597e-136	1	RasGEF	up
1.10759869498345e-135	3.4582935076231	0.975	0.257	1.77160411262602e-131	1	BTN1A1	up
1.41438533288835e-132	3.5256166865594	0.959	0.216	2.26230933995491e-128	1	ARG1	up
8.60775218731679e-130	2.90215256863771	0.98	0.37	1.37680996236132e-125	1	TKT	up
1.16294860682663e-127	2.30220460676717	0.996	0.67	1.8601362966192e-123	1	PLAUR	up
2.98907726092892e-124	2.62177038394906	0.997	0.453	4.78102907885581e-120	1	TCN1	up
1.82861402076977e-117	3.06503521631767	0.91	0.126	2.92486812622124e-113	1	CHIT1	up
2.74428702753551e-114	2.7561339718847	0.959	0.328	4.38948710054304e-110	1	CATHL1	up
1.02664648890883e-108	3.08873112420561	0.878	0.158	1.64212105900968e-104	1	SLC44A5	up
6.85144925855034e-107	2.30649088392849	0.951	0.393	1.09588930890513e-102	1	THEM5	up
1.49948804083994e-106	2.58519304288077	0.981	0.42	2.39843112132348e-102	1	MMP9	up
1.94570427934936e-104	2.48750479332762	0.95	0.346	3.11215399481931e-100	1	ITGAX	up
1.48240297989278e-103	2.28446601113891	0.951	0.462	2.3711035663385e-99	1	TNFAIP8	up
5.04421795974281e-102	3.58558613683117	0.787	0.087	8.06822662660863e-98	1	SCG2	up
7.15722489371972e-100	2.816106096398	0.903	0.252	1.14479812175047e-95	1	CAMP	up
2.36302050387152e-97	2.54141860903368	0.873	0.258	3.77965129594249e-93	1	RIPOR2	up
5.56992350982366e-95	2.69527021624363	0.894	0.199	8.90909265396295e-91	1	IL1R1	up
3.34212039986591e-91	2.02607342572767	0.954	0.51	5.34572157958552e-87	1	LCP1	up
5.64438036861129e-89	2.17279394113065	0.917	0.283	9.02818639959375e-85	1	MMP18	up
7.58794378640722e-89	2.3946796328573	0.899	0.253	1.21369160863584e-84	1	LOC138580932	up
3.00305969250824e-88	2.59430367994472	0.837	0.245	4.80339397816693e-84	1	TP53AIP1	up
7.13237593885035e-88	2.48302309471275	0.87	0.242	1.14082353141911e-83	1	MAG	up
2.27899216921503e-86	2.97678910832564	0.795	0.167	3.64524797465944e-82	1	ANO10	up
2.53362098706756e-86	2.81074696756921	0.825	0.218	4.05252676881456e-82	1	NADK	up
1.29704785637756e-84	2.83665761404102	0.73	0.147	2.07462804627591e-80	1	LTB4R	up
3.44051526581405e-83	2.41798334752283	0.89	0.368	5.50310416766957e-79	1	FBP1	up
5.76179811988101e-82	2.24281885962612	0.874	0.336	9.21599609274968e-78	1	TLR5	up
3.60415238757152e-81	1.78712433945475	0.981	0.621	5.76484174392065e-77	1	ODC1	up
1.49756054420699e-80	2.3476736516114	0.816	0.274	2.39534809045909e-76	1	TPRG1	up
5.25412317167123e-80	1.68213409709654	0.961	0.583	8.40397001308814e-76	1	GSTM4	up
1.00893053998129e-79	1.73309253322014	0.946	0.527	1.61378439870008e-75	1	TNFRSF1B	up
4.31196931744526e-79	2.32984482484864	0.828	0.31	6.89699492325369e-75	1	DGKZ	up
6.36295373429923e-79	2.43997698547763	0.845	0.274	1.01775444980116e-74	1	FAR2	up
1.74569902993328e-78	2.28167763703089	0.846	0.315	2.79224559837828e-74	1	NCF2	up
1.83730122862668e-78	2.03901390068927	0.88	0.401	2.93876331518838e-74	1	NCK1	up
4.29472893122065e-78	3.14681598223419	0.753	0.158	6.86941892548743e-74	1	OVCH1	up
8.81271949329841e-78	2.87738916369734	0.723	0.17	1.40959448295308e-73	1	IL1R2	up
4.77260923006608e-75	3.20079005465984	0.709	0.109	7.6337884634907e-71	1	MSRB1	up
4.80793055880249e-75	2.23233857217264	0.843	0.33	7.69028492880458e-71	1	GPI	up
5.29828084256694e-75	1.97067277882744	0.883	0.343	8.47460020768582e-71	1	TNIP1	up
1.07210414864441e-73	1.92325024118527	0.825	0.339	1.71483058575673e-69	1	C13H1orf162	up
1.21769583763469e-73	2.84490500400288	0.763	0.156	1.94770449229668e-69	1	FGL2	up
3.66537538516156e-73	2.30447906027887	0.827	0.275	5.86276792856591e-69	1	CORO1A	up
6.63837058605786e-73	2.19951153929496	0.816	0.277	1.06180737523996e-68	1	CXCR2	up
1.88927469232237e-72	2.37187675606896	0.811	0.279	3.02189487036963e-68	1	DENND4A	up
4.03773828717616e-71	2.8020049074779	0.708	0.141	6.45836239033826e-67	1	SLC2A3	up
5.57789302575063e-68	2.27838212080892	0.778	0.262	8.92183989468813e-64	1	CEACAM5	up
3.48751854705764e-66	1.50027608299877	0.956	0.744	5.57828591601869e-62	1	SRI	up
6.02505328064863e-66	2.42267243090064	0.714	0.168	9.63707272239749e-62	1	PFKFB4	up
2.31630643161074e-64	3.3412886272658	0.53	0.062	3.70493213736137e-60	1	GFRA1	up
6.14197263435193e-64	2.01354471764767	0.817	0.329	9.8240852286459e-60	1	ALOX5AP	up
6.94273701606389e-64	2.08615664874459	0.768	0.274	1.11049078571942e-59	1	SORL1	up
5.18805495905642e-63	3.61580982874742	0.571	0.062	8.29829390701075e-59	1	MMP25	up
2.95473005564425e-61	1.46271062446126	0.902	0.488	4.72609072400298e-57	1	TCHH	up
5.39108637119056e-60	1.68344232784032	0.755	0.287	8.6230426507193e-56	1	JAK2	up
1.69566879347646e-59	1.41610338230922	0.899	0.534	2.71222223516559e-55	1	VSIR	up
4.06587007591599e-59	1.76858063928552	0.861	0.469	6.50335918642763e-55	1	TALDO1	up
8.50437099056753e-59	2.05652448522493	0.715	0.23	1.36027413994128e-54	1	ARHGEF18	up
3.00820269442836e-58	1.76771984505742	0.822	0.399	4.81162020973816e-54	1	MVP	up
4.75385165269794e-58	1.77930450376367	0.829	0.395	7.60378571849035e-54	1	DIAPH2	up
7.93352663173716e-58	2.82003535857779	0.594	0.11	1.26896758474636e-53	1	BCAS4	up
2.40916433835166e-57	2.51200985770917	0.558	0.101	3.85345835919348e-53	1	PPP1R3C	up
6.82130617088267e-57	1.66775654860545	0.811	0.274	1.09106792203268e-52	1	SFTPD	up
2.49062840880508e-56	1.8739373739409	0.782	0.324	3.98376013988373e-52	1	PRKCD	up
8.88660405889409e-56	2.16259722598426	0.723	0.223	1.42141231922011e-51	1	HVCN1	up
1.03101543792546e-55	1.77719207292301	0.699	0.276	1.64910919296177e-51	1	ANKRD44	up
1.55517250105267e-55	2.23210242150307	0.711	0.207	2.48749841543374e-51	1	SPN	up
2.42089089934077e-55	1.0347786909427	0.973	0.753	3.87221499349556e-51	1	BASP1	up
3.79013512255688e-55	1.69955733357498	0.809	0.374	6.06232112852973e-51	1	CCDC88B	up
5.78527267090679e-55	2.78807490967622	0.546	0.089	9.25354363711541e-51	1	PRLR	up
2.00803230192127e-54	2.15317484542177	0.679	0.203	3.21184766692306e-50	1	MXI1	up
4.65451301431258e-53	2.22840086899896	0.63	0.176	7.44489356639298e-49	1	LOC138521844	up
6.59471809344123e-53	1.99198202425853	0.673	0.245	1.05482515904593e-48	1	SSH2	up
7.45152713607269e-53	2.08587911756878	0.693	0.225	1.19187176541483e-48	1	ALOX5	up
3.36433773615673e-52	2.73404785239802	0.58	0.126	5.38125820898269e-48	1	IL5RA	up
4.44448659849826e-52	2.01692051573268	0.691	0.207	7.10895631429796e-48	1	ANTXR2	up
7.06598532787212e-52	2.08705552138944	0.636	0.181	1.13020435319315e-47	1	LPO	up
8.17324741750375e-52	1.89510328677109	0.8	0.339	1.30731092442972e-47	1	TREX2	up
2.49025802618233e-51	1.53498160056057	0.87	0.517	3.98316771287864e-47	1	LOC138503155	up
4.26091385315878e-51	2.40487086229449	0.68	0.191	6.81533170812747e-47	1	ZNF831	up
1.5827428645653e-50	1.92798170098796	0.675	0.205	2.53159721187221e-46	1	NCF1	up
1.90854747749757e-50	2.96619925289421	0.573	0.101	3.05272169025736e-46	1	PITPNM1	up
2.96159167449526e-50	1.92498441841217	0.688	0.26	4.73706588335516e-46	1	PDE2A	up
3.14142852238243e-50	2.28572212194376	0.661	0.166	5.02471492155069e-46	1	LMNB1	up
4.2293399117759e-50	1.64531973497282	0.779	0.376	6.76482918888555e-46	1	CYTH1	up
1.14937890106898e-49	3.55821385157666	0.47	0.043	1.83843155225984e-45	1	SH3TC2	up
1.1719270998415e-49	2.23253325256424	0.661	0.208	1.87449739619647e-45	1	CSF2RB	up
5.79343406557896e-49	2.05165237664419	0.741	0.261	9.26659778789355e-45	1	MS4A15	up
2.28830988270455e-48	1.94480597499998	0.723	0.294	3.66015165738593e-44	1	ATP11B	up
3.03959344032235e-48	3.16934221946397	0.515	0.08	4.8618297077956e-44	1	RPS6KA5	up
9.24703425496756e-48	1.28964176214629	0.901	0.629	1.47906312908206e-43	1	ACTR2	up
4.79593250915381e-47	2.07786513488963	0.666	0.224	7.67109404839152e-43	1	USP2	up
7.2817443469189e-47	1.94880568639247	0.686	0.246	1.16471500828968e-42	1	FMNL1	up
1.20588929855799e-46	1.79177965970539	0.696	0.285	1.92881993304351e-42	1	ARHGAP26	up
3.28080596356767e-46	1.19265847443366	0.865	0.526	5.24764913872648e-42	1	PTPRC	up
3.97167545970876e-46	4.0131414315432	0.38	0.023	6.35269489780416e-42	1	CEBPE	up
7.05176674648998e-46	2.64790006543245	0.591	0.139	1.12793009110107e-41	1	MPO	up
1.15052570926544e-45	1.66749029161619	0.656	0.249	1.84026587197007e-41	1	ADGRE1	up
2.51331627933934e-45	1.04422586993325	0.956	0.645	4.02004938880327e-41	1	CD209	up
3.64358154425367e-45	3.19038924996445	0.45	0.055	5.82790868003375e-41	1	TNIK	up
1.10373915211421e-33	-3.67676112746661	0.059	0.333	1.76543077380668e-29	2	CHIT1	down
3.4572566967126e-28	-3.17405271075314	0.201	0.445	5.5298820863918e-24	2	BTN1A1	down
1.11799080292948e-25	-4.11152259619099	0.031	0.271	1.7882262892857e-21	2	SCG2	down
1.71473493640173e-23	-2.53540115421014	0.143	0.382	2.74271853077457e-19	2	IL1R1	down
2.85699666288214e-23	-1.59115240905832	0.455	0.193	4.56976616227999e-19	2	CTSS	down
3.0863367077668e-23	-2.82358268991463	0.125	0.326	4.936595564073e-19	2	RasGEF	down
2.58695449932234e-22	-2.77948355997723	0.061	0.266	4.13783372166609e-18	2	MSRB1	down
4.05510616261632e-17	-1.63482487389158	0.234	0.455	6.48614230710481e-13	2	FAM107B	down
8.78272180734108e-17	-2.44998858795863	0.208	0.421	1.40479635308421e-12	2	LOC138580932	down
2.28365950380123e-94	1.62663170898025	0.995	0.774	3.65271337633007e-90	2	LYZ	up
5.70983987162048e-64	1.58885799551824	0.888	0.332	9.13288887465696e-60	2	CSF1R	up
3.06145417469925e-47	1.89431518139146	0.586	0.187	4.89679595243145e-43	2	CFP	up
4.59547286244212e-47	1.0207651579221	0.83	0.372	7.35045884347617e-43	2	PLBD1	up
1.8490628205303e-44	1.95464695509611	0.607	0.207	2.95757598143822e-40	2	CD5L	up
4.23495698180909e-41	2.19718919519746	0.529	0.122	6.77381369240364e-37	2	CCR5	up
2.03780641485234e-37	1.14153416949294	0.782	0.343	3.25947136055631e-33	2	C1QB	up
3.41809687150664e-37	1.02365931846237	0.757	0.341	5.46724594597487e-33	2	CLEC	up
1.80464584702671e-36	1.07091102402353	0.896	0.524	2.88653103231922e-32	2	LGALS3BP	up
9.54301715586076e-35	2.65279517022048	0.474	0.142	1.52640559407993e-30	2	LECT2	up
8.71287022472192e-34	1.11318523729139	0.78	0.339	1.39362359244427e-29	2	C1QC	up
1.5664128046524e-30	1.02114159802205	0.787	0.427	2.50547728104151e-26	2	AIF1	up
6.70859176083716e-28	1.44536061607407	0.524	0.192	1.0730392521459e-23	2	GRAP	up
1.30919198584397e-27	1.02200177506041	0.798	0.493	2.09405258135742e-23	2	RNASET2	up
2.2913502966916e-26	1.71403854716566	0.583	0.267	3.66501479955821e-22	2	LOC138583015	up
5.08604154269751e-24	1.10556970695633	0.618	0.28	8.13512344754467e-20	2	SPRED1	up
5.78865931146069e-24	1.58256597275168	0.443	0.154	9.25896056868137e-20	2	SH2B2	up
1.29345561029191e-23	1.31314766506107	0.56	0.239	2.0688822486619e-19	2	F13A1	up
6.26292702631069e-23	1.64770195704386	0.365	0.116	1.00175517785839e-18	2	ITGB7	up
1.9595891548454e-22	1.72799030539828	0.512	0.231	3.13436285317522e-18	2	ACY3	up
1.1669425627885e-21	1.82412852442813	0.336	0.101	1.8665246291802e-17	2	CCR4	up
1.93351696237126e-21	1.35076565134596	0.536	0.238	3.09266038131282e-17	2	GPR17	up
2.90695145225044e-21	1.05613026502824	0.572	0.266	4.64966884787458e-17	2	ANPEP	up
5.61572949196948e-21	1.4825172590306	0.474	0.166	8.98235932240518e-17	2	LOC138531671	up
9.29097974671326e-21	1.47365448809746	0.393	0.142	1.48609221048679e-16	2	SLCO4A1	up
2.18436832819305e-18	1.0653803774275	0.547	0.282	3.49389714094479e-14	2	TASL	up
5.3489040767478e-18	1.065083396791	0.52	0.247	8.5555720707581e-14	2	MAFB	up
3.25629205388293e-16	1.70722706561845	0.348	0.12	5.20843914018575e-12	2	CST7	up
2.6156108475108e-15	1.29071832156758	0.379	0.164	4.18366955059353e-11	2	TTYH3	up
3.36456756520092e-15	1.00023185748101	0.4	0.199	5.38162582053887e-11	2	EFHD1	up
5.46497702252996e-15	1.58301214409926	0.319	0.111	8.74123074753667e-11	2	LY86	up
6.25435887490401e-15	1.50852752835781	0.314	0.106	1.0003847020409e-10	2	TLR2	up
2.39270639562432e-14	1.19089433250997	0.508	0.243	3.8271338798011e-10	2	IL6R	up
1.63350374074277e-13	1.03892988190907	0.414	0.199	2.61278923331806e-09	2	RNPEP	up
2.879467425692e-12	1.09117455653384	0.448	0.206	4.60570814739436e-08	2	LOC138487902	up
3.54763001992429e-08	1.08292367733698	0.384	0.183	0.00056744342168689	2	SCIN	up
5.20747622984827e-39	-3.78506750759898	0.128	0.467	8.32935822964231e-35	3	MMP18	down
3.27696469487828e-34	-4.28034607885933	0.059	0.395	5.24150502945781e-30	3	IL1R1	down
6.91023405256869e-34	-3.16002394421323	0.281	0.583	1.10529193670836e-29	3	MMP9	down
2.85713695644892e-33	-5.08968490248868	0.034	0.341	4.56999056184005e-29	3	RasGEF	down
6.03165547797899e-31	-5.31153414044488	0.025	0.337	9.64763293702739e-27	3	CHIT1	down
1.56038296883263e-30	-5.65481518276355	0.014	0.272	2.49583255864779e-26	3	SCG2	down
3.75159669171623e-30	-2.26156989482667	0.181	0.464	6.00067890840011e-26	3	FAM107B	down
2.2895562390661e-29	-1.73507610880665	0.517	0.728	3.66214520438623e-25	3	ODC1	down
4.52877851134067e-29	-3.71118735904758	0.067	0.351	7.24378122888941e-25	3	SLC44A5	down
6.36846950846682e-28	-2.24816789960731	0.208	0.511	1.01863669787927e-23	3	SLC2A1	down
1.03510156601348e-27	-3.60896352013918	0.049	0.294	1.65564495483857e-23	3	UPP1	down
3.12434602978068e-27	-3.77890234977128	0.058	0.323	4.9973914746342e-23	3	FGL2	down
1.89539391231148e-26	-1.1481790469739	0.488	0.706	3.03168256274222e-22	3	NCL	down
2.07876476784259e-26	-2.577220655315	0.152	0.428	3.32498424616423e-22	3	RIPOR2	down
2.22155091715949e-25	-3.09988844197518	0.081	0.337	3.5533706919966e-21	3	ANO10	down
5.77238594769515e-25	-3.07631767875085	0.07	0.305	9.2329313233384e-21	3	LMNB1	down
7.06400956563484e-25	-5.02672302309095	0.01	0.216	1.12988833002329e-20	3	PRLR	down
2.31757999909641e-24	-2.72761838099777	0.135	0.416	3.70696920855471e-20	3	MAG	down
2.15336367881708e-23	-3.70584531655501	0.141	0.412	3.44430520426793e-19	3	ARG1	down
6.38200382648348e-23	-2.2859020297812	0.179	0.428	1.02080151204603e-18	3	DENND4A	down
1.34210444546808e-22	-3.17854227414435	0.081	0.322	2.14669606052619e-18	3	IL1R2	down
1.42848042210581e-22	-3.09461849549379	0.076	0.307	2.28485443515824e-18	3	PTGS2	down
8.68613389425942e-22	-1.84873523458216	0.288	0.539	1.38934711638679e-17	3	NCK1	down
8.99723017748991e-22	-3.7190001356568	0.048	0.297	1.43910696688951e-17	3	SLC2A3	down
6.28450570757999e-21	-2.20592593810527	0.237	0.495	1.00520668792742e-16	3	TNIP1	down
6.78308001642893e-20	-2.95328141313507	0.075	0.318	1.08495364862781e-15	3	PFKFB4	down
7.20816746994168e-20	-2.45332767515289	0.153	0.426	1.15294638681717e-15	3	JAK2	down
1.31136161623533e-19	-2.20726828254595	0.145	0.374	2.09752290516841e-15	3	MARCKSL1	down
1.6911969017297e-19	-3.1430481280874	0.052	0.267	2.70506944431665e-15	3	MSRB1	down
4.52923484571387e-19	-1.04581906317098	0.415	0.625	7.24451113571934e-15	3	AKAP8L	down
7.73746981862951e-19	-3.51585594107634	0.185	0.446	1.23760829748979e-14	3	BTN1A1	down
3.67742087016278e-18	-2.16705141884532	0.204	0.456	5.88203468182537e-14	3	DGKZ	down
1.23329221339192e-17	-1.57147618092587	0.429	0.636	1.97265089532038e-13	3	HMGN2	down
3.28315527822859e-17	-2.19004546421011	0.15	0.415	5.25140686752664e-13	3	FOSL2	down
5.13559912708679e-17	-1.56593118793588	0.249	0.491	8.21439080377533e-13	3	JUNB	down
9.48932972834275e-16	-2.25242004509461	0.161	0.377	1.51781829004842e-11	3	NADK	down
1.01241890656442e-15	-2.04039475453685	0.137	0.339	1.61936404104979e-11	3	ANTXR2	down
2.80400758468488e-14	-1.9023880446676	0.208	0.426	4.48501013170346e-10	3	FAR2	down
3.12679782013588e-14	-2.53021621751871	0.089	0.301	5.00131311330733e-10	3	LTB4R	down
3.2485810350663e-14	-2.14900213265233	0.122	0.323	5.19610536558855e-10	3	ZNF831	down
1.31881091152877e-13	-2.32950602193959	0.214	0.418	2.10943805299027e-09	3	CAMP	down
1.50579062015975e-13	-1.8258962473403	0.228	0.454	2.40851209694552e-09	3	PLAU	down
1.7656829733425e-13	-1.59779055890072	0.3	0.519	2.82420991586132e-09	3	DIAPH2	down
2.09370175307874e-13	-2.04365352737566	0.145	0.368	3.34887595404944e-09	3	SSH2	down
1.66162298229476e-12	-1.36395343995046	0.231	0.44	2.65776596018047e-08	3	ARHGAP31	down
5.28652089429833e-12	-1.75677947128061	0.184	0.404	8.45579017043018e-08	3	ARHGAP26	down
2.12604332565128e-11	-1.66315581337362	0.21	0.414	3.40060629937922e-07	3	ATP11B	down
4.99293089125404e-11	-1.8731365791045	0.161	0.366	7.98619296056084e-07	3	AGAP2	down
1.01659567336843e-10	-1.75646523850464	0.167	0.375	1.6260447795528e-06	3	RARA	down
1.43100032745661e-10	-1.33364727427306	0.29	0.494	2.28888502376685e-06	3	MARK2	down
2.62674410611846e-10	-1.9680530180543	0.422	0.2	4.20147719773647e-06	3	CTSS	down
4.9309712407574e-10	-1.5570891345666	0.166	0.371	7.88708849959147e-06	3	RPS6KA3	down
2.32019317528092e-123	2.10504701339294	1	0.704	3.71114898386183e-119	3	LGALS1	up
6.56609232781708e-106	2.016757808206	0.975	0.405	1.05024646783434e-101	3	SELENOP	up
7.2490467019067e-93	1.4319385975656	1	0.694	1.15948501996998e-88	3	CTSB	up
7.30804191541385e-90	2.17944095507176	0.913	0.359	1.16892130437045e-85	3	PLBD1	up
1.09892858105642e-89	1.87651214743176	0.903	0.331	1.75773626539975e-85	3	UCP2	up
1.81791763952115e-88	1.6729450649885	0.947	0.345	2.90775926441408e-84	3	APOE	up
5.8762814663158e-80	2.0834471732881	0.88	0.321	9.39911220537212e-76	3	CLEC	up
4.17766306940311e-75	1.29181730438194	0.999	0.775	6.68217207951027e-71	3	LYZ	up
5.71712644429543e-72	1.13663766869187	0.999	0.692	9.14454374765054e-68	3	PSAP	up
3.74030740607858e-70	1.55398785572996	0.908	0.456	5.98262169602269e-66	3	CD300LF	up
1.74197112400943e-69	1.19623380023776	0.975	0.604	2.78628281285308e-65	3	CTSC	up
6.22315230533332e-67	2.71671043703195	0.75	0.22	9.95393211238064e-63	3	FABP2	up
7.68832099696267e-66	1.76378740985663	0.831	0.277	1.22974694346418e-61	3	MARCO	up
4.94685307178695e-65	1.29743205046237	0.978	0.632	7.91249148832322e-61	3	ANXA2	up
6.20750694322515e-65	1.28994602452201	0.958	0.485	9.92890735568862e-61	3	CTSZ	up
5.45630512598519e-64	2.13814624006689	0.646	0.168	8.72736004901331e-60	3	TREM2	up
3.65850923812427e-62	1.42384333422693	0.861	0.392	5.85178552637977e-58	3	BRI3	up
1.00957315804298e-60	1.71127349416782	0.809	0.311	1.61481226628975e-56	3	CNDP2	up
1.32000183900953e-58	1.24415126286069	0.868	0.325	2.11134294149574e-54	3	C1QC	up
2.93606403161386e-58	1.35723930462979	0.871	0.366	4.69623441856637e-54	3	ACP5	up
3.5876008606918e-57	1.27827980445894	0.976	0.705	5.73836757667653e-53	3	LGALS9	up
1.38042065586992e-55	1.69896350563745	0.725	0.226	2.20798283906394e-51	3	GPNMB	up
2.86373481301107e-54	1.10869981741712	0.971	0.467	4.58054383341121e-50	3	LGMN	up
2.20643875377399e-52	1.56531507668227	0.829	0.421	3.5291987866615e-48	3	C2PH19orf33	up
6.99384695061789e-52	1.14237719601701	0.908	0.446	1.11866581975133e-47	3	SPACA4	up
3.62190184066009e-50	1.72006907279828	0.67	0.241	5.79323199413581e-46	3	MPP1	up
1.18141535044499e-49	1.62301276403163	0.757	0.257	1.88967385303676e-45	3	LRP1	up
2.72667621682644e-49	1.03682204281715	0.865	0.331	4.3613186088139e-45	3	C1QB	up
7.76311574531469e-48	2.3529837795679	0.635	0.257	1.24171036346308e-43	3	HMOX1	up
3.77628526049151e-46	1.28091054498337	0.821	0.308	6.04016827415618e-42	3	SLC7A8	up
3.95232120532346e-46	1.02843471107068	0.941	0.673	6.32173776791487e-42	3	GNG5	up
6.67743171650853e-46	1.17129081611696	0.801	0.343	1.06805520305554e-41	3	SLC43A2	up
1.20745846838031e-45	1.12516450842993	0.84	0.395	1.9313298201743e-41	3	VAT1	up
3.45602508573211e-44	1.09354037628584	0.838	0.442	5.52791212462851e-40	3	MARCKS	up
9.54560483198338e-43	2.24372214152249	0.48	0.11	1.52681949287574e-38	3	PEPE	up
4.13883364315193e-42	1.45687313601441	0.713	0.294	6.62006441222152e-38	3	MGARP	up
5.07468692788081e-41	1.16258401801357	0.701	0.285	8.11696174114536e-37	3	PRCP	up
1.06632510447271e-39	1.11876802740873	0.814	0.424	1.7055870046041e-35	3	AIF1	up
1.08308041502964e-39	1.13919395475706	0.798	0.339	1.73238712383991e-35	3	DNASE2	up
4.44212893779466e-36	1.12519116121172	0.718	0.331	7.10518523600255e-32	3	CTSD	up
2.73636463013379e-35	1.34838351258269	0.592	0.25	4.376815225899e-31	3	GNPDA1	up
4.4340699892027e-34	2.73656199491753	0.412	0.09	7.09229494772971e-30	3	LOC138528541	up
3.9245353822823e-32	1.19195659562288	0.871	0.606	6.27729434396054e-28	3	PRDX1	up
5.37003285024029e-32	1.0200457650865	0.558	0.224	8.58936754395935e-28	3	ACY3	up
3.50898806506612e-31	1.04033713805206	0.633	0.303	5.61262641007326e-27	3	CTSA	up
3.53480115586201e-30	3.01075971757391	0.547	0.252	5.65391444880129e-26	3	GSTP1	up
9.05470054821007e-30	1.10701964204471	0.807	0.535	1.4482993526862e-25	3	GLRX	up
1.40305209964057e-28	1.45799402899858	0.507	0.166	2.24418183337509e-24	3	EOMES	up
3.05962963704528e-28	1.02673667491426	0.57	0.292	4.89387760445392e-24	3	TMEM106B	up
1.68205045680869e-27	1.02719907120461	0.685	0.349	2.6904397056655e-23	3	SLC3A2	up
2.28171525840684e-27	3.9439347452756	0.3	0.034	3.64960355582174e-23	3	FABP1	up
3.14511315496001e-26	1.29312543454571	0.43	0.143	5.03060849135853e-22	3	TMEM86A	up
4.38323346608938e-26	1.24112714003087	0.581	0.281	7.01098192900997e-22	3	AKR1A1	up
8.3362788996441e-26	1.60277777733831	0.438	0.142	1.33338780999807e-21	3	HSD17B14	up
8.00899990673788e-25	1.19809078380859	0.576	0.262	1.28103953508272e-20	3	GNS	up
2.37267463300275e-24	1.80689392038816	0.29	0.075	3.7950930754879e-20	3	LOC138513591	up
3.74858998273349e-24	1.03538599959907	0.656	0.305	5.99586967738222e-20	3	ABCA1	up
3.43376939016091e-23	1.25342992059581	0.491	0.196	5.49231413956237e-19	3	SLC11A1	up
4.45581245811398e-23	1.2116751834516	0.48	0.174	7.12707202675332e-19	3	FSHR	up
1.0109454270387e-22	1.14658241862178	0.42	0.168	1.6170072105484e-18	3	MERTK	up
1.52043920245908e-22	1.30502640091943	0.503	0.231	2.43194250433331e-18	3	ALDH5A1	up
5.8722689109846e-22	1.52698059371532	0.297	0.093	9.39269412311986e-18	3	HPGD	up
6.00773163891439e-21	1.00904921761303	0.405	0.18	9.60936675644357e-17	3	LOC138531671	up
6.52976456973438e-21	1.09416340424616	0.544	0.253	1.04443584292901e-16	3	ATP6V0D2	up
1.52778736883649e-20	1.33151016429728	0.35	0.139	2.44369589645396e-16	3	SPR	up
1.58072458486772e-20	1.06927580905477	0.511	0.249	2.52836897349591e-16	3	UAP1L1	up
3.61914270344141e-20	3.10568965607813	0.332	0.125	5.78881875415454e-16	3	FTL	up
3.32857766633592e-19	1.38017173149139	0.498	0.183	5.3240599773043e-15	3	EFHD1	up
4.38938295541151e-19	1.19719646191306	0.402	0.168	7.02081803718071e-15	3	NPL	up
4.69861452837483e-19	1.20576352978483	0.502	0.241	7.51543393813554e-15	3	LAMTOR5	up
5.42150916495014e-19	1.12672848536925	0.505	0.214	8.67170390933775e-15	3	AQP3	up
2.61910120514079e-18	1.0543274811604	0.456	0.196	4.18925237762269e-14	3	IFI30	up
2.6656278320874e-18	1.34683364987621	0.363	0.144	4.26367171742379e-14	3	MOSPD2	up
4.99756628664247e-18	1.00850800472364	0.383	0.157	7.99360727548463e-14	3	CTSG	up
6.80328706026693e-18	1.1950523198259	0.437	0.172	1.0881857652897e-13	3	STOML3	up
7.30133668914939e-18	1.86413130117992	0.333	0.105	1.16784880342944e-13	3	SLC48A1	up
1.48939177588033e-17	1.11781881141355	0.365	0.163	2.38228214552058e-13	3	GLA	up
4.66230637290102e-17	1.19600729561294	0.337	0.135	7.45735904345519e-13	3	C3AR1	up
4.6961120657034e-16	1.0644822198452	0.469	0.217	7.51143124909258e-12	3	SLC7A7	up
1.49687354804043e-15	1.37205596661784	0.358	0.14	2.39424924009067e-11	3	BBLN	up
8.84929708826731e-14	1.43706750065093	0.318	0.116	1.41544506926836e-09	3	SRAP	up
2.22119228703154e-13	1.40812634889851	0.317	0.113	3.55279706310695e-09	3	RENBP	up
3.59288462429493e-11	1.1143520529452	0.432	0.197	5.74681895655974e-07	3	RNPEP	up
9.68226163088945e-10	1.19198985158113	0.378	0.161	1.54867774786077e-05	3	NAGA	up
1.04827937716455e-34	-4.4671401532404	0.03	0.321	1.6767228637747e-30	4	CHIT1	down
1.05040332448061e-33	-3.92094075113117	0.117	0.402	1.68012011750674e-29	4	ARG1	down
2.57650908376092e-32	-4.60583671336783	0.04	0.325	4.12112627947559e-28	4	RasGEF	down
1.42171668287605e-30	-1.62674330164676	0.391	0.663	2.27403583426024e-26	4	GSTM1	down
9.46844445449374e-29	-3.29434917985875	0.075	0.308	1.51447769049627e-24	4	FGL2	down
1.42230759118297e-24	-2.19457590736043	0.451	0.687	2.27498099209716e-20	4	GSTM4	down
2.54062803401841e-24	-2.91922321752083	0.139	0.417	4.06373454041244e-20	4	CAMP	down
3.06219583301805e-24	-3.02227440776087	0.121	0.371	4.89798223491237e-20	4	IL1R1	down
4.13237015285518e-23	-4.60634821666724	0.022	0.259	6.60972605949187e-19	4	SCG2	down
1.00640982810202e-21	-3.67373961631052	0.173	0.435	1.60975252004918e-17	4	BTN1A1	down
3.59188785113207e-20	-2.00720401638106	0.192	0.41	5.74522461788574e-16	4	RIPOR2	down
6.46231665369823e-20	-2.83619259770984	0.096	0.334	1.03364754875903e-15	4	SLC44A5	down
1.33071720935423e-19	-2.44893936635184	0.11	0.321	2.12848217636208e-15	4	ANO10	down
7.10081219240652e-18	-2.96303502742587	0.085	0.306	1.13577491017542e-13	4	OVCH1	down
2.00085659166088e-17	-2.71361638789286	0.194	0.442	3.20037011836158e-13	4	MMP18	down
2.75703019440256e-15	-1.8895557120767	0.138	0.358	4.4098697959469e-11	4	TPM2	down
3.04744956754268e-14	-2.36126476172501	0.172	0.398	4.87439558328452e-10	4	MAG	down
9.11266879959735e-14	-2.94734258851151	0.055	0.256	1.4575713744956e-09	4	MSRB1	down
6.50115739779896e-127	2.77449432638807	0.999	0.791	1.03986012577794e-122	4	CTSL	up
1.13430425835892e-98	1.83862564121775	1	0.709	1.8143196612451e-94	4	CTSB	up
3.21132942996612e-95	1.9276758097364	0.988	0.49	5.13652142323081e-91	4	LGMN	up
1.08176658818542e-93	1.51218098739165	0.996	0.708	1.73028565780257e-89	4	PSAP	up
2.7524050281142e-91	1.82072694687567	0.978	0.506	4.40247184246866e-87	4	CTSZ	up
1.96027029694009e-88	1.72635971697336	0.991	0.62	3.13545233995567e-84	4	CTSC	up
2.06130536915744e-84	2.37615754296788	0.96	0.373	3.29705793796732e-80	4	APOE	up
2.05168844060907e-82	2.15551892287114	0.928	0.346	3.2816756607542e-78	4	DNASE2	up
9.51549911743047e-79	1.84170406374637	0.964	0.435	1.522004083833e-74	4	SELENOP	up
4.17581481195856e-78	2.08992177239695	0.91	0.322	6.67921579172772e-74	4	SLC7A8	up
7.12936555992996e-78	1.60105702431495	0.954	0.562	1.1403420213108e-73	4	CMKLR1	up
6.25552881032365e-76	1.83464081203696	0.918	0.385	1.00057183321127e-71	4	ACP5	up
4.31946459394919e-73	1.95251847654311	0.912	0.352	6.90898361802172e-69	4	SLC43A2	up
1.73705205552741e-67	1.40624083336822	0.939	0.524	2.7784147628161e-63	4	ATP6V1B2	up
9.27976444766648e-67	1.61232788839419	0.914	0.452	1.48429832340425e-62	4	PRSS16	up
1.45220517284239e-65	1.65533985479437	0.918	0.476	2.3228021739614e-61	4	ASAH1	up
3.16840666898293e-65	1.82765029224516	0.924	0.35	5.06786646703819e-61	4	C1QB	up
1.05733805479505e-64	1.76937379236079	0.869	0.3	1.69121221864469e-60	4	MARCO	up
8.87466485242732e-62	2.28027587407034	0.786	0.244	1.41950264314575e-57	4	GPNMB	up
1.17585290953451e-61	1.85789753256573	0.821	0.291	1.88077672880044e-57	4	PRCP	up
1.25616767146984e-61	1.15579665304344	0.988	0.713	2.00924019051601e-57	4	GRN	up
2.44125966112546e-61	1.35509846097419	0.922	0.467	3.90479482797018e-57	4	SPACA4	up
8.27325351512177e-61	1.63717097251633	0.972	0.535	1.32330689974373e-56	4	LGALS3BP	up
1.86033444913637e-59	1.32021714643576	0.961	0.598	2.97560495139362e-55	4	MPEG1	up
3.73280378155287e-59	2.08130706717381	0.782	0.279	5.97061964859381e-55	4	LRP1	up
9.17204018372918e-59	1.56578629591709	0.887	0.456	1.46706782738748e-54	4	MARCKS	up
1.55737115373306e-58	1.59397516384844	0.884	0.482	2.49101516039603e-54	4	CD300LF	up
1.96397017579171e-58	1.67224117110676	0.892	0.349	3.14137029617884e-54	4	C1QC	up
1.55273442445484e-57	1.80097163977386	0.781	0.301	2.48359871191552e-53	4	CTSA	up
6.98600525858147e-53	2.07200388083453	0.712	0.242	1.11741154111011e-48	4	SLC4A11	up
4.39952287770117e-52	1.59892838388583	0.861	0.364	7.03703684288303e-48	4	UCP2	up
1.18835343468755e-51	1.81473038328522	0.691	0.255	1.90077131878274e-47	4	GNPDA1	up
2.66789978914998e-51	1.72635971697336	0.799	0.307	4.26730571274539e-47	4	EVL	up
3.02999574169864e-51	1.90904105041438	0.75	0.284	4.84647818884697e-47	4	TMEM65	up
9.0336325101864e-51	1.06200759264264	0.899	0.581	1.44492952000431e-46	4	LAMP1	up
2.43603100596823e-50	2.58375909748274	0.596	0.172	3.89643159404619e-46	4	EOMES	up
2.92807361635484e-50	1.37885626951204	0.875	0.456	4.68345374935957e-46	4	EPB41L3	up
1.19415818913467e-49	1.37483189259325	0.877	0.495	1.9100560235209e-45	4	ATP6AP2	up
9.23377619990355e-49	1.68358821625129	0.77	0.319	1.47694250317457e-44	4	GLB1	up
1.17676596099186e-48	1.558427135825	0.769	0.365	1.88223715460648e-44	4	ATP6V1H	up
7.21258921265465e-48	1.29894586221777	0.843	0.472	1.15365364456411e-43	4	ATP6V1E1	up
1.70981153860836e-47	1.11037234875585	0.965	0.666	2.73484355600406e-43	4	BPI	up
2.3737936980671e-47	1.37901844224482	0.954	0.64	3.79688302005833e-43	4	GPX1	up
2.90746460288932e-47	1.34164153919606	0.84	0.447	4.65048963232146e-43	4	CD68	up
4.53901238532547e-47	1.3418888010036	0.874	0.464	7.26015031032808e-43	4	APP	up
8.27914990029892e-47	1.39459559690427	0.853	0.415	1.32425002655281e-42	4	VAT1	up
2.47263381359921e-46	1.77666479882143	0.681	0.26	3.95497778485194e-42	4	ATP2B1	up
2.74730589615841e-46	1.7506401740373	0.723	0.25	4.39431578090538e-42	4	ABCC5	up
6.91144534306348e-46	1.58265696889952	0.713	0.321	1.105485682623e-41	4	SMOX	up
1.02772667083999e-45	1.45519193160429	0.753	0.32	1.64384881000856e-41	4	HCST	up
5.66584827281788e-45	1.03673636403707	0.974	0.722	9.0625243123722e-41	4	LGALS1	up
1.30666422230522e-44	1.34875346615262	0.926	0.631	2.0900094235772e-40	4	PLIN2	up
1.33257719714881e-44	1.39268233068976	0.849	0.416	2.13145722683952e-40	4	BRI3	up
1.36843753839422e-44	1.85025618737127	0.62	0.195	2.18881584266156e-40	4	TREM2	up
3.54938224003928e-44	2.30479283175004	0.609	0.159	5.67723689294283e-40	4	TNFRSF6B	up
4.05575536343567e-44	1.48748150613781	0.73	0.314	6.48718070381536e-40	4	ABCA1	up
1.05562515599858e-42	1.82606657949403	0.63	0.22	1.68847243701974e-38	4	GDA	up
2.04226321893742e-42	2.13822993717352	0.653	0.23	3.2666000186904e-38	4	VCAN	up
4.51769751710761e-42	1.37782804748668	0.824	0.44	7.22605717861362e-38	4	SGPP1	up
2.08379391411975e-40	2.37216857346742	0.565	0.141	3.33302836563453e-36	4	TMEM86A	up
1.05973783951075e-39	1.03085953708624	0.799	0.37	1.69505067429745e-35	4	TGFBI	up
2.12506840559993e-38	1.32983963971248	0.745	0.367	3.39904691475708e-34	4	SLC23A2	up
2.14010561571603e-38	1.64121065105033	0.656	0.245	3.42309893233779e-34	4	MAFB	up
4.55697808739166e-38	1.89571094830116	0.66	0.271	7.28888645078295e-34	4	MMP3	up
1.85256685400357e-37	1.49678322962684	0.655	0.279	2.96318068297871e-33	4	SOAT1	up
5.32922767890755e-37	1.45350588290131	0.703	0.317	8.52409967241262e-33	4	RBM47	up
1.54684018818927e-36	2.2332689707054	0.683	0.27	2.47417088100874e-32	4	HMOX1	up
4.98453781187485e-36	2.17350269459147	0.532	0.143	7.97276823009382e-32	4	SLC35F6	up
1.13875140310342e-35	1.76182439762817	0.584	0.21	1.82143286926392e-31	4	TPP1	up
1.18414123924914e-35	1.47184309258128	0.605	0.25	1.894033912179e-31	4	UAP1L1	up
1.58871742147597e-35	2.250708812292	0.487	0.122	2.54115351565082e-31	4	SNX22	up
1.24108531047692e-34	1.82118326317496	0.601	0.217	1.98511595410783e-30	4	AQP3	up
1.72878157893841e-34	2.66219029854321	0.369	0.075	2.76518613551198e-30	4	ASTL	up
1.77205461654812e-34	2.12711542828305	0.424	0.11	2.83440135916872e-30	4	SLC16A10	up
5.05963285346532e-34	1.6274165195907	0.772	0.344	8.09288274911778e-30	4	CTSD	up
5.8289562886054e-34	1.11502399250922	0.816	0.386	9.32341558362434e-30	4	TTN	up
1.38408011689126e-33	1.60293137843515	0.603	0.247	2.21383614696757e-29	4	SGK1	up
1.67207184971911e-33	1.30284047140656	0.693	0.331	2.67447892362572e-29	4	RABEP1	up
2.15017547192098e-33	1.20615693005692	0.779	0.418	3.43920566733761e-29	4	AHNAK	up
3.2176147132258e-33	1.48897496397245	0.74	0.344	5.14657473380467e-29	4	CNDP2	up
1.5079845161537e-32	1.08932456857038	0.783	0.436	2.41202123358785e-28	4	ATP6AP1	up
1.84470763464868e-32	1.35087716088503	0.729	0.36	2.95060986162057e-28	4	SLC3A2	up
1.56020358949335e-31	1.2502726144352	0.779	0.401	2.49554564139461e-27	4	RNASEK	up
1.90021995730672e-31	1.60506463490318	0.546	0.204	3.03940182171209e-27	4	SLC11A1	up
3.50829304276937e-31	1.07681459478125	0.847	0.368	5.61151472190961e-27	4	CSF1R	up
4.62040300103575e-31	1.38311900923105	0.631	0.261	7.39033460015668e-27	4	FABP2	up
7.47691677024787e-31	1.39917140161955	0.631	0.232	1.19593283740115e-26	4	ACY3	up
8.47137131475657e-31	1.31404508181251	0.651	0.348	1.35499584179531e-26	4	ATP1B1	up
1.67440719971448e-30	1.18137332441434	0.854	0.503	2.67821431594332e-26	4	RNASET2	up
2.37361804655228e-30	1.87011168907025	0.481	0.156	3.79660206546037e-26	4	CTSG	up
2.67389486722463e-30	1.62890390719147	0.555	0.197	4.27689484012579e-26	4	IFI30	up
3.13281229111102e-30	2.01182787404449	0.505	0.17	5.01093325963207e-26	4	FAXDC2	up
3.56720620139727e-30	1.79298444886083	0.483	0.162	5.70574631913493e-26	4	ITGAD	up
3.68486169159399e-30	1.27141743047478	0.681	0.322	5.89393627570459e-26	4	PLD3	up
5.0597338749626e-30	2.00867595596187	0.472	0.172	8.09304433300268e-26	4	GLUL	up
6.14217425029448e-30	1.09841670060523	0.752	0.404	9.82440771334602e-26	4	MFSD1	up
7.05098699455645e-30	2.23766517596921	0.428	0.112	1.1278053697793e-25	4	PLBD2	up
1.09061046535521e-29	1.79086617250533	0.558	0.185	1.74443143933566e-25	4	SLC29A3	up
1.24376704126164e-29	1.44470963297222	0.639	0.298	1.98940538249799e-25	4	TMEM106B	up
1.32556569916209e-29	1.06333940209316	0.702	0.372	2.12024233580976e-25	4	WDFY4	up
1.10355057785628e-130	-5.76682200735921	0.176	0.878	1.76512914928112e-126	5	LYZ	down
3.7497719988138e-130	-4.80049618767934	0.174	0.893	5.99776031210268e-126	5	LOC138562538	down
7.39777142525647e-121	-5.38475298737916	0.095	0.809	1.18327353946977e-116	5	PLAUR	down
5.90635961870142e-118	-5.08863974239208	0.063	0.781	9.44722221011293e-114	5	CD209	down
4.00081567897627e-117	-5.55036626981739	0.039	0.766	6.39930467852254e-113	5	TARM1	down
8.52699764163136e-110	-6.96218239497262	0.013	0.688	1.36389327277894e-105	5	DOCK2	down
1.40455191436123e-108	-7.37608065847253	0.01	0.711	2.24658078702079e-104	5	FYB1	down
2.12104102124809e-105	-6.16808486380494	0.034	0.712	3.39260511348632e-101	5	S6C6	down
6.06178807697593e-104	-4.84071362410896	0.055	0.715	9.695830029123e-100	5	CYBA	down
4.76631007465455e-103	-7.19188333813887	0.009	0.661	7.62371296440994e-99	5	PTPRC	down
2.63579475835089e-100	-6.10651690914347	0.025	0.666	4.21595371598226e-96	5	LCP1	down
1.94112093062597e-99	-5.91663372139771	0.027	0.668	3.10482292853623e-95	5	CMKLR1	down
1.01803082172636e-96	-3.89476622955193	0.195	0.807	1.62834029935131e-92	5	LGALS9	down
4.41341423226816e-95	-3.25076667645272	0.223	0.8	7.05925606451293e-91	5	GRN	down
1.43368361386227e-93	-6.06552287823725	0.021	0.667	2.2931769403727e-89	5	LOC138503116	down
4.622556581804e-93	-2.69321093935169	0.329	0.85	7.39377925259549e-89	5	BASP1	down
1.70225476955281e-92	-6.96208688071916	0.008	0.611	2.72275650389972e-88	5	C5AR1	down
5.1330661137702e-91	-3.58683535274161	0.139	0.76	8.21033924897544e-87	5	BPI	down
1.27929955839426e-89	-4.17067208614559	0.073	0.669	2.04623964365161e-85	5	VSIR	down
7.64081325886934e-88	-5.9734856271338	0.027	0.623	1.22214808075615e-83	5	TNFAIP8	down
1.54491348833096e-87	-5.6286811266307	0.028	0.638	2.47108912458537e-83	5	WFDC5	down
1.37801651907469e-85	-7.56753500889079	0.005	0.569	2.20413742225997e-81	5	NCKAP1L	down
1.03193958912639e-83	-5.89794407477177	0.018	0.581	1.65058737280766e-79	5	CD300LF	down
1.97464258731762e-82	-7.25237727207187	0.005	0.538	3.15844081841453e-78	5	ARHGAP30	down
3.49433721497634e-81	-6.07227112050933	0.014	0.572	5.58919237535465e-77	5	APBB1IP	down
3.64207835603088e-80	-3.88115219027378	0.091	0.639	5.82550433047139e-76	5	ASGR1	down
4.53871819951585e-80	-6.06328195168727	0.014	0.581	7.25967976012561e-76	5	CYBB	down
1.85579517248249e-79	-7.04101410706202	0.007	0.544	2.96834437838574e-75	5	CD22	down
5.69931375732878e-79	-3.73576123168114	0.099	0.675	9.11605235484739e-75	5	ARAP1	down
1.38687522452051e-78	-2.89783328103671	0.204	0.758	2.21830692162056e-74	5	CD53	down
2.13461806672923e-77	-3.75712817774605	0.119	0.694	3.41432159773341e-73	5	MPEG1	down
7.61895446255477e-77	-6.31176481775951	0.01	0.542	1.21865176628564e-72	5	CD68	down
3.10341691649858e-76	-8.39509660081819	0.002	0.516	4.96391535793947e-72	5	CCDC88B	down
3.40726078097971e-76	-6.9745335703548	0.012	0.522	5.44991361917704e-72	5	ITGAX	down
4.86369683599443e-76	-4.96876670864461	0.034	0.573	7.77948308917309e-72	5	PLEKHA2	down
1.52668238267518e-75	-3.38602956869304	0.118	0.652	2.44192847108895e-71	5	STOM	down
2.05316143779107e-72	-4.76013544225759	0.12	0.633	3.28403171974681e-68	5	LGALS3BP	down
2.32521637609845e-72	-4.11694650438332	0.058	0.56	3.71918359356946e-68	5	TSPAN36	down
8.63428036777252e-72	-5.82926671344787	0.089	0.619	1.38105314482521e-67	5	TCN1	down
1.53002861653519e-70	-3.66127208135434	0.075	0.567	2.44728077214804e-66	5	TCIRG1	down
2.89558486723918e-70	-3.43187725304017	0.186	0.713	4.63148799514907e-66	5	CTSC	down
6.80239338278675e-70	-6.2454673951173	0.008	0.488	1.08804282157674e-65	5	C13H1orf162	down
3.67186753781346e-69	-6.46326810345977	0.008	0.493	5.87315212673264e-65	5	RGS1	down
1.06077083186675e-68	-3.41451833494559	0.155	0.665	1.69670294557086e-64	5	TNFRSF1B	down
1.16671517798679e-68	-5.57396611446298	0.015	0.535	1.86616092718988e-64	5	AIF1	down
1.24201475655083e-67	-6.82156609890954	0.004	0.465	1.98660260310306e-63	5	MYO1F	down
4.93695126205447e-67	-5.14713960741777	0.02	0.476	7.89665354365612e-63	5	ALOX5AP	down
8.5498723083432e-67	-6.33440681071249	0.009	0.491	1.3675520757195e-62	5	RGS10	down
1.81234485381512e-66	-2.43150493104648	0.133	0.668	2.89884559367729e-62	5	SRGN	down
1.49662293424977e-65	-6.1279513463878	0.02	0.495	2.3938483833325e-61	5	TLR5	down
4.18242235476826e-65	-6.66001647201409	0.009	0.471	6.68978455645183e-61	5	NCF2	down
9.84701271761078e-65	-5.80115650397778	0.012	0.465	1.57502968418184e-60	5	PLA2G4C	down
2.76105964924899e-64	-2.30891077845404	0.321	0.787	4.41631490897376e-60	5	ATP6V1A	down
3.96941848266397e-64	-6.94081798375304	0.007	0.465	6.34908486302102e-60	5	CSF1R	down
4.93911789549309e-64	-3.4742807703412	0.075	0.545	7.9001190738412e-60	5	CYRIB	down
2.74934677176017e-63	-3.4571011863366	0.367	0.781	4.39758016143039e-59	5	CTSB	down
3.61334319338773e-63	-2.20715815883327	0.549	0.862	5.77954243782368e-59	5	NPC2	down
3.8480709559886e-63	-3.70487169379164	0.111	0.588	6.15498949410377e-59	5	RNASET2	down
3.95289041780076e-63	-3.1581241423097	0.092	0.546	6.32264822327231e-59	5	EPB41L3	down
4.75532501185716e-63	-6.11122160213929	0.01	0.467	7.60614235646553e-59	5	ADAM	down
9.88621036540998e-63	-3.19092203742297	0.153	0.683	1.58129934794733e-58	5	PGD	down
8.38421163691719e-62	-5.71663392235841	0.044	0.506	1.3410546513249e-57	5	CATHL1	down
9.58057853680891e-61	-7.54857685118691	0.002	0.452	1.53241353696258e-56	5	WDFY4	down
2.20815250465597e-60	-6.16977682973022	0.009	0.456	3.53193993119722e-56	5	NAIP	down
2.55287948715484e-60	-1.95590264107071	0.704	0.905	4.08333073970416e-56	5	ALDOA	down
2.90063936999358e-60	-3.18470876464576	0.116	0.569	4.63957267230473e-56	5	ASAH1	down
7.67106962379413e-60	-2.27830688905027	0.453	0.811	1.22698758632587e-55	5	ATP6V0C	down
4.02624595975533e-59	-3.86098877888633	0.097	0.607	6.43998041262865e-55	5	CTSZ	down
1.09438638915909e-58	-6.3751490016603	0.035	0.48	1.75047102945996e-54	5	APOE	down
1.13616700416303e-58	-3.16114917132652	0.102	0.603	1.81729912315877e-54	5	IFITM3	down
4.8917774534304e-58	-5.75372665279458	0.011	0.453	7.82439803676193e-54	5	INPP5D	down
4.98071000708438e-58	-3.3278473391778	0.664	0.873	7.96664565633146e-54	5	CSTB	down
7.91134374694212e-58	-2.71260013247483	0.114	0.595	1.26541943232339e-53	5	GAS7	down
3.01167145137316e-57	-6.16418895832367	0.012	0.413	4.81716848647138e-53	5	MAG	down
5.24814952491496e-57	-3.26810539538122	0.092	0.505	8.39441516510148e-53	5	B3GNT5	down
1.283997331509e-56	-4.8465247564316	0.022	0.452	2.05375373174864e-52	5	MBP	down
5.03545734144335e-56	-5.83498897806227	0.01	0.413	8.05421401763863e-52	5	CARMIL3	down
5.39457557918516e-56	-5.69585949304151	0.022	0.45	8.62862363890666e-52	5	C1QC	down
5.63110654810821e-56	-5.84835672536639	0.024	0.426	9.00695492369908e-52	5	SFTPD	down
1.18605722764845e-55	-5.34100268839469	0.019	0.428	1.8970985356237e-51	5	TPRG1	down
1.65618579696006e-55	-5.85356412960811	0.012	0.432	2.64906918223761e-51	5	CORO1A	down
1.94441915032828e-55	-7.98410632607372	0.008	0.411	3.11009843095008e-51	5	ARG1	down
2.14797455109429e-55	-6.31436103046617	0.019	0.455	3.43568529447531e-51	5	C1QB	down
2.62869750558977e-55	-2.71266485217006	0.105	0.514	4.20460166019084e-51	5	ATP6AP1	down
4.45851474384376e-55	-3.42127148368238	0.127	0.552	7.1313943327781e-51	5	THEM5	down
4.7354104822723e-55	-2.95677416793642	0.261	0.707	7.57428906639455e-51	5	PLIN2	down
6.55445492060468e-55	-7.71702469570555	0.002	0.397	1.04838506455072e-50	5	CYTH4	down
9.57475006906811e-55	-2.77598921957405	0.122	0.603	1.53148127354744e-50	5	FXYD5	down
1.30582772578648e-54	-6.93820193129274	0.004	0.374	2.08867144739547e-50	5	FMNL1	down
2.88756137317946e-54	-3.10705887400045	0.085	0.512	4.61865441640055e-50	5	SKAP2	down
2.92182454374396e-54	-4.99297837031281	0.181	0.576	4.67345835771847e-50	5	MMP9	down
5.50285307684284e-54	-4.5453502939269	0.051	0.486	8.80181349641012e-50	5	ACP5	down
9.20542810731877e-54	-4.90916656644338	0.022	0.443	1.47240822576564e-49	5	KLRB1	down
6.63806819490105e-53	-2.50604894272427	0.45	0.854	1.06175900777442e-48	5	CTSL	down
1.10351778202005e-52	-3.03334178685927	0.292	0.703	1.76507669234107e-48	5	GSTM4	down
1.57799172918823e-52	-3.97560155017744	0.082	0.526	2.52399777083657e-48	5	AVD	down
4.24121857289778e-52	-5.78820286170249	0.033	0.427	6.78382910735001e-48	5	LOC138580932	down
1.27139290866247e-51	-7.06591797478659	0.004	0.401	2.03359295740562e-47	5	MARCO	down
1.31929520721744e-51	-3.00240807971649	0.134	0.606	2.1102126839443e-47	5	RHOG	down
1.57304232561573e-51	-6.43711291987154	0.047	0.487	2.51608119982236e-47	5	PLBD1	down
1.33888066227623e-151	5.8462088271826	0.894	0.059	2.14153961931083e-147	5	HSPG2	up
2.86750018923156e-145	4.62416316586246	0.912	0.085	4.58656655267588e-141	5	LTBP1	up
4.98996489547551e-145	5.94094795747386	0.889	0.062	7.98144885031308e-141	5	CAV1	up
3.80338873614933e-140	6.60617717207223	0.837	0.016	6.08352028347085e-136	5	PRX	up
2.07623492133651e-137	8.14227047243861	0.812	0.009	3.32093775667775e-133	5	PLVAP	up
2.86903050236039e-130	7.00508967885435	0.779	0.015	4.58901428852545e-126	5	SHANK3	up
1.19614625502774e-128	5.98423354058273	0.786	0.025	1.91323593491687e-124	5	LIFR	up
2.60079078924754e-127	3.66361041323186	0.92	0.199	4.15996486740143e-123	5	KRT8	up
8.33739128036672e-124	6.50605890342403	0.81	0.048	1.33356573529466e-119	5	VWF	up
1.95114846461832e-122	3.78155510120468	0.896	0.149	3.120861969157e-118	5	KRT18	up
2.93324443723498e-122	5.52329654550945	0.777	0.035	4.69172447735735e-118	5	CAVIN2	up
3.37207770652395e-117	6.30684980379367	0.747	0.016	5.39363829158506e-113	5	GNGT1	up
3.83935088426801e-114	3.08427602055829	0.917	0.232	6.14104173938668e-110	5	FSTL1	up
1.2568913491082e-112	6.82428516413149	0.714	0.012	2.01039771289857e-108	5	CD34	up
1.7936055490145e-112	6.66071127524028	0.77	0.054	2.86887207564869e-108	5	PRSS23	up
3.25550992955906e-111	5.26331776694721	0.763	0.051	5.20718813232971e-107	5	ICAM1	up
4.20684107763603e-109	7.9517748992534	0.697	0.005	6.72884230367883e-105	5	TIE1	up
3.05312826758229e-108	7.047603106137	0.709	0.011	4.88347866399787e-104	5	PECAM1	up
1.62592436354057e-107	7.72481628427742	0.687	0.006	2.60066601948315e-103	5	LOC138515939	up
1.19663467869667e-106	3.70782021902443	0.782	0.117	1.91401716857533e-102	5	PCDHGC3	up
3.00638795207584e-106	5.8382879712153	0.663	0.016	4.80871752934531e-102	5	JCAD	up
8.66546693122576e-106	4.38492618356067	0.737	0.06	1.38604143564956e-101	5	SPTBN1	up
1.08331064459179e-105	5.48378273971254	0.729	0.028	1.73275537602457e-101	5	CAVIN1	up
4.56681793207977e-103	7.9473562279864	0.645	0.005	7.30462528236159e-99	5	KDR	up
5.18607773765491e-102	6.93316578185944	0.683	0.01	8.29513134137902e-98	5	PODXL	up
6.20162001693704e-102	3.87976569463376	0.781	0.121	9.91949121709079e-98	5	PTPRM	up
2.99193684781159e-96	5.59478600746093	0.636	0.012	4.78560298807463e-92	5	LOC138472433	up
2.55233978692887e-94	3.96936904889559	0.727	0.089	4.08246748919273e-90	5	TJP1	up
1.46572025866587e-93	8.68609091500566	0.602	0.002	2.34441955373606e-89	5	EGFL7	up
2.68639576462471e-93	4.46202988776862	0.666	0.035	4.29689002551722e-89	5	NID2	up
3.39609381199602e-91	2.39214408834786	0.902	0.39	5.43205205228763e-87	5	ITGBL1	up
5.16573745025767e-91	6.29766234118527	0.603	0.016	8.26259705168714e-87	5	JAG2	up
5.38489274053702e-91	8.45220388976289	0.607	0.005	8.61313593848897e-87	5	AQP1	up
1.15983862794533e-90	7.70562181947118	0.601	0.004	1.85516188539855e-86	5	ADGRL4	up
1.43098606163223e-90	4.02417879971684	0.702	0.053	2.28886220558075e-86	5	CD2	up
6.39744085005582e-90	5.88082548928365	0.611	0.013	1.02327066396643e-85	5	ESAM	up
7.38615459765022e-90	7.38394173299817	0.619	0.017	1.18141542789415e-85	5	IGFBP1	up
1.61618971804383e-89	3.92200538527975	0.624	0.057	2.5850954540111e-85	5	NFIB	up
2.94043707523252e-89	5.51189623913455	0.652	0.029	4.70322910183442e-85	5	KIAA1217	up
1.58907333159207e-88	3.87828969612518	0.704	0.085	2.54172279388152e-84	5	ADCY4	up
1.98380616427597e-88	5.3019474236726	0.617	0.024	3.17309795975942e-84	5	EHD2	up
5.20740896394573e-87	4.83271697342086	0.644	0.061	8.3292506378312e-83	5	RAMP3	up
1.84558013065803e-86	4.14537125224599	0.684	0.073	2.95200541898752e-82	5	GASK1B	up
4.93117503946569e-83	5.49751320666145	0.551	0.021	7.88741447562537e-79	5	PLCB1	up
5.21680361427603e-83	3.66471726421309	0.684	0.088	8.34427738103451e-79	5	TCF4	up
6.63707788329229e-82	7.23605799437061	0.553	0.004	1.0616006074326e-77	5	CDH5	up
6.27624508853282e-81	7.5871062038601	0.551	0.005	1.00388540191082e-76	5	NOS3	up
2.15407791079713e-80	7.08902316587713	0.542	0.005	3.44544761832002e-76	5	LYVE1	up
5.24633389590846e-80	2.3497192076398	0.822	0.244	8.39151106650559e-76	5	PFN2	up
1.13342755505645e-77	3.05644170055896	0.701	0.138	1.81291737431279e-73	5	CRIM1	up
1.06214643723041e-76	8.33489989775144	0.515	0.002	1.69890322635003e-72	5	CD93	up
1.76202299853806e-76	6.7116260071128	0.548	0.007	2.81835578616163e-72	5	ARHGEF9	up
2.98895088523422e-76	4.97387198317514	0.549	0.024	4.78082694093214e-72	5	NPR1	up
4.8623097074365e-75	3.80692974691069	0.634	0.072	7.77726437704469e-71	5	SEMA3F	up
4.97484037785472e-75	4.3792381405804	0.584	0.032	7.95725718437863e-71	5	COL4A1	up
8.18354588280444e-75	2.48498683623249	0.77	0.209	1.30895816395457e-70	5	FSCN1	up
1.16033498771044e-73	2.05413417657687	0.846	0.366	1.85595581284285e-69	5	CALM2	up
6.1045911565566e-73	1.85682298173224	0.908	0.582	9.76429355491228e-69	5	H2AZ1	up
8.21568811697304e-73	3.91791265889547	0.635	0.09	1.31409931430984e-68	5	ENG	up
8.55339768073168e-73	2.36270157963604	0.759	0.24	1.36811595903303e-68	5	CTNNB1	up
4.02555075517132e-72	3.44365341377898	0.647	0.06	6.43886843289652e-68	5	PMP22	up
5.28549094621367e-72	6.1491570774126	0.522	0.011	8.45414276846877e-68	5	BCL6B	up
7.27536293008781e-72	7.006320722421	0.496	0.005	1.16369430066755e-67	5	CLDN11	up
1.38916391234899e-71	4.29449630407955	0.579	0.081	2.22196767780222e-67	5	LOC138567840	up
2.30427060529967e-71	7.68911860770323	0.512	0.003	3.68568083317682e-67	5	SOX18	up
1.02856060809239e-70	2.19706732962994	0.908	0.609	1.64518269264377e-66	5	CRIP1	up
3.94277026453934e-70	4.95758689958765	0.53	0.029	6.30646103813068e-66	5	TFPI2	up
4.66952904982525e-70	2.33536086252472	0.7	0.173	7.46891171519548e-66	5	COL5A2	up
6.97984662200758e-70	7.58366444088967	0.498	0.004	1.11642646719011e-65	5	MMRN1	up
2.72673778336578e-69	1.64804597369417	0.94	0.662	4.36141708449356e-65	5	HMGN1	up
2.36932760794417e-68	4.41885872436502	0.552	0.03	3.7897395089067e-64	5	COL4A2	up
5.55071235064291e-68	2.32868372293885	0.723	0.23	8.87836440485334e-64	5	IFITM1	up
5.56460231906769e-68	3.03235060987275	0.697	0.151	8.90058140934877e-64	5	ECM1	up
9.8576901297895e-67	2.90892573156218	0.663	0.157	1.57673753625983e-62	5	DOCK9	up
2.33370890138047e-66	7.57116228560459	0.466	0.003	3.73276738775806e-62	5	RASIP1	up
3.14180356228634e-66	8.45807150696138	0.456	0.002	5.025314797877e-62	5	FGD5	up
1.35274770936333e-65	4.06588525616442	0.473	0.034	2.16371996112665e-61	5	PTK2	up
3.22203269137041e-65	6.67026343170047	0.474	0.005	5.15364128984697e-61	5	PREX2	up
4.11645786403311e-65	2.46039313563796	0.733	0.257	6.58427435352096e-61	5	STMN1	up
8.07356311845188e-65	5.90240882193242	0.466	0.009	1.29136642079638e-60	5	SPNS2	up
1.56815587686222e-64	8.58058448446471	0.463	0.002	2.50826532504112e-60	5	EXOC3L2	up
3.05391096587281e-64	2.34815518095476	0.706	0.245	4.88473058991356e-60	5	RHOB	up
7.12656895297267e-64	4.39446264250146	0.527	0.033	1.13989470402798e-59	5	DLK1	up
8.80718980251186e-64	4.77200863383385	0.506	0.026	1.40871000891177e-59	5	SCHIP1	up
2.87695227619631e-63	3.79442796389056	0.56	0.059	4.601685165776e-59	5	FAM174B	up
3.71696493824142e-62	3.05142049502958	0.549	0.089	5.94528541871715e-58	5	PDLIM4	up
1.00401544513169e-61	5.85165731784308	0.459	0.011	1.60592270448814e-57	5	BDKRB2	up
1.5604629131679e-61	3.85633660799149	0.506	0.047	2.49596042961206e-57	5	CDC42BPB	up
2.34063094437769e-61	2.6638984310217	0.564	0.083	3.74383919553212e-57	5	COL5A1	up
3.34906647994605e-61	4.93034229305947	0.465	0.019	5.35683183467371e-57	5	KANK3	up
4.39265060439671e-60	5.05125986028728	0.443	0.017	7.02604464173254e-56	5	APBB2	up
1.14489539569776e-59	4.34479625141525	0.515	0.045	1.83126018541857e-55	5	ADAMTS4	up
2.784509315223e-59	8.37948326024533	0.447	0.003	4.45382264969919e-55	5	APLNR	up
1.08227230386111e-58	6.54384678802294	0.404	0.005	1.73109455002585e-54	5	TNFAIP8L1	up
1.4019942969525e-58	3.10455912069347	0.589	0.096	2.24248987797552e-54	5	TNS1	up
4.55156526058746e-58	6.06832802784644	0.408	0.006	7.28022863430964e-54	5	MYCT1	up
6.3647469819571e-58	5.77384737486715	0.43	0.012	1.01804127976404e-53	5	PDGFD	up
1.25310741768826e-57	5.3625607155218	0.438	0.015	2.00434531459238e-53	5	FBLN2	up
2.81868720015705e-57	5.655459296352	0.418	0.012	4.50849017665121e-53	5	PCDH1	up
4.52408305537815e-57	4.29136966766484	0.509	0.05	7.23627084707735e-53	5	STAB1	up
3.16621195995948e-69	-3.71572716132028	0.082	0.561	5.06435602995519e-65	6	SPACA4	down
2.65191556338218e-57	-3.7571023365981	0.067	0.503	4.24173894362979e-53	6	VAT1	down
3.88197623072548e-56	-2.46978338607929	0.336	0.72	6.20922098104541e-52	6	ANXA2	down
4.04931896676804e-55	-3.95391648447359	0.046	0.45	6.47688568734549e-51	6	C1QB	down
1.17617644074823e-52	-3.85561671526294	0.046	0.445	1.8812942169768e-48	6	C1QC	down
4.96601987425476e-52	-3.31311993456486	0.504	0.774	7.94314878887048e-48	6	LGALS1	down
4.9409205066779e-50	-4.23332923190493	0.106	0.47	7.9030023504313e-46	6	APOE	down
6.24641922223615e-50	-2.22741534846939	0.146	0.546	9.99114754596672e-46	6	APP	down
4.02944670435382e-49	-2.7762011958763	0.16	0.538	6.44510000361394e-45	6	MARCKS	down
1.26634340221862e-48	-3.03839510232175	0.066	0.456	2.02551627184868e-44	6	CSF1R	down
1.96457291436246e-46	-3.46501538706255	0.057	0.42	3.14233437652276e-42	6	SLC7A8	down
6.13978263177657e-46	-3.96621969207081	0.13	0.529	9.82058231952662e-42	6	SELENOP	down
1.69271679966821e-45	-3.09728879137531	0.08	0.451	2.7075005210693e-41	6	TGFBI	down
1.1015752905587e-43	-1.69881660163878	0.34	0.661	1.76196967724864e-39	6	ATP5MC3	down
2.83050620323748e-42	-4.35190151044134	0.116	0.477	4.52739467207835e-38	6	PLBD1	down
1.8387917270266e-39	-3.62206191689576	0.08	0.44	2.94114736737905e-35	6	CLEC	down
1.15735802649666e-37	-2.38821997158301	0.255	0.574	1.85119416338141e-33	6	LGMN	down
1.42386958881862e-37	-3.80620210804547	0.056	0.362	2.27747940731538e-33	6	LRP1	down
5.22494102984048e-37	-3.41337124714664	0.029	0.316	8.35729317722984e-33	6	F13A1	down
3.59827183189841e-35	-1.65053523852521	0.597	0.819	5.7554357951215e-31	6	S100A10	down
2.13057801554339e-34	-2.70350585067074	0.04	0.327	3.40785953586166e-30	6	PEA15	down
4.09747455912743e-34	-1.18239966245205	0.497	0.753	6.55391055732433e-30	6	COX6A1	down
5.58927971146716e-33	-3.19987042482982	0.034	0.294	8.94005289849173e-29	6	CD5L	down
1.04552509537863e-31	-2.44599020551018	0.092	0.388	1.67231739005812e-27	6	EVL	down
3.3714754628821e-31	-1.29632674462189	0.403	0.681	5.39267500287992e-27	6	SNRPG	down
9.5277139259148e-31	-3.43001063042838	0.024	0.252	1.52395784245007e-26	6	EFHD1	down
7.564045928394e-30	-2.35669381077417	0.067	0.361	1.20986914624662e-25	6	SPRED1	down
1.10634299440412e-29	-4.08525258546098	0.024	0.263	1.76959561954939e-25	6	TREM2	down
2.66126360984493e-29	-2.62048627035185	0.067	0.297	4.25669114394697e-25	6	VCAN	down
3.92678415244055e-29	-1.19101125190246	0.615	0.818	6.28089125182866e-25	6	RPL22L1	down
4.55228307414083e-29	-1.29166432785155	0.297	0.592	7.28137677708826e-25	6	LOC138580477	down
3.7222644167606e-28	-4.13734951275404	0.022	0.238	5.95376193460858e-24	6	EOMES	down
5.41932508892692e-28	-3.24837573726182	0.058	0.297	8.66821047973862e-24	6	ACY3	down
1.09003327083751e-27	-1.25059192755926	0.317	0.62	1.74350821670459e-23	6	COX5B	down
5.64351226708826e-27	-3.27468227136543	0.055	0.286	9.02679787120767e-23	6	FSCN1	down
2.10198873872906e-26	-1.30945313869344	0.181	0.485	3.36213098759712e-22	6	AHNAK	down
3.49719512877676e-26	-1.51297529714216	0.251	0.568	5.59376360847842e-22	6	CALR	down
5.28020874129503e-26	-1.11903544060137	0.414	0.677	8.44569388170139e-22	6	ATP5PF	down
5.72879907414208e-26	-2.25180077335641	0.1	0.374	9.16321411909026e-22	6	PRCP	down
6.70559784920305e-26	-2.19007530072496	0.126	0.386	1.07256037598003e-21	6	MARCO	down
1.93993945215963e-25	-3.71810562574509	0.117	0.335	3.10293315372933e-21	6	HMOX1	down
8.8688218178585e-25	-1.394468079936	0.276	0.563	1.41856804976647e-20	6	LMNA	down
9.12525746523928e-25	-3.14285686200361	0.027	0.257	1.45958493156502e-20	6	IFI30	down
1.66962485149221e-24	-2.27218516396706	0.091	0.359	2.6705649499618e-20	6	TMEM65	down
2.12672757943237e-24	-2.21472843620586	0.082	0.324	3.40170076330208e-20	6	ABCC5	down
2.23461489081779e-24	-2.39432301241192	0.192	0.441	3.57426651786306e-20	6	UCP2	down
2.4432678138143e-24	-2.17543515706588	0.109	0.384	3.90800686819597e-20	6	MGARP	down
5.41295207602883e-24	-2.12373518038827	0.105	0.323	8.65801684560812e-20	6	GPNMB	down
7.29213322990578e-24	-1.92261279845477	0.067	0.298	1.16637671012343e-19	6	ARHGAP20	down
9.61495348432881e-24	-1.27876821616931	0.365	0.638	1.53791180981839e-19	6	ATP5IF1	down
2.26377680043705e-23	-3.15134028503923	0.027	0.233	3.62091099229906e-19	6	LOC138531671	down
2.93993116445425e-23	-2.00996759751802	0.169	0.409	4.70241989754457e-19	6	CNDP2	down
3.23610233192195e-23	-2.03093541944072	0.162	0.439	5.17614567990915e-19	6	SLC43A2	down
3.51752407347009e-23	-1.11994381274762	0.527	0.752	5.62627975551541e-19	6	COX7A2	down
8.25958582503044e-23	-1.40426828475386	0.277	0.57	1.32112075271362e-18	6	ATP5F1D	down
1.3397164039702e-22	-1.42783075518697	0.245	0.52	2.14287638815034e-18	6	UQCR10	down
1.45454602042134e-22	-2.20548333285155	0.058	0.264	2.32654635966393e-18	6	GRAP	down
2.75043980179913e-22	-1.1053476114553	0.349	0.623	4.39932846297771e-18	6	DAD1	down
6.12079289627244e-22	-2.07189347252097	0.085	0.292	9.79020823758776e-18	6	ALDH5A1	down
6.3310686396871e-22	-1.38782161719223	0.335	0.619	1.01265442891795e-17	6	TUBA1C	down
6.94762520572268e-22	-1.0882430657557	0.336	0.562	1.11127265165534e-17	6	FTH1	down
4.6597469577304e-21	-2.28571200744451	0.055	0.259	7.45326525888977e-17	6	CD99	down
4.86345303180217e-21	-1.7850219812938	0.095	0.324	7.77909312436758e-17	6	MITF	down
8.14422467859913e-21	-2.79524305017323	0.032	0.24	1.30266873734193e-16	6	FSHR	down
6.46544630528568e-20	-1.77478491807806	0.206	0.43	1.03414813653044e-15	6	DNASE2	down
1.62743627456116e-19	-3.01634907370631	0.023	0.225	2.60308432116058e-15	6	MERTK	down
1.71110002061016e-19	-2.03673215465899	0.103	0.305	2.73690448296596e-15	6	SGK1	down
2.43023674811002e-19	-1.03199258319063	0.457	0.696	3.88716367860198e-15	6	COX7B	down
7.49468533705433e-19	-1.50859302759953	0.138	0.366	1.19877491966184e-14	6	CD81	down
1.04515458485131e-18	-1.81110079778389	0.15	0.383	1.67172475846967e-14	6	MYADM	down
1.12322808200917e-18	-1.49496536875966	0.182	0.412	1.79660331717367e-14	6	TUBA1B	down
1.86594878017906e-18	-1.67224625451116	0.207	0.435	2.98458507389641e-14	6	CALM2	down
2.94257023501264e-18	-1.20953171544174	0.288	0.53	4.70664109090272e-14	6	ATP5PD	down
1.43756711923365e-17	-1.09280854677502	0.434	0.694	2.29938860721422e-13	6	ATP5MK	down
3.20468871332486e-17	-1.70710066529997	0.108	0.308	5.12589959696311e-13	6	MAFB	down
4.10185892567412e-17	-1.32008910238788	0.199	0.457	6.56092335161575e-13	6	NDUFS5	down
5.1081850035388e-17	-1.37627490093813	0.169	0.399	8.17054191316032e-13	6	UQCRB	down
8.26308404153518e-17	-1.1679730316604	0.246	0.456	1.32168029244355e-12	6	POMP	down
1.21489981187775e-16	-1.41585651418607	0.198	0.41	1.94323224909846e-12	6	CTSD	down
1.4006321522031e-16	-1.23859601329608	0.182	0.391	2.24031112744886e-12	6	MDH2	down
2.09920055358776e-16	-1.37559433729051	0.144	0.349	3.35767128546361e-12	6	MDH1	down
4.31595208240126e-16	-1.23665907627536	0.204	0.433	6.90336535580081e-12	6	ATP5F1C	down
5.20225778600226e-16	-1.0339794843906	0.257	0.468	8.32101132871062e-12	6	ATP5PO	down
1.35769958602394e-15	-1.76602604354383	0.214	0.435	2.1716404878453e-11	6	CKB	down
4.31613236236519e-15	-1.99961987897451	0.104	0.312	6.90365371360313e-11	6	SLC4A11	down
9.75385966623714e-15	-1.08515127616416	0.242	0.467	1.56012985361463e-10	6	NDUFAB1	down
1.06214439439613e-14	-1.84247489234649	0.098	0.299	1.69889995883661e-10	6	FLNA	down
1.58244478687597e-14	-1.30517421000015	0.177	0.398	2.53112043660812e-10	6	KRTCAP2	down
7.12659539039829e-14	-2.05479307569639	0.182	0.387	1.13989893269421e-09	6	CTSK	down
9.83677277469906e-14	-1.22734435522947	0.25	0.464	1.57339180531311e-09	6	JPT1	down
4.98123229254824e-13	-1.32760972664908	0.169	0.398	7.9674810519309e-09	6	NDUFB3	down
1.16835730974055e-10	-1.06926722136179	0.237	0.464	1.86878751693001e-06	6	CANX	down
5.27487369893609e-71	1.82184518155581	0.826	0.294	8.43716048144827e-67	6	IL1R1	up
9.68471712431153e-70	1.57323415827929	0.906	0.531	1.54907050403363e-65	6	TCN1	up
1.2568205255538e-62	1.75727408634085	0.817	0.343	2.01028443062331e-58	6	LOC138580932	up
3.67117500096288e-62	1.78525477849962	0.77	0.24	5.87204441404012e-58	6	CHIT1	up
6.88273428057748e-58	1.81414622915553	0.901	0.637	1.10089334817837e-53	6	GSTM4	up
6.15744798844546e-55	1.62242006018369	0.809	0.419	9.84883805751852e-51	6	TNIP1	up
1.16798941296186e-54	2.21508648238375	0.774	0.346	1.8681990660325e-50	6	SFTPD	up
2.18180814272838e-50	1.26914748861496	0.824	0.422	3.48980212429404e-46	6	CATHL1	up
1.98718337731275e-44	1.14223927442316	0.859	0.46	3.17849981201175e-40	6	TKT	up
6.89548943086313e-41	1.61514362843458	0.733	0.442	1.10293353446656e-36	6	PLIN3	up
1.36978509921587e-39	1.19561783678756	0.852	0.546	2.19097126619578e-35	6	TCHH	up
6.96927117520537e-39	1.98639065960631	0.556	0.226	1.1147349244741e-34	6	UPP1	up
3.30878394020704e-38	1.37290376512155	0.704	0.267	5.29239991236116e-34	6	SLC44A5	up
5.42727629787228e-38	1.02761457814308	0.805	0.479	8.68092843844672e-34	6	THEM5	up
7.89721175300442e-38	2.08977920607859	0.628	0.275	1.26315901989306e-33	6	LPAR6	up
2.32144926665742e-37	1.59695228236831	0.706	0.419	3.71315810201855e-33	6	BCL2L10	up
3.36586344650401e-37	1.16730877818241	0.85	0.59	5.38369858268316e-33	6	TNFRSF1B	up
1.25311168424366e-36	1.91516380471544	0.695	0.39	2.00435213894774e-32	6	SNX10	up
1.41927953204492e-36	1.68876329353988	0.704	0.391	2.27013761150585e-32	6	ANGPTL4	up
1.14029702737296e-35	1.59916076833702	0.596	0.249	1.82390509528305e-31	6	PFKFB4	up
2.906611505023e-34	1.43008714605737	0.714	0.426	4.64912510228428e-30	6	SLC12A9	up
3.19796681590863e-34	1.24608520741394	0.822	0.566	5.11514792204586e-30	6	LOC138503155	up
5.81898124123978e-34	1.33940751300923	0.691	0.34	9.30746049536303e-30	6	MAG	up
6.97377527093859e-34	1.05232583291684	0.716	0.353	1.11545535458663e-29	6	CAMP	up
1.45561138680836e-33	1.61307393055236	0.702	0.351	2.32825041319997e-29	6	JAK2	up
4.28971180429967e-32	1.29969306585915	0.571	0.198	6.86139403097732e-28	6	SCG2	up
9.71401695023954e-32	1.49265726919995	0.586	0.272	1.55375701119082e-27	6	MXI1	up
6.15321906998265e-31	1.85546257016119	0.607	0.272	9.84207390243725e-27	6	NCF1	up
2.65409682785019e-30	1.27319892063736	0.671	0.337	4.24522787614638e-26	6	TP53AIP1	up
2.92814981307458e-30	1.90215499264221	0.493	0.165	4.6835756260128e-26	6	PPP1R3C	up
2.07000700529367e-28	1.09133475364243	0.753	0.475	3.31097620496722e-24	6	NCK1	up
6.35628533705278e-28	1.64168492509144	0.531	0.246	1.01668783966159e-23	6	KLF13	up
1.83401484528141e-27	1.13372455581636	0.59	0.254	2.93350674502762e-23	6	IL1R2	up
1.48512379725618e-26	1.29734540302206	0.57	0.253	2.37545551371126e-22	6	FGL2	up
1.56248552274326e-26	1.84427869980408	0.599	0.311	2.49919559362784e-22	6	CXCL8	up
3.84387226039689e-26	1.19137097712019	0.717	0.42	6.14827368050483e-22	6	TLR5	up
5.37253069030385e-26	1.72238344663409	0.498	0.223	8.593362839141e-22	6	LRG1	up
1.17715295115709e-25	1.97896901332258	0.591	0.296	1.88285614537576e-21	6	ACOD1	up
1.19856527635268e-25	2.0485400481259	0.467	0.177	1.91710515952611e-21	6	MTHFD2	up
2.95661333081228e-25	1.29706956799324	0.58	0.289	4.72910302263424e-21	6	USP2	up
4.32976898414188e-25	1.05840559506192	0.614	0.359	6.92546549013493e-21	6	ATP11B	up
4.38443728219081e-25	1.7397317817385	0.527	0.243	7.0129074328642e-21	6	LMNB1	up
8.00862821780701e-25	1.61555590541302	0.609	0.312	1.28098008343823e-20	6	MARCKSL1	up
8.29998573587005e-25	2.05304822563367	0.443	0.171	1.32758271845242e-20	6	C3	up
2.86452436874066e-24	1.58621528609429	0.665	0.421	4.58180672780068e-20	6	PFKFB3	up
1.84811290180452e-23	1.2804066422171	0.6	0.307	2.95605658643633e-19	6	AGAP2	up
2.27118417135471e-23	1.58086048732613	0.437	0.172	3.63275908208185e-19	6	ADGRG6	up
9.98994684090907e-23	1.27636020002138	0.523	0.232	1.59789199720341e-18	6	SLC2A3	up
1.18728139361721e-22	1.59439563894723	0.572	0.349	1.89905658909073e-18	6	ZFP36L1	up
1.73170644437882e-22	1.17407716640301	0.536	0.241	2.76986445778393e-18	6	LTB4R	up
4.45837327322881e-22	1.42067334575583	0.552	0.282	7.13116805052948e-18	6	LOC138569198	up
5.37915706284608e-22	1.24480210552735	0.693	0.441	8.6039617220223e-18	6	SLC2A1	up
8.58187582439943e-22	1.07712045815607	0.755	0.539	1.37267103811269e-17	6	RHOG	up
1.34948688369239e-21	1.08385660420527	0.66	0.441	2.15850427046597e-17	6	FGR	up
9.95234110437726e-21	1.24123994765753	0.396	0.163	1.59187695964514e-16	6	PRLR	up
1.15351231825385e-20	1.13726814894906	0.597	0.336	1.84504295304704e-16	6	MS4A15	up
2.29532131393239e-20	1.33875009491147	0.653	0.385	3.67136644163485e-16	6	IL1B	up
2.32548151683213e-20	2.12410990668389	0.34	0.103	3.719607686173e-16	6	LOC138453542	up
2.43627186434129e-20	1.12570166730565	0.623	0.366	3.89681684701389e-16	6	DENND4A	up
3.39933667030457e-20	1.05052338058374	0.546	0.273	5.43723900415215e-16	6	ANO10	up
4.38834802349614e-20	1.38473810918973	0.533	0.31	7.01916266358208e-16	6	LALBA	up
4.52598726062204e-20	1.97011151825735	0.45	0.19	7.23931662336496e-16	6	DDIT4	up
4.57229931510543e-20	1.60059814798938	0.454	0.203	7.31339275451113e-16	6	TANK	up
8.51004343478789e-20	1.09360658453025	0.629	0.343	1.36118144739432e-15	6	CEACAM5	up
4.48177578927187e-19	1.97846725292256	0.426	0.158	7.16860037494036e-15	6	TTCF	up
1.11081737510678e-18	1.20404232780688	0.583	0.354	1.77675239148329e-14	6	CDC25B	up
1.41551549330859e-18	1.70328069626138	0.358	0.134	2.2641170315471e-14	6	SPATA13	up
4.40796874220363e-18	1.06169000549896	0.676	0.41	7.05054600315471e-14	6	TREX2	up
5.1828577660302e-18	1.1544575427084	0.534	0.317	8.2899809967653e-14	6	PSTPIP1	up
9.80166020905263e-18	1.71315964458887	0.481	0.214	1.56777555043797e-13	6	ARHGAP22	up
1.0586329552237e-17	1.70137517041825	0.335	0.122	1.6932834118803e-13	6	CCL11	up
1.1252663509605e-17	1.20055478833089	0.479	0.254	1.79986352836132e-13	6	CLCA1	up
2.01470150503299e-17	1.06175060290078	0.644	0.396	3.22251505730027e-13	6	PRKCD	up
2.51380206625971e-17	1.22693576680032	0.508	0.287	4.02082640498241e-13	6	ANTXR2	up
7.74169895199229e-17	1.1272019493911	0.539	0.324	1.23828474737117e-12	6	UNC13D	up
9.14321671184867e-17	1.13223806807388	0.58	0.369	1.46245751306019e-12	6	PIK3R5	up
1.2169914277226e-16	1.19375784811191	0.418	0.213	1.9465777886423e-12	6	PTPN22	up
8.92790200934944e-16	1.08042383685442	0.627	0.397	1.42801792639544e-11	6	TRAF3	up
1.18599407602613e-15	1.14420619442661	0.545	0.317	1.89699752460379e-11	6	HPSE	up
1.67329113871094e-15	1.11719091818928	0.582	0.376	2.67642917636815e-11	6	CD82	up
1.75797777371917e-15	1.01935085572892	0.533	0.289	2.81188544906381e-11	6	SPN	up
1.97489291895262e-15	1.1604675183126	0.574	0.313	3.15884122386472e-11	6	FMNL1	up
2.06264268406505e-15	1.37862839599652	0.498	0.249	3.29919697316205e-11	6	STX11	up
3.13616241608131e-15	1.00691564023857	0.466	0.25	5.01629178452205e-11	6	LOC138521844	up
5.16840516223953e-15	1.26303810382618	0.545	0.317	8.26686405700213e-11	6	CEACAM4	up
5.72931593468571e-15	1.17491515915532	0.557	0.347	9.1640408375298e-11	6	CADM3	up
1.16747348412879e-14	1.45936613677414	0.46	0.247	1.867373837864e-10	6	SLC16A1	up
9.43768166332377e-14	1.08989520748905	0.555	0.308	1.50955718204864e-09	6	ARHGEF18	up
1.10335526498089e-13	1.4660436933743	0.443	0.201	1.76481674633693e-09	6	THRA	up
1.71266449811549e-13	1.5391735840145	0.397	0.186	2.73940686473573e-09	6	LOC138530138	up
2.16919679681216e-13	1.21759548297451	0.453	0.245	3.46963027650104e-09	6	ETS2	up
2.86228922406835e-13	1.27690455893344	0.348	0.14	4.57823161389733e-09	6	GFRA1	up
4.96284123947091e-12	1.2215035365267	0.503	0.3	7.93806456253371e-08	6	TRANK1	up
9.29223062545234e-12	1.22474167217535	0.469	0.25	1.4862922885411e-07	6	PSTPIP2	up
1.59547671595887e-76	-2.53633204466505	0.193	0.726	2.55196500717622e-72	7	TARM1	down
3.15969752415836e-70	-2.31852530754933	0.305	0.771	5.0539361898913e-66	7	GRN	down
1.39358069912287e-64	-2.59620529135053	0.174	0.672	2.22903232824703e-60	7	FYB1	down
1.2252779074489e-61	-2.56321840511512	0.09	0.546	1.95983201296451e-57	7	TCIRG1	down
6.24116424899986e-56	-2.73389447819073	0.085	0.516	9.98274221627527e-52	7	CD68	down
2.10142159511839e-55	-2.60457471732225	0.102	0.58	3.36122384139186e-51	7	C5AR1	down
2.90606216945526e-55	-2.01409381836553	0.214	0.678	4.64824644004369e-51	7	CYBA	down
4.61240812166397e-55	-1.90738711252314	0.278	0.738	7.37754679060152e-51	7	CD209	down
1.80795756340282e-54	-2.46582479079629	0.173	0.633	2.89182812266281e-50	7	CMKLR1	down
5.240916470762e-54	-2.2935466907845	0.164	0.647	8.38284589498382e-50	7	ARAP1	down
2.98540893983746e-53	-2.71493274665087	0.085	0.517	4.77516159927002e-49	7	CD22	down
8.42642417323623e-52	-2.60526853415611	0.116	0.527	1.34780654650914e-47	7	PRSS16	down
1.21510141052018e-51	-1.43759551610088	0.405	0.824	1.94355470612703e-47	7	BASP1	down
3.24256425149316e-51	-2.49675278702922	0.139	0.567	5.18648152026331e-47	7	RNASET2	down
5.64460051253545e-51	-2.22455838331806	0.157	0.628	9.02853851980045e-47	7	STOM	down
1.14811740324193e-50	-2.1530265074293	0.164	0.639	1.83641378648547e-46	7	VSIR	down
1.36622865186988e-50	-2.51219447963464	0.131	0.614	2.18528272866588e-46	7	ASGR1	down
6.21621409947063e-50	-3.39044327425761	0.052	0.443	9.94283445210327e-46	7	CSF1R	down
7.0967575562553e-50	-1.83033276219808	0.528	0.827	1.13512637112304e-45	7	LYZ	down
2.19121225481309e-49	-1.66397424871389	0.387	0.764	3.50484400157354e-45	7	ATP6V1A	down
4.43705616203737e-49	-2.25766926917426	0.134	0.574	7.09707133117877e-45	7	GAS7	down
9.49975601067185e-49	-2.61541062532218	0.104	0.554	1.51948597390696e-44	7	NRK	down
1.65333242108606e-48	-2.63088424746699	0.549	0.831	2.64450520752715e-44	7	CTSL	down
3.00934397898727e-48	-2.21703251349054	0.141	0.541	4.81344569439014e-44	7	SPACA4	down
3.83902693074751e-48	-2.49677672240057	0.29	0.685	6.14052357573065e-44	7	CTSC	down
4.14584287501387e-48	-2.7121522489445	0.191	0.567	6.63127567858468e-44	7	LGMN	down
6.21676358987467e-47	-1.73822861453004	0.33	0.722	9.94371336200454e-43	7	BPI	down
2.19834129558358e-46	-2.32332126824379	0.136	0.549	3.51624690228594e-42	7	ASAH1	down
2.14421304585522e-45	-2.13278181051113	0.33	0.684	3.42966876684542e-41	7	PLIN2	down
2.58234777396464e-45	-2.92062823694696	0.055	0.431	4.13046526445645e-41	7	WDFY4	down
3.32071319354033e-45	-3.37896357384195	0.057	0.435	5.31148075306775e-41	7	C1QB	down
1.06982539796424e-44	-2.30289583840011	0.127	0.535	1.7111857240438e-40	7	TSPAN36	down
3.63611186135106e-44	-2.61674429537287	0.092	0.437	5.81596092223102e-40	7	TGFBI	down
5.59192138180644e-44	-3.20594565252871	0.062	0.43	8.94427825019939e-40	7	C1QC	down
7.47514605428606e-44	-2.359712438045	0.095	0.464	1.19564961138305e-39	7	MFSD1	down
1.61254117799301e-43	-2.1910592657679	0.461	0.758	2.57925961419982e-39	7	CTSB	down
3.44082482087229e-43	-2.39332779994291	0.201	0.58	5.50359930098523e-39	7	CTSZ	down
5.93058281028928e-43	-1.75931979330985	0.405	0.768	9.48596720505771e-39	7	LGALS9	down
2.07022351812853e-42	-1.9613506987584	0.129	0.55	3.31132251724658e-38	7	CYBB	down
3.10803162370935e-42	-2.51429186035727	0.102	0.465	4.9712965821231e-38	7	ACP5	down
4.21649517024107e-42	-1.81625807947057	0.181	0.559	6.74428402480059e-38	7	ATP6AP2	down
4.2646196574459e-42	-2.89051104422638	0.069	0.449	6.82125914208472e-38	7	NCF2	down
5.75068053170988e-42	-3.25933288602554	0.049	0.382	9.19821351046996e-38	7	MARCO	down
9.61018950292683e-42	-2.37786040424597	0.107	0.53	1.53714981099315e-37	7	LYN	down
1.14943831991713e-41	-3.18699144480464	0.044	0.379	1.83852659270744e-37	7	ABCA1	down
1.18125386585087e-41	-2.57653884040426	0.094	0.477	1.88941555842847e-37	7	SLC12A9	down
1.24151589997851e-41	-1.69622454112054	0.621	0.845	1.98580468201563e-37	7	NPC2	down
1.48915311472407e-41	-2.99773314809611	0.074	0.443	2.38190040700115e-37	7	ANGPTL4	down
1.79544601809364e-41	-2.47738093409506	0.099	0.489	2.87181590594077e-37	7	CCDC88B	down
2.33788235224007e-41	-3.42356920959366	0.045	0.368	3.73944282240799e-37	7	PRCP	down
2.35967451463152e-40	-2.05435488805442	0.099	0.485	3.77429938615311e-36	7	FGR	down
3.64650791459112e-40	-2.17424479404267	0.144	0.544	5.8325894093885e-36	7	PLEKHA2	down
3.8420894229643e-40	-2.17082426616573	0.186	0.547	6.1454220320314e-36	7	CD300LF	down
2.80626247344418e-39	-3.24611415124752	0.032	0.337	4.48861682627397e-35	7	LRRC25	down
3.39498101903245e-39	-1.68309278934602	0.183	0.624	5.43027213994241e-35	7	PTPRC	down
3.69972508953219e-39	-2.03178732198809	0.114	0.518	5.91771028070673e-35	7	SDR16C5	down
4.34854640195929e-39	-2.5690084571228	0.094	0.433	6.95549996993389e-35	7	SLC43A2	down
4.61413833533752e-39	-2.3197128831604	0.179	0.589	7.38031426737237e-35	7	TNFAIP8	down
5.20899540629744e-39	-1.90103249922261	0.171	0.57	8.33178815237275e-35	7	ASAP1	down
5.88269905033707e-39	-1.04232793804912	0.67	0.974	9.40937713101414e-35	7	VIM	down
1.43542136992375e-38	-1.95426984915892	0.245	0.638	2.29595648119304e-34	7	TNFRSF1B	down
1.88753096344569e-38	-1.6770569567022	0.251	0.649	3.01910577603138e-34	7	ATP6V0E1	down
2.31525764500204e-38	-2.79635144774344	0.074	0.406	3.70325460318077e-34	7	SLC7A8	down
1.0600173583243e-37	-1.6016621757774	0.162	0.483	1.69549776463972e-33	7	BRI3	down
1.12750647975295e-37	-2.86050276590189	0.114	0.495	1.80344661436484e-33	7	ITGAX	down
1.50170133406504e-37	-2.85741427461344	0.097	0.426	2.40197128383703e-33	7	CLEC	down
1.75701849952083e-37	-2.26671253393037	0.121	0.526	2.81035108998357e-33	7	EPB41L3	down
2.25684993235654e-37	-2.97760607250758	0.085	0.43	3.60983146680428e-33	7	DNASE2	down
2.55011463326999e-37	-2.25288612615894	0.075	0.382	4.07890835591535e-33	7	SMOX	down
3.86888580029006e-37	-3.50324795564162	0.027	0.306	6.18828283756394e-33	7	SLC2A6	down
4.0623129757981e-37	-2.46365911954975	0.09	0.443	6.49766960478906e-33	7	ADAM	down
4.73177444231718e-37	-1.8770168247228	0.124	0.507	7.56847322048633e-33	7	AIF1	down
5.68119187782099e-37	-1.94653689200001	0.141	0.503	9.08706640857467e-33	7	SGPP1	down
1.64065209562676e-36	-1.78278132125517	0.536	0.752	2.624223026955e-32	7	PSAP	down
2.08568157178586e-36	-1.4539057220407	0.281	0.668	3.33604767407148e-32	7	S6C6	down
2.39463028019779e-36	-1.94582707892744	0.116	0.463	3.83021113317636e-32	7	RNASEK	down
3.28783494030528e-36	-2.92349889509882	0.032	0.319	5.2588919870183e-32	7	SCUBE1	down
8.06046304225874e-36	-2.94944500815811	0.04	0.323	1.28927106360928e-31	7	RIN3	down
1.36334868145485e-35	-1.22878630906894	0.347	0.726	2.18067621598704e-31	7	CD53	down
2.34485104192166e-35	-1.91473347518395	0.174	0.53	3.7505892415537e-31	7	APP	down
2.365089203786e-35	-1.80944302887928	0.173	0.58	3.78296018145571e-31	7	FXYD5	down
4.44165218828837e-35	-3.48245962114789	0.162	0.454	7.10442267516724e-31	7	APOE	down
7.3342931565385e-35	-1.53729736714053	0.271	0.638	1.17312019038833e-30	7	LAMP1	down
1.18326375602019e-34	-1.76652179612188	0.157	0.561	1.8926303777543e-30	7	CAT	down
1.62458232905831e-34	-1.72327336243416	0.226	0.591	2.59851943532877e-30	7	ATP6V1B2	down
1.73336966374693e-34	-1.82751433291481	0.116	0.463	2.77252477716321e-30	7	ITM2C	down
2.2558412270088e-34	-1.61956081988283	0.194	0.614	3.60821804260058e-30	7	GNAI2	down
8.69737005149897e-34	-2.45266807468055	0.077	0.371	1.39114433973726e-29	7	CTSA	down
1.30208868176664e-33	-2.70525195479612	0.047	0.331	2.08269084648575e-29	7	ANPEP	down
2.04721123527744e-33	-2.61222532789645	0.045	0.337	3.27451437082626e-29	7	IL31RA	down
3.33967102698584e-33	-2.75714356345096	0.05	0.353	5.34180380766386e-29	7	GDPD5	down
5.77271837896503e-33	-3.02332369016764	0.034	0.301	9.23346304715457e-29	7	IL6R	down
9.90677181879731e-33	-1.84699155056364	0.137	0.469	1.58458815241663e-28	7	IGF2R	down
1.0144881199596e-32	-3.38273168703793	0.04	0.285	1.62267374787538e-28	7	CD5L	down
1.03123666552052e-32	-3.01631615681532	0.075	0.35	1.64946304650008e-28	7	LRP1	down
1.03204309304654e-32	-3.70143291617175	0.008	0.235	1.65075292732795e-28	7	FSHR	down
1.90236296404434e-32	-2.23311410155683	0.134	0.437	3.04282956098893e-28	7	UCP2	down
2.12552867753452e-32	-2.32472398594388	0.08	0.408	3.39978311971646e-28	7	PIK3R5	down
2.34765153189659e-32	-2.68260237000387	0.069	0.356	3.75506862526859e-28	7	CEACAM4	down
3.77749269656426e-32	-1.75256183853474	0.147	0.537	6.04209956815453e-28	7	NCKAP1L	down
1.32601585503517e-69	3.45081914951761	0.853	0.549	2.12096236012875e-65	7	S100P	up
1.51814401670589e-59	4.46570814287906	0.832	0.551	2.42827135472107e-55	7	S100A4	up
9.37791148848284e-49	2.4435958389061	0.854	0.641	1.49999694258283e-44	7	KRT1	up
8.62687837649436e-43	2.39986478825951	0.76	0.473	1.37986919632027e-38	7	LOC138580806	up
3.40494740533056e-42	3.86240310557337	0.707	0.452	5.44621337482623e-38	7	LOC138580807	up
7.22715744459259e-34	2.95774076860882	0.615	0.283	1.15598383326258e-29	7	S100A13	up
4.31183117299128e-33	3.54262191052319	0.432	0.103	6.89677396119956e-29	7	LOC138582574	up
2.59778252505244e-31	2.51484370943643	0.387	0.118	4.15515314882138e-27	7	CLDN7	up
3.11583179592831e-31	3.37352560194297	0.387	0.077	4.98377295758734e-27	7	FXYD3	up
2.18743389327221e-28	5.02523293511123	0.337	0.071	3.4988005122889e-24	7	AGR2A	up
2.41791941182182e-28	5.21700761883308	0.486	0.207	3.867462099209e-24	7	LOC138472551	up
6.12410310263015e-28	2.19468034463948	0.474	0.198	9.79550291265693e-24	7	PINLYP	up
2.17058609096878e-27	5.00313813150279	0.295	0.045	3.47185245250456e-23	7	LOC138487720	up
2.76555636672798e-27	2.38735787512254	0.412	0.144	4.42350740858141e-23	7	PERP	up
7.81984746919499e-27	3.3614389897542	0.245	0.026	1.25078460269774e-22	7	SCEL	up
1.01732424185135e-26	1.6840041589248	0.598	0.38	1.62721012484123e-22	7	VWA5A	up
9.15051423741507e-26	3.47709983014049	0.243	0.029	1.46362475227454e-21	7	CLDN4	up
9.11480904800557e-25	2.7355100468344	0.576	0.344	1.45791370722849e-20	7	LOC138472541	up
3.33550064593115e-24	6.01978485017554	0.246	0.022	5.33513328316687e-20	7	AGR2	up
6.84528311792915e-24	5.05557424728807	0.283	0.047	1.09490303471277e-19	7	FCGBP	up
1.44342745883957e-23	2.38963698889015	0.271	0.054	2.3087622204139e-19	7	SYTL2	up
1.8382677191373e-23	2.48955035005351	0.379	0.126	2.94030921676011e-19	7	DSG2	up
4.02037888713284e-23	2.25208646162898	0.509	0.241	6.43059602996897e-19	7	RihA	up
4.92563527816782e-23	2.34866321688122	0.429	0.19	7.87855362742943e-19	7	EPCAM	up
1.53413442016605e-22	2.55560380008808	0.338	0.095	2.4538480050556e-18	7	SERPINB5	up
1.90794055581838e-22	2.08505133573953	0.503	0.255	3.05175091903149e-18	7	TGM3	up
6.56198413403374e-22	2.82125707667702	0.342	0.077	1.0495893622387e-17	7	DSP	up
3.94012877712507e-21	2.62786090223353	0.265	0.06	6.30223597901154e-17	7	NPDC1	up
6.31111491518159e-21	2.08544073048545	0.462	0.244	1.0094628306833e-16	7	LGALS3	up
1.10588409337199e-20	2.5752802240794	0.286	0.072	1.76886160734849e-16	7	TRIM29	up
6.9156263956119e-20	2.30863747679994	0.586	0.385	1.10615444197812e-15	7	LOC138472539	up
1.76513019678568e-19	3.82517616045407	0.323	0.108	2.8233257497587e-15	7	LOC138521056	up
3.20217800508178e-19	2.16743134041537	0.404	0.148	5.12188371912831e-15	7	SPINT2	up
6.04277986336549e-19	2.78764692723058	0.251	0.048	9.6654263914531e-15	7	AP1S3	up
2.79412856675682e-18	2.82159503473908	0.295	0.075	4.46920864252753e-14	7	LOC138528712	up
4.61395856625695e-17	1.70919299919913	0.394	0.169	7.38002672672799e-13	7	MYO10	up
2.98844046694147e-15	2.31268014255297	0.33	0.119	4.78001052687288e-11	7	EPPK1	up
6.26599454559235e-15	2.11689635657696	0.275	0.073	1.0022458275675e-10	7	EMP2	up
9.64956957926111e-124	-5.23445062412384	0.171	0.845	1.54344865420281e-119	8	LYZ	down
1.05020128239162e-113	-5.15864243228412	0.049	0.748	1.67979695118539e-109	8	CD209	down
3.86527991881437e-111	-5.32644708152676	0.036	0.741	6.18251523014359e-107	8	CD53	down
2.3335409959981e-110	-3.67980596413576	0.243	0.855	3.73249882309896e-106	8	LOC138562538	down
5.23356924484276e-110	-5.39094947707179	0.034	0.731	8.371094007126e-106	8	TARM1	down
2.12993813266984e-106	-5.80181738358893	0.027	0.676	3.40683604320541e-102	8	FYB1	down
5.8124377069265e-106	-4.77995494117908	0.118	0.773	9.29699411222893e-102	8	PLAUR	down
1.22643411901228e-102	-6.02439893228795	0.015	0.65	1.96168137336015e-98	8	SRGN	down
4.65228646045799e-100	-3.10398960393733	0.181	0.795	7.44133219350255e-96	8	B2M	down
7.24410044446803e-99	-3.80827867820463	0.148	0.777	1.15869386609266e-94	8	GRN	down
8.87807537236483e-95	-5.92237984941455	0.023	0.655	1.42004815580975e-90	8	DOCK2	down
1.11715981052821e-93	-7.24016614624816	0.006	0.63	1.78689711693988e-89	8	PTPRC	down
6.57066843252318e-92	-5.21582475426928	0.051	0.678	1.05097841578208e-87	8	S6C6	down
4.12246976142948e-90	-3.11504437076004	0.202	0.812	6.59389038340645e-86	8	SH3BGRL3	down
4.88540078371935e-90	-4.16626093895051	0.065	0.683	7.8141985535591e-86	8	CYBA	down
6.37964818618008e-89	-5.1747620976474	0.03	0.635	1.0204247273795e-84	8	LOC138503116	down
1.03815301770154e-88	-5.53330012865659	0.027	0.635	1.66052575181361e-84	8	LCP1	down
1.04980014418229e-88	-4.05887048972354	0.181	0.778	1.67915533061957e-84	8	LGALS9	down
5.35208180170555e-88	-4.55435898147092	0.038	0.643	8.56065484182802e-84	8	VSIR	down
3.58187053169468e-87	-3.58495119505137	0.127	0.731	5.72920191544563e-83	8	BPI	down
1.12468625916856e-86	-5.01643415829445	0.051	0.646	1.79893567154012e-82	8	TNFRSF1B	down
1.54759516967626e-85	-6.74730170164481	0.008	0.582	2.47537847389719e-81	8	C5AR1	down
9.64320671226747e-85	-4.13648750014649	0.053	0.65	1.54243091362718e-80	8	ARAP1	down
5.34015244885117e-83	-3.7665513501929	0.262	0.767	8.54157384193745e-79	8	CTSB	down
3.27275073907499e-82	-4.47651521963478	0.049	0.615	5.23476480715045e-78	8	ASGR1	down
4.54222267964597e-82	-2.68377650321337	0.243	0.788	7.26528517609373e-78	8	ARPC5	down
3.02586214130748e-80	-3.65148683891054	0.143	0.69	4.83986649502131e-76	8	CTSC	down
2.06247232788507e-78	-6.8784488105839	0.008	0.542	3.29892448845217e-74	8	NCKAP1L	down
5.9045402398855e-78	-3.85379385724867	0.354	0.84	9.44431211369685e-74	8	CTSL	down
3.52277754403851e-76	-6.18822755469316	0.015	0.554	5.63468268168959e-72	8	CD300LF	down
4.02135843155564e-76	-5.69677565564929	0.015	0.554	6.43216281127325e-72	8	CYBB	down
5.02885261744168e-76	-4.02882241850731	0.068	0.629	8.04364976159797e-72	8	STOM	down
3.79062759854721e-75	-2.8610203386285	0.068	0.606	6.06310884387626e-71	8	WFDC5	down
2.94586587735622e-74	-4.29447118283598	0.051	0.588	4.71191247083128e-70	8	RHOG	down
1.0674408596498e-73	-4.89002971167077	0.101	0.61	1.70737165500986e-69	8	LGALS3BP	down
1.2824699782164e-73	-4.22565451393591	0.07	0.635	2.05131073015714e-69	8	CMKLR1	down
1.88129265024486e-73	-7.10791834794972	0.004	0.512	3.00912759406665e-69	8	ARHGAP30	down
2.85732716366991e-73	-4.7548281406985	0.044	0.586	4.57029479829002e-69	8	CTSZ	down
3.43896855719691e-73	-2.58745473289639	0.24	0.769	5.50063020723645e-69	8	ATP6V1A	down
1.27045573854804e-72	-3.74117776585229	0.114	0.667	2.03209395380758e-68	8	MPEG1	down
2.48445858219023e-72	-3.24481596308894	0.298	0.764	3.97389150221328e-68	8	PSAP	down
3.9803011623205e-72	-3.43549566189449	0.084	0.617	6.36649170913164e-68	8	GNAI2	down
6.44993654447252e-70	-5.9451333500354	0.013	0.517	1.03166735028838e-65	8	CD68	down
1.59252281165721e-69	-2.58805532943345	0.327	0.801	2.54724023724571e-65	8	ATP6V0C	down
2.67239516679445e-69	-5.8194504937488	0.087	0.593	4.27449606928773e-65	8	TCN1	down
3.31784955529413e-69	-2.06133900068215	0.405	0.821	5.30690036369296e-65	8	BASP1	down
6.64455575879071e-68	-2.24455134576789	0.257	0.726	1.06279669361857e-63	8	CAP1	down
3.41639218300701e-67	-4.94430062560196	0.023	0.509	5.46451929671972e-63	8	AIF1	down
1.05957237503766e-66	-6.77509179610347	0.006	0.469	1.69478601387274e-62	8	RGS1	down
2.04256330062001e-66	-4.39206067250793	0.038	0.547	3.26707999934171e-62	8	PLEKHA2	down
2.92093136289428e-66	-5.63486178531302	0.019	0.497	4.6720297149494e-62	8	ITGAX	down
7.72974754480483e-66	-4.00062783433704	0.08	0.567	1.23637311979153e-61	8	RNASET2	down
1.0071829359849e-65	-5.85693033302798	0.013	0.491	1.61098910610785e-61	8	CCDC88B	down
1.29802389569473e-65	-3.04908036248275	0.139	0.652	2.07618922116372e-61	8	ATP6V0E1	down
1.698837698784e-65	-2.55370262873809	0.247	0.741	2.71729089920501e-61	8	GNG5	down
2.07065441166956e-65	-3.66210554004323	0.057	0.536	3.31201173146545e-61	8	TSPAN36	down
2.25186826491426e-64	-2.63180831758203	0.183	0.655	3.60186328973036e-60	8	PGD	down
5.52736910997547e-64	-4.00590585820666	0.072	0.534	8.84102689140577e-60	8	THEM5	down
1.13309006350517e-63	-4.37831542107465	0.027	0.443	1.81237755657653e-59	8	PLA2G4C	down
3.14589829008867e-63	-5.24290863347191	0.025	0.472	5.03186431499683e-59	8	TLR5	down
3.31800413338744e-63	-3.53341134728365	0.049	0.553	5.30714761135321e-59	8	NRK	down
4.48102119949679e-63	-2.87141533781414	0.184	0.69	7.16739340859511e-59	8	PLIN2	down
4.90405551083583e-63	-7.45520409002465	0.002	0.443	7.84403678958191e-59	8	MYO1F	down
2.67761446190447e-62	-3.15158780200664	0.065	0.544	4.2828443318162e-58	8	TCIRG1	down
9.33719160120932e-62	-2.30919701646251	0.245	0.733	1.49348379661343e-57	8	LSP1	down
1.00784406121533e-61	-4.41720256875428	0.03	0.495	1.61204657591392e-57	8	SKAP2	down
2.11488550264914e-61	-5.73547705212188	0.032	0.484	3.38275936148729e-57	8	CATHL1	down
1.03167281050498e-60	-4.13222340254323	0.067	0.5	1.65016066040272e-56	8	FBP1	down
2.28271270090764e-60	-6.70854124636749	0.008	0.449	3.65119896510177e-56	8	NCF2	down
3.61370051830758e-60	-2.29815196218491	0.24	0.697	5.78011397903298e-56	8	GMFG	down
6.3929068095286e-60	-2.96614401194704	0.099	0.581	1.0225454441841e-55	8	FXYD5	down
6.42310184146474e-60	-2.24512295457248	0.278	0.745	1.02737513954229e-55	8	ARHGDIB	down
8.70465831627467e-60	-3.5235229905611	0.057	0.53	1.39231009768813e-55	8	LYN	down
6.60342745474101e-59	-4.58251094212623	0.023	0.466	1.05621822138582e-54	8	ITM2C	down
1.05890882994862e-58	-5.29320728558165	0.019	0.464	1.69372467350282e-54	8	C13H1orf162	down
1.07466890701493e-58	-3.08249104324829	0.099	0.573	1.71893291677038e-54	8	GAS7	down
3.60455781995568e-58	-2.56291185143478	0.209	0.701	5.76549023301911e-54	8	GPX1	down
4.18347043603766e-58	-5.32283554838235	0.013	0.455	6.69146096244224e-54	8	ALOX5AP	down
5.06373849801395e-58	-3.3510705088972	0.099	0.596	8.09944972757332e-54	8	ATP6V1B2	down
5.78384229799385e-58	-1.95503695419583	0.297	0.733	9.25125575564116e-54	8	ARPC2	down
9.92167200419285e-58	-3.82422105306581	0.114	0.568	1.58697143707065e-53	8	LGMN	down
2.85626949177782e-57	-6.9192057477225	0.004	0.432	4.56860305209863e-53	8	INPP5D	down
4.18189242226707e-57	-3.5036709154987	0.074	0.526	6.68893692941618e-53	8	PRSS16	down
4.2690571919603e-57	-5.45746860751464	0.019	0.442	6.8283569785405e-53	8	CSF1R	down
6.42483410697755e-57	-4.64550902951253	0.042	0.466	1.02765221541106e-52	8	ACP5	down
1.41040176174824e-56	-2.00403639048689	0.47	0.852	2.25593761791631e-52	8	NPC2	down
2.44369454755423e-56	-4.16913100907815	0.027	0.423	3.908689428813e-52	8	KLRB1	down
6.52789723172188e-56	-6.26915778119456	0.01	0.431	1.04413716221392e-51	8	C1QC	down
1.19605399117265e-55	-5.53971436548993	0.013	0.412	1.91308835888066e-51	8	CORO1A	down
1.2203785899414e-55	-3.31726162955489	0.093	0.548	1.95199555461128e-51	8	ASAH1	down
1.57830545519747e-55	-3.7128568347576	0.063	0.523	2.52449957558835e-51	8	CYRIB	down
1.85059181757919e-55	-3.80783626758497	0.038	0.462	2.96002161221791e-51	8	ST8SIA4	down
5.40091127944757e-55	-3.25078168784945	0.093	0.561	8.63875759147639e-51	8	ATP6AP2	down
2.37314446988099e-54	-1.72167798471547	0.325	0.775	3.79584457957464e-50	8	ANXA5	down
2.81952337309801e-54	-5.59686543715272	0.023	0.434	4.50982763527027e-50	8	C1QB	down
3.59714359684135e-54	-6.87977343946266	0.01	0.392	5.75363118314773e-50	8	ARG1	down
4.29279048229914e-54	-3.55651171575554	0.048	0.464	6.86631837643747e-50	8	RNASEK	down
7.93933281150536e-54	-3.91460264224079	0.048	0.516	1.26989628320028e-49	8	CD22	down
2.31372627537129e-53	-3.24363334791002	0.057	0.498	3.70080517745638e-49	8	TYROBP	down
2.54836746638119e-53	-6.27417659487244	0.008	0.43	4.07611376247671e-49	8	WDFY4	down
4.95638386543913e-105	3.96547692772318	0.873	0.316	7.92773599276989e-101	8	SPARC	up
1.90265395716216e-77	4.03526768189189	0.755	0.232	3.04329500448087e-73	8	COL3A1	up
6.42822441686201e-76	2.28908108084118	0.8	0.271	1.02819449547708e-71	8	FSTL1	up
3.86154745290329e-73	2.51512483108958	0.764	0.193	6.17654515091882e-69	8	KRT18	up
6.25284440556948e-72	3.89514114005617	0.654	0.143	1.00014246267084e-67	8	FBN2	up
9.1870619142115e-71	4.4651982581773	0.652	0.119	1.46947055317813e-66	8	MDK	up
1.37416658905698e-68	4.63611096347281	0.616	0.109	2.19797945919664e-64	8	FN1	up
2.78166134271574e-67	4.98289876117353	0.527	0.034	4.44926731767382e-63	8	BHMT	up
4.48188643784338e-65	1.9381991705279	0.778	0.241	7.16877735733048e-61	8	KRT8	up
3.30125686604781e-62	4.0965020165363	0.572	0.101	5.28036035724348e-58	8	THBS2	up
2.11287972267448e-60	3.22761366269609	0.584	0.105	3.37955111641782e-56	8	COL5A1	up
5.33642755259419e-57	5.11458567071243	0.557	0.076	8.5356158703744e-53	8	TNC	up
1.13580183715935e-55	3.70611929959025	0.483	0.06	1.81671503853638e-51	8	SERPINH1	up
4.25235708041385e-55	6.37499018018573	0.411	0.01	6.80164515012196e-51	8	CDH13	up
2.28910310141838e-53	4.68218623594456	0.783	0.449	3.6614204107187e-49	8	COL1A2	up
2.77980070601062e-52	4.63565439751155	0.458	0.037	4.44629122926398e-48	8	CTHRC1	up
3.25689407775474e-50	4.04340443524753	0.426	0.038	5.20940207736871e-46	8	MFAP2	up
7.66890227816463e-50	3.70700738520826	0.49	0.095	1.22664091939243e-45	8	POSTN	up
1.45878155163134e-49	3.66770184827372	0.443	0.033	2.33332109183432e-45	8	NFIX	up
1.4364463210066e-48	3.1401422936445	0.51	0.087	2.29759589045005e-44	8	FKBP10	up
1.88609995087908e-48	2.91529960949985	0.513	0.097	3.01681687143109e-44	8	CDH1	up
9.20179599810659e-47	5.04118916000791	0.43	0.048	1.47182726989715e-42	8	COL11A1	up
2.01571117209117e-46	1.99899091720131	0.681	0.279	3.22413001975983e-42	8	PFN2	up
1.0332480332958e-45	2.6744731123131	0.616	0.223	1.65268022925664e-41	8	LOC138487902	up
1.39442456253757e-44	1.71384691483244	0.903	0.677	2.23038208777884e-40	8	HMGN1	up
1.76661079785403e-44	3.44032980814327	0.414	0.058	2.82569397116753e-40	8	THSD4	up
3.09286049206988e-43	2.83181031044081	0.477	0.1	4.94703035706577e-39	8	SDC2	up
8.14620611805884e-43	5.06783226058348	0.369	0.014	1.30298566858351e-38	8	PTPRD	up
2.77547298010695e-42	3.97724485574283	0.376	0.034	4.43936903168107e-38	8	ENAH	up
4.15618066617288e-42	3.18600735898429	0.452	0.068	6.64781097554352e-38	8	RBMS3	up
5.45247361550137e-42	3.663097686877	0.375	0.038	8.72123154799444e-38	8	RCN3	up
7.7730437178902e-42	4.40484664808464	0.357	0.029	1.24329834267654e-37	8	ADAMTS6	up
2.91373335138438e-41	2.22250093768064	0.544	0.147	4.66051649553931e-37	8	RRBP1	up
3.53386042638876e-41	5.58278513996652	0.363	0.028	5.65240975200883e-37	8	COL2A1	up
7.1728384909259e-41	1.6422897583402	0.721	0.396	1.1472955166236e-36	8	CALM2	up
7.47510299778867e-41	4.55830565485346	0.342	0.013	1.1956427244963e-36	8	PRDM16	up
2.19419100914176e-39	3.62717811262206	0.384	0.042	3.50960851912225e-35	8	PLAC9	up
1.56912596459448e-38	4.56870021770828	0.643	0.37	2.50981698036888e-34	8	COL1A1	up
2.04200148898692e-38	2.04965848181665	0.582	0.205	3.26618138163458e-34	8	COL5A2	up
4.40116628920266e-38	2.49096436563892	0.489	0.125	7.03966547957966e-34	8	IGF1R	up
1.18854018750329e-37	3.01171438400002	0.395	0.056	1.90107002991151e-33	8	CHSY3	up
1.65856674971042e-37	3.54790432485215	0.371	0.043	2.65287751616181e-33	8	BGN	up
2.04887212473852e-37	3.89249164149888	0.337	0.028	3.27717096351926e-33	8	EMILIN1	up
4.54683333866419e-37	1.61497023208782	0.527	0.147	7.27265992519338e-33	8	LTBP1	up
7.91604194267278e-37	3.57792114198799	0.361	0.045	1.26617090873051e-32	8	COL6A1	up
9.26297909755155e-36	4.62713320685567	0.323	0.024	1.48161350665337e-31	8	SORCS2	up
1.38378835629573e-35	5.34698298933241	0.291	0.01	2.21336947589501e-31	8	COL11A2	up
1.41661133834563e-35	4.0348584782417	0.388	0.058	2.26586983568384e-31	8	CCN2	up
3.15230357435537e-35	3.79961475244088	0.316	0.033	5.04210956718142e-31	8	PLEKHA5	up
4.29344668640897e-35	3.70028055210321	0.401	0.077	6.86736797491115e-31	8	COL12A1	up
1.02615816845232e-34	3.09359819696006	0.357	0.051	1.64133999043949e-30	8	CCDC80	up
1.2215634442614e-34	3.00012060245341	0.356	0.063	1.95389072909611e-30	8	TANB	up
1.43310037964859e-34	5.06900693431445	0.314	0.025	2.29224405724791e-30	8	MGP	up
2.12714311089732e-34	2.29817218649416	0.388	0.081	3.40236540588027e-30	8	NID2	up
2.8692871433633e-33	4.80252783452466	0.276	0.013	4.5894247858096e-29	8	ROBO1	up
3.62592505031987e-33	3.63922565023702	0.31	0.03	5.79966711798663e-29	8	COL6A2	up
5.21076420768696e-33	3.37475342737303	0.331	0.042	8.3346173501953e-29	8	PIK3R3	up
6.61787507684693e-33	5.38207469620585	0.297	0.022	1.05852911854167e-28	8	THBS4	up
7.38437159566817e-33	2.66137518515038	0.601	0.281	1.18113023672712e-28	8	TIMP1	up
7.67709061365988e-33	3.79097425615069	0.295	0.019	1.2279506436549e-28	8	PDPN	up
8.11578766258074e-33	3.53305489020365	0.312	0.038	1.29812023662979e-28	8	LOXL2	up
1.58743714614463e-32	3.36741475124683	0.321	0.043	2.53910571525833e-28	8	GPM6B	up
1.71376202375652e-32	1.89546501712354	0.513	0.19	2.74116235699855e-28	8	SDC1	up
3.8566768482768e-32	5.5448643956632	0.266	0.009	6.16875461881874e-28	8	GLIS3	up
1.50096456974219e-31	1.9258268201061	0.475	0.155	2.40079282930264e-27	8	PLS3	up
1.86124888635347e-31	3.78967504287809	0.297	0.028	2.97706759372238e-27	8	DENND2B	up
2.2866639283377e-31	5.47516085712773	0.289	0.011	3.65751895337616e-27	8	PCOLCE	up
3.17491034689611e-31	2.58775798511969	0.357	0.059	5.07826909986033e-27	8	SERPING1	up
3.22403885326524e-31	1.54119168468061	0.656	0.351	5.15685014579775e-27	8	KDELR2	up
8.34257831561083e-31	1.6417325058476	0.652	0.316	1.33439540158195e-26	8	TPM2	up
1.5140566973872e-30	2.53807837623967	0.384	0.075	2.42173368747082e-26	8	PARD3	up
4.76705894219039e-30	3.98244076935283	0.276	0.015	7.62491077803354e-26	8	PDZRN3	up
6.14752243276257e-30	4.64108599226255	0.264	0.015	9.83296213120373e-26	8	PCOLCE2	up
8.02412151936896e-30	3.19966578160957	0.298	0.04	1.28345823702306e-25	8	NOTCH3	up
1.08021679120748e-29	3.39471802885675	0.357	0.076	1.72780675753636e-25	8	CRABP2	up
1.08024851680958e-29	3.91038542862606	0.262	0.023	1.72785750263693e-25	8	BMP1	up
4.16108680236719e-29	3.72291165061728	0.26	0.022	6.65565834038633e-25	8	IL11RA	up
4.25365048464017e-29	3.92012199295669	0.27	0.019	6.80371395018195e-25	8	PLCE1	up
4.65082851962006e-29	2.0460960312538	0.401	0.115	7.43900021713229e-25	8	LDHB	up
5.75719507320793e-29	2.84329719125828	0.348	0.058	9.20863351959608e-25	8	TSPAN9	up
6.31547855545556e-29	4.66749737020083	0.26	0.015	1.01016079494512e-24	8	COL27A1	up
6.9952909138671e-29	1.89758051817168	0.492	0.193	1.11889678167304e-24	8	FKBP11	up
7.81113019347284e-29	4.13585068401213	0.27	0.017	1.24939027444598e-24	8	FKBP7	up
1.28270448047524e-28	4.01072329655847	0.266	0.026	2.05168581652015e-24	8	PCDH7	up
2.76911507409842e-28	1.62238377457639	0.515	0.219	4.42919956102042e-24	8	NOP58	up
6.72357128581283e-28	3.27709660944788	0.281	0.036	1.07543522716576e-23	8	RCN1	up
1.04611777820109e-27	2.91924061526969	0.308	0.051	1.67326538623265e-23	8	CRYBG1	up
1.5048881614373e-27	1.84272259099655	0.485	0.169	2.40706861421897e-23	8	LPP	up
2.34647512320009e-27	3.15057218971889	0.279	0.036	3.75318695955855e-23	8	VAV2	up
2.65892109405703e-27	3.79964621603727	0.376	0.114	4.25294428994422e-23	8	LUM	up
2.87407085495794e-27	3.89798685391324	0.257	0.026	4.59707633250522e-23	8	APOH	up
3.00963405709126e-27	2.78221372939743	0.283	0.042	4.81390967431748e-23	8	FERMT2	up
3.576103419945e-27	4.07774772944856	0.24	0.014	5.71997742020202e-23	8	CHD5	up
5.35164012559308e-27	1.67237618829476	0.749	0.529	8.55994838088613e-23	8	FTH1	up
6.13855023866868e-27	4.06642928305465	0.24	0.015	9.81861110675055e-23	8	FAT1	up
6.140770867905e-27	3.26709521729038	0.257	0.028	9.82216300321406e-23	8	SETBP1	up
8.196095503919e-27	3.50238966559978	0.251	0.024	1.31096547585184e-22	8	PKD1	up
8.86272420912512e-27	4.86393812683188	0.23	0.015	1.41759273724956e-22	8	CXCL14	up
1.03781245569709e-26	1.38867814697667	0.713	0.484	1.6599810228875e-22	8	SSR4	up
1.15491247541579e-26	1.02300852676016	0.709	0.425	1.84728250442756e-22	8	ITGBL1	up
1.72122270739616e-70	-1.58353974121882	0.642	0.964	2.75309572048016e-66	9	RPL35A	down
1.41673247281768e-67	-1.5306513556016	0.719	0.976	2.26606359027188e-63	9	RPL36	down
3.19861281691228e-65	-1.38081212152175	0.755	0.985	5.11618120065118e-61	9	RPL26L1	down
3.74771092100762e-65	-1.35592537943418	0.731	0.976	5.99446361815168e-61	9	RPL27	down
5.83764066833585e-65	-1.57062285349372	0.624	0.952	9.33730624900319e-61	9	RPS21	down
1.01899459864886e-61	-1.35125586684545	0.74	0.979	1.62988186053886e-57	9	UBA52	down
1.22349984882348e-61	-1.37287270878875	0.761	0.987	1.95698800819316e-57	9	RPL13	down
1.21630031150935e-60	-1.31704171556957	0.755	0.979	1.94547234825921e-56	9	RPS10	down
1.71535828713949e-60	-1.33754151891615	0.685	0.967	2.74371558027961e-56	9	RPS13	down
2.44498277568313e-60	-1.44617085393573	0.78	0.983	3.91074994970517e-56	9	RPS12	down
3.75462761018909e-60	-1.29850535754051	0.725	0.978	6.00552686249744e-56	9	RPS19	down
4.96138665347366e-60	-1.34198287449158	0.734	0.981	7.93573795223112e-56	9	RPL39	down
1.13982532661361e-58	-1.60084964215355	0.722	0.963	1.82315060991847e-54	9	GAPDH	down
9.63052880292348e-58	-1.29577759966707	0.719	0.975	1.54040308202761e-53	9	RPL28	down
2.12969527072128e-57	-1.39567051116681	0.703	0.969	3.40644758551869e-53	9	RPL34	down
5.84990253372275e-57	-1.35159936437512	0.722	0.978	9.35691910268954e-53	9	RPL37	down
8.22577050310308e-57	-1.26542931635137	0.761	0.986	1.31571199197134e-52	9	RPS20	down
2.04846312749177e-56	-1.29249202144414	0.755	0.967	3.27651677242309e-52	9	RPS17	down
4.5506418499878e-56	-1.37228752945376	0.676	0.965	7.27875163905549e-52	9	RPS27A	down
1.80244871218566e-55	-1.32760454040018	0.713	0.979	2.88301671514097e-51	9	RPL31	down
2.15235840091459e-55	-1.30003921320862	0.771	0.98	3.44269726226289e-51	9	EEF1G	down
5.62002219509745e-55	-1.50990202727398	0.563	0.893	8.98922550105837e-51	9	RPL18A	down
9.14767997126276e-55	-1.37172928076329	0.673	0.965	1.46317141140348e-50	9	RPS11	down
2.09107070690465e-54	-1.39641446431792	0.743	0.979	3.34466759569398e-50	9	RPL36A	down
3.9766613831724e-54	-1.43750131703722	0.648	0.928	6.36066988238426e-50	9	RPS3A	down
5.38200223716982e-54	-1.37904242848806	0.651	0.954	8.60851257835313e-50	9	RPL18	down
8.0174245767634e-54	-1.33210192459735	0.697	0.967	1.28238706105331e-49	9	RPL13A	down
1.59044888187302e-52	-1.2523923290932	0.725	0.969	2.5439229865559e-48	9	RPS29	down
2.55341450131954e-52	-1.39468733027067	0.697	0.96	4.0841864948606e-48	9	RPL38	down
1.29581364563389e-51	-1.29628098243349	0.651	0.948	2.07265392619141e-47	9	RPS4X	down
1.92290250552984e-51	-1.24765998934945	0.703	0.972	3.07568255759498e-47	9	RPL15	down
2.0219656267858e-51	-1.22496323747191	0.731	0.962	3.23413402004388e-47	9	NME2	down
3.50394716387094e-51	-1.36151979306285	0.596	0.954	5.60456348861158e-47	9	RPS16	down
7.22846864752661e-51	-1.32004325490109	0.679	0.959	1.15619356017188e-46	9	SLC25A5	down
1.0706216645402e-50	-1.2544425266537	0.716	0.963	1.71245935243205e-46	9	RPS15	down
1.15542001208745e-50	-1.33377041109955	0.636	0.919	1.84809430933388e-46	9	RPL2	down
8.29284950097958e-50	-1.33954855338307	0.664	0.933	1.32644127768168e-45	9	RPS24	down
2.06172502710709e-49	-1.31593339487905	0.642	0.923	3.2977291808578e-45	9	RPS25	down
1.06779196382801e-48	-1.59373508147355	0.544	0.884	1.7079332461429e-44	9	RPL37A	down
1.61429446748642e-48	-1.27291149464113	0.728	0.977	2.58206400074453e-44	9	RPL12	down
1.76218699028215e-48	-1.18918895193599	0.749	0.982	2.81861809095629e-44	9	RPL14	down
3.57343793809081e-48	-1.49499668057188	0.55	0.898	5.71571398197625e-44	9	RPL23A	down
5.69004540250442e-48	-1.33995532784442	0.694	0.96	9.10122762130581e-44	9	RPL7	down
7.68724841299117e-48	-1.38241846284153	0.575	0.931	1.22957538365794e-43	9	RPL30	down
2.10033225454899e-47	-1.32583414523253	0.651	0.933	3.35948144115111e-43	9	RPS3	down
4.72082505598216e-47	-1.33042577927837	0.602	0.933	7.55095967704346e-43	9	RPL9	down
1.9935524764432e-46	-1.34087213089211	0.563	0.888	3.1886871860709e-42	9	RACK1	down
3.43361112080502e-46	-1.29638851205656	0.752	0.964	5.49206098772763e-42	9	RPL17	down
4.13351900726164e-46	-1.33608267559269	0.627	0.929	6.61156365211499e-42	9	RPL27A	down
7.22021420260626e-46	-1.40980074948016	0.624	0.912	1.15487326170687e-41	9	EEF1B2	down
1.64177534065899e-45	-1.20744187473178	0.719	0.973	2.62601965738406e-41	9	RPL11	down
3.04858197041489e-45	-1.28139658160281	0.572	0.897	4.87620686167861e-41	9	RPS5	down
4.82933142202653e-45	-1.23637601710003	0.719	0.965	7.72451560953144e-41	9	RPS7	down
1.15077576296257e-44	-1.42672285141922	0.514	0.846	1.84066583285862e-40	9	RPL10A	down
1.94797961561583e-44	-1.29705738358956	0.596	0.939	3.11579339517752e-40	9	DBI	down
2.3693628294347e-44	-1.4734964286523	0.578	0.923	3.7897958456808e-40	9	RPL22	down
2.09970667300234e-43	-2.08163514462657	0.391	0.802	3.35848082346724e-39	9	SRI	down
7.25656773595866e-43	-1.15232644963415	0.722	0.969	1.16068800936659e-38	9	RPLP0	down
1.99243189511536e-39	-1.09279868458497	0.661	0.912	3.18689481623702e-35	9	NACA	down
3.63379268633979e-39	-1.42595235208985	0.459	0.83	5.8122514018005e-35	9	SSR3	down
2.90051317126837e-38	-1.64294677696151	0.55	0.825	4.63937081744375e-34	9	LDHA	down
3.61294009846214e-38	-1.14659882165324	0.746	0.962	5.77889768749019e-34	9	PFN1	down
5.45484797179251e-37	-1.1284194975824	0.657	0.926	8.72502933088212e-33	9	RPL3	down
1.45908585164826e-36	-2.17372130193371	0.275	0.647	2.33380781971139e-32	9	GSTM1	down
3.89125327390208e-36	-1.63048647496097	0.324	0.717	6.22405961160637e-32	9	RSL24D1	down
1.03339509019498e-34	-2.61674576196811	0.333	0.673	1.65291544676687e-30	9	GSTM4	down
1.19812837033965e-34	-1.76388307013518	0.679	0.892	1.91640632835827e-30	9	ALDOA	down
3.034946257487e-34	-1.27296272955146	0.52	0.825	4.85439653885046e-30	9	RPL6	down
4.89419850937386e-33	-1.04423595666427	0.639	0.891	7.82827051574349e-29	9	ATP5MC2	down
4.95981312789381e-32	-2.15846257422669	0.312	0.65	7.93322109806616e-28	9	CRIP1	down
8.25163594510689e-32	-1.33078761699551	0.676	0.894	1.31984916941985e-27	9	HMGB2	down
1.08104119998908e-31	-1.21435292190749	0.612	0.873	1.72912539938254e-27	9	MYL12B	down
1.86577993458927e-31	-1.47741010170858	0.462	0.763	2.98431500537553e-27	9	TAGLN2	down
1.92512232073196e-31	-2.88828304983693	0.104	0.449	3.07923315201077e-27	9	GPI	down
3.63974157507352e-31	-3.92979000733796	0.122	0.472	5.82176664933009e-27	9	CATHL1	down
7.52220707061387e-31	-1.39576391750524	0.431	0.766	1.20317702094469e-26	9	RPL4	down
3.68534490063602e-30	-1.55568860415509	0.486	0.791	5.89470916856731e-26	9	TPM3	down
1.87544003199402e-29	-1.36747681679909	0.575	0.817	2.99976633117444e-25	9	ENO1	down
3.57520640118687e-29	-1.1173013102902	0.63	0.875	5.7185426386984e-25	9	CAPG	down
3.26258151603883e-26	-1.36212712333318	0.385	0.692	5.21849913490411e-22	9	PCBP2	down
4.72227524961477e-26	-1.15740841396177	0.529	0.808	7.55327926175882e-22	9	RPL22L1	down
1.14957074983999e-25	-1.16325990019754	0.437	0.757	1.83873841436906e-21	9	UQCRH	down
4.64973067906875e-25	-1.32919329496176	0.511	0.776	7.43724422117046e-21	9	ACTG1	down
6.14853198748762e-25	-3.30315190161533	0.211	0.507	9.83457691398644e-21	9	TKT	down
9.66348855324803e-25	-1.11592116557336	0.443	0.766	1.54567499409202e-20	9	YBX3	down
2.09228858294831e-24	-1.65131913523416	0.251	0.553	3.34661558842582e-20	9	RPL8	down
5.71429438749537e-24	-1.32578653731852	0.346	0.725	9.14001387279884e-20	9	ATP5MF	down
1.29872790935234e-23	-1.30219895088948	0.388	0.68	2.07731529100907e-19	9	ATP5MK	down
2.19839320303783e-23	-1.00298825759272	0.612	0.846	3.51632992825901e-19	9	EIF4A1	down
2.99440080892348e-23	-1.29209558496303	0.391	0.684	4.7895440938731e-19	9	NPM1	down
4.20153361572981e-23	-1.29463807512375	0.37	0.665	6.72035301835983e-19	9	UBE2L3	down
1.80316295887455e-22	-2.54397053794799	0.183	0.487	2.88415915271984e-18	9	FBP1	down
2.90755884453807e-22	-1.36847079060393	0.349	0.676	4.65064037183864e-18	9	BZW1	down
2.9397567742336e-22	-1.30576773342665	0.398	0.697	4.70214096038664e-18	9	LOC138510586	down
7.08227315307662e-22	-3.58796192906773	0.055	0.29	1.13280959083461e-17	9	OVCH1	down
2.70529420395406e-21	-3.58199764566901	0.156	0.424	4.32711807922452e-17	9	MMP18	down
2.99179883935916e-21	-1.35406291932136	0.321	0.604	4.78538224355498e-17	9	EEF1D	down
6.96466133416869e-21	-3.35561190798018	0.122	0.397	1.11399758040028e-16	9	LOC138580932	down
1.02322313296466e-20	-1.14906204402651	0.52	0.224	1.63664540117698e-16	9	CTSS	down
1.32247844635889e-20	-3.57053762733783	0.046	0.298	2.11530427495105e-16	9	CHIT1	down
4.04322223761631e-72	2.50295153760915	0.853	0.282	6.46713396906729e-68	9	ABCC5	up
2.96298386463172e-71	2.00334943975317	0.96	0.527	4.73929269147844e-67	9	RNASET2	up
1.87811741923277e-70	2.57812090902233	0.856	0.283	3.00404881206282e-66	9	MITF	up
3.71009710437978e-69	1.69632286780729	0.979	0.609	5.93430031845545e-65	9	DOCK2	up
3.77266678520471e-63	1.74066055640941	0.93	0.487	6.03438052293493e-59	9	PRSS16	up
6.19479343485518e-62	1.93934635546703	0.847	0.331	9.90857209905086e-58	9	PRCP	up
3.73286069144577e-61	1.94183405363572	0.887	0.431	5.9707106759675e-57	9	SLAMF8	up
1.77178546600539e-58	1.8935168011643	0.881	0.428	2.83397085287562e-54	9	RGS10	up
2.04738759019116e-58	1.85471134262995	0.896	0.477	3.27479645051075e-54	9	CD22	up
1.33400226123798e-55	2.01730762094793	0.856	0.392	2.13373661685015e-51	9	SLC23A2	up
8.06871891657493e-54	1.94692078650696	0.813	0.316	1.29059159070616e-49	9	SPRED1	up
1.32782745532396e-53	1.79794894865012	0.856	0.403	2.12386001479067e-49	9	VPS13C	up
4.71791231517504e-53	1.98396258809951	0.853	0.392	7.54630074812248e-49	9	WDFY4	up
3.14676721878045e-52	1.85201813574079	0.896	0.403	5.03325416643932e-48	9	CSF1R	up
4.6793342368796e-52	1.65151969055353	0.841	0.37	7.48459511188892e-48	9	SLC7A8	up
1.4312702830156e-51	1.51227135478921	0.927	0.531	2.28931681768345e-47	9	LGMN	up
1.67739102041084e-51	1.28067709291389	0.966	0.735	2.68298693714714e-47	9	GRN	up
5.5466203002646e-51	2.2283301081375	0.755	0.274	8.87181917027323e-47	9	RGS18	up
7.83631724651532e-51	1.88767406776476	0.719	0.278	1.25341894358013e-46	9	SLC4A11	up
1.73651816180865e-50	1.4015578340887	0.905	0.5	2.77756079981294e-46	9	NCKAP1L	up
3.98976647149982e-50	2.07522521590536	0.74	0.26	6.38163147116396e-46	9	ARHGAP20	up
6.62566851413816e-50	1.67804451460472	0.927	0.571	1.0597756788364e-45	9	LGALS3BP	up
1.58621992715485e-49	1.5898071480237	0.869	0.512	2.53715877348418e-45	9	ASAH1	up
9.36579241313415e-49	2.28107703918784	0.673	0.19	1.49805849648081e-44	9	MERTK	up
1.22329090982526e-48	1.74215807690206	0.798	0.356	1.95665381026551e-44	9	RABEP1	up
1.36319212020399e-48	2.10465572917991	0.716	0.26	2.18042579626628e-44	9	PEPD	up
1.73787805355109e-48	1.93935388210199	0.807	0.317	2.77973594665497e-44	9	LRP1	up
3.04097242447077e-48	1.50666249804724	0.826	0.345	4.86403539294099e-44	9	MARCO	up
5.70324420912286e-48	1.85525259007239	0.743	0.289	9.12233911249201e-44	9	RASA1	up
1.80931435993524e-47	1.57168917534364	0.902	0.513	2.89399831871642e-43	9	NRK	up
3.95447431575452e-47	1.76002348979632	0.783	0.353	6.32518166804936e-43	9	PIK3CB	up
1.03280570236003e-46	1.73249464686456	0.761	0.347	1.65197272092487e-42	9	PLD3	up
1.13307454845757e-46	2.71090820372319	0.602	0.148	1.81235274025788e-42	9	PLXNA4	up
1.15881333155758e-46	2.56672246346643	0.661	0.206	1.85352192382635e-42	9	FSHR	up
5.49078872158229e-46	1.97147832830421	0.737	0.275	8.78251656017088e-42	9	TMEM104	up
1.15429495722114e-45	1.39783605709511	0.823	0.436	1.84629478407521e-41	9	IGF2R	up
1.18245724602435e-45	2.13061435338652	0.67	0.228	1.89134036501595e-41	9	TNFSF12	up
1.7030068834827e-45	2.25572557357559	0.725	0.254	2.72395951013057e-41	9	CD5L	up
2.65953244129084e-45	1.41065163205519	0.966	0.731	4.25392213984471e-41	9	PSAP	up
3.3704653959219e-45	1.64388435548067	0.804	0.345	5.39105940077708e-41	9	EVL	up
5.03914619080629e-45	2.17478739205697	0.67	0.225	8.06011433219466e-41	9	SLC2A13	up
3.66264162842387e-44	1.5760831081879	0.881	0.474	5.85839528466398e-40	9	ELMO1	up
1.09909519968715e-43	1.35605078353951	0.936	0.607	1.7580027718996e-39	9	ARAP1	up
1.90067094058007e-43	1.70868050460698	0.832	0.398	3.04012316945782e-39	9	C1QB	up
3.5141902369496e-43	2.40173088055469	0.609	0.166	5.62094728400088e-39	9	SNX24	up
9.67874757264359e-42	2.15486934964826	0.615	0.201	1.54811567424434e-37	9	SCIN	up
5.39165657879281e-41	1.61902728693869	0.81	0.413	8.62395469777909e-37	9	RALGAPA2	up
6.55474601309258e-41	1.61458302082461	0.862	0.596	1.04843162479416e-36	9	CMKLR1	up
4.2844412452611e-40	2.49492177985831	0.511	0.121	6.85296377179513e-36	9	DNASE2B	up
4.83972673750788e-40	1.70651020367994	0.786	0.376	7.74114291664386e-36	9	CTSD	up
5.71327891536884e-40	1.47041499560636	0.804	0.402	9.13838962513246e-36	9	TGFBI	up
1.12735378989953e-39	1.54142122394171	0.795	0.418	1.80320238694429e-35	9	FKBP15	up
1.3523493043013e-39	2.0028420629323	0.661	0.23	2.16308271222993e-35	9	GRAP	up
2.87917536887051e-39	1.46491829827986	0.85	0.422	4.60524100250838e-35	9	APOE	up
7.76785087860681e-39	1.36729494301981	0.826	0.497	1.24246774803316e-34	9	APP	up
1.17012467281737e-38	1.48028698098717	0.792	0.429	1.87161441417138e-34	9	MFSD1	up
1.29348396204879e-38	1.18679932524097	0.893	0.535	2.06892759729704e-34	9	GAS7	up
1.57880659136806e-38	2.18135263116587	0.627	0.192	2.52530114289322e-34	9	FAXDC2	up
1.79862581767968e-38	1.90350388448804	0.63	0.214	2.87690199537865e-34	9	ARHGAP6	up
1.83585100985218e-37	2.51077194610226	0.544	0.134	2.93644369025857e-33	9	TLR3	up
2.29880338208019e-37	1.76297091956219	0.728	0.346	3.67693600963727e-33	9	ABCA1	up
6.29565727601792e-37	1.60915140021556	0.789	0.396	1.00699038129907e-32	9	INPP5D	up
8.1113493893381e-37	1.75646074712654	0.734	0.337	1.29741033482463e-32	9	ABCC4	up
3.41966718858394e-36	1.16315159550635	0.951	0.733	5.46975766814001e-32	9	CTSB	up
1.27658945681118e-35	1.15447292610656	0.89	0.545	2.04190483616948e-31	9	CTSZ	up
1.626039689103e-35	2.06943911631942	0.602	0.205	2.60085048272025e-31	9	PRKAG2	up
2.61070632122491e-35	1.62552744004698	0.703	0.294	4.17582476079924e-31	9	VAC14	up
5.05153886228491e-35	1.61816145149087	0.722	0.344	8.07993641022472e-31	9	DOCK10	up
7.12026652483836e-35	1.6983668136975	0.657	0.258	1.1388866306479e-30	9	ITPR3	up
8.33372506579684e-35	1.82990181583831	0.563	0.213	1.3329793242742e-30	9	SLC29A3	up
8.76722946624653e-35	2.0222659960948	0.541	0.162	1.40231835312613e-30	9	SCIMP	up
9.26447874402045e-35	1.3173865992885	0.765	0.397	1.48185337510607e-30	9	MBP	up
2.06064995448448e-34	1.76650067845514	0.609	0.23	3.29600960219793e-30	9	TBC1D9B	up
2.36242525829703e-34	1.54511732083103	0.789	0.395	3.77869920064609e-30	9	C1QC	up
2.45317802854867e-34	2.22229060440279	0.502	0.14	3.9238582566636e-30	9	SLCO2B1	up
4.30939471778329e-34	2.03875411888336	0.578	0.184	6.89287685109437e-30	9	TTYH3	up
4.60342180699885e-34	1.64024190430027	0.679	0.292	7.36317318029467e-30	9	ATP2B1	up
1.28940479532241e-33	2.23425642375662	0.505	0.131	2.06240297011819e-29	9	RENBP	up
1.45433305422067e-33	2.04728427306636	0.606	0.201	2.32620572022596e-29	9	LOC138531671	up
1.495635519535e-33	1.66111973207632	0.599	0.253	2.39226901349623e-29	9	GDA	up
1.96062104958668e-33	1.34652458878542	0.709	0.346	3.13601336881389e-29	9	PREX1	up
3.66576561945493e-33	1.51619629412686	0.74	0.36	5.86339210831817e-29	9	CARMIL3	up
5.22626438837841e-33	1.43601594951318	0.826	0.419	8.35940988921127e-29	9	TTN	up
7.08112584149503e-33	1.9082974006265	0.538	0.169	1.13262607834713e-28	9	PLXNB3	up
1.35631737112359e-32	1.83912537514832	0.593	0.224	2.16942963511218e-28	9	ZFYVE26	up
3.45533332172982e-32	1.30333217122714	0.765	0.397	5.52680564810684e-28	9	DNASE2	up
4.03208054548157e-32	1.78154760709148	0.664	0.293	6.44931283249778e-28	9	TEC	up
5.03311146815735e-32	1.9105358728225	0.636	0.254	8.05046179331768e-28	9	UST	up
8.05606514851938e-32	1.90250378939058	0.532	0.189	1.28856762050567e-27	9	NRROS	up
9.09567516544148e-32	1.68271232576557	0.661	0.277	1.45485324271236e-27	9	F13A1	up
1.02579842855039e-31	1.75280532110157	0.581	0.226	1.64076458646635e-27	9	CEP250	up
1.9778938128754e-31	2.1372309837771	0.563	0.174	3.1636411536942e-27	9	SLC38A9	up
3.62976864900494e-31	1.52108509761	0.664	0.302	5.8058149540834e-27	9	MFSD11	up
4.99047237870704e-31	2.02137728525698	0.535	0.174	7.98226056974191e-27	9	TMEM86A	up
5.19577293968549e-31	1.3292483857907	0.719	0.367	8.31063881702694e-27	9	PIP4K2B	up
5.67289868875971e-31	1.68040105567469	0.584	0.241	9.07380145267116e-27	9	CYP4V2	up
6.80253610009964e-31	1.27496132175246	0.716	0.379	1.08806564921094e-26	9	GNAL	up
8.66077376672727e-31	1.18108407541642	0.933	0.631	1.38529076398803e-26	9	FYB1	up
9.0455559238384e-31	1.36838043874579	0.651	0.314	1.44683667001795e-26	9	AP3B1	up
9.37310802344803e-31	1.7095657413794	0.606	0.237	1.49922862835051e-26	9	ARHGAP17	up
2.60372771250057e-42	-2.58382953850777	0.276	0.779	4.16466247614466e-38	10	ACTG1	down
2.37219630157917e-38	-3.44732587369561	0.151	0.675	3.79432798437588e-34	10	PLIN2	down
1.72887869999587e-37	-2.15169586782041	0.564	0.899	2.76534148064339e-33	10	KRT5	down
2.32821611373153e-37	-2.54075418415523	0.378	0.812	3.72398167391358e-33	10	PMP2	down
9.02623596670632e-36	-3.82074240493543	0.084	0.602	1.44374644287468e-31	10	LOC138503155	down
1.90397892662748e-35	-2.80865248988949	0.329	0.756	3.04541429314066e-31	10	LGALS9	down
6.09974069791121e-34	-2.75803485617577	0.187	0.692	9.75653524630899e-30	10	ZFP36	down
3.29227370359846e-32	-1.67605934645127	0.573	0.894	5.26599178890574e-28	10	HMGB2	down
9.07706786955141e-31	-3.73720166733067	0.084	0.562	1.45187700573475e-26	10	C5AR1	down
2.37530938008975e-30	-2.87326979594095	0.093	0.538	3.79930735345355e-26	10	ZFP36L2	down
3.03343220465339e-30	-2.594294501056	0.249	0.659	4.85197481134309e-26	10	CYBA	down
3.89966323412807e-29	-2.40451442895251	0.182	0.652	6.23751134298785e-25	10	FYB1	down
8.10026284923371e-28	-2.18167310614012	0.373	0.718	1.29563704273493e-23	10	CD209	down
2.79436087744551e-27	-4.55724235703871	0.031	0.458	4.4695802234741e-23	10	TLR5	down
8.75418375560926e-27	-3.03756478096834	0.084	0.514	1.4002316917097e-22	10	LYN	down
1.52483588554458e-26	-2.29985064638749	0.2	0.614	2.43897499892855e-22	10	HMGN2	down
2.10210741661225e-26	-1.77603805020762	0.529	0.805	3.36232081287129e-22	10	BASP1	down
6.11084528932682e-25	-4.59228592846556	0.031	0.419	9.77429704027825e-21	10	IL1B	down
1.12626627942798e-24	-3.58609058162381	0.067	0.471	1.80146291394505e-20	10	FGR	down
1.81283761344577e-24	-3.10425817980769	0.076	0.495	2.89963376270651e-20	10	DIAPH2	down
1.95032270371151e-24	-3.80634004206183	0.062	0.481	3.11954116458656e-20	10	ITGAX	down
7.01619322094127e-24	-3.51315119555034	0.08	0.511	1.12224010568956e-19	10	NCK1	down
1.98161268067373e-23	-4.03532720886779	0.036	0.43	3.16958948273763e-19	10	CELF2	down
3.090998651626e-23	-1.79946388839259	0.347	0.715	4.94405234327579e-19	10	LSP1	down
3.51432071277921e-23	-3.69940489881845	0.062	0.449	5.62115598009035e-19	10	C13H1orf162	down
8.52856134162e-23	-4.5026914239053	0.031	0.398	1.36414338659212e-18	10	CXCR2	down
8.96661320054128e-23	-6.31844862107363	0.009	0.352	1.43420978142658e-18	10	IL1R1	down
1.43023394246055e-22	-1.6431417258249	0.329	0.654	2.28765919096565e-18	10	PRDX1	down
1.58997888399069e-22	-3.5302604408517	0.102	0.478	2.54317122494311e-18	10	PLIN3	down
3.87612891886423e-22	-2.46656966116191	0.164	0.569	6.19986820572333e-18	10	RHOG	down
4.61288291874332e-22	-4.22670174948378	0.022	0.372	7.37830622852994e-18	10	ANKRD44	down
8.18963671272158e-22	-2.32257355609499	0.369	0.704	1.30993239219982e-17	10	ODC1	down
9.90401766936378e-22	-2.67498791592936	0.573	0.819	1.58414762621474e-17	10	CTSL	down
1.41050669123729e-21	-4.84753172938193	0.013	0.346	2.25610545263405e-17	10	HPSE	down
5.25197283359375e-21	-3.80481467506661	0.076	0.444	8.4005305473332e-17	10	TREX2	down
7.49825285281947e-21	-2.17362749686512	0.236	0.619	1.19934554380847e-16	10	VSIR	down
1.5934119373767e-20	-3.17444201022122	0.062	0.384	2.54866239383404e-16	10	SORL1	down
1.85742430437709e-20	-4.27249834590451	0.027	0.384	2.97095017485115e-16	10	CDC25B	down
2.14910869721443e-20	-2.68829304362394	0.111	0.469	3.43749936119448e-16	10	JUND	down
5.4874686397495e-20	-2.63612577179936	0.142	0.491	8.77720608927933e-16	10	C2PH19orf33	down
6.67562534945328e-20	-3.0154073235073	0.24	0.576	1.06776627464505e-15	10	S100A4	down
7.85422783084107e-20	-1.90433643860735	0.236	0.593	1.25628374154303e-15	10	ASGR1	down
1.91633171012877e-19	-4.84380727026521	0.013	0.315	3.06517257035096e-15	10	LPAR6	down
7.24040072345268e-19	-1.41699944224658	0.396	0.701	1.15810209571626e-14	10	TARM1	down
7.84659256034385e-19	-3.77381252023938	0.027	0.335	1.255062480027e-14	10	LRRK2	down
7.99881358300831e-19	-4.28523948748304	0.009	0.289	1.27941023260218e-14	10	SEMA4A	down
1.19222033430253e-18	-3.86555770655878	0.036	0.344	1.9069564247169e-14	10	FMNL1	down
2.23164789417473e-18	-5.32729628182783	0.013	0.289	3.56952080673248e-14	10	FGL2	down
2.26039056810279e-18	-3.37897185539297	0.058	0.377	3.61549471368041e-14	10	CEACAM5	down
2.8973396218794e-18	-1.93234642922975	0.133	0.482	4.6342947251961e-14	10	RNF213	down
3.51799907000592e-18	-3.43629118611592	0.044	0.338	5.62703951247447e-14	10	SAMSN1	down
3.8224111916434e-18	-1.39760707948117	0.573	0.816	6.11394670103361e-14	10	LOC138504630	down
4.02502681063052e-18	-5.54189549586447	0.009	0.31	6.43803038360352e-14	10	NCF1	down
4.18448067093901e-18	-4.25145613226135	0.093	0.414	6.69307683316695e-14	10	BTN1A1	down
4.9713783509936e-18	-3.61516615316371	0.044	0.338	7.95171967241427e-14	10	ARHGEF18	down
6.76658992503302e-18	-2.35552233653069	0.129	0.461	1.08231605850903e-13	10	NAMPT	down
7.83818108122669e-18	-2.41995198475086	0.156	0.499	1.25371706394221e-13	10	CD22	down
1.4994812686563e-17	-5.97352995281825	0.013	0.296	2.39842028921576e-13	10	CHIT1	down
1.52696698754872e-17	-2.71268265907798	0.093	0.425	2.44238369658418e-13	10	DGKZ	down
1.70368025766724e-17	-2.23340480875917	0.12	0.468	2.72503657213875e-13	10	CYTH1	down
1.7628088435712e-17	-2.0130483224719	0.338	0.661	2.81961274529213e-13	10	KRT1	down
4.31473941584199e-17	-2.17178143769975	0.12	0.437	6.90142569563926e-13	10	ELF1	down
5.32344987819854e-17	-1.43268413026638	0.293	0.629	8.51485808017856e-13	10	DOCK2	down
6.37029258286906e-17	-2.10827917347909	0.213	0.509	1.01892829862991e-12	10	MARCKS	down
7.17178192615531e-17	-1.65956027252217	0.307	0.597	1.14712651908854e-12	10	MYH9	down
9.3823505943551e-17	-1.72086051592158	0.289	0.595	1.5007069775671e-12	10	GNAI2	down
1.07528326088141e-16	-3.80974624231113	0.062	0.345	1.71991557577981e-12	10	CXCL8	down
1.15796035925001e-16	-2.92887569248069	0.036	0.299	1.85215759462038e-12	10	SH2B3	down
1.69095139400619e-16	-2.41934682742618	0.071	0.339	2.7046767547129e-12	10	IFI44	down
2.01936750153058e-16	-2.49724480464098	0.093	0.427	3.22997831869816e-12	10	PRKCD	down
2.3959021756401e-16	-4.09535895242686	0.044	0.314	3.83224552993635e-12	10	SLC44A5	down
2.49021377054203e-16	-3.26438152748539	0.204	0.504	3.98309692598198e-12	10	TKT	down
2.74912996170423e-16	-2.37599304351141	0.08	0.367	4.39723337374592e-12	10	ENTPD1	down
3.14722466234674e-16	-1.90248521112094	0.182	0.508	5.03398584742361e-12	10	EPB41L3	down
4.09415243691434e-16	-4.60772544212538	0.08	0.378	6.54859682284448e-12	10	ARG1	down
6.17404032360879e-16	-2.94235602675578	0.062	0.354	9.87537749761226e-12	10	ARHGAP33	down
6.88488976431771e-16	-2.84309675804159	0.062	0.376	1.10123811780262e-11	10	TNFRSF1A	down
7.04411300338105e-16	-2.5567781279506	0.102	0.42	1.1267058748908e-11	10	SLC43A2	down
8.28188166344546e-16	-5.73936701587605	0.009	0.278	1.3246869720681e-11	10	PTGS2	down
1.01065287159231e-15	-1.81974964992222	0.222	0.553	1.6165392681119e-11	10	ASAP1	down
1.09953478103606e-15	-3.85593710381502	0.036	0.341	1.75870588226717e-11	10	ADGRE1	down
1.34361387293719e-15	-1.92024232981443	0.227	0.509	2.14911038976304e-11	10	PRSS16	down
1.43082253379815e-15	-1.87470261594538	0.187	0.492	2.28860064281015e-11	10	SSUH2	down
1.70329430714905e-15	-2.91021095390013	0.04	0.276	2.7244192442849e-11	10	MGAT4D	down
2.02113371042627e-15	-3.11400615635925	0.058	0.314	3.23280336982681e-11	10	ANTXR2	down
2.32123947330381e-15	-2.40015326219286	0.12	0.414	3.71282253754944e-11	10	SLC23A2	down
2.66358255293148e-15	-3.41717094262001	0.076	0.329	4.26040029341391e-11	10	ACOD1	down
2.93778305344922e-15	-3.45149667763655	0.049	0.304	4.69898399399203e-11	10	ANO10	down
3.93760359226284e-15	-2.17532777850132	0.129	0.418	6.29819694582441e-11	10	NAIP	down
4.89096326970579e-15	-2.7515619470151	0.138	0.427	7.82309574989441e-11	10	ANGPTL4	down
5.655673380077e-15	-2.91197956480991	0.093	0.397	9.04624957143317e-11	10	CORO1A	down
5.80149803507565e-15	-2.33888072383207	0.111	0.429	9.2794961071035e-11	10	ADAM	down
5.88359047262793e-15	-3.38721420648537	0.098	0.393	9.41080296096837e-11	10	SFTPD	down
7.28775211354714e-15	-2.61532468237006	0.133	0.379	1.16567595056187e-10	10	MAG	down
7.58208194931808e-15	-3.20439068073903	0.053	0.306	1.21275400779343e-10	10	INSR	down
7.93514357601381e-15	-4.54539400025458	0.04	0.3	1.26922621498341e-10	10	RasGEF	down
7.94213471814932e-15	-2.02636722304085	0.222	0.532	1.27034444816798e-10	10	CYBB	down
7.96484013756881e-15	-5.21941999249363	0.009	0.275	1.27397618000413e-10	10	LTB4R	down
8.13823075602953e-15	-3.1061969667462	0.031	0.296	1.30171000942692e-10	10	MAFB	down
8.35919549791322e-15	-1.49437513584731	0.178	0.494	1.33705331989122e-10	10	ELMO1	down
2.41530679566434e-118	4.78460005340101	0.996	0.174	3.86328321966511e-114	10	NFATC1	up
4.04873868441951e-105	4.58146013157436	0.876	0.099	6.475957525729e-101	10	SLC9B2	up
1.52326179052455e-103	4.91271678612947	0.836	0.065	2.43645723394402e-99	10	TREM1	up
1.28117598248781e-98	3.61679680673707	0.858	0.089	2.04924098398924e-94	10	ITGB3	up
1.44410108288868e-92	8.65054773077642	0.684	0.013	2.30983968208044e-88	10	SLC4A2	up
2.34188787501476e-89	3.43762458043849	0.889	0.191	3.7458496560861e-85	10	SDC1	up
4.01691909620505e-86	5.89723660779099	0.929	0.355	6.42506209437998e-82	10	CTSK	up
1.04798132721668e-84	3.86982861766184	0.831	0.124	1.67624613288308e-80	10	XPR1	up
3.649725441099e-83	5.64560639918982	0.676	0.037	5.83773584303786e-79	10	DCBLD2	up
2.7171210035717e-82	4.26881964923067	0.924	0.402	4.34603504521294e-78	10	CKB	up
1.92746351989571e-81	5.55459917863748	0.667	0.02	3.08297790007318e-77	10	PPARGC1A	up
6.25920574063484e-81	3.22753526394423	0.827	0.133	1.00115995821454e-76	10	ATP6V1C2	up
8.36379903493303e-79	3.076758476779	0.844	0.182	1.33778965563754e-74	10	ITGAD	up
1.06751478878765e-77	3.30267107639343	0.804	0.136	1.70748990466585e-73	10	PRDM1	up
1.00090011597503e-76	7.21455658192234	0.578	0.007	1.60093973550205e-72	10	CA7	up
2.44154881133482e-76	3.6105271706801	0.822	0.219	3.90525732373004e-72	10	SLC37A2	up
2.79869207153679e-76	2.99633179480112	0.938	0.492	4.47650796842309e-72	10	CYCS	up
7.10799400628139e-76	3.38704546362161	0.804	0.165	1.13692364130471e-71	10	CLCN7	up
1.21498092736114e-75	4.69991783353561	0.631	0.039	1.94336199331414e-71	10	SLC24A3	up
5.47657423675955e-75	3.07665107506218	0.836	0.164	8.7597804916969e-71	10	FMNL2	up
1.66126958765528e-74	3.416075610498	0.858	0.176	2.65720070545463e-70	10	MSI2	up
1.81315026406194e-74	2.66632643336259	0.942	0.367	2.90013384736708e-70	10	ATP1B1	up
6.34590722065786e-74	2.77281007957756	0.96	0.431	1.01502785994422e-69	10	ACP5	up
3.16243260070194e-73	2.19657680002535	0.982	0.559	5.05831094482275e-69	10	ATP6V1B2	up
8.75637811171355e-73	3.8437493878287	0.791	0.129	1.40058267896858e-68	10	ENO3	up
8.27524479175844e-72	2.82426969437095	0.858	0.249	1.32362540444176e-67	10	MPC1	up
4.68288459810148e-71	2.48506833127075	0.916	0.3	7.49027391466331e-67	10	ANPEP	up
1.64907494511166e-70	3.07252111824338	0.84	0.191	2.6376953747061e-66	10	HSPD1	up
1.60934787392817e-69	4.24582023410383	0.64	0.047	2.57415192434811e-65	10	ESRRG	up
1.5034859902258e-68	7.53911333537032	0.524	0.005	2.40482584136617e-64	10	DCSTAMP	up
5.72386925224542e-68	1.80956908624422	0.987	0.77	9.15532886896656e-64	10	ATP6V0C	up
3.21256969962039e-67	2.99669381906641	0.791	0.144	5.13850523454282e-63	10	SIGLEC15	up
2.83107871748545e-66	1.63871483573337	1	0.735	4.52831040861797e-62	10	ATP6V1A	up
4.12419735185107e-66	3.76603902037312	0.729	0.11	6.59665366428578e-62	10	ID2	up
9.25220475084446e-65	3.21345738564754	0.729	0.113	1.47989014989757e-60	10	PDZD2	up
3.94504491998056e-63	2.86936153652871	0.724	0.166	6.3100993495089e-59	10	PLEKHM1	up
1.16752001348803e-60	2.23684811392473	0.956	0.623	1.8674482615741e-56	10	ATP5MC3	up
8.65036626325718e-60	2.92236719363113	0.764	0.17	1.38362608380799e-55	10	MAST2	up
2.43027805669447e-59	1.75248314778601	0.96	0.725	3.88722975168281e-55	10	COX7A2	up
3.707252424199e-59	2.90420800592986	0.751	0.166	5.9297502525063e-55	10	PITPNC1	up
1.13993475963605e-58	5.24673698767149	0.52	0.024	1.82332564803786e-54	10	ANKH	up
2.14578790944845e-58	4.79695975069523	0.524	0.039	3.4321877611628e-54	10	SLC39A1	up
4.10519723449241e-58	2.53506087820686	0.782	0.22	6.56626297657062e-54	10	PTPN22	up
9.13853683057648e-58	2.78321991556105	0.791	0.164	1.46170896605071e-53	10	TTC39A	up
3.52920339048276e-57	1.7054214584301	0.942	0.508	5.64496082307717e-53	10	TCIRG1	up
4.86397586212215e-57	1.71324915596118	0.947	0.663	7.77992939146437e-53	10	ATP5MK	up
5.97441629497845e-57	3.18088139771141	0.698	0.122	9.55607886381804e-53	10	CD44	up
1.24924177699174e-56	1.67019621279482	0.956	0.526	1.99816222229829e-52	10	LMNA	up
9.84468424399138e-55	3.72397514282872	0.573	0.069	1.57465724482642e-50	10	CHCHD10	up
2.43088980162028e-54	2.14657686350614	0.867	0.317	3.88820823769164e-50	10	MDH1	up
2.80938149090823e-54	2.10288910789435	0.836	0.309	4.49360569470771e-50	10	NEDD4L	up
3.09057534138081e-54	4.8726126816587	0.489	0.019	4.94337525853861e-50	10	OAF	up
3.12707044855806e-54	3.0124501298089	0.68	0.134	5.00174918246862e-50	10	DGKI	up
2.27975680965376e-53	2.93071605951145	0.662	0.118	3.64647101704118e-49	10	LDHB	up
3.70350821630565e-53	2.46578581507244	0.72	0.15	5.92376139198089e-49	10	NRP2	up
1.13791436940073e-51	2.59568911233348	0.684	0.138	1.82009403385647e-47	10	ACO2	up
1.49602752529506e-51	1.80333393860016	0.929	0.505	2.39289602670945e-47	10	IVNS1ABP	up
2.62669339106786e-51	1.97076168385367	0.858	0.366	4.20139607901304e-47	10	UQCRB	up
8.32007257336763e-51	5.47086029708706	0.427	0.013	1.33079560811015e-46	10	BCAR3	up
1.89264526340041e-50	2.05101802313969	0.956	0.527	3.02728609880895e-46	10	MMP9	up
2.99575783628062e-50	2.48622530795268	0.702	0.169	4.79171465913086e-46	10	SLCO4A1	up
4.56524782469021e-50	2.58837141847467	0.716	0.196	7.30211389559199e-46	10	TNFRSF6B	up
8.33653326539576e-50	1.56410771483719	0.956	0.407	1.33342849580005e-45	10	CSF1R	up
1.52460618875974e-49	1.55494078850721	0.956	0.506	2.43860759892121e-45	10	SPACA4	up
1.61892515353171e-49	2.94974859473648	0.6	0.096	2.58947078307398e-45	10	MYO1E	up
2.10082474992311e-49	1.99314458538808	0.836	0.366	3.36026918750202e-45	10	TMED10	up
2.61573671954047e-49	1.64699839987853	0.92	0.503	4.18387088290497e-45	10	ATP6V1E1	up
5.37365636276684e-49	2.19605399569591	0.796	0.26	8.59516335224556e-45	10	CADM1	up
1.57793799092623e-47	3.17964013575411	0.564	0.081	2.52391181648651e-43	10	MCOLN3	up
4.67669541097563e-47	1.67317551712427	0.871	0.499	7.48037430985551e-43	10	ATP5PD	up
7.51220222247591e-47	1.80631132969239	0.889	0.485	1.20157674548502e-42	10	UQCR10	up
1.38268430972307e-46	1.33152837401843	0.929	0.618	2.21160355340205e-42	10	ATP6V0E1	up
2.18311892967328e-46	2.75689044795272	0.644	0.127	3.49189872801241e-42	10	SRC	up
2.25547647481617e-46	3.00365979942372	0.564	0.096	3.60763462146846e-42	10	NDST1	up
1.18010572037377e-45	2.47646432230185	0.636	0.134	1.88757909973784e-41	10	C1QBP	up
2.3499317784447e-45	1.89194813095499	0.853	0.346	3.7587158796223e-41	10	MGARP	up
2.56155394640853e-45	1.79206517223293	0.769	0.256	4.09720553728044e-41	10	MYOF	up
4.30436500908122e-45	2.0715444046747	0.711	0.226	6.88483183202541e-41	10	CNN2	up
1.37423977059387e-44	1.94651752049397	0.796	0.27	2.19809651306489e-40	10	ABR	up
2.70075862238754e-44	5.54470518361467	0.382	0.009	4.31986341650887e-40	10	CHST2	up
3.52869774136011e-44	1.87010761103456	0.822	0.371	5.6441520373055e-40	10	ATP6V1F	up
7.86842876087658e-44	2.99342580914981	0.524	0.072	1.25855518030221e-39	10	OCSTAMP	up
8.61065833582783e-44	1.8923510723546	0.871	0.435	1.37727480081566e-39	10	IDH2	up
2.19590653970598e-43	1.65017841335728	0.884	0.475	3.51235251025971e-39	10	COX7A2L	up
4.43455820640853e-43	3.44036852379994	0.476	0.059	7.09307585115044e-39	10	GALNS	up
5.6302324449212e-43	4.01547153407796	0.427	0.028	9.00555679565147e-39	10	FAM110C	up
7.88024848843131e-43	2.52113476179309	0.667	0.148	1.26044574572459e-38	10	SLIRP	up
9.0548600513282e-43	2.44914762821847	0.631	0.166	1.44832486520995e-38	10	ITGAV	up
1.25185765489511e-42	1.73535849579586	0.876	0.461	2.00234631900472e-38	10	COX5A	up
1.83102613252176e-41	1.75657799734408	0.893	0.509	2.92872629896855e-37	10	MOB1A	up
2.54234925588175e-41	1.78981768145121	0.8	0.366	4.06648763478285e-37	10	ATP6V0B	up
6.94305065142751e-41	2.32042337143431	0.693	0.201	1.11054095169583e-36	10	CYC1	up
7.64766917115137e-41	1.77595945208267	0.791	0.334	1.22324468392566e-36	10	MGST3	up
1.23594333582849e-40	1.6806659710846	0.782	0.302	1.97689136565767e-36	10	SULF2	up
1.77279844649862e-40	1.59796147776638	0.849	0.369	2.83559111517454e-36	10	ADAM8	up
2.36512383721401e-40	1.24145338560686	0.96	0.725	3.78301557762381e-36	10	NDUFA4	up
2.41874569878695e-40	1.33779509430078	0.933	0.724	3.86878374520972e-36	10	COX6A1	up
3.80434608331603e-40	2.31900741426875	0.631	0.177	6.08505156026399e-36	10	TBC1D1	up
7.70885781462695e-40	1.47886132395962	0.911	0.612	1.23303180744958e-35	10	ATP5F1B	up
1.73352219969431e-39	1.53628160902967	0.884	0.418	2.77276875841104e-35	10	ITPKA	up
4.17125087332723e-33	-2.3085066157723	0.631	0.93	6.6719157718869e-29	11	DBI	down
2.00630825225745e-31	-3.08243833057863	0.282	0.804	3.20909004948579e-27	11	BASP1	down
1.15847153410521e-29	-4.35371519766596	0.087	0.7	1.85297521880129e-25	11	TARM1	down
5.75104000117137e-29	-3.0099793941342	0.262	0.748	9.19878848187361e-25	11	GRN	down
7.8532382936023e-27	-3.32742159609226	0.175	0.716	1.25612546506169e-22	11	CD209	down
1.14514172831678e-25	-4.28360142990164	0.058	0.656	1.83165419444268e-21	11	CYBA	down
1.16407247717394e-24	-4.5936099224068	0.058	0.627	1.86193392723972e-20	11	DOCK2	down
2.08830511242517e-24	-3.72006337602092	0.068	0.605	3.34024402732406e-20	11	STOM	down
5.64807440493666e-24	-2.63944124750567	0.544	0.825	9.03409501069619e-20	11	LOC138562538	down
1.93163403239454e-23	-1.69429828087297	0.524	0.89	3.08964863481506e-19	11	LOC138516040	down
2.31420686549866e-23	-4.28285604365882	0.029	0.609	3.70157388136511e-19	11	LOC138503116	down
2.62302213235538e-23	-3.31197607453131	0.311	0.742	4.19552390070243e-19	11	PLAUR	down
4.49153130938315e-23	-4.62643090004137	0.087	0.65	7.18420432935835e-19	11	S6C6	down
8.52404698804018e-23	-3.74424397811666	0.117	0.642	1.36342131573703e-18	11	MPEG1	down
1.72701148861388e-22	-4.10362521609679	0.087	0.62	2.7623548760379e-18	11	TNFRSF1B	down
2.27931894738274e-22	-4.26932854422934	0.058	0.608	3.64577065633869e-18	11	LCP1	down
3.4628185895738e-22	-3.08169848789551	0.204	0.665	5.5387783340233e-18	11	CTSC	down
8.90624538633209e-22	-2.83825871775483	0.175	0.704	1.42455394954382e-17	11	BPI	down
9.23832480613306e-22	-2.42325297293493	0.223	0.708	1.47767005274098e-17	11	CD53	down
1.42205300027393e-21	-4.91556983992854	0.019	0.557	2.27457377393814e-17	11	C5AR1	down
1.95324484293631e-21	-3.13890826966958	0.359	0.75	3.12421512627662e-17	11	LGALS9	down
2.07135117832152e-21	-6.73375811442697	0	0.525	3.31312620972527e-17	11	PLEKHA2	down
4.14435302140227e-21	-2.61045962471417	0.155	0.712	6.62889265773293e-17	11	LSP1	down
5.54875972096936e-21	-2.21859127084469	0.437	0.779	8.87524117369049e-17	11	ATP6V0C	down
7.51382143667259e-21	-4.94405413020706	0.01	0.495	1.20183573879578e-16	11	CD68	down
7.84166645316186e-21	-3.20735125024369	0.107	0.61	1.25427454918324e-16	11	CMKLR1	down
3.08726878748624e-20	-5.28101284842978	0.019	0.53	4.93808642558424e-16	11	CYBB	down
3.38602711941731e-20	-5.03228025558612	0.029	0.553	5.41595037750798e-16	11	GAS7	down
2.76491086246821e-19	-3.76404753642149	0.078	0.583	4.42247492451789e-15	11	WFDC5	down
3.47533386643459e-19	-5.6812193915303	0.01	0.515	5.55879651936213e-15	11	THEM5	down
3.83372751824181e-19	-2.72807196487752	0.146	0.665	6.13204716542777e-15	11	PKM	down
4.66158292674671e-19	-4.64625917647204	0.049	0.53	7.45620189133137e-15	11	CD300LF	down
5.3743836074305e-19	-3.01346585233763	0.126	0.615	8.59632658008508e-15	11	VSIR	down
1.35087136196989e-18	-3.4700725165049	0.068	0.529	2.16071874347083e-14	11	ASAH1	down
1.40593517371037e-18	-4.19807479247586	0.029	0.506	2.24879331034974e-14	11	EPB41L3	down
1.6890520760071e-18	-3.86989589727524	0.029	0.479	2.70163879557336e-14	11	TYROBP	down
1.7480162069559e-18	-4.76310466007861	0.019	0.486	2.79595192302597e-14	11	SGPP1	down
2.26023918084858e-18	-3.2629316969421	0.155	0.548	3.6152525697673e-14	11	LGMN	down
3.5613064325292e-18	-2.67936055040428	0.146	0.635	5.69630963883046e-14	11	PGD	down
3.70289639642243e-18	-5.08759593855237	0.01	0.496	5.92278278607768e-14	11	CD22	down
4.27839438301638e-18	-4.09225828780349	0.029	0.532	6.84329181563469e-14	11	NRK	down
5.01675767971383e-18	-5.61100724509837	0.01	0.47	8.02430390870228e-14	11	CCDC88B	down
6.33502410206439e-18	-2.71298281387179	0.117	0.59	1.0132871051252e-13	11	ASGR1	down
9.81831217228504e-18	-5.72177263848051	0.01	0.477	1.57043903195699e-13	11	ITGAX	down
1.00753945161399e-17	-4.20725492725733	0.029	0.488	1.61155935285658e-13	11	AIF1	down
1.63536974860485e-17	-2.85707461287823	0.476	0.743	2.61577391289346e-13	11	CTSB	down
3.31681583523005e-17	-4.22937954665022	0.029	0.447	5.30524692845046e-13	11	RGS10	down
4.88481465325593e-17	-2.62399683096661	0.097	0.523	7.81326103788286e-13	11	TCIRG1	down
4.91387817241823e-17	-2.58297713184948	0.107	0.593	7.85974813678296e-13	11	GNAI2	down
9.2572395956175e-17	-1.56585308836941	0.437	0.783	1.48069547331902e-12	11	SH3BGRL3	down
1.1287899789408e-16	-2.68247819403787	0.194	0.56	1.80549957131581e-12	11	CTSZ	down
1.33739825798807e-16	-4.74225177837663	0.029	0.424	2.13916851365192e-12	11	CSF1R	down
2.01607835416952e-16	-2.40739540382733	0.184	0.639	3.22471732749415e-12	11	GSTM1	down
2.36699308715829e-16	-3.19855843768409	0.107	0.546	3.78600544290968e-12	11	RNASET2	down
2.39409833138341e-16	-6.13501341538395	0	0.425	3.82936028104777e-12	11	PLA2G4C	down
2.94293858477622e-16	-5.85300662175528	0.01	0.412	4.70723026634956e-12	11	C1QC	down
3.56212085867294e-16	-6.03848893206511	0	0.424	5.69761231344736e-12	11	MYO1F	down
4.01116186460673e-16	-2.49847109924052	0.524	0.741	6.41585340243846e-12	11	PSAP	down
4.77968628165318e-16	-1.94383224539565	0.204	0.629	7.64510820750426e-12	11	ATP6V0E1	down
6.18948045385792e-16	-3.00870861843644	0.097	0.515	9.90007398594574e-12	11	TSPAN36	down
9.32734115360383e-16	-1.50584355223902	0.583	0.832	1.49190821751893e-11	11	CD9	down
2.74022886096218e-15	-6.22023650621241	0.01	0.453	4.38299606310901e-11	11	TLR5	down
3.38972954962979e-15	-2.71866338072339	0.087	0.513	5.42187241463284e-11	11	APP	down
4.31746952704475e-15	-3.96270308815297	0.039	0.449	6.90579250850809e-11	11	WIPF1	down
4.71669931373311e-15	-6.18000374721251	0	0.412	7.5443605523161e-11	11	WDFY4	down
6.68637697410714e-15	-1.98335041405471	0.214	0.622	1.06948599700844e-10	11	ARAP1	down
6.81573178344346e-15	-4.96847361371361	0.019	0.424	1.09017629876178e-10	11	PLAU	down
9.58439272645073e-15	-5.03004798136928	0.01	0.413	1.53302361659579e-10	11	ARHGAP31	down
1.09752758329943e-14	-2.48712948121597	0.117	0.506	1.75549536948744e-10	11	PRSS16	down
1.35926187054615e-14	-4.12514016920916	0.058	0.422	2.17413936193857e-10	11	UCP2	down
1.40194962643901e-14	-5.00418531041348	0.01	0.406	2.24241842748919e-10	11	KLRB1	down
1.48734361545519e-14	-2.80056775702571	0.058	0.445	2.37900611292057e-10	11	MFSD1	down
1.50876208641789e-14	-4.61367730363582	0.029	0.43	2.41326495722542e-10	11	NCF2	down
2.01639062166782e-14	-1.83441449811204	0.301	0.697	3.22521679935768e-10	11	DUSP1	down
2.45498226588721e-14	-3.0352122060341	0.049	0.431	3.92674413428658e-10	11	EFHD2	down
2.47193694356169e-14	-5.12425926853096	0.01	0.416	3.95386314122693e-10	11	NAIP	down
2.54541285104879e-14	-5.32888791168902	0.01	0.426	4.07138785525254e-10	11	ADAM	down
2.60351564634993e-14	-5.86478919320159	0	0.354	4.16432327633671e-10	11	ABCC4	down
2.7061718147158e-14	-4.78184609070111	0.01	0.435	4.32852181763792e-10	11	ALOX5AP	down
3.05182631033191e-14	-6.86768696564479	0	0.365	4.8813961833759e-10	11	MARCO	down
3.63200278401856e-14	-4.09825204399794	0.049	0.416	5.80938845303768e-10	11	C1QB	down
4.20943542063076e-14	-2.95118193990651	0.301	0.586	6.7329919552989e-10	11	LGALS3BP	down
5.33948367388962e-14	-1.58112158666267	0.34	0.718	8.54050413638645e-10	11	GNG5	down
6.3666927611604e-14	-3.80804743699868	0.039	0.415	1.01835250714761e-09	11	LRCH4	down
6.45269809375718e-14	-6.60438936633387	0	0.377	1.03210906009646e-09	11	MAG	down
7.58972962911505e-14	-4.92748567375539	0.01	0.377	1.21397725417695e-09	11	CARMIL3	down
8.47816817657414e-14	-4.39313183329178	0.019	0.37	1.35608299984303e-09	11	HCST	down
1.32259801369455e-13	-3.87730438532815	0.029	0.445	2.11549552290443e-09	11	C13H1orf162	down
1.80373141678312e-13	-6.11984667894364	0	0.381	2.88506840114459e-09	11	SORL1	down
2.99467149412617e-13	-4.29367016274223	0.029	0.394	4.78997705485482e-09	11	CORO1A	down
3.10951095429136e-13	-2.6784215335302	0.078	0.468	4.97366277138904e-09	11	B3GNT5	down
3.13441130513551e-13	-3.13323391283813	0.107	0.481	5.01349088256425e-09	11	FBP1	down
3.32694970436328e-13	-3.26466372835091	0.039	0.413	5.32145605212906e-09	11	DNASE2	down
3.43024520863029e-13	-4.08049835089516	0.01	0.366	5.48667721120415e-09	11	WDFY1	down
3.9760494338333e-13	-3.54039780964062	0.019	0.414	6.35969106941637e-09	11	MBP	down
4.11684257671119e-13	-2.60370483849901	0.32	0.665	6.58488970144954e-09	11	GSTM4	down
5.07302604737079e-13	-3.37990724023167	0.068	0.457	8.11430516276958e-09	11	SLC12A9	down
6.84291602051474e-13	-4.14004829420329	0.223	0.57	1.09452441748133e-08	11	TCN1	down
7.41186870589481e-13	-1.78155959725519	0.243	0.572	1.18552839950787e-08	11	ATP6V1B2	down
8.44620101865902e-13	-5.52234519688533	0.01	0.327	1.35096985293451e-08	11	ACOD1	down
2.09166232458121e-123	9.00833033047838	0.961	0.007	3.34561388816764e-119	11	MYH11	up
1.26970481490157e-122	9.81406496016172	0.942	0.005	2.03089285143506e-118	11	ITGA2B	up
1.37600825763146e-109	6.74353175904303	0.951	0.04	2.20092520808152e-105	11	PDE3A	up
2.82498655225039e-104	7.28779434617607	0.99	0.062	4.5185659903245e-100	11	CYR61	up
5.38103760698449e-103	7.32652379135731	0.893	0.017	8.60696965237169e-99	11	ANKFN1	up
1.63415721380976e-101	9.14916691117439	0.806	0.004	2.61383446348871e-97	11	GP1BB	up
1.41277411205155e-99	8.95134902367126	0.816	0.005	2.25973219222645e-95	11	RBPMS2	up
2.28217810029345e-97	9.70544665719146	0.777	0.002	3.65034387141937e-93	11	GP9	up
1.35997119993126e-93	6.63058076809138	0.845	0.029	2.17527393429005e-89	11	GP1BA	up
5.51510321330793e-91	5.65538982008286	0.971	0.097	8.82140758968603e-87	11	ITGB3	up
9.23527422983115e-82	4.91536972656569	0.922	0.098	1.47718211306149e-77	11	SLC9A9	up
4.44083679893064e-81	7.04678848785465	0.68	0.01	7.10311845988956e-77	11	PTGIR	up
1.61627329141649e-79	5.15959029544591	0.845	0.059	2.58522912962067e-75	11	SYTL2	up
6.204462173079e-79	5.09972278688297	0.893	0.101	9.92403724583987e-75	11	F2R	up
5.80411011423678e-78	6.6213310288518	0.699	0.016	9.28367412772174e-74	11	VIPR1	up
2.54569269845444e-77	5.23773453858698	0.825	0.069	4.07183547117787e-73	11	KIAA0513	up
3.60630087076671e-77	9.12568931560157	0.621	0.002	5.76827824279135e-73	11	GUCY1A1	up
3.79974930031636e-77	7.98022087091566	0.621	0.004	6.07769900585601e-73	11	MPL	up
3.35649259715989e-76	6.44032491792257	0.835	0.065	5.36870990915724e-72	11	ANGPT2	up
1.11073957728474e-73	5.04183772790361	0.728	0.05	1.77662795386694e-69	11	KLHL4	up
1.19166235346161e-72	3.95989714270401	0.903	0.149	1.90606393436185e-68	11	TSPAN32	up
1.26819647559742e-72	5.39111863983358	0.689	0.03	2.02848026271807e-68	11	CD226	up
6.70142690019631e-72	7.66625769696427	0.592	0.005	1.0718932326864e-67	11	GUCY1B1	up
6.36671988950282e-71	4.1482890973429	0.942	0.191	1.01835684632598e-66	11	CALD1	up
1.03317467917864e-64	6.27151353679097	0.592	0.016	1.65256289934623e-60	11	LPAR1	up
1.43894364037681e-63	5.01223126581828	0.718	0.06	2.3015903527827e-59	11	HPCAL1	up
1.73064128958391e-62	4.87732485355439	0.641	0.036	2.76816074268946e-58	11	MYLK	up
3.00048401528021e-62	4.24587371563287	0.718	0.072	4.7992741824407e-58	11	DST	up
5.2306411040541e-62	4.01005745945861	0.971	0.268	8.36641044593453e-58	11	RASA3	up
2.084000820911e-60	7.32417527213302	0.505	0.005	3.33335931304714e-56	11	WIPF3	up
5.79226325317904e-59	3.12404151588744	0.835	0.11	9.26472507345988e-55	11	PMP22	up
8.20668233801712e-58	7.48441267220073	0.515	0.005	1.31265883996584e-53	11	MAPT	up
5.2611591927121e-56	3.73988519978148	0.68	0.068	8.41522412874301e-52	11	LOC138472433	up
3.31215789950866e-55	5.33630782728422	0.563	0.02	5.2977965602641e-51	11	SGCD	up
3.4196905379334e-55	6.49225810524593	0.495	0.007	5.46979501542448e-51	11	OSMR	up
1.5826321432206e-54	4.29951321789875	0.757	0.087	2.53142011308134e-50	11	CARMIL1	up
2.49608052307289e-54	8.28398288875319	0.447	0.002	3.99248079665509e-50	11	CLIC2	up
2.89206390002255e-54	4.14534105110002	0.689	0.076	4.62585620808607e-50	11	TBXAS1	up
9.55352259820073e-53	6.42524959746047	0.534	0.012	1.52808593958221e-48	11	KIAA1210	up
6.9680601572985e-52	11.5971937665394	0.427	0	1.1145412221599e-47	11	LOC138521969	up
7.21973025304615e-52	9.15483566126108	0.427	0.001	1.15479585397473e-47	11	RD3	up
2.239391767733e-50	6.67381504814235	0.437	0.007	3.58190713248893e-46	11	TRIM2	up
1.98259453076016e-49	7.52109078745365	0.408	0.004	3.17115995195087e-45	11	GATA1	up
6.16233776199993e-49	4.59344163167833	0.612	0.056	9.85665925031889e-45	11	ADCY9	up
7.72232839076357e-49	3.23557088882944	0.806	0.172	1.23518642610263e-44	11	GARNL3	up
4.33289954896666e-48	3.54272257449303	0.854	0.208	6.93047282857217e-44	11	GRK4	up
3.126774915053e-47	3.68789370256122	0.728	0.111	5.00127647662728e-43	11	INPP5A	up
3.58898050272561e-47	4.75256915955676	0.573	0.038	5.74057431410962e-43	11	PDE5A	up
4.44461382929174e-47	2.82790688531535	0.709	0.095	7.10915981995214e-43	11	TNC	up
6.13518329907122e-47	4.73589041841013	0.466	0.027	9.81322568686442e-43	11	ITGA1	up
8.60776535872458e-47	3.11804312866864	0.913	0.38	1.376812069128e-42	11	VAV3	up
8.46652542587444e-46	10.1377621479021	0.379	0.001	1.35422074186862e-41	11	MFSD2B	up
4.4294776435885e-45	4.33378986523919	0.563	0.053	7.0849494909198e-41	11	ST3GAL3	up
5.94913425230354e-44	3.57772658832644	0.777	0.177	9.51564023655951e-40	11	PLEK	up
2.6146877041734e-42	3.12383790537053	0.845	0.281	4.18219298282535e-38	11	RASGRP2	up
3.86695252225884e-42	3.22474544949678	0.592	0.067	6.18519055935302e-38	11	ESAM	up
7.398913910996e-42	5.10985615133226	0.417	0.017	1.18345628006381e-37	11	HEMGN	up
1.02111547252973e-41	3.64947566659266	0.641	0.103	1.6332741983113e-37	11	ADGRG1	up
1.14695587598223e-41	5.16116258048222	0.447	0.018	1.83455592363357e-37	11	PRKG1	up
1.90179106585275e-41	4.09336802854369	0.485	0.041	3.04191480983147e-37	11	PALLD	up
1.34265946193339e-39	3.4833145468597	0.544	0.055	2.14758380936245e-35	11	HS3ST1	up
1.36910494970165e-39	6.01577162352353	0.34	0.007	2.18988336704779e-35	11	REEP1	up
4.0854255304808e-39	5.31758318548695	0.359	0.008	6.53463813600405e-35	11	TAL1	up
5.55065212188419e-39	3.11678220899793	0.592	0.101	8.87826806895376e-35	11	NOL4L	up
5.97723697772222e-39	4.2776198114851	0.427	0.031	9.5605905458667e-35	11	PRRG1	up
3.10804320159187e-38	2.41466223048634	0.942	0.541	4.97131510094619e-34	11	ASAP1	up
3.67454569986356e-38	3.22274014748917	0.728	0.178	5.87743584693176e-34	11	TESPA1	up
9.02725193772675e-38	3.37836622006693	0.631	0.116	1.44390894743939e-33	11	TOX2	up
2.58403942810807e-37	2.21789808156147	0.922	0.537	4.13317106525886e-33	11	RAP1A	up
4.46848041567245e-37	6.68772922726709	0.33	0.005	7.14733442486808e-33	11	RIPOR3	up
1.6077664104177e-35	2.7323767459109	0.699	0.203	2.5716223734631e-31	11	STK3	up
2.98055806969112e-35	3.61495612324355	0.495	0.06	4.76740263247095e-31	11	REPS2	up
3.46194248598277e-35	3.35116578601133	0.583	0.083	5.53737700632945e-31	11	F8	up
4.3091014266782e-35	2.34246703619772	0.864	0.379	6.89240773197178e-31	11	JAK2	up
5.23426593367721e-35	4.12281180643617	0.437	0.036	8.3722083609167e-31	11	LOC138471710	up
9.77923925549768e-34	4.11795003977744	0.476	0.054	1.56418931891685e-29	11	CAMKK1	up
1.36933160897921e-33	7.00260256462051	0.301	0.004	2.19024590856224e-29	11	SUSD3	up
1.54911626360185e-33	2.83149327888834	0.796	0.275	2.47781146363116e-29	11	FLNA	up
8.59680265378998e-33	8.87472774206835	0.272	0.001	1.37505858447371e-28	11	LOC138520740	up
1.41741292940478e-32	2.54476778494264	0.864	0.507	2.26715198058295e-28	11	SERPINB6	up
5.66587335484006e-32	2.78072019987091	0.748	0.223	9.06256443106667e-28	11	ARHGAP6	up
9.63881730784792e-32	3.7499321161157	0.427	0.04	1.54172882839027e-27	11	SELP	up
1.00124499567345e-31	4.45901750086037	0.35	0.027	1.60149137057968e-27	11	NFE2	up
1.05189740821811e-31	3.64390669866132	0.515	0.067	1.68250990444487e-27	11	PDLIM7	up
1.53398396629727e-31	3.95726790474964	0.398	0.035	2.45360735409248e-27	11	TBXA2R	up
1.74824459962742e-31	3.06420267516959	0.592	0.122	2.79631723710406e-27	11	OSBPL10	up
2.2974739959728e-31	4.22726931561343	0.427	0.036	3.67480965655849e-27	11	PHLDB1	up
4.09277357604467e-31	5.38287464573867	0.282	0.011	6.54639133488345e-27	11	PLCL1	up
4.93785942820116e-31	2.75766757463297	0.602	0.131	7.89810615540776e-27	11	CD163	up
1.61736406262461e-30	1.69295831002789	0.971	0.759	2.58697381816807e-26	11	B2M	up
1.82012891886077e-30	6.472629298497	0.252	0.004	2.9112962057178e-26	11	TUB	up
3.27290484706384e-30	9.75443350835064	0.262	0	5.23501130287861e-26	11	LOC138510563	up
3.50209533598686e-30	4.59586836907287	0.359	0.025	5.60160148991099e-26	11	BOK	up
1.12909835586302e-29	2.26061889568768	0.825	0.435	1.8059928202029e-25	11	TLN1	up
2.61677186749372e-29	6.48408689709697	0.243	0.003	4.18552660205621e-25	11	PIGR	up
3.00207464274381e-29	4.37621091545766	0.32	0.021	4.80181839106873e-25	11	IL15RA	up
4.90139133004031e-29	5.58136879937776	0.311	0.01	7.83977543239947e-25	11	GRTP1	up
6.34014110715196e-29	2.1868546574218	0.816	0.366	1.01410557008896e-24	11	ARRB1	up
1.33358769266393e-28	2.95994923702952	0.408	0.045	2.13307351441596e-24	11	RHAG	up
1.60721087671427e-28	3.350084710621	0.466	0.078	2.57073379730448e-24	11	TGFB1I1	up
