p_val	avg_log2FC	pct.1	pct.2	p_val_adj	cluster	gene
1.38940291475463e-136	8.99005054356827	0.912	0.004	1.66853396032884e-132	1	RELN
1.40709809109464e-127	7.45009394893078	0.908	0.03	1.68978409759556e-123	1	HAPLN3
3.21309425449901e-112	4.44149358958714	0.967	0.193	3.85860489022786e-108	1	MRC1
3.68353841628955e-95	4.17119525909945	0.866	0.132	4.42356128412212e-91	1	NRP2
1.73861784994363e-89	5.0520164612117	0.724	0.036	2.08790617599731e-85	1	UNC5B
1.28788691673142e-86	5.80705307143596	0.699	0.025	1.54662339830276e-82	1	NFIX
4.01095134948729e-86	3.6314245647	0.937	0.344	4.81675147559929e-82	1	CTSL
7.01071302771509e-81	6.16817905403597	0.628	0.016	8.41916527498305e-77	1	FGF10
1.62414315145025e-79	6.28098425976837	0.619	0.015	1.95043351057661e-75	1	PROX1
4.56147471503348e-75	-5.76890965673746	0.029	0.81	5.47787498528371e-71	1	CD34
2.70940111164182e-74	6.26252735506081	0.573	0.011	3.25371979497066e-70	1	PDPN
8.2827190448431e-73	4.72580748883532	0.628	0.034	9.94671730095207e-69	1	SRGN
1.49788621462434e-70	-3.0186410589366	0.548	0.945	1.79881155514237e-66	1	PMP2
6.76401532043159e-70	2.75976035631106	0.87	0.319	8.1229059983063e-66	1	MMRN1
4.72151151036331e-66	4.03641504758725	0.615	0.049	5.6700631727953e-62	1	GPNMB
5.26206955541923e-66	3.74883845749066	0.669	0.088	6.31921932910296e-62	1	FLT4
1.69986164945108e-65	8.99453096655094	0.506	0.002	2.0413638548258e-61	1	STAB2
8.85856261382161e-62	-5.2366094261463	0.042	0.732	1.06382478429384e-57	1	RAMP3
4.12900323688234e-61	2.23741879927296	0.904	0.438	4.958519987172e-57	1	FAM107B
4.39364007582475e-61	5.22761090889257	0.506	0.018	5.27632236705794e-57	1	SEMA3A
1.38596824900394e-60	-7.2729049773997	0.004	0.667	1.66440927022884e-56	1	ESAM
4.43840175547193e-57	4.92190316646354	0.506	0.028	5.33007666814625e-53	1	GAS7
1.30243181705758e-56	2.98741981959992	0.72	0.164	1.56409036910445e-52	1	CADM1
4.98947052816247e-56	3.75719587429225	0.603	0.073	5.9918551572703e-52	1	NR6A1
3.47904827299526e-54	2.16378828425628	0.967	0.66	4.17798907104001e-50	1	PRSS23
2.19217594600205e-51	3.83993953595651	0.536	0.059	2.63258409355386e-47	1	FGL2
4.42694146001212e-51	2.59523325944911	0.732	0.2	5.31631399932855e-47	1	IQSEC1
4.45601043139286e-51	5.0391569458612	0.452	0.019	5.35122292705969e-47	1	SNCA
1.04686612469896e-50	3.51633841980498	0.527	0.058	1.25718152915098e-46	1	PDGFC
1.91183419855101e-50	-5.31262917522673	0.021	0.594	2.2959216890399e-46	1	NOS3
2.41017203980035e-48	2.52282324108768	0.741	0.238	2.89437560259624e-44	1	ADD3
3.77267037268267e-48	-6.66415471532723	0.008	0.574	4.53059985055462e-44	1	PLCB1
5.05732148922769e-48	3.28880625810194	0.569	0.104	6.07333737641354e-44	1	EXOC6
7.41164155548392e-48	-4.17464467296229	0.113	0.65	8.90064034398064e-44	1	AQP1
3.10104673168677e-47	-3.3062029060673	0.117	0.686	3.72404702008264e-43	1	KDR
1.09753529264981e-46	5.31628699452404	0.406	0.012	1.31803013294316e-42	1	DOCK5
2.16392283679695e-46	1.7107951702846	0.9	0.496	2.59865493470945e-42	1	SPARC
6.23393298337255e-46	-1.81398787338936	0.556	0.905	7.4863301197321e-42	1	KRT18
3.90853564544361e-45	5.06011930817852	0.397	0.014	4.69376045661323e-41	1	PLCE1
5.73331992192936e-45	-4.40040058134637	0.05	0.613	6.88514389424496e-41	1	JAG2
7.16437337807101e-45	2.2977502246456	0.795	0.357	8.60369598972548e-41	1	STAB1
1.47708382353542e-44	2.93170251464047	0.644	0.157	1.77382996368368e-40	1	APCS
8.63776809365168e-44	-4.92530335706985	0.025	0.557	1.03730957036663e-39	1	NRP1
2.81269109848842e-43	4.03060942590604	0.41	0.024	3.37776074017475e-39	1	ITGB3
3.18819454023046e-43	-4.84958630303706	0.025	0.559	3.82870282336276e-39	1	SLC29A1
1.63789586149478e-42	-1.92571083781387	0.423	0.836	1.96694914006909e-38	1	PLVAP
6.96780753599371e-42	-3.17112495399146	0.126	0.648	8.36764006997485e-38	1	KIAA1217
4.19223132358204e-41	4.16262741057225	0.406	0.033	5.03445059648967e-37	1	MAFB
4.92758906977303e-41	5.17594878907008	0.36	0.013	5.91754171389043e-37	1	PGF
7.73734207424195e-41	3.74110280871106	0.448	0.048	9.29177409695715e-37	1	ENPP2
1.51763605140738e-40	6.01305105452174	0.326	0.005	1.82252913413513e-36	1	ABLIM2
1.60019745218938e-40	-2.78163045448386	0.176	0.674	1.92167712033423e-36	1	PODXL
2.92111333926999e-40	1.57107574543567	0.866	0.569	3.50796500912934e-36	1	MARCKS
6.39046933821327e-40	2.71611167982024	0.594	0.133	7.67431462826031e-36	1	SERPINE2
7.60680981730961e-40	3.69602175904722	0.456	0.052	9.13501790960711e-36	1	VEGFA
4.30938329255759e-39	-7.68912163084381	0	0.474	5.17513839603242e-35	1	APLNR
4.61845685759892e-39	-4.28815931677669	0.033	0.561	5.54630484029054e-35	1	ARHGEF9
1.87439102304962e-38	3.55916400474159	0.423	0.052	2.25095617958029e-34	1	EMILIN1
3.22556712332096e-38	-3.22378458013407	0.1	0.598	3.87358355839615e-34	1	COL4A1
4.59213472116233e-38	-4.24743729149922	0.038	0.523	5.51469458664384e-34	1	CD93
5.34105364115271e-38	2.86524794960597	0.544	0.116	6.41407131766029e-34	1	CLCA1
1.05911213986551e-37	-3.09729894106271	0.1	0.611	1.27188776876449e-33	1	SPACA4
2.15838366929058e-37	3.44488379634356	0.439	0.062	2.59200294845106e-33	1	GAS6
5.07047090923496e-37	4.17594878907008	0.368	0.028	6.08912851490026e-33	1	LRG1
5.42314222826693e-37	-1.46343499089146	0.686	0.916	6.51265150192575e-33	1	KRT8
1.38855738545564e-36	-1.47261342333337	0.678	0.91	1.66751856419368e-32	1	CRIP1
3.40630766942218e-36	2.83843008174074	0.54	0.133	4.0906348802091e-32	1	CEMIP2
2.17695775217447e-35	2.30339280635127	0.59	0.146	2.61430856458633e-31	1	EPB41L2
3.99225251104367e-34	5.18208357524218	0.297	0.011	4.79429604051234e-30	1	GALR1
5.64961972476048e-34	-3.1411622895195	0.213	0.663	6.78462832746487e-30	1	INSR
1.38560751334004e-33	3.29364383173984	0.393	0.043	1.66397606277006e-29	1	PLEKHG4B
4.74497291024534e-33	1.03227314219965	0.979	0.767	5.69823796791363e-29	1	VWF
5.08303083010024e-33	-3.48301429309485	0.071	0.527	6.10421172386737e-29	1	FCN1
1.5128676167145e-32	-2.89661983688056	0.176	0.623	1.81680272091244e-28	1	ARL15
2.9344665268609e-32	-4.62155834703117	0.017	0.413	3.52400085210725e-28	1	LHFPL7
9.54246167542434e-32	5.28098425976837	0.297	0.011	1.14595422260171e-27	1	LOC138577431
9.97275718982209e-32	1.82828917621758	0.707	0.254	1.19762841092573e-27	1	VAV3
1.29426107689859e-31	-3.2991360938787	0.092	0.553	1.55427812724752e-27	1	COL4A2
4.59970873839411e-31	5.90930312968391	0.268	0.004	5.52379022393748e-27	1	CXADR
6.01136126956665e-31	-4.61164287816609	0.021	0.434	7.21904374862259e-27	1	EPAS1
8.47162388344304e-31	-2.1917829954304	0.272	0.686	1.01735731216267e-26	1	CD2
8.88509981170358e-31	-4.85432422204372	0.025	0.435	1.06701163638748e-26	1	TACR1
1.21966883511943e-30	1.69602175904722	0.707	0.296	1.46470030409492e-26	1	SMAD1
1.34892507400553e-30	7.15322871257	0.251	0.001	1.61992412137324e-26	1	CYGB
1.75867248402951e-29	-4.93257566770809	0.013	0.399	2.11198978607103e-25	1	MCAM
2.3256151167363e-29	-5.31590430725959	0.008	0.438	2.79283119368862e-25	1	PCDH1
7.29489856839442e-29	1.06928365146106	0.946	0.8	8.76044369078485e-25	1	ITGBL1
2.18487230129391e-28	2.05216556927249	0.582	0.189	2.62381314662386e-24	1	CEBPD
2.53768790425788e-28	1.83199438785272	0.598	0.215	3.04750940422328e-24	1	GALNT1
2.67156872958164e-28	3.1450547811243	0.347	0.058	3.20828688735459e-24	1	ADAM8
3.94542650217731e-28	3.12080723487762	0.335	0.043	4.73806268646473e-24	1	RALGDS
9.1549370712609e-28	2.03465059112791	0.448	0.117	1.09941639288772e-23	1	GPX3
9.2515770194082e-28	-2.98143095905312	0.084	0.479	1.11102188426073e-23	1	EZR
1.35968087478303e-27	1.79582033830107	0.632	0.262	1.63284076252694e-23	1	SERPING1
2.77193781112913e-27	-7.22126743312152	0	0.379	3.32882011738498e-23	1	SMAD6
6.39778338479918e-27	1.89943115387267	0.653	0.254	7.68309806680533e-23	1	ZNF521
1.01535567566654e-26	1.80535514439199	0.644	0.26	1.21934063090795e-22	1	ADD1
1.55487491266477e-26	-2.52104032938519	0.176	0.569	1.86724928261912e-22	1	LOC138567840
2.24017945057078e-26	5.02283207531432	0.255	0.008	2.69023150219045e-22	1	DPP4
2.50493898584757e-26	4.98330371112769	0.218	0.007	3.00818122810435e-22	1	SEMA3D
4.77018738933338e-26	3.55098822041701	0.285	0.026	5.72851803585045e-22	1	RNF152
5.37673493778229e-26	5.91404104869057	0.222	0.003	6.45692098678276e-22	1	ANKRD6
8.17673231922437e-26	2.1727815099914	0.502	0.137	9.81943784215655e-22	1	LGALS9
2.16808144048049e-25	2.08548410593416	0.393	0.105	2.60364900187302e-21	1	TYROBP
2.80270127191669e-25	-2.95364411833701	0.071	0.447	3.36576395744476e-21	1	ACVRL1
2.81840287758492e-25	7.07076655237803	0.209	0.001	3.38462001569173e-21	1	TC2N
2.83005529349377e-25	6.93750002151456	0.209	0.001	3.39861340195667e-21	1	CHAD
2.91286997128638e-25	-4.51972693451347	0.033	0.362	3.49806554851781e-21	1	HS3ST1
6.27295214641511e-25	-2.55993166398375	0.121	0.534	7.53318823262991e-21	1	DLK1
1.24980821928476e-24	2.56826621184884	0.356	0.07	1.50089469053906e-20	1	ASAP3
1.3349506009704e-24	2.55325364099382	0.444	0.124	1.60314217670535e-20	1	HMOX1
1.77678464271181e-24	-4.01669628887231	0.046	0.43	2.13374067743261e-20	1	PDGFD
2.10530839411038e-24	1.91997777575886	0.498	0.152	2.52826485048716e-20	1	CD53
2.51158170871663e-24	1.55688714971835	0.59	0.25	3.0161584739978e-20	1	KALRN
2.88844083497346e-24	-5.02792354429557	0.008	0.32	3.46872859871963e-20	1	DNASE1L3
3.07587667301169e-24	4.04939290158546	0.238	0.016	3.69382029661974e-20	1	MYO7A
4.04263532396534e-24	0.77936327645777	0.996	0.968	4.85480076054998e-20	1	COX1
4.8781535250399e-24	-3.00478296732881	0.075	0.447	5.85817456822042e-20	1	ADGRL2
5.63568024673374e-24	2.64226679329262	0.351	0.062	6.76788840830255e-20	1	ELN
1.10543326630686e-23	1.05172017429976	0.824	0.58	1.32751480950791e-19	1	CTNNB1
1.20314856990215e-23	1.92459440382923	0.611	0.262	1.44486111759549e-19	1	TSPAN18
1.3010590183423e-23	5.00567152415614	0.209	0.007	1.56244177512726e-19	1	ARHGEF25
1.3695939355934e-23	-4.06505931043371	0.042	0.37	1.64474535725411e-19	1	RHAG
1.8495073366677e-23	-5.96798100383929	0.004	0.359	2.22107336060424e-19	1	ARHGEF28
3.22019509704602e-23	-6.68912163084381	0	0.31	3.86713229204257e-19	1	MECOM
8.104719511707e-23	1.46466596983449	0.623	0.307	9.73295766160893e-19	1	LOC138487737
1.01624700449883e-22	-1.87383384928373	0.205	0.581	1.22041102770265e-18	1	GNAI2
1.15141656027383e-22	6.56826621184884	0.188	0.001	1.38273614723284e-18	1	NPNT
1.58974398032893e-22	-4.13563736159582	0.021	0.342	1.90912354597701e-18	1	PTGIS
1.87037596394612e-22	1.41234806840041	0.669	0.35	2.2461344951029e-18	1	ECE1
2.48583321669118e-22	5.68374342926878	0.192	0.003	2.98523710992444e-18	1	P2RY4
2.95761979159595e-22	1.9041115437107	0.615	0.292	3.55180560772758e-18	1	GSTP1
3.82548740807566e-22	-1.68361064717872	0.238	0.611	4.59402782835806e-18	1	PTGS2
5.0010147521715e-22	1.65998238094046	0.548	0.24	6.00571861588275e-18	1	DAB2
6.483650421995e-22	2.93439411064674	0.285	0.043	7.7862157917738e-18	1	SEMA5B
7.00845422812048e-22	-2.09836128558454	0.13	0.506	8.41645268254988e-18	1	DYSF
7.03150473367524e-22	-5.17992663774062	0.008	0.331	8.44413403467059e-18	1	PCDH17
7.87883497657875e-22	2.16772828226511	0.351	0.078	9.46169292337342e-18	1	CTSZ
7.87980558041047e-22	1.88512331718878	0.448	0.128	9.46285852151493e-18	1	ANGPT2
1.66233545377117e-21	1.31803958231567	0.762	0.466	1.9962986464338e-17	1	CD9
1.77394002397782e-21	-1.61781455798451	0.364	0.686	2.13032457479496e-17	1	PECAM1
2.00083506335387e-21	-3.79805600239697	0.029	0.361	2.40280282758167e-17	1	F8
2.02363708042148e-21	1.5004131196664	0.623	0.291	2.43018576987815e-17	1	LRRC32
2.08837222500748e-21	2.71722885097384	0.364	0.077	2.50792620501148e-17	1	SLC7A8
3.5191995655388e-21	-2.22899989258518	0.134	0.507	4.22620675825555e-17	1	ITGA6
4.22263859725781e-21	1.96224209559986	0.485	0.165	5.07096669144691e-17	1	SELENOP
4.64585627915254e-21	-1.21889769333838	0.544	0.79	5.57920880563429e-17	1	PRDX1
5.09585171506814e-21	3.06347405981167	0.259	0.033	6.11960832462533e-17	1	NINJ1
5.25595852102702e-21	2.81182324318333	0.322	0.055	6.31188058790135e-17	1	ADAMTSL3
6.40376577251359e-21	-2.33672485084419	0.121	0.44	7.69028231621157e-17	1	ID3
1.30875362580189e-20	-6.50453632269537	0	0.266	1.57168222922549e-16	1	LHX6
1.65416781947489e-20	2.11105925832606	0.381	0.107	1.9864901344074e-16	1	UAP1L1
1.75322176804165e-20	2.29315897371447	0.377	0.096	2.10544402124122e-16	1	ARHGAP6
2.39420317078622e-20	-0.647180909974558	0.958	0.97	2.87519858779717e-16	1	RPLP1
3.15475423112446e-20	1.67135970481295	0.494	0.166	3.78854435615737e-16	1	LBR
3.37604779430035e-20	3.04558798938203	0.247	0.031	4.05429579617529e-16	1	CLU
3.52307331994899e-20	-6.52844894263969	0	0.291	4.23085874992675e-16	1	SUSD1
3.74853073413392e-20	3.62376132444055	0.188	0.014	4.50161055862142e-16	1	COL23A1
5.10590715274948e-20	-3.48918406033506	0.038	0.361	6.13168389973685e-16	1	CD200
7.85554276871929e-20	-1.48260611794971	0.335	0.638	9.433721310955e-16	1	SH3BGRL3
8.00116154318682e-20	-1.72911969877573	0.243	0.595	9.60859489721305e-16	1	GRB10
1.482090822881e-19	1.37210966883335	0.582	0.288	1.77984286919779e-15	1	PTPRE
2.71655449287424e-19	-2.65090230861332	0.071	0.386	3.26231029049268e-15	1	TNFAIP8L1
3.48272521317332e-19	-4.44575425846609	0.017	0.303	4.18240470849984e-15	1	SELP
3.65109532203261e-19	1.32418845396753	0.665	0.385	4.38460037222896e-15	1	TSPAN14
4.47325988722265e-19	6.20569613246414	0.159	0.002	5.37193779856568e-15	1	HPX
5.41049900505099e-19	-2.88294489998349	0.059	0.345	6.49746825516573e-15	1	PTGS1
6.52574705817168e-19	-3.56744307425556	0.029	0.319	7.83676964215837e-15	1	SEMA3G
8.71068859394899e-19	2.52519748995696	0.285	0.063	1.04606659324733e-14	1	TIAM1
1.05695372495917e-18	5.33380095821182	0.176	0.004	1.26929572830347e-14	1	PRR5
1.20229283707801e-18	-3.65228486266344	0.025	0.303	1.44383346804698e-14	1	PTPRG
1.2500367436463e-18	2.94377534694105	0.255	0.035	1.50116912544484e-14	1	PRR5L
1.49575952630245e-18	1.74755852686622	0.477	0.177	1.79625761513661e-14	1	LGMN
1.57755303225426e-18	-4.04644363226637	0.017	0.286	1.89448343643414e-14	1	VEGFC
1.64031164210271e-18	3.0474340485474	0.218	0.031	1.96985025100114e-14	1	DKK3
1.95913160850332e-18	7.37562113390645	0.146	0	2.35272114865164e-14	1	PARM1
2.67285792744403e-18	1.45618528497881	0.594	0.263	3.20983508506754e-14	1	FCHSD2
3.70307809904832e-18	-0.586840381138195	0.967	0.964	4.44702648914713e-14	1	RPS14
3.71784892779312e-18	-3.42608722501001	0.033	0.315	4.46476477738676e-14	1	EFNB2
3.94490401987743e-18	2.44273532976498	0.28	0.057	4.7374352374708e-14	1	LAYN
4.68465609965956e-18	1.88376803757677	0.46	0.157	5.62580351008117e-14	1	FN1
5.49661786516637e-18	3.80433357008237	0.176	0.015	6.6008883942783e-14	1	STK33
6.27242990656381e-18	7.30523180601505	0.142	0	7.53256107479248e-14	1	OSR1
6.71909193486082e-18	-1.30209850773456	0.347	0.668	8.06895750457435e-14	1	TIE1
7.15907344475003e-18	-0.473219665981593	0.996	0.996	8.59733129980031e-14	1	LOC138582460
8.94061674910068e-18	-3.72635453704278	0.021	0.281	1.0736786653995e-13	1	LAMA5
1.0008565596807e-17	5.08764037094242	0.155	0.004	1.20192864252055e-13	1	ANO7
1.1363949947888e-17	2.85205917784943	0.167	0.023	1.36469674924187e-13	1	DBN1
1.43973122021973e-17	1.29597949277685	0.711	0.437	1.72897322236187e-13	1	CSF1
1.46136464137628e-17	-1.67966130159474	0.192	0.479	1.75495279782877e-13	1	PDLIM4
1.69057540109026e-17	-2.87881701436081	0.042	0.307	2.0302119991693e-13	1	NPDC1
2.25863359740302e-17	-0.66138638452926	0.916	0.94	2.71239308712129e-13	1	RPL31
2.66651292939511e-17	1.75416971191218	0.414	0.139	3.20221537691059e-13	1	CCDC50
3.24990766026111e-17	2.84034575728564	0.289	0.052	3.90281410920756e-13	1	PDGFA
3.98632862884297e-17	-1.88627372601278	0.142	0.426	4.78718205037752e-13	1	PINLYP
4.80297409541584e-17	4.64626872385012	0.142	0.005	5.76789159118488e-13	1	MEIS2
5.24026807315645e-17	1.41810446522796	0.548	0.257	6.29303792905358e-13	1	GJC2
7.03931710611308e-17	-1.59396439780347	0.51	0.716	8.4535159127312e-13	1	ACTG1
7.75992546494468e-17	-4.12870131438545	0.017	0.258	9.31889449085206e-13	1	MEOX2
8.28174338178216e-17	1.4575191463413	0.481	0.175	9.94554562718219e-13	1	MARCHF3
8.79987731928778e-17	2.39834121040653	0.209	0.04	1.05677726727327e-12	1	TRPV4
1.22596317020067e-16	1.64626872385012	0.448	0.171	1.47225917109399e-12	1	ATRNL1
2.16919445126682e-16	-4.68439922060141	0.008	0.262	2.60498561652632e-12	1	FLT1
2.24036436643771e-16	-2.64813321939297	0.046	0.315	2.69045356765505e-12	1	FCRL5
2.71564650677083e-16	-3.44668412961713	0.029	0.296	3.26121988998109e-12	1	LOC138510069
2.97886497651428e-16	1.67789070302334	0.406	0.146	3.57731895029599e-12	1	CNN3
3.11690895069964e-16	4.04219740018126	0.167	0.011	3.74309595889519e-12	1	C1S
3.21720785713608e-16	-6.29282069414655	0	0.255	3.86354491563472e-12	1	LOC138511292
3.34594323902877e-16	1.7742081124047	0.368	0.123	4.01814323574965e-12	1	CLEC11A
3.62034602016949e-16	-0.635677810008009	0.937	0.961	4.34767353562154e-12	1	RPS26
5.88629527110715e-16	1.26152452077616	0.565	0.29	7.06885199107257e-12	1	AP1B1
5.90198575543012e-16	-0.654087814920907	0.849	0.925	7.08769469369603e-12	1	RPL15
6.8720406819862e-16	2.20859602296993	0.272	0.073	8.25263365499722e-12	1	TPTE2
6.90409817836142e-16	2.98330371112769	0.23	0.035	8.29113150239423e-12	1	PIEZO2
7.84036362739708e-16	2.41681387047801	0.347	0.094	9.41549268014115e-12	1	PIM3
8.5816500844976e-16	2.09292820230218	0.293	0.073	1.03057035864732e-11	1	RAMP2
1.06539670047924e-15	-0.672075282023056	0.916	0.944	1.27943489760552e-11	1	RPL17
1.18090969340514e-15	2.8901943067362	0.222	0.031	1.41815445081023e-11	1	PLEKHA5
1.19202528857901e-15	-3.44056254752589	0.05	0.292	1.43150316905453e-11	1	SLC16A2
1.25449186877682e-15	1.24254653779911	0.577	0.304	1.50651928521409e-11	1	MYH10
1.52718741913473e-15	-3.54473172150863	0.025	0.275	1.8339993716389e-11	1	MAST4
1.53078162339636e-15	5.64626872385012	0.13	0.002	1.83831565153669e-11	1	ENPP3
1.74049825620999e-15	-0.568409285243475	0.979	0.984	2.09016435588258e-11	1	RPS2
1.98748445499445e-15	-0.491208480792251	0.983	0.996	2.38677008200284e-11	1	Fth1
2.06202607031249e-15	2.084389836242	0.347	0.111	2.47628710783827e-11	1	MPEG1
2.16460886849749e-15	1.32210562457945	0.51	0.232	2.59947879017863e-11	1	MDFIC
2.2908028780157e-15	1.06541810826123	0.628	0.37	2.75102517620906e-11	1	CTSB
2.35640231656046e-15	1.48746710087951	0.527	0.258	2.82980354195746e-11	1	RCAN1
2.46619050323644e-15	2.12850162666762	0.305	0.084	2.96164817533664e-11	1	STEAP1
2.62837974549372e-15	1.72234363353175	0.368	0.135	3.15642123636341e-11	1	KSR1
2.65427991196847e-15	1.67844912959927	0.339	0.109	3.18752474628293e-11	1	EML1
2.73195547963467e-15	-0.536032834193658	0.921	0.958	3.28080533549327e-11	1	RPS19
2.84530343468745e-15	-0.659981001103068	0.858	0.925	3.41692489471616e-11	1	RPS27A
2.95800720500963e-15	-0.555021597601067	0.908	0.965	3.55227085249607e-11	1	RPL36
3.70319353699599e-15	-0.666796419803897	0.841	0.919	4.44716511857849e-11	1	TAGLN2
3.9309737610147e-15	3.53789256280532	0.163	0.014	4.72070638960256e-11	1	ECE2
4.62604523276631e-15	1.8700931006797	0.326	0.098	5.55541772002907e-11	1	FOXP1
4.74332306642091e-15	1.28321411919651	0.657	0.396	5.69625667046488e-11	1	CTSK
6.00817912027604e-15	-1.02708290710401	0.448	0.721	7.2152223055395e-11	1	CAVIN2
6.34883630033333e-15	-4.80459884826375	0.004	0.206	7.62431751307029e-11	1	LOC138567585
6.4520298270664e-15	1.43747960431349	0.448	0.194	7.74824261932403e-11	1	SCARB2
6.64735465157773e-15	1.99196857225481	0.402	0.151	7.9828082010797e-11	1	ARHGAP28
7.5492452020978e-15	-0.695416742002566	0.787	0.897	9.06588856319925e-11	1	GAPDH
8.1410800160265e-15	2.22034290842854	0.259	0.055	9.77662299124623e-11	1	CD82
8.90016017905566e-15	-0.487573229795671	0.983	0.984	1.06882023590279e-10	1	RPL32
9.4404087756325e-15	3.09394777481168	0.264	0.06	1.13369868986571e-10	1	MRGPRH
1.00466175769285e-14	1.9398020724911	0.318	0.096	1.20649830481334e-10	1	FNDC1
1.09276798944205e-14	3.94677783510257	0.142	0.008	1.31230507852096e-10	1	LPAR1
1.22551812992378e-14	-0.525440382899874	0.95	0.96	1.47172472222547e-10	1	RPL24
1.47040523310311e-14	-2.01934586728626	0.134	0.397	1.76580964443353e-10	1	CETP
1.54843308202804e-14	-0.604925023818313	0.946	0.954	1.85951328820747e-10	1	RPS12
1.57845695716072e-14	-2.21309350167582	0.092	0.359	1.89556895985431e-10	1	ASS1
1.74983597335393e-14	-4.49242971983871	0.008	0.231	2.10137802040074e-10	1	GPR68
1.84466713412571e-14	1.58475433463741	0.259	0.084	2.21526076137156e-10	1	SNTB2
1.87428917173234e-14	1.15423653310759	0.519	0.249	2.25083386633337e-10	1	SLC22A23
2.00068294398749e-14	-1.97578309560626	0.155	0.431	2.40262014743458e-10	1	NOTCH1
2.4939557939598e-14	-0.485885665077657	0.979	0.959	2.99499151296632e-10	1	RPS28
3.01389487607144e-14	-3.76776208008337	0.021	0.258	3.6193863566742e-10	1	SH3RF3
3.07893032397684e-14	-1.68654768717998	0.159	0.434	3.69748742606379e-10	1	ROBO4
3.43881279363626e-14	-0.575552898254004	0.946	0.969	4.12967028387779e-10	1	RPL21
3.4597272115022e-14	1.91079121134332	0.326	0.097	4.15478640829299e-10	1	SH3TC1
3.56691586194177e-14	1.06070821481329	0.682	0.472	4.28350925860587e-10	1	SSUH2
3.87637056604699e-14	-2.60165878959347	0.046	0.288	4.65513341276583e-10	1	ADAM15
4.36465491257576e-14	2.35769922590918	0.234	0.054	5.24151408451223e-10	1	PLXNA2
4.42742663970326e-14	-2.12103294868705	0.05	0.28	5.31689665161964e-10	1	ARHGAP20
4.52599664494336e-14	-1.74106184625889	0.167	0.449	5.43526937091248e-10	1	CAMK1
4.57633446337755e-14	1.83939429972897	0.406	0.147	5.49572005707011e-10	1	PHLDA1
4.74582105700434e-14	0.713214547759942	0.95	0.837	5.69925650735651e-10	1	CD63
5.41474497127206e-14	-0.648904914729271	0.912	0.927	6.50256723600062e-10	1	RPL12
6.0639101141956e-14	3.90930312968391	0.142	0.008	7.28214965613749e-10	1	CFD
6.29905792208025e-14	-0.537816042136012	0.929	0.959	7.56453865862617e-10	1	EEF1G
6.65932000512119e-14	-5.10415913012265	0.004	0.203	7.99717739415004e-10	1	CRTAC1
6.67394102067128e-14	-3.2561622235677	0.029	0.262	8.01473577172414e-10	1	WIF1
6.87912509406802e-14	-0.56653381006369	0.916	0.945	8.26114132546629e-10	1	RPL37
7.74400360122735e-14	-2.40539339597238	0.071	0.313	9.29977392471393e-10	1	LOC138471710
8.40181811710344e-14	2.35986706259189	0.243	0.054	1.00897433768295e-09	1	CRABP2
9.39303878226666e-14	-0.821419155393226	0.77	0.899	1.1280100273624e-09	1	CAV1
9.48682200086742e-14	-3.33862438375968	0.021	0.237	1.13927245408417e-09	1	MCF2L
1.01081958271003e-13	-0.480398344887839	0.971	0.967	1.21389323687648e-09	1	RPS18
1.01607426656463e-13	-0.656227732132893	0.858	0.939	1.22020358671747e-09	1	RPS24
1.16714018631451e-13	-0.588464863283615	0.9	0.93	1.40161864974509e-09	1	RPL34
1.17445893407026e-13	1.4763437224078	0.368	0.139	1.41040773392497e-09	1	FLRT2
1.17882564197112e-13	3.23123122457127	0.151	0.015	1.41565171344312e-09	1	APOH
1.19869479940711e-13	2.35253752079341	0.234	0.05	1.43951258460799e-09	1	ENAH
1.4222945135711e-13	-2.23780001424019	0.05	0.285	1.70803348134753e-09	1	UPP1
1.92826297050436e-13	1.83566015706138	0.238	0.058	2.31565100127869e-09	1	ESM1
1.96062686386821e-13	6.84128470625526	0.105	0	2.35451680081933e-09	1	GCNT2
2.33001328139624e-13	0.412156378760518	1	0.999	2.79811294962875e-09	1	COX3
2.44324324596065e-13	1.60248192718676	0.339	0.114	2.93409081407415e-09	1	SLC38A9
2.46352443209248e-13	1.2874140599644	0.51	0.255	2.95844649049985e-09	1	PTPN2
2.66518353040821e-13	1.69134769599138	0.347	0.123	3.20061890166722e-09	1	OSBPL10
2.83506760192994e-13	-0.61927316993129	0.845	0.901	3.40463268315767e-09	1	SLC25A5
2.92630648142152e-13	-0.483822299299611	0.971	0.976	3.5142014535391e-09	1	RPS23
2.9473558514142e-13	1.48464105680075	0.439	0.195	3.53947964196331e-09	1	DAB2IP
3.27582739961442e-13	3.85777282904383	0.13	0.008	3.93394112419696e-09	1	PRSS12
3.32209211122442e-13	-1.10839612300912	0.498	0.714	3.9895004163694e-09	1	ALDOA
3.51079452058822e-13	-0.543196463987842	0.941	0.965	4.2161131397744e-09	1	RPL14
3.54711295088858e-13	4.13014509945696	0.117	0.005	4.2597279427221e-09	1	PDGFRL
3.77390924961602e-13	-0.58157812757844	0.891	0.935	4.53208761786388e-09	1	RPS15
3.78251314132916e-13	2.70319579193495	0.184	0.035	4.54242003142219e-09	1	ZBTB20
3.95663536952378e-13	1.7697082380284	0.301	0.101	4.75152341526111e-09	1	MTSS2
4.74470716590739e-13	-0.438794999757965	0.962	0.969	5.69791883553819e-09	1	FAU
4.99613296383228e-13	-2.97605430437497	0.029	0.231	5.99985607626619e-09	1	PDGFB
8.28929731600839e-13	-0.542237703333922	0.891	0.942	9.95461714679447e-09	1	HSP90AB1
9.57216186566353e-13	1.29705787456935	0.393	0.159	1.14952091844753e-08	1	LMNB1
9.78534058800355e-13	3.65315510943536	0.126	0.011	1.17512155121335e-08	1	C7PH3orf52
1.03681662845553e-12	3.73332545811934	0.142	0.011	1.24511308911224e-08	1	KCNC1
1.08618767201139e-12	-0.510406733435209	0.962	0.97	1.30440277531848e-08	1	RPL26L1
1.28174329004479e-12	1.94895220633691	0.285	0.079	1.53924551701479e-08	1	GAB3
1.46988379176728e-12	-2.23242497992775	0.113	0.369	1.76518344553333e-08	1	ENTPD1
1.47669391612626e-12	5.73819121329116	0.105	0.001	1.77336172387603e-08	1	FGF7
1.50049126686288e-12	1.34787614342354	0.36	0.16	1.80193996237563e-08	1	RAB31
1.54724859305377e-12	-3.74461674343551	0.017	0.23	1.85809083539827e-08	1	ENPP1
2.11942257275474e-12	1.49787688395744	0.368	0.144	2.54521456762117e-08	1	SH3BP2
2.13995750616852e-12	-0.908089141397605	0.749	0.88	2.56987496915777e-08	1	HSPG2
2.16198510981751e-12	1.28644833033563	0.423	0.187	2.59632791837984e-08	1	MAN1A1
2.19150996739182e-12	-1.77666370840014	0.163	0.376	2.63178431984084e-08	1	CKB
2.3848254146056e-12	1.37696755961396	0.414	0.18	2.86393684039986e-08	1	CHSY3
2.5676117137153e-12	1.35881284621989	0.389	0.17	3.0834449070007e-08	1	IL13RA1
2.56807970804048e-12	-1.88586721853167	0.117	0.325	3.08400692138581e-08	1	SLC12A2
2.71304982054533e-12	3.06736797591616	0.167	0.024	3.25810152949289e-08	1	GPR17
2.87311687412712e-12	0.807624034959567	0.732	0.533	3.45032605413926e-08	1	GASK1B
2.88904159731162e-12	0.389116786136217	1	0.994	3.46945005421152e-08	1	COX2
2.95079091114126e-12	2.80927431135264	0.138	0.021	3.54360480518954e-08	1	FLRT3
3.28407170450841e-12	1.30523180601505	0.393	0.167	3.94384170994416e-08	1	TBX1
3.30673393491844e-12	1.98330371112769	0.247	0.075	3.97105678244356e-08	1	SLC66A1
3.443977726795e-12	1.59827878091528	0.318	0.11	4.13587285210811e-08	1	CCN2
3.69797180059537e-12	0.776937352541382	0.841	0.631	4.44089433533498e-08	1	ICAM1
4.10350534111603e-12	-6.28113888909892	0.004	0.188	4.92789956414623e-08	1	APLN
4.20076790863991e-12	1.5577738380312	0.381	0.154	5.04470218148567e-08	1	PDE7B
4.34126424552085e-12	-3.65332090941596	0.013	0.183	5.21342423244599e-08	1	AATK
4.34289758237417e-12	-0.648331187838	0.77	0.878	5.21538570667315e-08	1	RPS3
4.8798842247246e-12	0.980170821642724	0.598	0.4	5.86025296547177e-08	1	ANXA11
5.38426090891079e-12	2.40860954586036	0.151	0.035	6.46595892551097e-08	1	MARCHF2
5.45141814863026e-12	-0.547112092606748	1	0.995	6.54660805469008e-08	1	TMSB4X
6.43950720802568e-12	-0.568207708423002	0.879	0.926	7.73320420611804e-08	1	RPS11
6.73784076573578e-12	-1.8948039838518	0.1	0.329	8.09147297557209e-08	1	PLPP1
7.73410974725749e-12	-1.71171233505838	0.126	0.359	9.28789239548152e-08	1	RASGRP3
7.85878684570256e-12	-4.49242971983871	0.004	0.169	9.43761712300421e-08	1	ITGA7
7.95057932318984e-12	1.36977205820976	0.343	0.146	9.54785070921868e-08	1	MUC2
8.27265072840423e-12	1.93547518603707	0.268	0.078	9.93462625974064e-08	1	EPHB1
8.9127088635693e-12	3.49231735861554	0.134	0.013	1.07032720742604e-07	1	PRKD1
9.48288758850224e-12	-2.12939642162168	0.067	0.28	1.13879997050323e-07	1	PPP1R16B
1.22045816281676e-11	1.09505206878014	0.439	0.214	1.46564820772665e-07	1	HSD3B7
1.24688761356794e-11	-0.501421646905361	0.95	0.968	1.49738733513374e-07	1	RPS9
1.32359560542086e-11	-5.63140613298752	0	0.179	1.58950596254992e-07	1	BCAM
1.42327832698671e-11	1.34735728168773	0.397	0.188	1.70921494287834e-07	1	VPS13C
1.47756658340104e-11	-4.79148334847349	0.004	0.163	1.7744097100063e-07	1	RASA4
1.49425244906426e-11	1.25291077088497	0.59	0.4	1.79444776608128e-07	1	PDIA4
1.76942533709117e-11	1.40761902399454	0.356	0.145	2.12490288731279e-07	1	ARHGEF26
1.8267208680732e-11	5.44273532976498	0.088	0.001	2.1937090904691e-07	1	UNC13C
2.07441194404469e-11	1.60890819634619	0.385	0.163	2.49116130360327e-07	1	KLF6
2.10321374690725e-11	-4.03906410190077	0.008	0.178	2.52574938866091e-07	1	GULP1
2.17614304355715e-11	2.00676268395168	0.234	0.059	2.61333018100778e-07	1	CEACAM4
2.26635034754746e-11	1.20867999090296	0.431	0.188	2.72166013236974e-07	1	PERP
2.31908232182408e-11	1.06543633841716	0.724	0.563	2.78498596027853e-07	1	RHOB
2.40053015336888e-11	-0.498872351018285	0.941	0.947	2.88279666118068e-07	1	RPS7
2.74536344742387e-11	-4.7240554209532	0.004	0.174	3.29690696401133e-07	1	BEGAIN
2.86329695696941e-11	-3.90746721911756	0.008	0.16	3.43853331562456e-07	1	RIMBP2
3.10659475586708e-11	-1.59898465529514	0.167	0.395	3.73070964232078e-07	1	APBB2
3.14445013640223e-11	-1.64230077409082	0.121	0.343	3.77617016880544e-07	1	VWCE
3.25563002537223e-11	1.24486672974481	0.498	0.295	3.90968609746951e-07	1	AFDN
3.38405042631532e-11	-0.524901590609432	0.841	0.908	4.06390615696207e-07	1	RPS25
3.52522177739144e-11	-0.653848420896993	0.72	0.834	4.23343883246939e-07	1	RPL18A
3.85329085127461e-11	-1.61267178231589	0.272	0.489	4.62741698329568e-07	1	XIRP2
3.87725612328113e-11	1.17028745397966	0.498	0.277	4.65619687844831e-07	1	GALNT18
3.89819905858146e-11	-4.25191275056635	0.008	0.179	4.68134724945048e-07	1	TESPA1
4.07110398339097e-11	-1.06494273372637	0.418	0.611	4.88898877365422e-07	1	LOC138515939
4.19675065291348e-11	3.47806840287726	0.117	0.011	5.03987785908379e-07	1	REEP1
4.45714916308588e-11	-0.651813067538635	0.787	0.856	5.35259042994984e-07	1	RPS5
4.5456068313304e-11	-0.555492758624487	0.803	0.888	5.45881924374467e-07	1	RPL2
4.60894650554597e-11	-5.59412511690806	0	0.156	5.53488385851016e-07	1	LOC138531582
6.20512837355419e-11	-0.495332982086295	0.895	0.931	7.45173866380123e-07	1	RPS29
6.29575798151037e-11	1.59724527882061	0.285	0.106	7.56057575999581e-07	1	LARP6
6.39523464182861e-11	-3.75816327527346	0.008	0.194	7.68003728137197e-07	1	THSD7A
6.65781723183791e-11	-0.517993033276398	0.937	0.953	7.99537271371414e-07	1	RPL10
7.21921130075266e-11	-0.542304674971373	0.916	0.938	8.66955085107387e-07	1	RPS10
7.41306918577362e-11	1.79743716581635	0.259	0.088	8.90235478519554e-07	1	FAM162A
7.65448427610824e-11	0.576744365773147	0.908	0.81	9.19227016717838e-07	1	LTBP1
8.34670100229446e-11	-0.56349363427367	0.891	0.927	1.00235532336554e-06	1	RPS17
8.75864285582408e-11	1.41214700993156	0.36	0.152	1.05182542055591e-06	1	SIPA1L3
8.95697981504186e-11	4.62715990090241	0.096	0.003	1.07564370598838e-06	1	LOC138493361
9.02973997122445e-11	-2.74461674343551	0.046	0.239	1.08438147314434e-06	1	ATP2A3
9.46497402014825e-11	1.80880597989555	0.243	0.077	1.1366487300796e-06	1	SEC14L1
9.51098447441801e-11	-0.522530139808931	0.883	0.947	1.14217412553286e-06	1	RPS6
1.05089443338221e-10	-0.441468511398652	0.962	0.962	1.2620191250487e-06	1	RPL13
1.14907018984108e-10	1.60890819634619	0.268	0.098	1.37991839098016e-06	1	CCDC71L
1.15894480737046e-10	-0.504276538716577	0.879	0.912	1.39177681917119e-06	1	HSPA8
1.18793755975709e-10	0.956831499766496	0.531	0.292	1.42659421551228e-06	1	KLHL4
1.26879473156982e-10	3.14084498811417	0.113	0.013	1.5236955931422e-06	1	CHST15
1.36052790948495e-10	-3.76265066626577	0.008	0.16	1.63385796650048e-06	1	LOC138539772
1.47090543149267e-10	1.80043965397788	0.238	0.085	1.76641033267955e-06	1	EEIG1
1.50466264877787e-10	-1.89401376909748	0.084	0.288	1.80694937491735e-06	1	NEURL1B
1.50602118128108e-10	-1.724515537379	0.117	0.338	1.80858083660045e-06	1	CSRP1
1.62771768472051e-10	1.8975738371018	0.31	0.114	1.95472616758086e-06	1	LOC138498143
1.69056472640117e-10	0.996653264786706	0.707	0.512	2.03019917993517e-06	1	HSP90B1
1.69845224571291e-10	3.44273532976498	0.117	0.012	2.03967130187663e-06	1	RENBP
1.89165075902781e-10	0.74664472071819	0.724	0.541	2.2716833965165e-06	1	NPC2
2.03003202533993e-10	0.811070766398595	0.736	0.531	2.43786545923073e-06	1	SEPT2
2.03666873537268e-10	-2.79513851901468	0.033	0.207	2.44583548430905e-06	1	SPRY3
2.0772163808708e-10	3.34587379051239	0.121	0.014	2.49452915178774e-06	1	PODN
2.2648462358338e-10	-1.58386947614994	0.117	0.33	2.71985384461281e-06	1	B3GNT2
2.34095768620454e-10	-4.34761316698693	0.004	0.149	2.81125608536303e-06	1	EGFL8
2.37695646744544e-10	0.987431596750363	0.51	0.299	2.85448702175523e-06	1	SDCBP2
2.37903636225021e-10	-2.39173572021924	0.046	0.232	2.85698476742628e-06	1	LPAR4
2.51143906886844e-10	1.72421648981056	0.222	0.075	3.01598717780411e-06	1	MAPKBP1
2.67958644101951e-10	1.08566542875736	0.464	0.249	3.21791535702033e-06	1	SVIL
2.91897406861401e-10	0.616202156976464	0.862	0.78	3.50539595899856e-06	1	FSTL1
3.06332180936234e-10	1.62073363174298	0.31	0.108	3.67874316086324e-06	1	EEIG2
3.25416277948608e-10	-1.20825893957307	0.364	0.587	3.90792408188483e-06	1	ENG
3.26497965509317e-10	-3.13909292023204	0.021	0.2	3.92091406780139e-06	1	PYGL
3.28810317070283e-10	-3.36719353595645	0.017	0.187	3.94868309769703e-06	1	STK10
3.51215596891769e-10	1.72026930529389	0.218	0.071	4.21774810307325e-06	1	NEO1
3.68989137039809e-10	0.836027448630574	0.749	0.571	4.43119054671106e-06	1	AHNAK
4.18881964941093e-10	1.16345784488689	0.389	0.184	5.03035351697758e-06	1	LGALS3
4.21281102574354e-10	-0.992556935286896	0.368	0.577	5.05916476081542e-06	1	RPL8
4.30141998957881e-10	-2.06109040823077	0.071	0.262	5.1655752654852e-06	1	NAV1
4.32485194381102e-10	-3.32047703704942	0.021	0.216	5.19371469932265e-06	1	CXCL16
4.45399578865812e-10	1.58554420328068	0.213	0.077	5.34880354259953e-06	1	ABCA1
4.77470982766989e-10	3.70576973559878	0.113	0.01	5.73394903204878e-06	1	LINGO2
4.87222562261271e-10	1.50757028016129	0.247	0.088	5.8510557501956e-06	1	RALGPS1
4.99597306789101e-10	2.33122701454799	0.159	0.03	5.99966405723032e-06	1	TMEM26
5.20877336857308e-10	-0.478761765002258	0.912	0.94	6.25521593831941e-06	1	RPL28
5.2853140323399e-10	1.9605836346276	0.222	0.062	6.34713362143699e-06	1	SYNJ2
5.28923098792567e-10	-2.89584189399793	0.025	0.192	6.35183749339993e-06	1	FRY
5.37467231996213e-10	5.23123122457127	0.075	0.001	6.45444398904253e-06	1	TMPRSS2
5.62477875412892e-10	1.05581621091205	0.494	0.265	6.75479680583342e-06	1	LALBA
6.08294681453288e-10	-0.964573557796181	0.464	0.674	7.30501082957253e-06	1	CAVIN1
6.16070978153722e-10	-1.78223103523529	0.067	0.249	7.39839637664804e-06	1	FAM129B
6.25400076431539e-10	0.867271717680576	0.72	0.541	7.51042951786635e-06	1	ASAP1
6.28429783911123e-10	-2.50854938520199	0.038	0.21	7.54681327498868e-06	1	AOC3
6.37142854182517e-10	-0.856860770680019	0.527	0.727	7.65144853587785e-06	1	PTPRM
6.51319872369279e-10	2.6155719266272	0.117	0.02	7.82170034728268e-06	1	GPSM1
7.40539792469676e-10	-0.392232259560188	0.979	0.976	8.89314236776833e-06	1	RPL23
7.99809022945805e-10	3.07641311551917	0.121	0.013	9.60490655655617e-06	1	ARHGEF40
8.81337014904585e-10	-0.607458576463292	0.657	0.805	1.05839762119892e-05	1	RACK1
9.10018826759415e-10	-1.01982013355919	0.452	0.641	1.09284160905538e-05	1	ADCY4
9.54282273214063e-10	1.31514727488013	0.276	0.111	1.14599758190277e-05	1	FXYD5
9.56965637885143e-10	1.5603610137635	0.318	0.116	1.14922003453627e-05	1	SLC4A7
9.90291711672022e-10	-0.487076821994932	0.9	0.937	1.18924131654693e-05	1	RPL11
1.00473977125994e-09	1.29911683150369	0.456	0.242	1.20659199130606e-05	1	HYAL2
1.02164679040325e-09	1.1324471504335	0.397	0.201	1.22689563059526e-05	1	CAT
1.02254712750263e-09	-0.430117183617779	0.975	0.976	1.22797684541791e-05	1	RPL35
1.04130608581964e-09	-1.52516065211943	0.226	0.426	1.2505044784608e-05	1	EXOC3L2
1.05613701156535e-09	-2.99397621237223	0.021	0.169	1.26831493718883e-05	1	ARHGAP7
1.24954813748785e-09	2.09878092854762	0.167	0.041	1.50058235830916e-05	1	ERRFI1
1.25760647682363e-09	-5.22614965450126	0	0.141	1.51025961801749e-05	1	HLX
1.27457532515874e-09	1.31287186821718	0.264	0.11	1.53063750798313e-05	1	SHC1
1.4172618364238e-09	2.30523180601505	0.142	0.029	1.70198973936134e-05	1	LRRC3
1.44448436285411e-09	-2.21636863370868	0.059	0.263	1.7346812713515e-05	1	MMRN2
1.55101433104809e-09	0.416036426994083	0.929	0.835	1.86261311015566e-05	1	ND2
1.71085289424629e-09	-5.36542444310339	0	0.144	2.05456324070037e-05	1	RAPGEF3
1.84083811448721e-09	-2.71713600701341	0.038	0.219	2.2106624916877e-05	1	TRIM71
1.93568579802523e-09	1.50413587442913	0.251	0.093	2.3245650748485e-05	1	PDIA5
2.12464619471058e-09	-0.40143054023201	0.908	0.941	2.55148761522793e-05	1	RPL39
2.14926688476956e-09	-3.23586480933448	0.013	0.148	2.58105460191977e-05	1	SDR9C7
2.28527570524342e-09	-1.53566123081923	0.138	0.362	2.74438759442682e-05	1	LDB2
2.3528279760249e-09	2.05730429257146	0.197	0.055	2.82551111640831e-05	1	SLCO2B1
2.43841038420696e-09	4.79065863318529	0.084	0.006	2.92828703039414e-05	1	WNT9A
2.54530644232586e-09	3.44273532976498	0.084	0.007	3.05665850658912e-05	1	LOC138497151
2.75977654419222e-09	2.31261133638065	0.155	0.039	3.31421565192043e-05	1	PIK3R3
2.90110407576251e-09	1.12378493467752	0.343	0.172	3.4839358845832e-05	1	SLC43A2
2.92770798274755e-09	-0.447000544804468	0.862	0.938	3.51588451648153e-05	1	RPL38
3.03893176524812e-09	1.64226679329262	0.297	0.11	3.64945315688647e-05	1	TFE3
3.40379542249927e-09	-1.79651218733164	0.113	0.304	4.08761792287937e-05	1	UCHL1
3.55469094923903e-09	2.92672018276132	0.1	0.012	4.26882836094115e-05	1	KIF21A
4.35835526178052e-09	3.6995107451271	0.088	0.006	5.23394883387223e-05	1	B3GNT7
4.41344022767644e-09	0.698499642259864	0.745	0.569	5.30010036941664e-05	1	MYADM
4.48136120037139e-09	1.14296037711617	0.364	0.181	5.381666665526e-05	1	SCPEP1
4.61175172649531e-09	1.05234535555734	0.381	0.187	5.53825264834822e-05	1	ZFPM1
4.73907214667360e-09	-3.9824805735344	0.004	0.12	5.69115174094032e-05	1	MAP3K5
5.69360051918401e-09	0.931309073489425	0.527	0.343	6.83744486348808e-05	1	RAPGEF6
6.0679483092175e-09	-2.67490777162411	0.021	0.157	7.2869991245393e-05	1	KCNN3
6.21809387063837e-09	-1.98992937930953	0.063	0.241	7.46730892924962e-05	1	DLC1
6.38822945676621e-09	1.73276024947709	0.226	0.071	7.67162475463054e-05	1	KCNE5
7.53782524345217e-09	-0.597524990086456	0.565	0.741	9.05217433486171e-05	1	SLC25A3
7.58153075377989e-09	0.796152295574778	0.464	0.278	9.10466028221427e-05	1	BIRC6
7.65565072839422e-09	-0.944803370390528	0.372	0.588	9.19367095972862e-05	1	SEMA3F
7.82455651974982e-09	0.745612153408356	0.707	0.55	9.39650992456756e-05	1	ITM2A
7.90387947472117e-09	-0.571164760472207	0.837	0.904	9.49176886119266e-05	1	MSN
8.55141381940486e-09	1.3101140273948	0.255	0.103	0.000102693928557233	1	KLHL29
8.91872775799269e-09	0.72885008055894	0.665	0.457	0.000107105001645734	1	NFIB
9.47128472681327e-09	-2.40901371165107	0.029	0.156	0.000113740658284301	1	COL18A1
9.70804767544367e-09	1.37257811434145	0.389	0.193	0.000116583944534403	1	HAPLN1
1.00385959223527e-08	-5.19660537888725	0	0.119	0.000120553498431533	1	EVA1C
1.03061895060797e-08	-0.479655568508156	0.958	0.961	0.000123767029778511	1	RPL36A
1.06525659559792e-08	2.80273146548587	0.167	0.034	0.000127926664565354	1	CLEC
1.06898963188499e-08	-1.30209850773456	0.163	0.382	0.000128374964893068	1	VASP
1.10854401991988e-08	-0.629787491461407	0.741	0.808	0.000133125051352178	1	RPL10A
1.11007334910431e-08	-0.517773619217849	0.808	0.884	0.000133308708493936	1	RPL27A
1.17891552290319e-08	1.24958377646513	0.301	0.141	0.000141575965145444	1	B4GALT3
1.20149840157208e-08	-0.934727442086032	0.238	0.443	0.000144287943044791	1	NHSL2
1.20905072957894e-08	-2.38771893328785	0.042	0.228	0.000145194902115135	1	DLL4
1.24301012589121e-08	0.999791833916255	0.531	0.352	0.000149273086018276	1	WSB1
1.37026051240787e-08	2.15663531401325	0.163	0.04	0.000164554584935062	1	MFSD12
1.38452529367106e-08	1.18731760314928	0.305	0.142	0.000166267642516958	1	CELF2
1.38848623398615e-08	-0.941145255865137	0.356	0.519	0.000166743311839397	1	PMP22
1.46225998034825e-08	1.13530680457274	0.381	0.188	0.000175602801040021	1	SYT16
1.49467670574439e-08	-0.34629593918357	0.967	0.981	0.000179495725592844	1	RPLP2
1.50954801241042e-08	1.4909073291426	0.205	0.08	0.000181281620810367	1	SPHK2
1.52302111117195e-08	0.983303711127686	0.435	0.21	0.00018289960524064	1	IGF2
1.55970281357357e-08	6.15322871257	0.063	0	0.00018730471088205	1	GPR83
1.55970921160048e-08	5.23123122457127	0.063	0.001	0.000187305479221102	1	DMTN
1.57158091410908e-08	-0.439145682992228	0.946	0.949	0.000188731151975359	1	RPL7
1.67580433412774e-08	-3.66055247864704	0.008	0.135	0.000201247342485401	1	EPO
1.69249796955545e-08	0.93306940860755	0.423	0.231	0.000203252081163914	1	SLC12A4
1.71719880166877e-08	0.639737966981881	0.586	0.393	0.000206218404092402	1	SIK3
1.7173124085589e-08	0.888976328579533	0.469	0.277	0.000206232047143838	1	PDCD6IP
1.74133172963379e-08	1.25300184724249	0.423	0.233	0.000209116527411722	1	PLAT
1.8725839126153e-08	2.05545349688352	0.155	0.04	0.000224878602065971	1	SLC17A5
1.87831499562571e-08	2.77977031704255	0.113	0.017	0.000225566847824692	1	SORCS2
1.90441769487164e-08	1.16387595676951	0.285	0.133	0.000228701520977136	1	OSBPL5
2.07340912219305e-08	2.62073363174298	0.113	0.018	0.000248995701484164	1	PTPRD
2.16549359122864e-08	1.75197816502123	0.226	0.083	0.000260054125370648	1	GSAP
2.26416755486589e-08	1.48420194706037	0.23	0.083	0.000271903881663845	1	ADAMTS15
2.31612362934852e-08	4.12080723487762	0.075	0.004	0.000278143286648463	1	GPR174
2.31612362934852e-08	3.44273532976498	0.075	0.007	0.000278143286648463	1	CFB
2.34677145120126e-08	0.446388384813639	0.925	0.852	0.000281823783574759	1	RAC1
2.34875922246021e-08	3.42387630251367	0.075	0.005	0.000282062495025247	1	COX4I2
2.3888303762094e-08	-0.382534082090933	0.929	0.949	0.000286874639878987	1	RPL27
2.40827112478972e-08	-5.25510102819739	0	0.122	0.000289209279375997	1	KANK4
2.47374501792438e-08	2.35769922590918	0.134	0.026	0.000297072039202539	1	GJC1
2.64714593721193e-08	0.888146478087346	0.41	0.246	0.000317895755599781	1	IGF1R
2.66999771919505e-08	1.18400106136482	0.456	0.256	0.000320640026098134	1	TIMP1
2.95295662035183e-08	-1.46061490813829	0.13	0.317	0.000354620560538051	1	RIN2
2.99756550695403e-08	0.911033424637524	0.46	0.277	0.000359977641730109	1	LOC138503155
3.07357647182154e-08	-0.688352261858788	0.611	0.77	0.000369105798501049	1	PRX
3.09148956085773e-08	-1.22697902793077	0.176	0.347	0.000371256981363405	1	MEF2A
3.11263676037708e-08	1.07036044539691	0.368	0.19	0.000373796548553683	1	TRAF2
3.21524869983357e-08	1.29524771744243	0.259	0.113	0.000386119216363014	1	KLF3
3.25857193860245e-08	-0.462267368175392	0.866	0.893	0.000391321904106768	1	RPS16
3.36459823840374e-08	-0.8044889445514	0.607	0.746	0.000404054602449906	1	SHANK3
3.5398855168319e-08	-0.311331388250175	0.979	0.971	0.000425104851716343	1	RPS27
3.89227828402218e-08	1.3565210347119	0.247	0.105	0.000467423699128223	1	ABI2
3.97878429171071e-08	-3.59160512492955	0.008	0.123	0.000477812205591539	1	MEOX1
4.02787144542669e-08	-2.23392700509298	0.038	0.177	0.000483707081881291	1	SYNPO
4.04672156790623e-08	1.66137561624032	0.192	0.07	0.00048597079308986	1	RXRA
4.09783256369744e-08	0.323265508270801	0.992	0.966	0.000492108712574426	1	CYTB
4.28029227021576e-08	1.11605891997946	0.293	0.133	0.00051402029873021	1	TP53I11
4.43156546571756e-08	-0.376020019755503	0.95	0.966	0.000532186696778021	1	RPS8
4.56069575464985e-08	-0.882349851494585	0.268	0.457	0.000547693953175901	1	SCHIP1
4.77644718247462e-08	-0.464663588712616	0.929	0.946	0.000573603542143377	1	RPL13A
4.78121536072349e-08	6.15322871257	0.059	0	0.000574176152669284	1	AQP8
4.7812741511656e-08	6.37562113390645	0.059	0	0.000574183212813477	1	CRYBA4
4.82482412876451e-08	-0.445647914380014	0.887	0.938	0.000579413129623331	1	RPLP0
4.97005520849132e-08	-3.82405121092992	0.004	0.103	0.000596853929987723	1	PHEX
5.54418247446042e-08	-0.548842091150021	0.766	0.847	0.000665800873357952	1	RPL9
5.64577049777118e-08	-1.21600509709572	0.176	0.387	0.00067800057907734	1	PLEKHG5
6.15420936664591e-08	-1.5191966294015	0.088	0.255	0.000739059002840508	1	MCTP2
6.60791721728872e-08	-1.34488337423136	0.167	0.363	0.000793544778624203	1	RGS3
6.73432185667033e-08	-1.33595024946135	0.213	0.403	0.00080872471176754	1	RALGAPA1
7.02542696643614e-08	3.64626872385012	0.071	0.005	0.000843683524399316	1	GAL3ST4
7.04417823564427e-08	1.27281032832267	0.251	0.106	0.00084593536431852	1	PROS1
7.23869789652016e-08	1.07509618704718	0.272	0.129	0.000869295230393106	1	ASAH1
7.26859754905685e-08	0.668285561222997	0.695	0.522	0.000872885879666237	1	ADAM10
7.28605131190092e-08	-3.35059702542575	0.008	0.121	0.000874981902046181	1	XPNPEP2
7.31018677783253e-08	-3.14597930581728	0.017	0.162	0.000877880330149908	1	MPPED2
7.72834120140622e-08	-2.31682001344133	0.038	0.193	0.000928096494876873	1	EGFLAM
7.73513093160329e-08	1.0669616401746	0.272	0.133	0.000928911873576239	1	FAM234A
7.86923566771563e-08	2.85777282904383	0.088	0.012	0.000945016511335971	1	CCDC3
8.03916387361542e-08	1.11068301760391	0.259	0.12	0.000965423189582476	1	PIK3R2
8.04865570354002e-08	0.93560696909639	0.402	0.226	0.000966563063438121	1	EPS15
8.31882309385188e-08	1.48777629398847	0.218	0.083	0.000999007465340673	1	INPP4B
8.49525569002948e-08	1.05925256436099	0.289	0.145	0.00102019525581564	1	GLB1
8.63937009236596e-08	-0.333001124159616	0.904	0.965	0.00103750195439223	1	EEF1A1
9.01258716100402e-08	0.976989937195484	0.377	0.215	0.00108232159216497	1	BRD4
9.20202753102181e-08	-4.25828227544207	0.008	0.128	0.00110507148620041	1	CXCL12
9.66745575615696e-08	-3.27408413156497	0.013	0.13	0.00116096476175689	1	EPS8
9.89646884586633e-08	-0.290970673261526	0.979	0.981	0.00118846694370009	1	PTMA
1.00819028869813e-07	2.31772275019825	0.092	0.02	0.00121073571769758	1	LHFPL6
1.01118196995663e-07	-4.73094180653844	0	0.101	0.00121432842772092	1	KLHL6
1.09719676203898e-07	-1.83772614782699	0.059	0.204	0.00131762359153261	1	ANXA6
1.09951831250482e-07	-0.466003690235903	0.824	0.898	0.00132041154148703	1	RPL3
1.11696634450911e-07	-0.487819505989853	0.858	0.912	0.00134136488312099	1	RPL18
1.11696906364834e-07	3.42387630251367	0.063	0.005	0.0013413681485353	1	SLC37A2
1.12293302080614e-07	0.300066678691394	0.992	0.987	0.0013485302646861	1	ANXA1
1.12331065877145e-07	2.75382186500492	0.096	0.017	0.00134898377011864	1	LOC138504513
1.13333295629775e-07	-2.56689337143279	0.025	0.152	0.00136101954721797	1	TMCC3
1.13685637545947e-07	-0.410255314821386	0.895	0.925	0.00136525082128928	1	RPL35A
1.16438479048955e-07	-2.08278547933009	0.046	0.185	0.0013983096948989	1	S1PR2
1.35418311341353e-07	1.24254653779911	0.272	0.126	0.00162623850089831	1	SLC12A9
1.4363775467801e-07	0.881319678837455	0.456	0.289	0.00172494579592822	1	RGL3
1.46301030659694e-07	3.79065863318529	0.054	0.003	0.00175692907719227	1	TAFA5
1.46347790742579e-07	4.89019430673621	0.054	0.001	0.00175749061902763	1	C1R
1.50900717761793e-07	-1.23034266774394	0.155	0.362	0.00181216671960137	1	ADAMTS1
1.58676489372966e-07	2.03060942590604	0.117	0.031	0.00190554596087994	1	LOC138529514
1.6387786366478e-07	0.695407244815115	0.498	0.351	0.00196800926475034	1	CYB5R3
1.90876260767598e-07	1.04964620595638	0.289	0.149	0.00229223301555809	1	LGALS3BP
1.91588780868909e-07	-1.75766381359602	0.105	0.277	0.00230078966945473	1	NHERF2
1.94109085926322e-07	1.2162808831053	0.356	0.175	0.0023310560128892	1	EPS15L1
1.95286844937546e-07	1.19424960581303	0.356	0.188	0.00234519972085499	1	SLC4A11
1.97390215705249e-07	-2.55806952104579	0.025	0.144	0.00237045910040434	1	HMCN1
2.02377012654115e-07	1.42608620088943	0.243	0.098	0.00243034554496327	1	FAM43A
2.04979691135338e-07	3.98330371112769	0.067	0.005	0.00246160111084427	1	TNFRSF9
2.07316925503707e-07	-2.23908871020876	0.033	0.164	0.00248966895837402	1	LDHB
2.11260640243553e-07	-3.86218633981669	0.004	0.112	0.00253702902868483	1	KITLG
2.31250065909927e-07	-2.07352751146899	0.046	0.2	0.00277708204151232	1	SNAI2
2.44474665278405e-07	-1.51312211499181	0.079	0.21	0.00293589625532836	1	LRRC8C
2.97669231587304e-07	-0.425169480042115	0.854	0.895	0.00357470980213193	1	RPL30
3.06700934022101e-07	-2.84451531348963	0.017	0.135	0.00368317151667141	1	VAMP5
3.16066059415466e-07	-2.3742482934904	0.029	0.151	0.00379563730752033	1	PRICKLE1
3.26058174032353e-07	1.41880531296625	0.247	0.103	0.00391563261195453	1	ANTXR2
3.28870491550017e-07	-0.380608566321864	0.929	0.94	0.00394940573302415	1	UBA52
3.37880838623428e-07	-0.460645094989847	0.904	0.932	0.00405761099102874	1	DYNLL1
3.3995208914235e-07	2.24633811696148	0.071	0.015	0.00408248463851048	1	VSTM4
3.45045606630932e-07	-1.84023113798535	0.075	0.23	0.00414365269003086	1	DCHS1
3.51176173336634e-07	0.901117955772441	0.444	0.266	0.00421727466559964	1	TAOK3
3.51558340003524e-07	-1.96422886897818	0.054	0.182	0.00422186410510232	1	TMEM92
3.56277536685367e-07	-1.69852032884606	0.092	0.253	0.00427853693805457	1	HEG1
3.60879974596755e-07	1.51834098651716	0.234	0.091	0.00433380761493244	1	SALL4
3.65499381114402e-07	1.23856076636976	0.272	0.122	0.00438928206780285	1	SDR16C5
3.68189863123538e-07	-0.453188088245861	0.816	0.894	0.00442159206625056	1	RPS3A
3.69473871279343e-07	2.02637243301957	0.113	0.034	0.00443701172019363	1	LOC138583127
3.70648871933016e-07	1.92190316646354	0.151	0.048	0.00445112230304358	1	TANK
3.83594496146901e-07	1.06372239358298	0.276	0.131	0.00460658630422813	1	PGM5
3.87955740976503e-07	1.4572348994601	0.192	0.07	0.00465896049338682	1	TPCN2
4.04832469443367e-07	1.55648904407249	0.205	0.083	0.00486163312554539	1	WFDC1
4.18188999201563e-07	1.03752410212557	0.36	0.202	0.00502203169141157	1	PEAK1
4.2057212890489e-07	0.803182942579486	0.51	0.356	0.00505065069601882	1	NFX1
4.33865287360145e-07	2.0124500567872	0.167	0.047	0.00521028823590798	1	MERTK
4.47461511052567e-07	-0.818756911260405	0.264	0.462	0.00537356528623028	1	ADAMTS4
4.54865243905591e-07	1.88814647808735	0.146	0.047	0.00546247671406224	1	MYLIP
4.55538318982514e-07	0.913594739316282	0.356	0.189	0.00547055967266101	1	CTSC
4.6021972542466e-07	-2.19549944166108	0.033	0.146	0.00552677868262474	1	THBD
4.64027868535275e-07	0.788800686964708	0.36	0.198	0.00557251067324012	1	PDS5B
4.65956593588276e-07	3.27281032832267	0.075	0.008	0.0055956727324016	1	ETV1
4.88606571009086e-07	-0.978222141057678	0.251	0.424	0.00586767631124811	1	PREX2
5.13789362765055e-07	1.24633811696148	0.297	0.137	0.00617009645744555	1	LOC138497215
5.34809438409254e-07	-0.456130659259697	0.803	0.893	0.00642252654585673	1	EEF1B2
5.62444197126656e-07	1.1884940423892	0.372	0.203	0.00675439236329401	1	USP48
5.68175675851176e-07	1.3521710289736	0.293	0.123	0.00682322169129677	1	IL1R1
5.70864308823772e-07	-0.899339338234155	0.347	0.493	0.00685550948466467	1	CDH5
5.71574385339233e-07	1.48853901937811	0.163	0.061	0.00686403679353885	1	EVA1B
5.88722245265386e-07	1.94482956331305	0.138	0.037	0.00706996544339202	1	APCDD1L
6.13920784750125e-07	0.983303711127686	0.268	0.147	0.00737257470406425	1	ARID5B
6.28890241607937e-07	1.01433060674831	0.335	0.177	0.00755234291146972	1	LAMP3
6.32918343187405e-07	0.782770723754978	0.41	0.243	0.00760071638333755	1	SEPTIN10
6.63607045562104e-07	-3.84958630303706	0.004	0.108	0.00796925701015531	1	DISP3
6.66986939436079e-07	1.14084498811417	0.276	0.147	0.00800984615568787	1	EFNA1
7.28151358177584e-07	1.16475058246522	0.209	0.093	0.00874436966035461	1	IL10RA
7.83168460925291e-07	-1.05622465305895	0.209	0.388	0.00940507004725182	1	ARPC1B
8.14322252995099e-07	2.37562113390645	0.084	0.014	0.00977919593621815	1	LOC138566042
8.26055354108226e-07	-1.04870668377493	0.134	0.288	0.00992009874748569	1	RGCC
8.53214412726037e-07	-0.298647908048737	0.967	0.974	0.010246251882427	1	TPT1
8.5602831535574e-07	1.70912874768869	0.172	0.052	0.0102800440391071	1	KLF10
8.56122066106978e-07	1.25936479725772	0.272	0.129	0.0102811698918787	1	STON2
8.67328390763756e-07	2.0474340485474	0.088	0.021	0.010415746644682	1	PAK1
9.05201041462204e-07	1.57994801689648	0.121	0.042	0.0108705593069196	1	TMEM220
9.09447568505556e-07	0.661792038538175	0.644	0.507	0.0109215558501832	1	IGFBP1
9.12464876704564e-07	-2.67966130159474	0.021	0.144	0.0109577907043451	1	NBEA
9.48815277401275e-07	-1.63140613298752	0.063	0.189	0.0113943226663119	1	PLP2
9.66234217174135e-07	1.19992765200452	0.326	0.164	0.0116035067140442	1	LYN
9.9443354462593e-07	3.48580405165687	0.067	0.005	0.0119421524374128	1	LOC138567786
9.97194352785595e-07	2.70319579193495	0.1	0.017	0.0119753069826022	1	HLF
1.00511665993266e-06	-1.314376837513	0.121	0.275	0.0120704459691313	1	LBHD2
1.013397791673e-06	-0.818419342850587	0.318	0.501	0.012169894080201	1	RAPGEF2
1.01749181006675e-06	-0.290496059124477	1	1	0.0122190591470915	1	CIRBP
1.05818396818515e-06	0.972656466928178	0.414	0.239	0.0127077312739355	1	LTA4H
1.05905488499705e-06	2.17594878907008	0.117	0.026	0.0127181901139296	1	SNAI1
1.08701467683201e-06	1.13530680457274	0.255	0.124	0.0130539592540756	1	MAGI3
1.10492929147534e-06	1.05369303901908	0.301	0.154	0.0132690958613274	1	CORO1C
1.10608967447342e-06	1.25853857056701	0.301	0.146	0.0132830309007513	1	SEMA6C
1.12057343628434e-06	-0.352418183276048	0.883	0.924	0.0134569663963386	1	RPS21
1.12564119531204e-06	0.521172051443017	0.87	0.744	0.0135178251145023	1	ND3
1.15540453190576e-06	2.22431181063148	0.105	0.021	0.0138752530236563	1	KBTBD11
1.1626779777629e-06	2.14376838332093	0.138	0.035	0.0139625998349546	1	DRAM1
1.16268435387355e-06	1.48734621646528	0.138	0.055	0.0139626764056675	1	ME3
1.19925107736536e-06	-2.59160512492955	0.021	0.129	0.0144018061880806	1	PLOD2
1.21408597132399e-06	-2.32047703704942	0.025	0.148	0.0145799584296298	1	KREMEN1
1.22676988659132e-06	1.08170741518868	0.326	0.154	0.0147322795680751	1	PLSCR3
1.26506057291833e-06	1.62376132444055	0.209	0.071	0.0151921124201763	1	PARP3
1.27581330534401e-06	1.75064295433741	0.159	0.049	0.0153212419838762	1	PLA2G15
1.35543581376486e-06	1.70189077597904	0.247	0.124	0.0162774286875023	1	SQSTM1
1.371536908095e-06	4.56826621184884	0.046	0.001	0.0164707867293128	1	CDH10
1.37184602959091e-06	4.09878092854762	0.046	0.002	0.0164744989693572	1	BACE2
1.37271188039625e-06	7.68374342926878	0.046	0	0.0164848969716785	1	LOC138513758
1.42505332633915e-06	0.597099975239244	0.615	0.481	0.0171134653960069	1	PSAP
1.5391277309746e-06	1.9255882132714	0.18	0.052	0.018483384921274	1	KLF5
1.54985475954833e-06	-3.73094180653844	0.004	0.095	0.0186122058074159	1	CNMD
1.55120500659975e-06	-1.53327181461322	0.071	0.195	0.0186284209242563	1	DENND5A
1.71683926456669e-06	1.06403498324054	0.406	0.228	0.0206175227281814	1	JUN
1.73553766789e-06	2.39834121040653	0.075	0.015	0.020842071853691	1	CPT1B
1.73873261227043e-06	-0.916355315249756	0.285	0.448	0.0208804399407556	1	SOX18
1.7405900154886e-06	1.55331587038287	0.259	0.093	0.0209027454960026	1	SBSPON
1.74413446423479e-06	1.21026886225396	0.285	0.134	0.0209453107809956	1	MTMR8
1.75767180033891e-06	1.98330371112769	0.13	0.033	0.02110788065027	1	PDLIM5
1.77519478201391e-06	-2.73094180653844	0.013	0.106	0.021318314137205	1	LPAR6
1.77591290559738e-06	1.21342349448874	0.272	0.126	0.021326938083319	1	LTBP3
1.7991194216127e-06	2.02512388682231	0.121	0.035	0.0216056251341469	1	NHSL3
1.8436288625677e-06	-0.520223677954083	0.741	0.856	0.0221401390105755	1	MYL12B
1.86254988178002e-06	0.909009928780372	0.423	0.236	0.0223673615302962	1	HEBP2
1.92613937205001e-06	2.89584086987735	0.079	0.016	0.0231310077189485	1	TF
1.98250484313888e-06	1.03155887973491	0.268	0.142	0.0238079006612548	1	TBC1D5
2.02598804531076e-06	-3.88706100845572	0.004	0.086	0.0243300904361369	1	NPPC
2.04493361771534e-06	1.31087836915619	0.205	0.093	0.0245576078151435	1	IFI27
2.05837066631108e-06	-3.77158379103578	0.004	0.099	0.0247189733317298	1	CILP
2.09710647774997e-06	2.72026930529389	0.079	0.012	0.0251841516912994	1	EXPH5
2.17814120541105e-06	-2.7391623133434	0.017	0.113	0.0261572977357813	1	KCNMA1
2.23506526922451e-06	0.391810212196135	0.921	0.84	0.0268408988181172	1	ND4
2.2499719124036e-06	-3.14597930581728	0.008	0.098	0.0270199126960549	1	ITGA8
2.30696362150064e-06	0.747145011285287	0.632	0.473	0.0277043261306012	1	NRK
2.31807689475327e-06	1.34284609781483	0.226	0.096	0.027837785429092	1	SMTN
2.32932282285415e-06	0.625588052145989	0.556	0.376	0.0279728377796555	1	CLDN11
2.36059968731727e-06	2.92672018276132	0.084	0.012	0.0283484416449931	1	LTBP4
2.36273472135265e-06	-3.02792354429557	0.013	0.128	0.028374081268724	1	FXYD6
2.36522236280405e-06	-0.633442499254202	0.728	0.817	0.0284039553549138	1	TUBA1C
2.41937233107519e-06	-0.344561408767528	0.937	0.941	0.0290542423238819	1	RPS20
2.42827777904575e-06	-0.369280411913697	0.879	0.93	0.0291611878485604	1	RPS13
2.4703086034853e-06	1.40711142003426	0.197	0.074	0.0296659360192549	1	ARHGAP26
2.48236732949118e-06	1.10461000734982	0.234	0.11	0.0298107492598595	1	ACVR2A
2.51951072510019e-06	-0.746904516863211	0.368	0.513	0.0302568042977282	1	EHD2
2.60500821367252e-06	-0.413068278540154	0.728	0.826	0.0312835436379933	1	RPL22L1
2.70797614885785e-06	0.688199404316034	0.485	0.316	0.0325200855716339	1	IGF2BP2
2.71900366185353e-06	-0.863907199744031	0.335	0.523	0.032652514975199	1	ADGRL4
2.74847872539259e-06	-0.951778812190975	0.406	0.565	0.0330064810132396	1	TCF4
2.83432974985706e-06	-1.24376519741823	0.105	0.234	0.0340374659660334	1	TCIM
2.86842990614605e-06	1.28756077968799	0.264	0.113	0.0344469747429079	1	PRCP
2.99349249521765e-06	1.46873053829793	0.138	0.049	0.0359488513750688	1	SULT1C2
3.0385349593395e-06	0.897912219897042	0.314	0.164	0.0364897663267081	1	SPTLC1
3.05218824797969e-06	-4.47612790750961	0	0.085	0.0366537286699881	1	PRKD3
3.10912206881703e-06	-2.02487022031801	0.042	0.174	0.0373374469244237	1	C1QH1orf21
3.14850286873042e-06	4.98330371112769	0.05	0.001	0.0378103709505836	1	SCML4
3.24766227019749e-06	0.598464467901946	0.519	0.366	0.0390011762028017	1	USP9X
3.5278487950955e-06	0.897727979421612	0.326	0.178	0.0423659361803018	1	ZEB1
3.59737299157199e-06	0.848461168840819	0.431	0.269	0.0432008522557881	1	ZZEF1
3.73182067830281e-06	1.37186899904534	0.126	0.052	0.0448154345257384	1	DTNB
4.0986132200108e-06	1.24095492026458	0.297	0.157	0.0492202461591097	1	MMP18
4.20224359687148e-06	5.44273532976498	0.042	0	0.0504647433548296	1	DHRS3
4.20405336800423e-06	5.79065863318529	0.042	0	0.0504864768963628	1	IGLON5
4.26047522323917e-06	0.888525486375586	0.297	0.159	0.0511640469558792	1	NHSL1
4.28555331198753e-06	-1.97862824803879	0.046	0.176	0.0514652097236583	1	DUSP9
4.36144952046875e-06	1.54890088698191	0.142	0.052	0.0523766472913092	1	ACAP1
4.50126345838821e-06	1.1222801242765	0.335	0.171	0.054055672871784	1	SPECC1L
4.72248867088881e-06	1.14931366256662	0.188	0.077	0.0567123664487037	1	AVL9
4.78760736595122e-06	-3.63140613298752	0.004	0.086	0.0574943768577083	1	GJA4
5.06313387215549e-06	0.714117078312297	0.402	0.25	0.0608031746707153	1	CDC42BPA
5.11822103804957e-06	0.687062259903974	0.427	0.277	0.0614647164459373	1	PARG
5.16569685337324e-06	-0.317226029778401	0.958	0.951	0.0620348535121593	1	RPL19
5.199120111519e-06	1.14250230597694	0.255	0.115	0.0624362334192317	1	DPP9
5.2010878142623e-06	-1.43990771959686	0.079	0.219	0.0624598635614759	1	ST3GAL4
5.37424272545654e-06	-2.82405121092992	0.013	0.11	0.0645392808900076	1	LOC138525662
5.69389539587963e-06	1.4808033705985	0.142	0.044	0.0683779898091185	1	NOTCH3
5.76905942564341e-06	1.02219272452128	0.297	0.142	0.0692806346425517	1	DEPP1
5.86016354862257e-06	-1.09808461571297	0.096	0.212	0.0703747040554084	1	GAB2
5.87324608087912e-06	0.737996897843237	0.389	0.238	0.0705318121852773	1	NCOR2
5.9455661872748e-06	2.0902189150442	0.105	0.026	0.0714003043429831	1	PIM2
5.9559996545894e-06	2.33122701454799	0.1	0.021	0.0715255998519641	1	BMP6
6.01224345748412e-06	-0.746709122396753	0.335	0.493	0.0722010316809267	1	FLNA
6.03746994682809e-06	-1.69996086320527	0.046	0.153	0.0725039765914585	1	INPP4A
6.04734520931952e-06	1.66137561624032	0.146	0.051	0.0726225686187182	1	IL1RAP
6.07693609154513e-06	1.36764441318361	0.23	0.094	0.0729779255233655	1	OTULIN
6.18182729403625e-06	1.10687839624622	0.255	0.12	0.0742375639740813	1	TNIP1
6.27140765515159e-06	2.21776896476471	0.079	0.016	0.0753133345307154	1	LTB4R
6.35273601989507e-06	-3.87467728399989	0.004	0.106	0.07629000686292	1	CEACAM5
6.36209851902585e-06	0.905301199126413	0.218	0.115	0.0764024411149814	1	MAN2B1
6.45433288944605e-06	-0.468259664176271	0.569	0.697	0.0775100836693576	1	RPL4
6.66228252845579e-06	2.37562113390645	0.084	0.016	0.0800073508842256	1	TCEA2
6.66725210604859e-06	0.917880636129638	0.326	0.192	0.0800670305415375	1	AMFR
6.85173207165041e-06	2.44273532976498	0.088	0.016	0.0822824504484498	1	LOXL3
6.92732399892162e-06	2.16772828226511	0.084	0.02	0.0831902339030498	1	ETNPPL
7.08335773654051e-06	-4.77158379103578	0	0.071	0.085064043058115	1	RGS5
7.1111615499025e-06	-1.75693701507138	0.042	0.144	0.0853979390527792	1	FAM222A
7.21625121351371e-06	0.668101479428637	0.439	0.291	0.0866599608230861	1	TNFRSF1A
7.37795607711211e-06	0.426201014867521	0.623	0.488	0.0886018745300393	1	DYNC1H1
7.3827491843154e-06	0.956831499766496	0.293	0.154	0.0886594349544437	1	GON4L
7.66577875823777e-06	-2.10415913012265	0.025	0.114	0.0920583371076774	1	SLC16A1
7.68472160174435e-06	1.54441946989447	0.167	0.062	0.092285821715348	1	TNFRSF14
7.70902842241391e-06	0.818449699232796	0.356	0.197	0.0925777223247687	1	NUFIP2
7.8274932989664e-06	0.390952231177159	0.874	0.805	0.0940003670272875	1	ND1
7.93091213785141e-06	0.983303711127686	0.368	0.219	0.0952423238634575	1	RNF213
7.93342060660708e-06	0.491881978245952	0.636	0.469	0.0952724480647444	1	RTN4
8.14259299495968e-06	0.618019247045942	0.406	0.249	0.0977843992764707	1	MARK2
8.32702158027418e-06	0.999791833916255	0.318	0.166	0.0999992021575127	1	LOC138566285
8.34873805669367e-06	2.56826621184884	0.059	0.01	0.100259995322834	1	FOXP4
8.45563056957995e-06	0.574250023997845	0.481	0.344	0.101543667510086	1	LIMA1
8.90362893950608e-06	-0.649721030367604	0.368	0.529	0.106923679934529	1	BTF3
8.95989306678222e-06	1.60479208787396	0.176	0.065	0.107599355838988	1	CD209
9.28462406807588e-06	1.52387209249039	0.117	0.044	0.111499050433523	1	TNFRSF21
9.32733085149079e-06	-4.49242971983871	0	0.088	0.112011916195553	1	SOX17
9.58205883728614e-06	3.36181533438142	0.046	0.004	0.115070944576969	1	RGS18
9.68608564566208e-06	0.872496925241752	0.381	0.226	0.116320202518756	1	ABCB5
9.81645804282213e-06	0.746264513826837	0.46	0.287	0.117885844636251	1	GNAQ
9.88111473277915e-06	0.704327761424871	0.285	0.171	0.118662306825945	1	WWTR1
1.04140579143037e-05	-0.4748457017897	0.686	0.768	0.125062421492873	1	TPM3
1.07133339537849e-05	0.519139354377667	0.623	0.476	0.128656427451003	1	CST3
1.09242532149442e-05	1.14136855735994	0.201	0.094	0.131189356858265	1	ASGR1
1.10785119706575e-05	-3.3742482934904	0.004	0.077	0.133041850255625	1	ADGRG1
1.10937707242751e-05	0.721496608677895	0.356	0.217	0.13322509262782	1	ATP6V1B2
1.10942490346041e-05	-3.45963978472104	0.004	0.07	0.133230836656561	1	SDK2
1.11664621946653e-05	-3.166443408377	0.004	0.072	0.134098044495736	1	EDNRA
1.16006129263459e-05	0.452136338891475	0.657	0.513	0.139311760632488	1	JCAD
1.16308346557984e-05	-0.880194288967451	0.264	0.431	0.139674693381483	1	MXRA7
1.16855888344703e-05	-0.794303867535866	0.251	0.4	0.140332236313154	1	JAM3
1.17631540081879e-05	0.913669523290634	0.297	0.188	0.141263716484329	1	ATP11B
1.22813834345351e-05	0.307589676750096	0.757	0.68	0.147487133665332	1	CSTB
1.23170638809543e-05	-4.3742482934904	0	0.08	0.147915620146381	1	TTC9
1.2703136854582e-05	-0.773778004448694	0.473	0.586	0.152551970486675	1	CLIC1
1.27962393105021e-05	-1.51592891556759	0.05	0.143	0.15367003787982	1	ITGB4
1.28926958998627e-05	5.30523180601505	0.038	0	0.154828385061451	1	GAS2
1.28926958998627e-05	5.30523180601505	0.038	0	0.154828385061451	1	HSD17B11
1.30670638168659e-05	1.51491678725591	0.205	0.094	0.156922369376743	1	GADD45G
1.30800635973905e-05	0.639349309910325	0.435	0.279	0.157078483741063	1	SRSF10
1.31365028892504e-05	0.683401922570323	0.414	0.266	0.157756263197009	1	LYST
1.31495544067827e-05	1.83130061768264	0.067	0.019	0.157912998871054	1	LOC138468335
1.33380937782991e-05	3.07076655237803	0.067	0.007	0.160177168183594	1	PLEKHH2
1.33380937782991e-05	2.90084155093571	0.067	0.008	0.160177168183594	1	ADAMTS17
1.36305633853388e-05	0.74469277923311	0.418	0.263	0.163689435694534	1	TSC22D2
1.36665562258529e-05	1.41851909234416	0.167	0.072	0.164121673716268	1	ATF6
1.36751495274921e-05	-1.58744493037377	0.059	0.185	0.164224870675652	1	NOS1AP
1.42487301878593e-05	-1.36415947586681	0.113	0.24	0.171113000826003	1	RIN3
1.45127523818893e-05	-1.52625138693545	0.071	0.187	0.174283643354109	1	THSD1
1.46377721001495e-05	1.10748312234842	0.322	0.168	0.175785005150696	1	TBC1D4
1.46921552632565e-05	1.38856018961395	0.18	0.072	0.176438092556448	1	RELB
1.47259817147792e-05	1.82576243414121	0.096	0.03	0.176844314412783	1	ARHGEF10
1.49070881481016e-05	0.790152157827837	0.469	0.347	0.179019221570552	1	GBP1
1.51217862133648e-05	-1.61760033346249	0.046	0.169	0.181597530636297	1	GPR182
1.51307949756503e-05	0.675679154269822	0.561	0.421	0.181705716862584	1	PICALM
1.51694696278763e-05	-0.569570151916616	0.544	0.67	0.182170160761166	1	RSL24D1
1.54268811191942e-05	0.738337598055208	0.46	0.323	0.185261415360403	1	TIMP2
1.54472466330263e-05	2.15322871257	0.088	0.024	0.185505984816013	1	HCST
1.54827052469604e-05	0.983303711127686	0.331	0.179	0.185931807310748	1	CAPN2
1.55716924935797e-05	1.63280646404355	0.155	0.052	0.187000455155398	1	P2RX4
1.5864761084047e-05	-0.839818526788235	0.188	0.328	0.19051991585832	1	PGLS
1.63880101067746e-05	2.32434062896275	0.075	0.015	0.196803613372256	1	LOC138489243
1.63964258538608e-05	0.239992406088986	1	0.988	0.196904678079015	1	ATP6
1.64119821506796e-05	-1.15887629983172	0.134	0.272	0.197091493647511	1	CASKIN2
1.64946611336733e-05	1.81980497884481	0.079	0.026	0.198084385554282	1	RASGEF1B
1.65824470202657e-05	3.36181533438142	0.05	0.004	0.199138606266371	1	INPP5D
1.68688507981895e-05	-0.335429044599869	0.908	0.947	0.202578029235458	1	LGALS4
1.70621240239146e-05	1.00602378762777	0.121	0.059	0.204899047403191	1	OSBPL3
1.71180367635878e-05	1.61406990146197	0.088	0.025	0.205570503493926	1	LOC138511556
1.71614334660929e-05	0.914408629916619	0.305	0.183	0.20609165449431	1	BRI3
1.7489936780235e-05	0.787516646373408	0.31	0.192	0.210036650793842	1	ATP6V0D1
1.77667503711342e-05	0.765398680783552	0.326	0.204	0.213360905206951	1	WDFY1
1.80284693175055e-05	0.878334151526144	0.427	0.283	0.216503888033924	1	VASH2
1.8055082341821e-05	0.94853829296701	0.163	0.088	0.216823483842929	1	BCL2L13
1.80954725205311e-05	0.813378709685374	0.36	0.21	0.217308529499059	1	RALA
1.83092532884047e-05	1.28815829265611	0.163	0.068	0.219875822740453	1	CREBRF
1.88366710349895e-05	0.705769735598778	0.259	0.156	0.226209582459189	1	DGCR8
1.90409745137825e-05	1.53264230211812	0.117	0.042	0.228663062936014	1	ARHGAP42
1.90594567498535e-05	-0.48132681418393	0.636	0.744	0.228885016108991	1	COX6A1
1.92634723765895e-05	1.44016138610116	0.134	0.052	0.231335039770464	1	LOC138452633
1.94078159297918e-05	1.15076045697925	0.259	0.126	0.23306846150087	1	ARHGAP17
1.95277106862156e-05	1.20569613246413	0.163	0.072	0.234508277630763	1	ACER1
1.97580747403792e-05	-1.62003731890832	0.046	0.135	0.237274719557214	1	HHIP
1.99130149456604e-05	0.661375616240324	0.523	0.371	0.239135396482436	1	CYSLTR1
1.99832414977548e-05	0.610015194321768	0.519	0.337	0.239978747146538	1	CYFIP1
2.06701680886509e-05	0.783534198751909	0.335	0.197	0.248228048576609	1	MBOAT2
2.07210870339949e-05	1.16018147321177	0.197	0.095	0.248839534191244	1	PKD1
2.07916487924916e-05	0.807146755973859	0.259	0.159	0.249686910349031	1	HDAC8
2.10600622843885e-05	-1.55413041951088	0.071	0.192	0.252910287973222	1	CCSER1
2.13843394490667e-05	0.794858621714576	0.305	0.181	0.256804532443843	1	XPO1
2.1443519665127e-05	-2.64605290895192	0.013	0.094	0.25751522765851	1	ANO8
2.14867410655991e-05	0.478668775354047	0.753	0.633	0.258034273456779	1	TMEM176B
2.24192208882873e-05	0.845800187377752	0.18	0.098	0.269232423647442	1	ZNF219
2.28217518207078e-05	0.904352369732864	0.297	0.16	0.27406641761488	1	SGK3
2.28685469314965e-05	-2.02568507209957	0.033	0.139	0.274628380100342	1	CRISP3
2.32237196233599e-05	0.84469847289818	0.381	0.235	0.278893648956928	1	DNAJC13
2.3703144618279e-05	3.30523180601505	0.054	0.005	0.284651063720913	1	CYP2G1P
2.41086603609889e-05	3.20569613246413	0.054	0.006	0.289520902275116	1	MST1
2.41424686562636e-05	0.994799349965516	0.213	0.125	0.28992690609307	1	PDLIM7
2.43476113552134e-05	1.10883459321155	0.259	0.131	0.292390464764757	1	CORO7
2.49582062011675e-05	0.596280588018439	0.423	0.286	0.299723098269821	1	KDM6B
2.53855377809531e-05	0.695914034944803	0.322	0.199	0.304854923211466	1	ZNRF1
2.55008755391637e-05	0.878334151526144	0.351	0.22	0.306240014349817	1	AKR1A1
2.69526113403338e-05	0.719270554793023	0.556	0.422	0.323673909586069	1	FOS
2.71047003756305e-05	1.12390204130049	0.238	0.13	0.325500346810947	1	MAP1LC3A
2.77276777660556e-05	1.67014582586806	0.126	0.041	0.332981682292562	1	LOC138515867
2.77949128154352e-05	-0.600589730603544	0.552	0.686	0.333789108000561	1	ATP5MC3
2.7946041761459e-05	-2.55585509998035	0.013	0.085	0.335604015513362	1	COL13A1
2.80806726265479e-05	-1.20783777622432	0.121	0.234	0.337220797572213	1	B4GALT1
2.82154723824291e-05	-2.57128514054995	0.013	0.092	0.338839607840591	1	VWA1
2.85884928556086e-05	0.697185692180851	0.485	0.329	0.343319210703003	1	SERPINB6
2.89404142382645e-05	0.691633437333005	0.552	0.436	0.347545434587318	1	LAMP1
2.89635493029321e-05	0.948256764028486	0.23	0.123	0.347823263578911	1	CHERP
2.90276890733299e-05	2.56826621184884	0.042	0.005	0.348593518081619	1	LOC138488005
2.91350380366354e-05	4.44273532976498	0.042	0.001	0.349882671781955	1	FGF14
2.91350380366354e-05	3.44273532976498	0.042	0.003	0.349882671781955	1	LOC138492289
2.93525968778262e-05	1.09433502351643	0.272	0.139	0.352495335905815	1	RBPJ
2.97521043284545e-05	1.06130622312896	0.213	0.106	0.35729302088041	1	DAG1
2.98616009230758e-05	0.406181963623713	0.406	0.268	0.358607965485217	1	ARHGAP27
3.01000820378056e-05	0.975036095144086	0.251	0.135	0.361471885192007	1	HMGA1
3.12262368444125e-05	1.01698683738397	0.23	0.121	0.37499587826455	1	ADAM9
3.13824475980112e-05	1.0806009124826	0.238	0.127	0.376871813204517	1	KCNQ1
3.14184993563029e-05	0.995177811415978	0.218	0.119	0.377304758769842	1	COMT
3.20250119149928e-05	0.447880671207845	0.473	0.357	0.384588368087149	1	HLA-A
3.25732173020017e-05	1.92672018276132	0.1	0.024	0.391171766579738	1	LOX
3.36919313578352e-05	1.02637243301957	0.205	0.096	0.404606403676243	1	LOC138569198
3.37413721245671e-05	1.29142600649002	0.096	0.041	0.405200137843926	1	FLNC
3.43125929327396e-05	-0.366374055649898	0.845	0.905	0.41205992852927	1	RPS4X
3.45597523410702e-05	1.35325332087799	0.146	0.066	0.415028065863911	1	TBC1D30
3.49264160006481e-05	1.25009025182259	0.238	0.107	0.419431329751783	1	LOC138498142
3.51872736722565e-05	-0.61634817509583	0.389	0.52	0.422563969530128	1	ARHGDIB
3.54048076868283e-05	1.26201973919375	0.134	0.06	0.425176335511122	1	CYP3A4
3.56447600076444e-05	1.4808033705985	0.096	0.034	0.428057922931802	1	LRP10
3.57345640638193e-05	0.968948418150616	0.201	0.098	0.429136379842406	1	VAC14
3.598938928979e-05	-1.16459498398463	0.088	0.189	0.432196575981088	1	S100A1
3.60513836738239e-05	0.983303711127687	0.251	0.125	0.432941066538951	1	DPP3
3.60803207891881e-05	2.81337870968537	0.063	0.008	0.43328857235736	1	HSD17B14
3.62570615323113e-05	3.38929607080352	0.079	0.016	0.435411051941526	1	STEAP4
3.63359363704837e-05	-0.8769715252057	0.222	0.379	0.436358259873139	1	SHE
3.64893124134796e-05	1.21007457297471	0.205	0.092	0.438200152773476	1	CNDP2
3.66095127866442e-05	-1.4806433886321	0.117	0.258	0.43964363905481	1	RBPMS
3.72330914160309e-05	-3.84958630303706	0	0.058	0.447132194815116	1	PAQR9
3.79669892669032e-05	-0.502648783762304	0.527	0.671	0.455945574106241	1	ATP5IF1
3.80100985323993e-05	-0.414975269889791	0.569	0.711	0.456463273275583	1	TUBA1A
3.82336722294573e-05	1.75197816502123	0.222	0.093	0.459148169803553	1	MDM2
3.8814752989521e-05	1.58902477201564	0.13	0.048	0.466126368651157	1	LPCAT2
3.9224335179977e-05	1.92441002207412	0.088	0.024	0.471045041176344	1	GPR137B
3.94657840596276e-05	1.51764013877887	0.142	0.056	0.473944600772068	1	FERMT3
3.96468535536257e-05	4.15322871257	0.033	0.001	0.476119064325491	1	MAMDC2
4.02842935716137e-05	1.28996504936174	0.255	0.139	0.483774081501509	1	LOC138492940
4.06521729947557e-05	1.07018116180765	0.28	0.144	0.488191945494022	1	CTBP1
4.1906732289224e-05	0.925356361918407	0.23	0.123	0.503257948061291	1	MBD2
4.21437244678519e-05	-1.50666227565772	0.067	0.176	0.506103987134433	1	AR
4.21707892160088e-05	0.697901492265438	0.41	0.256	0.506429007695049	1	ERLIN2
4.23612763806751e-05	1.24633811696148	0.167	0.071	0.508716568055527	1	BDH2
4.26200903101899e-05	1.29977737592294	0.109	0.05	0.511824664535071	1	MMP19
4.26797421575316e-05	-1.00352090012458	0.201	0.346	0.512541023569796	1	RASA3
4.36680865735963e-05	-1.87467728399989	0.029	0.112	0.524410051662318	1	SOX13
4.36683144967614e-05	-1.95921079421155	0.029	0.116	0.524412788791607	1	REPS2
4.37920315935283e-05	0.784890152725678	0.297	0.17	0.525898507406681	1	HIPK1
4.45210482492749e-05	-0.385418595238617	0.762	0.825	0.534653268425542	1	RPL23A
4.58517120376616e-05	-0.346073189534803	0.782	0.871	0.550633209860278	1	NACA
4.59525298508116e-05	-2.2646238023159	0.017	0.087	0.551843930978397	1	RFLNB
4.60974259287641e-05	0.640542112823158	0.331	0.222	0.553583987978528	1	NAV2
4.61520759448366e-05	-0.687099633258597	0.385	0.507	0.554240280021543	1	ATP5PD
4.64245114465962e-05	1.32033869840526	0.192	0.079	0.557511957962174	1	GNPDA1
4.68552481456419e-05	-0.62191762857727	0.469	0.615	0.562684674981014	1	CD81
4.69718522817177e-05	0.551076450551328	0.481	0.329	0.564084974051148	1	JAK1
4.72227453783378e-05	0.788800686964708	0.339	0.207	0.567097949248459	1	VPS35
4.80886745343209e-05	4.20569613246414	0.046	0.002	0.57749689248266	1	WDR86
4.80886745343209e-05	2.98330371112769	0.046	0.005	0.57749689248266	1	HAMP
4.80887946836596e-05	3.8901943067362	0.046	0.003	0.577498335356069	1	RYR2
4.84154629510425e-05	3.36181533438142	0.046	0.004	0.581421294579069	1	CELSR1
4.85042063320315e-05	-2.86218633981669	0.013	0.097	0.582487013841366	1	DACH2
4.85845269515362e-05	0.575497781079918	0.452	0.31	0.583451584160998	1	NCOA2
4.87427810828819e-05	3.98330371112769	0.046	0.002	0.585352058024328	1	AVPR2
4.87427810828819e-05	2.39834121040653	0.046	0.007	0.585352058024328	1	SPATS2L
4.91300906167371e-05	1.26870592998994	0.151	0.066	0.590003258216396	1	SGCD
4.93716948595687e-05	0.670145825868056	0.347	0.219	0.592904683568561	1	TP53BP2
4.95773974851101e-05	0.953556367733634	0.192	0.097	0.595374966398687	1	ATM
5.05490534194202e-05	-2.1282046040893	0.025	0.112	0.607043582513818	1	PBXIP1
5.25660563652257e-05	-0.387053780377602	0.841	0.886	0.631265770889995	1	RPL37A
5.34851944551309e-05	0.921019432873344	0.351	0.203	0.642303700211666	1	AP3B1
5.41406358058519e-05	0.955822974705579	0.205	0.102	0.650174895392476	1	NDFIP2
5.41758826609227e-05	0.743633298359403	0.297	0.183	0.65059817487502	1	CUL5
5.64045899880736e-05	-2.93317293331003	0.017	0.108	0.677362721166776	1	CXCR4
5.72380444753654e-05	1.119508094726	0.343	0.188	0.687371676104663	1	MFSD11
5.8569187725299e-05	0.722651956604887	0.343	0.221	0.703357375393116	1	CYTH1
5.87181478549446e-05	-0.745394267054919	0.218	0.351	0.70514623759003	1	TANB
5.94095997319801e-05	-2.7281911955224	0.017	0.12	0.713449883181349	1	MYLK
6.11731208829728e-05	0.855548163929314	0.205	0.114	0.734628008683621	1	RCN2
6.26992496177564e-05	-1.23170917984316	0.075	0.181	0.752955288659637	1	NUMBL
6.35682884886073e-05	0.746264513826837	0.264	0.16	0.763391576459685	1	CTR9
6.38567590640182e-05	-2.66055247864704	0.008	0.075	0.766855819599795	1	BAG2
6.38567590640182e-05	-3.04644363226637	0.008	0.091	0.766855819599795	1	SORBS2
6.41722169639255e-05	-0.704752282557573	0.218	0.348	0.770644153519781	1	HPSE
6.46416354893425e-05	-3.71713600701341	0	0.053	0.776281400591515	1	TAS1R3
6.47000723910716e-05	-3.97089259925919	0	0.061	0.776983169344379	1	ZNF366
6.47000723910716e-05	-4.03906410190077	0	0.062	0.776983169344379	1	RASD2
6.72588400847832e-05	1.51764013877887	0.155	0.058	0.807711410578162	1	N4BP1
6.80050413189669e-05	2.87638850721117	0.05	0.006	0.816672541199473	1	HOXD9
6.84610570807803e-05	0.930836291233551	0.213	0.111	0.822148834483091	1	CLUH
6.87348449268294e-05	-0.732903322871722	0.502	0.577	0.825436752726295	1	TUBA1B
6.91315098443788e-05	0.655499049903655	0.46	0.311	0.830200301721145	1	ATP6V1A
6.92945589565729e-05	0.708509591831419	0.385	0.235	0.832158358509484	1	RABGAP1
7.04674938337673e-05	-1.3765922339587	0.046	0.151	0.846244133449711	1	USP43
7.15300568523143e-05	0.995794655310883	0.218	0.108	0.859004452739442	1	CRAMP1
7.16172240893746e-05	1.23484247812365	0.096	0.04	0.8600512440893	1	RHOBTB2
7.21405646671868e-05	-0.731010849875095	0.427	0.565	0.866336041088246	1	EGFL7
7.21408170849036e-05	-0.479964135899617	0.615	0.727	0.866339072372607	1	SNRPE
7.32075448719705e-05	-0.410232718940235	0.653	0.78	0.879149406367494	1	RPL6
7.51915089362743e-05	1.43076268809891	0.113	0.044	0.902974830815718	1	RAB11FIP5
7.53488773945266e-05	0.693797093932702	0.393	0.27	0.90486466863087	1	WDR26
7.81222239443799e-05	-0.783599167192623	0.205	0.309	0.938169787348058	1	ITIH5
7.87937217008163e-05	-0.911293608289403	0.205	0.343	0.946233803905103	1	TMEM204
7.90362572656945e-05	-0.845112826457747	0.209	0.397	0.949146413503726	1	DBNL
8.04463254536814e-05	0.60221354377218	0.41	0.267	0.96607992237326	1	MICAL3
8.11491812166497e-05	2.39834121040653	0.088	0.018	0.974520517230747	1	TM6SF1
8.24401826924572e-05	-0.890089972492745	0.213	0.367	0.990024153953718	1	IQGAP2
8.29481444087235e-05	0.974314927900432	0.276	0.153	0.99612426620436	1	SGPP1
0.000379730369077458	4.98330371112769	0.025	0	1	1	ADRA1D
0.000379706689536831	4.79065863318529	0.025	0	1	1	EBI3
0.00118809600592547	4.79065863318529	0.021	0	1	1	VGLL3
0.00118809600592547	4.79065863318529	0.021	0	1	1	LOC138450189
0.00118804618098874	4.56826621184884	0.021	0	1	1	ASIC2
0.00118804618098874	4.56826621184884	0.021	0	1	1	DNAH2
0.00118804618098874	4.56826621184884	0.021	0	1	1	DUSP3
0.00118804618098874	4.56826621184884	0.021	0	1	1	LOC138491739
0.00118804618098874	4.56826621184884	0.021	0	1	1	LOC138579568
0.00118804618098874	4.56826621184884	0.021	0	1	1	LRRC9
0.00118804618098874	4.56826621184884	0.021	0	1	1	MASP1
0.00118804618098874	4.56826621184884	0.021	0	1	1	VSTM2L
0.00118804618098874	4.56826621184884	0.021	0	1	1	NR1I2
0.00376470568190753	4.30523180601505	0.017	0	1	1	CRP
0.00376470568190753	4.30523180601505	0.017	0	1	1	KCNQ4
0.000122371307107892	4.15322871257	0.029	0.001	1	1	LRFN1
0.000266939624990346	4.15322871257	0.033	0.001	1	1	HOXD10
8.75543880433923e-05	3.98330371112769	0.038	0.002	1	1	LOC138569070
0.000807815458571325	3.98330371112769	0.029	0.001	1	1	H6PD
0.000807815458571325	3.98330371112769	0.029	0.001	1	1	SMTNL2
0.000379706689536831	3.79065863318529	0.025	0.001	1	1	TRPV1
0.00118809600592547	3.79065863318529	0.021	0.001	1	1	ANKRD22
0.002445191599423	3.79065863318529	0.025	0.001	1	1	FGFR3
0.002445191599423	3.79065863318529	0.025	0.001	1	1	IL18R1
0.002445191599423	3.79065863318529	0.025	0.001	1	1	NRG4
8.82046655064976e-05	3.72026930529389	0.038	0.002	1	1	PKNOX2
0.000804886654144461	3.56826621184884	0.029	0.002	1	1	ERICH6B
0.00118804618098874	3.56826621184884	0.021	0.001	1	1	FAM110C
0.0074043473857967	3.56826621184884	0.021	0.001	1	1	CSPG4
0.0074043473857967	3.56826621184884	0.021	0.001	1	1	FAM131A
0.0074043473857967	3.56826621184884	0.021	0.001	1	1	IGF1
0.000141533971722049	3.56826621184884	0.042	0.003	1	1	SHISAL1
0.000527923844727763	3.56826621184884	0.042	0.003	1	1	LOC138473540
0.000532632391154553	3.44273532976498	0.042	0.003	1	1	KCND3
0.00376470568190753	3.30523180601505	0.017	0.001	1	1	HTR1E
0.00376470568190753	3.30523180601505	0.017	0.001	1	1	NTN4
0.00376470568190753	3.30523180601505	0.017	0.001	1	1	SAMD5
0.00376470568190753	3.30523180601505	0.017	0.001	1	1	SLPI
0.000413755730265974	3.30523180601505	0.038	0.003	1	1	MDFI
0.0073784650225818	3.20569613246414	0.021	0.002	1	1	HLA-DRB1
0.0073784650225818	3.20569613246414	0.021	0.002	1	1	LOC138566937
0.0073784650225818	3.20569613246414	0.021	0.002	1	1	ST6GALNAC2
0.000266939624990346	3.15322871257	0.033	0.003	1	1	KIF26B
0.000226390538575315	2.98330371112769	0.05	0.006	1	1	EPS8L2
0.00146233148698405	2.98330371112769	0.038	0.004	1	1	FBLN5
0.0074043473857967	2.98330371112769	0.021	0.002	1	1	ADRB1
0.0074043473857967	2.98330371112769	0.021	0.002	1	1	WNK4
0.00952213075836548	2.98330371112769	0.025	0.003	1	1	SRGAP3
0.000379706689536831	2.79065863318529	0.025	0.003	1	1	LOC138569608
0.000266908125528676	2.74883845749066	0.059	0.008	1	1	EPB41L4B
0.00376470568190753	2.72026930529389	0.017	0.002	1	1	TRIM2
0.00376470568190753	2.72026930529389	0.017	0.002	1	1	ZNF513
0.000413755730265974	2.72026930529389	0.038	0.005	1	1	SIAE
0.00118456474351498	2.72026930529389	0.033	0.005	1	1	SFRP1
0.000770686608743094	2.71321454775994	0.092	0.036	1	1	LOC138580932
0.00022895751304941	2.68374342926878	0.05	0.007	1	1	ST3GAL5
0.00026537028212003	2.56826621184884	0.059	0.01	1	1	KIAA0040
0.0074043473857967	2.56826621184884	0.021	0.003	1	1	ZNF624
0.000413755730265974	2.49787688395744	0.038	0.006	1	1	SFRP2
0.00146233148698405	2.49787688395744	0.038	0.006	1	1	LOC138513697
0.002445191599423	2.46873053829793	0.025	0.004	1	1	SLITRK6
0.00957871455348265	2.46873053829793	0.025	0.004	1	1	PSMB9
0.000142476944772525	2.44273532976498	0.042	0.007	1	1	LOC138572102
0.00153920883148677	2.43076268809891	0.054	0.011	1	1	PHF21B
0.00640748048724311	2.43076268809891	0.054	0.011	1	1	PLCB3
0.000606142643534829	2.36181533438142	0.046	0.01	1	1	SEPTIN12
0.00394936778239192	2.34587379051239	0.033	0.006	1	1	SNX20
0.000209182396517723	2.28815829265611	0.079	0.017	1	1	ERP29
0.000107089409961189	2.26341163032042	0.067	0.014	1	1	EFHD1
0.00118804618098874	2.24633811696148	0.021	0.004	1	1	PRRG4
0.00166223774467368	2.24633811696148	0.046	0.01	1	1	LOC138526072
0.00170873919315256	2.24633811696148	0.046	0.008	1	1	FAM83D
0.0074043473857967	2.24633811696148	0.021	0.004	1	1	LOC138582365
0.00957871455348265	2.20569613246413	0.025	0.005	1	1	IL17RD
0.00026537028212003	2.18975458859511	0.059	0.013	1	1	LOC138453595
0.000103800516495338	2.17594878907008	0.063	0.014	1	1	DUSP10
0.00340106833495836	2.17594878907008	0.029	0.006	1	1	PCBD1
0.000258176237239274	2.14376838332093	0.063	0.016	1	1	AXL
0.00146233148698405	2.13530680457274	0.038	0.007	1	1	TNFRSF18
0.000642529252859284	2.07076655237803	0.059	0.016	1	1	NT5DC1
0.00382949411520982	2.06576587131966	0.046	0.016	1	1	LOC138540565
0.00048549426900574	2.06130622312896	0.075	0.018	1	1	PAQR6
0.000590609213892309	1.98330371112769	0.063	0.02	1	1	NFKBIE
0.00412294308808257	1.98330371112769	0.042	0.011	1	1	CCDC200
0.00957871455348265	1.98330371112769	0.025	0.006	1	1	SFXN1
0.00957871455348265	1.98330371112769	0.025	0.006	1	1	DNA2
0.00957871455348265	1.98330371112769	0.025	0.006	1	1	LOC138579931
0.00995989599835554	1.98330371112769	0.038	0.01	1	1	CDK6
0.000251140630108885	1.98330371112769	0.067	0.018	1	1	GGA2
0.000612051263596108	1.98330371112769	0.063	0.017	1	1	HOXD8
0.00314181930418732	1.98330371112769	0.075	0.019	1	1	PRKAR2B
0.000266939624990346	1.98330371112769	0.033	0.008	1	1	ZNF79
0.00119212691709377	1.98330371112769	0.033	0.008	1	1	LOC138565832
0.00345490927538839	1.98330371112769	0.029	0.007	1	1	PCSK5
0.0074043473857967	1.98330371112769	0.021	0.005	1	1	NAPB
0.00753665024741562	1.98330371112769	0.021	0.004	1	1	GFRA1
0.00061242423537242	1.90530119912641	0.067	0.017	1	1	CECR2
0.002289763950742	1.90530119912641	0.067	0.019	1	1	LOC138580471
0.00377834298258164	1.90530119912641	0.046	0.015	1	1	PRRT1B
0.00332872683852369	1.88376803757677	0.054	0.015	1	1	BMP2
0.000270567060647742	1.85205917784943	0.063	0.015	1	1	MDGA1
0.000121340665488003	1.85003718026422	0.117	0.034	1	1	CITED4
0.000907906555189728	1.84580018737775	0.105	0.032	1	1	CEBPB
0.000554798687781611	1.83130061768264	0.071	0.019	1	1	VWA7
0.00119212691709377	1.83130061768264	0.033	0.008	1	1	NUDT13
0.00120618323424826	1.82283903893444	0.067	0.019	1	1	MUC5B
9.50194942780046e-05	1.81337870968537	0.059	0.018	1	1	LOC138520093
0.000271524149230554	1.81337870968537	0.109	0.032	1	1	RARRES1
0.00265480909424669	1.81337870968537	0.063	0.017	1	1	CPVL
0.002445191599423	1.79065863318529	0.025	0.007	1	1	ADAMTS2
0.00957871455348265	1.79065863318529	0.025	0.007	1	1	PARP8
0.00400650145243892	1.78166984995804	0.067	0.02	1	1	JPH1
0.00163795790315495	1.77685283366026	0.05	0.014	1	1	IFT81
0.00105495309851256	1.77179960593398	0.071	0.022	1	1	CYBRD1
0.000612812734664711	1.76091128979124	0.046	0.014	1	1	TMEM164
0.00118804618098874	1.76091128979124	0.021	0.005	1	1	CCDC106
0.008497160872668	1.76091128979124	0.046	0.013	1	1	ECRG4
0.00265480909424669	1.7353761976841	0.063	0.019	1	1	FAM89B
0.00026537028212003	1.72026930529389	0.059	0.018	1	1	OBSCN
0.00376470568190753	1.72026930529389	0.017	0.005	1	1	LOC138527771
0.00995989599835554	1.72026930529389	0.038	0.012	1	1	RUSF1
0.00409137874951364	1.70766926851426	0.067	0.023	1	1	ITGA2
0.00156336376090402	1.70319579193495	0.054	0.017	1	1	LOC138497456
0.00332872683852369	1.70319579193495	0.054	0.016	1	1	CHEK2
0.00332872683852369	1.70319579193495	0.054	0.017	1	1	DYRK4
0.0065165841234816	1.70319579193495	0.054	0.017	1	1	FBXO34
0.000255814504482382	1.6937970939327	0.067	0.022	1	1	CEACAM6
0.000499649745323643	1.68957250807098	0.121	0.038	1	1	HDGFL3
0.000232051024600279	1.68784782760151	0.075	0.024	1	1	LOC138487731
0.00163795790315495	1.68374342926878	0.05	0.016	1	1	CITED1
0.000720401262103854	1.68074094110726	0.1	0.031	1	1	LSAMP
0.00393350942113634	1.66137561624032	0.046	0.015	1	1	GLT8D1
0.00203443667011114	1.66137561624032	0.109	0.036	1	1	GBE1
0.000530174239126529	1.63538040770738	0.117	0.043	1	1	GALNS
0.000532632391154553	1.63538040770738	0.042	0.013	1	1	TMT1A
0.00422279827961976	1.63538040770738	0.042	0.013	1	1	ARHGEF17
0.000379706689536831	1.62073363174298	0.025	0.008	1	1	LRIG3
0.00725280701080084	1.62073363174298	0.067	0.026	1	1	CIITA
0.00233716408001553	1.61133493374073	0.067	0.021	1	1	STEAP3
0.000506445641759288	1.60890819634619	0.109	0.036	1	1	CEP131
0.00164713095816731	1.59997507157618	0.092	0.031	1	1	MEAK7
0.00739830095632429	1.59628058801844	0.05	0.017	1	1	GRPEL2
0.00118652674358957	1.59628058801844	0.1	0.033	1	1	HOXD3
0.000954406756101211	1.58737503479655	0.075	0.025	1	1	PCYOX1
0.00183452574890674	1.58737503479655	0.075	0.022	1	1	CMKLR1
0.00592947621282185	1.58475433463741	0.084	0.03	1	1	ZC3H12B
0.00163935663833649	1.57891345604835	0.113	0.046	1	1	MMP3
0.000108505484281658	1.56826621184884	0.105	0.036	1	1	CIPC
0.00110679523977923	1.56826621184884	0.1	0.037	1	1	NETO2
0.00118233051821564	1.56826621184884	0.067	0.024	1	1	ID2
0.0016949899198434	1.56826621184884	0.075	0.029	1	1	NRIP1
0.00161236499373937	1.53584473415647	0.042	0.015	1	1	QRSL1
0.000148684529514812	1.53079150643018	0.138	0.051	1	1	MAP3K6
0.000162088333917276	1.52096049707049	0.146	0.054	1	1	LRP1
0.00185103540141426	1.51381842782647	0.1	0.037	1	1	ULK4
0.00406001442836759	1.51381842782647	0.092	0.036	1	1	NHEJ1
0.00624389833248524	1.51381842782647	0.092	0.035	1	1	TXNRD2
0.00799129477925245	1.50525641432304	0.096	0.038	1	1	LOC138526789
0.00253017202461088	1.50217702139107	0.121	0.056	1	1	LOC138521045
0.00298928743168711	1.49787688395744	0.059	0.021	1	1	LRP11
9.31955431625458e-05	1.49349844344687	0.255	0.144	1	1	SERPINE1
0.000344028821973023	1.49231735861554	0.117	0.043	1	1	IFIT5
0.00830825636059564	1.4808033705985	0.046	0.017	1	1	FBXO5
0.00830825636059564	1.4808033705985	0.046	0.017	1	1	LOC138525751
0.00830825636059564	1.4808033705985	0.046	0.017	1	1	PLPP2
0.0065165841234816	1.46873053829793	0.054	0.02	1	1	HYAL1
0.00957871455348265	1.46873053829793	0.025	0.01	1	1	DZIP1L
9.97222645378405e-05	1.46247154782625	0.088	0.028	1	1	THSD4
0.000248584495146509	1.4572348994601	0.163	0.071	1	1	BMP1
0.00463278527315025	1.44725081088748	0.079	0.029	1	1	KIF11
0.000291853594710836	1.43581591582519	0.172	0.073	1	1	THRA
0.000231319777697265	1.43228854232987	0.155	0.063	1	1	CD274
0.000120361629847279	1.43076268809891	0.163	0.066	1	1	DCBLD2
0.000477683188111563	1.42871485945005	0.121	0.049	1	1	GALC
0.000530173463102264	1.42871485945005	0.117	0.049	1	1	NISCH
0.0024091888041929	1.4269103626033	0.067	0.024	1	1	CLDN5
0.0017754656179892	1.42387630251367	0.075	0.026	1	1	FOXM1
0.00358715846874157	1.42387630251367	0.071	0.029	1	1	SEPSECS
0.000184024886815801	1.41393806545755	0.121	0.044	1	1	DAGLB
0.000552790179845743	1.41298798637093	0.13	0.049	1	1	MLLT3
0.00093293465480843	1.39834121040653	0.075	0.031	1	1	MMP28
0.00675160466518131	1.39834121040653	0.109	0.042	1	1	CASP8
0.00227186461989413	1.39834121040653	0.096	0.037	1	1	ENTPD8
0.00293670252182043	1.39834121040653	0.059	0.024	1	1	ZNF622
0.00340106833495836	1.39834121040653	0.029	0.012	1	1	BCL2L14
0.00866984723958128	1.39834121040653	0.063	0.022	1	1	BLM
0.000206926804330521	1.38492069464421	0.272	0.149	1	1	SNX10
0.00640748048724311	1.36663235067919	0.054	0.023	1	1	LOC138569343
0.00301796339037503	1.36181533438142	0.1	0.04	1	1	TNKS1BP1
0.00160075334024382	1.35881284621989	0.092	0.038	1	1	ASB3
0.00850015995015546	1.35881284621989	0.096	0.037	1	1	ING2
0.000799390205113277	1.35527248851464	0.079	0.035	1	1	FBXO8
0.00022726842393656	1.34175768204016	0.1	0.04	1	1	KCTD3
0.00220496416633103	1.34175768204016	0.096	0.04	1	1	CERS2
0.000503326032916659	1.33944752135296	0.121	0.047	1	1	PDZD2
0.00164713095816731	1.33694066574239	0.092	0.037	1	1	MTHFR
0.00442425829173505	1.33694066574239	0.092	0.036	1	1	CNPY1
0.00161586845658082	1.31772275019825	0.105	0.044	1	1	GPC4
0.00201039888066398	1.31345231282002	0.088	0.033	1	1	FCHSD1
0.00629095841882109	1.31345231282002	0.084	0.034	1	1	MAP3K14
0.000369754015251394	1.30907387230944	0.259	0.141	1	1	RND3
0.00159267744256166	1.30523180601505	0.05	0.023	1	1	TAP2
0.000962703458637213	1.29646159638732	0.142	0.066	1	1	ABR
0.0062679716487087	1.29524771744243	0.071	0.03	1	1	CCSAP
0.00102076830355918	1.29364383173984	0.126	0.052	1	1	LY96
0.0017920370055756	1.29364383173984	0.121	0.051	1	1	TJAP1
8.59900463841129e-05	1.2929882102603	0.151	0.069	1	1	LOC138481675
0.009377392220186	1.29142600649002	0.092	0.04	1	1	PLK3
0.00011001248685462	1.28698010145883	0.234	0.135	1	1	IRF1
0.00136379912013876	1.28669585457762	0.176	0.09	1	1	NAV3
0.00033796764285456	1.28586648114812	0.13	0.059	1	1	TMEM37
0.000828799451407047	1.27281032832267	0.079	0.035	1	1	ERMARD
0.00112665619841749	1.26709667712828	0.113	0.048	1	1	MAFG
0.00150252739280662	1.26709667712828	0.105	0.048	1	1	CYP20A1
0.00203443667011114	1.26709667712828	0.109	0.048	1	1	ICAM4
0.000719670115208115	1.26507467954307	0.126	0.048	1	1	FANCC
0.0062679716487087	1.24633811696148	0.071	0.031	1	1	F2RL1
0.00235318935403494	1.24633811696148	0.096	0.04	1	1	VCPKMT
0.00306576793070624	1.24046155062481	0.117	0.057	1	1	SHISA6
0.00214748288232155	1.23964346438747	0.163	0.075	1	1	CRYL1
0.00740741737529248	1.23123122457127	0.067	0.03	1	1	HERC6
0.00374946963910088	1.22431181063148	0.05	0.021	1	1	KLRD1
0.000138211655943589	1.22249137500711	0.126	0.058	1	1	LOC138530138
0.00126272453297956	1.21776896476471	0.063	0.035	1	1	RNF43
0.00146233148698405	1.21776896476471	0.038	0.017	1	1	SEC22A
0.00518897775896423	1.21776896476471	0.075	0.031	1	1	NECTIN1
0.00497821947376167	1.21278555725045	0.063	0.026	1	1	PITPNM3
0.00280749119259468	1.21071420723076	0.092	0.04	1	1	MID1IP1
0.00661139297502489	1.21071420723076	0.092	0.041	1	1	ZNF76
0.000499649745323643	1.20957956695136	0.121	0.054	1	1	GNS
0.00259576758824856	1.20261673953216	0.155	0.067	1	1	CFDP1
0.000295887983684805	1.20194399760303	0.121	0.054	1	1	FANCI
0.000325977090013339	1.20089514620031	0.184	0.084	1	1	ADA
0.0043149059896628	1.20089514620031	0.092	0.04	1	1	LOC138491604
0.000176977449502028	1.1948078163214	0.121	0.057	1	1	CYP46A1
0.00592831051926617	1.1918903329391	0.205	0.128	1	1	TNFAIP2
0.00569259522077689	1.18975458859511	0.059	0.025	1	1	ORMDL1
0.000284066397433859	1.18862261910519	0.176	0.083	1	1	DNAJB2
0.00625164037920548	1.18184939050977	0.126	0.06	1	1	ZRANB3
0.00145228685506713	1.1812430887396	0.138	0.058	1	1	KIF22
0.000943393787828834	1.17594878907008	0.092	0.043	1	1	HEBP1
0.00265480909424669	1.17594878907008	0.063	0.029	1	1	SLC25A43
0.00507629182413172	1.17594878907008	0.063	0.028	1	1	SKP2
0.00830825636059564	1.17594878907008	0.046	0.021	1	1	GPR161
0.000194963145621998	1.17038926372818	0.142	0.066	1	1	MARCHF8
0.000260768912075436	1.16971683535857	0.126	0.055	1	1	C2CD2L
0.000395566052564008	1.16885936428376	0.117	0.049	1	1	RDH16
0.00540916014449875	1.16387595676951	0.13	0.06	1	1	LMBR1L
0.00849983644431861	1.16387595676951	0.063	0.031	1	1	NPHP3
0.000132196682362714	1.1628531314584	0.172	0.081	1	1	UBE2E2
0.00519562581103755	1.16018147321177	0.096	0.046	1	1	NUSAP1
0.000133050582315187	1.15839041768578	0.142	0.063	1	1	PRSS
0.00331040786379816	1.15733311090274	0.088	0.039	1	1	FAM219B
0.00536486939410613	1.15041369696294	0.121	0.058	1	1	B3GLCT
0.000511159371476956	1.14680244341057	0.109	0.051	1	1	NSMCE2
0.00141045792775352	1.14376838332093	0.134	0.068	1	1	CYP4V2
0.0037714355657215	1.1385819366056	0.084	0.031	1	1	HSPB6
0.00518897775896423	1.13530680457274	0.075	0.036	1	1	PCGF5
0.00841871251642557	1.13530680457274	0.075	0.037	1	1	DNAJC27
0.000571166047971707	1.12666788629886	0.138	0.067	1	1	NPL
0.000178938040289155	1.11540724713503	0.159	0.07	1	1	DSP
0.00511418937822714	1.11336425169206	0.109	0.05	1	1	ADAM33
0.000979646607500337	1.10883459321155	0.092	0.04	1	1	LOC138491940
0.00581874338421398	1.10461000734982	0.113	0.053	1	1	ITGB5
0.00036813439425267	1.0957784403861	0.159	0.075	1	1	PDPR
0.00957871455348265	1.0902189150442	0.025	0.013	1	1	RAB23
0.00379802023626219	1.0902189150442	0.084	0.039	1	1	C1GALT1C1
0.00854901231538394	1.0902189150442	0.134	0.066	1	1	USP46
0.00258008359587303	1.08713952211223	0.13	0.068	1	1	SNX5
0.00306624080115094	1.08713952211223	0.134	0.066	1	1	MGST1
0.00011765383514573	1.08360861692337	0.234	0.113	1	1	EPHA2
0.00128071559093031	1.0828393846786	0.213	0.111	1	1	LOC138513586
0.000648595688375909	1.08148410506659	0.146	0.068	1	1	PAOX
0.00596917859419636	1.07951902638699	0.121	0.057	1	1	DBF4
0.00111919339830669	1.07350152009926	0.134	0.063	1	1	NXT2
0.00757722508858282	1.07076655237803	0.067	0.032	1	1	TATDN1
0.000153867173763779	1.07001534432102	0.213	0.112	1	1	EPB41L1
0.000699735660929436	1.06736797591616	0.205	0.101	1	1	FGD6
0.000228332833006638	1.06576587131966	0.176	0.088	1	1	ERI2
0.00385576782886005	1.06576587131966	0.105	0.052	1	1	NFATC2IP
0.00574496469256871	1.06576587131966	0.105	0.051	1	1	ANAPC1
0.00833269784575872	1.06576587131966	0.063	0.033	1	1	ZBTB7A
0.000512282898971079	1.06422370651125	0.209	0.104	1	1	PLXNB2
0.000931266055468855	1.06273817862209	0.105	0.054	1	1	MTCH1
0.00531287839634357	1.06130622312896	0.075	0.037	1	1	LRWD1
0.000234943472391691	1.0599249927306	0.209	0.109	1	1	MOB3A
0.00459311207073333	1.05545349688352	0.142	0.075	1	1	RHBDF2
0.000582273325513112	1.05369303901908	0.222	0.117	1	1	FOXO1
0.00711340244182364	1.05369303901908	0.151	0.077	1	1	BANP
0.00689381098668982	1.05041790698622	0.079	0.04	1	1	BTBD2
9.07037375856768e-05	1.04603946647565	0.188	0.091	1	1	RNF170
0.00144669880309745	1.04470425579183	0.096	0.046	1	1	MCM8
0.00265134858804828	1.04470425579183	0.138	0.07	1	1	VCPIP1
0.000898627419252602	1.03775149515006	0.205	0.103	1	1	RECK
0.00243604470831294	1.03775149515006	0.105	0.053	1	1	BROX
0.000190907314413007	1.03221331160863	0.222	0.115	1	1	SELENON
0.000334102782066093	1.03221331160863	0.121	0.056	1	1	PLEKHM1
0.0019353588484801	1.03221331160863	0.121	0.057	1	1	WBP1
0.00865861563052434	1.02637243301957	0.126	0.067	1	1	TEX264
0.00757722508858282	1.02637243301957	0.067	0.032	1	1	MRS2
0.00319301427337322	1.02512388682231	0.134	0.07	1	1	DTWD1
8.77419051368641e-05	1.02247430840836	0.209	0.107	1	1	XYLB
0.00126085849812783	1.02247430840836	0.209	0.112	1	1	DXO
0.00945112950679615	1.01647057506289	0.084	0.042	1	1	SAT2
0.00456822537046565	1.01501257085503	0.092	0.044	1	1	SHCBP1
0.00703516911725286	1.01367736017121	0.092	0.044	1	1	GAS2L3
0.00825297869384694	1.0124500567872	0.096	0.05	1	1	C9orf72
9.5268823278967e-05	1.01078444754979	0.184	0.096	1	1	MTMR10
0.00347168101089233	1.00883880323482	0.209	0.112	1	1	ATXN3
0.00830716286881261	1.00839469209052	0.113	0.057	1	1	USP37
0.000965135816803529	0.999423376490963	0.176	0.089	1	1	LATS2
0.000184933896917636	0.99724290208556	0.192	0.106	1	1	THADA
0.000457012810475251	0.99724290208556	0.18	0.094	1	1	DAPK2
0.00285106541944262	0.99724290208556	0.176	0.096	1	1	DPY19L1
0.00964036322603906	0.99724290208556	0.188	0.098	1	1	CORO6
0.000440570591155323	0.996479099875419	0.213	0.103	1	1	SNX29
0.00252109078163022	0.995177811415978	0.209	0.12	1	1	SH3BP5
0.000191229249310975	0.99427482894869	0.222	0.119	1	1	HIVEP1
0.000744943273450339	0.983303711127687	0.213	0.117	1	1	LMBRD2
0.00945112950679615	0.983303711127687	0.084	0.044	1	1	SLC50A1
0.00133463162226222	0.983303711127686	0.297	0.198	1	1	SEMA7A
9.7586252030908e-05	0.983303711127686	0.109	0.053	1	1	TRIP4
0.00148349465409957	0.983303711127686	0.167	0.084	1	1	CDK5RAP2
0.00174560896961051	0.983303711127686	0.142	0.069	1	1	GEMIN6
0.00296680406485298	0.983303711127686	0.151	0.083	1	1	SEPTIN2
0.00606487742976363	0.983303711127686	0.151	0.077	1	1	TRMT1L
0.00866984723958128	0.983303711127686	0.063	0.03	1	1	CCDC138
0.00164759359218042	0.97024755830224	0.209	0.108	1	1	DUS2
0.000162236904039534	0.965156364417427	0.276	0.151	1	1	CBR1
0.00224384849012748	0.964925181812832	0.138	0.081	1	1	DENND1B
0.00387976094347508	0.963938386260755	0.138	0.072	1	1	GPSM2
0.00385157926986458	0.96283960856797	0.13	0.068	1	1	KNTC1
0.000948679788325593	0.959844738303698	0.218	0.113	1	1	TENT5B
0.000472226719872886	0.95528933495809	0.192	0.097	1	1	URI1
0.000226972891232426	0.954734558930916	0.184	0.096	1	1	CTDSP1
0.00523375891737268	0.952276815507062	0.163	0.091	1	1	NFKB2
0.000387365041187061	0.951594851400348	0.285	0.175	1	1	PLIN3
0.00812441151894556	0.950882233435309	0.088	0.046	1	1	ZNF438
0.00244437367367833	0.949356379204349	0.209	0.123	1	1	ANO6
0.00321464847411255	0.949356379204349	0.159	0.084	1	1	MAP1S
0.000961424843489757	0.94853829296701	0.155	0.083	1	1	BRD10
0.00196647925140891	0.94853829296701	0.159	0.083	1	1	DCAF6
0.000136650743451893	0.947679801396965	0.23	0.115	1	1	ASXL2
0.00010724493345451	0.946466942947315	0.213	0.107	1	1	LOC138566346
0.00278518952067173	0.94266172663034	0.13	0.071	1	1	PEAR1
0.00157119182152432	0.94148353543306	0.138	0.068	1	1	WASHC5
0.00311080751064376	0.9402349892358	0.126	0.07	1	1	SFT2D2
0.00207730272466724	0.937500021514562	0.117	0.065	1	1	TBC1D8B
0.000836740679400455	0.93439411064674	0.192	0.113	1	1	PTPN14
0.00332872683852369	0.932677638057719	0.054	0.03	1	1	CREBL2
0.000901451690633373	0.929864452166226	0.151	0.093	1	1	MOV10
0.00493400838963714	0.92885592710531	0.146	0.084	1	1	SIX5
0.00032359407501993	0.92885592710531	0.209	0.11	1	1	FOCAD
0.000165718383200423	0.927808598535983	0.188	0.106	1	1	CLIP1
0.00141115077433998	0.926720182761319	0.188	0.105	1	1	SMYD2
0.00800698869488442	0.926720182761319	0.096	0.052	1	1	NCKAP5
0.00787941471661864	0.925588213271399	0.18	0.106	1	1	PHYH
0.000113191727621964	0.924410022074118	0.255	0.148	1	1	ABHD17B
0.00174560896961051	0.922762169192636	0.142	0.073	1	1	TAPBPL
0.00383321128166922	0.921375961984485	0.192	0.12	1	1	DENND4B
0.00119338850651925	0.920839624181033	0.285	0.178	1	1	ATF3
0.000118085218006898	0.919878330986053	0.314	0.177	1	1	TM9SF1
0.00789065231973697	0.919173373707971	0.088	0.048	1	1	TPST1
0.00078452024127007	0.919173373707971	0.167	0.089	1	1	USP8
0.00705832099741254	0.917715369500109	0.146	0.084	1	1	COL24A1
0.00116583592579759	0.917214520669914	0.126	0.063	1	1	FTO
0.00037452821580692	0.912914383236289	0.192	0.103	1	1	LAMTOR1
0.000166106365719022	0.90930312968391	0.213	0.12	1	1	PLCD1
0.00339618724442107	0.90930312968391	0.151	0.078	1	1	PTPN3
0.00102396721264651	0.908535942725714	0.155	0.074	1	1	PCBP3
0.00298491246212693	0.908015583823449	0.192	0.112	1	1	NFATC4
0.00467254236264038	0.907354857894388	0.142	0.076	1	1	JOSD2
0.000363372445826324	0.905767110656666	0.385	0.273	1	1	MARCKSL1
0.000278617901375042	0.905301199126413	0.205	0.111	1	1	STAT6
0.00306624080115094	0.905301199126413	0.134	0.077	1	1	GLA
0.00612850616276731	0.902383715744119	0.105	0.055	1	1	DEXI
0.00697905016092279	0.900841550935713	0.134	0.072	1	1	BTN2A1
0.00272591006309169	0.900162475827441	0.213	0.121	1	1	P2RX7
0.00688185162700943	0.899239446339212	0.1	0.055	1	1	ELP3
0.00151414479254942	0.897912219897042	0.151	0.085	1	1	ZBTB4
0.0041518254981097	0.897573837101802	0.176	0.102	1	1	SIK2
0.000492344993904211	0.895840869877347	0.159	0.088	1	1	RUFY1
0.000694176961889886	0.895840869877347	0.209	0.121	1	1	LOC138569353
0.000732379238199884	0.895840869877347	0.205	0.111	1	1	SLC25A22
0.00467252133147388	0.895840869877347	0.117	0.067	1	1	TPPP3
0.00742308212580015	0.89366649864301	0.142	0.083	1	1	FBXL20
0.00863844324257085	0.890194306736205	0.176	0.093	1	1	ANGEL2
0.000111375634673291	0.889181533763136	0.314	0.181	1	1	GOLGB1
0.00311419482420318	0.886442171875097	0.142	0.076	1	1	PRKCD
0.00618372675841275	0.886442171875097	0.142	0.077	1	1	SRC
0.000380916371442361	0.885837901692069	0.326	0.19	1	1	IDE
0.000912209764202499	0.883768037576772	0.126	0.07	1	1	JMY
0.00914449957227649	0.883768037576772	0.134	0.075	1	1	PBK
0.00256391371265331	0.880941993498009	0.251	0.14	1	1	ATG9A
0.00218406477844728	0.880210218163583	0.109	0.059	1	1	GDAP2
0.00512582925550696	0.880210218163583	0.218	0.115	1	1	PHTF2
0.007246211338759	0.878967051312951	0.079	0.044	1	1	DCAF17
0.00865003100695668	0.878967051312951	0.075	0.042	1	1	FLVCR1
0.000325700396573608	0.876388507211175	0.276	0.164	1	1	VMA21
0.00546824639095403	0.873679219953188	0.075	0.041	1	1	ACOXL
0.00732810378737104	0.872272398738942	0.1	0.051	1	1	XLCOF6
0.00106605553632175	0.871410831056789	0.218	0.121	1	1	TMTC1
0.00658764644497103	0.870828981869274	0.138	0.083	1	1	SPOP
0.00105955142125403	0.86782649370775	0.238	0.142	1	1	SP140
0.00429154241613855	0.86782649370775	0.188	0.107	1	1	EAF2
0.000284001301047248	0.866264289937467	0.243	0.145	1	1	LOC138528830
0.000859088566986744	0.864362638404179	0.226	0.138	1	1	PPP1R12B
0.00146778723509582	0.864004782755342	0.117	0.063	1	1	NVL
0.00269447754403791	0.864004782755342	0.218	0.122	1	1	RAB21
0.00268466199210884	0.861313186749076	0.13	0.073	1	1	ATG5
0.00290612352110909	0.861313186749076	0.272	0.179	1	1	PARD3B
0.00115410270246251	0.860446963342153	0.167	0.093	1	1	MORC3
0.00493125214145982	0.860446963342153	0.159	0.097	1	1	TBC1D10A
0.000883323220523833	0.860245314723348	0.255	0.151	1	1	ASXL1
0.000152724789917773	0.859729026009154	0.377	0.246	1	1	TNPO2
0.00834683148278462	0.857772829043828	0.159	0.097	1	1	MTOR
0.00864442099997667	0.856191793224347	0.146	0.086	1	1	SUPT5H
0.008642092636908	0.855548163929314	0.105	0.057	1	1	NUBP1
0.00367524604876561	0.855548163929313	0.28	0.163	1	1	TMEM87A
0.00040077715638266	0.855198885380001	0.259	0.15	1	1	EIF4A2
0.00311232342221348	0.85402069418272	0.188	0.102	1	1	CERS3
0.00480709312352919	0.850037180264222	0.126	0.07	1	1	MIER3
0.0035906587935549	0.8479518582328	0.213	0.127	1	1	ZNF644
0.00113838347502214	0.847326041608712	0.293	0.182	1	1	CMIP
0.000862247018902334	0.845800187377752	0.192	0.108	1	1	DHX57
0.00162221199251059	0.845800187377751	0.218	0.116	1	1	IKBKG
0.000781071219252296	0.843578947461074	0.23	0.13	1	1	NLK
0.000354692900390819	0.840345757285643	0.192	0.109	1	1	IFNAR2
0.0014623241117473	0.839712857498836	0.163	0.09	1	1	CEP250
0.000424717795567911	0.837873271606123	0.243	0.14	1	1	COG3
0.00575014375130555	0.837452844664232	0.172	0.102	1	1	EIF4G3
0.00125444487703156	0.837082970276642	0.259	0.146	1	1	RNF216
0.00518667986468268	0.836462322798415	0.159	0.092	1	1	ZDHHC6
0.000625297540211957	0.833061075547074	0.163	0.093	1	1	HEXB
0.00958935435774597	0.832523758952078	0.226	0.128	1	1	LIMD1
0.0048525552487539	0.831300617682636	0.151	0.087	1	1	CENPF
0.0051685927608033	0.828975564736393	0.126	0.069	1	1	RPRD1B
0.000644878770865113	0.82872667401881	0.285	0.177	1	1	NFAT5
0.000596468363869265	0.828329051151345	0.301	0.194	1	1	PARP14
0.000532712264574909	0.824874348523204	0.222	0.123	1	1	RFC1
0.0050181120460135	0.824874348523204	0.201	0.124	1	1	NAA30
0.00180249794887521	0.823432374349297	0.238	0.137	1	1	FAM98A
0.0072787893335544	0.821032282228809	0.167	0.095	1	1	GUSB
0.00382120134227251	0.820365140001481	0.176	0.096	1	1	PHF19
0.00449118752494754	0.81932797601656	0.201	0.115	1	1	FN3K
0.00581397201271111	0.818916893226804	0.113	0.066	1	1	CTSF
0.00346085005563732	0.81824446485719	0.134	0.074	1	1	TMCO3
0.00934936037558417	0.817717645409711	0.146	0.081	1	1	EEF2KMT
0.00770671504548842	0.817293759688757	0.151	0.091	1	1	FBXO42
0.000598173481770142	0.817111428561704	0.276	0.177	1	1	BCAS3
0.000167895924933001	0.815703762631618	0.268	0.158	1	1	NUP58
0.000470507243513517	0.813378709685374	0.251	0.161	1	1	HOMER3
0.000934466445429701	0.813378709685374	0.18	0.099	1	1	DCLK2
0.00244585428819056	0.813378709685374	0.163	0.095	1	1	TBL1X
0.00385756628046083	0.813378709685374	0.163	0.087	1	1	AGPAT5
0.00398912870788203	0.813378709685374	0.113	0.065	1	1	CDK2
0.00964320217585897	0.813378709685374	0.109	0.065	1	1	LOC138503961
0.00964368839884731	0.813378709685374	0.126	0.071	1	1	RNF8
0.000235045157327892	0.811760431286991	0.339	0.214	1	1	LOC138526850
0.00408341518369297	0.810467114265471	0.201	0.123	1	1	COX20
0.000297562796274704	0.80880597989555	0.418	0.276	1	1	SFT2D1
0.00152764200082234	0.80880597989555	0.134	0.074	1	1	DTX2
0.00521421676783323	0.80880597989555	0.138	0.077	1	1	PMM2
0.00106528768488148	0.808217004569595	0.126	0.068	1	1	PITPNA
0.00493191393818609	0.806425949043607	0.184	0.103	1	1	HAUS6
0.00368670731268825	0.805516591912404	0.23	0.137	1	1	SNX1
0.00302227886057438	0.803268682040533	0.293	0.171	1	1	SERPINH1
0.0017170521355951	0.801973946413125	0.201	0.121	1	1	TYMS
0.00180871200870225	0.800439653977876	0.151	0.078	1	1	MGAT4B
0.00216489146469452	0.800081887071916	0.18	0.108	1	1	ZNF729
0.000799058648922731	0.799591757955298	0.276	0.179	1	1	SYNE2
0.00705898405745409	0.799591757955298	0.264	0.162	1	1	SMC4
0.000877131396214727	0.798879139990259	0.213	0.123	1	1	PTTG1IP
0.000253392759146367	0.797948669115768	0.385	0.257	1	1	MMP2
0.000146684214774303	0.79774805797161	0.209	0.116	1	1	ENOPH1
0.00410671047717396	0.797437165816353	0.151	0.089	1	1	TPCN1
0.000149526377709496	0.79711365532259	0.351	0.218	1	1	VAPA
0.00223269414657552	0.796890586896805	0.117	0.067	1	1	MCRS1
0.000822110275549389	0.794858621714576	0.167	0.095	1	1	HERPUD2
0.00259576758824856	0.792972499023537	0.155	0.087	1	1	LOC138580359
0.00163951713631971	0.792620149518577	0.31	0.195	1	1	SRGAP1
0.00200451567320947	0.792620149518577	0.184	0.099	1	1	NMT2
0.00436010888121129	0.792620149518577	0.188	0.099	1	1	MUC17
0.00145454273184388	0.792360928416291	0.201	0.115	1	1	NADK
0.00379802023626219	0.79065863318529	0.084	0.049	1	1	MRE11
0.000636559354010947	0.788925665960835	0.335	0.219	1	1	ADGRA2
0.00723189124570675	0.788287728722544	0.146	0.083	1	1	KAT8
0.0010460106802431	0.787516646373408	0.305	0.193	1	1	RANBP9
0.00467529353709259	0.786503003693979	0.226	0.148	1	1	SLC3A2
0.00116059070129654	0.785034083991413	0.347	0.232	1	1	UBE3A
0.000196672839729797	0.783366140618935	0.276	0.165	1	1	POU2F1
0.000235298980681521	0.782770723754978	0.218	0.13	1	1	TMED5
0.000340932908448493	0.782606360890558	0.243	0.142	1	1	ATG4B
0.00013976549676795	0.781669849958036	0.247	0.161	1	1	RAB5C
0.00260970837419561	0.781669849958036	0.18	0.114	1	1	ATP6AP1
0.00018214509939582	0.781198303936224	0.36	0.235	1	1	ARRDC2
0.000223622367190448	0.77685283366026	0.205	0.113	1	1	PIK3C2A
0.00445371508532673	0.77685283366026	0.151	0.088	1	1	ATOSB
0.00558428624446032	0.77685283366026	0.151	0.092	1	1	MED15
0.00890969780441012	0.77685283366026	0.146	0.089	1	1	ABHD4
0.000653347459133924	0.776145803486399	0.259	0.157	1	1	MFSD13A
0.00793801407746227	0.773086003737341	0.201	0.115	1	1	PIK3C3
0.000856136728681284	0.772248833725519	0.427	0.293	1	1	PARD3
0.00161231368991082	0.769178905774839	0.092	0.055	1	1	PHF1
0.00330722566964894	0.768494461210303	0.31	0.205	1	1	FOSB
0.00443491352717264	0.765398680783552	0.176	0.107	1	1	UBE2H
0.00126854450073302	0.764135190665525	0.234	0.143	1	1	MAP3K1
0.00209395958926353	0.762856934106208	0.456	0.36	1	1	EPPK1
0.00336140639465981	0.760911289791239	0.176	0.103	1	1	ZNF362
0.00580521518452397	0.760911289791239	0.151	0.091	1	1	MRPS9
0.000399115149899389	0.760911289791238	0.243	0.15	1	1	PHF14
0.000702984598195801	0.760911289791238	0.243	0.15	1	1	KPNA6
8.5215545560844e-05	0.758809767145951	0.347	0.205	1	1	MTMR3
0.00667690466452857	0.756532849280664	0.18	0.109	1	1	RAB3GAP1
0.00338115243114607	0.756234802581765	0.159	0.107	1	1	POLR2D
0.00190171395098958	0.755034723454569	0.142	0.077	1	1	IMP3
0.00458586406993498	0.753006091705892	0.201	0.117	1	1	ZNF391
0.00519049677677232	0.751130268998653	0.213	0.145	1	1	CRTC1
0.00245974880039049	0.750642954337411	0.272	0.171	1	1	ZMYM4
0.000508746299601777	0.748398678477689	0.301	0.19	1	1	APBB1
0.000301391751469747	0.74451685154057	0.188	0.113	1	1	PIP5K1A
0.00146804057473148	0.742295611623891	0.213	0.119	1	1	FAM135A
0.00835340245502097	0.742295611623891	0.13	0.075	1	1	FOXO4
0.0041631990603526	0.740942873558642	0.167	0.098	1	1	GALK2
0.00026062887064908	0.739849674263409	0.247	0.152	1	1	PRSS16
0.00043147905687579	0.739378128241597	0.146	0.085	1	1	RECQL5
0.00395209113606658	0.737143123858289	0.167	0.102	1	1	ODR4
0.00038233533276005	0.735376197684101	0.322	0.202	1	1	KPNA3
0.000639720383534198	0.734044683938557	0.385	0.255	1	1	SYNGR2
8.40528494325106e-05	0.733944242190969	0.213	0.113	1	1	MMP14
0.000657642519687781	0.732342137594468	0.192	0.117	1	1	CHD8
0.001191010471344	0.732171394350184	0.268	0.159	1	1	BTN1A1
0.00166673714907049	0.732171394350184	0.259	0.162	1	1	RUFY3
0.00287688643148941	0.73069667674423	0.293	0.179	1	1	SETD1A
0.00600999207507354	0.730322969957816	0.218	0.14	1	1	ZFC3H1
0.00131208141288138	0.730184774158975	0.264	0.166	1	1	CHD3
0.00951164695506531	0.729547118881904	0.188	0.123	1	1	GPHN
0.00229476156019996	0.729547118881903	0.28	0.186	1	1	YTHDF2
0.00882900297203669	0.728730884042089	0.201	0.131	1	1	MAGT1
0.00337808871179442	0.726528295765575	0.268	0.177	1	1	UGGT1
0.00148060864611523	0.724111371588287	0.318	0.205	1	1	RALGPS2
0.00891934160778319	0.723436584372576	0.142	0.084	1	1	MLANA
0.00891934160778319	0.723436584372576	0.142	0.086	1	1	LTN1
0.00537205962599832	0.72253947891872	0.209	0.128	1	1	SHMT1
0.00249574918710305	0.721917158175375	0.264	0.168	1	1	VPS41
0.00415851507874799	0.720269305293892	0.293	0.193	1	1	OTUD4
0.000319497324518537	0.715823400262701	0.293	0.178	1	1	IGF2R
0.00372518757185434	0.715823400262701	0.105	0.067	1	1	MANEA
0.000109636152429609	0.712449800834593	0.326	0.207	1	1	KDM2B
0.0010018929506928	0.711499095666161	0.301	0.182	1	1	FKBP15
0.000301457930637971	0.710777856316595	0.351	0.214	1	1	OSBPL8
0.00110745951182297	0.710285216721271	0.272	0.169	1	1	NRBP1
0.00478820697399493	0.710285216721271	0.218	0.142	1	1	SERINC3
0.0015976235439029	0.708123875431803	0.238	0.157	1	1	LMBR1
0.000745447786163146	0.706463505768862	0.197	0.123	1	1	ZDHHC8
0.00171789860159303	0.705769735598778	0.243	0.159	1	1	DERL1
0.00800893692530836	0.705769735598778	0.213	0.154	1	1	EPB41L5
0.00121908241249785	0.703195791934951	0.163	0.102	1	1	TMEM41B
0.00336611926258681	0.703195791934951	0.218	0.131	1	1	MGAT5
0.00207625357941399	0.701733353856465	0.218	0.134	1	1	TTC7B
0.00338221346794067	0.69868877470838	0.314	0.213	1	1	PPP1R13B
0.000809458847020263	0.698422602995644	0.268	0.167	1	1	WASF2
0.00347201813785032	0.695863992625615	0.372	0.271	1	1	DPYSL3
0.00196466173570582	0.694872528228411	0.213	0.147	1	1	YTHDC2
0.00377724562579246	0.693797093932702	0.071	0.043	1	1	GDPD1
0.00445837998586995	0.693797093932702	0.205	0.13	1	1	CPD
0.00817746339556821	0.693797093932702	0.209	0.13	1	1	TGFBR1
9.44995120559743e-05	0.690852817317158	0.314	0.213	1	1	CD164
0.000287207810465499	0.690297225542834	0.439	0.295	1	1	TMEM109
0.000843120252282593	0.689944768437095	0.343	0.234	1	1	ZFAND3
0.00700343190844763	0.689572508070976	0.126	0.077	1	1	AGA
0.000730973272104837	0.6894319013713	0.393	0.26	1	1	MCC
0.000507183216847433	0.687171617117661	0.272	0.176	1	1	KDM5A
0.00217806521247387	0.686529093468662	0.285	0.177	1	1	LYL1
0.00294921549177901	0.681413369476869	0.222	0.141	1	1	CEP85L
0.0038730773564705	0.681413369476869	0.218	0.138	1	1	PC
0.000148841075218296	0.680740941107255	0.234	0.141	1	1	SNX14
0.0054108155582361	0.680740941107255	0.222	0.141	1	1	PTPN23
0.00612741866213681	0.679522962950583	0.23	0.154	1	1	HERC2
0.000832694886104138	0.678449129599266	0.318	0.198	1	1	RALGAPB
0.00691405883203642	0.677200583402006	0.222	0.138	1	1	TMEM181
0.00999551684009477	0.676642372893634	0.151	0.096	1	1	SDF4
0.0019406297510851	0.676122201609511	0.234	0.146	1	1	FAM3C
0.000342796549198349	0.675519798560594	0.276	0.179	1	1	PPP1R15A
0.000940462954974768	0.672516173845525	0.209	0.129	1	1	BMAL1
0.00502497390979085	0.672516173845525	0.201	0.128	1	1	FDX2
0.00305939751078854	0.672374615189581	0.285	0.186	1	1	NEDD4L
0.0054504805994394	0.672374615189581	0.28	0.193	1	1	PPM1F
0.00305677202674616	0.671359704812946	0.213	0.14	1	1	CRYBG1
0.00103870865830596	0.67071348081966	0.205	0.134	1	1	NFKB1
0.000963633609745105	0.668262001825564	0.318	0.203	1	1	CAND1
0.00779745041744597	0.667276217680008	0.176	0.116	1	1	PXDC1
0.00699337299095619	0.666274415653163	0.218	0.145	1	1	RHOU
0.000638538591491282	0.666113535246987	0.234	0.15	1	1	CCDC25
0.00189229400093501	0.666113535246987	0.234	0.152	1	1	NUCB1
0.00788246030281958	0.664621275743978	0.28	0.196	1	1	DVL1
0.0072187858492624	0.664293099622619	0.331	0.223	1	1	PRP4K
0.000371272924438758	0.661375616240324	0.289	0.186	1	1	MAN2A1
0.00355313120927683	0.661375616240324	0.18	0.11	1	1	TLE1
0.00745430706211705	0.661375616240324	0.079	0.051	1	1	ZNF276
0.00919032673337301	0.661375616240324	0.084	0.054	1	1	TSR1
0.000491689621019338	0.658341556150691	0.347	0.231	1	1	UPF1
0.00333775862087954	0.657903424333519	0.297	0.203	1	1	STAG2
0.00446314921047117	0.657817796827135	0.276	0.192	1	1	ACTR1A
0.00601983954545336	0.656138967874177	0.222	0.137	1	1	UBXN4
0.000604686403236232	0.654521945199261	0.305	0.203	1	1	DPM1
0.00982737003871691	0.653996085874726	0.272	0.184	1	1	TPD52
0.00010533913544629	0.652658399139215	0.393	0.279	1	1	OSBPL9
0.000923020542594508	0.65238683301307	0.255	0.154	1	1	RARS1
0.00192006116442301	0.651789567411126	0.234	0.151	1	1	GOSR1
0.00053412166371764	0.651460147375241	0.322	0.213	1	1	NT5C1B
0.000881287498675103	0.651107280786497	0.372	0.258	1	1	ZFAND5
0.000159602736630581	0.650728372040815	0.305	0.187	1	1	AP2A2
0.00278050634806321	0.650728372040815	0.28	0.193	1	1	ATP6AP2
0.000222346949613504	0.648884672057127	0.259	0.16	1	1	G6PD
0.000151885781724436	0.648608320166446	0.335	0.218	1	1	BAG6
0.000190398733133269	0.648465507352937	0.46	0.376	1	1	LOC138521839
0.00337129519521054	0.646778240027366	0.222	0.143	1	1	PLD2
0.00738469649585257	0.646268723850116	0.155	0.089	1	1	PDZD8
0.00907599472495485	0.646268723850116	0.155	0.097	1	1	ZDHHC13
0.000144488927796064	0.645945575670718	0.331	0.21	1	1	TRAPPC9
0.00316052975184914	0.645608300382007	0.343	0.216	1	1	USP14
0.00459906659757108	0.643993538012088	0.238	0.158	1	1	RAB11A
0.00419635685018603	0.64307479949738	0.326	0.216	1	1	USP32
0.00818162426132212	0.642879272622935	0.226	0.151	1	1	SYAP1
0.000357626302925063	0.642578020786198	0.393	0.286	1	1	RRBP1
0.00260964354838637	0.642266793292619	0.234	0.145	1	1	DICER1
0.00880969872520562	0.640415997604678	0.159	0.106	1	1	PHF13
0.0038639637704384	0.640159130330628	0.213	0.134	1	1	PLEKHO1
0.00103685111190028	0.640072103032102	0.418	0.283	1	1	RPN2
0.000337702320062179	0.638858179678896	0.322	0.213	1	1	ADAR
0.0028469977425405	0.638168225078999	0.264	0.183	1	1	ADAM17
0.00125571095747724	0.637916643416335	0.234	0.146	1	1	LMBRD1
0.000169762146485089	0.637128069993647	0.234	0.144	1	1	MROH1
0.00512882281144841	0.636500947601295	0.18	0.119	1	1	KCTD10
0.00581650141409512	0.635380407707379	0.172	0.111	1	1	MECP2
0.0019500708478688	0.634639233768197	0.402	0.288	1	1	MGAT4D
0.00478909669881483	0.632806464043553	0.218	0.145	1	1	RELCH
0.00917125970883716	0.632806464043553	0.213	0.126	1	1	ANLN
0.00291539504910338	0.632806464043553	0.377	0.257	1	1	GNAL
0.00112038329656381	0.632229270580808	0.184	0.116	1	1	KMT2E
0.0077743650552531	0.632081309446286	0.276	0.196	1	1	SCCPDH
0.00236308316243671	0.630885249018603	0.356	0.237	1	1	DIAPH1
0.00250218737359342	0.629666756512986	0.176	0.119	1	1	MPV17L2
0.00795680136795509	0.629195210491174	0.418	0.315	1	1	ARL1
0.0013031418253698	0.628770950808397	0.255	0.17	1	1	ANKRD52
0.00277690265544628	0.628460993767589	0.209	0.128	1	1	CNOT7
0.00646339439319576	0.626610198079648	0.155	0.102	1	1	KIF3C
0.000171835945085789	0.625112072253553	0.377	0.268	1	1	SPIN1
0.00076225760504237	0.62484974021521	0.381	0.267	1	1	SCAF8
9.84381593281878e-05	0.622306051561732	0.192	0.126	1	1	PTK7
0.00127172837419928	0.620733631742978	0.343	0.235	1	1	TMEM59
0.00585192892641328	0.614581404761383	0.301	0.215	1	1	HDAC4
0.000597124285611155	0.614521802809715	0.351	0.246	1	1	PARP12
0.00244718175858	0.614069901461967	0.238	0.165	1	1	RASSF8
0.00850015995015546	0.614069901461967	0.096	0.062	1	1	INTS12
0.000179766360015875	0.613036081968865	0.431	0.306	1	1	TCF12
0.00884395007520833	0.612935261182571	0.301	0.202	1	1	PAN3
0.0042175739088803	0.611334933740729	0.205	0.125	1	1	CRTC2
0.00762571031042918	0.610885845786631	0.268	0.181	1	1	EDEM1
0.00481621757208128	0.609845315600242	0.31	0.221	1	1	SF1
0.00430234661941297	0.609179405114896	0.289	0.188	1	1	IFI44
0.00252695158188324	0.60779457603548	0.368	0.254	1	1	CHD9
0.000178644996270221	0.606234062047863	0.46	0.33	1	1	MACROH2A2
0.00409905848515103	0.604792087873956	0.222	0.139	1	1	RAD54L2
0.000888470371177474	0.603098783640964	0.444	0.294	1	1	CD151
0.00265697680990142	0.602481927186755	0.184	0.122	1	1	SLC43A3
0.00192550827016124	0.602355102428124	0.318	0.225	1	1	PUM2
0.00499327536854616	0.601874604491663	0.264	0.184	1	1	SEMA6A
0.00437729315170996	0.600583932121571	0.289	0.198	1	1	OSBP
0.00132924989365501	0.598181789753131	0.255	0.165	1	1	AP2S1
0.000109154501274705	0.597650018629937	0.477	0.35	1	1	XPO5
0.00912819271529015	0.592283092967378	0.197	0.134	1	1	NBEAL1
0.0060005927094414	0.589389503414596	0.163	0.109	1	1	ZC3H6
0.00372281987680869	0.588863116455956	0.335	0.232	1	1	CBX5
0.000515105242113292	0.588165769286548	0.259	0.175	1	1	KIF1C
0.0069862696163805	0.588002429910105	0.18	0.121	1	1	WDR20
0.00226595065719678	0.586881890016189	0.372	0.259	1	1	ATF5
0.00946216246807504	0.585968213582301	0.301	0.207	1	1	CACYBP
0.00392057930680449	0.585426763007026	0.285	0.193	1	1	ACO1
0.00592368548909309	0.584754334637411	0.18	0.113	1	1	KCNK6
0.00845060745074902	0.583373104239051	0.234	0.165	1	1	UHRF1
0.000925139271662077	0.581941148745919	0.368	0.26	1	1	GARRE1
0.00852402142508154	0.5815630344623	0.356	0.269	1	1	HM13
0.000847079359760694	0.581522308551109	0.381	0.266	1	1	MCL1
0.00172799976952081	0.580179533392343	0.285	0.196	1	1	EWSR1
0.00314692634127443	0.579823243271242	0.381	0.31	1	1	SLC38A2
0.00552652003198641	0.578913456048351	0.243	0.162	1	1	MAP4K3
0.00259175062666779	0.577664909851092	0.297	0.196	1	1	ZNF420
0.0084708224373342	0.576232521658899	0.498	0.392	1	1	ODC1
0.00329622668714131	0.57564574221444	0.176	0.129	1	1	EFR3A
0.00382130005563083	0.575426003421709	0.368	0.251	1	1	FIP1L1
0.000322560985446852	0.574498165560357	0.318	0.207	1	1	KDM4B
0.00223841085771346	0.573019741819477	0.268	0.193	1	1	CNOT3
8.96276359249075e-05	0.572897660580488	0.397	0.265	1	1	MYCBP2
0.00350763840031035	0.572671390968844	0.406	0.298	1	1	PRRC2A
0.00222385103776389	0.56995258847673	0.368	0.256	1	1	TSPAN3
0.00183461509755249	0.569745140774756	0.397	0.278	1	1	SLC12A6
0.00185496005165021	0.568266211848842	0.314	0.211	1	1	ERI3
0.00133882858196892	0.566146159974473	0.301	0.208	1	1	NF1
0.0035601565539513	0.565895307386096	0.293	0.201	1	1	CCDC6
0.0042827439052894	0.564899360750444	0.347	0.259	1	1	SERINC1
0.000272844122110413	0.562316945517656	0.41	0.283	1	1	LOC138472955
0.00661000313366526	0.561477046186203	0.205	0.137	1	1	ATG13
0.00128240357783736	0.560771675301919	0.439	0.325	1	1	PRKAA1
0.00124326413174226	0.560446707389543	0.251	0.171	1	1	ZNF25
0.00134745011212428	0.558418425892495	0.276	0.177	1	1	NCOA1
0.000607246198315639	0.558337094605111	0.536	0.372	1	1	RSRP1
0.00973053391520373	0.557038956425589	0.293	0.201	1	1	ESYT2
0.000416970224175837	0.554281982413141	0.561	0.429	1	1	LYVE1
0.00128844244731316	0.551192698489901	0.255	0.164	1	1	MARCHF7
0.00206609259245045	0.549407184597527	0.222	0.152	1	1	BRD9
0.000789148564578101	0.54928310848127	0.477	0.347	1	1	SNX2
0.005739171027734	0.548088329911212	0.41	0.32	1	1	HOOK3
0.00976260096801723	0.54791756645704	0.167	0.115	1	1	PISD
0.00675798662669211	0.547204596321013	0.297	0.217	1	1	PTP4A1
0.000947620501257619	0.546863735116618	0.343	0.224	1	1	SSH2
0.000156781323129791	0.54606041746741	0.464	0.329	1	1	NDFIP1
0.00831653579746999	0.544192076869985	0.192	0.135	1	1	SEC24C
0.00104625714009926	0.543680573570569	0.28	0.197	1	1	HERC1
0.00992481107949212	0.542731119741705	0.188	0.126	1	1	TARBP1
0.000513496248331715	0.541466152505127	0.393	0.308	1	1	CALU
0.00848748029346815	0.54094560584933	0.31	0.218	1	1	CHMP3
0.00331075419830265	0.536787980375675	0.201	0.132	1	1	SART3
0.00481419022485899	0.533777835463552	0.335	0.23	1	1	SBF1
0.00143882894742611	0.532745495497579	0.649	0.549	1	1	ZFP36L2
0.00120310956886212	0.530511289853425	0.31	0.216	1	1	PIM1
0.000261403767633557	0.530252885912111	0.364	0.252	1	1	ECPAS
0.0047989923275156	0.530252885912111	0.351	0.259	1	1	ATF7IP
0.00089201385178985	0.530185866422591	0.536	0.432	1	1	NPR1
0.00740571717208723	0.528737847662205	0.293	0.205	1	1	AFF1
0.000586141908081609	0.528508502611108	0.318	0.219	1	1	ARL6IP5
0.00388846117334271	0.52810908537686	0.121	0.084	1	1	RFFL
0.00787824159299507	0.527773027830293	0.519	0.441	1	1	PDIA6
0.00353977497457748	0.527624227351497	0.444	0.347	1	1	EIF4B
0.00490717099603258	0.525380398995666	0.293	0.206	1	1	MKI67
0.00497508997990748	0.525098352692469	0.368	0.265	1	1	SUMO1
0.00427075110921116	0.523872092490389	0.167	0.11	1	1	GPD2
0.00127841285011269	0.521197958192064	0.197	0.125	1	1	MFGE8
0.00958676672448193	0.513818427826466	0.197	0.139	1	1	KIF3A
0.00237100341072457	0.511799260189814	0.406	0.294	1	1	YLPM1
0.00213780197934858	0.510815939664943	0.28	0.202	1	1	FARP2
0.00409220153511117	0.509932901532515	0.356	0.249	1	1	ROCK1
0.00713479922956369	0.508701657849036	0.301	0.228	1	1	AGFG1
0.000306909547311806	0.506256549573418	0.402	0.29	1	1	AP3D1
0.00240723694734911	0.5059819335945	0.364	0.267	1	1	ZNF436
0.00743632725082669	0.503694210552759	0.264	0.186	1	1	KAT7
0.00159028264251718	0.501897402233128	0.498	0.375	1	1	LOC138566687
0.00436824785428921	0.500094709207264	0.314	0.229	1	1	SAT1
0.00851771616728039	0.499879236868592	0.356	0.26	1	1	SMARCA2
0.00195981809840988	0.496037884293663	0.205	0.144	1	1	LOC138569657
0.00710683638593729	0.493918870388761	0.1	0.072	1	1	TMUB1
0.00947797432989771	0.493918870388761	0.28	0.204	1	1	RERE
0.00898836206364017	0.492733580681485	0.339	0.24	1	1	ZNF407
0.00171022476775986	0.491613364534874	0.552	0.454	1	1	PPP1CB
0.00571388720939662	0.491450614798012	0.414	0.321	1	1	PSMD14
0.00681556534161976	0.490263699847569	0.297	0.214	1	1	WTAP
0.00784611569695906	0.485615031670895	0.473	0.377	1	1	SELENOF
0.000636833299053935	0.485473802132505	0.339	0.235	1	1	ATXN2
0.00995796115061803	0.484928895402621	0.335	0.244	1	1	LARP4B
0.00946258057019127	0.482733397696903	0.301	0.235	1	1	SKA2
0.000660322284350778	0.482242468015475	0.402	0.302	1	1	ZNF850
0.00117910665321563	0.479687165482174	0.502	0.357	1	1	PSPC1
0.00943285415949239	0.478511559090514	0.264	0.192	1	1	LRSAM1
0.00977630356580247	0.474290063639829	0.247	0.178	1	1	ATP6V1H
0.00105150647808821	0.473576976036108	0.502	0.383	1	1	SRP9
0.00339672488913611	0.469725843643296	0.435	0.356	1	1	ND5
0.000777006007818177	0.468730538297928	0.498	0.369	1	1	IPO5
0.000577738101132254	0.468480092148373	0.661	0.568	1	1	TMED2
0.00589887658919978	0.466245274908334	0.314	0.234	1	1	DNAJB6
0.000380179218765557	0.453605229268721	0.565	0.459	1	1	EIF5
0.00314072442116972	0.452788994428907	0.393	0.299	1	1	ACTN4
0.00460451155210541	0.45217936203408	0.322	0.247	1	1	UBE2D3
0.00980470547028816	0.45158323168351	0.184	0.132	1	1	CHMP4B
0.00713478613797861	0.451452546866093	0.314	0.214	1	1	FXR1
0.000122400410529683	0.450056246950686	0.439	0.301	1	1	CYLD
0.00833403575024431	0.446871104334189	0.418	0.333	1	1	FKBP1B
0.00151745134475011	0.445646925184887	0.105	0.036	1	1	LOC138528541
0.00579217130786385	0.445207815444504	0.28	0.194	1	1	PKN2
0.00614961553831738	0.44488379634356	0.389	0.283	1	1	SNX3
0.00239167322792603	0.4446799250734	0.418	0.303	1	1	CTTN
0.00955871277727203	0.444437624995984	0.197	0.146	1	1	ITM2C
0.00278872624966081	0.438605080620257	0.389	0.286	1	1	MICU2
0.00918876742204588	0.435335417888732	0.285	0.216	1	1	CDK4
0.000786359150330553	0.431399498985826	0.653	0.54	1	1	SOCS3
0.00437940151521059	0.431399498985826	0.364	0.279	1	1	RAB5B
0.000220900560656143	0.431165057378015	0.506	0.384	1	1	CLTC
0.000130864261152317	0.430273390132241	0.728	0.599	1	1	IFITM1
0.00948770661360206	0.422253830350859	0.703	0.637	1	1	APP
0.00779206365711832	0.420622657782537	0.318	0.231	1	1	OGT
0.00757406997301605	0.42036751673653	0.314	0.226	1	1	C9H3orf70
0.000479827766053512	0.419635988769758	0.331	0.24	1	1	DEDD2
0.0020180849053978	0.417200237657846	0.285	0.211	1	1	PARP4
0.000155423334244092	0.415855174094305	0.59	0.446	1	1	TNS1
0.000222739782431437	0.411504577647292	0.753	0.641	1	1	TRIM39
0.00863560848421781	0.410264377782349	0.297	0.226	1	1	AP1S2
0.00363864092421082	0.407032170670575	0.393	0.285	1	1	UBR2
0.000651756116608223	0.40691594614454	0.573	0.48	1	1	GDPD5
0.00878710806595928	0.406802789154726	0.213	0.147	1	1	MPRIP
0.00012636328435214	0.405960138175013	0.795	0.706	1	1	LOC138504591
0.0082837158946705	0.404519785335655	0.293	0.225	1	1	IPO7
0.00157585649985253	0.402354272913154	0.577	0.517	1	1	ARHGDIA
0.00300606948592426	0.392379652167813	0.49	0.361	1	1	PLCG1
0.00386163991315092	0.39128645287258	0.41	0.338	1	1	CUL9
0.00478160473108124	0.38354420847845	0.347	0.256	1	1	ZSWIM8
0.00871545301571433	0.363989705615754	0.305	0.215	1	1	DOCK4
0.00856125246368203	0.358812846219893	0.406	0.328	1	1	EPHX1
0.00466937180323644	0.349535032631882	0.464	0.353	1	1	APC
0.00086740821663683	0.346469576207787	0.531	0.416	1	1	MYOF
0.00468312546418341	0.324167654315836	0.469	0.37	1	1	FAM120A
0.00830144711969586	0.320702051899405	0.791	0.67	1	1	LOC138504630
0.00330581375617626	0.312823139220473	0.368	0.284	1	1	GIMAP9
9.64864308355264e-05	0.308273391527475	0.929	0.913	1	1	ANXA2
0.00277659267678787	0.301015209581795	0.749	0.639	1	1	PCDHGC3
0.00506477535086777	0.300109373402461	0.64	0.568	1	1	RAP1A
0.00839702985453844	0.280895338997849	0.519	0.439	1	1	CANX
0.00667324219556099	0.280435894167908	0.448	0.339	1	1	PPP1R12A
0.00367083737449632	0.26121139344301	0.381	0.317	1	1	BASP1
0.00561236454331149	0.242508798081861	0.686	0.612	1	1	SPTBN1
0.000978516834666141	0.241984898612654	0.732	0.698	1	1	PFN2
0.00831118272879794	0.234111814628221	0.439	0.329	1	1	PROM1
0.00231427123310708	0.210397235892367	0.962	0.951	1	1	S100A10
0.00346196569332958	0.11340833440789	0.933	0.846	1	1	KRT5
0.000573393904675588	-0.198190679026763	0.582	0.689	1	1	ATP5MF
0.00673560851237461	-0.211074334039165	0.494	0.587	1	1	ZNF706
0.00114883396500631	-0.216583243534417	0.895	0.939	1	1	HMGB2
0.00850599620277285	-0.227683946936512	0.615	0.691	1	1	EIF2S2
0.000328176767406131	-0.243436876906849	0.992	0.982	1	1	RPS15A
0.00407346771183529	-0.244535220389358	0.766	0.8	1	1	TUBB4A
0.000243841132049587	-0.246935654067821	0.933	0.947	1	1	HNRNPA3
0.000525546193510401	-0.26636983758293	0.799	0.892	1	1	EIF5A2
0.00241052917719677	-0.282851130641167	0.874	0.881	1	1	PFN1
0.00477853738702416	-0.288187960148722	0.473	0.565	1	1	FKBP1A
0.000105102775114138	-0.288671300576463	0.987	0.969	1	1	CFL2
0.00743380276331222	-0.293886068994391	0.632	0.704	1	1	ATP5MK
0.00386019702020455	-0.306461060320629	0.59	0.672	1	1	COX7B
0.000280559938887675	-0.330291650986062	0.912	0.928	1	1	MYL6P1
0.000211206916288647	-0.341791662838359	0.728	0.808	1	1	ANXA5
0.0040764347827204	-0.344648171387446	0.519	0.549	1	1	H1-1
0.000836345485293279	-0.347543701448198	0.628	0.697	1	1	NPM1
0.0001164214346802	-0.348422010827156	0.849	0.891	1	1	RPL22
0.00985683792329105	-0.351351454685682	0.494	0.554	1	1	ATP5F1B
0.000584484348831149	-0.356507987915364	0.828	0.865	1	1	CALM1
0.0046878505905098	-0.377883814206903	0.276	0.374	1	1	PLAU
0.0026659891596106	-0.380334635644513	0.264	0.34	1	1	HYPK
0.00907471330364037	-0.380631910281251	0.322	0.389	1	1	TCP1
0.00697792253435328	-0.386146540671945	0.548	0.633	1	1	RHOC
0.000298337034861519	-0.388144519603475	0.519	0.607	1	1	RPL5
0.000803303767962527	-0.388810140927893	0.347	0.458	1	1	FLNB
0.00171350474648785	-0.391623574777005	0.49	0.562	1	1	COX5B
9.93016476333462e-05	-0.398125395508338	0.657	0.761	1	1	SNRPF
0.0073693174962045	-0.419618266881903	0.418	0.526	1	1	GNG5
0.00528811437870634	-0.422109369262757	0.297	0.399	1	1	ATP1B1
0.00169386336576904	-0.423321548334957	0.51	0.622	1	1	VDAC2
0.00227485442657599	-0.436050468134276	0.469	0.568	1	1	ARPC2
0.00755270532941361	-0.436235180386098	0.209	0.299	1	1	MICOS13
0.000245043310315367	-0.441015969512059	0.745	0.822	1	1	COX6B1
0.00282965237412708	-0.460104645379451	0.368	0.462	1	1	ANXA7
0.00503016713587512	-0.472925475471267	0.301	0.392	1	1	NDUFB3
0.00794958249048731	-0.476127907509611	0.364	0.455	1	1	PGAM1
0.000837879092949771	-0.478857700265183	0.343	0.442	1	1	COX5A
0.00813471662811087	-0.49295253015097	0.243	0.312	1	1	NSA2
0.000105034800781457	-0.506569021073747	0.494	0.589	1	1	ENO1
0.00663945866721467	-0.50934403960979	0.163	0.258	1	1	LOC138472551
0.004676033915814	-0.510075239432949	0.31	0.386	1	1	PSMA5
0.00257516683195466	-0.512180469477742	0.326	0.429	1	1	COX7A2L
0.00590344664843528	-0.517408902975852	0.577	0.647	1	1	STMN1
0.00478996413087599	-0.517890431900872	0.23	0.325	1	1	TRMT112
0.00201363648319202	-0.523048954897103	0.351	0.465	1	1	GLRX
0.00538763105550926	-0.534727781474483	0.423	0.508	1	1	ATP5MG
0.00339392777608394	-0.538514806601276	0.381	0.491	1	1	SLC2A1
0.00252184906436938	-0.539537077685672	0.305	0.429	1	1	GLO1
0.0096817290387598	-0.541286171613988	0.226	0.312	1	1	DOCK6
0.0046978181878397	-0.547681168534645	0.184	0.284	1	1	INPPL1
0.0010247964464105	-0.548167382829112	0.305	0.412	1	1	MYO1C
0.00978695722720337	-0.550674860874665	0.075	0.126	1	1	PTHLH
0.000848228669950824	-0.552749189112524	0.322	0.421	1	1	SPNS2
0.00246491398679232	-0.555855099980345	0.343	0.442	1	1	IVNS1ABP
0.00738242258514662	-0.55784255730098	0.159	0.219	1	1	PEDS1
0.00201387840465477	-0.560582846590554	0.297	0.407	1	1	PDE2A
0.00277323028008117	-0.596056083364094	0.151	0.24	1	1	PIK3CA
0.00413599642994078	-0.598118431888221	0.259	0.359	1	1	ATP5PB
0.00938046316929317	-0.60165878959347	0.276	0.372	1	1	PDE4B
0.00354054459413031	-0.60723982185677	0.163	0.237	1	1	TMBIM4
0.00745978429001691	-0.613631431259546	0.226	0.295	1	1	TJP2
0.000818908001627242	-0.626938198041828	0.243	0.358	1	1	BLOC1S1
0.00321040178627851	-0.627653998126415	0.205	0.294	1	1	NKAIN1
0.00770928430413387	-0.635606121516807	0.138	0.219	1	1	EBF1
0.003313370211068	-0.641187153780107	0.109	0.179	1	1	TPST2
0.000146374377808176	-0.641625196911115	0.318	0.45	1	1	TOMM20
0.00131365743028512	-0.649753077794515	0.201	0.325	1	1	NMRK2
0.00437863853515885	-0.655296753195543	0.155	0.243	1	1	TNK2
0.00580477414901026	-0.663213460110106	0.247	0.344	1	1	PSMB2
0.0015679092091968	-0.663351111999712	0.331	0.479	1	1	PLS3
0.0091547489388082	-0.670138527476237	0.172	0.269	1	1	BAIAP2
0.00594123580370761	-0.678200344466463	0.213	0.301	1	1	PPP1R18
0.000636255860238942	-0.679661301594743	0.172	0.295	1	1	AOPEP
0.00422202930751288	-0.679661301594743	0.18	0.263	1	1	MOB2
0.00268105701592418	-0.680829003027077	0.226	0.343	1	1	KLF7
0.0035601781894118	-0.685380615490973	0.197	0.291	1	1	PALM2AKAP2
0.00398735236634834	-0.694768193984951	0.121	0.207	1	1	GYPC
0.00559923333601444	-0.69643701434557	0.188	0.266	1	1	HDAC7
0.00776697057058435	-0.707592234342535	0.13	0.216	1	1	PCDH12
0.000720349745066434	-0.717136007013406	0.025	0.084	1	1	NPR3
0.00134582673370488	-0.717136007013406	0.172	0.276	1	1	MYO18A
0.00256065137965267	-0.718954148452385	0.167	0.27	1	1	CYR61
0.00888219835470146	-0.732903322871722	0.188	0.291	1	1	NDUFB4
0.000216291319040063	-0.737010642488356	0.218	0.347	1	1	IQGAP1
0.00352550025447661	-0.741061846258886	0.167	0.265	1	1	PMEPA1
0.0012946737833356	-0.741589050737945	0.13	0.234	1	1	PSMD7
0.00371317872813708	-0.742521325433319	0.096	0.163	1	1	CRLF3
0.00922725918257537	-0.74539426705492	0.121	0.215	1	1	HYCC1
0.000811168451922726	-0.759660623659963	0.134	0.224	1	1	TBC1D1
0.00839068379643188	-0.760857384442724	0.079	0.133	1	1	IFRD1
0.00190063480106352	-0.761439233630239	0.13	0.222	1	1	EPB41
0.000625978746700518	-0.766403551930102	0.23	0.333	1	1	ICAM5
9.26266301502122e-05	-0.768240347961412	0.205	0.34	1	1	CSRNP1
0.0026508992278952	-0.771583791035782	0.109	0.202	1	1	UVRAG
0.00228100272406707	-0.78868926803844	0.226	0.337	1	1	PAM
0.000698565635950834	-0.796765385008779	0.226	0.36	1	1	SEPTIN6
0.00106228177524467	-0.797497791888601	0.18	0.297	1	1	CAV2
0.00628139952243668	-0.809254209001837	0.113	0.194	1	1	MRPS18C
0.000158650087573997	-0.809463674706871	0.243	0.378	1	1	CFL1
0.000134975582141437	-0.824051210929917	0.105	0.199	1	1	GPR4
0.00198169856622863	-0.824051210929918	0.138	0.229	1	1	SCRIB
0.00484703308329952	-0.832984335699925	0.088	0.16	1	1	NDUFB10
0.000183949343528652	-0.847235998350717	0.326	0.461	1	1	PKM
0.000552250034857412	-0.850235142733572	0.146	0.244	1	1	ETS2
0.0077037563892538	-0.851637042601818	0.146	0.231	1	1	PLCL2
0.000861031020936718	-0.878312804716392	0.146	0.248	1	1	LOC138550342
0.000347926896856668	-0.880518162588946	0.247	0.389	1	1	SSBP3
0.00263250923204956	-0.929233447621974	0.063	0.127	1	1	ERF
0.00669286463374849	-0.93317293331003	0.071	0.144	1	1	LDLR
0.00561612542428193	-0.935559526146908	0.063	0.119	1	1	TBC1D16
0.00879081080345083	-0.935559526146908	0.063	0.121	1	1	OPHN1
0.000621323916321784	-0.941408161568076	0.209	0.34	1	1	PXDN
0.00245157026260285	-0.949582093013777	0.084	0.165	1	1	LOC138513412
0.00453759209524304	-0.949582093013777	0.071	0.145	1	1	SLC8A1
0.00894369110985698	-0.95529574420817	0.059	0.112	1	1	RASSF2
0.00308019968795806	-0.988681912702717	0.1	0.188	1	1	PLEKHG1
0.00446118201665744	-0.992448742625636	0.109	0.211	1	1	BMPR2
0.00982004865265644	-0.99397621237223	0.063	0.121	1	1	B4GALT5
0.000298487577842147	-1.00572517105131	0.121	0.235	1	1	S100A16
9.78155903342051e-05	-1.02983169106145	0.146	0.27	1	1	RASAL2
0.0070013897447465	-1.03461819686958	0.033	0.081	1	1	SIGMAR1
0.00586105737374041	-1.06400200365067	0.059	0.124	1	1	BTBD6
0.00904475306303116	-1.07558997792588	0.017	0.051	1	1	PTMS
0.0003227349754401	-1.08165173071308	0.071	0.157	1	1	FAM110D
0.00270033048515925	-1.08708561676371	0.038	0.084	1	1	PKD2
0.00499785436791034	-1.09198441617655	0.054	0.119	1	1	FBP1
0.00518688230396866	-1.09968565354334	0.071	0.152	1	1	ABCG2
0.000559243757718418	-1.10819464335781	0.071	0.174	1	1	CDC42EP3
0.00539765735014224	-1.10914253763691	0.063	0.124	1	1	SOCS1
0.00196772164185555	-1.11472837183284	0.063	0.134	1	1	RCN1
0.00310406077166446	-1.11749692965981	0.075	0.154	1	1	LOC138471647
0.000456408942444235	-1.14597930581728	0.059	0.135	1	1	HRAS
0.00155488372770764	-1.15805213811786	0.063	0.137	1	1	CPNE8
0.000892979848357518	-1.16763818694705	0.067	0.142	1	1	TSPAN2
0.00169167065367482	-1.16869938231736	0.067	0.154	1	1	ARHGAP29
0.00414138203772485	-1.17423756585879	0.05	0.115	1	1	PRKAG2
0.000267691755087208	-1.17768816554462	0.063	0.144	1	1	PIK3R6
0.000353107398205792	-1.18662129031463	0.113	0.225	1	1	SMOX
0.00762271414023557	-1.18662129031463	0.013	0.037	1	1	HOXB8
0.00284209371269533	-1.19991811292808	0.033	0.095	1	1	ACKR3
0.000173106110880106	-1.20112086000974	0.088	0.186	1	1	TDRP
0.001731025250245	-1.20112086000974	0.042	0.098	1	1	MTUS1
0.00343436375472812	-1.21107433403916	0.046	0.114	1	1	PGBD5
0.00682830031736861	-1.21833015004196	0.038	0.093	1	1	TSR2
0.00422995920115586	-1.22181071877693	0.033	0.086	1	1	SLC39A9
0.00436358782535678	-1.22181071877693	0.029	0.086	1	1	LRP5
0.00327856929808839	-1.23301419579908	0.067	0.145	1	1	PRAG1
0.00103926651779467	-1.25701061820602	0.071	0.177	1	1	KIAA1671
0.00399853319796663	-1.25770438837611	0.042	0.098	1	1	FDPS
0.00944103559075184	-1.2646238023159	0.021	0.057	1	1	MYCN
0.00162029057814389	-1.27543055727248	0.054	0.127	1	1	INKA1
0.00052074698858166	-1.28971478327873	0.079	0.177	1	1	RIN1
0.00193641478949421	-1.29282069414655	0.063	0.146	1	1	EFCAB14
0.000151150199016402	-1.30947803810016	0.079	0.199	1	1	HES4
0.00237411231473445	-1.31786582359288	0.025	0.07	1	1	PPP1R16A
0.0099141495079728	-1.31786582359288	0.025	0.069	1	1	ACSS3
0.000392132672642898	-1.32155087040073	0.067	0.166	1	1	JAM2
0.0093056393001338	-1.32748382615448	0.05	0.12	1	1	LMO7
0.0012584143967024	-1.32828243953822	0.054	0.132	1	1	CTF1
0.00301840711867001	-1.3638616752587	0.067	0.145	1	1	GRK3
0.00105788234049288	-1.36719353595645	0.038	0.104	1	1	MAP1B
0.00199559091143647	-1.40901371165107	0.029	0.084	1	1	MYO1D
0.0050269343048066	-1.42608722501002	0.029	0.081	1	1	NEDD9
0.00178980064502882	-1.43173378815116	0.046	0.129	1	1	TBL2
0.00577243134656825	-1.43173378815116	0.021	0.065	1	1	FASN
0.000723538746722058	-1.45410160117961	0.017	0.066	1	1	TGM1
0.000180839803339914	-1.46882310688638	0.071	0.183	1	1	STOM
0.000185146934372071	-1.47612790750961	0.059	0.148	1	1	TMEM100
0.000943268474471133	-1.47612790750961	0.029	0.087	1	1	CIB2
0.00740263928186296	-1.4880020077979	0.042	0.093	1	1	TGFBI
0.000691623196731994	-1.53454459373493	0.038	0.121	1	1	TMEM63B
0.00984713597794138	-1.54025824492933	0.013	0.047	1	1	ACSF2
0.000967398373725009	-1.54807774938863	0.059	0.159	1	1	DMD
0.00815307483999306	-1.56101680509612	0.008	0.035	1	1	TRAIP
0.00103255908680383	-1.60165878959347	0.046	0.134	1	1	DBNDD2
0.00167123365716137	-1.60165878959347	0.033	0.11	1	1	ENC1
0.00984713597794138	-1.60165878959347	0.013	0.047	1	1	AP3B2
0.000235399433145277	-1.63728269932419	0.033	0.114	1	1	CBFB
0.00310618941299864	-1.67490777162411	0.029	0.094	1	1	FAM167B
0.00353084608699802	-1.67966130159474	0.021	0.074	1	1	PCYT1B
0.00589472670179661	-1.68912163084381	0.013	0.053	1	1	SLC2A4
0.00815307483999306	-1.71713600701341	0.008	0.039	1	1	EFNA4
0.00203449256414725	-1.71713600701341	0.033	0.103	1	1	UCK2
0.00013702393558405	-1.73290332287172	0.021	0.09	1	1	KLF17
0.000245865755943574	-1.73290332287172	0.025	0.093	1	1	ZEB2
0.000229525527933841	-1.76085738444272	0.038	0.121	1	1	NHS
0.00515633144401722	-1.80329265076312	0.017	0.067	1	1	DCHS2
0.0011445344335813	-1.82405121092992	0.017	0.073	1	1	SMIM13
0.00206840307620303	-1.87467728399989	0.013	0.058	1	1	OCLN
0.00241282756803566	-1.88459275286497	0.017	0.07	1	1	JUP
0.00369046069703126	-1.89116540678845	0.008	0.046	1	1	KIT
0.00269719516428818	-1.89116540678845	0.021	0.085	1	1	BAMBI
9.44338178200544e-05	-1.92358688448083	0.029	0.115	1	1	ISYNA1
0.00145447732547765	-1.94269570742854	0.017	0.076	1	1	TRIM16
0.00316758595662387	-1.96155473467985	0.017	0.075	1	1	CYP2C9
0.000197951351136993	-1.97089259925919	0.029	0.109	1	1	BLNK
0.0058403883294132	-2.01669628887231	0.013	0.062	1	1	NBEAL2
0.00818001532612603	-2.01669628887231	0.008	0.05	1	1	LOC138527279
0.000157980545655824	-2.03906410190077	0.029	0.111	1	1	RNF220
0.000978759169542967	-2.04644363226637	0.021	0.088	1	1	CADM3
0.00355844530997061	-2.10415913012265	0.025	0.076	1	1	GRIN2A
0.00366597249104693	-2.10415913012265	0.008	0.051	1	1	FHOD3
0.00012611938272238	-2.13217350629225	0.021	0.099	1	1	PRDM1
0.00627685574410707	-2.13217350629225	0.008	0.053	1	1	PPFIBP2
0.00110360339165221	-2.13771168983368	0.017	0.074	1	1	NTF4
0.000966437903997245	-2.18662129031463	0.008	0.053	1	1	SMAD7
0.00469087879676812	-2.22614965450126	0.004	0.036	1	1	SMIM3
0.00164102225348797	-2.2646238023159	0.008	0.055	1	1	PIK3AP1
0.00357848010542418	-2.30209850773456	0.004	0.039	1	1	KIF26A
0.000224146072739738	-2.30947803810016	0.017	0.074	1	1	MEGF11
0.00207177299726262	-2.33862438375968	0.004	0.04	1	1	NOS2
0.0046992318569001	-2.33862438375968	0.004	0.04	1	1	DAAM2
0.0035657902830028	-2.3742482934904	0.004	0.038	1	1	METRN
0.00476623841824518	-2.38593009853803	0.008	0.058	1	1	PLCL1
0.00469087879676812	-2.44296104357441	0.004	0.043	1	1	C4QH1orf115
0.00091307840844227	-2.47612790750961	0.004	0.041	1	1	LOC138452803
0.000111067727689629	-2.52449092907101	0.013	0.092	1	1	PDE4C
0.00157771000241192	-2.54025824492933	0.004	0.046	1	1	FAM19A1
0.00614964827185568	-2.54025824492933	0.004	0.043	1	1	SLC6A9
0.000250593585532695	-2.58148090765584	0.008	0.07	1	1	CHD5
0.00164654796163278	-2.60165878959347	0.008	0.07	1	1	KCNJ2
0.00207177299726262	-2.60165878959347	0.004	0.047	1	1	CCDC85A
0.00396016740569209	-2.60165878959347	0	0.024	1	1	BLVRA
0.00687794684400163	-2.60165878959347	0	0.024	1	1	AK1
0.00687794684400163	-2.66055247864704	0	0.024	1	1	SEMG1
0.00521777328422847	-2.77158379103578	0	0.026	1	1	NOXA1
0.000913077672086726	-2.79805600239697	0.004	0.052	1	1	APCDD1
0.000911496406528403	-2.84958630303706	0.004	0.055	1	1	KCNK5
0.00907626436597193	-2.87467728399989	0	0.028	1	1	PHGDH
0.00228535487318627	-2.92358688448083	0	0.03	1	1	VOPP1
0.000552853261133779	-2.95529574420817	0.008	0.085	1	1	ITGA1
0.00052897318084063	-2.99397621237223	0.004	0.061	1	1	STARD13
0.00687982828750766	-3.01669628887231	0	0.024	1	1	SLC6A2
0.00396118533833325	-3.01669628887231	0	0.031	1	1	LIPG
0.00907542477732353	-3.01669628887231	0	0.033	1	1	PLEK2
0.00907626436597193	-3.01669628887231	0	0.029	1	1	FAM229A
0.000134041131714399	-3.10415913012265	0.004	0.065	1	1	IGFBP6
0.0039607102842203	-3.10415913012265	0	0.032	1	1	HRH2
0.000913077672086726	-3.166443408377	0.004	0.066	1	1	PALMD
0.000105588713593203	-3.18662129031463	0.008	0.067	1	1	SCIN
0.00132060659238996	-3.30209850773456	0	0.04	1	1	SLC51A
0.00521832146171578	-3.30209850773456	0	0.038	1	1	KCNMB2
0.0010043908134977	-3.33862438375968	0	0.04	1	1	CMTM8
0.00228535487318627	-3.33862438375968	0	0.04	1	1	TMEM150C
0.000580683841481489	-3.54025824492933	0	0.047	1	1	PADI3
0.000580844534788022	-3.54025824492933	0	0.047	1	1	MS4A4A
0.000335747965412136	-3.57128514054995	0	0.047	1	1	ADORA2A
0.000147448518613988	-3.60165878959347	0	0.05	1	1	GPR132
0.00173793858074216	-3.66055247864704	0	0.048	1	1	LRRN1
0.000177466969494053	-3.75366188303852	0.008	0.065	1	1	NCAM1
8.51291381903e-05	-3.84958630303706	0	0.058	1	1	LOC138521149
0.000335747965412136	-3.84958630303706	0	0.056	1	1	DACH1
0.000112120773400935	-3.87467728399989	0	0.054	1	1	CCL19
0.000194336876542697	-3.89933933823415	0	0.048	1	1	MFSD4A
0.000336342516466597	-3.99397621237223	0	0.053	1	1	HEY1
0.000255911639483648	-4.68912163084381	0	0.058	1	1	SLC26A10P
2.49813709959513e-17	-1.42788574100183	0.635	0.841	3.00001284290379e-13	2	VWF
1.83877823155982e-16	-1.39515328394394	0.449	0.765	2.20818877828019e-12	2	SHANK3
2.81279835318908e-14	-2.55378626105501	0.107	0.396	3.37788954234477e-10	2	TACR1
1.76669184533188e-13	-1.47641616962894	0.315	0.616	2.12162023705906e-09	2	DOCK9
3.15687375889888e-13	-2.18143857492237	0.135	0.43	3.79108969706167e-09	2	EXOC3L2
3.69368502336076e-13	-1.09460620653296	0.433	0.716	4.43574634455394e-09	2	ICAM1
3.78315249416591e-12	0.463625017138416	1	1	4.54318783024384e-08	2	ACTB
5.73124496241087e-12	-3.23424493409702	0.129	0.388	6.88265207535921e-08	2	MRC1
1.21117103931006e-11	-1.97975142172822	0.096	0.372	1.45449530110745e-07	2	FCHSD2
1.22346063148918e-11	-1.78017821415635	0.213	0.486	1.46925387235536e-07	2	STAB1
1.37610973825571e-11	0.598104337162813	0.955	0.859	1.65257018467128e-07	2	EIF5A2
1.7576769027643e-11	0.537287309164621	0.994	0.969	2.11079419252965e-07	2	CFL2
1.94436534559718e-11	0.648005420986673	0.978	0.9	2.33498834352766e-07	2	TXN
4.88568590285391e-11	-2.52368665418933	0.084	0.347	5.86722020073727e-07	2	IQSEC1
7.29166181085793e-11	-1.31001144995399	0.275	0.567	8.75655666865929e-07	2	LOC138472433
8.66598593492341e-11	-2.04821330104851	0.107	0.375	1.04069825092495e-06	2	ZNF521
1.28415866278698e-10	-1.58878168241121	0.23	0.5	1.54214613814089e-06	2	PLCB1
1.9741459905006e-10	-5.8367091958548	0.006	0.22	2.37075191999217e-06	2	RELN
4.88125619274004e-10	-3.00514457915662	0.034	0.255	5.86190056186151e-06	2	SLC4A11
5.53945555137881e-10	-1.73013753165675	0.112	0.367	6.65233217165081e-06	2	CYLD
5.76728398957331e-10	-1.35730853846935	0.23	0.493	6.92593134307859e-06	2	ARHGAP21
7.16186637956025e-10	-0.697215651844241	0.758	0.871	8.6006853352139e-06	2	HSPG2
8.3119394262402e-10	-1.57143978563769	0.23	0.483	9.98180805697185e-06	2	XIRP2
9.52221688673432e-10	-1.03576607062778	0.427	0.622	1.14352302592792e-05	2	RAMP3
1.32162269553305e-09	-0.954550643463238	0.32	0.622	1.58713669506564e-05	2	ASAP1
1.36617942684186e-09	-1.21110650803884	0.275	0.546	1.64064487369439e-05	2	NRK
1.5614458235983e-09	-1.04321261999014	0.309	0.578	1.8751402895592e-05	2	EGFL7
1.94966138832069e-09	-1.58878168241121	0.242	0.463	2.34134836123432e-05	2	MMRN1
2.09622588795624e-09	-1.62233424212224	0.135	0.374	2.51735766884665e-05	2	ADD1
2.7621729358777e-09	-0.954550643463238	0.32	0.582	3.31709347869552e-05	2	ENG
3.11718555362405e-09	-1.13919287292047	0.404	0.638	3.74342813134712e-05	2	ADCY4
3.20249058900342e-09	-2.15268256760454	0.101	0.361	3.8458709483342e-05	2	GALNT18
4.38957996605894e-09	0.505633919480896	0.949	0.848	5.27144658124018e-05	2	CRIP1
4.51068553093931e-09	-1.00490677694766	0.393	0.602	5.41688225410502e-05	2	KDR
5.1072053737079e-09	-1.04711074460135	0.309	0.525	6.13324293328582e-05	2	CSF1
5.44943531930369e-09	-1.72463105535021	0.124	0.387	6.54422687495181e-05	2	PTPRE
5.49183069975065e-09	-1.86650013400212	0.112	0.337	6.59513948733056e-05	2	SLC22A23
5.5903375983698e-09	-2.29139577178664	0.051	0.258	6.71343642188229e-05	2	ATRNL1
6.33439497918673e-09	-3.18981894599044	0.028	0.228	7.60697493050534e-05	2	EXOC6
6.90859633961002e-09	-1.72912475868368	0.084	0.293	8.29653334423768e-05	2	KMT2C
7.12192320961112e-09	-1.26628006533745	0.169	0.394	8.55271758242199e-05	2	JAK1
8.47690930794111e-09	-1.69361165563164	0.135	0.37	0.000101799203879065	2	TMCC1
8.55521266612172e-09	-4.0591351998689	0.039	0.237	0.000102739548907456	2	HAPLN3
9.86712774049159e-09	-1.12892567929052	0.202	0.422	0.000118494337035563	2	PREX2
1.03168755218441e-08	0.593955147343934	0.989	0.941	0.000123895358141826	2	RPL7
1.26477593823441e-08	0.615401662147089	0.955	0.849	0.00015188694242257	2	PMP2
1.27699806652022e-08	-1.95013455434899	0.118	0.386	0.000153354697808413	2	VAV3
1.45228316200801e-08	-1.67124384260318	0.101	0.326	0.000174404684925542	2	SVIL
1.5290647033691e-08	-2.3442976729492	0.045	0.244	0.000183625380227596	2	HERC1
1.85072664644616e-08	-2.46016151640411	0.039	0.229	0.00022225376297172	2	PDE7B
1.85169659360912e-08	-1.32827294066782	0.18	0.44	0.000222370243926519	2	SPNS2
1.87264283748988e-08	-1.18034966624294	0.208	0.417	0.000224885678354159	2	PDE2A
1.96941022417359e-08	-1.1803849085094	0.275	0.486	0.000236506473821006	2	ARHGEF9
2.79691571905337e-08	-1.84503562481352	0.112	0.328	0.000335881608701119	2	ARHGAP27
2.88535636969188e-08	-0.7258011615195	0.725	0.848	0.000346502446436297	2	LTBP1
3.3075145096356e-08	-0.913132439565428	0.202	0.435	0.000397199417462139	2	PLXND1
3.39964236428647e-08	0.461158906414088	0.994	0.946	0.000408263051527162	2	RPL36
3.55034594743107e-08	-1.66723078009656	0.107	0.297	0.000426361044826997	2	UBR4
4.00738659502965e-08	-1.72799862090042	0.09	0.279	0.00048124705619711	2	STAG1
4.0682111654306e-08	-1.10648491260521	0.236	0.491	0.000488551478856561	2	NPR1
5.16775679828703e-08	-2.84314649348594	0.045	0.234	0.00062059591390629	2	FLT4
5.34325851129376e-08	-1.56152347536679	0.096	0.279	0.000641671914621267	2	GSE1
6.32552682624212e-08	-1.60368055879055	0.079	0.256	0.000759632516563417	2	UBAP2L
6.77861218943947e-08	-1.56867410896264	0.079	0.243	0.000814043537829786	2	FARP2
7.57848238433562e-08	-1.32519966030935	0.129	0.357	0.000910099949534864	2	NR3C1
7.60213762431819e-08	0.497104729936086	0.961	0.848	0.000912940707304372	2	DBI
7.87092790962149e-08	0.346572721089358	1	0.995	0.000945219732666444	2	LOC138582460
7.88048317814271e-08	-1.7980586039574	0.112	0.316	0.000946367224863158	2	HYAL2
8.76710907396929e-08	-3.25620634332434	0.028	0.201	0.00105284212869297	2	UNC5B
8.8658069058427e-08	-1.92758359586297	0.051	0.224	0.00106469475132265	2	PARD3B
9.11564507439974e-08	-1.71941112506369	0.09	0.274	0.00109469781698466	2	RASA1
1.03148540877578e-07	-1.90882266775431	0.084	0.279	0.00123871082739883	2	HDAC7
1.21117980594845e-07	-1.81359676601451	0.073	0.246	0.00145450582896349	2	MFSD11
1.30539401805166e-07	-4.05206562654411	0.017	0.187	0.00156764767627824	2	NFIX
1.32797127890164e-07	-1.08319536200828	0.152	0.372	0.00159476070883298	2	ARRB1
1.42341848473634e-07	-1.54571296051932	0.09	0.277	0.00170938325831987	2	STRN3
1.44660713990522e-07	-1.13431403830383	0.253	0.49	0.00173723051431218	2	PIEZO1
1.49876214756997e-07	-1.01701867944491	0.197	0.401	0.00179986346301678	2	ITPKA
1.7979248070899e-07	-3.02488079721788	0.017	0.172	0.00215912790083427	2	SYNJ1
1.94967139779991e-07	-2.13874876177616	0.039	0.198	0.00234136038161791	2	CIC
1.95189946731248e-07	-0.758541246660418	0.404	0.638	0.00234403607029556	2	TIE1
2.03531368578918e-07	-1.53580721754616	0.219	0.434	0.00244420820526423	2	CYSLTR1
2.07959249795823e-07	-1.83862216193515	0.067	0.254	0.00249738263079803	2	KPNA3
2.28222548953647e-07	0.298423258709296	1	1	0.00274072459038434	2	CIRBP
2.30075007209875e-07	-1.31801162779781	0.129	0.342	0.00276297076158339	2	PALD1
2.34875033096842e-07	-0.869388717692954	0.371	0.609	0.00282061427245997	2	GASK1B
2.55081348037349e-07	-3.92758359586297	0.006	0.152	0.00306327190858053	2	KMT2E
2.94158694947519e-07	-2.39208977140611	0.039	0.211	0.00353255176762476	2	FLRT2
3.13616704274588e-07	-1.84012075461263	0.084	0.264	0.00376622300163353	2	USP48
3.24624813609706e-07	-1.79899938980156	0.045	0.209	0.00389841938663896	2	PSD
3.39504945310803e-07	-0.973806612623614	0.152	0.348	0.00407711488823743	2	TEK
3.41159840087065e-07	-1.1231181100624	0.129	0.314	0.00409698851960557	2	ZNF436
3.5187989046618e-07	-1.62330936553948	0.084	0.254	0.00422572560460836	2	USP34
3.52591419390247e-07	-1.65226073923561	0.079	0.258	0.00423427035545748	2	ERI3
3.89920336461792e-07	-1.5727812037175	0.062	0.221	0.00468255332056966	2	INPP5A
4.14479866410661e-07	-2.0908979699524	0.067	0.261	0.00497748871572563	2	HDAC4
4.2940260787252e-07	-1.50131884116087	0.079	0.252	0.0051566959179411	2	USP4
4.47539959167924e-07	-1.48317149445061	0.096	0.268	0.0053745073696476	2	TRAPPC8
4.53073373016038e-07	-1.22857522434715	0.197	0.376	0.0054409581365496	2	APBB2
4.56382360324895e-07	-1.69114340004089	0.096	0.306	0.00548069576514166	2	ECPAS
4.5964736985587e-07	-1.47622786019804	0.14	0.347	0.00551990526459914	2	BIRC6
4.73242576171916e-07	-1.7312686136754	0.079	0.254	0.00568317009724854	2	DNAAF9
4.92305909134353e-07	-2.24278582756202	0.056	0.228	0.00591210166279445	2	ARHGAP28
5.22562814057164e-07	-1.18204032468746	0.14	0.354	0.00627545683401248	2	GNAQ
5.35606949597757e-07	-1.45218713382999	0.112	0.296	0.00643210385771947	2	CEBPD
5.64983482747443e-07	-1.13275577168153	0.112	0.298	0.00678488664431404	2	CLASP2
5.73647642984068e-07	-1.96578604969547	0.062	0.228	0.00688893454459568	2	EBF1
5.80985351652217e-07	-0.981311782280484	0.174	0.362	0.00697705308799147	2	NIPBL
5.95622742063406e-07	-2.27139274713902	0.028	0.17	0.00715283350943945	2	SLC44A2
6.04711965019815e-07	-1.17374418313237	0.185	0.38	0.00726198598792295	2	ARAP3
6.10879697024859e-07	-1.41152217081022	0.112	0.328	0.00733605428157154	2	MICAL3
6.20405520638411e-07	-1.44081410220132	0.14	0.351	0.00745044989734667	2	FBXL7
6.27896848263097e-07	-0.865891273456727	0.292	0.536	0.00754041325079153	2	NFIB
6.31553085676014e-07	-3.7959395900525	0.006	0.129	0.00758432100588325	2	CLCF1
6.3977635111983e-07	-4.17845118580989	0.011	0.159	0.00768307420059803	2	PROX1
6.42399620036294e-07	-1.45240924067992	0.129	0.316	0.00771457703701585	2	RBMS3
6.65778666217893e-07	-1.61044056354098	0.163	0.363	0.00799533600261068	2	TSPAN18
7.02518390061869e-07	-1.77278186906525	0.073	0.263	0.00843654334625298	2	MAN1A1
7.3764451594204e-07	-1.67695749379758	0.067	0.219	0.00885837299194796	2	TTC17
7.61208904867388e-07	-1.2577321975553	0.157	0.353	0.00914135773855246	2	RGS3
7.63766504756603e-07	-1.80509958933797	0.062	0.211	0.00917207195562205	2	TRERF1
7.77562294269311e-07	-1.67568974763438	0.084	0.276	0.00933774559188015	2	BRD4
7.89207869643334e-07	-1.99608353291045	0.045	0.213	0.0094775973065468	2	ARHGEF26
8.7644955852593e-07	-0.984641080006189	0.174	0.379	0.0105252827483379	2	SH2B3
9.04900602448056e-07	-2.0812632671154	0.056	0.241	0.0108669513347987	2	TBX1
9.24275054300302e-07	0.623081844985134	0.753	0.664	0.0110996191270923	2	LOC138510586
9.42353732320574e-07	-1.89986821765115	0.045	0.194	0.0113167259714378	2	ARID5B
9.75167542972847e-07	-1.85566841374061	0.056	0.202	0.0117107870235609	2	MAP3K3
9.81956928750103e-07	-1.4930983343559	0.101	0.27	0.01179232075736	2	RASAL2
1.0079664137479e-06	-2.27863738946367	0.135	0.306	0.0121046686626985	2	NRP2
1.1043875371577e-06	0.535167301597716	0.989	0.914	0.0132625899337269	2	MYL6P1
1.1249461962348e-06	-1.42797269159082	0.129	0.339	0.0135094788705838	2	PARG
1.13192085956905e-06	-1.05180912462489	0.225	0.455	0.0135932376025647	2	DGKZ
1.15154189457537e-06	-1.86206618493876	0.056	0.194	0.0138288666119556	2	B4GALT3
1.15722395319366e-06	-1.41121192493091	0.146	0.362	0.0138971024539027	2	TANC1
1.16792239835544e-06	-1.31967276216773	0.118	0.31	0.0140255800818505	2	TJP2
1.19025536267685e-06	-0.970804124462091	0.208	0.4	0.0142937766503863	2	FGD5
1.26391959094802e-06	-1.45551515154775	0.084	0.25	0.0151784103676948	2	MAST4
1.28014936588978e-06	-0.962545973459782	0.309	0.491	0.0153733137349704	2	RAPGEF2
1.28174963411444e-06	-0.875714355942369	0.225	0.424	0.0153925313560804	2	DAAM1
1.33770964252346e-06	-1.2591718018009	0.169	0.366	0.0160645550970642	2	AFDN
1.37902215973509e-06	-0.743568680842506	0.292	0.474	0.0165606771162587	2	RIPOR1
1.46978793763023e-06	-1.63334723484465	0.051	0.228	0.0176506833430014	2	PHF21A
1.50365063984411e-06	-1.65332193460592	0.09	0.258	0.018057340533888	2	DOCK4
1.51054417445495e-06	-1.46960998143353	0.096	0.295	0.0181401249910296	2	RABGAP1
1.51432098348788e-06	-1.32998426946389	0.101	0.305	0.018185480690706	2	GNB2
1.53150139735307e-06	-1.60085451471178	0.107	0.292	0.018391800280813	2	DNAJC13
1.56202035476847e-06	-4.1642838538833	0.011	0.162	0.0187583024404145	2	FGF10
1.58448159106142e-06	-1.829789781915	0.045	0.184	0.0190280394270566	2	TDRD7
1.62154193443481e-06	-1.17523226479178	0.152	0.341	0.0194730970906276	2	RCAN1
1.62300571781932e-06	-1.28358278225564	0.14	0.318	0.0194906756652922	2	MYCBP2
1.7798184835469e-06	0.381503652429354	0.966	0.921	0.0213738401689147	2	HNRNPAB
1.78320725403339e-06	-1.37414760069576	0.079	0.24	0.021414535913687	2	PARP14
1.79930662486876e-06	-1.1703456066705	0.107	0.27	0.021607873258049	2	CYTH1
1.80528364842958e-06	-1.28029196184865	0.146	0.346	0.0216796513339908	2	GJC2
1.80541834575811e-06	-0.831514552031833	0.309	0.552	0.0216812689142091	2	DYNC1H1
1.86231247551751e-06	-1.25620634332434	0.09	0.255	0.0223645105184898	2	PDS5B
1.91624245202774e-06	-0.945418806042177	0.169	0.343	0.0230121556064012	2	LDB2
1.94283875324623e-06	-1.19778965709902	0.129	0.3	0.0233315505877339	2	ZSWIM8
2.02664031559752e-06	-2.28559015010543	0.028	0.175	0.0243379235500106	2	PDGFC
2.04844566924567e-06	-2.58878168241121	0.022	0.149	0.0245997840419713	2	MAML3
2.16368744328673e-06	-1.58027018255569	0.09	0.274	0.0259837225064303	2	SNX9
2.22387588855934e-06	-1.03549323196785	0.213	0.421	0.0267065255457091	2	LRCH1
2.24034749215646e-06	-1.45329732629793	0.101	0.27	0.026904333033307	2	PRP4K
2.31668365234833e-06	-1.40419637426277	0.107	0.292	0.0278210539810511	2	ARID2
2.39898650232276e-06	-1.12022867380536	0.18	0.384	0.028809428906394	2	PPP3CA
2.45399023796185e-06	-1.33842110661253	0.112	0.291	0.0294699687676839	2	PDE8A
2.51968909430956e-06	-2.22013708861682	0.022	0.147	0.0302589463335635	2	MPP7
2.59088390307609e-06	-1.66506526767406	0.062	0.203	0.0311139247920408	2	ARMC8
2.62331778597516e-06	-1.10288330921916	0.14	0.33	0.0315034232917757	2	ZZEF1
2.63751430826006e-06	-6.10494518614706	0	0.122	0.031673909327895	2	STAB2
2.64788290647044e-06	-1.23205248161556	0.118	0.307	0.0317984258238036	2	IGF1R
2.7385603144813e-06	-2.70099118599724	0.017	0.133	0.032887370816606	2	TTLL4
2.78676992554018e-06	0.396201281948066	0.949	0.871	0.0334663200358121	2	RPL22
2.85213770495899e-06	-1.35597947799683	0.135	0.332	0.0342513216988524	2	OSBPL9
2.93552755531098e-06	-2.13690741495199	0.034	0.162	0.0352527504117296	2	ARHGEF18
2.98246988838291e-06	0.330609890745476	0.989	0.977	0.0358164808895904	2	ZA20D3
2.98531271613776e-06	-1.12970362217316	0.242	0.436	0.0358506204080984	2	DIAPH2
3.00467973664212e-06	-1.36426608918179	0.09	0.238	0.0360831989573352	2	BAZ2B
3.0822217604849e-06	-1.80712727068496	0.09	0.271	0.0370144011216631	2	DAB2IP
3.18172596084578e-06	-1.62601458861019	0.09	0.27	0.038209347063797	2	ZMYND8
3.22790926021432e-06	-3.33420885532561	0.011	0.132	0.0387639623059138	2	PLEKHG4B
3.39675008556866e-06	-1.0665180870606	0.213	0.404	0.040791571777594	2	NOTCH1
3.53865942433492e-06	-1.3745263105131	0.118	0.298	0.042495761026838	2	TNRC6B
3.70026246080128e-06	-1.43450073458832	0.135	0.286	0.0444364518917625	2	RAPGEF5
3.81617786280406e-06	-1.49486381902357	0.056	0.194	0.045828479954414	2	UBE3C
3.84934038451248e-06	-1.63647842444251	0.067	0.217	0.0462267286776104	2	HECTD4
3.88868585111087e-06	-1.50582023339581	0.096	0.27	0.0466992283859905	2	TOX2
3.93523591349197e-06	-1.97449051642447	0.073	0.241	0.0472582480851251	2	CEMIP2
3.95746116974942e-06	-2.09626543045465	0.062	0.242	0.0475251511875208	2	ATF7
4.00336788253851e-06	-1.49000352793304	0.073	0.207	0.0480764449014049	2	ENPP1
4.0037570780112e-06	-1.59873134281882	0.084	0.253	0.0480811187498365	2	HUWE1
4.06988567285263e-06	-1.09259511581423	0.157	0.358	0.0488752570452872	2	ITGA9
4.13318535890384e-06	-1.2739083450578	0.14	0.342	0.0496354229750762	2	RASGRP3
4.20748935357873e-06	-1.69958846829714	0.073	0.221	0.050527739647127	2	NFAT5
4.32989447281946e-06	-1.03113978768957	0.174	0.357	0.0519977027240889	2	VMP1
4.34327553852208e-06	-1.54828232013146	0.079	0.236	0.0521583959421116	2	EXOC4
4.45818331295607e-06	-1.32835612908017	0.118	0.295	0.0535383234052895	2	PACS1
4.46174665359805e-06	-1.08628134188203	0.202	0.379	0.053581115563059	2	CUL9
4.52548414998995e-06	-1.25620634332434	0.101	0.283	0.0543465391572293	2	ATXN2
4.64177203597142e-06	-1.56432863868667	0.062	0.199	0.0557430403799808	2	MAP4K3
4.66746767631509e-06	0.280628440977575	0.994	0.982	0.056051619324868	2	RPS15A
4.77243871003661e-06	-1.09003347674313	0.152	0.323	0.0573122164688296	2	PRKACA
4.8323154670789e-06	-1.34931574771582	0.112	0.286	0.0580312764441505	2	CAMK2D
4.94397041557492e-06	-1.28521479039449	0.146	0.335	0.0593721407206392	2	SLCO3A1
5.05299335371708e-06	-0.800879123019778	0.146	0.312	0.0606813971847884	2	DIP2C
5.23706685347609e-06	-1.37751263954647	0.09	0.245	0.0628919358433944	2	EYA3
5.2403863098913e-06	-2.54571296051932	0.022	0.156	0.0629317991954846	2	PHTF2
5.29495275088457e-06	-0.903417284732216	0.225	0.427	0.0635870875853728	2	ITGA5
5.78529231337329e-06	0.24466510965477	1	0.997	0.0694755753912998	2	CIRP
5.90726070683521e-06	-1.22260281309481	0.169	0.383	0.0709402938283841	2	IGF2BP2
5.91678649618739e-06	-1.12692332637937	0.157	0.323	0.0710546890327144	2	VWCE
5.97868850821348e-06	-1.01519824382054	0.124	0.262	0.0717980702951356	2	MAP4K2
6.0294599754665e-06	-1.46621504020495	0.051	0.185	0.0724077848453772	2	TAF4
6.19614566713221e-06	-0.808244772708986	0.23	0.426	0.0744095133165907	2	USP9X
6.2650114923248e-06	-1.29063984038821	0.112	0.27	0.0752365230113285	2	GIGYF2
6.35095268455902e-06	-1.17283137383846	0.118	0.31	0.0762685907888693	2	GNAL
6.69305321237276e-06	-2.47859876466079	0.017	0.121	0.0803768760273845	2	LOC138527531
6.77102419827518e-06	-2.01789436690178	0.039	0.182	0.0813132295970867	2	GRAMD4
6.95709278846737e-06	-1.29273221934945	0.124	0.31	0.0835477272967046	2	GARRE1
7.01387413427735e-06	-1.0094657448312	0.197	0.388	0.0842296144785366	2	PKN1
7.16969235231459e-06	-2.79287328700471	0.017	0.148	0.086100835458946	2	ENPP2
7.49605362416937e-06	-1.50631952221924	0.084	0.246	0.09002010797265	2	AKAP9
7.93684916111804e-06	-1.01701867944491	0.258	0.462	0.0953136215758665	2	SIK3
8.31355600740562e-06	-1.07675856776352	0.163	0.344	0.0998374940929341	2	RASA3
8.46180841618467e-06	-1.8470936780026	0.034	0.151	0.101617857269962	2	KLHL29
8.50967910350242e-06	-0.719499011210404	0.185	0.371	0.102192736353961	2	ERBIN
8.76773157152855e-06	-1.98244553089749	0.039	0.182	0.105291688442486	2	YTHDC2
8.81523421172066e-06	0.425083085663047	0.978	0.955	0.105862147648553	2	YWHAQ
8.82826097965095e-06	-1.12092748468892	0.101	0.25	0.106018586104628	2	RALGPS2
9.08938289233354e-06	-1.11218320532478	0.107	0.25	0.109154399154034	2	AMMECR1
9.09443866121677e-06	-0.791421490192835	0.213	0.392	0.109215113882552	2	RALGAPA1
9.32859114602197e-06	-1.51254609658412	0.073	0.209	0.112027051072578	2	SWT1
9.88004180526823e-06	-3.11602868527608	0.011	0.129	0.118649422039466	2	GSAP
1.00032060270254e-05	-1.71376845924974	0.062	0.21	0.120128501178548	2	ZNF25
1.01109863741782e-05	-2.29833181899702	0.022	0.131	0.121422835367506	2	ZNF219
1.04591041682826e-05	-0.528065900190813	0.478	0.694	0.125603381956906	2	PCDHGC3
1.04881126819617e-05	-1.93130668190569	0.039	0.172	0.125951745197678	2	KAT6B
1.05940653999251e-05	-1.36713349376647	0.084	0.24	0.127224131387701	2	FNBP1
1.06065131201278e-05	-2.20966375738731	0.034	0.166	0.127373616059615	2	DGKQ
1.07876747490094e-05	-1.38046444628648	0.096	0.259	0.129549186060853	2	ADGRE5
1.08144439291482e-05	-1.40079196520691	0.062	0.179	0.129870657145141	2	HMGXB3
1.08572837973204e-05	0.413228752847736	0.966	0.935	0.130385121122021	2	RPS20
1.09826995861848e-05	-1.83809470045555	0.118	0.265	0.131891239330493	2	SLC16A2
1.12495448965086e-05	-1.5781344382117	0.084	0.238	0.135095784662171	2	CNOT4
1.12564799504331e-05	-1.47859876466079	0.067	0.228	0.135179067724751	2	NCOA3
1.1293306430767e-05	-3.81420179644523	0.006	0.127	0.13562131692708	2	ADAMTSL3
1.1298355627487e-05	-1.3569289318257	0.09	0.257	0.135681952730492	2	LBR
1.18666020796513e-05	-1.01137653286814	0.124	0.274	0.142506024374533	2	HIBADH
1.19612030027593e-05	-1.94094197871799	0.045	0.197	0.143642086860136	2	RSBN1L
1.2002466704313e-05	-0.562430355464258	0.5	0.693	0.144137622652095	2	TRIM39
1.22060823430769e-05	-2.01033248864873	0.045	0.184	0.146582842858011	2	GPNMB
1.2227951860337e-05	-1.27804214456481	0.073	0.208	0.146845473890788	2	ATXN2L
1.23711531363497e-05	-1.6237154725206	0.062	0.18	0.148565178014424	2	ATG4B
1.24179657740658e-05	0.566459273273989	0.826	0.739	0.149127350980756	2	TPM3
1.24508720798679e-05	-1.38667627521975	0.084	0.228	0.149522522807133	2	LRSAM1
1.25617455792692e-05	-1.82324693604823	0.062	0.206	0.150854002661443	2	TBC1D2
1.30800214525208e-05	-1.56173035785669	0.084	0.252	0.157077977623322	2	SYT16
1.31768260738959e-05	0.549505417916812	0.882	0.793	0.158240504321415	2	COX6B1
1.32226334609339e-05	-1.09849729159167	0.197	0.35	0.158790605232356	2	GGT5
1.37419845347736e-05	-1.78335420892472	0.051	0.187	0.165027492278097	2	DIP2A
1.37587104027578e-05	-1.32648503933494	0.101	0.267	0.165228353226719	2	AKT3
1.37860556663478e-05	-1.35022625266298	0.101	0.255	0.16555674249717	2	GNAO1
1.39115382082298e-05	-1.74924635460446	0.028	0.141	0.167063662342632	2	AHCTF1
1.40127028263999e-05	-1.01376884209766	0.14	0.305	0.168278548242236	2	MARK2
1.44607120102965e-05	-1.45240924067992	0.073	0.201	0.173658690531651	2	WNK3
1.45325816861123e-05	-2.26508449467079	0.028	0.143	0.174521773468523	2	TBCD
1.45631493011142e-05	-1.78054248509399	0.062	0.188	0.17488885995708	2	DIAPH3
1.4621002467497e-05	-1.56740803161864	0.09	0.255	0.175583618632171	2	VPS13C
1.46401476228995e-05	-2.33420885532561	0.028	0.162	0.1758135328034	2	IPO8
1.4756940212581e-05	-2.48837978545337	0.034	0.157	0.177216095012886	2	GAS6
1.47721113471166e-05	-4.13067546124048	0	0.092	0.177398285167523	2	TEX264
1.48081341628224e-05	-2.01649301172516	0.062	0.201	0.177830883161334	2	NR6A1
1.4821911104689e-05	-1.21954787274549	0.152	0.317	0.17799633045621	2	GALNT1
1.5002765171295e-05	0.488188785021487	0.815	0.787	0.180168206942081	2	SRI
1.50951384945066e-05	-0.811003340293486	0.287	0.478	0.181277518180529	2	PICALM
1.53026879332477e-05	-1.96075045979817	0.034	0.158	0.183769979390371	2	P2RX7
1.54133104449816e-05	-1.70009870527537	0.051	0.175	0.185098445133784	2	LOC138569657
1.58308227918945e-05	-1.09768610515428	0.096	0.228	0.190112350907861	2	ZMYM2
1.58662151480392e-05	-1.1464023343196	0.191	0.397	0.190537377712803	2	ELMO1
1.6087947335224e-05	-1.34680889210525	0.073	0.211	0.193200159548706	2	LRRFIP1
1.61142011151943e-05	-1.35142341067781	0.096	0.245	0.193515441192369	2	KAT6A
1.64173066726974e-05	-1.03183355785965	0.163	0.326	0.197155435832423	2	TAOK3
1.64745172796956e-05	-1.13957956804208	0.14	0.316	0.197842478011864	2	SCAF8
1.65392547841469e-05	-0.691143400040888	0.421	0.587	0.19861991070282	2	SOCS3
1.6686330542225e-05	-0.618028604611255	0.539	0.722	0.20038614348158	2	LOC138504630
1.67391379702242e-05	-1.80248837588144	0.073	0.219	0.201020307884422	2	ADAMTS20
1.69832165286797e-05	0.305184712655552	1	0.996	0.203951447292915	2	FKBP2
1.72734597514162e-05	-0.8815455766129	0.343	0.502	0.207436978154757	2	NOS3
1.77086247883146e-05	-2.1451750309356	0.022	0.14	0.21266287508287	2	MARCHF6
1.79854287847246e-05	-2.20175855930196	0.017	0.12	0.215987014275758	2	ABCB7
1.82002889113817e-05	-1.39943922714166	0.112	0.261	0.218567269536783	2	ADAM15
1.86469110415896e-05	-1.80509958933797	0.039	0.15	0.223930754698449	2	USP5
1.87208442547616e-05	-1.77184778354159	0.051	0.166	0.224818618655432	2	AATK
1.89124139905115e-05	-0.682010273472253	0.337	0.528	0.227119179612052	2	GDPD5
1.89537546183805e-05	-1.65782332684086	0.056	0.185	0.227615639212131	2	ATG2B
1.92853392134237e-05	0.47883374731945	0.955	0.863	0.231597638614006	2	RPL37A
1.93046658105295e-05	-2.06028613334908	0.034	0.143	0.231829731718648	2	RASA2
1.94688810564423e-05	-0.91855389614396	0.18	0.336	0.233801792606816	2	ICAM5
1.95446030695485e-05	-1.07824402281661	0.129	0.297	0.234711138262208	2	GIT2
1.97463882162962e-05	-1.29387676129039	0.062	0.174	0.237134376089501	2	IER2
1.98156999428582e-05	-0.89853506335247	0.225	0.416	0.237966740613784	2	PLCG1
1.99731000384799e-05	-1.43991829649673	0.09	0.246	0.239856958362106	2	PAN3
2.01533872916982e-05	-1.28422071949394	0.079	0.203	0.242022027986004	2	PPP1R37
2.06190852750648e-05	-1.86388892054558	0.028	0.131	0.247614595068254	2	EIF4G3
2.0744239475407e-05	0.64126774422149	0.764	0.659	0.249117571860163	2	ACTG1
2.08124276029073e-05	-1.47707129491419	0.067	0.2	0.249936443083314	2	MAD1L1
2.10769182909055e-05	-1.14286487024839	0.112	0.268	0.253112711755484	2	SCARB2
2.11577705885472e-05	-3.01859453437045	0.022	0.142	0.254083666997864	2	GAS7
2.11997968842875e-05	-0.817138126465588	0.275	0.465	0.254588360783409	2	ERG
2.12335288162552e-05	-2.03381392198789	0.028	0.151	0.254993447554409	2	CLEC16A
2.1891628183233e-05	-1.45127815866127	0.101	0.26	0.262896562852445	2	LRRK2
2.20731798283749e-05	-1.00381918169005	0.157	0.342	0.265076816558955	2	SIPA1L1
2.21898514909775e-05	-1.57372733668892	0.084	0.232	0.266477926555149	2	NSD2
2.22264202719282e-05	-1.74232694066467	0.051	0.181	0.266917081045586	2	SLC39A11
2.23870082807267e-05	-2.15667066977342	0.017	0.118	0.268845582443246	2	TBC1D9B
2.25061071339305e-05	-1.33420885532561	0.079	0.205	0.270275840571371	2	SMAD4
2.26973549835988e-05	-0.702294588562146	0.494	0.643	0.272572535998037	2	PECAM1
2.28796767767289e-05	-1.09484335538545	0.112	0.279	0.274762038411738	2	DENND4A
2.30415404358013e-05	-1.23263787218593	0.129	0.325	0.276705859093537	2	LYST
2.3276601400534e-05	-0.895850685005073	0.135	0.282	0.279528706219012	2	STAT5B
2.35234184387311e-05	-1.01104557625245	0.169	0.351	0.282492732030722	2	WNK1
2.41445911864434e-05	-2.50131884116087	0.011	0.092	0.289952395557999	2	EMILIN2
2.41778161792177e-05	-2.2346731817747	0.022	0.126	0.290351394496225	2	CCDC93
2.45227322253611e-05	-1.49567227801973	0.084	0.224	0.294493491294362	2	ITCH
2.51975566059094e-05	-2.33420885532561	0.039	0.179	0.302597457280366	2	STON2
2.52125549942665e-05	-1.77930358846064	0.051	0.176	0.302777572926147	2	CORO7
2.52577369407409e-05	-1.30867376321847	0.101	0.27	0.303320162921358	2	TP53BP2
2.54024334910132e-05	-1.5591023377465	0.112	0.285	0.305057823793578	2	HSD3B7
2.55117061005509e-05	-1.39613660446881	0.073	0.203	0.306370078561515	2	TRIO
2.55916766793173e-05	-1.00381918169005	0.107	0.242	0.307330445241921	2	MCTP2
2.57262366240478e-05	-2.32786732845179	0.039	0.186	0.30894637561819	2	OSBPL5
2.59378317945235e-05	-1.45551515154775	0.051	0.164	0.311487422020433	2	MAML2
2.62665733243899e-05	-0.97262456008646	0.09	0.208	0.315435279052599	2	BMPR2
2.63980565526952e-05	-1.02678033013336	0.157	0.304	0.317014261141317	2	EHMT1
2.64002240763706e-05	-1.40820943676939	0.073	0.206	0.317040290933135	2	MLLT6
2.64687359839946e-05	-0.996484671531381	0.118	0.265	0.317863050431791	2	TANC2
2.65730462763745e-05	-1.13013563147145	0.118	0.276	0.319115712732981	2	KIF13A
2.66859948851511e-05	-1.42256472974646	0.107	0.255	0.32047211257578	2	CASK
2.70027997687375e-05	-0.791789504526636	0.213	0.398	0.324276622422769	2	JAM3
2.79185487078621e-05	0.398164393757111	0.989	0.955	0.335273851432716	2	RPL36A
2.81853556940239e-05	-1.96578604969547	0.051	0.172	0.338477936529533	2	SRGN
2.82024261849071e-05	-0.619461300500637	0.298	0.492	0.338682936054549	2	ZFP36
2.84326045994423e-05	-0.858870845778954	0.185	0.344	0.341447148634702	2	PRRC2A
2.88336623481931e-05	-1.22179631253851	0.225	0.375	0.346263451139451	2	PDGFD
2.9788596657952e-05	-2.22378486563196	0.022	0.123	0.357731257265345	2	SOS2
2.9829173342816e-05	-1.46913843541172	0.073	0.219	0.358218542673877	2	LYN
3.04396458648288e-05	-2.29573470751098	0.017	0.102	0.365549707190729	2	GMEB1
3.11376994362798e-05	-0.852883170424487	0.219	0.383	0.373932632530284	2	EHD3
3.19352737807838e-05	-0.925345123666969	0.124	0.268	0.383510702833433	2	MOB2
3.21817602633658e-05	-2.43991829649673	0.028	0.147	0.38647075900276	2	GRK3
3.22424950926759e-05	-1.53106618455492	0.067	0.224	0.387200123567945	2	EBF3
3.32081482991326e-05	-1.37073473135073	0.056	0.173	0.398796652924284	2	ZFC3H1
3.34806491318491e-05	-1.10936495499507	0.14	0.303	0.402069115424376	2	ETS1
3.41078422441329e-05	0.278981840843782	0.989	0.964	0.409601077509792	2	FAU
3.503379792969e-05	-1.32913786577819	0.045	0.182	0.420720879337648	2	HYCC2
3.53166227814347e-05	-1.2306712512172	0.101	0.229	0.42411732298225	2	LOC138497172
3.58020463176559e-05	-1.62684972324473	0.051	0.169	0.42994677422873	2	MGAT4C
3.60036715999484e-05	-1.29573470751098	0.118	0.254	0.432368092243781	2	PEAK1
3.60114040633444e-05	-0.856161558520968	0.191	0.378	0.432460951396703	2	ITPR2
3.63692653008954e-05	-1.05973955442953	0.14	0.297	0.436758506998453	2	ATP8B2
3.69709247735175e-05	-0.891089581829284	0.135	0.253	0.443983835605172	2	DIP2B
3.71525289485675e-05	-1.36426608918179	0.084	0.236	0.446164720143348	2	DVL1
3.7448303192037e-05	-2.16969735006966	0.034	0.156	0.449716673033173	2	FAM135A
3.75712228894257e-05	-1.12960877354613	0.191	0.365	0.451192815679113	2	NCOA2
3.77222525734776e-05	-1.67124384260318	0.051	0.165	0.453006531154893	2	BRWD1
3.77456037691128e-05	-0.634989175346776	0.528	0.715	0.453286955663275	2	PTPRM
3.85742242469688e-05	-1.5993509241214	0.079	0.228	0.463237858981848	2	RARA
3.87586173636307e-05	0.379482525578987	1	0.963	0.465452235919841	2	RPL26L1
3.98928643220688e-05	-1.49227370155786	0.101	0.25	0.479073407643725	2	CHSY3
4.03672800556227e-05	-2.07874766919662	0.039	0.162	0.484770666187973	2	SH3TC1
4.06609171023826e-05	-1.38884411190246	0.067	0.194	0.488296953482513	2	TGFBRAP1
4.11411430242585e-05	-0.81582946448575	0.174	0.33	0.494063986578321	2	MICU2
4.20688403631677e-05	-1.00986822636286	0.084	0.209	0.505204703921281	2	SCAF4
4.2307242954858e-05	-1.52368665418933	0.056	0.172	0.50806768064489	2	C2CD5
4.28090547032343e-05	-0.917336099418551	0.191	0.375	0.514093937931141	2	SHE
4.28137923316167e-05	-1.4336320336493	0.079	0.208	0.514150832110385	2	MYO6
4.3086825385324e-05	-1.25620634332434	0.079	0.216	0.517429686052356	2	UGGT1
4.32371537225004e-05	-1.35929983628844	0.09	0.229	0.519234979053507	2	GOLGB1
4.47043150111847e-05	-1.85495579577557	0.039	0.158	0.536854118969317	2	DENND1A
4.48933857732751e-05	-0.518580929781945	0.298	0.476	0.53912466975126	2	FOS
4.56692608996738e-05	-0.80205271377911	0.197	0.359	0.548442154144182	2	CDK17
4.60103734011524e-05	-1.3392620830519	0.039	0.136	0.55253857417444	2	VPS50
4.64594677917688e-05	-1.57566618262095	0.067	0.191	0.557931748711351	2	ASXL1
4.64751005829933e-05	-1.55851424274241	0.084	0.233	0.558119482901166	2	RABGAP1L
4.66925585622584e-05	-1.5077451103203	0.062	0.192	0.560730935774161	2	BICRA
4.73887430991346e-05	-2.25620634332434	0.017	0.105	0.569091415877507	2	SZT2
4.77683840002851e-05	-0.671243842603183	0.23	0.384	0.573650523459424	2	CD276
4.79846215818148e-05	-2.36756745227204	0.028	0.132	0.576247320576014	2	EPHB1
4.8105809781833e-05	-1.26461858314054	0.084	0.226	0.577702669670032	2	KMT2D
4.96595938408014e-05	-1.62601458861019	0.034	0.145	0.596362062434184	2	DUS2
4.97958325368589e-05	-0.815356150428768	0.23	0.402	0.597998152935139	2	PTK2
4.98253396380149e-05	-1.0416122925483	0.163	0.346	0.598352503712921	2	KALRN
5.01040268316817e-05	-1.12092748468892	0.107	0.256	0.601699258221665	2	CAMTA2
5.02302741827662e-05	-1.96892439124387	0.039	0.159	0.603215362660839	2	MIDEAS
5.04422131170443e-05	-1.55194491423084	0.062	0.204	0.605760537322585	2	GON4L
5.06284849190512e-05	-1.14768188654617	0.096	0.25	0.607997475392886	2	ZFPM1
5.24213094004592e-05	-1.43795678016344	0.073	0.221	0.629527504590115	2	TCF7L2
5.39104833414821e-05	-1.23042231755411	0.112	0.258	0.647410994447859	2	NFIC
5.4184403141683e-05	-1.07286082611971	0.107	0.27	0.650700497328472	2	FAF1
5.42875897653032e-05	-1.91070977729857	0.034	0.156	0.651939665491526	2	TRAF7
5.50548169742571e-05	-0.923677026888111	0.174	0.326	0.661153297043853	2	AGAP1
5.61993336868058e-05	-3.03529741316322	0.011	0.123	0.67489779824485	2	ARSG
5.67100159088328e-05	-2.61679605858081	0.011	0.095	0.681030581049173	2	ZNF711
5.6828399337539e-05	0.573045093777054	0.736	0.628	0.682452247644506	2	B2M
5.71406165355893e-05	-2.1451750309356	0.022	0.118	0.686201663975892	2	PUDP
5.72158120289302e-05	-1.09199499307642	0.101	0.22	0.687104686655423	2	SETD1A
5.74176380203673e-05	-1.1703456066705	0.124	0.277	0.689528414986591	2	CREBBP
5.74806399964489e-05	-2.06203379563535	0.022	0.114	0.690285005717355	2	WIPF2
5.8238551540416e-05	-1.22093086857681	0.124	0.257	0.699386765448855	2	PPP6R1
5.9395531199203e-05	-1.58878168241121	0.067	0.2	0.713280934171229	2	SYNE3
6.15298746891126e-05	-1.39982165127667	0.112	0.259	0.738912265141554	2	PPP1R16B
6.18785890487397e-05	-1.25620634332434	0.079	0.19	0.743099975886315	2	SOS1
6.18788088049639e-05	-1.13067546124048	0.107	0.25	0.743102614938811	2	MIA3
6.26524997679055e-05	-0.934929725097805	0.157	0.311	0.752393869712778	2	ITIH5
6.3150190019457e-05	-3.65106596066555	0.006	0.106	0.758370631943659	2	DOCK5
6.39813643489441e-05	-1.87828829960619	0.034	0.136	0.76835220446647	2	ELN
6.4020510177934e-05	-3.07117444949182	0.006	0.084	0.768822306726809	2	ANKS1A
6.43359594144385e-05	-1.12076971826732	0.146	0.321	0.772610536607992	2	DOCK6
6.4635249401544e-05	0.376869097479164	0.826	0.72	0.776204710063142	2	CALM2
6.48439618413081e-05	-1.35667913612931	0.101	0.238	0.778711137752269	2	CHD1
6.5030828530479e-05	-1.40820943676939	0.073	0.176	0.780955219822522	2	PGM5
6.58279895908263e-05	-1.87477723668832	0.056	0.193	0.790528326996234	2	ADGRF5
6.62678223210553e-05	-1.71509813219261	0.045	0.147	0.795810278253553	2	ANTXR2
6.65482501920917e-05	-1.32265799265418	0.101	0.263	0.79917793655683	2	CGNL1
6.79219690854263e-05	-1.21556435882699	0.107	0.249	0.815674926746884	2	LOC138550342
6.82209053578808e-05	-1.10900141838211	0.107	0.234	0.81926485244279	2	ATP2B4
6.89620111245791e-05	-0.829006205336918	0.225	0.378	0.828164791595071	2	KIF1B
6.92634680466785e-05	-1.27610590076204	0.067	0.193	0.831784987772562	2	ANKRD28
6.93455201479669e-05	-2.38884411190246	0.022	0.137	0.832770351456934	2	RALGPS1
7.01846089686814e-05	-1.41420817739083	0.079	0.214	0.842846969104895	2	RNGTT
7.15342253567852e-05	-1.19619903396006	0.101	0.231	0.859054512309633	2	ZNF208
7.21395733478861e-05	-0.396621462494177	0.174	0.318	0.866324136334764	2	TIMP1
7.25027317857351e-05	-1.19692540556602	0.101	0.255	0.870685306014893	2	EXOC6B
7.28018125354435e-05	-1.16969735006966	0.09	0.218	0.874276966738141	2	DCHS1
7.32323546363774e-05	-1.03322009813061	0.14	0.295	0.879447346828256	2	AKAP7
7.49475644328617e-05	-1.09294507216304	0.067	0.203	0.900045301274237	2	RAB35
7.55422752895483e-05	-1.59724326115941	0.045	0.157	0.907187183952185	2	BPTF
7.60163182240053e-05	-0.614381505647507	0.157	0.329	0.91287996555208	2	SGMS1
7.61892077735512e-05	-1.4336320336493	0.073	0.207	0.914956196152576	2	COMMD10
7.64373561149946e-05	-0.560212530214439	0.404	0.567	0.91793620958497	2	KIAA1217
7.64434828730175e-05	-2.58878168241121	0.028	0.141	0.918009785822067	2	PDPN
7.65221745084732e-05	-2.33420885532561	0.028	0.146	0.918954793672254	2	LOC138566346
7.77062793217917e-05	-2.35929983628844	0.028	0.151	0.933174708375396	2	KDM4C
7.81067439661427e-05	-1.27019961540384	0.09	0.228	0.937983888289408	2	KDM3B
7.82963220086812e-05	-2.06203379563535	0.011	0.106	0.940260531002253	2	SNX24
7.86021340151988e-05	-0.844942007147552	0.253	0.428	0.943933027388522	2	NHSL2
7.89064292322885e-05	0.383884939799027	0.949	0.898	0.947587308650553	2	HSPA8
7.95293795557194e-05	-0.897067169339905	0.174	0.327	0.955068319084635	2	PTPRB
7.98291133481629e-05	-0.93502018470475	0.174	0.335	0.958667822198088	2	PPP4R1
7.99305481827851e-05	-1.21027005915748	0.124	0.251	0.959885953127066	2	SUSD1
8.0241125736094e-05	-0.970433013195507	0.118	0.261	0.963615678964753	2	GIGYF1
8.0893206471073e-05	-1.20571657287065	0.14	0.299	0.971446516511116	2	ARHGEF3
8.22173944209782e-05	-1.36805231029741	0.079	0.215	0.987348689601527	2	CCDC50
8.23358589402484e-05	-1.37578795907701	0.09	0.232	0.988771330013443	2	ATP11B
0.00366928563538841	3.23564675300534	0.017	0.002	1	2	CHRDL2
0.00618338691767545	3.23564675300534	0.022	0.002	1	2	LOC138582219
0.00618338691767545	3.23564675300534	0.022	0.002	1	2	TNNI1
0.00366921120855985	2.91371865811797	0.017	0.002	1	2	LOC138581834
0.0061554017645429	2.76171556467292	0.022	0.004	1	2	LOC138497778
0.00366921120855985	2.49868115883913	0.017	0.003	1	2	SMIM45
0.0055371801961249	2.17675306395177	0.034	0.009	1	2	PPOX
0.00789004179533048	1.87064993622609	0.045	0.016	1	2	COL5A3
0.00366921120855985	1.69132623678153	0.017	0.006	1	2	TTCF
0.00051072359945906	1.67221741383382	0.225	0.109	1	2	MDK
0.00618338691767545	1.49868115883913	0.022	0.009	1	2	EGFR
0.00563126389433334	1.36482541210434	0.14	0.07	1	2	CXCL8
0.00836318539383017	1.30074178122722	0.073	0.033	1	2	COL11A1
0.00531393954677656	1.14504420422443	0.096	0.044	1	2	COA7
0.00698572981477695	0.913718658117973	0.067	0.04	1	2	KBTBD7
0.000311159139776064	0.670161626783483	0.629	0.524	1	2	POMP
0.00744780746281695	0.628449033809459	0.371	0.294	1	2	TRMT112
0.0031778531959055	0.537047598636179	0.562	0.485	1	2	BTF3
0.00056264767780982	0.52609922161792	0.579	0.474	1	2	LOC138567840
0.00106003662470748	0.519776994294637	0.708	0.686	1	2	ATP5MK
0.00982107449422917	0.51885904077676	0.539	0.467	1	2	SEC61G
0.00524877967851329	0.513962616543954	0.674	0.636	1	2	ATP5IF1
0.00372927382273727	0.495798650306008	0.489	0.4	1	2	LITAF
0.000616693096054328	0.468466545792122	0.815	0.733	1	2	NONO
0.000980550752052246	0.442865346645357	0.86	0.784	1	2	SNRPG
0.00132587119810203	0.432308136919776	0.876	0.825	1	2	MYL12B
0.000252733633494641	0.427194307090396	0.831	0.758	1	2	COX7A2
9.64853446319283e-05	0.424613910957833	0.899	0.85	1	2	CALM1
0.00883542382760204	0.422059877236217	0.461	0.368	1	2	ARF4
0.00315525206473343	0.416393247701162	0.753	0.717	1	2	COX6A1
0.000267147390873054	0.410926716771044	0.736	0.655	1	2	ATP5MF
0.000445130183518849	0.407908227260418	0.848	0.755	1	2	ND3
0.00188355389114109	0.40675866939809	0.938	0.854	1	2	RAC1
0.000877841248764055	0.402016857271021	0.725	0.697	1	2	YWHAZ
0.000956926712748077	0.391695759323971	0.803	0.775	1	2	CDC42
0.000143255248364407	0.390958300538447	0.725	0.661	1	2	ALDOA
9.011079787305e-05	0.389371439782235	0.86	0.785	1	2	FSTL1
8.81743726066581e-05	0.379414851806079	0.983	0.92	1	2	HMGB2
0.00195234950136448	0.365414627975665	0.809	0.741	1	2	ANP32B
0.00102306781581092	0.36264299607976	1	0.992	1	2	Fth1
0.00811271846372851	0.360368268986121	0.775	0.795	1	2	ANXA5
0.00277451031298399	0.357156583198344	0.242	0.135	1	2	APLN
0.00270490604565926	0.345141585870524	0.742	0.704	1	2	HNRNPH1
0.000379386288795209	0.343111450373887	0.916	0.858	1	2	ATP5MC2
0.00120616412702562	0.341031502252937	0.916	0.83	1	2	SET
0.00219789058233407	0.33936227424612	0.955	0.914	1	2	RPS17
0.00245912283979018	0.339013808634553	0.893	0.857	1	2	H2AZ1
0.000773062603887952	0.337308020261622	0.927	0.866	1	2	GAPDH
0.00729946820904625	0.334544309758224	0.624	0.569	1	2	SH3BGRL3
0.00972949230179685	0.329986601003078	0.933	0.936	1	2	NME2
0.000875048992002353	0.323791219199086	0.983	0.937	1	2	HNRNPA3
0.00100261165687437	0.320059958427	0.904	0.901	1	2	HMGN1
0.00484910003821901	0.310803731250147	0.955	0.924	1	2	RPL11
0.00455295555712542	0.310447598983879	0.994	0.945	1	2	RPS12
0.00961503024556489	0.305247859979132	0.91	0.887	1	2	MSN
0.00117355299524135	0.303602680168479	0.944	0.815	1	2	KRT18
0.00335891135484373	0.300305618621217	0.854	0.801	1	2	SRSF2
0.00680397513987191	0.292450893810529	0.848	0.811	1	2	LOC138516040
0.00190659457289962	0.291753908562062	0.961	0.916	1	2	RPS24
0.00582633323358053	0.291220802685833	0.978	0.915	1	2	RPS29
0.00013352792401955	0.289454360916448	0.994	0.951	1	2	RPL24
0.00661886513731876	0.288114172899471	0.921	0.873	1	2	PFN1
0.00597700882962195	0.28338464963551	0.994	0.954	1	2	RPL14
0.000382899177633546	0.283342495244158	1	0.995	1	2	TMSB4X
0.00184193317616216	0.281362470726553	0.882	0.784	1	2	TUBA1C
0.000604500237225693	0.280201133231621	0.854	0.805	1	2	NCL
0.00846394567914847	0.275635638785829	0.899	0.863	1	2	RPL27A
0.00185709723453664	0.266721385999718	0.989	0.971	1	2	COX1
0.00277292412282309	0.264618413469801	0.983	0.931	1	2	RPL37
0.00685737666903915	0.261011550760983	0.955	0.93	1	2	RPS6
0.00176061810579074	0.25646838732249	0.972	0.94	1	2	RPL27
0.000187523053455035	0.252348664950924	1	0.972	1	2	RPL23
0.00263693810701523	0.242153193186671	1	0.958	1	2	RPS9
0.00739576613334275	0.241654047883322	0.888	0.768	1	2	HMGN2
0.000597596402373244	0.23933760132979	0.978	0.966	1	2	HNRNPK
0.00795205495874336	0.233523134645609	0.949	0.848	1	2	KRT5
0.0040486828293507	0.232287740915421	0.961	0.908	1	2	RPS21
0.00317774364663836	0.220625840811071	0.989	0.991	1	2	ATP6
0.00506765614405607	0.220274587522287	1	0.981	1	2	RPL32
0.0001029915099585	0.219576417464052	0.994	0.987	1	2	ANXA1
0.000666196257960053	0.195699038080228	1	0.977	1	2	PTMA
0.00919032101300896	-0.115845799424165	0.472	0.607	1	2	EIF1
0.00633291883350441	-0.121565233925365	0.438	0.553	1	2	PTGS2
0.00299146433034422	-0.126066207987891	0.652	0.779	1	2	UBC
0.0091844640492943	-0.186608400554754	0.337	0.426	1	2	SNRPC
0.00114308884102661	-0.297439222026981	0.944	0.947	1	2	S100G
0.000806631201831225	-0.310692930855127	0.382	0.502	1	2	EHD2
0.00415992268580787	-0.318011627797811	0.18	0.275	1	2	CLK4
0.00148099871471311	-0.320141987684167	0.511	0.675	1	2	APP
0.0095156468224129	-0.321700443514714	0.253	0.375	1	2	NDFIP1
0.00804333401334046	-0.33577590727365	0.393	0.558	1	2	GNAI3
0.00308907107669841	-0.369215305153526	0.197	0.319	1	2	MAP7D3
0.00386407348303449	-0.373311228784799	0.236	0.332	1	2	RBM39
0.0096900506858481	-0.377512639546473	0.287	0.421	1	2	IL6ST
0.00986959604349164	-0.378834834635876	0.185	0.276	1	2	DAPL1
0.00661739346344534	-0.37932831678226	0.146	0.237	1	2	PARVB
0.00579535720796898	-0.380611878205359	0.36	0.479	1	2	FLNA
0.00162872638665904	-0.394403637244359	0.236	0.34	1	2	TM9SF2
0.00628352883081634	-0.398049570549168	0.146	0.255	1	2	TNPO1
0.00563830708489231	-0.400304238684043	0.242	0.359	1	2	ATP6V1A
0.00644709146952381	-0.401483573581076	0.163	0.264	1	2	COQ10B
0.00857537347887138	-0.408209436769389	0.36	0.465	1	2	CAPN1
0.000711136794816727	-0.411411868807733	0.416	0.582	1	2	ADAM10
0.00286355934186673	-0.411640342169663	0.208	0.339	1	2	KLF7
0.00879183690878223	-0.422930942476154	0.118	0.182	1	2	EIF4A2
9.68200109534462e-05	-0.423067395496502	0.354	0.526	1	2	SGK1
0.00118314341546176	-0.424291272858183	0.41	0.533	1	2	SSUH2
0.00586911054638748	-0.441761996480416	0.157	0.234	1	2	CCSER2
0.00168480017697828	-0.442328815087408	0.292	0.436	1	2	SOX18
0.00994534987434948	-0.443351242889646	0.275	0.365	1	2	PCDH1
0.00758197156668507	-0.445362435186855	0.09	0.164	1	2	CCPG1
0.00986658137717247	-0.446871057138494	0.118	0.192	1	2	CTR9
0.00153314472497599	-0.448851421266735	0.169	0.277	1	2	DIAPH1
0.000545336514913905	-0.466215040204955	0.292	0.449	1	2	COL5A1
0.00501407553263978	-0.467371509237533	0.213	0.298	1	2	NDUFB11
0.00645568920587623	-0.470291945540246	0.174	0.297	1	2	CDK13
0.00460668032948135	-0.471847722669707	0.287	0.386	1	2	ACVRL1
0.00664115754763864	-0.479945190368304	0.157	0.236	1	2	UBE2Q2
0.00402578348691075	-0.480257225633041	0.298	0.416	1	2	ATRX
0.00513159826078649	-0.480560280994073	0.27	0.39	1	2	ADGRL2
0.00666156249639879	-0.481582623099608	0.213	0.306	1	2	MYO10
0.00269779135013919	-0.484830718372302	0.163	0.277	1	2	APOLD1
0.00108045255712052	-0.485988604077765	0.41	0.557	1	2	IGFBP1
0.00698351420648601	-0.486819271465755	0.101	0.182	1	2	WDR45B
0.00763426264144518	-0.489859725785807	0.264	0.4	1	2	EPPK1
0.000841637280626329	-0.490749599450683	0.416	0.554	1	2	ESAM
0.00116986040061849	-0.496300766394246	0.14	0.253	1	2	SBNO2
0.00166626883856751	-0.497305778654247	0.208	0.301	1	2	FAR1
0.00990571640129062	-0.50131884116087	0.191	0.285	1	2	BRD3
0.00147472519222341	-0.501318841160871	0.365	0.493	1	2	ZNF318
0.00175534964624877	-0.504178495300111	0.27	0.399	1	2	RASIP1
0.000208837161325315	-0.504593973193732	0.455	0.62	1	2	RHOB
0.00378498739047903	-0.507523990687579	0.14	0.216	1	2	UBA3
0.0087912439498954	-0.509253022703088	0.303	0.427	1	2	GNB4
0.00923311643577554	-0.509880854664295	0.096	0.156	1	2	COG5
0.00987054459651822	-0.512207157303607	0.146	0.238	1	2	PDE6D
0.00964370532862879	-0.514142881518454	0.242	0.353	1	2	IQGAP2
0.00661449551970638	-0.515789323969204	0.247	0.381	1	2	SSBP3
0.00209301838973732	-0.521218398598576	0.163	0.262	1	2	PHF2
0.000970268790841535	-0.521899718583323	0.5	0.669	1	2	FLI1
0.000900734502618408	-0.525392976139728	0.242	0.368	1	2	NAP1L4
0.00131340502001368	-0.527220704603628	0.281	0.415	1	2	KANK3
0.00660976017906377	-0.528387084359041	0.14	0.232	1	2	SRGAP1
0.00882059637778069	-0.528387084359041	0.135	0.234	1	2	PELI1
0.00109511213395255	-0.53217263068699	0.388	0.576	1	2	CRIM1
0.00801328132222347	-0.535444625065497	0.197	0.329	1	2	BICD2
0.00218484136158781	-0.536084259321547	0.191	0.29	1	2	ST3GAL6
0.00180004472504457	-0.539612760982906	0.287	0.437	1	2	LPP
0.00986773172977442	-0.54279547713703	0.14	0.218	1	2	TBC1D1
0.00047656235420913	-0.543360611977796	0.343	0.527	1	2	PTBP3
0.00503297064599923	-0.544387563052757	0.146	0.253	1	2	TWF2
0.00774396719655672	-0.544387563052757	0.129	0.203	1	2	TRAF3
0.00187229777440431	-0.545712960519324	0.146	0.263	1	2	PDCD10
0.00936418774108113	-0.548624555939228	0.062	0.112	1	2	PTCD1
0.00655362729742072	-0.549071972609239	0.124	0.202	1	2	LEPROT
0.00718364898476471	-0.551944914230838	0.096	0.165	1	2	PNISR
0.00654285211547616	-0.552980960983363	0.107	0.183	1	2	MIER1
0.00770572301552052	-0.554956804762944	0.157	0.22	1	2	B4GALT6
0.000986180990356672	-0.556423440601325	0.247	0.372	1	2	SKI
0.00987076237694678	-0.558652016226822	0.152	0.263	1	2	DENND4C
0.00406217678591861	-0.562430355464258	0.112	0.192	1	2	G6PD
0.00428721880880208	-0.567408031618643	0.202	0.342	1	2	TNFRSF1A
0.00247830314737297	-0.568433037019408	0.174	0.278	1	2	LARP4B
0.00908935051909888	-0.575519783002288	0.197	0.298	1	2	PLPP1
0.00186418137260027	-0.581884322464539	0.163	0.264	1	2	BAIAP2
0.00684141830233231	-0.583112932324518	0.129	0.219	1	2	DLC1
0.000135976865950021	-0.583354610026882	0.157	0.305	1	2	TEAD1
0.0023492497292427	-0.58878168241121	0.118	0.203	1	2	CENPE
0.00937024646855387	-0.58878168241121	0.124	0.201	1	2	ARHGEF12
0.00103067722632605	-0.58878168241121	0.163	0.288	1	2	NOVA2
0.00300772648324995	-0.58878168241121	0.124	0.212	1	2	PPP1R15A
0.00658299792916415	-0.58878168241121	0.135	0.233	1	2	APLP1
0.00630141406127445	-0.59818038041346	0.112	0.202	1	2	PTPN9
0.00028964955922096	-0.600439887595585	0.236	0.395	1	2	FGR
0.00504682159939194	-0.601779022940083	0.118	0.205	1	2	FLII
0.00522159042333323	-0.601779022940083	0.118	0.204	1	2	USP19
0.00481286768100756	-0.602856867622933	0.202	0.305	1	2	SPRED1
0.00998991627331968	-0.604748430816276	0.18	0.277	1	2	PAK2
0.00767670969190937	-0.605655500975606	0.14	0.24	1	2	PPA1
0.000957417031060418	-0.607015037788221	0.315	0.461	1	2	MYOF
0.00305013702757616	-0.60927808929679	0.174	0.275	1	2	SLK
0.00254884532871949	-0.610943332335369	0.163	0.279	1	2	HP1BP3
0.000895648883723194	-0.611372386625784	0.202	0.303	1	2	MAPK1
0.0054996260777822	-0.612554082455303	0.388	0.503	1	2	PMP22
0.00814403961256553	-0.613528344746896	0.163	0.25	1	2	PERP
0.00961850627766634	-0.614018973910233	0.096	0.156	1	2	LAMA4
0.00345238793523477	-0.616796058580807	0.185	0.3	1	2	MMP2
0.00163674735054946	-0.61770541571201	0.242	0.349	1	2	LHFPL7
0.00130105262659839	-0.618085906714011	0.309	0.473	1	2	CTSK
0.000147772708756362	-0.620134859054769	0.303	0.492	1	2	CDH5
0.00751602102657991	-0.621831648478105	0.152	0.237	1	2	ZNRF1
0.00270919978419972	-0.627255830225846	0.174	0.269	1	2	MYO18A
0.000962618459195994	-0.627696126930426	0.32	0.461	1	2	ANXA11
0.00826372612738403	-0.62843075906421	0.09	0.156	1	2	NUB1
0.000283270492070082	-0.628637671225323	0.343	0.506	1	2	AKAP13
0.000758200046559848	-0.628952120886744	0.225	0.368	1	2	MBNL2
0.000124299788069969	-0.630601858105837	0.23	0.381	1	2	LRRC32
0.00645453201866982	-0.632022532805464	0.124	0.227	1	2	LUZP1
0.00608135654878834	-0.633024520372693	0.14	0.235	1	2	HEG1
0.0050823416597965	-0.633347234844655	0.135	0.23	1	2	ANKRD17
0.00791423559803955	-0.634344259791654	0.096	0.178	1	2	PRKAR2A
0.00148207121330168	-0.640082911116722	0.124	0.209	1	2	SMAD3
0.0020441900922522	-0.641108124629864	0.191	0.321	1	2	OLA1
0.000283677396686669	-0.642331150687944	0.236	0.364	1	2	PLEKHG5
0.00096690075564538	-0.646996296356506	0.174	0.313	1	2	ASPH
0.00033630290414274	-0.647936469111114	0.371	0.509	1	2	DUSP1
0.00352001630535333	-0.657029983383483	0.152	0.259	1	2	USP7
0.0056007283423836	-0.663590270059748	0.09	0.169	1	2	IL1R1
0.000103903754756484	-0.66393904197995	0.326	0.501	1	2	TNS1
0.00669509205518253	-0.665294576271996	0.107	0.213	1	2	NCOA1
0.00203285609407704	-0.665507473054038	0.129	0.236	1	2	CCDC6
0.00830948205080412	-0.666063603497502	0.152	0.23	1	2	HSPA5
0.00313793580470718	-0.666063603497503	0.242	0.386	1	2	ARHGEF2
0.00648039120827733	-0.666378087431367	0.157	0.254	1	2	PRRC2C
0.0029621714440722	-0.666656573107531	0.107	0.216	1	2	ATF3
0.00383760127197758	-0.671243842603183	0.146	0.236	1	2	MMRN2
0.00157416028333975	-0.671243842603183	0.146	0.261	1	2	SMAP1
0.000571544343683638	-0.671243842603183	0.236	0.401	1	2	XPO5
0.000592993691167371	-0.671243842603183	0.225	0.382	1	2	NCK1
0.00235088916201603	-0.671243842603183	0.135	0.249	1	2	PACSIN2
0.00426833918562335	-0.671243842603183	0.14	0.234	1	2	NPTN
0.00125149114836325	-0.67534824093592	0.174	0.294	1	2	NKAIN1
0.00883658464455371	-0.676405547718962	0.14	0.236	1	2	NR4A1
0.00896302249881339	-0.676760847570749	0.14	0.241	1	2	PIP4K2B
0.000321492334456817	-0.676890405744325	0.32	0.479	1	2	LYVE1
0.00114489176188497	-0.677641613801334	0.112	0.205	1	2	WASHC4
0.00336586973071487	-0.680121993949636	0.09	0.155	1	2	SRP68
0.00786530739457773	-0.680374854355312	0.157	0.273	1	2	ZFAND3
0.00372931867728608	-0.680926396000522	0.14	0.25	1	2	ATRN
0.000213573087149759	-0.681105091119459	0.315	0.464	1	2	TSPAN14
0.000525579054009157	-0.685743412298298	0.14	0.261	1	2	FBXW7
0.000473055021350674	-0.686287722827633	0.225	0.4	1	2	CYFIP1
0.003910864337902	-0.686430246417859	0.096	0.177	1	2	RAF1
0.00857291474606279	-0.686673883172789	0.14	0.231	1	2	POLA1
0.00652598297840461	-0.687185386472205	0.101	0.171	1	2	STK38L
0.000727348975032095	-0.687731965391752	0.124	0.236	1	2	DENND2C
0.00131138266449926	-0.687731965391752	0.146	0.243	1	2	PRELID1
0.00283308856140934	-0.688945844336642	0.124	0.214	1	2	KIRREL1
0.00294546048599372	-0.689448437980773	0.174	0.277	1	2	CD55
0.00577848801920129	-0.689622371918038	0.124	0.212	1	2	MAPK8
0.00355970257715576	-0.691143400040888	0.174	0.315	1	2	DYNC1I2
0.00248734183900317	-0.69200240276998	0.09	0.18	1	2	ITPK1
0.00221080283267158	-0.692261623872266	0.208	0.345	1	2	PLPP3
0.00853273607945481	-0.69318639548386	0.27	0.4	1	2	GNAS
0.00383926316252123	-0.693963919103266	0.056	0.113	1	2	ATP8
0.00651963867474627	-0.696334823566013	0.09	0.159	1	2	CDC73
0.00225431922598616	-0.696666439483089	0.112	0.202	1	2	CDC42EP2
0.00480309454208912	-0.697716053964374	0.084	0.158	1	2	SFSWAP
0.00764134245121011	-0.697716053964374	0.09	0.152	1	2	SLF2
0.0079008463082399	-0.697716053964374	0.225	0.347	1	2	PLEC
0.000418352873083666	-0.700098705275368	0.185	0.313	1	2	F8
0.00845194409104904	-0.700627649384277	0.135	0.224	1	2	PHF20
0.00224031037075385	-0.701745931000527	0.118	0.219	1	2	AP2B1
0.000543539218173709	-0.707347816288431	0.219	0.386	1	2	PPP1R12A
0.000517947214959016	-0.707769718628297	0.174	0.303	1	2	AP1G1
0.000117891892433984	-0.709025249917363	0.264	0.441	1	2	ECE1
0.00204011667446143	-0.710772206789821	0.14	0.275	1	2	UBE3A
0.00445358878818566	-0.712215623659489	0.14	0.224	1	2	SRRM1
0.00563464122355475	-0.71306401829781	0.14	0.244	1	2	CHST3
0.00605744394801321	-0.71306401829781	0.169	0.268	1	2	SETD2
0.00776876992862715	-0.71336931827586	0.073	0.131	1	2	IFRD1
0.00047065766896653	-0.71458987252877	0.219	0.365	1	2	UTRN
0.00585434298495014	-0.714800208589922	0.129	0.23	1	2	MSI2
0.00170403868028345	-0.717636748087634	0.146	0.27	1	2	LDB1
0.00972688254687424	-0.71854955738154	0.084	0.171	1	2	MFF
0.00190464726278207	-0.720631869565347	0.27	0.422	1	2	MAGI1
0.00637747808589633	-0.721367322029019	0.112	0.192	1	2	TSC22D1
0.000676356147246769	-0.723711262497319	0.213	0.342	1	2	TNFAIP8L1
0.00662468870596012	-0.723711262497319	0.062	0.134	1	2	PCID2
0.000406518272868411	-0.725320515358976	0.146	0.27	1	2	HECTD1
0.000939969683308017	-0.725691626625559	0.112	0.216	1	2	PUM1
0.00673906738592389	-0.726285206161145	0.096	0.169	1	2	PALS2
0.00343846796214155	-0.727142167897592	0.208	0.349	1	2	HSD17B12
0.00431930128419849	-0.72782737096955	0.135	0.215	1	2	USO1
0.00182056260198086	-0.729124758683683	0.174	0.309	1	2	PTPRA
0.00541098056353053	-0.730137531656751	0.079	0.144	1	2	CDK11B
0.000498865900950335	-0.730137531656751	0.146	0.26	1	2	WIPF1
0.0054393159346765	-0.731053237838486	0.09	0.168	1	2	ABCC1
0.00642939555057965	-0.731053237838486	0.107	0.182	1	2	PTEN
0.00468409479952584	-0.731616460582665	0.112	0.208	1	2	MED13
0.00735563187556668	-0.731616460582665	0.062	0.117	1	2	HADH
0.00259486106653108	-0.731997873682279	0.152	0.256	1	2	AP1S2
0.00867294374666891	-0.733979597951146	0.084	0.152	1	2	NFKBIA
0.00431627435641209	-0.734710261446576	0.191	0.304	1	2	B3GNT2
0.000165002994993298	-0.736535302854902	0.18	0.357	1	2	MACF1
0.00371301435763105	-0.73683218423076	0.169	0.31	1	2	MCL1
0.000807513242393827	-0.736947089654012	0.129	0.252	1	2	FXR1
0.000499885398015034	-0.737892878038252	0.213	0.342	1	2	CAMK2G
0.0065737436577786	-0.73835803846172	0.101	0.178	1	2	SYAP1
0.00358367768518097	-0.739308117548337	0.112	0.195	1	2	NAA35
0.00627681792585452	-0.73972358048595	0.056	0.144	1	2	ABCA5
0.000586662296083878	-0.741231361540337	0.152	0.305	1	2	RC3H1
0.000940748258495754	-0.742723231023122	0.157	0.29	1	2	UBAP2
0.000111132357472102	-0.744887024321662	0.388	0.559	1	2	ARL15
0.00237426279070562	-0.746205900284405	0.112	0.215	1	2	ADAM17
0.00711599140213436	-0.746205900284405	0.23	0.356	1	2	SERPING1
0.0062737904219805	-0.747298082814934	0.18	0.305	1	2	GNA12
0.00024750151656457	-0.749246354604456	0.18	0.336	1	2	AP3D1
0.00330816565136948	-0.752543944705031	0.096	0.195	1	2	TBL1XR1
0.00222511489142295	-0.757217065713036	0.18	0.309	1	2	THOC2
0.0020119738532358	-0.757658594420656	0.118	0.219	1	2	EPB41
0.00603055770242482	-0.761185967915982	0.09	0.168	1	2	TINAGL1
0.00790367035739704	-0.76184639138409	0.112	0.206	1	2	TACC1
0.00192665511506705	-0.762986411230758	0.101	0.197	1	2	MARCHF7
0.000488148575047229	-0.763540689923965	0.174	0.305	1	2	PTPN12
0.00426872885611793	-0.764353246994664	0.152	0.275	1	2	PLA2G4A
0.00252027324862649	-0.764353246994665	0.135	0.242	1	2	TNK2
0.000353532595107324	-0.766022067355283	0.14	0.285	1	2	MAP4
0.00236686578845556	-0.766022067355283	0.084	0.161	1	2	SGCB
0.00890815652533127	-0.766022067355283	0.084	0.163	1	2	SLC9A6
0.00490234371366743	-0.767212901133905	0.096	0.178	1	2	LOC138567585
0.000254001484401042	-0.769091166001328	0.174	0.298	1	2	RIN2
0.00488136989600564	-0.769807677086773	0.045	0.102	1	2	AAK1
0.00186634285143639	-0.7711242049721	0.118	0.236	1	2	GRK4
0.00811960639501151	-0.771847783541589	0.096	0.172	1	2	CCDC120
0.00230441464034627	-0.772172751453963	0.112	0.208	1	2	DCTN1
8.63779173105986e-05	-0.772172751453964	0.275	0.462	1	2	BCL6B
0.000425543054339331	-0.775941221269876	0.129	0.249	1	2	ZC3H13
0.00864920927277091	-0.777443246435108	0.079	0.144	1	2	YES1
0.000941046171165053	-0.777764166254225	0.124	0.254	1	2	PPP2R5A
0.000342016825061077	-0.780955214331794	0.18	0.336	1	2	MEF2A
0.00178029303132284	-0.78335420892472	0.096	0.191	1	2	CNKSR3
0.000252098706840011	-0.783872697714088	0.118	0.215	1	2	MARK1
0.00130914222773653	-0.784454453051174	0.219	0.359	1	2	HOOK3
0.000982794223781837	-0.78490062439875	0.264	0.4	1	2	SMAD1
0.00540866608013394	-0.785111807161462	0.118	0.205	1	2	MRPL23
0.00283445549990149	-0.785663753240077	0.163	0.274	1	2	ABCB5
0.000115413906644626	-0.785995540751661	0.23	0.384	1	2	TNRC6C
0.000892625009452943	-0.786721060023119	0.112	0.199	1	2	NFATC3
0.00240406322352289	-0.786721060023119	0.096	0.176	1	2	BCLAF3
0.00445987158728331	-0.786721060023119	0.09	0.181	1	2	GCN1
0.00137556628320587	-0.786721060023119	0.09	0.209	1	2	LPCAT4
0.000723699694156072	-0.78732736179329	0.258	0.375	1	2	GSTP1
0.00466757135539913	-0.788481517887556	0.096	0.179	1	2	EPB41L5
0.00283980121108692	-0.7891850999746	0.152	0.243	1	2	DIPK2B
0.00641590084773731	-0.790825458355856	0.084	0.162	1	2	SMCHD1
0.00792416304130361	-0.792550138825317	0.101	0.17	1	2	BMI1
0.00312874426381495	-0.794100590388716	0.09	0.181	1	2	EPN2
0.00897338663678742	-0.794100590388716	0.112	0.199	1	2	GPR68
0.00709213813497425	-0.794100590388717	0.062	0.134	1	2	KMT5B
0.000567384268687778	-0.794818527721715	0.191	0.316	1	2	MED13L
0.0048712148121795	-0.795232559878637	0.124	0.223	1	2	ZEB1
0.000201159813750068	-0.795691213527671	0.157	0.282	1	2	INPPL1
0.00340201708205839	-0.797251727515288	0.118	0.233	1	2	FER
0.000248943141489824	-0.797560292384584	0.14	0.272	1	2	CHD7
0.00812963646737081	-0.798999389801556	0.107	0.201	1	2	LRBA
0.00149698767249589	-0.798999389801556	0.152	0.258	1	2	AGFG1
0.000841841331515439	-0.799567939578722	0.191	0.322	1	2	DAB2
0.000743576797757998	-0.800879123019778	0.174	0.32	1	2	SPAG9
0.00114092156875888	-0.804510373466647	0.129	0.264	1	2	MCUB
0.00425463629155936	-0.805099589337973	0.079	0.144	1	2	ZNF391
0.00613569832268266	-0.806173422689292	0.073	0.157	1	2	CNOT7
0.00990070871605783	-0.809441136523203	0.096	0.191	1	2	SNX27
8.42080050900101e-05	-0.8100715473005	0.146	0.281	1	2	RB1
0.00103583091246059	-0.810646899268599	0.208	0.351	1	2	TCF3
0.00511569413010828	-0.811174103747658	0.056	0.109	1	2	TPCN1
0.00630272231873289	-0.811174103747658	0.056	0.114	1	2	STAM
0.00831268824360388	-0.811174103747658	0.051	0.115	1	2	PRPSAP1
0.00238824583200035	-0.811658961773021	0.101	0.223	1	2	ELF2
0.000242949861566425	-0.812106378443033	0.169	0.321	1	2	ASAP2
0.000308229103801049	-0.813146346079263	0.18	0.337	1	2	KDM6B
0.0013428377406581	-0.813376692024172	0.18	0.319	1	2	ADAM12
0.00555435264265607	-0.814735436192716	0.09	0.158	1	2	ABHD17A
0.00866866446675316	-0.814735436192716	0.09	0.151	1	2	RHOT1
0.00554713007513106	-0.815633751938358	0.084	0.172	1	2	HEXIM1
0.00321722582032676	-0.817464583454226	0.112	0.216	1	2	CRIP2
0.000277933805003425	-0.817687410706332	0.112	0.235	1	2	OSBP
0.00111767769722222	-0.818263528533977	0.129	0.248	1	2	KDM4B
0.000633228708441821	-0.818429919750457	0.14	0.255	1	2	RPTOR
0.000171844220774294	-0.823246936048233	0.185	0.335	1	2	DST
0.00108685336574986	-0.823246936048233	0.107	0.21	1	2	TNFRSF3
0.00400688356303787	-0.823246936048233	0.096	0.189	1	2	ZDHHC21
0.00604213951613329	-0.823246936048233	0.107	0.192	1	2	STARD8
0.00832188246253986	-0.823246936048233	0.062	0.131	1	2	KIAA0825
0.00462992588213249	-0.823246936048233	0.084	0.164	1	2	LIMS2
0.00669764294980203	-0.823246936048233	0.084	0.154	1	2	GULP1
0.000485068278631757	-0.827363044520465	0.163	0.285	1	2	CNOT1
0.00918876706224264	-0.828785119589663	0.118	0.222	1	2	LMNB1
0.00511948616649687	-0.829006205336918	0.112	0.22	1	2	HIAT1
0.000237336736755456	-0.829644707246384	0.18	0.306	1	2	ARHGEF28
0.000150830913550657	-0.830100607089296	0.073	0.183	1	2	CH25H
0.00836744449575919	-0.830442437452437	0.09	0.189	1	2	CSNK2A2
0.00919166750211033	-0.830820155753034	0.09	0.17	1	2	SH2D3C
0.00456519721335176	-0.831708514796429	0.073	0.156	1	2	RNF123
0.00796211866004708	-0.833162404913316	0.135	0.242	1	2	ETV2
0.00249145240281068	-0.834302124557229	0.062	0.123	1	2	POP4
0.000860380082576801	-0.835219577714309	0.107	0.22	1	2	GRK5
0.000308950845747257	-0.835219577714309	0.169	0.3	1	2	CDC42BPA
0.00681684744015965	-0.836303088873679	0.056	0.103	1	2	KLHDC3
0.0037708811675667	-0.83692187294531	0.107	0.202	1	2	GSTK1
0.00221929876968598	-0.837602229025303	0.09	0.184	1	2	DHX38
0.00085486376548277	-0.837968441754999	0.157	0.285	1	2	PCDH17
0.00291567431231142	-0.838353828438442	0.09	0.171	1	2	CRTC1
0.000101282591652701	-0.838843791099251	0.197	0.371	1	2	ROCK2
0.000123087392151778	-0.839188479917254	0.112	0.242	1	2	PIK3CA
0.00231929666897928	-0.839798112312081	0.124	0.228	1	2	UBL3
0.00855025640554561	-0.839798112312081	0.124	0.222	1	2	ATP13A3
0.00293058165937054	-0.841743279665622	0.152	0.266	1	2	PTPN11
0.00587792844956494	-0.841743279665622	0.146	0.258	1	2	OSBPL8
0.000132854098834977	-0.841943029758138	0.084	0.214	1	2	SPTLC1
0.00480783936406793	-0.842355758995938	0.073	0.145	1	2	KANSL3
0.00521573274439368	-0.842355758995938	0.062	0.142	1	2	MEGF8
0.000268896375032431	-0.842787122443878	0.096	0.206	1	2	CLTCL1
0.00157269702246063	-0.843711038607948	0.124	0.246	1	2	NF1
0.000348259039265354	-0.844463421957929	0.118	0.231	1	2	PLCL2
0.000178791941454022	-0.847093678002601	0.23	0.407	1	2	RAPGEF6
0.00436650051867824	-0.847093678002601	0.084	0.167	1	2	SENP1
0.000238642807347131	-0.848121604687262	0.101	0.211	1	2	WDR37
0.00326875530874784	-0.848121604687262	0.112	0.22	1	2	HDGFL2
0.00026866748170728	-0.84878202815537	0.118	0.242	1	2	PAFAH1B1
0.00866659062316894	-0.850046995391948	0.067	0.145	1	2	SETD1B
0.000555610971314939	-0.850468404783257	0.101	0.193	1	2	SMG1
0.00247094361937977	-0.850468404783257	0.09	0.187	1	2	CLEC11A
0.000224352573961776	-0.850903278951098	0.146	0.269	1	2	SBF1
0.000617264960489164	-0.851816088245004	0.107	0.226	1	2	STK3
0.00655918748168656	-0.851816088245004	0.067	0.148	1	2	YTHDF3
0.00531282448094394	-0.853304169904413	0.079	0.174	1	2	RELCH
0.00155609365640468	-0.85566841374061	0.09	0.188	1	2	SH3PXD2A
0.00203280375549656	-0.856161558520968	0.062	0.119	1	2	PHIP
0.00420144306999802	-0.85679949575926	0.073	0.163	1	2	TAF2
0.0015651034824457	-0.857567009232109	0.219	0.335	1	2	ENTPD1
0.00239863083834481	-0.858870845778954	0.096	0.188	1	2	GOLGA4
0.00342314045858539	-0.858870845778954	0.073	0.149	1	2	GABPA
0.00875144197685108	-0.858870845778954	0.056	0.117	1	2	GTPBP1
0.00135962149413941	-0.861214786247254	0.073	0.142	1	2	TOR1AIP1
0.0030970917041214	-0.861214786247254	0.062	0.145	1	2	PIK3C3
0.00745310502002261	-0.862066184938761	0.051	0.107	1	2	EPG5
0.000190199993475616	-0.862609368319007	0.219	0.371	1	2	PRKAA1
0.000454969584684684	-0.865891273456727	0.084	0.185	1	2	JADE2
0.00263293959375539	-0.866968313477551	0.124	0.236	1	2	SRPK2
0.00404053217251899	-0.868101171832493	0.09	0.18	1	2	THEM5
0.00801304307874552	-0.87055265082659	0.062	0.12	1	2	NEURL4
0.000768725320444076	-0.872006247968088	0.146	0.249	1	2	KLF2
0.00011056981914624	-0.872490455068082	0.242	0.403	1	2	APLNR
0.000142033420030208	-0.872715612312533	0.23	0.384	1	2	SELE
0.00037991019550136	-0.873287618547829	0.152	0.296	1	2	CLASP1
0.00568298832097871	-0.873287618547829	0.079	0.165	1	2	DPY19L4
0.00128234910433686	-0.873873009118201	0.14	0.252	1	2	HIP1
0.0059293131096336	-0.873873009118201	0.067	0.136	1	2	FNBP4
9.28050087028093e-05	-0.875714355942369	0.253	0.411	1	2	NFX1
0.00216746740707328	-0.876358272507795	0.118	0.221	1	2	ATXN1
0.000656020829031771	-0.876358272507795	0.174	0.34	1	2	KTN1
0.00069056688839028	-0.877694720070609	0.112	0.236	1	2	OGDH
0.00469510573179121	-0.877694720070609	0.056	0.124	1	2	XPOT
0.00185733511173345	-0.878288299606195	0.073	0.159	1	2	PRKCZ
0.000221317591216279	-0.87898948797523	0.14	0.288	1	2	WIZ
0.000872965010251109	-0.881091010620517	0.112	0.199	1	2	TUT7
0.00247447240676418	-0.881461549993529	0.084	0.166	1	2	SUSD6
0.00302471187298623	-0.881461549993529	0.084	0.167	1	2	SNX13
0.00136522397783158	-0.88302816437365	0.112	0.241	1	2	DLG1
0.00194669851074344	-0.883788477983284	0.096	0.197	1	2	RUFY3
0.00257874896409779	-0.883788477983284	0.124	0.245	1	2	TRAF2
0.00143913711299073	-0.885023133634923	0.067	0.155	1	2	TMEM131
0.00265198113743879	-0.88536864795603	0.118	0.206	1	2	AGO3
0.0033015659790018	-0.885531214302576	0.152	0.291	1	2	ROCK1
0.00167117405110789	-0.8876499688739	0.208	0.34	1	2	MICAL2
0.0051888714307148	-0.887802470948447	0.831	0.865	1	2	unassigned-gene-2
0.0015319672770363	-0.887899894390487	0.112	0.221	1	2	CMIP
0.00668416472500937	-0.888341964270118	0.056	0.124	1	2	NPAT
0.000435582784568932	-0.88883527767581	0.202	0.33	1	2	MGAT4D
0.0018661392679376	-0.889048994443979	0.14	0.267	1	2	OGT
0.0026283720591073	-0.889589430876929	0.079	0.167	1	2	REXO1
0.00727679023719869	-0.889589430876929	0.079	0.163	1	2	ATG13
0.00574115380518148	-0.890015948260934	0.09	0.18	1	2	TCERG1
0.0025414842932608	-0.89019717997286	0.185	0.319	1	2	ZNF609
0.000734772281205525	-0.890885652923596	0.112	0.208	1	2	MCF2L
0.000539540796424957	-0.893636263939631	0.191	0.335	1	2	SND1
0.00274079998719813	-0.893636263939631	0.118	0.216	1	2	IGF2R
0.00676726976266985	-0.893636263939631	0.051	0.113	1	2	FBRS
0.00779451873725741	-0.893636263939631	0.062	0.135	1	2	OGA
0.00640826625702318	-0.896620122378452	0.112	0.206	1	2	KIF1C
0.000364424171432025	-0.897067169339905	0.191	0.334	1	2	FMNL3
0.00543728176997658	-0.899868217651145	0.051	0.111	1	2	KCNE5
0.000912876960366329	-0.900926299870109	0.18	0.306	1	2	PTGS1
0.00112141829146929	-0.901249448049506	0.079	0.173	1	2	PLD2
0.00140630397748603	-0.902569388709638	0.101	0.213	1	2	PRKD2
0.0062990361988998	-0.902569388709638	0.112	0.208	1	2	TGFBR2
0.00347242128050483	-0.903417284732216	0.067	0.139	1	2	KDM1A
0.00758602780907384	-0.903417284732216	0.062	0.135	1	2	PUS7
0.00144524202312482	-0.908494222666744	0.107	0.216	1	2	TET3
0.00170528623367012	-0.910709777298572	0.073	0.157	1	2	SMG5
0.00365713869784254	-0.910709777298572	0.079	0.155	1	2	PRCP
0.000282209214227604	-0.910709777298573	0.129	0.225	1	2	CERT1
0.00435617859758125	-0.91133826567309	0.129	0.25	1	2	KDM2B
0.000107935699158462	-0.91160281046908	0.174	0.33	1	2	UBR2
0.003779108140338	-0.91160281046908	0.096	0.191	1	2	KMT2B
0.00488598848892695	-0.912251942106978	0.096	0.203	1	2	ZNF91
0.00351620784079861	-0.912251942106978	0.135	0.224	1	2	SH3RF3
0.000272353393929702	-0.916356340439714	0.124	0.252	1	2	AP3B1
8.36425186558257e-05	-0.916356340439715	0.135	0.303	1	2	ATF7IP
0.00247436392028589	-0.916356340439715	0.062	0.146	1	2	USP6NL
0.0029790220216325	-0.916356340439715	0.062	0.142	1	2	SLC25A22
0.00456057790272317	-0.916356340439715	0.09	0.166	1	2	UBE4B
0.00453160978158535	-0.917809937581213	0.14	0.242	1	2	FOSB
0.00289893416881809	-0.918404169088573	0.096	0.211	1	2	GLG1
0.00352218831553184	-0.918727244902461	0.096	0.186	1	2	PRR12
0.00670501293451293	-0.920857732674655	0.039	0.1	1	2	SS18L1
0.000537052315957256	-0.92216196212092	0.146	0.267	1	2	RNF213
0.00029557695350495	-0.924530271885414	0.096	0.208	1	2	ST3GAL4
0.00345126758972413	-0.924530271885414	0.045	0.113	1	2	LOC138521914
0.00120549797075919	-0.925816669688781	0.084	0.178	1	2	THSD1
0.00552110534649073	-0.927583595862969	0.084	0.188	1	2	KLHL3
0.000334950365696402	-0.929180380797298	0.191	0.346	1	2	RGL3
0.0047632453986528	-0.930162139964745	0.101	0.197	1	2	TRBC2
0.00607050717401954	-0.930630471421833	0.107	0.206	1	2	ZC3H3
0.000150612012164572	-0.930826823248047	0.14	0.283	1	2	EPS15
0.00366422408604077	-0.933164628126268	0.129	0.234	1	2	LRCH3
0.00963460250398238	-0.934278248436976	0.039	0.1	1	2	CASP3
0.000275633379925162	-0.934278248436976	0.118	0.238	1	2	ESYT2
0.00116134465008445	-0.934278248436977	0.09	0.191	1	2	CNTRL
0.00121655988335367	-0.934278248436977	0.09	0.195	1	2	PPP3CC
9.81680914463294e-05	-0.93502018470475	0.129	0.287	1	2	JUN
0.00729388554745181	-0.936704985831517	0.051	0.108	1	2	BCR
0.000631493617424598	-0.936704985831517	0.157	0.289	1	2	SLC12A4
0.00218871951998551	-0.937417955967544	0.079	0.165	1	2	USP24
0.00355982639409587	-0.938724153468169	0.079	0.155	1	2	ANLN
0.000435845321078596	-0.938724153468169	0.163	0.316	1	2	ARHGEF7
0.000345295524013208	-0.940110693739131	0.157	0.296	1	2	TSPAN9
0.000377374262562856	-0.940430475418572	0.107	0.252	1	2	TNKS
0.00515435238119777	-0.940430475418572	0.056	0.132	1	2	HPS5
0.000206404896037606	-0.941333005970928	0.163	0.317	1	2	SASH1
0.00412103003797007	-0.941891432546852	0.101	0.203	1	2	ANKRD52
0.00518636568996079	-0.942545864420577	0.135	0.254	1	2	MARCHF3
0.000153137751913229	-0.94291716671085	0.163	0.29	1	2	SMURF2
0.000636164097386375	-0.94315639978343	0.135	0.264	1	2	CDKAL1
0.00471204042020728	-0.944262337009599	0.079	0.155	1	2	HMBOX1
0.00023746929267176	-0.944262337009599	0.157	0.299	1	2	HELZ
0.00796506974374824	-0.944262337009599	0.124	0.227	1	2	PKN2
0.000183589029541232	-0.944925492636485	0.118	0.24	1	2	NSD3
0.00200941744307431	-0.944925492636485	0.118	0.238	1	2	RERE
0.00163587477291051	-0.946103683833766	0.073	0.178	1	2	STAT2
0.00438313724830241	-0.946629351553515	0.129	0.242	1	2	MBOAT2
0.000543097926731364	-0.947575071050434	0.09	0.193	1	2	EPN1
0.0018108479522621	-0.951002483246606	0.118	0.237	1	2	PSME4
0.00738633139925609	-0.951676876172706	0.129	0.221	1	2	EMID1
0.00227256321668816	-0.953831045858378	0.073	0.176	1	2	MPRIP
0.000281872886096209	-0.954491469326486	0.197	0.333	1	2	RFTN1
0.00231853959887663	-0.960750459798168	0.112	0.221	1	2	VPS13A
0.00838420694134542	-0.960750459798168	0.051	0.105	1	2	NR2C1
0.000198935561741676	-0.960750459798168	0.112	0.238	1	2	AMFR
0.00202480987904614	-0.960750459798168	0.129	0.249	1	2	NPEPPS
0.00284281913290691	-0.960750459798168	0.067	0.145	1	2	PPP2R5D
0.00309923640160834	-0.960750459798168	0.096	0.195	1	2	REPS1
0.00331875229535515	-0.960750459798168	0.056	0.131	1	2	ZC3H6
0.00436393455638788	-0.960750459798168	0.09	0.183	1	2	PUM3
0.00987574928626523	-0.960750459798168	0.056	0.112	1	2	NHS
0.00392731124101692	-0.960750459798168	0.129	0.227	1	2	LHX6
0.000529534105211694	-0.964975045659893	0.135	0.278	1	2	MEF2D
0.00319960217656604	-0.96729330566494	0.084	0.174	1	2	CMKLR2
0.00475685668316749	-0.96729330566494	0.096	0.198	1	2	FAR2
0.00631678962413456	-0.968018460262207	0.084	0.178	1	2	NUP160
0.00016237442842075	-0.968444851588169	0.163	0.304	1	2	CCDC80
0.00128482534452722	-0.968677375569797	0.129	0.25	1	2	VEGFC
0.000461923877072349	-0.969467676899277	0.056	0.142	1	2	RIMBP2
0.00235577885586601	-0.970088324377504	0.067	0.143	1	2	NPC1
0.00238979449428431	-0.971638775940904	0.051	0.125	1	2	SETX
0.00524469725860868	-0.971638775940904	0.056	0.125	1	2	USP31
0.00570927523856884	-0.971638775940904	0.051	0.123	1	2	MED23
0.00473617249389758	-0.97262456008646	0.045	0.112	1	2	MATN2
0.00483262533481638	-0.97262456008646	0.045	0.116	1	2	GTF3C2
0.00161249177831741	-0.973187563036391	0.09	0.197	1	2	GRAMD1A
0.000132990349457778	-0.973806612623614	0.185	0.344	1	2	PARD3
0.00721049107555308	-0.975250029493283	0.096	0.181	1	2	GAK
0.00275388905489601	-0.977052272127268	0.073	0.165	1	2	CSTF3
0.00914242117367733	-0.978132538026405	0.073	0.157	1	2	EGLN2
0.0016445385341633	-0.978525161526144	0.112	0.231	1	2	WAPL
0.000558593814799479	-0.979366137965515	0.067	0.143	1	2	KPNA1
0.00408534391408322	-0.980788213034713	0.062	0.129	1	2	NBEA
0.00708698614820369	-0.980788213034713	0.062	0.134	1	2	FAM222A
0.00020543363912551	-0.982445530897487	0.073	0.175	1	2	NOS1AP
0.0079651831729411	-0.982445530897487	0.051	0.114	1	2	ABCA1
0.0014546356796859	-0.983711608241479	0.084	0.175	1	2	EGFLAM
0.00612403234013909	-0.984401727862813	0.051	0.113	1	2	LNPK
0.00736901910953226	-0.985134618425127	0.079	0.159	1	2	SEC24A
0.00030121794982869	-0.988389141120448	0.197	0.366	1	2	KLHL4
0.000252258419263547	-0.988584667994893	0.129	0.262	1	2	ADGRA2
0.0072286373005551	-0.988584667994894	0.073	0.15	1	2	MPZL1
0.0028900409708623	-0.989605322470353	0.084	0.189	1	2	COQ8A
0.00632457507758131	-0.99128482794628	0.073	0.169	1	2	TTC3
0.000871722476704508	-0.991888971607072	0.112	0.247	1	2	ITSN2
0.000166261484621252	-0.992066000264376	0.14	0.266	1	2	ARHGEF1
0.0025383412807827	-0.993171937490545	0.112	0.24	1	2	ITGAV
0.000905874986114897	-0.993171937490545	0.096	0.206	1	2	MID1
0.00122464510396574	-0.993171937490545	0.079	0.164	1	2	UBE2E3
0.00063718907509142	-0.994087643672281	0.157	0.314	1	2	RAI1
0.00389379364699127	-0.995307681834537	0.073	0.151	1	2	MFGE8
0.00454519870253368	-0.995307681834537	0.073	0.153	1	2	ZNF292
0.00519864858961842	-0.995307681834537	0.067	0.157	1	2	GGA1
0.00825778680441717	-0.996083532910449	0.045	0.112	1	2	MIS18BP1
0.000499467176579172	-0.99774466728037	0.152	0.301	1	2	FRYL
0.00141634873082502	-0.99774466728037	0.09	0.211	1	2	CCNL2
0.00862933908339866	-0.99774466728037	0.028	0.077	1	2	INTS12
0.00109165778980529	-0.998505381793586	0.124	0.243	1	2	PXN
0.000593664046499425	-0.998818500631688	0.073	0.173	1	2	RIC1
0.00103707730991209	-0.99909677144765	0.124	0.258	1	2	USP32
0.00829508277046514	-0.999569708688696	0.051	0.104	1	2	SEPTIN2
0.000976569139340978	-1.00012469813231	0.124	0.232	1	2	RANBP9
0.000757903848326555	-1.00055146785614	0.056	0.136	1	2	ITGB4
0.00698247336339873	-1.00055146785614	0.062	0.136	1	2	DHX57
0.00749138625624103	-1.00055146785614	0.067	0.141	1	2	FOCAD
0.00112950968535889	-1.00212089421803	0.112	0.229	1	2	EPS15L1
0.000259771636535297	-1.00381918169005	0.112	0.26	1	2	CCNY
0.00213302745253008	-1.00381918169005	0.09	0.182	1	2	SETDB1
0.0080510289162236	-1.00381918169005	0.051	0.127	1	2	APPBP2
0.00279493858389012	-1.00767150718566	0.045	0.114	1	2	ADA
0.00573460254734737	-1.00767150718566	0.056	0.119	1	2	GUSB
0.00350760127559399	-1.00852618436758	0.129	0.244	1	2	CNOT2
0.000409364597271302	-1.00911348135957	0.067	0.164	1	2	KCNQ1
0.00167987193610204	-1.00986822636286	0.107	0.208	1	2	PHRF1
0.00563925959302396	-1.01033248864873	0.056	0.136	1	2	TBC1D23
0.000489856958183153	-1.01117988664131	0.124	0.239	1	2	TLE5
0.00536902361958182	-1.01228076043825	0.073	0.158	1	2	CPD
0.000296441638009201	-1.01376884209766	0.079	0.182	1	2	BRD9
0.000484476205311353	-1.01376884209766	0.084	0.173	1	2	FBXO11
0.00556700040136931	-1.01376884209766	0.084	0.175	1	2	RBM33
0.000826634508577834	-1.01494256016176	0.084	0.189	1	2	LMBR1
9.62033919801241e-05	-1.01589201399063	0.09	0.218	1	2	PCDH12
0.00220281347124554	-1.01589201399063	0.073	0.153	1	2	ADIPOR1
0.00263572236186415	-1.01701867944491	0.084	0.166	1	2	WASHC2C
0.00438624008071191	-1.01701867944491	0.079	0.169	1	2	SNX1
0.00599477790129554	-1.01701867944491	0.079	0.163	1	2	MMP16
0.000571118359848199	-1.01789436690178	0.084	0.19	1	2	PHF20L1
0.0025316028297859	-1.01789436690178	0.079	0.177	1	2	RAI14
0.00507327001606698	-1.01789436690178	0.045	0.101	1	2	CYRIB
0.000207514775501315	-1.01859453437045	0.084	0.206	1	2	SGK3
0.00681684744015965	-1.01916714602349	0.056	0.116	1	2	TBC1D16
0.00258857500944415	-1.02069300025445	0.062	0.148	1	2	PKDCC
0.00218629511849861	-1.02157565249421	0.096	0.201	1	2	RTCB
0.000804551103453475	-1.02488079721788	0.067	0.146	1	2	RASSF1
0.00284281913290691	-1.02488079721788	0.067	0.151	1	2	LOC138569353
0.00560780923396601	-1.02488079721788	0.039	0.101	1	2	ALPK1
0.00055678916275033	-1.02488079721788	0.118	0.246	1	2	EXT1
0.00197333912240082	-1.02488079721788	0.051	0.129	1	2	ZNF362
0.00273659560900215	-1.02488079721788	0.062	0.129	1	2	HAUS6
0.00815332309291772	-1.02488079721788	0.096	0.205	1	2	PPFIA1
0.000193238825301319	-1.02690279480309	0.129	0.262	1	2	NHERF2
0.000160979401305596	-1.02738765282846	0.124	0.257	1	2	CEP170
0.00512128990116624	-1.02817838731846	0.096	0.192	1	2	CERS5
0.00771996438805481	-1.02856584402574	0.079	0.176	1	2	MAP3K1
0.00474522465502737	-1.02905647318908	0.073	0.163	1	2	UBQLN1
0.00714219390154275	-1.02905647318908	0.073	0.155	1	2	KLF3
0.000985823107888925	-1.02969781351566	0.107	0.234	1	2	PRKCE
0.00174798566766303	-1.03057190929574	0.096	0.223	1	2	CCDC88A
0.00275925231117952	-1.03113978768957	0.107	0.208	1	2	FOXN3
0.000696464729700119	-1.03270030167718	0.067	0.167	1	2	ARMC6
0.00174042569798342	-1.03381392198789	0.073	0.15	1	2	MTF2
0.000759354016284411	-1.03475104124194	0.09	0.199	1	2	TLK2
0.004807873791147	-1.03590781936691	0.084	0.178	1	2	CAMSAP1
0.00137498780135937	-1.03624065938243	0.09	0.188	1	2	DEPP1
0.00221899230764147	-1.03737174140108	0.039	0.101	1	2	CTTNBP2NL
0.00143148958663152	-1.03737174140108	0.107	0.246	1	2	NDST2
0.00294045884726762	-1.03737174140108	0.062	0.159	1	2	FXYD5
0.000297052652835505	-1.03825982701908	0.124	0.255	1	2	EPB41L2
0.000782947109596616	-1.03875297179944	0.073	0.181	1	2	LDLRAD4
0.00205938672179942	-1.03875297179944	0.09	0.18	1	2	ABL1
0.001127223744235	-1.03928386234486	0.045	0.127	1	2	RAPGEF3
0.00182853626445063	-1.039738755945	0.107	0.21	1	2	RALGAPA2
0.000223070917316307	-1.03994262721516	0.112	0.274	1	2	NDEL1
0.00161156058389688	-1.0404776522689	0.073	0.169	1	2	CRYBG1
0.000488186724050881	-1.04105208788903	0.129	0.269	1	2	SSH2
0.000328669007588207	-1.04220027341791	0.174	0.332	1	2	AHR
0.000279583626676245	-1.04321261999014	0.067	0.183	1	2	USP25
0.00034954615325595	-1.04321261999014	0.079	0.182	1	2	PHKB
0.00309703884393169	-1.04357689092779	0.096	0.202	1	2	MUC2
9.98473195495607e-05	-1.04563935738468	0.107	0.22	1	2	EEA1
0.000693009727887065	-1.04563935738468	0.045	0.126	1	2	CC2D1B
0.00173784926726539	-1.04563935738468	0.067	0.163	1	2	ACVR1
0.00371755413874857	-1.04563935738468	0.039	0.101	1	2	TRMT1L
0.00399009849340501	-1.04563935738468	0.062	0.132	1	2	FANCD2
0.00749247688264082	-1.04563935738468	0.017	0.067	1	2	LOC138488678
0.00788251014104564	-1.04563935738468	0.034	0.099	1	2	SEC23A
8.83970705364939e-05	-1.04780719406739	0.073	0.204	1	2	HIF3A
0.00029138212008962	-1.04821330104851	0.067	0.172	1	2	GCNT1
0.000649971973357077	-1.04821330104851	0.079	0.174	1	2	PPP5C
0.000830305686666208	-1.04821330104851	0.067	0.169	1	2	VTI1A
0.00313970870156225	-1.04821330104851	0.079	0.172	1	2	AGO2
0.00597688091630763	-1.04975546585691	0.051	0.114	1	2	PPM1B
0.000118485698330019	-1.04975546585691	0.124	0.284	1	2	ZNF407
0.00767176169725714	-1.05048062045418	0.079	0.161	1	2	NFKB1
0.00274325411880078	-1.05151592372135	0.062	0.151	1	2	ZDHHC8
0.00934983628429278	-1.05151592372135	0.067	0.149	1	2	ARHGAP29
0.000565569942394914	-1.05311447794683	0.09	0.209	1	2	PITPNM2
0.00399295323226417	-1.05311447794683	0.056	0.117	1	2	SLC35F5
0.00400433651049333	-1.05311447794683	0.045	0.121	1	2	RANBP17
0.00427608633327272	-1.05311447794683	0.045	0.113	1	2	NEMF
0.00532419389081622	-1.05385986418965	0.056	0.153	1	2	ESYT1
0.000201876838407085	-1.05457248215469	0.101	0.236	1	2	LAMB2
0.000400743440574275	-1.05457248215469	0.112	0.233	1	2	RABEP1
0.00339684705853552	-1.05590769283851	0.039	0.09	1	2	KDM1B
0.00256774067436996	-1.05590769283851	0.056	0.133	1	2	FGD6
0.000254312477909795	-1.05696577505747	0.112	0.256	1	2	PIM1
0.00423654633869016	-1.05736864996679	0.101	0.203	1	2	RNF38
0.000956076218070471	-1.05826696571243	0.056	0.142	1	2	ARHGAP32
0.000382958632247733	-1.05869551021013	0.107	0.236	1	2	ZNF420
0.0039537508798565	-1.06028613334908	0.067	0.147	1	2	TEC
0.000120206867342681	-1.0611903609192	0.146	0.298	1	2	CD99
0.00495454360617015	-1.06203379563535	0.051	0.111	1	2	ZCCHC2
0.00966013057578302	-1.06203379563535	0.039	0.11	1	2	ZFTRAF1
0.000132874930275836	-1.06203379563535	0.096	0.211	1	2	LARP1
0.000202748332896201	-1.06319772876899	0.096	0.223	1	2	QSER1
0.00728471743505067	-1.06425503555203	0.051	0.111	1	2	SDC4
0.000143406402355645	-1.0652197263542	0.112	0.242	1	2	RALGAPB
0.000256019569092247	-1.0652197263542	0.107	0.237	1	2	TNS3
0.00191515915403382	-1.0661034599444	0.062	0.131	1	2	CCDC90B
0.000278137628901338	-1.0661034599444	0.079	0.192	1	2	ATP9B
0.000637906335422965	-1.06717251893432	0.079	0.207	1	2	POU2F1
0.00099014202023313	-1.06900335045019	0.112	0.213	1	2	SIRT1
0.00132857940582136	-1.06900335045019	0.062	0.151	1	2	REV3L
0.00214376186659368	-1.06900335045019	0.101	0.203	1	2	FILIP1L
0.00686182802199006	-1.06900335045019	0.062	0.144	1	2	INPP4A
0.00484895199817202	-1.07016167651875	0.079	0.168	1	2	DIS3L2
0.00907246056313809	-1.07016167651875	0.067	0.164	1	2	DOCK7
9.00300094566156e-05	-1.07206748266233	0.18	0.319	1	2	JARID2
0.000798740568658564	-1.07286082611971	0.084	0.194	1	2	DGKD
0.000882025119258968	-1.07286082611971	0.079	0.185	1	2	COBLL1
0.0075557555334485	-1.07531022406102	0.045	0.116	1	2	SPHK2
0.00643766202951926	-1.0762276772181	0.062	0.131	1	2	LRP6
0.00791484108389503	-1.0762276772181	0.062	0.139	1	2	HGS
0.00278474811046464	-1.07700352829402	0.056	0.143	1	2	STAT6
0.000952919576730842	-1.07824402281661	0.073	0.166	1	2	SUGP1
0.00167927299388996	-1.07919191709571	0.079	0.187	1	2	MAP2K4
0.00400931581105631	-1.07919191709571	0.09	0.183	1	2	KPNA6
0.00766204120872627	-1.07919191709571	0.084	0.182	1	2	DENND6A
0.000694723225682091	-1.07958668930802	0.09	0.198	1	2	CPT1A
0.000541969297320196	-1.08080621181588	0.112	0.236	1	2	RAB3D
0.0011117621889576	-1.08628134188203	0.051	0.13	1	2	MARK4
0.00122535504446508	-1.08628134188203	0.051	0.122	1	2	NUMB
0.00834317895166709	-1.08628134188203	0.084	0.175	1	2	LRPPRC
0.00995951939103482	-1.08628134188203	0.039	0.087	1	2	ECT2
0.000413148923072854	-1.09056870028512	0.14	0.283	1	2	PPP6R3
0.00015504486054648	-1.09108232814585	0.118	0.262	1	2	SMARCAD1
0.000728199100005605	-1.09333609941598	0.073	0.177	1	2	BBS12
0.000745662938637495	-1.09333609941598	0.084	0.192	1	2	SAMD4B
0.000614225387649718	-1.09377587842895	0.073	0.176	1	2	ZNF583
0.00523994520982596	-1.09484335538545	0.062	0.152	1	2	FOXO1
0.000411830455105034	-1.09626543045465	0.152	0.282	1	2	LOC138473015
0.00295305786947436	-1.09626543045465	0.056	0.131	1	2	IVD
0.00115295795514212	-1.09768610515428	0.101	0.233	1	2	APBB1
0.00868172941097533	-1.0982539835481	0.045	0.105	1	2	DDIT3
0.00163173081002209	-1.09910538223961	0.101	0.203	1	2	NFATC2
0.00039941207064428	-1.09957816449548	0.079	0.201	1	2	LRRFIP2
0.00361949532708314	-1.09957816449548	0.034	0.095	1	2	LIMCH1
0.00901082705544822	-1.09957816449548	0.039	0.101	1	2	FANCA
0.000630192651220345	-1.09987894528275	0.169	0.289	1	2	PLAT
0.00164230177092424	-1.10035652709375	0.073	0.181	1	2	EDC4
0.00293295148198762	-1.101231683348	0.034	0.09	1	2	POLK
0.00625504425380236	-1.101231683348	0.028	0.088	1	2	CRYBG3
0.00116903133583052	-1.10187819693304	0.112	0.242	1	2	BCL9
0.00863013796670831	-1.10222288575105	0.067	0.166	1	2	SYNRG
0.000164700290871781	-1.10258315421113	0.107	0.234	1	2	ABHD2
0.0057457647481713	-1.10335485524097	0.034	0.08	1	2	HAUS4
0.0028448537088494	-1.10618089931973	0.017	0.072	1	2	ING4
0.000606707103239776	-1.10734295740986	0.073	0.189	1	2	ITGA4
0.00272548914069149	-1.11012808383639	0.107	0.209	1	2	KMT2A
0.00372082869999592	-1.11137232284486	0.096	0.194	1	2	HDAC8
0.00498187611294192	-1.11137232284486	0.09	0.193	1	2	FHOD1
0.00019344940971239	-1.11181643398916	0.056	0.158	1	2	AMBRA1
0.000450289138770155	-1.11181643398916	0.067	0.154	1	2	RBM27
0.0015307176273817	-1.11181643398916	0.129	0.244	1	2	SERPINE2
0.00248165365324683	-1.11275355324322	0.084	0.194	1	2	UBR5
0.000519061697292952	-1.1133495850802	0.112	0.242	1	2	STAG2
0.00449528179029955	-1.11376207830413	0.062	0.137	1	2	ATP9A
0.00838835560877854	-1.11376207830413	0.067	0.143	1	2	LOC138513586
0.00111319615477014	-1.11602868527608	0.079	0.184	1	2	CTIF
0.00151426989480295	-1.11602868527608	0.056	0.137	1	2	SCAP
0.0093582723432733	-1.11602868527608	0.062	0.135	1	2	ZMIZ2
0.000837267916241335	-1.11799020160937	0.062	0.16	1	2	DEPTOR
0.00155155884807597	-1.11799020160937	0.073	0.166	1	2	WWP1
0.000260313117065922	-1.1187028195744	0.107	0.228	1	2	ANKHD1
0.000186408298800539	-1.11929639910999	0.09	0.206	1	2	TNRC6A
0.00201851064034922	-1.12022867380536	0.107	0.224	1	2	CUL5
0.00530505137602984	-1.12022867380536	0.056	0.151	1	2	LMBRD2
0.00716273371779939	-1.12022867380536	0.028	0.083	1	2	SRF
0.00184970720199198	-1.12120031893879	0.708	0.725	1	2	PRSS23
0.000276866968492167	-1.123579883305	0.146	0.312	1	2	MCC
0.000782408576149915	-1.12580970606866	0.073	0.169	1	2	CAB39L
0.00130777636838176	-1.12580970606866	0.096	0.226	1	2	FKBP15
0.00467936746654632	-1.12580970606866	0.045	0.097	1	2	RPRD2
0.00621415547740843	-1.12580970606866	0.056	0.129	1	2	NEBL
0.00113284088294966	-1.12775797785819	0.096	0.211	1	2	NEDD4
0.00157285529685065	-1.12935006377391	0.045	0.123	1	2	CSPP1
0.00818546039771584	-1.12935006377391	0.056	0.128	1	2	POLR2D
0.00259115547465539	-1.1317960011344	0.051	0.135	1	2	NRARP
0.00445735947719825	-1.1317960011344	0.051	0.128	1	2	GADD45G
0.00239234617262634	-1.1317960011344	0.051	0.135	1	2	SMTN
0.00068580367976884	-1.13229373963886	0.084	0.184	1	2	RNF216
0.00313703254700139	-1.13358705666038	0.045	0.12	1	2	ZDHHC13
0.00423848394674007	-1.13358705666038	0.051	0.119	1	2	APIP
0.00490050168062834	-1.13358705666038	0.051	0.119	1	2	BPNT1
0.00584843803971172	-1.13358705666038	0.051	0.115	1	2	ZDHHC5
0.00145673395948926	-1.13552486090188	0.056	0.137	1	2	TRIM47
0.00712671703054319	-1.13552486090188	0.056	0.134	1	2	BRAF
0.000114129158115473	-1.13690741495199	0.062	0.159	1	2	MBD2
0.00982754214303124	-1.13690741495199	0.034	0.082	1	2	ATP11A
0.00449968628565265	-1.13794346170452	0.084	0.183	1	2	ARB2A
0.00442393912781002	-1.13874876177616	0.039	0.107	1	2	ZNF462
0.00738702620932432	-1.13874876177616	0.034	0.091	1	2	ACKR3
0.00160455430463567	-1.1399193054841	0.056	0.127	1	2	ABCC4
0.00212655367510819	-1.1399193054841	0.051	0.127	1	2	ASGR1
0.00582385855427666	-1.1399193054841	0.045	0.125	1	2	LOC138513380
0.000358942763519411	-1.14132270543999	0.062	0.17	1	2	NR3C2
0.0031455520579966	-1.14132270543999	0.073	0.167	1	2	GTF2H1
0.00140583270214545	-1.14213457661554	0.079	0.185	1	2	LOC138497215
0.000282801997205465	-1.1431837331165	0.135	0.292	1	2	NCOR2
0.00035947532105963	-1.1451750309356	0.112	0.265	1	2	MTMR1
0.00584852897100101	-1.1451750309356	0.039	0.094	1	2	SPATS2
0.00889524675797399	-1.1451750309356	0.034	0.095	1	2	RNF40
0.0098641025294267	-1.1451750309356	0.017	0.046	1	2	ARHGEF6
0.000927105594724454	-1.14960727725086	0.056	0.147	1	2	EPC2
0.00239140562447472	-1.14960727725086	0.056	0.153	1	2	GANAB
0.00259252370586451	-1.15157280213375	0.039	0.109	1	2	RAB13
0.00502277773103561	-1.15157280213375	0.045	0.109	1	2	SCAMP4
0.00589204585985921	-1.15157280213375	0.045	0.108	1	2	PELP1
0.00610657417583562	-1.15157280213375	0.09	0.205	1	2	WASF2
0.00909105789247848	-1.15157280213375	0.039	0.105	1	2	FAM210A
0.000371594081273936	-1.15339553774056	0.107	0.23	1	2	AP2A2
0.00472923017616091	-1.15339553774056	0.034	0.083	1	2	EIF1AD
0.00857013811234607	-1.15339553774056	0.028	0.083	1	2	AIMP2
0.000156680600357531	-1.15402594851786	0.112	0.277	1	2	MINK1
0.000873958763986962	-1.15667066977343	0.056	0.17	1	2	MAP3K11
0.00106519646708741	-1.15794232700947	0.084	0.188	1	2	GTF2I
0.00166816374204854	-1.15953032391267	0.028	0.097	1	2	RDH14
0.00881276657963513	-1.15953032391267	0.034	0.092	1	2	PAOX
0.00352904090774177	-1.16082829524708	0.051	0.121	1	2	AGAP3
0.00481730134129097	-1.16082829524708	0.056	0.132	1	2	TAF12
0.00242399134436018	-1.16156946918626	0.056	0.153	1	2	FBXL17
0.000472910975477234	-1.16238432096782	0.096	0.213	1	2	KDM5A
0.00131534990854379	-1.1642838538833	0.062	0.141	1	2	FBXO3
0.00249511067925826	-1.1642838538833	0.062	0.133	1	2	ARHGAP40
0.00801304307874552	-1.1642838538833	0.062	0.143	1	2	MINPP1
0.000673507240204396	-1.16665475834605	0.157	0.323	1	2	DOCK1
0.00147937348718612	-1.168743502074	0.084	0.195	1	2	TMEM150A
0.00843181529800149	-1.1705976278155	0.096	0.194	1	2	HOMER3
0.00104024405791605	-1.17225456499188	0.09	0.211	1	2	HECW2
0.00195503309492354	-1.17225456499188	0.096	0.212	1	2	SIPA1L3
0.00161462830323617	-1.17374418313237	0.039	0.099	1	2	WDFY2
0.00293295148198762	-1.17374418313237	0.034	0.097	1	2	RARG
0.00388903715705665	-1.17374418313237	0.062	0.139	1	2	XYLB
0.0041966021476837	-1.17374418313237	0.028	0.09	1	2	JMY
0.00995951939103482	-1.17374418313237	0.039	0.092	1	2	ARK2C
0.00493628741437526	-1.1759185543667	0.067	0.149	1	2	STX8
0.00492286519228812	-1.17688389066293	0.045	0.109	1	2	ZBTB44
0.00739427167167348	-1.17777969636752	0.067	0.152	1	2	SNX25
0.00210836933292084	-1.17939074627351	0.045	0.12	1	2	CHIC2
0.00291039049758579	-1.17939074627351	0.045	0.104	1	2	HIFy
0.0045866479182696	-1.17939074627351	0.039	0.116	1	2	CEP250
0.00584844309717442	-1.17939074627351	0.051	0.12	1	2	ESF1
0.000274568502778073	-1.18143857492237	0.051	0.132	1	2	RCOR3
0.00287450249181536	-1.18232802935306	0.112	0.25	1	2	XRN1
0.00109753910497113	-1.18232802935306	0.129	0.271	1	2	HSPA1A
0.000777364655481274	-1.18314288113462	0.062	0.147	1	2	ACO2
0.00363922142487231	-1.18314288113462	0.022	0.071	1	2	BUB1B
0.00649301160236889	-1.18314288113462	0.022	0.073	1	2	KRI1
0.000260600065214039	-1.18522319157566	0.112	0.253	1	2	HAPLN1
0.000966299529734271	-1.18581701543294	0.067	0.16	1	2	CNOT10
0.001079399575955	-1.18654546535546	0.107	0.234	1	2	IL13RA1
0.00172761964159812	-1.18688528282043	0.067	0.172	1	2	SCAPER
0.00287852523611031	-1.18937483484613	0.045	0.112	1	2	RUFY1
0.00601068467618936	-1.18937483484613	0.045	0.11	1	2	KDM4A
0.00885180313864137	-1.18937483484613	0.039	0.104	1	2	SFMBT1
0.000706015128203411	-1.19002926671986	0.084	0.215	1	2	OXR1
0.00100756999048953	-1.19319654579854	0.056	0.159	1	2	ALG1
0.0016586363420511	-1.19319654579854	0.051	0.134	1	2	MAP3K15
0.00673804512046651	-1.19380980618647	0.073	0.157	1	2	ZNF644
0.00236489051876968	-1.19434108773948	0.073	0.175	1	2	LENG8
0.000503014885508339	-1.1948057986602	0.084	0.183	1	2	WDFY3
0.000259745438114553	-1.19590583305653	0.084	0.207	1	2	GAB2
0.000223833538901998	-1.19619903396006	0.09	0.216	1	2	BCAS3
0.00862301755802083	-1.20175855930196	0.017	0.063	1	2	RFWD3
8.64336712231776e-05	-1.20175855930196	0.107	0.23	1	2	FLT1
0.000554638608987485	-1.20175855930196	0.039	0.112	1	2	ARHGAP45
0.000774472449642665	-1.20175855930196	0.067	0.175	1	2	ARHGAP35
0.00118698776745624	-1.20175855930196	0.039	0.109	1	2	SS18
0.00164596542076901	-1.20175855930196	0.051	0.141	1	2	NBAS
0.00196633952592929	-1.20175855930196	0.045	0.108	1	2	CDH18
0.00229086887996202	-1.20175855930196	0.062	0.145	1	2	TRAPPC11
0.00256774067436996	-1.20175855930196	0.056	0.142	1	2	AGPS
0.0027302481657095	-1.20175855930196	0.056	0.129	1	2	PDE7A
0.00290469875405072	-1.20175855930196	0.079	0.183	1	2	NEK6
0.00338830145599701	-1.20175855930196	0.045	0.108	1	2	HARS1
0.00399871598299835	-1.20175855930196	0.067	0.157	1	2	STAT1
0.00456069479268698	-1.20175855930196	0.051	0.135	1	2	DYNC2I1
0.00781514086168607	-1.20175855930196	0.022	0.072	1	2	OFD1
0.00887983331861248	-1.20175855930196	0.011	0.047	1	2	QPCTL
0.00224966377884751	-1.20175855930196	0.101	0.216	1	2	LYL1
0.00184891840955344	-1.20175855930196	0.028	0.086	1	2	SHROOM2
0.00225383054091826	-1.20175855930196	0.034	0.088	1	2	BRD8
0.000121322514906495	-1.20913808966756	0.197	0.365	1	2	ADD3
0.000352696723084165	-1.20966375738731	0.073	0.175	1	2	CHPT1
0.00222298915509908	-1.21027005915748	0.067	0.16	1	2	ZNF282
0.00450955544091487	-1.21097708933134	0.062	0.142	1	2	USF1
0.00246379191840116	-1.21181222396589	0.051	0.125	1	2	EDA
0.00258171820689292	-1.21181222396589	0.051	0.134	1	2	DOT1L
0.00640412445724596	-1.21181222396589	0.051	0.134	1	2	TTC21B
0.000244334290842233	-1.21339325978537	0.101	0.229	1	2	FRAS1
0.00241778222171137	-1.2140368890804	0.045	0.113	1	2	ALDH16A1
0.00589204585985921	-1.2140368890804	0.045	0.11	1	2	UPF3B
0.00431773509080027	-1.21556435882699	0.028	0.094	1	2	MAPRE2
0.000310593159191389	-1.21752587516028	0.062	0.172	1	2	RAD54L2
0.00282790459091909	-1.21917561237937	0.096	0.221	1	2	KAT7
0.00304943582004538	-1.22013708861682	0.022	0.078	1	2	CDK8
0.00549575198489835	-1.22013708861682	0.062	0.145	1	2	FBRSL1
0.00652116144654829	-1.22013708861682	0.022	0.075	1	2	SULT1C2
0.00769246663445444	-1.22013708861682	0.051	0.135	1	2	FAM110B
0.000364047022334193	-1.22378486563196	0.073	0.183	1	2	RNF14
0.000398629961243044	-1.22493488166806	0.09	0.219	1	2	SENP6
0.00021484815874913	-1.22534537961958	0.067	0.166	1	2	NUMA1
0.000242145292036283	-1.22555613048415	0.157	0.297	1	2	CADM1
0.00630070357303243	-1.2262116030265	0.039	0.109	1	2	INTS8
0.00227105235490246	-1.22714387772188	0.056	0.157	1	2	VANGL2
0.000453561358250909	-1.22763719112757	0.073	0.198	1	2	FGD3
0.00233630856489597	-1.22923929572407	0.039	0.102	1	2	ERN1
0.00597712578921979	-1.22923929572407	0.034	0.097	1	2	TOM1L2
0.00087476299535128	-1.23171178140359	0.051	0.137	1	2	COP1
0.000349362832172846	-1.23226064769931	0.096	0.215	1	2	EVI5
0.00974981664877744	-1.2331227302113	0.034	0.082	1	2	IQGAP3
0.00053765253263984	-1.23828443532708	0.051	0.136	1	2	THBD
0.000547068176247818	-1.24040448720145	0.079	0.204	1	2	KANSL1
0.00117593515855192	-1.2408583789909	0.067	0.173	1	2	CEP85L
0.00259900796484927	-1.24155956735994	0.056	0.129	1	2	MAN1A2
0.00389806950864158	-1.24155956735994	0.056	0.126	1	2	EEIG1
0.000466413028307652	-1.24454342579876	0.101	0.248	1	2	HDAC5
0.000321870613905345	-1.24547993673128	0.045	0.127	1	2	HDAC6
0.00354279992256249	-1.24547993673128	0.051	0.128	1	2	TYRO3
0.00445093770890629	-1.24547993673128	0.045	0.124	1	2	JAZF1
0.00115703717172269	-1.24547993673128	0.096	0.231	1	2	SCRIB
0.000590084432202246	-1.24674601407527	0.084	0.198	1	2	DDHD1
0.00284281913290691	-1.2485527707809	0.067	0.174	1	2	MAP4K5
0.00844770758881695	-1.2485527707809	0.034	0.09	1	2	ZNF414
0.000126008816430432	-1.25025707699315	0.084	0.215	1	2	ARFGEF1
0.00626687719373663	-1.25134058815252	0.051	0.136	1	2	ITPRIP
0.00135944043434798	-1.25209023485211	0.056	0.158	1	2	PDLIM7
0.000306054411599957	-1.25263972830415	0.073	0.182	1	2	GPCPD1
0.000452482488411422	-1.25263972830415	0.073	0.181	1	2	CTDP1
0.000663557865361753	-1.25263972830415	0.073	0.178	1	2	PHLDB1
0.000215381629819284	-1.25305978800748	0.079	0.195	1	2	INPP5F
9.14847941482912e-05	-1.25339132771729	0.101	0.225	1	2	NEDD4L
0.000183674338710125	-1.25339132771729	0.084	0.22	1	2	TBC1D4
0.00862742419190132	-1.25620634332434	0.039	0.101	1	2	SMARCC2
0.000417985677142966	-1.25620634332434	0.062	0.169	1	2	ARHGAP17
0.00160386833257239	-1.25620634332434	0.067	0.154	1	2	MTSS2
0.000669039609140547	-1.25804769014851	0.124	0.225	1	2	MEOX2
0.000738284294028672	-1.2591718018009	0.146	0.262	1	2	SELP
0.00117962027238016	-1.25934605085491	0.09	0.203	1	2	CHD3
0.000312339189674581	-1.26031074165708	0.056	0.165	1	2	CCM2
0.000188110072887908	-1.26065224835553	0.107	0.246	1	2	RAPGEF4
0.000265605030478903	-1.26213117728144	0.09	0.218	1	2	STXBP5
0.000344006020627858	-1.26213117728144	0.034	0.112	1	2	SETBP1
0.00635772868229529	-1.26213117728144	0.039	0.116	1	2	AKAP8
0.001533439975085	-1.26381952743421	0.028	0.088	1	2	ZNF652
0.0014549497828584	-1.26508449467079	0.062	0.144	1	2	LHFPL2
0.00305827215120542	-1.26508449467079	0.062	0.139	1	2	TRANK1
0.00120023495832786	-1.26560504132659	0.084	0.206	1	2	VPS41
0.00405542642640196	-1.26685358752385	0.051	0.123	1	2	SUZ12
0.00619472045082784	-1.26685358752385	0.022	0.067	1	2	DNAAF5
0.00751562051751019	-1.26685358752385	0.022	0.067	1	2	ZNF532
0.000219963852969763	-1.26803177872113	0.073	0.21	1	2	AHDC1
0.00360089085466246	-1.26848467310278	0.067	0.162	1	2	LIMD1
0.000592566380327872	-1.27070591301945	0.051	0.141	1	2	RANBP3
0.000122498368930753	-1.2718369950381	0.084	0.21	1	2	SH3GLB2
0.000583590007369892	-1.2718369950381	0.073	0.193	1	2	CELF2
0.000907967134804695	-1.2718369950381	0.079	0.186	1	2	ITPR3
9.07770890164079e-05	-1.2739083450578	0.067	0.187	1	2	PHF14
0.00184017293944104	-1.2739083450578	0.062	0.149	1	2	GPHN
0.0035708013079069	-1.2739083450578	0.056	0.148	1	2	DENND4B
0.00683539039410392	-1.2739083450578	0.045	0.106	1	2	KAZN
0.00797604697433852	-1.2739083450578	0.028	0.077	1	2	VKORC1L1
0.00954982755424756	-1.2739083450578	0.022	0.075	1	2	LLGL2
0.0096758805572554	-1.2739083450578	0.022	0.08	1	2	IKBIP
0.00968667267965427	-1.2739083450578	0.028	0.078	1	2	FMR1
0.000764373058433407	-1.27661255398618	0.062	0.156	1	2	TUT4
0.000168322706917315	-1.27742282923404	0.084	0.212	1	2	ANGPT2
0.0057457647481713	-1.27892641982442	0.034	0.09	1	2	ZER1
0.000821512688714941	-1.28029196184865	0.051	0.135	1	2	LIN52
0.00158465104356754	-1.28029196184865	0.056	0.134	1	2	METTL15
0.000973756227244828	-1.28092877273557	0.056	0.178	1	2	SLC38A9
0.000872306166651672	-1.28267855468553	0.056	0.153	1	2	SMC6
0.00134566435695319	-1.28267855468553	0.028	0.102	1	2	SCMH1
0.00286104620822115	-1.28267855468553	0.034	0.102	1	2	RNF217
0.00336244442756143	-1.28267855468553	0.034	0.095	1	2	BACH2
0.00138760382718198	-1.28469490028403	0.067	0.16	1	2	ATG14
0.00808069041711009	-1.28559015010543	0.045	0.11	1	2	ZCCHC14
0.000728526318269838	-1.28791520305168	0.039	0.128	1	2	TMEM269
0.00198415159401178	-1.28791520305168	0.051	0.128	1	2	COX10
0.00542632289665501	-1.29139577178664	0.028	0.077	1	2	FKBP8
0.00178408158473597	-1.29273221934945	0.067	0.167	1	2	SLC38A10
0.00583890096985409	-1.29387676129039	0.034	0.092	1	2	XKR8
0.00838113192635301	-1.29387676129039	0.034	0.091	1	2	STYX
0.00117140418099	-1.29573470751098	0.073	0.185	1	2	OSBPL10
0.000104847100807145	-1.29649904927237	0.084	0.208	1	2	ADCY9
0.00165208883941	-1.29717812438065	0.096	0.209	1	2	ZMYM4
0.00252914074895978	-1.29717812438065	0.034	0.112	1	2	MLXIP
0.000416687770870545	-1.29833181899702	0.034	0.13	1	2	BRPF3
0.000255714476581565	-1.29833181899702	0.096	0.24	1	2	SETD5
0.00642835414299975	-1.29927506521623	0.056	0.134	1	2	CCDC9
0.000213270959354421	-1.30178737763323	0.073	0.187	1	2	DENND5A
0.00577220304793337	-1.30867376321847	0.017	0.065	1	2	TRPS1
0.000105309946596385	-1.30867376321847	0.084	0.225	1	2	DGKH
0.000162372160351502	-1.30867376321847	0.051	0.16	1	2	EXD3
0.00108043366649739	-1.30867376321847	0.062	0.155	1	2	MCU
0.00134058474029904	-1.30867376321847	0.062	0.154	1	2	PREX1
0.00136487768946063	-1.30867376321847	0.045	0.12	1	2	ANKRD13A
0.00476784478769399	-1.30867376321847	0.034	0.092	1	2	UBN2
0.00579221917870872	-1.30867376321847	0.034	0.093	1	2	RPF1
0.00732549392772001	-1.30867376321847	0.011	0.055	1	2	C1GALT1C1
0.007920764435906	-1.30867376321847	0.028	0.078	1	2	IL1RAP
0.00896580881481948	-1.30867376321847	0.034	0.106	1	2	TBC1D15
0.000337126557019825	-1.31510003237791	0.073	0.191	1	2	TTC28
0.00120179521172773	-1.31657896130382	0.062	0.166	1	2	KIF3A
0.000570223214833267	-1.3172357767219	0.056	0.153	1	2	MAST2
0.00383925638519321	-1.3172357767219	0.062	0.16	1	2	BMAL1
0.0040410655508689	-1.31801162779781	0.056	0.145	1	2	CLUH
0.000235993007704388	-1.32007852649072	0.09	0.219	1	2	PRKCI
0.00244276404890801	-1.32007852649072	0.045	0.122	1	2	ZNF280D
0.000324549208552684	-1.32074659551905	0.062	0.184	1	2	TP53I11
0.00590170651003443	-1.32149780357606	0.039	0.108	1	2	PRR14
0.000129667503628606	-1.32234870011555	0.073	0.184	1	2	CCSER1
0.000160206282645574	-1.32234870011555	0.073	0.187	1	2	CSNK1G1
0.000222519079111987	-1.32234870011555	0.079	0.199	1	2	SEC63
0.00110814394325209	-1.32332053918288	0.067	0.18	1	2	DICER1
0.00488483774435814	-1.32332053918288	0.028	0.096	1	2	CDC45
0.0014401204876302	-1.32444107907679	0.062	0.165	1	2	IRF2BPL
0.0033915096515095	-1.32444107907679	0.062	0.164	1	2	INPP5B
0.00458018638784983	-1.32574727657742	0.028	0.081	1	2	STK17B
0.00955401320647764	-1.32574727657742	0.028	0.081	1	2	IRF2
0.00011553156477774	-1.32674533614049	0.079	0.221	1	2	NUP188
0.000171648630267437	-1.32674533614049	0.062	0.201	1	2	RASSF8
0.000106295323305685	-1.32786732845179	0.062	0.201	1	2	ARHGEF11
0.00331349564801857	-1.32913786577819	0.051	0.127	1	2	DNMBP
0.00615853273584707	-1.32913786577819	0.022	0.066	1	2	TBC1D24
0.00139376303597633	-1.33139383971856	0.045	0.122	1	2	INTS4
0.000260890746288761	-1.33420885532561	0.073	0.204	1	2	CORO1C
0.00111984895549772	-1.33420885532561	0.034	0.105	1	2	ZNF773
0.00198878713714718	-1.33420885532561	0.034	0.107	1	2	CD82
0.00513401941966962	-1.33420885532561	0.034	0.107	1	2	UBXN7
0.000181554702454789	-1.33420885532561	0.045	0.158	1	2	CRTC2
9.85847218901926e-05	-1.3365079714152	0.051	0.144	1	2	CNNM4
0.000920894515289571	-1.3365079714152	0.056	0.139	1	2	TSPAN2
0.00119146826300946	-1.33782010887799	0.067	0.179	1	2	ATG9A
0.00331349564801857	-1.3392620830519	0.051	0.128	1	2	SIK2
0.00586496301329339	-1.3392620830519	0.045	0.121	1	2	EPO
0.000285303043668564	-1.34003793412781	0.067	0.166	1	2	TTC7B
0.00081853559645611	-1.34262109514181	0.056	0.157	1	2	MED14
0.00635716615252271	-1.34262109514181	0.062	0.157	1	2	USP3
0.00975336953656691	-1.34262109514181	0.028	0.082	1	2	AKT2
0.00136430348679564	-1.34680889210525	0.022	0.104	1	2	CPSF6
0.00584852317932428	-1.34680889210525	0.039	0.108	1	2	ZNF592
0.000244685214465443	-1.34777358290741	0.062	0.164	1	2	LACTB
0.00335091403170451	-1.34931574771582	0.051	0.134	1	2	SMYD2
0.00392606693245478	-1.34931574771582	0.017	0.069	1	2	NCKAP5
0.00900440805641253	-1.34931574771582	0.022	0.068	1	2	C8H1orf174
0.000378133357720559	-1.34931574771582	0.079	0.189	1	2	DNMT3A
0.00083900660259862	-1.35217540185506	0.028	0.095	1	2	GTF2IRD1
0.00414957696759694	-1.35376165274701	0.045	0.124	1	2	BTAF1
0.000766820889078893	-1.35929983628844	0.062	0.163	1	2	N4BP2
0.000817364147602399	-1.35929983628844	0.045	0.134	1	2	LETM1
0.00247839560075063	-1.35929983628844	0.045	0.124	1	2	DPY19L1
0.00013678418551425	-1.35929983628844	0.09	0.229	1	2	KLF6
0.00995561411325212	-1.35929983628844	0.017	0.057	1	2	MLKL
0.000602159852853938	-1.35929983628844	0.034	0.125	1	2	DAPK2
0.000102437324838336	-1.36312154724085	0.062	0.179	1	2	RNASEK
0.000571912322388579	-1.36381531741094	0.051	0.149	1	2	WDR7
0.00124747220320193	-1.36381531741094	0.039	0.14	1	2	PRKCH
0.00159667440739571	-1.36481684125601	0.045	0.122	1	2	TRIM24
0.000123862585388244	-1.36638926107476	0.067	0.186	1	2	BTBD9
0.00138330142502488	-1.36756745227204	0.051	0.16	1	2	DPP9
0.00138556879822333	-1.36921530515353	0.051	0.131	1	2	TARS2
0.00191725217360091	-1.36921530515353	0.051	0.134	1	2	LCORL
0.000633045711336406	-1.36921530515353	0.073	0.198	1	2	RLF
0.0008944172454643	-1.36921530515353	0.073	0.185	1	2	BAHCC1
0.000877785385037924	-1.37073473135073	0.067	0.171	1	2	PPP1R12B
8.8942404486536e-05	-1.37109626375229	0.107	0.256	1	2	TRAPPC9
0.00118467868794633	-1.37168356074427	0.073	0.185	1	2	DOCK11
0.00491525725805225	-1.37168356074427	0.039	0.107	1	2	BRD10
0.000996952349465902	-1.37385793197861	0.079	0.201	1	2	MYO1E
0.00063610823205718	-1.37578795907701	0.062	0.161	1	2	KDM6A
0.000989964356740654	-1.37578795907701	0.039	0.125	1	2	ZFYVE1
0.00140828819103404	-1.37578795907701	0.039	0.122	1	2	HERPUD2
0.00191515570060546	-1.37578795907701	0.062	0.162	1	2	C1QH1orf21
0.00306353663412869	-1.37578795907701	0.039	0.125	1	2	LIN9
0.00660557235327904	-1.37578795907701	0.028	0.082	1	2	PPP1R14A
0.00797604697433852	-1.37578795907701	0.028	0.083	1	2	SNX18
0.00130766258942873	-1.37906309110987	0.051	0.135	1	2	PPP6R2
0.00177061877242049	-1.37906309110987	0.045	0.135	1	2	FAM193A
0.00310510619493659	-1.37906309110987	0.045	0.137	1	2	RAB3GAP1
0.00328855342114904	-1.38046444628649	0.028	0.092	1	2	RPS6KC1
0.00838113192635301	-1.38046444628649	0.034	0.098	1	2	OCIAD1
0.00119881694532318	-1.3817372254082	0.051	0.144	1	2	CRAMP1
0.000332238343690392	-1.38396189052271	0.079	0.195	1	2	SEMA6C
0.00153586941323047	-1.38396189052271	0.028	0.105	1	2	CDC42SE2
0.00342387013516218	-1.38396189052271	0.034	0.107	1	2	LCLAT1
0.00990984523978212	-1.38396189052271	0.017	0.057	1	2	CSNK1G2
0.000679979326622361	-1.38667627521975	0.039	0.128	1	2	KLHL20
0.0016306012901461	-1.38667627521975	0.045	0.125	1	2	DDI2
0.000314929976652921	-1.38884411190246	0.045	0.138	1	2	EHBP1L1
0.000993688216243082	-1.39061537675465	0.051	0.142	1	2	NFATC4
0.000696869878141429	-1.39208977140611	0.056	0.162	1	2	TNFSF12
0.00307483736808102	-1.39208977140611	0.028	0.085	1	2	MCRS1
0.00451608415022567	-1.39208977140611	0.028	0.084	1	2	KLF10
0.00271956821753827	-1.39440363724436	0.028	0.097	1	2	MTUS1
0.00398487557965961	-1.39440363724436	0.028	0.098	1	2	USP38
0.00711326979298262	-1.39440363724436	0.028	0.095	1	2	DCBLD2
0.00824896310515507	-1.39440363724436	0.034	0.095	1	2	ATP11C
0.00723879719384691	-1.39613660446881	0.034	0.105	1	2	SYNJ2
0.00194592267188074	-1.39748303017633	0.045	0.124	1	2	SEC24B
0.00249426392457589	-1.39748303017633	0.039	0.122	1	2	TBC1D10A
0.000265996660688472	-1.40017211770397	0.056	0.155	1	2	PDE3B
0.00476207492471799	-1.40820943676939	0.017	0.072	1	2	ZNF511
0.00572207403829669	-1.40820943676939	0.051	0.137	1	2	PTPN4
0.000186392941278494	-1.40820943676939	0.062	0.175	1	2	ARFGEF2
0.00122705913586278	-1.40820943676939	0.051	0.149	1	2	MKLN1
0.00162986281091275	-1.40820943676939	0.039	0.118	1	2	RABGGTB
0.00579566216298359	-1.40820943676939	0.039	0.107	1	2	RECQL5
0.00667660807829322	-1.40820943676939	0.017	0.057	1	2	SCAI
0.00033047127102874	-1.40820943676939	0.056	0.163	1	2	NBEAL1
0.000585101264712937	-1.40820943676939	0.056	0.165	1	2	MGAT5
0.000637339522488002	-1.40820943676939	0.051	0.144	1	2	TMEM100
0.00270574907633663	-1.40820943676939	0.034	0.1	1	2	LACTB2
0.00303138452452835	-1.40820943676939	0.022	0.087	1	2	ARRDC3
0.00554181765120006	-1.40820943676939	0.028	0.086	1	2	CCDC22
0.00560276359816203	-1.40820943676939	0.045	0.121	1	2	RBMS2
0.00680591349156662	-1.40820943676939	0.034	0.098	1	2	USP22
0.00998421527396504	-1.40820943676939	0.034	0.096	1	2	SCYL2
0.00189473764824311	-1.40949126274522	0.382	0.478	1	2	CTSL
0.00153506248343423	-1.41558896713499	0.067	0.181	1	2	NAA15
0.000787502114828729	-1.41620222752292	0.056	0.16	1	2	RAPGEF1
0.0011665172321141	-1.41620222752292	0.056	0.159	1	2	NSD1
0.00117945250011587	-1.41620222752292	0.062	0.158	1	2	MTSS1
0.00048395226329972	-1.4169266538705	0.051	0.154	1	2	PALM
0.00392204359912643	-1.41779548559859	0.051	0.134	1	2	ZNF236
0.00589204585985921	-1.4188566809689	0.045	0.12	1	2	XPO6
0.00193420124400256	-1.42018207843546	0.039	0.11	1	2	MON2
0.00418954991160589	-1.42018207843546	0.034	0.11	1	2	EVI5L
0.00584852317932428	-1.42018207843546	0.039	0.115	1	2	MED15
0.000379156717816892	-1.42188437366647	0.067	0.191	1	2	GSK3B
0.00583890096985409	-1.42188437366647	0.034	0.103	1	2	LOC138467158
0.00550318153714493	-1.42415098063841	0.028	0.088	1	2	CLN8
0.00962022041733999	-1.42415098063841	0.028	0.086	1	2	TMEM104
0.00216076748143062	-1.42731825971709	0.017	0.072	1	2	MLST8
0.000511978622743445	-1.42942592267908	0.045	0.128	1	2	BCLAF1
0.000519772883809213	-1.43023574309939	0.062	0.172	1	2	LTBP3
0.000412390491244466	-1.43205617872376	0.062	0.163	1	2	ZFR
0.0059705824314046	-1.43205617872376	0.011	0.058	1	2	TCEAL1
0.00670766624252988	-1.43205617872376	0.017	0.06	1	2	DECR2
0.00813707357242187	-1.43205617872376	0.017	0.056	1	2	SHLD2
0.00398932955547461	-1.43543090550441	0.073	0.17	1	2	EML1
0.000343667057975464	-1.43677858896616	0.051	0.135	1	2	STK25
0.00015921626934523	-1.43991829649673	0.062	0.163	1	2	CUL2
0.00451608415022567	-1.43991829649673	0.028	0.088	1	2	ANKRD13C
0.00062400282977496	-1.44276665880576	0.056	0.15	1	2	ITGA7
0.000389981926231017	-1.44617728696841	0.045	0.145	1	2	MAEA
0.00163075924138754	-1.44617728696841	0.051	0.14	1	2	DYRK1A
0.0040739235429424	-1.44617728696841	0.022	0.071	1	2	PCYT1B
0.00414767731667657	-1.44617728696841	0.022	0.072	1	2	FIRRM
0.00747193486326326	-1.44617728696841	0.022	0.075	1	2	CEP55
0.0090569510414104	-1.44617728696841	0.022	0.072	1	2	TRAF6
0.00771806331323085	-1.44617728696841	0.011	0.075	1	2	MLLT3
0.00329871446537111	-1.44885142126674	0.034	0.102	1	2	LONP1
0.00530344081179772	-1.45033491244207	0.034	0.111	1	2	FRMD4B
0.00109698407348991	-1.45551515154775	0.051	0.139	1	2	LOC138567561
9.74207602516715e-05	-1.45551515154775	0.045	0.169	1	2	BLTP3B
0.000756388396157404	-1.45551515154775	0.062	0.175	1	2	SPPL3
0.00122389388261489	-1.45551515154775	0.028	0.103	1	2	SEMA5B
0.00167330153846691	-1.45551515154775	0.034	0.12	1	2	HEXB
0.00458018638784983	-1.45551515154775	0.028	0.089	1	2	PARVA
0.000389415167672348	-1.45909060577157	0.062	0.186	1	2	DCAF8
0.00128558239884958	-1.45973973740947	0.056	0.153	1	2	TARBP1
0.000533504136148688	-1.46067685666352	0.039	0.127	1	2	TANGO2
0.00267694031640874	-1.46067685666352	0.045	0.126	1	2	GALNT10
0.000407896254191956	-1.46325080032735	0.051	0.157	1	2	FNDC1
0.00709062416388862	-1.46479296513576	0.017	0.075	1	2	NCAPG2
0.00617352578896401	-1.46710312582296	0.034	0.114	1	2	USP45
0.000302641287578512	-1.46815197722567	0.051	0.156	1	2	POR
0.00938393519666077	-1.47094519211735	0.022	0.083	1	2	FERMT3
0.000955319870335579	-1.47401149516514	0.045	0.142	1	2	KDM5B
0.00019604163154774	-1.4765154501603	0.056	0.161	1	2	VPS13D
0.000225474267598247	-1.47859876466079	0.039	0.122	1	2	RAB27A
0.00695096772314114	-1.47859876466079	0.039	0.119	1	2	TMTC2
0.00406617950925761	-1.48114095922324	0.045	0.134	1	2	GGA3
0.00468873523311327	-1.48317149445061	0.051	0.139	1	2	GAB1
0.00884752748389641	-1.48317149445061	0.022	0.07	1	2	ADGRG1
0.000520046286784469	-1.48621194877066	0.028	0.091	1	2	MAP7D1
0.00962022041733999	-1.48621194877066	0.028	0.088	1	2	LOC138567558
0.000155580546611391	-1.487379650203	0.062	0.167	1	2	MAST3
0.00150786706759354	-1.48837978545337	0.034	0.1	1	2	TESK2
0.00838113192635301	-1.48837978545337	0.034	0.107	1	2	PCM1
0.00297088887408749	-1.49126517649695	0.039	0.13	1	2	FCHO2
0.000481333419168949	-1.49486381902357	0.073	0.198	1	2	NKTR
0.000711715638250047	-1.50131884116087	0.039	0.119	1	2	CCNK
0.00342971255265766	-1.50131884116087	0.022	0.078	1	2	GDAP2
0.00504147929412314	-1.50131884116087	0.022	0.075	1	2	BLTP2
0.00990984523978212	-1.50131884116087	0.017	0.058	1	2	KIFC1
0.000384272508724134	-1.50131884116087	0.051	0.158	1	2	HIRA
0.000390554019862528	-1.50131884116087	0.073	0.202	1	2	KSR1
0.000419102297541924	-1.50131884116087	0.051	0.161	1	2	FOXP1
0.00253339272299486	-1.50131884116087	0.028	0.089	1	2	EML3
0.000567470646079713	-1.50131884116087	0.028	0.104	1	2	DOK1
0.0069461300458208	-1.50706282369567	0.169	0.251	1	2	LOC138472551
0.000141512319064952	-1.51130292973349	0.034	0.135	1	2	MTA3
0.00121874348185482	-1.51254609658412	0.028	0.111	1	2	ARHGAP26
0.00158443416384358	-1.51254609658412	0.039	0.121	1	2	STK4
0.00193936949763805	-1.51254609658412	0.034	0.115	1	2	MAPKAP1
0.00451608415022567	-1.51626918262684	0.028	0.091	1	2	AGTPBP1
0.00451608415022567	-1.51626918262684	0.028	0.091	1	2	KCNAB2
0.00955401320647764	-1.51626918262684	0.028	0.089	1	2	ZNF143
0.00419708542479543	-1.51924074915813	0.022	0.08	1	2	FAM222B
0.000528779195802285	-1.52121839859858	0.045	0.137	1	2	THADA
0.00547438629701772	-1.52368665418933	0.017	0.063	1	2	VPS45
0.00892515757688473	-1.52368665418933	0.011	0.061	1	2	PMS1
0.000106761835014651	-1.52570299978783	0.056	0.167	1	2	CPEB4
0.000258320341739192	-1.53106618455492	0.056	0.178	1	2	SNX14
9.91047761306848e-05	-1.53474184269832	0.039	0.124	1	2	LOC138526876
0.00062025166297619	-1.53474184269832	0.039	0.123	1	2	DCAF1
0.000289565568883567	-1.53694275089159	0.051	0.152	1	2	PITPNC1
0.00231149209300484	-1.53694275089159	0.022	0.08	1	2	GABPB1
0.000360628928478296	-1.54084720534751	0.039	0.131	1	2	GATAD2B
0.000884604047960503	-1.54084720534751	0.045	0.136	1	2	KIF20B
0.00019172587724667	-1.54173310960678	0.045	0.16	1	2	ADAM9
0.0054999226498662	-1.54571296051932	0.017	0.065	1	2	SPG11
0.00664555620353445	-1.54571296051932	0.017	0.062	1	2	NIN
0.000793920616044641	-1.54968186272227	0.051	0.155	1	2	TNKS2
0.00831488100773938	-1.55194491423084	0.034	0.109	1	2	LOC138570040
0.000174341097892563	-1.55443017762043	0.045	0.151	1	2	ACVR2A
0.00900440805641253	-1.55443017762043	0.022	0.078	1	2	RIPK3
0.00088144181966499	-1.55660127666206	0.039	0.122	1	2	ANGEL2
0.0015694743644004	-1.56740803161864	0.039	0.122	1	2	RB1CC1
0.000517538233473572	-1.56979857904364	0.045	0.145	1	2	EP400
0.00207026466012105	-1.57456782319151	0.028	0.095	1	2	PEX14
0.00542632289665501	-1.57456782319151	0.028	0.094	1	2	CEP89
0.000139850879417194	-1.57660696846511	0.034	0.111	1	2	ZC3H11A
0.00223522767301795	-1.57660696846511	0.034	0.109	1	2	DCAF6
0.00133327257081166	-1.58169225762489	0.056	0.17	1	2	ARHGAP6
0.00222592449941213	-1.58878168241121	0.051	0.135	1	2	GRIA3
0.00417235788154355	-1.58878168241121	0.022	0.081	1	2	LOC138471924
0.000485537810925313	-1.58878168241121	0.039	0.129	1	2	PKD1
0.000732049156257022	-1.58878168241121	0.067	0.171	1	2	FGL2
0.000746918066398861	-1.58878168241121	0.039	0.131	1	2	ATP2C1
0.00270574907633663	-1.58878168241121	0.034	0.112	1	2	NFS1
0.00482629727298677	-1.58878168241121	0.039	0.113	1	2	RALGDS
0.00990984523978212	-1.58878168241121	0.017	0.065	1	2	APOO
0.00581566487481418	-1.60085451471179	0.028	0.109	1	2	HIVEP3
0.00701487665026512	-1.60085451471179	0.028	0.109	1	2	USP42
0.00824895466025562	-1.60085451471179	0.034	0.114	1	2	ZC3H7B
0.00103954498553863	-1.60565550097561	0.022	0.083	1	2	JADE1
0.00501166476303965	-1.60565550097561	0.022	0.08	1	2	GPR155
0.00608638313453873	-1.60565550097561	0.022	0.075	1	2	MYLIP
0.00612242004884011	-1.60565550097561	0.022	0.082	1	2	P2RX4
0.000104246900910821	-1.6075182449928	0.045	0.145	1	2	KIAA0753
0.000353567024203123	-1.6075182449928	0.039	0.143	1	2	SIN3A
0.000410304300900381	-1.60984329793904	0.039	0.13	1	2	ATM
0.00667660807829322	-1.60984329793904	0.017	0.066	1	2	AMPD2
0.00270574907633663	-1.61282715637786	0.034	0.115	1	2	VPS9D1
0.00321825967570454	-1.61282715637786	0.034	0.108	1	2	IRAK2
0.00478244953955439	-1.61282715637786	0.028	0.101	1	2	PLPPR5
0.000174990487943017	-1.61679605858081	0.062	0.171	1	2	PRKCA
0.000331239416174425	-1.61679605858081	0.045	0.139	1	2	SYTL3
0.0030529119797318	-1.61679605858081	0.028	0.095	1	2	CDYL
0.00127170013747195	-1.62025991388438	0.039	0.128	1	2	ZNF618
0.00501167140466442	-1.62233424212224	0.022	0.082	1	2	DPHD
0.00321825967570454	-1.62470125666615	0.034	0.111	1	2	TSNARE1
0.000557246505627442	-1.63060185810584	0.028	0.114	1	2	SLC9A9
0.000624028186441696	-1.63060185810584	0.034	0.133	1	2	MADD
0.00301927500811132	-1.63060185810584	0.017	0.069	1	2	RP2
0.00365552465088809	-1.63060185810584	0.017	0.067	1	2	ZNHIT6
0.00660557235327904	-1.63060185810584	0.028	0.1	1	2	TYW1
0.00664555620353445	-1.63060185810584	0.017	0.066	1	2	LOC138515867
0.000108199535198265	-1.63434425979165	0.056	0.174	1	2	CASTOR1
0.000164386378220858	-1.63647842444251	0.028	0.109	1	2	ARHGEF15
0.0012416947699325	-1.63647842444251	0.034	0.116	1	2	FAM193B
0.00419708542479543	-1.63882236491081	0.022	0.085	1	2	ACSS2
0.000738671912342212	-1.64087019355966	0.034	0.126	1	2	PHF19
0.000202292499540902	-1.64427679500291	0.034	0.144	1	2	ARHGAP39
0.00211539855574816	-1.64427679500291	0.028	0.101	1	2	SLC25A51
0.00304295040740316	-1.64427679500291	0.011	0.05	1	2	REXO5
0.00124322444380562	-1.64816022949014	0.028	0.117	1	2	INTS6
0.00109639900878458	-1.65106596066555	0.017	0.07	1	2	CACTIN
0.00245731044057683	-1.65106596066555	0.017	0.069	1	2	TFAM
0.00986409794536135	-1.65106596066555	0.017	0.067	1	2	SLC43A1
0.00417235788154355	-1.65512417723991	0.022	0.084	1	2	EIF4ENIF1
0.00501167140466442	-1.65512417723991	0.022	0.083	1	2	ABCC3
0.00204869501621842	-1.65782332684086	0.022	0.099	1	2	DSP
0.00443699442328116	-1.65782332684086	0.022	0.099	1	2	LOC138534787
0.00217995083532162	-1.65974820376535	0.034	0.116	1	2	KIF2A
0.000406336878759697	-1.66119017793926	0.039	0.133	1	2	VAC14
0.000520046286784469	-1.67124384260318	0.028	0.103	1	2	ACAD10
0.00368993149717757	-1.67124384260318	0.017	0.07	1	2	DNMT3B
0.00747193486326326	-1.67124384260318	0.022	0.083	1	2	DSE
0.000455291301511231	-1.67124384260318	0.034	0.115	1	2	FBXO42
0.00327176554235514	-1.67124384260318	0.034	0.118	1	2	MYSM1
8.95419887992192e-05	-1.68012199394964	0.039	0.146	1	2	TRIM25
0.000270211072871239	-1.68122793117581	0.039	0.135	1	2	BTBD8
0.000217868150992747	-1.68264860587543	0.022	0.103	1	2	SORL1
0.00172716996657451	-1.68454066521664	0.028	0.104	1	2	CRYL1
0.00417235788154355	-1.6871853864722	0.022	0.088	1	2	CDC40
0.000124857126918318	-1.68894584433664	0.045	0.149	1	2	ABI2
0.000596989811552429	-1.69114340004089	0.022	0.116	1	2	ITGB3
0.00365552465088809	-1.69114340004089	0.017	0.07	1	2	ZFR2
0.00661452114426733	-1.69114340004089	0.017	0.067	1	2	KEAP1
0.00995561411325212	-1.69114340004089	0.017	0.071	1	2	BTBD10
0.00565268115260661	-1.69771605396437	0.011	0.054	1	2	WRAP73
0.00900440805641253	-1.70295270233052	0.022	0.085	1	2	ECD
0.00152236299731602	-1.70519117452652	0.028	0.118	1	2	USP8
0.000126985592251278	-1.71077220678982	0.034	0.139	1	2	MECP2
0.00171475406324237	-1.71077220678982	0.028	0.106	1	2	DTX3L
0.00246884384578018	-1.71077220678982	0.017	0.072	1	2	DOP1B
0.00450648021574216	-1.71077220678982	0.017	0.073	1	2	ELP3
0.00775618377374641	-1.71077220678982	0.028	0.093	1	2	SLCO2B1
0.000128080929940824	-1.72048736162303	0.034	0.139	1	2	KLHL12
0.000799186820737204	-1.72048736162303	0.039	0.118	1	2	EPS8
0.000635884921614383	-1.72371126249732	0.028	0.104	1	2	PTPN3
0.000788225433540791	-1.72371126249732	0.028	0.109	1	2	PHF3
0.00375873877538363	-1.72371126249732	0.011	0.055	1	2	ELL3
0.00840258738828244	-1.72371126249732	0.011	0.051	1	2	KCNK5
0.000412711250796141	-1.73013753165675	0.034	0.132	1	2	RAMP2
0.000889394235923258	-1.73013753165675	0.017	0.073	1	2	GABPB2
0.00301927500811132	-1.73013753165675	0.017	0.07	1	2	TFRC
0.00664555620353445	-1.73013753165675	0.017	0.072	1	2	BROX
0.00802397364914768	-1.73013753165675	0.017	0.064	1	2	SLIT3
0.0015247519045312	-1.73397959795115	0.022	0.085	1	2	FTO
0.00156198352258343	-1.73397959795115	0.022	0.091	1	2	ACADS
0.00229768507961116	-1.73397959795115	0.022	0.089	1	2	RBL2
0.00232532122270836	-1.73397959795115	0.022	0.089	1	2	CUL4A
0.000621977031970842	-1.7365353028549	0.028	0.101	1	2	FCHO1
0.0032417129010347	-1.73835803846172	0.028	0.119	1	2	AVEN
0.00227145678834789	-1.73972358048595	0.039	0.133	1	2	PRKDC
0.000729841104884803	-1.74163317049458	0.096	0.222	1	2	CLCA1
0.000156245458053729	-1.74339362835902	0.062	0.207	1	2	TRPM7
0.000854707445399395	-1.74924635460446	0.022	0.092	1	2	TGS1
0.00365552465088809	-1.74924635460446	0.017	0.071	1	2	RDH16
0.000265049985402216	-1.74924635460446	0.022	0.1	1	2	PDE10A
0.00563408135306816	-1.74924635460446	0.011	0.054	1	2	ZNF106
0.00692762274847056	-1.74924635460446	0.011	0.055	1	2	SKA3
0.000655724619414814	-1.7561327401897	0.051	0.145	1	2	RASA4
0.000101955124190334	-1.75765859442066	0.045	0.155	1	2	EP300
0.00299108313960043	-1.76810538185577	0.017	0.074	1	2	SPG7
0.00817480054744319	-1.76810538185577	0.017	0.073	1	2	LPCAT2
0.00972704207828791	-1.76810538185577	0.017	0.068	1	2	GPR176
0.00093440163167624	-1.77433733556729	0.028	0.106	1	2	FBXL20
0.00246884384578018	-1.78672106002312	0.017	0.076	1	2	CLK3
0.00670766624252988	-1.78672106002312	0.017	0.073	1	2	SIPA1
0.000839460712530052	-1.79199600206379	0.034	0.126	1	2	PI4KA
0.000693789823735923	-1.79410059038872	0.022	0.091	1	2	KLHL5
0.00153403655236554	-1.79410059038872	0.022	0.09	1	2	RUSC2
0.00220780951061842	-1.7959395900525	0.039	0.136	1	2	GPD2
0.000421821345943818	-1.79899938980156	0.028	0.111	1	2	LOC138516963
0.000948185317972779	-1.79899938980156	0.028	0.109	1	2	TTC27
0.00459527552168411	-1.79899938980156	0.011	0.057	1	2	MTFR2
0.00559672420512628	-1.79899938980156	0.011	0.054	1	2	FOXO3
0.00692762274847056	-1.79899938980156	0.011	0.057	1	2	ULK4
0.00133183677160658	-1.80509958933797	0.017	0.076	1	2	STK11IP
0.00448550935257721	-1.80509958933797	0.017	0.076	1	2	LTO1
0.00670766624252988	-1.80509958933797	0.017	0.077	1	2	EIF2B3
0.00278329448710589	-1.80874736635312	0.022	0.091	1	2	CEP97
0.000267533413914297	-1.82324693604823	0.034	0.136	1	2	GAB3
0.000339302315101222	-1.82324693604823	0.028	0.106	1	2	RXRA
0.00112285025679762	-1.82324693604823	0.028	0.107	1	2	PIK3CB
0.00127096570315193	-1.82324693604823	0.022	0.096	1	2	CLASRP
0.00688195092729725	-1.82324693604823	0.011	0.056	1	2	MSH3
8.5430551264674e-05	-1.8376022290253	0.045	0.157	1	2	ABLIM1
0.0002012250808771	-1.8376022290253	0.022	0.094	1	2	CHST14
0.00108615905130026	-1.8411688440455	0.017	0.077	1	2	WBP1L
0.00245731044057683	-1.8411688440455	0.017	0.079	1	2	DHRS7B
0.000114266531239506	-1.8470936780026	0.039	0.139	1	2	LOC138531582
0.00954982755424756	-1.8470936780026	0.022	0.105	1	2	THRA
0.00017193387399441	-1.85004699539195	0.039	0.141	1	2	SDR39U1
0.00501166476303965	-1.851816088245	0.022	0.097	1	2	TMCO3
9.10174998040784e-05	-1.86388892054558	0.034	0.134	1	2	CEP350
0.00688195092729725	-1.87055265082659	0.011	0.055	1	2	PLCL1
0.00692762274847056	-1.87055265082659	0.011	0.061	1	2	GPKOW
0.000110938246767142	-1.8738730091182	0.034	0.128	1	2	CTDSP1
0.00133812363016751	-1.8763582725078	0.017	0.08	1	2	WDR25
0.000763359578143539	-1.8798304644146	0.017	0.083	1	2	TGM2
0.0012556989583773	-1.8798304644146	0.022	0.096	1	2	ANKRD27
0.00725500676205318	-1.8798304644146	0.022	0.089	1	2	PRR5L
0.00446453657864745	-1.89363626393963	0.017	0.074	1	2	ITGB5
0.00690481626548228	-1.89363626393963	0.011	0.06	1	2	VPS37A
0.00843065362787536	-1.89363626393963	0.011	0.059	1	2	PITPNM1
0.00848659245326388	-1.89363626393963	0.011	0.061	1	2	MRPS7
0.00108633127511881	-1.91635634043971	0.011	0.061	1	2	IRF5
0.00201815642794723	-1.91635634043971	0.011	0.061	1	2	RNF20
0.00845865562998769	-1.91635634043971	0.011	0.058	1	2	CYP7B1
0.00183866936919742	-1.92085773267465	0.022	0.096	1	2	GPSM2
0.00816169609761579	-1.92758359586297	0.006	0.042	1	2	SMPD4
0.00246884384578018	-1.92758359586297	0.017	0.084	1	2	POP1
0.000834249662250005	-1.93427824843698	0.022	0.102	1	2	TAPT1
0.00133749794778472	-1.93872415346817	0.006	0.059	1	2	EEF2K
0.00667402887900923	-1.93872415346817	0.011	0.042	1	2	TRBC1
0.00690481626548228	-1.93872415346817	0.011	0.058	1	2	LOC138491940
0.000550877227864673	-1.94189143254685	0.034	0.135	1	2	DDHD2
0.000248196579624176	-1.9442623370096	0.034	0.124	1	2	AHRR
0.00297698375536992	-1.9442623370096	0.017	0.076	1	2	DTNB
0.000849585156519317	-1.94757507105043	0.022	0.104	1	2	PDPR
0.00412304991413573	-1.94757507105043	0.022	0.097	1	2	NUP133
0.00662862931647719	-1.96075045979817	0.006	0.043	1	2	NRDE2
0.00816169609761579	-1.96075045979817	0.006	0.043	1	2	KANSL2
0.00816169609761579	-1.96075045979817	0.006	0.043	1	2	LOC138498117
0.0030051819580107	-1.96075045979817	0.017	0.083	1	2	TYK2
0.00563408135306816	-1.96075045979817	0.011	0.063	1	2	PIGG
0.00124827851187221	-1.96729330566494	0.045	0.149	1	2	VEGFA
8.95921316069436e-05	-1.96892439124387	0.039	0.155	1	2	MTMR12
9.0949428995104e-05	-1.96892439124387	0.034	0.144	1	2	ASAP3
0.000205603725607951	-1.96892439124387	0.022	0.111	1	2	ANKFN1
0.00133183677160658	-1.97705227212727	0.017	0.084	1	2	TSC2
0.00159396805039434	-1.97936613796552	0.034	0.116	1	2	PDE4A
0.00303285256158103	-1.98244553089749	0.011	0.061	1	2	PPIL2
0.00305301750986616	-1.98244553089749	0.011	0.064	1	2	MIPOL1
0.000162459601558184	-1.98674566833111	0.022	0.106	1	2	SPOP
0.000834249662250005	-1.98674566833111	0.022	0.105	1	2	IKBKB
0.000203292591153786	-1.98858466799489	0.034	0.141	1	2	SNX29
0.00814735334650152	-1.99317193749054	0.006	0.042	1	2	MEDAG
0.000881045611646719	-2.00911348135957	0.017	0.083	1	2	CDC14B
0.000951282085872978	-2.00911348135957	0.011	0.084	1	2	ARHGAP44
0.00201740793234316	-2.00911348135957	0.017	0.087	1	2	PIGN
0.00155265495309875	-2.01228076043825	0.022	0.11	1	2	IFNGR1
0.000183673346958168	-2.01438842340024	0.028	0.127	1	2	MYRIP
0.00027469835017896	-2.01438842340024	0.028	0.122	1	2	MORC3
0.00138424740068674	-2.01589201399063	0.034	0.121	1	2	TIAM1
0.000151218387334139	-2.03737174140108	0.017	0.106	1	2	MGAT4B
0.00197021086974089	-2.0404776522689	0.017	0.084	1	2	DYRK1B
0.00242267985011805	-2.0404776522689	0.017	0.082	1	2	KIF23
0.00376953943649791	-2.04563935738468	0.017	0.103	1	2	PCBP3
0.000109974377922972	-2.05151592372135	0.034	0.151	1	2	PPIP5K2
0.000727770729553079	-2.05590769283851	0.017	0.091	1	2	LCMT1
0.00538337203436604	-2.05590769283851	0.006	0.046	1	2	EFCAB7
0.00661451151439188	-2.05590769283851	0.017	0.084	1	2	TRPV4
0.000913879605639302	-2.05590769283851	0.028	0.124	1	2	INPP4B
0.00201815642794723	-2.0661034599444	0.011	0.068	1	2	ODF2
0.00249501635574737	-2.0661034599444	0.011	0.07	1	2	MAFG
0.00565268115260661	-2.0661034599444	0.011	0.067	1	2	ASH2L
0.000105003761568446	-2.07420850958145	0.022	0.106	1	2	SORBS3
0.000304309719296511	-2.07420850958145	0.022	0.112	1	2	PPA2
0.000934398996589408	-2.0762276772181	0.028	0.125	1	2	SEC14L1
0.000198793636221575	-2.08628134188203	0.022	0.11	1	2	TRIM37
0.00249501635574737	-2.08628134188203	0.011	0.071	1	2	AGBL5
0.00020244079546231	-2.0982539835481	0.022	0.114	1	2	CDK5RAP2
0.001344403450914	-2.101231683348	0.017	0.093	1	2	CCS
0.00285920176139561	-2.10335485524097	0.034	0.119	1	2	SNCA
0.000198793636221575	-2.11012808383639	0.022	0.108	1	2	ZNF451
0.000555890954913446	-2.11012808383639	0.022	0.112	1	2	ACACB
0.00458007434858347	-2.12580970606866	0.011	0.071	1	2	STX6
0.00563408135306816	-2.12580970606866	0.011	0.07	1	2	WDR62
0.0078735844124244	-2.13067546124048	0.017	0.071	1	2	MEGF11
0.000552486607026794	-2.1451750309356	0.022	0.11	1	2	WDR59
0.00201815642794723	-2.1451750309356	0.011	0.068	1	2	PHAF1
0.00247868683230554	-2.1451750309356	0.011	0.068	1	2	JUP
0.00306304795036618	-2.1451750309356	0.011	0.074	1	2	AMMECR1L
0.000586849554686144	-2.1451750309356	0.017	0.093	1	2	CPPED1
0.00537406680880393	-2.1451750309356	0.006	0.048	1	2	NIPAL3
0.00840705663137374	-2.1451750309356	0	0.024	1	2	LOC138472815
0.000121487074351526	-2.1642838538833	0.028	0.137	1	2	ANO10
0.00201815642794723	-2.1642838538833	0.011	0.072	1	2	CDPK5
0.00848659245326388	-2.1642838538833	0.011	0.071	1	2	IFT80
0.000710785714285535	-2.17374418313237	0.017	0.091	1	2	KNTC1
0.00249501635574737	-2.18314288113462	0.011	0.075	1	2	RBM42
0.00375873877538363	-2.18314288113462	0.011	0.074	1	2	RNPEP
0.00296287035383043	-2.18781936834409	0.017	0.096	1	2	MFN1
0.000108237104528462	-2.19061800169676	0.022	0.125	1	2	TMEM94
0.00202479812294872	-2.20175855930196	0.011	0.075	1	2	EXOC3L1
0.00301253381473211	-2.20175855930196	0.011	0.066	1	2	CXADR
0.00304295040740316	-2.20175855930196	0.011	0.073	1	2	MAP2K7
0.00436426906078755	-2.20175855930196	0.006	0.048	1	2	SDCCAG8
0.00848659245326388	-2.20175855930196	0.011	0.075	1	2	TJAP1
0.00108633127511881	-2.22013708861682	0.011	0.071	1	2	RNF24
0.00247047874214001	-2.22013708861682	0.011	0.067	1	2	MARCHF2
0.0037216163848493	-2.22013708861682	0.011	0.073	1	2	FANCC
0.00288211569956503	-2.22923929572407	0.006	0.05	1	2	ZDBF2
0.00662862931647719	-2.22923929572407	0.006	0.052	1	2	VPS36
0.000134518482394269	-2.25620634332434	0.017	0.1	1	2	BCAR1
0.000720992227404467	-2.28267855468553	0.017	0.102	1	2	BARD1
0.0053646721412876	-2.28267855468553	0.006	0.051	1	2	LOC138489829
0.000163445647814763	-2.28791520305168	0.022	0.132	1	2	DCLK2
0.000206671212869464	-2.30867376321847	0.017	0.105	1	2	LOC138570801
0.00537406680880393	-2.30867376321847	0.006	0.053	1	2	SUN1
0.000287785040812745	-2.3189420986723	0.022	0.1	1	2	BRIP1
0.000204736697394995	-2.32149780357606	0.017	0.102	1	2	CDC27
0.000470999311057047	-2.32574727657742	0.011	0.078	1	2	WDPCP
0.00100886988180192	-2.33420885532561	0.006	0.051	1	2	POLQ
0.00189256551948595	-2.33420885532561	0.006	0.053	1	2	STX3
9.79451582805104e-05	-2.34262109514181	0.028	0.147	1	2	PTPN14
0.000472511608604574	-2.34262109514181	0.011	0.081	1	2	ACBD6
0.000719459957801984	-2.35929983628844	0.011	0.083	1	2	EDC3
0.00247868683230554	-2.35929983628844	0.011	0.082	1	2	METAP1D
0.000419420189616384	-2.38396189052271	0.011	0.106	1	2	BANP
0.00233570891870463	-2.38396189052271	0.006	0.057	1	2	NOM1
0.00831812348235836	-2.40820943676939	0.011	0.074	1	2	TTC7A
0.000153605454681591	-2.41779548559859	0.022	0.109	1	2	LRG1
0.000166008991547272	-2.42018207843546	0.017	0.105	1	2	DGKA
0.000142860696098419	-2.42867353932911	0.028	0.132	1	2	SEMA3A
0.00153826817890918	-2.43205617872376	0.006	0.057	1	2	ZNF366
0.00287728401348444	-2.43205617872376	0.006	0.059	1	2	GBE1
0.00662862931647719	-2.43205617872376	0.006	0.058	1	2	PIGX
0.000469475737425256	-2.43991829649673	0.011	0.085	1	2	FANCL
0.000253315307164032	-2.45551515154775	0.011	0.088	1	2	ETFDH
0.00164244791833564	-2.45551515154775	0.011	0.083	1	2	LOC138448811
0.00661707216951646	-2.45551515154775	0.006	0.057	1	2	MTMR2
0.000252537994391236	-2.47094519211735	0.011	0.09	1	2	PIAS4
0.00233570891870463	-2.50131884116087	0.006	0.059	1	2	ZNF516
0.000165030092161013	-2.50131884116087	0.011	0.089	1	2	SETDB2
0.000539006530862427	-2.52368665418933	0.006	0.063	1	2	CCNT1
0.00154075495009895	-2.52368665418933	0.006	0.063	1	2	GTF2H2
0.00124590652437311	-2.54571296051932	0.006	0.063	1	2	DTNBP1
0.0068135363658309	-2.54571296051932	0	0.032	1	2	ABCB10
0.00667443748693794	-2.56021253021444	0.011	0.053	1	2	SLC26A10P
0.00163160075939605	-2.57456782319151	0.011	0.089	1	2	KLF12
0.000663113468394947	-2.58878168241121	0.006	0.061	1	2	UBA7
0.00840705663137374	-2.58878168241121	0	0.033	1	2	GTF3C5
0.000717150737264516	-2.60285686762293	0.011	0.097	1	2	BTN2A1
0.000539809324221449	-2.60984329793904	0.006	0.068	1	2	FAM124B
0.00287728401348444	-2.60984329793904	0.006	0.066	1	2	LOC138527462
0.00288211569956503	-2.60984329793904	0.006	0.067	1	2	ARHGAP42
0.000203250326054936	-2.61679605858081	0.011	0.094	1	2	TBC1D30
0.00189571111236357	-2.67124384260318	0.006	0.069	1	2	LOC138567600
0.00840705663137374	-2.67124384260318	0	0.035	1	2	PSMG3
0.00288211569956503	-2.69114340004089	0.006	0.065	1	2	TMEM26
0.00035355251079537	-2.71077220678982	0.006	0.072	1	2	TXLNG
0.00363264888616098	-2.74924635460446	0	0.037	1	2	MMAA
0.000353036302213119	-2.78672106002312	0.006	0.073	1	2	POLD1
0.00101211788706909	-2.78672106002312	0.006	0.076	1	2	ST3GAL3
0.00294644753841417	-2.82324693604823	0	0.039	1	2	CNNM2
0.00434906758917968	-2.8411688440455	0.006	0.071	1	2	MYO7A
0.00840705663137374	-2.89363626393963	0	0.041	1	2	AAAS
0.0019505459276628	-2.90504102721188	0.011	0.079	1	2	LOC138577431
0.00195053628282555	-2.91635634043971	0.011	0.08	1	2	SHISA6
0.00447912338982517	-2.92758359586297	0	0.042	1	2	SPSB1
0.00015122947365176	-2.9442623370096	0.006	0.078	1	2	RAB40B
0.00840705663137374	-2.96075045979817	0	0.039	1	2	RENBP
0.000122380974359209	-2.97705227212727	0.006	0.084	1	2	ANAPC4
0.00294644753841417	-2.99317193749054	0	0.042	1	2	RMDN2
0.000121720112784127	-2.99317193749055	0.006	0.082	1	2	PRDM15
0.00157341615442332	-3.02488079721788	0	0.04	1	2	CDCA2
0.00101370603652	-3.0404776522689	0.006	0.087	1	2	ZNF512B
0.00294718789849771	-3.05590769283851	0	0.044	1	2	FAM19A1
0.00363348588436772	-3.05590769283851	0	0.045	1	2	KBTBD11
0.00681471855978999	-3.05590769283851	0	0.044	1	2	KCNC1
0.000122059016137328	-3.07117444949182	0.006	0.089	1	2	AFG1L
0.00124386254099089	-3.07117444949182	0.006	0.077	1	2	MARCHF1
0.00238998954558791	-3.08628134188203	0	0.047	1	2	GZF1
0.00447912338982517	-3.08628134188203	0	0.047	1	2	RNFT2
0.00294718789849771	-3.11602868527608	0	0.045	1	2	PRDM10
0.00552574912738608	-3.11602868527608	0	0.044	1	2	BMP6
0.000705416359523374	-3.12580970606866	0.011	0.105	1	2	PLCE1
0.000532995762594449	-3.17374418313237	0.006	0.082	1	2	ABLIM2
0.00043394201138241	-3.18781936834409	0.006	0.092	1	2	PPP2R3A
0.000186781317337933	-3.22923929572407	0.006	0.099	1	2	ZYG11B
0.0035000366321011	-3.2695031659378	0.006	0.064	1	2	SCIN
0.000281735601217755	-3.28267855468553	0.006	0.08	1	2	GALR1
0.00103498037273401	-3.30867376321847	0	0.052	1	2	TMCO4
0.00294786666041649	-3.30867376321847	0	0.051	1	2	LOC138568991
0.000551044075947817	-3.45551515154775	0	0.06	1	2	CLOCK
0.00448238101072964	-3.47859876466079	0	0.051	1	2	CHAD
0.00127577308647496	-3.50131884116087	0	0.062	1	2	FOXJ2
0.00127617988092978	-3.50131884116087	0	0.056	1	2	ANKRD6
0.000680142865696053	-3.52368665418933	0	0.063	1	2	MTFR1
0.000237372994468877	-3.58878168241121	0	0.066	1	2	MRE11
0.00448300166289245	-3.60984329793904	0	0.051	1	2	TC2N
9.74631249754768e-05	-3.63060185810584	0.006	0.096	1	2	PGF
0.00127690534847479	-3.65106596066555	0	0.061	1	2	BCL2
0.00239179125027975	-3.65106596066555	0	0.059	1	2	SEMA3D
0.00294786397737758	-3.69114340004089	0	0.061	1	2	CYGB
9.63754941780182e-35	1.77021012465365	0.856	0.381	1.15737330958382e-30	3	XIRP2
1.07442351721364e-31	-2.95938441117455	0.4	0.772	1.29027520182186e-27	3	PRSS23
5.23230538218897e-27	1.54701979531462	0.863	0.562	6.28347553347074e-23	3	ADCY4
7.23823587537662e-26	1.4908274274703	0.812	0.404	8.69239746273978e-22	3	PLCB1
1.03171731936445e-21	-0.723141091356604	1	1	1.23898932882477e-17	3	ACTB
3.39420907165115e-21	3.00702042767777	0.319	0.063	4.07610567414587e-17	3	ANKFN1
5.47578180690178e-21	1.88046130180146	0.537	0.199	6.57586637190835e-17	3	SELP
1.79299898474597e-20	2.54933859099043	0.338	0.07	2.15321248078144e-16	3	EPS8
9.14797243600656e-20	1.04237860227055	0.875	0.549	1.09858000984003e-15	3	RAMP3
1.42150700665531e-19	1.3429884451424	0.662	0.304	1.70708776429236e-15	3	TACR1
8.52069313683392e-18	1.85967871160259	0.388	0.131	1.02325003880239e-13	3	TP53I11
1.16221941031899e-17	2.50814690367033	0.362	0.095	1.39570928985208e-13	3	RASA4
1.68887925441564e-16	-0.753143471075463	0.988	0.981	2.02817509662775e-12	3	VIM
1.80911114004825e-16	-1.20558963708422	0.388	0.695	2.17256156808395e-12	3	RALB
4.13552079171321e-16	-2.50413142610811	0.262	0.577	4.9663469187684e-12	3	IGFBP1
6.59578829092293e-16	1.51660848241852	0.512	0.201	7.92088215856935e-12	3	SLC16A2
7.81576977596945e-16	0.913809096271669	0.925	0.686	9.38595792396171e-12	3	SHANK3
9.62989020808153e-16	-0.963339556195887	0.819	0.926	1.15645351508851e-11	3	TXN
1.43400688082576e-15	1.20265225129778	0.631	0.307	1.72209886318366e-11	3	EPAS1
6.09414781133971e-15	1.30325476541665	0.775	0.539	7.31846210663786e-11	3	DOCK9
9.67450419673146e-15	1.51525729283352	0.481	0.199	1.16181120898548e-10	3	PPP1R16B
2.04962216720609e-14	-1.85291297454969	0.288	0.57	2.46139126059779e-10	3	FAM107B
2.34264175538002e-14	1.25583890442959	0.65	0.363	2.81327848403586e-10	3	NHSL2
3.1795048881584e-14	-0.994214079694694	0.637	0.817	3.81826742018942e-10	3	TUBB4A
3.94492281904155e-14	2.00488222137975	0.331	0.092	4.737457813387e-10	3	LOC138531582
4.85586989191161e-14	1.42552987309649	0.475	0.217	5.83141415319666e-10	3	GSE1
5.92252820772387e-14	-0.509912750721078	1	1	7.1123641246556e-10	3	CIRBP
1.33381166820375e-13	-1.16287337867203	0.4	0.673	1.60177443234588e-09	3	LDHA
3.12685795704162e-13	2.08524728661851	0.3	0.08	3.75504372061128e-09	3	EPO
1.11284467911857e-12	-1.36683645236956	0.356	0.644	1.33641517515349e-08	3	MYADM
1.33985928004395e-12	0.987756404245253	0.55	0.287	1.60903700940478e-08	3	TNFAIP8L1
3.11125048701123e-12	-1.04065979016157	0.656	0.821	3.73630070985178e-08	3	TUBA1C
4.35282328353266e-12	1.55492367433977	0.562	0.29	5.22730548119437e-08	3	GGT5
5.2851925591389e-12	0.786054585985649	0.775	0.495	6.34698774426991e-08	3	ESAM
6.2684727482796e-12	1.75937200721449	0.344	0.107	7.52780892340897e-08	3	BEGAIN
6.55314920441831e-12	1.6463630453853	0.369	0.131	7.86967687958594e-08	3	CRTAC1
6.88122503228563e-12	2.03522848831098	0.275	0.072	8.26366314127182e-08	3	MEOX1
7.02456405271518e-12	2.06853138167082	0.325	0.118	8.43579897090565e-08	3	LFNG
8.08019027593739e-12	1.67292860183668	0.412	0.178	9.70350050237322e-08	3	MEOX2
9.83321202682433e-12	2.36257007938471	0.219	0.052	1.18087043230133e-07	3	SORBS2
1.16413955022732e-11	1.16839753169572	0.525	0.26	1.39801518586799e-07	3	CD200
2.32634116340643e-11	1.31366047890376	0.388	0.175	2.79370310313478e-07	3	LOC138511292
3.3124488339013e-11	-6.65954999687987	0	0.217	3.97791980463207e-07	3	RELN
6.68984402711669e-11	1.26415494572771	0.544	0.3	8.03383369216444e-07	3	LHFPL7
7.00878003070675e-11	1.54272005221775	0.325	0.11	8.41684393887574e-07	3	ARHGAP7
7.70058117342131e-11	-0.864356551769964	0.806	0.892	9.24762793116165e-07	3	PFN1
1.11090232708613e-10	-5.81698362325538	0.025	0.235	1.33408260459774e-06	3	HAPLN3
1.18402022061971e-10	-1.23656992494229	0.444	0.669	1.42188988294221e-06	3	JPT1
1.78436486421465e-10	1.0236243040702	0.719	0.549	2.14284376543537e-06	3	LOC138515939
2.19152765445212e-10	1.00051241166971	0.5	0.273	2.63180556023155e-06	3	RHAG
2.25219012100533e-10	1.55731974565203	0.438	0.221	2.7046551163153e-06	3	HDAC7
2.58128405596759e-10	1.47643804394299	0.425	0.193	3.09986402281147e-06	3	MAST4
3.37243721583571e-10	0.98512672351847	0.6	0.344	4.0499598524971e-06	3	APLNR
4.1091828128547e-10	1.76246409240301	0.238	0.077	4.93471763995721e-06	3	ACACB
9.86872695254588e-10	1.09722551286371	0.5	0.267	1.18513541973123e-05	3	VWCE
1.03066529174183e-09	0.687376312402727	0.838	0.655	1.23772594885277e-05	3	LIFR
1.35526500856368e-09	-4.90312867681232	0.006	0.201	1.62753774878412e-05	3	UNC5B
1.74866422008678e-09	2.43928504552552	0.175	0.038	2.09997086190221e-05	3	RGS5
1.86244378330788e-09	1.2736816500333	0.444	0.214	2.23660873937443e-05	3	RASAL2
1.94320704796766e-09	1.09310940439148	0.425	0.214	2.33359734390436e-05	3	NHERF2
2.22709456138394e-09	0.771181309504119	0.806	0.534	2.67451785876597e-05	3	KDR
2.42555024115866e-09	-0.960661852049499	0.331	0.567	2.91284328460743e-05	3	CYCS
2.47616082245218e-09	0.930714705099836	0.556	0.293	2.97362153168282e-05	3	TTN
2.60707825386678e-09	-3.95128471496697	0.006	0.177	3.13084027506862e-05	3	SRGN
3.26640354741014e-09	0.753571909910741	0.787	0.595	3.92262402008484e-05	3	PECAM1
3.42041260683998e-09	0.890082307921965	0.594	0.357	4.10757349955413e-05	3	PREX2
3.57149425666749e-09	-0.863349168915258	0.581	0.76	4.28900745283199e-05	3	CALM2
4.39053947963581e-09	1.90363160552777	0.144	0.031	5.27259886109464e-05	3	SLC26A10P
4.86743133926369e-09	0.669772581894151	0.838	0.672	5.84529829532177e-05	3	LOC138504630
7.77005756502318e-09	1.73053932500677	0.262	0.092	9.33106212983633e-05	3	RAPGEF3
8.46531276784496e-09	-0.593783781911663	0.881	0.932	0.00010165994102905	3	MYL6P1
9.39437863329348e-09	-0.361180547612816	0.994	0.998	0.000112817093007221	3	CIRP
1.00998683628099e-08	1.08830841812766	0.6	0.377	0.000121289319168984	3	DIAPH2
1.06405626877932e-08	1.81557542886257	0.175	0.052	0.000127782517317709	3	MYZAP
1.15982585843484e-08	1.15163548099794	0.462	0.253	0.00013928348733944	3	TJP2
1.37035580538146e-08	-1.46621327517158	0.212	0.443	0.000164566028668259	3	CLDN11
1.48108759526618e-08	1.0058290788022	0.581	0.354	0.000177863809315515	3	PDE2A
1.60890886742794e-08	-0.526532357210145	0.881	0.936	0.000193213865889421	3	HNRNPAB
1.62344696754363e-08	3.60407132366886	0.1	0.009	0.000194959746332314	3	OTULINL
1.76954144727177e-08	1.61836565898837	0.319	0.125	0.000212504232402867	3	MAST3
1.84064848784826e-08	1.83258185416826	0.3	0.101	0.000221043476905697	3	PIK3R6
2.47178292111004e-08	1.01546680134577	0.575	0.356	0.000296836410996105	3	EXOC3L2
3.0138070200794e-08	0.651032652360286	0.644	0.425	0.000361928085041335	3	ARHGEF9
3.2097887688744e-08	0.654573359234709	1	0.999	0.000385463533254127	3	unassigned-gene-4
3.25097694984957e-08	1.59758198725227	0.281	0.105	0.000390409821907435	3	GRK3
3.29468750349817e-08	2	0.219	0.069	0.000395659022295095	3	CDKL5
3.32840689701351e-08	1.45219049769631	0.294	0.119	0.000399708384262352	3	BCAM
4.72825642679774e-08	-2.40137423009339	0.312	0.487	0.00056781631429414	3	CTSL
4.99692357880243e-08	-0.634090747075778	0.719	0.851	0.000600080552578383	3	MYL12B
5.65210077541318e-08	1.18868706437371	0.269	0.124	0.000678760782119368	3	GULP1
7.13404987181213e-08	1.91908000461643	0.194	0.062	0.000856728049105919	3	PPP2R3A
7.59005768572859e-08	1.63226821549951	0.169	0.059	0.000911490027479147	3	ARHGAP44
8.06844191596747e-08	1.17345151270908	0.4	0.193	0.000968939189688533	3	AKAP9
8.55988981465005e-08	-0.583781564627035	0.806	0.903	0.00102795716784132	3	MSN
8.83031936939813e-08	-0.701084786357021	0.713	0.833	0.00106043305307102	3	VAT1
9.7027850697291e-08	1.90046432644909	0.212	0.062	0.00116520745902377	3	PHEX
1.04653052737378e-07	-0.99067777871546	0.462	0.655	0.00125677851032318	3	MARCKS
1.07966751687639e-07	1.52053062812616	0.262	0.105	0.00129657272101686	3	TSPAN2
1.08241105201769e-07	2.40505341070622	0.138	0.027	0.00129986743236804	3	TAS1R3
1.08582103747651e-07	-0.491282522843539	0.769	0.871	0.00130396248390554	3	RBMX
1.17932837639146e-07	-4.14210705730255	0.013	0.178	0.0014162554472085	3	FGL2
1.18274340428959e-07	-0.648357582009665	0.55	0.751	0.00142035655421137	3	LOC138504591
1.40467471787947e-07	0.743027346953408	0.606	0.387	0.00168687386870146	3	TXNIP
1.63544917186394e-07	1.21240833276383	0.531	0.297	0.00196401091049141	3	CYLD
1.76832189061259e-07	-2.12066988664026	0.05	0.231	0.00212357775843666	3	EMID1
1.90249114395771e-07	0.394964497998525	1	0.967	0.00228470161477881	3	CYTB
2.68446803480179e-07	1.37141056687859	0.3	0.123	0.00322377766299346	3	MAML2
3.0356429866746e-07	-1.15425554517643	0.219	0.423	0.00364550366269753	3	WLS
3.1423626896686e-07	0.706926767784823	0.462	0.26	0.00377366335402302	3	ARHGEF28
3.52686946893834e-07	0.88337678598244	0.938	0.848	0.00423541754524805	3	unassigned-gene-2
4.00642056443604e-07	-0.984110098070414	0.35	0.595	0.00481131045583124	3	TUBA1B
4.31035909691629e-07	-3.98489310760979	0.013	0.159	0.00517631023948677	3	FGF10
4.77352119320849e-07	-4.25738784269265	0.025	0.171	0.00573252160092408	3	APLN
4.82887386115271e-07	-0.43508687380831	1	0.995	0.00579899461985829	3	TMSB4X
5.15765926542779e-07	-1.15630619071151	0.194	0.375	0.00619383301185224	3	TIMP2
5.47073929454458e-07	-2.10466771769072	0.106	0.278	0.00656981081881858	3	APCS
6.52923735595195e-07	-1.90975024974776	0.125	0.3	0.0078409611407627	3	CADM1
6.68751863924646e-07	0.814808241904377	0.55	0.367	0.00803104113387108	3	CAMK1
6.95905284121738e-07	0.369552446625736	0.969	0.915	0.00835712655701795	3	RPL38
7.13885424564731e-07	-2.14974711950468	0.056	0.214	0.00857305006359786	3	ANGPT2
7.34286891163928e-07	-6.25266543245025	0	0.109	0.00881805127598761	3	ESM1
7.71354617417053e-07	-0.995671970118243	0.494	0.658	0.00926319760056139	3	LGALS1
9.29266733092326e-07	1.23878685958712	0.319	0.135	0.0111595641977057	3	NOS1AP
9.34491613633178e-07	1.02462966650871	0.362	0.211	0.0112223097881208	3	VEGFC
9.5337679979983e-07	-1.01975423434104	0.388	0.563	0.0114491019887962	3	POMP
1.00835653066298e-06	-0.740240726199067	0.556	0.754	0.0121093535767317	3	RAN
1.16208047529732e-06	-1.17209610048394	0.356	0.552	0.0139554244278455	3	CD9
1.21915950253633e-06	0.752496746239192	0.606	0.408	0.0146408864659588	3	FCN1
1.31207884320139e-06	0.63514558020462	0.562	0.398	0.0157567548280055	3	DGKZ
1.33733958863539e-06	0.736805729903104	0.456	0.285	0.0160601111199223	3	AHR
1.5261249749945e-06	1.49586857389189	0.256	0.102	0.0183272348247089	3	FAM110B
1.54090427057457e-06	1.30883809544692	0.25	0.107	0.01850471938533	3	PRICKLE1
1.5656037555932e-06	0.828896807360406	0.369	0.207	0.0188013355009187	3	USP34
1.60767057149772e-06	-0.552225714309156	0.806	0.876	0.0193065158931161	3	RAC1
1.65182516599821e-06	-0.669745376257951	0.744	0.843	0.0198367684184725	3	ITGBL1
1.66789387663594e-06	2.8036027871965	0.069	0.01	0.020029737564521	3	FGF1
1.69644432134175e-06	-0.603118062462696	0.944	0.955	0.020372599854993	3	S100A10
1.71677602297195e-06	1.4623432140572	0.175	0.062	0.0206167632598701	3	ANO8
1.81451780354423e-06	-2.70735913208088	0.025	0.149	0.0217905443027627	3	PHF24
1.8531045736096e-06	-1.56655046360728	0.112	0.282	0.0222539328244777	3	HSD3B7
1.86048104770153e-06	-3.25266543245025	0.025	0.154	0.0223425169018477	3	PROX1
1.89205730692646e-06	1.97763218697155	0.131	0.036	0.0227217161988798	3	ZNF366
1.91041424637536e-06	-0.594946589293778	0.681	0.826	0.0229421646847217	3	COX6B1
2.186846416857e-06	1.02272007650008	0.338	0.165	0.0262618386200357	3	TRERF1
2.2299965220484e-06	1.0971224668981	0.475	0.287	0.0267800282332792	3	ICAM5
2.2552911257036e-06	-1.44408667739895	0.15	0.352	0.0270837911285745	3	TANB
2.30302196456214e-06	0.658443098363705	0.65	0.451	0.0276569907724267	3	NOS3
2.36619706098751e-06	0.839352812145698	0.544	0.379	0.028415660505399	3	SPNS2
2.41528832739401e-06	-1.09875814993151	0.294	0.48	0.0290051975236746	3	LYVE1
2.49533737973238e-06	1.72486611659158	0.194	0.08	0.0299665065932062	3	HIFy
2.76915985170625e-06	2.05658352836637	0.138	0.036	0.0332548406591403	3	RASD2
2.77039055274078e-06	-0.817221536886908	0.706	0.811	0.0332696201478641	3	FSTL1
2.94840514410257e-06	0.608062183864895	0.806	0.652	0.0354073973755278	3	ICAM1
3.01441054440255e-06	-0.764024050508935	0.713	0.825	0.0362000562277303	3	VWF
3.07779935919277e-06	0.724201075841839	0.6	0.394	0.036961292504546	3	PDLIM4
3.09202249496024e-06	1.11417101991931	0.244	0.122	0.0371320981419776	3	LOC138471647
3.45433020773467e-06	1.29779982399447	0.319	0.144	0.0414830514646857	3	CCSER1
3.77548793805278e-06	1.12301089010534	0.294	0.149	0.0453398346480758	3	LOC138497215
3.99663689488582e-06	2.43014439166905	0.088	0.018	0.0479956124706838	3	CCDC117
4.10655130061345e-06	1.0415791037514	0.281	0.147	0.049315574569067	3	ATG2B
4.26802973552922e-06	0.382943869568991	0.806	0.668	0.0512547690939704	3	PTPRM
4.48081651018911e-06	1.42845801504117	0.212	0.079	0.0538101254708611	3	KANK4
4.62193469944685e-06	1.11676067245613	0.238	0.105	0.0555048138056572	3	KMT5B
4.87545891626782e-06	0.667183588969902	0.637	0.507	0.0585493861254603	3	KRT19
4.92494658156967e-06	-0.414097938815229	0.831	0.882	0.0591436834980701	3	GAPDH
5.31032216001658e-06	1.28118175254405	0.175	0.066	0.0637716588196391	3	FAM167B
5.68127370733725e-06	0.665772640162194	0.569	0.413	0.0682264159514131	3	BCL6B
5.81621254835127e-06	0.420738389085204	0.988	0.94	0.0698468964931504	3	S100G
5.90151850347525e-06	1.23061292814142	0.25	0.109	0.0708713357082343	3	MPP7
5.96442259447653e-06	1.28575448233388	0.35	0.173	0.0716267509370686	3	ADAMTS20
6.09196180423654e-06	1.0235684711384	0.288	0.151	0.0731583693070766	3	DENND5A
6.14159808019482e-06	0.815912546527593	0.506	0.3	0.0737544513450596	3	ITGA9
6.15686820105205e-06	0.707309126337734	0.531	0.352	0.0739378302264341	3	ID3
6.2072364693684e-06	-0.563473077746937	0.562	0.717	0.0745427027606451	3	TRA2B
6.42802193706457e-06	1.40798274174489	0.175	0.073	0.0771941154422084	3	DISP3
6.64768565235685e-06	-1.12066988664026	0.125	0.282	0.0798320569991534	3	TIMM9
6.96852529535018e-06	-1.12928301694497	0.2	0.386	0.0836850202718603	3	CD276
7.09912589322122e-06	1.00136683576391	0.325	0.186	0.0852534028516936	3	KMT2D
7.5028399636765e-06	0.7226183440659	0.388	0.241	0.0901016051237911	3	FCRL5
7.61153293332128e-06	-2.55074678538324	0.031	0.149	0.0914068989962553	3	VEGFA
7.82049215423234e-06	1.09980405696549	0.344	0.17	0.0939162902801762	3	MCF2L
8.20034737861787e-06	-3.23481743111732	0.019	0.141	0.0984779716698221	3	PDPN
9.00813329001019e-06	-3.10328780841202	0.031	0.171	0.108178672679732	3	CCN2
9.71509432913347e-06	-2.49185309632967	0.025	0.151	0.116668567798564	3	TENT5B
9.83758785104605e-06	-4.92184093707449	0.006	0.119	0.118139592503212	3	STAB2
1.01423338090891e-05	0.995812203036566	0.375	0.215	0.121799286713351	3	LRRK2
1.01882395166239e-05	0.487515570898195	0.506	0.35	0.122350568355137	3	ACVRL1
1.04734482290507e-05	-0.799577571465885	0.4	0.6	0.12577563978267	3	SEPT2
1.19251369409364e-05	-0.548132130173829	0.713	0.809	0.143208969523706	3	SNRPG
1.19941886268522e-05	1.54377081340105	0.206	0.082	0.144038211219868	3	REPS2
1.20053995388525e-05	-0.701141930391942	0.356	0.531	0.14417284306208	3	PTBP1
1.24105492781782e-05	-0.579725852355009	0.575	0.699	0.149038286281642	3	FSCN1
1.33983616401739e-05	1.20632001483947	0.262	0.131	0.160900924936848	3	LACTB
1.34596765965087e-05	-1.61523551183496	0.119	0.295	0.161637256247472	3	PLAT
1.37230709997281e-05	0.318924955256397	1	0.999	0.164800359635735	3	COX3
1.37316363185582e-05	-1.03777039748781	0.613	0.685	0.164903220549565	3	ACTG1
1.38381728393735e-05	-1.9028775331019	0.088	0.224	0.166182617628036	3	FLT4
1.47298694197939e-05	1.92805015812099	0.112	0.032	0.176891001862305	3	CCL19
1.48037034861042e-05	1.07716786052246	0.312	0.158	0.177777675164626	3	FGD3
1.52053929088604e-05	1.34974603902712	0.225	0.103	0.182601563442504	3	NBEA
1.57107046164087e-05	1.41820477835753	0.188	0.086	0.188669851738452	3	TSNARE1
1.69008822779136e-05	-0.698796037304014	0.556	0.702	0.202962695275465	3	TUBA1A
1.75739280471526e-05	1.11619301750452	0.325	0.17	0.211045301918255	3	SH3GLB2
1.79928308303278e-05	0.801153389255178	0.494	0.305	0.216075905441407	3	MACF1
1.85180670041302e-05	0.839725168591407	0.469	0.287	0.2223834666526	3	RASGRP3
1.86724633548607e-05	1.40888527229725	0.206	0.086	0.224237612428522	3	MATN2
1.86892417556621e-05	0.30289856728413	0.988	0.959	0.224439104243746	3	RPS8
1.92148274848037e-05	-0.602036014080098	0.531	0.642	0.230750863265008	3	TPM2
1.95068977945173e-05	-1.13739566273229	0.188	0.364	0.234258335614358	3	TUBB
2.04063477144468e-05	-0.54432051622381	0.556	0.729	0.245059829702791	3	PFN2
2.14564720577249e-05	1.89147554322183	0.162	0.06	0.257670772941219	3	TGM2
2.14911159156207e-05	-1.21371179810567	0.162	0.316	0.258086811030688	3	MARCKSL1
2.19520340306597e-05	1.40053792958373	0.162	0.077	0.263621976674192	3	VPS53
2.30312609973986e-05	0.896504574715595	0.688	0.521	0.27658241331776	3	S100P
2.3209491210316e-05	-0.576826285642477	0.581	0.71	0.278722779944684	3	ABRACL
2.34272049853783e-05	1.06208250877086	0.256	0.116	0.281337304669408	3	PKDCC
2.42526554416334e-05	-1.5077946401987	0.075	0.218	0.291250139198576	3	TUBB6
2.43850899527871e-05	-0.803054784623979	0.544	0.646	0.29284054524302	3	STMN1
2.45919204154042e-05	-2.15251532318268	0.081	0.24	0.295324372268589	3	CCN1
2.54845706518696e-05	0.837968400715321	0.475	0.307	0.306044208958303	3	TANC1
2.5713383421648e-05	0.396479158781615	0.894	0.798	0.30879202151057	3	RPL18A
2.64661718553354e-05	1.10959752718005	0.362	0.209	0.317832257810723	3	RBPMS
2.75250765132708e-05	0.533540061098723	0.481	0.318	0.330548643847869	3	FBLN2
2.7723300723937e-05	-0.56442172228032	0.488	0.675	0.332929118393759	3	ILF3
2.84703483615513e-05	-2.18699851480125	0.038	0.141	0.341900413473869	3	EMILIN1
2.89873348142689e-05	-0.325546392831923	0.988	0.978	0.348108903784555	3	ZA20D3
2.95986376980057e-05	-1.1743709064735	0.275	0.459	0.35545004011535	3	LOC138582805
2.97482363689352e-05	1.45567948377619	0.156	0.058	0.357246570554543	3	RUNX1T1
3.15072102336411e-05	0.328336427533699	1	0.994	0.378370087695796	3	COX2
3.27074443495809e-05	1.09310940439148	0.225	0.108	0.392783699194117	3	ITGB4
3.30051738211069e-05	1.39202084655387	0.262	0.121	0.396359132417673	3	TMTC1
3.34893584013289e-05	0.95664716184221	0.381	0.232	0.402173705041559	3	KIF13A
3.44853130441476e-05	2.04064198449735	0.05	0.013	0.414134124347169	3	MICAL1
3.49146016657043e-05	-1.71914431707896	0.056	0.18	0.419289451403443	3	GPNMB
3.52576566680227e-05	3.41503749927884	0.056	0.005	0.423409198926285	3	HCN1
3.52576566680227e-05	1.83007499855769	0.056	0.017	0.423409198926285	3	LOC138481711
3.5271927618744e-05	-1.80976812871041	0.094	0.237	0.423580578773497	3	SEMA7A
3.55893940177542e-05	1.32699746456576	0.238	0.113	0.42739303275921	3	KMT2E
3.67219089678147e-05	-2.36194377373524	0.056	0.184	0.440993404794487	3	SERPINE1
3.74840483848458e-05	-1.7011001416092	0.112	0.271	0.450145937053614	3	CYR61
3.7695242456133e-05	-2.5274770060604	0.056	0.178	0.452682166655702	3	NFIX
3.77186082401415e-05	1.38630578073553	0.144	0.062	0.452962766355859	3	RFLNB
3.77902285610055e-05	-1.27094416616856	0.1	0.237	0.453822854789115	3	SUCLG1
3.78794729621055e-05	-2.85590666688971	0.006	0.095	0.454894590801925	3	PGF
4.02076649696865e-05	0.456831336165432	0.706	0.516	0.482853848620966	3	AQP1
4.13067697599523e-05	0.753940859415287	0.525	0.305	0.496052998047267	3	ZNF521
4.2119793984339e-05	-0.724850072896952	0.356	0.504	0.505816605957927	3	TMEM167A
4.32007361988711e-05	0.907553751235405	0.344	0.189	0.518797641012243	3	RABGAP1L
4.44162791282407e-05	-1.93562231415183	0.169	0.298	0.533395096051043	3	NRP2
4.47420802080892e-05	1.37429115693553	0.175	0.073	0.537307641218944	3	MTUS1
4.48717349020671e-05	-2.54109661534952	0.019	0.124	0.538864664438924	3	ARHGAP24
4.65127508987271e-05	-0.738823540386789	0.394	0.576	0.558571625542814	3	HSP90B1
4.80909722256096e-05	0.860448647601206	0.444	0.263	0.577524485457346	3	PTGS1
4.83160366771e-05	0.895509444506321	0.45	0.298	0.580227284455294	3	TEK
5.090679523068e-05	-0.611119403362725	0.575	0.735	0.611339703925236	3	MYH9
5.30595728308533e-05	-2.75655632252409	0.019	0.12	0.637192410125717	3	SNCA
5.4425806498183e-05	-1.05183893151962	0.231	0.378	0.653599510236679	3	LRRC32
5.44676941976298e-05	1.1664260820344	0.312	0.179	0.654102539619337	3	INPP5A
5.47298378998328e-05	1.17799830197799	0.294	0.169	0.657250623339092	3	LOC138582919
5.52426909812198e-05	0.505432518973289	0.556	0.403	0.663409475993469	3	VWA5A
5.56484296899626e-05	-1.0668864798071	0.156	0.302	0.66828199214676	3	ARPP19
5.66499155170123e-05	-0.765443294742339	0.288	0.46	0.6803088354438	3	PGAM1
5.88250547938928e-05	2.25486047438809	0.15	0.049	0.706430083019859	3	MEGF11
6.12297452693788e-05	0.751135367302361	0.594	0.412	0.735308010939971	3	ERG
6.42978157667513e-05	-1.4318457869654	0.081	0.219	0.772152469542916	3	CRIP2
6.4431912278481e-05	1.79354912253257	0.138	0.042	0.773762834552279	3	SCIN
6.66442432586434e-05	2.29956028185891	0.088	0.022	0.800330717293049	3	GRIK2
6.83942510207452e-05	0.716255099000526	0.35	0.226	0.821346560508129	3	HTT
7.34936645175088e-05	0.557615579934625	0.688	0.52	0.882585417190763	3	KIAA1217
7.50047929911259e-05	1.19923775525282	0.231	0.113	0.900732559030431	3	PTPN14
7.55939265475323e-05	-0.755629438431242	0.362	0.524	0.907807463909315	3	RTN4
7.57909762537985e-05	3.11864449649862	0.069	0.012	0.910173833831866	3	SLC6A2
7.58430358220181e-05	0.870716983055034	0.3	0.178	0.910799017186615	3	EHBP1
7.85579306991124e-05	-0.287125401156234	0.906	0.959	0.943402189765641	3	SUGP2
8.09911099885291e-05	-0.725195817226663	0.425	0.602	0.972622239852246	3	NPC2
8.19531546937644e-05	0.295602268290224	0.963	0.918	0.984175434717416	3	RPL34
0.000138314659558011	3.90046432644909	0.038	0.002	1	3	EPDR1
0.000701642470165521	3.67807190511264	0.031	0.002	1	3	PRUNE2
0.00218052645925488	3.67807190511264	0.019	0.001	1	3	CCDC192
0.000162091440282931	3.52606881166759	0.044	0.004	1	3	EPM2A
0.00353892736325436	3.41503749927884	0.025	0.002	1	3	LOC138472666
0.000137580117398877	3.35614381022527	0.038	0.004	1	3	WDR31
0.00218052645925488	3.09310940439148	0.019	0.002	1	3	LOC138453527
0.000747171175138058	3.04064198449735	0.038	0.006	1	3	AMN1
0.00353892736325436	3	0.025	0.003	1	3	DDB2
0.000106834308011794	2.96757852230762	0.062	0.008	1	3	BMERB1
0.0001636161800095	2.87071698305503	0.044	0.006	1	3	EFEMP1
0.00797001007670006	2.87071698305503	0.038	0.005	1	3	LOC138514142
0.000131893325019192	2.81557542886257	0.056	0.009	1	3	CACNA1D
0.00530076616597423	2.81557542886257	0.044	0.009	1	3	PLCB4
0.000545737570482511	2.67807190511264	0.05	0.008	1	3	ABHD14B
0.00281863422964359	2.67807190511264	0.038	0.006	1	3	BRF2
0.00146987271359047	2.67807190511264	0.05	0.011	1	3	ADGRG6
0.000397350660006322	2.67807190511264	0.025	0.004	1	3	GPR137
0.00781142742940549	2.67807190511264	0.038	0.007	1	3	FAM168A
0.0001636161800095	2.50814690367033	0.044	0.008	1	3	AFAP1L2
0.000760793477553388	2.48542682717024	0.038	0.007	1	3	ADCY5
0.00344281340867958	2.45567948377619	0.031	0.006	1	3	TAF1C
0.00344281340867958	2.45567948377619	0.031	0.006	1	3	EME2
0.000101905851384359	2.44360665147561	0.081	0.017	1	3	ANKRD55
0.000525970475866475	2.37851162325373	0.069	0.014	1	3	FAM13C
0.000415214285101265	2.29956028185891	0.056	0.012	1	3	PTPRU
0.00109262008150378	2.29956028185891	0.056	0.011	1	3	AP4M1
0.000545737570482511	2.26303440583379	0.05	0.011	1	3	PHTF1
0.000545737570482511	2.26303440583379	0.05	0.011	1	3	ZNF33A
0.000622430347636072	2.26303440583379	0.088	0.019	1	3	PLCH2
0.00241620881880539	2.26303440583379	0.056	0.015	1	3	SNAPC3
0.000701642470165521	2.26303440583379	0.031	0.007	1	3	DCXR
0.00152052426553215	2.1926450779424	0.05	0.013	1	3	DFFB
0.00353892736325436	2.1926450779424	0.025	0.006	1	3	LOC138516503
0.000138314659558011	2.16349873228288	0.038	0.009	1	3	LOC138453342
0.0050898273743789	2.13750352374994	0.056	0.015	1	3	IL31RA
0.00214420338148921	2.12553088208386	0.069	0.02	1	3	RCBTB2
0.00166183407674783	2.05658352836637	0.062	0.017	1	3	FAM229A
0.000304616417560461	2.0500406824996	0.062	0.016	1	3	RIM1
0.00158925017949514	2.04064198449735	0.05	0.012	1	3	LOC138580906
0.00281863422964359	2.02599520853294	0.038	0.01	1	3	APLF
0.000210555108326547	2.01064724419951	0.094	0.025	1	3	WIPF3
0.00353892736325436	2	0.025	0.007	1	3	DPAGT1
0.00353892736325436	2	0.025	0.007	1	3	TBCE
0.00198094209742176	1.97763218697155	0.1	0.036	1	3	APOC1
0.0063963217466661	1.96757852230762	0.062	0.017	1	3	TICAM2
0.000156792783315342	1.94110631094643	0.05	0.014	1	3	ARPIN
0.00209816435022334	1.92318440294917	0.088	0.022	1	3	METRN
0.00532747486474909	1.91253715874966	0.056	0.015	1	3	LOC138580894
0.000677237612742488	1.87071698305503	0.044	0.013	1	3	CLIC2
0.000218020210255143	1.87071698305503	0.069	0.02	1	3	MLYCD
0.000545737570482511	1.84799690655495	0.05	0.015	1	3	LOC138468305
0.00372764244224337	1.84799690655495	0.05	0.014	1	3	LOC138527535
0.000131555025777096	1.80931643839089	0.119	0.037	1	3	PLCL1
0.00980314340793262	1.75207248655641	0.056	0.017	1	3	ZNF319
0.00406927575336556	1.73465543347901	0.069	0.023	1	3	KIF7
0.0063963217466661	1.67807190511264	0.062	0.021	1	3	INTS14
0.0063963217466661	1.67807190511264	0.062	0.021	1	3	INTU
0.00344281340867958	1.67807190511264	0.031	0.011	1	3	INO80D
0.00980314340793262	1.67807190511264	0.056	0.019	1	3	JMJD4
0.000330152156004039	1.63076619033428	0.088	0.029	1	3	NRDE2
0.000892723407365841	1.6256044852185	0.138	0.053	1	3	TTC9
0.000592333037351745	1.60768257722124	0.112	0.039	1	3	XPNPEP3
0.00234145962479422	1.59560974492066	0.1	0.034	1	3	SHB
0.00523576424548157	1.5906090638623	0.088	0.031	1	3	LOC138488011
0.00669064601365605	1.5906090638623	0.119	0.055	1	3	PDK2
0.0030128394437381	1.58496250072116	0.081	0.03	1	3	SH3GL2
0.00791583915571998	1.57853623156172	0.038	0.014	1	3	NDUFAF6
0.00791583915571998	1.57853623156172	0.038	0.014	1	3	RPUSD3
0.000162806308857495	1.56617902504174	0.156	0.061	1	3	CHKA
0.000169892984123229	1.55777767139493	0.125	0.042	1	3	PALMD
0.00097528581003655	1.5405683813627	0.081	0.03	1	3	MTX3
0.00238563034181187	1.50814690367033	0.069	0.022	1	3	RPAP1
0.00732076114040922	1.50814690367033	0.112	0.04	1	3	SHLD2
0.00342269913817152	1.49364733397521	0.062	0.023	1	3	PPM1L
0.00791583915571998	1.48542682717024	0.038	0.014	1	3	LOC138581372
0.000268317734765813	1.48542682717024	0.15	0.061	1	3	MYO1D
9.89494430619517e-05	1.47876309688923	0.138	0.056	1	3	RAB40B
0.00505372374635571	1.47643804394299	0.106	0.043	1	3	PITPNM1
0.000170789141387902	1.47162102764521	0.175	0.076	1	3	RN18S
0.00307774207060897	1.47162102764521	0.131	0.055	1	3	CLIP2
0.00231779670947554	1.45567948377619	0.069	0.025	1	3	F2RL2
0.00154639021315382	1.45567948377619	0.05	0.02	1	3	NAGPA
0.00834103955548798	1.45567948377619	0.1	0.037	1	3	ZDHHC15
0.00547051374670203	1.43014439166905	0.044	0.018	1	3	TTC13
0.000457856530017432	1.41933763671247	0.162	0.059	1	3	CDC14B
0.000802070993813067	1.40243746249921	0.1	0.042	1	3	STARD13
0.000194982414469726	1.3979639859199	0.156	0.062	1	3	ZCCHC24
0.00534277208940556	1.38856528791765	0.1	0.041	1	3	ZC3H4
9.44149321226626e-05	1.38529015588479	0.188	0.08	1	3	RNF220
0.000179714342181548	1.38434070205593	0.169	0.068	1	3	HLCS
0.00153902735932141	1.38261602158647	0.125	0.05	1	3	ACP3
0.000170935440417773	1.37851162325373	0.144	0.061	1	3	LOC138504484
0.00406927575336556	1.37851162325373	0.069	0.03	1	3	EAF1
0.00208583447123454	1.36994960975031	0.1	0.048	1	3	EPSTI1
0.00326236197675882	1.36994960975031	0.106	0.049	1	3	TPK1
0.00505372374635571	1.35614381022528	0.106	0.048	1	3	MCM8
0.00159286816957832	1.35614381022528	0.131	0.051	1	3	LOC138481332
0.00655678065885426	1.35614381022528	0.062	0.023	1	3	CYP1A1
0.000385120395569405	1.34686599663726	0.162	0.074	1	3	ZNF684
0.0004170825465031	1.34622834136019	0.156	0.068	1	3	EML3
0.0022816907193487	1.34365286604208	0.125	0.056	1	3	EXOC3L1
0.00526330339580808	1.34103691783507	0.106	0.046	1	3	OBI1
0.000239529709228138	1.33926999166088	0.175	0.075	1	3	PDE10A
0.00116648075235566	1.33703498727757	0.088	0.033	1	3	KANK1
0.000304616417560461	1.33014860169233	0.062	0.026	1	3	CHIA
0.00381999728524136	1.32443495049794	0.05	0.021	1	3	OSMR
0.00056449747672671	1.32443495049794	0.106	0.044	1	3	USP30
0.00323442071723799	1.32192809488736	0.125	0.059	1	3	FKBP5
0.00233875421371663	1.31899081180781	0.125	0.054	1	3	PCYT1B
0.000778540112880977	1.31050114466956	0.35	0.222	1	3	LOC138472551
0.0012399077651432	1.30883809544692	0.069	0.026	1	3	PRIMPOL
0.00520722307514009	1.30610312772568	0.088	0.039	1	3	CASTOR2
0.000952045546787769	1.29956028185891	0.138	0.062	1	3	LOC138471924
0.000758958217182209	1.27952252862236	0.062	0.027	1	3	SLC51A
0.00178500379977784	1.27597346154129	0.081	0.035	1	3	CTC1
0.00372764244224337	1.26303440583379	0.05	0.021	1	3	C10H2orf42
0.00982496180440116	1.26303440583379	0.112	0.054	1	3	ZFR2
0.00506119055008553	1.26303440583379	0.088	0.045	1	3	CIAO3
0.00808320458652858	1.25180715041054	0.088	0.041	1	3	ACD
0.000119097521795297	1.24673259350469	0.188	0.081	1	3	SESN1
0.000873258321874627	1.24511249783653	0.106	0.05	1	3	CHD5
0.000138335634716087	1.23328706243974	0.1	0.047	1	3	PIK3CD
0.00538508456390955	1.23061292814142	0.044	0.021	1	3	SLCO2A1
0.0063963217466661	1.23061292814142	0.062	0.028	1	3	NFRKB
0.00012384713397967	1.22931378798979	0.325	0.163	1	3	FLRT2
0.00850357225440359	1.22876450374905	0.156	0.068	1	3	AREL1
0.00231848577310155	1.22555970041513	0.106	0.049	1	3	LOC138527462
0.000482307124809976	1.21864028647534	0.131	0.056	1	3	LIN7A
0.00239247033682035	1.21240833276383	0.125	0.056	1	3	DDX49
0.00219113064567959	1.20858662181142	0.144	0.063	1	3	AGPAT1
0.00120598681676037	1.1926450779424	0.144	0.061	1	3	BNIP3
0.00560689185720703	1.1926450779424	0.131	0.066	1	3	ZNF512B
0.000232476053636131	1.1926450779424	0.081	0.04	1	3	TRPA1
0.00120668463515027	1.1926450779424	0.088	0.037	1	3	TMCO4
0.00421932840831606	1.18330721336306	0.175	0.086	1	3	SMC5
0.000446084776987607	1.18057224564182	0.2	0.092	1	3	BICRAL
0.00549836687456791	1.18057224564182	0.094	0.045	1	3	MCUR1
0.00368702667039048	1.17557156458345	0.106	0.049	1	3	ZNRF3
0.00788271233362556	1.17557156458345	0.1	0.046	1	3	RIPK1
0.00280820847216094	1.17027726491394	0.175	0.079	1	3	SNX24
0.0032772496586457	1.17027726491394	0.175	0.086	1	3	ZNF592
0.000313484226269171	1.16525919014732	0.231	0.106	1	3	FAM222A
0.00240899371682192	1.16349873228288	0.119	0.056	1	3	TRIM16
0.00261558567617859	1.16349873228288	0.169	0.073	1	3	RNF40
0.00068538758762084	1.15869774601906	0.088	0.034	1	3	ZNF385D
0.00789506190393318	1.14755718841386	0.05	0.023	1	3	TTLL1
0.00173966376194021	1.13965199032851	0.125	0.055	1	3	DCUN1D3
0.0015044902310015	1.13750352374994	0.169	0.085	1	3	WDTC1
0.0051635477741627	1.12787482255216	0.081	0.037	1	3	TOP3B
0.00836060596455634	1.12553088208386	0.088	0.04	1	3	EOGT
0.00518692685027262	1.123483053435	0.169	0.088	1	3	CDH18
0.00039573920291572	1.12085439487439	0.175	0.091	1	3	VSIR
0.000127728133530762	1.10978814553811	0.162	0.078	1	3	GMEB1
0.00145195147897444	1.10488657216783	0.188	0.091	1	3	PDE4A
0.00133503165176576	1.09310940439148	0.212	0.108	1	3	GRIA3
0.000157903550508317	1.09310940439148	0.35	0.183	1	3	DLC1
0.00515313930834176	1.09310940439148	0.194	0.104	1	3	DNMBP
0.00630930393153733	1.07540740265802	0.15	0.076	1	3	TECPR1
0.00626996532443869	1.06801842342865	0.2	0.105	1	3	PDE7A
0.000312067746321483	1.06588793565646	0.194	0.094	1	3	TGFBR3
9.58121210336417e-05	1.06140054466414	0.25	0.119	1	3	ARAP1
0.00310594161444632	1.05463525657685	0.194	0.101	1	3	TBC1D8
0.00406462676123948	1.0500406824996	0.2	0.093	1	3	YBX1
0.00341133369505568	1.04871528503303	0.175	0.093	1	3	DHX35
0.00128807188470114	1.04144728456899	0.312	0.17	1	3	AHDC1
0.0017381342427288	1.032736786412	0.194	0.11	1	3	ZNF236
0.00214150374851711	1.03235537331239	0.369	0.253	1	3	S100A13
0.00329188928864145	1.02599520853294	0.262	0.147	1	3	TDRD7
0.000285797972798653	1.01325609670227	0.212	0.113	1	3	TMCC3
0.0067156729840486	1.01180930228963	0.125	0.064	1	3	RAB44
0.00103890330354086	1.01064724419951	0.181	0.095	1	3	ARSG
0.000184552404538788	1.00630457685421	0.225	0.128	1	3	MCU
0.0050954088442226	1.00430013743363	0.119	0.062	1	3	TLR1
0.00766303123721655	1.00430013743363	0.119	0.06	1	3	WDPCP
0.003878888390708	1.0029115954199	0.169	0.092	1	3	NT5C2
0.000371101005920416	1.00196151633329	0.244	0.123	1	3	SNX25
0.0022413690150258	1	0.206	0.121	1	3	TRAPPC11
0.000320247712394049	0.993573730840567	0.281	0.156	1	3	LMBR1
0.00335559773137146	0.988412025724788	0.175	0.093	1	3	BOD1L1
0.0016238990507602	0.987175959642416	0.194	0.101	1	3	LOC138513380
0.00195262423503816	0.984175032838317	0.188	0.091	1	3	NHS
0.00506416831290112	0.982926486641059	0.112	0.064	1	3	TSPAN36
0.00838361310348075	0.981464048562573	0.138	0.084	1	3	HARBI1
0.00322076816016101	0.980634675133069	0.175	0.103	1	3	MGAT3
0.00118339089800677	0.980341474229532	0.219	0.123	1	3	ISCU
0.000243292514620188	0.977632186971546	0.212	0.12	1	3	FBRSL1
0.00725602221401936	0.977632186971546	0.2	0.114	1	3	LOC138581099
0.000124201556252814	0.97478943720272	0.206	0.115	1	3	PSIP1
0.00518677257268277	0.974464907892862	0.181	0.104	1	3	TANGO2
0.00114684267663226	0.965874216095373	0.238	0.123	1	3	DMD
0.00225327419769326	0.965353857193108	0.1	0.056	1	3	ZGPAT
0.00545278969618679	0.963826387446515	0.162	0.095	1	3	TMEM63B
0.000607591747528394	0.963048863827108	0.269	0.144	1	3	MPRIP
0.00180681774466089	0.961864871113229	0.212	0.119	1	3	INPP4A
0.00394568998294458	0.959842873528017	0.175	0.091	1	3	USP45
0.0047226888504793	0.957225976309709	0.15	0.083	1	3	SMARCC2
0.000881634257322065	0.956787933178701	0.212	0.105	1	3	DDHD2
0.00648684291229543	0.954281699694165	0.162	0.096	1	3	ATP8
0.0020269018242307	0.952246868551632	0.212	0.113	1	3	CEP112
0.000304969034240309	0.944246018476999	0.25	0.134	1	3	DUSP9
0.00028666734714848	0.941106310946432	0.125	0.063	1	3	RMND5A
0.00449476509255462	0.941106310946432	0.138	0.081	1	3	HERC3
0.00854151799696959	0.941106310946432	0.131	0.073	1	3	CEP97
0.00405754861652761	0.937591826770194	0.219	0.125	1	3	TRAF7
0.00142209592052753	0.934252639905369	0.281	0.174	1	3	SWT1
0.00537320142334606	0.933910809542227	0.106	0.059	1	3	AGFG2
0.0022063445997991	0.932644732198235	0.181	0.106	1	3	ABCC4
0.00079089343540326	0.932117527719177	0.256	0.137	1	3	STK10
0.00404343311247366	0.929610672108602	0.15	0.08	1	3	HMGXB4
0.000388487234772975	0.927431374049355	0.312	0.176	1	3	TNFRSF3
0.00787719593051063	0.919080004616433	0.075	0.04	1	3	NT5DC3
0.0081634768742022	0.915571218839294	0.162	0.087	1	3	KLHDC2
0.00363470375013022	0.912537158749661	0.238	0.142	1	3	PRKCA
0.000858857221385047	0.91253715874966	0.225	0.12	1	3	DENND4B
0.00229556989109083	0.91253715874966	0.2	0.107	1	3	ZNF2
0.0054766334149665	0.908191688473697	0.212	0.117	1	3	TRIM25
0.000110076078356551	0.907553751235405	0.394	0.241	1	3	KMT2C
0.00150214583314812	0.9066962801606	0.169	0.083	1	3	PBXIP1
0.000947063608598622	0.906340892785755	0.212	0.116	1	3	RIMBP2
0.00821541823216615	0.904347760936314	0.175	0.092	1	3	MAPKAP1
0.00160986935893384	0.903631605527769	0.212	0.119	1	3	PLXNA1
8.50484333284034e-05	0.902287062055903	0.188	0.101	1	3	TDRD3
0.00284687356776238	0.901967917039473	0.219	0.121	1	3	NCOA6
0.00176810336896641	0.901743878675658	0.244	0.144	1	3	IER2
0.00122605749254245	0.900464326449085	0.162	0.089	1	3	EPG5
0.00831976498717468	0.895379037289303	0.281	0.186	1	3	STXBP5
0.00512055792626664	0.894883294185786	0.206	0.132	1	3	TUT4
0.000142035160569193	0.890292521391794	0.306	0.16	1	3	MAP3K3
0.000580493268470352	0.88849168478301	0.3	0.185	1	3	EBF3
0.00731973717234809	0.88849168478301	0.181	0.108	1	3	MARK4
0.00709021739837446	0.886658526924055	0.069	0.042	1	3	UHMK1
0.00714771233657631	0.886658526924055	0.15	0.083	1	3	LOC138570801
0.000154125199934979	0.884522782580064	0.25	0.137	1	3	ARMC6
0.000151049716711505	0.884522782580064	0.319	0.186	1	3	NCOA3
0.000783573883908036	0.883932602559197	0.219	0.115	1	3	KCNN3
0.000193315322337959	0.882542418451823	0.325	0.197	1	3	RIN3
0.00832837541341112	0.88160529919777	0.106	0.058	1	3	RNF31
0.00407442768750867	0.880564769011381	0.219	0.135	1	3	PIP5K1C
0.00757969400653368	0.880564769011381	0.125	0.066	1	3	ATP11A
0.000715642775725965	0.877380713336044	0.331	0.188	1	3	KDM3B
0.00391186816079788	0.877380713336044	0.169	0.091	1	3	CD74
0.000517243169032892	0.875304252550685	0.238	0.137	1	3	CARMIL1
0.00186852839384616	0.870716983055034	0.244	0.141	1	3	C2CD5
0.00310780989826162	0.870716983055034	0.2	0.113	1	3	PRKCH
0.00959852123208869	0.870716983055034	0.125	0.07	1	3	TMUB1
0.002824450940671	0.870716983055033	0.269	0.166	1	3	SYNE3
0.00166775379326064	0.858644150754459	0.356	0.245	1	3	CAMK2D
0.00146247217652846	0.854949667196717	0.144	0.085	1	3	MGA
0.00745784925772944	0.854949667196717	0.156	0.082	1	3	RNF217
0.00105668968563014	0.853158611670729	0.188	0.099	1	3	CLCF1
0.00374112353120422	0.853158611670729	0.188	0.115	1	3	SCAP
0.00153102950949778	0.852905706938573	0.244	0.142	1	3	KIAA1671
0.00852704769686292	0.845181890947896	0.144	0.094	1	3	LOC138582574
0.00479410788903802	0.843131151383134	0.2	0.117	1	3	PHLPP1
0.00710897338657925	0.838536577305883	0.206	0.126	1	3	PITPNC1
0.00534114196316873	0.837852349149407	0.175	0.101	1	3	PLK2
0.00055280295303275	0.836769651131696	0.3	0.185	1	3	ATP2A3
0.00205629040310128	0.831781320508091	0.25	0.151	1	3	TAF4
0.0028578670275843	0.830074998557688	0.219	0.133	1	3	MBTD1
0.000107694917168178	0.830074998557688	0.244	0.148	1	3	EGFLAM
0.00334847351692948	0.828303733705495	0.619	0.534	1	3	S100A4
0.00724405872442542	0.827967335595696	0.2	0.116	1	3	TRANK1
0.000108734915637867	0.827215344418447	0.306	0.173	1	3	ST3GAL4
9.30055317019327e-05	0.818553128662468	0.406	0.275	1	3	C2PH19orf33
0.00316810899140259	0.818249563160898	0.281	0.173	1	3	ATXN2L
0.00265652821486881	0.817048318261448	0.262	0.155	1	3	JAK2
0.00410710602847473	0.815575428862573	0.188	0.11	1	3	BTBD8
0.000444585395850412	0.815124657091716	0.369	0.199	1	3	SLC4A11
0.00766189874944196	0.8145739050175	0.188	0.111	1	3	CPNE8
0.00800967412238596	0.813001485198746	0.219	0.142	1	3	CHD6
0.00509335715185511	0.810175441119983	0.231	0.135	1	3	N4BP2
0.00766888588109546	0.810175441119983	0.219	0.132	1	3	PRCP
0.00302890745803354	0.809861777668179	0.306	0.195	1	3	SPTLC3
0.000833810628046815	0.807707185529233	0.331	0.204	1	3	EYA3
0.00176843681068457	0.807058345832715	0.219	0.13	1	3	IPO8
0.00070008349070716	0.800754424887466	0.25	0.146	1	3	STOM
0.000445596335103844	0.800555911637632	0.231	0.143	1	3	SLC35E2A
0.00697655586755135	0.797911675118641	0.344	0.223	1	3	GNG2
0.00786912799279489	0.796716401611257	0.112	0.064	1	3	ERCC6L2
0.00634510966490129	0.795908395406496	0.25	0.169	1	3	SLAMF8
0.000222380355879097	0.794396023079869	0.325	0.205	1	3	MCTP2
0.00467726875767889	0.791939869670917	0.288	0.185	1	3	MAPK8
0.00636979583817375	0.79054663437105	0.181	0.104	1	3	MTA1
0.00348719998862984	0.787696396287136	0.238	0.142	1	3	DIS3L2
0.00161059060296891	0.78613165097009	0.419	0.276	1	3	LYST
0.00816121335725556	0.78498710902915	0.175	0.113	1	3	GPD2
0.00197413333089503	0.783254141804694	0.181	0.107	1	3	SUCO
0.000255846118520009	0.782769283779331	0.262	0.142	1	3	STON2
0.00684470923239821	0.782769283779331	0.256	0.167	1	3	PPP3CC
0.00821209360207434	0.782769283779331	0.138	0.084	1	3	CASP3
0.00594887666618658	0.780971812696929	0.325	0.218	1	3	HDAC4
0.00760581608278376	0.773649565094869	0.2	0.13	1	3	VAV2
0.00292267788845029	0.76883736903582	0.238	0.141	1	3	REXO1
0.00514892572623417	0.766128081777834	0.212	0.122	1	3	LDLRAD3
0.00057616506177931	0.765747423453491	0.406	0.28	1	3	KRT15
0.00234117005642099	0.764282950153518	0.556	0.461	1	3	LOC138580806
0.00737683831173033	0.7611675208761	0.331	0.213	1	3	LAMA5
0.00201127761026826	0.760534065304611	0.244	0.154	1	3	PHKB
0.00456966025150231	0.759372007214486	0.312	0.211	1	3	RAPGEF4
0.00868591568196521	0.758690365320922	0.131	0.079	1	3	PDSS2
0.000243098690297569	0.758414013430241	0.481	0.318	1	3	KLHL4
0.00840599807305286	0.753799231275883	0.219	0.15	1	3	FBXO11
0.000204250272217776	0.752072486556415	0.319	0.195	1	3	LHX6
0.0042241804654442	0.752072486556414	0.225	0.137	1	3	MGAT5
0.00576752413068271	0.752072486556414	0.144	0.09	1	3	DENND10
0.000207445681025421	0.7494862384048	0.388	0.26	1	3	PTGIS
0.00162948004669258	0.745605062798103	0.369	0.253	1	3	PACS1
0.000114499665107897	0.744069463886878	0.481	0.347	1	3	RALGAPA1
0.00866328740147257	0.743166933334523	0.1	0.059	1	3	BAP1
0.00118652314578537	0.742612157307348	0.388	0.248	1	3	CNOT1
0.00328964710041885	0.742066759126996	0.456	0.333	1	3	ITPR2
0.00248930985936497	0.741637033890104	0.162	0.102	1	3	RANBP17
0.0091057535315786	0.736965594166206	0.362	0.271	1	3	SLC12A2
0.000643840602174888	0.735296773805588	0.25	0.142	1	3	THSD7A
0.00448870202659151	0.733213459305099	0.2	0.137	1	3	ZDHHC20
0.00371063647086037	0.731843161553618	0.225	0.141	1	3	WWP1
0.0015824040290355	0.725377619890994	0.175	0.11	1	3	CEP350
0.00318263923239779	0.723875594725762	0.344	0.243	1	3	DNASE1L3
0.00377919904604357	0.722740954446366	0.231	0.146	1	3	LOC138504634
0.00384122019438043	0.721140627004524	0.188	0.121	1	3	RRAS2
0.00269254287177787	0.713024503947062	0.381	0.292	1	3	PTPRB
0.00152210948554987	0.711680297755457	0.356	0.241	1	3	MEF2D
0.00838413238330254	0.709780764839976	0.25	0.16	1	3	ARF6
0.00363123947886041	0.709322839097077	0.194	0.125	1	3	NCCRP1
0.00723858437734189	0.708445554156156	0.306	0.203	1	3	TNS3
0.00866337829248889	0.706641057309408	0.262	0.172	1	3	PPP1R37
0.00393503030137493	0.702989537316967	0.338	0.242	1	3	MYO18A
0.00831757621992785	0.701279296273963	0.244	0.157	1	3	COBLL1
0.00656055717288417	0.699445555905205	0.269	0.176	1	3	DNTT
0.00708983271885247	0.699445555905204	0.188	0.118	1	3	ARHGAP39
0.00176365626983577	0.698950634788554	0.362	0.266	1	3	FRYL
0.00075221058285253	0.696930932363954	0.362	0.244	1	3	ZNF407
0.00886652971082059	0.694945723677034	0.238	0.144	1	3	LOC138569657
0.000984665793150603	0.692868907040718	0.269	0.166	1	3	ARHGEF11
0.00861252528362032	0.684766557686646	0.269	0.186	1	3	NCOA1
0.00879842584113918	0.684766557686646	0.288	0.19	1	3	QSER1
0.00296185853386896	0.678071905112638	0.238	0.158	1	3	PHF14
0.00527209245428602	0.678071905112638	0.281	0.18	1	3	MED13
0.000517732419021748	0.675212250973397	0.481	0.381	1	3	KANK3
9.15869529002229e-05	0.67431977025153	0.438	0.276	1	3	ADAM12
0.00847502684697157	0.671017147578687	0.275	0.173	1	3	ZNF91
0.000630455902693904	0.670252400653338	0.25	0.163	1	3	ATP9B
0.0038152354362873	0.669897973666937	0.256	0.164	1	3	KMT2B
0.00460514243268031	0.669708432178011	0.25	0.155	1	3	PKP4
0.00594050878733041	0.668485856283439	0.381	0.255	1	3	AKAP7
0.00379352112137258	0.667398403598185	0.431	0.307	1	3	RGS3
0.0092591521548053	0.665015752287192	0.269	0.199	1	3	DDR2
0.00456623855406824	0.663716612135568	0.144	0.09	1	3	CTDSPL
0.00024166976124962	0.663634521888831	0.631	0.438	1	3	RAPGEF2
0.0060328899447863	0.662475050061619	0.25	0.161	1	3	SOS1
0.000335189286584366	0.662246937950955	0.369	0.236	1	3	CREBBP
0.00214656562489558	0.661263617426084	0.306	0.217	1	3	DIPK2B
0.00414724115213219	0.65731334494584	0.331	0.246	1	3	ANKRD11
0.000194135739331071	0.656329447551664	0.9	0.857	1	3	KRT5
0.00770244917374876	0.655231928754526	0.262	0.164	1	3	EPN1
0.00835467160833609	0.65422516315827	0.231	0.15	1	3	HYCC2
0.000509072359825062	0.653240052132702	0.381	0.258	1	3	GNB2
0.00356838214528062	0.651271845768922	0.225	0.14	1	3	MGAT4C
0.000793214439766499	0.650591168690531	0.344	0.218	1	3	ADGRE5
0.00144211274844565	0.649663489926884	0.425	0.287	1	3	GSTM4
0.000488662595371308	0.647825618244517	0.319	0.207	1	3	PIK3CA
0.00701618575915204	0.643024958013437	0.3	0.202	1	3	BAZ2B
0.0072931687245051	0.641235136932266	0.406	0.287	1	3	SGMS1
0.0070387834331195	0.639743786453538	0.294	0.209	1	3	HEG1
0.00343368980253084	0.628828386092788	0.2	0.138	1	3	JAM2
0.00370442003493548	0.62744583204267	0.2	0.126	1	3	ABCG2
0.0064962908947005	0.626725025112417	0.344	0.236	1	3	STAG1
0.00356708742008842	0.625604485218502	0.156	0.096	1	3	USP36
0.0033413339878061	0.623247880368116	0.325	0.218	1	3	SUSD1
0.00148050001907508	0.62247957914932	0.375	0.234	1	3	NPDC1
0.0022307477152398	0.618290676787221	0.319	0.214	1	3	DNAAF9
0.00440240004712081	0.618290676787221	0.325	0.229	1	3	TRAPPC8
0.00553601694906016	0.617660388416816	0.369	0.261	1	3	ARHGEF3
0.00746803534038543	0.616671360448494	0.256	0.178	1	3	SHKBP1
0.00991960982398526	0.613941567692922	0.181	0.117	1	3	SDR39U1
0.00750600924036759	0.6133016497224	0.381	0.314	1	3	WNK1
0.00156527540021602	0.611982714654865	0.262	0.18	1	3	USP19
0.00148237058790093	0.610327298476803	0.256	0.176	1	3	ENPP1
0.00235240774497302	0.603724563652557	0.275	0.187	1	3	NFAT5
0.00557641764558136	0.600069393111365	0.431	0.306	1	3	NR3C1
0.00778628591781901	0.592680413881993	0.231	0.156	1	3	THEM5
0.00142127094100012	0.5922111684588	0.288	0.188	1	3	PHF21A
0.00291469172416096	0.5922111684588	0.275	0.2	1	3	TMEM14C
0.000658935820325814	0.587469356331731	0.419	0.282	1	3	EIF3F
0.000162870364769836	0.579337951527278	0.544	0.379	1	3	IL6ST
0.00171285893372776	0.579254168894722	0.375	0.243	1	3	CLK4
0.000314053199848234	0.576533878650575	0.444	0.319	1	3	IQGAP2
0.00370122751049275	0.57571018748296	0.45	0.346	1	3	JAK1
0.00941134409370846	0.571449485578843	0.637	0.532	1	3	KRT1
0.00954801094459024	0.560074695714186	0.394	0.294	1	3	PARG
0.0046263548530621	0.559677204310407	0.219	0.146	1	3	ZFC3H1
0.000495662409755242	0.553892493891908	0.488	0.309	1	3	CUX1
0.00144472637144286	0.553646451816973	0.556	0.442	1	3	LOC138566164
0.0063394400748547	0.549597347163828	0.288	0.187	1	3	SEMA6A
0.00119494010734851	0.547540341970412	0.331	0.233	1	3	PTPRG
0.00244174864977637	0.543092782778249	0.544	0.432	1	3	RIPOR1
0.00404627703081326	0.540568381362703	0.244	0.157	1	3	WDR44
0.00065817649008996	0.538141643968163	0.6	0.455	1	3	TNS1
0.00392326586871085	0.535113951270595	0.469	0.341	1	3	NCK1
0.00161236188148659	0.535113951270594	0.262	0.188	1	3	PRRG1
0.00629021041242037	0.533681995777463	0.356	0.282	1	3	FNBP1L
0.000270936027635556	0.531682418131114	0.75	0.643	1	3	TMEM176B
0.0036277616042799	0.531230516783367	0.475	0.373	1	3	PLCG1
0.00301875901740693	0.530641541457412	0.375	0.277	1	3	RAI1
0.00875318137096206	0.525119982274039	0.381	0.275	1	3	ANKRD10
0.000529022236848231	0.522153761664204	0.431	0.294	1	3	RFTN1
0.00121725027737693	0.517894880221887	0.344	0.221	1	3	USP48
0.00687469379097813	0.516320835116026	0.306	0.222	1	3	CASK
0.00235872413737384	0.511012237364714	0.494	0.396	1	3	GNB4
0.00259221898555038	0.508146903670325	0.3	0.196	1	3	PHF20
0.00132337569704164	0.508146903670325	0.406	0.307	1	3	PARD3
0.00551551950778673	0.506262259325382	0.425	0.306	1	3	MYCT1
0.00169498456210555	0.499734663854125	0.212	0.152	1	3	YTHDC2
0.00553712271443245	0.491193770389128	0.562	0.463	1	3	ELOVL1
0.000470063696141441	0.490827427470299	0.438	0.298	1	3	LDB2
0.00932245811260517	0.486645834459403	0.356	0.285	1	3	DOCK6
0.00647698256140342	0.460166874768504	0.356	0.259	1	3	PALM2AKAP2
0.00484560508397589	0.456837809844748	0.4	0.288	1	3	AGAP1
0.00796011786963156	0.453365617937943	0.431	0.329	1	3	ERBIN
0.00160186617793099	0.448122132598108	0.594	0.432	1	3	ARHGAP21
0.000859988912335339	0.446850724401452	0.769	0.647	1	3	TRIM39
0.00440987917678991	0.426325571028927	0.519	0.418	1	3	ITGA6
0.00843660930886099	0.423782527100639	0.556	0.438	1	3	ARHGAP31
0.000151235166017724	0.412177845139603	0.512	0.337	1	3	SELE
0.00652742603646582	0.412177845139603	0.35	0.247	1	3	DIAPH1
0.000824338142975605	0.410109168213767	0.7	0.588	1	3	TIE1
0.000353643534761557	0.397153407169734	0.594	0.429	1	3	SLC29A1
0.00521652275624804	0.39151414350468	0.637	0.521	1	3	EGFL7
0.000674018320969401	0.379602783049264	0.569	0.454	1	3	COL1A2
0.00186971042685554	0.379602783049264	0.475	0.353	1	3	PINLYP
0.000128851013748215	0.376902370392073	0.731	0.549	1	3	PODXL
0.000961061539788233	0.366713051935463	0.562	0.472	1	3	EHD2
0.00599804896789719	0.363707104301744	0.581	0.493	1	3	GNAI2
0.00301524005705317	0.359216644274899	0.462	0.345	1	3	SSBP3
0.00278928873147332	0.34575220437868	0.613	0.522	1	3	RPL8
0.00157566616756498	0.329617515715088	0.381	0.29	1	3	SMAD6
0.00409224756691031	0.325452196036785	0.906	0.891	1	3	RPS4X
0.00019753105338681	0.325186089534403	0.963	0.921	1	3	RPS15
0.00109128051406877	0.324434950497937	0.863	0.805	1	3	RPL23A
0.000476834029770327	0.316205064855131	0.944	0.916	1	3	RPS13
0.000557022561582522	0.309475750723991	0.931	0.923	1	3	RPS29
0.000130015191477621	0.300868679342668	0.963	0.931	1	3	RPL31
0.00985251693511824	0.296069185077586	0.537	0.413	1	3	DYSF
0.00439958381950976	0.293781789323687	0.925	0.859	1	3	RPL27A
0.000378427827320629	0.274186980339852	0.912	0.911	1	3	RPS27A
0.000125634923948784	0.271951754565475	0.956	0.937	1	3	RPL37
0.00029257361545476	0.263558736219681	0.981	0.962	1	3	RPL21
0.00834787372114421	0.261232163199808	0.444	0.337	1	3	PCDH1
0.00611922106472502	0.246203382607517	0.75	0.652	1	3	CAVIN2
0.00665778603920174	0.242332202042749	0.975	0.933	1	3	RPL17
0.00631037171705549	0.238991183209442	0.963	0.916	1	3	RPS24
0.00182851046870536	0.238421851352181	0.894	0.851	1	3	RPS3
0.00476532812658188	0.224242992704716	0.975	0.953	1	3	RPS26
0.000849416332400744	0.216383066770934	0.963	0.937	1	3	RPS20
0.00192888689537261	0.214886610167155	0.963	0.969	1	3	RPLP1
0.00486550318424432	0.199025983503323	0.956	0.966	1	3	RPS14
0.000723913022325315	0.175694740254043	0.963	0.85	1	3	PMP2
0.00240599936068069	-0.226138824678299	1	0.986	1	3	ANXA1
0.0015220428001083	-0.256846341310339	0.963	0.975	1	3	CFL2
0.00914849744869641	-0.299410658325935	0.725	0.742	1	3	SNRPF
8.80206824374562e-05	-0.306120127708487	0.881	0.909	1	3	HSPA8
0.00625537174727243	-0.307730691920944	0.719	0.773	1	3	NAP1L1
0.00253045777127206	-0.309988481575837	0.581	0.708	1	3	HNRNPA1
0.00458642809469817	-0.315121133180636	0.706	0.801	1	3	SRSF3
0.00857919182555195	-0.316863039804506	0.65	0.758	1	3	HNRNPL
0.00867063535749673	-0.319966578554076	0.419	0.511	1	3	EIF4G2
0.00341194036183039	-0.323040856254437	0.562	0.688	1	3	BTF3L4
0.00421665292299041	-0.323879881035185	0.956	0.922	1	3	DYNLL1
0.00308387451355552	-0.333788250097423	0.669	0.757	1	3	NONO
0.00751037997037501	-0.353323291162897	0.488	0.604	1	3	TARDBP
0.00432142811281843	-0.355094958822562	0.7	0.826	1	3	SRSF2
0.000412925933548976	-0.360524369707703	0.794	0.851	1	3	SET
0.00897404097866641	-0.36202975335569	0.456	0.534	1	3	GSTM1
0.00121595697694837	-0.37089494403564	0.675	0.796	1	3	CDC42
0.00444197508021245	-0.371244412950542	0.762	0.817	1	3	H3F3A
0.00274573338252095	-0.374848409163145	0.9	0.919	1	3	ANXA2
0.00643721580914645	-0.378702510638958	0.669	0.733	1	3	CAPG
0.000732364709907102	-0.378813158429013	0.469	0.586	1	3	ENO1
0.00953343501867517	-0.381319179236631	0.475	0.568	1	3	NUCKS1
0.0015688565368385	-0.385470822507099	0.806	0.868	1	3	CD63
0.00323501400973029	-0.388495711826352	0.512	0.647	1	3	HNRNPA0
0.00186143486785909	-0.399714876788661	0.619	0.724	1	3	HNRNPH1
0.00217697497414167	-0.399930606888636	0.606	0.705	1	3	NDUFA4
0.0012379786290189	-0.401106055395286	0.725	0.795	1	3	OAZ1
0.00412957424626861	-0.415146922847548	0.481	0.557	1	3	SNRPD2
0.00707618180443968	-0.415379005977299	0.406	0.491	1	3	LMNB2
0.00642733812331183	-0.415414723765472	0.7	0.78	1	3	COX7A2
0.00927361682799935	-0.425021587851466	0.475	0.6	1	3	RAP1A
0.000632720148901318	-0.427951870860907	0.512	0.685	1	3	PCDHGC3
0.000335748819272233	-0.433063765122069	0.65	0.754	1	3	YWHAE
0.00176554620282162	-0.435920905302292	0.6	0.741	1	3	COX6A1
0.00466580065867716	-0.438472000001651	0.456	0.565	1	3	DAD1
0.000934630500890269	-0.439815830897979	0.625	0.771	1	3	ANP32B
0.000407216128173085	-0.4403413201603	0.881	0.904	1	3	HMGN1
0.00308632560969474	-0.443515199854977	0.919	0.932	1	3	HMGB2
0.000113760914383039	-0.445564115322481	0.844	0.912	1	3	TAGLN2
0.00150779437339242	-0.448365558560928	0.5	0.599	1	3	MOB1A
0.00174915627956057	-0.451211111832329	0.519	0.631	1	3	RHOC
0.00649462368953121	-0.453808223318368	0.494	0.598	1	3	BZW1
0.000368284182079801	-0.460748413553317	0.719	0.817	1	3	EIF4A1
0.00189856009384785	-0.473237418162328	0.238	0.369	1	3	PSMB4
0.00117359808000309	-0.473559311789333	0.438	0.564	1	3	COX5B
0.00766581243385675	-0.481799431665752	0.244	0.349	1	3	RHEB
0.00830342639228456	-0.487628510467949	0.381	0.489	1	3	REEP5
0.00430785586907268	-0.48820531931453	0.225	0.318	1	3	NUDT21
0.0030311307750277	-0.494174408239796	0.344	0.456	1	3	RAB1A
0.000512036490781038	-0.495308654965894	0.556	0.692	1	3	SNRPD1
0.00279280040893055	-0.496853777388041	0.294	0.431	1	3	CSNK1A1
0.00960173727560649	-0.501837184902297	0.162	0.251	1	3	LOC138526850
0.000175398523523161	-0.505555865945132	0.619	0.731	1	3	AKAP8L
0.000235397507019524	-0.506836710666435	0.55	0.725	1	3	YWHAZ
0.00294978894840277	-0.508543187672327	0.9	0.857	1	3	CRIP1
0.00619361765133723	-0.511153652288611	0.319	0.449	1	3	UQCRB
9.71691158881414e-05	-0.512948186691335	0.8	0.872	1	3	H2AZ1
0.00019843801489505	-0.515486752833409	0.369	0.491	1	3	ACTR3
0.000930984470383143	-0.52137218324973	0.419	0.541	1	3	CCT6A
0.00572738863911675	-0.522840788813359	0.394	0.521	1	3	ATP5F1D
0.000491910976703344	-0.524986840163841	0.488	0.622	1	3	GNB1
0.00185066535827794	-0.53074210972327	0.319	0.422	1	3	UBE2D1
0.00611355733014809	-0.533766738063069	0.275	0.366	1	3	SRSF11
0.00019434313793948	-0.538389951544291	0.825	0.877	1	3	KRT8
0.00613654597419977	-0.54432051622381	0.475	0.604	1	3	EIF1
0.0054092642871055	-0.546096141113662	0.412	0.52	1	3	CBX3
0.00727044037218732	-0.547845304297436	0.369	0.471	1	3	PDIA6
0.00795133597817273	-0.569855608330948	0.125	0.222	1	3	IFI44
0.000516402319245979	-0.575192998957677	0.544	0.673	1	3	COX7B
0.00623618956465904	-0.584962500721157	0.131	0.204	1	3	CKAP5
0.00182389749956279	-0.590416930813264	0.381	0.528	1	3	PSAP
0.00197931480971842	-0.592782005180456	0.244	0.359	1	3	EPHX1
0.00579056517587633	-0.596935142387232	0.119	0.21	1	3	GAR1
0.000391541165871444	-0.597089312160391	0.444	0.605	1	3	HNRNPM
0.00569187252379314	-0.603626344986192	0.219	0.312	1	3	U2AF1L4
0.000153895244521815	-0.605809285626761	0.356	0.485	1	3	EIF4G1
0.00219727979592994	-0.609090771614048	0.231	0.339	1	3	TMEM109
0.00627639260463228	-0.612320616341618	0.2	0.293	1	3	CDC42BPA
0.00113938379764339	-0.612605255790285	0.419	0.54	1	3	PSMA2
0.00748834757353981	-0.613073207478101	0.381	0.482	1	3	SLC2A1
0.000178923089246232	-0.613307126415118	0.456	0.58	1	3	CLIC1
0.00230672106500716	-0.626338428516695	0.294	0.425	1	3	SRP9
0.00178507818433044	-0.630680801026991	0.244	0.358	1	3	PDCD6
0.000980953975047318	-0.631177055703978	0.362	0.49	1	3	RBMS1
0.00211409983527578	-0.632496327610177	0.269	0.388	1	3	PGGHG
0.00474739294073877	-0.633872101202103	0.169	0.253	1	3	BAG6
0.00253736637879347	-0.645636196220011	0.388	0.513	1	3	CALD1
0.00725528023367737	-0.646575691128317	0.281	0.407	1	3	SRSF1
0.00132929253587378	-0.647647768937099	0.181	0.303	1	3	PSMA3
8.96036484710139e-05	-0.650876617452497	0.444	0.594	1	3	GASK1B
0.000931126626753188	-0.657112286476991	0.319	0.456	1	3	MANF
0.00131486388915156	-0.661982807959048	0.438	0.534	1	3	NID2
0.00839997444035059	-0.66432029233444	0.138	0.232	1	3	NASP
0.000210153470913368	-0.667702931729092	0.262	0.421	1	3	LOC138527383
0.0015711706962834	-0.668518244008994	0.312	0.41	1	3	ITGA5
0.00629015669713902	-0.679480099505446	0.138	0.223	1	3	PSMC1
0.00853081466533411	-0.683696454306516	0.131	0.229	1	3	LOC138515919
0.00977396690038999	-0.686500527183219	0.15	0.241	1	3	MX2
0.0001036424814754	-0.691636709573292	0.462	0.606	1	3	TMED2
0.00905712040179799	-0.694482262844693	0.069	0.132	1	3	ITPRIP
0.0069363505329256	-0.696052400900153	0.394	0.526	1	3	ARL6IP1
0.00154722176421099	-0.700439718141092	0.281	0.41	1	3	LOC138521839
0.00209253548285714	-0.709330027252006	0.15	0.251	1	3	FNDC3B
0.00373451901640779	-0.714245517666123	0.288	0.393	1	3	SPCS2
0.00549661953522491	-0.716787712228576	0.262	0.401	1	3	BDKRB2
0.00391062581706872	-0.721334942452442	0.288	0.395	1	3	RAPGEF6
0.000626948050727473	-0.72162504803172	0.369	0.49	1	3	PPP1CB
0.00314139559874521	-0.725052272622706	0.206	0.318	1	3	MPC1
0.000575316630329485	-0.728636609971744	0.194	0.314	1	3	ALYREF
0.00278922014825724	-0.731319031025064	0.175	0.294	1	3	PFDN6
0.00644289948141585	-0.735410127664165	0.162	0.263	1	3	PSMD6
0.00442627397691421	-0.740880644169589	0.119	0.218	1	3	PSMD8
0.00542932409566118	-0.74115339112964	0.219	0.348	1	3	BASP1
0.000852928763883744	-0.745394216236787	0.231	0.369	1	3	CFL1
0.00125643198089307	-0.74819284958946	0.25	0.392	1	3	PSMB6
0.00163693626994062	-0.75377388185276	0.125	0.208	1	3	LYN
0.00434673026940476	-0.759333407194661	0.169	0.274	1	3	CNIH4
0.0091396730274332	-0.764336565682346	0.181	0.268	1	3	TMEM65
0.00679534133128609	-0.773624064745055	0.094	0.165	1	3	AHSA1
0.00113699294930291	-0.774054912901426	0.3	0.421	1	3	LSP1
0.0012443393301222	-0.78905410531466	0.231	0.37	1	3	PROM1
0.000730948097316435	-0.802733364317227	0.325	0.46	1	3	TSPAN14
0.00303166215692153	-0.807880589777353	0.169	0.289	1	3	KPNA2
0.00329673255619772	-0.808243007675607	0.162	0.277	1	3	UBE2D3
0.000519138160475025	-0.813068573251998	0.238	0.39	1	3	ETF1
0.0057315054380025	-0.815916935561028	0.088	0.154	1	3	DDAH2
0.00331816781088695	-0.82273014794452	0.131	0.247	1	3	PSMC6
0.00224411470332592	-0.824428435416546	0.156	0.252	1	3	ST8SIA4
0.00186888262539641	-0.830655009781433	0.388	0.501	1	3	PMP22
0.00685089623456473	-0.848473909383197	0.112	0.214	1	3	RAB31
0.00448747734999687	-0.84878764104495	0.106	0.198	1	3	SLIRP
0.00715493472492588	-0.849665726915569	0.062	0.145	1	3	CTSZ
0.000499882005378683	-0.860551880941649	0.15	0.266	1	3	NDEL1
0.00603843603651065	-0.866248611111173	0.169	0.291	1	3	SLC20A1
0.000391349280778129	-0.877346319994503	0.2	0.344	1	3	CD151
0.000464104328952855	-0.879923548008249	0.2	0.304	1	3	SPRED1
0.00179514566760807	-0.882643049361841	0.231	0.363	1	3	ATF4
0.00275442545229137	-0.885516944815952	0.088	0.183	1	3	PDHB
0.000406850175170875	-0.885696373339395	0.231	0.361	1	3	SEPTIN9
0.000831693932962078	-0.90481626737066	0.431	0.56	1	3	ACTN1
0.00622227696515464	-0.906890595608518	0.038	0.099	1	3	PRKCSH
8.65979100304261e-05	-0.913744266649581	0.325	0.458	1	3	TFPI2
0.000170690761747544	-0.915879378835773	0.188	0.348	1	3	ANP32E
0.00517677055164631	-0.916109125637897	0.062	0.139	1	3	PDCD11
0.00202073181295435	-0.918863237274595	0.05	0.115	1	3	LOC138515773
0.00725782568830147	-0.919490632388152	0.106	0.18	1	3	ITPR3
0.00668236042136373	-0.92396410896746	0.069	0.153	1	3	TARS1
0.000146240040145224	-0.934371332030626	0.175	0.321	1	3	LBH
0.00238925430253845	-0.941824385717906	0.094	0.174	1	3	TYROBP
0.00125967017310381	-0.947532580105864	0.181	0.312	1	3	TSC22D2
0.00224752518396221	-0.948525084316482	0.169	0.307	1	3	RBMS3
0.0021435999376538	-0.949959317500404	0.125	0.237	1	3	TMPO
0.00388821468202775	-0.951284714966972	0.094	0.18	1	3	OTUD1
0.00598537702987473	-0.951284714966972	0.088	0.183	1	3	TRIR
0.00202725234747026	-0.960528559210592	0.169	0.307	1	3	MDFIC
0.00981443400895372	-0.960528559210592	0.062	0.124	1	3	NPLOC4
0.00100015260486736	-0.961338379630895	0.138	0.262	1	3	PMEPA1
0.000545958482327229	-0.964134547442994	0.2	0.344	1	3	PSMB2
0.00335711217497393	-0.970216530977348	0.069	0.153	1	3	SLC35B1
0.00867225765942753	-0.970216530977348	0.062	0.148	1	3	SELENON
0.0011811322595102	-0.972182055860237	0.119	0.211	1	3	RRM2
0.00118840187702154	-0.973458212547508	0.162	0.297	1	3	SDC3
0.00912532649782785	-0.982178722912756	0.081	0.161	1	3	PLEKHO1
0.00494833723156015	-0.995582831940402	0.25	0.354	1	3	ADD3
0.00244654129819479	-1.00204782864886	0.056	0.128	1	3	BOLA3
0.00375146957894105	-1.00473791900666	0.106	0.196	1	3	YWHAG
8.54488146012026e-05	-1.00642626915943	0.262	0.388	1	3	LOC138487737
0.000894511017811092	-1.01825170455622	0.162	0.278	1	3	CNN2
0.00384169067081508	-1.03087931288397	0.075	0.148	1	3	FOXO1
0.00709857737417849	-1.03342300153745	0.106	0.203	1	3	DLL4
0.0014663100220762	-1.03934089163217	0.144	0.252	1	3	LGMN
0.00276507944313404	-1.04595463334607	0.075	0.169	1	3	WDR83OS
0.00899865126013479	-1.04595463334607	0.081	0.168	1	3	AKTIP
0.00737451086648829	-1.04775313144837	0.075	0.154	1	3	ERO1A
0.000514206247880129	-1.04984854945056	0.131	0.266	1	3	IFRD2
0.00296312247838578	-1.05373198393779	0.081	0.166	1	3	SUCLG2
0.00015797557332104	-1.06403699232953	0.106	0.231	1	3	TUBB2B
0.000120380229580707	-1.0668864798071	0.125	0.263	1	3	NAV2
0.00886246504540393	-1.07681559705083	0.044	0.101	1	3	MRPS24
0.00144882850095233	-1.08091999538357	0.075	0.152	1	3	LOC138516031
0.000106381869136547	-1.08556163951565	0.281	0.47	1	3	GPX1
0.0017007165000028	-1.09451759878429	0.119	0.249	1	3	EIF4EBP2
0.00111787557044638	-1.10530415401053	0.056	0.153	1	3	ANO6
0.00117345906142182	-1.10852445677817	0.088	0.188	1	3	SNAP23
0.00568765396614431	-1.1357092861044	0.062	0.139	1	3	ENPP2
0.00316852747635825	-1.1386208815243	0.062	0.142	1	3	NFYC
0.00332746396423955	-1.14974711950468	0.044	0.12	1	3	SLC66A1
0.000263154556555628	-1.16627722442717	0.119	0.259	1	3	DYRK3
0.00967588363739209	-1.16741814583174	0.088	0.174	1	3	LOC138492940
0.00192887096650014	-1.16992500144231	0.056	0.133	1	3	IFRD1
0.00214481460284716	-1.19092208273735	0.1	0.197	1	3	GPX3
0.00543499470522678	-1.19229281447077	0.044	0.112	1	3	INO80C
0.0076243339254459	-1.19341335436468	0.056	0.145	1	3	RCN2
0.00909674576404601	-1.1963972128035	0.019	0.067	1	3	CLEC
0.00568868913416005	-1.20728552894624	0.05	0.123	1	3	RAPH1
0.000287577705126932	-1.21635472492983	0.138	0.273	1	3	IGF2
0.000487436894642937	-1.22346545600167	0.1	0.223	1	3	LMNB1
0.00765431404822149	-1.23946593469539	0.05	0.121	1	3	DLAT
0.00460616395264613	-1.24620076872412	0.062	0.154	1	3	TRAM2
0.00337338559158666	-1.26052755022322	0.025	0.087	1	3	CHCHD10
0.00441400106254559	-1.26946067499323	0.081	0.188	1	3	AIP
0.000822242824452145	-1.28275749760668	0.081	0.198	1	3	PSMD12
0.000415394964502506	-1.28771237954945	0.031	0.106	1	3	COL24A1
0.00091472016322266	-1.31288295528436	0.056	0.143	1	3	EHD1
0.00633757628970422	-1.32192809488736	0.019	0.061	1	3	BAG4
0.000369331113322082	-1.32692877594573	0.094	0.229	1	3	B4GALT6
0.00119405576703377	-1.32722239455688	0.088	0.221	1	3	SMOX
0.00384028951077713	-1.33191218345998	0.044	0.12	1	3	TGFB1
0.00360507131930241	-1.33687843635333	0.031	0.091	1	3	DTWD1
0.00613175033855967	-1.33687843635333	0.031	0.088	1	3	USP1
0.000896205202434491	-1.3388869220472	0.15	0.266	1	3	HSPA1A
0.00763756546772937	-1.34631225351432	0.062	0.141	1	3	SLC8A1
0.00910427267331481	-1.34872815423108	0.056	0.138	1	3	CSGALNACT2
0.00195441603255751	-1.36006322377413	0.031	0.106	1	3	CD82
0.00898341219562166	-1.36968122633573	0.075	0.156	1	3	PIM3
0.00759147665375834	-1.38801728534514	0.019	0.063	1	3	PPAN
0.00111897142158099	-1.39433659041541	0.062	0.168	1	3	LOC138498143
0.00268736523053068	-1.4016552873581	0.062	0.162	1	3	HMGA2
0.00864550133441634	-1.41878963413995	0.05	0.126	1	3	PTHLH
0.00728841663037827	-1.46488604872941	0.031	0.095	1	3	ATP23
0.000880602560688084	-1.47393118833241	0.038	0.133	1	3	SALL4
0.00112768633975197	-1.51457317282976	0.031	0.117	1	3	ZDHHC6
0.00133532923942927	-1.52160043972373	0.044	0.136	1	3	FKBP14
0.00450993293942733	-1.52160043972373	0.044	0.137	1	3	SCAMP2
0.000102199418132488	-1.53138146051631	0.05	0.15	1	3	GPM6B
0.00525798335017223	-1.53915881110803	0.025	0.082	1	3	TRPV4
0.00355361150687537	-1.55714455658139	0.031	0.102	1	3	OSGIN2
0.001146581376526	-1.56139402958275	0.05	0.141	1	3	STEAP1
0.00566720422825914	-1.56139402958275	0.1	0.192	1	3	NR6A1
0.00809208671605158	-1.56351408145712	0.062	0.146	1	3	FTL
0.00250599825552457	-1.56985560833095	0.119	0.199	1	3	HMOX1
0.00822897935246261	-1.5980525001616	0.038	0.115	1	3	MOV10
0.000333975958265199	-1.66432029233444	0.038	0.127	1	3	CNDP2
0.00711587838478147	-1.69116190455308	0.013	0.053	1	3	ANKRD6
0.000331115729520513	-1.69448226284469	0.038	0.129	1	3	IL10RA
0.00020128866372185	-1.70274987882829	0.056	0.175	1	3	HMGA1
0.00624053253327495	-1.71424551766612	0.025	0.093	1	3	PRDM1
9.55298509576057e-05	-1.72402653845871	0.081	0.228	1	3	KLF6
0.000304350128307365	-1.73978060977326	0.044	0.147	1	3	MMP14
0.00861552074607387	-1.75933340719466	0.013	0.061	1	3	SHCBP1
0.00104907757081938	-1.76818432477693	0.025	0.104	1	3	VPS25
0.000743511289060476	-1.77196101552241	0.031	0.127	1	3	LRRC8E
0.00759252808342863	-1.81378119121704	0.006	0.043	1	3	EZH2
0.00129905447096124	-1.83650126771712	0.038	0.119	1	3	TIAM1
0.00410721096467797	-1.84549005094438	0.013	0.065	1	3	LOC138566283
0.00245809549762257	-1.85590666688971	0.031	0.109	1	3	PNLDC1
0.00492960736914472	-1.86624861111117	0.013	0.062	1	3	MEX3B
0.00212915058297979	-1.8703647195834	0.025	0.1	1	3	BMP1
0.00864389528436236	-1.88671271367089	0.013	0.066	1	3	EXOSC2
0.00912263292546078	-1.90689059560852	0.006	0.04	1	3	TNFRSF6B
0.000335335961332534	-1.91687468418114	0.031	0.128	1	3	ITPRIPL2
0.0035364175512074	-1.96578428466209	0.019	0.083	1	3	CADM3
0.00855856054045366	-1.98489310760979	0.013	0.067	1	3	FOSL1
0.009138885530958	-2.02236781302845	0.006	0.048	1	3	APOH
0.000819386402351133	-2.04984854945056	0.019	0.098	1	3	ENAH
0.00950893002856369	-2.04984854945056	0.019	0.08	1	3	NPR3
0.00116832307183237	-2.06339508128851	0.019	0.093	1	3	LOC138481234
0.00910624661902289	-2.07681559705083	0.006	0.044	1	3	PRR5
0.00716322814638292	-2.11200502551313	0.013	0.069	1	3	MMP19
0.00118631163404287	-2.21916852046216	0.025	0.114	1	3	ITGB3
0.00142779557233789	-2.22881869049588	0.019	0.102	1	3	PLXNA2
0.00066247818922911	-2.26834705468252	0.031	0.13	1	3	ADAM8
0.0091710169410785	-2.29920801838728	0.006	0.06	1	3	DBN1
0.00515764338172275	-2.32192809488736	0.006	0.053	1	3	LIM2
0.00131334455060854	-2.33687843635333	0.013	0.075	1	3	ERRFI1
0.00620786030685724	-2.4093909361377	0.006	0.049	1	3	TC2N
0.00243081961170553	-2.43045255166553	0.006	0.064	1	3	BUD23
0.00427660359000033	-2.47167521439204	0.006	0.055	1	3	ARHGEF25
0.00012410602912837	-2.47843258056735	0.025	0.131	1	3	SEMA3A
0.000878745383765414	-2.50514991894313	0.013	0.077	1	3	GALR1
0.00429144074914422	-2.51175265376738	0.006	0.063	1	3	TMEM26
0.000310841812673478	-2.52160043972373	0.019	0.111	1	3	SPRY2
9.52756385615235e-05	-2.56985560833095	0.031	0.139	1	3	GAS7
0.000364994564040536	-2.56985560833095	0.019	0.108	1	3	LRG1
0.000927595288453839	-2.66177809777199	0.006	0.066	1	3	DPP4
0.0058043747665729	-2.876516946565	0	0.044	1	3	PSAT1
0.000522404992588822	-2.93663793900257	0.006	0.074	1	3	MFSD12
0.000277874534597485	-2.94641895979516	0.013	0.104	1	3	PLCE1
0.00271514213966454	-3.02236781302845	0	0.045	1	3	LOC138582423
0.00397127014332924	-3.02236781302845	0	0.045	1	3	RELT
0.00104771802450619	-3.04984854945056	0	0.051	1	3	GPR107
0.000867184748190422	-3.22881869049588	0	0.051	1	3	KCNE3
0.00328608422284578	-3.29920801838728	0	0.05	1	3	CHAD
0.00224517680375019	-3.36632221424582	0	0.056	1	3	POU6F2
0.000866128089852374	-3.47167521439204	0	0.063	1	3	FHL3
0.00480324939786867	-3.47167521439204	0	0.058	1	3	SEMA3D
0.00850334068822102	-3.49185309632967	0	0.033	1	3	STEAP4
0.00105031990517172	-3.51175265376738	0	0.06	1	3	CYGB
0.000403682089241413	-3.64385618977472	0	0.066	1	3	CXADR
0.000154403165827514	-4.00842862207058	0	0.081	1	3	ABLIM2
0.000187384022837794	-4.33315535031062	0	0.079	1	3	LOC138577431
4.20500871529053e-19	0.821751702380021	0.975	0.854	5.04979496619239e-15	4	KRT8
3.0237731950467e-16	0.788334505836977	0.943	0.818	3.63124922993158e-12	4	KRT18
3.23137922872215e-16	1.59382867122751	0.791	0.503	3.88056331577243e-12	4	AQP1
1.17185474535633e-15	-0.856621318336915	0.93	0.981	1.40728036369841e-11	4	COX1
2.21625507405319e-14	0.929110834979576	0.772	0.433	2.66150071843048e-10	4	NOS3
1.90756731369815e-13	0.972715917463253	0.639	0.347	2.29079758702011e-09	4	EXOC3L2
5.53509076299544e-13	1.22320377352135	0.696	0.453	6.64709049728122e-09	4	PMP22
8.94657655949372e-13	0.427847132735125	0.987	0.947	1.0743943790296e-08	4	EEF1A1
1.9128259128132e-12	0.874926110634077	0.816	0.533	2.29711263869737e-08	4	KDR
8.25185443669541e-12	0.993095568884369	0.614	0.333	9.90965199302751e-08	4	ACVRL1
2.53090398926473e-11	0.448427775129361	0.987	0.951	3.03936260070801e-07	4	RPS26
8.05278663786848e-11	-0.492464145960714	1	0.999	9.67059147341626e-07	4	COX3
2.00722729127643e-10	-6.53458540932975	0.013	0.237	2.41047925409387e-06	4	HAPLN3
2.62828082462592e-10	1.23640730963285	0.424	0.178	3.15630244229327e-06	4	FLT1
3.97903807687937e-10	0.461760046093249	1	0.91	4.77842682652444e-06	4	RPS24
7.86843928565834e-10	0.399495681701472	0.981	0.932	9.44920873814711e-06	4	RPL17
1.06705007893726e-09	-5.63635608726397	0.006	0.215	1.28142043979575e-05	4	RELN
1.07579183354587e-09	0.603877034389611	0.924	0.726	1.29191841290524e-05	4	PLVAP
1.61982371095656e-09	0.453628004231395	0.994	0.897	1.94524629448773e-05	4	RPL15
1.76107318880054e-09	0.450155547358059	0.975	0.907	2.11487279243057e-05	4	RPS11
1.92018506114361e-09	1.02819393154839	0.462	0.212	2.30595023992736e-05	4	SELP
2.23887112633562e-09	1.06207712907053	0.519	0.259	2.68866033561645e-05	4	F8
2.98756993134055e-09	0.400500978123583	0.994	0.943	3.58777273054687e-05	4	RPL10
3.14078448423989e-09	2.13424964864643	0.203	0.049	3.77176808712369e-05	4	NPPC
3.30620745754647e-09	0.558521993807678	0.911	0.777	3.97042453576756e-05	4	RPL10A
3.33411741288829e-09	0.466869575721948	0.956	0.841	4.00394160113755e-05	4	RPS3
3.55388054896796e-09	0.341648095546615	1	0.981	4.26785515125562e-05	4	RPL32
5.34373969467198e-09	1.62283464154855	0.5	0.264	6.41729699933158e-05	4	HS3ST1
5.4921335447081e-09	0.406948184071514	0.968	0.926	6.59550317383996e-05	4	HSP90AB1
1.08012484019459e-08	0.379474953647895	0.994	0.96	0.000129712192058969	4	RPS14
1.19332769826908e-08	0.946720708930309	0.614	0.342	0.000143306723285134	4	APLNR
1.84226471658961e-08	0.626652391610571	0.741	0.504	0.000221237569815246	4	PTGS2
2.36988238864593e-08	-4.88216631449501	0.006	0.201	0.000284599176052489	4	UNC5B
2.74777649603849e-08	-2.70935791820688	0.095	0.309	0.000329980479409262	4	NRP2
2.93416684650978e-08	0.446343648044745	0.981	0.933	0.000352364096597359	4	LGALS4
3.11840349108179e-08	0.36147424261498	1	0.945	0.000374489075244012	4	EEF1G
3.25269653828293e-08	0.392650954225115	0.987	0.958	0.000390616327282397	4	RPL13
4.28964620593105e-08	0.447465381853994	0.981	0.928	0.00051514361287026	4	RPL31
4.34989860138585e-08	-1.404836330342	0.177	0.41	0.000522379323040427	4	SMAD1
4.493629137926e-08	0.724250553038788	0.772	0.543	0.000539639923173533	4	PODXL
5.0418874015313e-08	0.614403016962774	0.544	0.349	0.000605480258049894	4	NOTCH1
5.58140440849867e-08	0.402960979631124	0.994	0.917	0.000670270855416606	4	RPLP0
7.86843192997712e-08	2.41215311964179	0.165	0.038	0.000944919990470953	4	SCIN
8.32018032882589e-08	0.469047875501736	0.949	0.92	0.000999170455688701	4	RPL12
8.99196286466722e-08	-0.907760741004402	0.665	0.786	0.00107984482041789	4	ND3
9.35740168891735e-08	0.396694324661625	0.987	0.936	0.00112373036882208	4	RPL13A
9.97610221792557e-08	-0.448039678614842	0.981	0.992	0.00119803011535068	4	ATP6
1.0079873199028e-07	-0.903377204047422	0.703	0.811	0.00121049197247128	4	FSTL1
1.13163713226483e-07	0.858512481437148	0.487	0.274	0.00135898303213684	4	SMAD6
1.13555013873874e-07	0.35116727639049	0.994	0.981	0.00136368216161136	4	RPS2
1.20776018532793e-07	0.34816321673163	0.975	0.942	0.00145039920656032	4	RPS7
1.29036471867216e-07	0.456177743533788	0.81	0.571	0.0015495989906534	4	TIE1
1.38821719190018e-07	0.383510156051099	0.994	0.964	0.00166711002575293	4	RPLP1
2.21555640437686e-07	0.503156570311172	0.899	0.716	0.00266066168601617	4	PRDX1
2.33760325775525e-07	1.0437930706982	0.652	0.402	0.00280722775223828	4	FCN1
2.76394137448538e-07	-0.534709458289612	0.766	0.87	0.0033192171966195	4	ND4
3.15280048616293e-07	0.368230822113355	0.994	0.96	0.00378619810383307	4	RPL21
3.28034558845753e-07	0.459568332734562	0.918	0.83	0.00393936701717865	4	RPS5
3.3685117147221e-07	-1.78925221387953	0.165	0.366	0.00404524571820977	4	ADD3
3.64549194567021e-07	0.805292954820508	0.601	0.341	0.00437787127755536	4	ID3
3.79821764740974e-07	-2.4240833767093	0.291	0.49	0.00456127957277436	4	CTSL
3.91457643032375e-07	0.390382600968263	0.785	0.575	0.00470101483517579	4	ADCY4
4.09601512517493e-07	0.396859527277617	0.956	0.855	0.00491890456382258	4	RPL27A
4.6666736037571e-07	0.378554419317266	0.949	0.867	0.0056042083307519	4	RPS3A
4.98438976319243e-07	0.348148232351579	0.93	0.883	0.00598575366661779	4	SLC25A5
5.6204480116445e-07	-1.55192730610327	0.146	0.337	0.00674959601718387	4	VASH2
6.32594873910293e-07	-2.91567557668526	0.044	0.211	0.0075968318407887	4	HMOX1
6.90352887362455e-07	0.985527646087734	0.411	0.204	0.00829044782433572	4	VEGFC
6.96223922837726e-07	0.405303064373241	0.968	0.903	0.00836095308935826	4	RPS27A
7.01992414778306e-07	0.446003828709622	0.994	0.94	0.00843022690907268	4	S100G
9.33826914337056e-07	-1.16982592074075	0.348	0.553	0.0112143274142737	4	CD9
1.07739232304177e-06	0.403481587966886	0.943	0.916	0.0129384044074086	4	RPS17
1.12799580636162e-06	-3.17543485048619	0.032	0.203	0.0135461016385966	4	NR6A1
1.14934091792531e-06	0.307892591739772	0.994	0.958	0.013802435083365	4	RPS8
1.15461768659991e-06	0.403132645799194	0.968	0.917	0.0138658037983783	4	RPL34
1.17881252617375e-06	0.335130908756359	1	0.968	0.0141563596268206	4	TPT1
1.20496443497684e-06	0.469893222996657	0.968	0.861	0.0144704178996369	4	EEF1B2
1.35206109157288e-06	0.340477250551867	1	0.942	0.0162369016486987	4	RPS19
1.60241893131086e-06	0.309213053759944	1	0.969	0.0192434489461121	4	RPS27
1.65005908934896e-06	-1.43766275576368	0.31	0.448	0.0198155596039917	4	MMRN1
2.04148907940963e-06	0.31886227451328	0.981	0.927	0.0245162423546303	4	RPL28
2.17158563331769e-06	0.35507986621259	0.93	0.902	0.0260785718705121	4	HSPA8
2.33108100486511e-06	-5.23170307013294	0	0.143	0.0279939517874252	4	PDPN
2.41400732010225e-06	0.419961651504386	0.943	0.874	0.0289898139071079	4	RPL3
2.41959408842611e-06	0.398950561585809	0.987	0.917	0.0290569054079092	4	RPS15
2.50158091723641e-06	-1.84094077851789	0.101	0.294	0.0300414852350921	4	CEBPD
3.25181564357638e-06	0.71662832744469	0.652	0.458	0.0390510540637088	4	EHD2
3.53961175995059e-06	0.426413812766959	0.759	0.599	0.0425071976252467	4	PECAM1
3.54230335063761e-06	0.668872296919699	0.835	0.624	0.0425395209378071	4	CD34
4.25864137202443e-06	-1.30846026911697	0.196	0.375	0.0511420242366414	4	PROM1
4.66185205481769e-06	1.15714048860068	0.203	0.09	0.0559841813263056	4	FXYD6
5.04229517053716e-06	0.310101193160192	1	0.959	0.0605529227029807	4	RPS9
5.30427006070785e-06	-3.75217684440238	0.006	0.122	0.0636989791590406	4	SNCA
5.46309309117399e-06	-1.75181836631856	0.127	0.299	0.0656062849319085	4	CADM1
6.13983194499027e-06	-3.25903505210413	0.032	0.181	0.0737332418273882	4	NFIX
6.67466355430063e-06	-3.18360878193189	0.025	0.173	0.0801560346235963	4	SRGN
7.08619199775951e-06	-1.05585323473352	0.475	0.594	0.085098079701094	4	SPARC
7.11755580497092e-06	0.37597509052394	0.975	0.848	0.0854747276618958	4	PMP2
7.30571906346086e-06	-0.340225163017276	0.956	0.974	0.0877343802331014	4	CYTB
7.34273342444965e-06	-1.21777179704365	0.152	0.317	0.0881788856942158	4	TSC22D2
7.70074914375746e-06	-5.90459207755624	0	0.12	0.0924782964673833	4	STAB2
8.06492900449838e-06	0.315422471416273	0.994	0.952	0.096851732415021	4	RPL24
9.06894078183629e-06	0.748721391530304	0.468	0.272	0.108908909849072	4	VWCE
9.08099457488722e-06	1.04150314075815	0.373	0.191	0.109053663849821	4	WIF1
9.32403162272856e-06	0.948734034762134	0.494	0.308	0.111972295757347	4	CKB
9.50750446169303e-06	0.34699358064893	0.981	0.845	0.114175621080472	4	CRIP1
1.05352723611937e-05	0.525841552153728	0.709	0.477	0.126518085785575	4	SPACA4
1.14685254436693e-05	0.360296465684472	0.994	0.925	0.137725522053024	4	RPS6
1.26364529451898e-05	0.319585646649689	0.994	0.973	0.151751163418784	4	RPL35
1.27560247756703e-05	0.331653135495669	1	0.995	0.153187101531025	4	TMSB4X
1.37325226056189e-05	0.495419053124131	0.797	0.561	0.164913863970877	4	RAMP3
1.40291390392822e-05	0.29991701254585	0.981	0.96	0.16847593072274	4	RPS28
1.41316265602141e-05	0.605522381506807	0.494	0.308	0.169706703361611	4	LHFPL7
1.42930133541484e-05	-4.06915005734698	0.006	0.134	0.171644797369968	4	SEMA3A
1.4494023672926e-05	0.989624395784307	0.228	0.107	0.174058730288168	4	FAM222A
1.44985430241174e-05	0.745828478908892	0.266	0.126	0.174113003176626	4	TESPA1
1.48707665254558e-05	0.236426654024281	0.987	0.928	0.178583035204198	4	NME2
1.51840138916082e-05	0.422063954748958	0.924	0.867	0.182344822824323	4	GAPDH
1.5696595363973e-05	0.382727590891251	0.753	0.545	0.188500413725952	4	INSR
1.60609036490794e-05	0.288401947271109	1	0.971	0.192875391921795	4	RPS23
1.70545571142199e-05	0.840817518557122	0.513	0.337	0.204808176384667	4	SELE
1.73502559514985e-05	-3.5583535752627	0.019	0.155	0.208359223721545	4	PROX1
2.11704975618494e-05	0.294492918323341	1	0.991	0.254236505220249	4	S100A11
2.12804734306133e-05	0.297315972309251	0.994	0.946	0.255557205428235	4	RPS12
2.40836165508207e-05	-1.89259196357222	0.044	0.181	0.289220151158806	4	TYROBP
2.41212133907764e-05	-1.86390192696121	0.133	0.274	0.289671651609834	4	APCS
2.46143707295236e-05	0.360377290188972	0.886	0.801	0.295593978090849	4	RPL23A
2.46834442474922e-05	-4.52978442306593	0	0.105	0.296423481968134	4	PLCE1
2.49612130381366e-05	1.20307677276754	0.215	0.096	0.299759207374983	4	HLX
2.53433585828179e-05	-1.13995226367676	0.152	0.309	0.30434839322106	4	MDFIC
2.65253027078577e-05	-1.24172652919537	0.418	0.55	0.318542360218664	4	FAM107B
2.68972702594727e-05	0.946471818212726	0.272	0.138	0.323009318546008	4	TINAGL1
2.73291229534602e-05	0.363492683141779	0.886	0.799	0.328195437548104	4	RPL18A
2.84058986676346e-05	0.312628365217319	0.981	0.909	0.341126437099624	4	RPL35A
2.85330171837297e-05	0.338665364879574	0.968	0.928	0.342653003359411	4	RPS10
3.02225506684154e-05	-1.98619235676463	0.063	0.212	0.362942610977001	4	ANGPT2
3.06492859002733e-05	0.43146070198099	0.892	0.821	0.368067274376382	4	RPL9
3.17235089226967e-05	0.315405978944338	0.943	0.895	0.380967618652664	4	RPL18
3.22491007967721e-05	-3.21744237700777	0.025	0.157	0.387279451468436	4	FGF10
3.39087752760765e-05	0.798044273261117	0.462	0.281	0.407210482290402	4	ASS1
3.52016490928999e-05	0.732201131365151	0.316	0.166	0.422736603956635	4	GPR68
3.54289932615439e-05	-2.79921660009787	0.025	0.15	0.42546678007788	4	VEGFA
3.69046002345147e-05	0.342146334188789	0.513	0.365	0.443187344216287	4	PDE2A
4.22534481198401e-05	0.868959268872264	0.209	0.1	0.50742165847116	4	RAPGEF3
4.53449480539767e-05	1.15387277476677	0.215	0.11	0.544547481180207	4	LOC138531582
4.5670034902709e-05	-0.835140123377029	0.266	0.427	0.548451449146632	4	RSRP1
4.70894288090271e-05	2.02918286912228	0.114	0.031	0.565496950567606	4	APCDD1
4.87566316622434e-05	0.370854715785484	0.968	0.92	0.585518389631881	4	DYNLL1
5.33383473454426e-05	0.726515003852058	0.316	0.175	0.64054021327142	4	LPAR4
6.31764022704849e-05	0.2843652255764	0.981	0.948	0.758685414866254	4	RPL19
6.33774021425292e-05	0.940042366933746	0.228	0.1	0.761099222329633	4	CRISP3
7.27546346299818e-05	-0.276008994509072	0.994	0.995	0.873710407271451	4	COX2
7.33074586604313e-05	-2.71035666870775	0.019	0.129	0.880349271053119	4	PLEKHG4B
7.41652323759711e-05	0.692308404241638	0.462	0.303	0.890650275603037	4	PLPP3
7.41846514037946e-05	0.471696023488701	0.778	0.575	0.890883478708169	4	CD2
7.91439726931745e-05	0.112722823140776	1	0.992	0.950439968072333	4	Fth1
8.21515651523589e-05	0.393720886393485	0.81	0.688	0.986558145914678	4	SNRPE
0.000641874140929952	3.28399676815111	0.032	0.003	1	4	LOC138467694
0.000610414805819603	3.1140717667088	0.044	0.005	1	4	FSIP1
0.00732900838505691	2.9214266887664	0.038	0.005	1	4	SLC35E4
0.00330124124567744	2.69903426742995	0.025	0.004	1	4	LOC138473057
0.00204358888312155	2.69903426742995	0.019	0.002	1	4	LOC138569361
0.000124058834618956	2.50638918948756	0.038	0.007	1	4	LOC138567268
0.000684946315363331	2.37710617254259	0.038	0.008	1	4	L1CAM
0.000142893907505123	2.3120111443207	0.076	0.014	1	4	PHGDH
0.00501771939129612	2.23960264879265	0.044	0.009	1	4	EDNRB
0.00318743824533604	2.1140717667088	0.032	0.008	1	4	FDXR
0.00200125045115805	2.03606925470752	0.07	0.018	1	4	FAM241B
0.00330124124567744	2.02096236231731	0.025	0.007	1	4	LOC138510979
0.00330124124567744	2.02096236231731	0.025	0.007	1	4	LOC138513678
0.000532401918730193	1.99859454928886	0.089	0.024	1	4	DAAM2
0.00732900838505691	1.9214266887664	0.038	0.009	1	4	LOC138453690
0.0099378035412748	1.91476295848539	0.063	0.02	1	4	S100A6
0.00182503449591674	1.8812375986507	0.101	0.046	1	4	NCAM1
0.00330124124567744	1.851037360875	0.025	0.007	1	4	COQ6
0.00318743824533604	1.82456514951381	0.032	0.01	1	4	LOC138473565
0.00722322109741244	1.78149642762192	0.051	0.016	1	4	FCER1G
0.000691231990749675	1.69903426742995	0.038	0.013	1	4	ZNF572
0.000975921689279531	1.69903426742995	0.057	0.019	1	4	RUSC1
0.000307539079401101	1.69903426742995	0.076	0.024	1	4	SCEL
0.000133236669495233	1.63763372276581	0.127	0.041	1	4	HOXB6
0.00722322109741244	1.62103175542868	0.051	0.018	1	4	LOC138527470
0.000570281212056704	1.61886391874597	0.127	0.046	1	4	RGS5
0.00027320363056791	1.5470311739849	0.108	0.037	1	4	LOC138521149
0.00194049844663497	1.52910926598764	0.044	0.017	1	4	IRGQ
0.0019261738132831	1.50158820322373	0.209	0.102	1	4	LEP
0.00893869036696994	1.4974004062603	0.057	0.021	1	4	CYP4B1
8.47195410391498e-05	1.46024740784283	0.139	0.051	1	4	ADGRG1
0.00893869036696994	1.43599986159616	0.057	0.022	1	4	ILVBL
0.00893869036696994	1.43599986159616	0.057	0.022	1	4	OXLD1
0.00282629166016983	1.41892634823722	0.082	0.03	1	4	FAM19A1
0.000275711463362212	1.40530306437324	0.171	0.062	1	4	CNMD
0.000423293685934135	1.39417968590153	0.101	0.039	1	4	KLHL26
0.00499939001522058	1.39417968590153	0.095	0.035	1	4	CCL19
0.0010290032618053	1.37710617254259	0.07	0.027	1	4	LOC138525707
0.00120101887439438	1.37710617254259	0.101	0.041	1	4	ZNF366
0.000403660902725002	1.35734291772116	0.354	0.226	1	4	SLC16A2
0.00858252768349973	1.35111096400964	0.127	0.051	1	4	RNF208
0.000655128130791437	1.34148226281187	0.095	0.039	1	4	ARL16
0.00757852889093002	1.34148226281187	0.095	0.036	1	4	SMAD7
0.000570979688989385	1.32052264417622	0.089	0.036	1	4	CMSS1
0.00276647125284884	1.31570562787845	0.114	0.053	1	4	CNTF
0.00655125658796276	1.28399676815111	0.07	0.029	1	4	LOC138527375
0.00200125045115805	1.23960264879265	0.07	0.03	1	4	PPP2R3C
0.00291219870230953	1.22098697062531	0.082	0.034	1	4	SLC45A3
0.00017940735604645	1.21790757769334	0.146	0.058	1	4	LOC138583049
0.000716535955127677	1.20288103366665	0.291	0.154	1	4	SPRY3
0.00014297908368406	1.20153460795913	0.177	0.085	1	4	ARHGEF15
0.000491104683776782	1.18163505052143	0.266	0.126	1	4	GPR182
0.00304839118595812	1.18118596256733	0.133	0.058	1	4	MRPL22
0.000975921689279531	1.16298136718974	0.057	0.027	1	4	MMAA
0.000657167981139712	1.15154647212746	0.076	0.032	1	4	PPARGC1B
0.00733376895744935	1.14883718486947	0.082	0.038	1	4	PPFIBP2
0.000858481123530595	1.13424964864643	0.146	0.065	1	4	PDE4C
0.00257132159696776	1.13343709157573	0.152	0.067	1	4	DNPEP
0.000234512801595312	1.1140717667088	0.165	0.079	1	4	LOC138525662
0.000247444961513499	1.1140717667088	0.165	0.075	1	4	DISP3
0.00483868928316918	1.1140717667088	0.158	0.068	1	4	ITGA8
0.000350624493736694	1.10342452250929	0.253	0.11	1	4	RIMBP2
0.00511836067564906	1.0875995553476	0.101	0.049	1	4	AREG
0.00163636804422742	1.06160434681466	0.158	0.077	1	4	FAM50A
0.00269265616906423	1.05748823834243	0.146	0.07	1	4	RUSC2
0.00394968383320661	1.05267122204465	0.133	0.066	1	4	AIMP2
0.00014240218561661	1.03024017590532	0.234	0.102	1	4	EGFL8
0.00208263359104977	1.02660892545846	0.158	0.081	1	4	SORL1
0.00233686670629069	1.02443455422412	0.152	0.077	1	4	LPAR6
0.000766148595965561	1.0229238786506	0.266	0.138	1	4	COX17
0.0030652195875867	1.02096236231731	0.089	0.041	1	4	APLP2
0.00161452417825908	0.995427270210176	0.203	0.104	1	4	GPA33
0.000285643801546011	0.994162302973599	0.272	0.14	1	4	FRY
0.00145959117080183	0.992765470486662	0.196	0.098	1	4	SOCS1
0.00146046264021069	0.980805235845331	0.184	0.09	1	4	MATN2
0.000981618866265735	0.97656824295886	0.203	0.111	1	4	THBD
0.00312382825250978	0.97656824295886	0.114	0.061	1	4	PLEKHA1
0.00519286683574313	0.974668710043379	0.139	0.072	1	4	STXBP6
0.000839835170470941	0.967851025857751	0.266	0.143	1	4	NUMBL
0.00722322109741244	0.962068673263745	0.051	0.027	1	4	NT5C1A
0.000219583032606264	0.952790859675734	0.31	0.168	1	4	ENPP1
0.00240050693583713	0.952790859675734	0.184	0.094	1	4	PEPD
0.000155290072060862	0.951133195582589	0.361	0.22	1	4	LOC138472551
0.000702678293959305	0.940042366933746	0.323	0.19	1	4	TCIM
0.000625185278937954	0.930849942653025	0.196	0.101	1	4	ENO3
0.00889951286617059	0.927658642477914	0.165	0.088	1	4	ISYNA1
0.00463433091063111	0.924593967845082	0.114	0.06	1	4	USP2
0.00519286683574313	0.918815475309861	0.139	0.076	1	4	MRPL49
0.00728297214634001	0.900668128599602	0.139	0.076	1	4	ECH1
0.00341551947758632	0.898803779805728	0.177	0.091	1	4	EBAG9
0.00365475430263173	0.891679345372347	0.146	0.077	1	4	LOC138488383
0.00489584800894071	0.891679345372347	0.184	0.098	1	4	C2PH11orf98
0.00790309932855008	0.883458838567379	0.152	0.084	1	4	DPM2
0.000697337494983992	0.883117331868923	0.285	0.151	1	4	S100A1
0.00129379847282943	0.855759771117404	0.101	0.056	1	4	DDA1
0.000288819142023566	0.849174616857811	0.234	0.135	1	4	SLC44A2
0.00266946121058122	0.846591455843809	0.203	0.119	1	4	RRAS2
0.00320359050122043	0.83577060422169	0.285	0.159	1	4	NOP53
0.0057539224994202	0.813205287349262	0.139	0.079	1	4	ZNF593
0.000803594472907129	0.810065579818695	0.297	0.172	1	4	CDC42EP2
0.00519171613063009	0.799561143383916	0.335	0.243	1	4	IGF2
0.00354011759823149	0.794191500470291	0.253	0.152	1	4	LOC138567585
0.00015446433452442	0.792143671821433	0.392	0.232	1	4	NPDC1
0.00285232361123225	0.792143671821433	0.222	0.128	1	4	RNPS1
0.00597135353048867	0.788301605527038	0.152	0.091	1	4	BBLN
0.00786262540465342	0.783426454720324	0.133	0.076	1	4	AP1AR
0.00523011334642321	0.777036779431224	0.177	0.1	1	4	AHRR
0.00166588029465916	0.770117365491434	0.158	0.09	1	4	PTRH2
0.00181410540558638	0.763574519624662	0.228	0.139	1	4	PLEKHH3
0.00578919371727421	0.760434812094094	0.234	0.135	1	4	AATK
0.000702494364913179	0.757710174757559	0.449	0.3	1	4	ADAMTS1
0.00949347695755122	0.747943867910898	0.171	0.083	1	4	EVA1C
0.0003199959953783	0.747474622487704	0.291	0.167	1	4	LRRC8C
0.00873153912701364	0.740854443124578	0.203	0.118	1	4	LDLR
0.00360431046589515	0.738562631616589	0.209	0.133	1	4	IDH1
0.00726708754360319	0.730285201414391	0.203	0.115	1	4	PRICKLE1
0.0036362778793986	0.722044245476452	0.38	0.238	1	4	DNASE1L3
0.00695794265959896	0.719212149367582	0.108	0.067	1	4	IFFO1
0.000415772589888333	0.718933824867656	0.411	0.238	1	4	FCRL5
0.000144150485844546	0.70419597254573	0.329	0.209	1	4	RAPGEF4
0.00840471985370589	0.699034267429951	0.259	0.178	1	4	PTGES
0.000151263051039614	0.672824388107102	0.57	0.403	1	4	CD93
0.00390568742155091	0.668007371809327	0.139	0.083	1	4	KITLG
0.00225561203095031	0.665403489548671	0.285	0.167	1	4	TRIM71
0.000338381674365474	0.664908483525325	0.424	0.295	1	4	ICAM5
0.0027049271694837	0.642003322393572	0.348	0.211	1	4	LAMA5
0.000340828042494378	0.624020913013106	0.443	0.295	1	4	TMEM204
0.00101562375940487	0.620465215055841	0.335	0.224	1	4	ADAM15
0.00129018173693022	0.605058119220937	0.31	0.198	1	4	PSMD7
0.00178484809396907	0.599498593879037	0.386	0.256	1	4	CAV2
0.00152813720069808	0.579034491319321	0.291	0.192	1	4	NDUFB9
0.00541892683131673	0.576177519644418	0.234	0.149	1	4	CMKLR2
0.00414648981472591	0.568973726865578	0.316	0.208	1	4	EIF3G
0.000824104466387258	0.564548935242931	0.449	0.317	1	4	BLOC1S1
0.00296600568281402	0.54375604195204	0.468	0.317	1	4	TMED10
0.00281785380804409	0.542308763742498	0.335	0.204	1	4	MCTP2
0.00360200400353646	0.541492990443471	0.437	0.32	1	4	GSN
0.00654802279264268	0.540772183513219	0.348	0.25	1	4	CNN2
0.00172290913797406	0.539377601441466	0.468	0.333	1	4	PSMB4
9.31894655765394e-05	0.538569595236705	0.38	0.224	1	4	RASAL2
0.000420133334638909	0.529109265987639	0.342	0.207	1	4	MAST4
0.00197559374606743	0.51770450271539	0.304	0.21	1	4	MMRN2
0.0022790606064726	0.515552942511733	0.589	0.428	1	4	NRP1
0.000196664763859312	0.507748532210914	0.81	0.712	1	4	CAPG
0.0041172129725755	0.497400406260301	0.259	0.187	1	4	EMC7
0.00943224769063227	0.4974004062603	0.411	0.283	1	4	PGLS
0.00638397751296718	0.492182696989281	0.335	0.23	1	4	MCUB
0.00894051125503375	0.484295418636938	0.57	0.42	1	4	TFPI2
0.00313621766419962	0.469746484086208	0.525	0.406	1	4	ADAMTS4
0.000411265942390882	0.468467914647803	0.639	0.519	1	4	RPL8
0.0099048078344322	0.467181516844437	0.367	0.25	1	4	PCDH17
0.000167209456634925	0.460686740447627	0.646	0.526	1	4	ATP5F1B
0.00211810747172025	0.460629528104872	0.335	0.216	1	4	SUSD1
0.00805821451343545	0.459568332734562	0.291	0.207	1	4	HSPA5
0.00385118508021085	0.456303958051246	0.481	0.332	1	4	TACR1
0.000931509478784735	0.454411898710038	0.582	0.415	1	4	GMFG
0.000668871773113134	0.453055025775887	0.551	0.416	1	4	CCT5
0.00915532422584739	0.451106753986366	0.386	0.272	1	4	B3GNT2
0.00464624750739775	0.447901950652449	0.342	0.269	1	4	ETS1
0.00311917082651312	0.422026919043553	0.532	0.416	1	4	ITGA6
0.00316591720762769	0.41746391015873	0.146	0.096	1	4	IL1B
0.000472514379418542	0.409314753452924	0.684	0.517	1	4	EEF1D
0.000236346833716047	0.406381094918102	0.753	0.613	1	4	CAVIN1
8.89638175581487e-05	0.402369083714877	0.829	0.64	1	4	CAVIN2
0.00144073844273521	0.398313485408543	0.646	0.478	1	4	SGK1
0.00748876851221673	0.396047736196049	0.278	0.201	1	4	CALCRL
9.5057676325844e-05	0.395048343252945	0.835	0.742	1	4	RPL6
8.64929762951701e-05	0.393636277465075	0.62	0.429	1	4	ARHGEF9
0.00274909996405221	0.39132003176229	0.411	0.303	1	4	ENTPD1
0.000292177207485747	0.390416626125967	0.728	0.568	1	4	RPL5
0.000547366177987228	0.384485702908186	0.658	0.503	1	4	GRB10
0.00465723347953166	0.382459407036795	0.31	0.222	1	4	NDUFB5
0.00220026554254882	0.377106172542589	0.525	0.382	1	4	SPNS2
0.00987368743665372	0.375046650364294	0.614	0.472	1	4	ATP5MG
8.96005790216355e-05	0.367221583610745	0.949	0.878	1	4	RPS16
0.000498163444486262	0.365907965937725	0.873	0.76	1	4	RACK1
0.00855755055895141	0.360865531535378	0.551	0.404	1	4	ILF2
0.00280585966380766	0.359547801158284	0.443	0.345	1	4	EHD3
0.00575031481093367	0.358996791990857	0.475	0.358	1	4	DCDC2B
0.00431911580113506	0.352583853408519	0.215	0.133	1	4	TNFAIP2
0.00722194338164143	0.350424129890083	0.766	0.632	1	4	GNGT1
0.0012121366207232	0.347894251326101	0.468	0.328	1	4	SHE
0.00128161964648947	0.345489968480861	0.892	0.878	1	4	PFN1
0.00333540965630947	0.340230170307556	0.823	0.704	1	4	LMNA
0.00625550882663344	0.340091330222034	0.658	0.527	1	4	SEMA3F
0.00197448800530758	0.339138322343569	0.266	0.194	1	4	HIAT1
0.00982217559759656	0.334461835134095	0.728	0.632	1	4	RSL24D1
0.00875333494105479	0.326144757967011	0.424	0.339	1	4	ARAP3
8.6742316231045e-05	0.315898617650774	0.943	0.887	1	4	RPS25
0.00620390269474351	0.312975835122873	0.684	0.526	1	4	COX5B
0.00762903136106994	0.309444464327997	0.842	0.792	1	4	TUBA1C
0.000935327760945116	0.299277228279841	0.861	0.795	1	4	EIF4A1
0.000522951133651354	0.295562319015232	0.709	0.517	1	4	KIAA1217
0.000328980396710596	0.290895734022806	0.994	0.947	1	4	S100A10
0.00108728042820112	0.288688463475829	0.741	0.661	1	4	BTF3L4
8.52104875424044e-05	0.283840775823455	0.981	0.967	1	4	RPL26L1
0.0074137577709742	0.283677623134677	0.93	0.887	1	4	RPS4X
0.00272290431013619	0.278828048534413	0.968	0.856	1	4	RPL2
0.000195881897214286	0.277222903509716	0.975	0.941	1	4	RPL27
0.000236173269589541	0.275689949030566	0.987	0.92	1	4	RPL11
0.00990923481097144	0.275054901072891	0.753	0.618	1	4	YBX3
0.000242847698523754	0.272055837204574	0.994	0.964	1	4	RPS18
8.33006959200558e-05	0.267526263737918	0.987	0.956	1	4	RPL14
0.000435127523892684	0.266225172202417	0.975	0.911	1	4	RPS13
0.000115553450906482	0.262504304466906	0.975	0.934	1	4	RPL37
0.0022009325440268	0.256554049913096	0.677	0.585	1	4	CALR
0.00582978829555583	0.251052669536192	0.753	0.631	1	4	ATP5PF
0.000457296857384372	0.249567713107967	0.975	0.916	1	4	RPS29
0.000279892251055999	0.246314773998034	1	0.973	1	4	RPL23
0.00178804597116506	0.244408966533587	0.69	0.573	1	4	PPIB
0.00502690929812029	0.240073938078999	0.949	0.932	1	4	RPL39
0.00215863000152304	0.234648577068462	0.62	0.435	1	4	PLCB1
0.00310433536870003	0.234209390022435	0.778	0.665	1	4	LIFR
0.00201679788134058	0.229960936927679	0.975	0.914	1	4	RPL38
0.000275487949195037	0.226084838264986	0.981	0.966	1	4	FAU
0.0011220901616952	0.219591714190745	0.899	0.713	1	4	PRX
0.000126671197177192	0.216733541246429	1	1	1	4	CIRBP
0.0048586374703585	0.213085575525898	0.949	0.921	1	4	MYL6P1
0.000310573051415989	0.212564570018885	0.975	0.932	1	4	UBA52
0.00714979676519773	0.188335110204275	0.873	0.75	1	4	NAP1L1
0.00890734862910885	0.162888121646735	0.987	0.956	1	4	RPL36A
0.005034004027948	0.16264066697777	1	0.946	1	4	RPL36
0.00453205957594446	0.159365153715195	1	0.995	1	4	LOC138582460
0.00862389231718644	0.155566155981833	0.968	0.984	1	4	VIM
0.00917483449914414	0.105026627105788	0.899	0.847	1	4	HSPG2
0.00165590571260222	-0.190437249130047	0.981	0.979	1	4	ZA20D3
0.00701755674728134	-0.263475568738369	0.861	0.867	1	4	RAC1
0.00359975520762877	-0.357996677606428	0.297	0.404	1	4	FAM120A
0.0092433771023185	-0.378968244571322	0.399	0.485	1	4	ZNF318
0.000433126769049529	-0.389717730407722	0.734	0.832	1	4	ND1
0.00670589332180239	-0.407880936486561	0.506	0.594	1	4	ITM2A
0.000113674035023027	-0.424348148075331	0.804	0.862	1	4	ND2
0.00945881225371683	-0.433069268577394	0.342	0.452	1	4	ZNF638
0.00780609390087917	-0.470890734012361	0.259	0.362	1	4	CLEC2B
0.00967113642176237	-0.491761912347194	0.323	0.39	1	4	DEK
0.0033581344492563	-0.509623128501076	0.228	0.326	1	4	RFTN1
0.00575007563835875	-0.512932504829287	0.506	0.579	1	4	ZFP36L2
0.00539589813475979	-0.540074299158362	0.437	0.558	1	4	JCAD
0.00362377175907447	-0.542854329532294	0.335	0.437	1	4	RAB6A
0.00665917431181835	-0.551422072324373	0.297	0.424	1	4	SRP9
0.0017244495679036	-0.558263768854698	0.525	0.579	1	4	SFPQ
0.000986132357366911	-0.560609549203068	0.38	0.488	1	4	PPP1CB
0.00936782881987306	-0.578039591673151	0.247	0.357	1	4	SDCBP2
0.00650063908686789	-0.586367951432297	0.171	0.26	1	4	OGT
0.000714128637697979	-0.586720214903926	0.506	0.583	1	4	SEPT2
0.000292431167902991	-0.591057740335406	0.804	0.833	1	4	ITGBL1
0.00446287909046028	-0.610820995156836	0.316	0.4	1	4	WSB1
0.00243210962969545	-0.616167964269098	0.234	0.357	1	4	SEC11A
0.00547693167503107	-0.622893827457411	0.285	0.395	1	4	HLA-A
0.00514822907962097	-0.622893827457411	0.241	0.326	1	4	PAM
0.00899780400339481	-0.622893827457411	0.19	0.262	1	4	CBX5
0.00515664208471092	-0.629747498498474	0.361	0.429	1	4	HNRNPUL1
0.000166073544714629	-0.641020445641734	0.405	0.539	1	4	NID2
0.00848042822755074	-0.648316424337318	0.247	0.343	1	4	BASP1
0.00755032233385576	-0.667748063241671	0.203	0.29	1	4	FRYL
0.00546190754133182	-0.66883011162427	0.196	0.301	1	4	ERLIN2
0.00250280953064394	-0.685272612609098	0.215	0.333	1	4	ZFP36L1
0.0075677366220712	-0.690532544332775	0.133	0.217	1	4	LMNB1
0.00221962324699422	-0.69096557245541	0.443	0.574	1	4	ADAM10
0.00257068695386912	-0.697570513751907	0.184	0.288	1	4	FIP1L1
0.00398827887399953	-0.709771278137378	0.171	0.269	1	4	ZC3H10
0.000941130398201531	-0.709842247222219	0.323	0.431	1	4	TXNIP
0.00236190999039948	-0.720504624083834	0.335	0.454	1	4	PDIA4
0.00997245524684975	-0.726516458531569	0.253	0.351	1	4	ADD1
0.00304181650760531	-0.732681972995523	0.215	0.328	1	4	PXDN
0.00913275184584349	-0.765073838416819	0.171	0.256	1	4	SCARB2
0.00382519339574658	-0.765851781299454	0.443	0.535	1	4	LOC138472433
0.00592921888069026	-0.774137407833648	0.203	0.327	1	4	SRSF10
0.00468687641498418	-0.787280645358294	0.247	0.361	1	4	VAV3
0.00324732662304389	-0.788805766393101	0.19	0.285	1	4	TNPO2
0.0066591300010498	-0.789712918031902	0.184	0.289	1	4	TSPAN9
0.00345594395481675	-0.79153586301625	0.146	0.242	1	4	WDFY1
0.00416202123647211	-0.79682075945722	0.19	0.29	1	4	SERINC1
0.0023117075867349	-0.798465392040866	0.101	0.173	1	4	NUCB2
0.00963353565918824	-0.803466073099232	0.089	0.145	1	4	FAM135A
0.00340240855459564	-0.811261433853188	0.171	0.277	1	4	LOC138473015
8.33437343389106e-05	-0.814737185434252	0.253	0.39	1	4	ND5
0.000345441502045948	-0.830218800704918	0.253	0.39	1	4	LIMA1
0.00548947721181366	-0.832347193086361	0.095	0.165	1	4	LCOR
0.000305993586510829	-0.836346204440645	0.215	0.345	1	4	HSD17B12
0.002570333430122	-0.843223782336967	0.228	0.364	1	4	AP1B1
0.00467345026611434	-0.843997552825287	0.196	0.312	1	4	RAB5B
0.00362494228176137	-0.845286248793859	0.076	0.168	1	4	EML1
0.000421141434757907	-0.871714374071504	0.19	0.315	1	4	JARID2
0.00258151023775353	-0.873217181541651	0.196	0.311	1	4	ARHGAP27
0.00897202606336837	-0.873437289108008	0.165	0.256	1	4	DAB2IP
0.0091146171995329	-0.881111216993429	0.127	0.233	1	4	CCN1
0.00319704982101777	-0.885928233291205	0.241	0.349	1	4	ZNF521
0.000875786883664367	-0.900170155866984	0.228	0.365	1	4	PTPRE
0.00732743776324078	-0.920862023400592	0.101	0.188	1	4	DGCR8
0.000314849925139893	-0.943261408357156	0.184	0.34	1	4	ND4L
0.000668234378906828	-0.948663988639168	0.234	0.378	1	4	MYH10
0.00462378429098895	-0.949622908608595	0.139	0.247	1	4	LBR
0.000310958716339271	-0.965286024904489	0.291	0.431	1	4	CLDN11
0.0054499284837043	-0.967228335393053	0.133	0.25	1	4	ADAR
0.00245429712528054	-0.973391074541544	0.114	0.212	1	4	CNN3
0.000811537177391702	-0.977850722732244	0.209	0.357	1	4	SERPING1
0.00491112434181008	-0.979663671557074	0.196	0.32	1	4	SLC22A23
0.00519083281117246	-0.982789772543794	0.063	0.133	1	4	ALDH5A1
0.00205536355538562	-1.00140545071114	0.07	0.149	1	4	TOP2A
0.00852763192654183	-1.02343175704114	0.241	0.347	1	4	TSPAN18
0.00592493221465376	-1.03190753910848	0.089	0.177	1	4	TP53I11
0.00671658953413917	-1.03793132673626	0.032	0.074	1	4	LOC138452633
0.00890918119170843	-1.03793132673626	0.044	0.103	1	4	MLANA
0.00830303832015174	-1.04050527040008	0.082	0.159	1	4	SDC1
0.00726742420981544	-1.04915858215951	0.095	0.192	1	4	STARD8
0.00156559181443987	-1.05139358654282	0.348	0.46	1	4	STAB1
0.004707705613112	-1.05899294226408	0.101	0.199	1	4	PYCR1
0.000181258280411919	-1.06786861089036	0.177	0.335	1	4	LOC138503155
0.000107950382680793	-1.07003216990328	0.171	0.311	1	4	GALNT1
0.00446774306745803	-1.07148388644728	0.095	0.187	1	4	CELF2
0.00240842646264698	-1.07817778140497	0.209	0.349	1	4	FCHSD2
0.00755989001499343	-1.08434179169321	0.076	0.16	1	4	MUC5AC
0.00968760973367379	-1.08434179169321	0.076	0.16	1	4	EEIG2
0.00628369221928845	-1.08646122066391	0.108	0.196	1	4	GPX3
0.00649569023334685	-1.09451485510262	0.082	0.175	1	4	MFAP1
0.00845053463239247	-1.11373415081402	0.114	0.196	1	4	MMP18
0.000307913239644614	-1.13284297376172	0.139	0.279	1	4	ZNF407
0.00860230348579556	-1.13385574673479	0.07	0.154	1	4	SLF2
0.00406461947618427	-1.148962639125	0.082	0.178	1	4	RBPJ
0.00208844109305616	-1.17748267913505	0.082	0.194	1	4	HDAC8
0.00046627397943076	-1.18849100331164	0.114	0.256	1	4	G3BP2
0.00317292533926774	-1.19026226816383	0.063	0.146	1	4	PROS1
0.00131697061942609	-1.19173666281529	0.063	0.16	1	4	TNIP1
0.00231792426562284	-1.20303931188079	0.12	0.238	1	4	CD53
0.00456383703135975	-1.20785632817857	0.038	0.096	1	4	CYB5A
0.00095676598184084	-1.21385506880001	0.089	0.17	1	4	MPEG1
0.00198757487545852	-1.22379787204759	0.07	0.16	1	4	DUSP6
0.00224780174039422	-1.22832043073828	0.076	0.18	1	4	ABL1
0.00234654638789855	-1.23170307013294	0.063	0.148	1	4	GPM6B
0.00196041794957665	-1.23507779691359	0.038	0.099	1	4	TOE1
0.00540184591442099	-1.24348023790929	0.095	0.212	1	4	LOC138566285
0.000401285150743467	-1.25789701067816	0.101	0.224	1	4	ZEB1
0.00432454328891121	-1.27824565606997	0.044	0.116	1	4	LATS2
0.000247776578017566	-1.28151336990388	0.076	0.194	1	4	SEC31A
0.00378560275835901	-1.30096573257005	0.038	0.099	1	4	ATF6
0.00400492784629448	-1.3307130759641	0.032	0.091	1	4	ETV6
0.00697202657421296	-1.33523563465479	0.076	0.175	1	4	UAP1L1
0.00108050501431449	-1.35573153600094	0.12	0.243	1	4	SERPINE2
0.00123803744130278	-1.36274193015674	0.051	0.14	1	4	LOC138566346
0.00197649748240724	-1.37731661870016	0.139	0.244	1	4	SELENOP
0.00192727187296455	-1.39757405636944	0.203	0.324	1	4	IQSEC1
0.00572906715950619	-1.43024874951502	0.019	0.065	1	4	C9orf72
0.00855412681966349	-1.45477106864908	0.057	0.145	1	4	CTSZ
0.000589615519835432	-1.49079029145007	0.025	0.114	1	4	ITGB3
0.00174537750056289	-1.49079029145007	0.044	0.12	1	4	TGFB1
0.00215983228782969	-1.49183007170472	0.108	0.226	1	4	LGALS9
0.00599035255938526	-1.53126335199184	0.076	0.165	1	4	PDGFC
0.000129898466228569	-1.54558810128996	0.133	0.279	1	4	HSD3B7
0.00311613921279681	-1.55779879923553	0.07	0.169	1	4	FGL2
0.00889590517582618	-1.58225184296007	0.108	0.212	1	4	EXOC6
0.00573484665952799	-1.59374748179789	0.025	0.088	1	4	MGST1
0.00181081467250824	-1.5960700393817	0.057	0.167	1	4	CCN2
0.00564898523314099	-1.60474648074715	0.019	0.069	1	4	PHF1
0.00400492784629448	-1.62289382745741	0.032	0.109	1	4	CDH18
0.00116231968918427	-1.65851773718813	0.057	0.168	1	4	ARHGAP6
0.00255624775835685	-1.67600516391697	0.044	0.135	1	4	SMTN
0.00225036419453178	-1.73095357331486	0.108	0.235	1	4	FN1
0.00205169885587741	-1.7359027892866	0.158	0.263	1	4	COL3A1
0.00136211811570411	-1.74722196245961	0.057	0.159	1	4	PIM3
0.00228418891536268	-1.82452768862706	0.032	0.113	1	4	RALGDS
0.00190564622219716	-1.85555458424769	0.019	0.083	1	4	TRPV4
0.000103528120509217	-1.88191517078458	0.082	0.224	1	4	FLT4
0.00101702518374767	-1.9124004446524	0.051	0.152	1	4	GAS6
0.0046310268590103	-1.91567557668526	0.019	0.076	1	4	DKK3
0.000670306171461103	-1.92155214302193	0.025	0.115	1	4	SMIM20
0.00306304860157812	-1.93032235264966	0.07	0.177	1	4	GPNMB
0.00667665855225771	-1.94482192234477	0.006	0.046	1	4	SLC15A4
0.00803707503827052	-1.98746625975327	0.019	0.081	1	4	LRP1
0.00115984078950814	-1.99345669759565	0.038	0.119	1	4	MAFB
0.00132645904893365	-2.01521125023617	0.019	0.089	1	4	PRR5L
0.00369755547784685	-2.019783980026	0.013	0.069	1	4	PDZD2
0.00662875383414385	-2.05585323473352	0.019	0.076	1	4	GALR1
0.00191301829945993	-2.06177806869062	0.051	0.148	1	4	SLC7A8
0.00148514788662534	-2.19487847418036	0.234	0.366	1	4	MRC1
0.00667666295976378	-2.20785632817857	0.006	0.055	1	4	GJC1
0.00555769278262799	-2.30096573257005	0.006	0.06	1	4	ARID3B
0.00669976111807437	-2.30096573257005	0.006	0.061	1	4	ALKBH8
0.00142570943211566	-2.31591607403602	0.013	0.075	1	4	ERRFI1
0.00275791826593557	-2.31888764056731	0.025	0.121	1	4	TIAM1
0.00969968107538411	-2.3233335455985	0.006	0.057	1	4	LOC138583127
0.00966499167063654	-2.3453598519285	0.006	0.054	1	4	STK33
0.000473044897702456	-2.37421471460069	0.013	0.091	1	4	ECT2
0.00379045456808274	-2.38842857382039	0.006	0.056	1	4	COL23A1
0.00637181465531409	-2.38842857382039	0.013	0.084	1	4	CLU
0.000746185710036347	-2.39548333135434	0.032	0.141	1	4	EMILIN1
0.00148807793918869	-2.45071285207473	0.006	0.063	1	4	MEX3B
0.00180196053025437	-2.49079029145007	0.006	0.069	1	4	SIRT5
0.00040852677899203	-2.54889324601363	0.032	0.138	1	4	GAS7
0.000394171483511735	-2.64081573545467	0.006	0.069	1	4	MYO7A
0.0050714037443967	-2.65851773718813	0	0.035	1	4	RUNX1
0.00891275285569799	-2.65851773718813	0	0.039	1	4	TRIB2
0.00611646420451923	-2.69328315534881	0	0.04	1	4	AAAS
0.000157801850473515	-2.71374725790852	0.025	0.113	1	4	MRGPRH
0.00102370194878466	-2.72723048727215	0.006	0.08	1	4	WBP1
0.00184746565146916	-2.7424009219135	0.025	0.105	1	4	ESM1
0.00891717347573491	-2.76039735120735	0	0.038	1	4	RENBP
0.00738269737688318	-2.79281882889972	0	0.043	1	4	DDX47
0.00348028887301146	-2.82452768862706	0	0.044	1	4	CCSAP
0.00887201607916108	-2.82452768862706	0.013	0.068	1	4	CLEC
0.00108745277800975	-2.84786019245769	0.019	0.132	1	4	ADAM8
0.00891438137730715	-2.8859282332912	0	0.041	1	4	LPAR1
0.00123053742447519	-2.97339107454154	0.006	0.08	1	4	ABLIM2
0.000311330714016426	-2.97339107454154	0.013	0.109	1	4	LRG1
0.00611903510233753	-2.97339107454154	0	0.042	1	4	SORCS2
0.00506929196786216	-3.02888618713325	0	0.049	1	4	APOH
0.000573792430392559	-3.0424327189712	0.006	0.09	1	4	NINJ1
0.000151137199300498	-3.06915005734698	0.006	0.09	1	4	RNF152
0.00891715020643649	-3.08232544609471	0	0.048	1	4	P2RY4
0.00891717347573491	-3.08232544609471	0	0.045	1	4	PRR5
0.00738957055158316	-3.15894672769762	0	0.039	1	4	HPX
0.00198274877645033	-3.23170307013294	0	0.049	1	4	C1S
0.0050704049888327	-3.25516204295692	0	0.051	1	4	ECE2
0.00288651644549381	-3.27824565606997	0	0.05	1	4	CHAD
0.00198274877645033	-3.30096573257005	0	0.055	1	4	ANKRD6
0.00198218947122075	-3.36705492302782	0	0.061	1	4	HMCES
0.00612353026570569	-3.40949018934822	0	0.05	1	4	TC2N
0.000101582400300831	-3.43024874951502	0.006	0.095	1	4	PGF
0.000321614602686065	-3.45071285207473	0.006	0.104	1	4	DOCK5
0.00164182888414975	-3.49079029145007	0	0.059	1	4	CYGB
0.000934027644162416	-3.62289382745741	0	0.066	1	4	CXADR
0.000934591480664514	-3.65851773718813	0	0.067	1	4	DPP4
7.01915643073434e-22	1.3313614251897	0.897	0.531	8.42930495766887e-18	5	INSR
5.3561579866704e-17	1.29345491920972	0.676	0.309	6.43221012619248e-13	5	PCDH1
1.77886017895727e-16	1.14572967266289	0.684	0.309	2.13623318890979e-12	5	PDGFD
2.88684006394506e-15	1.07637491650315	0.801	0.458	3.46680623279163e-11	5	COL4A1
5.43458519897409e-15	1.1976495925269	0.581	0.249	6.52639336544798e-11	5	ARHGEF28
1.33104780653929e-13	0.940533087902783	0.735	0.425	1.59845531087303e-09	5	COL4A2
1.69874541768569e-12	-3.8791753053033	0.081	0.384	2.04002337209875e-08	5	MRC1
1.14374185395174e-10	-1.16439010779683	0.449	0.702	1.37351959241065e-06	5	ICAM1
1.71929582436798e-10	0.594120892731688	0.963	0.84	2.06470235548351e-06	5	HSPG2
2.44279533768576e-10	0.952572983358764	0.64	0.344	2.93355292102683e-06	5	APLNR
5.3739947395524e-10	1.60967677242268	0.412	0.161	6.45363028272848e-06	5	DLL4
6.54990314691539e-10	-6.28765951647259	0.015	0.232	7.86577868913069e-06	5	HAPLN3
6.88898233949832e-10	0.878107068104669	0.794	0.51	8.27297889150353e-06	5	ENG
1.1542619023506e-09	1.30024362848686	0.463	0.177	1.38615311853284e-05	5	SH3RF3
1.44274902778264e-09	0.565603087266896	0.993	0.981	1.73259730746417e-05	5	VIM
1.80642248424825e-09	0.735007890584744	0.772	0.491	2.16933276133372e-05	5	GRB10
2.05202097636154e-09	1.70010876612667	0.338	0.127	2.46427199051257e-05	5	APLN
2.34593864538231e-09	-1.7192104713344	0.213	0.458	2.81723771923962e-05	5	MMRN1
2.45191330108036e-09	1.11744062823146	0.662	0.424	2.94450268326741e-05	5	DLK1
3.06127007628101e-09	1.90413998459248	0.25	0.069	3.67627923460586e-05	5	CXCR4
3.58712405581891e-09	0.891194356856219	0.507	0.235	4.30777727863293e-05	5	PCDH17
3.64884633574822e-09	-4.80223268930235	0.015	0.21	4.38189956460004e-05	5	RELN
4.283184793065e-09	0.536184776413681	0.868	0.557	5.14367661799176e-05	5	RAMP3
5.70841398968745e-09	0.982486036312225	0.596	0.322	6.85523436021565e-05	5	PDE4B
6.41871975449457e-09	0.72769562457334	0.713	0.415	7.70824055317252e-05	5	NRP1
1.22019971990823e-08	-0.73407836579426	0.5	0.703	0.000146533784363779	5	LIFR
1.23633778899896e-08	0.429046849002836	0.963	0.895	0.000148471805080885	5	TAGLN2
1.29027870938475e-08	-5.61628226393396	0	0.182	0.000154949570210014	5	NFIX
2.33603719607971e-08	1.37748578235452	0.434	0.187	0.000280534706877212	5	WIF1
2.37347256210436e-08	2.25790416660185	0.125	0.027	0.000285030319983112	5	KIT
3.45670496159006e-08	0.634920381542485	0.824	0.62	0.000415115698837351	5	FLI1
3.71016219823294e-08	-0.513219216887722	0.956	0.976	0.000445553378385794	5	COX1
5.36245458863984e-08	0.622618351380805	0.765	0.503	0.000643977171549758	5	ESAM
5.81909836897132e-08	0.881189904896873	0.529	0.297	0.000698815523129766	5	RGS3
8.95265591248598e-08	1.06994887756256	0.419	0.219	0.00107512444853044	5	LOC138510069
9.18690284179267e-08	1.11088448067106	0.434	0.214	0.00110325516227088	5	ST8SIA4
9.48426432548845e-08	-1.17424610153869	0.426	0.597	0.00113896530284791	5	SPARC
1.10521383539902e-07	2.11588516172942	0.176	0.042	0.00132725129493068	5	KCNJ2
1.28361555308072e-07	0.815592817818805	0.706	0.462	0.00154149391769464	5	LOC138567840
1.64049040411108e-07	0.342169640176588	1	0.995	0.001970064926297	5	TMSB4X
2.10351611764512e-07	1.78841888330063	0.206	0.073	0.00252611250568002	5	UCK2
2.13374963181228e-07	0.598036856866804	0.699	0.428	0.00256241993284337	5	PLCB1
2.23770491874073e-07	-0.405129857067194	1	0.999	0.00268725983691575	5	COX3
4.1435764820668e-07	0.59093766411008	0.684	0.451	0.00497602099731402	5	NOS3
5.34698413208391e-07	-3.08378718310694	0.037	0.224	0.00642119324421957	5	CLCA1
5.46516071416397e-07	-4.98477717727578	0	0.14	0.00656311150163951	5	PDPN
6.65501195983944e-07	-2.39081569900757	0.316	0.483	0.00799200386257118	5	CTSL
8.2704294067347e-07	1.2297531262877	0.287	0.116	0.0099319586745477	5	ITGA7
1.03229065216155e-06	0.567221144008891	0.831	0.631	0.012396778441808	5	RALB
1.05711594349603e-06	-0.680881738847463	0.684	0.781	0.0126949053654439	5	ND3
1.26756977640167e-06	0.731979978766863	0.757	0.506	0.0152222454448077	5	IGFBP1
1.4456905772926e-06	1.17130227604895	0.449	0.253	0.0173612981427069	5	YPEL1
1.66865867544239e-06	1.53092266100827	0.206	0.068	0.0200389220333876	5	PRDM1
1.91049611255987e-06	-1.62782726487737	0.154	0.327	0.0229431478157315	5	IQSEC1
1.94444363354283e-06	0.853310872321436	0.537	0.312	0.0233508235952159	5	VASP
2.05576881885045e-06	1.30210397051239	0.213	0.077	0.0246877277455751	5	BLNK
2.15353730702196e-06	1.66962893183986	0.25	0.092	0.0258618295200267	5	TGFB1
2.20177125277763e-06	0.369523530969563	0.956	0.87	0.0264410709746065	5	PFN1
2.30889888767984e-06	2.30853023967182	0.118	0.024	0.0277275667421472	5	CNDP1
2.34895732365301e-06	2.11998956006216	0.14	0.031	0.028208628499749	5	KCNE3
2.48656363038013e-06	0.704000370103164	0.75	0.564	0.029861142637235	5	CD81
2.71750483536126e-06	0.592164011736702	0.794	0.578	0.0326345155678534	5	TIE1
2.86865907949812e-06	-0.429596935944073	0.934	0.976	0.0344497268856929	5	CYTB
3.32372456508226e-06	1.04688906913789	0.412	0.223	0.0399146083020729	5	PMEPA1
3.84585222738708e-06	0.680987950211825	0.676	0.486	0.0461848393986914	5	SPACA4
4.06044692561472e-06	0.688662124002462	0.5	0.294	0.0487619071297072	5	ENTPD1
4.58201332195755e-06	1.31274249095873	0.346	0.132	0.0550253979833882	5	MYO1A
5.45724788547607e-06	0.642891092651064	0.684	0.482	0.0655360898566821	5	GNAI2
5.68563806140312e-06	-5.65766618469908	0	0.117	0.0682788274793901	5	STAB2
6.2803739949105e-06	-2.86782103092993	0.022	0.154	0.0754210113048801	5	GAS6
6.4804332299164e-06	-1.23836422021582	0.316	0.524	0.077823522658066	5	SGK1
7.07964332361199e-06	0.481023232714411	0.912	0.778	0.0850194366732563	5	TUBB4A
8.15211592940606e-06	-3.29721382318584	0.022	0.155	0.0978987601962374	5	FGF10
8.32477376399008e-06	-0.444080640524991	0.728	0.87	0.0999722081317569	5	ND2
9.1356941417809e-06	2.1938876737307	0.11	0.029	0.109710550948647	5	LRRN1
9.19454243739777e-06	1.16097305125796	0.353	0.169	0.11041726013071	5	PDGFB
9.40916807099218e-06	1.05798677802122	0.404	0.227	0.112994699364545	5	MECOM
9.42632495291962e-06	-3.31142768240554	0.022	0.152	0.113200736359612	5	PROX1
9.76474562884456e-06	0.656698254320071	0.61	0.406	0.117264830256794	5	DYSF
9.76577568105112e-06	0.871413206922057	0.493	0.277	0.117277200153743	5	LBH
9.99157115078213e-06	-0.336903910569181	0.978	0.992	0.119988777949743	5	ATP6
1.09030782872968e-05	0.734214983150171	0.596	0.388	0.130935067152147	5	CLDN11
1.1168894173412e-05	0.887066471233542	0.375	0.202	0.134127250128504	5	MMRN2
1.14196088376561e-05	-2.71225132246468	0.029	0.18	0.137138082531412	5	GPNMB
1.2731985671754e-05	-2.22195970526482	0.14	0.299	0.152898415932093	5	NRP2
1.48321390579329e-05	0.843598442657433	0.287	0.16	0.178119157946716	5	HES4
1.55369981347728e-05	0.437177936450839	0.838	0.728	0.186583810600487	5	PRDX1
1.71329003150974e-05	3.2089945661209	0.037	0.004	0.205748999884005	5	AP4B1
1.82774694435732e-05	0.562313080155814	0.64	0.43	0.21949413054787	5	ARHGEF9
1.83342139851962e-05	0.82931524143484	0.485	0.291	0.220175575748221	5	PXDN
1.95959167691495e-05	0.583968895369901	0.816	0.665	0.235327364480716	5	FSCN1
2.19021617621889e-05	-2.43870368994821	0.051	0.191	0.263023060602127	5	UNC5B
2.42976658695935e-05	0.234771201054326	1	1	0.291790669427949	5	CIRBP
2.90044418970347e-05	0.976854168232894	0.375	0.18	0.34831434274149	5	SMOX
3.01845273382179e-05	-2.83539955323755	0.015	0.135	0.362485988804658	5	GAB3
3.13690815562936e-05	0.853628279515036	0.404	0.229	0.37671130040953	5	CYR61
3.21867289365172e-05	-3.50525095154522	0.007	0.119	0.386530427798635	5	SNCA
3.5458297183794e-05	-2.50525095154522	0.051	0.197	0.425818690880182	5	NR6A1
3.80835009956386e-05	0.573340102304837	0.559	0.405	0.457344763456624	5	ADAMTS4
3.91048899154821e-05	0.887928038915696	0.36	0.187	0.469610622995024	5	EMID1
4.11940449665021e-05	0.718668939537824	0.412	0.237	0.494699286002723	5	RGCC
4.17486209099646e-05	-2.6687496838281	0.037	0.169	0.501359188507765	5	SRGN
4.28113420556461e-05	-0.777802003048833	0.574	0.668	0.514121406746255	5	TMEM176B
4.47431260666765e-05	0.557361025754461	0.522	0.33	0.537320200934718	5	TACR1
4.51697817214926e-05	-3.59319865082092	0.007	0.121	0.542443908693404	5	MAFB
4.56570037128176e-05	0.333138907933801	0.949	0.82	0.548294957587226	5	KRT18
4.59533475143227e-05	-1.75817404141172	0.088	0.235	0.551853750299501	5	FN1
4.60482345360964e-05	0.719094262371355	0.397	0.242	0.552993248543982	5	APOLD1
4.65720702875226e-05	1.57917782961549	0.11	0.035	0.55928399208286	5	ADM
4.6658932475686e-05	-0.476754183625194	0.574	0.66	0.560327120100513	5	APP
4.68419991662939e-05	1.66055794142486	0.199	0.065	0.562525567988023	5	CILP
4.98033543863652e-05	0.97721109427155	0.412	0.222	0.598088482825859	5	CASKIN2
5.01693138198203e-05	-0.522293381699546	0.824	0.88	0.602483289662222	5	CAV1
5.0309752259552e-05	-0.354653957663981	0.985	0.996	0.60416981488496	5	COX2
5.36073000573575e-05	0.812693629423647	0.412	0.246	0.643770066388806	5	UCHL1
5.92442140010078e-05	0.606518101711973	0.603	0.443	0.711463765938102	5	FLNA
6.61605912837303e-05	0.704299405245884	0.471	0.302	0.794522540726317	5	MCAM
6.62835264540432e-05	0.535222798441893	0.816	0.615	0.795998869186604	5	JPT1
7.02846780459494e-05	0.814936509661191	0.412	0.266	0.844048698653806	5	AK2
7.46182111714546e-05	0.737373538475693	0.5	0.318	0.896090097957998	5	ARRB1
7.52051058432149e-05	-4.21391117649128	0	0.103	0.903138116071168	5	DOCK5
7.67360235535627e-05	0.296497305462783	0.721	0.509	0.921522906854734	5	ARL15
0.00880255699035932	3.94596016028711	0.022	0.001	1	5	WDR17
0.00670695766773615	3.53092266100827	0.015	0.001	1	5	FSHR
0.00670695766773615	3.53092266100827	0.015	0.001	1	5	LOC138567506
0.00152295151269592	3.44846050081629	0.051	0.01	1	5	MMP11
0.000887105263682337	3.36099765956595	0.022	0.002	1	5	DIRAS3
0.000887105263682337	3.36099765956595	0.022	0.002	1	5	KICS2
0.00880255699035932	3.36099765956595	0.022	0.002	1	5	LOC138567204
0.00135001733228529	3.26788825517447	0.029	0.003	1	5	PIK3C2G
0.00670695766773615	2.94596016028711	0.015	0.002	1	5	IGFBP7
0.00670695766773615	2.94596016028711	0.015	0.002	1	5	NATD1
0.00880255699035932	2.94596016028711	0.022	0.003	1	5	DYNC1I1
0.00880255699035932	2.94596016028711	0.022	0.003	1	5	LOC138525818
0.00880255699035932	2.62403206539975	0.022	0.004	1	5	LIPT1
0.00880255699035932	2.62403206539975	0.022	0.004	1	5	SHTN1
0.00670695766773615	2.53092266100827	0.015	0.003	1	5	LOC138447768
0.00670695766773615	2.53092266100827	0.015	0.003	1	5	LOC138451945
0.00670695766773615	2.53092266100827	0.015	0.003	1	5	LOC138548587
0.00670695766773615	2.53092266100827	0.015	0.003	1	5	LOC138569725
0.00670695766773615	2.53092266100827	0.015	0.003	1	5	STRADB
0.00436140052235878	2.36099765956595	0.037	0.008	1	5	SHPRH
0.00880255699035932	2.36099765956595	0.022	0.005	1	5	LOC138468499
0.00880255699035932	2.36099765956595	0.022	0.005	1	5	PPCDC
0.00670695766773615	2.2089945661209	0.015	0.002	1	5	ST8SIA5
0.00687801289288247	2.16835258162356	0.044	0.01	1	5	KCNK13
0.000887105263682337	2.13860523822951	0.022	0.006	1	5	IRAK3
0.00670695766773615	1.94596016028711	0.015	0.005	1	5	QNG1
0.00676640643754802	1.94596016028711	0.029	0.007	1	5	PTRH1
0.00293594523297077	1.89151237626473	0.088	0.023	1	5	KCNMB2
0.00284486471014295	1.87557083239571	0.066	0.017	1	5	LOC138516907
0.001643515826346	1.85849731903677	0.051	0.014	1	5	HYDIN
0.00396464691969802	1.85849731903677	0.051	0.015	1	5	AK1
0.00477655540763193	1.78841888330063	0.081	0.024	1	5	PPP1R9A
0.000248471417765309	1.73094726931626	0.14	0.056	1	5	RIPOR2
0.00194017960248775	1.65645354309213	0.118	0.04	1	5	OCLN
0.000887105263682337	1.62403206539975	0.022	0.009	1	5	LOC138467891
0.00663896820310384	1.56744853703338	0.029	0.011	1	5	CLEC7A
0.000483639497895564	1.53996780061127	0.132	0.046	1	5	MEX3B
0.000933497829757297	1.48652854164981	0.081	0.026	1	5	STC1
0.00494078127097166	1.48652854164981	0.081	0.031	1	5	LOC138569370
0.00295340956306568	1.46791286348247	0.096	0.031	1	5	RELT
0.00663896820310384	1.46053333311687	0.029	0.012	1	5	HSDL1
0.000969809282846252	1.45410706395744	0.103	0.039	1	5	IL16
0.00436140052235878	1.44345981975793	0.037	0.015	1	5	TP53RK
0.00291698361539132	1.43694651279925	0.081	0.033	1	5	P2RY11
0.00794999590027667	1.4016396440633	0.081	0.031	1	5	MS4A4A
0.00642582769909376	1.39341913725833	0.096	0.038	1	5	P3H2
0.00511499556775002	1.38117554150359	0.132	0.047	1	5	SLC45A4
0.00438290283102736	1.36099765956595	0.096	0.038	1	5	VAMP2
0.00650327554248109	1.32705032764262	0.096	0.04	1	5	DOCK10
0.000498953745575272	1.32537374983523	0.235	0.105	1	5	EGFL8
0.00463403097562692	1.32447178354084	0.088	0.037	1	5	ZKSCAN7
0.000161704068711438	1.27758165137832	0.191	0.082	1	5	ENC1
0.0018367366619057	1.25630028089926	0.147	0.059	1	5	SHISA6
0.00490105447173292	1.25408245564944	0.088	0.031	1	5	IGFBP4
0.0029280674298196	1.25408245564944	0.132	0.064	1	5	NPR3
0.00815316482132856	1.24552044214602	0.081	0.034	1	5	THEMIS2
0.0025719864668484	1.2089945661209	0.103	0.042	1	5	KLHL25
0.00473763672227026	1.2089945661209	0.059	0.023	1	5	S6C6
0.00422114351616125	1.20345638257947	0.169	0.073	1	5	NT5DC2
0.000372585042868955	1.2017990647167	0.228	0.109	1	5	NRARP
0.00743772216346972	1.18696825979091	0.088	0.038	1	5	MRPL4
0.000198610651459018	1.17337065639018	0.154	0.071	1	5	KLHL6
0.0049010584322857	1.15454678209853	0.088	0.039	1	5	DACH1
0.00950440848884446	1.12493030133243	0.096	0.047	1	5	NBEAL2
0.00963190622658816	1.10945889256999	0.096	0.045	1	5	ZBED4
0.00842211550928773	1.09796325373216	0.103	0.051	1	5	API5
0.00838245797382535	1.0944826849972	0.162	0.073	1	5	ZMAT5
0.00395212234991023	1.09181102675057	0.176	0.087	1	5	OGFR
0.00442008174075205	1.07806369629446	0.132	0.066	1	5	RAB3IL1
0.00329412753301454	1.0668145551615	0.162	0.082	1	5	NFATC1
0.00731732221443964	1.06331711092527	0.11	0.055	1	5	ZNF710
0.00664149049941084	1.06013118020642	0.14	0.073	1	5	ITGA8
0.00560438796197995	1.04263617969878	0.154	0.091	1	5	ISYNA1
0.00235728699529441	1.02842232047908	0.191	0.091	1	5	MPP1
0.00127720561474279	1.0265786204954	0.162	0.081	1	5	SDHAF2
0.00314849516757895	1.02312802080957	0.272	0.156	1	5	GABARAPL2
0.000153192010510761	1.01996074173089	0.324	0.182	1	5	DCHS1
0.00248190841573179	1.01751342131214	0.191	0.102	1	5	HLX
0.00495702142168826	1.01184809594357	0.184	0.093	1	5	TTYH2
0.00323865839151079	0.998427580181246	0.191	0.092	1	5	RNF125
0.000548754867597877	0.996944089005916	0.221	0.117	1	5	PRAG1
0.00684081849804051	0.986602144784457	0.176	0.093	1	5	RCBTB1
0.00743939055081968	0.953822278060081	0.221	0.135	1	5	TESPA1
0.00242259559446416	0.945960160287111	0.11	0.057	1	5	YAP1
0.00228570268103938	0.935390918576923	0.228	0.125	1	5	CWC15
0.00526056715952164	0.915371840453688	0.235	0.124	1	5	ARHGAP29
0.0027022818802471	0.912012828363773	0.287	0.153	1	5	SF3B5
0.00361670782624581	0.904619364906211	0.279	0.146	1	5	PTP4A3
0.00606018002620644	0.894121228767493	0.257	0.149	1	5	RBM33
0.000470583212867015	0.892322196685037	0.199	0.11	1	5	HMCN1
0.000288968032085148	0.884183962700421	0.272	0.147	1	5	EGFLAM
0.000282617905724533	0.868717161354651	0.324	0.182	1	5	PCDH12
0.00413720002703117	0.848662958932196	0.287	0.16	1	5	ANXA6
0.00350985511604733	0.845356219348705	0.294	0.172	1	5	SLIRP
0.000272298871735281	0.828123669993253	0.478	0.291	1	5	RFTN1
0.00784324886877547	0.824944759325745	0.14	0.077	1	5	DPH1
0.000829663728862224	0.817292496322636	0.346	0.195	1	5	LHX6
0.000597995861867473	0.811794921962398	0.346	0.21	1	5	TNK2
0.000453134349994211	0.808456636537176	0.279	0.163	1	5	CXCL16
0.00792582074765652	0.800282705091476	0.243	0.152	1	5	PHLDB1
0.00384056440129988	0.78945567460712	0.169	0.096	1	5	PSMD10
0.00449501290987648	0.782461428004232	0.162	0.088	1	5	LOC138453783
0.000730216476151056	0.772767445010888	0.287	0.173	1	5	GPR68
0.00270186778440735	0.763756829066362	0.184	0.109	1	5	ATP2C1
0.00517466992107377	0.762955331800809	0.36	0.217	1	5	DOCK4
0.00317729013554877	0.756926335897094	0.39	0.248	1	5	LOC138471710
0.007556153326045	0.753315082344715	0.184	0.11	1	5	BCKDHB
0.00309482511512808	0.744326299117461	0.213	0.125	1	5	CARHSP1
0.00181730294855456	0.739108589846441	0.382	0.24	1	5	ZC3H10
0.00988623479669351	0.737851964956911	0.184	0.107	1	5	NR5A2
0.000454893804128345	0.734708296555863	0.353	0.217	1	5	SUSD1
0.00735607173422184	0.727536641153609	0.184	0.103	1	5	RCSD1
0.000307902221143129	0.722505762428004	0.515	0.351	1	5	JAM3
0.00169299891873638	0.714229874371326	0.235	0.135	1	5	C1QH1orf21
0.008754742631049	0.714013432237414	0.279	0.177	1	5	GALNT2
0.00922309225718714	0.707555420962032	0.221	0.128	1	5	FOXO1
0.0083812163023837	0.706888997804032	0.279	0.182	1	5	CENPW
0.00580764637448697	0.704952060783316	0.154	0.089	1	5	LCLAT1
0.00105974957372703	0.701652962522222	0.272	0.16	1	5	TTC28
8.86851379816756e-05	0.694079562928005	0.721	0.669	1	5	ACTG1
0.000499170175576473	0.690061935734946	0.39	0.256	1	5	SMURF2
0.009675952430408	0.674000524673833	0.279	0.19	1	5	CRIP2
0.000325501370241532	0.664040037563934	0.529	0.378	1	5	WLS
0.0015469873769816	0.659803196421571	0.294	0.186	1	5	TUBB6
0.000111653135771749	0.658797483560425	0.287	0.158	1	5	SH3PXD2A
0.000322400204804209	0.653677527148273	0.375	0.242	1	5	PRDX5
0.00605130884315494	0.653605180783096	0.382	0.265	1	5	SDC3
0.00207777524652925	0.648624053582141	0.426	0.283	1	5	PGLS
0.00667806762479259	0.64694645734775	0.581	0.427	1	5	GPX1
0.00640429602637514	0.646399878428203	0.309	0.198	1	5	FLT1
0.000766642476430978	0.640380059487232	0.434	0.275	1	5	CSRP1
0.00176131691606159	0.631645249509624	0.257	0.153	1	5	LDLRAD4
0.00990429293344636	0.624032065399749	0.199	0.123	1	5	INPP4A
0.00191144547834923	0.624032065399748	0.36	0.199	1	5	GRK4
0.00706539540749477	0.605731248656805	0.493	0.344	1	5	CD276
0.00198273133202016	0.595462913202978	0.375	0.234	1	5	NDEL1
0.00826368740891986	0.594487789785733	0.199	0.13	1	5	LDHB
0.00647003359645502	0.593443745566326	0.191	0.108	1	5	CRISP3
0.00206773596457248	0.587962810692227	0.412	0.272	1	5	ITIH5
0.000238109164217194	0.581685774690154	0.691	0.501	1	5	LOC138472433
0.000154882301444588	0.571723192133707	0.603	0.446	1	5	CDH5
0.00746753600958344	0.564089524943466	0.471	0.336	1	5	PROM1
0.000461105659769517	0.563490523464698	0.559	0.421	1	5	COTL1
0.00499674881747871	0.562631520735605	0.434	0.296	1	5	RASGRP3
0.00303431958273944	0.556013641971097	0.404	0.272	1	5	PTGS1
9.47238319787235e-05	0.550031483955971	0.544	0.378	1	5	TBCA
0.00788433538038071	0.547410783796836	0.221	0.148	1	5	ITM2C
0.00361461765963775	0.541364407729914	0.434	0.302	1	5	RASA3
0.00234504814147144	0.537028023657454	0.382	0.283	1	5	TSC22D2
0.00439536323373656	0.53587187698	0.419	0.299	1	5	FMNL3
0.000283897581884234	0.531798348465131	0.566	0.379	1	5	PLXND1
0.00397990072129336	0.530922661008267	0.176	0.128	1	5	PPIP5K2
0.000718763918773813	0.525347790540342	0.603	0.424	1	5	PEA15
0.00316378320489265	0.52107487505192	0.419	0.31	1	5	TNFAIP8L1
0.00478497804471756	0.518788905372412	0.426	0.311	1	5	PSMB2
0.000284215830407347	0.518737122560149	0.647	0.486	1	5	GNG5
0.00529375138921039	0.517460401201704	0.353	0.248	1	5	SEMA3G
0.00090550487684386	0.513608075706098	0.5	0.331	1	5	CFL1
0.00565185498903543	0.513000753011005	0.426	0.281	1	5	PSMB1
0.000114121567631947	0.51269890238936	0.699	0.546	1	5	CLIC1
0.00247408514897872	0.510744779070637	0.449	0.307	1	5	PSMA1
0.00265432293319249	0.507839047895226	0.478	0.331	1	5	SH2B3
0.00999637318307688	0.500296696977504	0.419	0.303	1	5	PHF5A
0.00116508441564471	0.499160098623479	0.39	0.246	1	5	LOC138473015
0.00676119966967578	0.497686331534335	0.375	0.271	1	5	PPP1R18
0.000880542308509716	0.475788826737151	0.676	0.525	1	5	ATP5F1B
0.00791637252222691	0.474379458983697	0.463	0.347	1	5	SSBP3
0.000615392506925854	0.472930938249091	0.493	0.36	1	5	NOTCH1
0.00859959755001329	0.472472946428395	0.404	0.279	1	5	ARHGEF7
0.00579173298017366	0.465448823530986	0.507	0.385	1	5	MAGI1
0.00695112960897203	0.459561494049544	0.346	0.257	1	5	TKTL1
0.000849598831464231	0.458740051293818	0.743	0.622	1	5	LGALS1
0.00761006696294893	0.45539002984091	0.324	0.234	1	5	PSMD13
0.00339286423905676	0.454973807774968	0.419	0.28	1	5	ARHGAP27
0.00106367196035962	0.441616119774239	0.507	0.38	1	5	DAAM1
0.00558786069892615	0.431386987457353	0.485	0.358	1	5	PSMB6
0.000439311628126188	0.430883809503909	0.735	0.55	1	5	KDR
0.00193753683804901	0.430848768819926	0.728	0.614	1	5	TPM2
0.00191168911616132	0.428307594525381	0.559	0.418	1	5	PKM
0.00642207010379269	0.421800938628155	0.544	0.381	1	5	EZR
0.000369586968337459	0.420830909083138	0.662	0.516	1	5	TCF4
0.00194736165841811	0.420572392924326	0.581	0.411	1	5	ARPC5
0.00270383254328991	0.418878575646455	0.5	0.36	1	5	PTK2
0.00551374351636805	0.415674752186269	0.544	0.418	1	5	HMGB3
0.000383668273352647	0.413772199214499	0.794	0.641	1	5	ATP5MC3
0.0044687111510466	0.411432381081708	0.882	0.801	1	5	VWF
0.00807870110373883	0.409907260046901	0.36	0.259	1	5	AOPEP
0.00274239481003729	0.409414788616658	0.559	0.408	1	5	COL5A1
0.000369879311101031	0.404586928113637	0.846	0.637	1	5	PCDHGC3
0.000163017475214859	0.402516929004222	0.838	0.667	1	5	PTPRM
0.00654168083809782	0.399651090969847	0.647	0.532	1	5	UBE2L3
0.00672427746243896	0.398618957987933	0.706	0.589	1	5	CD2
0.000641808824093225	0.392248593550395	0.772	0.616	1	5	TJP1
0.00960322483619633	0.383540228217043	0.632	0.528	1	5	POMP
0.00221460464769744	0.382162269563997	0.485	0.337	1	5	PLAU
0.00173782505084964	0.380806140646135	0.559	0.407	1	5	CD93
0.00177644666726684	0.378591719580693	0.787	0.656	1	5	ALDOA
0.000746682555584439	0.371995187554934	0.875	0.737	1	5	PLVAP
0.0037812035244894	0.364935609090789	0.868	0.79	1	5	TUBA1C
9.03501339009226e-05	0.360997659565955	0.75	0.515	1	5	KIAA1217
0.000162384351377846	0.359426951690728	0.735	0.565	1	5	SNRPB
0.00297201998558148	0.35678540827904	0.368	0.235	1	5	HDAC7
0.00781719212479356	0.355604400795736	0.515	0.41	1	5	COX5A
0.00232091076477929	0.351013570993333	0.662	0.478	1	5	JAG2
0.00671597263177295	0.344903683445654	0.537	0.429	1	5	GLRX
0.00301359307875655	0.340569777868166	0.669	0.548	1	5	TUBA1B
0.0069855676045935	0.331851313906438	0.559	0.42	1	5	FLNB
0.00983730204024902	0.326232241405278	0.485	0.373	1	5	EXOC3L2
0.00733231948700552	0.325373749835233	0.713	0.553	1	5	COL5A2
0.00727346402778809	0.32210864617236	0.39	0.274	1	5	B3GNT2
0.0072068591944928	0.318276784581333	0.404	0.284	1	5	JARID2
0.00515700111451722	0.317700825563405	0.544	0.417	1	5	UQCRB
0.00522756163262923	0.315483000313586	0.735	0.645	1	5	COX7B
0.00234295888960514	0.296779473460513	0.787	0.669	1	5	TUBA1A
0.000741042378698157	0.290608331674557	0.757	0.616	1	5	STMN1
0.000897666345484704	0.288018214208849	0.868	0.763	1	5	RACK1
0.00450665266997231	0.287241209612884	0.779	0.617	1	5	LDHA
0.0071128766936683	0.282995147564682	0.632	0.466	1	5	ADGRL4
0.00295414156764944	0.275199786810725	0.662	0.518	1	5	RPL8
0.000127482413875726	0.272559694898371	0.971	0.927	1	5	HSP90AB1
0.00171065867684205	0.269734989501104	0.882	0.797	1	5	COX6B1
0.00842898594895503	0.265378216852328	0.882	0.861	1	5	CRIP1
0.00251545426195403	0.263879481507941	0.824	0.63	1	5	CD34
0.00160775175522423	0.261394916674897	0.934	0.884	1	5	SLC25A5
0.00117811330384827	0.257863655684589	0.934	0.862	1	5	KRT8
0.000141148717492299	0.248066562446652	0.985	0.948	1	5	EEF1A1
0.00126152356180822	0.243270499552041	0.89	0.782	1	5	RPL10A
0.00994631931034476	0.229085984060374	0.846	0.778	1	5	OAZ1
0.000780855014058499	0.224513348179773	0.919	0.873	1	5	RPS3A
0.00114956680033851	0.205746249233364	0.978	0.917	1	5	RPL12
0.00101301825835059	0.202334508973986	0.993	0.982	1	5	RPS2
0.00579759725840944	0.201696693886976	0.993	0.919	1	5	RPLP0
0.00271788212809027	0.201597837986353	0.882	0.837	1	5	RPS5
0.00544965619154332	0.195938413295458	0.897	0.802	1	5	RPL23A
0.000465194108780061	0.192233514015487	0.993	0.993	1	5	Fth1
0.00337015281720416	0.189997223827933	0.949	0.944	1	5	HNRNPA3
0.000210731862500126	0.188722171094644	0.993	0.965	1	5	RPLP1
0.000305271304314779	0.183936886078253	0.978	0.953	1	5	RPS26
0.00247581468299119	0.181963013142212	0.912	0.892	1	5	RPS25
0.00375537303717348	0.172242253672655	0.993	0.979	1	5	PTMA
0.00537730180838045	0.159303659792286	0.985	0.962	1	5	RPS9
0.00724570853660594	0.158813676353074	0.963	0.948	1	5	RPS19
0.00551023155392656	0.151911872325035	0.934	0.867	1	5	GAPDH
0.00744000677800629	0.147562767569976	0.956	0.911	1	5	RPS11
0.00652095584760275	0.142117583338397	0.978	0.924	1	5	HMGB2
0.00916738035684052	0.126018526178713	0.963	0.922	1	5	RPS15
0.00878953345386681	-0.197065337038682	0.978	0.99	1	5	ANXA1
0.00127044715687815	-0.298068174996792	0.978	0.956	1	5	YWHAQ
0.00332551417989441	-0.30681675281787	0.75	0.828	1	5	ND1
0.00682568337493902	-0.353147562987966	0.75	0.802	1	5	FSTL1
0.00153012232681755	-0.363164586794226	0.801	0.833	1	5	ITGBL1
0.000406305911388865	-0.376326769334321	0.787	0.865	1	5	ND4
0.00707723357427423	-0.414762149523091	0.801	0.871	1	5	KRT5
0.00323332214396784	-0.449158612965789	0.522	0.579	1	5	SEPT2
0.0059939770836059	-0.481737687848501	0.522	0.618	1	5	AHNAK
0.000223721975425078	-0.573049267407512	0.588	0.7	1	5	PPDPF
0.000997705507657096	-0.580407686523197	0.375	0.512	1	5	SERBP1
0.00164538382568436	-0.616431928858718	0.559	0.635	1	5	SPTBN1
0.00197695228580571	-0.624419017289608	0.507	0.582	1	5	PODXL
0.00438251913726778	-0.639002340434045	0.154	0.242	1	5	LBR
0.00530704363203431	-0.674847539380767	0.324	0.435	1	5	CTSB
0.00300172177769275	-0.675928909432403	0.265	0.396	1	5	CA5A
0.00665393311657851	-0.676477045852708	0.125	0.194	1	5	MUC2
0.0045244940538673	-0.676757262429464	0.14	0.225	1	5	ANKRD17
0.000353875668050495	-0.698890648652062	0.574	0.677	1	5	CAVIN2
0.000755237708778818	-0.703928977054818	0.456	0.542	1	5	FAM107B
0.00884515133936906	-0.710868326633366	0.199	0.291	1	5	MARK2
0.000511763383624317	-0.715543895307039	0.382	0.507	1	5	CSF1
0.00825023988730961	-0.761958553560781	0.375	0.454	1	5	STAB1
0.00411371535277083	-0.76369808788336	0.132	0.24	1	5	CHSY3
0.00414104561888702	-0.765534746362977	0.184	0.294	1	5	TJP2
0.00114738585891876	-0.767228050595969	0.25	0.385	1	5	PINLYP
0.00150616841780809	-0.768882622980955	0.147	0.246	1	5	MAN1A1
0.00865802413188017	-0.771452636457695	0.154	0.248	1	5	LGMN
0.00203701455109739	-0.772433327842674	0.257	0.372	1	5	MYH10
0.0059660308979613	-0.77650586418398	0.257	0.343	1	5	TSPAN18
0.000916328548108196	-0.791954263272644	0.221	0.38	1	5	CTNNA1
0.000158211583694382	-0.792340644562915	0.39	0.542	1	5	KRT19
0.000279052160180789	-0.806532826735975	0.39	0.531	1	5	SSUH2
0.00242966885157857	-0.807955502809033	0.265	0.39	1	5	ID3
0.00809089060868979	-0.808927341876358	0.081	0.142	1	5	PROS1
0.00900406069498379	-0.814852175833463	0.059	0.111	1	5	SNTA1
0.00481418378748514	-0.851996063768244	0.074	0.137	1	5	SELENOI
0.00705701807814616	-0.883624709153959	0.162	0.269	1	5	TMEM59
0.00568564108288733	-0.912020834840461	0.066	0.129	1	5	TTC21B
0.00849717546571533	-0.91911025962678	0.096	0.178	1	5	PPP1R7
0.00639751706863593	-0.925525099190209	0.066	0.146	1	5	UBE2D4
0.00927897088566112	-0.934458223960217	0.066	0.138	1	5	CRAMP1
0.00895015668485398	-0.943103438349533	0.228	0.334	1	5	GALNT18
0.00298175901845138	-0.946283659357006	0.14	0.259	1	5	SELP
0.00455402439983018	-0.951280265287688	0.051	0.135	1	5	PLXNB2
0.00889882618545097	-0.960930435321407	0.051	0.109	1	5	GYG1
0.00769266615003677	-0.96657699846255	0.118	0.221	1	5	CAPN2
0.00670885004066538	-0.984777177275775	0.25	0.345	1	5	ZNF521
0.00892298240644414	-1.00823615009976	0.081	0.157	1	5	LOC138459848
0.00305897085693425	-1.03676184828105	0.14	0.248	1	5	EPB41L2
0.0080848910669905	-1.03893294732268	0.029	0.085	1	5	PHKA1
0.00278451753322628	-1.04451706559438	0.206	0.343	1	5	GGT5
0.00242077145260143	-1.06221377115859	0.147	0.272	1	5	ABCB5
0.00395208720250376	-1.09217496859966	0.125	0.221	1	5	LGALS9
0.00705688954913499	-1.09843395907134	0.044	0.121	1	5	CHMP1A
0.00406509127607319	-1.11704963723869	0.044	0.102	1	5	SOX13
0.00205491189177521	-1.12838718117297	0.081	0.177	1	5	CH25H
0.000644476816423807	-1.15417651099834	0.132	0.246	1	5	KLF2
0.00353722831187289	-1.15685064529666	0.059	0.127	1	5	MDM2
0.00301671742562217	-1.15957425388525	0.096	0.194	1	5	KSR1
0.00281620437133486	-1.16951705713283	0.103	0.211	1	5	CNN3
0.00501659660571817	-1.16951705713283	0.059	0.137	1	5	SKIL
0.00842999363000461	-1.17742225521817	0.044	0.107	1	5	MON2
0.00590304278135349	-1.18743896513009	0.132	0.234	1	5	SLC4A11
0.00545363753543188	-1.19699779355493	0.059	0.135	1	5	TSPAN2
0.00977119744875718	-1.23195763190873	0.066	0.154	1	5	GCLC
0.00613592547054783	-1.24103835451414	0.096	0.184	1	5	SNX10
0.00593226051825978	-1.27643226104934	0.037	0.098	1	5	SCMH1
0.00626870504555796	-1.30196735315647	0.066	0.159	1	5	LACTB
0.00382639108425668	-1.30885373874171	0.074	0.171	1	5	SLC38A9
0.00374008196818811	-1.31360205363988	0.088	0.211	1	5	LOC138566285
0.00422669528209552	-1.33532595010291	0.118	0.208	1	5	EXOC6
0.00260109161738586	-1.34866058860452	0.051	0.139	1	5	PHLPP2
0.00819386541257035	-1.38794057626633	0.037	0.106	1	5	ATP10D
0.00127156978969577	-1.39643203715997	0.029	0.123	1	5	PHF19
0.000183223666569135	-1.40392199617125	0.14	0.27	1	5	IGF2
0.00199373150188868	-1.41549629878689	0.059	0.163	1	5	ZNF300
0.00206287477745966	-1.43100929815821	0.051	0.152	1	5	TMTC1
0.00650853455234667	-1.43255146296662	0.029	0.094	1	5	PIKFYVE
0.00252697664039973	-1.43870368994821	0.059	0.162	1	5	TOMM70
0.0055930716827098	-1.44635726249165	0.015	0.057	1	5	TUBGCP6
0.00177942992075714	-1.47550360815117	0.044	0.132	1	5	OTULIN
0.00802496597750446	-1.47550360815117	0.044	0.115	1	5	EPS8
0.0087951759991929	-1.486999246989	0.029	0.098	1	5	TAPT1
0.000369109706502687	-1.49144515202019	0.051	0.156	1	5	FOXP1
0.00759081644885338	-1.50029606960245	0.029	0.1	1	5	TRMT1L
0.000603570088050381	-1.50407276034794	0.044	0.136	1	5	STX7
0.000189915788506306	-1.51347145835019	0.074	0.199	1	5	FLRT2
0.00210786862570346	-1.52164538979589	0.051	0.137	1	5	ASAP3
0.00124492059420791	-1.53712272641483	0.074	0.177	1	5	TP53I11
0.001008356588274	-1.59541307188636	0.044	0.147	1	5	PIK3C2B
0.000173600937184086	-1.61882445849642	0.103	0.242	1	5	SERPINE2
0.00351249770370324	-1.62389544804384	0.022	0.083	1	5	KLF17
0.00345645181527936	-1.63900234043405	0.015	0.065	1	5	DNAJB14
0.00489449140196247	-1.63900234043405	0.022	0.089	1	5	MEAF6
0.00406165521202135	-1.66284908238841	0.029	0.105	1	5	CDH1
0.00157478719847202	-1.67201739766201	0.029	0.114	1	5	CXCL12
0.000331450605169408	-1.67974868277735	0.11	0.245	1	5	SELENOP
0.00484899636890757	-1.69789602948761	0.022	0.089	1	5	GCNT4
0.00277209051311256	-1.71700485243532	0.037	0.128	1	5	RAMP2
0.0077361317094476	-1.71700485243532	0.015	0.069	1	5	IFTAP
0.00253878618773645	-1.74054036689611	0.022	0.089	1	5	ATAD2
0.00829452772154837	-1.75447955785398	0.007	0.046	1	5	RASGEF1A
0.00146976848335043	-1.76675788763242	0.059	0.157	1	5	LFNG
0.00809171516512224	-1.7702468737123	0.044	0.126	1	5	ADAM8
0.0077613835702844	-1.77285808716884	0.015	0.071	1	5	DCUN1D3
0.000658573072473315	-1.77650586418398	0.022	0.118	1	5	GTF2E1
0.00379834435290447	-1.83014382778605	0.029	0.1	1	5	FBN1
0.00102255106866007	-1.83539955323755	0.074	0.166	1	5	FGL2
0.000905504495418596	-1.85105281754903	0.022	0.113	1	5	RALGDS
0.00978218631534637	-1.88692985387763	0.007	0.051	1	5	LMAN2L
0.00771079459639767	-1.91202083484046	0.015	0.077	1	5	IL1RAP
0.000809561934861943	-1.91911025962678	0.037	0.138	1	5	EMILIN1
0.00150654027796452	-1.97051648415061	0.029	0.105	1	5	LRG1
0.000209118069177681	-2.01404177178097	0.051	0.166	1	5	PDGFC
0.00976505901495394	-2.03131976321281	0.007	0.052	1	5	ANKRD6
0.000509847839723601	-2.03893294732268	0.029	0.133	1	5	ELN
0.00473512034300495	-2.04272452648505	0.022	0.101	1	5	CRABP2
0.000701340804675008	-2.0732334049462	0.044	0.135	1	5	GAS7
0.00979913861543716	-2.07640765274134	0.007	0.06	1	5	ANAPC7
0.000633900134588861	-2.13299118110771	0.029	0.125	1	5	PLEKHG4B
0.00892861480122511	-2.14150268096323	0.015	0.082	1	5	CLU
0.00394346438732876	-2.16256429649106	0.022	0.091	1	5	PGF
0.0017899554903791	-2.19699779355493	0.015	0.087	1	5	NINJ1
0.00109322565988791	-2.21054432539288	0.015	0.096	1	5	ENAH
0.00129880297043765	-2.23394892972782	0.022	0.11	1	5	PDGFA
0.00460249009557342	-2.23726166376866	0.015	0.075	1	5	GALR1
0.0013651022920975	-2.28285853020877	0.007	0.068	1	5	IFI35
0.00430452835770929	-2.30196735315647	0.007	0.059	1	5	GPR17
0.000111859222983356	-2.34559428555673	0.029	0.141	1	5	ENPP2
0.00745396867779865	-2.4577620257639	0.015	0.075	1	5	LOC138577431
0.00300855232877886	-2.46682136505137	0.029	0.111	1	5	MRGPRH
0.00668257799802351	-2.6687496838281	0	0.04	1	5	PODN
0.00106503321120493	-2.67853070462068	0.015	0.101	1	5	PLCE1
0.00927660370380831	-2.69789602948761	0	0.045	1	5	HSPBAP1
0.00927850193827156	-2.78196029427609	0	0.047	1	5	SDCCAG8
0.000139884038642713	-2.80892734187636	0.022	0.129	1	5	SEMA3A
0.00293856151331036	-3.00823615009976	0	0.056	1	5	CIPC
0.00481148986118532	-3.03131976321281	0	0.049	1	5	CHAD
0.000476124542794673	-3.09843395907134	0	0.06	1	5	CFAP298
0.0029430643015137	-3.12012903017066	0	0.053	1	5	RARRES1
0.00481391800616282	-3.12012903017066	0	0.053	1	5	STK33
0.00408868903315296	-3.16256429649106	0	0.049	1	5	TC2N
0.00211764314402865	-3.20378695921757	0	0.056	1	5	SEMA3D
0.00249385855748014	-3.20378695921757	0	0.064	1	5	ARV1
0.00152419269044029	-3.24386439859291	0	0.058	1	5	CYGB
0.00092812101134928	-3.37596793460025	0	0.065	1	5	CXADR
0.000928132406280354	-3.41159184433097	0	0.066	1	5	DPP4
0.00179778633016218	-3.72646518168438	0	0.052	1	5	SLC26A10P
0.000342852634556104	-3.74054036689611	0	0.079	1	5	ABLIM2
8.9267380779902e-30	3.47083965815874	0.504	0.062	1.07201197578584e-25	6	CXCL12
3.13757394891236e-23	1.28169623503966	0.92	0.537	3.76791255524885e-19	6	PODXL
1.46476358907218e-21	0.950116443869813	0.991	0.861	1.75903459411679e-17	6	CAV1
3.5534154096513e-21	1.62853924532305	0.841	0.463	4.26729656545025e-17	6	JAG2
9.9364885518129e-19	3.01323825622861	0.31	0.044	1.19327291018721e-14	6	GJA4
1.06258371226123e-17	1.75250388283238	0.681	0.262	1.27605678005451e-13	6	SMAD6
1.34722698844634e-17	-2.54511803174136	0.363	0.76	1.61788489042522e-13	6	PRSS23
4.40789743982877e-16	4.92263570744771	0.177	0.008	5.29344403549037e-12	6	KCNK16
1.05943349340959e-14	1.75711780752817	0.549	0.21	1.27227368223558e-10	6	NHERF2
2.31970482642357e-14	0.928152712415272	0.894	0.641	2.78573352605207e-10	6	CAVIN2
2.63763706474372e-14	0.907885256082384	1	0.851	3.16753835105073e-10	6	PMP2
1.00542478940094e-13	3.15436599336349	0.204	0.025	1.20741462959159e-09	6	HEY1
4.10844825084647e-13	2.95178205310722	0.23	0.038	4.93383550444153e-09	6	SDK2
6.15197864292875e-13	3.24456380233507	0.177	0.021	7.38791115229314e-09	6	SLC6A9
9.18993090006523e-13	1.1448735073767	0.805	0.504	1.10361880178883e-08	6	ARL15
1.20010002375173e-12	3.360041019755	0.168	0.016	1.44120011852345e-08	6	PRDM16
6.85703896844558e-12	2.1418781383605	0.336	0.108	8.2346180972063e-08	6	TMEM100
7.18785682296981e-12	-1.20838794317821	0.619	0.83	8.63189725870445e-08	6	VWF
1.18438065299884e-11	1.36675704258121	0.628	0.342	1.4223227261863e-07	6	PINLYP
1.60096687636292e-11	1.2414844094031	0.646	0.319	1.92260112182423e-07	6	EPAS1
4.8325496668977e-11	1.8074078970715	0.451	0.174	5.80340889497745e-07	6	ATP2A3
6.59753514448769e-11	2.49675082593187	0.292	0.071	7.92297995501527e-07	6	FBN1
1.22103538237926e-10	1.03093878548846	0.726	0.46	1.46634139069926e-06	6	PMP22
1.3825308101881e-10	0.702245639022406	0.956	0.853	1.66028124995489e-06	6	CRIP1
2.11112192714987e-10	1.50172164183219	0.363	0.136	2.53524632231427e-06	6	FRY
2.23163621880073e-10	-4.75754797414478	0.062	0.379	2.6799719351578e-06	6	MRC1
3.25931089044458e-10	1.29090251700194	0.549	0.255	3.9141064483349e-06	6	PLPP1
4.78173916790658e-10	4.15145439794359	0.106	0.007	5.74239056673901e-06	6	CLIC5
4.03617958984920e-09	0.834529722468746	0.858	0.63	4.8470480694499e-05	6	CD34
4.21347708400886e-09	-1.46843208767312	0.416	0.652	5.05996463018624e-05	6	MARCKS
7.74812278586474e-09	1.93689640057288	0.31	0.122	9.30472065354496e-05	6	ABLIM1
7.75969191319824e-09	2.0977224140058	0.221	0.054	9.31861401855977e-05	6	SOX17
8.53032384540906e-09	3.9119884632482	0.15	0.014	0.000102440659059517	6	SOX6
9.24747262597672e-09	0.817632624474971	0.779	0.589	0.000111052898765354	6	ECM1
9.72918403381886e-09	0.653928093198717	0.92	0.783	0.000116837771062131	6	FSTL1
9.76442102564935e-09	2.08106507005219	0.204	0.049	0.000117260932097023	6	TRIM16
2.13018111353634e-08	1.36640492526987	0.442	0.197	0.000255813449924579	6	HEG1
2.25420877558084e-08	5.24456380233507	0.062	0.001	0.000270707931859503	6	LOC138453898
2.53304917968515e-08	1.40721413997963	0.416	0.181	0.00030419387598839	6	LOC138511292
2.88817626188479e-08	0.960260779747623	0.628	0.337	0.000346841087289744	6	RALGAPA1
3.59490038946063e-08	1.06354962223095	0.637	0.348	0.000431711587770327	6	ID3
4.06856092687892e-08	3.89664049891476	0.115	0.012	0.000488593481708889	6	PI16
8.5692220922204e-08	2.21481645894102	0.159	0.042	0.00102907788105475	6	PALMD
9.50352333892145e-08	0.80178131257332	0.796	0.597	0.00114127811777108	6	RHOC
1.1983342904229e-07	0.996636288891483	0.699	0.425	0.00143907964936886	6	SLC29A1
1.96950839494593e-07	2.27627266206241	0.168	0.039	0.00236518263149056	6	SULT2A1
2.16904809794673e-07	1.17272380057494	0.558	0.277	0.00260480986082423	6	RHAG
2.25132100133356e-07	-1.50507562186625	0.327	0.554	0.00270361139050148	6	FAM107B
2.45574139259725e-07	-1.84903556471722	0.292	0.56	0.00294909983837003	6	IGFBP1
2.5507279852688e-07	1.52209777786398	0.283	0.106	0.0030631692375093	6	THBD
2.66039986336029e-07	1.2652035683941	0.504	0.232	0.00319487419590938	6	EFNB2
3.18673903875758e-07	2.53829500539178	0.133	0.028	0.00382695491164398	6	CCDC85A
3.29469264618886e-07	0.843801311300051	0.566	0.267	0.0039565963988082	6	HS3ST1
4.20436902200524e-07	2.47902905597209	0.071	0.015	0.00504902675852609	6	ANTXR1
5.98741566944412e-07	2.65960130161391	0.115	0.016	0.00719028747743545	6	HRH2
5.99703337690142e-07	1.21902871022793	0.451	0.225	0.00720183738232091	6	PTPRG
6.61917666200711e-07	1.8537738493029	0.292	0.104	0.00794896925340433	6	JAG1
7.8571285842218e-07	0.702769160770286	0.814	0.627	0.00943562571679196	6	B2M
8.41543136033137e-07	0.906005032903585	0.646	0.468	0.0101060915206219	6	ADGRL4
1.18104248619821e-06	-6.09305809965744	0	0.207	0.0141831392167543	6	RELN
1.3461904192131e-06	2.04292994116542	0.221	0.061	0.0161664007443301	6	KLF17
1.60420379276527e-06	1.10338773937437	0.549	0.322	0.0192648833473181	6	CETP
1.86637233474823e-06	0.852557271711565	0.69	0.48	0.0224132653679915	6	SGK1
2.03567503250282e-06	0.604418386344603	0.858	0.673	0.0244464214653264	6	H3-3A
2.22628119913911e-06	0.99038031408354	0.575	0.354	0.0267354109204615	6	NOTCH1
2.7191999851363e-06	0.769389447152024	0.611	0.405	0.0326548726215019	6	CD93
2.72510200809032e-06	1.4572931263208	0.239	0.088	0.0327257500151566	6	VSIR
3.25687824907992e-06	0.918941223889964	0.496	0.303	0.0391118508932008	6	HPSE
3.41830372005739e-06	1.55154155575646	0.23	0.082	0.0410504093741691	6	MAP3K5
3.87287482285529e-06	-2.19006442530166	0.124	0.369	0.0465093537476692	6	VAV3
3.96371530431139e-06	3.43720888027746	0.053	0.006	0.0476002570894755	6	LOC138569646
4.28015941821573e-06	1.00037545739728	0.416	0.22	0.0514004344533527	6	ADAM15
4.93722316648232e-06	-1.31569825775776	0.513	0.649	0.0592911130062861	6	LGALS1
5.05281161704815e-06	0.986608036539035	0.513	0.314	0.0606792147091313	6	SEPTIN6
5.71249138599576e-06	0.863742018394137	0.584	0.377	0.068601309054423	6	MXRA7
5.96932457949034e-06	-1.21840817400748	0.23	0.479	0.0716856188750995	6	LYVE1
7.04686465314869e-06	1.73360188305769	0.159	0.05	0.0846257976196626	6	NHERF1
7.19696118699893e-06	1.53268918913169	0.239	0.08	0.0864283068946701	6	SOX13
8.34318858361828e-06	0.56675252319024	0.726	0.504	0.100193351700672	6	CD9
1.12996455151164e-05	1.15264131289403	0.292	0.138	0.135697442991032	6	CDC42EP3
1.1604517144756e-05	-1.65216692705323	0.159	0.353	0.139358646391375	6	ZNF521
1.16636854094388e-05	1.57943095292993	0.23	0.08	0.140069198081951	6	EVA1C
1.2889747508069e-05	3.46695622367152	0.088	0.009	0.1547929778244	6	ALOX12
1.31322453585586e-05	1.50263195527551	0.195	0.085	0.157705134510931	6	PIK3CB
1.42419509279179e-05	1.07689830807488	0.487	0.232	0.171031588693366	6	DNASE1L3
1.46291744902904e-05	1.02697236726244	0.345	0.162	0.175681756453898	6	MYO1B
1.71413793556599e-05	1.31985192963931	0.389	0.175	0.20585082468212	6	HSPA12B
1.84104383520595e-05	1.6183786388874	0.168	0.062	0.221090954169883	6	BAMBI
1.86223515406173e-05	-5.02689922556931	0	0.151	0.223635819651273	6	PROX1
1.89716245692217e-05	1.44938359422357	0.381	0.193	0.227830239451783	6	B4GALT1
1.94773918155161e-05	1.38792797750625	0.274	0.114	0.233903998312533	6	EFCAB14
1.94786736355421e-05	1.68066291714174	0.168	0.058	0.233919391689225	6	KCTD12
2.0723030740396e-05	1.77507851903385	0.195	0.063	0.248862876161415	6	VWA1
2.17432975020685e-05	0.975103127341841	0.398	0.226	0.261115259702341	6	PTPRK
2.19482519375162e-05	1.76812575839208	0.177	0.058	0.263576557517632	6	PKIG
2.40088898834972e-05	1.00050237885372	0.575	0.398	0.288322758610918	6	SOX18
2.49476941111585e-05	3.98152939650127	0.035	0.002	0.299596858580902	6	LOC138521159
2.96853990329997e-05	1.15787974385176	0.442	0.306	0.356491956987294	6	FBXL7
3.03048529337996e-05	0.715579100973422	0.823	0.673	0.363930978881999	6	PPDPF
3.03848149453665e-05	-3.72506254862141	0.018	0.176	0.364891242678907	6	NFIX
3.66666141946919e-05	0.783286124532398	0.496	0.295	0.440329369864055	6	PAM
3.70212238246741e-05	0.612978704194429	0.956	0.855	0.444587876910511	6	DBI
3.87463942268225e-05	2.65960130161391	0.044	0.007	0.465305448269912	6	STK36
3.93574456736076e-05	1.62985395821986	0.133	0.045	0.472643565094354	6	CYB5D2
4.04780830545209e-05	0.705198168054023	0.496	0.298	0.486101299401742	6	LDB2
4.24812320785451e-05	-4.98665737837612	0.044	0.224	0.510157116031248	6	HAPLN3
4.3790021690743e-05	1.43720888027746	0.292	0.116	0.525874370484132	6	MPPED2
4.5966744019952e-05	1.85224637955631	0.124	0.033	0.552014628935604	6	ZNF385D
4.60366568101131e-05	1.27627266206241	0.186	0.076	0.552854211632648	6	MAP3K20
4.80604302056909e-05	0.834919561826443	0.442	0.264	0.577157706340142	6	TJP2
4.96711140162013e-05	0.924057782516904	0.752	0.558	0.596500408220561	6	SH3BGRL3
5.15280418461686e-05	1.51338056076287	0.195	0.074	0.618800254530638	6	PTGR3
5.19375786952645e-05	1.95505718514008	0.071	0.019	0.623718382551432	6	LOC138448197
5.58837797581166e-05	0.662175245277738	0.752	0.613	0.671108311115223	6	SPTBN1
6.44336310185452e-05	1.02572920041181	0.513	0.322	0.77378347490171	6	FBLN2
6.57438829846517e-05	1.30427004845934	0.248	0.119	0.789518290762682	6	GPR146
6.99096988451388e-05	0.840841616284058	0.381	0.205	0.839545573431272	6	TMBIM4
7.16755293793816e-05	0.822897564590321	0.549	0.36	0.860751432316994	6	ROBO4
7.43951646988079e-05	0.695137458840675	0.655	0.433	0.893411532867984	6	ARHGEF9
8.09612357257269e-05	1.3806253519111	0.177	0.077	0.972263479830255	6	AMOTL2
0.00293680096245866	4.82952630305622	0.018	0	1	6	KIF5A
0.00293680096245866	4.82952630305622	0.018	0	1	6	CFAP300
0.00293680096245866	4.82952630305622	0.018	0	1	6	LOC138467859
0.00293680096245866	4.82952630305622	0.018	0	1	6	LOC138498149
0.00293680096245866	4.82952630305622	0.018	0	1	6	LOC138569433
0.00293680096245866	4.82952630305622	0.018	0	1	6	NUDT15
0.00293680096245866	4.82952630305622	0.018	0	1	6	RXFP1
0.000265390904539592	4.24456380233507	0.027	0.001	1	6	LOC138504712
0.00347071912319094	4.24456380233507	0.027	0.001	1	6	CAPS
0.00223066962961182	3.98152939650127	0.035	0.002	1	6	GRB7
0.00344741915558221	3.98152939650127	0.027	0.002	1	6	CACNA1B
0.00293680096245866	3.82952630305622	0.018	0.001	1	6	LOC138580759
0.00293680096245866	3.82952630305622	0.018	0.001	1	6	TLR2
0.00293680096245866	3.82952630305622	0.018	0.001	1	6	C10H3orf33
0.00293680096245866	3.82952630305622	0.018	0.001	1	6	CDK5R1
0.000265390904539592	3.65960130161391	0.027	0.002	1	6	CYP1B1
0.00347071912319094	3.65960130161391	0.027	0.002	1	6	ADSS1
0.00347071912319094	3.65960130161391	0.027	0.002	1	6	CPXM1
0.000370780876644096	3.56649189722243	0.035	0.002	1	6	CLCN2
0.000173440486074461	3.46695622367152	0.053	0.005	1	6	HEY2
0.00223066962961182	3.24456380233507	0.035	0.004	1	6	FGL1
0.00293680096245866	3.24456380233507	0.018	0.002	1	6	PM20D1
0.00293680096245866	3.24456380233507	0.018	0.002	1	6	LOC138581918
0.000368151380158926	3.02217138099862	0.035	0.003	1	6	PTN
0.00208622495698805	2.92263570744771	0.062	0.008	1	6	RPAIN
0.00293680096245866	2.82952630305622	0.018	0.003	1	6	CCDC148
0.00293680096245866	2.82952630305622	0.018	0.003	1	6	PRKG2
0.00181256227801464	2.78513218369777	0.053	0.009	1	6	DALRD3
0.00798708831481922	2.75913697516483	0.035	0.006	1	6	TTLL5
0.00220528343606927	2.65960130161391	0.035	0.007	1	6	LOC138566491
0.00385798612860707	2.65960130161391	0.044	0.007	1	6	SLC25A32
0.009539609601705	2.65960130161391	0.044	0.007	1	6	C1PH17orf114
0.00185203429682209	2.59248710575538	0.053	0.009	1	6	P4HTM
0.000370780876644096	2.56649189722243	0.035	0.007	1	6	RNF215
0.00293683896713396	2.56649189722243	0.018	0.005	1	6	RRAD
0.00798708831481922	2.56649189722243	0.035	0.007	1	6	CCDC27
0.00123211601271456	2.50759820816886	0.044	0.008	1	6	CFAP54
0.00293680096245866	2.50759820816886	0.018	0.004	1	6	ADCY7
0.00293680096245866	2.50759820816886	0.018	0.004	1	6	KERA
0.00523378422368514	2.4701235027502	0.106	0.04	1	6	SLC26A10P
0.000173440486074461	2.46695622367152	0.053	0.01	1	6	FMO2
0.00347071912319094	2.43720888027746	0.027	0.006	1	6	PPP1R3G
8.33845205755692e-05	2.360041019755	0.08	0.017	1	6	EPHA3
0.000660215379701967	2.35147900625158	0.053	0.008	1	6	KCNN1
0.000660215379701967	2.35147900625158	0.053	0.01	1	6	PRKAB2
0.00210551376379957	2.24456380233507	0.071	0.015	1	6	HIP1R
0.000189377787448672	2.1939377292651	0.106	0.026	1	6	PCBD2
0.000160421131086937	2.1665612903338	0.071	0.016	1	6	FABP6
0.000981308969660072	2.1665612903338	0.071	0.017	1	6	LOC138510046
0.00208622495698805	2.15710096108473	0.062	0.015	1	6	RHBDL3
0.00917585662883086	2.15710096108473	0.044	0.015	1	6	EPHA5
0.000640937130866883	2.14502812878415	0.053	0.012	1	6	NME6
0.0045347103579787	2.13493931116057	0.088	0.033	1	6	MFSD4A
0.00223066962961182	2.10706027858513	0.035	0.009	1	6	TTPA
0.000160421131086937	2.09256070889002	0.071	0.018	1	6	LOC138564982
0.00181256227801464	2.09256070889002	0.053	0.015	1	6	HES5
0.00293680096245866	2.02217138099862	0.018	0.006	1	6	LOC138526844
0.00915686237065867	1.98152939650127	0.08	0.021	1	6	PLA2G7
8.9050838450514e-05	1.94200103231464	0.115	0.034	1	6	EDN2
0.00186032300150481	1.92263570744771	0.08	0.022	1	6	MAT1A
0.0037883876453212	1.92263570744771	0.071	0.022	1	6	CCDC66
0.00385798612860707	1.92263570744771	0.044	0.012	1	6	ACTL6B
0.00104298569863757	1.89092684772037	0.071	0.013	1	6	PDE3A
0.00798708831481922	1.86605217908134	0.035	0.011	1	6	LRIT1
0.00208622495698805	1.85224637955631	0.062	0.019	1	6	DSEL
0.00214299137079558	1.85224637955631	0.062	0.018	1	6	PLXNA3
0.0016620868726681	1.84601442584479	0.088	0.025	1	6	ATRAID
0.00123211601271456	1.82952630305622	0.044	0.013	1	6	SVIP
0.00216147908899625	1.81572050353119	0.097	0.032	1	6	RNF185
0.000996112635448784	1.81160439505896	0.08	0.021	1	6	NEXN
0.00277960248238827	1.79710482536385	0.088	0.027	1	6	DHRS4
0.00225834262236699	1.78513218369777	0.097	0.029	1	6	ING1
0.00710085742258399	1.77063261400266	0.071	0.021	1	6	OARD1
0.000894293691567738	1.76651650553042	0.115	0.035	1	6	BHLHE40
0.000678744575328179	1.76393796142865	0.133	0.045	1	6	NCAM1
0.00798708831481922	1.75913697516483	0.035	0.012	1	6	UTP25
0.00267090941456214	1.69707600703257	0.088	0.035	1	6	TNFAIP8
0.00204739410248162	1.65960130161391	0.071	0.023	1	6	CANT1
0.00693434757303056	1.65960130161391	0.071	0.024	1	6	LOC138491664
0.000462207773264854	1.65960130161391	0.08	0.027	1	6	LOC138567557
0.00208622495698805	1.65960130161391	0.062	0.021	1	6	FBXO46
0.00223066962961182	1.65960130161391	0.035	0.013	1	6	NTAN1
0.009539609601705	1.65960130161391	0.044	0.016	1	6	FAM83C
0.00228245737033945	1.62565396969057	0.115	0.037	1	6	LOC138492443
0.000214337708499112	1.62007293742727	0.097	0.034	1	6	HDDC2
0.000772745760007045	1.62007293742727	0.097	0.033	1	6	CSDC2
9.57720883656376e-05	1.61653257972203	0.088	0.031	1	6	ACAA1
0.000323517503061246	1.60070761256034	0.062	0.022	1	6	GTPBP2
0.00434774152573387	1.60070761256034	0.053	0.02	1	6	EMP3
0.000927102219626193	1.560065628063	0.115	0.037	1	6	PEX2
0.00469136423041049	1.53407041953005	0.088	0.031	1	6	MEDAG
0.00158391765897603	1.5246717215278	0.142	0.049	1	6	EDNRA
0.00431815267257432	1.51873876577406	0.106	0.039	1	6	DIS3
0.000138265744651752	1.51664334777187	0.133	0.045	1	6	TSEN2
0.00475414063787325	1.50759820816886	0.115	0.044	1	6	WBP2
0.00710085742258399	1.50759820816886	0.071	0.026	1	6	ERICH6
0.00293680096245866	1.50759820816886	0.018	0.008	1	6	OVCH1
0.00901854991555928	1.50759820816886	0.08	0.034	1	6	PLCD3
0.000883847234882121	1.49454205534342	0.088	0.034	1	6	CNEP1R1
0.00736770738798268	1.49454205534342	0.088	0.033	1	6	SCO1
0.00814012107374693	1.47902905597209	0.035	0.013	1	6	PCDH7
0.00736770738798268	1.45606790752878	0.088	0.032	1	6	CYREN
0.00421317730025084	1.45315042414649	0.088	0.038	1	6	EML6
0.000688753274105567	1.43720888027746	0.168	0.063	1	6	SNX19
0.00821618253246038	1.43720888027746	0.062	0.025	1	6	PPM1L
0.008400199008045	1.43720888027746	0.062	0.024	1	6	C6PH18orf54
0.000560755707107225	1.43720888027746	0.133	0.055	1	6	XAF1
0.00411674544432018	1.43720888027746	0.106	0.045	1	6	LRP12
0.009539609601705	1.43720888027746	0.044	0.018	1	6	GOLPH3
0.00114759391174131	1.42144156441915	0.106	0.039	1	6	CACHD1
0.00882991961254918	1.40326154835413	0.08	0.039	1	6	TOP3B
0.00182573900728711	1.40128930602252	0.133	0.056	1	6	SMIM11
0.00821618253246038	1.3865828072075	0.062	0.026	1	6	VAV1
0.00456575758795938	1.382067326085	0.088	0.035	1	6	NRF1
0.00834177941919367	1.37009468441893	0.097	0.04	1	6	LOC138514191
0.00406370909188196	1.35703853159348	0.159	0.067	1	6	USP28
0.00926883895220083	1.35147900625158	0.053	0.023	1	6	MLYCD
9.28789072992793e-05	1.34509067828903	0.195	0.082	1	6	SDC2
0.003300077488925	1.33767320672655	0.115	0.05	1	6	SLC45A4
0.000772745760007045	1.30596434699921	0.097	0.039	1	6	MYC
0.00408283926086233	1.29036749194819	0.133	0.056	1	6	NAA60
0.00147511270112855	1.28679203772437	0.186	0.089	1	6	B3GNT5
0.00010556154864266	1.28108967836018	0.159	0.071	1	6	FAM174C
0.00232866956234882	1.27493745137859	0.097	0.041	1	6	SFXN5
0.000165945421989177	1.27257817850466	0.195	0.084	1	6	PBXIP1
0.00475414063787325	1.26881134858175	0.115	0.051	1	6	AEBP2
0.00108131938766507	1.26593745312764	0.124	0.056	1	6	ADGRG1
0.00926883895220083	1.24456380233507	0.053	0.025	1	6	TMLHE
0.00561510634580837	1.24456380233507	0.142	0.063	1	6	GID8
0.00170780589854163	1.24456380233507	0.124	0.055	1	6	SMIM13
0.00469136423041049	1.24456380233507	0.088	0.039	1	6	SPG21
0.00707818766432714	1.24456380233507	0.088	0.043	1	6	SIDT2
0.00718237202317061	1.24456380233507	0.088	0.039	1	6	PCF11
0.00718237202317061	1.24456380233507	0.088	0.039	1	6	PPFIBP2
0.00729407107947103	1.24456380233507	0.124	0.055	1	6	BOLA1
0.00937625963520713	1.24456380233507	0.08	0.035	1	6	TFB2M
0.00945919334336921	1.2207170603807	0.115	0.054	1	6	NEU3
0.00693771582873758	1.21902871022793	0.115	0.052	1	6	FAM124B
0.00940865959115069	1.21708306591296	0.106	0.048	1	6	C1PH19orf25
0.00834177941919367	1.21481645894102	0.097	0.045	1	6	SIMC1
0.000696763666520493	1.21214232464269	0.257	0.119	1	6	EXTL3
0.00904022816404638	1.20893989260435	0.159	0.074	1	6	SOCS5
0.000583473759098011	1.20503543814843	0.15	0.053	1	6	NTF4
0.000659191104060775	1.20503543814843	0.221	0.102	1	6	PRKRIP1
0.000103857399728568	1.20016968297661	0.257	0.124	1	6	OAZ2
0.00112483776525751	1.17744960647653	0.159	0.079	1	6	LPAR6
0.00612771990412414	1.17417447444367	0.106	0.056	1	6	TWSG1
0.00729407107947103	1.17417447444367	0.124	0.058	1	6	CEP20
0.00995109975203539	1.16927567503083	0.115	0.052	1	6	MTR
0.0030873668484347	1.1665612903338	0.15	0.069	1	6	RNF2
0.000198201767398293	1.16483660986433	0.168	0.078	1	6	FDPS
0.000154280306110653	1.16276971117142	0.221	0.094	1	6	EPS8
0.00550448199048991	1.14220208470539	0.133	0.063	1	6	FHIP1B
0.000929647768290447	1.13836439850314	0.239	0.134	1	6	IP6K2
0.00283890106756817	1.13764859841856	0.106	0.051	1	6	API5
0.00747520200772976	1.1360393455569	0.133	0.063	1	6	SAYSD1
0.000510112855847161	1.11903292025121	0.159	0.081	1	6	HACD4
0.00511500027476166	1.1152807853901	0.124	0.062	1	6	MAP2K3
0.00275451362587522	1.11211350631142	0.212	0.102	1	6	TBL2
0.00100563220816738	1.10991427564029	0.195	0.092	1	6	TMEM263
0.000361927373826181	1.10320795308953	0.23	0.119	1	6	DDIT4
0.0091243114727133	1.0977224140058	0.177	0.084	1	6	SKIC8
8.56783052122051e-05	1.09400412575969	0.195	0.094	1	6	ADA
0.000475627339484333	1.08984120753643	0.327	0.194	1	6	ATP13A3
0.00369065413560986	1.08536520748581	0.124	0.062	1	6	CASP6
0.008400199008045	1.07463880089276	0.062	0.031	1	6	TRAF1
0.00915686237065867	1.07463880089276	0.08	0.04	1	6	PPM1M
0.00915686237065867	1.07463880089276	0.08	0.041	1	6	HTRA2
0.00271404371343901	1.06399155669325	0.124	0.058	1	6	TTC9
0.00792989020563529	1.05473924345505	0.133	0.063	1	6	SCML2
0.000307150957181406	1.05191872439267	0.265	0.134	1	6	DYNLL2
0.000987454721472942	1.05191872439267	0.257	0.124	1	6	GPM6B
0.0056799922102031	1.04816658953156	0.186	0.099	1	6	C8H10orf143
0.00607976676225885	1.02217138099862	0.106	0.062	1	6	LOC138570270
0.00689956390745356	1.02217138099862	0.088	0.049	1	6	LOC138488452
0.00741307636274221	1.02217138099862	0.186	0.101	1	6	PYGM
0.00212297873167074	1.01805527252639	0.186	0.097	1	6	LMO7
0.000473706657421233	1.01323825622861	0.372	0.223	1	6	UPP1
0.0052283326393959	1.00355570283127	0.177	0.09	1	6	VKORC1
8.8980162646876e-05	0.99360222880185	0.212	0.101	1	6	LOC138450108
8.76575367004233e-05	0.987901478913874	0.496	0.358	1	6	ACVRL1
0.00485822194095107	0.9858295339349	0.115	0.062	1	6	RHPN1
0.00311755554074422	0.977083491470082	0.186	0.099	1	6	GADD45B
0.00137747825899834	0.968439397060831	0.239	0.122	1	6	LOXL2
0.00581035358248632	0.964455883142333	0.23	0.119	1	6	LOC138539772
0.00968683419498035	0.964455883142333	0.115	0.062	1	6	MTIF3
0.00314716045696112	0.962993445063847	0.221	0.126	1	6	PIK3C2B
0.00998183037853562	0.96162983906357	0.115	0.062	1	6	PDXK
0.00216253928243123	0.960355373396864	0.257	0.126	1	6	LOC138471647
0.00196197270551184	0.95916158347282	0.301	0.162	1	6	AOC3
0.00747520200772976	0.95916158347282	0.133	0.067	1	6	PPP1R14A
0.00065567422403941	0.957401125608383	0.301	0.155	1	6	SNAI2
0.0033199164644076	0.943394267614504	0.115	0.063	1	6	CCDC71
8.44780976888302e-05	0.940783054157965	0.345	0.189	1	6	EPB41
0.00469284145003345	0.939709220806647	0.142	0.072	1	6	PHKA1
0.00314718272829757	0.936779889767976	0.31	0.173	1	6	STK17A
0.000111184559183077	0.932127156425003	0.389	0.234	1	6	COQ10B
0.00803979739430238	0.922635707447706	0.301	0.18	1	6	EMP2
0.00460778204932909	0.91417412869951	0.248	0.148	1	6	EXOC5
0.00239522527642494	0.910144763264509	0.186	0.102	1	6	GPRC5B
0.000439296825090733	0.903526884500002	0.124	0.069	1	6	RBM43
0.0061403641300737	0.897761038808677	0.186	0.106	1	6	AP3S1
0.000500289628391692	0.897100615340568	0.381	0.23	1	6	TOX2
0.00568185493883095	0.894066555250935	0.08	0.047	1	6	C2PH19orf47
0.00010377841914791	0.892578473591526	0.301	0.152	1	6	CH25H
0.00104849600617038	0.888419992109793	0.204	0.1	1	6	EPO
0.00360499514360954	0.887011797716984	0.124	0.066	1	6	DLL1
0.004391171327352	0.883816458557177	0.283	0.177	1	6	FILIP1L
0.00158821708324637	0.88199372295036	0.283	0.151	1	6	PYGL
0.000233659747158187	0.880510231775029	0.221	0.121	1	6	CLPX
0.000134595333157819	0.878914330018388	0.372	0.214	1	6	LAMA5
0.00128768497276168	0.876832017834581	0.239	0.128	1	6	FBXL17
0.000748634801578402	0.873726106966759	0.239	0.124	1	6	TEC
0.000349193408804652	0.873307995084138	0.345	0.19	1	6	DLC1
0.00133436756764157	0.866052179081338	0.372	0.242	1	6	RNF10
0.0090209683215367	0.864421093502411	0.248	0.157	1	6	ADH5
0.00283090296403305	0.85629321261901	0.257	0.154	1	6	PLP2
0.00427314081553427	0.85629321261901	0.283	0.152	1	6	TCOF1
0.00171112473055342	0.85523642216212	0.31	0.181	1	6	MCF2L
0.000117261455519216	0.853844933781785	0.504	0.331	1	6	SHE
0.00346417828409832	0.846014425844793	0.159	0.088	1	6	RNF220
0.000465419778101501	0.842992370656666	0.46	0.301	1	6	BTG2
0.000763379065602232	0.836479063697991	0.389	0.24	1	6	ATP1A1
0.00817503364811503	0.832750203930511	0.221	0.129	1	6	LDHB
0.000226526031537288	0.829526303056224	0.327	0.195	1	6	TCIM
0.00252915779958927	0.819257967602397	0.265	0.155	1	6	LOC138567585
0.000173681514912852	0.80682725479709	0.434	0.262	1	6	FRYL
0.00235066432804731	0.803991210949087	0.319	0.19	1	6	PDHA1
0.000732689520336674	0.799004358279328	0.319	0.18	1	6	DCTN1
0.00235595413386133	0.796103301518774	0.204	0.116	1	6	MED10
0.00203735721126039	0.795805685212223	0.292	0.173	1	6	TMBIM1
0.00047317193278497	0.794530881700021	0.221	0.13	1	6	LOC138504521
0.000147868077881846	0.793673919963573	0.478	0.309	1	6	JUND
0.00157959036646753	0.789369176584242	0.257	0.152	1	6	SORBS1
0.00235349237787902	0.775567319662237	0.283	0.176	1	6	LOC138582919
0.00235397449027505	0.773258083409479	0.407	0.257	1	6	CCDC43
0.00876385608554796	0.773258083409479	0.177	0.108	1	6	PFKL
0.00203487048964627	0.764373623530973	0.425	0.282	1	6	CD200
0.00136444412905689	0.757297975501045	0.416	0.259	1	6	CAV2
0.00746936421258918	0.755178961596143	0.195	0.12	1	6	PRICKLE1
0.000283348157014956	0.752324493972331	0.513	0.327	1	6	PLEKHG5
0.000192917478393416	0.752232279524176	0.469	0.291	1	6	AZIN1
0.00563573948526171	0.746312934807243	0.31	0.196	1	6	PEDS1
0.00872234306467785	0.745757945363627	0.195	0.113	1	6	SDR9C7
0.000809393650447697	0.742063461805885	0.442	0.28	1	6	PFDN4
0.00014048721521756	0.740432376226956	0.407	0.235	1	6	HIBADH
0.00309049189538035	0.736769162136372	0.133	0.079	1	6	MNAT1
0.000455650974183811	0.727084898329899	0.46	0.287	1	6	PKLR
0.00236340418406021	0.724306991001727	0.327	0.184	1	6	ARGLU1
0.00120646165199872	0.722065388560566	0.434	0.269	1	6	TSPAN13
0.00153694225275964	0.720404580676112	0.522	0.387	1	6	EZR
0.00024979607596056	0.720297233301466	0.487	0.304	1	6	GALNT18
0.0066340074453282	0.715310734200199	0.186	0.113	1	6	LOC138513954
0.00390467140819806	0.712068721508047	0.239	0.144	1	6	IST1
0.000184744091575007	0.70483055560691	0.619	0.444	1	6	GLUD1
0.00338586991982157	0.704371171733935	0.372	0.234	1	6	MECOM
0.0017077135966541	0.703417533906401	0.292	0.171	1	6	MYO1E
0.001890449399912	0.69903144644245	0.46	0.308	1	6	TNFAIP8L1
0.00177615933679818	0.697497909372441	0.354	0.218	1	6	EIF4EBP2
0.00916442050789421	0.697076007032575	0.106	0.069	1	6	SRA1
0.00817379288766965	0.696127177639026	0.301	0.19	1	6	CRIP2
0.00530780749588039	0.694366719774588	0.115	0.072	1	6	FBXL19
0.000667710595705945	0.694366719774588	0.522	0.327	1	6	PFDN5
8.60232993185742e-05	0.69202277930629	0.46	0.277	1	6	DOCK6
0.000521552330631631	0.691437388735917	0.522	0.368	1	6	TMED7
0.00823769642771867	0.688513993529151	0.319	0.201	1	6	UBL3
0.00310530334717682	0.687834982342856	0.319	0.219	1	6	EIF4E
8.77822438441696e-05	0.686269252075992	0.602	0.399	1	6	PPP2CA
0.00718889573215121	0.685410487963517	0.345	0.228	1	6	SPTAN1
0.000178912309771884	0.680359861780709	0.451	0.265	1	6	SLC12A2
0.000330758282385138	0.674622398455887	0.602	0.433	1	6	FOS
0.00779831329238715	0.674474578095442	0.442	0.307	1	6	RPN1
0.00213747020006342	0.672312353363466	0.425	0.275	1	6	POLR2J
0.0063820032987778	0.669869637067739	0.372	0.225	1	6	SMARCE1
0.00843649307016441	0.669251471647631	0.186	0.124	1	6	KMT2E
0.00397756311841939	0.659601301613912	0.381	0.279	1	6	MCL1
0.000691584195081342	0.655962724550564	0.451	0.307	1	6	IQGAP1
0.00300101185480349	0.653449074632317	0.274	0.151	1	6	CRTAC1
0.00580937044345736	0.651333685630312	0.381	0.27	1	6	TPM1
0.000467249430941554	0.643391074432653	0.451	0.297	1	6	METAP2
0.00660283925827279	0.638539686086083	0.265	0.176	1	6	COPS5
0.00260286856526095	0.635754559659544	0.389	0.247	1	6	HIF1A
0.00362142825915292	0.634245727337018	0.504	0.377	1	6	PREX2
0.00576265105105484	0.631032149417141	0.46	0.31	1	6	TANB
0.00420242244018595	0.630370590290158	0.398	0.271	1	6	MMP2
0.00582415545450333	0.618959317116566	0.487	0.335	1	6	SELENOT
0.00068265559654771	0.618378638887399	0.451	0.298	1	6	CSRNP1
0.00182441640936867	0.617290496755948	0.442	0.276	1	6	TALDO1
0.0066369634894715	0.615207182255459	0.372	0.248	1	6	SPCS1
0.00635950644108507	0.608375978258739	0.549	0.374	1	6	LSM5
0.00030606750521512	0.606582919314421	0.77	0.617	1	6	CAVIN1
0.00455377083296278	0.601128898894448	0.584	0.453	1	6	JUNB
0.000240397213546326	0.600707612560343	0.54	0.345	1	6	XYLT1
0.000273946132500583	0.59731702335957	0.425	0.274	1	6	RBMS3
0.0097348076772178	0.596175921472278	0.54	0.401	1	6	NAA50
0.00073148481456809	0.596134882770519	0.425	0.294	1	6	SLCO3A1
0.00606442926926597	0.588518203552429	0.257	0.183	1	6	LEPROT
0.00357035608444071	0.587735315414591	0.451	0.308	1	6	MTURN
0.00635101524218965	0.585219105291336	0.46	0.31	1	6	DYNLRB1
0.00225144277797351	0.579333961767777	0.451	0.303	1	6	ZFP36L1
0.00687474568126013	0.560747914687627	0.319	0.22	1	6	RBPMS
0.00897643289826803	0.557239583984235	0.283	0.192	1	6	DNAJA2
0.00240661138297703	0.556261551921227	0.549	0.424	1	6	SSR1
0.00205590043844092	0.550135322227838	0.478	0.361	1	6	SYPL1
0.000277907176278946	0.549491544696228	0.717	0.57	1	6	BZW1
0.000631355882891485	0.547298331989119	0.496	0.327	1	6	UTRN
0.000209925120148804	0.546107170473078	0.681	0.477	1	6	SERBP1
0.000596047270837905	0.534208615328893	0.894	0.782	1	6	ANXA5
0.000418692740310621	0.532909296698049	0.531	0.346	1	6	PHF11
0.00100541463189408	0.530991026598081	0.681	0.517	1	6	TCF4
0.00771153570821286	0.520866809324374	0.451	0.337	1	6	CLEC2B
0.000155551841553149	0.518459200800629	0.761	0.638	1	6	GNGT1
0.000869142130743074	0.51621133847357	0.681	0.534	1	6	HNRNPDL
0.00213796476016777	0.513621995796632	0.301	0.188	1	6	CNN3
0.00398102909908427	0.511399778328718	0.416	0.279	1	6	FOSL2
0.00501481209641826	0.508959883627087	0.416	0.276	1	6	RTN3
0.00549893744627748	0.508573331586107	0.496	0.379	1	6	PGK1
0.00407806553354307	0.501536455381661	0.602	0.437	1	6	CNIH1
0.000221701564726352	0.495573042791453	0.956	0.883	1	6	MSN
0.00492486797890323	0.494239825313843	0.796	0.747	1	6	TPM3
0.000192922221263019	0.493651090336936	0.77	0.631	1	6	RSL24D1
0.00887574412261581	0.492703992869168	0.407	0.293	1	6	SNX3
0.000558130358227923	0.492629617560947	0.717	0.556	1	6	LOC138515939
0.00529879526822133	0.492306556216271	0.354	0.254	1	6	RAPGEF5
0.00879149461031685	0.489676300171599	0.204	0.125	1	6	CCDC71L
0.00349657050904522	0.483075889034793	0.628	0.469	1	6	EHD2
0.00304290055135012	0.482766355188927	0.788	0.706	1	6	MYH9
0.000407183519177573	0.479364527439918	0.717	0.516	1	6	PTGS2
0.00216365613143127	0.471209551512792	0.575	0.42	1	6	BSG
0.00965781029395617	0.469270089509763	0.319	0.221	1	6	PUF60
0.000737640780848517	0.462610753395552	0.788	0.669	1	6	LIFR
0.00701297767904553	0.456837687026397	0.531	0.375	1	6	CMPK1
0.000288458938342426	0.45537526982721	0.956	0.865	1	6	EIF5A2
0.00353551508790738	0.453791764473068	0.504	0.343	1	6	EHD3
0.0085954847559225	0.451148071235338	0.593	0.471	1	6	ATP5PD
0.00784863465409589	0.446607578279714	0.761	0.654	1	6	PCBP2
0.00107103502869651	0.433719894197584	0.735	0.64	1	6	HSBP1
0.00942748907390377	0.429595696167589	0.434	0.317	1	6	TTN
0.00816984115068111	0.428821094784745	0.398	0.289	1	6	PSME3
0.00931255672286929	0.422951800715013	0.832	0.678	1	6	SSR3
0.00686741206798692	0.408784062535407	0.858	0.76	1	6	COX7A2
0.00416440740648653	0.402364740318231	0.796	0.654	1	6	ATP5MF
0.000603394198959295	0.393321236276464	0.779	0.621	1	6	YBX3
0.00616064110221395	0.390414668798523	0.407	0.3	1	6	RPN2
0.00216948636644717	0.368386847533026	0.912	0.847	1	6	NACA
0.00059200134472782	0.367295610810082	0.991	0.971	1	6	CFL2
0.000438154901971914	0.362143740949799	0.929	0.823	1	6	MYL12B
0.00855164459048431	0.351933899851719	0.478	0.338	1	6	PSMB4
0.00337680097197729	0.350668002216007	0.726	0.642	1	6	APP
0.00475996086198454	0.347657295299172	0.664	0.519	1	6	ESAM
0.00395325667154542	0.34102247123924	0.779	0.573	1	6	RAMP3
0.00195589407909803	0.338593880044897	0.965	0.881	1	6	SLC25A5
0.00213972146971127	0.331978885668231	0.814	0.745	1	6	PRMT1
0.00162529793506328	0.315698123369781	1	0.954	1	6	YWHAQ
0.00993995934440013	0.293373107703812	0.664	0.544	1	6	NUCKS1
0.00222464737341583	0.286670303292446	0.956	0.866	1	6	GAPDH
0.00616244064925542	0.286097302412083	1	0.996	1	6	FKBP2
0.00725598931782692	0.27388968816542	0.92	0.901	1	6	TAGLN2
0.00113223599214552	0.268953935559613	0.708	0.524	1	6	AQP1
0.00437399836067771	0.242475003622069	0.991	0.979	1	6	PTMA
0.00375424223550549	0.214156458453322	0.982	0.966	1	6	HNRNPK
0.00715877015766515	0.212566219259836	0.991	0.977	1	6	RPLP2
0.00242612923651374	0.207006786820869	1	0.997	1	6	CIRP
0.00888076181568333	0.151051916411924	0.558	0.418	1	6	ITGA6
0.00981499156339541	-0.350535849930673	0.602	0.691	1	6	FSCN1
0.0032317847674962	-0.482212760429719	1	0.999	1	6	unassigned-gene-4
0.000222779687884947	-0.483080554196383	0.929	0.949	1	6	S100G
0.000194522815300495	-0.50117200145887	0.885	0.88	1	6	PFN1
0.00130545973698627	-0.588326211829673	0.54	0.655	1	6	FLI1
0.0056305210981135	-0.660088321077451	0.31	0.438	1	6	COL5A1
0.00811442678021159	-0.680293339802899	0.531	0.577	1	6	INSR
0.00218325645820267	-0.680908219015176	0.23	0.374	1	6	PPP1R12A
0.00456875606216751	-0.746823067360224	0.407	0.501	1	6	CSF1
0.000336676345837292	-0.765672153389187	0.77	0.869	1	6	unassigned-gene-2
0.00654057904588629	-0.78923890575567	0.221	0.312	1	6	AGAP1
0.00164037908906125	-0.799830317023385	0.177	0.299	1	6	ERLIN2
0.00392614001742338	-0.845926731612839	0.212	0.357	1	6	ERBIN
0.00726595218392107	-0.850593430705272	0.071	0.153	1	6	PCLAF
0.00709650511376994	-0.908388120503531	0.124	0.246	1	6	PEAK1
0.00810423173695857	-0.911940683344923	0.08	0.171	1	6	UAP1L1
0.000898727699599666	-0.921628480230914	0.301	0.457	1	6	TSPAN14
0.00500144226432417	-0.931359939728687	0.292	0.434	1	6	DGKZ
0.00196062818390867	-0.960985108837966	0.283	0.453	1	6	ERG
0.00777973819285332	-0.961340496212811	0.168	0.304	1	6	MYCBP2
0.00573703660957224	-0.995996741700305	0.044	0.162	1	6	APLN
0.00231765058831452	-0.998610181137883	0.106	0.244	1	6	PDS5B
0.00941720539124044	-1.00919278991072	0.088	0.2	1	6	PLSCR3
0.00319796656135574	-1.01639627526087	0.204	0.374	1	6	LRRC32
0.00515628368431914	-1.01977680099935	0.168	0.309	1	6	MICAL3
0.00604025690738585	-1.05311674630562	0.08	0.189	1	6	MAP4K3
0.000649550335987352	-1.05617007028317	0.15	0.319	1	6	SLC22A23
0.00248705011361214	-1.08635307577955	0.124	0.245	1	6	DOCK4
0.000639342887536871	-1.10223896119132	0.159	0.333	1	6	RASA3
0.00410262106920129	-1.10657621376878	0.142	0.275	1	6	LOC138473015
0.000354185536769421	-1.11884092852845	0.088	0.214	1	6	SMC3
0.00851363832242428	-1.12467000733065	0.071	0.162	1	6	TEP1
0.00990108709946354	-1.14086723485845	0.071	0.16	1	6	MAST3
0.00544117752819097	-1.17047369694378	0.071	0.165	1	6	MYO1A
0.00257213907584542	-1.17328871255083	0.053	0.142	1	6	MMP14
0.00771401730717051	-1.18942279974477	0.088	0.204	1	6	ANGPT2
0.00579819425370106	-1.23656288740155	0.168	0.309	1	6	ARHGAP27
0.00649637471609297	-1.2685057799043	0.097	0.203	1	6	AGO3
0.00632777655649618	-1.27899815372194	0.08	0.201	1	6	SH3BP2
0.00333778708482452	-1.30054918577952	0.204	0.354	1	6	ADD3
0.00273568855283125	-1.31002504934257	0.035	0.13	1	6	ELN
0.00234746900000549	-1.34393038935634	0.142	0.296	1	6	GNAL
0.000136206092664007	-1.34725236942715	0.195	0.406	1	6	EXOC3L2
0.00555496376753068	-1.41840121038736	0.035	0.123	1	6	ROBO3
0.000798501371371907	-1.4475285730925	0.15	0.3	1	6	HYAL2
0.00436853466233689	-1.46202814278762	0.062	0.197	1	6	CORO1C
0.00744428253585882	-1.48032895953056	0.053	0.123	1	6	LEP
0.00193427621616334	-1.48879053827876	0.08	0.214	1	6	IGF2R
0.00802532322135471	-1.49690318406608	0.027	0.094	1	6	PIAS1
0.00073076059067404	-1.52000625322574	0.088	0.236	1	6	RASGRP2
0.000388659942427275	-1.55085150641101	0.097	0.246	1	6	HAPLN1
0.000321568372348076	-1.60843378527825	0.08	0.231	1	6	AFAP1L1
0.00248955131014874	-1.61962234231921	0.053	0.172	1	6	CMKLR2
0.00347393693727913	-1.64296146840652	0.035	0.128	1	6	SNTB2
0.00469906917338142	-1.67429943493953	0.027	0.106	1	6	CHAF1A
0.00285356505293728	-1.71736815683141	0.044	0.158	1	6	LAMA4
0.00504553298990422	-1.77578484305673	0.088	0.209	1	6	EXOC6
0.00913110994642899	-1.78885919920238	0.027	0.11	1	6	MIS18BP1
0.00811636728262396	-1.96488956329388	0.062	0.165	1	6	FGL2
0.00485485546665156	-1.99936178055102	0.15	0.294	1	6	NRP2
0.00321187676664496	-2.04083841652718	0.08	0.2	1	6	HMOX1
0.000390486956454886	-2.04545504459755	0.062	0.215	1	6	PDE7B
0.00458958682424205	-2.05005694655656	0.027	0.118	1	6	ADAMTSL3
0.00826260155763697	-2.06693438716623	0.372	0.473	1	6	CTSL
0.000643831831496017	-2.09726384999	0.071	0.219	1	6	FLT4
0.000147031791555602	-2.15631563394712	0.062	0.222	1	6	EMID1
0.00772479383175352	-2.18648601493241	0.053	0.175	1	6	GPNMB
0.00889064303196807	-2.19284150997223	0.018	0.105	1	6	COL24A1
0.00546974242019795	-2.19837969351366	0.009	0.077	1	6	B3GLCT
0.00722518732077828	-2.19837969351366	0.009	0.077	1	6	ZNF703
0.0029734989157756	-2.23116962863133	0.027	0.12	1	6	AHRR
0.00953698407383298	-2.26323083786363	0.009	0.072	1	6	RIPOR2
0.00357590291128883	-2.27271189087451	0.035	0.134	1	6	GAS7
0.00718886296768391	-2.31002504934257	0.009	0.079	1	6	RAB44
0.000178648617869641	-2.34039869838609	0.071	0.231	1	6	CEMIP2
0.0025808423237999	-2.40887843626885	0.018	0.111	1	6	ITGB3
0.00948802324005865	-2.44193672484815	0.009	0.082	1	6	NCAPD2
0.00269583867353976	-2.46968171533105	0.009	0.084	1	6	CNMD
0.000402282973782729	-2.56279111972254	0.018	0.128	1	6	HHIP
0.00310195997247866	-2.73271612116485	0.009	0.106	1	6	RECQL5
0.00115133929660427	-2.77780401069339	0.009	0.101	1	6	SEMA5B
0.00153600852675637	-2.78885919920238	0.009	0.112	1	6	LAYN
0.00879738224319754	-2.8639606544431	0	0.057	1	6	NAT16
0.00141435089271412	-2.93202492938826	0.018	0.127	1	6	SEMA3A
0.000248266314204999	-2.96488956329388	0.027	0.167	1	6	SRGN
0.000296284673295946	-3.00336371110852	0.018	0.146	1	6	VEGFA
0.00288395225762849	-3.05921694584204	0	0.07	1	6	TMEM139
0.00880421806486545	-3.11298820228302	0	0.067	1	6	MYO7A
0.00022344497646865	-3.15915838371594	0.018	0.167	1	6	PDGFC
0.00164511572909911	-3.24728929399461	0	0.077	1	6	NCAPD3
0.00580049945953786	-3.34039869838609	0	0.077	1	6	COL13A1
0.00950515936074352	-3.35237134005216	0.027	0.102	1	6	ESM1
0.0033271718385242	-3.54985206401504	0	0.076	1	6	GALR1
0.000741261922479915	-3.68024870127071	0.009	0.136	1	6	PDPN
0.000706663316111473	-3.72122048232702	0	0.098	1	6	UCK2
0.00251602699913747	-3.76666345308819	0	0.076	1	6	LOC138577431
0.00190112178079832	-3.89498755006373	0	0.092	1	6	PGF
0.000170891734927622	-4.00810163011518	0.009	0.153	1	6	FGF10
0.000195184829651955	-4.30233065755257	0	0.12	1	6	MAFB
0.00046495361639104	-5.35906254265112	0	0.115	1	6	STAB2
2.0074631222851e-23	2.82405855220759	0.609	0.123	2.41076246355217e-19	7	APLN
1.23050316511412e-15	1.81726669096994	0.652	0.224	1.47771125098554e-11	7	CYR61
3.8304324752198e-15	1.48479664186831	0.899	0.512	4.59996635949146e-11	7	IGFBP1
2.91153219190145e-14	1.33801417703296	0.913	0.66	3.49645900925445e-10	7	ACTG1
2.55937530171826e-11	2.80785266056207	0.174	0.025	3.07355379983345e-07	7	FJX1
4.84292704413318e-11	1.54553405481286	0.58	0.23	5.81587108729954e-07	7	NDEL1
1.29757930506759e-10	1.1404200483093	0.739	0.403	1.55826298745567e-06	7	ADAMTS4
2.35559144075312e-10	1.23236103514491	0.71	0.38	2.82882976120042e-06	7	EZR
5.34634495424457e-10	1.79191111669305	0.493	0.171	6.4204256555523e-06	7	PDGFB
6.52797901796613e-10	1.75556926962933	0.522	0.2	7.83945000267553e-06	7	CCN1
9.57985053558272e-10	0.532782791664949	1	1	1.15044425081813e-05	7	ACTB
4.31648069644449e-09	0.675656008823109	0.986	0.898	5.18366166836019e-05	7	TAGLN2
6.03137588443485e-09	1.09242676249713	0.667	0.335	7.24307929961781e-05	7	PLAU
1.96935676849178e-08	0.776116949256131	0.971	0.864	0.000236500054328178	7	KRT8
2.70912724838739e-08	1.0411590298562	0.841	0.487	0.000325339091258842	7	SPACA4
4.39498201924721e-08	-0.65465622711001	0.986	0.996	0.000527793390691397	7	COX2
5.69321900361333e-08	0.876931701107357	0.913	0.727	0.000683698670143925	7	PRX
6.48363316066577e-08	0.696207304733163	0.971	0.874	0.000778619506264352	7	PFN1
3.23970568880067e-07	1.11361809194769	0.739	0.523	0.00389056256168073	7	PTGS2
3.46241994784419e-07	-0.707088241033027	1	0.999	0.00415802011536609	7	unassigned-gene-4
5.72170851795684e-07	1.11919011019733	0.435	0.193	0.00687119975921437	7	EMID1
6.23079527556297e-07	1.38203532252999	0.449	0.183	0.00748256204642357	7	TUBB6
7.25014842481746e-07	-0.591307631610276	0.899	0.976	0.00870670324336329	7	CYTB
7.49293700929233e-07	0.796244128946736	0.826	0.614	0.00899826805445915	7	TPM2
8.42007513469002e-07	1.74484286303627	0.319	0.103	0.0101116682292492	7	PTHLH
8.49191939517384e-07	0.740794997748503	0.913	0.636	0.0101979460016643	7	CD34
1.00025825292795e-06	1.15003018721925	0.58	0.339	0.0120121013594117	7	PDE4B
1.01817598209903e-06	-0.538282960736992	0.986	1	0.0122272753690272	7	COX3
1.11653717901521e-06	-2.03009058132896	0.145	0.464	0.0134084949827936	7	XIRP2
1.14079599351014e-06	1.2716691937766	0.754	0.425	0.0136998190860633	7	GPX1
1.24829076666638e-06	1.09796146707641	0.58	0.301	0.0149907238168966	7	ENTPD1
1.42925248357832e-06	-1.2732891462995	0.71	0.869	0.0171638930752921	7	unassigned-gene-2
1.48183216391881e-06	1.77254579182612	0.391	0.136	0.0177953224565009	7	PHLDA2
1.83772459055746e-06	0.862300444584448	0.594	0.308	0.0220692346080046	7	TANB
1.96948735831713e-06	1.42046288596189	0.319	0.118	0.0236515736860304	7	SLC8A1
2.03016507816181e-06	1.19230184000749	0.478	0.212	0.0243802524236452	7	LOC138550342
2.28379870601727e-06	0.805384404971322	0.681	0.435	0.0274261386605614	7	PLS3
2.3112947585113e-06	0.989919379402539	0.667	0.404	0.0277563387549622	7	SCHIP1
2.34645533486843e-06	-0.610668626312581	0.942	0.976	0.0281785821164349	7	COX1
2.57615635699679e-06	2.79191111669305	0.116	0.018	0.0309370616911744	7	BEND3
2.83394175000658e-06	1.2136123462529	0.377	0.161	0.034032806475829	7	SH3PXD2A
2.84721085369349e-06	0.495165673267933	0.957	0.708	0.0341921551420051	7	PRSS23
3.04678224971119e-06	4.0143035380295	0.043	0.003	0.0365888080367817	7	ODAD1
3.21284728790734e-06	0.830303351375463	0.638	0.38	0.0385830830804793	7	WLS
5.05300350361747e-06	0.814947816708261	0.71	0.472	0.0606815190749422	7	PMP22
5.38051773026705e-06	1.59926603875065	0.478	0.262	0.0646146374227771	7	SLC20A1
5.68577801405992e-06	1.24171403413257	0.406	0.177	0.0682805081708456	7	DLL4
5.83646483178629e-06	0.736139607342446	0.928	0.829	0.0700901061649215	7	KRT18
8.05777485612344e-06	3.09676569822147	0.116	0.013	0.0967658182471864	7	TENT5A
8.42309706065262e-06	0.966112850582965	0.696	0.44	0.101152972601377	7	LYVE1
9.28179839515845e-06	0.621234373425161	1	0.981	0.111465116927458	7	VIM
9.33104097513602e-06	0.662758962376037	0.899	0.639	0.112056471070408	7	RALB
9.68191822598138e-06	0.858592395806887	0.449	0.217	0.11627015597581	7	PFKFB3
1.02909722212116e-05	0.924868454447554	0.478	0.233	0.12358428540453	7	MECOM
1.21372170480383e-05	1.85203210913062	0.232	0.081	0.145755839529892	7	JOSD2
1.4379042262175e-05	1.16995440848969	0.391	0.174	0.172677918526459	7	ENPP1
1.44103271381317e-05	1.26749015790694	0.565	0.337	0.173053618601824	7	CFL1
1.51374770250233e-05	0.973601201086332	0.652	0.397	0.181785961593505	7	CLDN11
1.5486835634203e-05	1.40662096080826	0.261	0.098	0.185981409131144	7	PLOD2
1.57450126544268e-05	1.11413880560929	0.449	0.221	0.189081856967012	7	ARHGAP20
1.84221864457168e-05	0.467952486578317	1	0.996	0.221232037026613	7	TMSB4X
2.1747132747229e-05	1.40662096080826	0.261	0.101	0.261161317161473	7	HBEGF
2.38300621785829e-05	0.634627554651685	0.942	0.79	0.286175216702602	7	TUBA1C
2.44786935222289e-05	1.31671218219744	0.406	0.2	0.293964630508447	7	FAM129B
2.50936817431925e-05	1.25456663620463	0.29	0.119	0.301350024053999	7	LDLR
2.60193580758264e-05	1.76276477103353	0.246	0.073	0.312466471132599	7	ACKR3
2.80992870628815e-05	1.11900091669619	0.507	0.28	0.337444338338144	7	CSRP1
2.95439017929861e-05	1.72672694793291	0.174	0.06	0.35479271663197	7	ERRFI1
3.18540401867475e-05	1.87914395474786	0.261	0.089	0.382535168602651	7	SPRY2
3.33811652959518e-05	0.537302051376405	0.957	0.783	0.400874414039086	7	TUBB4A
3.47820104775871e-05	1.1744116811116	0.667	0.457	0.417697163825344	7	SLC2A1
3.49148689297975e-05	1.65815972780422	0.246	0.101	0.419292660977938	7	ARHGAP24
3.53543427461352e-05	-5.32331836396301	0	0.199	0.424570302038338	7	RELN
3.88781530694142e-05	0.515828701698787	0.942	0.887	0.466887740210595	7	MSN
3.98271790301439e-05	2.87680001427956	0.058	0.009	0.478284592972998	7	LOC138527484
4.62907370772227e-05	0.692375443142136	0.826	0.624	0.555905461560367	7	LDHA
5.10426163515785e-05	0.990137226898746	0.449	0.227	0.612970779766106	7	DYRK3
5.82494851218143e-05	1.21755671553787	0.435	0.194	0.699518066827868	7	KLF6
6.03197905882917e-05	1.42934103730834	0.174	0.066	0.724380365174795	7	MRPL15
6.30712425025761e-05	1.70996950315687	0.304	0.143	0.757422551213436	7	CCN2
6.48253002251483e-05	-4.57065896269166	0	0.186	0.778487030403806	7	UNC5B
6.61229358394407e-05	1.26611068844004	0.391	0.178	0.794070336495843	7	GDI1
7.31865744890059e-05	2.42934103730834	0.145	0.03	0.878897573038472	7	TRBC1
8.22294334035109e-05	1.27322183539106	0.406	0.192	0.987493265742762	7	PSMD8
0.000140958540944864	5.59926603875065	0.029	0	1	7	ZG16
0.00721993955822139	5.59926603875065	0.014	0	1	7	EGR3
0.00721993955822139	5.0143035380295	0.014	0	1	7	CHRNE
0.00721993955822139	5.0143035380295	0.014	0	1	7	LOC138453735
0.00721993955822139	5.0143035380295	0.014	0	1	7	LOC138488415
0.00721993955822139	5.0143035380295	0.014	0	1	7	LOC138515510
0.00721993955822139	5.0143035380295	0.014	0	1	7	PNPLA4
0.00721993955822139	5.0143035380295	0.014	0	1	7	UNC93A
0.00721993955822139	5.0143035380295	0.014	0	1	7	XRCC3
0.000113555675355485	4.42934103730834	0.043	0.002	1	7	LOC138528722
0.000113555675355485	4.0143035380295	0.043	0.003	1	7	LOC138514156
0.000140958540944864	4.0143035380295	0.029	0.002	1	7	COL9A1
0.000140958540944864	4.0143035380295	0.029	0.002	1	7	LOC138511035
0.000140958540944864	4.0143035380295	0.029	0.002	1	7	ARMC10
0.00100721849293746	4.0143035380295	0.043	0.003	1	7	TRIM42
0.00378111698488178	4.0143035380295	0.029	0.002	1	7	MREG
0.00378111698488178	4.0143035380295	0.029	0.002	1	7	RGS19
0.00378111698488178	4.0143035380295	0.029	0.002	1	7	EOMES
0.00434022241875354	3.69237544314214	0.043	0.004	1	7	DIRAS2
0.000140958540944864	3.59926603875065	0.029	0.003	1	7	ANKRD13B
0.000140958540944864	3.59926603875065	0.029	0.003	1	7	KLF15
0.000140958540944864	3.59926603875065	0.029	0.003	1	7	PLD1
0.000140958540944864	3.59926603875065	0.029	0.003	1	7	TEKT2
0.00378111698488178	3.59926603875065	0.029	0.003	1	7	CCDC191
0.00378111698488178	3.59926603875065	0.029	0.003	1	7	LOC138548587
0.00721993955822139	3.42934103730834	0.014	0.002	1	7	LOC138472189
0.00721993955822139	3.42934103730834	0.014	0.002	1	7	LRRC71
0.00271396796723182	3.27733794386329	0.058	0.013	1	7	SFTPD
0.00378111698488178	3.27733794386329	0.029	0.003	1	7	LOC138567381
0.00378111698488178	3.0143035380295	0.029	0.004	1	7	C1PH19orf44
0.00721993955822139	3.0143035380295	0.014	0.003	1	7	DNAH11
0.00721993955822139	3.0143035380295	0.014	0.003	1	7	NXPE1
0.00100721849293746	2.84437853658719	0.043	0.007	1	7	RNF215
0.00374387616140802	2.84437853658719	0.029	0.007	1	7	LOC138522104
0.00434022241875354	2.84437853658719	0.043	0.007	1	7	LOC138567376
0.00378111698488178	2.79191111669305	0.029	0.005	1	7	LOC138468339
0.00378111698488178	2.79191111669305	0.029	0.005	1	7	CCDC51
0.00385694126847203	2.79191111669305	0.029	0.004	1	7	ARHGEF37
0.00279520720512761	2.7512691321957	0.058	0.01	1	7	LOC138514207
0.00721993955822139	2.69237544314214	0.014	0.004	1	7	COLEC12
0.00721993955822139	2.69237544314214	0.014	0.004	1	7	HCN2
0.00721993955822139	2.69237544314214	0.014	0.004	1	7	NLGN1
0.00721993955822139	2.69237544314214	0.014	0.004	1	7	TMEM170A
0.000140958540944864	2.59926603875065	0.029	0.006	1	7	ICMT
0.000206186212790753	2.5548719193922	0.101	0.017	1	7	DOCK2
0.00100721849293746	2.5548719193922	0.043	0.009	1	7	INTS15
0.00434022241875354	2.5548719193922	0.043	0.009	1	7	GPANK1
0.000380654342200568	2.49973036519974	0.087	0.016	1	7	GOLPH3
0.00378111698488178	2.42934103730834	0.029	0.007	1	7	TTC8
0.00112717810023804	2.38203532252999	0.116	0.026	1	7	SPRY4
0.00160502060336991	2.37044734825477	0.087	0.019	1	7	EMP3
0.00024643092985994	2.33623163291686	0.058	0.013	1	7	RBM34
0.000966598737089868	2.24876879166652	0.058	0.014	1	7	NFKBIL1
0.00721993955822139	2.20694861597189	0.014	0.003	1	7	COL26A1
0.000816452395036416	2.12121874194601	0.087	0.022	1	7	METTL16
0.00434022241875354	2.10741294242098	0.043	0.012	1	7	TNFRSF18
0.000207031525798075	2.05494552252684	0.116	0.028	1	7	LOC138480870
0.000110702334946698	2.0143035380295	0.13	0.03	1	7	TNFRSF6B
0.000966598737089868	2.0143035380295	0.058	0.017	1	7	LOC138488242
0.00100721849293746	2.0143035380295	0.043	0.013	1	7	C7
0.00652583292100158	2.0143035380295	0.058	0.015	1	7	EPHA5
0.00329834859435569	2.0143035380295	0.072	0.021	1	7	CYP2H1
0.00378111698488178	2.0143035380295	0.029	0.007	1	7	DSPP
0.00128907077554189	1.98188206033712	0.13	0.039	1	7	LOC138526848
0.000282091454164908	1.95017320060978	0.145	0.038	1	7	SEMA4C
0.00795353171663045	1.87134558418745	0.13	0.043	1	7	THBS1
0.00528184770769059	1.86746214970023	0.087	0.026	1	7	MFSD2A
0.00610165324448385	1.84437853658719	0.101	0.03	1	7	MSMO1
0.00413033725776498	1.82987896689207	0.145	0.043	1	7	CBFA2T2
0.0042026709234585	1.81266967685985	0.116	0.039	1	7	SNRNP40
0.00880803801763941	1.81266967685985	0.116	0.035	1	7	LOC138580981
0.000206186212790753	1.80485017240055	0.101	0.03	1	7	RAD1
0.00157656036486023	1.80485017240055	0.101	0.028	1	7	STC1
0.000271092571315748	1.8013098146953	0.145	0.041	1	7	KIF21B
0.00577146837271996	1.79191111669305	0.101	0.036	1	7	FILIP1
0.00109816728606145	1.76637602458591	0.159	0.048	1	7	MTHFD1L
0.00857486964029476	1.72479692083451	0.101	0.035	1	7	RELT
0.00369722889208573	1.72479692083451	0.362	0.243	1	7	HSPA1A
0.000551059645334691	1.72152178880165	0.13	0.039	1	7	P3H2
0.000689372222076643	1.69237544314214	0.116	0.039	1	7	CDC42EP4
0.00163451156150432	1.69237544314214	0.087	0.03	1	7	SLC41A2
0.00165700144928734	1.69237544314214	0.203	0.083	1	7	CXCR4
0.00584992615745875	1.66638023460919	0.13	0.047	1	7	TMEM52
0.00215241296520831	1.66380629094536	0.13	0.044	1	7	NOM1
0.00838812913661028	1.66380629094536	0.116	0.044	1	7	GPN2
8.6426758461354e-05	1.62198611525074	0.101	0.037	1	7	LOC138473319
0.00906536959144798	1.62198611525074	0.101	0.037	1	7	ELOA
0.000730173410970633	1.60621879939242	0.174	0.055	1	7	ADAM33
0.00610165324448385	1.5880387833274	0.101	0.037	1	7	DNAJB5
0.00122131817729017	1.57136004218077	0.13	0.039	1	7	MBLK1
0.00435683466545485	1.5695186953566	0.116	0.042	1	7	IPP
0.000251179713681341	1.56364212901993	0.188	0.063	1	7	COL13A1
0.00284035007815368	1.56260756817181	0.174	0.078	1	7	PRDM1
0.00148543021311556	1.5548719193922	0.101	0.038	1	7	EDN2
0.000122127795196078	1.53625624122485	0.304	0.147	1	7	TMEM92
0.00352183116069396	1.53625624122485	0.13	0.058	1	7	NTF4
0.00186548765039117	1.53483416615566	0.246	0.109	1	7	CRISP3
0.00244795313425423	1.49074158197249	0.101	0.04	1	7	GPR107
0.00774875389389724	1.48592456567471	0.159	0.065	1	7	SRM
0.00592349898406729	1.4737351566668	0.145	0.052	1	7	KCNJ2
0.00262985729500577	1.47240975920023	0.203	0.084	1	7	MTHFD2
0.00626284575861311	1.46998302180569	0.072	0.03	1	7	ZNF518B
0.00610165324448385	1.45971468635186	0.101	0.041	1	7	LOC138533143
0.00290850031917188	1.45630808490861	0.116	0.046	1	7	SNAPC5
0.000938560967383179	1.45487612941548	0.319	0.149	1	7	HMGA1
0.00711323375574884	1.45280001013233	0.246	0.126	1	7	PHF24
0.00133709538992848	1.45242465042138	0.232	0.103	1	7	AEBP1
0.00251167860469119	1.42934103730834	0.174	0.067	1	7	DNPH1
0.00616024804252997	1.4122675239494	0.159	0.074	1	7	ZEB2
0.00425358701524997	1.40764596620902	0.145	0.058	1	7	TRAPPC4
0.0057593271402467	1.38627231541646	0.145	0.054	1	7	MMP3
0.00208688324780626	1.38203532252999	0.13	0.054	1	7	RRP9
0.00186526850859607	1.37489325328597	0.159	0.069	1	7	ARL8A
0.00120497599739489	1.35895170941694	0.304	0.156	1	7	TNC
0.000258932995563524	1.34053177035049	0.261	0.109	1	7	SPRY1
0.00644454168398655	1.33873848852743	0.188	0.092	1	7	CBFB
0.0099442960213401	1.33358205450291	0.188	0.091	1	7	SLC16A1
0.00123180261621259	1.32841212845756	0.261	0.12	1	7	PXDC1
0.00469104801316609	1.32040666575518	0.217	0.091	1	7	SLC39A6
0.00959685837804813	1.30280863137941	0.217	0.109	1	7	ITPRIPL2
0.00153805369469467	1.28941077616387	0.232	0.096	1	7	FAM118B
0.00448252536056714	1.28847850146849	0.174	0.073	1	7	LOC138503857
0.00189941984089294	1.27014244245909	0.217	0.103	1	7	TGFB1
0.00102587045510535	1.25687384130358	0.217	0.109	1	7	NR5A2
0.00259723954703822	1.22289015984092	0.174	0.076	1	7	OSBPL11
0.00757850887004684	1.19118130011358	0.174	0.079	1	7	GOLT1B
0.00560755109709782	1.18541545442225	0.246	0.115	1	7	IFRD1
0.00970246976307593	1.18141352386476	0.188	0.1	1	7	TUSC2
0.00906536959144798	1.18141352386476	0.101	0.049	1	7	VWA8
0.00158345598497185	1.18031348946843	0.261	0.135	1	7	GCLM
0.00168904633364185	1.16630663147455	0.348	0.197	1	7	LMNB1
8.61155171569446e-05	1.15471865719934	0.362	0.161	1	7	SPRY3
0.0079796597854516	1.15370659469491	0.261	0.116	1	7	FRMD6
0.000415667372965651	1.14923311811561	0.362	0.193	1	7	SMOX
0.00435600450756746	1.14923311811561	0.174	0.082	1	7	AMOTL2
0.00803858767553948	1.14805492691833	0.275	0.137	1	7	DEPTOR
0.00119347157751506	1.14393881844609	0.188	0.091	1	7	COL24A1
0.00843817845813978	1.14328997874958	0.232	0.108	1	7	ROBO3
0.0095174852519172	1.14281827855218	0.246	0.13	1	7	RRAS
0.00410257703280701	1.13166048866766	0.203	0.093	1	7	HK2
0.009275031399439	1.12978075544943	0.174	0.083	1	7	ELAPOR2
0.000246774123628912	1.11948577472155	0.362	0.175	1	7	GPR68
0.000113258881582613	1.08830411947327	0.507	0.289	1	7	LBH
9.12551627016221e-05	1.08603929162841	0.449	0.26	1	7	PLAT
0.0001600752002773	1.07407575854687	0.522	0.308	1	7	ADAMTS1
0.000215472487844857	1.06476860501249	0.391	0.204	1	7	WIF1
0.000279667066302258	1.05561051218641	0.362	0.171	1	7	UGCG
0.000323662380175043	1.04648394377865	0.232	0.108	1	7	KBTBD2
0.002179321223894	1.04601239775684	0.29	0.147	1	7	AHSA1
0.00904940132810087	1.0334123609772	0.362	0.242	1	7	PSMD6
0.00757850887004684	1.02824272898737	0.174	0.085	1	7	LOC138525662
8.84758644421099e-05	1.00403520257567	0.435	0.212	1	7	ETS2
0.00105096329723896	0.997230024670557	0.261	0.143	1	7	PLEKHO1
0.0042710266119092	0.993241922501669	0.232	0.121	1	7	HGS
0.00432688903252131	0.980033635944752	0.261	0.127	1	7	FTL
0.00672728244169366	0.974775173842861	0.275	0.163	1	7	ITPR3
8.46871630986015e-05	0.969052456934598	0.551	0.31	1	7	PSMB2
0.000858213755654831	0.959262174471536	0.464	0.275	1	7	PSMA3
0.00792950240731309	0.953892021333676	0.377	0.253	1	7	CNIH4
0.00452176115887737	0.9498716654345	0.493	0.31	1	7	MCAM
0.00636700025752109	0.94953328263926	0.391	0.251	1	7	HSD3B7
0.000324476886530349	0.949012077777779	0.319	0.166	1	7	ZDHHC21
0.00433462841025199	0.939015410725261	0.333	0.19	1	7	BCL2L10
0.00361556786121887	0.937487940978667	0.377	0.204	1	7	TUBB2B
0.00420062400347106	0.916891036371554	0.362	0.222	1	7	AKT1
0.00089651745593926	0.916001464417694	0.464	0.262	1	7	DPYSL2
0.0043998045154736	0.911492732445723	0.304	0.159	1	7	TMX3
0.00345253787284031	0.902795222812508	0.333	0.194	1	7	PDHA1
9.94169117432787e-05	0.900239441171186	0.754	0.629	1	7	LGALS1
0.00810880017461144	0.898826320609562	0.203	0.101	1	7	IFFO2
0.00215098586792826	0.897037485859749	0.377	0.213	1	7	PTP4A2
0.00261852616182521	0.889607790580183	0.406	0.235	1	7	PMEPA1
0.000824085474519553	0.881853242005849	0.319	0.184	1	7	TACC1
0.00953998444621852	0.875539468073646	0.333	0.185	1	7	CLCN3
0.000243846292074507	0.87502874942737	0.449	0.255	1	7	C3PH5orf15
0.000394651085496285	0.87270725964568	0.449	0.224	1	7	UPP1
0.000423859583443885	0.859025312551587	0.493	0.28	1	7	FOSL2
0.00054429448725062	0.853567708041846	0.623	0.419	1	7	ARPC5
0.00837700185973826	0.849100946829589	0.29	0.159	1	7	SERPINE1
0.0012930985720938	0.838105939571655	0.507	0.335	1	7	ATF4
0.0052348561727072	0.837714806306175	0.319	0.174	1	7	FAR2
0.00604885352345579	0.837714806306175	0.275	0.167	1	7	TTC28
0.0020057989487433	0.833731292387677	0.362	0.213	1	7	TMBIM4
0.00609398614430511	0.824478979149481	0.275	0.17	1	7	CXCL16
0.000312972904016823	0.822109372746153	0.478	0.284	1	7	MARCKSL1
0.00239125541171486	0.820189071020115	0.449	0.285	1	7	TSC22D2
0.00806772152068588	0.805646142098471	0.435	0.323	1	7	VMP1
0.000317715300021482	0.801786659862718	0.623	0.429	1	7	TFPI2
0.00149107696331412	0.792963027086637	0.522	0.346	1	7	TTLL3
0.00414922102360712	0.784569141351882	0.29	0.164	1	7	NT5C3A
0.000517762121895425	0.78379847090573	0.623	0.363	1	7	ATP1B1
0.000531425770941205	0.773295438525703	0.478	0.278	1	7	SPRED1
0.00147413982568706	0.764944069092781	0.536	0.361	1	7	PSMA5
0.000242518930763158	0.764361555967863	0.739	0.527	1	7	POMP
0.00384325833765249	0.762346659150912	0.884	0.752	1	7	UBC
0.00166888898214582	0.756235385089054	0.681	0.476	1	7	DUSP1
0.000171650870283642	0.753775987806279	0.522	0.311	1	7	RGS3
0.000434783696905206	0.735175156075404	0.609	0.426	1	7	COTL1
0.000873965980511395	0.726322775065473	0.493	0.31	1	7	IQGAP1
0.00124772968097669	0.725079608214841	0.565	0.389	1	7	MAPRE1
0.00139502616231098	0.710991121309483	0.449	0.276	1	7	FBL
0.000893253193531528	0.707916294037914	0.58	0.388	1	7	WDR1
0.00338035399032939	0.706875012837251	0.652	0.48	1	7	LOC138567840
0.00516795725089065	0.705550831889869	0.507	0.322	1	7	SEPTIN6
0.00245953578748669	0.701815139028441	0.507	0.344	1	7	SRSF11
0.00010542434000923	0.700886942997653	0.797	0.593	1	7	MYADM
0.0036827685657877	0.699988627252011	0.435	0.296	1	7	CORO1B
0.00970734532439957	0.697934968484036	0.522	0.351	1	7	CD276
0.00452137029453464	0.695152527812709	0.551	0.367	1	7	NOP58
0.00349279880190673	0.688138450255665	0.377	0.208	1	7	SEMA7A
0.00155208973080247	0.688010250580734	0.391	0.24	1	7	COQ10B
0.000656641869085996	0.687232139866176	0.739	0.536	1	7	ARPC2
0.000994031308553466	0.686116452670454	0.754	0.665	1	7	ALDOA
0.00728106181255703	0.685355015464363	0.493	0.316	1	7	CTTN
0.00643867193582425	0.679017060287117	0.493	0.325	1	7	RHEB
0.00786138564520964	0.67765393743537	0.449	0.297	1	7	TRMT112
0.00771338944572829	0.673445714607285	0.536	0.381	1	7	MYO1C
0.00118494985520561	0.673266620194431	0.362	0.225	1	7	FRMD4A
0.00618015435166381	0.67283525674649	0.464	0.322	1	7	TXNRD3
0.00011719600761834	0.669604135483477	0.507	0.305	1	7	RASA3
0.000423515233095128	0.661348547521511	0.507	0.327	1	7	VASP
0.0014833171570894	0.656751533411414	0.696	0.5	1	7	PSMA4
0.00181941542215354	0.653556194251608	0.435	0.264	1	7	SH3GLB1
0.00164335782464348	0.643935088084382	0.478	0.306	1	7	BTG2
0.00106187838492822	0.632874431393474	0.696	0.535	1	7	SEMA3F
0.000135202813473393	0.62470561660433	0.884	0.715	1	7	CAPG
0.000641821814031181	0.619735420502702	0.899	0.653	1	7	ARF1
0.0036279982154131	0.619534636256642	0.551	0.396	1	7	LSP1
0.00176889717068147	0.615299220123495	0.884	0.709	1	7	LMNA
0.00708971361060298	0.61460658488514	0.623	0.465	1	7	ACTR3
0.0038098091804201	0.610581351978488	0.551	0.427	1	7	LOC138582805
0.00115532528964512	0.610237156571657	0.768	0.576	1	7	EIF1
0.00453486353642185	0.593971739081141	0.783	0.63	1	7	JPT1
0.000157460872344632	0.584096991146026	0.594	0.422	1	7	ITGA6
0.00105782284191882	0.582750951967637	0.435	0.285	1	7	F8
0.00045408836930962	0.560271907134791	0.667	0.461	1	7	RBMS1
0.00949183119451222	0.5548719193922	0.304	0.206	1	7	LHX6
0.00580212992642351	0.549836329494903	0.551	0.404	1	7	LITAF
0.00250545781245997	0.546489007712791	0.696	0.513	1	7	GSTM1
0.00283016970327278	0.53874441927752	0.899	0.731	1	7	PRDX1
0.00101385515249405	0.531220651327555	0.739	0.56	1	7	ENO1
0.00755991995849711	0.526789377424161	0.464	0.316	1	7	TMEM109
0.00414700406713576	0.52650969631534	0.71	0.525	1	7	CYCS
0.00274659196664449	0.522450441699823	0.391	0.252	1	7	APOLD1
0.00770527412686445	0.514111140787094	0.71	0.554	1	7	CLIC1
0.00134257008704418	0.493829763760055	0.609	0.413	1	7	CD93
0.00277851835183993	0.486565906001292	0.594	0.426	1	7	SSR1
0.00555419523974441	0.482646867826619	0.884	0.779	1	7	OAZ1
0.00882485255485467	0.458418270172765	0.667	0.515	1	7	PSMA2
0.00069521441954349	0.456187644532794	0.797	0.557	1	7	KDR
0.00380077313571903	0.45383559922909	0.739	0.53	1	7	ENG
0.00193324623933824	0.452061113808425	0.551	0.365	1	7	MAP4K4
0.000127851339090678	0.445548803495492	0.942	0.886	1	7	SLC25A5
0.007120719537088	0.436536538712546	0.681	0.495	1	7	VCP
0.00873772438088962	0.4314153655462	0.696	0.533	1	7	ACTN1
0.00348615062015079	0.42236811391837	0.739	0.596	1	7	GNB1
0.00466861649043826	0.421271607332456	0.797	0.56	1	7	GASK1B
0.00168821541745866	0.415902662983537	0.913	0.811	1	7	VAT1
0.00104386757819965	0.415743433907619	0.913	0.668	1	7	TUBA1A
0.00275001252379528	0.412965208354497	0.739	0.535	1	7	COX5B
0.000357477290585011	0.401664129278918	0.913	0.811	1	7	LOC138516040
0.00593551317562096	0.389342969376423	0.667	0.466	1	7	NOS3
0.000774998339953956	0.373582182729306	0.928	0.904	1	7	HSPA8
0.00620599638976343	0.372927728403075	0.913	0.797	1	7	EIF4A1
0.00423380054090901	0.372892076720974	1	0.906	1	7	TXN
0.00833583654228777	0.347141666995194	1	0.993	1	7	Fth1
0.0089577153475439	0.329027420874792	0.71	0.532	1	7	KIAA1217
0.00152110083739838	0.313863819888406	0.986	0.928	1	7	HSP90AB1
0.000828651841827572	0.305907096060063	0.797	0.559	1	7	INSR
0.00605532237726412	0.304985668541953	0.957	0.923	1	7	MYL6P1
0.00324680725260034	0.298232476921683	0.986	0.916	1	7	RPS17
0.00164979180735508	0.295822622192165	0.986	0.936	1	7	RPL37
0.000283427591092937	0.295714464675534	1	1	1	7	CIRBP
0.00126992451565065	0.253827591444627	1	0.977	1	7	RPLP2
0.0098533488465589	0.215467702301077	1	0.966	1	7	RPS18
0.00795584215004943	0.213700232399616	1	0.997	1	7	CIRP
0.00593975589865095	-0.313085966589793	0.986	0.991	1	7	ATP6
0.000541709530631953	-0.536379480417852	0.739	0.864	1	7	ND4
0.000135846089460104	-0.548239378796624	0.696	0.827	1	7	ND1
0.000421973797167964	-0.589404017684326	0.739	0.861	1	7	ND2
0.00968365350207988	-0.651534797771548	0.594	0.7	1	7	LOC138504630
0.0042916727155687	-0.690752808181964	0.246	0.435	1	7	VWA5A
0.00482396098256565	-0.714011364941049	0.551	0.638	1	7	STMN1
0.0082288617849405	-0.768598340303567	0.145	0.286	1	7	LOC138488268
0.00777487971181523	-0.841187905072376	0.275	0.398	1	7	LSM5
0.00849142309274102	-0.873763183287366	0.217	0.355	1	7	PTPRE
0.00476994856830468	-1.00170877995913	0.391	0.556	1	7	KRT1
0.00385253988040664	-1.03880779843006	0.174	0.339	1	7	TANC1
0.00586148543136245	-1.04680797627389	0.159	0.311	1	7	SLC12A6
0.000482189263354842	-1.06098458927474	0.145	0.326	1	7	GJC2
0.0018703408506637	-1.06890983021948	0.116	0.266	1	7	ANKRD11
0.00538781144511283	-1.07701162871645	0.145	0.295	1	7	ZNF436
0.000214973131387304	-1.15456647613298	0.391	0.582	1	7	DOCK9
0.00472137244405287	-1.17156300728184	0.116	0.252	1	7	DAB2IP
0.00236746810384696	-1.2193161387302	0.043	0.17	1	7	GPNMB
0.00927938724994357	-1.22601079130421	0.13	0.249	1	7	NHERF2
0.00976297119984578	-1.2524830026654	0.072	0.186	1	7	PLK5
0.00481900021039805	-1.26580438116324	0.087	0.215	1	7	GOLGB1
0.000153411575915859	-1.28466340841455	0.203	0.43	1	7	TXNIP
0.00855445149681334	-1.29555172455729	0.101	0.246	1	7	PPP1R16B
0.00344215168452832	-1.29857941725486	0.087	0.241	1	7	HDAC4
0.00710039751376675	-1.39847798730898	0.058	0.176	1	7	MRPL43
0.000752663043398902	-1.3989989098786	0.275	0.439	1	7	MMRN1
0.000489724148742717	-1.40298641298072	0.188	0.368	1	7	GSTP1
0.00731469399643556	-1.4231017742778	0.072	0.204	1	7	PRKD2
0.000552018801298768	-1.46605391946235	0.159	0.343	1	7	TSPAN18
0.00222870878484903	-1.49122449519725	0.087	0.241	1	7	LBR
0.00327701329717035	-1.50925841802751	0.072	0.219	1	7	ATP11B
0.00263667800156292	-1.52485527307853	0.072	0.22	1	7	AP2A2
0.00920522255746103	-1.52485527307853	0.072	0.204	1	7	INPP5A
0.00906599310221752	-1.54793888619157	0.043	0.153	1	7	LAMA4
0.00206095313379309	-1.55858613039108	0.058	0.18	1	7	EFNA1
0.000763733834579013	-1.56312529000625	0.13	0.347	1	7	ZNF521
0.00171432789455872	-1.56635882525803	0.087	0.252	1	7	ADGRA2
0.00479410612917675	-1.57065896269166	0.014	0.116	1	7	INPP4B
0.00820463704664298	-1.57065896269166	0.043	0.146	1	7	TMTC1
0.000248624347602037	-1.60574962716002	0.145	0.35	1	7	ADD1
0.000315445364632277	-1.62955265174523	0.072	0.236	1	7	ITSN2
0.000945527733329654	-1.63674815314943	0.043	0.173	1	7	LAMP2
9.90127193215542e-05	-1.65953551796094	0.232	0.458	1	7	STAB1
0.000174967067682608	-1.66325595541343	0.145	0.352	1	7	KLHL4
0.00582055317293252	-1.66517656147595	0.043	0.17	1	7	PCNX1
0.00996807609617556	-1.67219698915372	0.043	0.166	1	7	ARHGAP35
0.00274384438599944	-1.67499562250639	0.058	0.209	1	7	RAB31
0.000954730143162086	-1.68017872481519	0.145	0.289	1	7	NRP2
0.00106536197863283	-1.68613618011159	0.072	0.239	1	7	KDM4B
0.00840826833468402	-1.69797779275611	0.087	0.213	1	7	FLT4
0.00326606810190744	-1.70679565067769	0.043	0.174	1	7	PHKB
0.0028906410842577	-1.70816248644159	0.058	0.205	1	7	NCOA1
0.00690081091007669	-1.7136169165337	0.043	0.172	1	7	TAF4
0.00707284570809929	-1.7136169165337	0.029	0.137	1	7	LOC138566320
0.00217492562172894	-1.74058396413397	0.058	0.208	1	7	TBC1D4
0.00553717839137203	-1.74591740843701	0.058	0.193	1	7	FLRT2
0.00529279545215645	-1.76705617549516	0.029	0.133	1	7	TSPAN2
0.00644900429796747	-1.80161339753153	0.029	0.144	1	7	LOC138569992
0.00479248916701066	-1.81012489738705	0.029	0.137	1	7	RAD21
0.000755897531584174	-1.83952581382761	0.072	0.246	1	7	EPB41L2
0.00698675617612054	-1.86016557988664	0.029	0.137	1	7	GPR146
0.00030635594691171	-1.89039949834126	0.116	0.319	1	7	IQSEC1
0.00485107860295153	-1.90057984833255	0.029	0.148	1	7	SHC1
0.000963189836608649	-1.90852860144804	0.072	0.236	1	7	SERPINE2
0.00487569532601471	-1.96869003666481	0.043	0.173	1	7	TP53I11
0.00847379165283368	-1.97816278928509	0.029	0.152	1	7	VPS13B
0.00397451779996901	-2.00806427499896	0.029	0.156	1	7	SLC44A2
0.00703003117332851	-2.00806427499896	0.029	0.154	1	7	MAML2
0.00332137855171658	-2.01544380536455	0.029	0.159	1	7	NUMA1
0.00868719991945107	-2.23362397541409	0.014	0.125	1	7	PDE7A
0.00257777077597132	-2.32554646485513	0.014	0.135	1	7	MPP7
0.00411095386301459	-2.36073589331743	0.014	0.127	1	7	GAB3
0.00455120936409294	-2.36940075444455	0.014	0.14	1	7	CHD8
0.000272966152110559	-2.38372753594366	0.029	0.178	1	7	LOC138497215
0.00647343361757469	-2.43690757380283	0.014	0.112	1	7	SNCA
0.0028311851500348	-2.47754955830018	0.014	0.146	1	7	COMT
0.00100651996614952	-2.60774828142688	0.043	0.213	1	7	CLCA1
0.00310036468332235	-2.6439079447223	0.014	0.152	1	7	FOXP1
0.00660128001579529	-2.69994197963662	0	0.088	1	7	ATP6V0A1
0.00867369991609021	-2.76705617549516	0	0.091	1	7	FOXO4
0.00869949670950437	-2.76705617549516	0	0.083	1	7	RNF152
0.0072380801209926	-2.79305138402811	0	0.091	1	7	MAP3K20
0.000722917983161008	-2.85606118155391	0.014	0.167	1	7	STON2
0.00602647668628934	-2.88051422527845	0	0.1	1	7	RNLS
0.00191235489995289	-2.98004989882936	0.014	0.161	1	7	PDGFC
0.00869175214805155	-2.99692371739376	0	0.1	1	7	KIAA1328
0.00346006454309	-3.08372854493103	0	0.111	1	7	CEP250
0.00725842624151156	-3.14556779874889	0	0.097	1	7	DOCK5
0.00552493546714845	-3.21451515246638	0	0.097	1	7	PLCE1
0.002477119349031	-3.23836189442075	0.014	0.147	1	7	FGF10
0.00458373890894675	-3.30762455685786	0	0.116	1	7	ADAMTSL3
0.00197624179290977	-3.38657589825269	0	0.13	1	7	FAM110B
0.000522946643771299	-3.54411717523917	0.014	0.17	1	7	NFIX
0.00165551196425459	-3.76048352157168	0	0.124	1	7	SEMA3A
0.0016507871023056	-3.84988260662478	0	0.132	1	7	GAS7
0.00124897180009921	-3.91643379953339	0	0.132	1	7	PDPN
0.00122170792213106	-4.21691764268169	0.072	0.215	1	7	HAPLN3
0.00137619344557517	-4.25715948987488	0	0.145	1	7	PROX1
6.16840990364416e-31	2.92703397940435	0.897	0.319	7.40764345328627e-27	8	PDGFD
2.76861227285745e-26	-1.57246829821672	0.956	0.999	3.32482647847451e-22	8	FKBP2
6.11929824227788e-26	-1.40522937631396	1	1	7.34866525915151e-22	8	CIRBP
1.91288338355676e-25	-1.27188024708133	0.971	0.999	2.29718165531332e-21	8	CIRP
1.69180614804569e-24	-1.68721363681132	0.75	0.988	2.03169000318807e-20	8	RPS23
1.73146636748512e-24	-1.42817961143044	0.956	0.998	2.07931796071288e-20	8	LOC138582460
4.32458571940167e-24	-1.61776529598483	0.809	0.995	5.19339499042946e-20	8	RPL32
5.60893961657726e-24	2.52031258193208	0.75	0.233	6.73577558554763e-20	8	LOC138473015
2.62861329322059e-23	1.63915460108475	0.985	0.846	3.1567017038286e-19	8	HSPG2
6.74929736971148e-23	-1.66362795690271	0.647	0.987	8.10523121128652e-19	8	RPS18
1.28123924785003e-22	2.07529113018191	0.853	0.347	1.5386402127431e-18	8	PTK2
1.79176118934478e-22	-1.70345957225428	0.647	0.977	2.15172601228415e-18	8	RPL24
4.5945922118277e-22	-1.45662333992096	0.735	0.987	5.51764578718388e-18	8	CFL2
8.8990085771182e-22	-1.49716655625569	0.809	0.995	1.06868194002612e-17	8	RPS15A
1.06420204128422e-21	-1.60960020941118	0.676	0.98	1.27800023137822e-17	8	RPS28
1.16347590100325e-21	1.83538934080815	0.971	0.669	1.3972182095148e-17	8	PTPRM
1.23386375957807e-21	2.34689977984608	0.794	0.306	1.4817469888773e-17	8	TMCC1
1.41240579879902e-21	-1.5221873775215	0.779	0.988	1.69615812377774e-17	8	RPL23
1.64085532132343e-21	-1.77116056441211	0.632	0.968	1.9705031553773e-17	8	RPL7
2.42214656210464e-21	-1.77069645147876	0.529	0.962	2.90875580643147e-17	8	UBA52
2.99844207099838e-21	-1.48782951964743	0.853	0.991	3.60082908306195e-17	8	RPS2
3.84884377597865e-21	-1.43525077313734	0.721	0.983	4.62207649057276e-17	8	FAU
4.19621567922513e-21	1.66852441579364	0.956	0.703	5.03923540918145e-17	8	SHANK3
1.47874090695706e-20	-1.63321404430497	0.618	0.965	1.77581995516473e-16	8	RPL27
1.56760883923745e-20	-1.43690621123303	0.735	0.987	1.88254145504025e-16	8	TPT1
2.91467662278915e-20	-1.71339263737748	0.603	0.939	3.5002351563075e-16	8	RPS13
3.61812995209849e-20	-1.64219211839678	0.603	0.961	4.34501225947507e-16	8	RPS20
9.32506463277957e-20	-1.36266455784602	0.765	0.991	1.1198470117505e-15	8	RPLP2
1.1241517707385e-19	-1.47719094683675	0.735	0.987	1.34999386147986e-15	8	RPS27
1.13083548358209e-19	-1.57550119014269	0.662	0.96	1.35802033223373e-15	8	RPL13A
1.20626431947507e-19	-1.47443192236538	0.765	0.988	1.44860282125761e-15	8	RPL35
1.51936805414613e-19	1.78628363671652	0.926	0.519	1.82460909622409e-15	8	KIAA1217
1.56537216748142e-19	-1.59233679820497	0.676	0.967	1.87985543592844e-15	8	RPL10
6.34299788390191e-19	2.09324199894522	0.721	0.278	7.6173061587778e-15	8	AGAP1
7.21124948789751e-19	1.55923407220834	0.926	0.573	8.65998951001613e-15	8	RAMP3
1.27808819198067e-18	-1.62052183172508	0.662	0.943	1.53485610974958e-14	8	DYNLL1
2.26011644350797e-18	-1.47739037186502	0.691	0.979	2.71417383700872e-14	8	RPS8
3.01803396199312e-18	2.30330412996502	0.632	0.181	3.62435698495754e-14	8	EMID1
3.73837184958842e-18	1.92927493520525	0.765	0.323	4.48941075417073e-14	8	APBB2
4.23123595673361e-18	-1.41610142834897	0.721	0.968	5.0812912604414e-14	8	RPL36
4.44902264793478e-18	1.80290618707785	0.897	0.618	5.34283129790488e-14	8	TJP1
5.49108821353326e-18	-1.67077651497038	0.529	0.933	6.59424783563209e-14	8	RPL15
5.78658049353858e-18	1.67975423744851	0.912	0.433	6.94910451469048e-14	8	COL4A2
5.94160843576314e-18	-1.43988076022654	0.706	0.98	7.13527757050795e-14	8	RPS9
7.00859422543564e-18	-1.49252177646518	0.574	0.957	8.41662080532566e-14	8	RPL31
9.08602426859818e-18	2.75655055138611	0.618	0.185	1.09114065441596e-13	8	SH3RF3
1.38939996041995e-17	-1.58877543502549	0.559	0.952	1.66853041246831e-13	8	RPL11
1.44479353584678e-17	2.1535541278347	0.706	0.262	1.7350525571984e-13	8	ARHGEF28
1.58425752655103e-17	-1.47677734763149	0.632	0.958	1.90253486363513e-13	8	RPL37
2.47161688970306e-17	1.58944740065195	0.926	0.471	2.9681647228444e-13	8	COL4A1
2.48181598569387e-17	-1.27360085167754	0.794	0.979	2.98041281721976e-13	8	RPL26L1
2.65998782134876e-17	-1.41587514147172	0.721	0.975	3.19437937465773e-13	8	RPL36A
2.99726333833459e-17	-1.46552422864456	0.676	0.97	3.59941354300601e-13	8	RPS12
3.08316779095663e-17	-1.69660695474477	0.397	0.895	3.70257620015982e-13	8	ATP5MC2
3.6779899892782e-17	-1.46078647399518	0.676	0.95	4.41689817812419e-13	8	RPS6
4.1589807079549e-17	-1.37376359814879	0.75	0.975	4.99451993218303e-13	8	RPL13
5.85853259711074e-17	-1.20684093690751	0.912	0.997	7.03551179587029e-13	8	S100A11
5.87334483904339e-17	1.8525991849329	0.721	0.272	7.0532998172072e-13	8	JARID2
6.58147361469013e-17	-1.43709676860512	0.662	0.95	7.90369166388137e-13	8	RPS10
6.92178563518228e-17	-1.37476777514762	0.75	0.978	8.3123723692904e-13	8	RPL21
7.22023982644474e-17	1.47121852812251	0.882	0.428	8.67078600757748e-13	8	PIEZO1
8.62839304790872e-17	-1.29264915467411	0.691	0.981	1.03618372112336e-12	8	RPS14
8.8445539524224e-17	1.90059692100282	0.721	0.292	1.06214248414641e-12	8	RASA3
1.15694655327141e-16	-1.40871510707095	0.676	0.973	1.38937711582364e-12	8	RPS26
1.25954449020779e-16	2.8846553771338	0.353	0.065	1.51258697829054e-12	8	LRCH4
1.28888617775743e-16	1.94044315531955	0.662	0.235	1.5478234108689e-12	8	HSD3B7
1.44415242775047e-16	-1.43275723663107	0.676	0.935	1.73428265048555e-12	8	RPS17
1.57003531661682e-16	-1.48787314724261	0.662	0.941	1.88545541172514e-12	8	MYL6P1
1.59431032670767e-16	-1.2690928801519	0.765	0.98	1.91460727134324e-12	8	RPLP1
1.73612606688591e-16	1.84559062581081	0.794	0.409	2.08491379372329e-12	8	SIK3
2.14965960529933e-16	-1.24438260585969	0.926	1	2.58152622000397e-12	8	TMSB4X
3.05781640544999e-16	1.94919562932851	0.662	0.197	3.6721317213049e-12	8	NAV1
3.32128740484559e-16	1.72025442216312	0.838	0.431	3.98853404447907e-12	8	ARHGEF9
3.33157883619656e-16	1.75841281450888	0.809	0.365	4.00089302438845e-12	8	LRCH1
4.28148528061003e-16	2.24749666528721	0.529	0.159	5.14163567348459e-12	8	GRAMD1A
4.8504089166469e-16	-1.28175436164348	0.676	0.961	5.82485606800126e-12	8	HNRNPA3
6.11895498723986e-16	2.1825093370423	0.603	0.188	7.34825304417635e-12	8	LHX6
7.09572811018623e-16	-1.32365563486549	0.706	0.968	8.52125988752264e-12	8	EEF1G
7.34523905281653e-16	-1.42277314805845	0.441	0.914	8.82089757852737e-12	8	RPL30
7.8447853934462e-16	-1.47444251034411	0.618	0.918	9.42080277898954e-12	8	RPL18
9.26347536744832e-16	1.86520761490558	0.838	0.504	1.11245075687687e-11	8	LOC138472433
1.25651905847595e-15	-1.59249288592485	0.515	0.901	1.50895373732376e-11	8	RPS3A
1.60837552246513e-15	1.74428010316291	0.853	0.556	1.93149816492837e-11	8	INSR
1.94984531614513e-15	-1.37343531314113	0.765	0.965	2.34156924015868e-11	8	S100A10
2.0907775434279e-15	-1.47021871646277	0.647	0.941	2.51081475190257e-11	8	RPL12
2.52767260572744e-15	2.43520784706912	0.382	0.072	3.03548203221808e-11	8	CDC27
2.86274710536766e-15	-1.35715165284098	0.603	0.944	3.43787299883602e-11	8	RPS29
3.15824618530005e-15	1.7976513353915	0.75	0.342	3.79273784392682e-11	8	ELMO1
3.32852930984038e-15	-1.22332353415067	0.618	0.953	3.99723084818731e-11	8	RPL39
3.74220527652754e-15	1.93342831347019	0.735	0.287	4.49401431658192e-11	8	MEF2A
3.87447085609528e-15	-0.924008903695475	1	1	4.65285205108482e-11	8	ACTB
3.87730729114672e-15	2.34774500581878	0.676	0.272	4.65625832593809e-11	8	ARHGAP27
4.07554223393424e-15	-1.53283551472955	0.485	0.899	4.89431866873162e-11	8	EEF1B2
4.5585431083065e-15	-1.36528765339769	0.588	0.935	5.47435441876528e-11	8	RPS21
4.79704887473463e-15	1.92118125315891	0.632	0.229	5.76077599366882e-11	8	CHD7
4.99834526995312e-15	-1.41673816116472	0.618	0.929	6.0025128346867e-11	8	RPS27A
5.00879987894062e-15	-1.39256363748042	0.588	0.939	6.01506777461979e-11	8	RPL35A
5.05701718533619e-15	-1.50804366052376	0.515	0.91	6.07297193787024e-11	8	RPS16
5.31697911731694e-15	-1.56874052421984	0.632	0.918	6.38516022198591e-11	8	HMGN1
5.43881703726703e-15	-1.25808161286274	0.676	0.97	6.53147538005398e-11	8	RPL19
5.66861891870781e-15	1.77086536190674	0.868	0.513	6.80744445947621e-11	8	ARL15
5.67168766870252e-15	-1.75939979133801	0.544	0.883	6.81112972134486e-11	8	CRIP1
6.43922185681467e-15	1.61782939213763	0.868	0.435	7.73286152784874e-11	8	PLCB1
7.28535663143009e-15	-1.19646348575181	0.706	0.976	8.74898477868439e-11	8	RPL14
8.11415356193205e-15	2.19871522868782	0.618	0.209	9.7442870125242e-11	8	SUSD1
9.73288578198707e-15	-1.05288969270291	0.853	0.988	1.16882225355883e-10	8	PTMA
1.23474714765441e-14	-1.32464655624552	0.574	0.948	1.48280784961818e-10	8	RPS15
1.9474505838158e-14	1.98161710702089	0.529	0.148	2.33869340610439e-10	8	STARD9
2.00175974195262e-14	-1.32909586527314	0.603	0.89	2.4039132741109e-10	8	EIF5A2
2.45359142179776e-14	-1.26681787944523	0.647	0.944	2.94651793843692e-10	8	RPLP0
2.55015330227472e-14	2.31880169936035	0.574	0.193	3.06247910070171e-10	8	PRKCE
2.57851984560421e-14	-1.38574125645731	0.618	0.943	3.09654448258609e-10	8	RPL34
2.74949767010292e-14	-1.28660483499233	0.691	0.961	3.30187175202659e-10	8	RPS7
2.79441579987978e-14	2.44210992102849	0.441	0.12	3.35581393407562e-10	8	DMD
3.33542189083351e-14	-1.25022267720931	0.691	0.966	4.00550814870196e-10	8	RPS19
4.31051005873863e-14	-1.33752586143994	0.632	0.953	5.17649152953922e-10	8	RPL28
4.53789317813074e-14	-1.10539184244	0.691	0.975	5.44955591761721e-10	8	YWHAQ
4.84388621973513e-14	1.72438054572521	0.588	0.226	5.81702296127992e-10	8	SNX9
6.12030518447813e-14	1.57595407281984	0.765	0.357	7.34987449603978e-10	8	RAPGEF6
6.25819301316819e-14	1.4217305484584	0.838	0.496	7.51546398951368e-10	8	DYNC1H1
6.529107908429e-14	1.43539415752859	0.75	0.36	7.84080568723238e-10	8	BDKRB2
6.64571916602615e-14	-1.24730177410949	0.691	0.953	7.98084414648081e-10	8	RPL17
7.38955119846289e-14	-2.03480389197778	0.25	0.716	8.87411203423409e-10	8	COX6C
8.0400910917525e-14	-1.29820868001601	0.618	0.935	9.65534539208558e-10	8	RPS11
9.10424119173517e-14	1.77473768505576	0.544	0.203	1.09332832471548e-09	8	PAFAH1B1
9.25410899378684e-14	2.8761937983856	0.353	0.062	1.11132594906386e-09	8	ADAP1
1.24013228781256e-13	1.81748995011669	0.412	0.117	1.4892748644341e-09	8	SACM1L
1.25063726827033e-13	-1.82132252454872	0.368	0.763	1.50189029546584e-09	8	SNRPF
1.34922739624497e-13	-1.28053876734911	0.456	0.89	1.62028718015059e-09	8	DBI
1.49346135865855e-13	-1.72127912794457	0.353	0.75	1.79349774561305e-09	8	RAN
1.51299338457828e-13	-1.53230355144859	0.441	0.866	1.81695375554006e-09	8	RPS5
1.61430532775429e-13	-1.61775836445536	0.412	0.819	1.93861926810013e-09	8	SNRPG
1.64094658245004e-13	-1.57805137353636	0.426	0.83	1.97061275086425e-09	8	RPL22L1
1.70415476662941e-13	2.08491363918607	0.574	0.219	2.04651945924525e-09	8	ST8SIA4
1.94359474118033e-13	1.99315683194226	0.5	0.158	2.33406292468346e-09	8	FHOD1
2.18609539469526e-13	-1.06173669154325	0.765	0.98	2.62528195948954e-09	8	HNRNPK
2.80907238549777e-13	4.35858656546621	0.147	0.009	3.37341502774428e-09	8	HS3ST5
2.95341554340322e-13	-1.38378765406785	0.412	0.791	3.54675672607292e-09	8	COX7A2
2.95436554594619e-13	-1.38901754914634	0.515	0.863	3.54789758412678e-09	8	SET
3.37469607665016e-13	1.84364985602349	0.75	0.378	4.05267251844917e-09	8	MAGI1
4.37464501272084e-13	1.67910646596076	0.706	0.299	5.25351119577646e-09	8	CAMK2G
4.64526980873776e-13	-1.60152896910918	0.382	0.82	5.57850451331318e-09	8	RPL10A
5.13382506668638e-13	-1.76313646016591	0.441	0.796	6.16521052258367e-09	8	RACK1
5.17475089185508e-13	1.65342303139179	0.735	0.387	6.21435834602876e-09	8	DIAPH2
5.53566551547613e-13	-1.24565776840966	0.5	0.9	6.64778071753528e-09	8	RPL37A
5.89148113438642e-13	2.00917773415674	0.471	0.13	7.07507969428465e-09	8	CRLF3
5.96049659836228e-13	1.44157175258398	0.838	0.485	7.15796036497326e-09	8	NRK
6.56663825539458e-13	-1.37735402329923	0.603	0.901	7.88587588090334e-09	8	RPL3
8.04010808705911e-13	2.8846553771338	0.235	0.031	9.65536580174929e-09	8	FAM78A
8.23761384418333e-13	-1.94304819031561	0.426	0.808	9.89255046547976e-09	8	HMGN2
8.28942098837813e-13	1.45887000274543	0.809	0.506	9.95476566494330e-09	8	GRB10
8.95514594681931e-13	-1.19591887173707	0.529	0.911	1.07542347675353e-08	8	SLC25A5
1.03959374376613e-12	-1.21586361694199	0.618	0.911	1.24844812688875e-08	8	RPS25
1.24001584206349e-12	1.84845473541823	0.588	0.211	1.48913502473405e-08	8	GNAO1
1.56969759999635e-12	1.79154597274232	0.647	0.274	1.88504984783562e-08	8	MICAL3
1.90559329796734e-12	2.08448699566946	0.485	0.137	2.28842699152898e-08	8	RIN1
1.92124688268644e-12	2.22930354852124	0.338	0.07	2.30722538141814e-08	8	ZYG11B
2.49766895488085e-12	-1.20755022214084	0.603	0.91	2.99945064791641e-08	8	RPS4X
2.53597645223811e-12	1.38425717167111	0.765	0.38	3.04545412149275e-08	8	NHSL2
2.63609318107866e-12	1.88233032418755	0.574	0.212	3.16568430115736e-08	8	DOCK4
2.94913014958141e-12	1.58851265948807	0.485	0.153	3.54161039663231e-08	8	GSK3B
3.00295956868002e-12	1.69734829746325	0.603	0.243	3.60625414602784e-08	8	INPPL1
3.08374344255397e-12	2.92118125315891	0.221	0.033	3.70326750016306e-08	8	BNC2
3.41528352091853e-12	-1.10639082487207	0.75	0.951	4.10141398027106e-08	8	LGALS4
4.01923564272661e-12	1.90339193971538	0.574	0.205	4.82670008335039e-08	8	CNOT2
4.09602603390642e-12	-0.885804928950132	0.838	0.987	4.91891766411822e-08	8	ZA20D3
4.8220479596345e-12	-1.09262454636612	0.559	0.885	5.79079739472508e-08	8	RAC1
5.89256722361472e-12	-1.17140165975024	0.647	0.939	7.07638397883891e-08	8	RPS24
6.08683865263416e-12	-1.86521405026305	0.279	0.695	7.30968453794837e-08	8	BTF3L4
6.25702125291918e-12	-1.4744505949112	0.353	0.775	7.51405682263064e-08	8	ANP32B
6.28393687005531e-12	-1.18476511381239	0.603	0.93	7.54637978724942e-08	8	TXN
7.36811724968455e-12	1.51152921937488	0.794	0.517	8.84837200514618e-08	8	TCF4
7.70180143239421e-12	1.63687823057147	0.691	0.331	9.2490933401622e-08	8	PCDH1
7.8915256589154e-12	1.81553101647898	0.735	0.329	9.47693316379151e-08	8	TACR1
9.34188870220125e-12	-1.00517843385739	0.779	0.963	1.12186741424735e-07	8	EEF1A1
9.97697413080832e-12	2.33038967363556	0.265	0.053	1.19813482336877e-07	8	ZNF687
1.01021428485606e-11	1.55768666554591	0.794	0.408	1.21316633468365e-07	8	DYSF
1.01038915400494e-11	2.50513522881915	0.412	0.116	1.21337633504453e-07	8	PHF24
1.17009362566264e-11	1.65244609743714	0.647	0.265	1.40516543505826e-07	8	DIP2C
1.19433042354269e-11	2.09660101103513	0.471	0.137	1.43427140563242e-07	8	SCAPER
1.19638927423528e-11	1.40209388365795	0.706	0.328	1.43674387942915e-07	8	ITPR2
1.29845344690495e-11	1.79129271283806	0.676	0.295	1.55931274438815e-07	8	LDB2
1.39141591084144e-11	1.61562223067856	0.676	0.289	1.67095136732949e-07	8	RASGRP3
1.68732609711606e-11	1.66161903923192	0.559	0.201	2.02630991002667e-07	8	NSD3
1.73841022489419e-11	2.00310591086782	0.603	0.246	2.08765683907543e-07	8	PCDH17
1.86482950969741e-11	0.932775562027722	1	0.999	2.23947375819562e-07	8	unassigned-gene-4
1.93947581664408e-11	-0.79444270883608	0.897	0.994	2.32911650820787e-07	8	ANXA1
2.00475796250739e-11	1.78569689704563	0.529	0.191	2.40751383717512e-07	8	SCRIB
2.19732399309328e-11	-2.03876254440023	0.279	0.682	2.63876638330573e-07	8	ATP5MC3
2.39985354550792e-11	2.25742714943563	0.397	0.106	2.88198412280046e-07	8	ARHGAP40
2.40677989309961e-11	1.821645579608	0.471	0.161	2.89030197362332e-07	8	NKTR
2.51913290858042e-11	-1.28106963577923	0.618	0.877	3.02522670991422e-07	8	H2AZ1
2.70791270911803e-11	-1.45380004367907	0.412	0.775	3.25193237237984e-07	8	RPL6
2.80079881927075e-11	-1.20834564765797	0.529	0.904	3.36347930206224e-07	8	RPL22
2.82668514607374e-11	1.69642955894854	0.5	0.178	3.39456619191996e-07	8	INPP5A
2.97772049425479e-11	-0.999422091889733	0.956	0.996	3.57594454155058e-07	8	Fth1
3.02509414525805e-11	1.96070961734555	0.412	0.127	3.63283555904039e-07	8	MTSS1
3.24732972196227e-11	1.86216073934671	0.397	0.124	3.89971826310449e-07	8	TNKS2
3.38806755460514e-11	1.25987836256654	0.824	0.43	4.06873032632531e-07	8	NPR1
3.55602066547743e-11	4.8846553771338	0.103	0.004	4.27042521717184e-07	8	CRISPLD2
3.71138051397785e-11	1.69325064828103	0.471	0.162	4.456996859236e-07	8	ARHGEF11
4.04848569511342e-11	2.01429065755039	0.397	0.107	4.8618264712617e-07	8	DMPK
4.12007968010017e-11	3.03665847057885	0.221	0.03	4.9478036878323e-07	8	ADAMTS6
4.23803292754708e-11	-1.84206687090126	0.265	0.679	5.08945374269129e-07	8	COX7B
4.43200139029668e-11	-1.30114619215839	0.559	0.822	5.32239046960728e-07	8	COX6B1
4.68592995818618e-11	1.67532199113325	0.588	0.262	5.62733328678579e-07	8	CDC42BPA
4.81087961464575e-11	1.76535644876145	0.632	0.294	5.77738532922808e-07	8	PXDN
4.83246473525273e-11	-1.38382814224693	0.5	0.832	5.803306900565e-07	8	RPL23A
4.98376366887946e-11	-0.965314670883346	0.765	0.938	5.98500178995734e-07	8	HNRNPAB
5.00938629751286e-11	-1.12819067549163	0.588	0.888	6.0157720046832e-07	8	RPL2
5.05439078898556e-11	2.03665847057885	0.382	0.094	6.06981789849276e-07	8	TRIM24
5.07431593254447e-11	-1.12321286619954	0.588	0.892	6.09374600339265e-07	8	GAPDH
5.28786686557417e-11	-1.24008631528585	0.471	0.833	6.35019931886802e-07	8	NCL
5.45619713496058e-11	1.9793252955129	0.412	0.122	6.55234713937416e-07	8	FBXL17
6.11648581838795e-11	-1.00107515686767	0.632	0.934	7.34528781930209e-07	8	ANXA2
6.98659105483679e-11	1.726016183238	0.574	0.282	8.3901971977535e-07	8	ZNF609
7.04225100086929e-11	1.89463946570642	0.382	0.108	8.45703922694392e-07	8	KLHL12
1.00990404634017e-10	-1.51023598930879	0.309	0.689	1.21279376924991e-06	8	ATP5MF
1.0163904838064e-10	1.63878152245819	0.632	0.282	1.22058333200311e-06	8	OSBPL9
1.08355655572844e-10	-1.22290374334814	0.574	0.886	1.30124306777429e-06	8	RPL27A
1.14048940780877e-10	1.52295465302751	0.662	0.341	1.36961372983755e-06	8	PKN1
1.23191138687625e-10	-1.34031098786648	0.412	0.706	1.47940238449969e-06	8	ATP5MK
1.25629385680831e-10	2.80219321694183	0.221	0.034	1.5086832926411e-06	8	ADCY6
1.30712131499504e-10	2.47372227618769	0.265	0.054	1.56972198717754e-06	8	ATP8A1
1.33564152477305e-10	-1.0077356487796	0.676	0.935	1.60397190709995e-06	8	EEF2
1.36067019123635e-10	2.03665847057885	0.324	0.091	1.63402883265573e-06	8	CACNB2
1.44649725939145e-10	2.02427474612302	0.353	0.102	1.73709855880319e-06	8	ATM
1.48754292450899e-10	-1.35733358389217	0.368	0.746	1.78639029804284e-06	8	LOC138504591
1.49745804285725e-10	1.84903146740308	0.515	0.184	1.79829736366727e-06	8	EBF1
1.55113442989741e-10	-1.00773564877961	0.676	0.937	1.8627573368638e-06	8	RPL38
1.63839908088471e-10	3.2382923317485	0.265	0.054	1.96755345623445e-06	8	GRIN2A
1.64493601325041e-10	1.95573847519528	0.353	0.085	1.97540365831241e-06	8	ARHGAP22
1.85065984610499e-10	2.06836733030619	0.309	0.074	2.22245740918748e-06	8	LOC138534787
1.94536707562916e-10	2.4252237584965	0.206	0.046	2.33619132112306e-06	8	DGAT1
2.03077636463933e-10	2.01559685505102	0.382	0.111	2.43875933629537e-06	8	RASA2
2.06717653555611e-10	1.52515813179871	0.515	0.207	2.48247230154933e-06	8	NDST2
2.07626393492642e-10	1.615925365636	0.632	0.311	2.49338535945314e-06	8	TCF3
2.10693736475275e-10	-1.51898846331775	0.309	0.696	2.53022108133158e-06	8	SNRPD1
2.31237689600157e-10	2.04873130287942	0.382	0.098	2.77693341440829e-06	8	GALNT10
2.49494553634015e-10	-1.24672458064675	0.515	0.822	2.99618009459088e-06	8	EIF4A1
2.55766825066736e-10	1.85110281742277	0.515	0.193	3.07150380222644e-06	8	LUZP1
2.63679036297376e-10	1.3085013340299	0.779	0.444	3.16652154689519e-06	8	RAPGEF2
2.7226554662558e-10	-1.03171962253402	0.618	0.875	3.26963694942659e-06	8	CD63
2.79243782232302e-10	1.68938752757702	0.603	0.28	3.35343858082772e-06	8	ADAM12
2.81027450819983e-10	1.6716616537996	0.441	0.138	3.37485865689718e-06	8	PPP1R12B
2.81882983481517e-10	2.00770709688272	0.426	0.126	3.38513274862953e-06	8	RNF123
2.85363688046767e-10	1.59482091195629	0.382	0.133	3.42693252975362e-06	8	SEC24C
2.92360812914267e-10	3.29969287641264	0.147	0.014	3.51096100228743e-06	8	GMEB2
2.97456442014478e-10	1.47275758538552	0.662	0.358	3.57215441215187e-06	8	APC
2.99902908670724e-10	3.20015720286173	0.191	0.021	3.60153403022673e-06	8	ADAMTSL5
3.16112165719723e-10	1.9256271581901	0.324	0.082	3.79619099812815e-06	8	COL24A1
3.32102547318095e-10	-1.21073421615207	0.485	0.851	3.988219490743e-06	8	RPL9
3.34868808396292e-10	1.53681258349564	0.618	0.261	4.02143952003107e-06	8	GNAL
3.55017397173113e-10	-1.66477176942806	0.279	0.669	4.26340392265192e-06	8	ATP5PF
3.96894596957563e-10	1.50464484980665	0.441	0.168	4.76630721486337e-06	8	PPP1R37
4.07777843836892e-10	1.63647893002712	0.544	0.247	4.89700412663724e-06	8	ARID2
4.10307710352889e-10	2.743876721351	0.235	0.043	4.92738529362784e-06	8	PLEKHG2
4.17811529059057e-10	-1.70688135388131	0.324	0.668	5.01749865247021e-06	8	HSBP1
4.37239469679533e-10	1.67711608389171	0.559	0.206	5.25080879138152e-06	8	EXT1
4.60394475829037e-10	-1.20418219770302	0.706	0.944	5.52887726023091e-06	8	HMGB2
4.83993253096038e-10	1.51560773367789	0.529	0.226	5.81227497643032e-06	8	USP7
5.17995500567589e-10	1.60825374756218	0.485	0.194	6.22060796631618e-06	8	RABGAP1L
5.93977278957666e-10	-1.28821089962064	0.426	0.772	7.13307314300261e-06	8	PRMT1
7.22636649826664e-10	1.91691922630475	0.324	0.092	8.6781435277684e-06	8	AVEN
7.23841345816861e-10	1.44788435590767	0.618	0.288	8.69261072191469e-06	8	UBR2
7.9512098740521e-10	1.87745987572959	0.382	0.112	9.54860793774917e-06	8	SIN3A
8.06043468514446e-10	-1.13050009657209	0.485	0.806	9.67977601338999e-06	8	SRSF3
8.30471403750371e-10	1.47401434928129	0.676	0.331	9.9731310876382e-06	8	IGF2BP2
8.45966172847875e-10	1.63308008667507	0.559	0.288	1.01592077697301e-05	8	SLC22A23
8.55408610569276e-10	1.44297875275658	0.706	0.438	1.02726020043264e-05	8	ARHGAP21
8.57491178550064e-10	1.84503839803722	0.456	0.155	1.02976115632077e-05	8	GTF2I
8.80093462613399e-10	1.57325794973861	0.779	0.522	1.05690423925243e-05	8	EGFL7
9.01211057120191e-10	1.37262439886649	0.618	0.317	1.08226435849564e-05	8	CDK17
9.21900241043935e-10	1.84264785061222	0.382	0.127	1.10710999946966e-05	8	MED14
9.44095345345994e-10	1.86673346913654	0.324	0.102	1.133764100226e-05	8	ELMO2
9.70530299032575e-10	2.04548232096585	0.412	0.127	1.16550983610822e-05	8	CBL
1.03173895764734e-09	1.47347291225294	0.662	0.358	1.23901531423869e-05	8	MAP4K4
1.07077210198205e-09	3.11065905202262	0.132	0.015	1.28589021727024e-05	8	TERF1
1.09992564888157e-09	1.53552756066116	0.618	0.262	1.32090071174188e-05	8	EHMT1
1.1565681010683e-09	1.5551255595131	0.544	0.224	1.38892263257292e-05	8	AKT3
1.2258243582267e-09	2.7299971323448	0.235	0.039	1.47209247179444e-05	8	ZNF516
1.23799237985834e-09	-1.52146784516999	0.25	0.646	1.48670504897188e-05	8	COX4I1
1.25975386911816e-09	-1.18169678491957	0.706	0.884	1.512838421424e-05	8	CAV1
1.37624898392275e-09	1.51218773021406	0.588	0.269	1.65273740479283e-05	8	MCC
1.43478584353878e-09	1.58466983512711	0.544	0.237	1.72303431950573e-05	8	CREBBP
1.43688531192414e-09	1.57907527633392	0.588	0.296	1.7255555710897e-05	8	FMNL3
1.50152054119309e-09	4.29969287641264	0.147	0.008	1.80317601791878e-05	8	ROBO1
1.52205271046628e-09	3.86673346913654	0.088	0.007	1.82783309999896e-05	8	SNX33
1.57256508086204e-09	1.46619553955281	0.529	0.234	1.88849340560722e-05	8	SBF1
1.612241393191e-09	1.32045143657944	0.647	0.343	1.93614068908308e-05	8	PPP1R12A
1.64616861835777e-09	2.03665847057885	0.294	0.071	1.97688389378585e-05	8	UBN2
1.64995028816782e-09	-1.44763133167436	0.368	0.703	1.98142530106074e-05	8	NPM1
1.65774732876734e-09	3.03665847057885	0.162	0.021	1.9907887671167e-05	8	LARGE1
1.7564043618016e-09	-1.10109855041148	0.765	0.958	2.10926599808754e-05	8	S100G
1.81130160472784e-09	1.55123164340861	0.515	0.207	2.17519209711766e-05	8	MAST4
1.87875719716666e-09	-1.26477909852073	0.338	0.712	2.25619951807744e-05	8	H3-3A
1.99420615261106e-09	-1.00087194487944	0.662	0.869	2.39484216867062e-05	8	RBMX
2.07550355129738e-09	1.67408839119414	0.5	0.169	2.49247221475302e-05	8	PTPN9
2.07836018404979e-09	1.70735084532589	0.441	0.158	2.49590274502539e-05	8	ANKRD28
2.13341900357664e-09	2.20883944596153	0.221	0.057	2.56202288139519e-05	8	DTNB
2.24031025925304e-09	-0.926130450324079	0.676	0.919	2.69038859033697e-05	8	HSPA8
2.29239718799353e-09	1.91519495809318	0.441	0.133	2.75293978306143e-05	8	BLTP3B
2.30563814695335e-09	1.74060900751709	0.456	0.166	2.76884085067628e-05	8	MYO1E
2.37988427065166e-09	1.31809040868511	0.794	0.459	2.85800302062558e-05	8	NOS3
2.4583780892206e-09	1.97252813315913	0.353	0.103	2.95226624734502e-05	8	HHIP
2.59865380066237e-09	1.7942976330098	0.426	0.157	3.12072334921544e-05	8	KLHL3
2.68327475255196e-09	-1.30368619887702	0.559	0.814	3.22234465033965e-05	8	TUBA1C
2.82190611656435e-09	2.55123164340861	0.191	0.036	3.38882705538213e-05	8	B4GALT7
2.9338669468703e-09	1.64554681054548	0.574	0.223	3.52328081649654e-05	8	TANC2
3.07552828361401e-09	2.45169596985769	0.191	0.037	3.69340191579206e-05	8	PIK3AP1
3.0775689060042e-09	2.54791128511699	0.265	0.073	3.69585249922044e-05	8	NOX4
3.19000190951037e-09	-0.97074812088951	0.588	0.874	3.830873293131e-05	8	CALM1
3.22972691806604e-09	1.52660077887158	0.559	0.253	3.8785790559055e-05	8	CLASP2
3.46061508940389e-09	-1.07866287249153	0.662	0.868	4.15585266086513e-05	8	RPS3
3.53522165580832e-09	1.88233032418755	0.368	0.117	4.24544768646021e-05	8	NPC1
3.53761561548123e-09	1.49803468452456	0.559	0.251	4.24832259263141e-05	8	PACS1
3.57583142038391e-09	1.69006832145722	0.529	0.236	4.29421595273904e-05	8	MINK1
3.58777787155759e-09	1.53415813004967	0.485	0.189	4.30856244595351e-05	8	FKBP15
3.66816317728583e-09	4.1886615640239	0.118	0.007	4.40509715960256e-05	8	CASZ1
3.66861254272895e-09	1.98007494221248	0.309	0.082	4.4056368025632e-05	8	EVL
3.72618066264215e-09	1.5952232812354	0.529	0.199	4.47477035776696e-05	8	LRCH3
3.74272915767545e-09	1.23915133447759	0.691	0.371	4.49464344545244e-05	8	PREX2
3.80378878356503e-09	-1.70125595298091	0.235	0.585	4.56796995018324e-05	8	ELOC
3.8234832872877e-09	2.30330412996502	0.368	0.112	4.5916210797038e-05	8	CSGALNACT2
3.84702824645027e-09	-1.16232256414755	0.529	0.828	4.61989622116213e-05	8	RPL18A
4.09552654677588e-09	-1.28690811970427	0.397	0.742	4.91831783002315e-05	8	COX6A1
4.09699734093422e-09	1.17453774509035	0.588	0.263	4.92008410672791e-05	8	RC3H1
4.18200592884619e-09	1.47060443240776	0.574	0.28	5.02217091995139e-05	8	MED13L
4.25349023207649e-09	1.9291300062744	0.426	0.149	5.10801641970066e-05	8	EDC4
4.31531533788946e-09	1.47816818121888	0.588	0.249	5.18226218927145e-05	8	UBR4
4.37270574082518e-09	-1.75515560058298	0.221	0.609	5.25118232415695e-05	8	LOC138488548
4.50775588460791e-09	1.86346575530262	0.456	0.169	5.41336404182564e-05	8	GPR68
4.51898903815011e-09	1.35572691132697	0.588	0.277	5.42685393591447e-05	8	TSC22D2
4.70003245869143e-09	1.80783978008297	0.382	0.124	5.64426897964254e-05	8	TARBP1
4.85524482758619e-09	2.13853808459806	0.294	0.07	5.83066351344826e-05	8	ETV6
4.85524482758619e-09	1.72790576443922	0.294	0.091	5.83066351344826e-05	8	TBC1D9B
4.8937719584306e-09	1.99401413317035	0.294	0.085	5.87693074487931e-05	8	RECQL5
4.91568031247821e-09	1.29415469287121	0.618	0.313	5.90324048725509e-05	8	MACF1
5.01018794615474e-09	1.19827665290062	0.559	0.244	6.01673470453722e-05	8	KMT2C
5.27049598107974e-09	1.4708047928054	0.647	0.319	6.32933862367866e-05	8	HOOK3
5.51004289910529e-09	1.72870331824409	0.559	0.272	6.61701051753554e-05	8	RBMS3
5.55771375123983e-09	1.78076024602668	0.544	0.254	6.67425844386391e-05	8	SMURF2
5.59556902790278e-09	-1.80506311054961	0.25	0.61	6.71971884560845e-05	8	RPL5
5.66575258405274e-09	1.12685627955043	0.838	0.555	6.80400227818893e-05	8	DOCK9
5.83024700528225e-09	1.37692820145572	0.485	0.211	7.00154362864346e-05	8	ATRNL1
5.90263498177104e-09	1.5196000343595	0.382	0.133	7.08847434960884e-05	8	SEC24A
5.90803874501638e-09	1.69962348330128	0.559	0.273	7.09496372889017e-05	8	SPRED1
5.96543335334088e-09	1.75245004164064	0.485	0.219	7.16388891402706e-05	8	ARHGAP20
5.97512498729783e-09	2.04959752628635	0.324	0.094	7.17552759724596e-05	8	SRPK3
6.15637123050425e-09	1.91466794620024	0.397	0.12	7.39318621071255e-05	8	ZNF423
6.42587906019647e-09	1.41774863793435	0.662	0.332	7.71683816338995e-05	8	ARAP3
6.45719827610134e-09	2.28375133254362	0.294	0.073	7.7544494097701e-05	8	BACH2
6.55174776355341e-09	1.29154970310403	0.809	0.516	7.86799388925129e-05	8	ESAM
6.61626528334663e-09	-0.829313470660753	0.75	0.943	7.94547297877097e-05	8	HSP90AB1
6.6522294812211e-09	1.44464121232374	0.412	0.168	7.98866238399842e-05	8	TLK2
6.65834929055205e-09	1.15173499502554	0.662	0.358	7.99601166302395e-05	8	NOTCH1
7.02018411500154e-09	2.02383443022126	0.338	0.099	8.43053910370535e-05	8	LIN9
7.17390006029383e-09	2.63226821549951	0.191	0.039	8.61513658240686e-05	8	FOXO3
8.19184573340632e-09	1.88015398489886	0.324	0.091	9.83758754124765e-05	8	ATL3
8.34608328576714e-09	1.73599899244514	0.485	0.159	0.000100228114178778	8	KDM2A
9.18238430270320e-09	-1.60194199374438	0.368	0.675	0.000110271253091163	8	TMEM176B
9.29841360898206e-09	2.39029542519355	0.25	0.062	0.000111664649030266	8	CDC14B
9.31760716243257e-09	1.78873095713526	0.485	0.203	0.000111895144413653	8	PSME4
9.45672820159356e-09	2.20015720286173	0.191	0.04	0.000113565848972937	8	MTMR2
9.55804584264699e-09	1.29702368963666	0.691	0.352	0.000114782572524348	8	ADGRL2
9.5972047829547e-09	1.8550516640889	0.426	0.154	0.000115252832238503	8	CSNK1G1
9.6127602023033e-09	-1.35565895219991	0.368	0.707	0.00011543963726946	8	PPDPF
9.64397964276125e-09	1.28884549417565	0.721	0.467	0.00011581455152992	8	AKAP13
9.93283700746048e-09	1.46154375581404	0.529	0.231	0.000119283439622593	8	SSH2
1.00458953783643e-08	1.40106989678772	0.632	0.325	0.000120641157598777	8	ERBIN
1.01818934050076e-08	1.74598130967593	0.471	0.203	0.000122274357900736	8	GRK4
1.04178444653202e-08	1.39494119156046	0.574	0.256	0.00012510789418403	8	ZSWIM8
1.17660440948834e-08	1.51728431148527	0.5	0.204	0.000141298423535455	8	SBF2
1.31248856197085e-08	1.67910646596076	0.397	0.133	0.00015761675140708	8	CUL2
1.31339251085263e-08	-1.7977196252453	0.176	0.559	0.000157725306628293	8	MIF
1.36967095566504e-08	1.43462245649875	0.5	0.204	0.000164483785065815	8	DLG1
1.38295776566516e-08	-1.07604166217051	0.515	0.802	0.000166079398078729	8	OAZ1
1.38892169578035e-08	1.3768607369351	0.618	0.302	0.000166795606446262	8	MICAL2
1.39175684554613e-08	1.89226856124367	0.25	0.073	0.000167136079581635	8	PNPLA7
1.47034590509754e-08	1.58919949360763	0.397	0.148	0.000176573839743163	8	RAP1GDS1
1.48321223775733e-08	-0.943394534103345	0.735	0.948	0.000178118957632277	8	NME2
1.52787616513497e-08	1.60225564643307	0.426	0.158	0.000183482648671058	8	UBE3C
1.55043283508858e-08	-1.34416331336208	0.5	0.758	0.000186191479165787	8	HNRNPL
1.6039596068475e-08	1.06647412501441	0.897	0.604	0.000192619509186316	8	PECAM1
1.60712797864225e-08	1.77362406474505	0.412	0.138	0.000192999998955148	8	VEZF1
1.62810902904762e-08	1.6912714028675	0.559	0.238	0.000195519613298328	8	PLA2G4A
1.70793395094866e-08	2.58919949360763	0.265	0.051	0.000205105788169425	8	PAK3
1.77278539111191e-08	1.85608622493703	0.368	0.108	0.000212893797618629	8	KREMEN1
1.79471086036032e-08	1.34677081521901	0.632	0.328	0.000215526827220671	8	VAV3
1.83607305035395e-08	1.52318701222866	0.662	0.369	0.000220494012617006	8	EXOC3L2
1.86914976832688e-08	-1.42604828009131	0.338	0.663	0.000224466195678375	8	RSL24D1
1.89956124525872e-08	1.8142660492424	0.338	0.096	0.00022811830994312	8	ARHGAP24
2.0132491607131e-08	-1.2379955472324	0.368	0.712	0.000241771091710036	8	SSR3
2.01708058978075e-08	-1.21385529101635	0.426	0.709	0.00024223120802677	8	ABRACL
2.07184818055269e-08	1.3121446174589	0.618	0.306	0.000248808248002572	8	FAM120C
2.08395047902996e-08	2.16876200658619	0.265	0.063	0.000250261613026708	8	SRF
2.09584352080597e-08	1.6529541781048	0.368	0.132	0.000251689848413589	8	DEPTOR
2.24708115740719e-08	2.00536234008931	0.471	0.189	0.000269851976193029	8	RARA
2.29637430318844e-08	1.65024164923977	0.412	0.153	0.0002757715900699	8	GAK
2.30581637518551e-08	1.38458177399916	0.529	0.216	0.000276905488496028	8	PEAK1
2.30807950432327e-08	1.37169664779247	0.471	0.192	0.000277177267674181	8	GOLGB1
2.31143500431087e-08	1.34505340981252	0.588	0.297	0.000277580229667693	8	KDM6B
2.34105228100078e-08	1.10138607360051	0.853	0.685	0.000281136968425383	8	LOC138504630
2.35618426730035e-08	1.58294050313594	0.456	0.197	0.000282954168660099	8	EXOC4
2.39754533364198e-08	1.5586111737742	0.485	0.186	0.000287921219117066	8	CCDC88A
2.45211218638139e-08	1.81823495144535	0.353	0.1	0.000294474152462541	8	ZNF618
2.46108500261477e-08	-1.03496640338779	0.647	0.884	0.000295551697964007	8	KRT8
2.53426178397861e-08	1.43000089875837	0.588	0.338	0.000304339497637991	8	CUL9
2.54253967247167e-08	2.71473037569149	0.118	0.02	0.000305333589267123	8	IGSF9B
2.56254533133859e-08	1.36397362774491	0.662	0.404	0.000307736068840451	8	SCHIP1
2.57698194203278e-08	2.14768978296759	0.309	0.084	0.000309469761418717	8	HIVEP3
2.58801420287337e-08	-1.04959151222184	0.515	0.835	0.000310794625623064	8	LOC138516040
2.64403827662265e-08	1.49413123617809	0.324	0.112	0.000317522556639614	8	COP1
2.65424216866182e-08	2.74715185338386	0.118	0.018	0.000318747942034598	8	BORA
2.67312606093208e-08	1.34276159830453	0.588	0.307	0.000321015708657333	8	WNK1
2.68345201068177e-08	1.69562155274378	0.471	0.178	0.000322255751962774	8	KDM5A
2.76929153628556e-08	2.32394042265932	0.235	0.051	0.000332564220592533	8	TBKBP1
2.78851180399699e-08	1.38858592600305	0.5	0.197	0.000334872382541998	8	MSI2
2.87089601728253e-08	1.68793031634777	0.368	0.134	0.000344765902715459	8	ZFR
2.88336792454606e-08	1.59608587919287	0.397	0.152	0.000346263654058736	8	DIP2A
2.88537828489884e-08	1.62726753444115	0.412	0.138	0.000346505078233501	8	NR3C2
2.91518340029255e-08	1.3100348206341	0.485	0.211	0.000350084374541133	8	TRAF2
2.96173808614459e-08	1.96626914268745	0.279	0.086	0.000355675126765104	8	WDR59
2.97194240803607e-08	-1.26066243826417	0.382	0.666	0.000356900563781052	8	GNGT1
3.03030578073643e-08	1.7512562517166	0.353	0.131	0.000363909421208638	8	PFKP
3.04892633311296e-08	1.67408839119414	0.397	0.146	0.000366145563343536	8	GRAMD4
3.0498212078507e-08	1.70673758493796	0.412	0.147	0.00036625302885079	8	PHLDB1
3.0561008129636e-08	1.99713010639221	0.309	0.091	0.000367007146628799	8	FBRS
3.06338263243464e-08	-2.32841411600903	0.088	0.418	0.000367881620329075	8	LOC138566687
3.18867306462443e-08	-1.20443854969547	0.382	0.689	0.000382927748330748	8	RPL4
3.24728235966716e-08	3.86673346913654	0.088	0.007	0.00038996613857243	8	AMDHD2
3.36584242584731e-08	2.22221412373492	0.221	0.06	0.000404204016920003	8	SHISA6
3.78060843143797e-08	1.3561733588134	0.544	0.263	0.000454013266531386	8	CDK13
3.81025788103715e-08	1.93979693132626	0.397	0.131	0.000457573868933752	8	DGKQ
3.82294200428456e-08	-2.37802676522837	0.206	0.518	0.000459097105294532	8	SGK1
3.9362044627878e-08	-1.05926594941969	0.456	0.785	0.000472698793936187	8	NAP1L1
4.05236236761128e-08	1.05509118867583	0.75	0.427	0.000486648196726438	8	XIRP2
4.13431424249776e-08	-1.36507437894377	0.426	0.698	0.000496489797381556	8	TUBA1A
4.17129393724869e-08	1.51011265608301	0.574	0.276	0.000500930688924195	8	ARHGEF7
4.20308233846177e-08	1.8142660492424	0.368	0.118	0.000504748158025874	8	FBRSL1
4.20549196834525e-08	1.58806841158898	0.618	0.311	0.000505037530478581	8	PLEC
4.30880181722009e-08	1.63265924275245	0.397	0.167	0.00051744401022996	8	RASSF8
4.37898567500718e-08	1.2866367235872	0.515	0.228	0.000525872389711612	8	KIF13B
4.48325040423823e-08	1.58735106921526	0.456	0.168	0.000538393541044969	8	TBC1D2
4.50456124324557e-08	-1.66214831581928	0.162	0.526	0.000540952759701361	8	CBX3
4.66529864892581e-08	1.61794531315661	0.485	0.196	0.000560255714749501	8	DVL1
4.66884687930697e-08	1.29217602629547	0.574	0.323	0.000560681821735974	8	VASP
5.05311427335673e-08	2.09180002477131	0.25	0.065	0.00060682849308741	8	ECD
5.18764631015981e-08	2.20015720286173	0.235	0.063	0.000622984445387091	8	LOC138448811
5.36364634209331e-08	-1.15645615823535	0.5	0.755	0.000644120289221985	8	PRDX1
5.38802612305391e-08	1.25874732641373	0.676	0.422	0.000647048057117544	8	ERG
5.45226222301382e-08	2.4252237584965	0.235	0.048	0.00065476217036173	8	SPECC1
5.46356509167645e-08	1.46781563522097	0.515	0.213	0.000656119531859425	8	NPEPPS
5.48205300060551e-08	5.84401339263645	0.059	0.001	0.000658339744842715	8	TBX5
5.84224585398966e-08	1.34317151307952	0.412	0.158	0.000701595304605618	8	BICRA
5.86476987679602e-08	-0.784715912566339	0.926	0.986	0.000704300214504434	8	VIM
6.06502433222088e-08	1.86216073934671	0.368	0.125	0.000728348772056405	8	SNX25
6.39141857101139e-08	1.50909828090261	0.5	0.209	0.000767545456192758	8	TNK2
6.43708189223028e-08	3.8142660492424	0.074	0.005	0.000773029164437934	8	LOC138529510
6.43708189223028e-08	3.29969287641264	0.074	0.008	0.000773029164437934	8	ABTB2
6.64135442458307e-08	2.39280228080412	0.221	0.044	0.000797560252848181	8	ALKBH8
7.02238157137098e-08	1.60369906330274	0.279	0.088	0.000843317802905941	8	PHF12
7.05391874908072e-08	1.49046554002227	0.471	0.198	0.000847105102577103	8	PLCL2
7.45300924468479e-08	1.71473037569149	0.353	0.125	0.000895031880194196	8	REV3L
7.46623398238593e-08	1.92118125315891	0.265	0.078	0.000896620038944726	8	DUSP11
7.57709074701575e-08	2.02170812911288	0.279	0.082	0.000909932827809121	8	LRRC20
7.87125652920617e-08	1.33469932624056	0.632	0.321	0.000945259196592369	8	NCOA2
7.92324913840004e-08	1.47594351610437	0.618	0.339	0.000951502989030461	8	KIF1B
8.09572187479229e-08	1.62948308907297	0.471	0.18	0.000972215239943806	8	ADAMTS20
8.12749819361611e-08	1.74949579385216	0.397	0.168	0.000976031258071358	8	WNK3
8.17234831499499e-08	1.71473037569149	0.206	0.06	0.000981417309147748	8	ANTXRL
8.53137222419262e-08	1.36864023013013	0.441	0.212	0.00102453249040329	8	HDAC5
8.72149063312027e-08	1.62915464398541	0.426	0.151	0.00104736381013141	8	CCSER1
8.89796675137416e-08	-1.16689730874474	0.368	0.661	0.00106855682717252	8	B2M
9.02713758822378e-08	1.79049788330945	0.382	0.16	0.00108406895296979	8	SH3PXD2A
9.45427687955737e-08	3.55123164340861	0.103	0.012	0.00113536411046604	8	SRPX2
9.61005080034936e-08	1.52288701771464	0.471	0.199	0.00115407100061396	8	ATF7
9.67665565241532e-08	1.54096330795478	0.5	0.218	0.00116206957729856	8	ATRN
9.75747179092134e-08	-1.0406086035656	0.574	0.824	0.00117177478737174	8	H3F3A
9.7711115587241e-08	1.35529148590463	0.485	0.212	0.00117341278708718	8	AMMECR1
9.80244879394411e-08	1.61285076167227	0.441	0.177	0.00117717607566475	8	HECW2
1.01184313902752e-07	1.8142660492424	0.324	0.102	0.00121512242565815	8	LPCAT1
1.01936242438662e-07	2.24658153995308	0.294	0.068	0.00122415233544589	8	PCGF3
1.02816764752355e-07	1.70167422286604	0.265	0.088	0.00123472652791103	8	CBFB
1.03698250423479e-07	1.57034046635631	0.441	0.168	0.00124531228933556	8	PSD
1.03987060213376e-07	1.36478790463453	0.515	0.251	0.00124878060610244	8	WIZ
1.06153665000604e-07	2.39620085726599	0.176	0.042	0.00127479936299225	8	OSBP2
1.13345131104291e-07	-1.07762238302687	0.529	0.807	0.00136116167943143	8	SRI
1.1589553274938e-07	1.41556218380398	0.515	0.221	0.0013917894527873	8	RPTOR
1.17542584267689e-07	1.59465392369974	0.544	0.228	0.00141156889447067	8	GIGYF2
1.19701775514775e-07	2.27766657008264	0.176	0.035	0.00143749862215694	8	LOC138568991
1.20469102073058e-07	1.57386783985164	0.441	0.171	0.00144671344679535	8	NHSL1
1.21913016861779e-07	-1.16645801059741	0.353	0.683	0.00146405341949311	8	PCBP2
1.23338169428274e-07	-1.20207568878212	0.309	0.609	0.00148116807666414	8	FTH1
1.244386718252e-07	2.15401542121701	0.206	0.05	0.00149438400994883	8	SLC30A9
1.25804987303067e-07	1.73131325988709	0.382	0.144	0.00151079209252253	8	ARFGEF2
1.29418759083305e-07	2.35216029630678	0.191	0.038	0.00155418987783141	8	PLEKHA2
1.30244985594429e-07	1.53576023464617	0.515	0.23	0.0015641120320035	8	RASA1
1.32622230814937e-07	1.3178402231229	0.662	0.4	0.00159266036985658	8	LPP
1.32784787634335e-07	2.15695270429656	0.279	0.075	0.00159461251470073	8	FSD1L
1.33626095106187e-07	2.09180002477131	0.25	0.068	0.0016047157761302	8	PIAS4
1.35163208021847e-07	1.07872253014539	0.676	0.405	0.00162317496513437	8	DGKZ
1.35731021770789e-07	2.13619414412976	0.191	0.045	0.0016299938404454	8	ABCA9
1.36655063832541e-07	-1.37273246555885	0.265	0.615	0.00164109066156499	8	LOC138567164
1.37894322772149e-07	1.81875344023471	0.294	0.094	0.00165597292217074	8	NCKAP5L
1.38144811900661e-07	2.43179641241999	0.265	0.063	0.00165898104611503	8	DYRK1B
1.41675661473965e-07	1.8142660492424	0.309	0.108	0.00170138301864085	8	HMCN1
1.49105823186382e-07	1.80144200888482	0.294	0.098	0.00179061183064526	8	RFX1
1.50346980327481e-07	-1.49472298993746	0.221	0.559	0.00180551688675272	8	UBL5
1.53872062799342e-07	3.12976787497033	0.162	0.022	0.0018478496021573	8	LOC138526580
1.53992578459491e-07	1.37059754456345	0.544	0.237	0.00184929687472003	8	MYO18A
1.57475247962367e-07	1.36880296150935	0.426	0.165	0.00189112025278006	8	REPS1
1.58415597324641e-07	1.71473037569149	0.265	0.079	0.00190241290827161	8	CNOT6L
1.61555816815788e-07	-0.810289584573388	0.676	0.864	0.00194012380414079	8	NACA
1.62642020364866e-07	-1.16643339479866	0.456	0.72	0.00195316802256168	8	SLC25A3
1.65132208854429e-07	-0.921277469854608	0.559	0.807	0.00198307269613283	8	TUBB4A
1.66057750960778e-07	1.55123164340861	0.456	0.177	0.00199418753128798	8	KMT2A
1.73675552994007e-07	2.12105065786922	0.265	0.072	0.00208566971590504	8	DYNC2H1
1.76441088866098e-07	1.68518610007747	0.353	0.116	0.00211888103619297	8	SCARF2
1.76758140904839e-07	1.91771739785534	0.382	0.119	0.00212268851412621	8	TOX4
1.76997841241507e-07	1.23379093951356	0.544	0.247	0.00212556707546926	8	PDE8A
1.79292216654576e-07	2.48646138801837	0.162	0.032	0.00215312022980481	8	DLG4
1.79625951077522e-07	1.27632888334713	0.529	0.244	0.00215712804648996	8	ZNF407
1.82025237784832e-07	1.96626914268745	0.25	0.067	0.00218594108055805	8	KLF12
1.85781840192585e-07	1.82906305117048	0.265	0.081	0.00223105411887275	8	SCMH1
1.87149040323424e-07	1.64619899402067	0.368	0.153	0.002247472825244	8	SPSB4
1.87235702422226e-07	0.883106438870736	0.824	0.562	0.00224851355038851	8	ASAP1
1.91207440966803e-07	-1.17508670655809	0.324	0.661	0.00229621015857034	8	ATP5IF1
1.95388325636774e-07	1.41998711013035	0.544	0.276	0.00234641840257202	8	MYCBP2
1.96981662560768e-07	1.67625622787685	0.412	0.151	0.00236555278569226	8	ABL1
1.9729376649188e-07	1.2226704561888	0.559	0.295	0.00236930084180098	8	PALD1
1.974219565613e-07	1.42284110718551	0.426	0.159	0.00237084027634466	8	SH3PXD2B
2.03716732514906e-07	1.53186631854168	0.426	0.164	0.00244643424077151	8	HOMER3
2.04033451114803e-07	1.83734966235544	0.309	0.104	0.00245023771443767	8	TTLL4
2.04730893335502e-07	1.63293628452784	0.324	0.108	0.00245861329806605	8	GGA3
2.05915372670796e-07	1.29249737500844	0.5	0.214	0.00247283771040359	8	TNKS
2.16058616847185e-07	1.63810909408857	0.456	0.188	0.00259464792971784	8	HIAT1
2.20307672145863e-07	-2.00375579786706	0.147	0.46	0.00264567483479966	8	GLRX
2.21047225711116e-07	1.53639313443297	0.426	0.175	0.00265455613356479	8	ADCY9
2.23502845966643e-07	1.2106878703539	0.544	0.267	0.00268404567721342	8	TEAD1
2.25194735712722e-07	1.49476469174958	0.485	0.231	0.00270436358117408	8	FAF1
2.27393885960559e-07	-1.19946964677957	0.412	0.694	0.00273077317650036	8	LOC138510586
2.32027505170529e-07	1.55500668709999	0.426	0.184	0.00278641830959288	8	SIRT1
2.34013733552182e-07	2.17683612862711	0.309	0.079	0.00281027092622815	8	ALPK1
2.34536980601237e-07	1.93429675294917	0.235	0.062	0.00281655460004025	8	ATN1
2.35686096960429e-07	1.17867747545128	0.544	0.275	0.00283035433839779	8	RAI1
2.35896428207088e-07	-0.975054949984942	0.368	0.711	0.00283288020633892	8	NDUFA4
2.38276696689816e-07	1.16929623915697	0.662	0.37	0.002861464850548	8	NFX1
2.45729141627666e-07	1.5719902035754	0.485	0.22	0.00295096126180664	8	ERC1
2.47901921929947e-07	-1.43055889302504	0.279	0.563	0.00297705418045674	8	FKBP1A
2.50921385297922e-07	1.52660077887158	0.471	0.203	0.00301331491604274	8	SEMA7A
2.52276547097473e-07	1.5586111737742	0.382	0.158	0.00302958905409355	8	PLEKHG1
2.62873391647299e-07	2.16629375099544	0.294	0.096	0.00315684656029241	8	PLOD2
2.67327069662759e-07	1.20015720286173	0.544	0.268	0.00321033077958007	8	AP1G1
2.70804162596588e-07	-1.64360336562461	0.235	0.541	0.00325208718862242	8	GSTM1
2.8124915079546e-07	2.05803212137142	0.206	0.051	0.00337752105190268	8	RPS6KA6
3.11286765427897e-07	1.54727362983992	0.471	0.168	0.00373824276602361	8	NFATC3
3.15688956047851e-07	1.96211151721379	0.324	0.114	0.00379110867317865	8	ATP9A
3.19766977216548e-07	1.16724258038899	0.588	0.292	0.00384008162939352	8	BICD2
3.23412945307224e-07	1.4668028622479	0.5	0.222	0.00388386606019445	8	CCNY
3.31482814539934e-07	1.3531321353741	0.426	0.166	0.00398077711981006	8	DDHD1
3.37042080121667e-07	0.553786936798597	0.956	0.854	0.0040475383401811	8	unassigned-gene-2
3.40537113051897e-07	3.89915494682891	0.088	0.009	0.00408951019064023	8	SULF1
3.43856378474579e-07	1.97776478152528	0.206	0.056	0.00412937124910122	8	TTC7A
3.45087168913353e-07	-1.30105262154944	0.265	0.576	0.00414415181148046	8	SNRPD3
3.46623041207238e-07	0.991186320675534	0.882	0.806	0.00416259610185773	8	VWF
3.5040862067998e-07	3.8846553771338	0.088	0.008	0.00420805712574587	8	RASSF4
3.58433071803742e-07	1.3607014376371	0.559	0.286	0.00430442275929113	8	ZZEF1
3.60529178967423e-07	2.75655055138611	0.088	0.013	0.00432959491021978	8	FAM149B1
3.61225017141359e-07	1.52569655130147	0.456	0.171	0.00433795123085057	8	RNF38
3.6507460179623e-07	-1.43907496038755	0.353	0.618	0.00438418089297093	8	H2AC1
3.6665454654193e-07	1.6216209713	0.397	0.147	0.00440315444942204	8	HYCC2
3.67382794252746e-07	1.29143877519999	0.574	0.291	0.00441189997618122	8	PARG
3.85484325291879e-07	1.30464209238438	0.618	0.337	0.00462928126243018	8	PPP3CA
3.87710838693003e-07	-1.01078252433847	0.338	0.668	0.00465601946186427	8	ILF3
3.90044218182653e-07	1.55003388905098	0.441	0.192	0.00468404101615548	8	LRSAM1
3.9234798226023e-07	1.70601315859038	0.382	0.137	0.0047117069189631	8	TTC7B
3.94700134922971e-07	1.38458177399915	0.397	0.181	0.00473995392028995	8	CLCN3
3.95918750505671e-07	0.880828299022323	0.868	0.63	0.0047545882748226	8	FLI1
3.96705742020138e-07	1.66742466091313	0.412	0.171	0.00476403925591984	8	TRPM7
3.97791540148265e-07	2.45169596985769	0.206	0.047	0.00477707860564051	8	GAN
4.01061767699538e-07	1.66742466091313	0.338	0.13	0.00481635076830375	8	VANGL2
4.03597796019533e-07	1.96265788913507	0.221	0.065	0.00484680593239857	8	DUSP16
4.12515786688561e-07	1.3173948781461	0.485	0.211	0.00495390208234293	8	ZFPM1
4.1299385107023e-07	1.77168626050356	0.324	0.121	0.00495964315750239	8	KDM4C
4.17513752461928e-07	-1.09803804255248	0.382	0.667	0.0050139226533153	8	SRSF9
4.23611769538296e-07	2.84401339263645	0.162	0.027	0.0050871537403854	8	CNDP1
4.25012415482179e-07	1.66226295579735	0.324	0.116	0.00510397409752549	8	RTKN
4.25147525217136e-07	2.21723071622067	0.221	0.05	0.00510559663033258	8	TMEM241
4.2586934259344e-07	1.19871522868782	0.632	0.386	0.00511426493520462	8	PLXND1
4.29724284663003e-07	1.4583906224317	0.397	0.173	0.005160558934518	8	TUT7
4.45246357099841e-07	1.74120258705268	0.426	0.172	0.00534696350241199	8	LRBA
4.54186714403657e-07	2.01675891314114	0.221	0.062	0.00545432825327352	8	BAHD1
4.63554231039409e-07	1.75912449504994	0.368	0.126	0.00556682276055227	8	DENND1A
4.6623875024588e-07	1.86673346913654	0.279	0.089	0.00559906115170278	8	XPR1
4.75854028582872e-07	2.03665847057885	0.279	0.069	0.00571453102925171	8	JMY
4.80262715924127e-07	-1.12718176840249	0.397	0.651	0.00576747495553284	8	YBX3
4.82760005217533e-07	2.96626914268745	0.132	0.017	0.00579746490265735	8	MIER2
5.04587557049091e-07	1.49122433404433	0.412	0.177	0.00605959197260253	8	ZMYND11
5.11839726061201e-07	1.55459587744198	0.456	0.201	0.00614668327026896	8	FER
5.13839957068327e-07	1.43462245649875	0.441	0.206	0.00617070404443354	8	RERE
5.16041348398758e-07	1.87911719359237	0.368	0.143	0.00619714055292068	8	LOC138569657
5.21413137383523e-07	0.918541371286208	0.779	0.533	0.00626165036683873	8	CRIM1
5.21828192062749e-07	2.36423312860735	0.191	0.042	0.00626663475848155	8	CYP7B1
5.33851097175633e-07	2.38896021450973	0.191	0.041	0.00641101782598218	8	EIF2AK1
5.42615644411941e-07	1.49646583997771	0.544	0.257	0.006516271273743	8	ATP8B2
5.4386721424122e-07	2.23915133447759	0.235	0.06	0.00653130137582281	8	TINF2
5.53862565361689e-07	1.22416024524528	0.485	0.224	0.00665133554742852	8	TNPO1
5.72211128968078e-07	1.26200058634069	0.485	0.236	0.00687168344777765	8	HDAC7
5.72712002113429e-07	2.09180002477131	0.191	0.058	0.00687769843338016	8	MARCHF1
5.86593762638651e-07	1.52208529774909	0.368	0.135	0.00704440449552755	8	SYNJ1
5.8762083179567e-07	2.8846553771338	0.118	0.017	0.0070567385690342	8	NEDD1
5.90528841001302e-07	2.86673346913654	0.103	0.015	0.00709166085158463	8	SMARCAL1
6.01687561719057e-07	1.97776478152528	0.235	0.066	0.00722566592868415	8	ACSS2
6.22460119340174e-07	1.99918376516019	0.265	0.069	0.00747512357315615	8	AREL1
6.26775844509447e-07	1.82460799346386	0.338	0.117	0.00752695111671394	8	USP43
6.32813491436441e-07	1.8350246094092	0.206	0.058	0.00759945721866022	8	GOLGA1
6.42309665227133e-07	-1.40628502526988	0.176	0.496	0.00771349676971264	8	SEC61G
6.48033033603826e-07	-1.27141282363312	0.368	0.645	0.00778222870054834	8	CTNNB1
6.73328085011271e-07	1.2396454927427	0.574	0.304	0.00808599697290035	8	KLF7
7.03593225053232e-07	-1.23246820857057	0.324	0.648	0.00844945103966426	8	HNRNPA0
7.21307474528082e-07	1.71473037569149	0.265	0.082	0.00866218146160774	8	ERN1
7.46341146366677e-07	1.43462245649875	0.456	0.199	0.00896281082671743	8	HERC1
7.46856444078086e-07	1.33275489713418	0.544	0.3	0.00896899903693373	8	SIPA1L1
7.53743413292926e-07	1.3178402231229	0.456	0.189	0.00905170465023475	8	ELF2
7.58292905995619e-07	1.61815711599643	0.338	0.112	0.00910633950810139	8	SYTL3
7.70638115574439e-07	-0.914482899458711	0.588	0.791	0.00925459312993344	8	CDC42
7.7855773991637e-07	1.96137034327461	0.294	0.098	0.00934969989865569	8	SMG7
7.84534723409593e-07	1.6216209713	0.353	0.134	0.0094214774934258	8	TNFSF12
7.93710191659287e-07	1.87107240486087	0.382	0.134	0.00953166569163637	8	AATK
7.97084621145103e-07	1.48917067527635	0.426	0.179	0.00957218921533154	8	NEDD4
8.03427934006008e-07	1.40062178526342	0.456	0.198	0.00964836605947815	8	WAPL
8.11202726020924e-07	1.60923724684417	0.382	0.126	0.00974173353678528	8	RBM27
8.54168072203499e-07	1.49823855579472	0.412	0.179	0.0102577043790918	8	AGO3
8.69306252815618e-07	1.52886383038015	0.382	0.152	0.0104394987900628	8	ZFYVE28
8.69669297948952e-07	-1.10734605207288	0.309	0.667	0.010443858599069	8	UQCRH
8.7533514932651e-07	-0.897865233696409	0.632	0.895	0.0105118998082621	8	PFN1
8.91706191129597e-07	-1.54026671107689	0.176	0.47	0.0107084996492753	8	CNIH1
8.95545702852901e-07	1.52764482309099	0.426	0.178	0.0107546083455605	8	ITSN1
9.23560763944453e-07	1.30218242843834	0.412	0.161	0.0110910412142089	8	SAMD4B
9.32878225407815e-07	1.80783978008297	0.206	0.065	0.0112029346089225	8	STK17B
9.62781874094764e-07	1.65199462034352	0.309	0.119	0.011562047526004	8	TRAK1
9.89745341330534e-07	1.36827996167005	0.5	0.213	0.0118858518040384	8	UBAP2L
1.0249979823136e-06	1.55123164340861	0.338	0.115	0.012309200769604	8	TRIM33
1.03686739985232e-06	2.64072979424771	0.191	0.04	0.0124517406048265	8	CLPB
1.07065886729981e-06	1.54311899762129	0.265	0.091	0.0128575423374034	8	TOLLIP
1.07753650129223e-06	1.76363997617243	0.338	0.117	0.0129401358440184	8	MAML3
1.07755044084267e-06	1.75981826522002	0.309	0.105	0.0129403032440796	8	FCHO2
1.10226357535535e-06	2.66742466091313	0.162	0.027	0.0132370832764424	8	PLEKHM3
1.10226357535535e-06	2.57722685194155	0.162	0.027	0.0132370832764424	8	CREB1
1.10600672911495e-06	2.06265367911179	0.176	0.047	0.0132820348099415	8	SLC49A4
1.11578254284967e-06	1.18388442376203	0.632	0.342	0.0133994325570817	8	DBNL
1.12367209108561e-06	1.3410519061737	0.5	0.228	0.013494178141847	8	CASKIN2
1.13043855999014e-06	1.6216209713	0.471	0.211	0.0135754366669215	8	USP4
1.13402215755212e-06	1.78031871731906	0.309	0.105	0.0136184720900434	8	DBNDD2
1.1438376268407e-06	1.44521193628749	0.426	0.181	0.0137363460607299	8	ARFGEF1
1.15496289251123e-06	1.21686644528302	0.426	0.189	0.0138699493761674	8	GRK5
1.158206210719e-06	1.58919949360763	0.294	0.099	0.0139088983845244	8	RB1CC1
1.17390230640012e-06	2.06265367911179	0.191	0.047	0.014097392797559	8	PDE5A
1.17883954147695e-06	3.16218935266271	0.074	0.008	0.0141566840535967	8	BEND7
1.2117387285982e-06	2.60781517177497	0.176	0.029	0.0145517703917357	8	FAM19A1
1.22048014375392e-06	1.32437713979324	0.544	0.283	0.0146567460463409	8	SPAG9
1.24293290989319e-06	2.26087362752211	0.25	0.081	0.0149263813149074	8	PCBP3
1.24780437558348e-06	1.79787161099173	0.309	0.1	0.014984882746382	8	MYRIP
1.28958518407656e-06	1.38976822071449	0.515	0.264	0.0154866284755755	8	IGF1R
1.29625041519979e-06	1.25175839934894	0.426	0.206	0.0155666712361343	8	TAOK1
1.30386619368919e-06	-1.10435383894823	0.456	0.741	0.0156581291200135	8	CAPG
1.33179055012761e-06	1.52095863229481	0.397	0.154	0.0159934727164825	8	ARB2A
1.34546411391605e-06	2.17867747545128	0.265	0.075	0.0161576785440178	8	ATP11C
1.35818996613765e-06	-1.84353725836425	0.132	0.407	0.016310503303347	8	LSM5
1.37361817841005e-06	2.77362406474505	0.132	0.02	0.0164957807045263	8	RASGRP1
1.37361817841005e-06	1.86673346913654	0.132	0.039	0.0164957807045263	8	PPFIBP2
1.38027480270135e-06	1.57386783985164	0.412	0.169	0.0165757201056405	8	TRIO
1.38381593005823e-06	-0.822124690285759	0.574	0.756	0.0166182455040692	8	HNRNPH3
1.38735003929512e-06	1.71473037569149	0.279	0.093	0.0166606866218951	8	KIF2A
1.39825954894276e-06	2.33140173613998	0.235	0.062	0.0167916989232537	8	GAS2L1
1.41523170313432e-06	-0.965754736073962	0.559	0.751	0.01699551752294	8	YWHAE
1.43214238884112e-06	1.63330277634764	0.382	0.14	0.017198597947593	8	TEP1
1.45341883378948e-06	1.86673346913654	0.265	0.078	0.0174541067749779	8	MAP2K5
1.45854813390924e-06	1.45169596985769	0.324	0.121	0.017515704540116	8	FN3K
1.46737510317088e-06	1.31546019227096	0.574	0.329	0.0176217076139791	8	UTRN
1.49934613935808e-06	1.22930354852124	0.603	0.384	0.0180056477875511	8	USP9X
1.52109039723522e-06	1.48976401069121	0.368	0.149	0.0182667745803978	8	SLC39A11
1.54271881652027e-06	-1.07661013727115	0.397	0.682	0.018526510267592	8	CAVIN2
1.57973972188671e-06	-1.36797221363876	0.279	0.619	0.0189710943201375	8	VDAC2
1.58319266069388e-06	1.17955051332414	0.574	0.306	0.0190125606622728	8	GNAQ
1.58867073314277e-06	1.60923724684417	0.324	0.13	0.0190783468343115	8	MIDEAS
1.6214068266592e-06	2.26614031670162	0.206	0.048	0.0194714745813503	8	TRPS1
1.64714705941423e-06	1.08624049942941	0.647	0.371	0.0197805890365055	8	PLCG1
1.67573447465941e-06	1.32116440671547	0.456	0.23	0.0201238953061849	8	FBXW7
1.68158732700752e-06	-0.750254653864749	0.603	0.792	0.0201941822100333	8	RHOA
1.68654630723069e-06	1.47031164802504	0.382	0.17	0.0202537346035333	8	TRIM71
1.68802906862549e-06	1.63810909408857	0.426	0.187	0.0202715410851235	8	IGF2R
1.69282869200511e-06	1.80144200888482	0.294	0.096	0.0203291797622894	8	TBC1D16
1.7499623224665e-06	-1.20339261725411	0.353	0.596	0.0210152975305002	8	ITM2A
1.75079234279996e-06	1.45169596985769	0.485	0.235	0.0210252652446847	8	STRN3
1.75576326174837e-06	1.4583906224317	0.397	0.18	0.0210849610103362	8	FOXN3
1.81090569172926e-06	1.94919562932851	0.206	0.058	0.0217471664519766	8	DVL2
1.88163515891604e-06	1.40245245083784	0.324	0.118	0.0225965566234227	8	CRAMP1
1.8945170341621e-06	1.6510047780811	0.338	0.132	0.0227512550632527	8	NSD1
1.89647015666093e-06	2.16218935266271	0.206	0.047	0.0227747101113411	8	SLC38A6
1.89647015666093e-06	1.6216209713	0.206	0.069	0.0227747101113411	8	TBC1D25
1.89903321404088e-06	1.66253416456606	0.397	0.166	0.022805489867417	8	SMG1
1.92468909915256e-06	1.97776478152528	0.147	0.041	0.023113591391723	8	FNIP2
1.959982474427e-06	-0.979095600735704	0.368	0.649	0.0235374295353938	8	NCOA5
2.02773280624094e-06	2.87911719359237	0.147	0.023	0.0243510432701475	8	PPP1R9A
2.08545520365676e-06	1.4626670876787	0.309	0.109	0.025044231540714	8	BTBD8
2.093721904562e-06	1.5196000343595	0.353	0.132	0.025143506351885	8	ZNF644
2.14374185217794e-06	2.01873656258159	0.235	0.066	0.0257441959028048	8	IPO13
2.15569430555556e-06	2.1886615640239	0.191	0.045	0.0258877329154167	8	PHLDB2
2.15569430555556e-06	1.63976831801026	0.191	0.067	0.0258877329154167	8	ARL8A
2.17502161362039e-06	1.47594351610437	0.279	0.1	0.0261198345579673	8	CCDC93
2.17900658207869e-06	2.6216209713	0.162	0.03	0.026167690044183	8	IGFBP4
2.2275616863237e-06	1.75372450730735	0.353	0.123	0.0267507882910613	8	GPHN
2.27722845014003e-06	2.20208207978622	0.294	0.082	0.0273472364577316	8	KCNMA1
2.28672759603167e-06	1.44484229881663	0.382	0.169	0.0274613117007443	8	ARMC8
2.28991867980867e-06	0.93429675294917	0.706	0.426	0.0274996334258223	8	TSPAN14
2.29292235520049e-06	1.89915494682891	0.191	0.052	0.0275357045636027	8	GPR176
2.32272714465153e-06	2.22930354852124	0.221	0.054	0.0278936302801202	8	MAP2K7
2.35049909013064e-06	1.30947389720523	0.441	0.196	0.0282271435733788	8	ATP11B
2.36610224501559e-06	-1.16791267367036	0.221	0.557	0.0284145218603923	8	UQCR10
2.3890551368015e-06	2.96626914268745	0.103	0.018	0.0286901631378492	8	LOC138516907
2.39334846331584e-06	2.37954618410186	0.162	0.034	0.0287417216959599	8	ARHGEF6
2.42505692275864e-06	3.2590508919153	0.088	0.01	0.0291225085854086	8	SMO
2.42505692275864e-06	2.38458177399916	0.088	0.019	0.0291225085854086	8	TADA3
2.42918150061532e-06	0.947653464520103	0.588	0.321	0.0291720406408894	8	AFDN
2.43780924863369e-06	1.3319567255836	0.5	0.254	0.029275651266842	8	NCOR2
2.43950918702674e-06	2.26406896668192	0.162	0.036	0.0292960658270041	8	C5PH5orf22
2.49667535145311e-06	1.34735931004296	0.471	0.203	0.0299825742956004	8	SETD5
2.51054257874109e-06	1.18686828220085	0.574	0.331	0.0301491058281018	8	PLEKHG5
2.51225539143019e-06	1.63878152245819	0.382	0.16	0.0301696749956852	8	SOS1
2.53755317998533e-06	1.8544551393581	0.162	0.045	0.0304734761384439	8	BCL2
2.54612907292383e-06	1.7788607131112	0.265	0.091	0.0305764640367422	8	RNF157
2.56580387367396e-06	-1.75183742422744	0.103	0.401	0.0308127387189506	8	LSM3
2.57185820585119e-06	1.86673346913654	0.25	0.07	0.0308854451940669	8	SMG6
2.57813745450496e-06	5.03665847057885	0.044	0.001	0.0309608526911501	8	LOC138513466
2.57813745450496e-06	5.03665847057885	0.044	0.001	0.0309608526911501	8	SVEP1
2.57813745450496e-06	5.03665847057885	0.044	0.001	0.0309608526911501	8	ITGA11
2.57813745450496e-06	4.45169596985769	0.044	0.002	0.0309608526911501	8	ADAMTS12
2.57813745450496e-06	4.45169596985769	0.044	0.002	0.0309608526911501	8	DHPS
2.57813745450496e-06	4.45169596985769	0.044	0.002	0.0309608526911501	8	LOC138527614
2.57813745450496e-06	4.45169596985769	0.044	0.002	0.0309608526911501	8	NLGN1
2.57813745450496e-06	4.45169596985769	0.044	0.002	0.0309608526911501	8	SEMA5A
2.57813745450496e-06	4.45169596985769	0.044	0.002	0.0309608526911501	8	TRIM36
2.57813745450496e-06	4.03665847057885	0.044	0.003	0.0309608526911501	8	CDH2
2.57813745450496e-06	4.03665847057885	0.044	0.003	0.0309608526911501	8	LOC138567148
2.57813745450496e-06	3.71473037569149	0.044	0.003	0.0309608526911501	8	LOC138489101
2.57813745450496e-06	3.71473037569149	0.044	0.004	0.0309608526911501	8	SALL2
2.60198895071274e-06	5.35858656546621	0.059	0.001	0.0312472853091093	8	NR1I3
2.60198895071274e-06	4.77362406474505	0.059	0.002	0.0312472853091093	8	CCN4
2.60198895071274e-06	4.35858656546621	0.059	0.003	0.0312472853091093	8	BBS5
2.60198895071274e-06	4.35858656546621	0.059	0.003	0.0312472853091093	8	ITIH6
2.60198895071274e-06	4.35858656546621	0.059	0.003	0.0312472853091093	8	LOC138549616
2.60198895071274e-06	4.35858656546621	0.059	0.003	0.0312472853091093	8	LOC138569255
2.60198895071274e-06	4.35858656546621	0.059	0.003	0.0312472853091093	8	OSBPL6
2.60198895071274e-06	4.03665847057885	0.059	0.004	0.0312472853091093	8	WHRN
2.60198895071274e-06	3.55123164340861	0.059	0.004	0.0312472853091093	8	KCNQ3
2.60198895071274e-06	3.1886615640239	0.059	0.007	0.0312472853091093	8	LOC138527299
2.60198895071274e-06	3.1886615640239	0.059	0.007	0.0312472853091093	8	MYO5A
2.61058367918798e-06	3.03665847057885	0.103	0.013	0.0313504994033685	8	TATDN3
2.61058367918798e-06	2.78873095713526	0.103	0.015	0.0313504994033685	8	RUNDC1
2.61058367918798e-06	2.78873095713526	0.103	0.016	0.0313504994033685	8	LOC138491979
2.61537129465858e-06	1.98221068655647	0.176	0.047	0.0314079938775549	8	MGRN1
2.64118789869275e-06	1.25238716163429	0.441	0.218	0.0317180254754013	8	VPS13C
2.64297656003215e-06	1.50060557033864	0.279	0.1	0.0317395055094261	8	SESTD1
2.67732489944724e-06	1.71473037569149	0.324	0.125	0.0321519947174619	8	ITGA7
2.77375431384238e-06	1.55553178084223	0.279	0.105	0.0333100155549331	8	ROBO3
2.77743957902533e-06	1.23198264871713	0.588	0.337	0.0333542719045152	8	PROM1
2.8149950017517e-06	1.76165142307898	0.279	0.102	0.0338052749760361	8	KIF3C
2.86877644475335e-06	1.15401542121701	0.5	0.231	0.034451136325043	8	RBM6
2.96536513619703e-06	1.3100348206341	0.294	0.116	0.0356110699205901	8	DOP1A
2.99658665595784e-06	2.25529875705419	0.206	0.047	0.0359860091513977	8	GCH1
3.03936312423938e-06	1.20658347202116	0.5	0.286	0.0364997117589907	8	DOCK1
3.05054826539746e-06	0.938626387618321	0.706	0.46	0.036634034119158	8	ZNF318
3.10264869724219e-06	1.21290911027058	0.515	0.273	0.0372597082051815	8	FAR1
3.18921182235972e-06	-1.1990138909581	0.265	0.573	0.0382992447747179	8	NUCKS1
3.19549382700198e-06	1.4606290946277	0.309	0.125	0.0383746853684667	8	ARRB2
3.21130447254745e-06	1.53742584388358	0.338	0.12	0.0385645554108223	8	EPB41L1
3.22571184109791e-06	2.77362406474505	0.132	0.025	0.0387375734997448	8	RBFOX1
3.24151261551184e-06	1.93904767395243	0.265	0.082	0.0389273249996817	8	BLNK
3.25190349499754e-06	1.57034046635631	0.382	0.166	0.0390521090714254	8	MAP4K3
3.2528819276446e-06	1.20376845641411	0.412	0.177	0.039063859069084	8	SCAF4
3.28232175626961e-06	1.19230934103904	0.426	0.184	0.0394174019710417	8	PARD3B
3.3360618871147e-06	1.21268883467035	0.456	0.217	0.0400627672023605	8	R3HDM2
3.34843080971094e-06	1.16326478695842	0.618	0.319	0.0402113055938187	8	IQGAP2
3.37824429753111e-06	1.49233795435504	0.338	0.117	0.0405693357690511	8	KIAA0753
3.39121928422965e-06	1.74247536617439	0.265	0.083	0.0407251523843138	8	LOC138480882
3.40099031301799e-06	1.77362406474505	0.309	0.116	0.040842492669033	8	DHRSX
3.4049779138534e-06	-1.49694937161525	0.324	0.576	0.0408903797674654	8	TUBA1B
3.41792524279752e-06	1.93429675294917	0.191	0.06	0.0410458642407555	8	CAMKMT
3.47396170818676e-06	1.61851506043218	0.353	0.133	0.0417188061536148	8	VPS13D
3.53810949767503e-06	1.03396938305121	0.603	0.365	0.0424891569575794	8	ROBO4
3.60125294979041e-06	1.6216209713	0.338	0.121	0.043247446674033	8	PPIP5K2
3.63453255620143e-06	0.97776478152528	0.721	0.437	0.0436471014674229	8	ARHGAP31
3.66367612306176e-06	1.32802159947114	0.515	0.256	0.0439970865618486	8	TNRC6B
3.66814874354769e-06	1.36546357221361	0.456	0.213	0.0440507982612642	8	LOC138550342
3.67749780106151e-06	1.64671195226283	0.324	0.125	0.0441630710929477	8	MTMR4
3.70000752712888e-06	1.27643752411234	0.441	0.202	0.0444333903932908	8	BAZ2B
3.71896479738442e-06	1.27258764625004	0.368	0.164	0.0446610482517894	8	PRDM2
3.74394609497299e-06	1.47294370356173	0.485	0.249	0.0449610486545306	8	LARP4B
3.79124865202234e-06	1.27198994762279	0.515	0.248	0.0455291050621362	8	MAP4
3.8972753109209e-06	-1.16464865634846	0.265	0.556	0.0468023792088491	8	EEF1D
3.95954693507036e-06	0.89560088369552	0.75	0.53	0.0475501991432599	8	ENG
4.00272164406193e-06	-1.02982217152721	0.412	0.646	0.0480686842235398	8	STMN1
4.03548656434076e-06	1.02587863182561	0.765	0.562	0.0484621581511682	8	GASK1B
4.04535859019043e-06	1.56953246015155	0.368	0.154	0.0485807113095968	8	TDRP
4.07678142749545e-06	1.50060557033864	0.412	0.191	0.0489580681627928	8	WAC
4.12171708571871e-06	2.32045143657944	0.147	0.039	0.049497700482396	8	NALCN
4.28911513385402e-06	2.07730045507619	0.25	0.058	0.0515079836424529	8	RIPK3
4.29783099255766e-06	1.54669248379344	0.368	0.16	0.0516126523896249	8	TRPC4AP
4.3050369202452e-06	1.20208207978622	0.368	0.177	0.0516991883752246	8	MYO6
4.33651636897428e-06	1.38684482550772	0.5	0.267	0.0520772250750121	8	MARK2
4.43949623388075e-06	1.04076286891158	0.485	0.27	0.0533139102726739	8	FMNL2
4.56284207484517e-06	-1.3715196071092	0.338	0.591	0.0547951704768157	8	SH3BGRL3
4.66747154893711e-06	1.17076833755149	0.544	0.306	0.0560516658311857	8	FBXL7
4.67842576382802e-06	2.1825093370423	0.162	0.04	0.0561832149978107	8	GCFC2
4.67842576382802e-06	2.12238834460473	0.162	0.042	0.0561832149978107	8	OCLN
4.67842576382802e-06	2.03665847057885	0.162	0.046	0.0561832149978107	8	ABCD1
4.71705029824897e-06	1.79825373125377	0.324	0.125	0.0566470570316719	8	ARAP1
4.72313162709066e-06	1.16326478695842	0.529	0.311	0.0567200877097317	8	RGS3
4.76338000910334e-06	1.68985570705246	0.294	0.097	0.057203430529322	8	SLC35F5
4.77949025789005e-06	1.95573847519528	0.176	0.045	0.0573968985070016	8	NBEAL2
4.77949025789005e-06	1.83020759311142	0.176	0.05	0.0573968985070016	8	CLYBL
4.78883972750263e-06	2.74120258705268	0.147	0.023	0.0575091762875791	8	CEP162
4.86102928647184e-06	-1.39840859965925	0.221	0.507	0.0583761007012403	8	ATP5MG
4.96897949084926e-06	1.89617724702902	0.265	0.08	0.0596724747056087	8	FCHO1
4.97688725740659e-06	-0.901194054871886	0.544	0.764	0.0597674390741958	8	TPM3
5.03645427070738e-06	1.64671195226283	0.544	0.272	0.0604827793369249	8	PTGS1
5.08205992283733e-06	1.28349564888484	0.397	0.171	0.0610304576133535	8	TRRAP
5.24200892460943e-06	1.36423312860735	0.397	0.166	0.0629512851756346	8	PPP3CC
5.37577935179662e-06	1.95419631038688	0.191	0.063	0.0645577342357256	8	MEX3A
5.38257818131887e-06	1.89226856124367	0.25	0.071	0.0646393813794583	8	CEP290
5.38958116800481e-06	1.11957210786444	0.662	0.452	0.0647234802465697	8	CDH5
5.39046359576683e-06	1.69377075705584	0.368	0.158	0.0647340773215638	8	ITPR3
5.42769830569824e-06	1.99483829488422	0.206	0.061	0.0651812289531301	8	RMC1
5.50651145081713e-06	1.59443614197377	0.294	0.105	0.0661276960128629	8	APPBP2
5.56926498098996e-06	1.15507896349952	0.471	0.247	0.0668813031567085	8	CAMK2D
5.6421663915897e-06	1.47031164802504	0.426	0.179	0.0677567761966007	8	MED13
5.7310675779276e-06	-1.55496776042332	0.235	0.513	0.0688243905433326	8	BTF3
5.73367625781133e-06	1.28884549417565	0.529	0.278	0.0688557181800563	8	MYO10
5.73768425901688e-06	1.94354906618737	0.206	0.053	0.0689038502665338	8	TFRC
5.75293649578743e-06	1.17339480737059	0.485	0.257	0.0690870143779113	8	ROCK1
5.78755950348994e-06	1.1723851197686	0.603	0.366	0.0695028020774107	8	GNAS
5.82994463283069e-06	-0.840330639315808	0.632	0.82	0.0700118050956638	8	SRSF2
5.9565448477546e-06	1.32446078156158	0.485	0.237	0.071532147076685	8	STAG1
6.0726882019583e-06	1.13887008207758	0.5	0.281	0.0729269126173173	8	F8
6.09028764826806e-06	1.25704853900415	0.206	0.088	0.0731382643680512	8	PJA2
6.12519135808443e-06	1.34634296971146	0.279	0.119	0.0735574230192359	8	CEP192
6.17679437748725e-06	1.19359145180184	0.588	0.312	0.0741771236792444	8	HSD17B12
6.19964331847093e-06	1.54939264374483	0.324	0.126	0.0744515166115174	8	MTMR12
6.20571256424114e-06	2.34860247689359	0.118	0.025	0.0745244021839719	8	SGF29
6.31921672349274e-06	1.4236815936881	0.382	0.168	0.0758874736324244	8	TBL1XR1
6.36644700500351e-06	1.73131325988709	0.338	0.135	0.0764546620830871	8	DENND2B
6.45456552474298e-06	-1.48271568851473	0.176	0.466	0.0775128773866384	8	NDUFAB1
6.46664393293214e-06	1.16218935266271	0.456	0.232	0.0776579269905821	8	PMEPA1
6.49674505475571e-06	1.96954427472031	0.265	0.076	0.0780194113625613	8	PIKFYVE
6.56606841549595e-06	1.15052643513713	0.368	0.165	0.0788519156016908	8	RGL2
6.57434883783862e-06	1.34860247689359	0.25	0.099	0.0789513551936039	8	TMTC2
6.57554652086612e-06	-0.815885225245012	0.485	0.73	0.0789657381690812	8	AKAP8L
6.62594297994036e-06	2.01559685505102	0.221	0.059	0.0795709492461038	8	PLEKHA1
6.62594297994036e-06	1.73180388905043	0.221	0.073	0.0795709492461038	8	DNAJC16
6.63608616471223e-06	1.39825671089623	0.485	0.246	0.0796927587520292	8	SEMA3G
6.83422443509345e-06	1.86673346913654	0.206	0.072	0.0820722012410372	8	RAB40C
6.83571212123913e-06	0.923677265962982	0.721	0.486	0.0820900668639607	8	PTBP3
6.93818442510706e-06	1.55357558387691	0.279	0.099	0.0833206567611107	8	XPO6
6.98556154008808e-06	1.26492745825197	0.471	0.213	0.0838896085349177	8	MIA3
7.01709981118341e-06	2.79273288769276	0.176	0.037	0.0842683516325016	8	BMP7
7.16657296783678e-06	1.93557234546453	0.338	0.109	0.0860633747707518	8	CCDC9
7.26542204079072e-06	1.28772023474657	0.426	0.187	0.0872504532878558	8	PHF21A
7.32577589314714e-06	1.50416338975183	0.191	0.069	0.087975242700804	8	PDE4C
7.41191933951452e-06	1.22534553495256	0.529	0.275	0.0890097393482299	8	SCAF8
7.42126024417407e-06	1.36763170506922	0.309	0.133	0.0891219142722864	8	USP3
7.42548706781999e-06	1.26847414580192	0.382	0.177	0.0891726741974503	8	PPFIA1
7.4840567590781e-06	0.988723993515146	0.441	0.234	0.0898760376197689	8	CYTH1
7.53304293599716e-06	1.01534796433344	0.5	0.251	0.09046431261839	8	RABGAP1
7.68455860967942e-06	-1.25759466586567	0.309	0.565	0.0922838643436401	8	DAD1
7.90211010427654e-06	1.37954618410186	0.338	0.132	0.094896440242257	8	HMBOX1
7.97690486772347e-06	1.71473037569149	0.265	0.101	0.0957946505564912	8	AGAP3
7.98841344863237e-06	1.50827949822406	0.294	0.125	0.0959328571046261	8	KDM7A
8.50982602500254e-06	2.74120258705268	0.132	0.023	0.102194500734255	8	TMEM63A
8.86408719864459e-06	1.23252744939553	0.574	0.331	0.106448823168523	8	ROCK2
9.06280904154807e-06	1.46242237645075	0.426	0.202	0.108835273779951	8	RIN3
9.06908426719105e-06	1.92813401380068	0.206	0.056	0.108910632964697	8	ZNF335
9.06908426719105e-06	1.62726753444115	0.206	0.07	0.108910632964697	8	KLF8
9.09574216117817e-06	2.1886615640239	0.132	0.031	0.109230767613589	8	KANSL2
9.10539869922179e-06	1.43575442598867	0.441	0.217	0.109346732978955	8	KDM4B
9.21843753112577e-06	1.27456828225703	0.412	0.181	0.110704216311289	8	EHBP1
9.30471868933333e-06	3.03665847057885	0.103	0.013	0.111740366740204	8	TERF2
9.30471868933333e-06	2.86673346913654	0.103	0.015	0.111740366740204	8	EIF2D
9.30471868933333e-06	2.22930354852124	0.103	0.024	0.111740366740204	8	C11H15orf39
9.31730423417398e-06	1.41216760567105	0.25	0.095	0.111891506548195	8	MED15
9.51428291881008e-06	1.22221412373492	0.368	0.17	0.11425702357199	8	CPT1A
9.51642172523631e-06	3.8142660492424	0.074	0.005	0.114282708498363	8	PIR
9.51642172523631e-06	3.45169596985769	0.074	0.007	0.114282708498363	8	ELK4
9.51642172523631e-06	3.16218935266271	0.074	0.009	0.114282708498363	8	NOCT
9.51642172523631e-06	2.71473037569149	0.074	0.013	0.114282708498363	8	PARP6
9.5691758720278e-06	2.01281172862448	0.206	0.051	0.114916233047182	8	L3MBTL3
9.5691758720278e-06	1.73409570055842	0.206	0.064	0.114916233047182	8	RELA
9.5691758720278e-06	1.67676252549247	0.206	0.065	0.114916233047182	8	HAUS4
9.57162871366457e-06	2.09805901524299	0.147	0.04	0.114945689222398	8	TAB2
9.71835852054494e-06	-1.39146902814044	0.235	0.496	0.116707767473224	8	EIF5
9.75399527528e-06	1.57722685194155	0.294	0.112	0.117135729260837	8	MARCHF6
9.76219633985882e-06	2.94919562932851	0.103	0.013	0.117234215845365	8	SHC3
9.76219633985882e-06	2.39280228080412	0.103	0.021	0.117234215845365	8	CYP27B1
9.82205031696094e-06	1.1392816779695	0.588	0.36	0.117953002256384	8	RSU1
9.841792704239e-06	-1.0574886839767	0.221	0.444	0.118190088585206	8	UQCRB
9.86812729521871e-06	1.34549656602577	0.309	0.129	0.118506340688282	8	TBC1D2B
9.87084915251916e-06	1.34207147868319	0.265	0.104	0.118539027472603	8	ASCC2
1.00706130935977e-05	2.16218935266271	0.162	0.039	0.120937992641015	8	FBXO33
1.00746161469304e-05	-1.46517871432345	0.206	0.474	0.120986065308487	8	KDELR2
1.00827786113009e-05	1.14628296175335	0.485	0.235	0.121084088343113	8	PTPN11
1.01374936117641e-05	1.71473037569149	0.206	0.062	0.121741160783675	8	PPP2R5B
1.01396680716869e-05	1.03332275801559	0.529	0.335	0.121767273872888	8	MBNL2
1.03038975199859e-05	1.63265924275245	0.382	0.179	0.12373950531751	8	ST3GAL4
1.03285817110894e-05	2.24816257577256	0.147	0.033	0.124035937768473	8	SMG9
1.04349647555055e-05	1.19277767249613	0.456	0.217	0.125313491748866	8	PDS5B
1.0462338676811e-05	1.66742466091313	0.279	0.107	0.125642225169823	8	COX10
1.06341960071724e-05	-1.46584186995033	0.118	0.394	0.127706059850134	8	ACP1
1.08059546039936e-05	1.65814684732512	0.368	0.131	0.129768708839359	8	SMG5
1.09896344839659e-05	-3.20174626874623	0.015	0.239	0.131974520517947	8	TMEM128
1.10790257535719e-05	2.64434104780009	0.088	0.018	0.133048020274645	8	GEN1
1.11369793318072e-05	-1.13172436605506	0.324	0.562	0.133743984795672	8	HNRNPDL
1.14375383876197e-05	1.68181575321875	0.324	0.11	0.137353398496925	8	RIT1
1.1455888513606e-05	1.16396279485393	0.456	0.214	0.137573765159895	8	HUWE1
1.14931317641042e-05	-2.38960628412325	0.044	0.277	0.138021019355127	8	RTRAF
1.1503776829458e-05	3.14357367449536	0.088	0.011	0.138148855944961	8	DHX16
1.16410111826836e-05	1.77569839298291	0.441	0.215	0.139796903292848	8	DNAAF9
1.16766910508302e-05	0.915194958093181	0.691	0.429	0.14022538282942	8	PEA15
1.16843859851078e-05	1.57722685194155	0.265	0.094	0.140317791295159	8	FAM193B
1.17457495177209e-05	1.60879693094242	0.426	0.177	0.14105470595831	8	ZMYM4
1.18221745860729e-05	1.12976787497033	0.471	0.222	0.14197249460415	8	SBNO2
1.18884938091358e-05	1.0810525899373	0.412	0.194	0.142768922153912	8	ATP13A3
1.1947924746862e-05	1.37614493685052	0.338	0.154	0.143482628285066	8	LDLRAD4
1.20726972926442e-05	1.35771982164868	0.485	0.262	0.144981021787364	8	ECPAS
1.24418014684257e-05	1.23292386419994	0.515	0.297	0.149413593834324	8	ARID1A
1.25454985612832e-05	1.54899317121261	0.309	0.102	0.15065889222245	8	SIN3B
1.26364898447982e-05	1.02565947162959	0.5	0.291	0.151751606546181	8	SGMS1
1.27584018756146e-05	1.38560677939992	0.353	0.163	0.153215648124256	8	CIC
1.3318766802535e-05	2.01112337847171	0.191	0.048	0.159945070531643	8	COG2
1.3318766802535e-05	1.86673346913654	0.191	0.055	0.159945070531643	8	IRAK1
1.33784369622039e-05	1.20376845641411	0.324	0.144	0.160661649479107	8	PNISR
1.34021675296836e-05	-1.12863508213182	0.294	0.563	0.16094662986397	8	COX5B
1.34648957143576e-05	-0.939985203719625	0.515	0.749	0.16169993263372	8	CALM2
1.35311326498272e-05	1.33140173613998	0.485	0.23	0.162495371991775	8	PRP4K
1.3713952040841e-05	1.4794409603406	0.368	0.161	0.164690850058459	8	TTC28
1.37156225838702e-05	1.41047330713118	0.426	0.223	0.164710911609697	8	ADGRE5
1.38876755852324e-05	2.38896021450973	0.176	0.039	0.166777096103056	8	KIF21B
1.40956861946836e-05	1.07044678403513	0.603	0.389	0.169275095511955	8	SPNS2
1.41440795965663e-05	1.68873516715854	0.353	0.144	0.169856251875165	8	MYO1A
1.42326524790246e-05	-1.03659051145179	0.279	0.52	0.170919923620607	8	CST3
1.42957365225654e-05	1.1933839742663	0.5	0.285	0.171677499899487	8	PRKACA
1.430472060809e-05	1.23791667882595	0.324	0.139	0.171785389782553	8	TAF2
1.44481967106251e-05	-2.00129215865413	0.191	0.444	0.173508394297897	8	MMRN1
1.45874864122279e-05	1.25993516717491	0.397	0.184	0.175181124324445	8	TTC17
1.47812420931072e-05	1.67208603828299	0.265	0.091	0.177507936296125	8	WIPF2
1.49171718842778e-05	-1.23701445570129	0.235	0.487	0.179140317158292	8	LOC138580477
1.50054629874531e-05	-1.14656335347692	0.206	0.448	0.180200605016324	8	CCT5
1.52090743269708e-05	0.766752588039768	0.794	0.542	0.182645773592592	8	ADAM10
1.52385583347835e-05	1.61770592129662	0.265	0.101	0.182999847042415	8	PHIP
1.54607845131854e-05	1.68117781598046	0.221	0.073	0.185668561218844	8	CPPED1
1.55174857993275e-05	-2.73152585419808	0.029	0.265	0.186349486964124	8	PDCD5
1.56941529092562e-05	2.07318434660396	0.235	0.066	0.188471082287258	8	NFXL1
1.57389296174571e-05	1.52064332357518	0.279	0.118	0.189008805776042	8	NBAS
1.59150309682534e-05	2.03665847057885	0.176	0.044	0.191123606897755	8	UBXN2A
1.60104650439055e-05	2.05683635251648	0.235	0.063	0.192269674712261	8	XRCC1
1.61970612374525e-05	-1.80949170164947	0.191	0.449	0.194510508400568	8	LOC138582805
1.62528595371799e-05	1.76363997617243	0.221	0.071	0.195180590181994	8	PPP2R3A
1.63151057839059e-05	1.71473037569149	0.294	0.115	0.195928105358926	8	REL
1.63395794511274e-05	1.43179641241999	0.324	0.12	0.196222009628589	8	KPNA1
1.64048020233997e-05	1.38756563243798	0.368	0.169	0.197005267499007	8	ADNP
1.67056784877565e-05	1.71473037569149	0.294	0.112	0.200618492959468	8	SNCAIP
1.67504916733479e-05	1.03338333854599	0.559	0.314	0.201156654505235	8	ITGA9
1.69774629254827e-05	1.5498763637966	0.353	0.169	0.203882352272122	8	MAD1L1
1.74387275532272e-05	1.57722685194155	0.221	0.077	0.209421679186705	8	TMEM131L
1.74675178523108e-05	1.51728431148527	0.368	0.145	0.2097674218884	8	MAP4K5
1.74978820270299e-05	1.34860247689359	0.338	0.146	0.210132065262602	8	CEP85L
1.75015664953526e-05	-0.664325147678352	0.632	0.845	0.210176312042689	8	MYL12B
1.77531723813884e-05	1.32516356392876	0.279	0.114	0.213197847128094	8	ORC4
1.77562378750886e-05	1.40194293466059	0.25	0.099	0.213234660641939	8	DVL3
1.77866984150435e-05	1.77362406474505	0.279	0.102	0.213600461266257	8	MED23
1.79909400084745e-05	1.33351454350938	0.426	0.198	0.216053198561771	8	EPS15L1
1.80006553607547e-05	-1.75961295234974	0.088	0.302	0.216169870227304	8	POLR2J
1.82622569447474e-05	1.41066870159764	0.471	0.244	0.219311443649472	8	MEF2D
1.83768397773238e-05	1.32045143657944	0.368	0.181	0.220687468885881	8	KIF1C
1.83883534399149e-05	1.18502298696055	0.515	0.289	0.220825736459938	8	TAOK3
1.83988449913457e-05	1.71473037569149	0.221	0.071	0.22095172950107	8	ZNF652
1.84566506879946e-05	1.64434104780009	0.221	0.072	0.221645918112127	8	ZFAT
1.85616590297292e-05	-1.16376861926081	0.279	0.563	0.222906963288018	8	SNRPD2
1.93094109154595e-05	2.1825093370423	0.162	0.038	0.231886715683753	8	ARNT
1.93412426662408e-05	1.31083343401784	0.324	0.136	0.232268983178886	8	MAML2
1.93517086027759e-05	1.38560677939992	0.338	0.16	0.232394668610735	8	PREP
1.93559388461875e-05	-1.39598284717091	0.235	0.537	0.232445469603866	8	NDUFB1
1.95372388516672e-05	1.43941764007926	0.426	0.194	0.234622701369671	8	ZMYM2
1.96632248137522e-05	1.04751946321062	0.515	0.289	0.236135666788351	8	SLC12A6
1.97306617133523e-05	2.07730045507619	0.206	0.058	0.236945516515647	8	RTEL1
1.98037500342427e-05	1.24760436526419	0.382	0.191	0.23782323416122	8	KAT7
1.99891137885426e-05	1.4606290946277	0.338	0.135	0.240049267486609	8	C1QH1orf21
2.03517181848672e-05	1.34860247689359	0.353	0.145	0.24440378368207	8	MAPKAPK5
2.0480132094877e-05	1.44313395635427	0.338	0.137	0.245945906327378	8	INPP5B
2.04937849568673e-05	2.40439025507934	0.132	0.025	0.24610986354702	8	ZNF530
2.04937849568673e-05	2.40439025507934	0.132	0.027	0.24610986354702	8	DCP1B
2.04937849568673e-05	2.07318434660396	0.132	0.032	0.24610986354702	8	TANGO6
2.05834793028983e-05	1.32045143657944	0.368	0.156	0.247187002948505	8	CTIF
2.08364533676106e-05	2.16992500144231	0.206	0.052	0.250224968491636	8	MOB3C
2.10900666383154e-05	1.40194293466059	0.382	0.177	0.253270610259529	8	SWT1
2.11413590582559e-05	-1.52904947306236	0.147	0.387	0.253886580930595	8	NDUFB3
2.12855757078067e-05	1.12976787497033	0.412	0.231	0.255618478675051	8	MAP4K2
2.13643391644914e-05	1.49233795435504	0.368	0.166	0.256564349026377	8	INPP5F
2.2200251772206e-05	1.65418883375643	0.191	0.062	0.266602823532422	8	MIB1
2.23345046614526e-05	1.33621875243776	0.397	0.2	0.268215066479385	8	PKN2
2.25363594611266e-05	1.76535644876145	0.294	0.116	0.27063914076867	8	TBCD
2.27279055854011e-05	1.92118125315891	0.176	0.056	0.272939418175081	8	MAP3K8
2.29702071634964e-05	1.73041199792376	0.338	0.143	0.275849217826429	8	PRKCA
2.30424370477324e-05	-1.58257393222705	0.176	0.417	0.276716626506219	8	DYNLT1
2.33715050867045e-05	1.50322627049777	0.235	0.091	0.280668404586235	8	TSNARE1
2.36251817421906e-05	-0.887369685581399	0.515	0.721	0.283714807541967	8	HNRNPH1
2.44224181203871e-05	1.48486283379289	0.426	0.21	0.293288819207728	8	BCL9
2.47034483859932e-05	1.44716631137718	0.456	0.232	0.296663711667392	8	RASAL2
2.47356749896241e-05	1.86673346913654	0.265	0.08	0.297050720950396	8	LOC138528761
2.48107432216729e-05	-1.65139752310641	0.088	0.351	0.297952215349069	8	ARL1
2.5130717328485e-05	1.50614375388007	0.235	0.089	0.301794784397776	8	CARS1
2.5130717328485e-05	1.4252237584965	0.235	0.096	0.301794784397776	8	STX4
2.5371886153316e-05	0.811556761984414	0.544	0.32	0.304690980815171	8	LHFPL7
2.57237189308428e-05	-1.53825036547838	0.162	0.404	0.308916140640491	8	SRSF1
2.57497731145167e-05	1.74598130967593	0.294	0.111	0.309229025332231	8	GPD2
2.60758039693676e-05	2.01281172862448	0.206	0.053	0.313144329868135	8	TXLNG
2.6216134727484e-05	1.6216209713	0.294	0.12	0.314829561942355	8	SLC8A1
2.62812610016631e-05	1.71473037569149	0.309	0.111	0.315611663368973	8	SMTN
2.65589106601609e-05	2.11912063077082	0.103	0.028	0.318945958117872	8	NEMP1
2.66489932587147e-05	1.86673346913654	0.221	0.062	0.320027760043905	8	ZFPL1
2.66489932587147e-05	1.84683391169883	0.221	0.064	0.320027760043905	8	HIF1AN
2.69742849205499e-05	1.90200894388407	0.25	0.08	0.323934187610883	8	CREB5
2.70092036999421e-05	1.34276159830453	0.235	0.097	0.324353527232605	8	LEO1
2.70178402164603e-05	1.59853735818696	0.353	0.138	0.324457243159472	8	MMP16
2.71983176569048e-05	-0.822876315803805	0.515	0.759	0.32662459674177	8	NONO
2.74385972766037e-05	0.547273629839923	0.485	0.236	0.329510114694734	8	HSPA1A
2.75891921807997e-05	1.63167463596393	0.309	0.116	0.331318608899223	8	PPP1R9B
2.78134972400237e-05	1.98603239750888	0.176	0.047	0.334012288355445	8	FHL3
2.78472948173881e-05	1.27237227041313	0.397	0.184	0.334418163462014	8	INF2
2.79001944275209e-05	-1.53553159625643	0.25	0.5	0.335053434880098	8	PMP22
2.79104671286196e-05	3.33621875243776	0.103	0.011	0.335176799747592	8	PIMREG
2.79104671286196e-05	2.51309651452184	0.103	0.02	0.335176799747592	8	RCAN3
2.79104671286196e-05	1.86673346913654	0.103	0.031	0.335176799747592	8	WDR24
2.80339252222261e-05	1.15492135219867	0.368	0.165	0.336659407993714	8	DGCR8
2.82846343239254e-05	1.76363997617243	0.353	0.147	0.33967017359602	8	ARHGAP35
2.83285675855437e-05	1.41927449216531	0.279	0.108	0.340197768134794	8	GATAD2B
2.85639690584443e-05	1.05145547250693	0.485	0.275	0.343024704422858	8	B3GNT2
2.88601972554624e-05	1.50060557033864	0.338	0.142	0.346582108840848	8	MAP3K11
2.91345566241727e-05	1.39115442792264	0.382	0.18	0.34987689049969	8	TACC1
2.91373546903323e-05	1.95324246239121	0.221	0.076	0.3499104924762	8	ARK2C
2.91759296833529e-05	1.1974546824819	0.382	0.187	0.350373739567385	8	TCF7L2
2.94409865749542e-05	1.74908188048226	0.221	0.067	0.353556807778625	8	DHX30
2.94634596847175e-05	1.32322141190888	0.412	0.181	0.353826687353772	8	WDR37
2.9670737801866e-05	1.50362376190155	0.338	0.159	0.356315890262609	8	DENND5A
2.99478092581807e-05	1.48976401069121	0.353	0.148	0.359643241381492	8	NOS1AP
3.00801653294124e-05	1.59925315827155	0.279	0.105	0.361232705440913	8	TLL1
3.03001211836064e-05	-0.868857475053453	0.353	0.598	0.363874155293929	8	BZW1
3.0353181026796e-05	1.6345600270075	0.265	0.091	0.364511350950794	8	PGBD5
3.0353181026796e-05	1.44029120658544	0.265	0.107	0.364511350950794	8	SH3D19
3.04198305753842e-05	-1.20465116410023	0.25	0.52	0.365311745379789	8	GNG5
3.05457002383106e-05	0.820886965134944	0.794	0.591	0.366823314161872	8	TIE1
3.07462029338478e-05	-1.29507279933887	0.279	0.529	0.369231151032578	8	MYEF2
3.14816528108912e-05	2.34478076594118	0.162	0.037	0.378063168605992	8	FAM219A
3.21133810128093e-05	2.28942454095881	0.162	0.037	0.385649592582827	8	KCNE3
3.22002806905651e-05	-1.38960628412325	0.191	0.453	0.386693170812997	8	GMFG
3.24847657140615e-05	1.04914941476204	0.382	0.179	0.390109551460164	8	ZC3H3
3.24881744021686e-05	2.5586111737742	0.132	0.033	0.390150486395642	8	RELT
3.26903299646254e-05	1.73287772240174	0.191	0.062	0.392578172545186	8	ITGA1
3.30845886209763e-05	-2.26254954780843	0.029	0.246	0.397312824749305	8	DUT
3.31296957003613e-05	1.33006652545616	0.382	0.192	0.397854515665639	8	ITCH
3.3481985251382e-05	-1.14845293467814	0.25	0.508	0.402085160883846	8	SUMO3
3.36554780597766e-05	1.31704644316291	0.456	0.241	0.404168636019857	8	SETD2
3.38022950336373e-05	1.65814684732512	0.235	0.089	0.40593176105895	8	TTC27
3.38105636536772e-05	1.48822184588281	0.25	0.095	0.40603105891701	8	TMEM63B
3.40614525594158e-05	-5.78272232028575	0.015	0.219	0.409043983786024	8	HAPLN3
3.41817959320678e-05	1.87745987572959	0.191	0.056	0.410489187348202	8	SERINC5
3.42703379197464e-05	4.35858656546621	0.059	0.003	0.411552488078234	8	SLC24A3
3.42703379197464e-05	3.77362406474505	0.059	0.004	0.411552488078234	8	DCX
3.42703379197464e-05	3.77362406474505	0.059	0.004	0.411552488078234	8	LOC138492659
3.42703379197464e-05	3.55123164340861	0.059	0.005	0.411552488078234	8	LMF1
3.42703379197464e-05	3.35858656546621	0.059	0.005	0.411552488078234	8	LTBP2
3.42703379197464e-05	3.35858656546621	0.059	0.006	0.411552488078234	8	CROT
3.42703379197464e-05	3.1886615640239	0.059	0.007	0.411552488078234	8	ITGAD
3.43297610676453e-05	1.92118125315891	0.162	0.046	0.412266100661353	8	AATF
3.46684318339656e-05	1.74489234620174	0.265	0.108	0.416333197894093	8	CRISP3
3.4746649013895e-05	1.45169596985769	0.324	0.139	0.417272508007865	8	ZMYM3
3.48908530903032e-05	1.64135718936127	0.294	0.101	0.419004254761451	8	PI4KA
3.5137660942656e-05	1.74841350194777	0.294	0.106	0.421968170260356	8	SIK2
3.51746524632891e-05	-0.888436720407261	0.397	0.639	0.422412401431639	8	IFITM1
3.53005696729531e-05	1.13992774119055	0.426	0.22	0.423924541202493	8	EXOC6B
3.54415726993052e-05	1.32770725258224	0.338	0.139	0.425617846545957	8	KIF3A
3.56349811278265e-05	2.48646138801837	0.059	0.011	0.427940488364068	8	SLC6A4
3.57773026893128e-05	1.29557676794041	0.382	0.189	0.429649627995957	8	PUM1
3.59537938265549e-05	1.64072979424771	0.235	0.082	0.431769110063097	8	CERK
3.60483420215294e-05	1.84026125777534	0.162	0.045	0.432904539336547	8	RHOBTB2
3.61575135044737e-05	1.07772112720073	0.471	0.267	0.434215579675224	8	FRYL
3.62401924719602e-05	1.27922877385293	0.456	0.227	0.43520847139577	8	GIGYF1
3.65879109215314e-05	-1.08159049609114	0.368	0.598	0.439384222256671	8	SNRPB
3.66159923393795e-05	1.11727693078713	0.515	0.275	0.439721452003609	8	PTPRA
3.71245551870814e-05	1.12976787497033	0.485	0.246	0.445828783241661	8	STAT5B
3.71706386150162e-05	2.31419244610776	0.118	0.029	0.44638219912773	8	ABHD5
3.72013703815992e-05	2.00917773415674	0.147	0.046	0.446751256912625	8	NHLRC2
3.76291072864331e-05	-0.79529381521951	0.382	0.654	0.451887949402775	8	JPT1
3.80246632289741e-05	1.10002053157628	0.397	0.193	0.45663818071675	8	KMT2D
3.84833896723548e-05	1.60369906330274	0.235	0.09	0.462147026575308	8	NUP210
3.85731978722661e-05	1.31618099920121	0.294	0.12	0.463225533248044	8	MEGF8
3.89565579759643e-05	1.51582630727741	0.294	0.108	0.467829304733355	8	CC2D1A
3.93856907618669e-05	1.06265367911179	0.515	0.281	0.472982760359259	8	WDR26
3.94618576244392e-05	2.6216209713	0.118	0.02	0.47389744821189	8	TTF2
3.94618576244392e-05	2.29969287641264	0.118	0.026	0.47389744821189	8	KIZ
3.94618576244392e-05	1.8846553771338	0.118	0.033	0.47389744821189	8	PLA2G6
4.00474726340248e-05	2.58919949360763	0.132	0.026	0.480930098862004	8	ZNF507
4.00474726340248e-05	2.10377266643739	0.132	0.035	0.480930098862004	8	LOC138581801
4.00649498669803e-05	1.30435425378251	0.353	0.164	0.481139982952566	8	TGFBRAP1
4.01699371229484e-05	1.51792966825778	0.294	0.123	0.482400774909488	8	PI4KB
4.02190946750462e-05	1.6632000750514	0.147	0.049	0.48299110795263	8	COG6
4.09709265640234e-05	0.901306617683962	0.574	0.358	0.492019857107357	8	ITPKA
4.12482270258428e-05	1.99713010639221	0.118	0.03	0.495349958353347	8	PAWR
4.15255435684723e-05	1.19277767249613	0.426	0.216	0.498680252713784	8	RALGPS2
4.18243565602372e-05	1.96137034327461	0.176	0.051	0.502268697931889	8	AMPD2
4.18243565602372e-05	1.84401339263645	0.176	0.056	0.502268697931889	8	DOP1B
4.19810805986864e-05	2.45169596985769	0.088	0.018	0.504150796909625	8	MORN4
4.19810805986864e-05	2.32045143657944	0.088	0.018	0.504150796909625	8	CDR2
4.19810805986864e-05	2.32045143657944	0.088	0.02	0.504150796909625	8	TOMM40L
4.21514272684914e-05	2.03665847057885	0.147	0.038	0.506196490067313	8	PPM1M
4.21777019201411e-05	1.66161903923192	0.221	0.071	0.506512022358975	8	CUL4A
4.21984243853439e-05	1.46837471100432	0.338	0.141	0.506760878443595	8	ARMC6
4.23105809828311e-05	-1.69729837371502	0.132	0.375	0.508107767022819	8	SELE
4.26166676084535e-05	1.28458598402243	0.412	0.205	0.511783561309918	8	CHD1
4.27349244800763e-05	1.36923380966572	0.368	0.177	0.513203708081236	8	ATXN2L
4.29140212756999e-05	2.27112372421587	0.132	0.029	0.51535448149988	8	PRKX
4.31723472182774e-05	-0.968635829090665	0.353	0.616	0.518456717744293	8	KHDRBS1
4.32227812550518e-05	1.34005061402878	0.309	0.159	0.519062380091917	8	TRIM3
4.34024775320797e-05	1.60369906330274	0.397	0.173	0.521220352682745	8	MLLT6
4.39359112266097e-05	1.799619273278	0.176	0.057	0.527626357920356	8	NECAP1
4.40302268311775e-05	2.17867747545128	0.162	0.048	0.528758994015611	8	AFG3L2
4.4237678887034e-05	1.6510047780811	0.338	0.138	0.531250285754392	8	DOCK7
4.43845749308227e-05	1.48646138801837	0.25	0.104	0.53301436034425	8	JAZF1
4.44560245632276e-05	1.28177096841538	0.368	0.177	0.5338723989798	8	VPS41
4.44739562791392e-05	1.03075786913916	0.574	0.333	0.534087740956183	8	PTPRE
4.44861164404026e-05	1.73287772240174	0.221	0.065	0.534233772332795	8	USP49
4.44876591981851e-05	1.05176536296906	0.441	0.225	0.534252299311005	8	FNDC3B
4.45741106659732e-05	0.881117387299192	0.574	0.358	0.535290494987672	8	FGR
4.47198158562635e-05	1.24410055044932	0.353	0.161	0.537040268617868	8	PRR12
4.53032042097328e-05	1.38352446721611	0.368	0.153	0.544046179354682	8	ATG2B
4.54726523552824e-05	1.13758737942963	0.412	0.218	0.546081082134586	8	USP34
4.59400127145766e-05	1.35593698705226	0.368	0.168	0.55169361268935	8	SYNE3
4.60132649752397e-05	1.92974326666234	0.176	0.048	0.552573299087654	8	MRE11
4.63476296919066e-05	0.98603239750888	0.515	0.303	0.556588684970106	8	KTN1
4.65527735250288e-05	-0.812849902893702	0.485	0.719	0.559052257262071	8	PFN2
4.69630550381602e-05	1.12976787497033	0.559	0.296	0.563979327953266	8	PPP4R1
4.69997370745616e-05	1.33094381039708	0.265	0.109	0.56441984252841	8	MAN1A2
4.70179929310098e-05	0.965273837342083	0.603	0.372	0.564639077108497	8	PDE2A
4.83615951144154e-05	-1.36055775161275	0.176	0.416	0.580774395729015	8	EIF1AX
4.84977318862941e-05	-1.24771582159874	0.338	0.556	0.582409262222505	8	H1-1
4.86366953110159e-05	-1.15432814639129	0.206	0.436	0.58407807398999	8	TOMM20
4.88710220833735e-05	2.09180002477131	0.206	0.065	0.586892104199232	8	ANKS1A
4.90455593098545e-05	1.48026512205446	0.206	0.083	0.588988121752043	8	KITLG
4.94329747614918e-05	1.08246216019197	0.353	0.173	0.593640593910755	8	SLMAP
4.96131582053446e-05	1.5196000343595	0.294	0.137	0.595804416887983	8	CEP95
4.99182423372327e-05	1.13941804500405	0.441	0.23	0.599468172227827	8	TAOK2
4.99352729011035e-05	1.00449980280447	0.588	0.363	0.599672692269351	8	XPO5
5.02259535963598e-05	2.92118125315891	0.074	0.011	0.603163476738685	8	OGFOD3
5.02259535963598e-05	2.37369345785642	0.074	0.016	0.603163476738685	8	DTX4
5.04103393728096e-05	1.21647950816366	0.382	0.188	0.60537776552807	8	NUP188
5.07481780469636e-05	1.92974326666234	0.176	0.047	0.609434870165986	8	SLC7A1
5.11394681608788e-05	1.97056928012108	0.191	0.057	0.614133873143993	8	LOC138525696
5.14310412296269e-05	1.41774863793435	0.338	0.142	0.617635374126589	8	CWF19L2
5.20713084465721e-05	-1.10697983934319	0.265	0.475	0.625324343134884	8	EIF1B
5.21228438067114e-05	1.43179641241999	0.309	0.126	0.625943231274798	8	WDR33
5.23387993271334e-05	-0.974828847042657	0.515	0.685	0.628536641119545	8	EIF2S2
5.32440098137912e-05	-0.917537839808027	0.294	0.561	0.639407313853818	8	UBE2L3
5.33173474923856e-05	-1.02037247445753	0.338	0.604	0.640288026036058	8	PPIB
5.36070776040968e-05	1.45169596985769	0.279	0.101	0.643767394947599	8	ENOX2
5.39508633736676e-05	1.73409570055842	0.191	0.064	0.647895918254374	8	APBA1
5.41785340577352e-05	1.69426627313177	0.191	0.062	0.650630015499342	8	GDAP2
5.42099872760687e-05	1.89122803105728	0.294	0.124	0.651007737198309	8	MMP14
5.44497307002504e-05	1.20883944596153	0.353	0.16	0.653886815979307	8	ARID5B
5.46786938408321e-05	2.00917773415674	0.162	0.047	0.656636434334553	8	MTFR1
5.4694964741e-05	1.59808545683922	0.235	0.083	0.656831831574669	8	BANP
5.47246212799227e-05	1.37640784255345	0.324	0.15	0.657187976950591	8	FYN
5.55455673785179e-05	1.65199462034352	0.25	0.082	0.667046718648621	8	LOC138569515
5.56553762600228e-05	1.27963522407139	0.456	0.261	0.668365413506614	8	GIT2
5.56870421826844e-05	1.14049428156339	0.485	0.265	0.668745689571857	8	HELZ
5.60747444624396e-05	-1.08376456944589	0.279	0.55	0.673401606249437	8	RPL8
5.72549544997115e-05	1.30485458152842	0.412	0.187	0.687574748587036	8	PDE7B
5.72852937137298e-05	1.28046830914774	0.441	0.217	0.687939092208181	8	XRN1
5.73049154211007e-05	1.33621875243776	0.382	0.185	0.688174729291998	8	SMAD3
5.78232400059015e-05	-1.22778412964775	0.176	0.421	0.694399289230871	8	SRP9
5.81821319594569e-05	1.24079918735907	0.426	0.202	0.698709222701117	8	CNOT4
5.82594899858226e-05	0.984016990837618	0.456	0.236	0.699638215239743	8	OGT
5.86273968435545e-05	1.32458405195435	0.382	0.182	0.704056408694247	8	MCF2L
5.88230058135468e-05	1.57722685194155	0.279	0.101	0.706405476814883	8	NUMB
5.88312390987887e-05	1.19296170145752	0.515	0.294	0.706504350337353	8	SLCO3A1
5.8850858336428e-05	1.52810908537686	0.471	0.297	0.706739957762164	8	ND6
5.8898522324105e-05	1.24465151285468	0.353	0.152	0.707312354590176	8	CAMSAP1
5.89576565902047e-05	1.50614375388007	0.235	0.086	0.708022497991768	8	FBXL20
5.90375717150217e-05	1.26187141097767	0.368	0.168	0.708982198725695	8	HDAC8
5.90794324074447e-05	1.25678428494335	0.471	0.252	0.709484903781003	8	LOC138471710
5.92294579477786e-05	1.52064332357518	0.309	0.118	0.711286560494873	8	AGPS
5.94164091277454e-05	0.905954778934254	0.324	0.189	0.713531657215094	8	LYN
5.95610579378138e-05	1.1775210064187	0.471	0.234	0.715268744775206	8	ARHGEF1
5.96552745076306e-05	2.22930354852124	0.162	0.035	0.716400191562136	8	FHOD3
5.96552745076306e-05	1.78873095713526	0.162	0.048	0.716400191562136	8	PIGG
6.00508427366548e-05	1.71473037569149	0.162	0.053	0.721150570424488	8	JUP
6.02910628774456e-05	1.7299971323448	0.191	0.077	0.724035374095244	8	NT5DC2
6.0507399280256e-05	-0.876949041244251	0.515	0.716	0.726633357956594	8	SNRPE
6.05925601468608e-05	-5.30096343141366	0	0.199	0.727656054803652	8	RELN
6.06585191104645e-05	1.01559685505102	0.412	0.224	0.728448155997568	8	PPP2R5A
6.14642188013949e-05	1.26949263863694	0.324	0.148	0.738123803585951	8	SUFU
6.20950849153108e-05	1.49749965947082	0.221	0.082	0.745699874747968	8	FAM91A1
6.22081821827765e-05	1.58414626588134	0.235	0.09	0.747058059832963	8	ATAD2B
6.25125691347217e-05	2.0069111271848	0.162	0.041	0.750713442738873	8	TRMU
6.25125691347217e-05	1.78873095713526	0.162	0.047	0.750713442738873	8	TTLL7
6.28062923158756e-05	1.9042081745552	0.147	0.047	0.75424076442135	8	PPIL2
6.31149142202452e-05	0.816980433939436	0.559	0.341	0.757947004870925	8	PDE4B
6.31516285197096e-05	1.69496712087006	0.294	0.125	0.758387906893193	8	ACVR2A
6.40567424426144e-05	1.34478076594118	0.294	0.137	0.769257419993357	8	CNOT10
6.51474511877456e-05	1.60715048849167	0.324	0.133	0.782355741313637	8	GULP1
6.54841761177418e-05	1.26559967774423	0.309	0.131	0.786399470997962	8	SEC16A
6.56146227596173e-05	1.24266193137626	0.368	0.171	0.787966004720244	8	GON4L
6.65451554151853e-05	1.66468969319189	0.235	0.07	0.79914077138096	8	CRYBG3
6.74984705520965e-05	1.2382923317485	0.309	0.128	0.810589132860126	8	ASXL2
6.78291485509835e-05	-1.20822858854469	0.309	0.57	0.814560244948761	8	YWHAB
6.7910569358233e-05	2.06265367911179	0.176	0.047	0.81553802742302	8	PKNOX1
6.7910569358233e-05	1.86673346913654	0.176	0.056	0.81553802742302	8	MRTFA
6.79442470555989e-05	1.25993516717491	0.382	0.185	0.815942462890687	8	HYCC1
6.79730390999239e-05	2.29969287641264	0.147	0.034	0.816288226550987	8	RGS12
6.79730390999239e-05	2.16218935266271	0.147	0.038	0.816288226550987	8	RAB4B
6.81993930030832e-05	1.13268535835262	0.368	0.18	0.819006510574026	8	PITPNM2
6.85756983770455e-05	1.03665847057885	0.294	0.143	0.82352556180994	8	GOLGA2
6.91077494598659e-05	2.65814684732512	0.103	0.022	0.829914963263529	8	PPTC7
6.91448744590895e-05	1.09669605336468	0.5	0.263	0.830360797379206	8	CHD9
6.92905497427248e-05	1.1902037288323	0.324	0.15	0.832110211860382	8	RELCH
6.94473939934519e-05	-1.51793038109879	0.103	0.33	0.833993754467364	8	PHF5A
7.06982705506233e-05	1.63672786369021	0.221	0.082	0.849015531042436	8	SPTY2D1
7.07187855965203e-05	1.40589228024457	0.353	0.157	0.849261896228612	8	WDFY3
7.12086040947151e-05	1.821645579608	0.176	0.056	0.855144126573434	8	WDR19
7.12318722619186e-05	1.51011265608301	0.294	0.104	0.85542355399338	8	KLHL20
7.14182418044903e-05	1.8272051049499	0.191	0.064	0.857661665830124	8	DLG3
7.18301396614548e-05	-1.42744963526792	0.176	0.427	0.86260814719441	8	ATP5PO
7.21908007813978e-05	-1.39475877188885	0.147	0.407	0.866939326583806	8	SUMO2
7.23300735540765e-05	-0.921687095014649	0.412	0.642	0.868611853310905	8	MARCKS
7.27631300793539e-05	2.12976787497033	0.103	0.025	0.873812429122961	8	ZNF518A
7.34121266681943e-05	1.93232181076411	0.221	0.072	0.881606229158345	8	KNTC1
7.35366945788751e-05	1.94150123753851	0.147	0.04	0.883102165197711	8	LRP10
7.35366945788751e-05	1.82366474724465	0.147	0.043	0.883102165197711	8	ZC3H4
7.37079169457155e-05	1.50827949822406	0.294	0.124	0.885158374601098	8	SUPV3L1
7.45267933115175e-05	0.919550167579984	0.441	0.228	0.894992260878013	8	PRRC2C
7.47087982545862e-05	1.32970544547908	0.368	0.184	0.897177958239325	8	SPTLC1
7.50914119721757e-05	0.996839152465463	0.529	0.354	0.901772766373858	8	ARHGEF2
7.51288299695364e-05	1.14791522168059	0.397	0.192	0.902222119104163	8	QSER1
7.56218044978281e-05	0.89463946570642	0.382	0.193	0.908142250214417	8	EPB41
7.57853335936114e-05	2.45169596985769	0.103	0.02	0.910106071125679	8	CTU2
7.57985727201383e-05	-1.39732813150099	0.162	0.392	0.91026505979614	8	SPCS2
7.58233657243287e-05	1.50941146771398	0.221	0.084	0.910562798983463	8	WIPI2
7.72726933178452e-05	1.18421565899271	0.25	0.11	0.927967774054003	8	MADD
7.81712179967396e-05	0.974374192324506	0.397	0.226	0.938758156922846	8	HIP1
7.81921241828973e-05	-1.62867744660633	0.103	0.314	0.939009219312414	8	CS
7.82471846306459e-05	1.29249737500844	0.25	0.111	0.939670440229427	8	KIDINS220
7.85779502645042e-05	1.97252813315913	0.132	0.039	0.94364260472643	8	NT5DC3
7.89938021072936e-05	1.62726753444115	0.191	0.072	0.948636569506489	8	PHKA1
8.10372455768757e-05	1.13910573954967	0.397	0.193	0.973176282132701	8	UBA3
8.10460418669991e-05	-1.06887594359351	0.426	0.606	0.973281916780793	8	RHOB
8.14260347623532e-05	1.41650654139539	0.338	0.14	0.9778452514611	8	PLEKHH3
8.15157655470129e-05	1.27510723813437	0.368	0.177	0.978922828454077	8	ANKRD52
8.15853937239772e-05	-1.04814991722551	0.368	0.611	0.979758993231242	8	RBX1
8.29644069548998e-05	-1.04426152480472	0.324	0.536	0.996319563121392	8	PSMA2
8.31872838682592e-05	1.6216209713	0.191	0.066	0.998996091973925	8	CCDC186
9.77700803841061e-05	5.84401339263645	0.044	0.001	1	8	PRRX1
0.000125885047581807	5.6216209713	0.029	0	1	8	AMZ2
0.000125885047581807	5.6216209713	0.029	0	1	8	LOC138515534
0.00346279809419189	5.2590508919153	0.029	0.002	1	8	SCUBE3
9.99760764985445e-05	5.03665847057885	0.044	0.001	1	8	GRAP
0.00346279809419189	5.03665847057885	0.029	0.002	1	8	COL26A1
0.0068056514687453	5.03665847057885	0.015	0	1	8	CFAP74
0.0068056514687453	5.03665847057885	0.015	0	1	8	CPZ
0.0068056514687453	5.03665847057885	0.015	0	1	8	DTL
0.0068056514687453	5.03665847057885	0.015	0	1	8	GABARAPL1
0.0068056514687453	5.03665847057885	0.015	0	1	8	LOC138492190
0.0068056514687453	5.03665847057885	0.015	0	1	8	OGFRL1
0.0068056514687453	5.03665847057885	0.015	0	1	8	SLC25A4
0.00346279809419189	5.03665847057885	0.029	0.001	1	8	GK
9.88691244324913e-05	4.84401339263645	0.044	0.003	1	8	RPS6KA2
0.000125885047581807	4.6216209713	0.029	0.001	1	8	EDA2R
0.000125885047581807	4.6216209713	0.029	0.001	1	8	FAM227A
0.000125885047581807	4.6216209713	0.029	0.001	1	8	SLC13A3
0.000125885047581807	4.6216209713	0.029	0.001	1	8	EVI2B
0.00349774326625274	4.6216209713	0.029	0.001	1	8	C6PH5orf34
0.00349774326625274	4.6216209713	0.029	0.001	1	8	EFNA2
0.00349774326625274	4.6216209713	0.029	0.001	1	8	LOC138510430
0.00349774326625274	4.6216209713	0.029	0.001	1	8	LOC138569222
9.99760764985445e-05	4.45169596985769	0.044	0.002	1	8	CDK14
0.000908323906265807	4.45169596985769	0.044	0.002	1	8	LOC138583088
0.000908323906265807	4.45169596985769	0.044	0.002	1	8	TMEM170A
0.00346279809419189	4.45169596985769	0.029	0.002	1	8	HEXD
0.00346279809419189	4.45169596985769	0.029	0.002	1	8	IL17REL
9.99760764985445e-05	4.03665847057885	0.044	0.003	1	8	PTPRN2
0.000103398538205872	4.03665847057885	0.044	0.002	1	8	CMYA5
0.000125885047581807	4.03665847057885	0.029	0.002	1	8	IQCH
0.000125885047581807	4.03665847057885	0.029	0.002	1	8	LOC138568490
0.000125885047581807	4.03665847057885	0.029	0.002	1	8	PDZD7
0.000125885047581807	4.03665847057885	0.029	0.002	1	8	LOC138581098
0.000892689543544891	4.03665847057885	0.044	0.004	1	8	TMEM132C
0.000908323906265807	4.03665847057885	0.044	0.003	1	8	LOC138526181
0.000908323906265807	4.03665847057885	0.044	0.003	1	8	RCOR2
0.00349774326625274	4.03665847057885	0.029	0.002	1	8	ADAMTS9
0.00349774326625274	4.03665847057885	0.029	0.002	1	8	ART5
0.00349774326625274	4.03665847057885	0.029	0.002	1	8	DNAH11
0.00349774326625274	4.03665847057885	0.029	0.002	1	8	LOC138471937
0.00349774326625274	4.03665847057885	0.029	0.002	1	8	ZDHHC4
0.00349774326625274	4.03665847057885	0.029	0.002	1	8	KCTD6
0.00397795897601091	4.03665847057885	0.044	0.003	1	8	LOC138521568
0.00397795897601091	4.03665847057885	0.044	0.003	1	8	LOC138568940
0.0068056514687453	4.03665847057885	0.015	0.001	1	8	MEIG1
0.0068056514687453	4.03665847057885	0.015	0.001	1	8	ACOT5
0.0068056514687453	4.03665847057885	0.015	0.001	1	8	ASTE1
0.0068056514687453	4.03665847057885	0.015	0.001	1	8	CACNA2D2
0.0068056514687453	4.03665847057885	0.015	0.001	1	8	CCDC30
0.0068056514687453	4.03665847057885	0.015	0.001	1	8	LINGO3
0.0068056514687453	4.03665847057885	0.015	0.001	1	8	LOC138520658
0.0068056514687453	4.03665847057885	0.015	0.001	1	8	LOC138521140
0.0068056514687453	4.03665847057885	0.015	0.001	1	8	LOC138526054
0.0068056514687453	4.03665847057885	0.015	0.001	1	8	LOC138530465
0.0068056514687453	4.03665847057885	0.015	0.001	1	8	LOC138570299
0.0068056514687453	4.03665847057885	0.015	0.001	1	8	MOGS
0.0068056514687453	4.03665847057885	0.015	0.001	1	8	PRKAR1B
0.0068056514687453	4.03665847057885	0.015	0.001	1	8	RAI2
0.0068056514687453	4.03665847057885	0.015	0.001	1	8	TMEM120A
0.000216437950400116	3.77362406474505	0.059	0.004	1	8	PGM2L1
0.0038948678680348	3.77362406474505	0.044	0.004	1	8	KIF25
9.99760764985445e-05	3.71473037569149	0.044	0.003	1	8	BCAR3
9.99760764985445e-05	3.71473037569149	0.044	0.004	1	8	BBS10
0.000908323906265807	3.71473037569149	0.044	0.004	1	8	KCTD11
0.000908323906265807	3.71473037569149	0.044	0.004	1	8	KIAA1210
0.000908323906265807	3.71473037569149	0.044	0.004	1	8	MIGA1
0.000908323906265807	3.71473037569149	0.044	0.004	1	8	SLC25A45
0.00397795897601091	3.71473037569149	0.044	0.004	1	8	CCDC69
0.000125885047581807	3.6216209713	0.029	0.003	1	8	CCDC191
0.000125885047581807	3.6216209713	0.029	0.003	1	8	LOC138569514
0.00349774326625274	3.6216209713	0.029	0.003	1	8	AIRIM
0.00349774326625274	3.6216209713	0.029	0.003	1	8	GJA1
0.00349774326625274	3.6216209713	0.029	0.003	1	8	HCN2
0.00349774326625274	3.6216209713	0.029	0.003	1	8	LOC138467901
0.00349774326625274	3.6216209713	0.029	0.003	1	8	LOC138513707
0.00349774326625274	3.6216209713	0.029	0.003	1	8	LOC138516956
0.00349774326625274	3.6216209713	0.029	0.003	1	8	LOC138548714
0.00349774326625274	3.6216209713	0.029	0.003	1	8	LOC138566891
0.00349774326625274	3.6216209713	0.029	0.003	1	8	LPIN1
0.00349774326625274	3.6216209713	0.029	0.003	1	8	SYCP3
0.00349774326625274	3.6216209713	0.029	0.003	1	8	CCDC171
0.000216437950400116	3.55123164340861	0.059	0.005	1	8	LOC138498633
0.000892689543544891	3.55123164340861	0.044	0.005	1	8	CFAP61
0.0038948678680348	3.55123164340861	0.044	0.005	1	8	VGF
9.99760764985445e-05	3.45169596985769	0.044	0.004	1	8	LOC138516153
0.000908323906265807	3.45169596985769	0.044	0.004	1	8	BEND4
0.000908323906265807	3.45169596985769	0.044	0.004	1	8	LOC138491858
0.000908323906265807	3.45169596985769	0.044	0.004	1	8	POMT1
0.000908323906265807	3.45169596985769	0.044	0.004	1	8	SHC4
0.000908323906265807	3.45169596985769	0.044	0.004	1	8	SYT1
0.000908323906265807	3.45169596985769	0.044	0.004	1	8	ZNF566
0.00397795897601091	3.45169596985769	0.044	0.004	1	8	ENOX1
0.00397795897601091	3.45169596985769	0.044	0.004	1	8	LOC138521271
0.0068056514687453	3.45169596985769	0.015	0.002	1	8	BAG3
0.0068056514687453	3.45169596985769	0.015	0.002	1	8	BCAS1
0.0068056514687453	3.45169596985769	0.015	0.002	1	8	DNAH14
0.0068056514687453	3.45169596985769	0.015	0.002	1	8	FOLH1
0.0068056514687453	3.45169596985769	0.015	0.002	1	8	LOC138503382
0.0068056514687453	3.45169596985769	0.015	0.002	1	8	OGDHL
0.0068056514687453	3.45169596985769	0.015	0.002	1	8	PLTP
0.0068056514687453	3.45169596985769	0.015	0.002	1	8	C10H2orf68
0.0068056514687453	3.45169596985769	0.015	0.002	1	8	LOC138503816
0.000125885047581807	3.29969287641264	0.029	0.003	1	8	ROBO2
0.000125885047581807	3.29969287641264	0.029	0.004	1	8	LAMC3
0.000561196059707714	3.29969287641264	0.074	0.008	1	8	ZNF587
0.00349774326625274	3.29969287641264	0.029	0.002	1	8	LOC138504057
0.00349774326625274	3.29969287641264	0.029	0.003	1	8	TMEM161A
0.00349774326625274	3.29969287641264	0.029	0.004	1	8	LOC138481417
0.00349774326625274	3.29969287641264	0.029	0.004	1	8	LOC138567592
0.00349774326625274	3.29969287641264	0.029	0.004	1	8	RHPN2
0.00349774326625274	3.29969287641264	0.029	0.004	1	8	TRIM45
0.00397795897601091	3.22930354852124	0.044	0.005	1	8	LOC138488252
0.00397795897601091	3.22930354852124	0.044	0.005	1	8	LOC138524551
0.00252401421438166	3.1886615640239	0.059	0.007	1	8	FSIP1
0.00252401421438166	3.1886615640239	0.059	0.007	1	8	SLC27A4
0.0054110931407405	3.12976787497033	0.059	0.013	1	8	PRKG1
0.000908323906265807	3.03665847057885	0.044	0.006	1	8	LOC138566816
0.00397795897601091	3.03665847057885	0.044	0.006	1	8	SPA17
0.000125885047581807	3.03665847057885	0.029	0.004	1	8	ADHFE1
0.000125885047581807	3.03665847057885	0.029	0.004	1	8	NCKAP1L
0.000541077433482484	3.03665847057885	0.074	0.012	1	8	LOC138511669
0.000578705268297887	3.03665847057885	0.074	0.009	1	8	LOC138488444
0.00349774326625274	3.03665847057885	0.029	0.004	1	8	KLF9
0.00349774326625274	3.03665847057885	0.029	0.004	1	8	LOC138521734
0.0068056514687453	3.03665847057885	0.015	0.003	1	8	C2PH3orf18
0.0068056514687453	3.03665847057885	0.015	0.003	1	8	DNAH1
0.0068056514687453	3.03665847057885	0.015	0.003	1	8	HDHD3
0.0068056514687453	3.03665847057885	0.015	0.003	1	8	KIFC2
0.0068056514687453	3.03665847057885	0.015	0.003	1	8	LOC138513646
0.0068056514687453	3.03665847057885	0.015	0.003	1	8	LOC138526132
0.0068056514687453	3.03665847057885	0.015	0.003	1	8	RSPH3
0.000189667671591775	2.92118125315891	0.074	0.011	1	8	C1PH16orf46
0.000189667671591775	2.92118125315891	0.074	0.011	1	8	PNCK
0.000189667671591775	2.92118125315891	0.074	0.011	1	8	RBSN
0.000216437950400116	2.89915494682891	0.059	0.008	1	8	LOC138568501
0.000216437950400116	2.89915494682891	0.059	0.009	1	8	HSD17B7
0.00252401421438166	2.89915494682891	0.059	0.009	1	8	KIF18A
0.00595118665045698	2.89915494682891	0.059	0.009	1	8	ZNF528
0.00607871504095679	2.89915494682891	0.059	0.008	1	8	FAM168A
0.00397795897601091	2.86673346913654	0.044	0.007	1	8	LOC138481488
0.0040632366328331	2.86673346913654	0.044	0.006	1	8	LOC138522104
0.000304421393208431	2.86673346913654	0.088	0.015	1	8	ST8SIA2
0.00381326584715027	2.86673346913654	0.044	0.015	1	8	LOC138472548
0.00012517782648982	2.84401339263645	0.088	0.013	1	8	HOOK2
0.000189667671591775	2.8142660492424	0.074	0.011	1	8	LRRC75A
0.00138237784618485	2.8142660492424	0.074	0.012	1	8	AP4S1
0.00138237784618485	2.8142660492424	0.074	0.012	1	8	ATAT1
0.00349774326625274	2.8142660492424	0.029	0.005	1	8	SLC22A17
0.00349774326625274	2.8142660492424	0.029	0.005	1	8	ZNF569
0.000541077433482484	2.78873095713526	0.074	0.015	1	8	LOC138566745
0.000908323906265807	2.71473037569149	0.044	0.008	1	8	PPP1R35
0.000932424591516595	2.71473037569149	0.044	0.007	1	8	LOC138515714
0.00138237784618485	2.71473037569149	0.074	0.011	1	8	DBF4B
0.00138237784618485	2.71473037569149	0.074	0.013	1	8	SLC25A19
0.0068056514687453	2.71473037569149	0.015	0.004	1	8	LOC138528722
0.0068056514687453	2.71473037569149	0.015	0.004	1	8	LOC138548587
0.0068056514687453	2.71473037569149	0.015	0.004	1	8	PCYOX1L
0.0068056514687453	2.71473037569149	0.015	0.004	1	8	GNA15
0.0068056514687453	2.71473037569149	0.015	0.004	1	8	LOC138582987
0.00990438132111564	2.71473037569149	0.074	0.013	1	8	JOSD1
0.00016898038340645	2.71473037569149	0.103	0.017	1	8	MYO1G
0.00284205871670749	2.67408839119414	0.074	0.015	1	8	FUCA2
0.00543398955164382	2.67408839119414	0.074	0.015	1	8	HYDIN
0.00543398955164382	2.67408839119414	0.074	0.015	1	8	RNF122
0.000862232845673984	2.65814684732512	0.059	0.011	1	8	LRP3
0.000862232845673984	2.65814684732512	0.059	0.011	1	8	LRRC14
0.000125885047581807	2.6216209713	0.029	0.006	1	8	BNIP3L
0.000125885047581807	2.6216209713	0.029	0.006	1	8	WDR6
0.00138237784618485	2.6216209713	0.074	0.013	1	8	TENT4A
0.00295656640738125	2.6216209713	0.074	0.013	1	8	SLC38A7
0.00349774326625274	2.6216209713	0.029	0.006	1	8	LOC138488445
0.00349774326625274	2.6216209713	0.029	0.006	1	8	ICMT
0.0057661348914602	2.6216209713	0.059	0.013	1	8	ZNRF2
0.00012517782648982	2.59608587919287	0.088	0.016	1	8	LOC138570265
0.00143971278733994	2.59608587919287	0.088	0.016	1	8	IMPACT
0.00266895553530036	2.59608587919287	0.088	0.016	1	8	POC5
0.00460742196456253	2.59608587919287	0.088	0.016	1	8	LOC138515713
0.000908323906265807	2.57722685194155	0.044	0.009	1	8	FRS3
0.00397795897601091	2.57722685194155	0.044	0.009	1	8	APAF1
0.00397795897601091	2.57722685194155	0.044	0.009	1	8	CHAC2
0.000356344894398456	2.57722685194155	0.103	0.019	1	8	JMJD4
0.00125682895707939	2.57722685194155	0.103	0.019	1	8	INKA2
0.000862232845673984	2.55123164340861	0.059	0.012	1	8	OSGEPL1
0.000862232845673984	2.55123164340861	0.059	0.012	1	8	PIGL
0.000862232845673984	2.55123164340861	0.059	0.012	1	8	TLE4
0.00595118665045698	2.55123164340861	0.059	0.012	1	8	NLGN2
0.00595118665045698	2.55123164340861	0.059	0.012	1	8	STIL
0.000196325403218393	2.53415813004966	0.074	0.013	1	8	EXOG
0.00138237784618485	2.53415813004966	0.074	0.014	1	8	LOC138580153
0.00295656640738125	2.53415813004966	0.074	0.014	1	8	PAFAH2
0.00012517782648982	2.52208529774909	0.088	0.017	1	8	JMJD8
0.00071304423323098	2.52208529774909	0.088	0.017	1	8	FAM227B
0.00071304423323098	2.52208529774909	0.088	0.017	1	8	SAMD11
0.00266895553530036	2.52208529774909	0.088	0.016	1	8	LRRIQ1
0.00016898038340645	2.51309651452184	0.103	0.02	1	8	EARS2
0.000680793929107434	2.51309651452184	0.088	0.019	1	8	MFSD10
0.00137316384239068	2.51309651452184	0.088	0.02	1	8	TMEM134
0.00311570200472829	2.50060557033864	0.103	0.025	1	8	SMIM3
0.000184533433933319	2.48917067527635	0.147	0.033	1	8	ARMC9
0.000862232845673984	2.45169596985769	0.059	0.013	1	8	LOC138528462
0.000886569609555192	2.45169596985769	0.059	0.011	1	8	CFAP97
0.00252401421438166	2.45169596985769	0.059	0.013	1	8	LOC138526852
0.00595118665045698	2.45169596985769	0.059	0.013	1	8	LOC138569239
0.000125885047581807	2.45169596985769	0.029	0.007	1	8	RSPH14
0.000189667671591775	2.45169596985769	0.074	0.015	1	8	ZNF334
0.000561196059707714	2.45169596985769	0.074	0.015	1	8	POLL
0.000908323906265807	2.45169596985769	0.044	0.009	1	8	THNSL1
0.000908323906265807	2.45169596985769	0.044	0.01	1	8	DOCK8
0.000932424591516595	2.45169596985769	0.044	0.009	1	8	SUOX
0.00143971278733994	2.45169596985769	0.088	0.018	1	8	DNAJC4
0.00295656640738125	2.45169596985769	0.074	0.015	1	8	ARSB
0.00295656640738125	2.45169596985769	0.074	0.015	1	8	SLC39A3
0.00295656640738125	2.45169596985769	0.074	0.015	1	8	ZNF512
0.00349774326625274	2.45169596985769	0.029	0.007	1	8	CCDC194
0.00349774326625274	2.45169596985769	0.029	0.007	1	8	KCNA3
0.00397795897601091	2.45169596985769	0.044	0.01	1	8	ARL4C
0.00397795897601091	2.45169596985769	0.044	0.01	1	8	GPR180
0.00397795897601091	2.45169596985769	0.044	0.01	1	8	TCF15
0.0051218846097748	2.45169596985769	0.103	0.023	1	8	PHYKPL
0.00565792755194207	2.45169596985769	0.074	0.015	1	8	SP2
0.0068056514687453	2.45169596985769	0.015	0.004	1	8	CACNA1B
0.0068056514687453	2.45169596985769	0.015	0.004	1	8	LOC138487577
0.0068056514687453	2.45169596985769	0.015	0.004	1	8	LOC138581306
0.00749000810779638	2.45169596985769	0.088	0.018	1	8	GPATCH2L
0.00990438132111564	2.45169596985769	0.074	0.015	1	8	PPP2R2B
0.000356344894398456	2.45169596985769	0.103	0.021	1	8	DAGLA
0.000434161351208851	2.40862724796581	0.132	0.029	1	8	KIAA0586
8.42804098556252e-05	2.40439025507934	0.132	0.025	1	8	DPF3
0.00033044297835683	2.39922854996356	0.118	0.024	1	8	LOC138581115
0.000568375072804387	2.39922854996356	0.074	0.02	1	8	EPHA3
0.000329436931282619	2.38458177399916	0.088	0.016	1	8	DNAJA4
0.00543398955164382	2.38458177399916	0.074	0.019	1	8	ST6GAL2
0.000189667671591775	2.37369345785642	0.074	0.014	1	8	EPHA5
0.000189667671591775	2.37369345785642	0.074	0.016	1	8	PCMTD2
0.000561196059707714	2.37369345785642	0.074	0.016	1	8	LOC138580983
0.00990438132111564	2.37369345785642	0.074	0.016	1	8	FBXO21
0.00252401421438166	2.35858656546621	0.059	0.013	1	8	TCTA
0.00620853314784096	2.35858656546621	0.059	0.012	1	8	PIGB
0.0051218846097748	2.34860247689359	0.103	0.023	1	8	BANK1
0.00014574283171242	2.34478076594118	0.132	0.037	1	8	RAB30
0.000908323906265807	2.33621875243776	0.044	0.009	1	8	ARID5A
0.00397795897601091	2.33621875243776	0.044	0.011	1	8	LOC138511729
0.00397795897601091	2.33621875243776	0.044	0.011	1	8	SGSM1
0.00125682895707939	2.33621875243776	0.103	0.022	1	8	ABCB10
0.00125682895707939	2.33621875243776	0.103	0.022	1	8	HDX
0.00012517782648982	2.32045143657944	0.088	0.02	1	8	PDE1C
0.00071304423323098	2.32045143657944	0.088	0.02	1	8	CEP76
0.00133051020294113	2.32045143657944	0.074	0.019	1	8	PTPRS
0.00749000810779638	2.32045143657944	0.088	0.02	1	8	GUCY1B1
0.000156433679025999	2.31419244610776	0.132	0.029	1	8	CEP164
0.00077765723007016	2.31083343401784	0.147	0.038	1	8	TLN2
0.000174560717342969	2.29969287641264	0.118	0.026	1	8	LOC138521753
0.000189667671591775	2.29969287641264	0.074	0.016	1	8	PRR7
0.000590245993516864	2.29969287641264	0.118	0.025	1	8	NARS2
0.00244948686269979	2.29969287641264	0.059	0.016	1	8	AFF2
0.00295656640738125	2.29969287641264	0.074	0.017	1	8	KRCC1
0.00295656640738125	2.29969287641264	0.074	0.017	1	8	MINDY4
0.00295656640738125	2.29969287641264	0.074	0.017	1	8	ZNF124
0.000369043843362918	2.28177096841538	0.103	0.022	1	8	THAP3
0.00219026632465776	2.27766657008264	0.147	0.039	1	8	GPATCH1
0.000216437950400116	2.27112372421587	0.059	0.014	1	8	ZNF664
0.000466457673735405	2.27112372421587	0.132	0.03	1	8	SPSB1
0.000553904078703404	2.27112372421587	0.118	0.03	1	8	CCAR2
0.000553904078703404	2.27112372421587	0.118	0.03	1	8	MED26
0.00118862354316371	2.27112372421587	0.103	0.029	1	8	UNC119
0.00252401421438166	2.27112372421587	0.059	0.014	1	8	LARGE2
0.00595118665045698	2.27112372421587	0.059	0.013	1	8	PRPF31
0.00595118665045698	2.27112372421587	0.059	0.014	1	8	UBAC2
0.00143971278733994	2.2590508919153	0.088	0.021	1	8	FBXO7
0.00284205871670749	2.2590508919153	0.074	0.021	1	8	RUNX2
0.000940977636278372	2.24816257577256	0.118	0.031	1	8	KLHL2
0.00155604663973905	2.24524509239027	0.132	0.039	1	8	PORCN
0.000136209013140222	2.24147826246735	0.176	0.049	1	8	CTNNAL1
0.00203118919847034	2.22930354852124	0.103	0.027	1	8	TRPC3
0.000561196059707714	2.22930354852124	0.074	0.018	1	8	LOC138488651
0.00138237784618485	2.22930354852124	0.074	0.018	1	8	TFDP2
0.00295656640738125	2.22930354852124	0.074	0.018	1	8	CAB39
0.00295656640738125	2.22930354852124	0.074	0.018	1	8	ZNF454
0.00397795897601091	2.22930354852124	0.044	0.012	1	8	ANOS1
0.00565792755194207	2.22930354852124	0.074	0.018	1	8	ZDHHC1
0.000304421393208431	2.22930354852124	0.088	0.024	1	8	NECAP2
0.000369043843362918	2.22930354852124	0.103	0.022	1	8	TLR5
0.000692778508266744	2.22930354852124	0.103	0.023	1	8	FUCA1
0.000692778508266744	2.22930354852124	0.103	0.024	1	8	ARHGEF10L
0.00214874066391101	2.22930354852124	0.103	0.024	1	8	VSIG1
0.00254366790751165	2.22930354852124	0.088	0.022	1	8	XKR5
0.0071324913813378	2.22930354852124	0.088	0.024	1	8	ETAA1
0.000802800780675567	2.22342698218457	0.221	0.099	1	8	HELZ2
0.000128683862688994	2.2106878703539	0.147	0.034	1	8	PHKA2
8.99139199024603e-05	2.20658347202116	0.118	0.027	1	8	NKD1
0.00100205435195466	2.20658347202116	0.118	0.028	1	8	ANKRD54
0.00103518336975063	2.20658347202116	0.118	0.026	1	8	PLPPR4
0.00253810611370122	2.20658347202116	0.118	0.027	1	8	BBS7
0.000318398137296121	2.20015720286173	0.088	0.022	1	8	POLR3G
0.00143971278733994	2.20015720286173	0.088	0.022	1	8	SAAL1
0.000337299866082723	2.19535621659791	0.147	0.037	1	8	EZH1
0.000356344894398456	2.17867747545128	0.103	0.025	1	8	CEP44
0.00221091988686422	2.17867747545128	0.103	0.024	1	8	AHCYL2
0.00349774326625274	2.16218935266271	0.029	0.009	1	8	TCP11
0.00565792755194207	2.16218935266271	0.074	0.019	1	8	LOC138453595
0.00990438132111564	2.16218935266271	0.074	0.019	1	8	CHDH
0.000655619091685109	2.16218935266271	0.103	0.029	1	8	ZFAND4
0.000680793929107434	2.16218935266271	0.088	0.029	1	8	MELK
0.0024237092211388	2.16218935266271	0.088	0.027	1	8	NDOR1
0.00329801347718565	2.16218935266271	0.103	0.029	1	8	CPT2
0.00525288113530989	2.16218935266271	0.103	0.026	1	8	RUNX1
9.54998407160736e-05	2.15401542121701	0.162	0.049	1	8	TMEM26
0.000164043171325943	2.14913319983726	0.118	0.031	1	8	BOK
0.00266895553530036	2.14357367449536	0.088	0.022	1	8	ANKLE1
0.000908323906265807	2.12976787497033	0.044	0.013	1	8	SEC24D
0.00016898038340645	2.12976787497033	0.103	0.025	1	8	PEX3
0.000590245993516864	2.11912063077082	0.118	0.03	1	8	AAAS
0.00118579050744589	2.11065905202262	0.132	0.033	1	8	ATPAF2
0.00595118665045698	2.11065905202262	0.059	0.016	1	8	C2CD3
0.000218450805158991	2.10175349880073	0.191	0.054	1	8	RNF24
0.000118885468728611	2.09805901524299	0.147	0.04	1	8	C7PHXorf38
0.000678644581290303	2.09805901524299	0.132	0.039	1	8	ERMARD
0.00295656640738125	2.09805901524299	0.074	0.02	1	8	PRICKLE3
0.00578747803182836	2.09805901524299	0.074	0.019	1	8	BBS1
0.00990438132111564	2.09805901524299	0.074	0.02	1	8	WDR45
0.000112315926768252	2.08912589047298	0.176	0.047	1	8	AP4E1
0.00472205267938056	2.08912589047298	0.088	0.022	1	8	OARD1
0.00016898038340645	2.08246216019197	0.103	0.027	1	8	XPC
0.000111504080233405	2.07730045507619	0.191	0.06	1	8	WDPCP
0.000757090953228933	2.07318434660396	0.132	0.034	1	8	GZF1
0.000537978259720794	2.06982533451405	0.118	0.036	1	8	FGGY
0.00490397998626142	2.06982533451405	0.118	0.037	1	8	SDCCAG8
0.000350672303957225	2.06703211962237	0.147	0.039	1	8	KCNK5
0.00155604479481573	2.06703211962237	0.132	0.039	1	8	P3H2
9.99760764985445e-05	2.03665847057885	0.044	0.013	1	8	AFF3
0.0040632366328331	2.03665847057885	0.044	0.013	1	8	YJU2
0.000351354690042817	2.03665847057885	0.147	0.039	1	8	NR2F6
0.000552133945378264	2.03665847057885	0.147	0.039	1	8	TOX
0.000757090953228933	2.03665847057885	0.132	0.035	1	8	MTRF1
0.00125140508079927	2.03665847057885	0.147	0.039	1	8	BLTP3A
0.00157327557889422	2.03665847057885	0.118	0.033	1	8	PRDM10
0.00252401421438166	2.03665847057885	0.059	0.017	1	8	TMCO6
0.00542065719585592	2.03665847057885	0.103	0.028	1	8	LOC138567150
0.00595118665045698	2.03665847057885	0.059	0.017	1	8	LOC138567091
0.000561196059707714	2.03665847057885	0.074	0.019	1	8	ZNF10
0.000735663014858152	2.03665847057885	0.088	0.023	1	8	RPP40
0.00080594953494634	2.03665847057885	0.147	0.039	1	8	ZDHHC15
0.00115518059706282	2.03665847057885	0.147	0.042	1	8	ACOXL
0.00143971278733994	2.03665847057885	0.088	0.024	1	8	LOC138527192
0.00143971278733994	2.03665847057885	0.088	0.024	1	8	ZNF131
0.00565792755194207	2.03665847057885	0.074	0.021	1	8	DUSP10
0.00749000810779638	2.03665847057885	0.088	0.023	1	8	P2RY8
0.000826227176438998	2.01559685505102	0.118	0.047	1	8	TMEM88B
0.000450396389342855	2.00423699288647	0.132	0.039	1	8	REXO5
0.00033044297835683	1.99713010639221	0.118	0.031	1	8	CHST10
0.000342756369747139	1.99713010639221	0.118	0.03	1	8	MED24
0.00329801347718565	1.99713010639221	0.103	0.031	1	8	RMDN2
0.00016898038340645	1.99226435122039	0.103	0.029	1	8	NFRKB
0.00016898038340645	1.99226435122039	0.103	0.029	1	8	PIDD1
0.00266895553530036	1.98603239750888	0.088	0.025	1	8	AMOTL1
0.00274071335669873	1.98603239750888	0.088	0.023	1	8	FAAP20
0.00460742196456253	1.98603239750888	0.088	0.025	1	8	NEK4
0.00031132296859966	1.98221068655647	0.147	0.043	1	8	RAB11FIP3
0.000561196059707714	1.97776478152528	0.074	0.022	1	8	ZNF485
0.00295656640738125	1.97776478152528	0.074	0.022	1	8	SORT1
0.00565792755194207	1.97776478152528	0.074	0.022	1	8	PMS2
0.00108071535983992	1.97437419232451	0.206	0.062	1	8	SPIDR
0.00125140508079927	1.97252813315913	0.147	0.039	1	8	ANKS6
0.000216437950400116	1.96626914268745	0.059	0.018	1	8	IRGQ
0.000862232845673984	1.96626914268745	0.059	0.017	1	8	HINFP
0.00157327557889422	1.96626914268745	0.118	0.036	1	8	TPRN
0.00358447343312634	1.96626914268745	0.118	0.037	1	8	DCAF7
0.000174560717342969	1.95865595857757	0.118	0.032	1	8	NPHP3
0.000174560717342969	1.95865595857757	0.118	0.033	1	8	UTP20
0.00100205435195466	1.95865595857757	0.118	0.033	1	8	ZNF653
0.00080594953494634	1.94919562932851	0.147	0.043	1	8	WDSUB1
0.000369043843362918	1.94919562932851	0.103	0.028	1	8	SLC7A5
0.00214874066391101	1.94919562932851	0.103	0.03	1	8	GCC1
0.000359571153828128	1.93712279702793	0.162	0.053	1	8	CDK12
0.000424990668185326	1.92118125315891	0.162	0.043	1	8	ELL2
0.000561196059707714	1.92118125315891	0.074	0.022	1	8	FBXO36
0.00131361046310478	1.92118125315891	0.103	0.029	1	8	COBL
0.00102166708385874	1.92118125315891	0.176	0.056	1	8	POLD1
0.000128683862688994	1.91112758849499	0.147	0.042	1	8	CAP2
0.00244156697026401	1.91112758849499	0.118	0.039	1	8	POLQ
0.00496041614411172	1.91112758849499	0.132	0.042	1	8	BHMT
0.00214874066391101	1.90737545363388	0.103	0.03	1	8	RAB11FIP2
0.00348989837041619	1.90737545363388	0.103	0.03	1	8	SAR1B
0.00542065719585592	1.90737545363388	0.103	0.03	1	8	IFT122
0.00809676150138195	1.90737545363388	0.103	0.03	1	8	DHX34
9.16634525065011e-05	1.9042081745552	0.162	0.049	1	8	NCK2
0.000234449820286458	1.9042081745552	0.162	0.05	1	8	ZNF276
0.000164043171325943	1.89915494682891	0.118	0.039	1	8	CDC42EP4
0.00265007776894101	1.89915494682891	0.132	0.039	1	8	GPR107
0.000346928896727291	1.89530262133331	0.191	0.06	1	8	CYYR1
0.000162423939049074	1.89370051673681	0.162	0.047	1	8	NCAPH2
0.000169563711493971	1.89370051673681	0.162	0.044	1	8	SLC7A6
0.000169563711493971	1.89370051673681	0.162	0.046	1	8	FOXJ2
0.00050968286987897	1.89370051673681	0.147	0.047	1	8	VWA8
0.00558386794269163	1.88981708224958	0.074	0.024	1	8	MACROD1
0.00749000810779638	1.88981708224958	0.088	0.026	1	8	CCDC125
0.000174560717342969	1.8846553771338	0.118	0.035	1	8	ZC2HC1A
0.000590245993516864	1.8846553771338	0.118	0.035	1	8	GPR132
0.00100205435195466	1.8846553771338	0.118	0.034	1	8	ZNF501
0.00652200014075153	1.87911719359237	0.118	0.05	1	8	GAS2L3
0.00139671030078191	1.87745987572959	0.176	0.055	1	8	PDZD2
0.00397795897601091	1.86673346913654	0.044	0.015	1	8	NDUFAF6
0.00450874288748062	1.86673346913654	0.132	0.06	1	8	LOC138521178
0.0068056514687453	1.86673346913654	0.015	0.007	1	8	CDKN2D
0.00125682895707939	1.86673346913654	0.103	0.031	1	8	UACA
0.00383520068870181	1.85832122932034	0.162	0.061	1	8	COL12A1
0.000146763966556197	1.85733477113429	0.206	0.067	1	8	ZFYVE26
0.000119804884642971	1.85608622493703	0.191	0.058	1	8	CAPN15
0.00081590234377301	1.8544551393581	0.162	0.05	1	8	CDC14A
0.000351354690042817	1.85223389944142	0.147	0.043	1	8	HDAC3
0.00103518336975063	1.84903146740308	0.118	0.035	1	8	ACSF2
0.00392983339014328	1.84903146740308	0.118	0.035	1	8	MST1R
0.00572760884611936	1.84903146740308	0.118	0.035	1	8	GATB
0.00460742196456253	1.84401339263645	0.088	0.027	1	8	ERICH6
0.00749000810779638	1.84401339263645	0.088	0.028	1	8	ZSWIM1
0.00689929509037345	1.842280425412	0.206	0.092	1	8	PNLDC1
0.0011954117622269	1.84026125777534	0.147	0.045	1	8	SLF1
0.00167446358584032	1.84026125777534	0.147	0.047	1	8	IRF5
0.000466457673735405	1.8350246094092	0.132	0.04	1	8	GMPR
0.00265007776894101	1.8350246094092	0.132	0.039	1	8	MITF
0.00595118665045698	1.8350246094092	0.059	0.019	1	8	ZBTB48
0.000148778953375968	1.83020759311142	0.162	0.052	1	8	GLMN
0.00081590234377301	1.83020759311142	0.162	0.05	1	8	SYDE1
0.000331468486559298	1.8272051049499	0.191	0.064	1	8	METAP1D
0.00358453988523329	1.8272051049499	0.103	0.031	1	8	CLCN7
0.00358453988523329	1.8272051049499	0.103	0.031	1	8	WDR11
0.000881404287048251	1.82366474724465	0.118	0.043	1	8	PTPN18
0.000223737453426736	1.821645579608	0.162	0.052	1	8	CDC25C
0.00035904728444284	1.821645579608	0.162	0.052	1	8	PNPLA2
0.00033044297835683	1.8142660492424	0.118	0.037	1	8	INTS7
0.0017834626865655	1.8142660492424	0.162	0.048	1	8	BBS9
0.00557979256849794	1.8142660492424	0.118	0.037	1	8	MTHFSD
0.00765039527875822	1.8142660492424	0.103	0.035	1	8	TMEM97
0.000118251860633138	1.80783978008297	0.25	0.102	1	8	AHRR
0.000273903983210365	1.80636085115705	0.176	0.053	1	8	ZFP91
0.000298276649613774	1.80399771378857	0.132	0.039	1	8	ATG16L2
0.00265007776894101	1.80399771378857	0.132	0.041	1	8	KIN
0.00368514199006192	1.80399771378857	0.118	0.039	1	8	MAP3K14
0.00742498512916711	1.80399771378857	0.118	0.041	1	8	LENG9
0.000511655404649662	1.799619273278	0.162	0.056	1	8	BEND2
0.000779076265608177	1.799619273278	0.176	0.056	1	8	WRNIP1
0.000128683862688994	1.79565037107505	0.147	0.045	1	8	CLOCK
0.00356725669763	1.79565037107505	0.147	0.044	1	8	STK40
8.70717722156106e-05	1.79380194668268	0.206	0.063	1	8	SLC25A14
0.000577806988234496	1.79273288769276	0.191	0.076	1	8	TICRR
0.00214874066391101	1.78873095713526	0.103	0.033	1	8	DDX47
0.00542065719585592	1.78873095713526	0.103	0.032	1	8	LYSMD2
0.000446601553378417	1.78427130894456	0.191	0.07	1	8	GRK6
0.00392983339014328	1.78031871731906	0.118	0.037	1	8	ULK2
0.000193864355891186	1.77679134382374	0.206	0.075	1	8	RPS6KC1
0.00607871504095679	1.77362406474505	0.059	0.013	1	8	MMP11
0.00021646490898505	1.76816963465295	0.147	0.045	1	8	SCAI
0.000225452977265749	1.76816963465295	0.147	0.045	1	8	THOC5
0.00565792755194207	1.76363997617243	0.074	0.023	1	8	WDR4
0.00633029664449769	1.76363997617243	0.132	0.05	1	8	LOC138525759
0.000374190588764676	1.75981826522002	0.162	0.052	1	8	KIAA1958
0.000322363988407355	1.75867372327908	0.221	0.083	1	8	SNX17
0.000188572228465606	1.75655055138611	0.176	0.056	1	8	PCYT1B
0.000383159302999156	1.75655055138611	0.176	0.057	1	8	TRAF6
0.00199812386707394	1.75655055138611	0.176	0.057	1	8	PFKFB4
0.00266895553530036	1.75655055138611	0.088	0.03	1	8	ACSL3
0.00266895553530036	1.75655055138611	0.088	0.03	1	8	CNNM2
0.00197615882485048	1.7512562517166	0.191	0.067	1	8	TSSK4
0.00214874066391101	1.7512562517166	0.103	0.034	1	8	KIT
0.00358453988523329	1.7512562517166	0.103	0.033	1	8	VHL
0.00783449509474071	1.74715185338386	0.103	0.037	1	8	KLHL13
0.00831929341856705	1.74715185338386	0.118	0.036	1	8	KANK1
0.000487721650068118	1.74715185338386	0.206	0.073	1	8	KLHL6
0.000165025814982278	1.74598130967593	0.279	0.116	1	8	LOC138567561
0.000276201220177238	1.743876721351	0.132	0.043	1	8	GOLGA5
0.000788933010427685	1.743876721351	0.235	0.084	1	8	PTPN3
0.00265007776894101	1.743876721351	0.132	0.042	1	8	LIX1L
0.000904458900538055	1.74120258705268	0.147	0.043	1	8	LOC138467135
0.000255992825800954	1.73897792193816	0.162	0.051	1	8	ARHGAP42
0.000408524301665461	1.73897792193816	0.162	0.05	1	8	SCLT1
0.000244378431245769	1.73709818871994	0.162	0.055	1	8	ASPSCR1
0.000537892052714862	1.73709818871994	0.162	0.056	1	8	AUH
0.00279045292429379	1.73548893585828	0.162	0.058	1	8	NME7
0.00488560246237885	1.73548893585828	0.162	0.059	1	8	IPO9
0.00196083730269589	1.73085004105476	0.206	0.077	1	8	MFN1
0.000104632505355007	1.71473037569149	0.162	0.052	1	8	RABGGTA
0.00106928084741025	1.71473037569149	0.118	0.038	1	8	SUMF2
0.00172391747236708	1.71473037569149	0.162	0.053	1	8	BMP2K
0.00295656640738125	1.71473037569149	0.074	0.026	1	8	MBTPS2
0.00397795897601091	1.71473037569149	0.044	0.017	1	8	ADAT2
0.00403925220269027	1.71473037569149	0.118	0.036	1	8	ANKRD26
0.00565792755194207	1.71473037569149	0.074	0.025	1	8	PICK1
0.00749000810779638	1.71473037569149	0.088	0.03	1	8	TLR13
0.000351354690042817	1.71473037569149	0.147	0.048	1	8	NPRL3
0.000366703272808488	1.71473037569149	0.221	0.086	1	8	LPIN2
0.000383696260493408	1.71473037569149	0.191	0.063	1	8	FHIP1B
0.000790957565762453	1.71473037569149	0.191	0.061	1	8	ACCS
0.00353915927407323	1.71473037569149	0.132	0.047	1	8	TUBGCP6
0.00680284674825449	1.71473037569149	0.132	0.047	1	8	VPS37A
0.00680284674825449	1.71473037569149	0.132	0.048	1	8	RIMKLB
0.000406488223825144	1.71473037569149	0.162	0.053	1	8	PHAF1
0.000101628485040158	1.69680846769422	0.176	0.068	1	8	BRF1
0.00212247552800811	1.69680846769422	0.176	0.071	1	8	AFG1L
0.00103643930016045	1.69426627313177	0.191	0.063	1	8	CBX7
0.00851349051520336	1.69270406936149	0.132	0.057	1	8	AGK
0.000104632505355007	1.69088363373712	0.162	0.049	1	8	PNPLA6
0.0034997901598083	1.69088363373712	0.147	0.05	1	8	L3MBTL2
0.000872973268808036	1.68873516715854	0.147	0.047	1	8	TET2
0.00110323183711789	1.68873516715854	0.132	0.049	1	8	CCNT1
0.000111122481396851	1.68793031634777	0.279	0.132	1	8	PREX1
0.00376672092552461	1.68793031634777	0.265	0.132	1	8	ARHGAP7
0.00185620278208209	1.68616122349471	0.132	0.042	1	8	KATNB1
0.00273096763692248	1.68616122349471	0.132	0.043	1	8	TACC2
0.00730672002441188	1.68616122349471	0.132	0.043	1	8	APTX
0.000973705532574593	1.68302151596415	0.206	0.076	1	8	PRDM1
0.00791701756979978	1.68302151596415	0.118	0.04	1	8	TESC
0.000264014347591334	1.68117781598046	0.206	0.073	1	8	ECT2
0.000632430185278105	1.68117781598046	0.294	0.145	1	8	AR
0.000356344894398456	1.67910646596076	0.103	0.036	1	8	ZNF646
0.00125682895707939	1.67910646596076	0.103	0.036	1	8	IPPK
0.00348989837041619	1.67910646596076	0.103	0.036	1	8	MCOLN1
0.00358453988523329	1.67910646596076	0.103	0.032	1	8	FBXO10
0.00528620185963305	1.67910646596076	0.25	0.104	1	8	RCSD1
0.000173383633294125	1.67408839119414	0.176	0.058	1	8	GSTCD
0.000273903983210365	1.67100899826217	0.176	0.058	1	8	ST3GAL3
0.0011485635595946	1.67100899826217	0.176	0.057	1	8	AGPAT4
0.00375060445794303	1.67100899826217	0.206	0.113	1	8	NEBL
0.00990438132111564	1.66742466091313	0.074	0.027	1	8	AMT
0.00114052448492626	1.6632000750514	0.132	0.048	1	8	ACSM3
0.00112369768989156	1.66161903923192	0.206	0.073	1	8	PARVA
0.000466457673735405	1.65814684732512	0.132	0.044	1	8	XPNPEP3
0.000483835424948437	1.65814684732512	0.132	0.045	1	8	CRBN
0.00107124261612702	1.65814684732512	0.162	0.06	1	8	RIPOR2
0.00551396338783028	1.65814684732512	0.118	0.044	1	8	C13H14orf93
0.00981959036461889	1.65814684732512	0.132	0.045	1	8	CRNKL1
0.000181436170283951	1.65522936394282	0.235	0.083	1	8	FANCA
0.000248841268132227	1.65418883375643	0.176	0.063	1	8	DDX51
0.00274461963285443	1.65418883375643	0.176	0.063	1	8	NOL10
0.0028789935664992	1.65199462034352	0.206	0.081	1	8	LOC138471985
0.000846417597003363	1.6496353474696	0.162	0.056	1	8	MASTL
8.92753743449608e-05	1.64838788086279	0.235	0.075	1	8	NARF
0.00061223360267852	1.64671195226283	0.25	0.108	1	8	EPHB1
0.00122864724441252	1.64434104780009	0.162	0.056	1	8	BRD1
0.000876471091080075	1.64434104780009	0.191	0.072	1	8	WDR48
0.000495988466990864	1.64030553456493	0.294	0.135	1	8	UBTD1
0.000194066366838714	1.63976831801026	0.191	0.067	1	8	ATP11A
0.000528335197299052	1.63672786369021	0.206	0.08	1	8	AFG2A
0.00071304423323098	1.6345600270075	0.088	0.032	1	8	SLC25A33
9.7546659878837e-05	1.63226821549951	0.221	0.071	1	8	HGSNAT
0.00152546090604871	1.63066611090301	0.118	0.044	1	8	TTC39C
0.00265007776894101	1.63066611090301	0.132	0.046	1	8	TRIM8
0.00532944838876614	1.63066611090301	0.132	0.046	1	8	MIA2
0.00028572710338321	1.62857373194177	0.176	0.058	1	8	DENND2A
0.000672921022648368	1.62726753444115	0.221	0.073	1	8	NUP85
0.000162423939049074	1.6216209713	0.162	0.056	1	8	DNMT3B
0.00295656640738125	1.6216209713	0.074	0.028	1	8	FN3KRP
0.00857045930249051	1.6216209713	0.147	0.053	1	8	LLGL1
0.00990438132111564	1.6216209713	0.074	0.027	1	8	CEP85
0.00990438132111564	1.6216209713	0.074	0.028	1	8	LOC138579953
0.000383696260493408	1.6216209713	0.191	0.068	1	8	NOD1
0.000406673469251228	1.6216209713	0.206	0.081	1	8	TOM1L2
0.000679364480390977	1.6216209713	0.206	0.083	1	8	SF3B2
0.00392983339014328	1.6216209713	0.118	0.039	1	8	LOC138489829
0.00791701756979978	1.6216209713	0.118	0.041	1	8	PHC1
0.000193273567214386	1.61770592129662	0.221	0.081	1	8	BRIP1
0.000159778890069464	1.61711957906506	0.265	0.088	1	8	EXT2
0.00242028751418645	1.61711957906506	0.221	0.09	1	8	USP42
0.00125140508079927	1.6134470398543	0.147	0.052	1	8	IFNGR2
0.000474221895490131	1.61216064205094	0.191	0.076	1	8	ACKR3
0.000238704257273044	1.61039371587675	0.221	0.074	1	8	SENP7
0.00117775831099961	1.61039371587675	0.191	0.074	1	8	PASK
0.00829064006076138	1.61039371587675	0.103	0.036	1	8	THEMIS2
0.00305338458219538	1.60781517177497	0.162	0.059	1	8	NCOA7
0.000240998618150766	1.60667062983403	0.191	0.081	1	8	NDRG1
0.000277725961262507	1.60667062983403	0.235	0.081	1	8	GMEB1
8.42804098556252e-05	1.60369906330274	0.132	0.047	1	8	BLOC1S5
0.00122569519271032	1.60369906330274	0.132	0.047	1	8	HEATR6
0.0038033372927856	1.60369906330274	0.132	0.047	1	8	UTP14A
0.000158145642828632	1.60267186849901	0.397	0.211	1	8	MCTP2
0.00151926655191021	1.60055935577217	0.206	0.076	1	8	PAOX
0.00409865956843407	1.59608587919287	0.162	0.061	1	8	FAM83G
0.00749000810779638	1.59608587919287	0.088	0.033	1	8	ORMDL2
0.00339816230532436	1.59371497473012	0.191	0.076	1	8	SKIC3
0.00492146824159132	1.59371497473012	0.162	0.068	1	8	TTC33
0.000565296055771181	1.59187362790595	0.206	0.084	1	8	CEP57
0.00382299037662945	1.59187362790595	0.118	0.041	1	8	SUN1
0.00852684682027915	1.59187362790595	0.118	0.04	1	8	FNDC3A
0.00167330041114902	1.58919949360763	0.132	0.051	1	8	DEPDC5
0.000136400776167116	1.58919949360763	0.25	0.099	1	8	IPO4
0.00646157373328554	1.58599706156928	0.176	0.072	1	8	WWP2
0.000290360243911796	1.58496250072116	0.221	0.081	1	8	OCIAD1
0.000337863539898218	1.58248257739305	0.265	0.105	1	8	EFCC1
9.28612846781958e-05	1.57722685194155	0.235	0.101	1	8	TBL1X
0.000141870989788359	1.57722685194155	0.221	0.086	1	8	PPP2R5E
0.000757090953228933	1.57722685194155	0.132	0.048	1	8	GPKOW
0.00125682895707939	1.57722685194155	0.103	0.039	1	8	PAK4
0.00191543997870227	1.57722685194155	0.132	0.045	1	8	ICA1L
0.00281400883662545	1.57722685194155	0.132	0.046	1	8	EDEM2
0.00342740910159805	1.57722685194155	0.324	0.159	1	8	BAHCC1
0.0054775065620917	1.57722685194155	0.132	0.046	1	8	TCEAL1
0.000114040604914919	1.57722685194155	0.206	0.077	1	8	SH3GL1
0.000290414365387569	1.57722685194155	0.191	0.067	1	8	CADM3
0.000790957565762453	1.57722685194155	0.191	0.067	1	8	CLCN6
0.000840549690765627	1.57722685194155	0.176	0.063	1	8	LOC138583049
0.00172391747236708	1.57722685194155	0.162	0.057	1	8	ACLY
0.00633029664449769	1.57722685194155	0.132	0.056	1	8	REV1
0.000355818562097672	1.57099489823004	0.25	0.099	1	8	SOS2
0.000875548585783194	1.57099489823004	0.206	0.092	1	8	ARHGAP26
0.000311160151261216	1.56995885147751	0.309	0.155	1	8	OSBPL5
0.000140304371880598	1.56850963484044	0.206	0.069	1	8	TASP1
0.000379682890714379	1.56850963484044	0.206	0.071	1	8	PGAP6
0.000521858651917691	1.56850963484044	0.206	0.073	1	8	LCMT1
0.00579798026151935	1.56850963484044	0.191	0.073	1	8	BRD8
0.00119251443172605	1.56633853579881	0.25	0.115	1	8	PPP6R2
0.000729515357797561	1.56535275165326	0.132	0.052	1	8	PLEKHJ1
0.00019644363865509	1.56272728224644	0.235	0.087	1	8	VPS8
0.00100205435195466	1.56272728224644	0.118	0.044	1	8	ELL3
0.00765039527875822	1.56272728224644	0.103	0.043	1	8	EOGT
0.00791701756979978	1.56272728224644	0.118	0.044	1	8	MRRF
8.99405324983979e-05	1.56092503961245	0.221	0.076	1	8	RANBP10
0.000135298711163362	1.55718909870501	0.279	0.116	1	8	SDR39U1
0.000390491301843975	1.55666552945923	0.25	0.089	1	8	DCAF6
0.000792758459582125	1.55666552945923	0.235	0.089	1	8	TRIM37
0.00127276274617576	1.55553178084223	0.162	0.057	1	8	BROX
0.00428923354167873	1.55553178084223	0.162	0.057	1	8	LOC138520752
0.000656556987634254	1.55426570349824	0.206	0.082	1	8	LOC138567092
0.000276201220177238	1.55123164340861	0.132	0.048	1	8	ACOX2
0.000276201220177238	1.55123164340861	0.132	0.049	1	8	NOP9
0.00033852158471699	1.55123164340861	0.235	0.096	1	8	DNAJC11
0.000352618602059192	1.55123164340861	0.191	0.074	1	8	POLR1A
0.000501792707078419	1.55123164340861	0.132	0.046	1	8	SOX4
0.000757090953228933	1.55123164340861	0.132	0.047	1	8	USP20
0.00730672002441188	1.55123164340861	0.132	0.048	1	8	ARID3B
0.00123230221196015	1.54967112942099	0.309	0.147	1	8	THSD7A
0.000330658549639809	1.54837198926937	0.221	0.085	1	8	DOK1
0.000198609119818958	1.54727362983992	0.176	0.063	1	8	PLEKHA4
0.00116616404462061	1.54727362983992	0.162	0.064	1	8	PWWP2A
0.0005905690080117	1.54311899762129	0.235	0.089	1	8	MSRA
0.000955543664185667	1.54189377882927	0.235	0.105	1	8	SUZ12
0.00246563239320538	1.54189377882927	0.132	0.054	1	8	DMAP1
0.00485762826073832	1.54189377882927	0.147	0.055	1	8	ZNF532
0.00736034828123816	1.54189377882927	0.132	0.052	1	8	CARF
8.38255408464838e-05	1.54023264445935	0.191	0.067	1	8	TASOR2
0.00242273906491054	1.54023264445935	0.191	0.07	1	8	MMS19
0.00164103297930825	1.53840760305102	0.221	0.093	1	8	ZCCHC14
0.00861005549463848	1.53840760305102	0.147	0.079	1	8	TGFBI
0.000744618459970499	1.53415813004966	0.191	0.072	1	8	ARL13B
0.00448834513777537	1.53415813004966	0.147	0.059	1	8	DEF6
0.00557979256849794	1.53415813004966	0.118	0.044	1	8	SPPL2A
0.000128425006691452	1.53030580455406	0.265	0.102	1	8	CSPP1
0.000514904937029596	1.52969848185897	0.235	0.092	1	8	HBS1L
0.000325173369730272	1.52886383038015	0.206	0.076	1	8	PRDM11
0.00374995703368154	1.52886383038015	0.191	0.078	1	8	DYM
0.00323193472500889	1.52764482309099	0.147	0.063	1	8	FANCI
0.00532635257684531	1.52764482309099	0.162	0.065	1	8	DDX56
0.000317001564553942	1.52679742509841	0.235	0.109	1	8	MED12
0.000170567451258592	1.52569655130147	0.118	0.044	1	8	POU6F2
0.0038033372927856	1.52569655130147	0.132	0.05	1	8	CCDC18
0.00749000810779638	1.52208529774909	0.088	0.033	1	8	POLI
0.000145687202104839	1.52064332357518	0.294	0.124	1	8	PPP2R5D
0.000257498537349751	1.52008294483794	0.221	0.09	1	8	TUBGCP3
0.00295943768357631	1.52008294483794	0.206	0.087	1	8	CHM
0.000842470155795252	1.51881016571623	0.147	0.055	1	8	PAAF1
0.00187388973909259	1.51881016571623	0.147	0.054	1	8	ODF2
0.00914582442281791	1.51881016571623	0.132	0.054	1	8	ASH2L
0.00213814640973492	1.51792966825778	0.25	0.12	1	8	TRANK1
0.00316824754681677	1.51728431148527	0.176	0.075	1	8	RABGEF1
0.0029216160300689	1.51640165924551	0.191	0.084	1	8	PLPPR5
0.00080594953494634	1.51309651452184	0.147	0.06	1	8	SPG7
0.00253525129967549	1.51309651452184	0.162	0.058	1	8	ZDHHC7
0.00342585204421146	1.51309651452184	0.162	0.057	1	8	RPAP2
0.000122776866899169	1.51309651452184	0.25	0.093	1	8	MIS18BP1
0.00125682895707939	1.51309651452184	0.103	0.04	1	8	TTL
0.00810521170482482	1.51309651452184	0.176	0.081	1	8	SPATS2
0.000265874814112475	1.51011265608301	0.265	0.104	1	8	DDI2
0.000549287401127096	1.50941146771398	0.221	0.082	1	8	TMEM135
0.00298824746281886	1.50827949822406	0.265	0.125	1	8	EPC2
0.00382299037662945	1.50614375388007	0.118	0.045	1	8	ASB3
0.00382299037662945	1.50614375388007	0.118	0.045	1	8	PXYLP1
0.00765039527875822	1.50614375388007	0.103	0.046	1	8	CCDC82
0.000777457935374432	1.50416338975183	0.265	0.121	1	8	GRK3
0.00144581319141815	1.50416338975183	0.191	0.07	1	8	PIGN
0.00594423182162455	1.50416338975183	0.176	0.068	1	8	FANCL
0.000827027370376687	1.50322627049777	0.235	0.091	1	8	LRRC40
0.00111182678052902	1.50322627049777	0.191	0.083	1	8	RN18S
0.00522928088040605	1.50322627049777	0.206	0.096	1	8	DNAJC5
0.00784537544763542	1.50322627049777	0.191	0.091	1	8	LTN1
0.00798778586211988	1.5026798985765	0.221	0.097	1	8	PDE4A
0.000322052597731426	1.50060557033864	0.265	0.102	1	8	NEURL4
0.00232440152776864	1.50060557033864	0.235	0.098	1	8	RBM26
0.00265007776894101	1.50060557033864	0.132	0.049	1	8	DTNBP1
0.0038033372927856	1.50060557033864	0.132	0.049	1	8	PDHX
0.00742498512916711	1.50060557033864	0.118	0.048	1	8	FLNC
0.000431689917915036	1.49869344939486	0.294	0.125	1	8	NCOA6
0.00021725011696369	1.49749965947082	0.206	0.065	1	8	TGM2
0.00257010749913627	1.49609008921615	0.147	0.056	1	8	GPC2
0.00126808258399732	1.49476469174958	0.206	0.085	1	8	SMARCC2
0.000707476195542437	1.49233795435504	0.206	0.091	1	8	TRIM28
0.00122864724441252	1.49233795435504	0.162	0.062	1	8	TTLL11
0.00462047798925239	1.49233795435504	0.147	0.059	1	8	FIRRM
0.00396973008362626	1.49017011767233	0.221	0.095	1	8	JADE3
0.000589345487625328	1.48776522456521	0.294	0.119	1	8	HIVEP2
0.000105709284795727	1.48731987958841	0.397	0.196	1	8	ZEB1
0.000240971344037846	1.48646138801837	0.25	0.104	1	8	WDR70
0.00028587666400425	1.48646138801837	0.191	0.072	1	8	ATRIP
0.00855841980126612	1.48646138801837	0.162	0.067	1	8	RASGRP4
0.00041156018850696	1.48411744755007	0.176	0.072	1	8	CLSPN
0.00173092888868052	1.48411744755007	0.191	0.074	1	8	POLR2B
0.00348989837041619	1.48206961890121	0.103	0.041	1	8	LRWD1
0.00161116929714412	1.48026512205446	0.191	0.082	1	8	SPRED2
0.00061057597958497	1.47866301745796	0.235	0.09	1	8	LOC138538430
0.00100339582553097	1.47866301745796	0.206	0.087	1	8	ATXN7
0.00012620181541202	1.47723106196483	0.25	0.095	1	8	INTS6
0.000134837696280358	1.47723106196483	0.221	0.083	1	8	NFATC1
0.000728028526413595	1.47723106196483	0.235	0.094	1	8	PCCA
0.00705961615081849	1.47372227618769	0.147	0.054	1	8	TBC1D24
0.000408524301665461	1.47187385179532	0.162	0.061	1	8	STK11IP
0.00245399785113802	1.47187385179532	0.162	0.061	1	8	LTO1
0.00332000683731172	1.47187385179532	0.162	0.061	1	8	ACVR2B
0.00597430192609105	1.47187385179532	0.162	0.057	1	8	HMCN2
0.00444326273168942	1.47031164802504	0.162	0.061	1	8	NCALD
0.00150011483409668	1.46897396128953	0.191	0.07	1	8	TBC1D14
0.000396511508234576	1.46781563522097	0.206	0.073	1	8	CEP97
0.000159804779261964	1.4668028622479	0.191	0.08	1	8	PABIR2
0.00852015477839276	1.46440702160725	0.221	0.095	1	8	XPO7
0.00572864160237916	1.46319160869552	0.206	0.099	1	8	LEF1
0.000111344443711915	1.45169596985769	0.221	0.089	1	8	LCLAT1
0.00042499014869927	1.45169596985769	0.162	0.061	1	8	SLC25A13
0.00134603574203976	1.45169596985769	0.235	0.092	1	8	CDK5RAP2
0.00243629523381774	1.45169596985769	0.132	0.058	1	8	ADGRG1
0.00391404728613994	1.45169596985769	0.132	0.051	1	8	MIPOL1
0.00730672002441188	1.45169596985769	0.132	0.047	1	8	NAT16
0.00730672002441188	1.45169596985769	0.132	0.053	1	8	ALDH1L2
0.00834561037030038	1.45169596985769	0.147	0.061	1	8	REM2
0.000523863010067615	1.45169596985769	0.324	0.152	1	8	RAI14
0.00483194612421446	1.45169596985769	0.221	0.107	1	8	CCP110
0.000174386709613604	1.45169596985769	0.221	0.096	1	8	FBXO42
0.00046710996947003	1.45169596985769	0.206	0.08	1	8	TRIM62
0.00046710996947003	1.45169596985769	0.206	0.082	1	8	LRRC1
0.000605732026119024	1.45169596985769	0.176	0.067	1	8	LOC138503961
0.00144581319141815	1.45169596985769	0.191	0.07	1	8	GPR108
0.00157305459613111	1.45169596985769	0.176	0.068	1	8	HECTD3
0.00184861814929999	1.45169596985769	0.191	0.073	1	8	NEK9
0.00226713717881334	1.45169596985769	0.191	0.079	1	8	CLASRP
0.00324299089807627	1.45169596985769	0.162	0.065	1	8	GPR155
0.00418213708169679	1.45169596985769	0.162	0.066	1	8	RMND5A
0.00430977897756819	1.45169596985769	0.191	0.084	1	8	MAP1B
0.00557979256849794	1.45169596985769	0.118	0.047	1	8	DCAF17
0.00800063256969276	1.45169596985769	0.176	0.068	1	8	NAF1
0.00811603381340128	1.45169596985769	0.118	0.041	1	8	BCAS4
0.00378761189947717	1.45169596985769	0.147	0.054	1	8	POLR3E
0.000112382013959182	1.44442796939365	0.338	0.152	1	8	TDRD7
0.000157427555522778	1.44127935391235	0.279	0.113	1	8	METTL15
0.000250797413084662	1.44080765371496	0.25	0.108	1	8	A4GNT
0.000513380716927216	1.44080765371496	0.235	0.109	1	8	URI1
0.00243413788770821	1.44029120658544	0.221	0.094	1	8	SLC9A9
0.000252246695612821	1.43972332819162	0.25	0.099	1	8	POLR3B
0.0001962252619412	1.43909593307806	0.221	0.083	1	8	SORL1
0.000432487938627119	1.43909593307806	0.221	0.099	1	8	STAU1
0.000697483684509276	1.43909593307806	0.235	0.098	1	8	ZDHHC5
0.000672627337833768	1.43839914724423	0.221	0.091	1	8	TRIP11
0.00122698257097821	1.43839914724423	0.221	0.091	1	8	ACACB
0.000947656833733108	1.43575442598867	0.206	0.078	1	8	TBC1D12
0.00159149694345491	1.43462245649875	0.176	0.073	1	8	GPATCH2
0.00242273906491054	1.43462245649875	0.191	0.075	1	8	GMCL1
0.00402110444343385	1.43462245649875	0.191	0.073	1	8	CNTLN
0.00576812155176206	1.43462245649875	0.176	0.074	1	8	UBFD1
0.000420220584157379	1.43331744054284	0.176	0.069	1	8	FANCM
0.000511230639419928	1.43331744054284	0.279	0.13	1	8	SOCS7
0.000558902249732539	1.43331744054284	0.162	0.065	1	8	ATP7A
0.00246617664475872	1.43331744054284	0.279	0.13	1	8	TSHZ2
0.00382169540385973	1.43331744054284	0.176	0.068	1	8	LRP5
0.00245399785113802	1.43179641241999	0.162	0.063	1	8	TTC39B
0.0039021670791093	1.43000089875837	0.147	0.055	1	8	MTRR
0.00649912968161169	1.43000089875837	0.147	0.059	1	8	AKAP10
0.00668154994866788	1.43000089875837	0.147	0.057	1	8	TFPI
0.00902099749398533	1.43000089875837	0.147	0.056	1	8	RNASEH2A
0.000190315862681217	1.42897589335761	0.25	0.106	1	8	NPAT
0.000538129155490294	1.42660498889486	0.235	0.096	1	8	ELL
0.00403925220269027	1.4252237584965	0.118	0.044	1	8	BTBD2
0.00811603381340128	1.4252237584965	0.118	0.047	1	8	ADARB1
0.000131684092595365	1.42421523343558	0.279	0.129	1	8	FAM135A
9.89557703297679e-05	1.4236815936881	0.235	0.089	1	8	RCE1
0.000759767438817181	1.4236815936881	0.206	0.088	1	8	ORAI2
0.00123013838659323	1.4236815936881	0.221	0.091	1	8	PRR14
0.000128284637768501	1.42194862646364	0.221	0.084	1	8	ACAD10
0.0015940826912253	1.42194862646364	0.206	0.079	1	8	NUP133
0.00809676150138195	1.42194862646364	0.103	0.042	1	8	HS6ST1
0.00809676150138195	1.42194862646364	0.103	0.043	1	8	DOCK10
0.000148638867892022	1.42099917263478	0.353	0.157	1	8	MYO9A
0.000150458849176858	1.42066907423707	0.279	0.12	1	8	ADIPOR2
0.00164016311969749	1.41998711013035	0.206	0.078	1	8	PEX14
0.00789703009902252	1.41998711013035	0.191	0.076	1	8	ZNF711
0.000133018392147627	1.41927449216531	0.265	0.11	1	8	U2SURP
0.000431423561787143	1.41774863793435	0.176	0.072	1	8	FUT2
0.00157305459613111	1.41517009383258	0.176	0.07	1	8	USF3
0.00405665832917262	1.41517009383258	0.162	0.065	1	8	MICALL2
9.29979802221772e-05	1.41422126443903	0.265	0.099	1	8	MTX2
0.000154370972280077	1.41422126443903	0.235	0.096	1	8	CAPON
0.000903935305924986	1.41422126443903	0.25	0.1	1	8	ZDHHC9
0.00305013847127016	1.41422126443903	0.25	0.102	1	8	PTDSS2
9.29845565211199e-05	1.41342595292997	0.353	0.155	1	8	ABCA3
0.00010718695722191	1.41342595292997	0.309	0.152	1	8	BBS12
0.00119042818200193	1.41216760567105	0.221	0.091	1	8	EVI5L
0.00178783208454792	1.41216760567105	0.147	0.061	1	8	ATXN10
0.00342585204421146	1.41216760567105	0.162	0.062	1	8	KLC2
0.000224035772450506	1.41216760567105	0.279	0.119	1	8	POGZ
0.00275356610700723	1.41216760567105	0.25	0.125	1	8	PIK3C2A
0.000477340648313291	1.40987579416307	0.206	0.088	1	8	ZNF773
0.000579377240427121	1.40862724796581	0.25	0.116	1	8	FAM222A
0.000365280197280042	1.40862724796581	0.147	0.056	1	8	TMEM38B
0.00914582442281791	1.40862724796581	0.132	0.059	1	8	RFNG
0.00937935037112267	1.40862724796581	0.132	0.057	1	8	IFT80
9.1410138829201e-05	1.40660808032915	0.265	0.108	1	8	SUCO
0.000213469924749442	1.40439025507934	0.279	0.106	1	8	PKD1
0.0017119076096517	1.40439025507934	0.25	0.107	1	8	UBAC1
0.000555722087247413	1.40439025507934	0.294	0.122	1	8	INPP4A
0.00170275400947932	1.40439025507934	0.206	0.079	1	8	RNF40
0.00212256731116142	1.40439025507934	0.206	0.078	1	8	GTF2IRD1
0.00916879377501587	1.40439025507934	0.191	0.079	1	8	NUDCD1
9.85557551448438e-05	1.40245245083784	0.309	0.123	1	8	ABI2
0.00559654191698492	1.40106989678772	0.176	0.076	1	8	MAP7D1
0.000148123402440383	1.40034908985747	0.309	0.117	1	8	DUS2
0.000166926596001959	1.39922854996356	0.235	0.086	1	8	KIAA1328
0.000174560717342969	1.39922854996356	0.118	0.048	1	8	HDAC11
0.00392983339014328	1.39922854996356	0.118	0.047	1	8	KMT5C
0.000371671245742531	1.39805800625562	0.279	0.11	1	8	LRCH2
0.00613892724753157	1.39724818583532	0.176	0.072	1	8	GCC2
0.000539602851029011	1.39555289182016	0.265	0.107	1	8	DNMBP
0.00053562608363458	1.39479357862321	0.279	0.12	1	8	KCNN3
0.00179358893479176	1.39280228080412	0.147	0.06	1	8	TCF7L1
0.00358453988523329	1.39280228080412	0.103	0.041	1	8	DACH1
0.00044066038731584	1.38896021450973	0.309	0.147	1	8	ABCC1
0.000379702147632047	1.38756563243798	0.147	0.057	1	8	ICOS
0.00273579600226578	1.38756563243798	0.147	0.057	1	8	MSH2
8.50108671481147e-05	1.38756563243798	0.265	0.105	1	8	LRRC8E
0.00627716990330906	1.38684482550772	0.265	0.132	1	8	BEGAIN
0.000166926596001959	1.38640450960597	0.235	0.096	1	8	DHX35
0.00049090587170725	1.38640450960597	0.235	0.095	1	8	MLLT1
0.00766294294106137	1.38458177399916	0.088	0.037	1	8	FILIP1
0.000391141516623257	1.38458177399915	0.191	0.074	1	8	MARCHF8
0.00981959036461889	1.38130664196629	0.132	0.054	1	8	MTR
0.000111515075933003	1.37954618410186	0.324	0.137	1	8	LIMD1
0.00219567878920721	1.37954618410186	0.176	0.068	1	8	SLC9A7
0.00393447010096202	1.37954618410186	0.162	0.072	1	8	MCRS1
0.000141299185284663	1.37844698782705	0.368	0.168	1	8	RLF
0.00299217889284251	1.37844698782705	0.206	0.086	1	8	TULP4
0.00366804311484989	1.37844698782705	0.221	0.086	1	8	AAK1
0.00131597336803697	1.37769538841391	0.25	0.104	1	8	BTAF1
0.00216342203427188	1.37769538841391	0.206	0.098	1	8	USP36
0.000162408764953539	1.37673391217647	0.456	0.237	1	8	NDEL1
0.00091213047310259	1.37640784255345	0.279	0.145	1	8	UBE2O
0.000752669288803704	1.37369345785642	0.338	0.169	1	8	FGD3
0.000362813379943233	1.37369345785642	0.324	0.138	1	8	SLC44A2
0.00172391747236708	1.37369345785642	0.162	0.067	1	8	CNST
0.00811603381340128	1.37369345785642	0.118	0.046	1	8	GLCE
0.00263266028741296	1.37107750964941	0.309	0.148	1	8	S1PR2
0.000317934573923133	1.36923380966572	0.221	0.091	1	8	DYNC1LI1
0.000631886025576204	1.36923380966572	0.206	0.094	1	8	KDM4A
0.00143062560590296	1.36827996167005	0.176	0.076	1	8	AGTPBP1
0.00353915927407323	1.36680707227118	0.132	0.06	1	8	MTCH1
0.00302154812249526	1.36572274674784	0.221	0.096	1	8	NEMF
0.00542065719585592	1.36423312860735	0.103	0.044	1	8	ACD
0.0071324913813378	1.36423312860735	0.088	0.045	1	8	TFB1M
0.000404847881339958	1.36288670289984	0.25	0.114	1	8	DOT1L
0.000546757647194944	1.36205875737302	0.294	0.134	1	8	ADAM9
0.000105991137354374	1.36109342107679	0.221	0.099	1	8	MYSM1
0.00391404728613994	1.35858656546621	0.132	0.055	1	8	E4F1
0.00532944838876614	1.35858656546621	0.132	0.055	1	8	LOC138567600
0.000133796394756514	1.35858656546621	0.206	0.082	1	8	RIC8B
0.00138816197104788	1.35858656546621	0.221	0.106	1	8	INKA1
0.00234767223667895	1.35858656546621	0.191	0.082	1	8	PIAS1
0.000799695001415828	1.35653873681735	0.25	0.115	1	8	STK25
0.00522928088040605	1.35593698705226	0.206	0.095	1	8	ARHGAP45
0.000569840956798826	1.3548344306051	0.147	0.062	1	8	RAB40B
0.00455725335994248	1.3548344306051	0.162	0.062	1	8	PRKD3
0.00600745438333949	1.3548344306051	0.147	0.066	1	8	ERCC6L2
0.000349846006620113	1.35423016042207	0.338	0.168	1	8	ARHGAP10
0.00233510376854368	1.35384864645955	0.235	0.105	1	8	ABCF3
0.00460742196456253	1.35216029630678	0.088	0.039	1	8	KXD1
0.00749000810779638	1.35216029630678	0.088	0.038	1	8	LOC138453446
0.000407948593458285	1.35216029630678	0.191	0.078	1	8	ABCB8
0.00056359126142421	1.35216029630678	0.368	0.184	1	8	HECTD4
0.00787873358990674	1.35216029630678	0.162	0.076	1	8	TMEM184B
0.00185924018402412	1.35076706100691	0.279	0.125	1	8	WDR7
0.00321305707287401	1.35015794339563	0.309	0.169	1	8	EPN1
0.000921977529286148	1.35015794339563	0.206	0.084	1	8	LPCAT3
0.00382299037662945	1.34860247689359	0.118	0.049	1	8	TMEM209
0.00791701756979978	1.34860247689359	0.118	0.051	1	8	SPRTN
0.000105175203440589	1.34774500581878	0.338	0.149	1	8	NUMBL
0.00167943736663767	1.34735931004296	0.265	0.11	1	8	PDXDC1
0.00458901102275675	1.346998591191	0.324	0.164	1	8	PACSIN3
0.00305338458219538	1.34478076594118	0.162	0.071	1	8	PRMT3
0.00581511695281246	1.34478076594118	0.162	0.069	1	8	OCRL
0.00234767223667895	1.34363622400024	0.191	0.082	1	8	AP2A1
0.00785573249651697	1.34363622400024	0.162	0.081	1	8	GPSM2
0.00216719613805021	1.34276159830453	0.221	0.091	1	8	ATP10D
0.00363988800452075	1.34276159830453	0.221	0.091	1	8	INTS3
0.000672627337833768	1.33621875243776	0.221	0.097	1	8	EDEM3
0.00138237784618485	1.33621875243776	0.074	0.034	1	8	FAM169B
0.00563518415934282	1.33621875243776	0.162	0.066	1	8	HSF1
0.00107736106381333	1.33621875243776	0.191	0.082	1	8	PDE10A
0.00205780076760005	1.33621875243776	0.191	0.075	1	8	POLK
0.00262079236350671	1.33621875243776	0.206	0.082	1	8	RPRD2
0.00273096763692248	1.33621875243776	0.132	0.053	1	8	KCNJ2
0.00761271196502037	1.33621875243776	0.118	0.056	1	8	HDAC9
0.0086166774320097	1.33094381039708	0.221	0.116	1	8	MED27
0.00119000116573082	1.33038967363556	0.25	0.104	1	8	SLC39A10
0.00173782532127004	1.33038967363556	0.235	0.105	1	8	SEC24B
0.00101622908735026	1.32970544547908	0.235	0.091	1	8	INTS8
0.00299553437960345	1.32970544547908	0.206	0.093	1	8	ZBED1
0.00179437288823894	1.32883922207216	0.191	0.084	1	8	TAPT1
0.00598085846129386	1.32883922207216	0.191	0.085	1	8	CLCN5
0.00011196389770845	1.3272485989332	0.382	0.189	1	8	MARK1
0.00181371393292411	1.32616508777383	0.147	0.061	1	8	ATP13A2
0.00485762826073832	1.32616508777383	0.147	0.063	1	8	CCDC71
0.000531089558889126	1.32516356392876	0.25	0.108	1	8	EIF4G3
0.00131697620401044	1.32241295291273	0.191	0.085	1	8	MICU1
0.00161996246598054	1.32241295291273	0.191	0.088	1	8	GNA14
0.000107931789832065	1.32181568731078	0.265	0.114	1	8	ZDHHC14
0.000689894467852002	1.32181568731078	0.279	0.128	1	8	PITPNC1
0.00239419921846247	1.32149724673099	0.294	0.152	1	8	MPRIP
0.00144581319141815	1.32045143657944	0.191	0.081	1	8	ELMOD2
0.00199812386707394	1.32045143657944	0.176	0.081	1	8	TAFAZZIN
0.00283690913253519	1.32045143657944	0.176	0.077	1	8	ATP6V0A1
0.00371154963427165	1.32045143657944	0.176	0.078	1	8	SLC49A3
0.000194528196798724	1.31924567383404	0.294	0.142	1	8	SYNRG
0.000219030767827347	1.31880169936035	0.265	0.107	1	8	TFCP2
0.000532775581852467	1.31880169936035	0.368	0.188	1	8	DCHS1
0.000554171004563522	1.31880169936035	0.25	0.103	1	8	SLAIN2
0.000971295407356166	1.31880169936035	0.221	0.108	1	8	ZNF219
0.00959988872192839	1.3178402231229	0.162	0.067	1	8	COG7
0.000547279993195748	1.31704644316291	0.397	0.218	1	8	CHST3
0.00261873372171508	1.31618099920121	0.25	0.12	1	8	KDM5B
9.48074576286032e-05	1.31419244610776	0.235	0.107	1	8	CC2D1B
0.00234767223667895	1.31419244610776	0.191	0.08	1	8	RPRD1A
0.00388474851789204	1.31419244610776	0.191	0.083	1	8	SEC23A
0.00162243153365343	1.31419244610776	0.294	0.139	1	8	BRWD1
0.00595118665045698	1.31419244610776	0.059	0.028	1	8	MFSD2A
0.000101457295499682	1.31242118125556	0.529	0.35	1	8	SSBP3
0.000104288332109658	1.31176570871322	0.235	0.101	1	8	OPHN1
0.00219567878920721	1.31083343401784	0.176	0.073	1	8	MINDY2
0.00532635257684531	1.31083343401784	0.162	0.072	1	8	STON1
0.000916126288786087	1.3100348206341	0.25	0.117	1	8	DHX57
0.00591901928567758	1.3100348206341	0.25	0.123	1	8	EP400
0.00987759227203044	1.30873801601565	0.191	0.092	1	8	PAPOLG
0.00269688937570506	1.30730606052252	0.25	0.102	1	8	RYK
8.46254283851587e-05	1.30692444564372	0.574	0.417	1	8	COL5A1
0.000138424440684037	1.30626553033613	0.294	0.12	1	8	CNNM4
0.000189689158406562	1.30626553033613	0.265	0.119	1	8	ARHGAP39
0.00485762826073832	1.30626553033613	0.147	0.064	1	8	TBC1D20
0.00337060361214926	1.30485458152842	0.176	0.082	1	8	NOC3L
0.000553464684865588	1.303942349414	0.235	0.098	1	8	INTS1
0.000604458290929475	1.303942349414	0.235	0.094	1	8	ZHX2
0.000890644950963998	1.29969287641264	0.162	0.07	1	8	SLC39A9
0.000544296012196319	1.29969287641264	0.206	0.086	1	8	CRYL1
0.00110963211285591	1.29969287641264	0.206	0.078	1	8	LOC138481675
0.00196921908187598	1.29626197101237	0.426	0.28	1	8	ITIH5
0.00310190537812192	1.29590129725027	0.235	0.107	1	8	VIRMA
0.000207858328174626	1.2951914841777	0.221	0.088	1	8	MBD6
0.000673491273179061	1.2951914841777	0.191	0.086	1	8	SNX24
0.002440729952883	1.2951914841777	0.206	0.091	1	8	TMEM161B
0.000135293949988297	1.29415469287121	0.176	0.067	1	8	FERMT3
0.00185620278208209	1.29249737500844	0.132	0.057	1	8	EFHD2
0.00384824965153931	1.29249737500844	0.206	0.104	1	8	TGFB1
0.00010635379462902	1.29170008565911	0.294	0.146	1	8	TTC3
0.000599260414491083	1.29070409318539	0.265	0.132	1	8	VAV2
0.00010730014008919	1.28942454095881	0.176	0.08	1	8	KHDC4
0.00110607072647215	1.28819723757481	0.294	0.141	1	8	TMEM259
0.000484289280137377	1.2866367235872	0.25	0.118	1	8	LOC138581099
0.00649912968161169	1.2866367235872	0.147	0.062	1	8	ICE1
0.000125459555915274	1.28588707688761	0.309	0.142	1	8	USP24
0.0031655120791044	1.28588707688761	0.294	0.146	1	8	SENP1
0.000102371098556345	1.28375133254362	0.353	0.151	1	8	MROH1
0.0032170348142422	1.28177096841538	0.162	0.069	1	8	TSC2
0.00652932945438976	1.28177096841538	0.147	0.064	1	8	MYZAP
0.000188578858972865	1.27963522407139	0.324	0.134	1	8	VPS13B
0.00162048159769508	1.27922877385293	0.279	0.118	1	8	CARM1
0.00190432989031771	1.27922877385293	0.221	0.12	1	8	PISD
0.00708916460425603	1.27863126088481	0.206	0.095	1	8	GPATCH8
0.000259209279950832	1.27692156875398	0.265	0.12	1	8	PXDC1
0.000891669173156388	1.2766092632996	0.338	0.159	1	8	RNF216
0.00280652869857324	1.27584613445827	0.294	0.153	1	8	KIAA0930
0.00594423182162455	1.2741577843055	0.176	0.081	1	8	WIPI1
0.000172099493906125	1.27383470849162	0.456	0.249	1	8	DIAPH1
0.000377987853324421	1.27335872859918	0.397	0.205	1	8	FNBP1
0.00870212806693295	1.27335872859918	0.25	0.105	1	8	LOC138513380
0.00097188003424982	1.27112372421587	0.191	0.088	1	8	SPOP
0.00110608542294003	1.27112372421587	0.25	0.114	1	8	LCORL
0.00130724676100309	1.27112372421587	0.25	0.114	1	8	GRIPAP1
0.0038033372927856	1.27112372421587	0.132	0.058	1	8	SPRYD3
0.00780446456409673	1.27112372421587	0.118	0.056	1	8	CILK1
0.00215003076423211	1.26949263863694	0.279	0.146	1	8	VTI1A
0.000136351981669261	1.26910455657922	0.265	0.106	1	8	RAPGEF3
9.18099018180618e-05	1.26883191270788	0.382	0.178	1	8	PDGFB
0.000116194948268419	1.26847414580192	0.353	0.157	1	8	DOCK11
0.00417288785439807	1.26847414580192	0.191	0.09	1	8	KAT8
0.00423860898864114	1.26847414580192	0.221	0.095	1	8	RUFY1
0.00924727062780404	1.26847414580192	0.206	0.093	1	8	ZC3H11A
0.000552507575429797	1.26641672153834	0.412	0.237	1	8	MOB2
0.000553464684865588	1.26614031670162	0.235	0.094	1	8	USP45
0.0097930320898735	1.26559967774423	0.265	0.132	1	8	ERLEC1
0.00730238286675695	1.26406896668192	0.162	0.071	1	8	FAM13A
0.00934191911323591	1.26406896668192	0.162	0.071	1	8	APPL2
0.000542228074648395	1.26293432640252	0.309	0.171	1	8	MYO1B
0.0016901777822381	1.26221817099398	0.353	0.208	1	8	DNM2
0.000605732026119024	1.26136475775354	0.176	0.077	1	8	TSC1
0.00143873910457081	1.26055448250568	0.25	0.114	1	8	FAM193A
0.00392196913133951	1.26055448250568	0.25	0.115	1	8	KIF20B
0.000127306098942163	1.25993516717491	0.353	0.19	1	8	TET3
0.00479587308237871	1.2590508919153	0.176	0.08	1	8	CDYL
0.00708588856582169	1.2590508919153	0.324	0.199	1	8	NEDD4L
0.00234767223667895	1.25704853900415	0.191	0.086	1	8	RNF217
0.00701157889863428	1.25643967845876	0.235	0.123	1	8	RIMBP2
0.00011155511298998	1.25529875705419	0.353	0.167	1	8	SEMA6C
0.00760079215063817	1.25529875705419	0.176	0.093	1	8	PLEKHM2
0.00202138398310067	1.25450410264639	0.324	0.185	1	8	PHRF1
0.00118221226165073	1.25375659224578	0.221	0.103	1	8	TMEM94
0.00595855643672188	1.25238716163429	0.206	0.103	1	8	B4GALT5
0.000452451251256243	1.25116298248498	0.235	0.108	1	8	KBTBD2
0.00730672002441188	1.25006210868804	0.132	0.059	1	8	INO80
0.00126875841822627	1.24906680334267	0.294	0.125	1	8	MED4
0.00107766590381543	1.24816257577256	0.265	0.126	1	8	ZNF391
0.00265181723078869	1.24816257577256	0.147	0.065	1	8	WDR25
0.000411545831852923	1.24733747135151	0.265	0.132	1	8	PTK7
0.000135929186554773	1.24707825024922	0.412	0.203	1	8	ATP2B4
0.00973682094424364	1.24524509239027	0.176	0.079	1	8	ATP6V0A2
0.00679315640789373	1.24465151285468	0.279	0.155	1	8	ATG9A
0.000230896847236362	1.24410055044932	0.353	0.156	1	8	C2CD2
0.0068072655661216	1.24410055044932	0.191	0.084	1	8	ACER3
0.00179437288823894	1.24310934804627	0.191	0.089	1	8	DHX40
0.00518723965373362	1.24224260422874	0.206	0.094	1	8	UPF3B
0.000247271208973796	1.24112898391803	0.382	0.196	1	8	USP11
0.00313722059523881	1.24079918735907	0.235	0.108	1	8	SECISBP2
0.00199006454136814	1.24048728701392	0.382	0.203	1	8	TBC1D10B
0.000178575069781264	1.24019186466398	0.25	0.111	1	8	CEP350
0.000446653783090085	1.23915133447759	0.279	0.122	1	8	ABCA5
0.000933816610981407	1.23791667882595	0.294	0.142	1	8	PLEKHO1
0.000318007035812216	1.23725230163673	0.324	0.151	1	8	HMGXB3
0.000269511820220112	1.23668307888684	0.338	0.153	1	8	THSD1
0.00519211954081311	1.23668307888684	0.309	0.159	1	8	TBC1D5
0.00212520103613341	1.23642798295463	0.324	0.163	1	8	DNMT3A
0.000159845605841736	1.23586126454341	0.471	0.303	1	8	RFTN1
0.000139325946538632	1.23520414996093	0.382	0.185	1	8	BCAS3
0.000267531034289572	1.22930354852124	0.324	0.165	1	8	PHF20L1
0.000328492740606839	1.22930354852124	0.25	0.112	1	8	DLG5
0.000342165102793154	1.22930354852124	0.324	0.162	1	8	PRKACB
0.000890644950963998	1.22930354852124	0.162	0.071	1	8	CASD1
0.000923642190114236	1.22930354852124	0.279	0.124	1	8	ZFYVE9
0.00109376349960151	1.22930354852124	0.25	0.114	1	8	FANCD2
0.00184482011692683	1.22930354852124	0.162	0.072	1	8	MEMO1
0.00332000683731172	1.22930354852124	0.162	0.07	1	8	CLSTN1
0.00415478210238857	1.22930354852124	0.191	0.086	1	8	SZT2
0.00442147879000579	1.22930354852124	0.162	0.073	1	8	DAXX
0.00443382352767487	1.22930354852124	0.191	0.082	1	8	USP22
0.000275994369465626	1.22930354852124	0.279	0.123	1	8	PLXNA1
0.00138603508057386	1.22930354852124	0.279	0.121	1	8	STAT6
0.000646632796594308	1.22930354852124	0.309	0.152	1	8	LRPPRC
0.00219567878920721	1.22930354852124	0.176	0.077	1	8	ME2
0.00220189416613074	1.22108304171628	0.279	0.148	1	8	AFF4
0.00544800511396734	1.22074153501782	0.412	0.258	1	8	CNOT1
0.00033098459507781	1.22037042375124	0.309	0.133	1	8	AMBRA1
0.0027359321746991	1.21996568394191	0.265	0.131	1	8	SMC6
0.00209544298085028	1.21952252772866	0.25	0.125	1	8	CHD8
0.00602355462737893	1.21952252772866	0.25	0.125	1	8	CLEC16A
0.000749207717673186	1.21903521306742	0.279	0.115	1	8	TBC1D23
0.00557253865778215	1.21849679356466	0.235	0.109	1	8	CTF1
0.000581625671061057	1.21820583963791	0.382	0.211	1	8	EYA3
0.00126808258399732	1.21723071622067	0.206	0.103	1	8	ACAD9
0.00157799315875426	1.21723071622067	0.221	0.104	1	8	GSK3A
0.000995424821807331	1.21647950816366	0.338	0.174	1	8	LRRC8C
0.00667465676936069	1.21562861162417	0.206	0.091	1	8	ZNF11
0.000798812808138385	1.21392832263433	0.412	0.222	1	8	CASK
0.000830968456762009	1.21353623266293	0.294	0.146	1	8	UBE4B
0.0011485635595946	1.21353623266293	0.176	0.079	1	8	RNF126
0.000365264799851372	1.21290911027058	0.309	0.145	1	8	CRYBG1
0.00730238286675695	1.2122300351623	0.162	0.074	1	8	PRSS
0.00937047225600479	1.2106878703539	0.265	0.129	1	8	TULP3
0.0010577615521335	1.20883944596153	0.279	0.117	1	8	PRR14L
0.00142537029514656	1.20883944596153	0.265	0.12	1	8	NUP205
0.000414505999831161	1.20571672820363	0.309	0.142	1	8	CHUK
0.000974022324828886	1.20478122938718	0.279	0.145	1	8	ARHGAP17
0.000994170554118488	1.20478122938718	0.279	0.148	1	8	ZFC3H1
0.000928476029856637	1.2045356433723	0.368	0.194	1	8	NCOA3
0.000161490146799735	1.20438591631691	0.412	0.213	1	8	MBOAT2
0.00161551794164287	1.20376845641411	0.221	0.095	1	8	SGSM3
0.00343636320205318	1.20376845641411	0.206	0.093	1	8	BCR
0.0060076121269563	1.20376845641411	0.206	0.097	1	8	FYTTD1
0.00673600548109486	1.20376845641411	0.191	0.099	1	8	PUDP
0.00848844291493757	1.20376845641411	0.103	0.045	1	8	THBS1
0.00230839029443023	1.20266842201778	0.279	0.134	1	8	HIRA
0.00476490972665751	1.20208207978622	0.191	0.091	1	8	CABIN1
0.00938262786355569	1.20208207978622	0.176	0.084	1	8	BMP1
0.000583874937797447	1.20146934032452	0.265	0.125	1	8	SETD1B
0.00734606934017173	1.20115250820709	0.279	0.174	1	8	MAP3K3
0.00787873358990674	1.20015720286173	0.162	0.084	1	8	BRCA2
0.000894339157664248	1.19930880822341	0.368	0.196	1	8	TBC1D1
0.000842366172523694	1.19712314277209	0.265	0.115	1	8	THADA
0.000635967930764034	1.19712314277209	0.412	0.211	1	8	RASGRP2
0.00571561154501404	1.19535621659791	0.25	0.137	1	8	STAT1
0.000697641480966	1.19367963879052	0.397	0.224	1	8	MTMR3
0.00104628849646509	1.1933839742663	0.206	0.105	1	8	RNF44
0.00272564233043385	1.1933839742663	0.221	0.104	1	8	DCAF1
0.000301156086604023	1.19306002792142	0.544	0.336	1	8	SH2B3
0.000111509181547948	1.19277767249613	0.426	0.222	1	8	CAMTA2
0.000248682436519838	1.19230934103904	0.338	0.177	1	8	ENPP1
0.00736963082268702	1.19116841963447	0.206	0.099	1	8	ERGIC2
0.00532944838876614	1.1886615640239	0.132	0.064	1	8	SUDS3
0.00843703344729839	1.1886615640239	0.206	0.091	1	8	ZNF592
0.00981959036461889	1.1886615640239	0.132	0.06	1	8	MRPL11
0.00012374622544843	1.18763436922017	0.397	0.217	1	8	ITPR1
0.00162173926714441	1.18699274366328	0.279	0.131	1	8	HIVEP1
0.00429232157621611	1.18580190988466	0.191	0.084	1	8	ICE2
0.00573660152303375	1.18518099528894	0.25	0.135	1	8	SERTAD2
0.00132888255033903	1.1825093370423	0.176	0.076	1	8	TBC1D30
0.00670224734528627	1.1825093370423	0.294	0.154	1	8	STAT2
0.000183039289190776	1.18199783374289	0.368	0.178	1	8	ARHGEF12
0.00105559807354448	1.1803939480403	0.353	0.178	1	8	TNRC6A
0.00218525833029378	1.18018578195655	0.353	0.19	1	8	PRKCI
0.000705257989027192	1.17867747545128	0.397	0.216	1	8	KPNA3
0.000298097440234526	1.17651613416181	0.309	0.14	1	8	ASCC3
0.00396843170509123	1.17651613416181	0.265	0.14	1	8	COG5
0.00520344045905193	1.17606152724426	0.235	0.117	1	8	FRMD6
0.00281680525840952	1.17536474141044	0.206	0.092	1	8	EPG5
0.00649912968161169	1.17416199432878	0.147	0.068	1	8	ANAPC4
0.00045192268046264	1.17272002015488	0.279	0.149	1	8	SNED1
0.000561146357094886	1.17272002015488	0.309	0.148	1	8	FAM98A
0.00311947801805603	1.17231356993641	0.382	0.22	1	8	DIPK2B
0.00184861814929999	1.17158805066496	0.191	0.089	1	8	BBS2
0.000988792176102291	1.17067581855054	0.353	0.184	1	8	RNGTT
0.000172566975847415	1.17040985946768	0.294	0.147	1	8	SNX1
0.00233609497269658	1.17040985946768	0.279	0.144	1	8	NACC2
0.00333391819085011	1.16949415328594	0.309	0.163	1	8	ITGA4
0.000106211207688866	1.16918255608367	0.441	0.262	1	8	ASH1L
0.00286882778050727	1.16876200658619	0.235	0.123	1	8	ARHGAP32
0.00520619611138483	1.16876200658619	0.265	0.125	1	8	USP5
0.000183882958092206	1.16816325370734	0.382	0.191	1	8	SETD1A
0.000477786500303481	1.16724258038899	0.412	0.232	1	8	MTMR1
0.000113645879631799	1.16629375099544	0.353	0.18	1	8	BMPR2
0.000887716850191918	1.16578709777131	0.485	0.307	1	8	ENTPD1
0.000261861073940897	1.16218935266271	0.382	0.21	1	8	NPTN
0.0022824625348754	1.16218935266271	0.206	0.091	1	8	BRD10
0.00442147879000579	1.16218935266271	0.162	0.073	1	8	TEX264
0.00869372965377223	1.16218935266271	0.235	0.112	1	8	HAUS6
0.00278496716428329	1.16218935266271	0.265	0.123	1	8	MPDZ
0.0001961181095074	1.15966936068419	0.324	0.159	1	8	TNPO3
0.000474377837256201	1.15966936068419	0.309	0.156	1	8	CTDP1
0.00286977536644556	1.1583370271671	0.235	0.107	1	8	SENP5
0.0019858557728502	1.15751286545323	0.191	0.087	1	8	AIFM1
0.00450743667836963	1.15751286545323	0.176	0.087	1	8	CUEDC1
0.00509871880863925	1.15751286545323	0.191	0.091	1	8	MTMR6
0.000149216943120137	1.15695270429656	0.324	0.154	1	8	NAA15
0.00523845999980642	1.15624008633152	0.353	0.195	1	8	SPECC1L
0.00855457056826973	1.15624008633152	0.147	0.07	1	8	NVL
0.0058390419009018	1.15530296707747	0.235	0.116	1	8	ITPRIP
0.000308128665503165	1.15130103651997	0.368	0.209	1	8	FARP2
0.00503937502814181	1.15130103651997	0.25	0.105	1	8	TBC1D8
0.00431542859262123	1.15082949049816	0.294	0.138	1	8	LAMA4
0.00308048040634438	1.14913319983726	0.221	0.125	1	8	GALNT7
0.00971777456077158	1.14913319983726	0.191	0.092	1	8	ARFGAP1
0.00134207466732207	1.14913319983726	0.309	0.151	1	8	YTHDC2
0.00594495662700267	1.14768978296759	0.294	0.167	1	8	RSBN1L
0.000125945566994431	1.14684138832927	0.221	0.103	1	8	TBC1D10A
0.000244794051668204	1.14659249761169	0.456	0.258	1	8	PSMD1
0.00428923354167873	1.14588754033361	0.162	0.076	1	8	PRPF6
0.00253316176422547	1.14588754033361	0.265	0.146	1	8	GTF2H1
0.00205237578361258	1.14357367449536	0.279	0.134	1	8	IPO8
0.000598662483507595	1.14357367449536	0.382	0.212	1	8	RALGAPB
0.000365325353157852	1.14236791174996	0.279	0.142	1	8	GRK2
0.00620231739057836	1.1418407072709	0.206	0.099	1	8	ZDHHC6
0.000183491040693381	1.14049428156339	0.221	0.1	1	8	NAV3
0.00016123426609029	1.14003621042416	0.456	0.262	1	8	NCOR1
0.000698294562926299	1.13941804500405	0.265	0.121	1	8	ANKIB1
0.00478638218759242	1.13941804500405	0.25	0.121	1	8	PHLPP1
0.00587065987599574	1.13941804500405	0.25	0.123	1	8	USF1
0.00803768576968812	1.13853808459806	0.25	0.135	1	8	ARID1B
0.00349138568979782	1.13780519403575	0.309	0.142	1	8	KAT6B
0.000810074036995541	1.13718534653281	0.338	0.157	1	8	DENND6A
0.00119146619894149	1.13718534653281	0.176	0.084	1	8	ZBTB10
0.000593096619923231	1.13665426055557	0.353	0.168	1	8	PLK5
0.0015003926068383	1.13649373815864	0.412	0.253	1	8	EML4
0.00576370257236527	1.13619414412976	0.294	0.188	1	8	CHCHD3
0.0011979016730518	1.13543662505702	0.235	0.108	1	8	HDAC6
0.00199506257283188	1.13543662505702	0.235	0.108	1	8	RNFT1
0.00303026357329211	1.13543662505702	0.221	0.103	1	8	RBMS2
0.000903935305924986	1.13483886451775	0.25	0.115	1	8	BRAF
0.00698025611265874	1.13483886451775	0.221	0.115	1	8	LPGAT1
0.00200141927471371	1.13395567193376	0.294	0.142	1	8	ATG13
0.0022365239499134	1.13395567193376	0.279	0.144	1	8	ARHGAP23
0.00019428021117281	1.13362020046594	0.338	0.154	1	8	RAF1
0.00176091093373868	1.12976787497033	0.368	0.203	1	8	UBL3
0.00269787410044683	1.12976787497033	0.309	0.169	1	8	CERS5
0.00769884587396284	1.12976787497033	0.132	0.063	1	8	BLTP2
0.00888766943841449	1.12976787497033	0.176	0.092	1	8	IFNGR1
0.000381183348864078	1.12808149834244	0.485	0.306	1	8	BIRC6
0.000323328943704021	1.12730383501885	0.412	0.228	1	8	USP32
0.000114538001370558	1.12717076348429	0.382	0.227	1	8	LIMS1
0.000371098286221975	1.12519514518051	0.279	0.132	1	8	GOLIM4
0.00177494183592603	1.12412131182919	0.221	0.104	1	8	AEBP1
0.00391751230246376	1.12412131182919	0.221	0.108	1	8	SETX
0.00184102700540033	1.12238834460473	0.294	0.162	1	8	DHX38
0.000499908318948563	1.1217750842168	0.294	0.137	1	8	PRKCZ
0.000133653700429848	1.12049006138232	0.353	0.178	1	8	GAB2
0.00178210358036324	1.12018182614113	0.25	0.132	1	8	MPZL1
0.00608648898868161	1.1182722361325	0.25	0.155	1	8	RYBP
0.00632648352171387	1.1182722361325	0.294	0.153	1	8	DENND5B
0.00285824757573818	1.11609293807325	0.279	0.133	1	8	NDST1
0.000147483551065961	1.11289405640593	0.382	0.199	1	8	ANKHD1
0.00147231477259066	1.11238579674209	0.294	0.14	1	8	CCM2
0.00281680525840952	1.11065905202262	0.206	0.097	1	8	MTA2
0.000691510340955501	1.10855138906063	0.25	0.114	1	8	TTC21B
0.00152456178900119	1.10855138906063	0.221	0.112	1	8	KLC4
0.00253486871685052	1.10855138906063	0.382	0.22	1	8	MAU2
0.00336513956106253	1.10855138906063	0.221	0.112	1	8	SKAP2
0.00982438911254685	1.10855138906063	0.221	0.114	1	8	USP16
0.0077721210548529	1.10774156864033	0.176	0.088	1	8	CYRIB
0.00142270863406368	1.10731302414263	0.368	0.206	1	8	ANKRD17
0.00387575603211284	1.10731302414263	0.382	0.212	1	8	KAT6A
0.00945140108152191	1.10731302414263	0.338	0.203	1	8	SPTLC3
0.00558961694775711	1.10592113301596	0.279	0.147	1	8	C2CD5
0.00981887375151414	1.10592113301596	0.206	0.099	1	8	CEP250
0.00900889519211221	1.10377266643739	0.353	0.208	1	8	OSBP
0.00485762826073832	1.10377266643739	0.147	0.071	1	8	TBC1D8B
0.000118380787151476	1.10308583231782	0.338	0.159	1	8	USPL1
0.00269962761329423	1.10308583231782	0.265	0.142	1	8	NFKB1
0.00348710930630014	1.10308583231782	0.294	0.159	1	8	EPN2
0.00224232157709507	1.10119872277356	0.235	0.127	1	8	LUC7L2
0.00907006276971293	1.10119872277356	0.206	0.131	1	8	BCORL1
0.000665655897257528	1.10078880799856	0.279	0.141	1	8	ARIH1
0.00710829659385453	1.10078880799856	0.265	0.145	1	8	WWP1
0.00221061917782905	1.10002053157628	0.338	0.196	1	8	CD2AP
0.00027735459078169	1.09985229706604	0.397	0.212	1	8	AFF1
0.001093670308864	1.09985229706604	0.353	0.201	1	8	NSD2
0.00934191911323591	1.09805901524299	0.162	0.08	1	8	TBCK
0.000214647440205922	1.09805901524299	0.309	0.151	1	8	SNX14
0.00396642916425277	1.09805901524299	0.338	0.22	1	8	NF1
0.000441780404856267	1.09582054304699	0.353	0.179	1	8	NXN
0.000960571936186785	1.0956939408758	0.485	0.303	1	8	SND1
0.000513230182450162	1.09488651250027	0.559	0.385	1	8	WLS
0.00320752282806436	1.09414396523961	0.206	0.099	1	8	ABCC5
0.00320967590759584	1.09284130597197	0.397	0.228	1	8	CEP170
0.00228792373952805	1.08912589047298	0.265	0.134	1	8	TMEM131
0.00383072311798933	1.08805762308549	0.324	0.157	1	8	TCERG1
0.00033160482696023	1.08728454364882	0.324	0.166	1	8	ZDHHC21
0.0015796258275276	1.08556807105979	0.206	0.099	1	8	PRPSAP1
0.000109785333633389	1.08491363918607	0.412	0.233	1	8	ZMYND8
0.00663307020155554	1.08491363918607	0.25	0.125	1	8	CLUH
0.0033451256510765	1.08246216019197	0.397	0.223	1	8	AP3B1
0.00378053814318132	1.08246216019197	0.25	0.122	1	8	PRAG1
0.00646942295457741	1.08024773912653	0.265	0.137	1	8	MBTD1
0.000486483707091053	1.07949466848911	0.456	0.282	1	8	FNBP1L
0.00301392449896901	1.07888670596815	0.176	0.086	1	8	XRCC5
0.00691510051289824	1.07888670596815	0.176	0.081	1	8	DTX2
0.00367610097779062	1.07823757433025	0.279	0.144	1	8	DPY19L4
0.00450743667836963	1.07582906785953	0.176	0.091	1	8	SEPTIN2
0.00723472850228521	1.07582906785953	0.191	0.088	1	8	RELB
0.00281878102230041	1.07513261839348	0.368	0.225	1	8	FRMD4A
0.00225185042803584	1.07472651141237	0.294	0.151	1	8	FBXO11
0.00191086994001428	1.07199154369113	0.353	0.197	1	8	PPFIBP1
0.00973809078313827	1.07176227153476	0.221	0.14	1	8	TESPA1
0.000223440488535044	1.07109196764272	0.485	0.287	1	8	VWCE
0.00138565090800013	1.06982533451405	0.265	0.138	1	8	ZDHHC20
0.00367610097779062	1.06982533451405	0.279	0.147	1	8	SNX13
0.00878514600756863	1.06982533451405	0.147	0.07	1	8	SGTA
0.000584304773801533	1.06922633303528	0.5	0.312	1	8	RGL3
0.00815408345897592	1.068838876328	0.221	0.105	1	8	GSAP
0.00177475523755342	1.06809097841551	0.353	0.177	1	8	ZNF91
0.00897838433690263	1.06703211962237	0.235	0.121	1	8	RNF111
0.000299540388677729	1.06580481623837	0.309	0.168	1	8	KMT2B
0.00677975027934288	1.06563753755061	0.368	0.237	1	8	NAV2
0.000556037661228193	1.06541746356027	0.412	0.232	1	8	TRAPPC8
0.000131010203841941	1.06491673062036	0.515	0.318	1	8	TANC1
0.00106452078045292	1.06467284674844	0.426	0.23	1	8	OSBPL8
0.00136734542695664	1.06436539974869	0.471	0.267	1	8	SDC3
0.0006586178083504	1.06396581657458	0.235	0.131	1	8	ANKRD12
0.00328221881962881	1.06396581657458	0.265	0.131	1	8	PALM
0.00136200641312016	1.06362551817912	0.309	0.164	1	8	ADGRF5
0.00486043759033035	1.06090601682553	0.309	0.196	1	8	EEA1
0.000278646294159736	1.06037453955266	0.309	0.147	1	8	CASTOR1
0.00261265255056188	1.05937854707893	0.309	0.148	1	8	SLC4A7
0.00639260084829485	1.05937854707893	0.309	0.158	1	8	RNF14
0.00214874066391101	1.05937854707893	0.103	0.054	1	8	CREB3
0.00511043051725949	1.05868477690885	0.353	0.206	1	8	RABEP1
0.00771739616165731	1.05868477690885	0.353	0.207	1	8	LAMB2
0.00228789483158357	1.05611083324502	0.324	0.18	1	8	TRERF1
0.000261882140120011	1.05576729352655	0.25	0.124	1	8	EHD1
0.000701745621218936	1.05543567760948	0.353	0.188	1	8	SPAG1
0.00852982597443431	1.05543567760948	0.324	0.185	1	8	CCNL2
9.64510500687321e-05	1.05480581728911	0.426	0.234	1	8	CDKAL1
0.00286322254960092	1.05393646201068	0.265	0.136	1	8	DPP9
0.000322771042628439	1.05366489588454	0.397	0.192	1	8	DGKH
0.00202370927058913	1.05314659336742	0.265	0.138	1	8	EIF2B5
0.00046363010054954	1.05115804027396	0.324	0.16	1	8	EMC4
0.00355974860144457	1.05115804027396	0.324	0.162	1	8	MIER1
0.00153188092314356	1.04991456728111	0.412	0.245	1	8	DENND4A
0.000350849460310104	1.04762958839985	0.368	0.208	1	8	TNS3
0.000653680355104561	1.04671213524277	0.397	0.227	1	8	VCL
0.000579747339431241	1.04618124469735	0.25	0.129	1	8	ZNF250
0.000303458692215379	1.04593628416686	0.441	0.246	1	8	ANKRD11
0.0073728002515324	1.04593628416686	0.368	0.216	1	8	RAPGEF4
0.00725055085993233	1.04570361018186	0.25	0.126	1	8	TDRD10
0.00255917623185408	1.04527160088356	0.25	0.14	1	8	KDM6A
0.00302714121323824	1.04487897738382	0.265	0.142	1	8	HMGA2
0.00400588750166673	1.04419214326426	0.324	0.157	1	8	PHKB
0.00345783729747463	1.04248754938105	0.368	0.197	1	8	KDM3B
0.000664731529819598	1.03665847057885	0.5	0.323	1	8	CUX1
0.00616723197373356	1.03665847057885	0.235	0.116	1	8	RBM5
0.000182504196810535	1.03665847057885	0.368	0.185	1	8	UGGT1
0.00194653189435077	1.03665847057885	0.265	0.142	1	8	ADK
0.00464631587384425	1.03665847057885	0.294	0.163	1	8	NAA25
0.000235129848545417	1.03665847057885	0.191	0.088	1	8	CDC42SE2
0.00328937097337371	1.03665847057885	0.25	0.132	1	8	ACOT9
0.0046337808431646	1.03665847057885	0.338	0.185	1	8	FBXW11
0.00479056796716496	1.03665847057885	0.206	0.1	1	8	IARS2
0.00336322794551798	1.03204184250848	0.397	0.247	1	8	ZFAND3
0.0014587641744633	1.02999474029784	0.324	0.179	1	8	POU2F1
0.00425837160887728	1.02946296917464	0.294	0.159	1	8	EPB41L5
0.000572822622552078	1.02916393403192	0.324	0.162	1	8	KDM5C
0.00422925855858146	1.02809645707542	0.279	0.138	1	8	ABCB1
0.00181870432435226	1.02766968735159	0.279	0.13	1	8	EP300
0.000127610565645401	1.02667438200623	0.235	0.115	1	8	JAG1
0.00716207827463509	1.02608922886866	0.235	0.111	1	8	PDE7A
0.00190427813281262	1.02543121515559	0.206	0.109	1	8	KIFBP
0.00163665432937483	1.02427474612302	0.324	0.191	1	8	MAPK8
0.00339496126763069	1.02230317760178	0.338	0.17	1	8	TSC22D1
0.00332000683731172	1.02170812911288	0.162	0.085	1	8	YTHDF1
0.000407346009833197	1.02170812911288	0.309	0.163	1	8	NT5C3A
0.00216542167071342	1.02170812911288	0.324	0.159	1	8	PRIM2
0.0011517101271334	1.01997972943222	0.441	0.266	1	8	NKAIN1
0.0038451678989776	1.01958495721991	0.279	0.14	1	8	SH3KBP1
0.000373863883712935	1.01873656258159	0.382	0.189	1	8	KIRREL1
0.00273926225377817	1.01873656258159	0.279	0.135	1	8	FXR2
0.00115518657168216	1.01779944332753	0.382	0.24	1	8	LOC138569465
0.00702623212254751	1.01675891314114	0.309	0.183	1	8	NRBP1
0.000134578329898686	1.01675891314114	0.412	0.226	1	8	NFIC
0.000150747243862884	1.01675891314114	0.412	0.235	1	8	FOXK2
0.00173442058762263	1.01675891314114	0.397	0.224	1	8	TRAPPC9
0.00410269896435251	1.01429065755039	0.294	0.157	1	8	TNC
0.0095037196650079	1.01112337847171	0.162	0.093	1	8	TRAM1
0.000444600825697765	1.00985841123513	0.441	0.26	1	8	UBAP2
0.00290654249999135	1.00985841123513	0.25	0.134	1	8	CRTC2
0.00215987698126946	1.0069111271848	0.382	0.203	1	8	APBB1
0.0027946216212068	1.0069111271848	0.353	0.19	1	8	TBC1D4
0.0065974140342678	1.00518023910568	0.235	0.117	1	8	DHX9
0.00474546580462989	1.00364341335088	0.338	0.181	1	8	MEF2C
0.00802900954640034	1.00364341335088	0.324	0.175	1	8	UVRAG
0.00141095108209908	1.00271113865551	0.426	0.265	1	8	CLASP1
0.00579798026151935	1.00103456084813	0.191	0.108	1	8	SMARCA4
0.000662518848927787	1	0.397	0.209	1	8	MFSD11
0.000294928143962702	0.999183765160186	0.412	0.239	1	8	BAIAP2
0.000481908200510509	0.997130106392211	0.368	0.181	1	8	FLII
0.00404937444346045	0.996016486081502	0.353	0.227	1	8	FXR1
0.00800063256969276	0.995631202318793	0.176	0.09	1	8	UBE4A
0.00088031304002147	0.995631202318793	0.426	0.251	1	8	RB1
0.00390916182821862	0.995631202318793	0.426	0.248	1	8	DEDD2
0.00659996954933601	0.994347665720884	0.279	0.144	1	8	SUGP1
0.000595719152521386	0.991143811326479	0.412	0.227	1	8	USP48
0.00239698461824571	0.990364818304913	0.279	0.154	1	8	MAP3K1
0.00373037249962211	0.988295449017449	0.294	0.149	1	8	USP12
0.000434912001018522	0.987748870097901	0.368	0.186	1	8	NCOA1
0.000595456209962948	0.987027702854248	0.324	0.168	1	8	DGKD
0.000875383096277231	0.98603239750888	0.265	0.145	1	8	CHD6
0.00221817221600498	0.98481953905923	0.412	0.255	1	8	DNAJC13
0.00753924181621076	0.984569959430394	0.235	0.114	1	8	ANO10
0.00948482243907597	0.984569959430394	0.206	0.117	1	8	IRGM
0.00285224868766564	0.982210686556472	0.412	0.248	1	8	SMURF1
0.000246285513703179	0.981553871138394	0.529	0.342	1	8	SKI
0.00416808067699947	0.981376035077659	0.206	0.112	1	8	FBXW2
0.000291758051237283	0.981066144615531	0.426	0.22	1	8	HDAC4
0.00198971222210974	0.97776478152528	0.353	0.203	1	8	FLT1
0.00221961772485579	0.97776478152528	0.397	0.228	1	8	PPP2R2A
0.00255800211696013	0.97776478152528	0.324	0.198	1	8	MVB12B
0.00155279758761739	0.975873962066039	0.515	0.351	1	8	CD276
0.00350197086858269	0.975776228431826	0.353	0.201	1	8	LOC138497172
0.00908827815885097	0.975257925914705	0.294	0.156	1	8	BCLAF3
0.00727368999501109	0.974882272992159	0.279	0.139	1	8	TASOR
0.00297861276487255	0.974374192324505	0.235	0.118	1	8	SCAP
0.000931626694071361	0.973648673053048	0.353	0.189	1	8	STXBP5
0.00110684007521334	0.972528133159133	0.5	0.282	1	8	DOCK6
0.000164362281988661	0.970569280121076	0.5	0.309	1	8	PRRC2A
0.00251575341508591	0.970569280121075	0.221	0.113	1	8	MTREX
0.000517646651549286	0.970090853639858	0.471	0.291	1	8	OLA1
0.000977784563985649	0.968913863943014	0.338	0.175	1	8	CORO1C
0.00396669207430248	0.968913863943014	0.324	0.177	1	8	KANSL1
0.00144062385146526	0.967763389367781	0.279	0.158	1	8	TAF4
0.00950667554484586	0.967310423888113	0.353	0.228	1	8	DIP2B
0.00981959036461889	0.96626914268745	0.132	0.073	1	8	DNAJA3
0.00436902753303886	0.964997485451402	0.309	0.184	1	8	ZBTB46
0.0017457121185956	0.962311129118767	0.338	0.18	1	8	MID1
0.000500092479206659	0.961370343274611	0.368	0.187	1	8	ZMIZ1
0.000850636171771569	0.959842873528017	0.397	0.207	1	8	SRGAP1
0.00409154806556323	0.959415471646388	0.309	0.177	1	8	PLAA
0.00902332839030383	0.958655958577575	0.324	0.185	1	8	IARS1
0.0027715887169918	0.954864379415201	0.441	0.289	1	8	ASAP2
0.00522855079314249	0.954864379415201	0.206	0.11	1	8	CPSF1
0.000164976786203162	0.9540072904009	0.559	0.315	1	8	VMP1
0.00714964482695656	0.953669105907817	0.235	0.132	1	8	GABPA
0.00321314273707793	0.949195629328509	0.279	0.148	1	8	KIAA1671
0.00769144804539592	0.949195629328509	0.324	0.188	1	8	PRKD2
0.00776589792313853	0.949195629328509	0.25	0.127	1	8	YES1
0.00176304037464139	0.949195629328508	0.324	0.177	1	8	CHD3
0.00359480690744369	0.947021258094172	0.441	0.265	1	8	CD99
0.00802025085940319	0.946772967061653	0.368	0.231	1	8	CGNL1
0.000355757153141503	0.946626269716375	0.559	0.359	1	8	FGD5
0.00040060872078661	0.945663938358256	0.485	0.284	1	8	LYST
0.00513579665847697	0.945510582520653	0.309	0.158	1	8	SYAP1
0.000241474334022253	0.944735981137809	0.426	0.225	1	8	LRRK2
0.0094549928145746	0.944212221814253	0.235	0.125	1	8	NLRP3
0.00595463405644263	0.943901329658996	0.368	0.217	1	8	PARP4
0.00309935257732765	0.943354750739448	0.485	0.319	1	8	CYLD
0.00838508488407893	0.941501237538508	0.265	0.154	1	8	CTDSPL2
0.00926222202057186	0.941501237538508	0.147	0.08	1	8	GEMIN6
0.004852420114107	0.941006231515162	0.353	0.209	1	8	OGDH
0.00580508053076444	0.940734050580313	0.265	0.142	1	8	OTUD7B
0.00714201657971803	0.938168607179485	0.309	0.162	1	8	MAP2K4
0.000296828121268015	0.937594343049745	0.559	0.326	1	8	PSMD14
0.000149094666002436	0.93429675294917	0.412	0.23	1	8	SMARCAD1
0.000990952125672681	0.93429675294917	0.412	0.227	1	8	PPP6R1
0.000184363137000467	0.93369189162766	0.544	0.309	1	8	NR3C1
0.00657284355684233	0.933370662166827	0.368	0.212	1	8	AKAP9
0.00163087712596242	0.930686101925752	0.456	0.282	1	8	ASPH
0.00295508448144861	0.923958337829486	0.235	0.139	1	8	RAPGEF1
0.00757212671443749	0.921181253158912	0.382	0.248	1	8	ATXN2
0.00208006536216698	0.919392418409099	0.412	0.207	1	8	AMFR
0.000126404160839258	0.917717397855341	0.662	0.436	1	8	PICALM
0.00833678608593359	0.917717397855341	0.206	0.106	1	8	DAPK2
0.00684077733441341	0.917359542206504	0.338	0.209	1	8	ZNF420
0.0045368560351404	0.916145663261614	0.397	0.235	1	8	SMAP1
0.00545402829060856	0.913898577215216	0.397	0.246	1	8	UBE3A
0.00704553230718108	0.911962723129534	0.235	0.133	1	8	LOC138569353
0.00136004905338485	0.909710541881811	0.529	0.33	1	8	ATP6V1A
0.00378885003876667	0.907375453633882	0.338	0.196	1	8	RBBP6
0.000799005377163037	0.906261833323173	0.426	0.242	1	8	KIF13A
0.00804705384562629	0.905413937300596	0.265	0.153	1	8	RNASET2
0.000678067605936649	0.904630076895064	0.382	0.203	1	8	ACAP2
0.000780134133722715	0.904208174555198	0.338	0.181	1	8	RCC2
9.27180858082235e-05	0.901498887297213	0.441	0.266	1	8	MBNL3
0.00433498471688152	0.898004930792818	0.485	0.321	1	8	FCHSD2
0.000412166958069535	0.89776036475716	0.485	0.293	1	8	PTPRB
0.00817173708083687	0.896728209434373	0.309	0.187	1	8	RALGAPA2
0.00104570690481089	0.893700516736805	0.412	0.211	1	8	CCSER2
0.000380227453432102	0.886911351074166	0.603	0.429	1	8	MYOF
0.000606180312702781	0.884263393694112	0.485	0.297	1	8	AHR
0.00460953201238905	0.884168062472556	0.382	0.228	1	8	PPP1R16B
0.000275887328371363	0.883268836862835	0.471	0.275	1	8	ZNF436
0.00309454748125086	0.878656636512355	0.338	0.202	1	8	FRAS1
0.00904906353549001	0.872271652677966	0.338	0.207	1	8	FLOT2
0.00394634755626494	0.872086703630742	0.338	0.209	1	8	AFAP1L1
0.00190101880909316	0.866733469136536	0.265	0.146	1	8	CDC42EP3
0.00578393413514291	0.866733469136536	0.191	0.107	1	8	MTM1
0.00325394884121278	0.862629070803799	0.441	0.27	1	8	SMARCA2
0.00494271944262256	0.86188406947514	0.353	0.223	1	8	ZC3H13
0.00132726752234385	0.859120285026661	0.294	0.151	1	8	CRTC1
0.00712667816625266	0.859120285026661	0.265	0.162	1	8	GOSR1
0.00013236926121413	0.858536316169916	0.706	0.453	1	8	EIF4G1
0.00981611337760882	0.850791925267514	0.265	0.143	1	8	CARMIL1
0.00396448787950607	0.850245346347967	0.368	0.21	1	8	DENND2C
0.00394523781098845	0.84799690655495	0.235	0.126	1	8	CHD2
0.000729892266985434	0.83241339595266	0.544	0.389	1	8	ATRX
0.00308815865710436	0.830754172030969	0.279	0.167	1	8	EHD4
0.000814120848545264	0.827205104949898	0.441	0.265	1	8	YPEL1
0.00167425129522188	0.825510806410023	0.279	0.17	1	8	CNKSR3
0.00449351781785142	0.824607993463859	0.485	0.324	1	8	NIPBL
0.00174186744190499	0.815659284542267	0.809	0.652	1	8	PCDHGC3
0.0037868731018679	0.8142660492424	0.368	0.237	1	8	TOX2
0.00581806284010815	0.8142660492424	0.353	0.2	1	8	OXSR1
0.00189419638872294	0.810308035673717	0.456	0.273	1	8	RPS6KA3
0.00550404639361531	0.805332924472393	0.294	0.173	1	8	GNA11
0.00808663989645302	0.80509440334415	0.338	0.215	1	8	STAG2
0.00606514768276481	0.801882324786568	0.353	0.216	1	8	UBE2Q2
0.0013967795655372	0.797192535883459	0.529	0.323	1	8	HIPK2
0.00469884378642234	0.795650371075053	0.309	0.169	1	8	ITFG1
0.00857273534348112	0.795072484009089	0.309	0.184	1	8	WASHC4
0.00497020055188542	0.789427742969087	0.691	0.565	1	8	COL5A2
0.00454764315949606	0.788730957135263	0.471	0.303	1	8	AP3D1
0.00215811762119221	0.788730957135262	0.338	0.199	1	8	MAN2A1
0.00488148653230312	0.780897299657232	0.324	0.22	1	8	ITSN2
0.00831250352475166	0.776422698097728	0.456	0.31	1	8	ACTN4
0.00154407587674703	0.775698392982913	0.544	0.385	1	8	DAAM1
0.000302698167701302	0.771068359841298	0.485	0.309	1	8	ND4L
0.00244415956348045	0.761651423078978	0.456	0.316	1	8	TANB
0.00268082407799589	0.756958611080783	0.515	0.373	1	8	KIF5B
0.00731690441841015	0.755372360188832	0.426	0.273	1	8	GARRE1
0.00656871966373578	0.75343390502197	0.353	0.256	1	8	PPP6R3
0.000488971405281585	0.752964594178961	0.588	0.427	1	8	FLNB
0.00125123339422871	0.747396564611808	0.721	0.562	1	8	KDR
0.00281157460527873	0.738317196009101	0.456	0.28	1	8	THOC2
0.0033088151922966	0.730850041054763	0.441	0.276	1	8	PTPN12
0.00477110840473589	0.726475583364585	0.412	0.272	1	8	RIN2
0.00149841353681035	0.726165270753769	0.485	0.289	1	8	MAP7D3
0.0062821102344957	0.721156644850919	0.485	0.3	1	8	MGAT4D
0.00258301219633749	0.717177696110229	0.544	0.388	1	8	ITGA5
0.00201833893794001	0.714730375691486	0.618	0.439	1	8	PLS3
0.00785322482512424	0.714730375691486	0.471	0.323	1	8	TCF12
0.00100866025201616	0.714730375691486	0.544	0.326	1	8	ARRB1
0.00455775812148045	0.714730375691486	0.456	0.304	1	8	DST
0.00799675906953067	0.711527943653142	0.647	0.536	1	8	JCAD
0.000595383482820015	0.705852224345033	0.691	0.487	1	8	GDPD5
0.00236152174394123	0.701268115884923	0.397	0.254	1	8	PAK2
0.000934417920432866	0.694672723350232	0.559	0.36	1	8	RBFOX2
0.000166624051780588	0.69377075705584	0.706	0.493	1	8	GNAI2
0.00584353386436875	0.692128946754353	0.265	0.133	1	8	ABLIM1
0.00574250336188474	0.689855707052457	0.309	0.192	1	8	TRIP12
0.000533876093578819	0.680378870900709	0.618	0.41	1	8	ADAMTS4
0.000162993508430109	0.678288379723425	0.485	0.31	1	8	PARD3
0.000387911073740204	0.676953724888529	0.559	0.324	1	8	ADD1
0.00897966748161596	0.674890111159695	0.279	0.185	1	8	DLL4
0.000320670914878512	0.655229363942824	0.765	0.531	1	8	SEMA3F
0.00151475144963843	0.652743488795785	0.485	0.312	1	8	HPSE
0.00699319028200304	0.631314367503848	0.471	0.312	1	8	MCAM
0.00280443852243372	0.630666110903012	0.515	0.355	1	8	XYLT1
0.00943984013068057	0.629841478104973	0.515	0.406	1	8	CLDN11
0.000429020298011073	0.620948229370869	0.838	0.818	1	8	ND1
0.00916960336323514	0.619818728666019	0.324	0.213	1	8	COPB1
0.00596785601317946	0.619118464096834	0.574	0.384	1	8	KANK3
0.000459913026275164	0.612428547019283	0.853	0.764	1	8	ND3
0.000665839123748876	0.590901788838628	0.735	0.562	1	8	LOC138515939
0.00759426105861437	0.568790014792911	0.368	0.237	1	8	DAB2IP
0.00571916048233466	0.535305402508446	0.412	0.266	1	8	SLC20A1
0.0034257986653873	0.517929668257779	0.779	0.657	1	8	TRIM39
0.00761218434123311	0.50451266830114	0.529	0.401	1	8	CLTC
0.00146489102499341	0.450189983633152	1	0.99	1	8	ATP6
0.00932864261637392	0.411567857152383	0.882	0.852	1	8	ND2
0.00881280611070775	0.212230035162302	0.676	0.488	1	8	JAG2
0.00529054374515912	-0.366189619692082	0.471	0.605	1	8	CALR
0.00055127828547384	-0.396155730613809	0.912	0.954	1	8	SUGP2
0.0086238290811411	-0.428722414389635	0.5	0.681	1	8	ALDOA
0.00222899448110095	-0.481358206232482	0.529	0.701	1	8	HNRNPA1
0.00720162511647053	-0.513240380447569	0.471	0.646	1	8	LDHA
0.00387120286222566	-0.516123624393158	0.559	0.735	1	8	DDX5
0.0014764589680931	-0.56325437160828	0.368	0.6	1	8	TMED2
0.00297346925458	-0.577495742857091	0.471	0.642	1	8	CAVIN1
0.00571099320327522	-0.587389238115696	0.441	0.581	1	8	SEPT2
0.00530390521226988	-0.607197719195877	0.441	0.55	1	8	RBM4
0.000190619849525257	-0.607197719195877	0.426	0.587	1	8	SPARC
0.000110894954881074	-0.609943095934694	0.647	0.801	1	8	ANXA5
0.000123294721631684	-0.615550431732061	0.544	0.705	1	8	TRA2B
0.0021366333708399	-0.625748115567656	0.397	0.549	1	8	CAPNS1
0.00565750436100797	-0.630614383627045	0.25	0.405	1	8	ANXA3
0.00474321296911152	-0.635766871392647	0.324	0.511	1	8	SRSF4
0.00284907526247645	-0.636165240866638	0.588	0.678	1	8	ICAM1
0.00907781764037741	-0.642039468408177	0.221	0.347	1	8	UBE2I
0.00827985582999391	-0.657238401695472	0.206	0.335	1	8	NOP10
0.00218687724121446	-0.659904769526721	0.456	0.585	1	8	NPC2
0.000255282415516505	-0.664285598219675	0.676	0.804	1	8	FSTL1
0.00543810459332505	-0.683819000798789	0.265	0.422	1	8	SNRPC
0.00312595977722169	-0.687578818744436	0.412	0.578	1	8	ZNF706
0.00227766344820865	-0.691261983984351	0.162	0.312	1	8	MPC1
0.000400531168375834	-0.691261983984351	0.529	0.724	1	8	ZNF326
0.00414540698808677	-0.692200322255406	0.309	0.482	1	8	ATP6V0C
0.00718297860609772	-0.695553593616723	0.191	0.358	1	8	GABARAP
0.00863538544031452	-0.70965429584661	0.265	0.429	1	8	HNRNPUL1
0.00852665455738535	-0.710575459041185	0.25	0.393	1	8	PTGES3
0.00832445200671069	-0.716656611765867	0.397	0.551	1	8	SNRNP70
0.00351508070207938	-0.71822903158462	0.221	0.384	1	8	TXNDC17
0.00839670567553616	-0.721368739115188	0.191	0.343	1	8	RHEB
0.00940203273627434	-0.727107182931073	0.118	0.257	1	8	PSMD6
0.00254247633685233	-0.741334391847413	0.426	0.581	1	8	SFPQ
0.00940474473032656	-0.750741845103111	0.147	0.281	1	8	SH3GLB1
0.000483461926157144	-0.750816958084899	0.779	0.87	1	8	PMP2
0.000155808631333565	-0.752633258823462	0.721	0.841	1	8	KRT18
0.000957543514435951	-0.753852941315342	0.397	0.599	1	8	EIF1
0.00369162985349468	-0.763572017045375	0.338	0.515	1	8	SAFB
0.000603005406787894	-0.770696451478756	0.235	0.443	1	8	ARPC5
0.000263255699414162	-0.772535451142537	0.265	0.507	1	8	TMEM258
0.00793228210434434	-0.780964786932583	0.162	0.313	1	8	FKBP3
0.00015358443834955	-0.78458403411885	0.5	0.677	1	8	ARF1
0.00990681121770792	-0.785343227443158	0.265	0.443	1	8	HMGB3
0.00631193582935686	-0.786071677365672	0.103	0.236	1	8	PRELID1
0.00141304602018105	-0.798038300291525	0.309	0.51	1	8	EIF4G2
0.00778170437744657	-0.799602327925133	0.353	0.513	1	8	ATP5F1D
0.00345777233950645	-0.805526435641855	0.206	0.383	1	8	PSMB6
8.50059650226699e-05	-0.806849402301174	0.382	0.598	1	8	MOB1A
0.000197520166227707	-0.813528367066926	0.338	0.555	1	8	ATP5F1B
0.00950917362396596	-0.814674148539358	0.162	0.297	1	8	MCL1
0.00443557469111903	-0.821322524548724	0.162	0.308	1	8	PGLS
0.00789351465909895	-0.827940403313232	0.191	0.332	1	8	TMEM109
0.000106632779253638	-0.830817443916327	0.471	0.675	1	8	HNRNPU
0.00526601213498763	-0.833706249004556	0.132	0.274	1	8	C3PH5orf15
0.00375175171414837	-0.835466706868994	0.162	0.305	1	8	LSM6
0.00965184657097868	-0.837810647337293	0.191	0.32	1	8	SUB1
0.00402778889026633	-0.838981191045231	0.162	0.306	1	8	RBBP7
0.00206587251211439	-0.839858475986152	0.279	0.469	1	8	LOC138566164
0.00640928903872776	-0.848915893792578	0.294	0.469	1	8	EIF3J
0.008570037703457	-0.854112459666393	0.162	0.32	1	8	SRSF10
0.00309472424971486	-0.857056736281937	0.25	0.454	1	8	CLTA
0.00229776180570288	-0.859505718436612	0.176	0.367	1	8	MACROH2A2
0.00212941415894555	-0.860072258809448	0.206	0.401	1	8	CMPK1
0.000189161975353436	-0.862382229808736	0.456	0.625	1	8	RHOC
0.00583116938636474	-0.866528156266252	0.132	0.297	1	8	FUBP1
0.00017360134168308	-0.86938819693255	0.5	0.708	1	8	CSTB
0.00630112305469188	-0.87023212502967	0.265	0.457	1	8	ABCF2
0.00106610658015029	-0.883907061926747	0.368	0.534	1	8	CCT6A
0.000969908683246337	-0.886862799573791	0.25	0.446	1	8	BSG
0.00675050327147634	-0.888154033026933	0.191	0.351	1	8	TMEM50A
0.00380208553389265	-0.894078866984038	0.191	0.358	1	8	SKP1
0.000336346303933686	-0.898801277226441	0.338	0.556	1	8	RBM4B
0.000792976693707559	-0.902653602722048	0.25	0.466	1	8	EDF1
0.00968186295747245	-0.905856034760391	0.132	0.29	1	8	MICOS13
8.62630821329253e-05	-0.909370518936628	0.338	0.583	1	8	ZFP36L2
0.00196075808955814	-0.914950045318871	0.235	0.389	1	8	HABP4
0.00278742702001077	-0.921113294031854	0.162	0.305	1	8	PYCARD
0.00714156411523075	-0.921410848955233	0.132	0.29	1	8	SYNGR2
0.000592033960436937	-0.932967880377633	0.324	0.526	1	8	SSUH2
0.00519043966617873	-0.93679974196866	0.132	0.291	1	8	ARPP19
0.00301593703147834	-0.942909629516338	0.25	0.438	1	8	NDUFS5
0.00772429142608564	-0.949183466424492	0.176	0.335	1	8	ANP32E
0.00545137020774613	-0.949402338463278	0.147	0.309	1	8	NMRK2
0.000968060162845512	-0.949554577691076	0.25	0.447	1	8	SSR1
0.000388934086362873	-0.949752464673197	0.235	0.446	1	8	CAPZA2
0.00435741620258092	-0.950993136993507	0.353	0.518	1	8	ARL6IP1
0.00178736732940287	-0.95769496628001	0.206	0.364	1	8	GCA
0.000474611532027538	-0.963341529421152	0.294	0.494	1	8	ATP5PD
0.000613598076118977	-0.963341529421152	0.221	0.408	1	8	ATP5F1C
0.00173899598890698	-0.963341529421152	0.162	0.347	1	8	PSMA6
0.00221395960277889	-0.971515460866852	0.118	0.281	1	8	STT3A
0.00722677104056194	-0.973325617993774	0.103	0.232	1	8	DPY30
0.000343485548354728	-0.974568784844406	0.279	0.491	1	8	NEDD8
0.00395501793379294	-0.98718827137552	0.206	0.344	1	8	PSMB3
0.000139326734207936	-0.988370323912674	0.279	0.51	1	8	SERBP1
0.000674688032705667	-0.993088872815204	0.206	0.406	1	8	HDGF
0.00179293968564905	-0.994220842305124	0.132	0.321	1	8	GOT2
0.000239843694595059	-0.997765360024677	0.25	0.485	1	8	PA2G4
0.00891340385593406	-0.997987672228043	0.118	0.238	1	8	RPL7L1
0.0017826718221889	-1.00773564877961	0.132	0.306	1	8	RBM8A
0.0011432106720753	-1.01003476486919	0.235	0.425	1	8	NAA50
0.0060438485789015	-1.01064724419951	0.206	0.359	1	8	FKBP1B
0.00810248737564711	-1.01444587036916	0.162	0.32	1	8	LALBA
0.00512346304804071	-1.01862396492234	0.162	0.315	1	8	IDH2
0.00116210066882943	-1.01862396492234	0.279	0.452	1	8	KRTCAP2
0.00287130672565351	-1.02308361311304	0.221	0.401	1	8	LOC138570017
0.00604278097973993	-1.02511772700784	0.206	0.367	1	8	KRAS
0.000610712035260473	-1.02635132694695	0.235	0.477	1	8	MTPN
0.0011665031636833	-1.02816353047739	0.191	0.41	1	8	RAP1B
0.00136434020879091	-1.03069679722292	0.206	0.416	1	8	GLO1
0.00132361724212563	-1.0342078601408	0.235	0.428	1	8	BRK1
0.0067134778603539	-1.03801821571565	0.132	0.264	1	8	PPP1CA
0.00552239637686469	-1.04015712647198	0.147	0.313	1	8	PKLR
0.00697563911527658	-1.04426152480472	0.147	0.332	1	8	MTURN
9.40830223381953e-05	-1.05372776587826	0.338	0.56	1	8	MATR3
0.00709104317349248	-1.05406469983508	0.147	0.315	1	8	SFT2D1
0.00775440202979337	-1.06887594359351	0.088	0.203	1	8	PIN4
0.000693577518530662	-1.06925003799231	0.206	0.401	1	8	PGK1
0.00696321900678407	-1.07484984463814	0.191	0.37	1	8	SURF4
0.00265788660479452	-1.07604166217051	0.191	0.367	1	8	NDUFA6
0.000141004584249751	-1.08183126629212	0.279	0.496	1	8	TMEM167A
0.00408393102636636	-1.09262454636612	0.176	0.348	1	8	CCT4
0.00456286417308318	-1.09605545176639	0.162	0.315	1	8	TRMT112
0.000148348667753536	-1.10682286256909	0.324	0.523	1	8	PSMA4
0.000437021547035951	-1.107099868882	0.191	0.392	1	8	DEK
0.00899291716082032	-1.10969805972506	0.162	0.318	1	8	RANBP1
0.00563247570520816	-1.11308864892583	0.118	0.27	1	8	LOC138549408
0.000180901463196468	-1.11938100460851	0.353	0.547	1	8	CYCS
0.00779415449603123	-1.12753016131432	0.059	0.204	1	8	SERPINH1
0.000284411111373863	-1.13018055098972	0.132	0.358	1	8	PFDN5
0.00342717907710542	-1.13018055098972	0.162	0.341	1	8	AHCY
0.000236303225487835	-1.13771243589466	0.221	0.437	1	8	TUSC3
0.000332287566369917	-1.1385999751665	0.176	0.383	1	8	PSMA5
0.00854347429023666	-1.1396280311149	0.368	0.497	1	8	LOC138567840
0.000309859354881675	-1.14076106741039	0.191	0.409	1	8	TBCA
0.0044670406928304	-1.14125932161699	0.118	0.279	1	8	NDUFA3
0.000166187102758036	-1.14722498845338	0.235	0.478	1	8	ERH
0.00626915855917202	-1.15536030171408	0.103	0.257	1	8	PABPN1
0.00120718652019261	-1.16042886184599	0.176	0.372	1	8	PCNA
0.00124743756387682	-1.16924582796903	0.118	0.296	1	8	PTTG1
0.000870858242643647	-1.16979240688858	0.162	0.358	1	8	MAGOH
0.00352353401524505	-1.18057224564182	0.132	0.282	1	8	HEBP2
8.81200920310831e-05	-1.18531836814177	0.309	0.554	1	8	POMP
0.000145162592345994	-1.18649146983034	0.206	0.453	1	8	UBE2N
0.00107831972820451	-1.18895066344114	0.147	0.335	1	8	HYPK
0.000938647077616376	-1.19102825042711	0.235	0.433	1	8	ANXA4
0.00826376555884781	-1.19855799111518	0.118	0.275	1	8	TOMM22
0.00178730713702969	-1.20087743701814	0.147	0.31	1	8	EIF3F
0.0092353675427455	-1.20174626874623	0.162	0.329	1	8	OSTC
0.00380552595347792	-1.20704445700301	0.118	0.276	1	8	TKTL1
0.00215726088292355	-1.20834564765797	0.176	0.355	1	8	LOC138528606
0.00158047581754577	-1.21126904286474	0.118	0.29	1	8	XRN2
0.00598299498071261	-1.21126904286474	0.074	0.215	1	8	SLC43A2
0.0042096414566461	-1.23246820857057	0.162	0.305	1	8	TIMP1
0.00487882693275672	-1.23636002382757	0.118	0.274	1	8	NDUFA11
0.002549668786336	-1.24132627672092	0.044	0.166	1	8	MRPL35
0.00571405279997987	-1.24132627672092	0.029	0.152	1	8	PCLAF
0.0038047867102043	-1.2431842229415	0.235	0.384	1	8	ID3
0.00784207796763367	-1.24411229955175	0.088	0.23	1	8	CD53
8.72259713847726e-05	-1.25857475764309	0.191	0.42	1	8	SOD1
0.00196500049382579	-1.26213312551058	0.132	0.315	1	8	GSTT1
0.000495013862461793	-1.26833922835864	0.206	0.408	1	8	SELENOF
0.0016152491211788	-1.27440863167675	0.132	0.308	1	8	NSA2
0.000127845748923686	-1.27622448470551	0.191	0.423	1	8	ARPC3
0.00288260816011382	-1.27622448470551	0.074	0.233	1	8	MKI67
0.00061110751535761	-1.28526962430851	0.132	0.332	1	8	RPN1
0.00295768828357038	-1.28526962430851	0.191	0.349	1	8	FBLN2
0.000306404597627649	-1.28526962430851	0.162	0.373	1	8	SERPINB6
0.00272250157820814	-1.29326241506204	0.118	0.282	1	8	VBP1
0.00903707654950486	-1.29425840753577	0.103	0.254	1	8	CMC2
9.10521573482441e-05	-1.29661459790252	0.265	0.496	1	8	SSR2
0.000763792121941855	-1.29873188411508	0.279	0.477	1	8	JUNB
0.000864229510677419	-1.30157143663761	0.118	0.334	1	8	SF3B6
0.000553970052329211	-1.31769110200089	0.118	0.344	1	8	SNU13
0.00121766917957824	-1.31769110200089	0.147	0.335	1	8	DYNLRB1
0.00509857866507651	-1.32479798849515	0.118	0.289	1	8	SRP14
0.000122941795902862	-1.32727715083009	0.118	0.332	1	8	TMEM14A
0.00517258779305099	-1.32869190459964	0.103	0.281	1	8	DENR
0.000776318893481159	-1.33091228986423	0.059	0.228	1	8	SUCLG1
0.00487887052399439	-1.34086195027183	0.088	0.232	1	8	LOC138566743
0.000178689112356542	-1.34185315267488	0.279	0.505	1	8	CSF1
0.000191108580716997	-1.34992258265077	0.147	0.375	1	8	HNRNPC
0.00965472118209908	-1.34992258265077	0.074	0.204	1	8	NDUFA12
0.000644287950747418	-1.35253285121319	0.147	0.335	1	8	PSMB2
0.000310371777523912	-1.35565895219991	0.176	0.376	1	8	EIF6
0.00302505280171168	-1.35565895219991	0.103	0.264	1	8	UQCRC2
8.81272634780826e-05	-1.35811043119401	0.176	0.413	1	8	LOC138527383
0.000974304242751809	-1.35994631060301	0.088	0.271	1	8	SPCS1
0.00270005726607353	-1.3654399729925	0.074	0.245	1	8	MRPL42
0.000601480987666544	-1.40074684172845	0.103	0.308	1	8	HINT1
0.000749696164210166	-1.40444132528619	0.118	0.304	1	8	LOC138480899
0.000465168626064226	-1.40812637209405	0.103	0.297	1	8	SUMO1
0.00915082165369035	-1.42277314805845	0.044	0.146	1	8	TMEM141
0.00124901942623492	-1.42277314805845	0.103	0.281	1	8	CCDC43
0.00026357943511335	-1.42662547355406	0.176	0.431	1	8	TXNIP
0.00376659867380129	-1.43675737749415	0.088	0.254	1	8	UQCRC1
0.00154604901145214	-1.44312179345025	0.103	0.285	1	8	CAPZA1
0.00972691618253383	-1.44984139125662	0.074	0.206	1	8	CNN3
0.00414487623463808	-1.45519462575083	0.059	0.182	1	8	DHFR
9.10014546361205e-05	-1.45519462575083	0.147	0.424	1	8	COX7A2L
0.00125130085013999	-1.46159239694898	0.132	0.338	1	8	PPP2CB
0.000375757062946931	-1.46230151224509	0.103	0.31	1	8	PSMB1
0.00602132781049312	-1.46432563750295	0.088	0.252	1	8	TIA1
0.00213240178671926	-1.4671672674169	0.103	0.28	1	8	NDUFB4
8.6494777254905e-05	-1.46969419544594	0.132	0.372	1	8	LOC138516165
0.00196026206972177	-1.47289662748429	0.103	0.297	1	8	PSMA3
0.000441226817676626	-1.50250034052918	0.132	0.351	1	8	ATP5PB
0.000890409476033239	-1.50766204564496	0.118	0.31	1	8	U2AF1L4
0.00456228267198632	-1.51233853285444	0.147	0.284	1	8	CADM1
0.00192711911511742	-1.52230882160936	0.088	0.258	1	8	SKA2
0.00704903940571918	-1.52558395364222	0.044	0.159	1	8	SDHD
0.00168540429011375	-1.52812614820468	0.074	0.22	1	8	SELENOH
0.00405001469321885	-1.5407703574569	0.044	0.16	1	8	RIDA
0.000994097876904178	-1.5416093775683	0.118	0.317	1	8	NUDT21
0.00199155280306119	-1.54228024251454	0.059	0.198	1	8	LOC138582769
8.67982826548778e-05	-1.5519062668225	0.221	0.463	1	8	FOS
0.00561813892737901	-1.56027667180838	0.059	0.176	1	8	SNAI2
0.00406776085420793	-1.58539334887753	0.044	0.167	1	8	CSNK2B
0.000221717820002492	-1.61131382766811	0.088	0.272	1	8	TIMM9
0.000186276334097458	-1.61797755794912	0.103	0.298	1	8	EIF3E
0.00445973960023616	-1.61797755794912	0.103	0.297	1	8	BCCIP
0.0022568884880929	-1.62155301217295	0.029	0.164	1	8	MRPL30
0.00836629999164338	-1.62867744660633	0.044	0.17	1	8	PPIC
0.0013394710798476	-1.6598123453593	0.088	0.235	1	8	SERPINE2
0.00332179931970838	-1.6598123453593	0.074	0.245	1	8	PIM1
0.00338744505216819	-1.66378124756224	0.059	0.212	1	8	LOC138527613
0.00548611115981835	-1.66378124756224	0.059	0.208	1	8	NDUFV2
0.000112352826575651	-1.68823429128678	0.088	0.289	1	8	LOC138488268
0.0029947650036895	-1.69805114964699	0.044	0.173	1	8	PWP1
0.000115776856989998	-1.70929590681461	0.132	0.371	1	8	GSTP1
0.000345884176076668	-1.71822903158462	0.074	0.254	1	8	UFM1
0.0045436992207988	-1.73944551749432	0.059	0.22	1	8	NDUFS6
0.00179960109834836	-1.77069645147876	0.059	0.232	1	8	EIF3G
0.000622102744002816	-1.78670876946739	0.088	0.28	1	8	CEBPD
0.00365955003498458	-1.81419809011534	0.074	0.239	1	8	SELENOP
0.000875189171190212	-1.84598457878299	0.044	0.199	1	8	C11H11orf58
0.00157920683601782	-1.84598457878299	0.044	0.198	1	8	MRPL27
0.00441947629843791	-1.85411245966639	0.029	0.148	1	8	MCM2
0.000411536519055012	-1.88419058261959	0.118	0.315	1	8	RHAG
9.55349520682015e-05	-1.89069622758939	0.088	0.321	1	8	VPS29
0.000341063108027726	-1.93296788037763	0.074	0.288	1	8	MDH2
0.000712029751760115	-1.94062145292107	0.044	0.21	1	8	CHCHD1
0.00965034808738571	-1.94443306687109	0.059	0.182	1	8	UNC5B
0.00401593196492399	-1.96334152942115	0.029	0.154	1	8	DYNLL2
0.00440642305120402	-1.97829187088712	0.029	0.163	1	8	UBL4A
0.00364817259457452	-1.98570934244961	0.029	0.156	1	8	LOC138459848
0.00276965161559585	-2.00043084815637	0.029	0.164	1	8	CD302
0.00146510866775991	-2.02403746110871	0.103	0.264	1	8	APCS
0.00593860165034161	-2.10289288181995	0.015	0.121	1	8	EEF1E1
0.00111349264880146	-2.12900989330293	0.324	0.472	1	8	CTSL
0.00309469208087308	-2.18251004988331	0.015	0.127	1	8	PHYH
0.0011410374835431	-2.2597989367924	0.044	0.212	1	8	CLCA1
0.00116979367757413	-2.26712227759825	0.029	0.196	1	8	MRPL52
0.0012892528869651	-2.32727715083009	0.118	0.306	1	8	HS3ST1
0.00739720488269585	-2.36706371547216	0.029	0.174	1	8	TP53I11
0.00843314112890971	-2.38960628412325	0.015	0.12	1	8	PLEKHG4B
0.00767487512810772	-2.41455264125348	0.015	0.112	1	8	SNCA
0.00187646457673125	-2.43094707950415	0.044	0.188	1	8	NR6A1
0.00211413143476263	-2.43130141943983	0.221	0.357	1	8	MRC1
0.000369941774546166	-2.47706912537359	0.103	0.291	1	8	NRP2
0.00918726152810069	-2.5331971377521	0.015	0.123	1	8	UBE2C
8.89689367904575e-05	-2.56820358758001	0.029	0.223	1	8	S100A16
0.000891347926307152	-2.57067184317076	0.015	0.159	1	8	SELENOS
0.0034194274852635	-2.59269814950076	0.029	0.161	1	8	SRGN
0.0077092269135419	-2.62630654214358	0.029	0.146	1	8	FGF10
0.00108468408457092	-2.71153437901061	0.015	0.172	1	8	PET100
0.00765929684379292	-2.95202621619332	0	0.1	1	8	PBXIP1
0.00488196533942315	-3.2207293721138	0	0.108	1	8	ITGB3
0.000487149369617198	-3.22543637479133	0.015	0.172	1	8	GPNMB
0.000707124556023271	-3.37273246555885	0.015	0.164	1	8	FGL2
0.000571764461101978	-3.89407886698404	0	0.155	1	8	LFNG
0.00135233994246473	-3.89407886698404	0	0.132	1	8	PDPN
0.00285030206644905	-4.56696787440734	0	0.11	1	8	STAB2
6.63528805095889e-24	2.66786381213527	0.619	0.112	7.96831742039653e-20	9	TOP2A
4.2583166249398e-19	1.39556270333909	0.984	0.775	5.11381243489021e-15	9	HMGN2
1.06575230484122e-17	2.83661826986964	0.476	0.096	1.27986194288382e-13	9	UBE2C
4.54579664565317e-17	2.63391648021193	0.381	0.069	5.45904719176489e-13	9	CDK1
9.70981961042832e-17	0.998800533793056	1	0.855	1.16605223701634e-12	9	H2AZ1
4.43371777981842e-16	2.62491166695072	0.349	0.062	5.32445168178394e-12	9	AURKB
9.37384544353356e-16	1.05922637682047	0.984	0.927	1.12570509931395e-11	9	HMGB2
3.72880603108374e-15	0.983014915838646	0.984	0.897	4.47792316272847e-11	9	HMGN1
4.2901837195211e-15	0.96547241139079	0.984	0.782	5.15208162877288e-11	9	TUBB4A
7.93020685794907e-15	1.06771490759944	0.984	0.789	9.52338541571104e-11	9	TUBA1C
7.99457104038834e-15	2.0537549657546	0.429	0.115	9.60068036240235e-11	9	DLGAP5
3.41529108336138e-14	2.32321564074782	0.349	0.067	4.10142306200868e-10	9	ASPM
3.45934267536004e-14	3.26576536856392	0.27	0.029	4.15432461883987e-10	9	CKS2
4.6011447243414e-14	2.32321564074782	0.381	0.075	5.52551469946159e-10	9	CCNA2
6.10864789755058e-14	3.81625565202794	0.238	0.019	7.3358752601685e-10	9	CCNB3
7.13932352007622e-14	2.83136254441815	0.286	0.045	8.57361361525953e-10	9	PLK1
3.2320262298049e-13	3.45285092116442	0.206	0.021	3.88134029937271e-09	9	H2BC3
1.37991007356748e-12	2.10404712028566	0.444	0.119	1.65713400734719e-08	9	SMC2
3.96225229111153e-12	2.74890038422617	0.238	0.039	4.75826877639584e-08	9	MTFR2
4.20399650755639e-12	0.877690139662449	0.968	0.801	5.04857940592447e-08	9	H3F3A
5.08169394108662e-12	1.22130906273416	0.841	0.409	6.10260625385092e-08	9	HMGB3
5.90246754384908e-12	2.44803390486664	0.333	0.062	7.08827327340836e-08	9	CKS1B
6.70574341098366e-12	0.8666133916012	1	0.922	8.05292726225027e-08	9	DYNLL1
2.14302156480366e-11	0.907841274265508	0.968	0.714	2.57355459717271e-07	9	RAN
2.34198214261472e-11	0.747091030599094	1	0.863	2.81248635506601e-07	9	KRT8
2.47881089612188e-11	3.15329063930551	0.222	0.026	2.97680400515276e-07	9	CCNB1
1.00103723617128e-10	2.03781342188557	0.444	0.121	1.20214561691808e-06	9	DCK
1.24382769532837e-10	2.3194349011333	0.571	0.256	1.49371267931984e-06	9	KPNA2
2.53243985087036e-10	1.10740448091531	0.873	0.619	3.04120701691021e-06	9	STMN1
3.38785610785642e-10	2.56832813858435	0.238	0.041	4.06847639992478e-06	9	KIFC1
4.16026652770651e-10	1.52879977439772	0.587	0.229	4.99606407312275e-06	9	RRM1
4.41122700262477e-10	1.62277592260673	0.492	0.182	5.29744250745208e-06	9	RRM2
1.82748027269674e-09	2.46523464562025	0.254	0.049	2.19462105948151e-05	9	DEPDC1
2.22164998655413e-09	2.60309355674503	0.19	0.035	2.66797946885286e-05	9	TPX2
2.57882222139088e-09	2.0537549657546	0.302	0.07	3.09690760566831e-05	9	LOC138481234
4.12364361300281e-09	1.52343160061003	0.603	0.268	4.95208361485507e-05	9	PTTG1
5.5066930526084e-09	2.33226078035083	0.222	0.045	6.61298768687743e-05	9	SHCBP1
9.80917842170467e-09	1.87219626192673	0.444	0.16	0.000117798423666251	9	CDCA8
1.2628746006266e-08	1.04348663030077	0.81	0.461	0.000151658610789249	9	LMNB2
1.4191255493365e-08	0.731370153180449	0.968	0.827	0.000170422787219821	9	KRT18
1.81851908067447e-08	0.916383128832454	0.905	0.67	0.000218385956398197	9	TUBA1A
1.81861744347974e-08	2.83136254441815	0.079	0.012	0.000218397768787483	9	COA1
1.90793061314972e-08	2.05813340626517	0.286	0.068	0.00022912338733315	9	KIF2C
1.91115435866189e-08	1.48653404742071	0.302	0.095	0.000229510526931707	9	BUB1
1.98766259682265e-08	1.16999697203791	0.714	0.398	0.000238698401252431	9	SOX18
3.39781903778656e-08	0.739750488413169	0.968	0.851	0.000408044088247788	9	RBMX
4.70796370435105e-08	0.869651029142522	0.937	0.73	0.000565379361255518	9	PRDX1
5.49105888673117e-08	0.705016810552735	0.984	0.856	0.000659421261707546	9	CRIP1
5.52594197956725e-08	1.8537303574466	0.19	0.054	0.000663610372326231	9	WDR62
5.55956175385749e-08	0.442922315499447	1	1	0.000667647771020746	9	CIRBP
6.86820663442563e-08	1.21196654663312	0.683	0.351	0.000824802934728174	9	H3-3B
7.24176856862571e-08	0.866026706610164	0.905	0.641	0.000869663987406262	9	COX7B
7.51816524718331e-08	0.521804796406999	1	0.961	0.000902856464534244	9	RPS28
9.64267131532314e-08	1.87318272011277	0.302	0.084	0.00115798839825716	9	INCENP
1.06876079430762e-07	3.02775975722165	0.143	0.021	0.00128347483788402	9	LOC138580660
1.11144043921815e-07	2.40605670968548	0.19	0.041	0.00133472882345707	9	CDC20
1.20429703827548e-07	1.42393822924918	0.476	0.196	0.00144624031326502	9	SELENOH
1.27564404898176e-07	1.84662930107146	0.27	0.083	0.00153192093842219	9	DPM2
1.7002654899315e-07	0.903153227486158	0.825	0.541	0.00204184882685874	9	NUCKS1
1.93208483110175e-07	1.11742239135067	0.825	0.547	0.00232024067367009	9	TUBA1B
2.11571844609764e-07	0.522329713863842	1	0.95	0.00254076628191866	9	RPL19
2.32581393172415e-07	1.7430066699973	0.27	0.086	0.00279306995060753	9	RCC1
2.76328319165444e-07	1.99574936231903	0.19	0.051	0.00331842678485782	9	DONSON
3.77754301566804e-07	0.97235264514078	0.698	0.373	0.00453645140751575	9	SRSF1
3.79487834879259e-07	0.496277445454133	1	0.973	0.00455726940906502	9	RPS23
3.96111923908953e-07	1.48191338676688	0.365	0.139	0.00475690809422262	9	NUMA1
4.5627150587424e-07	0.645617025493437	0.889	0.685	0.00547936451404375	9	TRA2B
5.026692242547e-07	2.49032562658308	0.159	0.033	0.00603655471407469	9	KIF20A
5.48777912023181e-07	0.549639065100384	1	0.95	0.00659027394548639	9	RPS12
5.63861423450592e-07	1.21341163174308	0.556	0.284	0.00677141183421815	9	RBBP7
6.10659985512311e-07	1.45285092116442	0.746	0.495	0.00733341576601734	9	ARL6IP1
6.23486790462197e-07	0.473485766968417	1	0.978	0.00748745286666053	9	ZA20D3
7.33994633963063e-07	1.14192182522631	0.635	0.345	0.00881454155926242	9	PCNA
8.22568828511226e-07	1.20531285165379	0.587	0.311	0.00987822906159132	9	ANP32E
8.79413893538943e-07	1.33638141053466	0.524	0.238	0.0105608814475092	9	GNAI1
9.79489109306638e-07	5.47521873419287	0.063	0.001	0.0117626847136634	9	VWA3B
1.03547824764312e-06	-4.52900173212532	0.063	0.365	0.0124350582759462	9	MRC1
1.04911481121965e-06	0.688222262740911	0.952	0.787	0.0125988197679368	9	SNRPG
1.18409019064459e-06	0.940570698122412	0.873	0.625	0.0142197390994509	9	JPT1
1.23778824343974e-06	-3.64328981115792	0.032	0.323	0.0148645990154678	9	IQSEC1
1.23808008357074e-06	1.0814999562375	0.571	0.318	0.014868103723601	9	SNU13
1.25654047688102e-06	0.755786769811415	0.857	0.639	0.0150897945868642	9	SRSF9
1.31057919622831e-06	1.00354351980083	0.667	0.343	0.0157387455675057	9	YWHAH
1.79977859373618e-06	-0.669648994620969	0.921	0.974	0.0216135411321778	9	CYTB
1.8027901450123e-06	0.812368080397291	0.73	0.435	0.0216497068514527	9	DLK1
1.85222682315322e-06	1.11986763776806	0.46	0.209	0.0222433919192471	9	TMPO
1.91653858557023e-06	1.61139686047624	0.254	0.08	0.0230157118741129	9	RAD51AP1
1.98696481167985e-06	0.810898441858432	0.873	0.601	0.0238614604234633	9	RHOC
2.16249713913299e-06	1.08916030188579	0.635	0.367	0.0259694281438481	9	DEK
2.23889295307147e-06	1.93089821796906	0.238	0.071	0.0268868654734353	9	MAD2L1
2.41032399859261e-06	0.454793509035419	1	0.966	0.0289455808990987	9	RPS18
2.43711309477645e-06	0.711034164476345	0.905	0.731	0.0292672911551704	9	SNRPF
2.50554362786772e-06	0.548428581146649	1	0.796	0.0300890734270634	9	COX6B1
2.93405274839818e-06	1.74890038422617	0.238	0.065	0.0352350394555138	9	KIF22
3.60280798683684e-06	-1.11904151111037	0.683	0.873	0.0432661211139236	9	KRT5
3.61952050574515e-06	2.69385902066821	0.19	0.033	0.0434668217534935	9	CDCA3
3.9203009435212e-06	-1.07374216892285	0.794	0.857	0.0470788940307462	9	HSPG2
4.2095367431291e-06	2.71271804791953	0.095	0.016	0.0505523267482374	9	LOC138513729
4.30549950838571e-06	1.35602453487149	0.444	0.211	0.051704743596204	9	MKI67
5.08238201740777e-06	0.451442815444665	1	0.996	0.0610343256470499	9	TMSB4X
5.21872322108256e-06	0.522362284632174	0.921	0.736	0.0626716471619805	9	HNRNPH3
5.54684201030101e-06	0.767232206998432	0.952	0.674	0.0666120257017049	9	COX6C
5.96982087786043e-06	1.06179228482001	0.556	0.278	0.071691578922226	9	LOC138480899
6.94891530661044e-06	1.30683589755897	0.349	0.132	0.0834495239170848	9	ANLN
7.7188198047002e-06	0.697035598188391	0.841	0.636	0.0926953070346447	9	ATP5PF
7.92884454849195e-06	0.606463267471125	0.857	0.661	0.0952174941828399	9	BTF3L4
8.07328107574485e-06	2.2425579774026	0.206	0.062	0.0969520324386199	9	NPPC
9.98411678893995e-06	1.051269702365	0.635	0.364	0.11989925851838	9	ACP1
1.01848978884374e-05	0.905363125861925	0.698	0.427	0.122310438742245	9	GLRX
1.02236185457893e-05	2.56832813858435	0.111	0.021	0.122775435116383	9	PLK4
1.08425727126646e-05	0.671000485763185	0.762	0.493	0.130208455706389	9	PTBP1
1.25441431447976e-05	1.23768282659588	0.333	0.138	0.150642615025874	9	TSN
1.26283028646405e-05	1.83136254441815	0.222	0.062	0.151653289101468	9	TACC3
1.46125295913521e-05	1.4427972565005	0.381	0.167	0.175481867862547	9	SLBP
1.53779726682606e-05	1.91625144200466	0.206	0.058	0.184674073773141	9	MCFD2
1.55401947016087e-05	1.00660863837527	0.698	0.534	0.186622198171619	9	H1-1
1.69683379071888e-05	0.435319221380919	1	0.979	0.20377276992743	9	PTMA
1.70706079440559e-05	1.10266456623554	0.317	0.145	0.205000930800167	9	ATP6V1D
1.77787000262399e-05	0.436630236515625	1	0.934	0.213504408615115	9	UBA52
1.90395500983314e-05	1.84843605777709	0.222	0.073	0.228645957130862	9	SLC29A2
1.90872956520433e-05	0.422283119385819	1	0.974	0.229219333485388	9	RPL35
1.97592301314536e-05	2.03781342188557	0.175	0.045	0.237288594648626	9	LOC138549858
1.99067203419764e-05	1.45285092116442	0.27	0.093	0.239059804586794	9	MIS18BP1
2.00530622360231e-05	0.574783160721653	0.968	0.74	0.240817224392401	9	PLVAP
2.13295739934368e-05	4.15329063930551	0.079	0.004	0.256146854087183	9	PSMC3IP
2.16670064381251e-05	0.76097321652675	0.651	0.365	0.260199080315445	9	HABP4
2.29528895385351e-05	0.49855786028018	1	0.924	0.275641250468268	9	HNRNPAB
2.34527689941815e-05	1.6367151135646	0.238	0.083	0.281644302851126	9	G2E3
2.37496799968801e-05	1.83136254441815	0.159	0.05	0.285209907082533	9	NUSAP1
2.43850252320855e-05	0.797226204890598	0.746	0.464	0.292839768012114	9	NEDD8
2.55909401415561e-05	0.404312527437324	1	0.966	0.307321600159947	9	RPLP1
2.78397704982106e-05	0.636346562013005	0.873	0.636	0.334327803913011	9	HSBP1
2.87161196219119e-05	0.576941268889062	0.778	0.529	0.344851880539541	9	ENG
2.90108253272527e-05	0.613589522796631	0.952	0.709	0.348391001354978	9	COX6A1
2.90144010958968e-05	1.14308044070329	0.587	0.364	0.348433942760625	9	ID3
3.06836427122823e-05	-1.28393273277317	0.714	0.868	0.368479865331798	9	unassigned-gene-2
3.19669889927447e-05	1.91882538566849	0.222	0.063	0.383891570813872	9	KIF23
3.39080348821578e-05	0.815709280106663	0.571	0.319	0.407201590899833	9	CKB
3.43174687536761e-05	0.496959869948578	0.937	0.877	0.412118482262896	9	PFN1
3.43397528889739e-05	1.5385807951903	0.222	0.085	0.412386092443687	9	LARP7
3.52029627224378e-05	1.23390909951379	0.302	0.134	0.422752379333755	9	BCAM
3.72212817435656e-05	1.46141293466784	0.19	0.07	0.446990372458479	9	EXOSC6
4.14345293475225e-05	1.12862858507124	0.397	0.183	0.497587262934398	9	CKAP5
4.63052371448433e-05	0.343672665739337	1	0.996	0.556079592872423	9	LOC138582460
4.75982379252043e-05	0.848581615466855	0.683	0.409	0.571607239243778	9	ILF2
4.91172591360255e-05	0.63557547966387	0.952	0.779	0.58984916496453	9	SRSF3
4.9853517819112e-05	3.56832813858435	0.048	0.004	0.598690895489716	9	IRX3
4.9853517819112e-05	2.83136254441815	0.048	0.006	0.598690895489716	9	TPBG
4.9853517819112e-05	2.69385902066821	0.048	0.009	0.598690895489716	9	LOC138522502
5.0374566583897e-05	0.331552326960346	1	0.997	0.604948170106019	9	CIRP
5.21168235689578e-05	0.80859123675949	0.746	0.535	0.625870934239614	9	SNRPD2
5.22158451000664e-05	0.355896827298108	1	0.983	0.627060083806697	9	RPL32
5.30737083064045e-05	-2.21428012113756	0.095	0.348	0.637362163051611	9	ZNF521
5.32838764239866e-05	2.71271804791953	0.095	0.016	0.639886071975655	9	EIF2AK4
5.72070931313308e-05	0.581900158157882	0.825	0.574	0.686999981414152	9	TARDBP
6.03776480234731e-05	1.85561009066482	0.175	0.049	0.725075175113888	9	PRIM1
6.06738208613365e-05	2.11766672957479	0.143	0.035	0.72863191472379	9	WDR76
6.40154775468961e-05	2.18981651533062	0.127	0.033	0.768761869860675	9	RACGAP1
6.67638729494918e-05	0.419102129809878	1	0.971	0.801767350250447	9	RPS27
6.70915312793601e-05	0.827570965255774	0.524	0.273	0.805702199133836	9	PSMA3
6.78627945491432e-05	4.73825314002667	0.032	0.001	0.814964299740661	9	LOC138540856
6.78627945491432e-05	3.73825314002667	0.032	0.003	0.814964299740661	9	TUB
6.78627945491432e-05	3.73825314002667	0.032	0.003	0.814964299740661	9	LOC138564292
6.78627945491432e-05	3.73825314002667	0.032	0.003	0.814964299740661	9	unassigned-gene-3
6.78627945491432e-05	3.15329063930551	0.032	0.004	0.814964299740661	9	DARS2
6.96102210437816e-05	2.19909432891864	0.111	0.027	0.835949144514773	9	KIF14
6.96102210437816e-05	2.15329063930551	0.111	0.028	0.835949144514773	9	FLAD1
6.9861062311673e-05	0.735328559578786	0.73	0.492	0.838961497300881	9	CBX3
7.19371018443274e-05	-1.62544360481233	0.095	0.343	0.863892656048528	9	FCHSD2
7.43156719237837e-05	2.15329063930551	0.111	0.028	0.892456904132718	9	CKAP2L
7.64384804312872e-05	0.997579497082899	0.444	0.237	0.917949711499328	9	SKA2
7.7613738942714e-05	0.602642503109689	0.81	0.531	0.932063390963052	9	UBE2L3
7.83086725985194e-05	2.08916030188579	0.159	0.04	0.940408849235619	9	RAD50
8.13670159773652e-05	0.744177973983772	0.667	0.384	0.977136494872179	9	EZR
8.15444544775831e-05	-1.97186449201678	0.111	0.359	0.979267353821296	9	VAV3
0.00226196518213374	5.61272225794281	0.032	0.003	1	9	LOC138526590
0.00493039655040347	5.15329063930551	0.016	0	1	9	SLC25A30
0.00493039655040347	5.15329063930551	0.016	0	1	9	GDPGP1
0.00493039655040347	5.15329063930551	0.016	0	1	9	LGI1
0.00493039655040347	5.15329063930551	0.016	0.001	1	9	LRP2
0.000516571722952683	4.15329063930551	0.048	0.003	1	9	WFIKKN2
0.00493039655040347	4.15329063930551	0.016	0.001	1	9	LOC138569545
0.00493039655040347	4.15329063930551	0.016	0.001	1	9	LOC138582231
0.00493039655040347	4.15329063930551	0.016	0.001	1	9	ZNF732
0.00493039655040347	4.15329063930551	0.016	0.001	1	9	ADAMTSL2
0.00493039655040347	4.15329063930551	0.016	0.001	1	9	PDCD1
0.00493039655040347	3.56832813858435	0.016	0.002	1	9	CALHM6
0.00228658154000418	3.4163250451393	0.032	0.004	1	9	FOXF1
0.00228658154000418	3.15329063930551	0.032	0.004	1	9	LOC138582216
0.00493039655040347	3.15329063930551	0.016	0.003	1	9	KHK
0.000106494542277908	3.01578711555558	0.063	0.009	1	9	KIF18A
0.0075876725095785	2.9833656378632	0.048	0.007	1	9	MAL2
0.00228658154000418	2.93089821796906	0.032	0.005	1	9	STK16
0.000461805347853048	2.89025623347172	0.063	0.01	1	9	CDC6
0.00493039655040347	2.83136254441815	0.016	0.004	1	9	FAM161B
0.00493039655040347	2.83136254441815	0.016	0.004	1	9	LOC138452953
0.00493039655040347	2.83136254441815	0.016	0.004	1	9	LOC138563743
0.000143933328543683	2.7907205599208	0.095	0.015	1	9	GPATCH11
0.00757080369417536	2.77477901605178	0.063	0.01	1	9	COL7A1
0.000313580799349285	2.76097321652675	0.111	0.018	1	9	IFT46
0.0075876725095785	2.69385902066821	0.048	0.009	1	9	GRHL3
0.0014449962925737	2.56832813858435	0.063	0.012	1	9	ATAT1
0.00247173222445911	2.56832813858435	0.048	0.01	1	9	HJURP
0.00493039655040347	2.56832813858435	0.016	0.004	1	9	EXD2
0.00493039655040347	2.56832813858435	0.016	0.004	1	9	LOC138492809
0.00493039655040347	2.56832813858435	0.016	0.004	1	9	BCL11B
0.000461805347853048	2.47521873419287	0.063	0.013	1	9	CKAP2
0.0014449962925737	2.47521873419287	0.063	0.013	1	9	DNLZ
0.00757080369417536	2.47521873419287	0.063	0.013	1	9	DGUOK
0.000592449706825063	2.45285092116442	0.111	0.022	1	9	LOC138582523
0.0075876725095785	2.45285092116442	0.048	0.011	1	9	ZBTB43
0.00589604081255797	2.4163250451393	0.079	0.017	1	9	ZNF260
0.00493039655040347	2.34593571724791	0.016	0.004	1	9	RASEF
0.00026643366693141	2.31678937158839	0.079	0.021	1	9	ALOX5AP
0.00248734655178542	2.31678937158839	0.095	0.021	1	9	DNAJC17
0.00162492904609118	2.27882152138937	0.079	0.018	1	9	CYB5RL
0.00186379308715336	2.27882152138937	0.127	0.029	1	9	HMBS
0.00105110342060035	2.24640004369699	0.111	0.025	1	9	LOC138583265
0.00228658154000418	2.15329063930551	0.032	0.01	1	9	LOC138570219
0.00757080369417536	2.15329063930551	0.063	0.017	1	9	SREBF1
0.00030129931403383	2.12086916161313	0.143	0.037	1	9	AURKA
0.00053460446242993	2.12086916161313	0.159	0.038	1	9	EXOSC4
0.00283059557645365	2.10889651994706	0.111	0.029	1	9	CIAO1
0.0014449962925737	2.08290131141411	0.063	0.018	1	9	LOC138570265
0.0075876725095785	2.06582779805517	0.048	0.014	1	9	LOC138567451
0.0075876725095785	2.06582779805517	0.048	0.014	1	9	NSUN4
0.000154637847823991	2.06582779805517	0.175	0.043	1	9	MYCN
0.00273420918303357	2.03781342188557	0.111	0.032	1	9	LOC138567534
0.00606085910847594	2.03781342188557	0.111	0.033	1	9	CDKN2C
0.000222715631496668	2.02775975722165	0.159	0.041	1	9	CDCA7L
0.0014449962925737	2.01578711555558	0.063	0.018	1	9	HYAL3
0.00359570289730812	2.01578711555558	0.063	0.018	1	9	MGMT
0.00757080369417536	2.01578711555558	0.063	0.018	1	9	NEPRO
0.00428791206673527	2.00644925097624	0.095	0.026	1	9	COL16A1
0.00324482805065248	1.9833656378632	0.079	0.023	1	9	ELP5
0.000154247209106085	1.9833656378632	0.111	0.029	1	9	NEK2
0.00279746578754611	1.96566363612974	0.127	0.035	1	9	LOC138515972
0.00418887073659065	1.96566363612974	0.127	0.034	1	9	CD320
0.00248734655178542	1.96064556136311	0.095	0.027	1	9	TOR4A
0.00072308856946828	1.95689342650201	0.175	0.046	1	9	SASS6
0.000143933328543683	1.91625144200466	0.095	0.028	1	9	DEPDC1B
0.00181902037865792	1.90536312586192	0.111	0.029	1	9	TROAP
0.00242288187094813	1.90536312586192	0.095	0.032	1	9	AGRN
0.00589604081255797	1.88027214489909	0.079	0.025	1	9	RBM15B
0.000633381671859946	1.86788842044326	0.111	0.029	1	9	CDCA2
0.00030129931403383	1.85783475577934	0.143	0.044	1	9	UBE2S
0.00138833865505392	1.83136254441815	0.095	0.029	1	9	LOC138514155
0.0060312238794709	1.83136254441815	0.079	0.023	1	9	XKR5
0.00616902002731887	1.83136254441815	0.079	0.024	1	9	AGTRAP
0.00665903792546104	1.83136254441815	0.095	0.03	1	9	NUF2
0.000232024162556989	1.8053673358852	0.159	0.047	1	9	CFAP298
0.000261611128687901	1.79965368469081	0.127	0.038	1	9	ZDBF2
0.00645261776200529	1.79573863468743	0.111	0.035	1	9	CDCA5
0.00926218107600906	1.79573863468743	0.111	0.035	1	9	PRR11
0.00948107501140115	1.79573863468743	0.111	0.033	1	9	MIS18A
0.00324482805065248	1.78405682963979	0.079	0.027	1	9	MFSD4B
0.000238849273862202	1.76097321652675	0.222	0.066	1	9	IQGAP3
0.00176617575943319	1.76097321652675	0.111	0.037	1	9	MYO19
0.0061690311293255	1.73825314002667	0.079	0.025	1	9	SLC6A8
0.00435241058844767	1.72702588460341	0.111	0.037	1	9	LOC138527279
0.00909895095386417	1.70583166233429	0.159	0.053	1	9	HLTF
0.00992135270558541	1.69385902066821	0.079	0.026	1	9	OMA1
0.00992135270558541	1.69385902066821	0.079	0.029	1	9	TAB1
0.00183379879589287	1.69385902066821	0.143	0.045	1	9	GTF2A1
0.0075876725095785	1.69385902066821	0.048	0.019	1	9	FCER1G
0.0057780027075867	1.6793594509731	0.127	0.044	1	9	NUDT1
0.000194482867641142	1.66786381213527	0.143	0.046	1	9	NDC80
0.00098376078649945	1.65079029877633	0.175	0.06	1	9	MRPS15
0.00511191224418464	1.65079029877633	0.159	0.058	1	9	DCAF12
0.000194482867641142	1.64232872002813	0.143	0.048	1	9	TMEM209
0.00493690014856785	1.64232872002813	0.143	0.047	1	9	LOC138580579
0.00665903792546104	1.63871746647575	0.095	0.034	1	9	PNPO
0.000483309471943398	1.6297286832485	0.175	0.061	1	9	POLR2G
0.00773465346483243	1.6297286832485	0.048	0.019	1	9	CCDC77
0.00799545092032351	1.62277592260673	0.127	0.045	1	9	SAMHD1
0.000402288989896599	1.62079555847849	0.206	0.067	1	9	FZD2
0.000591910878558992	1.61985843922444	0.254	0.095	1	9	LOC138521914
9.08040727405221e-05	1.60309355674503	0.19	0.068	1	9	BIRC5
0.00428791206673527	1.60309355674503	0.095	0.035	1	9	TRIM59
0.00435241058844767	1.59870178762787	0.111	0.04	1	9	MSH6
0.00192150700780414	1.59529518618462	0.127	0.043	1	9	KCTD2
0.00409008088651156	1.59035444491435	0.159	0.056	1	9	TMUB2
0.000508225600772304	1.58850602052198	0.159	0.058	1	9	BUB1B
0.00026707289911161	1.58444780394763	0.19	0.071	1	9	CENPH
0.0012900101034251	1.58444780394763	0.19	0.074	1	9	ECT2
0.00192757714779536	1.56832813858435	0.175	0.06	1	9	SRD5A3
0.00608873940050742	1.56832813858435	0.127	0.045	1	9	UQCC2
0.00026911202197026	1.55238659471533	0.222	0.075	1	9	RAD51
0.00726779826592215	1.54663306748504	0.159	0.057	1	9	NSMCE2
0.0035887922286489	1.54448139662999	0.143	0.052	1	9	BUD23
0.00706987165902371	1.52525941669247	0.159	0.06	1	9	PMPCA
0.00799545092032351	1.51586071869022	0.127	0.048	1	9	LOC138567283
0.00948107501140115	1.50943444953079	0.111	0.04	1	9	HSPA12A
0.000430617862561049	1.47869092609968	0.19	0.072	1	9	CDC40
0.00142932364212833	1.46879246503344	0.095	0.038	1	9	UBIAD1
0.00409008088651156	1.46297513843813	0.159	0.058	1	9	CYP2C9
0.00263323631228107	1.45285092116442	0.143	0.055	1	9	FEM1B
0.00446779001704914	1.45285092116442	0.111	0.045	1	9	ENTPD5
0.000244643172690881	1.44803390486664	0.302	0.121	1	9	RAD21
0.00291024615802987	1.42537018474231	0.111	0.044	1	9	PAK1IP1
0.000887651063845803	1.42393822924918	0.27	0.105	1	9	BPNT2
0.00992135270558541	1.4163250451393	0.079	0.032	1	9	PAWR
0.000430617862561049	1.41078686159787	0.19	0.074	1	9	TIMM10
0.000966670714194979	1.40196975216223	0.206	0.08	1	9	AMOTL2
0.00552611503564779	1.38775589294253	0.127	0.059	1	9	AURKAIP1
0.00156289560284214	1.38070113540858	0.143	0.068	1	9	BAMBI
0.00666709784868107	1.3779969264802	0.175	0.077	1	9	MRPL53
0.00214352990138099	1.37368070773081	0.206	0.087	1	9	EPHB4
0.0035887922286489	1.3666942774147	0.143	0.061	1	9	RPIA
0.00796926535196162	1.36187726111693	0.127	0.042	1	9	SLC26A10P
0.000203883815611812	1.36073271917599	0.206	0.08	1	9	CRELD2
0.00166698982949791	1.3588747729554	0.222	0.091	1	9	B3GNT5
0.00118647326700531	1.35627766146937	0.286	0.118	1	9	SNRPB2
0.00188538019967536	1.34593571724791	0.238	0.119	1	9	ELOF1
0.00369442695785862	1.34593571724791	0.222	0.097	1	9	LSM12
0.00078400959524691	1.34593571724791	0.254	0.114	1	9	DNAJC9
0.0012124651427615	1.33615469645532	0.286	0.118	1	9	SMU1
0.00921804904493128	1.32886220388896	0.175	0.073	1	9	PSMG4
0.00434053090089484	1.32732003908056	0.159	0.065	1	9	LOC138471664
0.00840469079722074	1.32321564074782	0.127	0.054	1	9	LOC138513919
0.0011481303533167	1.31678937158839	0.19	0.08	1	9	KIF15
0.000539929342725131	1.31053038111671	0.333	0.139	1	9	DERL2
0.00777102065368974	1.31001614299296	0.254	0.104	1	9	DRAP1
0.00666089569807642	1.30529373275056	0.143	0.062	1	9	LIPT2
0.00558411483817792	1.29530964417794	0.175	0.074	1	9	ZEB2
0.00921804904493128	1.29530964417794	0.175	0.075	1	9	LOC138497699
0.0011191128186478	1.29079416305545	0.286	0.13	1	9	COMT
0.00221887999423363	1.29079416305545	0.159	0.068	1	9	BANF1
0.00684172235701311	1.28539417531286	0.143	0.063	1	9	CCDC71
0.00461918597612174	1.27496919589376	0.222	0.099	1	9	LMO7
0.000486060637336146	1.27064758994367	0.238	0.1	1	9	C8H10orf143
0.00294856107984077	1.26793320524663	0.238	0.111	1	9	MUC17
0.000312855193363792	1.26326348133064	0.492	0.285	1	9	HS3ST1
0.0065229768818993	1.26020584322202	0.206	0.091	1	9	RBBP4
0.00172198395458092	1.25847287599757	0.317	0.167	1	9	HES4
0.0025935457885566	1.25381751525947	0.175	0.075	1	9	CILP
0.00332934072007266	1.24075348055585	0.206	0.094	1	9	CENPF
0.000609109278174092	1.23712223010898	0.349	0.173	1	9	SMC4
0.000504458333136342	1.23681399486779	0.381	0.198	1	9	TCIM
0.000649682812339936	1.23575279949748	0.349	0.165	1	9	BUB3
0.000486060637336146	1.23442740203092	0.238	0.103	1	9	MED19
0.00331482604079713	1.23045849982797	0.175	0.077	1	9	IMMT
0.00256082403417555	1.2295262251326	0.254	0.107	1	9	PHACTR4
0.00134719539293879	1.22255330174262	0.238	0.106	1	9	LOC138566014
0.00127369743128405	1.21469118396965	0.27	0.117	1	9	MGARP
0.00953237479236455	1.20843219349797	0.143	0.062	1	9	ARVCF
0.00948859593079321	1.20427456802431	0.254	0.12	1	9	C6PH18orf32
0.00909895095386417	1.20333132180511	0.159	0.074	1	9	SLAIN1
0.00948107501140115	1.19909432891864	0.111	0.052	1	9	BET1L
0.00644416628562966	1.19246123658619	0.19	0.093	1	9	ANAPC10
0.00268545043016466	1.18981651533062	0.222	0.102	1	9	THUMPD1
0.0020896843494008	1.18645750324071	0.444	0.269	1	9	LOC138488268
0.000134144842214002	1.18585850176194	0.381	0.181	1	9	MRPL23
0.000151086342821007	1.17928584783845	0.381	0.181	1	9	NDUFB8
0.00406355870934437	1.17809403030608	0.302	0.138	1	9	DYNLL2
0.00941644377103173	1.17753818555219	0.19	0.094	1	9	H1-10
0.00926218107600906	1.17601071580559	0.111	0.055	1	9	CLPP
0.00316202041081248	1.17239946225321	0.238	0.12	1	9	NCAPH
0.00528163316747225	1.16536347160608	0.222	0.103	1	9	BPNT1
0.00023227505933448	1.16484767072791	0.524	0.283	1	9	PFDN4
0.00309597856997566	1.16393788350502	0.238	0.112	1	9	BOLA3
0.000201630742210272	1.16176879322981	0.54	0.329	1	9	TUBB
0.00875647833992236	1.15329063930551	0.238	0.123	1	9	LDLR
0.00604809638628554	1.14511670785981	0.27	0.138	1	9	PCLAF
0.00189289454848133	1.14383031005644	0.27	0.115	1	9	THBD
0.00341369830665116	1.13948483978048	0.19	0.09	1	9	RUVBL1
0.00445129762452072	1.13948483978048	0.175	0.084	1	9	HACD4
0.00929246909146446	1.13536873130825	0.143	0.068	1	9	ZNF3
0.00504381161125989	1.13443161205419	0.254	0.13	1	9	WBP11
0.00114896903539623	1.13263116873942	0.333	0.18	1	9	PIN1
0.00351150618412489	1.13092282627706	0.333	0.161	1	9	CTPS1
0.00581079338458331	1.12775554719837	0.206	0.092	1	9	NUP210
0.00786002012949361	1.12354329591146	0.238	0.124	1	9	PHPT1
0.0020582213170074	1.12086916161313	0.333	0.148	1	9	RAD23A
0.00717311620623995	1.11934330738217	0.286	0.145	1	9	ARHGAP11A
0.000372361308752035	1.11766672957479	0.302	0.14	1	9	TIMM8B
0.00373404548980418	1.11515551041874	0.206	0.095	1	9	RNASEH2B
0.00693977039282622	1.11515551041874	0.206	0.097	1	9	MTA2
0.00568728722414761	1.11226337104546	0.19	0.092	1	9	DENND10
0.000704432937440276	1.10492761774411	0.317	0.149	1	9	PEF1
0.00773594723262139	1.09100636105117	0.238	0.118	1	9	NCBP1
0.00421368945165879	1.08916030188579	0.159	0.076	1	9	USP1
0.00294327010301227	1.08833519746474	0.286	0.134	1	9	LSM1
0.00166826165206115	1.08720144884774	0.333	0.164	1	9	EHD4
0.0022736307625706	1.08720144884774	0.333	0.172	1	9	EMC6
0.000240455044567279	1.06812325604283	0.413	0.209	1	9	MCM3
0.00414214055987716	1.06582779805517	0.238	0.117	1	9	PPP1R2
0.0060831235212953	1.06582779805517	0.238	0.115	1	9	COMMD6
0.00117797783159622	1.06136814986447	0.286	0.136	1	9	FARSA
0.00136845392654853	1.05642910005292	0.238	0.127	1	9	RCN2
0.00155513400497576	1.04895397949077	0.302	0.137	1	9	LSM8
0.00887685295950285	1.04059050655615	0.286	0.145	1	9	SDHD
0.0016252822006314	1.03781342188557	0.381	0.226	1	9	DUT
0.00912839312086178	1.03781342188557	0.27	0.131	1	9	MPHOSPH6
0.00423744183347964	1.03089400794578	0.349	0.176	1	9	LXN
0.00564418015633707	1.02617872140217	0.27	0.138	1	9	NDUFB10
0.00604385254767604	1.01943489257072	0.397	0.244	1	9	CBX5
0.00890761492334424	1.01943489257072	0.111	0.062	1	9	LOC138521178
0.000173809506958375	1.01256561431177	0.587	0.38	1	9	LSM5
0.00976450155330286	1.00644925097624	0.302	0.153	1	9	EGFLAM
0.00408365867786545	0.996786153625519	0.317	0.179	1	9	NDUFA5
0.00609278041948889	0.992825967112264	0.254	0.126	1	9	MYCBP
0.00402842595708686	0.983365637863198	0.286	0.168	1	9	MAT2A
0.000389750231544506	0.983365637863198	0.333	0.146	1	9	TMEM92
0.00342921774732501	0.974487486516745	0.27	0.138	1	9	RPA3
0.00143215494123847	0.973060629471459	0.381	0.211	1	9	NASP
0.00221250214508615	0.966589925112371	0.286	0.144	1	9	DDX39A
0.00310837907899532	0.960645561363114	0.302	0.15	1	9	FRY
0.000163416729521794	0.959906665039209	0.603	0.371	1	9	LSM3
0.002087170361109	0.952991988819679	0.492	0.331	1	9	UBE2I
0.000410722353094681	0.947821521005531	0.444	0.255	1	9	UCHL1
0.00278518682892856	0.946132731664223	0.413	0.255	1	9	RTRAF
0.0026274958202606	0.942393856806892	0.349	0.198	1	9	TBC1D1
0.00454867036505851	0.939165833952663	0.333	0.196	1	9	HDGFL2
0.000262186423267691	0.937693779477916	0.46	0.261	1	9	TNPO2
0.00720343856729031	0.929288965107405	0.397	0.241	1	9	PFDN2
0.00943722330867064	0.925484721782698	0.27	0.142	1	9	HELLS
0.00568790480717404	0.924471948809629	0.238	0.128	1	9	ACO2
0.0035251975087738	0.923556242627894	0.302	0.162	1	9	PDHB
0.00043856159776523	0.913239551472556	0.381	0.2	1	9	NSD2
0.0014032833111128	0.897789906157124	0.302	0.155	1	9	NFYB
0.00682689063341795	0.884257492850273	0.302	0.184	1	9	CENPE
0.000128390747692243	0.88218680349583	0.397	0.203	1	9	SMN1
0.00477487829674342	0.879748575653323	0.73	0.531	1	9	AQP1
0.00123896554141409	0.87828359180564	0.365	0.188	1	9	GAR1
0.00351870974268924	0.876450433946686	0.508	0.285	1	9	PYCARD
0.00107634254450213	0.873182720112775	0.413	0.216	1	9	USP10
0.000114827807838609	0.87125527154166	0.571	0.31	1	9	PSMB2
0.00451282978913162	0.870736782752292	0.381	0.205	1	9	ELOVL5
9.78900164736657e-05	0.866986454148869	0.524	0.285	1	9	ALYREF
0.000698627422038307	0.865714049208925	0.46	0.251	1	9	HP1BP3
0.0042868107186395	0.853730357446602	0.333	0.21	1	9	LOC138515919
0.00564635651334258	0.853166914736496	0.27	0.157	1	9	PET100
0.0029329428980445	0.845862114113263	0.397	0.221	1	9	MCM6
0.00161036031559498	0.837648807265579	0.508	0.339	1	9	SKP1
0.0042835236060535	0.836922069760049	0.365	0.207	1	9	PPID
0.00897802653969545	0.831362544418148	0.349	0.217	1	9	NDUFS7
0.000942476417028271	0.822084730830137	0.46	0.252	1	9	KHSRP
0.00880882194018568	0.81625565202794	0.286	0.16	1	9	ZNF330
0.000508504370273162	0.815849545046823	0.683	0.473	1	9	TMEM167A
0.00184028054230055	0.811304892076894	0.54	0.361	1	9	PSMA5
0.00409891580686235	0.808761115481015	0.286	0.16	1	9	ADRM1
0.000267062265106954	0.793585893615191	0.587	0.365	1	9	SNRNP27
0.00949644612285371	0.79254329552762	0.317	0.187	1	9	SMIM15
0.00949729537447131	0.781731776693547	0.302	0.168	1	9	ANXA6
0.000422425007911006	0.777864995925523	0.54	0.335	1	9	ATF4
0.00270885268582395	0.773912272234248	0.429	0.252	1	9	LOC138549408
0.00219549115755361	0.762831162747332	0.46	0.291	1	9	NMRK2
0.00961225281448564	0.757989358087928	0.302	0.194	1	9	NDUFV2
0.00157890219018969	0.757361962974371	0.492	0.293	1	9	FKBP3
9.65576958183418e-05	0.756815591053094	0.651	0.412	1	9	CD93
0.00266635310493912	0.752752709721781	0.556	0.367	1	9	PSMB7
0.00835834331934765	0.748149176169166	0.413	0.262	1	9	NDUFB4
0.00846530210280875	0.743899703167809	0.397	0.262	1	9	NDUFA3
0.000673421286709585	0.732333168482849	0.492	0.298	1	9	LOC138472955
0.00999269921607512	0.726119384390811	0.397	0.251	1	9	EFNB2
0.00605921901913484	0.725053642271807	0.444	0.267	1	9	DKC1
0.00732093607850268	0.718151933970157	0.492	0.335	1	9	CETP
0.00463418874699621	0.717593669460574	0.492	0.315	1	9	HYPK
0.00117719979122408	0.711692313755532	0.508	0.294	1	9	NUDT21
0.000165961283200244	0.707879490983148	0.556	0.354	1	9	EIF6
0.000320792651144237	0.70634996485141	0.683	0.49	1	9	SGK1
0.00344867144634935	0.693859020668213	0.571	0.361	1	9	PSMB6
0.00324872929932815	0.693859020668213	0.556	0.412	1	9	HNRNPUL1
0.00496414949648625	0.689493828106811	0.397	0.245	1	9	NPDC1
0.000374746779170103	0.687771690789298	0.73	0.549	1	9	SNRPD3
0.000558337454621192	0.686164628878212	0.476	0.286	1	9	KARS1
0.00669518814333258	0.665004157996028	0.492	0.293	1	9	MPC1
0.0018155026703534	0.664111677274161	0.587	0.393	1	9	GLO1
0.00356558072457348	0.661437542975836	0.302	0.161	1	9	DIAPH3
0.000462952695695979	0.659301798631844	0.698	0.437	1	9	SLC29A1
0.00326615448307188	0.659093602507537	0.667	0.544	1	9	DAD1
0.00344228711747624	0.659093602507536	0.524	0.326	1	9	PSMB3
0.00695170899065127	0.654798901079924	0.571	0.401	1	9	ARPC3
0.00348424005827314	0.637189996729158	0.54	0.36	1	9	PINLYP
0.000518688618034706	0.635442334442891	0.73	0.537	1	9	COX5B
0.000364132516591989	0.630959126854758	0.794	0.592	1	9	H2AC1
0.00033506279644985	0.621069600656328	0.619	0.365	1	9	APLNR
0.00154297419436906	0.620043175128509	0.714	0.492	1	9	GNG5
0.000376207188161107	0.616768493642107	0.889	0.743	1	9	ANP32B
0.000528480742265599	0.608044131367696	0.794	0.575	1	9	LOC138488548
0.00469178375117383	0.59787241419837	0.524	0.33	1	9	SRSF6
0.00219689626301927	0.594058413677772	0.746	0.623	1	9	HNRNPA0
0.000730535828578556	0.583349235426329	0.889	0.763	1	9	COX7A2
0.000359576164782832	0.58096496426228	0.81	0.558	1	9	SFPQ
0.000367615797786672	0.569594215928346	0.81	0.623	1	9	NCOA5
0.000145467086586788	0.567366662346909	0.905	0.679	1	9	HNRNPA1
0.00722853879624576	0.562789955042924	0.651	0.438	1	9	NRP1
0.000382369423592723	0.559852356517009	0.873	0.629	1	9	ATP5IF1
0.00902319812120422	0.554369680994434	0.587	0.426	1	9	PKM
0.00132522959718952	0.528799774397717	0.889	0.735	1	9	HNRNPL
0.00011804999605059	0.526189287843505	0.937	0.787	1	9	RPL10A
0.00933536251944883	0.523610218295153	0.571	0.404	1	9	SNRPC
0.00207998995151056	0.519210372019663	0.762	0.554	1	9	ELOC
0.00358289156280685	0.516320835116025	0.794	0.574	1	9	MOB1A
0.00358823575166262	0.509434449530786	0.635	0.42	1	9	FUS
0.000971676072749069	0.509434449530786	0.714	0.493	1	9	SAFB
0.00119599162619375	0.509434449530786	0.746	0.494	1	9	SPACA4
0.000707425862152282	0.508325110728807	0.905	0.654	1	9	ARF1
0.00567374803499833	0.506635816178112	0.81	0.666	1	9	SNRPD1
0.00234612932559078	0.501496630106145	0.81	0.65	1	9	ATP5MC3
0.00757734074615295	0.492901868412114	0.667	0.483	1	9	ARHGDIB
0.0081388406391948	0.492663868652282	0.619	0.497	1	9	ATP5F1D
0.00577131086684556	0.488560861787015	0.857	0.716	1	9	LOC138504591
0.000350794491172935	0.481590816605473	0.825	0.571	1	9	SNRPB
0.00289377805773556	0.480331657586525	0.667	0.446	1	9	LOC138566164
0.0026249223057484	0.479953065219594	0.762	0.515	1	9	ATP5F1A
0.00947215159085745	0.476697663118786	0.619	0.483	1	9	ATP5MG
0.000124296205171314	0.467061736681956	1	0.866	1	9	CAV1
0.000146128324337202	0.465479730992604	0.984	0.85	1	9	CALM1
0.000439311635896064	0.460888240229836	0.952	0.837	1	9	SET
0.00330544310234152	0.457769763436656	0.873	0.681	1	9	H3-3A
0.0076863409240489	0.453842123567468	0.889	0.653	1	9	CAVIN2
0.00351757527882285	0.450852728267575	0.841	0.674	1	9	NPM1
0.00506995575859432	0.443783040646051	0.619	0.425	1	9	FCN1
0.00318201585001124	0.442879379457164	0.825	0.685	1	9	ABRACL
0.000804322511724204	0.437376746634122	0.841	0.643	1	9	RALB
0.00196440684676027	0.433476628524017	0.841	0.73	1	9	CALM2
0.00407391963479078	0.418011421767191	0.825	0.682	1	9	ATP5MK
0.000664158125095915	0.41377978185997	0.952	0.884	1	9	RPS16
0.000817879314977686	0.409920511662112	0.968	0.908	1	9	TXN
0.00104686950323859	0.409535879476665	0.698	0.457	1	9	P4HB
0.00050137185808441	0.408630158896438	1	0.93	1	9	RPS10
0.000100879441338291	0.406886560177664	0.984	0.881	1	9	RPL30
0.00267633386298994	0.400326474369831	0.921	0.742	1	9	PRMT1
0.000201374029299853	0.399424514204801	0.984	0.916	1	9	RPS13
0.00370497485639235	0.395135423308131	0.905	0.779	1	9	OAZ1
0.000899609622944753	0.393881995739375	1	0.947	1	9	RPS19
0.000140232806495388	0.392707940279077	0.984	0.915	1	9	RPL35A
0.000541595797713147	0.384541867573398	0.984	0.869	1	9	GAPDH
0.0048320249848232	0.383316914221717	0.984	0.932	1	9	RPL31
0.00121211827883709	0.380406707848196	0.968	0.886	1	9	MSN
0.000575470016693931	0.374670956372857	1	0.982	1	9	RPS2
0.000175898227500453	0.370666328147603	0.984	0.913	1	9	RPS11
0.005554848995605	0.360557751612751	0.667	0.475	1	9	PMP22
0.000108005785223745	0.36025456225762	1	0.941	1	9	HNRNPA3
0.000612363039926067	0.358806006061953	1	0.92	1	9	RPL12
0.000293421800763661	0.357509606074413	1	0.906	1	9	RPS27A
0.00259188585823902	0.352131983211812	0.762	0.563	1	9	PODXL
0.00124418896934962	0.34689911964824	0.921	0.868	1	9	RPL2
0.000885227231543768	0.344196966234904	1	0.981	1	9	VIM
0.000232632826362598	0.342799112504181	0.968	0.932	1	9	RPL39
0.00975719096062576	0.333507334915211	0.984	0.937	1	9	RPL37
0.000863984845998643	0.330487318159242	1	0.942	1	9	RPL27
0.0028068896083006	0.329110004480589	1	0.911	1	9	RPS21
0.00031997362593928	0.323365786305696	1	0.983	1	9	RPS15A
0.00096011229396248	0.317935649625491	0.968	0.913	1	9	ANXA2
0.00417217391670092	0.314957276488604	1	0.943	1	9	RPS7
0.000250908372083555	0.310998288320185	0.984	0.95	1	9	SUGP2
0.00195304857369091	0.307641797425871	0.968	0.925	1	9	RPLP0
0.00114160232015194	0.300101063530238	1	0.963	1	9	RPS14
0.0043662669646234	0.300034866639298	1	0.872	1	9	RPS3A
0.00181072442891442	0.297370750691652	1	0.977	1	9	RPLP2
0.00931850417171185	0.29114516075584	0.984	0.94	1	9	RPL13A
0.00185297856201781	0.289223693759744	1	0.992	1	9	S100A11
0.00572025653675561	0.273076212793857	1	0.963	1	9	RPS9
0.00265492811966128	0.269669823019839	1	0.966	1	9	FAU
0.00683185777892057	0.244220745637745	1	0.958	1	9	RPL14
0.00760363301060041	0.24175042348233	0.968	0.964	1	9	RPL21
0.00464686275227576	0.212448424106229	1	1	1	9	ACTB
0.00516610551426967	-0.321951494179249	1	0.999	1	9	COX3
0.00704512296709556	-0.355445701333149	1	0.995	1	9	COX2
0.00444338121446125	-0.441094168472743	0.921	0.977	1	9	COX1
0.00382331828141025	-0.469601317047968	0.683	0.827	1	9	ND1
0.00199957348268611	-0.574629815257689	0.175	0.401	1	9	COL1A1
0.00712194494798184	-0.689874358692621	0.317	0.46	1	9	FAM174B
0.00752784338983121	-0.706851697111529	0.286	0.449	1	9	ANXA11
0.00863942238490236	-0.732841396136211	0.286	0.462	1	9	NPR1
0.00028710164071781	-0.747801848474129	1	0.999	1	9	unassigned-gene-4
0.00243832894848697	-0.77126371004694	0.476	0.643	1	9	TJP1
0.00852887529631764	-0.773499513740713	0.46	0.584	1	9	SPARC
0.0056794658962485	-0.787815671640921	0.54	0.649	1	9	FLI1
0.00824073168103456	-0.819942451131704	0.19	0.368	1	9	DBNL
0.0012782828967024	-0.82144260208406	0.27	0.486	1	9	TNS1
0.00498204956927148	-0.837664221091483	0.175	0.326	1	9	ZFP36L1
0.00375909035192183	-0.848442327918945	0.302	0.51	1	9	PTBP3
0.00923502175887362	-0.853135629853923	0.19	0.323	1	9	PDCD6IP
0.00841600053790441	-0.85600710527658	0.667	0.688	1	9	PTPRM
0.00620982528233101	-0.895952879714339	0.238	0.395	1	9	NFX1
0.00764629638865772	-0.919958342725129	0.317	0.456	1	9	CTSK
0.00242457994809118	-0.958398317624718	0.619	0.723	1	9	SHANK3
0.00704049540830883	-0.970091776199772	0.175	0.338	1	9	TCF3
0.00127906224674708	-0.984212884444424	0.429	0.585	1	9	ASAP1
0.00923483409245808	-1.00051469677353	0.143	0.277	1	9	UBAP2
0.0032063161485006	-1.00658069747288	0.238	0.388	1	9	GNAS
0.00656979520076044	-1.01427508926288	0.222	0.379	1	9	FGD5
0.00192602909398074	-1.01557937485696	0.429	0.579	1	9	DOCK9
0.00564379378303014	-1.05616272632344	0.206	0.397	1	9	PLCG1
0.000270163006296927	-1.07212947472851	0.54	0.703	1	9	LOC138504630
0.000262766597836279	-1.08511410001957	0.222	0.462	1	9	PICALM
0.00419933841853737	-1.08617529538988	0.095	0.251	1	9	AKT3
0.00273506687526081	-1.08738713505869	0.286	0.45	1	9	TSPAN14
0.00148206142237945	-1.09463687413808	0.254	0.466	1	9	PIEZO1
0.00434958743183682	-1.15150430577866	0.302	0.483	1	9	LOC138580806
0.00540585545323416	-1.15829551136039	0.079	0.219	1	9	PKN2
0.00411195356435673	-1.20105893327423	0.143	0.322	1	9	FMNL3
0.0076532875499352	-1.20426136531257	0.111	0.25	1	9	TRAPPC8
0.00643394349595007	-1.21128179299035	0.19	0.348	1	9	ADD3
0.00448139580058727	-1.22367881913981	0.111	0.274	1	9	RABGAP1
0.00490052796601157	-1.22522098394822	0.143	0.289	1	9	GNAL
0.00178337865491431	-1.229628085471	0.143	0.323	1	9	KDM6B
0.0080457852518883	-1.23902678347325	0.095	0.244	1	9	MARCHF3
0.00577505697305963	-1.24283839742327	0.222	0.379	1	9	LOC138487737
0.00776121118062452	-1.24474043466764	0.159	0.327	1	9	KALRN
0.000933936264554425	-1.24545305263268	0.19	0.411	1	9	MAGI1
0.00198325349250714	-1.25326870604903	0.159	0.344	1	9	CDK17
0.00946202859698262	-1.27297411539659	0.175	0.327	1	9	FBXL7
0.00370317199117019	-1.28177643093259	0.397	0.552	1	9	S100P
0.00494650591290333	-1.29674228132954	0.095	0.23	1	9	PAFAH1B1
0.00558873783972491	-1.30016707828715	0.159	0.319	1	9	MGAT4D
0.00293557717908376	-1.30315712089297	0.159	0.332	1	9	RGL3
0.00622823382313865	-1.31268382519856	0.143	0.31	1	9	TAOK3
0.00187527036056559	-1.32244279166089	0.159	0.363	1	9	CUL9
0.0029475828390334	-1.32706681818634	0.175	0.342	1	9	TSPAN18
0.00800220541831919	-1.33397518752851	0.095	0.236	1	9	MIA3
0.00400436587272087	-1.33856245702416	0.222	0.412	1	9	NHSL2
0.00140577162621556	-1.34623638490959	0.302	0.535	1	9	LOC138472433
0.00796086089211129	-1.35450400089319	0.063	0.214	1	9	CUL5
0.00375568771630973	-1.35767127997187	0.143	0.295	1	9	MCC
0.00168003896032434	-1.36472603750582	0.222	0.443	1	9	SIK3
0.00878948292923848	-1.36503466838536	0.063	0.191	1	9	GPX3
0.00814919541850073	-1.3702713167515	0.063	0.183	1	9	RGL2
0.00382941285700304	-1.37548902602252	0.063	0.204	1	9	LYN
0.00054308007681145	-1.3798893193131	0.19	0.386	1	9	MAP4K4
0.00879996881824885	-1.41149397947802	0.063	0.204	1	9	ADAMTS20
0.002161483817493	-1.41466543610996	0.143	0.328	1	9	LOC138472541
0.00262862013634356	-1.41656496902544	0.111	0.281	1	9	GIT2
0.00514349952638433	-1.41959902911507	0.048	0.178	1	9	ARID5B
0.00392119947740058	-1.42790994261945	0.111	0.284	1	9	ZSWIM8
0.0013294839101662	-1.43167186141565	0.143	0.333	1	9	CAMK2G
0.00274605616016634	-1.43984579286135	0.111	0.263	1	9	APCS
0.00958332510004112	-1.44662220288162	0.048	0.156	1	9	BLTP3B
0.00108964700604203	-1.46409333910802	0.159	0.358	1	9	PTPRE
0.00389177348041471	-1.47768425917248	0.127	0.318	1	9	AHR
0.00196573369229642	-1.49376798250756	0.111	0.3	1	9	SPRED1
0.00150032674700644	-1.4963248197579	0.063	0.199	1	9	HDLBP
0.007399453797514	-1.4963248197579	0.063	0.202	1	9	SPTLC1
0.000208784074458009	-1.53787126524757	0.159	0.41	1	9	USP9X
0.00726685287901908	-1.54158955349368	0.063	0.201	1	9	KMT2A
0.007860423292224	-1.54714907883558	0.063	0.202	1	9	RALGAPA2
0.000139574038933395	-1.5496690708141	0.127	0.362	1	9	ITPR2
0.00732761791827441	-1.55406849277537	0.048	0.163	1	9	SLC4A7
0.00314863337411488	-1.55636760886496	0.079	0.236	1	9	ITPR1
0.00327091827382499	-1.55636760886496	0.032	0.136	1	9	MYG1
0.00268980457455437	-1.5589906914801	0.079	0.253	1	9	DAB2IP
0.0080529134456303	-1.5908704562649	0.063	0.202	1	9	KDM5A
0.000227577178696996	-1.59429206223473	0.143	0.389	1	9	PTK2
0.00888768346601303	-1.62149642029566	0.048	0.171	1	9	EDC4
0.00242899290655333	-1.62806907421915	0.079	0.236	1	9	DNAAF9
0.000835859031829807	-1.62806907421915	0.111	0.318	1	9	PTPN2
0.00389339172840429	-1.63243426678055	0.079	0.252	1	9	USP7
0.00529042825621143	-1.70469035582206	0.048	0.187	1	9	MAP3K3
0.000838671422553374	-1.70965660871541	0.063	0.225	1	9	FNBP1
0.00101179381522576	-1.74958689379638	0.079	0.272	1	9	EPS15
0.000350527971849377	-1.75359995630301	0.127	0.34	1	9	PLEC
0.00385662615251499	-1.75359995630301	0.079	0.218	1	9	LGALS9
0.000241782060290505	-1.75924651944415	0.222	0.458	1	9	STAB1
0.00726734830467442	-1.78216910849978	0.063	0.221	1	9	DVL1
0.0032566843504894	-1.84670936069449	0.063	0.234	1	9	STIM1
0.00506838442745922	-1.85953340105207	0.095	0.269	1	9	HSD3B7
0.00594458780193904	-1.88233327042521	0.063	0.21	1	9	ARHGAP28
0.00356252833557787	-1.94999716910651	0.048	0.205	1	9	BCAS3
0.000482499145055297	-1.97599237763946	0.063	0.24	1	9	VPS13C
0.00290329712042549	-2.02993118475026	0.032	0.169	1	9	ATG4B
0.00539885220689196	-2.05225827186752	0.063	0.213	1	9	FLT4
0.00320061587917491	-2.06264675989364	0.032	0.169	1	9	UAP1L1
0.00947354755238826	-2.06587788115665	0.016	0.123	1	9	SUCO
0.00869689627655752	-2.09463687413808	0.016	0.122	1	9	ACSBG2
0.0063845063136333	-2.10095064807028	0.032	0.181	1	9	SOS1
0.00474333908499912	-2.13211157955674	0.016	0.127	1	9	ANO10
0.00145543676032158	-2.17223969226205	0.063	0.227	1	9	FN1
9.5601899686488e-05	-2.18146149593944	0.095	0.324	1	9	RASGRP3
0.000413741849101949	-2.1901171829923	0.048	0.24	1	9	SELENOP
0.00262420040215392	-2.23329041392411	0.032	0.195	1	9	NHSL1
0.00474921266866319	-2.26456187558039	0.016	0.142	1	9	BCORL1
0.00184873344638016	-2.29516986151078	0.032	0.201	1	9	KIF1C
0.00857781707343711	-2.33856245702416	0.016	0.116	1	9	AHRR
0.00170335298992995	-2.35450400089319	0.048	0.206	1	9	EXOC6
0.000639590589713775	-2.36058876335416	0.317	0.472	1	9	CTSL
0.00397240845598624	-2.36240919897853	0.016	0.145	1	9	MTMR12
0.0010825159450636	-2.3663456135377	0.048	0.232	1	9	SLC4A11
0.000671175913193013	-2.3702713167515	0.032	0.218	1	9	GOLGB1
0.0085636968445358	-2.38586817180252	0.016	0.113	1	9	MAFB
0.00334708876684822	-2.40129821237213	0.016	0.155	1	9	BRWD1
0.00785174717817039	-2.4760659807741	0.032	0.161	1	9	SRGN
0.00207395580396917	-2.55505427692093	0.095	0.291	1	9	NRP2
0.000205288640353205	-2.67537478899751	0.032	0.238	1	9	ATRNL1
0.00191919577329032	-2.73342207436538	0.032	0.188	1	9	NR6A1
0.00345508453538074	-2.83917568800908	0.032	0.183	1	9	UNC5B
0.00942184860779069	-2.94474144365502	0	0.1	1	9	RNF220
0.00868583011508769	-3.07552805119037	0	0.096	1	9	PLCE1
0.00400811505181526	-3.08511410001957	0	0.12	1	9	CC2D1B
0.00238554464999177	-3.11349590138939	0	0.123	1	9	A4GNT
0.00478447484999597	-3.28133758833121	0	0.12	1	9	PLEKHG4B
0.000566855530613382	-3.4760659807741	0	0.16	1	9	TTC7B
0.00404671017668526	-3.62149642029566	0	0.123	1	9	SEMA3A
0.00567705839707534	-3.71089550534877	0	0.131	1	9	GAS7
0.00142191519533829	-3.75359995630301	0	0.136	1	9	ENPP2
0.00108609021936162	-3.84670936069449	0	0.161	1	9	PDGFC
0.00109856876612107	-4.10409720338714	0	0.147	1	9	FGF10
0.00221451556957809	-4.11817238859886	0	0.145	1	9	PROX1
0.000407376215397737	-4.40895178491556	0	0.17	1	9	NFIX
0.0080203293990727	-4.45033570568068	0	0.11	1	9	STAB2
0.000558952931416652	-5.08032903745419	0.032	0.217	1	9	HAPLN3
0.000111797621623585	-5.184331262687	0	0.198	1	9	RELN
