p_val	avg_log2FC	pct.1	pct.2	p_val_adj	cluster	gene
5.84864221967787e-136	8.99453096655094	0.912	0.004	7.01427661405967e-132	1	RELN
4.98353414785637e-128	7.3870258971787	0.908	0.031	5.97675250352415e-124	1	HAPLN3
1.26800213221734e-113	4.41494317774366	0.967	0.195	1.52071495716826e-109	1	MRC1
4.10902112822893e-97	4.1651420341135	0.866	0.133	4.92794903908495e-93	1	NRP2
4.82667098196813e-94	4.99998245227432	0.736	0.038	5.78862650867438e-90	1	UNC5B
2.32689853980068e-90	3.63695971278123	0.937	0.345	2.79064941878295e-86	1	CTSL
1.1673347291583e-88	5.75453920737864	0.699	0.026	1.39998454067955e-84	1	NFIX
7.03193482191883e-81	6.26623767439919	0.628	0.015	8.43339943192725e-77	1	FGF10
2.9889497113013e-80	6.19275707675664	0.619	0.016	3.58464738876365e-76	1	PROX1
9.28826102558893e-76	4.80175634206862	0.628	0.033	1.11394114479888e-71	1	SRGN
6.72711834200971e-74	-5.77558572159328	0.029	0.81	8.06783302757224e-70	1	CD34
1.66318340741962e-73	6.38805823714467	0.573	0.01	1.99465586051835e-69	1	PDPN
1.08442447557416e-70	-3.02623293302213	0.548	0.947	1.30055027355609e-66	1	PMP2
2.72491639432836e-68	2.74944306532555	0.87	0.322	3.267992231718e-64	1	MMRN1
1.70004661361825e-65	8.99825405259366	0.506	0.002	2.03886590371237e-61	1	STAB2
7.36070017322314e-65	4.11041562903103	0.615	0.048	8.82768771774651e-61	1	GPNMB
2.67901704297928e-64	3.73196463892627	0.669	0.089	3.21294513964505e-60	1	FLT4
7.39204907022773e-63	-5.24329373945152	0.042	0.733	8.86528444992411e-59	1	RAMP3
9.8870868000131e-61	2.24114188531568	0.904	0.439	1.18575831992557e-56	1	FAM107B
2.4903244730549e-60	5.24203797952786	0.506	0.018	2.98664614053474e-56	1	SEMA3A
2.99348402369148e-57	2.97512977968199	0.72	0.165	3.5900853896132e-53	1	CADM1
6.82557901233475e-57	-7.28348282956722	0.004	0.667	8.18591690949307e-53	1	ESAM
1.01534536087884e-55	4.92885592710531	0.506	0.028	1.21770369130199e-51	1	GAS7
4.21889411284049e-55	2.16367256999309	0.967	0.66	5.0597197095296e-51	1	PRSS23
6.35894014759321e-54	3.74987301833879	0.603	0.074	7.62627691900853e-50	1	NR6A1
1.44493504599826e-52	4.89476703652603	0.452	0.02	1.73291060066571e-48	1	SNCA
6.66779708621143e-50	2.5987910788623	0.732	0.2	7.99668904549337e-46	1	IQSEC1
1.97069047159049e-49	3.83993953595651	0.536	0.059	2.36344908257847e-45	1	FGL2
4.48952985018202e-49	-6.67490777162411	0.008	0.576	5.3842931493233e-45	1	PLCB1
1.52198607492546e-48	2.50998656623544	0.741	0.241	1.8253178996581e-44	1	ADD3
6.42562785764467e-48	2.93198493384271	0.649	0.158	7.70625548967326e-44	1	APCS
3.93616876671771e-47	1.70977693147625	0.9	0.496	4.72064720192455e-43	1	SPARC
7.27012757236488e-47	3.52387209249039	0.527	0.058	8.7190639975372e-43	1	PDGFC
8.98280335715322e-47	-5.33087488415474	0.021	0.596	1.07730760662339e-42	1	NOS3
1.09753529264981e-46	5.31628699452404	0.406	0.012	1.31627407647492e-42	1	DOCK5
2.34320111783414e-46	-4.18375595662024	0.113	0.651	2.81020110061849e-42	1	AQP1
1.62819635481961e-45	-3.27484847332636	0.117	0.688	1.95269588833515e-41	1	KDR
2.98878685470113e-45	-1.82058901814549	0.556	0.903	3.58445207484306e-41	1	KRT18
4.82340381655206e-45	3.27525972626399	0.569	0.105	5.78470819719088e-41	1	EXOC6
1.04290366466603e-44	-4.41268936979447	0.05	0.613	1.25075436503397e-40	1	JAG2
1.20998501973013e-43	5.07076655237803	0.397	0.014	1.45113503416235e-39	1	PLCE1
7.31813846928922e-43	-4.93214889798426	0.025	0.558	8.77664346621856e-39	1	NRP1
9.39456932804465e-43	-4.86375363496365	0.025	0.559	1.1266906995124e-38	1	SLC29A1
2.36876528268011e-42	3.74883845749066	0.448	0.048	2.84086020351825e-38	1	ENPP2
6.80020811883728e-42	4.03060942590604	0.41	0.024	8.15548959692155e-38	1	ITGB3
2.29698144930829e-41	2.30584953029804	0.795	0.359	2.75476985215543e-37	1	STAB1
3.74549349893443e-41	-3.17941037541953	0.126	0.65	4.49197035327206e-37	1	KIAA1217
4.50324039988984e-41	-4.29282069414655	0.033	0.562	5.40073621158789e-37	1	ARHGEF9
1.84245659059726e-40	4.21503399704347	0.406	0.032	2.20965818910329e-36	1	MAFB
5.09169367559229e-40	1.56873167242423	0.866	0.569	6.10646822513784e-36	1	MARCKS
6.5653241795094e-40	2.74325262329473	0.594	0.132	7.87379328848562e-36	1	SERPINE2
1.12619625770646e-39	6.01305105452174	0.326	0.005	1.35064717186735e-35	1	ABLIM2
1.21056319066437e-39	-3.23086820340379	0.1	0.598	1.45182843456378e-35	1	COL4A1
3.0287843563649e-39	5.01672671266514	0.368	0.015	3.63242107858842e-35	1	PGF
7.64534166668868e-39	-7.69265332181406	0	0.473	9.16905826085973e-35	1	APLNR
1.13632974470777e-38	-2.78762504084084	0.176	0.674	1.36280026282803e-34	1	PODXL
1.90813238520614e-38	-1.46418641177333	0.69	0.916	2.28842316957773e-34	1	KRT8
2.6618809582933e-38	3.67767742856942	0.456	0.053	3.19239383328116e-34	1	VEGFA
3.59650408115766e-38	-1.92569917627968	0.427	0.837	4.31328734453239e-34	1	PLVAP
7.84644872750109e-38	4.17594878907008	0.368	0.028	9.41024595889206e-34	1	LRG1
3.42087957404246e-37	-4.25127424865688	0.038	0.524	4.10266087314912e-33	1	CD93
9.55654254100158e-37	2.86524794960597	0.544	0.116	1.14611614694232e-32	1	CLCA1
2.4275012891545e-36	-1.46850466630659	0.678	0.91	2.91130229608299e-32	1	CRIP1
4.26158057690086e-36	3.53219695714132	0.423	0.052	5.1109135858772e-32	1	EMILIN1
2.20617325467761e-35	3.429986837023	0.439	0.063	2.64586358433485e-31	1	GAS6
3.49963787559567e-35	-3.05835544050953	0.1	0.612	4.19711570420188e-31	1	SPACA4
1.27538582654809e-34	2.83843008174074	0.54	0.133	1.52957022177912e-30	1	CEMIP2
3.99225251104367e-34	5.18208357524218	0.297	0.011	4.78790843649467e-30	1	GALR1
4.90372628682755e-34	-3.48644519849512	0.071	0.527	5.88103893579228e-30	1	FCN1
1.17137875173372e-33	1.03289780794321	0.979	0.77	1.40483453695425e-29	1	VWF
1.52117873429523e-33	-3.30653075404982	0.092	0.553	1.82434965604027e-29	1	COL4A2
2.08038237401498e-33	2.24046155062481	0.506	0.138	2.49500258115617e-29	1	LGALS9
3.46858850967187e-33	2.30157478240696	0.59	0.147	4.15987819964948e-29	1	EPB41L2
9.14840157069317e-33	5.42387630251367	0.268	0.005	1.09716780037323e-28	1	CXADR
1.6094275741775e-32	-3.12624867233514	0.213	0.665	1.93018648971107e-28	1	INSR
1.75169205209884e-32	5.28098425976837	0.297	0.011	2.10080427808213e-28	1	LOC138577431
7.71342819754002e-32	3.27666265381828	0.393	0.044	9.25071443730974e-28	1	PLEKHG4B
8.01626999472345e-31	1.69291118967343	0.707	0.298	9.61391260467183e-27	1	SMAD1
9.22426807785968e-31	-2.87467728399989	0.18	0.624	1.10626647057771e-26	1	ARL15
1.2605196952804e-30	1.84074968120151	0.711	0.253	1.51174127054978e-26	1	VAV3
1.34892507400553e-30	7.15322871257	0.251	0.001	1.61776584125483e-26	1	CYGB
1.43399563533022e-30	-4.61908586135165	0.021	0.437	1.71979096545153e-26	1	EPAS1
3.51411469073441e-30	-2.98143095905312	0.084	0.478	4.21447774859777e-26	1	EZR
7.59659876600286e-30	1.0633432090528	0.946	0.803	9.11060090006723e-26	1	ITGBL1
9.42222836308714e-30	-5.32957924415667	0.008	0.437	1.13000784758504e-25	1	PCDH1
1.02081525845861e-29	-2.18149625813676	0.272	0.688	1.22426373946941e-25	1	CD2
2.19392227509588e-29	2.07153089413942	0.582	0.188	2.63117098452249e-25	1	CEBPD
2.65381026208927e-28	1.83336308413953	0.598	0.217	3.18271464732366e-24	1	GALNT1
3.04720234827767e-28	-4.62895048126121	0.017	0.415	3.65450977628941e-24	1	LHFPL7
5.82586419016633e-28	-4.85747421246737	0.025	0.436	6.98695892326648e-24	1	TACR1
7.37077757764139e-28	5.02283207531432	0.255	0.008	8.83977354886532e-24	1	DPP4
1.1545939882045e-27	2.02423397518257	0.448	0.119	1.38470457005366e-23	1	GPX3
2.99134373637941e-27	1.80663856344837	0.644	0.262	3.58751854303983e-23	1	ADD1
3.139118272235e-27	-4.9474336264352	0.013	0.401	3.76474454389144e-23	1	MCAM
2.11130683566459e-26	-7.22126743312152	0	0.379	2.53209028801254e-22	1	SMAD6
2.54141819474816e-26	3.14250230597694	0.351	0.058	3.04792284096146e-22	1	ADAM8
1.53426255183962e-25	2.54890088698191	0.356	0.071	1.84004107842125e-21	1	ASAP3
2.38281296553265e-25	1.88545638772954	0.657	0.255	2.8577075895633e-21	1	ZNF521
2.80661483807284e-25	1.92885592710531	0.498	0.152	3.36597317530075e-21	1	CD53
2.81840287758492e-25	7.07076655237803	0.209	0.001	3.3801105710876e-21	1	TC2N
2.83005529349377e-25	6.93750002151456	0.209	0.001	3.39408531348708e-21	1	CHAD
3.2535025967472e-25	-3.00956010759068	0.075	0.447	3.90192566427892e-21	1	ADGRL2
3.61257781290307e-25	5.59211295380321	0.222	0.004	4.33256457101465e-21	1	ANKRD6
4.78549270236287e-25	-4.02978628831276	0.046	0.431	5.73924139794378e-21	1	PDGFD
6.0226009052865e-25	1.79724462249144	0.632	0.265	7.22290526571009e-21	1	SERPING1
6.37278700462278e-25	-2.53022365155052	0.176	0.569	7.6428834546441e-21	1	LOC138567840
9.86175823932147e-25	3.55098822041701	0.285	0.026	1.18272066564182e-20	1	RNF152
2.20481191984462e-24	5.00567152415614	0.222	0.007	2.64423093546966e-20	1	SEMA3D
3.82939564167141e-24	-5.96798100383929	0.004	0.359	4.59259419305652e-20	1	ARHGEF28
4.39848282484424e-24	1.31287186821718	0.766	0.467	5.27510045183569e-20	1	CD9
6.88737574709248e-24	3.12080723487762	0.335	0.043	8.26002973348801e-20	1	RALGDS
7.2866309199939e-24	2.0977624357126	0.397	0.105	8.73885646234868e-20	1	TYROBP
7.32709281151063e-24	1.91577055344222	0.611	0.263	8.7873824088447e-20	1	TSPAN18
1.0405761526911e-23	-2.53057569153199	0.126	0.534	1.24796297992244e-19	1	DLK1
1.20331319674502e-23	-1.68070825014641	0.238	0.614	1.44313351685631e-19	1	PTGS2
1.28913961701437e-23	5.22034290842854	0.209	0.006	1.54606514268533e-19	1	ARHGEF25
1.32483035791583e-23	2.64725450799567	0.356	0.063	1.58886904824846e-19	1	ELN
1.47068031535857e-23	-2.95859333430875	0.071	0.447	1.76378690220953e-19	1	ACVRL1
1.61207708607004e-23	-4.52131668127587	0.033	0.362	1.9333640493238e-19	1	HS3ST1
1.86475731860691e-23	2.83691422414616	0.322	0.054	2.23640345220526e-19	1	ADAMTSL3
1.88965551134374e-23	-2.23468353108876	0.134	0.507	2.26626385475455e-19	1	ITGA6
3.47264472188341e-23	-4.0690173240024	0.042	0.37	4.16474281495477e-19	1	RHAG
4.2723559184498e-23	2.76607299490702	0.372	0.076	5.12383645299685e-19	1	SLC7A8
7.52877852697258e-23	5.71122416569088	0.197	0.003	9.02926408739822e-19	1	P2RY4
9.34288661322332e-23	2.29315897371447	0.377	0.096	1.12049239152387e-18	1	ARHGAP6
1.00500209869471e-22	-5.02792354429557	0.008	0.32	1.20529901696457e-18	1	DNASE1L3
1.15141656027383e-22	6.56826621184884	0.188	0.001	1.3808938807364e-18	1	NPNT
1.78762635370674e-22	2.23484247812365	0.351	0.077	2.14390028600049e-18	1	CTSZ
1.93759465902606e-22	-3.62813100095466	0.029	0.361	2.32375727456996e-18	1	F8
1.96447781061255e-22	2.07782130991198	0.485	0.165	2.35599823826763e-18	1	SELENOP
1.97489180874346e-22	1.87865155871974	0.615	0.294	2.36848774622603e-18	1	GSTP1
2.58326618099623e-22	0.774951297809795	0.996	0.969	3.09811113086878e-18	1	COX1
3.43373188098644e-22	2.52939332020455	0.439	0.126	4.11807464486704e-18	1	HMOX1
4.01880320779213e-22	3.87946790014315	0.238	0.017	4.81975068710511e-18	1	MYO7A
4.72688612213958e-22	-5.18327784724026	0.008	0.331	5.66895452628199e-18	1	PCDH17
6.51510047880596e-22	1.05286327530638	0.824	0.581	7.81356000423199e-18	1	CTNNB1
8.49014041002311e-22	1.54720459632101	0.59	0.251	1.01822253937407e-17	1	KALRN
8.63355268328348e-22	1.41234806840041	0.669	0.349	1.03542197330619e-17	1	ECE1
1.01734961552836e-21	-2.65412620948761	0.071	0.386	1.22010739390316e-17	1	TNFAIP8L1
1.11194810563576e-21	3.06347405981167	0.259	0.033	1.33355936308896e-17	1	NINJ1
1.11628533058425e-21	-4.14597930581728	0.021	0.344	1.33876099696969e-17	1	PTGIS
2.76269671210849e-21	1.67135970481295	0.494	0.166	3.31330216683171e-17	1	LBR
4.06276944400613e-21	5.33380095821182	0.176	0.004	4.87247939419655e-17	1	PRR5
4.29371675571063e-21	-6.69265332181406	0	0.311	5.14945450512376e-17	1	MECOM
5.45287441930519e-21	-1.85295708737629	0.209	0.582	6.53963229107272e-17	1	GNAI2
6.49927634523575e-21	2.87165835529878	0.285	0.044	7.79458212084124e-17	1	SEMA5B
1.15651157095715e-20	-1.60915332614039	0.364	0.686	1.38700432704892e-16	1	PECAM1
1.51947362200123e-20	1.88512331718878	0.448	0.128	1.82230471486608e-16	1	ANGPT2
1.83098042303521e-20	-1.73968894048592	0.243	0.597	2.19589482134613e-16	1	GRB10
2.61762339200781e-20	-3.49566809390526	0.038	0.362	3.13931573403497e-16	1	CD200
2.77493945327002e-20	3.04558798938203	0.247	0.031	3.32798488630673e-16	1	CLU
3.82441886211107e-20	-6.50854938520199	0	0.267	4.58662554132981e-16	1	LHX6
4.3825166553513e-20	1.49618853380467	0.623	0.291	5.25595222476281e-16	1	LRRC32
4.92144495791398e-20	1.4808033705985	0.485	0.174	5.90228893802623e-16	1	MARCHF3
9.2166583095508e-20	1.75416971191218	0.414	0.139	1.10535383106443e-15	1	CCDC50
1.08922060874765e-19	1.75607002672174	0.477	0.177	1.30630227607105e-15	1	LGMN
1.10386318696288e-19	-6.54025824492933	0	0.291	1.32386312012458e-15	1	SUSD1
1.13400646983174e-19	-2.34052141893227	0.121	0.441	1.36001395926921e-15	1	ID3
1.33931575012316e-19	-2.10415913012265	0.13	0.506	1.6062413791227e-15	1	DYSF
1.82458236333856e-19	-1.49034176672931	0.335	0.639	2.18822162835193e-15	1	SH3BGRL3
2.05826114554981e-19	3.62376132444055	0.188	0.014	2.46847259185788e-15	1	COL23A1
2.4572934863111e-19	1.46466596983449	0.623	0.306	2.94703207813291e-15	1	LOC138487737
2.70039416265819e-19	-3.65228486266344	0.025	0.303	3.23858271927597e-15	1	PTPRG
4.47325988722265e-19	6.20569613246414	0.159	0.002	5.36478058274612e-15	1	HPX
7.30442015038936e-19	-4.45132451650904	0.017	0.304	8.76019108636196e-15	1	SELP
8.40961206981995e-19	-2.88843043906722	0.059	0.345	1.00856477553351e-14	1	PTGS1
8.7006141047158e-19	1.8975738371018	0.46	0.156	1.04346464957857e-14	1	FN1
9.85341926312451e-19	1.30523180601505	0.715	0.438	1.18172057222652e-14	1	CSF1
1.22996829002274e-18	1.45182009241741	0.594	0.265	1.47510097022427e-14	1	FCHSD2
1.45746789030976e-18	5.08764037094242	0.155	0.004	1.7479412408485e-14	1	ANO7
1.59315206674832e-18	2.39834121040653	0.347	0.096	1.91066727365126e-14	1	PIM3
1.95913160850332e-18	7.37562113390645	0.146	0	2.34958653807803e-14	1	PARM1
2.06919581896955e-18	2.84034575728564	0.289	0.052	2.48158654569018e-14	1	PDGFA
2.50798041532754e-18	1.65032042773133	0.548	0.242	3.00782091210232e-14	1	DAB2
3.37559675791262e-18	1.42544644056913	0.552	0.257	4.04835319176461e-14	1	GJC2
4.68648084151559e-18	-4.04644363226637	0.017	0.286	5.62049647322964e-14	1	VEGFC
5.72763849790018e-18	-1.29586513686032	0.351	0.669	6.86915685053169e-14	1	TIE1
5.87187972035471e-18	-3.57128514054995	0.029	0.319	7.0421453486214e-14	1	SEMA3G
6.27242990656381e-18	7.30523180601505	0.142	0	7.52252518694198e-14	1	OSR1
7.03425306838892e-18	-1.21368151678112	0.552	0.789	8.43617970491883e-14	1	PRDX1
8.2809462030175e-18	2.52519748995696	0.285	0.063	9.93133878127889e-14	1	TIAM1
1.06540234213958e-17	4.04219740018126	0.167	0.011	1.277737028928e-13	1	C1S
1.20933808299496e-17	1.30980453580487	0.665	0.387	1.45035916293586e-13	1	TSPAN14
1.33250581054421e-17	2.98330371112769	0.255	0.034	1.59807421858567e-13	1	PRR5L
1.43226164719781e-17	-3.43286045360544	0.033	0.316	1.71771139348433e-13	1	EFNB2
1.57115708712601e-17	-0.644990932429264	0.958	0.971	1.88428869459022e-13	1	RPLP1
1.7689609380586e-17	1.36347075055948	0.582	0.288	2.12151485301368e-13	1	PTPRE
2.16547550577591e-17	2.1099371496587	0.381	0.108	2.59705477407705e-13	1	UAP1L1
2.50127211081355e-17	-1.60357599258776	0.51	0.716	2.99977564249869e-13	1	ACTG1
2.59080457824481e-17	-2.64813321939297	0.046	0.315	3.107151930689e-13	1	FCRL5
3.0208777586045e-17	2.94148353543306	0.23	0.035	3.62293869589438e-13	1	PIEZO2
3.70737038737339e-17	1.48470149520971	0.527	0.26	4.4462493055769e-13	1	RCAN1
4.08937989763722e-17	-6.29746705900292	0	0.255	4.90439331123632e-13	1	LOC138511292
5.37683482489911e-17	2.46135100793233	0.28	0.057	6.4484380055015e-13	1	LAYN
7.9958412038888e-17	1.97469058082298	0.402	0.151	9.58941235582384e-13	1	ARHGAP28
9.24757733776118e-17	-0.586891653108776	0.967	0.966	1.1090619501177e-12	1	RPS14
1.10622894699651e-16	-4.13563736159582	0.017	0.258	1.32670037613291e-12	1	MEOX2
1.25018080034713e-16	3.80433357008237	0.176	0.015	1.49934183385631e-12	1	STK33
1.48095977463588e-16	-2.88706100845572	0.042	0.309	1.77611505772081e-12	1	NPDC1
1.55407041242854e-16	-3.72635453704278	0.021	0.281	1.86379664562555e-12	1	LAMA5
1.57529689441754e-16	-0.472986040742403	0.996	0.996	1.88925356547496e-12	1	LOC138582460
1.68004979112528e-16	1.05843804118847	0.682	0.472	2.01488371449655e-12	1	SSUH2
2.75700816248719e-16	1.7742081124047	0.368	0.123	3.30647988927089e-12	1	CLEC11A
5.47311351080221e-16	-1.68634561489996	0.192	0.479	6.56390503350509e-12	1	PDLIM4
6.05751476662004e-16	-4.68912163084381	0.008	0.263	7.26477745960742e-12	1	FLT1
7.45980220183424e-16	1.8967160261316	0.326	0.098	8.9465407806598e-12	1	SH3TC1
7.86830859764372e-16	3.0681926087142	0.218	0.031	9.43646250115411e-12	1	DKK3
8.1634979901585e-16	2.42387630251367	0.209	0.04	9.79048313959709e-12	1	TRPV4
8.34872942290677e-16	3.09394777481168	0.264	0.06	1.00126311968921e-11	1	MRGPRH
8.78626256848422e-16	3.63100196719681	0.163	0.013	1.05373646983831e-11	1	ECE2
8.87390383523145e-16	1.26507467954307	0.423	0.188	1.06424728695931e-11	1	MAN1A1
1.19915768003008e-15	-0.648895658720748	0.849	0.925	1.43814980566007e-11	1	RPL15
1.26558996984636e-15	-1.00133197922013	0.456	0.722	1.51782205083674e-11	1	CAVIN2
1.46289863552212e-15	1.68957250807098	0.406	0.146	1.75445433358168e-11	1	CNN3
1.53078162339636e-15	5.64626872385012	0.13	0.002	1.83586640093926e-11	1	ENPP3
1.88848731326793e-15	1.42312431133642	0.448	0.196	2.26486283480223e-11	1	SCARB2
1.99434842347477e-15	3.73332545811934	0.142	0.011	2.39182206427329e-11	1	KCNC1
2.07107833133241e-15	2.04990145985671	0.347	0.111	2.48384424276695e-11	1	MPEG1
2.40884781266436e-15	1.27381885338359	0.657	0.397	2.88893118172836e-11	1	CTSK
2.45585683376184e-15	-0.664334119189465	0.916	0.941	2.94530910073057e-11	1	RPL31
2.92256186446628e-15	2.0949490669566	0.305	0.085	3.50502844405441e-11	1	STEAP1
3.3939368029508e-15	1.66512775110143	0.448	0.171	4.07034840777889e-11	1	ATRNL1
3.55490333594644e-15	1.28221515329008	0.51	0.255	4.26339557080057e-11	1	PTPN2
3.92544283459362e-15	-0.625130074150562	0.937	0.96	4.70778359152812e-11	1	RPS26
3.94960278056249e-15	-1.88500442216178	0.142	0.428	4.7367586147286e-11	1	PINLYP
4.09055946062019e-15	-3.76776208008337	0.021	0.258	4.90580796112179e-11	1	SH3RF3
4.22885219013393e-15	-2.01669628887231	0.134	0.396	5.07166243162763e-11	1	CETP
5.82404283871655e-15	2.85205917784943	0.167	0.023	6.98477457647276e-11	1	DBN1
5.8333511007013e-15	1.71200168931029	0.368	0.137	6.99593797507107e-11	1	KSR1
6.30861281137744e-15	1.8494479643929	0.406	0.148	7.56591934468496e-11	1	PHLDA1
9.51249973339615e-15	-0.552523300351599	0.908	0.965	1.1408340930262e-10	1	RPL36
9.66369923412343e-15	1.85654656884175	0.326	0.098	1.15896744914842e-10	1	FOXP1
9.81000482197365e-15	2.93599799634933	0.222	0.03	1.1765138782993e-10	1	PLEKHA5
1.07844284885501e-14	4.64626872385012	0.142	0.005	1.29337650863181e-10	1	MEIS2
1.19073011501235e-14	-2.21636863370868	0.092	0.36	1.42804262693431e-10	1	ASS1
1.22847729510122e-14	3.77179960593398	0.142	0.01	1.47331282001489e-10	1	CFD
1.69674650941107e-14	-2.12103294868705	0.05	0.28	2.0349080887367e-10	1	ARHGAP20
2.41471029891871e-14	-0.667460847989216	0.916	0.944	2.89596206149321e-10	1	RPL17
2.41483859292857e-14	-3.54919136969933	0.025	0.276	2.89611592449923e-10	1	MAST4
2.43661813000287e-14	-1.09940733978187	0.498	0.714	2.92223612331244e-10	1	ALDOA
2.56247184451028e-14	1.24784958387908	0.565	0.291	3.07317248312118e-10	1	AP1B1
3.43931988783712e-14	-3.2646238023159	0.029	0.263	4.12477634148305e-10	1	WIF1
3.50218239933444e-14	2.35414140649599	0.243	0.055	4.2001673515218e-10	1	CRABP2
4.33338179031063e-14	2.21650288742072	0.259	0.056	5.19702478111954e-10	1	CD82
4.36414090187042e-14	2.09292820230218	0.293	0.073	5.23391418361319e-10	1	RAMP2
4.53935790782078e-14	2.28815829265611	0.234	0.053	5.44405193884946e-10	1	ENAH
4.72047289333892e-14	-4.50319615070778	0.008	0.232	5.66126314098136e-10	1	GPR68
4.91524949637997e-14	-1.97578309560626	0.155	0.431	5.8948587210085e-10	1	NOTCH1
5.51601036018679e-14	-0.52314593953906	0.95	0.961	6.61535122497202e-10	1	RPL24
5.7619595617762e-14	-0.66131159207728	0.858	0.925	6.9103181024382e-10	1	RPS27A
6.03976150274339e-14	1.67844912959927	0.339	0.109	7.24348597024015e-10	1	EML1
6.048241543737e-14	-0.653205829844977	0.845	0.916	7.25365608340379e-10	1	TAGLN2
6.51377726865649e-14	1.05921485522338	0.724	0.564	7.81197307829973e-10	1	RHOB
6.5449421018807e-14	1.9544488484555	0.318	0.096	7.84934906278552e-10	1	FNDC1
6.64859967833856e-14	-3.45410160117961	0.029	0.296	7.97366559423144e-10	1	LOC138510069
7.888497402939e-14	-0.580160009032365	0.891	0.934	9.46067493534475e-10	1	RPS15
8.80544721199735e-14	2.22276964582308	0.276	0.074	1.05603728413484e-09	1	TPTE2
8.84168133674585e-14	-4.81111215522242	0.004	0.206	1.06038284271593e-09	1	LOC138567585
9.05501850401177e-14	-4.5191966294015	0.008	0.203	1.08596836918613e-09	1	CRTAC1
9.39848954705982e-14	-3.33862438375968	0.021	0.237	1.12716085137888e-09	1	MCF2L
1.07558165845893e-13	2.35769922590918	0.234	0.054	1.2899450829898e-09	1	PLXNA2
1.15059585344654e-13	1.93207838777251	0.285	0.079	1.37990960703844e-09	1	GAB3
1.58850073988683e-13	-3.44774610613979	0.05	0.293	1.90508893734628e-09	1	SLC16A2
1.68440368466646e-13	1.32517479784456	0.515	0.232	2.02010533902048e-09	1	MDFIC
1.91397204446499e-13	-0.567108702265129	0.983	0.984	2.29542667292686e-09	1	RPS2
1.93500812136566e-13	-0.492309744905622	0.987	0.995	2.32065523995384e-09	1	Fth1
1.9363251536e-13	-0.565101537331887	0.916	0.944	2.32223475671248e-09	1	RPL37
1.95009293656056e-13	1.2475931801471	0.582	0.306	2.33874645881708e-09	1	MYH10
1.95633923681989e-13	5.73819121329116	0.105	0.001	2.34623764671809e-09	1	FGF7
1.96062686386821e-13	6.84128470625526	0.105	0	2.35137979783714e-09	1	GCNT2
2.39220588670702e-13	0.411105156068465	1	0.999	2.86897251992773e-09	1	COX3
2.45001563790071e-13	-0.482207811323649	0.983	0.962	2.93830375453432e-09	1	RPS28
2.78257215792499e-13	3.80927431135264	0.142	0.01	3.33713878899944e-09	1	LPAR1
2.98943083442019e-13	-1.74816290263403	0.167	0.451	3.58522439972013e-09	1	CAMK1
3.00447675157595e-13	1.07169070527676	0.628	0.372	3.60326896816503e-09	1	CTSB
3.27582739961442e-13	3.85777282904383	0.13	0.008	3.92869980035758e-09	1	PRSS12
3.30299750334454e-13	-0.912278393941653	0.753	0.879	3.9612849057611e-09	1	HSPG2
3.54711295088858e-13	4.13014509945696	0.117	0.005	4.25405256200068e-09	1	PDGFRL
3.91553277146121e-13	-0.57459382262296	0.946	0.968	4.69589845281343e-09	1	RPL21
3.96040609025354e-13	-0.48117369374408	0.971	0.969	4.74971502404107e-09	1	RPS18
5.60886123361062e-13	1.28892999368595	0.393	0.159	6.72670727746922e-09	1	LMNB1
5.62692746128417e-13	1.7047682117537	0.347	0.123	6.74837410431811e-09	1	OSBPL10
5.95017083425739e-13	-1.89843340725249	0.1	0.329	7.13603988152489e-09	1	PLPP1
6.70126013470226e-13	-2.50212311604256	0.046	0.288	8.03682127954842e-09	1	ADAM15
6.91604975425714e-13	1.6195554405457	0.385	0.163	8.29441847028059e-09	1	KLF6
7.34967035509122e-13	1.59827878091528	0.318	0.11	8.81445965686089e-09	1	CCN2
7.75970330402198e-13	-1.68654768717998	0.159	0.433	9.30621217251356e-09	1	ROBO4
8.14797111632565e-13	-3.75005062948614	0.017	0.23	9.77186175980935e-09	1	ENPP1
8.22638501474736e-13	-2.40539339597238	0.071	0.313	9.86590354818651e-09	1	LOC138471710
8.79977510458022e-13	1.48734621646528	0.439	0.195	1.05535702829231e-08	1	DAB2IP
9.32040622890596e-13	-1.73253859147277	0.167	0.374	1.11779631903269e-08	1	CKB
9.65115376593114e-13	-0.484106206025201	0.983	0.984	1.15746287114812e-08	1	RPL32
1.05198744774499e-12	-0.56945686120137	0.883	0.927	1.26164854608056e-08	1	RPS11
1.07904580783531e-12	-2.23780001424019	0.05	0.285	1.29409963733689e-08	1	UPP1
1.1868731123147e-12	-0.592224972432482	0.904	0.932	1.42341692359902e-08	1	RPL34
1.35979773098993e-12	1.56044670738954	0.381	0.154	1.63080541877622e-08	1	PDE7B
1.45621711826217e-12	-0.649201322337047	0.912	0.928	1.74644118993181e-08	1	RPL12
1.56065242620411e-12	-0.479018689474502	0.971	0.975	1.87169045474659e-08	1	RPS23
1.62037502361309e-12	-4.50051206613657	0.004	0.17	1.94331576581918e-08	1	ITGA7
1.78777245784498e-12	-0.824707428835655	0.77	0.897	2.14407550869348e-08	1	CAV1
1.80011992777199e-12	1.83566015706138	0.238	0.058	2.15888382937694e-08	1	ESM1
1.85996434658314e-12	-2.19162197137299	0.117	0.369	2.23065524085716e-08	1	ENTPD1
2.0325120160374e-12	1.0902189150442	0.439	0.213	2.43759166083366e-08	1	HSD3B7
2.51545529833903e-12	-0.655172019639156	0.862	0.939	3.016785539298e-08	1	RPS24
2.55521770928529e-12	0.700618359788716	0.954	0.839	3.06447259874584e-08	1	CD63
2.78799618293572e-12	1.62902024292794	0.339	0.113	3.34364382219481e-08	1	SLC38A9
2.81582828757159e-12	1.98330371112769	0.247	0.075	3.37702286528461e-08	1	SLC66A1
3.545092977922e-12	1.93547518603707	0.268	0.078	4.25163000842186e-08	1	EPHB1
3.57991931828423e-12	1.48853901937811	0.368	0.145	4.29339723841828e-08	1	SH3BP2
3.70831757969863e-12	1.46746557106135	0.368	0.139	4.44738527333257e-08	1	FLRT2
3.85457683840454e-12	-1.61814691238204	0.272	0.489	4.62279400229856e-08	1	XIRP2
3.93359182757595e-12	-3.76488913846177	0.008	0.195	4.71755667881184e-08	1	THSD7A
4.37033171427835e-12	-0.539698083772652	0.921	0.958	5.24133882493402e-08	1	RPS19
4.42248877766415e-12	0.385706467241743	1	0.994	5.30389079105262e-08	1	COX2
4.5910564288905e-12	3.5276242273515	0.126	0.012	5.50605397516837e-08	1	C7PH3orf52
4.64848759418305e-12	2.03060942590604	0.234	0.058	5.57493117170373e-08	1	CEACAM4
5.80237219934951e-12	-0.548871375234034	0.891	0.943	6.95878497867987e-08	1	HSP90AB1
5.8788759463505e-12	1.16652553518346	0.498	0.277	7.05053592245815e-08	1	GALNT18
6.16528872413638e-12	1.95415736546817	0.31	0.113	7.39403076685676e-08	1	LOC138498143
6.21446614668187e-12	-0.43712066173609	0.962	0.969	7.45300924971556e-08	1	FAU
6.38498148371183e-12	-0.544287898221775	1	0.995	7.6575082934156e-08	1	TMSB4X
6.97157867218621e-12	3.14376838332093	0.151	0.016	8.36101430155292e-08	1	APOH
7.15240404693291e-12	-5.63140613298752	0	0.179	8.57787817348664e-08	1	BCAM
7.3247723033798e-12	1.14970687462707	0.519	0.249	8.7845994234434e-08	1	SLC22A23
7.69362755696703e-12	2.33122701454799	0.159	0.03	9.22696752907056e-08	1	TMEM26
7.971226277172e-12	1.34329984684857	0.389	0.172	9.55989167421238e-08	1	IL13RA1
8.20168217447335e-12	-0.54448946211859	0.946	0.965	9.83627743184589e-08	1	RPL14
8.24945285415862e-12	1.78497499468171	0.301	0.101	9.89356880799244e-08	1	MTSS2
8.35330906186121e-12	3.15322871257	0.172	0.023	1.00181235578901e-07	1	GPR17
8.9127088635693e-12	3.60779457603548	0.134	0.012	1.06890117400787e-07	1	PRKD1
9.53402825775306e-12	-0.605349937019743	0.946	0.954	1.14341600895232e-07	1	RPS12
9.8153164897474e-12	0.829460765198654	0.749	0.574	1.17715090661541e-07	1	AHNAK
9.90183247146029e-12	-3.32047703704942	0.021	0.216	1.18752676830223e-07	1	CXCL16
1.03350635794433e-11	-1.60699223389651	0.167	0.397	1.23948417508263e-07	1	APBB2
1.05145138220074e-11	1.38405698440028	0.414	0.179	1.26100564267335e-07	1	CHSY3
1.05211912833985e-11	1.62073363174298	0.31	0.108	1.26180647061799e-07	1	EEIG2
1.05626029058329e-11	-6.28815931677669	0.004	0.188	1.26677296649654e-07	1	APLN
1.42410803528609e-11	4.62715990090241	0.096	0.003	1.70793276671861e-07	1	LOC138493361
1.4988859266205e-11	-0.497359834129547	0.962	0.969	1.79761389179596e-07	1	RPL26L1
1.52649778601906e-11	-3.64605290895192	0.013	0.182	1.83072879477266e-07	1	AATK
1.60015465047679e-11	1.18792143073616	0.431	0.189	1.91906547231682e-07	1	PERP
1.8267208680732e-11	5.44273532976498	0.088	0.001	2.19078633708019e-07	1	UNC13C
1.82702361531727e-11	1.36796756136301	0.402	0.188	2.19114942185001e-07	1	VPS13C
2.0125553398614e-11	-4.7240554209532	0.004	0.172	2.41365761909578e-07	1	BEGAIN
2.04211781406599e-11	2.72873088404209	0.184	0.035	2.44911189440934e-07	1	ZBTB20
2.14575210899044e-11	1.26769800886643	0.59	0.401	2.57340050431224e-07	1	PDIA4
2.15802662143339e-11	-0.621087723950541	0.845	0.902	2.58812132708507e-07	1	SLC25A5
2.27903903717432e-11	-0.696277402115741	0.787	0.896	2.73325151728316e-07	1	GAPDH
2.36611226999106e-11	-1.65228486266344	0.121	0.343	2.83767844540028e-07	1	VWCE
2.88869204728439e-11	1.00035480306691	0.711	0.515	3.46440837230817e-07	1	HSP90B1
3.42427007591915e-11	-5.59412511690806	0	0.156	4.10672710204984e-07	1	LOC138531582
3.52674618460024e-11	-2.13771168983368	0.067	0.28	4.22962669919107e-07	1	PPP1R16B
3.85046745012414e-11	-4.25191275056635	0.008	0.179	4.61786561293388e-07	1	TESPA1
3.9028400281776e-11	-3.91554956541541	0.008	0.161	4.6806760457934e-07	1	RIMBP2
4.13186101772747e-11	-0.652960018298982	0.77	0.879	4.95534091856055e-07	1	RPS3
4.19264421262596e-11	1.24486672974481	0.498	0.295	5.02823820420232e-07	1	AFDN
4.19675065291348e-11	3.47806840287726	0.117	0.011	5.03316305803913e-07	1	REEP1
4.28062162118615e-11	-2.98632263982879	0.029	0.233	5.13374951028855e-07	1	PDGFB
4.49743463880619e-11	-0.603097887010442	0.661	0.804	5.39377336232026e-07	1	RACK1
4.73743081491732e-11	-1.72083049057115	0.117	0.337	5.68160077633034e-07	1	CSRP1
4.88311027487762e-11	-0.543119600569567	0.929	0.959	5.85631415266073e-07	1	EEF1G
5.20537236921406e-11	-3.36010411117013	0.017	0.186	6.24280308239842e-07	1	STK10
5.38363287130033e-11	-3.76265066626577	0.008	0.16	6.45659090255049e-07	1	LOC138539772
5.52937799350114e-11	-1.71171233505838	0.126	0.359	6.63138302760592e-07	1	RASGRP3
5.54193196437799e-11	0.779704176295683	0.845	0.631	6.64643900487852e-07	1	ICAM1
6.2631636249622e-11	-0.498799074284975	0.95	0.97	7.51141213541716e-07	1	RPS9
6.54539376676087e-11	3.07641311551917	0.121	0.013	7.84989074447631e-07	1	ARHGEF40
6.87002431288873e-11	-1.07134050492452	0.418	0.611	8.23922015844745e-07	1	LOC138515939
7.40997466899052e-11	-1.89827579595164	0.084	0.288	8.88678262052033e-07	1	NEURL1B
7.93839648535305e-11	1.14680244341057	0.397	0.199	9.52051890488391e-07	1	CAT
8.78331540705922e-11	-0.495915912844271	0.9	0.932	1.05338301676861e-06	1	RPS29
9.29865126838524e-11	1.32228697019478	0.393	0.168	1.11518724661744e-06	1	TBX1
9.69185751900318e-11	1.14727944623881	0.385	0.188	1.16234447225405e-06	1	SYT16
1.06043524366661e-10	-2.80096759781688	0.033	0.207	1.27177998772936e-06	1	SPRY3
1.09289107043716e-10	1.80880597989555	0.243	0.077	1.31070426077529e-06	1	SEC14L1
1.13906130256078e-10	-0.515971493038988	0.937	0.953	1.36607622016114e-06	1	RPL10
1.15046384483593e-10	1.58475433463741	0.259	0.084	1.37975128911173e-06	1	SNTB2
1.17698583598895e-10	0.798879139990259	0.732	0.537	1.41155911310155e-06	1	GASK1B
1.26879473156982e-10	3.14084498811417	0.113	0.013	1.52166552157168e-06	1	CHST15
1.30117399015437e-10	-2.06109040823077	0.071	0.262	1.56049796639213e-06	1	NAV1
1.35406938421904e-10	1.34787614342354	0.36	0.16	1.6239354124939e-06	1	RAB31
1.41932051101618e-10	1.35294930759252	0.268	0.11	1.70219108886171e-06	1	SHC1
1.42092631160819e-10	-2.39840561208509	0.042	0.229	1.7041169255117e-06	1	DLL4
1.43880978478429e-10	1.39834121040653	0.356	0.145	1.7255645748918e-06	1	ARHGEF26
1.61466619957539e-10	1.14027305746609	0.343	0.172	1.93646917315076e-06	1	SLC43A2
1.69845224571291e-10	3.44273532976498	0.117	0.012	2.03695377828349e-06	1	RENBP
1.95048816503026e-10	0.983303711127686	0.598	0.399	2.33922045632079e-06	1	ANXA11
2.25626199882652e-10	-1.52872726713962	0.226	0.428	2.70593501519265e-06	1	EXOC3L2
2.32080584698329e-10	-0.562445357585249	0.895	0.927	2.78334245228705e-06	1	RPS17
2.47083050902496e-10	-1.7875253349048	0.067	0.25	2.96326702947363e-06	1	FAM129B
2.62623173564865e-10	1.9605836346276	0.222	0.062	3.14963972056343e-06	1	SYNJ2
2.92289835701113e-10	0.747275689645971	0.724	0.543	3.50543199956345e-06	1	NPC2
3.12258127972589e-10	1.18731760314928	0.305	0.141	3.74491172877527e-06	1	CELF2
3.17544099446502e-10	-4.79148334847349	0.004	0.163	3.8083063846619e-06	1	RASA4
3.32300268067014e-10	0.57928725966254	0.908	0.81	3.9852771149277e-06	1	LTBP1
3.36426842153045e-10	-0.554217794676152	0.803	0.888	4.03476711794147e-06	1	RPL2
3.39230229757121e-10	1.08566542875736	0.464	0.249	4.06838814547715e-06	1	SVIL
3.49644736708085e-10	-0.475800802862276	0.916	0.941	4.19328932734007e-06	1	RPL28
3.51710565897617e-10	1.5603610137635	0.318	0.116	4.21806481681012e-06	1	SLC4A7
3.95642137369582e-10	-2.72267419055484	0.038	0.22	4.7449361534734e-06	1	TRIM71
3.98984511186304e-10	-0.528224423548799	0.841	0.907	4.78502124265734e-06	1	RPS25
4.02640552598185e-10	1.14898174146981	0.368	0.182	4.82886814731003e-06	1	SCPEP1
4.26797827550109e-10	-3.00916261618691	0.021	0.171	5.11858634580846e-06	1	ARHGAP7
4.43160138415621e-10	-1.34800271607554	0.167	0.364	5.31481954001855e-06	1	RGS3
4.45258250527519e-10	2.80927431135264	0.138	0.021	5.33998219857654e-06	1	FLRT3
4.59574207419755e-10	2.32210562457944	0.151	0.035	5.51167346958512e-06	1	DRAM1
4.62278449179443e-10	-0.955695216740389	0.473	0.675	5.54410544100906e-06	1	CAVIN1
4.62359241911713e-10	-0.51978913630575	0.883	0.947	5.54507438824718e-06	1	RPS6
4.77470982766989e-10	3.70576973559878	0.113	0.01	5.7263094963245e-06	1	LINGO2
4.99709107612051e-10	-1.53566123081923	0.138	0.362	5.99301132759133e-06	1	LDB2
5.80475920528956e-10	1.37507143108368	0.293	0.122	6.96164771490377e-06	1	IL1R1
6.29828865962679e-10	1.29825288600002	0.456	0.255	7.55353758949041e-06	1	TIMP1
6.30156373095739e-10	-1.21581893088591	0.364	0.587	7.55746538253719e-06	1	ENG
6.73156165219278e-10	1.42582194682864	0.36	0.152	8.0731618894748e-06	1	SIPA1L3
7.79101792991523e-10	-2.21636863370868	0.059	0.263	9.34376780334733e-06	1	MMRN2
7.8724580163027e-10	1.18307322350346	0.389	0.184	9.44143889895183e-06	1	LGALS3
7.88009311859449e-10	-4.36542444310339	0.004	0.15	9.45059567713038e-06	1	EGFL8
7.95220340451334e-10	1.5511926984899	0.213	0.079	9.53707754303285e-06	1	ABCA1
8.41724271963864e-10	-4.04644363226637	0.008	0.178	1.00947991936626e-05	1	GULP1
8.57976870535865e-10	0.970990449688835	0.51	0.303	1.02897166083366e-05	1	SDCBP2
8.67383602076902e-10	-1.59456936480715	0.117	0.332	1.04025315397083e-05	1	B3GNT2
8.93477517966743e-10	-1.84958630303706	0.117	0.325	1.07154758729751e-05	1	SLC12A2
1.05490721708918e-09	0.855975077981433	0.72	0.546	1.26515022545505e-05	1	ASAP1
1.08659415029637e-09	1.53851886845479	0.259	0.094	1.30315236445044e-05	1	SBSPON
1.13537606032712e-09	1.64560830038201	0.301	0.11	1.36165650915031e-05	1	TFE3
1.1518774605918e-09	2.15663531401325	0.163	0.04	1.38144663848774e-05	1	MFSD12
1.18383887128667e-09	-1.02708290710401	0.452	0.642	1.4197779583341e-05	1	ADCY4
1.20744915129211e-09	1.61354709114971	0.285	0.106	1.44809376714462e-05	1	LARP6
1.22075533639479e-09	1.33253915201078	0.343	0.147	1.46405187493827e-05	1	MUC2
1.22076167659459e-09	-0.65931091657309	0.72	0.836	1.46405947873989e-05	1	RPL18A
1.2252559720108e-09	1.05086699494032	0.494	0.265	1.46944948723255e-05	1	LALBA
1.2268928807154e-09	-2.3313928145286	0.038	0.195	1.47141263184198e-05	1	EGFLAM
1.25803976338655e-09	1.66137561624032	0.192	0.07	1.50876708822948e-05	1	RXRA
1.26690961779111e-09	-0.502802191150828	0.883	0.914	1.51940470461688e-05	1	HSPA8
1.27070944243352e-09	-2.9097810849558	0.025	0.194	1.52396183431052e-05	1	FRY
1.28409289935085e-09	1.3632684434929	0.389	0.195	1.54001261419147e-05	1	HAPLN1
1.3129493469369e-09	-0.438067721873208	0.962	0.964	1.57462015178142e-05	1	RPL13
1.38549941154489e-09	0.807861704717808	0.736	0.531	1.66162944426579e-05	1	SEPT2
1.49570388231258e-09	-0.497315041047478	0.941	0.946	1.79379766605747e-05	1	RPS7
1.51549141541185e-09	-2.75816327527346	0.046	0.241	1.81752885450343e-05	1	ATP2A3
1.56329000992519e-09	0.644730833244101	0.695	0.525	1.87485370890328e-05	1	ADAM10
1.72971745513386e-09	1.42608620088943	0.243	0.098	2.07445014394204e-05	1	FAM43A
1.74582926200218e-09	-0.644727511485356	0.787	0.855	2.09377303391921e-05	1	RPS5
1.76427918576701e-09	1.59938872934462	0.272	0.099	2.11590002749037e-05	1	CCDC71L
2.00935018593495e-09	2.08115103452583	0.197	0.055	2.40981367799178e-05	1	SLCO2B1
2.03811697982886e-09	-0.858567092630422	0.527	0.726	2.44431369390875e-05	1	PTPRM
2.25435868236458e-09	2.6155719266272	0.117	0.02	2.70365236775984e-05	1	GPSM1
2.71962980278134e-09	1.32929956597688	0.247	0.106	3.26165202247566e-05	1	ABI2
2.83744300860781e-09	-0.945782630595028	0.238	0.446	3.40294540022335e-05	1	NHSL2
2.99923806262159e-09	-0.391488563486049	0.979	0.976	3.59698620850208e-05	1	RPL23
3.09510387664633e-09	-5.36542444310339	0	0.144	3.71195807926195e-05	1	RAPGEF3
3.55469094923903e-09	2.92672018276132	0.1	0.012	4.26314085542237e-05	1	KIF21A
3.83120844452432e-09	2.25460573294508	0.142	0.03	4.59476828751802e-05	1	LRRC3
3.96140095401736e-09	5.23123122457127	0.075	0.001	4.75090816415302e-05	1	TMPRSS2
4.10808224241515e-09	-0.571823560052707	0.837	0.905	4.92682303332849e-05	1	MSN
4.13305324332923e-09	0.983303711127686	0.439	0.212	4.95677075472475e-05	1	IGF2
4.19060663037403e-09	2.96753639526937	0.167	0.034	5.02579453180758e-05	1	CLEC
4.19256132165716e-09	1.51834098651716	0.234	0.091	5.02813879306343e-05	1	SALL4
4.19960939780032e-09	0.956969563314224	0.536	0.294	5.03659155078192e-05	1	KLHL4
4.323194416124e-09	1.31514727488013	0.276	0.111	5.18480706325752e-05	1	FXYD5
4.32514633578576e-09	-0.994178852310886	0.368	0.575	5.18714800050786e-05	1	RPL8
4.35835526178052e-09	3.6995107451271	0.088	0.006	5.22697546545338e-05	1	B3GNT7
4.3630986980787e-09	1.01433060674831	0.297	0.142	5.23266426860578e-05	1	DEPP1
4.40252453766106e-09	2.85777282904383	0.088	0.012	5.27994767801691e-05	1	CCDC3
4.49235714028659e-09	0.611610825101545	0.862	0.781	5.38768391834571e-05	1	FSTL1
5.11482169875251e-09	-0.539654985442849	0.921	0.938	6.13420566331388e-05	1	RPS10
5.89437186508321e-09	0.302142267641081	0.992	0.987	7.0691201777943e-05	1	ANXA1
6.10887477381065e-09	-0.391243510897395	0.912	0.94	7.32637351623111e-05	1	RPL39
6.44873983263152e-09	-0.673546738465723	0.615	0.772	7.73397368127498e-05	1	PRX
7.176138706531e-09	3.34587379051239	0.121	0.014	8.60634315074263e-05	1	PODN
7.44051768613693e-09	-5.22614965450126	0	0.141	8.92341286098402e-05	1	HLX
7.52303924166409e-09	1.75064295433741	0.259	0.089	9.02238096252775e-05	1	FAM162A
7.60475237139112e-09	-1.99532263807975	0.063	0.241	9.12037951900937e-05	1	DLC1
7.68833576209e-09	0.41153165695107	0.929	0.838	9.22062107947453e-05	1	ND2
9.2460223866036e-09	-3.67013852747624	0.008	0.137	0.000110887546482537	1	EPO
9.66547258635320e-09	-2.40901371165107	0.029	0.156	0.000115918012728134	1	COL18A1
9.78342680865307e-09	1.94482956331305	0.138	0.037	0.000117332637716176	1	APCDD1L
9.94243450111215e-09	-4.74461674343551	0	0.101	0.000119239616971838	1	KLHL6
1.0537363475731e-08	-0.348411436680409	0.967	0.981	0.000126374600164442	1	RPLP2
1.1389954514183e-08	-1.2785033913221	0.167	0.383	0.000136599724488596	1	VASP
1.1499903249797e-08	1.78336614061893	0.238	0.086	0.000137918339674816	1	EEIG1
1.15379325166222e-08	-2.08994527090295	0.046	0.185	0.000138374424671849	1	S1PR2
1.18139925293038e-08	-1.33862438375968	0.213	0.404	0.00014168521240394	1	RALGAPA1
1.22377456085789e-08	4.79065863318529	0.084	0.006	0.000146767283083686	1	WNT9A
1.258336635311e-08	1.23606978150765	0.364	0.188	0.000150912312672848	1	SLC4A11
1.25963123157468e-08	-2.50854938520199	0.038	0.21	0.000151067573602751	1	AOC3
1.29280346139181e-08	-0.462281577719772	0.929	0.946	0.00015504591912472	1	RPL13A
1.3162840548038e-08	-0.517309519857231	0.816	0.884	0.00015786194669262	1	RPL27A
1.47719858240591e-08	1.49787688395744	0.23	0.081	0.00017716042598794	1	ADAMTS15
1.55970281357357e-08	6.15322871257	0.063	0	0.000187055158431878	1	GPR83
1.70933957575702e-08	1.00953525270087	0.536	0.353	0.000205001095320539	1	WSB1
1.75945059103856e-08	-1.53327181461322	0.088	0.257	0.000211010909383254	1	MCTP2
1.80029609477135e-08	-5.20652084775233	0	0.119	0.000215909510645928	1	EVA1C
1.84327308445594e-08	-0.631002751175614	0.745	0.808	0.000221063741018801	1	RPL10A
1.94097540068314e-08	1.05871111378571	0.381	0.188	0.000232781179803929	1	ZFPM1
1.96733556632485e-08	-0.594478635927213	0.569	0.742	0.00023594255446934	1	SLC25A3
2.03313540208175e-08	1.48853901937811	0.251	0.094	0.000243833928771664	1	PDIA5
2.07340912219305e-08	2.62073363174298	0.113	0.018	0.000248663956024613	1	PTPRD
2.09977927439779e-08	2.22034290842854	0.117	0.026	0.000251826528378527	1	SNAI1
2.12112649972557e-08	1.20886341154282	0.356	0.175	0.000254386701112087	1	EPS15L1
2.28336344461337e-08	3.33694066574239	0.075	0.008	0.000273843777912481	1	ETV1
2.31612362934852e-08	4.12080723487762	0.075	0.004	0.000277772706867767	1	GPR174
2.36151070536815e-08	-0.493203798354033	0.858	0.913	0.000283215978894802	1	RPL18
2.40191415086674e-08	-5.25510102819739	0	0.122	0.000288061564113448	1	KANK4
2.58254993580564e-08	-0.480224314466654	0.958	0.961	0.00030972521380117	1	RPL36A
2.61687172720712e-08	-0.4608079972552	0.824	0.898	0.00031384142624395	1	RPL3
2.62651277746104e-08	-0.920578134608494	0.377	0.588	0.000314997677400903	1	SEMA3F
2.63477126671149e-08	2.0124500567872	0.167	0.047	0.000315988118016709	1	MERTK
2.70273779349973e-08	-0.485763484524366	0.9	0.937	0.000324139343574422	1	RPL11
2.8408236858111e-08	1.40513037606917	0.247	0.104	0.000340699984639325	1	ANTXR2
2.97533741893614e-08	-0.430744624560203	0.975	0.976	0.000356832216653012	1	RPL35
3.14448724110008e-08	-3.22614965450126	0.013	0.147	0.000377118354825133	1	SDR9C7
3.2052108798301e-08	-2.10415913012265	0.033	0.165	0.000384400940818024	1	LDHB
3.36830683482697e-08	-1.79959816720538	0.113	0.304	0.000403961038700798	1	UCHL1
3.61543042438091e-08	1.24958377646513	0.301	0.141	0.000433598570796002	1	B4GALT3
3.63329930502236e-08	2.31261133638065	0.155	0.039	0.000435741585651332	1	PIK3R3
3.95882175249075e-08	-3.13909292023204	0.021	0.2	0.000474781492776216	1	PYGL
4.24237412777189e-08	1.24899991668499	0.423	0.233	0.000508787929143683	1	PLAT
4.2573603136059e-08	0.929754242850952	0.402	0.226	0.000510585222410755	1	EPS15
4.38318614074158e-08	1.72421648981056	0.218	0.072	0.000525675513859138	1	NEO1
4.42656810701866e-08	-0.983087896229494	0.251	0.425	0.000530878313074748	1	PREX2
4.53722807858587e-08	-0.88845866107723	0.268	0.457	0.000544149763464803	1	SCHIP1
4.78121536072349e-08	6.15322871257	0.059	0	0.000573411158211568	1	AQP8
4.7812741511656e-08	6.37562113390645	0.059	0	0.000573418208949291	1	CRYBA4
4.94530103505471e-08	-1.16062608178168	0.184	0.386	0.000593089953134111	1	PLEKHG5
5.16800256319993e-08	1.27281032832267	0.251	0.106	0.000619798547404568	1	PROS1
5.24336564736412e-08	0.793081295452146	0.464	0.279	0.000628836842088379	1	BIRC6
5.34732573948502e-08	-1.23273321516894	0.155	0.363	0.000641304775936439	1	ADAMTS1
5.42073154861764e-08	1.26245778232476	0.297	0.156	0.000650108334625713	1	MMP18
5.72253482655842e-08	3.44273532976498	0.084	0.007	0.000686303601749152	1	LOC138497151
5.839043069303e-08	-2.07970608639811	0.046	0.2	0.000700276435301509	1	SNAI2
5.8648146625972e-08	2.77977031704255	0.113	0.017	0.000703367222485282	1	SORCS2
6.31391492227866e-08	-1.06668442470399	0.134	0.291	0.00075722781662888	1	RGCC
6.3662739090283e-08	-2.58438079816163	0.025	0.153	0.000763507229909764	1	TMCC3
6.52211306917616e-08	-2.2762585027993	0.05	0.232	0.000782197020386297	1	LPAR4
6.65493996584314e-08	-0.798405704262918	0.607	0.748	0.000798126950103567	1	SHANK3
6.77060644874584e-08	1.05885474413486	0.406	0.229	0.000811998831398088	1	JUN
7.02542696643614e-08	3.64626872385012	0.071	0.005	0.000842559456084686	1	GAL3ST4
7.15304551857313e-08	2.09878092854762	0.167	0.041	0.000857864749042476	1	ERRFI1
7.39456359034966e-08	-3.16237374406795	0.017	0.163	0.000886830011390634	1	MPPED2
7.52969163703247e-08	-0.455824835228776	0.87	0.893	0.000903035918029304	1	RPS16
7.70038933185373e-08	0.931542283437945	0.531	0.343	0.000923507692569218	1	RAPGEF6
8.26753633498547e-08	1.50757028016129	0.247	0.088	0.000991525632654807	1	RALGPS1
8.58881315306256e-08	1.62376132444055	0.209	0.071	0.00103005636144679	1	PARP3
8.87282346273387e-08	-3.82405121092992	0.004	0.103	0.00106411771788567	1	PHEX
9.45893023549227e-08	1.28286399298659	0.259	0.114	0.00113440950314259	1	KLF3
9.46111589620344e-08	-1.05947031256261	0.209	0.389	0.00113467162943168	1	ARPC1B
1.00539725789486e-07	0.899239446339212	0.473	0.279	0.00120577293139331	1	PDCD6IP
1.08817622800737e-07	-0.949309449142439	0.406	0.566	0.00130504975024924	1	TCF4
1.0940971285481e-07	0.689572508070976	0.745	0.571	0.00131215068626774	1	MYADM
1.12112089660332e-07	5.23123122457127	0.063	0.001	0.00134456029129636	1	DMTN
1.19312332010541e-07	1.73427616328777	0.226	0.083	0.00143091279780242	1	GSAP
1.21134911222024e-07	-1.46450882424278	0.13	0.316	0.00145277099028573	1	RIN2
1.26170709359085e-07	1.70912874768869	0.172	0.052	0.0015131653173435	1	KLF10
1.27619314004401e-07	2.70319579193495	0.1	0.017	0.00153053843285478	1	HLF
1.34701505055515e-07	2.45278899442891	0.138	0.025	0.0016154751501308	1	GJC1
1.35980818228334e-07	1.53900161734365	0.205	0.084	0.00163081795301241	1	WFDC1
1.43024852448091e-07	2.14084498811417	0.105	0.026	0.00171529705540996	1	PIM2
1.46347790742579e-07	4.89019430673621	0.054	0.001	0.00175514905437575	1	C1R
1.51889121536095e-07	-0.443867543787013	0.862	0.942	0.00182160623458238	1	RPL38
1.52059864593527e-07	1.2502425714174	0.272	0.121	0.00182365395607017	1	SDR16C5
1.60268162128827e-07	-0.306050393245031	0.979	0.972	0.00192209606841102	1	RPS27
1.6192642684312e-07	0.738996513362798	0.707	0.551	0.00194198363712954	1	ITM2A
1.62555810880995e-07	1.50839475587144	0.205	0.079	0.00194953183989577	1	SPHK2
1.692106509964e-07	1.92190316646354	0.151	0.048	0.00202934333739982	1	TANK
1.72119773696621e-07	-2.32047703704942	0.025	0.148	0.00206423244594357	1	KREMEN1
1.81236828764749e-07	0.894574792533355	0.41	0.249	0.00217357328737563	1	IGF1R
1.82864894545788e-07	1.36764441318361	0.23	0.094	0.00219309868028763	1	OTULIN
1.83326488068523e-07	1.23734933373423	0.297	0.137	0.0021986345714058	1	LOC138497215
1.9086978249159e-07	2.36796756136301	0.151	0.036	0.00228910130142164	1	MARCHF2
2.04979691135338e-07	4.24633811696148	0.067	0.004	0.0024583214357861	1	TNFRSF9
2.07134583431041e-07	1.72421648981056	0.222	0.075	0.00248416505908847	1	MAPKBP1
2.09632611003956e-07	1.63183134062631	0.226	0.076	0.00251412390377045	1	KCNE5
2.10594170669244e-07	1.21026886225396	0.285	0.134	0.00252565588883625	1	MTMR8
2.12471264175438e-07	-1.24018456673003	0.176	0.349	0.00254816787125603	1	MEF2A
2.24009793779364e-07	-3.60165878959347	0.008	0.123	0.00268654945679591	1	MEOX1
2.27643939717531e-07	0.320368049812427	0.992	0.966	0.00273013376903235	1	CYTB
2.30577229950956e-07	0.911292466212298	0.423	0.234	0.00276531271880182	1	SLC12A4
2.3343579450797e-07	-0.404186265813283	0.904	0.924	0.00279959548353409	1	RPL35A
2.41974135036697e-07	1.21373345152955	0.326	0.164	0.0029019958014951	1	LYN
2.51407140606524e-07	1.21342349448874	0.272	0.126	0.00301512583729404	1	LTBP3
2.53772880216756e-07	1.14995358053714	0.209	0.093	0.00304349815243955	1	IL10RA
2.55344054695276e-07	0.976989937195484	0.377	0.215	0.00306234124796045	1	BRD4
2.56828680459918e-07	-2.69617638837776	0.021	0.158	0.00308014636475579	1	KCNN3
2.57434341010313e-07	1.00651110228901	0.339	0.18	0.00308741005173669	1	CAPN2
2.69092035539968e-07	-0.433261257897751	0.946	0.95	0.00322722078223084	1	RPL7
2.71864472248919e-07	-1.95753421640417	0.054	0.181	0.00326047061568128	1	TMEM92
2.73660346046834e-07	1.27748681553214	0.456	0.244	0.00328200853013968	1	HYAL2
2.77039311614149e-07	-1.61760033346249	0.046	0.169	0.00332253246418849	1	GPR182
2.81059920449585e-07	-4.00538097564448	0.004	0.121	0.00337075162595187	1	MAP3K5
2.81149549074476e-07	-0.827569981066714	0.264	0.463	0.0033718265420502	1	ADAMTS4
2.81945425161808e-07	-3.84958630303706	0.004	0.108	0.00338137148396557	1	DISP3
2.84876397631392e-07	0.886205023022605	0.46	0.29	0.00341652263679328	1	RGL3
2.89393134587695e-07	1.14680244341057	0.255	0.123	0.00347069186311023	1	MAGI3
2.94231605902608e-07	0.920691733828008	0.423	0.236	0.00352871964958998	1	HEBP2
2.97582612278472e-07	0.978009411458174	0.414	0.24	0.00356890826905571	1	LTA4H
3.0063396801051e-07	-0.379558855848675	0.929	0.939	0.00360550317835005	1	UBA52
3.12833178405975e-07	-2.36542444310339	0.029	0.15	0.00375180830862285	1	PRICKLE1
3.20345850818589e-07	1.40711142003426	0.197	0.074	0.00384190778886734	1	ARHGAP26
3.2439381852005e-07	0.941075475738389	0.356	0.189	0.00389045506551096	1	CTSC
3.41531481082592e-07	0.920881210593871	0.46	0.277	0.00409598705262352	1	LOC138503155
3.46366312038399e-07	1.75064295433741	0.159	0.049	0.00415397118027652	1	PLA2G15
3.49624526770123e-07	-1.51312211499181	0.079	0.21	0.00419304694955409	1	LRRC8C
3.73472393921354e-07	1.15428990794031	0.285	0.134	0.0044790544202988	1	OSBPL5
3.78278327251438e-07	2.05545349688352	0.155	0.04	0.0045366919787265	1	SLC17A5
3.99077862148408e-07	-3.27408413156497	0.013	0.13	0.00478614080074586	1	EPS8
4.13515227863371e-07	-3.35059702542575	0.008	0.121	0.00495928812776541	1	XPNPEP2
4.22829415272816e-07	-1.71250455828176	0.092	0.255	0.00507099317736689	1	HEG1
4.28746665086134e-07	0.911033424637524	0.444	0.266	0.005141958754378	1	TAOK3
4.35271196520459e-07	1.3101140273948	0.255	0.103	0.00522020745986987	1	KLHL29
4.46890353710123e-07	1.18683710521282	0.377	0.204	0.00535955601204551	1	USP48
4.52972779940986e-07	1.15933407521919	0.259	0.127	0.00543250254983225	1	ARHGAP17
4.71890252728131e-07	3.44273532976498	0.075	0.007	0.00565937980096847	1	CFB
5.10852196471763e-07	-1.75766381359602	0.105	0.277	0.00612665039228585	1	NHERF2
5.13427793218198e-07	3.23123122457127	0.075	0.006	0.00615753952406584	1	COX4I2
5.22727799550737e-07	-2.67966130159474	0.021	0.144	0.00626907450001198	1	NBEA
5.34424379244923e-07	1.8700931006797	0.18	0.053	0.00640935158028437	1	KLF5
5.42465514468144e-07	-2.23392700509298	0.038	0.177	0.00650578891501645	1	SYNPO
5.45858503625213e-07	0.435542413949288	0.925	0.853	0.00654648103397718	1	RAC1
5.64081683429896e-07	0.870603578378324	0.431	0.284	0.00676503162937475	1	VASH2
5.73787123609961e-07	1.09433502351643	0.272	0.139	0.00688142897345426	1	RBPJ
5.9628197709917e-07	-0.288466324685439	0.979	0.981	0.00715120975135035	1	PTMA
6.59123303507629e-07	-0.441600817610495	0.891	0.939	0.007904865778967	1	RPLP0
6.62964979280211e-07	-3.86218633981669	0.004	0.112	0.00795093899650757	1	KITLG
6.65178773535041e-07	1.48777629398847	0.218	0.083	0.00797748903100575	1	INPP4B
6.72885419294429e-07	1.75197816502123	0.222	0.093	0.00806991483359808	1	MDM2
6.81851761233503e-07	-4.2646238023159	0.008	0.129	0.00817744817247341	1	CXCL12
7.08228380726131e-07	-0.80179840408279	0.322	0.504	0.00849378297004849	1	RAPGEF2
7.11180155869489e-07	-2.84451531348963	0.017	0.135	0.00852918360934278	1	VAMP5
7.42519028570093e-07	1.63280646404355	0.155	0.052	0.00890503070964112	1	P2RX4
7.59322627606183e-07	1.25936479725772	0.272	0.129	0.00910655627288095	1	STON2
7.75881996240465e-07	1.1222801242765	0.335	0.171	0.00930515278091189	1	SPECC1L
7.89443648071489e-07	-0.547887533152489	0.762	0.846	0.00946779767132137	1	RPL9
7.91270762335251e-07	0.921903166463543	0.305	0.182	0.00948971025268667	1	BRI3
8.1288981005007e-07	-2.21309350167582	0.033	0.148	0.00974898749193049	1	THBD
8.14657470545431e-07	-0.42369308831465	0.858	0.895	0.00977018704425135	1	RPL30
8.39045386327072e-07	1.23123122457127	0.272	0.126	0.0100626713182206	1	SLC12A9
8.67328390763756e-07	1.98330371112769	0.088	0.022	0.0104018693904297	1	PAK1
8.84199672019786e-07	2.44273532976498	0.088	0.016	0.0106042066665333	1	LOXL3
9.695159537748e-07	2.75382186500492	0.096	0.017	0.0116274048336212	1	LOC138504513
9.82094088832265e-07	1.08865671127392	0.259	0.122	0.0117782544073654	1	PIK3R2
1.00145806932111e-06	-1.8509178167826	0.075	0.23	0.0120104866253681	1	DCHS1
1.01015501698086e-06	1.06347405981167	0.368	0.192	0.0121147891186514	1	TRAF2
1.06148304687761e-06	2.33122701454799	0.1	0.021	0.0127303661812032	1	BMP6
1.08780841550816e-06	-0.755048423309482	0.335	0.495	0.0130460863271893	1	FLNA
1.18106734295362e-06	-2.60165878959347	0.021	0.13	0.0141645406440427	1	PLOD2
1.18414669338439e-06	1.31475458013356	0.264	0.142	0.0142014712937589	1	RND3
1.18608658612858e-06	0.786348503716226	0.51	0.358	0.01422473642744	1	NFX1
1.26662148133845e-06	0.520553552678005	0.87	0.746	0.015190591425692	1	ND3
1.27938174088627e-06	-0.851074384696464	0.209	0.397	0.0153436252184491	1	DBNL
1.29786769669582e-06	1.11605891997946	0.293	0.133	0.015565327286473	1	TP53I11
1.30325386943568e-06	1.08764037094242	0.305	0.154	0.0156299236561421	1	CORO1C
1.31813222989379e-06	-0.328742872245712	0.904	0.964	0.0158083598331162	1	EEF1A1
1.33487892982434e-06	0.728336586562007	0.669	0.459	0.0160092030053833	1	NFIB
1.371536908095e-06	4.56826621184884	0.046	0.001	0.0164488421387833	1	CDH10
1.37209336882181e-06	4.20569613246414	0.046	0.002	0.0164555157722799	1	WDR86
1.37271188039625e-06	7.68374342926878	0.046	0	0.0164629335815922	1	LOC138513758
1.38494445435213e-06	0.771799605933975	0.41	0.243	0.0166096388410451	1	SEPTIN10
1.41622878652547e-06	0.738947858318668	0.632	0.473	0.0169848318367999	1	NRK
1.4504261742107e-06	-0.940385135643965	0.356	0.519	0.0173949611073089	1	PMP22
1.45628059474082e-06	-0.612306033792978	0.552	0.686	0.0174651731727266	1	ATP5MC3
1.56033637541528e-06	1.25853857056701	0.301	0.146	0.0187131141503554	1	SEMA6C
1.57513133268801e-06	-0.521240107138172	0.741	0.857	0.0188905500729273	1	MYL12B
1.81512466201257e-06	0.713605575012882	0.556	0.421	0.0217687900715168	1	FOS
1.8224397779458e-06	-2.56689337143279	0.025	0.144	0.021856520256904	1	HMCN1
1.86802841579901e-06	0.626293157084879	0.435	0.281	0.0224032647906775	1	SRSF10
1.94756408769182e-06	-0.379729587089349	0.929	0.948	0.023357136103688	1	RPL27
1.97096029281765e-06	0.38751174174499	0.921	0.843	0.0236377267917621	1	ND4
2.05048380143536e-06	-3.73094180653844	0.004	0.095	0.0245914522306143	1	CNMD
2.11060069652321e-06	-0.375851703844257	0.95	0.966	0.0253124341534029	1	RPS8
2.12573787689343e-06	0.995794655310883	0.218	0.108	0.0254939743575829	1	CRAMP1
2.13520914663182e-06	0.649980861640212	0.586	0.394	0.0256075632955555	1	SIK3
2.14437081996563e-06	-1.63874810832869	0.063	0.19	0.0257174392438478	1	PLP2
2.14927570731792e-06	-0.877600679206652	0.335	0.525	0.0257762635578638	1	ADGRL4
2.16820313446839e-06	0.820073362259383	0.36	0.208	0.0260032601916794	1	RALA
2.20841346251124e-06	-0.639515109890932	0.728	0.818	0.0264855026558973	1	TUBA1C
2.21577150952827e-06	-0.296106523659952	0.971	0.974	0.0265737477137725	1	TPT1
2.22693292128959e-06	1.07641311551917	0.272	0.133	0.026707606525026	1	FAM234A
2.26954412676728e-06	-1.83772614782699	0.059	0.204	0.0272186427123199	1	ANXA6
2.36059968731727e-06	2.92672018276132	0.084	0.012	0.0283106720499961	1	LTBP4
2.436503476234e-06	-0.913533219816909	0.347	0.495	0.0292209861904743	1	CDH5
2.48893451550617e-06	0.943775346941049	0.318	0.176	0.0298497916444655	1	TM9SF1
2.55672102871013e-06	1.14615418680973	0.289	0.15	0.0306627552973206	1	LGALS3BP
2.6959204356729e-06	0.5996987196855	0.615	0.486	0.0323321737850251	1	PSAP
2.79515402349873e-06	-0.577164227672721	0.544	0.673	0.0335222822038203	1	RSL24D1
2.81545765992163e-06	2.22431181063148	0.105	0.021	0.0337657837154401	1	KBTBD11
2.84548183876548e-06	1.38856018961395	0.18	0.072	0.0341258636923144	1	RELB
2.88543860242595e-06	1.98330371112769	0.1	0.023	0.0346050651588944	1	LOX
2.91428424191759e-06	1.04140666569125	0.268	0.141	0.0349510109133177	1	TBC1D5
2.92503328815882e-06	0.914262066698035	0.351	0.203	0.0350799242248888	1	AP3B1
2.94031810464646e-06	1.33944752135296	0.192	0.078	0.0352632350290249	1	GNPDA1
3.05449155822234e-06	-4.47612790750961	0	0.085	0.0366325172577605	1	PRKD3
3.10100398935376e-06	-2.74461674343551	0.013	0.107	0.0371903408443196	1	LPAR6
3.11486148054855e-06	-3.02792354429557	0.013	0.128	0.0373565337362187	1	FXYD6
3.14850286873042e-06	4.98330371112769	0.05	0.001	0.0377599949046839	1	SCML4
3.17186467053624e-06	2.87638850721117	0.05	0.006	0.0380401729937412	1	HOXD9
3.23776745479627e-06	1.119508094726	0.343	0.188	0.0388305450853716	1	MFSD11
3.25280977165077e-06	1.24633811696148	0.167	0.071	0.0390109475914077	1	BDH2
3.26939182463653e-06	1.09631267295687	0.272	0.129	0.0392098161528659	1	ASAH1
3.28326541998315e-06	1.88814647808735	0.146	0.047	0.0393762021818579	1	MYLIP
3.53966679240833e-06	1.43076268809891	0.163	0.066	0.0424512238413531	1	DCBLD2
3.56722356512954e-06	-2.00765114926931	0.033	0.138	0.0427817122165986	1	CRISP3
3.57785700806073e-06	0.774833666023608	0.393	0.237	0.0429092390976724	1	NCOR2
3.68579595612659e-06	-1.54025824492933	0.071	0.196	0.0442037509018262	1	DENND5A
3.85256802503064e-06	-2.7391623133434	0.017	0.12	0.0462038483241925	1	MYLK
3.91913854653778e-06	0.660961702870425	0.649	0.507	0.0470022285886276	1	IGFBP1
3.92075425006174e-06	3.48580405165687	0.067	0.005	0.0470216057209904	1	LOC138567786
4.06652003918837e-06	1.45974175507067	0.121	0.047	0.0487697748299861	1	RAB11FIP5
4.10660775123204e-06	0.352466467822824	0.757	0.683	0.0492505467605258	1	CSTB
4.20224359687148e-06	5.44273532976498	0.042	0	0.0503975074572797	1	DHRS3
4.20405336800423e-06	5.79065863318529	0.042	0	0.0504192120424747	1	IGLON5
4.2434813984236e-06	-1.44600791913328	0.079	0.219	0.0508920724112942	1	ST3GAL4
4.31755570342229e-06	-0.446525895995814	0.82	0.896	0.0517804455511435	1	RPS3A
4.34687361693356e-06	-0.757028734136918	0.368	0.513	0.0521320552878842	1	EHD2
4.40926127914634e-06	0.932677638057718	0.326	0.19	0.0528802705208021	1	AMFR
4.43996361555679e-06	-2.10415913012265	0.025	0.114	0.0532484836413726	1	SLC16A1
4.5058589356286e-06	2.03060942590604	0.117	0.031	0.0540387662149938	1	LOC138529514
4.61102780687904e-06	1.03988723949405	0.289	0.147	0.0553000564879003	1	GLB1
4.79990271094649e-06	-3.40901371165107	0.004	0.079	0.0575652332123812	1	ADGRG1
4.81983195053064e-06	0.866894219012376	0.381	0.226	0.057804244582714	1	ABCB5
4.87286663167193e-06	2.24633811696148	0.071	0.015	0.0584402895136415	1	VSTM4
5.00481710281594e-06	0.769435362097777	0.36	0.2	0.0600227715140716	1	PDS5B
5.2104067683061e-06	-3.14597930581728	0.008	0.098	0.062488408372295	1	ITGA8
5.38627448866551e-06	1.46873053829793	0.138	0.049	0.0645975899425654	1	SULT1C2
5.41909807431699e-06	-1.97862824803879	0.046	0.176	0.0649912432052836	1	DUSP9
5.44962908328629e-06	-0.289409789355387	1	1	0.0653574015958525	1	CIRBP
5.61369477646772e-06	3.79065863318529	0.054	0.003	0.0673250414541774	1	TAFA5
5.68207243263357e-06	2.02177785894232	0.13	0.038	0.0681450946845744	1	NHSL3
5.71472706985201e-06	1.60890819634619	0.109	0.036	0.0685367217487351	1	CEP131
5.78506084174854e-06	1.34175768204016	0.192	0.074	0.0693802346750902	1	TPCN2
5.90835484371883e-06	1.02637243301957	0.205	0.096	0.0708588996407199	1	LOC138569198
6.03165614114604e-06	0.902003609025838	0.251	0.14	0.0723376521007644	1	ATG9A
6.04734520931952e-06	1.66137561624032	0.146	0.051	0.072525811095369	1	IL1RAP
6.1559976073318e-06	2.28815829265611	0.079	0.016	0.0738288793047303	1	LTB4R
6.19768450357082e-06	0.672810511302608	0.485	0.319	0.0743288302513248	1	IGF2BP2
6.29237843870698e-06	-1.03418371560115	0.146	0.271	0.0754644946154128	1	RASAL2
6.36342491035497e-06	1.11561100323182	0.322	0.167	0.0763165549498871	1	TBC1D4
6.4095287023582e-06	-1.2484265747881	0.105	0.236	0.0768694777273819	1	TCIM
6.55337265870602e-06	2.4808033705985	0.088	0.017	0.0785945982958613	1	TM6SF1
6.57783676430337e-06	-2.7391623133434	0.017	0.113	0.0788879963142904	1	KCNMA1
6.6522178886651e-06	1.03752410212557	0.36	0.202	0.0797800491387606	1	PEAK1
6.66228252845579e-06	2.37562113390645	0.084	0.016	0.0799007543637703	1	TCEA2
6.85417071813876e-06	0.703195791934951	0.356	0.22	0.0822020694226381	1	ATP6V1B2
6.96063145633075e-06	2.30523180601505	0.079	0.014	0.0834788530557746	1	LOC138566042
6.98999182781202e-06	0.897912219897042	0.314	0.164	0.0838309719909496	1	SPTLC1
7.08564216720808e-06	0.974314927900432	0.276	0.153	0.0849781065113265	1	SGPP1
7.10545985592949e-06	0.897727979421612	0.326	0.178	0.0852157800521624	1	ZEB1
7.28034972396555e-06	-1.314376837513	0.121	0.275	0.0873132342395189	1	LBHD2
8.00810651586395e-06	-0.464093372836773	0.904	0.933	0.0960412214447563	1	DYNLL1
8.08427647288934e-06	1.15663531401325	0.201	0.093	0.0969547277393619	1	ASGR1
8.17261330224213e-06	1.0828393846786	0.213	0.111	0.0980141513337898	1	LOC138513586
8.26290443211463e-06	-3.88706100845572	0.004	0.086	0.0990970128543507	1	NPPC
8.26657803089155e-06	1.36390771334266	0.226	0.096	0.0991410703244823	1	SMTN
8.32688200390915e-06	0.608558917796876	0.406	0.25	0.0998642958728824	1	MARK2
8.33413351351082e-06	0.684731012906355	0.427	0.278	0.0999512632275353	1	PARG
8.42476936440301e-06	-3.86218633981669	0.004	0.105	0.101038258987285	1	CEACAM5
8.50163760881864e-06	0.724569442727518	0.46	0.291	0.101960139842562	1	GNAQ
8.95848221961777e-06	1.28756077968799	0.264	0.114	0.107439077259876	1	PRCP
9.31510601448085e-06	-4.3742482934904	0	0.08	0.111716066431669	1	TTC9
9.32558271674308e-06	-2.64605290895192	0.013	0.094	0.1118417135219	1	ANO8
9.45683347625218e-06	-2.52449092907101	0.013	0.092	0.113415803880692	1	PDE4C
9.58205883728614e-06	4.09878092854762	0.046	0.002	0.114917631635573	1	BACE2
9.61746563715306e-06	3.98330371112769	0.046	0.002	0.115342265386377	1	AVPR2
9.98787094596672e-06	0.885456387729542	0.226	0.117	0.119784536254979	1	IKBKG
1.00183027977518e-05	1.22431181063148	0.151	0.067	0.120149505453437	1	SGCD
1.01213779051809e-05	0.971526543351333	0.218	0.12	0.121385685216835	1	COMT
1.02308750630389e-05	1.05301268293909	0.205	0.102	0.122698884631025	1	FGD6
1.02906614341587e-05	-1.64896450437183	0.033	0.115	0.123415902579866	1	CBFB
1.05942854351958e-05	0.482707416065442	0.636	0.47	0.127057265224304	1	RTN4
1.06094618485315e-05	-0.333855139611804	0.908	0.947	0.127239275949438	1	LGALS4
1.11312889603274e-05	3.42387630251367	0.063	0.005	0.133497548501206	1	SLC37A2
1.13241988478214e-05	0.888525486375586	0.297	0.159	0.135811116781922	1	NHSL1
1.18426135153819e-05	1.2139166392691	0.172	0.075	0.142028463889976	1	ACER1
1.18527467062201e-05	-0.471096220421931	0.569	0.698	0.142149991247697	1	RPL4
1.18683288168463e-05	1.66137561624032	0.109	0.036	0.142336867500437	1	GBE1
1.19911034171619e-05	-1.50666227565772	0.067	0.176	0.143809303282022	1	AR
1.20450640544458e-05	-1.55413041951088	0.071	0.192	0.144456453204969	1	CCSER1
1.20709446082666e-05	0.61220955943644	0.523	0.338	0.144766838686942	1	CYFIP1
1.21012387442871e-05	1.14250230597694	0.255	0.115	0.145130156260236	1	DPP9
1.21432753945571e-05	-3.04644363226637	0.008	0.091	0.145634301806924	1	SORBS2
1.21552070937392e-05	-0.782828548203405	0.255	0.402	0.145777398675215	1	JAM3
1.2206190049127e-05	-1.62913952601558	0.046	0.137	0.14638883725918	1	HHIP
1.22194871660325e-05	1.01433060674831	0.335	0.178	0.146548309582227	1	LAMP3
1.23085005128262e-05	-1.3742482934904	0.113	0.242	0.147615846650325	1	RIN3
1.24337744340189e-05	-1.90746721911756	0.046	0.174	0.149118256787189	1	C1QH1orf21
1.25110826125608e-05	0.595311034863071	0.519	0.367	0.150045413772441	1	USP9X
1.26604760386519e-05	1.98330371112769	0.13	0.033	0.151837089131552	1	PDLIM5
1.28926958998627e-05	5.30523180601505	0.038	0	0.154622101927053	1	GAS2
1.28926958998627e-05	5.30523180601505	0.038	0	0.154622101927053	1	HSD17B11
1.28926958998627e-05	2.72026930529389	0.038	0.005	0.154622101927053	1	SIAE
1.28960322987821e-05	3.98330371112769	0.038	0.002	0.154662115359294	1	LOC138569070
1.31799965655887e-05	0.878334151526144	0.351	0.221	0.158067698811105	1	AKR1A1
1.33602728467206e-05	1.23886299639933	0.238	0.108	0.160229752250721	1	LOC138498142
1.36492722938967e-05	0.673067940813284	0.561	0.421	0.163695722620703	1	PICALM
1.36751495274921e-05	-1.59456936480715	0.059	0.186	0.164006068283212	1	NOS1AP
1.39458291875105e-05	1.06372239358298	0.276	0.131	0.167252329445814	1	PGM5
1.45586388845235e-05	0.723436584372576	0.41	0.256	0.17460175614209	1	ERLIN2
1.46662138233162e-05	0.859729026009154	0.377	0.246	0.175891902383031	1	TNPO2
1.48015440028195e-05	0.898641314058302	0.297	0.189	0.177514917225814	1	ATP11B
1.50116947773744e-05	1.04172039735301	0.222	0.117	0.180035255465051	1	FOXO1
1.51873670800971e-05	1.47429006363983	0.092	0.037	0.182142093391605	1	NHEJ1
1.53586701556777e-05	0.779212106534182	0.335	0.198	0.184196531177043	1	MBOAT2
1.53686920237397e-05	-0.40788704619679	0.728	0.826	0.184316723440711	1	RPL22L1
1.55007423590196e-05	1.49787688395744	0.163	0.062	0.185900403111722	1	EVA1B
1.6040309069901e-05	0.691786929136418	0.498	0.351	0.192371426675323	1	CYB5R3
1.60551035068948e-05	0.93439411064674	0.213	0.12	0.192548856358189	1	PLCD1
1.62484290367608e-05	-4.49242971983871	0	0.088	0.194867409437872	1	SOX17
1.65557773246209e-05	0.728730884042089	0.385	0.256	0.198553437454178	1	SYNGR2
1.65824470202657e-05	3.36181533438142	0.05	0.004	0.198873287114046	1	INPP5D
1.66332119873982e-05	1.10498226771594	0.259	0.122	0.199482111364866	1	TNIP1
1.68137813925689e-05	0.811692333057487	0.356	0.198	0.201647680241079	1	NUFIP2
1.70103717737166e-05	1.05485697215272	0.126	0.057	0.204005388682183	1	WBP1
1.70615226818449e-05	2.72026930529389	0.079	0.012	0.204618841523365	1	EXPH5
1.73610776710616e-05	-0.902942574564808	0.213	0.368	0.208211404509042	1	IQGAP2
1.76100185140522e-05	2.31772275019825	0.092	0.02	0.211196952039028	1	LHFPL6
1.89640591616922e-05	-0.816252840369511	0.188	0.328	0.227435961526175	1	PGLS
1.92925066346143e-05	-0.610271919898178	0.473	0.618	0.231375032068929	1	CD81
1.93299515138324e-05	-3.63140613298752	0.004	0.086	0.231824108505392	1	GJA4
1.94512833839034e-05	1.85003718026422	0.117	0.034	0.233279241623153	1	CITED4
1.97519098454303e-05	1.70189077597904	0.247	0.124	0.236884654776246	1	SQSTM1
1.99486075654298e-05	1.54441946989447	0.146	0.053	0.2392436505322	1	LRP1
2.02923590777981e-05	-0.9148166748531	0.205	0.343	0.243366262420032	1	TMEM204
2.04466779693864e-05	1.10461000734982	0.234	0.11	0.245217008886851	1	ACVR2A
2.06977107960408e-05	0.63538040770738	0.347	0.222	0.248227645576917	1	TP53BP2
2.10830379082841e-05	-0.466292908908929	0.64	0.744	0.252848873634051	1	COX6A1
2.13476828959628e-05	1.14084498811417	0.276	0.147	0.256022760971282	1	EFNA1
2.14434272589617e-05	-2.82405121092992	0.013	0.11	0.257171023116728	1	LOC138525662
2.15203191000596e-05	0.784890152725678	0.297	0.17	0.258093186967015	1	HIPK1
2.17720784333592e-05	0.736291323018235	0.297	0.184	0.261112536651277	1	CUL5
2.19732166389298e-05	0.839610251258554	0.431	0.27	0.263524787150685	1	ZZEF1
2.21745921878101e-05	-0.896014806449851	0.289	0.448	0.265939884108406	1	SOX18
2.23646436611119e-05	0.435099760416648	0.473	0.358	0.268219171427715	1	HLA-A
2.3703144618279e-05	3.39834121040653	0.054	0.005	0.28427181340702	1	CYP2G1P
2.4159776432488e-05	0.895840869877347	0.192	0.102	0.289748198754828	1	ATM
2.47599722953261e-05	1.80273146548587	0.105	0.033	0.296946347737846	1	CEBPB
2.49499318127894e-05	0.663614088436324	0.439	0.291	0.299224532230783	1	TNFRSF1A
2.49785703545018e-05	0.948256764028486	0.23	0.123	0.29956799426154	1	CHERP
2.52269832963687e-05	1.23748719937921	0.205	0.095	0.30254721067335	1	IFI27
2.55715394929747e-05	0.621847252053687	0.556	0.376	0.306679473139246	1	CLDN11
2.63158236225792e-05	1.10498226771594	0.238	0.113	0.315605672705593	1	EPHA2
2.63729990096415e-05	-0.341038039005808	0.937	0.94	0.316291377122631	1	RPS20
2.69312681893372e-05	0.825041627210954	0.268	0.157	0.322986699394721	1	NUP58
2.71362370248268e-05	1.52873784766221	0.105	0.037	0.325444890638747	1	CIPC
2.85015688855664e-05	0.793701224908908	0.469	0.345	0.341819315644598	1	GBP1
2.86696400456772e-05	1.00810710212826	0.318	0.165	0.343834993067807	1	LOC138566285
2.89536475300297e-05	-1.21309350167582	0.121	0.234	0.347241094827646	1	B4GALT1
2.90276890733299e-05	3.56826621184884	0.042	0.003	0.348129075056446	1	SHISAL1
2.91350380366354e-05	4.44273532976498	0.042	0.001	0.349416511173368	1	FGF14
2.91646404583377e-05	-0.663173178806174	0.314	0.45	0.349771533016844	1	TOMM20
2.93983827694525e-05	0.804429752957891	0.385	0.258	0.352574804554044	1	MMP2
2.99738081582236e-05	-0.660552478647038	0.335	0.483	0.359475881241576	1	PLS3
3.00636198451055e-05	1.59628058801844	0.1	0.033	0.36055299280235	1	HOXD3
3.10196305495895e-05	-1.52625138693545	0.071	0.187	0.372018429181227	1	THSD1
3.10926321512289e-05	0.740301010115952	0.418	0.262	0.372893937389689	1	TSC22D2
3.1229387529598e-05	2.74883845749066	0.059	0.008	0.374534044642469	1	EPB41L4B
3.15462602268408e-05	0.557696970138655	0.485	0.348	0.378334298900501	1	SNX2
3.20122064999297e-05	1.26709667712828	0.163	0.069	0.383922392553657	1	CREBRF
3.22578798821337e-05	0.576595196043304	0.481	0.345	0.386868753426429	1	LIMA1
3.27090148711015e-05	1.38384164071141	0.121	0.047	0.392279215349121	1	PDZD2
3.31425482698255e-05	-0.944624874251619	0.209	0.339	0.397478581400017	1	PXDN
3.33131684719073e-05	1.68957250807098	0.121	0.038	0.399524829483584	1	HDGFL3
3.39070832602928e-05	-3.166443408377	0.004	0.072	0.406647649540691	1	EDNRA
3.45956480015692e-05	1.50937252279527	0.142	0.043	0.414905606482819	1	NOTCH3
3.46609675965014e-05	0.965529009399711	0.368	0.22	0.415688984384841	1	RNF213
3.558085976092e-05	1.98330371112769	0.063	0.017	0.426721251112713	1	HOXD8
3.59998862096387e-05	1.28698010145883	0.234	0.135	0.431746635312196	1	IRF1
3.60047343157479e-05	1.39834121040653	0.167	0.073	0.431804778648765	1	ATF6
3.60803207891881e-05	2.28286399298659	0.063	0.013	0.432711287224733	1	DUSP10
3.62622443143383e-05	0.918012250875967	0.213	0.112	0.43489309606186	1	CLUH
3.67344416279649e-05	-2.66055247864704	0.008	0.075	0.440556158444183	1	BAG2
3.71706389743191e-05	-0.639928806521187	0.372	0.529	0.445787473219009	1	BTF3
3.72330914160309e-05	-3.97089259925919	0	0.061	0.446536465352459	1	ZNF366
3.80739957045933e-05	-0.476979306201118	0.686	0.768	0.456621430485188	1	TPM3
3.82841755788669e-05	0.397031455399742	0.753	0.643	0.459142117717351	1	TRIM39
3.88926995864448e-05	0.905301199126413	0.318	0.181	0.466440146140233	1	GOLGB1
3.91361619419908e-05	0.239279352952768	1	0.989	0.469359990170296	1	ATP6
3.92090603865821e-05	-0.363352748221398	0.849	0.907	0.470234261216279	1	RPS4X
3.9224335179977e-05	1.92441002207412	0.088	0.024	0.470417451813464	1	GPR137B
3.93591652717945e-05	-0.346927687490885	0.891	0.923	0.472034469104631	1	RPS21
3.96468535536257e-05	5.15322871257	0.033	0	0.475484714668633	1	KIF26B
3.96468535536257e-05	4.15322871257	0.033	0.001	0.475484714668633	1	MAMDC2
3.96468535536257e-05	1.98330371112769	0.033	0.008	0.475484714668633	1	ZNF79
3.97406230056277e-05	-0.480057174688971	0.531	0.672	0.476609291706493	1	ATP5IF1
3.9946620540424e-05	3.07076655237803	0.067	0.007	0.479079820141304	1	PLEKHH2
3.9946620540424e-05	2.90084155093571	0.067	0.008	0.479079820141304	1	ADAMTS17
4.00200548160164e-05	0.697901492265438	0.385	0.236	0.479960517408484	1	RABGAP1
4.02842935716137e-05	1.28996504936174	0.255	0.139	0.483129532804363	1	LOC138492940
4.03340073245611e-05	2.16772828226511	0.084	0.02	0.483725749843461	1	ETNPPL
4.10591118500792e-05	1.0480094005155	0.213	0.107	0.492421928418	1	DAG1
4.12642242425431e-05	1.0902189150442	0.238	0.128	0.494881841340819	1	KCNQ1
4.17618337016919e-05	2.20569613246413	0.079	0.017	0.500849671584391	1	ERP29
4.23682570948656e-05	0.391857176836331	0.795	0.711	0.508122507338723	1	LOC138504591
4.32521971902872e-05	1.06576587131966	0.176	0.088	0.518723600903114	1	ERI2
4.40783936759063e-05	1.49787688395744	0.163	0.07	0.528632175355144	1	BMP1
4.41088886751921e-05	-1.97089259925919	0.029	0.116	0.528997901881579	1	REPS2
4.55139012934693e-05	1.37604254329776	0.272	0.15	0.545848218212577	1	SNX10
4.58145958215357e-05	1.56826621184884	0.142	0.051	0.549454447687678	1	MAP3K6
4.58404649001102e-05	0.95971689081007	0.285	0.176	0.549764695547022	1	PLIN3
4.58983913718523e-05	1.53454559400484	0.209	0.094	0.550459407722624	1	GADD45G
4.66161146759019e-05	0.474644577719728	0.753	0.633	0.559067063308092	1	TMEM176B
4.80886745343209e-05	2.79065863318529	0.046	0.006	0.57672747369011	1	HAMP
4.80887946836596e-05	3.8901943067362	0.046	0.003	0.57672891464113	1	RYR2
4.83361248661051e-05	0.377556261327231	0.874	0.806	0.579695145519198	1	ND1
4.85042401162446e-05	-2.86218633981669	0.013	0.097	0.581711351714121	1	DACH2
4.85506654521014e-05	-0.772357976748425	0.213	0.351	0.582268130767052	1	TANB
4.92036212115511e-05	-2.57128514054995	0.013	0.092	0.590099029190132	1	VWA1
4.92490696004541e-05	-4.77158379103578	0	0.071	0.590644091718246	1	RGS5
5.00706726594876e-05	1.43581591582519	0.172	0.073	0.600497577205235	1	THRA
5.01047762654492e-05	-2.1400787043776	0.025	0.113	0.600906581751533	1	PBXIP1
5.01774162385439e-05	0.620005181820464	0.377	0.269	0.601777752948857	1	SPIN1
5.22342689799773e-05	-0.888430439067216	0.264	0.432	0.626445587876868	1	MXRA7
5.48135511580353e-05	-0.369199197804969	0.879	0.93	0.657378919038317	1	RPS13
5.52729764608513e-05	0.688856352662431	0.552	0.437	0.66288880669499	1	LAMP1
5.57477392906942e-05	-1.38593009853803	0.046	0.152	0.668582637313295	1	USP43
5.5759144305413e-05	-0.889146239151802	0.222	0.38	0.668719417654818	1	SHE
5.61266291568736e-05	1.07018116180765	0.28	0.144	0.673126663478386	1	CTBP1
5.71112085442136e-05	-0.457090347304673	0.808	0.892	0.684934724070754	1	EEF1B2
5.71605248152158e-05	1.54441946989447	0.167	0.062	0.685526174108883	1	TNFRSF14
5.75791595226825e-05	1.57994801689648	0.121	0.042	0.690546860155532	1	TMEM220
5.77098099486376e-05	0.895840869877347	0.297	0.16	0.69211375071401	1	SGK3
5.86832849578064e-05	-3.78488061364924	0.004	0.099	0.703788636498972	1	CILP
6.11705408227125e-05	-1.69996086320527	0.046	0.153	0.733618296086791	1	INPP4A
6.16714697744606e-05	1.45974175507067	0.121	0.044	0.739625937005106	1	DAGLB
6.18516937880909e-05	0.745439881028799	0.213	0.112	0.741787363600574	1	MMP14
6.47124655916407e-05	1.52387209249039	0.117	0.044	0.776096599840546	1	TNFRSF21
6.63835932666057e-05	1.82576243414121	0.096	0.03	0.796138434046402	1	ARHGEF10
6.67104518438583e-05	0.406181963623713	0.406	0.268	0.800058448963392	1	ARHGAP27
6.79578566326887e-05	-1.46882310688638	0.071	0.183	0.815018574595835	1	STOM
6.81760520556798e-05	0.51048271526321	0.506	0.376	0.817635392303767	1	LOC138566687
6.94252885144527e-05	0.498708168936301	0.623	0.478	0.832617485153832	1	CST3
6.9472305253278e-05	1.06483359662428	0.326	0.156	0.833181356902562	1	PLSCR3
6.98647829701876e-05	0.93439411064674	0.213	0.108	0.83788834216146	1	LOC138566346
7.00153484435165e-05	-0.400320835519696	0.661	0.762	0.839694073883094	1	SNRPF
7.07374814779385e-05	0.983303711127687	0.117	0.06	0.848354615364916	1	USP37
7.14185198127262e-05	-2.05011929040976	0.029	0.112	0.856522308114025	1	RNF220
7.44356586280045e-05	0.960583634627603	0.213	0.126	0.892706853925658	1	PDLIM7
7.57520720668738e-05	-2.93317293331003	0.017	0.108	0.908494600298017	1	CXCR4
7.62591289920244e-05	0.723659894494667	0.268	0.159	0.914575734001349	1	BTN1A1
7.66935812223295e-05	0.685335515184505	0.318	0.197	0.919786119599398	1	RALGAPB
7.74409551403947e-05	3.38929607080352	0.079	0.016	0.928749374998753	1	STEAP4
7.77803104910402e-05	-1.23170917984316	0.075	0.181	0.932819263719045	1	NUMBL
7.82185761635948e-05	-2.2646238023159	0.017	0.087	0.938075383929992	1	RFLNB
7.94196051839734e-05	0.769435362097777	0.347	0.22	0.952479324971393	1	VAPA
8.04702615085887e-05	3.20569613246413	0.054	0.006	0.965079846272504	1	MST1
8.09216539134793e-05	-3.18662129031463	0.008	0.067	0.970493395384357	1	SCIN
8.12981212188137e-05	0.927160633090153	0.209	0.124	0.975008367777233	1	ANO6
8.17847613003619e-05	1.62715990090241	0.176	0.066	0.98084464227524	1	CD209
8.21580061522741e-05	-0.316771236902643	0.958	0.952	0.985320967784223	1	RPL19
8.21697694322693e-05	1.07641311551917	0.209	0.105	0.985462044801206	1	PLXNB2
0.000379730369077458	4.98330371112769	0.025	0	1	1	ADRA1D
0.000379706689536831	4.79065863318529	0.025	0	1	1	EBI3
0.00118809600592547	4.79065863318529	0.021	0	1	1	VGLL3
0.00118809600592547	4.79065863318529	0.021	0	1	1	LOC138450189
0.00118804618098874	4.56826621184884	0.021	0	1	1	ASIC2
0.00118804618098874	4.56826621184884	0.021	0	1	1	DNAH2
0.00118804618098874	4.56826621184884	0.021	0	1	1	DUSP3
0.00118804618098874	4.56826621184884	0.021	0	1	1	LOC138491739
0.00118804618098874	4.56826621184884	0.021	0	1	1	LOC138579568
0.00118804618098874	4.56826621184884	0.021	0	1	1	LRRC9
0.00118804618098874	4.56826621184884	0.021	0	1	1	MASP1
0.00118804618098874	4.56826621184884	0.021	0	1	1	VSTM2L
0.00118804618098874	4.56826621184884	0.021	0	1	1	NR1I2
0.00376470568190753	4.30523180601505	0.017	0	1	1	KCNQ4
0.000266939624990346	4.15322871257	0.033	0.001	1	1	HOXD10
0.000804886654144461	4.15322871257	0.029	0.001	1	1	LRFN1
0.000122360685521189	3.98330371112769	0.029	0.001	1	1	H6PD
0.000807815458571325	3.98330371112769	0.029	0.001	1	1	SMTNL2
0.000379706689536831	3.79065863318529	0.025	0.001	1	1	IL18R1
0.000379706689536831	3.79065863318529	0.025	0.001	1	1	TRPV1
0.002445191599423	3.79065863318529	0.025	0.001	1	1	FGFR3
0.002445191599423	3.79065863318529	0.025	0.001	1	1	NRG4
0.0073784650225818	3.79065863318529	0.021	0.001	1	1	ANKRD22
0.000413755730265974	3.72026930529389	0.038	0.002	1	1	PKNOX2
0.00118456474351498	3.72026930529389	0.033	0.002	1	1	SFRP1
0.000804886654144461	3.56826621184884	0.029	0.002	1	1	ERICH6B
0.00118804618098874	3.56826621184884	0.021	0.001	1	1	FAM110C
0.0074043473857967	3.56826621184884	0.021	0.001	1	1	CSPG4
0.0074043473857967	3.56826621184884	0.021	0.001	1	1	FAM131A
0.0074043473857967	3.56826621184884	0.021	0.001	1	1	IGF1
0.000141533971722049	3.56826621184884	0.042	0.003	1	1	LOC138473540
0.000189665945290708	3.46873053829793	0.046	0.004	1	1	RGS18
0.000142476944772525	3.44273532976498	0.042	0.003	1	1	LOC138492289
0.000142476944772525	3.44273532976498	0.042	0.003	1	1	KCND3
0.000807815458571325	3.39834121040653	0.029	0.002	1	1	TWIST2
0.000189665945290708	3.36181533438142	0.046	0.004	1	1	CELSR1
0.00376470568190753	3.30523180601505	0.017	0.001	1	1	HTR1E
0.00376470568190753	3.30523180601505	0.017	0.001	1	1	SAMD5
0.00376470568190753	3.30523180601505	0.017	0.001	1	1	CRP
0.000413755730265974	3.30523180601505	0.038	0.003	1	1	MDFI
0.00118809600592547	3.20569613246414	0.021	0.002	1	1	HLA-DRB1
0.00118809600592547	3.20569613246414	0.021	0.002	1	1	LOC138566937
0.000413755730265974	2.98330371112769	0.038	0.004	1	1	FBLN5
0.000646920704745821	2.98330371112769	0.05	0.006	1	1	EPS8L2
0.00376480170189377	2.98330371112769	0.017	0.002	1	1	AXIN2
0.0074043473857967	2.98330371112769	0.021	0.002	1	1	ADRB1
0.000197811576089612	2.89584086987735	0.079	0.016	1	1	TF
0.002445191599423	2.79065863318529	0.025	0.003	1	1	LOC138569608
0.002445191599423	2.79065863318529	0.025	0.003	1	1	LOC138581157
0.00376470568190753	2.72026930529389	0.017	0.002	1	1	VSIG10L
0.00376470568190753	2.72026930529389	0.017	0.002	1	1	ZNF513
0.00065526417322481	2.68374342926878	0.05	0.007	1	1	ST3GAL5
0.000770686608743094	2.67844912959927	0.092	0.037	1	1	LOC138580932
0.000261406469152582	2.66137561624032	0.059	0.01	1	1	KIAA0040
0.000807815458571325	2.66137561624032	0.029	0.004	1	1	ZFHX4
0.000653018792758572	2.56826621184884	0.059	0.01	1	1	FOXP4
0.00118804618098874	2.56826621184884	0.021	0.003	1	1	LAMA3
0.00418322295635423	2.56826621184884	0.042	0.005	1	1	LOC138488005
0.0074043473857967	2.56826621184884	0.021	0.003	1	1	TRIM15
0.000266988407884812	2.52387209249039	0.063	0.011	1	1	HSD17B14
0.000804886654144461	2.49787688395744	0.029	0.006	1	1	ARID5A
0.004157011085029	2.49787688395744	0.038	0.006	1	1	SFRP2
0.004157011085029	2.49787688395744	0.038	0.006	1	1	LOC138513697
0.002445191599423	2.46873053829793	0.025	0.004	1	1	SLITRK6
0.00957871455348265	2.46873053829793	0.025	0.004	1	1	PSMB9
0.00919275183673614	2.44273532976498	0.042	0.007	1	1	LOC138572102
0.000656522286826908	2.43076268809891	0.054	0.011	1	1	PHF21B
0.00153920883148677	2.43076268809891	0.054	0.011	1	1	PLCB3
0.000101748289658502	2.39834121040653	0.075	0.015	1	1	CPT1B
0.000191401805000774	2.39834121040653	0.046	0.007	1	1	SPATS2L
0.00048549426900574	2.32434062896275	0.075	0.015	1	1	LOC138489243
0.000260563028186366	2.26341163032042	0.067	0.014	1	1	EFHD1
0.00118804618098874	2.24633811696148	0.021	0.004	1	1	ARHGAP25
0.00170873919315256	2.24633811696148	0.046	0.008	1	1	FAM83D
0.00393350942113634	2.24633811696148	0.046	0.01	1	1	LOC138526072
0.0074043473857967	2.24633811696148	0.021	0.004	1	1	ZNF770
0.00388121594398709	2.22431181063148	0.046	0.011	1	1	SEPTIN12
0.002445191599423	2.20569613246413	0.025	0.005	1	1	TNXB
0.0073784650225818	2.20569613246413	0.021	0.004	1	1	GFRA1
0.00957871455348265	2.20569613246413	0.025	0.005	1	1	IL17RD
0.000653018792758572	2.18975458859511	0.059	0.013	1	1	LOC138453595
0.000158068226304238	2.15322871257	0.088	0.024	1	1	HCST
0.00475104871290555	2.14376838332093	0.063	0.016	1	1	AXL
0.004157011085029	2.13530680457274	0.038	0.007	1	1	TNFRSF18
0.00412294308808257	2.12080723487762	0.042	0.01	1	1	CKAP2
9.50194942780046e-05	2.07076655237803	0.059	0.016	1	1	NT5DC1
0.00314181930418732	2.06130622312896	0.075	0.018	1	1	PAQR6
0.000513349500822892	2.05730429257146	0.071	0.019	1	1	LOC138580471
0.00126272453297956	1.98330371112769	0.063	0.02	1	1	NFKBIE
0.002445191599423	1.98330371112769	0.025	0.006	1	1	DNA2
0.00919275183673614	1.98330371112769	0.042	0.011	1	1	CCDC200
0.00957871455348265	1.98330371112769	0.025	0.006	1	1	LOC138581074
0.00995989599835554	1.98330371112769	0.038	0.01	1	1	CDK6
0.00314181930418732	1.98330371112769	0.075	0.019	1	1	PRKAR2B
0.000103447509244887	1.90930312968391	0.067	0.019	1	1	GGA2
0.000591402040988569	1.90530119912641	0.067	0.017	1	1	CECR2
0.000108704579022791	1.9031333624437	0.117	0.037	1	1	LOC138583127
0.00889042971560875	1.89584086987735	0.063	0.016	1	1	CPVL
0.00156336376090402	1.88376803757677	0.054	0.015	1	1	BMP2
0.000285928450814798	1.85402069418272	0.109	0.031	1	1	RARRES1
0.000652482216018611	1.85205917784943	0.063	0.015	1	1	MDGA1
0.00118233051821564	1.83130061768264	0.067	0.019	1	1	LOC138468335
0.00377724562579246	1.83130061768264	0.071	0.019	1	1	VWA7
0.00233716408001553	1.82283903893444	0.067	0.019	1	1	MUC5B
9.81846739444936e-05	1.81980497884481	0.079	0.026	1	1	RASGEF1B
0.000642529252859284	1.81337870968537	0.059	0.018	1	1	LOC138520093
0.00728434191104203	1.79065863318529	0.05	0.016	1	1	CITED1
0.00957871455348265	1.79065863318529	0.025	0.007	1	1	WASF3
0.000549355360770591	1.78166984995804	0.067	0.02	1	1	JPH1
0.00052414501706799	1.77179960593398	0.071	0.022	1	1	CYBRD1
0.00118804618098874	1.76091128979124	0.021	0.005	1	1	CCDC106
0.008497160872668	1.76091128979124	0.046	0.013	1	1	ECRG4
0.00265480909424669	1.7353761976841	0.063	0.019	1	1	FAM89B
0.00026537028212003	1.72026930529389	0.059	0.018	1	1	OBSCN
0.00995989599835554	1.72026930529389	0.038	0.012	1	1	GLOD5
0.0065165841234816	1.70319579193495	0.054	0.016	1	1	CHEK2
0.0065165841234816	1.70319579193495	0.054	0.017	1	1	LOC138497456
0.002289763950742	1.6937970939327	0.067	0.022	1	1	CEACAM6
0.00739830095632429	1.68374342926878	0.05	0.016	1	1	CEBPG
0.000404079427229444	1.68074094110726	0.1	0.031	1	1	LSAMP
0.000154896977951016	1.67296359051554	0.092	0.025	1	1	LOC138511556
0.000384395747693917	1.67014582586806	0.126	0.041	1	1	LOC138515867
0.00830825636059564	1.66137561624032	0.046	0.015	1	1	GLT8D1
0.000464381133135433	1.63538040770738	0.075	0.025	1	1	LOC138487731
0.00298342598885895	1.63538040770738	0.117	0.043	1	1	GALNS
0.00939165014072547	1.63538040770738	0.042	0.013	1	1	TMT1A
0.0016100423172864	1.62073363174298	0.054	0.017	1	1	IRS4
0.00667978444602207	1.62073363174298	0.054	0.017	1	1	FBXO34
0.00542962388172688	1.61133493374073	0.113	0.044	1	1	MMP3
0.000300163446494213	1.59997507157618	0.092	0.031	1	1	MEAK7
0.000753866892186306	1.58902477201564	0.13	0.048	1	1	LPCAT2
0.000290720958244841	1.58737503479655	0.142	0.052	1	1	ACAP1
0.000988277732048383	1.58737503479655	0.075	0.022	1	1	CMKLR1
0.0017754656179892	1.58737503479655	0.075	0.025	1	1	PCYOX1
0.00222693899627469	1.58475433463741	0.084	0.03	1	1	ZC3H12B
0.000661959240937085	1.56826621184884	0.1	0.037	1	1	NETO2
0.002289763950742	1.56826621184884	0.067	0.024	1	1	ID2
0.00299774392123475	1.56826621184884	0.075	0.029	1	1	NRIP1
0.00233716408001553	1.54720459632101	0.067	0.023	1	1	NUPR1
0.00261144735537127	1.53192436478512	0.121	0.056	1	1	LOC138521045
0.000642529252859284	1.52387209249039	0.059	0.022	1	1	LOC138569807
0.00952213075836548	1.52387209249039	0.025	0.011	1	1	GRAMD1B
0.000106858416481356	1.51764013877887	0.155	0.058	1	1	N4BP1
0.00022895751304941	1.51381842782647	0.05	0.017	1	1	TNFAIP3
0.00365361132644436	1.51381842782647	0.05	0.018	1	1	CCDC13
0.00247686129818046	1.51381842782647	0.092	0.035	1	1	TXNRD2
0.00446668638606316	1.51381842782647	0.1	0.037	1	1	ULK4
0.00140535250671862	1.50525641432304	0.096	0.038	1	1	LOC138526789
9.35135737617231e-05	1.50369421055276	0.255	0.144	1	1	SERPINE1
0.000909438110418497	1.49787688395744	0.117	0.043	1	1	ARHGAP42
0.00298928743168711	1.49787688395744	0.059	0.021	1	1	LRP11
0.00408290629504831	1.49297808454461	0.142	0.056	1	1	FERMT3
0.00032146432342045	1.48734621646528	0.138	0.055	1	1	ME3
0.00144669880309745	1.4808033705985	0.096	0.034	1	1	LRP10
0.00393350942113634	1.4808033705985	0.046	0.017	1	1	LOC138525751
0.00957871455348265	1.46873053829793	0.025	0.01	1	1	BTK
0.00957871455348265	1.46873053829793	0.025	0.01	1	1	DZIP1L
0.000197311042092007	1.46483662219344	0.117	0.044	1	1	IFIT5
0.000194724947712258	1.46247154782625	0.088	0.028	1	1	THSD4
0.00293670252182043	1.45974175507067	0.059	0.021	1	1	KIAA0513
0.000293144461792199	1.42871485945005	0.121	0.049	1	1	GALC
0.00435304834877127	1.42871485945005	0.117	0.049	1	1	NISCH
0.00183452574890674	1.42387630251367	0.075	0.026	1	1	FOXM1
0.000206470964974989	1.41298798637093	0.13	0.049	1	1	MLLT3
0.000100535328126764	1.41214700993156	0.134	0.053	1	1	LOC138452633
0.000348693182435545	1.40956846582978	0.155	0.065	1	1	CD274
0.00093293465480843	1.39834121040653	0.075	0.031	1	1	MMP28
0.00130018785268482	1.39834121040653	0.109	0.042	1	1	CASP8
0.000623021225194225	1.39834121040653	0.063	0.022	1	1	BLM
0.00227186461989413	1.39834121040653	0.096	0.037	1	1	ENTPD8
0.00620411337242477	1.39834121040653	0.071	0.026	1	1	TIMP3
0.00314181930418732	1.3732502294437	0.075	0.03	1	1	SLC9B2
0.001493562442028	1.37186899904534	0.126	0.052	1	1	DTNB
0.00570888476405656	1.36439387848319	0.084	0.038	1	1	ANK3
0.00689381098668982	1.35527248851464	0.079	0.035	1	1	FBXO8
9.33468595181268e-05	1.35325332087799	0.146	0.066	1	1	TBC1D30
0.000661959240937085	1.34587379051239	0.1	0.041	1	1	FLNC
0.00117796739886451	1.34175768204016	0.1	0.04	1	1	KCTD3
0.00348488836843301	1.34175768204016	0.096	0.04	1	1	CERS2
0.000644567907537901	1.33944752135296	0.063	0.023	1	1	NCKIPSD
0.00269971190245656	1.33694066574239	0.092	0.037	1	1	MTHFR
0.000757105621801717	1.33122701454799	0.096	0.043	1	1	SNX8
0.000740007636908204	1.32619142465069	0.1	0.04	1	1	TNKS1BP1
0.00206298109435818	1.32434062896275	0.071	0.03	1	1	RACGAP1
0.00394530013664155	1.32033869840526	0.067	0.032	1	1	PMAIP1
0.00830825636059564	1.32033869840526	0.046	0.019	1	1	INO80B
0.00037112099703553	1.31345231282002	0.088	0.033	1	1	FCHSD1
0.00971835355153721	1.31345231282002	0.084	0.034	1	1	MAP3K14
0.00183995692706705	1.31011402739479	0.13	0.058	1	1	TMEM37
0.000455097242329054	1.29977737592294	0.109	0.05	1	1	MMP19
0.000679965694917373	1.29646159638732	0.142	0.066	1	1	ABR
8.99744697338359e-05	1.29364383173984	0.126	0.052	1	1	LY96
0.000362306954196767	1.28669585457762	0.176	0.09	1	1	NAV3
0.00220496416633103	1.26960789628433	0.096	0.042	1	1	RHBDD1
0.00203443667011114	1.26709667712828	0.109	0.048	1	1	ICAM4
0.00831008889019082	1.26709667712828	0.113	0.048	1	1	MAFG
0.00362085521272938	1.26507467954307	0.126	0.048	1	1	FANCC
0.000755891653640606	1.26201973919375	0.13	0.058	1	1	LOC138530138
0.000122878388781996	1.25291077088497	0.151	0.071	1	1	LOC138481675
0.00204299939703255	1.24633811696148	0.071	0.031	1	1	F2RL1
0.00850015995015546	1.24633811696148	0.096	0.04	1	1	VCPKMT
0.00366865106739825	1.24046155062481	0.117	0.057	1	1	SHISA6
0.000386480875003799	1.23914261555728	0.205	0.127	1	1	TNFAIP2
0.00103632344098757	1.23856076636976	0.134	0.061	1	1	CYP3A4
0.00276981871642376	1.23706030337347	0.121	0.053	1	1	GNS
0.00086867630099149	1.23484247812365	0.096	0.04	1	1	RHOBTB2
0.00265480909424669	1.22841620896422	0.063	0.028	1	1	AASDH
0.00393080376463284	1.22431181063148	0.092	0.042	1	1	PLK3
0.000132697460074863	1.21278555725045	0.13	0.055	1	1	C2CD2L
0.00871642551785187	1.21278555725045	0.063	0.026	1	1	PITPNM3
0.000979646607500337	1.21071420723076	0.092	0.04	1	1	MID1IP1
0.000124018230510798	1.20261673953216	0.155	0.067	1	1	CFDP1
0.00780349160559199	1.20194399760303	0.121	0.054	1	1	FANCI
9.82712320451729e-05	1.20089514620031	0.184	0.084	1	1	ADA
0.000218618090929313	1.1948078163214	0.205	0.093	1	1	CNDP2
0.00186421607411702	1.1948078163214	0.121	0.057	1	1	CYP46A1
0.00132869542476016	1.1812430887396	0.138	0.058	1	1	KIF22
0.000535540058394637	1.17594878907008	0.092	0.043	1	1	HEBP1
0.00265480909424669	1.17594878907008	0.063	0.029	1	1	SLC25A43
0.0084434850484545	1.1717488005408	0.176	0.084	1	1	DNAJB2
0.00323519481129674	1.17038926372818	0.142	0.066	1	1	MARCHF8
0.000395566052564008	1.16885936428376	0.117	0.049	1	1	RDH16
0.00152769100850936	1.16885936428376	0.117	0.052	1	1	ST3GAL3
0.00272836483856043	1.16772828226511	0.092	0.041	1	1	LOC138491604
0.00261776228902207	1.1661677682775	0.079	0.038	1	1	LRRCC1
0.000409222968780807	1.1651420341135	0.134	0.067	1	1	CYP4V2
0.00825800530970687	1.16018147321177	0.096	0.046	1	1	NUSAP1
0.000126113704756413	1.15839041768578	0.142	0.063	1	1	PRSS
0.00526849361644807	1.15733311090274	0.088	0.039	1	1	FAM219B
0.00011570055331218	1.14931366256662	0.188	0.077	1	1	AVL9
0.000307682717600289	1.14458461816075	0.197	0.096	1	1	PKD1
0.000943393787828834	1.14200145714674	0.092	0.04	1	1	GLCE
0.00184264058539495	1.14002921481514	0.13	0.061	1	1	LMBR1L
9.75361502807436e-05	1.13942291304497	0.146	0.07	1	1	NPL
0.00362678129353888	1.1385819366056	0.084	0.031	1	1	HSPB6
0.00145763484227501	1.13530680457274	0.059	0.028	1	1	CNNM2
0.0038726399116241	1.13140235011682	0.159	0.075	1	1	PDPR
0.00103369840964368	1.13086089954154	0.134	0.063	1	1	MGST1
0.000139878556668455	1.12850162666762	0.172	0.084	1	1	UBE2E2
0.00115768926737465	1.12416624696754	0.163	0.08	1	1	CRYL1
0.000154412600330706	1.12390204130049	0.238	0.13	1	1	MAP1LC3A
0.00994848878646077	1.11336425169206	0.109	0.05	1	1	ADAM33
0.00165906536117112	1.10883459321155	0.092	0.04	1	1	LOC138491940
0.00377724562579246	1.10883459321155	0.071	0.033	1	1	WDR76
0.00412399050590217	1.10461000734982	0.113	0.053	1	1	ITGB5
0.00280069246205288	1.10011737611044	0.151	0.083	1	1	ZNF451
0.00777272592507304	1.09433502351643	0.096	0.05	1	1	CENPC
0.0094329606023746	1.0902189150442	0.084	0.039	1	1	C1GALT1C1
0.000376262669664159	1.08713952211223	0.259	0.132	1	1	CORO7
0.00718360290207876	1.08713952211223	0.13	0.068	1	1	SNX5
0.000204130774061705	1.08458704696487	0.213	0.109	1	1	MOB3A
0.00463699053998737	1.0828393846786	0.109	0.055	1	1	QSOX1
0.00043147905687579	1.08148410506659	0.146	0.068	1	1	PAOX
0.00032237757786426	1.07951902638699	0.121	0.056	1	1	PLEKHM1
0.00823751258398634	1.0681926087142	0.134	0.067	1	1	USP46
0.00836618219705353	1.06576587131966	0.105	0.051	1	1	ANAPC1
0.00538320353341696	1.06273817862209	0.105	0.054	1	1	MTCH1
0.00161180595712997	1.05730429257146	0.213	0.113	1	1	EPB41L1
0.00159150025981854	1.05545349688352	0.142	0.075	1	1	RHBDF2
0.008651102255162	1.05485697215272	0.121	0.057	1	1	DBF4
0.000130664265739995	1.05169068610794	0.205	0.102	1	1	RECK
0.00469399870322844	1.05041790698622	0.134	0.065	1	1	NXT2
0.000142929571379268	1.04603946647565	0.188	0.091	1	1	RNF170
0.00943953158060222	1.03775149515006	0.1	0.053	1	1	E4F1
0.000361564290745555	1.03221331160863	0.222	0.115	1	1	SELENON
0.00251628678594741	1.02769783048614	0.113	0.062	1	1	TOM1
0.00757722508858282	1.02637243301957	0.067	0.032	1	1	MRS2
0.00722629462390595	1.02394569562503	0.067	0.036	1	1	WDR74
0.000142970413570879	1.02247430840836	0.209	0.107	1	1	XYLB
0.00109991071998517	1.02177785894232	0.213	0.113	1	1	DXO
0.00203622591814689	1.02110574384007	0.209	0.113	1	1	ATXN3
0.000245245455361643	1.0198295871528	0.159	0.071	1	1	DSP
0.000417104439350725	1.01863678423997	0.209	0.12	1	1	SH3BP5
0.000144439080869526	1.01698683738397	0.23	0.121	1	1	ADAM9
0.00680219611560693	1.01501257085503	0.092	0.044	1	1	CENPV
0.00701191345168591	1.01501257085503	0.092	0.044	1	1	SHCBP1
0.00650082246771371	1.01305105452174	0.172	0.093	1	1	NFKB2
0.00385576782886005	1.01027075872796	0.105	0.054	1	1	CTSO
0.00333495409095793	1.00929891966063	0.109	0.055	1	1	CAPN15
0.000484762017654554	1.00533001745769	0.121	0.06	1	1	OSBPL3
0.00429011669261133	1.00467736192025	0.126	0.068	1	1	TEX264
0.00628780353254593	1.00058170255952	0.163	0.083	1	1	GLIPR1
0.000651533561267486	0.999423376490963	0.176	0.089	1	1	LATS2
0.000267396101913628	0.99724290208556	0.188	0.098	1	1	CORO6
0.000319443334173392	0.99724290208556	0.18	0.094	1	1	DAPK2
0.00131486037593553	0.99724290208556	0.176	0.096	1	1	DPY19L1
0.00160963859120004	0.996978648024763	0.184	0.097	1	1	MTMR10
0.00022867035918579	0.996479099875419	0.213	0.103	1	1	SNX29
0.000247854872018204	0.983303711127687	0.213	0.117	1	1	LMBRD2
0.000320682159665547	0.983303711127687	0.251	0.125	1	1	DPP3
0.00320933402265905	0.983303711127687	0.117	0.063	1	1	CCZ1
0.00919032673337301	0.983303711127687	0.084	0.044	1	1	SLC50A1
0.000138050221921	0.983303711127687	0.222	0.12	1	1	HIVEP1
9.09510830160267e-05	0.983303711127686	0.268	0.147	1	1	ARID5B
0.00103894983007324	0.983303711127686	0.159	0.083	1	1	DCAF6
0.00261776228902207	0.983303711127686	0.079	0.043	1	1	CSNK1G2
0.00325515331478525	0.983303711127686	0.151	0.077	1	1	TRMT1L
0.00707518665748429	0.983303711127686	0.067	0.039	1	1	LOC138450226
0.00738018777103422	0.983303711127686	0.067	0.034	1	1	LOC138453542
0.00744700445451005	0.983303711127686	0.109	0.053	1	1	TRIP4
0.00494067602182909	0.983303711127686	0.063	0.03	1	1	CCDC138
0.00494067602182909	0.983303711127686	0.063	0.03	1	1	MGP
0.000433493913386805	0.975036095144086	0.251	0.135	1	1	HMGA1
0.000271611105815575	0.968948418150616	0.201	0.098	1	1	VAC14
0.00933025943301415	0.968656935163285	0.155	0.088	1	1	SLC9A9
0.000516884743999348	0.966230197768745	0.167	0.084	1	1	CDK5RAP2
0.00391460392339445	0.965816284398845	0.151	0.084	1	1	SEPTIN2
0.000666713741063218	0.965156364417427	0.276	0.151	1	1	CBR1
0.0028705257929909	0.963938386260755	0.138	0.072	1	1	GPSM2
0.000111233612470986	0.963404153689982	0.146	0.072	1	1	GEMIN6
0.00137390221957351	0.960403309017608	0.297	0.199	1	1	SEMA7A
0.00118343308841487	0.959844738303698	0.218	0.113	1	1	TENT5B
0.000280067784783142	0.959456969173319	0.23	0.115	1	1	ASXL2
0.00837141197299215	0.957308502594742	0.209	0.108	1	1	DUS2
0.000161761028597847	0.956831499766496	0.293	0.154	1	1	GON4L
0.000280537465417471	0.955822974705579	0.192	0.109	1	1	THADA
0.000491103922999244	0.954734558930916	0.184	0.096	1	1	CTDSP1
0.00195044187849542	0.953902794687127	0.377	0.271	1	1	PLIN2
0.00789065231973697	0.950882233435309	0.088	0.046	1	1	ZNF438
0.00108528955698498	0.949356379204349	0.159	0.084	1	1	MAP1S
0.000406571512945153	0.94853829296701	0.163	0.088	1	1	BCL2L13
0.00226641983764026	0.94853829296701	0.155	0.083	1	1	BRD10
0.00465241774496085	0.947679801396965	0.155	0.085	1	1	GLMP
0.00239163930293682	0.94482956331305	0.142	0.074	1	1	GNG7
0.000152671697262276	0.943039840913959	0.209	0.111	1	1	FOCAD
0.00774097740735684	0.94266172663034	0.13	0.071	1	1	PEAR1
0.000334518771678215	0.942276442867632	0.205	0.103	1	1	NDFIP2
0.00175158696770411	0.94148353543306	0.192	0.098	1	1	URI1
0.00940268818416667	0.938909591769233	0.192	0.122	1	1	FTL
0.0090659599277834	0.937500021514562	0.117	0.065	1	1	TBC1D8B
0.00719348636312965	0.93439411064674	0.192	0.113	1	1	PTPN14
0.00332872683852369	0.932677638057719	0.054	0.03	1	1	TPP1
0.00533264791172756	0.932677638057718	0.151	0.085	1	1	ZBTB4
0.00644347087773803	0.932677638057718	0.155	0.085	1	1	USP42
0.0042602474010155	0.931464779608068	0.142	0.079	1	1	CTTNBP2NL
0.00522772038673384	0.930836291233551	0.096	0.055	1	1	HMCN2
0.00065526417322481	0.92885592710531	0.05	0.026	1	1	SHISA4
0.00739830095632429	0.92885592710531	0.05	0.028	1	1	RNF13
0.000130155697156808	0.927450476394169	0.285	0.179	1	1	ATF3
0.00111740606574272	0.924410022074118	0.218	0.12	1	1	P2RX7
0.0082323817625426	0.924410022074118	0.138	0.071	1	1	ANGPTL4
0.000550824409868707	0.921903166463543	0.092	0.049	1	1	LOC138567343
0.00103701337965255	0.921375961984485	0.209	0.111	1	1	SLC25A22
0.00663313638577401	0.921375961984485	0.192	0.12	1	1	DENND4B
0.00194231707602114	0.919173373707971	0.088	0.048	1	1	TPST1
0.000261818146960899	0.919173373707971	0.205	0.112	1	1	STAT6
0.00868936171894364	0.919173373707971	0.126	0.071	1	1	SFT2D2
0.000393803175019443	0.91482397324492	0.255	0.149	1	1	ABHD17B
0.00126905676237521	0.914262066698035	0.188	0.106	1	1	CLIP1
0.00345219251909969	0.90930312968391	0.146	0.083	1	1	SUPT5H
0.00554033003934713	0.90930312968391	0.213	0.12	1	1	GANAB
0.00223319037368987	0.908535942725714	0.155	0.074	1	1	PCBP3
0.00151824481599797	0.907354857894388	0.146	0.077	1	1	PRKCD
0.00023316159904213	0.905301199126413	0.218	0.115	1	1	MAN2B1
0.00100759804723511	0.903576518656952	0.167	0.09	1	1	USP8
0.00366448587469296	0.903133362443703	0.142	0.073	1	1	TAPBPL
0.00029533828427659	0.902813793267319	0.23	0.125	1	1	MBD2
0.00246102720939695	0.899239446339212	0.192	0.104	1	1	LAMTOR1
0.00608662550649921	0.897573837101802	0.18	0.108	1	1	PHYH
0.000723237359397196	0.897403637722039	0.385	0.273	1	1	MARCKSL1
0.00147216110260755	0.895840869877347	0.159	0.088	1	1	RUFY1
0.0024934085431133	0.895840869877347	0.126	0.063	1	1	FTO
0.00105487768338491	0.89366649864301	0.142	0.083	1	1	FBXL20
0.000563103875473846	0.891381221686647	0.151	0.079	1	1	PTPN3
0.00509171563294461	0.891381221686647	0.155	0.081	1	1	DHX29
0.0022966269323379	0.886442171875097	0.142	0.077	1	1	SRC
0.00383007502419232	0.883768037576772	0.176	0.103	1	1	SIK2
0.00970002875539724	0.883768037576772	0.084	0.044	1	1	FAM133B
0.00463107310513679	0.883768037576772	0.126	0.07	1	1	JMY
0.00841871251642557	0.878967051312951	0.075	0.042	1	1	MSH3
0.00739830095632429	0.876388507211175	0.05	0.029	1	1	IRF2BP1
0.000115038689121201	0.876388507211175	0.276	0.164	1	1	VMA21
0.00898880801431547	0.875243965270233	0.176	0.094	1	1	ANGEL2
0.00190377517148758	0.872272398738942	0.188	0.109	1	1	SMYD2
0.000214513951342842	0.871410831056789	0.326	0.19	1	1	IDE
0.000942941469380175	0.870828981869274	0.255	0.152	1	1	ASXL1
0.00036644013338929	0.86782649370775	0.238	0.141	1	1	SP140
0.000674620527030299	0.86782649370775	0.188	0.101	1	1	CERS3
0.00202471592251006	0.86782649370775	0.188	0.107	1	1	EAF2
0.00401425642417058	0.86782649370775	0.218	0.116	1	1	PHTF2
0.00213628481137251	0.86573411474651	0.18	0.112	1	1	GAB1
0.000478991319008739	0.864362638404179	0.226	0.138	1	1	PPP1R12B
0.00401847695264283	0.864004782755342	0.218	0.122	1	1	RAB21
0.00344728564752321	0.861313186749076	0.272	0.179	1	1	PARD3B
0.00568122664915765	0.854979614152147	0.155	0.093	1	1	EPB41L3
0.00149011231933818	0.85402069418272	0.126	0.068	1	1	PITPNA
0.00889042971560875	0.85402069418272	0.063	0.035	1	1	B3GALT4
0.00891056221177396	0.852907073872011	0.138	0.084	1	1	SPOP
0.00113127024980496	0.850037180264222	0.213	0.129	1	1	ZNF644
0.000308244785671169	0.849210815540403	0.264	0.147	1	1	RNF216
0.000747307914578853	0.84764861177012	0.243	0.147	1	1	LOC138528830
0.00864339829015805	0.845800187377752	0.159	0.098	1	1	TBC1D10A
0.000108316826711802	0.845800187377751	0.259	0.151	1	1	EIF4A2
0.0023214402608671	0.845800187377751	0.134	0.077	1	1	PBK
0.0089126092239348	0.839712857498836	0.163	0.09	1	1	CEP250
0.000785889639377329	0.839467938554035	0.218	0.122	1	1	TMTC1
9.22769874616975e-05	0.839337936748055	0.28	0.165	1	1	TMEM87A
0.000994381552201266	0.839202485143328	0.381	0.236	1	1	DNAJC13
0.000339428434663328	0.83392608708946	0.209	0.119	1	1	RCN2
0.000280473500230034	0.832523758952078	0.23	0.131	1	1	NLK
0.00113838347502214	0.832139637794036	0.293	0.183	1	1	CMIP
0.00289620045070904	0.831300617682636	0.167	0.095	1	1	MORC3
0.00308331717749721	0.831300617682636	0.18	0.099	1	1	ZNF219
0.000162220083944345	0.828025485649776	0.243	0.141	1	1	COG3
0.00290089020791902	0.824605965108628	0.176	0.096	1	1	USHBP1
0.00294051565114758	0.823432374349297	0.238	0.137	1	1	FAM98A
0.000791289707202636	0.82283903893444	0.197	0.115	1	1	MINPP1
0.0031466874754279	0.822148919313106	0.201	0.122	1	1	COX20
0.00108365821862714	0.821665320870335	0.301	0.195	1	1	PARP14
0.00727148146698497	0.821032282228809	0.079	0.048	1	1	OXNAD1
0.00106571175426517	0.821032282228809	0.285	0.178	1	1	NFAT5
0.00401636398900988	0.821032282228809	0.159	0.093	1	1	ZDHHC6
0.00551893273451341	0.821032282228809	0.167	0.095	1	1	GUSB
8.47971446872421e-05	0.820167875348013	0.427	0.278	1	1	SFT2D1
0.00551241016197179	0.81932797601656	0.201	0.115	1	1	NADK
0.00803880306248984	0.81932797601656	0.201	0.115	1	1	FN3K
0.00224333089050906	0.817717645409711	0.151	0.086	1	1	XPO4
0.00449426357909721	0.817717645409711	0.134	0.085	1	1	VCF1
0.000428742843483844	0.817494818157606	0.264	0.16	1	1	HDAC8
0.00236652967970825	0.817293759688757	0.163	0.094	1	1	HEXB
0.00140348775897863	0.816653841718235	0.197	0.113	1	1	IFNAR2
0.000222271811336618	0.813378709685374	0.18	0.099	1	1	DCLK2
0.00101620633299743	0.813378709685374	0.251	0.161	1	1	HOMER3
0.00215112372846267	0.813378709685374	0.163	0.087	1	1	AGPAT5
0.00398912870788203	0.813378709685374	0.113	0.065	1	1	MAP2K6
0.00785461966911889	0.813378709685374	0.159	0.088	1	1	LOC138580359
0.000256122353365944	0.811760431286991	0.339	0.213	1	1	LOC138526850
0.000699896568924912	0.810664324988338	0.226	0.129	1	1	LIMD1
0.00570272707732463	0.810239002154807	0.172	0.111	1	1	ALDH5A1
0.00222906976249053	0.80880597989555	0.134	0.074	1	1	DTX2
0.00969035688177957	0.807453875728269	0.264	0.162	1	1	SMC4
0.00477338088288349	0.806980938487223	0.18	0.112	1	1	ATP6AP1
0.0004356508738865	0.806425949043607	0.176	0.097	1	1	PHF19
0.000297000649569274	0.805516591912404	0.23	0.137	1	1	SNX1
0.00803226817763963	0.803980011683124	0.13	0.072	1	1	MMS22L
0.00351131385064795	0.803268682040533	0.293	0.171	1	1	SERPINH1
0.0030397926293758	0.800081887071916	0.18	0.108	1	1	ZNF729
0.00594765803907487	0.798879139990259	0.213	0.123	1	1	PTTG1IP
0.00193655320254679	0.797207419014228	0.226	0.149	1	1	EMP1
0.00245223227997234	0.794858621714576	0.167	0.095	1	1	HERPUD2
0.00609445412712022	0.794858621714576	0.159	0.103	1	1	SECISBP2L
0.00698612686285792	0.793479152247669	0.126	0.074	1	1	DNAJC16
0.00964368839884731	0.793479152247669	0.126	0.072	1	1	RNF8
0.000765924380779582	0.792005058892807	0.36	0.235	1	1	ARRDC2
0.000518479840262243	0.791772253495999	0.276	0.18	1	1	SYNE2
0.000532129263760197	0.790658633185291	0.222	0.126	1	1	RFC1
0.00142559898262837	0.790658633185291	0.201	0.122	1	1	TYMS
0.00727590584168017	0.790658633185291	0.201	0.126	1	1	NAA30
0.00886477323359201	0.790658633185291	0.113	0.065	1	1	CDK2
0.000240107495995235	0.789622586432766	0.31	0.194	1	1	ATP6V0D1
0.00426018922972927	0.789131163438697	0.226	0.134	1	1	RIPK2
0.000111774124951659	0.789034890705626	0.318	0.205	1	1	FOSB
0.000438156610952645	0.788800686964708	0.339	0.206	1	1	VPS35
0.00359207139000541	0.788287728722544	0.155	0.09	1	1	INO80C
0.00475049514308081	0.788287728722544	0.146	0.089	1	1	ZBTB44
0.00204000635411448	0.78775290200988	0.31	0.196	1	1	SRGAP1
0.00060050761720421	0.787516646373408	0.305	0.193	1	1	RANBP9
0.00408010938710791	0.786503003693979	0.226	0.148	1	1	SLC3A2
0.00132257847208538	0.783366140618934	0.151	0.078	1	1	MGAT4B
0.00018912428698745	0.783005060641855	0.18	0.107	1	1	HPS5
0.00165121347958101	0.782606360890558	0.243	0.142	1	1	ATG4B
0.000218654042839899	0.780995535834571	0.331	0.204	1	1	WDFY1
0.000171924272093605	0.780211845750175	0.305	0.182	1	1	XPO1
0.00983756583753996	0.7789452126215	0.188	0.101	1	1	MUC17
0.00161272654808872	0.77685283366026	0.335	0.22	1	1	ADGRA2
0.00344804932615363	0.77685283366026	0.205	0.113	1	1	PIK3C2A
0.000954411037820932	0.774904561870738	0.276	0.166	1	1	POU2F1
0.00147770737719894	0.774717089316269	0.176	0.102	1	1	ZNF362
0.000196511758253675	0.773086003737341	0.209	0.119	1	1	ENOPH1
0.00299922871605288	0.772736725188028	0.247	0.161	1	1	RAB5C
0.00484281100707526	0.771799605933975	0.151	0.085	1	1	PLEKHM2
0.00138860845062656	0.768290820156836	0.347	0.235	1	1	UBE3A
0.0018358666289058	0.766985804200923	0.247	0.152	1	1	PRSS16
0.00023803304572202	0.766728616386553	0.268	0.16	1	1	CTR9
0.000105117169917674	0.765886105206531	0.301	0.19	1	1	APBB1
0.00112878918187959	0.765398680783552	0.184	0.101	1	1	NMT2
0.00462948459547453	0.765398680783552	0.176	0.107	1	1	UBE2H
0.00141671519448712	0.764135190665525	0.234	0.143	1	1	MAP3K1
0.00908637696327478	0.760911289791238	0.243	0.15	1	1	KPNA6
0.000475393699974389	0.760911289791238	0.218	0.131	1	1	TMED5
0.00359207139000541	0.755497793604874	0.155	0.091	1	1	SCAMP4
0.000947475198861952	0.755275755121806	0.427	0.295	1	1	PARD3
0.00399287059221656	0.753821865004919	0.113	0.069	1	1	CCDC134
0.00616263176369844	0.753006091705892	0.201	0.117	1	1	ZNF391
0.00172069164775871	0.752523504298519	0.184	0.114	1	1	CEP192
0.00701191345168591	0.751978165021231	0.092	0.053	1	1	ANKMY2
0.00937304201210896	0.750642954337411	0.272	0.171	1	1	ZMYM4
0.000265128964779703	0.748838457490664	0.259	0.158	1	1	MFSD13A
0.00122129621705501	0.746264513826837	0.113	0.065	1	1	VAMP7
0.000405048172907682	0.74451685154057	0.188	0.113	1	1	PIP5K1A
0.000116758341478237	0.743728278117881	0.46	0.322	1	1	TIMP2
0.000207238935121257	0.742295611623892	0.243	0.152	1	1	PHF14
0.000730407338691663	0.742295611623891	0.213	0.119	1	1	FAM135A
0.00111919339830669	0.742295611623891	0.134	0.078	1	1	TMCO3
0.00653659576183618	0.741415114165441	0.213	0.146	1	1	CRTC1
0.00381299527769041	0.737547296725728	0.142	0.078	1	1	IMP3
0.00292964813798968	0.737143123858289	0.167	0.098	1	1	WDR47
9.01234935065114e-05	0.735376197684101	0.402	0.251	1	1	CDC42BPA
0.00113860770901638	0.735376197684101	0.322	0.202	1	1	KPNA3
0.00417650694505258	0.734131958675638	0.222	0.142	1	1	SERINC3
0.00235546802948119	0.732342137594468	0.192	0.117	1	1	CHD8
0.00420509592449777	0.73069667674423	0.293	0.179	1	1	SETD1A
0.00504465898645177	0.73053764074772	0.172	0.111	1	1	ITPRIP
0.00075992152505212	0.729547118881903	0.28	0.186	1	1	YTHDF2
0.00740074936985657	0.728730884042089	0.205	0.139	1	1	SLC38A10
0.000344767131516225	0.72764883565949	0.347	0.21	1	1	MTMR3
0.00514562839608733	0.726528295765575	0.268	0.177	1	1	UGGT1
0.00604158976402113	0.723659894494667	0.259	0.163	1	1	RUFY3
0.000261878619690456	0.722651956604887	0.343	0.221	1	1	CYTH1
0.00394026641180878	0.721917158175375	0.264	0.167	1	1	CHD3
0.00683479247995746	0.721917158175375	0.264	0.168	1	1	VPS41
0.000693749159559155	0.721562622315413	0.331	0.208	1	1	KDM2B
0.00263962217273447	0.720269305293892	0.218	0.141	1	1	ZFC3H1
0.00284497678316821	0.720269305293892	0.318	0.205	1	1	RALGPS2
0.00466423973918439	0.720269305293892	0.176	0.108	1	1	EDRF1
0.00476895166101085	0.71970231961519	0.456	0.362	1	1	EPPK1
0.00191191136592465	0.718600484933274	0.272	0.167	1	1	WASF2
0.00255058781828644	0.717023645790238	0.151	0.088	1	1	TOLLIP
0.00340281379564342	0.711224165690886	0.209	0.129	1	1	SHMT1
0.00501073441782429	0.709380989151156	0.209	0.131	1	1	CPD
0.000619577581231889	0.708443869897103	0.293	0.179	1	1	IGF2R
0.00375741417158582	0.707669268514259	0.226	0.134	1	1	FAM98B
0.00663645246140444	0.707179305853449	0.377	0.271	1	1	DPYSL3
0.0066438799812859	0.706463505768862	0.197	0.123	1	1	ZDHHC8
0.00697024882244988	0.70619412008217	0.293	0.195	1	1	OTUD4
0.00145935368035507	0.705769735598778	0.259	0.156	1	1	DGCR8
0.00148594192172707	0.705769735598778	0.243	0.159	1	1	DERL1
0.00341353769681433	0.704231095202121	0.301	0.183	1	1	FKBP15
0.00504488324075317	0.704231095202121	0.285	0.177	1	1	LYL1
0.00416814526848374	0.70201760073767	0.272	0.17	1	1	NRBP1
9.0008745920326e-05	0.699000688540241	0.351	0.216	1	1	OSBPL8
0.000323471189216655	0.697185692180851	0.485	0.329	1	1	SERPINB6
0.000116488087048302	0.696422563339525	0.285	0.171	1	1	WWTR1
0.000301087626871582	0.695914034944803	0.322	0.199	1	1	ZNRF1
0.00154932179515367	0.695727121031101	0.393	0.261	1	1	MCC
0.00815637099671195	0.693797093932702	0.209	0.13	1	1	TGFBR1
0.00505188841973127	0.692788568871786	0.23	0.151	1	1	NEK6
0.00500218918086523	0.692626550224764	0.218	0.132	1	1	MGAT5
0.000438934806670332	0.690852817317158	0.314	0.213	1	1	CD164
0.00281429515605491	0.689572508070976	0.222	0.145	1	1	STAT3
0.00319929101113324	0.686037670474593	0.234	0.145	1	1	FAM3C
0.00576876795917653	0.684645395563171	0.188	0.126	1	1	LOC138569992
0.000240134697074804	0.684459229353366	0.393	0.271	1	1	WDR26
0.00149083214214914	0.681413369476869	0.222	0.141	1	1	CEP85L
0.000485689964804151	0.680740941107255	0.234	0.141	1	1	SNX14
0.00209193769241737	0.680740941107255	0.226	0.145	1	1	LRPPRC
0.00249668259795094	0.679911567677752	0.314	0.214	1	1	PPP1R13B
0.00401623215516229	0.679754145555179	0.272	0.176	1	1	KDM5A
0.004900373737226	0.677801164153435	0.197	0.131	1	1	CSK
0.000799021706813872	0.675636309365494	0.234	0.151	1	1	NUCB1
0.00304780634046177	0.675519798560594	0.276	0.178	1	1	PPP1R15A
0.00163558704620721	0.675181415765354	0.318	0.202	1	1	CAND1
0.000732869426922177	0.673975653019958	0.184	0.114	1	1	TLE1
0.000458443369993002	0.67226393238306	0.444	0.301	1	1	TMEM109
0.001915089576099	0.671359704812946	0.213	0.14	1	1	CRYBG1
0.00348819315931611	0.671359704812946	0.218	0.139	1	1	PC
0.000955648529169452	0.67071348081966	0.205	0.134	1	1	NFKB1
0.00655005821289066	0.667276217680008	0.184	0.12	1	1	MAN1B1
0.000465968081769368	0.667044366327016	0.343	0.238	1	1	ZFAND3
0.00502437067657114	0.666446605787746	0.197	0.132	1	1	STAT1
0.000100659018640695	0.665754056750898	0.414	0.267	1	1	LYST
0.00392882894611807	0.665688609111407	0.238	0.158	1	1	RAB11A
0.00803369540858045	0.665032639848413	0.28	0.193	1	1	PPM1F
0.00480734756395155	0.661375616240324	0.289	0.186	1	1	MAN2A1
0.00392042446205445	0.661375616240324	0.188	0.121	1	1	STXBP2
0.00715866929303859	0.661375616240324	0.28	0.194	1	1	ATP6AP2
0.00723453530994881	0.661375616240324	0.331	0.223	1	1	PRP4K
0.000107584265766109	0.661375616240324	0.523	0.371	1	1	CYSLTR1
0.00342681824558991	0.658778504754285	0.331	0.222	1	1	NAV2
0.000818930751136363	0.657903424333519	0.297	0.202	1	1	STAG2
0.00269335958128631	0.657817796827135	0.276	0.192	1	1	ACTR1A
0.00399377313718022	0.65772783922518	0.285	0.186	1	1	NEDD4L
0.00186320265227023	0.655499049903655	0.46	0.311	1	1	ATP6V1A
0.00466288986026308	0.65238683301307	0.238	0.153	1	1	SETDB1
0.00227668068949971	0.651894563229439	0.343	0.216	1	1	USP14
0.00064606558403801	0.651789567411126	0.234	0.151	1	1	GOSR1
0.000974398755923492	0.651460147375241	0.322	0.213	1	1	NT5C1B
0.000812845620409627	0.650728372040815	0.305	0.187	1	1	AP2A2
0.00454854117383793	0.650320427731328	0.293	0.221	1	1	KLF2
0.00106551147817308	0.650135865136562	0.46	0.376	1	1	LOC138521839
0.00257958204797205	0.648884672057127	0.259	0.16	1	1	G6PD
0.000112057242261045	0.647700679343247	0.305	0.204	1	1	DPM1
0.00678762295882763	0.646778240027366	0.234	0.143	1	1	MROH1
0.00245523174183464	0.646654110533558	0.272	0.184	1	1	TPD52
0.00949173695546655	0.645722351928839	0.222	0.138	1	1	UBXN4
0.000367871033173515	0.645255950877047	0.28	0.198	1	1	DVL1
0.00716387022396566	0.643993538012088	0.393	0.28	1	1	OSBPL9
0.000351017453750216	0.642266793292619	0.335	0.218	1	1	BAG6
0.00694790809739411	0.640415997604678	0.159	0.106	1	1	PHF13
0.000662891340334893	0.640269983228672	0.347	0.234	1	1	UPF1
0.000243669786495973	0.640072103032102	0.418	0.283	1	1	RPN2
0.000623214034360423	0.639349309910325	0.105	0.065	1	1	MEX3A
0.000281757847987931	0.638858179678896	0.322	0.213	1	1	ADAR
0.0028469977425405	0.638168225078999	0.264	0.183	1	1	ADAM17
0.00202359424819233	0.637128069993647	0.222	0.144	1	1	PLD2
0.00376042517158586	0.636138324741301	0.247	0.168	1	1	MAF1
0.00163284145107765	0.635840524133187	0.372	0.26	1	1	ZFAND5
0.000622146830238664	0.634575556896609	0.255	0.156	1	1	RARS1
0.0092512090717059	0.633894879818217	0.356	0.238	1	1	DIAPH1
0.00322342634578444	0.633719273337459	0.331	0.212	1	1	TRAPPC9
0.000759441242187256	0.633719273337459	0.121	0.081	1	1	BSDC1
0.00340272264693907	0.633719273337459	0.226	0.152	1	1	SYAP1
0.00263745591687609	0.632229270580808	0.343	0.234	1	1	TMEM59
0.00589342714860252	0.631001967196806	0.188	0.116	1	1	ABCA5
0.00417038815684926	0.631001967196805	0.326	0.217	1	1	USP32
0.00350563461328078	0.629666756512986	0.213	0.134	1	1	PLEKHO1
0.00356521508899943	0.628770950808397	0.255	0.17	1	1	ANKRD52
0.00160688156117884	0.628638829828325	0.393	0.287	1	1	RRBP1
0.0042525926983177	0.628638829828325	0.234	0.147	1	1	LMBRD1
0.000831304593043781	0.626511352884796	0.402	0.289	1	1	MGAT4D
0.0033528563652738	0.624222617822858	0.18	0.111	1	1	KMT5B
0.00635839563750405	0.623633522248773	0.301	0.203	1	1	PAN3
0.00178580539294079	0.623407766041303	0.377	0.259	1	1	GNAL
0.00607495248023227	0.620733631742978	0.184	0.117	1	1	KMT2E
0.0069362738905751	0.620733631742978	0.418	0.317	1	1	ARL1
0.00711424850197107	0.620733631742978	0.251	0.17	1	1	PYCR1
0.0098676116044582	0.617654238811006	0.276	0.197	1	1	SCCPDH
0.00423922837357459	0.617654238811006	0.209	0.128	1	1	CNOT7
0.00185224436883006	0.613465631278939	0.289	0.19	1	1	IFI44
9.86393619352848e-05	0.613036081968865	0.431	0.305	1	1	TCF12
0.00569028068053149	0.611334933740729	0.205	0.125	1	1	CRTC2
0.000209786416878995	0.609845315600242	0.448	0.295	1	1	CD151
0.00432923452445466	0.609845315600242	0.159	0.102	1	1	MGAT3
0.00949255119539288	0.609845315600242	0.172	0.115	1	1	SPRYD7
0.00026905736293851	0.609066742974282	0.41	0.267	1	1	MICAL3
0.00310231048966108	0.606740359663478	0.213	0.15	1	1	UBE2G2
0.00150210038164902	0.606449405736731	0.255	0.164	1	1	AP2S1
0.00812753442680215	0.605998859203951	0.318	0.228	1	1	PUM2
0.00066701582063893	0.605740917267505	0.381	0.27	1	1	SCAF8
0.00171260798878413	0.603715047853133	0.351	0.247	1	1	PARP12
0.0064446057832229	0.603455640311143	0.28	0.202	1	1	FNBP1
0.000980319473029552	0.602793894977113	0.368	0.255	1	1	CHD9
0.00838831559439264	0.60221354377218	0.167	0.114	1	1	PPP4R3B
0.002238832672792	0.601874604491663	0.151	0.098	1	1	UFL1
0.00404862455312426	0.598639860892361	0.301	0.216	1	1	HDAC4
0.00048418946650727	0.597650018629937	0.381	0.265	1	1	MCL1
0.000709833995200584	0.595941170291691	0.406	0.279	1	1	SLC12A6
0.000447075565280467	0.595699441971955	0.259	0.174	1	1	KIF1C
0.00164510638099576	0.594606604027623	0.264	0.185	1	1	SEMA6A
0.0033131065591496	0.594483732585153	0.377	0.26	1	1	ATF5
0.00155490661521008	0.594261420381787	0.167	0.112	1	1	DNAJC5G
0.0032857275888542	0.593892019524337	0.251	0.171	1	1	ZNF91
0.00255647821342111	0.593233127365418	0.456	0.33	1	1	MACROH2A2
0.000822273272686298	0.592844234569508	0.285	0.192	1	1	ACO1
0.000267983059161003	0.592389006049017	0.339	0.233	1	1	CBX5
0.000620673039815461	0.592283092967378	0.368	0.239	1	1	ARID2
0.00891481807846655	0.590986288348926	0.238	0.165	1	1	STARD8
0.000154728220285227	0.590158817697685	0.301	0.207	1	1	CACYBP
0.00108172732264013	0.588165769286548	0.268	0.183	1	1	EDEM1
0.00387303569669837	0.587375034796547	0.218	0.147	1	1	TMEM248
0.000678994625380564	0.587002774430428	0.477	0.352	1	1	XPO5
0.0037917067842084	0.584754334637411	0.272	0.192	1	1	KDM3B
0.00671937812743092	0.584754334637411	0.18	0.112	1	1	KCNK6
0.0096997082675602	0.584754334637411	0.205	0.134	1	1	LACTB
0.00226156873583206	0.584132617307864	0.268	0.198	1	1	UBL3
0.000565641824429152	0.583606757983328	0.423	0.286	1	1	KDM6B
0.00503712004619296	0.582765781543958	0.414	0.301	1	1	PRRC2A
0.000380960854736325	0.581941148745919	0.368	0.26	1	1	GARRE1
0.00440067774801762	0.581787351502461	0.264	0.17	1	1	LAMTOR3
0.00282312625166332	0.580179533392343	0.285	0.196	1	1	EWSR1
0.00199471119695301	0.579333515751679	0.498	0.392	1	1	ODC1
0.00288974558061446	0.578913456048351	0.243	0.162	1	1	MAP4K3
0.00190885710590863	0.578549185110704	0.318	0.212	1	1	ERI3
0.000237487783678586	0.577162612337239	0.54	0.371	1	1	RSRP1
0.000888863800829626	0.576678451665043	0.176	0.111	1	1	DSTYK
0.009014538728147	0.576128329621813	0.18	0.122	1	1	WDR20
0.000129349087379373	0.574498165560357	0.318	0.207	1	1	KDM4B
0.0013174550075792	0.573019741819477	0.268	0.193	1	1	CNOT3
0.00017409554970651	0.571877465401221	0.452	0.31	1	1	NCOA2
0.00462984347362963	0.571672813292092	0.205	0.135	1	1	ATG13
0.00843742513298543	0.571672813292092	0.213	0.134	1	1	DOCK7
0.00175818068077274	0.571578945889679	0.356	0.27	1	1	HM13
0.00022394687041571	0.570610152317142	0.297	0.197	1	1	ZNF420
0.00306767928544273	0.570052831322857	0.368	0.252	1	1	FIP1L1
0.00218088737287782	0.568266211848843	0.397	0.266	1	1	MYCBP2
0.00225988704630843	0.568266211848842	0.218	0.14	1	1	B3GALT5
0.00549149793583053	0.565895307386096	0.293	0.201	1	1	CCDC6
0.00628799350867682	0.565692268185016	0.251	0.172	1	1	ZNF25
0.00121946855841681	0.564991079815981	0.222	0.143	1	1	PPP2R1A
0.00745452778423467	0.564899360750444	0.368	0.256	1	1	TSPAN3
0.000343788395526038	0.564802356545271	0.201	0.132	1	1	SART3
0.00998833510443677	0.563927276124505	0.297	0.205	1	1	AFF1
0.000323952226183891	0.559804633100646	0.301	0.208	1	1	NF1
0.00185278931629014	0.558418425892495	0.293	0.194	1	1	WAPL
0.000721067818147376	0.557871040486464	0.41	0.284	1	1	LOC138472955
0.00865020569045662	0.557696970138655	0.201	0.137	1	1	UBQLN1
0.00533240681872993	0.557038956425589	0.439	0.325	1	1	PRKAA1
0.00582961967615869	0.552146546485566	0.314	0.228	1	1	FOXK2
0.00513729403708505	0.551457924162289	0.318	0.229	1	1	RASA1
0.000104136453929031	0.547419426943239	0.481	0.33	1	1	JAK1
0.00575558378272492	0.547340372994294	0.561	0.429	1	1	LYVE1
0.000278346722012449	0.546863735116618	0.343	0.224	1	1	SSH2
0.00148277088349008	0.545898398820388	0.393	0.308	1	1	CALU
0.0065165841234816	0.542731119741705	0.054	0.038	1	1	TMED8
0.000676677625488079	0.542731119741705	0.653	0.548	1	1	ZFP36L2
0.00311161606220994	0.541986887049994	0.335	0.255	1	1	PLSCR1
0.00188165797478873	0.541081382522612	0.184	0.121	1	1	PPIP5K2
0.000907724781152376	0.54094560584933	0.297	0.218	1	1	PTP4A1
0.00306380137386137	0.54094560584933	0.31	0.218	1	1	CHMP3
0.00610755558070351	0.535844734156465	0.167	0.121	1	1	KIAA0753
0.00389849445502539	0.535844734156465	0.536	0.433	1	1	NPR1
0.00331468346467998	0.53419553575915	0.519	0.442	1	1	PDIA6
0.00742876414458823	0.533777835463552	0.335	0.23	1	1	SBF1
0.00815269043731542	0.531145730364739	0.536	0.458	1	1	RBMS1
0.000100561548579314	0.53058900870497	0.464	0.332	1	1	NDFIP1
0.00197233070036849	0.528925320216675	0.364	0.255	1	1	ECPAS
0.00802435827643282	0.527624227351497	0.272	0.182	1	1	ADPRS
0.00973757795688815	0.523872092490389	0.259	0.187	1	1	UQCC1
0.00252223846587074	0.523872092490389	0.444	0.349	1	1	EIF4B
0.00357055944641329	0.523872092490389	0.28	0.199	1	1	HERC1
0.00946671186205332	0.523872092490389	0.251	0.179	1	1	RBM14
0.00100585223354687	0.520331734785141	0.285	0.193	1	1	AKIRIN1
0.00114536831377129	0.519903190287444	0.31	0.218	1	1	PIM1
0.00267539329597611	0.518836502593091	0.356	0.25	1	1	ROCK1
0.00349443603972174	0.51552474977687	0.314	0.229	1	1	SAT1
0.00253497704187624	0.514534227911053	0.402	0.291	1	1	AP3D1
0.00403708120951473	0.51327697725119	0.276	0.196	1	1	HAPSTR1
0.00385756628046083	0.510815939664943	0.163	0.108	1	1	AMACR
0.00735367404890035	0.508524128156953	0.247	0.18	1	1	RNGTT
0.00292526916247038	0.507434067628412	0.406	0.295	1	1	YLPM1
0.00835374560130916	0.50572474578013	0.285	0.207	1	1	DLG1
0.00707486537173952	0.503694210552759	0.264	0.186	1	1	KAT7
0.00459938059697883	0.498868086360495	0.339	0.244	1	1	LARP4B
0.000525866251634947	0.498394814331304	0.556	0.455	1	1	PPP1CB
0.000792695062920866	0.497876883957445	0.28	0.203	1	1	FARP2
0.00227026952240572	0.495857716320793	0.364	0.269	1	1	ZNF436
0.00229923904827519	0.488831744354438	0.473	0.377	1	1	SELENOF
0.00287265133966757	0.48580405165687	0.402	0.303	1	1	ZNF850
0.00667717643270915	0.48580405165687	0.297	0.215	1	1	MIA3
0.000430063532527611	0.484899029959235	0.506	0.383	1	1	SRP9
0.00981743326415116	0.479477973131936	0.414	0.323	1	1	PSMD14
0.00153620994908332	0.478309515109945	0.251	0.178	1	1	ITSN1
0.00796341372962098	0.478194518095745	0.527	0.45	1	1	JUNB
0.00363197964361215	0.474793270844403	0.498	0.37	1	1	IPO5
0.00321937186626707	0.474290063639829	0.339	0.236	1	1	ATXN2
0.00839462078818162	0.472819426365807	0.205	0.144	1	1	CASTOR1
0.000489762856212824	0.472507229043412	0.506	0.359	1	1	PSPC1
0.0096569106754601	0.467218014964327	0.427	0.349	1	1	CTNNA1
0.00600035853208678	0.465233094061701	0.565	0.46	1	1	EIF5
0.00573956536342555	0.462731797676485	0.318	0.215	1	1	FXR1
0.000681681284483216	0.459741755070674	0.661	0.569	1	1	TMED2
0.00469347862231775	0.454194445140047	0.289	0.212	1	1	ITSN2
0.00850966751694574	0.454050642992818	0.142	0.095	1	1	IL1B
0.00012955857473596	0.453873156981535	0.657	0.513	1	1	JCAD
0.00155822411196825	0.453836322998234	0.389	0.283	1	1	SNX3
0.00564287342094692	0.446704231967929	0.322	0.248	1	1	UBE2D3
8.78846427596223e-05	0.44655030344915	0.439	0.302	1	1	CYLD
0.000590591815772041	0.445646925184887	0.105	0.036	1	1	LOC138528541
0.00341411215476845	0.443665200916021	0.335	0.263	1	1	GRB2
0.00016458924603234	0.44215744269902	0.657	0.54	1	1	SOCS3
0.000520884567500702	0.437815493471542	0.628	0.49	1	1	DYNC1H1
0.00122330246232285	0.437335342022394	0.577	0.472	1	1	CAPRIN1
0.00626112539410647	0.430050070133869	0.703	0.636	1	1	APP
0.00348637647645035	0.4299112894074	0.272	0.206	1	1	PELI1
0.00756187017654165	0.426630254837954	0.364	0.28	1	1	RAB5B
0.0030904351758175	0.4230032646408	0.234	0.164	1	1	TKT
0.00406049638283718	0.422187952360898	0.423	0.317	1	1	RBM25
0.00025290135026857	0.421424823519572	0.728	0.601	1	1	IFITM1
0.00418976674466082	0.420622657782537	0.318	0.231	1	1	OGT
0.00510717750733205	0.419635988769758	0.331	0.24	1	1	DEDD2
0.00978405037778135	0.419142529128802	0.506	0.386	1	1	CLTC
0.00644994863052431	0.415619201838366	0.226	0.162	1	1	SNAP23
0.00307790160095245	0.407071615511066	0.59	0.448	1	1	TNS1
0.00174069111807083	0.407032170670575	0.393	0.285	1	1	UBR2
0.00482536179296591	0.404290476737716	0.297	0.228	1	1	AP1S2
0.00147219883684199	0.402321061319076	0.582	0.522	1	1	ARHGDIA
0.000838024846342934	0.396205466062539	0.573	0.481	1	1	GDPD5
0.00582693585461799	0.394201480045606	0.402	0.319	1	1	NIPBL
0.00865239854199262	0.390348419653	0.523	0.448	1	1	MTPN
0.00878053271283326	0.38757477953746	0.326	0.258	1	1	ERP44
0.00561734299565416	0.385225710616272	0.272	0.205	1	1	SRPK2
0.000160041942034315	0.383483251679417	0.49	0.362	1	1	PLCG1
0.00635570163934984	0.369996584712569	0.305	0.216	1	1	DOCK4
0.00910106470929044	0.367839122009186	0.289	0.225	1	1	G3BP2
0.00936825976222692	0.366398317903776	0.598	0.546	1	1	NUCKS1
0.00474571335737218	0.359867062591894	0.452	0.366	1	1	CA5A
0.00147676119007665	0.358812846219893	0.469	0.353	1	1	APC
0.00997365199270047	0.353253320877992	0.084	0.063	1	1	SLC11A2
0.00118975352197321	0.352105744223909	0.536	0.416	1	1	MYOF
0.00388480898820004	0.331939984684021	0.351	0.266	1	1	NFIA
0.00208409106758885	0.330498564625479	0.335	0.246	1	1	SAMD9
0.00282265804172051	0.321423839517635	0.469	0.372	1	1	FAM120A
0.00803189063919221	0.320796188512433	0.586	0.478	1	1	SGK1
0.000117187586965886	0.31572159372972	0.929	0.915	1	1	ANXA2
0.00254900817231664	0.315028454682053	0.791	0.671	1	1	LOC138504630
0.00957937338476302	0.309367580584254	0.368	0.285	1	1	GIMAP9
0.00979482742436779	0.309178990531712	0.552	0.455	1	1	ZNF318
0.00181463835434816	0.293881658216331	0.749	0.642	1	1	PCDHGC3
0.00708356053602238	0.277204772904896	0.448	0.34	1	1	PPP1R12A
0.00745039670430788	0.2536710844946	0.837	0.814	1	1	VAT1
0.0052714132027231	0.238233067324425	0.444	0.328	1	1	PROM1
0.00371888258419025	0.231355087635601	0.732	0.698	1	1	PFN2
0.0086513053007352	0.211196310841223	0.803	0.73	1	1	NONO
0.00182030431726544	0.205588279509957	0.962	0.951	1	1	S100A10
0.00875814668820934	-0.189491183922415	0.586	0.691	1	1	ATP5MF
0.00206142982743659	-0.223553031384493	0.895	0.941	1	1	HMGB2
0.00680174575255535	-0.228480610642781	0.276	0.358	1	1	FBLN2
0.000975448295952692	-0.231015409673079	0.619	0.695	1	1	EIF2S2
0.000687207613263416	-0.243705803624774	0.992	0.982	1	1	RPS15A
0.000120443006332206	-0.24864301692201	0.933	0.949	1	1	HNRNPA3
0.00322323502033287	-0.259017986055813	0.799	0.891	1	1	EIF5A2
0.00117663581850128	-0.282411039259507	0.874	0.885	1	1	PFN1
0.000189995785612261	-0.288477531767321	0.987	0.971	1	1	CFL2
0.00494144003460569	-0.297580198244701	0.477	0.569	1	1	FKBP1A
0.00981637521153134	-0.301765206349023	0.356	0.444	1	1	NDUFS5
0.000861716821103871	-0.325827109295561	0.912	0.929	1	1	MYL6P1
0.000140604184158313	-0.331258554136629	0.782	0.872	1	1	NACA
0.00135108534684653	-0.337055384104335	0.728	0.807	1	1	ANXA5
0.00475250298633432	-0.339733722561655	0.632	0.697	1	1	NPM1
0.0016300225911149	-0.343405481891475	0.519	0.552	1	1	H1-1
0.000414015033516062	-0.346414858530196	0.849	0.891	1	1	RPL22
0.00173851803366407	-0.353314659597168	0.828	0.867	1	1	CALM1
0.00788911616908388	-0.356658306589938	0.494	0.557	1	1	ATP5F1B
0.00321867721577703	-0.377177624529069	0.519	0.607	1	1	RPL5
0.00994441266807792	-0.380302415009546	0.276	0.374	1	1	PLAU
0.000343952050752853	-0.381360265636038	0.762	0.83	1	1	RPL23A
0.00683868051462983	-0.384636781516512	0.548	0.633	1	1	RHOC
0.000654670344053467	-0.385930098538033	0.347	0.459	1	1	FLNB
0.000163409902397381	-0.386302358904151	0.841	0.887	1	1	RPL37A
0.00300044349948702	-0.390154684399758	0.322	0.392	1	1	TCP1
0.00440207314690112	-0.40311311021139	0.251	0.348	1	1	TTN
0.000479773303869147	-0.403781446038324	0.657	0.781	1	1	RPL6
0.000234464615997024	-0.424554562546852	0.569	0.715	1	1	TUBA1A
0.00684844287999063	-0.429125407326925	0.51	0.622	1	1	VDAC2
0.00374566228158786	-0.429191593588704	0.418	0.526	1	1	GNG5
0.00542370997948218	-0.430254859225244	0.213	0.303	1	1	MICOS13
0.00487669867918592	-0.430708782750393	0.305	0.379	1	1	YWHAH
0.00672395801799747	-0.435409446294556	0.469	0.568	1	1	ARPC2
0.000152398551374018	-0.435560866262633	0.745	0.823	1	1	COX6B1
0.00424589087527277	-0.45864048078077	0.305	0.392	1	1	NDUFB3
0.00258859281318148	-0.465053861351184	0.368	0.463	1	1	ANXA7
0.000486027520972086	-0.481582337601719	0.343	0.444	1	1	COX5A
0.00877540108977361	-0.48484512461072	0.192	0.268	1	1	GSE1
8.9175243748272e-05	-0.488590702735705	0.619	0.728	1	1	SNRPE
0.0031699547132207	-0.491151998221552	0.502	0.59	1	1	ENO1
0.00306275492230893	-0.511218571977972	0.582	0.648	1	1	STMN1
0.00937675806708235	-0.521690484890055	0.126	0.187	1	1	FURIN
0.0097599183409714	-0.529957324239281	0.351	0.466	1	1	GLRX
0.00684497627971857	-0.538752038033278	0.423	0.507	1	1	ATP5MG
0.00189025373615339	-0.545390569946725	0.163	0.259	1	1	LOC138472551
0.000672125260031624	-0.545475954200346	0.297	0.407	1	1	PDE2A
0.000660764884396168	-0.547681168534645	0.184	0.284	1	1	INPPL1
0.00809385138260364	-0.550674860874665	0.075	0.126	1	1	PTHLH
0.000960697967497278	-0.557479341024921	0.322	0.422	1	1	SPNS2
0.00996626945854458	-0.55784255730098	0.159	0.219	1	1	PEDS1
0.0037555861073334	-0.568724900231387	0.343	0.446	1	1	IVNS1ABP
0.00852267475948544	-0.60165878959347	0.167	0.24	1	1	RAPGEF4
0.00936024181832586	-0.60165878959347	0.142	0.219	1	1	EBF1
0.0096455348860583	-0.603387603510221	0.389	0.458	1	1	GPX1
0.00897155515635589	-0.607372440787863	0.276	0.372	1	1	PDE4B
0.00228067271694624	-0.612228031303657	0.259	0.361	1	1	ATP5PB
0.00521882753340248	-0.6183375307401	0.163	0.239	1	1	TMBIM4
0.00010516081121397	-0.620517816844785	0.389	0.521	1	1	ARHGDIB
0.000558386700054228	-0.623353860692789	0.243	0.358	1	1	BLOC1S1
0.00199125841517675	-0.637282699324191	0.226	0.297	1	1	TJP2
0.00299605619613183	-0.645805893277852	0.201	0.324	1	1	NMRK2
0.00554043881168953	-0.650719608044356	0.218	0.299	1	1	PPP1R18
0.00361358815879438	-0.663213460110106	0.247	0.343	1	1	PSMB2
0.00198995379305947	-0.665789127013185	0.155	0.244	1	1	TNK2
0.00425724509940562	-0.670138527476237	0.172	0.269	1	1	BAIAP2
0.00190970207559483	-0.672741887654952	0.226	0.343	1	1	KLF7
0.00496964502360228	-0.673043422830235	0.084	0.144	1	1	TMEM183A
0.00040692407692561	-0.684120949785443	0.172	0.296	1	1	AOPEP
0.00706743823935767	-0.684399220601406	0.18	0.265	1	1	MOB2
0.00565060976405508	-0.685380615490973	0.197	0.291	1	1	PALM2AKAP2
0.000367164995382689	-0.693157144078966	0.385	0.507	1	1	ATP5PD
0.00275923538675055	-0.694768193984951	0.121	0.207	1	1	GYPC
0.00373559851156981	-0.702744914707784	0.167	0.271	1	1	CYR61
0.000185308186827728	-0.708301349638644	0.218	0.348	1	1	HPSE
0.0048088736340555	-0.717136007013406	0.025	0.084	1	1	NPR3
0.000643366793285139	-0.721752635083776	0.172	0.276	1	1	MYO18A
9.89282714374408e-05	-0.724278076257425	0.222	0.349	1	1	IQGAP1
0.00251197275871402	-0.724295798586272	0.427	0.565	1	1	EGFL7
0.00682688759382945	-0.726440414303495	0.347	0.424	1	1	DIAPH2
0.000329242311160269	-0.741589050737945	0.13	0.234	1	1	PSMD7
0.000477570919353243	-0.749120558513203	0.502	0.577	1	1	TUBA1B
0.00264839045641373	-0.751599416581628	0.121	0.216	1	1	HYCC1
0.000482786775036118	-0.755986935984764	0.126	0.204	1	1	SHKBP1
0.0020761026913157	-0.760515554079582	0.205	0.309	1	1	ITIH5
0.000597436256697407	-0.76293969662653	0.23	0.332	1	1	ICAM5
0.00310239352720813	-0.765634524704596	0.134	0.224	1	1	TBC1D1
0.00561108550427266	-0.771583791035782	0.079	0.135	1	1	COMMD6
0.000115125437189621	-0.771583791035782	0.205	0.34	1	1	CSRNP1
0.000279175215126374	-0.771583791035782	0.109	0.202	1	1	UVRAG
0.00234311196217311	-0.773027207905451	0.13	0.222	1	1	EPB41
9.01565913462949e-05	-0.783973771554582	0.473	0.588	1	1	CLIC1
0.00179298211232947	-0.792264722262267	0.226	0.337	1	1	PAM
0.00836578529341928	-0.799598167205379	0.067	0.121	1	1	PRKRIP1
0.000582020634149997	-0.80020446897555	0.226	0.361	1	1	SEPTIN6
0.00127955159276237	-0.801957440079301	0.18	0.297	1	1	CAV2
0.00614232426641824	-0.809254209001837	0.113	0.194	1	1	MRPS18C
0.000586836668926858	-0.809463674706871	0.243	0.379	1	1	CFL1
0.000390405658443566	-0.824051210929917	0.105	0.199	1	1	GPR4
0.00459886277867928	-0.829764862124311	0.138	0.23	1	1	SCRIB
0.00311398935866492	-0.832271717734886	0.096	0.171	1	1	MYO1A
0.00415632957710806	-0.841862487046378	0.088	0.161	1	1	NDUFB10
0.00107900627042189	-0.845036236059253	0.146	0.243	1	1	ETS2
0.00347942532605457	-0.845584372479559	0.071	0.129	1	1	SKAP2
0.000288767535406813	-0.847001290625528	0.326	0.465	1	1	PKM
0.00860988562162455	-0.851637042601818	0.146	0.23	1	1	PLCL2
0.000296982987851572	-0.878312804716392	0.146	0.248	1	1	LOC138550342
0.000139189128492384	-0.892129452959235	0.247	0.389	1	1	SSBP3
0.00236103732563042	-0.935559526146908	0.063	0.119	1	1	TBC1D16
0.000693038112622777	-0.940460703045228	0.063	0.127	1	1	ERF
0.00386024572248899	-0.958144106517201	0.084	0.166	1	1	LOC138513412
0.000186701573602775	-0.966655606372718	0.071	0.146	1	1	SLC8A1
0.00730077879091816	-0.9801704128472	0.059	0.114	1	1	RASSF2
0.00140686318504341	-0.988681912702717	0.1	0.188	1	1	PLEKHG1
0.00211003948536631	-0.992448742625636	0.109	0.211	1	1	BMPR2
0.00603180444104503	-1.01669628887231	0.059	0.122	1	1	FBP1
0.00018360286960222	-1.01669628887231	0.201	0.347	1	1	RASA3
0.00232368842497932	-1.01669628887231	0.063	0.122	1	1	B4GALT5
0.000222206538592431	-1.01669628887231	0.121	0.237	1	1	S100A16
0.00367482923317311	-1.02866893053839	0.05	0.113	1	1	ARHGAP22
0.00522473328147903	-1.04644363226637	0.067	0.138	1	1	ARHGAP40
0.0038601475582583	-1.06400200365067	0.059	0.124	1	1	BTBD6
0.00051392298396625	-1.08165173071308	0.071	0.157	1	1	FAM110D
0.00529022610328062	-1.08708561676371	0.038	0.084	1	1	ATP11A
0.000145652483509798	-1.09808461571297	0.096	0.212	1	1	GAB2
0.00365711751705223	-1.09968565354334	0.071	0.152	1	1	ABCG2
0.00021220531271835	-1.10046464656491	0.088	0.189	1	1	S100A1
0.00529022610328062	-1.10415913012265	0.038	0.085	1	1	PKD2
0.00573268578624105	-1.10415913012265	0.021	0.05	1	1	SEMA4C
0.000695614823437653	-1.10819464335781	0.071	0.174	1	1	CDC42EP3
0.00982238698728073	-1.10914253763691	0.063	0.124	1	1	SOCS1
0.00236104611223135	-1.11472837183284	0.063	0.134	1	1	RCN1
0.00043935943387155	-1.11749692965981	0.075	0.154	1	1	LOC138471647
0.00691480875693165	-1.13217350629225	0.042	0.098	1	1	AMOTL2
0.000926407348478868	-1.14597930581728	0.059	0.135	1	1	HRAS
0.000561611881236675	-1.15887629983172	0.134	0.271	1	1	CASKIN2
0.000411224631689327	-1.16763818694705	0.063	0.137	1	1	CPNE8
0.000839705844386309	-1.16869938231736	0.067	0.154	1	1	ARHGAP29
0.00662366574681161	-1.16869938231736	0.033	0.076	1	1	FKBP5
0.00333285883110279	-1.17716096106556	0.067	0.143	1	1	TSPAN2
0.0010493632290875	-1.18662129031463	0.063	0.144	1	1	PIK3R6
0.000171848175320659	-1.18662129031463	0.113	0.225	1	1	SMOX
0.00329287022860465	-1.18662129031463	0.046	0.104	1	1	CERK
0.00110788653458534	-1.19991811292808	0.033	0.095	1	1	ACKR3
0.00273510270090474	-1.20112086000974	0.042	0.098	1	1	MTUS1
0.0052217510979105	-1.20432329204809	0.029	0.076	1	1	LIN7A
0.000173109217298576	-1.21547615298681	0.088	0.187	1	1	TDRP
0.00431232969470429	-1.21833015004196	0.038	0.093	1	1	TSR2
0.00436358782535678	-1.22181071877693	0.029	0.086	1	1	LRP5
0.00396569558280405	-1.24211640290633	0.067	0.146	1	1	PRAG1
0.000335592694215281	-1.2646238023159	0.071	0.178	1	1	KIAA1671
0.00662366574681161	-1.2730360421321	0.033	0.088	1	1	SLC39A9
0.00162029057814389	-1.27543055727248	0.054	0.127	1	1	INKA1
0.00513441188165022	-1.28971478327873	0.079	0.177	1	1	RIN1
0.00585239038218718	-1.28971478327873	0.021	0.059	1	1	ADARB1
0.00271868993448896	-1.29353649423114	0.046	0.12	1	1	PGBD5
0.000587529730992949	-1.32703640948446	0.079	0.199	1	1	HES4
0.000311971018133664	-1.32748382615448	0.05	0.12	1	1	LMO7
0.000158820380392165	-1.33011288390416	0.067	0.167	1	1	JAM2
0.000152799135192376	-1.33862438375968	0.054	0.132	1	1	CTF1
0.000319589560851181	-1.33862438375968	0.063	0.151	1	1	EFCAB14
0.00174834619730723	-1.33862438375968	0.042	0.105	1	1	NFATC1
0.00165514101838241	-1.3638616752587	0.067	0.145	1	1	GRK3
0.00675732646030599	-1.36719353595645	0.038	0.104	1	1	MAP1B
0.00436826667641381	-1.45410160117961	0.046	0.13	1	1	TBL2
0.00674121866892948	-1.47612790750961	0.017	0.056	1	1	CCNI2
0.00117099579415398	-1.47612790750961	0.059	0.148	1	1	TMEM100
0.00348148883206305	-1.47612790750961	0.021	0.061	1	1	HOXB6
0.000206054865188987	-1.48963217185936	0.117	0.259	1	1	RBPMS
0.000118930739977095	-1.51592891556759	0.05	0.143	1	1	ITGB4
0.000555210196013303	-1.5191966294015	0.017	0.069	1	1	TGM1
0.000537028217739825	-1.5230489548971	0.038	0.12	1	1	TMEM63B
0.00585239038218718	-1.54025824492933	0.021	0.07	1	1	FASN
0.000127964086863855	-1.55585509998035	0.059	0.16	1	1	DMD
0.00818001532612603	-1.56101680509612	0.008	0.035	1	1	TRAIP
0.00838382172935665	-1.58823827383115	0.033	0.109	1	1	ENC1
0.00019288215188147	-1.60165878959347	0.046	0.134	1	1	DBNDD2
0.00586754729622851	-1.63140613298752	0.013	0.048	1	1	AP3B2
0.00980232575204112	-1.66055247864704	0.013	0.049	1	1	KANK1
0.00307791586088328	-1.68912163084381	0.029	0.095	1	1	FAM167B
0.0075528824567436	-1.68912163084381	0.013	0.051	1	1	FHOD3
0.00864804656234144	-1.69476819398495	0.017	0.066	1	1	CXCR2
0.00731322652357195	-1.71713600701341	0.021	0.076	1	1	PCYT1B
0.00815307483999306	-1.71713600701341	0.008	0.039	1	1	EFNA4
0.00655993515476219	-1.71713600701341	0.033	0.103	1	1	UCK2
0.000300708650159711	-1.73290332287172	0.021	0.09	1	1	KLF17
0.000317736995148507	-1.73290332287172	0.025	0.093	1	1	ZEB2
0.000156083194999591	-1.75693701507138	0.042	0.144	1	1	FAM222A
0.00209519193955625	-1.76085738444272	0.038	0.121	1	1	NHS
0.00678021374770194	-1.82405121092992	0.017	0.073	1	1	SMIM13
0.0046992318569001	-1.87467728399989	0.004	0.03	1	1	PMS2
0.00111718252318819	-1.88459275286497	0.017	0.07	1	1	JUP
0.000348497177135574	-1.88706100845572	0.029	0.113	1	1	SOX13
0.00369046069703126	-1.89116540678845	0.008	0.046	1	1	KIT
0.00311169384155539	-1.9042215596139	0.017	0.072	1	1	DCHS2
0.000464212116619881	-1.90746721911756	0.021	0.086	1	1	BAMBI
0.000157981230420748	-1.92358688448083	0.029	0.115	1	1	ISYNA1
0.00809288035360475	-1.92358688448083	0.004	0.029	1	1	V2R116
0.00030681644167832	-1.96155473467985	0.017	0.077	1	1	TRIM16
0.00405573319983944	-1.96155473467985	0.017	0.075	1	1	CYP2C9
0.000689026760633359	-1.9824805735344	0.029	0.109	1	1	BLNK
0.00479819914901428	-1.98632263982879	0.008	0.041	1	1	GRIK2
0.00159206417394405	-1.99397621237223	0.013	0.063	1	1	OCLN
0.00730981529787466	-2.01669628887231	0.013	0.043	1	1	TRBC1
0.00481413260838897	-2.01669628887231	0.008	0.05	1	1	LOC138527279
0.00623535632219769	-2.01669628887231	0.008	0.046	1	1	KCNN4
0.00265959080645965	-2.03906410190077	0.013	0.062	1	1	NBEAL2
0.00076418241402567	-2.06109040823077	0.021	0.089	1	1	CADM3
0.00267714977350717	-2.11623196242323	0.025	0.076	1	1	GRIN2A
0.000272481316446287	-2.13217350629225	0.021	0.099	1	1	PRDM1
0.0080990893422963	-2.13217350629225	0.008	0.046	1	1	IGFBP4
0.000652798819424014	-2.15419981262225	0.017	0.074	1	1	NTF4
0.00073614392478955	-2.18662129031463	0.008	0.053	1	1	SMAD7
0.00165205707769783	-2.18662129031463	0.008	0.05	1	1	ADAMTS6
0.00469087879676812	-2.18662129031463	0.004	0.036	1	1	AOAH
0.00809288035360475	-2.18662129031463	0.004	0.036	1	1	LOC138521639
0.00365368785391015	-2.23908871020876	0.008	0.054	1	1	PIK3AP1
0.00109009036375255	-2.30947803810016	0.017	0.074	1	1	MEGF11
0.0046739907044404	-2.33862438375968	0.004	0.037	1	1	PPP1R9A
0.00468246497751217	-2.3742482934904	0.004	0.038	1	1	METRN
0.0046992318569001	-2.3742482934904	0.004	0.04	1	1	DAAM2
0.00215111520720666	-2.38593009853803	0.008	0.058	1	1	PLCL1
0.00207537998474353	-2.40901371165107	0.004	0.043	1	1	TMEFF1
0.00617179116547854	-2.44296104357441	0.004	0.043	1	1	C4QH1orf115
0.00091307840844227	-2.47612790750961	0.004	0.041	1	1	LOC138452803
0.00207177299726262	-2.54025824492933	0.004	0.046	1	1	FAM19A1
0.00806347871518533	-2.54025824492933	0.004	0.043	1	1	SLC6A9
0.000141990680858146	-2.55585509998035	0.013	0.085	1	1	COL13A1
0.00014500226310829	-2.58148090765584	0.008	0.07	1	1	CHD5
0.00281828750533862	-2.60165878959347	0.008	0.07	1	1	KCNJ2
0.00687794684400163	-2.60165878959347	0	0.024	1	1	BLVRA
0.00617179116547854	-2.63140613298752	0.004	0.05	1	1	PADI3
0.00300819120962623	-2.77158379103578	0	0.026	1	1	NOXA1
0.00271559965403003	-2.79805600239697	0.004	0.052	1	1	APCDD1
0.00228535487318627	-2.82405121092992	0	0.029	1	1	LOC138481711
0.00119717941863986	-2.84958630303706	0.004	0.055	1	1	KCNK5
0.00907697481742986	-2.92358688448083	0	0.029	1	1	PHGDH
0.000189739180006463	-2.95529574420817	0.008	0.085	1	1	ITGA1
0.000102298278754883	-3.01669628887231	0.004	0.062	1	1	STARD13
0.00521777328422847	-3.01669628887231	0	0.031	1	1	LIPG
0.00687794684400163	-3.01669628887231	0	0.033	1	1	PLEK2
0.00907697481742986	-3.01669628887231	0	0.029	1	1	FAM229A
0.00687794684400163	-3.06109040823077	0	0.033	1	1	RASGRP1
0.000232416200818486	-3.10415913012265	0.004	0.065	1	1	IGFBP6
0.00907698404425479	-3.10415913012265	0	0.032	1	1	HRH2
0.00158043167267252	-3.166443408377	0.004	0.066	1	1	PALMD
0.00521714081153692	-3.22614965450126	0	0.035	1	1	BANK1
0.00100415821713969	-3.30209850773456	0	0.04	1	1	SLC51A
0.00173738050631596	-3.33862438375968	0	0.04	1	1	CMTM8
0.00396016740569209	-3.33862438375968	0	0.039	1	1	KCNMB2
0.000763795314646921	-3.3742482934904	0	0.04	1	1	TMEM150C
0.000175800373838619	-3.45963978472104	0.004	0.07	1	1	SDK2
0.0010043908134977	-3.57128514054995	0	0.048	1	1	MS4A4A
8.50892675127177e-05	-3.60165878959347	0	0.05	1	1	GPR132
0.000763601624056724	-3.60165878959347	0	0.047	1	1	ADORA2A
0.00132135781890862	-3.66055247864704	0	0.048	1	1	LRRN1
0.0002553434880569	-3.71713600701341	0	0.053	1	1	TAS1R3
0.00155714016446214	-3.75366188303852	0.008	0.065	1	1	NCAM1
8.51291381903e-05	-3.84958630303706	0	0.055	1	1	DACH1
0.000112075090011965	-3.84958630303706	0	0.058	1	1	LOC138521149
0.000194096574951516	-3.84958630303706	0	0.058	1	1	PAQR9
0.000112163423890773	-3.89933933823415	0	0.054	1	1	CCL19
0.000255634246326256	-3.89933933823415	0	0.048	1	1	MFSD4A
0.000147785030540123	-3.99397621237223	0	0.053	1	1	HEY1
0.000112163423890773	-4.06109040823077	0	0.063	1	1	RASD2
0.000336403564680174	-4.70319681605553	0	0.058	1	1	SLC26A10P
1.75788219925087e-17	-1.37874451818385	0.647	0.843	2.10822812156157e-13	2	VWF
1.55364203073278e-16	-1.29343112809834	0.457	0.768	1.86328288745783e-12	2	SHANK3
2.86724959157782e-14	-2.06942349447316	0.141	0.432	3.43869243517928e-10	2	EXOC3L2
2.0309041258302e-13	-2.14774085317445	0.103	0.362	2.43566331810815e-09	2	GALNT18
9.94340533120767e-13	-2.31428345195678	0.12	0.396	1.19251260137174e-08	2	TACR1
1.92643058535152e-12	-1.46794339903631	0.321	0.618	2.31036820101207e-08	2	DOCK9
2.12761199809483e-12	-1.06774668282796	0.446	0.716	2.55164506931513e-08	2	ICAM1
6.05637019900213e-12	0.524182419872234	0.995	0.971	7.26340477966326e-08	2	CFL2
9.23386389684525e-12	0.575422661058868	0.946	0.859	1.10741729714865e-07	2	EIF5A2
1.66452388524909e-11	-1.84180915852376	0.12	0.389	1.99626349557923e-07	2	PTPRE
4.3716735535511e-11	-3.05105494853215	0.141	0.389	5.24294809277383e-07	2	MRC1
7.14855076973641e-11	-3.07741392423814	0.033	0.259	8.57325693814488e-07	2	SLC4A11
8.64586830132368e-11	-5.31043707266628	0.011	0.22	1.03689898537775e-06	2	RELN
1.12551571622408e-10	-1.80570518483851	0.114	0.371	1.34983099846754e-06	2	FCHSD2
1.49415969547249e-10	-2.35651946314782	0.049	0.26	1.79194572278015e-06	2	ATRNL1
1.70773100684566e-10	-1.56790188866863	0.245	0.501	2.04808179651e-06	2	PLCB1
1.72232314401906e-10	-1.76433986362965	0.217	0.489	2.06558214662206e-06	2	STAB1
2.07560719043366e-10	-1.29329984869146	0.185	0.442	2.48927570348709e-06	2	SPNS2
2.11325431743463e-10	-1.74064172854474	0.125	0.386	2.53442590289936e-06	2	VAV3
2.54022219280775e-10	0.429567027799045	1	1	3.04648847583434e-06	2	ACTB
2.55657566111896e-10	-2.31043707266628	0.098	0.346	3.06610119037996e-06	2	IQSEC1
3.0897568451773e-10	-0.759297894264263	0.723	0.849	3.70554538442113e-06	2	LTBP1
4.14070024366728e-10	-1.24627777622449	0.239	0.494	4.96594180223017e-06	2	ARHGAP21
5.10257017102887e-10	-1.01829280119159	0.391	0.606	6.11951240611493e-06	2	KDR
5.22015272856669e-10	-1.83165363687615	0.12	0.376	6.26052916737003e-06	2	ZNF521
5.24561757807453e-10	-1.49592901520648	0.25	0.481	6.29106916138478e-06	2	XIRP2
7.78357576549643e-10	-1.68431007732386	0.12	0.368	9.33484241555987e-06	2	CYLD
1.18709997983538e-09	-1.06998382968077	0.31	0.579	1.42368900581657e-05	2	EGFL7
1.82585791926687e-09	-1.03010497402475	0.429	0.624	2.18975140257675e-05	2	RAMP3
2.07810737761694e-09	0.343402014537159	1	0.995	2.492274177976e-05	2	LOC138582460
2.74564140504181e-09	0.446734044074707	0.995	0.946	3.29284773706664e-05	2	RPL36
2.8739542921763e-09	-1.16783115307891	0.288	0.545	3.44673338260704e-05	2	NRK
3.60693458245214e-09	-1.68902220467318	0.098	0.31	4.32579664473485e-05	2	ECPAS
3.94537690511878e-09	-1.22920426286555	0.293	0.57	4.73169052230895e-05	2	LOC138472433
4.597565653044e-09	-0.895453958272593	0.288	0.541	5.51386048769567e-05	2	NFIB
6.78697917204429e-09	-1.52125179536981	0.125	0.317	8.13962412103272e-05	2	RBMS3
7.79315893599812e-09	-2.45394186041039	0.038	0.212	9.34633551194255e-05	2	FLRT2
7.98888871306259e-09	-4.11619838466359	0.016	0.189	9.58107423357596e-05	2	NFIX
9.414333523972e-09	-0.781490637483426	0.408	0.641	0.000112906101952996	2	TIE1
9.54933786599951e-09	-2.27327173525831	0.049	0.246	0.000114525209026932	2	HERC1
1.04418170252998e-08	-1.54405068828341	0.147	0.375	0.000125228711584421	2	ADD1
1.05891863905458e-08	-0.922474051888022	0.337	0.626	0.000126996112381816	2	ASAP1
1.19467020113092e-08	-0.960053339343485	0.326	0.582	0.000143276797221631	2	ENG
1.36899474147514e-08	-1.23920301161737	0.201	0.419	0.000164183539345113	2	PDE2A
1.63145607177517e-08	-0.910128686856042	0.375	0.613	0.000195660526687997	2	GASK1B
1.81232644854926e-08	-1.47086010071771	0.125	0.336	0.000217352310974512	2	SLC22A23
2.1938844430289e-08	-1.19694724619531	0.152	0.362	0.000263112561252456	2	ITGA9
2.20349361798965e-08	-3.91052335827208	0.049	0.237	0.000264264989605498	2	HAPLN3
2.3016705250556e-08	-2.2080316323678	0.038	0.199	0.000276039346069918	2	CIC
3.16135092308315e-08	-1.8292406992993	0.082	0.261	0.000379140816205363	2	HDAC4
3.5467842074883e-08	-1.13909239510094	0.125	0.312	0.000425365830004072	2	GNAL
4.1596527339112e-08	-1.64970016083597	0.087	0.277	0.000498867152377971	2	BRD4
4.179903967828e-08	-1.11111819294286	0.408	0.64	0.000501295882861612	2	ADCY4
4.22718062835207e-08	-1.83700131532805	0.114	0.329	0.000506965772758264	2	ARHGAP27
4.28509621508057e-08	-2.72368961033061	0.043	0.227	0.000513911589074612	2	EXOC6
4.54636339802125e-08	-1.59486699013015	0.109	0.326	0.000545245362324689	2	SVIL
4.58690801782842e-08	-1.42072491941585	0.147	0.37	0.000550107878578163	2	TMCC1
5.06236385006263e-08	-1.33307138422023	0.158	0.35	0.000607129296538011	2	FBXL7
5.07768933481084e-08	-0.602927213240342	0.766	0.87	0.000608967281923864	2	HSPG2
5.08523892013977e-08	-1.34568023078636	0.136	0.34	0.000609872703692362	2	PARG
5.68155207070925e-08	-1.28426474775687	0.168	0.396	0.00068138853984016	2	JAK1
5.90418884160104e-08	-1.31723790334822	0.152	0.356	0.000708089367773213	2	RGS3
6.51496153837596e-08	-2.60614069295633	0.054	0.234	0.000781339337297428	2	FLT4
6.55531679114676e-08	0.49702134696659	0.957	0.848	0.000786179142762231	2	DBI
6.60431217868183e-08	-2.38374827161988	0.043	0.229	0.000792055159589311	2	PDE7B
6.9612218045806e-08	-1.34437403328573	0.147	0.366	0.000834859331023351	2	TANC1
6.98128395659506e-08	0.60365601127305	0.962	0.905	0.000837265384914445	2	TXN
7.64196832566035e-08	-1.19004588689444	0.196	0.426	0.000916501261296446	2	PREX2
7.67924106075765e-08	-1.52586842344018	0.098	0.27	0.000920971380416665	2	ZMYND8
7.88964102197745e-08	-1.64119367958256	0.092	0.294	0.000946204647765756	2	KMT2C
9.04642164485855e-08	-1.17863682880685	0.152	0.341	0.00108493734786789	2	RASGRP3
9.43203285374525e-08	-1.05967171015394	0.261	0.491	0.00113118370014967	2	PIEZO1
9.99681945496257e-08	-0.97281517067377	0.13	0.305	0.00119891855723366	2	ATF7IP
1.13903186732529e-07	-1.53406160242112	0.114	0.299	0.00136604091848322	2	UBR4
1.18314344295696e-07	-1.11515434044418	0.185	0.385	0.00141894393113829	2	PPP3CA
1.20411538794132e-07	-1.75108560027519	0.076	0.265	0.00144409558475803	2	MAN1A1
1.26039211605775e-07	-1.391767719956	0.098	0.275	0.00151158826478806	2	TP53BP2
1.38535464148284e-07	0.476987746765751	0.946	0.848	0.00166145582153037	2	CRIP1
1.63334920972132e-07	-2.11236652307256	0.071	0.242	0.00195887570721878	2	CEMIP2
1.74498548643736e-07	-1.17455946048911	0.277	0.488	0.00209276109388432	2	ARHGEF9
1.78548805336628e-07	-1.38066229174613	0.125	0.344	0.00214133582240218	2	PALD1
1.80134633512175e-07	-1.16592979948797	0.136	0.333	0.00216035465971151	2	ZZEF1
1.81672235514192e-07	-3.82456421208983	0.016	0.16	0.0021787951205217	2	PROX1
1.85532893168594e-07	-1.8910507398763	0.087	0.281	0.00222509598777095	2	HDAC7
1.9246554337516e-07	-1.29113201200875	0.125	0.312	0.00230823926169829	2	TJP2
2.03984022426676e-07	-0.906810996444886	0.228	0.428	0.00244638038096313	2	ITGA5
2.20005709626227e-07	-1.46466826700344	0.082	0.244	0.00263852847554734	2	FARP2
2.45654674751621e-07	0.39135241288416	1	0.962	0.00294613651429619	2	RPL26L1
2.51538475905333e-07	-1.40577457794988	0.103	0.296	0.00301670094153266	2	RABGAP1
2.81076012351834e-07	-1.25485053843762	0.13	0.327	0.00337094461613554	2	LYST
2.87811521858814e-07	-1.55508356222566	0.255	0.465	0.00345172358165276	2	MMRN1
2.88352146188217e-07	-2.96528149798836	0.038	0.205	0.00345820728923528	2	UNC5B
2.95816837281953e-07	-1.08133962745194	0.147	0.357	0.00354773132952247	2	NR3C1
3.03595799776446e-07	0.576594105854549	0.995	0.941	0.00364102442671892	2	RPL7
3.07972053219802e-07	-1.32264926213102	0.12	0.328	0.00369350883426509	2	MICAL3
3.12853131623179e-07	-1.68463395094535	0.082	0.257	0.00375204760755678	2	USP34
3.37659080262772e-07	-1.29113201200875	0.141	0.32	0.00404954534959142	2	MYCBP2
3.57720468884605e-07	-1.24867361686515	0.152	0.347	0.00429014158333307	2	GJC2
3.79421915359283e-07	-0.990004931971285	0.239	0.493	0.00455040703090388	2	NPR1
3.89265185180038e-07	-4.81044310384517	0.005	0.163	0.00466845736586419	2	FGF10
3.98985485178187e-07	-1.92034775077963	0.06	0.242	0.004785032923742	2	TBX1
4.05277733762786e-07	-1.25821738953602	0.098	0.257	0.00486049586101709	2	PDS5B
4.17120761695956e-07	-0.747380157613704	0.332	0.531	0.0050025292950196	2	GDPD5
4.1843120560845e-07	-2.28468960089721	0.136	0.308	0.00501824544886214	2	NRP2
4.26341611639501e-07	-2.17668750403942	0.033	0.162	0.00511311494839253	2	ARHGEF18
4.46052133105479e-07	-1.39235406218755	0.12	0.295	0.00534950323233401	2	CEBPD
4.49838632935989e-07	-1.63245435768942	0.098	0.28	0.00539491472480131	2	STAG1
4.61262919940965e-07	0.399548482900107	0.989	0.955	0.00553192619885199	2	RPL36A
4.68168532687849e-07	-2.05834798482571	0.049	0.213	0.00561474521252538	2	ARHGEF26
4.74631476573521e-07	-0.724393737806663	0.321	0.554	0.00569225529854624	2	DYNC1H1
4.75038049253637e-07	-1.42477553987993	0.103	0.271	0.00569713132469887	2	TOX2
4.83710123430684e-07	-0.721753406506052	0.223	0.403	0.00580113551030419	2	CYFIP1
4.86635553669451e-07	0.278029423269159	1	1	0.00583622019515773	2	CIRBP
5.27959379089003e-07	-0.613322095935804	0.527	0.715	0.00633181683341442	2	PTPRM
5.28509171483992e-07	-1.0675044064865	0.158	0.373	0.00633841049360752	2	ARRB1
5.34432852570078e-07	-0.709171389945641	0.5	0.643	0.00640945320087294	2	PECAM1
5.38483363881018e-07	0.605978197769505	0.951	0.851	0.00645803098302505	2	PMP2
5.62120715477188e-07	-2.18825483136845	0.06	0.228	0.00674151374071792	2	ARHGAP28
5.73973282579734e-07	-1.08294708727382	0.174	0.349	0.00688366157797875	2	PARD3
5.80118194955039e-07	-6.16510798514454	0	0.123	0.00695735751209578	2	STAB2
6.02037559258153e-07	-1.07068523498727	0.239	0.44	0.00722023644818303	2	DIAPH2
6.13481382839577e-07	-1.63102665342556	0.082	0.261	0.00735748222439505	2	ERI3
6.35009412362303e-07	-3.86155841957203	0.005	0.127	0.0076156678824611	2	ADAMTSL3
6.46145004394395e-07	-1.48542682717024	0.103	0.272	0.00774921703770198	2	RASAL2
6.52167081794329e-07	-1.02976546189932	0.212	0.405	0.00782143981195938	2	NOTCH1
6.72301353178789e-07	-1.56227906362987	0.098	0.259	0.00806291012867322	2	DOCK4
6.81548320107761e-07	-1.04897633585088	0.196	0.403	0.00817380900305237	2	ITPKA
7.26276138583726e-07	-1.393828026453	0.158	0.346	0.00871022973003463	2	BIRC6
7.37698933541674e-07	-1.58672904509105	0.163	0.365	0.00884722330996529	2	TSPAN18
7.46827161514543e-07	-1.46924099679327	0.087	0.254	0.00895669814804392	2	SYT16
7.64825560614206e-07	-1.59120067293238	0.054	0.227	0.00917255294844617	2	PHF21A
7.65567181225045e-07	-1.39615948907315	0.103	0.277	0.00918144720443196	2	STRN3
7.82172542500898e-07	-1.23423852660158	0.12	0.287	0.00938059530221327	2	CAMK2D
9.27063842668479e-07	-2.85545822003561	0.016	0.149	0.0111182766651231	2	ENPP2
9.41242796457129e-07	-1.18752809386292	0.158	0.347	0.0112883248579103	2	RASA3
9.50527561477544e-07	-0.948845466515749	0.217	0.401	0.0113996770448002	2	FGD5
9.75786120849669e-07	-1.32596199617185	0.103	0.27	0.0117026029473501	2	AKT3
1.01663700147877e-06	-1.01720929003222	0.174	0.381	0.0121925275587348	2	SH2B3
1.07995345183536e-06	-1.01010240353796	0.304	0.497	0.0129518817478615	2	RAPGEF2
1.11797865831692e-06	-1.03351110236132	0.147	0.351	0.0134079180491948	2	TEK
1.13483915230412e-06	-1.00072116724365	0.163	0.355	0.0136101259535833	2	GNAQ
1.15369929507422e-06	-1.49774008860909	0.109	0.269	0.0138363156458251	2	DAB2IP
1.16013333523706e-06	-1.5901991490873	0.109	0.294	0.013913479089498	2	DNAJC13
1.20236755198445e-06	-2.05209480767608	0.043	0.184	0.0144199940509496	2	GPNMB
1.20864675138527e-06	-1.1586817159851	0.147	0.299	0.0144953004893636	2	ARHGEF3
1.32252323024787e-06	-1.32989158766899	0.223	0.435	0.0158610211003627	2	CYSLTR1
1.33966174254141e-06	0.521145433812732	0.995	0.913	0.0160665632782992	2	MYL6P1
1.35753937643505e-06	-2.26612258762136	0.033	0.167	0.0162809697415856	2	DGKQ
1.43423189943481e-06	-1.90910668272285	0.082	0.268	0.0172007431699217	2	USP48
1.55771978403757e-06	-1.05902946572685	0.136	0.308	0.0186817333699626	2	IGF1R
1.58392540398412e-06	-0.979241439833203	0.315	0.527	0.0189960173699816	2	CSF1
1.60166792446998e-06	-3.85239842028655	0.005	0.13	0.0192088034181685	2	CLCF1
1.65130770199827e-06	-1.50263611720246	0.065	0.204	0.0198041332700653	2	GON4L
1.73252858185742e-06	-1.80570518483851	0.049	0.183	0.0207782152822161	2	SLC39A11
1.73704433889353e-06	-1.68706068833989	0.065	0.207	0.0208323727563502	2	TRPM7
1.74999121073924e-06	-1.14807361641912	0.201	0.378	0.0209876445903957	2	APBB2
1.81799110928718e-06	0.481661696794431	0.962	0.862	0.0218031673736812	2	RPL37A
1.84423176458366e-06	-1.34255474547732	0.103	0.257	0.0221178715526518	2	GNAO1
1.90519690893038e-06	-1.12186144244017	0.109	0.26	0.0228490265288021	2	PIM1
2.0468815017712e-06	-1.60076084194567	0.125	0.317	0.0245482498507419	2	HYAL2
2.0538893471943e-06	-1.91532967601301	0.043	0.16	0.0246322949409013	2	ABLIM1
2.09741693647693e-06	-1.35528480749618	0.098	0.257	0.0251543213191678	2	UBAP2L
2.20051971149844e-06	-1.28267043326056	0.109	0.294	0.0263908329000008	2	ARID2
2.39890976436214e-06	-0.934341022859134	0.228	0.417	0.0287701248039951	2	PLCG1
2.50245353534448e-06	-1.09323821069851	0.179	0.384	0.0300119252493864	2	IGF2BP2
2.55875755898121e-06	0.409139973649244	0.978	0.955	0.0306871794048617	2	YWHAQ
2.59642296770971e-06	-1.46924099679327	0.092	0.254	0.0311389006517425	2	DNAAF9
2.68416737112383e-06	-1.29160355803056	0.109	0.261	0.032191219281888	2	NFIC
2.71406161057816e-06	-2.19336624518605	0.033	0.166	0.0325497408956639	2	IPO8
2.7232675900109e-06	-1.20643484743347	0.103	0.256	0.0326601482070007	2	LBR
2.75323182506374e-06	-1.05509405003708	0.185	0.337	0.0330195092779895	2	RFTN1
2.85152846636882e-06	-1.34350257748099	0.109	0.272	0.0341983808971612	2	RASA1
2.86885500500916e-06	-1.19123868980727	0.174	0.366	0.0344061780750749	2	AFDN
2.88012224703912e-06	0.516366454652809	0.891	0.792	0.0345413061087401	2	COX6B1
2.93915983450376e-06	-1.8157940024621	0.071	0.241	0.0352493438952036	2	ATF7
3.22390307915793e-06	-1.59959784708955	0.082	0.253	0.038664269628341	2	KPNA3
3.31634391158002e-06	-2.61088900785449	0.022	0.158	0.0397729125315791	2	PHTF2
3.33827575959528e-06	-2.19004588689444	0.033	0.175	0.0400359411848262	2	PDGFC
3.37483627927162e-06	-2.25026863642053	0.033	0.17	0.0404744114973046	2	SYNJ1
3.48154712693019e-06	-1.16066208011334	0.152	0.344	0.0417541946932737	2	RCAN1
3.49697255106996e-06	-1.30597052098439	0.147	0.337	0.0419391918049821	2	SLCO3A1
3.53707531921867e-06	-1.08747615325389	0.196	0.399	0.0424201443033895	2	ELMO1
3.69889573795132e-06	-2.55777767139493	0.033	0.159	0.0443608565852502	2	GAS6
3.97564536603224e-06	0.285855152221068	0.995	0.982	0.0476799148748246	2	RPS15A
4.00845403322262e-06	-0.727702672837238	0.179	0.357	0.0480733892204389	2	MACF1
4.07454383987359e-06	-1.2753779406942	0.19	0.37	0.0488660042716039	2	ADD3
4.13564734721313e-06	-1.62816699928632	0.071	0.219	0.049598818635127	2	TTC17
4.14430495342909e-06	-1.11450649138714	0.196	0.365	0.0497026493064751	2	NCOA2
4.19573294423991e-06	-1.13828052392538	0.114	0.283	0.0503194252002693	2	ATXN2
4.44078226570208e-06	-1.62006194964927	0.071	0.228	0.053258301712565	2	EBF1
4.59468353134322e-06	-0.815469655554054	0.223	0.435	0.0551040395913993	2	PLXND1
4.59622019609937e-06	-2.4240262825061	0.027	0.153	0.0551224688118198	2	KDM4C
4.80100168083573e-06	-1.30985015795134	0.076	0.209	0.0575784131582629	2	SWT1
4.83148024824742e-06	-1.42814239097833	0.06	0.209	0.0579439426172313	2	PSD
4.89589069216721e-06	0.591969448109756	0.745	0.665	0.0587164170711613	2	LOC138510586
5.29594200032724e-06	-1.32027835766827	0.125	0.299	0.0635142324099246	2	TNRC6B
5.45057511492546e-06	-2.21440115724353	0.043	0.187	0.065368747353301	2	OSBPL5
5.50528492215818e-06	-1.29049379255977	0.071	0.199	0.0660248820714431	2	FGD3
5.72206623898699e-06	-0.746811495784943	0.185	0.373	0.0686247404041709	2	ERBIN
6.05222351964629e-06	-1.19681684487187	0.109	0.266	0.072584316671118	2	MTMR1
6.22401911359353e-06	-1.37027589672849	0.092	0.247	0.0746446612293272	2	EYA3
6.22457416958212e-06	-1.27262045466299	0.092	0.253	0.0746513180157984	2	USP4
6.28333544459611e-06	-1.38871941377015	0.114	0.298	0.0753560419870411	2	PACS1
6.28947932215345e-06	0.39518487248143	0.94	0.872	0.0754297255105864	2	RPL22
6.38670734397357e-06	-1.42359232400053	0.092	0.247	0.0765957811762751	2	PAN3
6.53015297223581e-06	-1.26247941639018	0.109	0.305	0.0783161245960241	2	GNB2
6.57945390433004e-06	-1.57360263855661	0.082	0.228	0.0789073906746302	2	RARA
6.65032905473898e-06	-0.961499857445936	0.201	0.387	0.0797573963534845	2	PKN1
6.71459890932182e-06	-1.03071355438197	0.114	0.272	0.0805281847194966	2	FAF1
6.80918232014281e-06	-1.37303779153788	0.109	0.279	0.0816625235654727	2	GSE1
6.84226821512475e-06	-1.02984611571015	0.12	0.297	0.0820593227039911	2	CLASP2
6.85415598690771e-06	-1.58260952437486	0.087	0.256	0.0822018927509842	2	HUWE1
6.86355080485465e-06	-1.387362540836	0.109	0.27	0.0823145648026219	2	PRP4K
6.956737842204e-06	-1.75042274933732	0.06	0.223	0.0834321569415526	2	PARD3B
7.08268280224742e-06	-0.740139776075461	0.293	0.478	0.0849426148473534	2	PICALM
7.4752298417919e-06	0.307942511031623	0.989	0.977	0.0896504314926103	2	ZA20D3
7.54461041496879e-06	-1.9563270478852	0.043	0.195	0.0904825127067207	2	ARID5B
7.57426965963016e-06	-1.16140401638112	0.141	0.32	0.0908382160279446	2	SCAF8
7.59609559164283e-06	-1.01095029956054	0.179	0.357	0.0910999744305725	2	VMP1
7.6337948064423e-06	-1.50531025150079	0.114	0.285	0.0915521011136625	2	HSD3B7
7.68065375802091e-06	-1.09315814326552	0.158	0.33	0.0921140805199447	2	OSBPL9
7.88721173737182e-06	-1.17130932431285	0.109	0.258	0.0945913303663003	2	ADGRE5
8.26198813503903e-06	-1.83906378178494	0.038	0.161	0.0990860237035231	2	BPTF
8.27321430090096e-06	-1.34038593111684	0.092	0.246	0.0992206591107052	2	AKAP9
8.30574191419654e-06	-2.75745001623129	0.016	0.129	0.0996107627769591	2	GSAP
8.5518850378003e-06	-0.481889363099038	0.337	0.53	0.102562757258339	2	SGK1
8.89543275602246e-06	-1.43552192134393	0.136	0.286	0.106682925042977	2	RAPGEF5
9.01846498932785e-06	-1.02935837269834	0.168	0.347	0.108158450617009	2	KALRN
9.08119551932173e-06	-1.3401862363223	0.114	0.293	0.108910777863225	2	PDE8A
9.19049967540802e-06	-1.1527242606887	0.092	0.239	0.110221662607168	2	PARP14
9.21110091985513e-06	-1.12852631289638	0.163	0.323	0.110468733331823	2	DOCK1
9.3035584473012e-06	-0.81435705509142	0.272	0.465	0.111577576458483	2	BCL6B
9.35867868113391e-06	-1.06413033741972	0.141	0.297	0.112238633422839	2	ATP8B2
9.40647608331797e-06	-0.768674453893544	0.223	0.4	0.112811867667232	2	JAM3
9.5158672972974e-06	0.474120680030444	0.81	0.789	0.114123796496488	2	SRI
9.61971805303818e-06	-1.17248751551013	0.087	0.215	0.115369278610087	2	OXR1
9.62313636883101e-06	-1.90570097481523	0.054	0.202	0.11541027447139	2	MAP3K3
9.7189200140236e-06	-1.40386498794124	0.109	0.256	0.116559007728185	2	CASK
9.74871626549876e-06	-2.86763293398171	0.022	0.142	0.116916354172127	2	PDPN
9.88011747950204e-06	-1.14735680018645	0.114	0.271	0.118492248931668	2	SCARB2
9.88954235778152e-06	-1.29284373264565	0.087	0.22	0.118605281496874	2	SENP6
1.00170526490886e-05	-1.30951861824153	0.076	0.205	0.12013451242052	2	CORO1C
1.04326289533324e-05	-1.07140139039582	0.071	0.204	0.125118519037315	2	RAB35
1.05947505989136e-05	-0.95492501177788	0.228	0.405	0.127062843932771	2	APLNR
1.08762167467396e-05	-1.3772054257531	0.076	0.209	0.130438467443648	2	ZNF25
1.09882915380609e-05	0.401675536944745	0.962	0.935	0.131782580415965	2	RPS20
1.11684799684772e-05	-1.3608324560189	0.103	0.273	0.133943580261947	2	SNX9
1.13132761925055e-05	-0.786911670610429	0.234	0.428	0.135680121376718	2	USP9X
1.17115932454335e-05	-1.35939622390339	0.076	0.228	0.140457137792484	2	NCOA3
1.1785092876378e-05	-1.27887686010211	0.076	0.19	0.141338618866402	2	GSK3B
1.18715139014463e-05	-1.02461407125397	0.136	0.271	0.142375066220045	2	HSPA1A
1.21618117187406e-05	-0.511061172487896	0.168	0.328	0.145856607942856	2	SGMS1
1.24426691361418e-05	-2.36513259345253	0.022	0.133	0.149224930949749	2	ZNF219
1.27349749048437e-05	-1.32665844563789	0.082	0.228	0.152730554033791	2	KMT2D
1.29057525210588e-05	-0.879705766282288	0.212	0.385	0.154778689985058	2	EHD3
1.29712558496585e-05	-1.96528149798836	0.043	0.163	0.155564271404955	2	SH3TC1
1.29899125651183e-05	-1.37795663381011	0.071	0.193	0.155788021393464	2	TTC28
1.30323275156903e-05	-1.42072491941585	0.071	0.223	0.156296703895674	2	EBF3
1.3041128515358e-05	-1.90355250823666	0.033	0.152	0.156402254284688	2	KLHL29
1.30626457633388e-05	-2.75745001623129	0.016	0.134	0.156660310639722	2	TTLL4
1.31066343600137e-05	-1.05913073946533	0.174	0.333	0.157187865879644	2	AHR
1.31692099748528e-05	-0.937920380227584	0.147	0.314	0.15793833522841	2	ZNF436
1.32594299684481e-05	-2.09027275222195	0.027	0.152	0.159020343611598	2	CLEC16A
1.3311554304867e-05	-1.35033559152445	0.06	0.174	0.15964547077827	2	IER2
1.33488702989864e-05	-1.1747505670187	0.125	0.279	0.160093001495744	2	CREBBP
1.36075979539746e-05	-1.67111914447087	0.065	0.191	0.163195922262018	2	ADGRF5
1.3610370639138e-05	-1.14649230697719	0.147	0.325	0.163229175075182	2	PRKACA
1.36893230418216e-05	-0.986381299953064	0.163	0.329	0.164176051240567	2	AGAP1
1.38742854442054e-05	-1.70567636650724	0.125	0.266	0.166394305332355	2	SLC16A2
1.40460770322024e-05	-3.08133962745194	0.022	0.143	0.168454601847203	2	GAS7
1.4126843134637e-05	-1.19823528470779	0.054	0.182	0.169423229713702	2	HYCC2
1.41489030348526e-05	-0.967168607532627	0.179	0.364	0.169687794096988	2	NIPBL
1.47707632573388e-05	-1.18226853630272	0.098	0.229	0.177145763745265	2	GOLGB1
1.47939145936987e-05	-1.91212724397467	0.049	0.178	0.177423417722228	2	STON2
1.50810962485141e-05	-1.95009509417369	0.038	0.169	0.180867587308429	2	SLC44A2
1.54503122729139e-05	-3.24427819857814	0.005	0.093	0.185295595089056	2	PPP2R3A
1.57213786943696e-05	-1.63212501285501	0.054	0.183	0.188546494681574	2	TDRD7
1.60204857347712e-05	-1.28024369586602	0.092	0.227	0.192133685417111	2	LRSAM1
1.62438877827031e-05	-1.67976819577354	0.082	0.245	0.194812946177958	2	MFSD11
1.63622497843435e-05	-0.985500430304885	0.185	0.378	0.196232461663632	2	SHE
1.63704357023445e-05	1.44222232860507	0.223	0.109	0.196330635378218	2	MDK
1.64872010522659e-05	-2.02538322147792	0.038	0.156	0.197731002219826	2	FAM135A
1.65447871259985e-05	-3.39907992537587	0.011	0.153	0.198421632002099	2	KMT2E
1.65559237921508e-05	-1.04749185696827	0.12	0.279	0.198555194039264	2	DENND4A
1.67820963590399e-05	-1.29073020305451	0.125	0.311	0.201267681633965	2	GARRE1
1.74637205966259e-05	-1.41792000781197	0.103	0.255	0.209442401115334	2	VPS13C
1.75955760392636e-05	-0.984558503741908	0.234	0.455	0.211023743438889	2	DGKZ
1.78524571507294e-05	-2.02538322147792	0.033	0.159	0.214104518608698	2	P2RX7
1.8113592742897e-05	-0.523426166604149	0.451	0.623	0.217236317765564	2	RHOB
1.81865697769621e-05	-1.4157586665225	0.076	0.201	0.218111531335106	2	WNK3
1.82689926331753e-05	-1.16546024861617	0.103	0.225	0.219100028649671	2	NEDD4L
1.85495370561276e-05	-2.1184926258694	0.011	0.107	0.222464597914138	2	SNX24
1.88935193699941e-05	-1.12093580179773	0.201	0.349	0.226589977804339	2	GGT5
1.9211861741434e-05	-0.848248334760691	0.223	0.387	0.230407857865018	2	TNRC6C
1.92230891333826e-05	-1.3453693386311	0.092	0.229	0.230542507976658	2	KLF6
1.96433626058928e-05	-1.32449060895518	0.082	0.217	0.235582847732473	2	ARFGEF1
1.99200563234931e-05	-1.27202318906105	0.114	0.269	0.238901235487653	2	TRAPPC8
2.0512769031242e-05	-1.19090745457659	0.114	0.278	0.246009638991685	2	KIF13A
2.05888402492206e-05	0.2641780230544	1	0.972	0.246921961108903	2	RPL23
2.08950152332411e-05	-1.54418860664697	0.098	0.25	0.250593917692261	2	CHSY3
2.11438128274812e-05	-1.43878963517784	0.06	0.193	0.253577747239982	2	UBE3C
2.12607651256267e-05	-1.68330855347878	0.049	0.171	0.254980356151641	2	KAT6B
2.13313558829349e-05	-1.72100802026323	0.054	0.196	0.255826951104038	2	RSBN1L
2.16427290746291e-05	0.359166588877516	0.984	0.922	0.259561249792027	2	HMGB2
2.17735791412996e-05	-0.954382452576785	0.125	0.274	0.261130534641606	2	NDEL1
2.1953169783747e-05	-1.1065475204927	0.163	0.323	0.263284365216478	2	VWCE
2.22791461396273e-05	-1.11236652307256	0.141	0.303	0.26719379965255	2	ETS1
2.25429851599419e-05	-1.22074268411736	0.082	0.22	0.270358021023184	2	INPP5A
2.25438151392382e-05	-1.65370209139346	0.049	0.155	0.270367974964883	2	EP300
2.25546634781902e-05	-1.72152409790811	0.065	0.188	0.270498079093935	2	DIAPH3
2.27569135750463e-05	-1.95770827828356	0.033	0.139	0.27292366450553	2	ELN
2.33950071088269e-05	-1.28440132133967	0.092	0.234	0.280576320256161	2	EXOC4
2.36615553087969e-05	-1.57843714196102	0.054	0.186	0.283773032818402	2	DIP2A
2.39245323794061e-05	0.298374887800784	1	0.996	0.286926916826217	2	FKBP2
2.43406693746491e-05	-2.26927257804501	0.022	0.123	0.291917647810167	2	SOS2
2.44236063640709e-05	-0.934153550304665	0.114	0.241	0.292912311124302	2	ITGAV
2.47237309967552e-05	-1.33738760296963	0.054	0.178	0.296511705844085	2	SLC38A9
2.47404804988184e-05	-2.04504349822895	0.027	0.147	0.296712582622329	2	MPP7
2.48053688956815e-05	-1.28115420081318	0.114	0.271	0.297490789165909	2	GIGYF2
2.50406740262009e-05	-0.994710665792984	0.201	0.381	0.300312803596227	2	ARAP3
2.52676534264592e-05	-1.66469287531144	0.065	0.193	0.303034967543525	2	B4GALT3
2.54748134656454e-05	-0.934498239122668	0.125	0.27	0.305519437893485	2	MOB2
2.57255954582648e-05	-0.718379893766175	0.266	0.441	0.308527066330969	2	ECE1
2.59975132001819e-05	-1.52740402235141	0.087	0.233	0.311788175809782	2	RABGAP1L
2.62584899393175e-05	-1.11943279862401	0.109	0.248	0.314918069842234	2	HDAC5
2.63380435289677e-05	-1.53963032468467	0.065	0.202	0.315872156042909	2	MAD1L1
2.72160733738462e-05	-1.17575522934405	0.076	0.19	0.326402367972537	2	BICRA
2.7530434343536e-05	0.293871115992812	0.984	0.965	0.330172499082028	2	FAU
2.75792050596479e-05	-1.3042035948102	0.082	0.22	0.330757406280358	2	TBC1D4
2.78222265082525e-05	-1.88769855703582	0.043	0.167	0.333671962513472	2	BRWD1
2.78230439146674e-05	-0.849008969059372	0.228	0.426	0.333681765668607	2	DAAM1
2.78272447426458e-05	-1.369809080662	0.092	0.25	0.333732146198551	2	MAST4
2.80265339426113e-05	-1.39907992537587	0.114	0.26	0.336122221573737	2	PPP1R16B
2.85214439626556e-05	-0.793665935215597	0.217	0.393	0.342057677444128	2	RALGAPA1
2.85311733058989e-05	-0.593401581125647	0.315	0.493	0.342174361457646	2	ZFP36
2.88273287497635e-05	-0.953362808007598	0.076	0.204	0.345726153695914	2	HIF3A
2.90560895209236e-05	-2.16827526422322	0.033	0.147	0.348469681624437	2	LOC138566346
2.9178798730186e-05	-1.01234353486041	0.109	0.25	0.34994133317112	2	RALGPS2
2.96037158968981e-05	-3.70752479089961	0.005	0.107	0.355037364751499	2	DOCK5
3.034723368956e-05	-1.28713008145126	0.087	0.205	0.363954373638894	2	ENPP1
3.04445064691889e-05	-1.1615991993674	0.082	0.207	0.365120966084983	2	ATXN2L
3.09845389201169e-05	-0.539365634281046	0.299	0.476	0.371597575268962	2	FOS
3.10314505236044e-05	-2.98404242609702	0.016	0.133	0.372160186129587	2	PLEKHG4B
3.12586815762096e-05	-1.48588475291314	0.087	0.218	0.374885368143482	2	ADAMTS20
3.13659052666755e-05	-0.766988831862409	0.391	0.561	0.37617130186324	2	ARL15
3.14520150653669e-05	-0.709526746872793	0.304	0.473	0.377204016678946	2	RIPOR1
3.14945590562233e-05	-0.963190751785369	0.207	0.377	0.377714246761286	2	CUL9
3.18758475672589e-05	-0.815575428862573	0.174	0.34	0.382287039874136	2	MEF2A
3.19657391729024e-05	0.631191748404072	0.745	0.629	0.383365109900619	2	B2M
3.2387102715514e-05	-4.20163386116965	0	0.094	0.388418522867159	2	TEX264
3.26714395757498e-05	-1.75215571656178	0.065	0.213	0.391828574831968	2	TRERF1
3.31396976947286e-05	-0.673864521209688	0.315	0.506	0.39744439445288	2	TNS1
3.36833212990973e-05	-1.70345512659056	0.049	0.155	0.403964072340073	2	MTMR12
3.39434591268585e-05	-1.61404589104167	0.043	0.159	0.407083905308414	2	DENND1A
3.44063706110365e-05	-0.937920380227584	0.147	0.295	0.412635602738161	2	GIT2
3.45616395189712e-05	-1.31052626280206	0.109	0.26	0.414497742751022	2	LRRK2
3.47551843460117e-05	-0.748461233004035	0.207	0.344	0.416818925861719	2	TNFAIP8L1
3.58387248243423e-05	-1.53101076183214	0.071	0.22	0.429813826818337	2	LYN
3.59478995543426e-05	-1.00681768418563	0.168	0.326	0.431123159355231	2	TAOK3
3.61078524682003e-05	-0.996889305652627	0.163	0.331	0.433041474651126	2	PTPRB
3.61175014816314e-05	-0.855458220035611	0.098	0.217	0.433157195269206	2	PCDH12
3.72505766855367e-05	-1.21071696593209	0.087	0.22	0.446746166189641	2	NUP188
3.76053709789199e-05	-0.97281517067377	0.136	0.285	0.451001214150187	2	ZNF407
3.76462442509745e-05	-1.77077139472912	0.049	0.181	0.451491407301938	2	GRAMD4
3.91456571665935e-05	-1.46466826700344	0.06	0.178	0.469473866398955	2	SNX14
3.9617231327915e-05	-1.08703073952979	0.103	0.233	0.475129455315685	2	APBB1
3.99259036159569e-05	-2.64524051264527	0.011	0.091	0.478831362066171	2	KLF12
4.03912924269193e-05	-0.832039332651974	0.174	0.33	0.484412770076043	2	MICU2
4.07322112568569e-05	-1.0991509035684	0.12	0.278	0.488501409603485	2	MINK1
4.09230629396869e-05	-1.88869454950954	0.033	0.137	0.490790293835666	2	GAB3
4.13427663511781e-05	-0.679936253906511	0.234	0.404	0.495823796849679	2	XPO5
4.16112427743711e-05	-1.27563444261343	0.098	0.231	0.499043634593033	2	FRAS1
4.18806286872264e-05	-1.54873253179192	0.038	0.145	0.502274379845906	2	ARHGAP39
4.24067236068137e-05	-1.97563018628082	0.033	0.158	0.508583836216517	2	TRAF7
4.26230903828856e-05	-2.23020301336642	0.027	0.139	0.511178722961947	2	ANO10
4.29542392656761e-05	-1.20985436797462	0.087	0.225	0.515150191513254	2	DGKH
4.29587031404039e-05	0.288008523013594	1	0.995	0.515203726762864	2	TMSB4X
4.31041047017558e-05	-1.50419663119008	0.049	0.165	0.516947527688158	2	MAML2
4.36817148808041e-05	-1.3772054257531	0.06	0.185	0.523874806565484	2	TP53I11
4.37276843166699e-05	-1.22871339522594	0.082	0.216	0.524426118009823	2	UGGT1
4.47553127867146e-05	-1.391767719956	0.114	0.262	0.536750466251068	2	ADAM15
4.50514799458104e-05	-0.556451055171896	0.386	0.578	0.540302398990104	2	CRIM1
4.5830092435096e-05	-0.830796165801342	0.087	0.214	0.549640298574106	2	SPTLC1
4.72612500663274e-05	0.288467492028674	0.995	0.952	0.566804172045465	2	RPL24
4.73287002782168e-05	-1.72100802026323	0.054	0.187	0.567613102436655	2	ATG2B
4.75596983183361e-05	-2.01215606230594	0.049	0.172	0.570383461931805	2	SRGN
4.86313430549654e-05	-1.44854860164017	0.054	0.163	0.5832356972582	2	TNFSF12
4.88756918950742e-05	-1.39347721914649	0.092	0.227	0.586166172897625	2	ITCH
4.89118327517642e-05	-1.00781059202997	0.125	0.26	0.586599610191908	2	USP32
5.05163078710003e-05	-1.15073296286961	0.136	0.301	0.605842080296907	2	ZSWIM8
5.08855014427249e-05	-1.64524051264527	0.065	0.201	0.6102698188026	2	SYNE3
5.21102182857753e-05	-0.987461946638171	0.201	0.369	0.624957847901303	2	KLHL4
5.29750228452229e-05	-1.0894981508391	0.109	0.234	0.635329448982758	2	ABHD2
5.32492786118233e-05	0.3366593632694	0.913	0.86	0.638618598391597	2	ATP5MC2
5.38414428074309e-05	-1.36513259345253	0.049	0.161	0.645720423589518	2	EXD3
5.39444365851152e-05	-1.4032677223393	0.071	0.212	0.646955627965286	2	LRRFIP1
5.4337544684836e-05	-0.751657404988961	0.272	0.428	0.651670173405238	2	NHSL2
5.46510589927991e-05	-1.25292308986651	0.103	0.244	0.65543015050064	2	KAT6A
5.47942337501205e-05	-0.688065700599894	0.158	0.307	0.657147245365195	2	RC3H1
5.53068983101771e-05	-1.48259017500071	0.076	0.215	0.663295631433954	2	HECTD4
5.61584233474214e-05	-1.1609201881811	0.179	0.317	0.673507971205625	2	TIMP1
5.64864094393263e-05	-1.00990448940899	0.071	0.183	0.67744150840584	2	USP25
5.71427853739675e-05	-1.89657958484668	0.071	0.201	0.685313424989992	2	NR6A1
5.75775378760028e-05	-0.740220712683667	0.212	0.37	0.690527411746902	2	ROCK2
5.83716145319321e-05	-1.23154943907394	0.098	0.232	0.700050773081461	2	SCRIB
5.93858619885433e-05	-0.583312763502064	0.543	0.723	0.7122146428286	2	LOC138504630
5.94963523076509e-05	-1.39698145949187	0.071	0.201	0.713539753225657	2	ARMC8
6.02121773617928e-05	-1.2821432287815	0.098	0.261	0.722124643099981	2	EXOC6B
6.05689604205203e-05	-1.40952671281098	0.082	0.21	0.7264035423233	2	MYO6
6.08777787103437e-05	-1.08432348589076	0.082	0.209	0.730107200073151	2	AHDC1
6.12970887920018e-05	-0.906039914095751	0.179	0.335	0.735135985882478	2	PPP4R1
6.24400778833578e-05	-2.58752501478898	0.011	0.095	0.74884385405511	2	EMILIN2
6.25981809879486e-05	-1.00072116724365	0.147	0.298	0.750739984588467	2	AKAP7
6.2620929652015e-05	-1.14845382331048	0.098	0.221	0.751012809316616	2	SETD1A
6.3043645625577e-05	-1.09458413396143	0.152	0.322	0.756082441987544	2	DOCK6
6.32215491262493e-05	-0.83741404456585	0.174	0.341	0.758216038671108	2	SIPA1L1
6.37650591742885e-05	-0.792553817187206	0.234	0.404	0.764734354677242	2	PTK2
6.47247396008967e-05	-0.83887204877371	0.196	0.336	0.776243802033554	2	SND1
6.50145813127588e-05	-0.953525999573959	0.179	0.336	0.779719873683916	2	FMNL3
6.63341950342262e-05	-0.664508846350044	0.25	0.405	0.795546001045474	2	RAPGEF6
6.63694834509353e-05	-0.850559420622772	0.13	0.262	0.795969215027068	2	MAP4K2
6.64464796823355e-05	-1.29631056070809	0.114	0.258	0.79689263083025	2	TRAPPC9
6.6513120502306e-05	-0.775416562760739	0.277	0.466	0.797691854184156	2	ERG
6.75363522038573e-05	-0.746660830541123	0.158	0.311	0.80996347198086	2	DIP2C
6.76635381273572e-05	-1.92701148106065	0.027	0.118	0.811488812761395	2	PUDP
6.86271730020848e-05	-2.10621429609097	0.016	0.107	0.823045685814003	2	MGAT4B
6.93596430553275e-05	-1.27906164332886	0.147	0.264	0.831830199162543	2	SELP
7.0827490833924e-05	-0.624891867253463	0.19	0.307	0.84943409757125	2	PTPRA
7.13806693949665e-05	-1.10957330818088	0.103	0.227	0.856068368053833	2	KDM3B
7.14636460915819e-05	-0.823917988096541	0.114	0.252	0.857063507576342	2	TNKS
7.15885810441119e-05	-0.788940302359106	0.174	0.321	0.858561852462034	2	ASAP2
7.26382037987156e-05	-2.20163386116965	0.022	0.111	0.871149978157996	2	WDR59
7.27162915878683e-05	-1.47204779736904	0.06	0.176	0.872086485013304	2	ARFGEF2
7.30445275396543e-05	-0.953078952612507	0.201	0.344	0.876023018783074	2	MICAL2
7.4554284290674e-05	-1.39066768555967	0.076	0.206	0.894129531498054	2	SMAD4
7.4652579736943e-05	-0.908274918479059	0.12	0.242	0.895308388785157	2	MCTP2
7.71244544193712e-05	-0.786846157587195	0.272	0.462	0.924953581851518	2	SIK3
7.71399125653134e-05	-2.67671874411843	0.016	0.124	0.925138971395804	2	ARSG
7.71988473458364e-05	-1.71764900817332	0.038	0.134	0.925845776218616	2	VAC14
7.75640206875582e-05	-0.922774488174174	0.158	0.298	0.930225300105886	2	CD99
7.78684483748454e-05	-1.46466826700344	0.06	0.168	0.933876301359521	2	CPEB4
8.05948760837286e-05	0.342892842712205	0.957	0.914	0.966574348872157	2	RPS17
8.08412723922081e-05	-1.28024369586602	0.098	0.232	0.969529379799751	2	ATP11B
8.13252292555061e-05	-0.950095094173686	0.223	0.421	0.975333474461285	2	LRCH1
8.20119033605547e-05	-1.65128955731807	0.071	0.206	0.983568757003132	2	TBC1D2
8.20593944403268e-05	-2.32154332490485	0.027	0.144	0.984138317522839	2	TBCD
8.22921980811553e-05	-0.49143517656623	0.489	0.696	0.986930331587295	2	PCDHGC3
8.24807470131749e-05	-0.771757852915174	0.179	0.33	0.989191598929006	2	UBR2
8.25553246652254e-05	-0.845354261491511	0.147	0.283	0.990086008710048	2	EPS15
8.27174522424205e-05	-1.08133962745194	0.114	0.253	0.99203040474335	2	MIA3
8.32836599115881e-05	-1.89167840794836	0.027	0.115	0.998820933319677	2	PPA2
0.00727596579852324	3.17918792277128	0.022	0.002	1	2	TNNI1
0.00727596579852324	3.17918792277128	0.022	0.002	1	2	RGS10
0.00203598341454488	2.85725982788392	0.033	0.005	1	2	CXCL14
0.00724409875261386	2.70525673443887	0.022	0.004	1	2	LOC138497778
0.00764848112355633	2.70525673443887	0.027	0.004	1	2	SLC7A11
0.00427013450244685	2.44222232860507	0.016	0.003	1	2	MYL10
0.00676176143026167	2.15271571141009	0.033	0.01	1	2	HAS2
0.00985678723745463	1.81419110599203	0.043	0.016	1	2	COL5A3
0.00658928205076597	1.40269396441844	0.087	0.034	1	2	CTHRC1
0.00552259939607516	1.37183300071368	0.038	0.02	1	2	LRP1B
0.00682093469824765	1.16211440941234	0.071	0.033	1	2	RWDD4
0.00708726233767373	1.0229970323628	0.185	0.106	1	2	ARL14EP
0.00982327979620512	0.592362678032935	0.62	0.526	1	2	POMP
0.00025419941028967	0.573499514231849	0.75	0.661	1	2	ACTG1
0.002722121339255	0.562903811027538	0.571	0.539	1	2	ACTN1
0.000188921411853501	0.528022306134016	0.815	0.74	1	2	TPM3
0.00885866474435405	0.526053919408545	0.565	0.485	1	2	BTF3
0.0053384776465902	0.517510455909311	0.44	0.38	1	2	PGK1
0.00479274990912949	0.499650608654144	0.576	0.53	1	2	MIF
0.00626763890617675	0.492155591794774	0.712	0.687	1	2	ATP5MK
0.000295222404932797	0.434673012190626	1	0.992	1	2	Fth1
0.00169840333612819	0.42913232916463	0.799	0.735	1	2	NONO
0.000795717768817829	0.427562610711883	0.908	0.85	1	2	CALM1
0.00479752973701411	0.409447292513454	0.875	0.826	1	2	MYL12B
0.00151277445686267	0.401925858428836	0.842	0.758	1	2	ND3
0.00122907693046001	0.398411234124585	0.745	0.656	1	2	ATP5MF
0.00952975423021409	0.391032647737767	0.745	0.719	1	2	COX6A1
0.0012748531151234	0.383093116729843	0.859	0.785	1	2	SNRPG
0.00131666848234371	0.376420270209328	0.929	0.856	1	2	RAC1
0.00288356815555105	0.370192642332421	0.723	0.661	1	2	ALDOA
0.0028861039911663	0.354458581098374	0.984	0.947	1	2	EEF1G
0.0007699336104935	0.344570920709219	0.94	0.902	1	2	HSPA8
0.00561140376024279	0.344502508082919	0.788	0.779	1	2	CDC42
0.000753977354283106	0.339860610975396	0.924	0.829	1	2	SET
0.00319527720680485	0.337584343546603	0.897	0.859	1	2	H2AZ1
0.000879672484750348	0.328431487813025	0.962	0.923	1	2	HNRNPAB
0.00108259992778592	0.324562966327754	0.859	0.786	1	2	FSTL1
0.000161349587046364	0.323054863864544	0.978	0.94	1	2	HNRNPA3
0.000225863963066792	0.322207141390967	0.957	0.924	1	2	RPL11
0.00272937760832127	0.31719004512334	0.995	0.945	1	2	RPS12
0.00198246494772375	0.312877698837784	0.913	0.862	1	2	RPL27A
0.00402061924328794	0.307572801910292	0.234	0.136	1	2	APLN
0.000391611913802913	0.306922967146213	0.978	0.916	1	2	RPS29
0.00209617244207176	0.293843295535639	0.908	0.901	1	2	HMGN1
0.00367688963650913	0.292537350036412	0.995	0.955	1	2	RPL14
0.000314989209120671	0.291979693024461	0.94	0.813	1	2	KRT18
0.00295263841317085	0.291297221966881	0.913	0.867	1	2	GAPDH
0.000345397832661282	0.282389745650039	0.962	0.916	1	2	RPS24
0.000174388426123494	0.281117927612244	1	0.96	1	2	RPS9
0.00133244552690499	0.278013899641052	0.951	0.931	1	2	RPS6
0.00216657859020419	0.267051157596803	0.978	0.931	1	2	RPL37
0.00684360799328275	0.257568270544019	0.989	0.972	1	2	COX1
0.00507977518337683	0.246135431835289	0.962	0.948	1	2	RPL10
0.00584153496197958	0.243973570018917	0.88	0.785	1	2	TUBA1C
0.00862682412779066	0.243288880092615	0.766	0.801	1	2	RPL10A
0.00382779214766236	0.238526590507518	0.918	0.899	1	2	RPL18
0.000137265714286594	0.233463639879398	1	0.997	1	2	CIRP
0.00755535032769703	0.229878479171973	0.967	0.94	1	2	RPL27
0.00477455846129755	0.226731927926324	0.978	0.917	1	2	RPL34
0.00445497236293303	0.223401956618748	0.891	0.77	1	2	HMGN2
0.0016052177894911	0.22219824148487	1	0.981	1	2	RPL32
0.00899252618577205	0.221721966609835	0.978	0.968	1	2	HNRNPK
0.00627063299413402	0.22150648507601	0.957	0.909	1	2	RPS21
0.00231617059064653	0.218804173104629	0.995	0.987	1	2	ANXA1
0.00146043316242076	0.215842723595189	0.995	0.972	1	2	RPL35
0.00566487667445574	0.214995457865427	0.984	0.944	1	2	RPS19
0.00705846810397216	0.210827100887673	1	0.969	1	2	RPS23
0.00331786253307812	0.206892485818045	0.989	0.966	1	2	RPS18
0.00726097176933961	0.185551408545356	0.946	0.849	1	2	KRT5
0.00822953332144126	0.183117514268419	0.995	0.975	1	2	RPLP2
0.00117222973824545	0.178701265643748	1	0.977	1	2	PTMA
0.00367964104575344	0.17412919608572	1	0.96	1	2	RPS28
0.00477155483542327	-0.120791199282437	0.446	0.555	1	2	PTGS2
0.0060133621047458	-0.202494914636505	0.234	0.345	1	2	CLEC14A
0.00510582757173875	-0.215989154146721	0.25	0.335	1	2	MYCT1
0.0059584322726971	-0.220742684117355	0.255	0.361	1	2	SDCBP2
0.0099487717472373	-0.222910520800065	0.533	0.667	1	2	ELK3
0.00792858276764282	-0.281804209853634	0.076	0.14	1	2	KCNN3
0.00320688873878495	-0.287790504919365	0.196	0.299	1	2	ZFAND5
0.00252886304828526	-0.300126462258035	0.321	0.454	1	2	HMGB3
0.0046872427308918	-0.307532326829602	0.277	0.394	1	2	SNX2
0.0051224496214116	-0.310118491448048	0.174	0.255	1	2	TIA1
0.00136286615179186	-0.313544704793883	0.94	0.949	1	2	S100G
0.00798110133414663	-0.318278780021921	0.31	0.405	1	2	MYO1C
0.000226075214031587	-0.326186313212013	0.402	0.559	1	2	GNAI3
0.00139013048849476	-0.327549410644374	0.397	0.522	1	2	LAPTM5
0.00201045516328047	-0.328514002216376	0.201	0.329	1	2	LOC138472955
0.00624286045437539	-0.335986247793014	0.196	0.289	1	2	SHROOM4
0.004403077181047	-0.340186236322299	0.359	0.501	1	2	ELOVL1
0.00881692361629241	-0.34648684065513	0.364	0.468	1	2	CAPN1
0.000469337804365065	-0.347854602020694	0.44	0.596	1	2	COL5A2
0.00144596323129912	-0.368324397942239	0.424	0.584	1	2	ADAM10
0.0082406597228097	-0.368563498852803	0.245	0.354	1	2	TMED10
0.00280139779075117	-0.371009159789199	0.283	0.399	1	2	CYB5R3
0.0090202429481364	-0.375400928906357	0.147	0.256	1	2	TNPO1
0.00391394290411142	-0.377031176699099	0.288	0.387	1	2	PGGHG
0.00347936938588986	-0.380318997267206	0.212	0.33	1	2	BICD2
0.00900178280556552	-0.380899909310846	0.185	0.252	1	2	RSRC2
0.00116858338458547	-0.381454898754463	0.337	0.459	1	2	TFPI2
0.000388484634835807	-0.383438247971775	0.5	0.677	1	2	APP
0.00651412743618552	-0.387852669952614	0.168	0.264	1	2	COQ10B
0.0017769038365411	-0.391069382636156	0.245	0.38	1	2	NDFIP1
0.00416323792347111	-0.394278939112046	0.359	0.482	1	2	FLNA
0.00664830575885304	-0.396338461290341	0.315	0.388	1	2	ID3
0.000985268277802039	-0.398299457387729	0.158	0.27	1	2	LDB1
0.000440636448547576	-0.399079925375868	0.288	0.425	1	2	IL6ST
0.00465285588109373	-0.400236394408446	0.25	0.34	1	2	CD151
0.00109526416555391	-0.404988582266643	0.196	0.322	1	2	MAP7D3
0.00474859013469859	-0.405774577949876	0.179	0.277	1	2	DIAPH1
0.00203657401310415	-0.412438308230886	0.12	0.202	1	2	LYPLA2
0.00657169079870349	-0.412829335483826	0.152	0.231	1	2	SLC39A7
0.00383085141533474	-0.413387762059751	0.277	0.351	1	2	VASP
0.00917674735940134	-0.417600013346665	0.239	0.335	1	2	ELOB
0.00769620747820615	-0.427469649049195	0.223	0.327	1	2	ARID1A
0.00145800365640014	-0.430720935080106	0.168	0.28	1	2	CLK4
0.0017302705622076	-0.432246789311067	0.245	0.355	1	2	ARL1
0.00460945825843433	-0.433132693570338	0.304	0.417	1	2	ATRX
0.00610720857897615	-0.43692327652054	0.168	0.258	1	2	PMEPA1
0.00371579677092304	-0.439133174896307	0.147	0.245	1	2	TNS2
0.00202435085167292	-0.444729419950114	0.283	0.399	1	2	RASIP1
0.00577444713076143	-0.447115373330775	0.543	0.645	1	2	MARCKS
0.000153742916193256	-0.447989525856814	0.293	0.438	1	2	LPP
0.00213141282003316	-0.451139882158797	0.38	0.506	1	2	ADGRL4
0.00623809486995759	-0.455330402424108	0.141	0.216	1	2	ARHGAP1
0.000548119754938641	-0.456206688255248	0.207	0.34	1	2	KLF7
0.00451259029487449	-0.456206688255248	0.261	0.353	1	2	RBM25
0.00900836386275827	-0.456630947938026	0.087	0.161	1	2	PIK3R2
0.00414733743171358	-0.456763068918098	0.234	0.361	1	2	ATP6V1A
0.000167778588138931	-0.457436697772369	0.293	0.438	1	2	SOX18
0.00944070566985983	-0.462429794807445	0.179	0.272	1	2	SMURF1
0.000183902734363613	-0.462999446642826	0.522	0.692	1	2	TRIM39
0.0024624672460661	-0.464668267003444	0.239	0.345	1	2	PPP3R1
0.009349978238133	-0.464668267003444	0.234	0.333	1	2	PSMD11
0.000758255146878224	-0.468039051342684	0.402	0.535	1	2	SSUH2
0.00177032353564614	-0.468099172403718	0.228	0.345	1	2	TM9SF2
0.00469730131252546	-0.472888773808413	0.141	0.231	1	2	DNM2
0.00181201945289417	-0.473385484104553	0.217	0.327	1	2	STIM2
0.00740476804132429	-0.474254315832642	0.174	0.257	1	2	TAOK2
0.000497567801509265	-0.476431716319282	0.418	0.557	1	2	IGFBP1
0.00195457828504101	-0.477965089616902	0.424	0.553	1	2	ESAM
0.00255358098261215	-0.478847202173206	0.234	0.347	1	2	TMEM109
0.00207808658160741	-0.480609810872466	0.207	0.316	1	2	MBNL1
0.00517893851573621	-0.484493245359694	0.234	0.344	1	2	CTTN
0.00923778047379828	-0.484927105987245	0.136	0.222	1	2	ACTR1A
0.00415850306051743	-0.486486377209135	0.288	0.386	1	2	ACVRL1
0.00305585911709828	-0.487185703564872	0.37	0.494	1	2	ZNF318
0.00698717120702654	-0.489064921310912	0.19	0.288	1	2	BRD3
0.00402277960999117	-0.489606168753346	0.272	0.393	1	2	RBFOX2
0.00694932548442889	-0.489759247966275	0.076	0.131	1	2	GRAMD2B
0.000395637776014937	-0.491747801059729	0.348	0.507	1	2	AKAP13
0.00703352294698791	-0.493237419200215	0.082	0.143	1	2	CHD2
0.00103328660992916	-0.493351021707529	0.413	0.568	1	2	KIAA1217
0.00438992772942995	-0.49352312967563	0.25	0.372	1	2	SKI
0.00237667701317288	-0.496377126730783	0.12	0.212	1	2	PRRG1
0.00675485918478192	-0.496377126730783	0.207	0.284	1	2	PALM2AKAP2
0.00322488607196052	-0.502068238808639	0.136	0.216	1	2	EPB41
0.00771436728128937	-0.502636117202465	0.13	0.204	1	2	ITSN1
0.00172760988799813	-0.50531025150079	0.13	0.231	1	2	FER
0.00826835044953766	-0.50531025150079	0.201	0.298	1	2	SLC12A2
0.00144707837914361	-0.508090547294573	0.321	0.473	1	2	CTSK
0.00091156006364762	-0.508868070913979	0.163	0.279	1	2	APOLD1
0.00850631972109714	-0.513108622061198	0.185	0.275	1	2	SLK
0.00316595577684697	-0.513995979367013	0.19	0.299	1	2	RPS6KA3
0.00400332739305267	-0.518249307208288	0.141	0.255	1	2	SBNO2
0.00693782796972493	-0.518249307208288	0.163	0.254	1	2	SPTAN1
0.00157548945670321	-0.518347526566388	0.168	0.306	1	2	TEAD1
0.00386017668143033	-0.521251795369812	0.152	0.247	1	2	SGCE
0.00481933791846062	-0.521251795369812	0.168	0.26	1	2	C9H3orf70
0.00283112711293884	-0.521251795369812	0.304	0.428	1	2	GNB4
0.00948481901502021	-0.523561956057013	0.212	0.319	1	2	OLA1
0.00120307974798475	-0.529208519198155	0.212	0.341	1	2	TNFRSF1A
0.00456695185718744	-0.529763295225329	0.207	0.305	1	2	SPRED1
0.00338185141039487	-0.531782462861982	0.098	0.155	1	2	TGFBR1
0.00428090184256677	-0.534318698570937	0.147	0.229	1	2	EIF2S1
0.00129709086352892	-0.535751365064927	0.245	0.379	1	2	LRRC32
0.00567326250693329	-0.538325308728754	0.125	0.204	1	2	FLII
0.00601154006554307	-0.539630324684667	0.239	0.341	1	2	CALU
0.00670327664674798	-0.540771246089236	0.13	0.21	1	2	PPP1R15A
0.00858983693754536	-0.541289548606357	0.158	0.242	1	2	PRELID1
0.000291297011677828	-0.541836127525904	0.321	0.492	1	2	CDH5
0.00368578911349131	-0.543469834711042	0.163	0.26	1	2	USP7
0.000441025440270369	-0.547724006731003	0.239	0.374	1	2	NAP1L4
0.00617638055827658	-0.548419616696692	0.223	0.316	1	2	LBH
0.00464893224743603	-0.551083018820917	0.114	0.183	1	2	VGLL4
0.00766231818525042	-0.552759596628301	0.168	0.255	1	2	AP1S2
0.00301482345945857	-0.55314622266328	0.168	0.264	1	2	BAIAP2
0.000111385052195484	-0.553719454820572	0.505	0.672	1	2	FLI1
0.00361095673838919	-0.557777671394926	0.098	0.178	1	2	TPST2
0.00669465341093154	-0.557777671394926	0.147	0.255	1	2	TWF2
0.00971244645556852	-0.557777671394926	0.087	0.156	1	2	MRTFB
0.00181209134796302	-0.560148575857673	0.283	0.452	1	2	COL5A1
0.00221686164295985	-0.562279063629866	0.168	0.288	1	2	NOVA2
0.00191006597340075	-0.562394299465296	0.158	0.276	1	2	CYB5R1
0.00688990774446554	-0.565431243938361	0.201	0.298	1	2	PLPP1
0.00392400868538777	-0.567761759967548	0.147	0.252	1	2	ERC1
0.00915055821915924	-0.574079483724027	0.141	0.24	1	2	PDE6D
0.00872116785633592	-0.575265098123767	0.179	0.279	1	2	SAMD9
0.00135328414985315	-0.575407565416717	0.245	0.394	1	2	FGR
0.00771078874988698	-0.576313622832354	0.109	0.212	1	2	SCARF1
0.00593778374966398	-0.579088177640338	0.163	0.282	1	2	MAP4
0.00564137868955971	-0.579257398805378	0.092	0.171	1	2	BGN
0.00865987014959725	-0.580714482672084	0.185	0.277	1	2	PAK2
0.0027748013298196	-0.581313185855715	0.152	0.265	1	2	DENND4C
0.00470128531713889	-0.581624413349294	0.136	0.217	1	2	ATXN1
0.00769895507125257	-0.581624413349294	0.136	0.218	1	2	RBBP6
0.000545584077136028	-0.581943982525678	0.147	0.267	1	2	PDCD10
0.00327821628607618	-0.582161830021885	0.098	0.169	1	2	ACSL1
0.00327403987698793	-0.586840136997388	0.185	0.312	1	2	ASPH
0.00883654886010912	-0.588539925165613	0.13	0.209	1	2	INF2
0.00989156335433909	-0.589255902868094	0.212	0.309	1	2	TSC22D2
0.0059912349512571	-0.590199149087304	0.163	0.254	1	2	ABCE1
0.00497593164132982	-0.591200672932376	0.136	0.235	1	2	DENND2C
0.0060308511496977	-0.592266047780217	0.13	0.219	1	2	DLC1
0.00801750225689083	-0.592266047780217	0.13	0.228	1	2	LUZP1
0.00549350604256102	-0.593401581125647	0.141	0.223	1	2	PPM1F
0.000113492836275485	-0.593775869632323	0.337	0.529	1	2	PTBP3
0.00922013928567939	-0.595252376813589	0.076	0.141	1	2	MPDZ
0.00206876000814895	-0.596251819209561	0.163	0.26	1	2	KIF13B
0.00800643280670297	-0.60008847625289	0.092	0.155	1	2	ZDHHC20
0.00307866403057388	-0.600663484248102	0.136	0.221	1	2	UBA1
0.000403367005611872	-0.601050379860625	0.25	0.405	1	2	EPPK1
0.00361704465526393	-0.606140692956325	0.19	0.301	1	2	MMP2
0.00166157387419771	-0.609729751029648	0.288	0.423	1	2	MAGI1
0.00380760602618395	-0.611644543373662	0.332	0.478	1	2	LYVE1
0.00467017173869743	-0.611854344150718	0.141	0.237	1	2	HEG1
0.000377968216134067	-0.616671360448494	0.158	0.272	1	2	HECTD1
0.00722859873551387	-0.616671360448494	0.076	0.143	1	2	CLPX
0.00900263493617333	-0.616671360448494	0.054	0.097	1	2	LOC138497209
0.00284690400794259	-0.620061949649268	0.147	0.26	1	2	DGCR2
0.00113669757409789	-0.62027359712869	0.207	0.325	1	2	PTPN2
0.000288156940668145	-0.620339009159301	0.375	0.508	1	2	DUSP1
0.00267092012116557	-0.626257409277692	0.082	0.147	1	2	YTHDF3
0.00199190287808548	-0.627125718085661	0.136	0.253	1	2	PPP2R5A
0.000645003133014414	-0.63061847828042	0.239	0.36	1	2	FBLN2
0.000458225643618971	-0.631487357577935	0.228	0.386	1	2	PPP1R12A
0.0013903143889765	-0.633065798699163	0.234	0.364	1	2	UTRN
0.000232118118261902	-0.637079791664326	0.321	0.461	1	2	ANXA11
0.00845293475125075	-0.63750486386566	0.092	0.165	1	2	AR
0.00428563078512655	-0.640239831586899	0.152	0.263	1	2	SMAP1
0.00218033331761321	-0.640767036065957	0.174	0.274	1	2	DEDD2
0.00300234487349065	-0.645240512645265	0.13	0.234	1	2	APLP1
0.00313164560112963	-0.645240512645265	0.13	0.212	1	2	SYNE2
0.00482469566217971	-0.645240512645265	0.125	0.213	1	2	ZMIZ1
0.000556235394144194	-0.646371594663915	0.31	0.464	1	2	MYOF
0.00222674648930257	-0.647975480366504	0.136	0.231	1	2	ANKRD17
0.000731911028366583	-0.648380220175833	0.12	0.21	1	2	HIPK1
0.00186496190818747	-0.651436778609171	0.179	0.294	1	2	NKAIN1
0.000276159048654745	-0.65175381960394	0.152	0.277	1	2	UBE3A
0.00139400718050433	-0.652496328648064	0.147	0.262	1	2	FBXW7
0.00854627491657757	-0.652496328648064	0.147	0.251	1	2	ATRN
0.00971721347003405	-0.653992986654229	0.136	0.214	1	2	IGF2R
0.00293189209794882	-0.654240510896217	0.19	0.313	1	2	F8
0.000592465296692409	-0.654350931089979	0.245	0.386	1	2	ARHGEF2
0.000968500823218992	-0.654780078200318	0.38	0.505	1	2	PMP22
0.00436669561214625	-0.656267534794289	0.12	0.184	1	2	MAT2A
0.00786229888227173	-0.65731334494584	0.12	0.22	1	2	GRK5
0.00350029519960535	-0.663170670294665	0.435	0.587	1	2	SOCS3
0.00976607478445143	-0.663572335417522	0.103	0.181	1	2	TIMELESS
0.0056979234389496	-0.663977075226851	0.065	0.139	1	2	TMCC3
0.00819420086410449	-0.665306135699371	0.098	0.168	1	2	TINAGL1
0.00235327191954487	-0.665580960929441	0.13	0.236	1	2	CCDC6
9.63576991225461e-05	-0.66671204294809	0.223	0.372	1	2	MBNL2
0.0065424008804093	-0.667402162569424	0.082	0.147	1	2	ARAP1
0.00964817411461825	-0.667402162569424	0.087	0.147	1	2	SH3BP5
0.00059594489210301	-0.667831216859839	0.185	0.305	1	2	PTPN12
0.00327036664539862	-0.667831216859839	0.196	0.304	1	2	MAPK1
0.00103268378221744	-0.669285986611917	0.179	0.315	1	2	DYNC1I2
0.00837852198364373	-0.669285986611917	0.06	0.113	1	2	TAF9B
0.00444814558878519	-0.670840335881562	0.114	0.179	1	2	MYO9A
0.00712709392030059	-0.675235252943103	0.114	0.208	1	2	MED13
0.00446988176971512	-0.675774880793377	0.109	0.176	1	2	AARS1
0.00962134721646735	-0.676172372197156	0.082	0.148	1	2	TYMS
0.00105732372002319	-0.676718744118433	0.147	0.236	1	2	MMRN2
0.00696920765741685	-0.677516915669022	0.114	0.206	1	2	WASHC4
0.00625046475989483	-0.67829047871216	0.158	0.255	1	2	VPS26A
0.00247925530411942	-0.678793072356292	0.141	0.241	1	2	PIP4K2B
0.0068524906808728	-0.678793072356292	0.136	0.229	1	2	OTUD4
0.00187969244368912	-0.679241183880593	0.163	0.278	1	2	RB1
0.000817571986754232	-0.679407115796457	0.109	0.211	1	2	LPAR4
0.00415749934543161	-0.679407115796457	0.12	0.214	1	2	ADAM17
0.00614118066831945	-0.679768195773536	0.168	0.271	1	2	ATP1A1
0.00479501869558991	-0.680174302754652	0.092	0.18	1	2	ITPK1
0.00131097283224902	-0.680396958058882	0.136	0.249	1	2	PACSIN2
0.00116263262119423	-0.680537564758558	0.152	0.272	1	2	CHD7
0.00227149635600046	-0.681160086900208	0.109	0.215	1	2	NCOA1
0.00026892095895297	-0.682322769333229	0.234	0.353	1	2	LHFPL7
0.000686077786783453	-0.68247341884424	0.217	0.358	1	2	CDK17
0.00734935039148555	-0.682473418844241	0.174	0.269	1	2	SETD2
0.0016380500230816	-0.683886440544749	0.103	0.187	1	2	ZDHHC21
0.00760027188428832	-0.684633950945352	0.158	0.253	1	2	PERP
0.00574326442677175	-0.685267406516842	0.098	0.178	1	2	LOC138567585
0.000146717531012918	-0.687060688339892	0.109	0.217	1	2	ATF3
0.00357116442443032	-0.687060688339893	0.141	0.236	1	2	NR4A1
0.000183623897244956	-0.688065700599894	0.163	0.282	1	2	INPPL1
0.000366207388262133	-0.68980606507871	0.212	0.377	1	2	ITPR2
0.00443673914376723	-0.691633418129716	0.239	0.357	1	2	SERPING1
0.000586153424093476	-0.691633418129717	0.201	0.305	1	2	B3GNT2
9.99959888289932e-05	-0.691998611155559	0.239	0.384	1	2	SELE
0.00621726761874837	-0.693914359380955	0.212	0.321	1	2	DAB2
0.000311193946405388	-0.696080693664013	0.179	0.305	1	2	AP1G1
0.00337147937650642	-0.696191700092021	0.147	0.245	1	2	CHST3
0.000423133627551781	-0.697566954863919	0.19	0.336	1	2	AP3D1
0.00221112551866798	-0.697707932539401	0.12	0.214	1	2	MAPK8
0.000160269504900553	-0.700221936415131	0.217	0.385	1	2	NCK1
0.000166241195799214	-0.701707464304294	0.228	0.367	1	2	PLEKHG5
0.00168947602254866	-0.701707464304294	0.223	0.349	1	2	PLEC
0.00894595037061513	-0.70320811091649	0.163	0.257	1	2	AGFG1
0.00276826158966932	-0.704619059724197	0.087	0.172	1	2	MFF
0.00419536387631359	-0.704619059724197	0.12	0.219	1	2	HIAT1
0.000318171534703363	-0.705421225461232	0.223	0.385	1	2	CD276
0.0078377423317563	-0.707524790899608	0.076	0.131	1	2	CLIP1
0.0089541919206871	-0.709086994669891	0.109	0.21	1	2	WDR37
0.000735145163738507	-0.709780764839976	0.158	0.278	1	2	ZFAND3
0.0078571143233699	-0.710424681405403	0.12	0.209	1	2	TNFRSF3
0.000841693956426345	-0.711023931690608	0.125	0.234	1	2	OSBP
0.00453370401841321	-0.711583007473961	0.098	0.157	1	2	LOC138459848
0.00488271517093357	-0.714821381540506	0.125	0.207	1	2	SMIM15
0.00495936413385406	-0.715318948381406	0.103	0.204	1	2	PTPN9
0.00657013404933744	-0.715779505461419	0.12	0.215	1	2	TET3
0.00669784220924554	-0.716207033999409	0.136	0.22	1	2	USP11
0.00167813156040558	-0.718052502803519	0.223	0.344	1	2	CAMK2G
0.000700960965301144	-0.720560603593219	0.174	0.309	1	2	MCL1
0.00398112408327296	-0.721966303288094	0.125	0.214	1	2	MARK1
0.000935961939168175	-0.722836917665422	0.277	0.4	1	2	SMAD1
0.000383275867530832	-0.724213686757358	0.19	0.34	1	2	KTN1
0.000213806659083623	-0.724359229762868	0.223	0.355	1	2	CUX1
0.000179407310063177	-0.724731106305947	0.207	0.347	1	2	PLPP3
0.00646884731609629	-0.727702672837238	0.19	0.294	1	2	CHD9
0.000240494163993052	-0.727702672837238	0.315	0.467	1	2	TSPAN14
0.00261506090807152	-0.727702672837238	0.043	0.104	1	2	RCC1
0.00309934196697623	-0.727702672837238	0.141	0.242	1	2	TNK2
0.0038177019917369	-0.727702672837238	0.163	0.291	1	2	UBAP2
0.0069547516130904	-0.727702672837238	0.054	0.112	1	2	NDUFS2
0.00805049643471769	-0.727702672837238	0.087	0.167	1	2	CAB39L
0.00828787871378446	-0.727702672837238	0.152	0.255	1	2	RPTOR
0.00505639406301556	-0.733036117140279	0.136	0.231	1	2	MSI2
0.00597990482266605	-0.733416324031632	0.13	0.222	1	2	ZEB1
0.00133584450235419	-0.734366403118249	0.114	0.196	1	2	NAA35
0.00165344209058778	-0.735695463590769	0.092	0.169	1	2	MAPKAPK5
0.00716574380128572	-0.736114912653438	0.087	0.161	1	2	SGCB
0.0055795589938598	-0.737101370839488	0.071	0.136	1	2	PRICKLE1
0.00420588786095377	-0.737385226234578	0.152	0.258	1	2	PRRC2C
0.00117816867274816	-0.738590988979975	0.201	0.315	1	2	MED13L
0.000577591020530411	-0.740999495450696	0.098	0.195	1	2	TBL1XR1
0.00169641228403248	-0.740999495450696	0.19	0.32	1	2	ADAM12
0.000756553074152155	-0.742202242532353	0.147	0.261	1	2	WIPF1
0.00230172288076341	-0.744190795625807	0.141	0.234	1	2	TAOK1
0.000709469100583644	-0.744929086947834	0.158	0.277	1	2	PLA2G4A
0.0026978223461007	-0.745404674570697	0.109	0.222	1	2	ELF2
0.00481557126039733	-0.745404674570697	0.076	0.147	1	2	SETD1B
0.0046402568040425	-0.749397743936557	0.098	0.183	1	2	HERC2
0.00843609929521693	-0.750422749337322	0.185	0.306	1	2	ARHGEF28
0.00214449737034075	-0.753125269717145	0.098	0.195	1	2	GRAMD1A
0.0045381618814454	-0.753125269717145	0.12	0.21	1	2	FBXW11
0.00951314412547971	-0.753125269717145	0.114	0.2	1	2	NHSL1
0.00011798055184799	-0.755079111768543	0.261	0.404	1	2	GNAS
0.000103984374168959	-0.759411532564576	0.185	0.312	1	2	THOC2
0.00123845620393633	-0.759411532564576	0.168	0.28	1	2	CD55
0.00105285037141783	-0.762136169901112	0.207	0.351	1	2	HSD17B12
0.0035798095217469	-0.764935579036214	0.141	0.272	1	2	HIBADH
0.00237942470405821	-0.765373090803294	0.087	0.18	1	2	PRKAR2A
0.00652500402077641	-0.769828148509915	0.06	0.134	1	2	PCID2
0.00140040631746246	-0.770771394729124	0.103	0.188	1	2	GOLGA4
0.000287879463803853	-0.771556962426665	0.228	0.38	1	2	KIF1B
0.0027828924525243	-0.772790562365777	0.092	0.181	1	2	GCN1
0.00612722906855791	-0.774433723182229	0.109	0.221	1	2	CCDC88A
0.00196860732885464	-0.774589060468074	0.168	0.297	1	2	TSPAN9
0.00217061406262642	-0.77568270173906	0.098	0.192	1	2	CNKSR3
0.000119691448397381	-0.776612273318185	0.125	0.241	1	2	DLG1
0.00404896872444323	-0.777826152263075	0.103	0.186	1	2	ELF1
0.00976217795638176	-0.777826152263075	0.109	0.189	1	2	GORASP2
0.0069820640017309	-0.780170092731374	0.12	0.197	1	2	CLEC2L
0.000647227753682213	-0.780170092731374	0.163	0.285	1	2	PCDH17
0.00225240398406716	-0.780170092731374	0.098	0.183	1	2	USPL1
0.000258545491161789	-0.781043130604242	0.223	0.336	1	2	ENTPD1
0.000163777785722293	-0.781340636439312	0.201	0.346	1	2	PRRC2A
0.000372773567673966	-0.781426248701799	0.179	0.321	1	2	SPAG9
0.00431996599797278	-0.782408564927373	0.109	0.199	1	2	TFG
0.00911419855713552	-0.783845750874772	0.06	0.124	1	2	SETX
0.00213108190113872	-0.786596361890807	0.12	0.207	1	2	MRPL23
0.00687496964063853	-0.78807529081672	0.054	0.116	1	2	IARS2
0.00650441703529513	-0.788456703916334	0.136	0.242	1	2	ETV2
8.66523213405303e-05	-0.788940302359106	0.141	0.287	1	2	JUN
0.00249888037472072	-0.790438428185201	0.087	0.172	1	2	HEXIM1
0.00279603308293133	-0.790438428185201	0.092	0.171	1	2	PALS2
0.0048355307616064	-0.790438428185201	0.092	0.174	1	2	MROH1
0.00161752697756666	-0.791833010256954	0.098	0.191	1	2	SNX27
0.00149559084948531	-0.794816868695775	0.152	0.242	1	2	FOSB
0.000713780067132069	-0.796182410720005	0.136	0.258	1	2	CCNY
0.000325910976898891	-0.797243606090315	0.147	0.288	1	2	WIZ
0.000999078826373643	-0.798785770898721	0.158	0.266	1	2	PTPN11
0.00139653461313762	-0.799182061257177	0.147	0.252	1	2	KLF2
0.000202739395958623	-0.800397900959075	0.19	0.334	1	2	DST
0.00197740237136402	-0.801480598976786	0.163	0.275	1	2	ABCB5
0.00373412890071649	-0.801703254281015	0.082	0.162	1	2	DUSP9
0.000682414631746386	-0.802400040114839	0.103	0.197	1	2	RUFY3
0.00103409715209038	-0.805705184838511	0.071	0.158	1	2	RNF123
0.00439741908567388	-0.805705184838511	0.065	0.14	1	2	RTKN
0.00982136897873269	-0.805705184838511	0.071	0.148	1	2	MED4
0.00055289445697382	-0.805705184838512	0.212	0.351	1	2	TCF3
0.0035056031610868	-0.805705184838512	0.12	0.234	1	2	OGDH
0.000486348595650937	-0.807391561466398	0.179	0.338	1	2	KDM6B
0.00424584691304925	-0.8080043009281	0.152	0.26	1	2	OSBPL8
0.0022352116111972	-0.808152505257254	0.136	0.259	1	2	GIGYF1
0.00343420611189132	-0.809316438390891	0.098	0.178	1	2	DENND5B
0.00681071799919836	-0.809696045034546	0.087	0.166	1	2	SENP1
0.00522097413058782	-0.810164833029211	0.087	0.15	1	2	ZC3H18
0.000918562314099064	-0.810758412564797	0.136	0.251	1	2	AP3B1
0.00307841565863167	-0.811534263640709	0.114	0.224	1	2	PPFIBP1
0.000820987439783949	-0.812591570423751	0.076	0.183	1	2	CH25H
0.00527982580849432	-0.812591570423751	0.114	0.19	1	2	RAB5C
0.00962973655805788	-0.813278404543312	0.092	0.172	1	2	FBXO11
0.0066126073221831	-0.81478828960095	0.13	0.22	1	2	USO1
0.00182348454918153	-0.81478828960095	0.217	0.361	1	2	HOOK3
0.00824607343415817	-0.815165514087578	0.065	0.144	1	2	EXTL3
0.0023549683352473	-0.816511939795094	0.092	0.19	1	2	CSNK2A2
0.0066891011380175	-0.816511939795094	0.125	0.233	1	2	RABEP1
0.0004507059367396	-0.817121228904265	0.364	0.501	1	2	NOS3
0.00118540964128322	-0.818737748990861	0.13	0.245	1	2	ITSN2
0.00524091208881608	-0.818737748990861	0.141	0.246	1	2	WDFY1
0.000251913535766082	-0.82081207722872	0.158	0.304	1	2	MARK2
0.00157959572892223	-0.821885111893946	0.13	0.238	1	2	NSD3
0.000929640350506122	-0.822480897589338	0.071	0.164	1	2	TAF2
0.00267987500405034	-0.822480897589338	0.071	0.157	1	2	PDLIM7
0.00091506468440865	-0.823122237915921	0.125	0.227	1	2	PHF20
0.0090605917779558	-0.823461655642669	0.136	0.227	1	2	LHX6
0.000716357341397811	-0.824147789791976	0.196	0.333	1	2	ICAM5
0.000603306242386348	-0.824564212089827	0.13	0.267	1	2	MCUB
0.00419526410067629	-0.826266507320828	0.109	0.203	1	2	GSTK1
0.000188049705029974	-0.827683553934006	0.179	0.342	1	2	LDB2
0.00846578428164226	-0.828306613775644	0.098	0.175	1	2	RBM33
0.0003652098474201	-0.829486410794553	0.174	0.301	1	2	CDC42BPA
0.000604199643340197	-0.829486410794553	0.168	0.299	1	2	RIN2
0.00368436109354488	-0.830796165801342	0.065	0.139	1	2	RNF111
0.00191763785543251	-0.830796165801342	0.087	0.187	1	2	ITGA4
0.00126052439660248	-0.832020968524443	0.484	0.59	1	2	INSR
0.00193967843865136	-0.833055672983467	0.103	0.193	1	2	SMG1
0.00795328236741687	-0.833902076669164	0.076	0.143	1	2	MAN1B1
0.000983610096941587	-0.836637044390403	0.071	0.157	1	2	ALG1
0.00080036836464755	-0.837885590587661	0.098	0.191	1	2	SAMD4B
0.0024620698515344	-0.837885590587661	0.087	0.184	1	2	JADE2
0.00598158810095931	-0.840331527948144	0.136	0.224	1	2	CERT1
0.000148547635135817	-0.841986100333129	0.125	0.252	1	2	ZC3H13
0.000178774175107323	-0.843179890257174	0.103	0.211	1	2	GLG1
0.000519935237471913	-0.843179890257174	0.114	0.22	1	2	HDGFL2
9.8972294903603e-05	-0.843179890257174	0.114	0.231	1	2	PLCL2
0.000113861812118212	-0.843179890257174	0.114	0.242	1	2	PIK3CA
0.00211287691601515	-0.843179890257174	0.147	0.247	1	2	R3HDM2
0.00221271506623838	-0.843179890257174	0.147	0.267	1	2	OGT
0.00146346338005876	-0.844658819183087	0.125	0.23	1	2	WAPL
0.00428225629512198	-0.84478735007906	0.174	0.273	1	2	IGF2
0.000404013976198351	-0.845354261491511	0.071	0.149	1	2	MTMR4
0.00447684943039677	-0.845354261491511	0.071	0.155	1	2	TMEM131
0.0021853828894031	-0.847284288589911	0.125	0.228	1	2	UBL3
0.00503065513728678	-0.847284288589911	0.087	0.167	1	2	SNX13
0.00164932020215721	-0.84799690655495	0.092	0.188	1	2	SH3PXD2A
0.00645153957739747	-0.84799690655495	0.201	0.347	1	2	RGL3
0.00277441638519764	-0.849008969059372	0.082	0.174	1	2	FYN
0.00476527740818244	-0.849008969059372	0.076	0.159	1	2	PRKCZ
0.000267473322775846	-0.849543795772036	0.141	0.254	1	2	CEP170
0.000572001180986241	-0.849543795772036	0.125	0.246	1	2	NF1
0.00213798689194167	-0.850559420622772	0.158	0.303	1	2	FRYL
0.000210186705928116	-0.851960775799384	0.082	0.182	1	2	LOC138528830
0.00506993726644407	-0.853233554921097	0.043	0.101	1	2	SS18L1
0.00195381898249436	-0.855458220035611	0.071	0.155	1	2	ESYT1
0.00216147482476489	-0.855458220035611	0.087	0.211	1	2	LPCAT4
0.000151781026601065	-0.855957163509679	0.223	0.371	1	2	PRKAA1
0.00037538858317035	-0.859527884344658	0.158	0.292	1	2	ROCK1
0.00054828296611957	-0.859668013045743	0.12	0.244	1	2	PAFAH1B1
9.21648637765195e-05	-0.860596943334583	0.174	0.303	1	2	CCDC80
0.000363384631494591	-0.860969203700702	0.136	0.242	1	2	MBOAT2
0.00242652640902696	-0.861558419572029	0.141	0.254	1	2	MARCHF3
0.00568246492393166	-0.861558419572029	0.071	0.132	1	2	ZDHHC14
0.0091842811636261	-0.861558419572029	0.082	0.143	1	2	EPB41L1
0.00291648708829841	-0.862962502447712	0.136	0.23	1	2	RANBP9
0.00279625563688264	-0.863586100919011	0.125	0.236	1	2	SRPK2
0.00427112698718294	-0.863586100919011	0.125	0.239	1	2	RALGAPB
0.000767306047439909	-0.865206196587173	0.147	0.247	1	2	DIPK2B
0.00128902077706914	-0.866530377534555	0.109	0.191	1	2	CERS5
0.00206778938550296	-0.867632933981713	0.114	0.208	1	2	ZC3H3
0.00602335073820728	-0.867632933981713	0.049	0.116	1	2	AGGF1
0.00989638634874428	-0.868565208677088	0.06	0.122	1	2	MRPS28
0.00136424378781646	-0.870055596248569	0.054	0.126	1	2	RAPGEF3
0.00648345720796032	-0.870660626679281	0.071	0.144	1	2	FN3K
0.00673486265176707	-0.870660626679281	0.076	0.145	1	2	RASSF1
0.000296378699914863	-0.870935556654556	0.141	0.284	1	2	STAT5B
0.00486754279686429	-0.87166844721687	0.087	0.165	1	2	DHX36
0.000146612364894332	-0.874722358768032	0.141	0.253	1	2	HIP1
0.000518859925648406	-0.874722358768032	0.125	0.249	1	2	KDM4B
0.00735052637144	-0.875577880659611	0.141	0.223	1	2	SH3RF3
0.00303482352897667	-0.879705766282288	0.109	0.221	1	2	AP2B1
0.000299941002964763	-0.879705766282288	0.109	0.238	1	2	GRK4
0.000245585476260599	-0.879705766282288	0.207	0.331	1	2	MGAT4D
0.000833107782986335	-0.879705766282288	0.082	0.174	1	2	PLD2
0.00336250432069633	-0.879705766282288	0.092	0.185	1	2	MAP2K4
0.00377613586631391	-0.879705766282288	0.082	0.157	1	2	PIP5K1C
0.00436427381448715	-0.879705766282288	0.082	0.165	1	2	LIMS2
0.00458292373644873	-0.879705766282288	0.082	0.175	1	2	NOS1AP
0.00562045922338517	-0.879705766282288	0.071	0.132	1	2	HAUS6
0.00740179064009605	-0.879705766282288	0.065	0.143	1	2	SLC25A22
0.00618282342742946	-0.884849069558248	0.141	0.246	1	2	NUFIP2
0.00360292882045081	-0.885243949823718	0.114	0.208	1	2	MCF2L
0.00980388318938565	-0.885243949823718	0.136	0.239	1	2	TLE5
0.00059689431481524	-0.885704506903731	0.098	0.205	1	2	GAB2
0.000390239861764734	-0.886559437323351	0.098	0.192	1	2	DGKD
0.00209545567375301	-0.887278985987089	0.098	0.176	1	2	ADSS2
0.00936667019672968	-0.888694549509543	0.076	0.153	1	2	TRAM2
0.000917013278218955	-0.890760954791284	0.114	0.223	1	2	LMNB1
0.00316340691499262	-0.891201405120118	0.109	0.223	1	2	CMIP
0.000375483362821769	-0.891678407948364	0.098	0.207	1	2	BMPR2
0.000292435216658713	-0.89201902772114	0.152	0.297	1	2	CLASP1
0.00276460380021854	-0.89201902772114	0.158	0.287	1	2	CNOT1
0.00486545173529144	-0.894061059259358	0.103	0.178	1	2	TBC1D5
0.00621966172704715	-0.894061059259358	0.038	0.097	1	2	CREBRF
0.00706955158712911	-0.894812658672496	0.082	0.149	1	2	BEGAIN
0.00989661799243564	-0.895647310151309	0.033	0.086	1	2	N4BP1
0.000567188692860191	-0.896256942546136	0.12	0.223	1	2	ATP13A3
0.00103374436704316	-0.897264137666593	0.185	0.306	1	2	PTGS1
0.00767342243792252	-0.897627674279551	0.071	0.15	1	2	ZDHHC8
0.000199395902137761	-0.899245952677934	0.103	0.205	1	2	MID1
0.00428594800669876	-0.90118549369274	0.087	0.178	1	2	THSD1
0.00959147650614444	-0.901732072612287	0.054	0.123	1	2	MED23
0.00073776006118658	-0.902606168392367	0.103	0.226	1	2	STK3
0.000955252022714441	-0.903552508236656	0.049	0.118	1	2	LOC138521914
0.00975350719120445	-0.903552508236656	0.087	0.164	1	2	MMP16
0.000927276335786655	-0.904580434921317	0.098	0.204	1	2	ZNF91
0.000110567344889108	-0.905240858389426	0.136	0.249	1	2	NPEPPS
0.000209092856587697	-0.905700974815233	0.092	0.207	1	2	CLTCL1
0.0014076560807978	-0.906505825626004	0.152	0.267	1	2	ARHGEF1
0.000267110349255421	-0.906927235017313	0.092	0.19	1	2	CNTRL
0.000424514288536942	-0.906927235017313	0.087	0.188	1	2	CLEC11A
0.00868792191083906	-0.908274918479059	0.071	0.145	1	2	PPP2R5D
0.00666439538110376	-0.910294086115711	0.071	0.134	1	2	FRMD6
0.00154900280769277	-0.911414626009626	0.082	0.168	1	2	CRYBG1
0.00109631682138132	-0.913258325993315	0.163	0.301	1	2	HELZ
0.000674469614862452	-0.913653098205626	0.092	0.195	1	2	PPP3CC
0.00303056821936759	-0.913653098205626	0.103	0.2	1	2	RAB10
0.00997550168765129	-0.91411579706812	0.141	0.255	1	2	PPP6R1
0.00113975522744732	-0.916858764699754	0.098	0.208	1	2	ST3GAL4
0.00372685522090841	-0.917180471700951	0.087	0.177	1	2	BCLAF3
0.00955481466657224	-0.917673616481309	0.071	0.141	1	2	MOB3A
0.00131523943213892	-0.918033884941388	0.114	0.234	1	2	LAMB2
0.00273358712582396	-0.919234130468925	0.092	0.17	1	2	BMI1
8.77479969198574e-05	-0.919415476084259	0.158	0.312	1	2	ITIH5
0.00991602175636014	-0.920347750779634	0.022	0.071	1	2	ING4
0.00373326158849811	-0.922958964236172	0.098	0.17	1	2	MPEG1
0.000320382333410936	-0.924560002066549	0.087	0.181	1	2	THEM5
0.000643592942981309	-0.924560002066549	0.087	0.178	1	2	CAMSAP1
0.00325581847842141	-0.924560002066549	0.092	0.185	1	2	GAPVD1
0.00935536296420305	-0.924560002066549	0.098	0.179	1	2	ZFYVE28
0.00298549109679478	-0.927011481060645	0.092	0.193	1	2	EPN1
0.00845113394811041	-0.927011481060645	0.071	0.143	1	2	KPNA1
0.00906522847543039	-0.927011481060645	0.049	0.112	1	2	LTN1
0.00965785836883895	-0.927011481060645	0.065	0.137	1	2	LOC138581099
0.00530439261995898	-0.928800315810458	0.13	0.241	1	2	PXN
0.00134827082381152	-0.929746448781884	0.076	0.166	1	2	DPY19L4
0.00196783146896062	-0.930331839352256	0.065	0.134	1	2	ITPRIP
0.0037112506843128	-0.930729769306755	0.13	0.235	1	2	LRCH3
0.0019710221921268	-0.93165784591701	0.136	0.269	1	2	SSH2
0.00130077660619691	-0.932817102741851	0.06	0.143	1	2	RIMBP2
0.00232261700524705	-0.932817102741851	0.071	0.152	1	2	GABPA
0.000526527101699741	-0.936289294648656	0.076	0.177	1	2	MPRIP
0.00278679075262188	-0.936289294648656	0.038	0.091	1	2	PHEX
0.00621819454742504	-0.936289294648656	0.071	0.145	1	2	NPC1
0.00544758067598499	-0.936289294648656	0.125	0.227	1	2	PKN2
0.000322851732313661	-0.937316489452384	0.098	0.199	1	2	TRBC2
0.000259550614472104	-0.938599455335857	0.103	0.218	1	2	CRIP2
0.000889816063483287	-0.939486994607706	0.12	0.239	1	2	ESYT2
0.00796601049795003	-0.940247308217339	0.065	0.137	1	2	SCAP
0.00683772667086398	-0.94244152163025	0.038	0.089	1	2	CEP290
0.00722133725996992	-0.943431363892675	0.136	0.255	1	2	EPB41L2
0.00137687164313839	-0.944800794504173	0.12	0.239	1	2	RERE
0.00473085322149005	-0.944800794504173	0.054	0.128	1	2	ZNF362
0.000240011246911085	-0.944997226534007	0.245	0.415	1	2	NFX1
0.000130741166455478	-0.94517960375957	0.12	0.247	1	2	TRAF2
0.00239937723034963	-0.946048261110984	0.076	0.168	1	2	REXO1
0.00378993193816874	-0.946474778494989	0.087	0.181	1	2	TCERG1
0.00160105578244538	-0.946819962140825	0.098	0.197	1	2	FAR2
0.00493735381249947	-0.947105051567875	0.109	0.206	1	2	KIF1C
0.00549857925584751	-0.947105051567875	0.114	0.209	1	2	RALGAPA2
0.000160517724738127	-0.948011779673197	0.141	0.281	1	2	MEF2D
0.00108625680166952	-0.950095094173686	0.065	0.152	1	2	FOXO1
0.0014460949776835	-0.950095094173686	0.103	0.193	1	2	FHOD1
0.000648225947261932	-0.952056610506972	0.163	0.318	1	2	SASH1
0.000209835331797943	-0.952309515239128	0.13	0.265	1	2	TANC2
0.0014087561909112	-0.953362808007598	0.103	0.207	1	2	TNRC6A
0.00167617642975683	-0.954382452576785	0.13	0.251	1	2	SUSD1
0.00859175844268524	-0.955370036214361	0.065	0.129	1	2	MTREX
0.00372684134252702	-0.956327047885201	0.109	0.206	1	2	ZBTB46
0.00641343049258143	-0.95865710767711	0.082	0.15	1	2	VAV2
0.000118786928837919	-0.959432958753023	0.179	0.351	1	2	WNK1
0.00214743451076874	-0.959876114966272	0.06	0.137	1	2	OGA
0.000219016216709105	-0.961499857445935	0.109	0.223	1	2	VPS13A
0.00105134266746265	-0.962167926474261	0.158	0.293	1	2	SLC12A4
0.00137102414796409	-0.962167926474261	0.152	0.29	1	2	NCOR2
0.000169625071658262	-0.962761506009847	0.114	0.248	1	2	ZFPM1
0.000215571752471656	-0.964486186479308	0.163	0.293	1	2	SMURF2
0.00686457814401663	-0.965281497988362	0.087	0.177	1	2	EGFLAM
0.00127546041587243	-0.966360148536471	0.098	0.201	1	2	KANSL1
0.00318991606711858	-0.967168607532627	0.114	0.234	1	2	ATP2B4
0.00122054610297762	-0.968061640703135	0.098	0.183	1	2	GAK
0.00506993726644407	-0.968710772341033	0.043	0.11	1	2	ZFTRAF1
0.000262854454045914	-0.971628255723328	0.168	0.317	1	2	GALNT1
0.00221598286146146	-0.97281517067377	0.103	0.207	1	2	PITPNM2
0.00526429052776129	-0.97281517067377	0.049	0.113	1	2	NEMF
0.000673392489380481	-0.97281517067377	0.087	0.207	1	2	POU2F1
0.0039603997382552	-0.97281517067377	0.103	0.195	1	2	DDHD1
0.00422294110353267	-0.97281517067377	0.022	0.062	1	2	RFWD3
0.000391356685740612	-0.974424423535427	0.125	0.263	1	2	SMARCAD1
0.00114583659358823	-0.974862999322629	0.098	0.217	1	2	TRIP12
0.000798133769271582	-0.975186075136517	0.092	0.192	1	2	KMT2B
0.00431396677147678	-0.976730220677153	0.109	0.203	1	2	RNF38
0.000308590159439104	-0.977680925845586	0.158	0.316	1	2	RAI1
0.000181442409596862	-0.977815851732136	0.114	0.245	1	2	NDST2
0.000353272896332616	-0.977815851732136	0.125	0.253	1	2	KDM2B
0.00112896990718455	-0.978109470343283	0.125	0.251	1	2	VEGFC
0.00211184987631855	-0.981803953901024	0.065	0.151	1	2	GGNBP2
0.00346811454233157	-0.982275499922836	0.082	0.18	1	2	EDC4
0.000230951105024365	-0.98258294692259	0.103	0.223	1	2	QSER1
0.000802447326612938	-0.98258294692259	0.103	0.203	1	2	FILIP1L
0.00128532552277999	-0.984042426097024	0.082	0.189	1	2	KLHL3
0.00800943376056989	-0.984042426097024	0.06	0.124	1	2	SECISBP2L
0.000593227989652182	-0.984042426097024	0.114	0.236	1	2	ZNF420
0.00144630577139733	-0.984042426097024	0.076	0.16	1	2	CPD
0.00297443184051305	-0.984042426097024	0.076	0.163	1	2	UBQLN1
0.00135113950147249	-0.985058766428517	0.136	0.262	1	2	NHERF2
0.000981439621182949	-0.985639211031354	0.109	0.192	1	2	HOMER3
0.00995174064729268	-0.987765512139741	0.038	0.095	1	2	CDC45
0.00296947690434628	-0.987765512139741	0.082	0.182	1	2	BRD9
0.0048008330028378	-0.988827488662401	0.071	0.138	1	2	XYLB
0.000617632202900679	-0.990051875599073	0.174	0.322	1	2	ZNF609
0.0048277162726652	-0.990737078671032	0.038	0.095	1	2	LIMCH1
0.007306363281623	-0.990737078671032	0.049	0.101	1	2	DENND1B
0.00154179748214108	-0.992405899031651	0.06	0.16	1	2	FXYD5
0.00162575612556	-0.992714728111475	0.13	0.249	1	2	XRN1
0.000374238743827347	-0.993876786201599	0.076	0.176	1	2	RNASEK
0.00440252713995824	-0.993876786201599	0.076	0.166	1	2	USP24
0.00576479150687933	-0.993876786201599	0.082	0.165	1	2	GTF2H1
0.0041094934414623	-0.995182983702224	0.049	0.118	1	2	FBRS
8.60034488471328e-05	-0.995182983702224	0.152	0.319	1	2	ARHGEF7
0.00324473684345693	-0.995182983702224	0.082	0.176	1	2	MAP3K1
0.00361053894664194	-0.996889305652627	0.065	0.131	1	2	CCDC90B
0.000842078712353907	-0.997400808952043	0.098	0.202	1	2	RTCB
0.00185421774046481	-0.997400808952043	0.087	0.189	1	2	LMBR1
0.0014820315576155	-0.998350262780908	0.082	0.186	1	2	ITPR3
0.00162813667102986	-0.998350262780908	0.098	0.204	1	2	ANKRD52
0.00159044164188096	-0.999004694654632	0.13	0.264	1	2	ADGRA2
0.000293096813888292	-0.999615230017485	0.13	0.265	1	2	CDKAL1
0.00532325349343916	-0.999615230017485	0.071	0.152	1	2	SMC6
0.000294530596294117	-1.00072116724365	0.12	0.235	1	2	RAB3D
0.000720819902600173	-1.00072116724365	0.071	0.163	1	2	ACVR1
0.00465223998135261	-1.00072116724365	0.033	0.083	1	2	TBC1D8B
0.000188601960870633	-1.00138432287054	0.109	0.238	1	2	TNS3
0.00372432823166067	-1.0016962906609	0.071	0.168	1	2	VTI1A
0.00332923379773043	-1.00199619608572	0.114	0.229	1	2	EPS15L1
0.000270918599718429	-1.00214184194328	0.163	0.306	1	2	EHMT1
0.000941139459896954	-1.00256251406782	0.076	0.176	1	2	RELCH
0.00125664663713333	-1.00256251406782	0.087	0.186	1	2	CTIF
0.00201735251373852	-1.00256251406782	0.087	0.182	1	2	RNF14
0.00702322683922063	-1.00256251406782	0.092	0.173	1	2	STAT3
0.000414688158751447	-1.00403390128449	0.092	0.198	1	2	TLK2
0.000115458283999711	-1.00466403671311	0.087	0.206	1	2	SGK3
0.00159580363126977	-1.00523664836615	0.098	0.21	1	2	HECW2
0.00888976609395008	-1.00623817221122	0.054	0.122	1	2	NUMB
0.000185804804152186	-1.00708507275852	0.125	0.256	1	2	DIP2B
0.0034431157585734	-1.00708507275852	0.06	0.132	1	2	LETM1
0.00385834115082951	-1.00708507275852	0.054	0.126	1	2	ELMO2
0.00557553803319149	-1.00708507275852	0.054	0.132	1	2	USP16
0.000927186842283663	-1.00947364125262	0.082	0.174	1	2	PPP5C
0.00814579653165553	-1.01720929003222	0.038	0.094	1	2	GTF2IRD1
0.00995174064729268	-1.01720929003222	0.038	0.095	1	2	RNF40
0.00114092250862563	-1.01720929003222	0.076	0.182	1	2	LDLRAD4
0.00376135320549231	-1.01720929003222	0.065	0.138	1	2	ZNF148
0.00521456536015302	-1.01720929003222	0.076	0.149	1	2	STX8
0.00654563038198926	-1.01720929003222	0.076	0.162	1	2	LIMD1
0.00698971429502984	-1.01720929003222	0.065	0.151	1	2	REV3L
0.00799677642897243	-1.01720929003222	0.033	0.08	1	2	TMEM37
0.00968755800430512	-1.01720929003222	0.071	0.148	1	2	TEC
0.00971437719391349	-1.01720929003222	0.054	0.111	1	2	XPO7
0.00233531629560115	-1.023752135899	0.082	0.174	1	2	CMKLR2
0.000454013717611356	-1.02409567561746	0.092	0.197	1	2	REPS1
0.00559244128443008	-1.02447729049626	0.082	0.179	1	2	NUP160
0.00130335195175435	-1.02490368182222	0.065	0.169	1	2	MAP3K11
0.000237362219820738	-1.02654715461156	0.13	0.247	1	2	CNOT2
0.000152351319120076	-1.02689184342956	0.109	0.234	1	2	PRKCE
0.00564137187202877	-1.02726295469615	0.054	0.133	1	2	ZC3H6
0.000244073301164758	-1.02809760617496	0.098	0.217	1	2	DCHS1
0.00179188097268519	-1.02809760617496	0.054	0.126	1	2	HDAC6
0.0031415376998111	-1.02809760617496	0.054	0.128	1	2	TYRO3
0.00280017421548556	-1.02856915219677	0.092	0.188	1	2	DEPP1
0.00366395389464508	-1.02908339032051	0.049	0.111	1	2	RNF157
0.00428859131470792	-1.03026544285767	0.049	0.107	1	2	NR2C1
0.000875882062297786	-1.03170885972734	0.033	0.097	1	2	RDH14
0.00304670506510863	-1.03170885972734	0.033	0.087	1	2	NINJ1
0.000337284112181065	-1.03170885972734	0.114	0.248	1	2	EXT1
0.00119163390763264	-1.03170885972734	0.087	0.18	1	2	CTDP1
0.00160509058869368	-1.03351110236132	0.071	0.164	1	2	ATG13
0.00394715707695024	-1.03351110236132	0.076	0.166	1	2	SUGP1
0.00745884305554055	-1.03459136826046	0.071	0.158	1	2	EGLN2
0.000150881887250742	-1.0349839917602	0.109	0.22	1	2	EEA1
0.0018398587411151	-1.03582496819957	0.06	0.144	1	2	STAT6
0.0076495368773965	-1.03582496819957	0.065	0.139	1	2	SBSPON
0.00659095152352813	-1.03724704326877	0.06	0.13	1	2	NBEA
0.006945782155775	-1.03724704326877	0.06	0.136	1	2	ACTR6
0.000844140021829515	-1.03890436113154	0.054	0.127	1	2	PCNX3
0.000481247482091226	-1.03984026453179	0.114	0.224	1	2	CUL5
0.000747215057749003	-1.04017043847553	0.076	0.171	1	2	IL1R1
0.0040646077658625	-1.04159344865918	0.076	0.16	1	2	CNOT10
0.0094881039244676	-1.04320449856517	0.043	0.104	1	2	CHM
8.99026931952503e-05	-1.04320449856517	0.114	0.25	1	2	AMMECR1
0.000133800466660842	-1.04544297076117	0.103	0.226	1	2	FKBP15
0.000390504421992584	-1.04606415270441	0.092	0.183	1	2	KPNA6
0.00104214137858877	-1.04606415270441	0.082	0.19	1	2	COQ8A
0.00191231614177874	-1.04606415270441	0.087	0.182	1	2	DENND6A
0.000156003938588203	-1.04606415270441	0.185	0.32	1	2	JARID2
0.00263601729406039	-1.04671328434231	0.109	0.219	1	2	KAT7
0.00551345438404346	-1.0496307677246	0.06	0.126	1	2	ABCC4
0.00640698089235265	-1.0496307677246	0.06	0.123	1	2	CCP110
0.000748240065124378	-1.0496307677246	0.076	0.165	1	2	UBE2E3
0.00167313267325467	-1.0496307677246	0.076	0.161	1	2	CUL2
0.00567220499937881	-1.0496307677246	0.033	0.087	1	2	PGAP6
0.00780944990102108	-1.0496307677246	0.038	0.088	1	2	RBBP9
0.00181581753881428	-1.05176651206859	0.065	0.158	1	2	GGA1
0.0092709652707794	-1.05420349751442	0.033	0.076	1	2	PWWP2A
0.000119638232740838	-1.05420349751442	0.087	0.212	1	2	CCNL2
0.00433053506231346	-1.05420349751442	0.065	0.137	1	2	ATP9A
0.00454143259818951	-1.05527733086574	0.082	0.174	1	2	LENG8
0.000400804948431529	-1.05575687052144	0.179	0.288	1	2	PLAT
0.00234354200225123	-1.05602853892275	0.087	0.188	1	2	GTF2I
0.00421353437795533	-1.0570102980902	0.06	0.137	1	2	DHX57
0.000172850596274309	-1.05734868088544	0.13	0.253	1	2	PEAK1
0.00326137155105168	-1.05762355847813	0.082	0.161	1	2	CRLF3
0.00325222131669157	-1.0580430075408	0.092	0.199	1	2	CPT1A
0.00656039938841909	-1.0580430075408	0.092	0.195	1	2	RLF
0.00121459420528776	-1.05834798482571	0.114	0.214	1	2	SIRT1
0.00821849886102167	-1.06027801192411	0.038	0.096	1	2	MTUS1
0.00367995732701414	-1.06027801192411	0.054	0.123	1	2	TIPARP
0.00411517057072618	-1.06027801192411	0.071	0.154	1	2	RBM27
0.00462046205006164	-1.06027801192411	0.06	0.127	1	2	COX10
0.00187466804321762	-1.06451500481058	0.109	0.203	1	2	NFATC2
0.000778454786716489	-1.06557231159362	0.065	0.166	1	2	BLTP3B
0.00642657567575638	-1.06557231159362	0.038	0.089	1	2	POLR1A
0.00128909770482814	-1.06632705659691	0.103	0.209	1	2	PHRF1
0.00712041562054959	-1.06679131888278	0.06	0.134	1	2	BRAF
0.000521402167360074	-1.06733276945806	0.071	0.178	1	2	BBS12
0.000193207364882774	-1.06763871687536	0.114	0.229	1	2	AP2A2
0.00782198682008451	-1.0687395906723	0.011	0.055	1	2	FBXL18
0.0085652846310413	-1.0687395906723	0.016	0.055	1	2	XPNPEP3
0.000672719812113699	-1.06873959067231	0.06	0.159	1	2	AMBRA1
0.00603820149563983	-1.06873959067231	0.049	0.106	1	2	SEPTIN2
0.00861585668042691	-1.06873959067231	0.076	0.161	1	2	N4BP2
0.00225022546450246	-1.0708472536343	0.043	0.129	1	2	BRPF3
0.00487797579223856	-1.0708472536343	0.049	0.126	1	2	LOC138513380
0.000358232395506774	-1.07140139039582	0.152	0.283	1	2	LOC138473015
9.88047532235628e-05	-1.0716570740546	0.109	0.24	1	2	PSME4
0.00836521811253536	-1.07435319713583	0.038	0.1	1	2	EXOSC10
0.000563012926598223	-1.07505336460451	0.092	0.205	1	2	PPFIA1
0.000930462171773549	-1.07505336460451	0.098	0.208	1	2	SH3GLB2
0.00105729361313644	-1.07562597625755	0.038	0.11	1	2	ARHGAP26
0.00124073071785579	-1.07562597625755	0.103	0.212	1	2	KDM5A
0.00993808412927284	-1.07562597625755	0.054	0.121	1	2	ANKRD13A
0.00834902463921139	-1.076506473716	0.06	0.138	1	2	TRIM47
0.000452539276780227	-1.07834958484613	0.103	0.211	1	2	SIPA1L3
0.000235298808582877	-1.08133962745194	0.065	0.166	1	2	KCNQ1
0.00523290784476103	-1.08133962745194	0.038	0.088	1	2	SLC9A1
0.00794053366476128	-1.08133962745194	0.043	0.104	1	2	SFMBT1
0.00882573824648561	-1.08133962745194	0.049	0.113	1	2	BCL2L13
0.0014859377205371	-1.08133962745194	0.125	0.244	1	2	RAPGEF4
0.000176384805533642	-1.08551530342313	0.06	0.149	1	2	PKDCC
0.00246990255412839	-1.08551530342313	0.071	0.157	1	2	PFKP
0.00416529551804697	-1.08615664374971	0.06	0.139	1	2	SRCAP
0.00568141677247924	-1.08829238809371	0.038	0.098	1	2	ARHGAP12
0.00545608195745178	-1.08915913191124	0.076	0.172	1	2	CEP85L
0.0092709652707794	-1.09027275222195	0.033	0.078	1	2	MED1
0.00397890239908267	-1.09027275222195	0.071	0.156	1	2	ADIPOR1
0.00126399705298758	-1.09175624339728	0.054	0.136	1	2	ORC4
0.000851384940785548	-1.09236664960096	0.076	0.182	1	2	PHKB
0.00244737567802543	-1.09383057163514	0.065	0.147	1	2	CCDC71L
0.000334558799731176	-1.09383057163514	0.12	0.255	1	2	HAPLN1
0.00864504480621914	-1.09383057163514	0.038	0.102	1	2	CTTNBP2NL
0.00110653820227416	-1.0996714502242	0.076	0.178	1	2	ATG9A
0.000122384295346252	-1.09986836485507	0.152	0.313	1	2	MCC
0.000488380679878982	-1.10030490579569	0.109	0.227	1	2	ANKHD1
0.000248866814043093	-1.10067611254954	0.141	0.285	1	2	PPP6R3
0.0085960795179924	-1.10209818761874	0.033	0.096	1	2	DTX2
0.00100831361965601	-1.10209818761874	0.065	0.161	1	2	MBD2
0.00219518216900756	-1.10209818761874	0.071	0.162	1	2	C1QH1orf21
0.00328768935604009	-1.10209818761874	0.016	0.067	1	2	LOC138488678
0.000216676713741406	-1.10467213128256	0.065	0.173	1	2	GCNT1
0.00199786053158835	-1.10467213128256	0.082	0.169	1	2	PPP1R12B
0.00815203773422785	-1.10526546669742	0.065	0.134	1	2	ARHGAP40
0.00100125161206452	-1.10621429609097	0.043	0.111	1	2	VANGL1
0.00140930105372499	-1.10621429609097	0.049	0.115	1	2	LEO1
0.00676001875435484	-1.10621429609097	0.043	0.113	1	2	ARHGAP45
0.0077854347403153	-1.10621429609097	0.043	0.104	1	2	SYNJ2
0.00891955155615196	-1.10621429609097	0.049	0.115	1	2	PPM1B
0.00976838144698524	-1.10621429609097	0.043	0.108	1	2	RBM23
0.000608209191465192	-1.10667091740856	0.114	0.27	1	2	CYTH1
0.00434556055999802	-1.10693945068824	0.087	0.184	1	2	ARB2A
0.000739788067044466	-1.10797475395541	0.065	0.15	1	2	ARHGAP29
0.00692292236930986	-1.10957330818088	0.054	0.118	1	2	SLC35F5
0.00206313065712865	-1.1103186944237	0.071	0.155	1	2	TUT4
0.00381709774936271	-1.11236652307256	0.06	0.127	1	2	DNMBP
0.000368870274268791	-1.11236652307256	0.065	0.17	1	2	ARMC6
0.00922834111332603	-1.11236652307256	0.038	0.091	1	2	KDM1B
0.00107474333322409	-1.11417101991931	0.082	0.181	1	2	GPCPD1
0.00110201397155311	-1.11472579594649	0.054	0.143	1	2	ARHGAP32
0.000137899945648261	-1.11515434044418	0.109	0.23	1	2	ZNF208
0.00228380245548802	-1.11515434044418	0.109	0.215	1	2	LYL1
8.77198368302519e-05	-1.11747341350565	0.114	0.235	1	2	IL13RA1
0.000594915734980231	-1.1184926258694	0.092	0.212	1	2	LARP1
0.0045058745205657	-1.1184926258694	0.043	0.11	1	2	ATG7
0.00546892409257144	-1.1184926258694	0.043	0.109	1	2	INTS8
0.00556776828632819	-1.1184926258694	0.06	0.153	1	2	FBXL17
0.00617022179284811	-1.1184926258694	0.049	0.114	1	2	SCLY
8.73591673975902e-05	-1.1184926258694	0.109	0.258	1	2	CAMTA2
0.00848640139510842	-1.11849262586941	0.016	0.055	1	2	DSC2
0.000424626107092925	-1.11965655900304	0.092	0.213	1	2	NEDD4
0.000809268127406894	-1.120020095616	0.06	0.172	1	2	NR3C2
0.00245800993581814	-1.120020095616	0.071	0.169	1	2	ARHGAP17
0.0026548558506916	-1.12071386578608	0.049	0.124	1	2	LIN9
0.00653962694415541	-1.12071386578608	0.043	0.116	1	2	SPHK2
0.000747761806101183	-1.12136652132352	0.082	0.187	1	2	PUM3
0.00526223172872726	-1.12256229017845	0.054	0.135	1	2	FGD6
0.000177075245798405	-1.12412449394874	0.054	0.147	1	2	NUP205
0.00164411366143068	-1.12412449394874	0.06	0.14	1	2	KDM5B
0.00217289932701579	-1.12459282540582	0.082	0.185	1	2	LOC138497215
0.00231026290134129	-1.12459282540582	0.092	0.204	1	2	MUC2
0.00524436905305978	-1.12546218068425	0.033	0.078	1	2	VKORC1L1
0.00136999436467427	-1.12662050675281	0.06	0.154	1	2	TNKS2
0.00833205752769816	-1.12763327972587	0.033	0.093	1	2	ANKRD13C
0.00967948117294048	-1.12931965635376	0.038	0.096	1	2	DISP3
0.0006235946707283	-1.12931965635376	0.076	0.193	1	2	ATP9B
0.00172680329328363	-1.13268650745216	0.054	0.134	1	2	DOT1L
0.00214531266973534	-1.13268650745216	0.049	0.135	1	2	HPS5
0.0077509099954731	-1.13412704181137	0.065	0.15	1	2	ITGA7
0.00013642925084485	-1.13470285305066	0.065	0.166	1	2	DOCK7
0.00717664238307513	-1.13470285305066	0.065	0.159	1	2	NSD1
0.00821044284933475	-1.13470285305066	0.071	0.152	1	2	PREX1
0.00036449478303455	-1.13604551954207	0.087	0.187	1	2	R3HDM1
0.000258138740678719	-1.13639864524226	0.082	0.187	1	2	RNF216
0.000451173261351374	-1.14274017211608	0.103	0.215	1	2	EVI5
0.00530853036018151	-1.14274017211608	0.06	0.13	1	2	TARS2
0.00919797001996038	-1.14274017211608	0.033	0.078	1	2	ULK1
0.00934432115578705	-1.14274017211608	0.033	0.082	1	2	MAP2K2
0.00132818752238104	-1.14274017211608	0.054	0.147	1	2	CHD8
0.00242099411444942	-1.14274017211608	0.082	0.176	1	2	LRPPRC
0.00317725778513911	-1.14274017211608	0.065	0.152	1	2	MAST2
0.000160309515643114	-1.14735680018645	0.109	0.249	1	2	LOC138550342
0.00130266710441257	-1.14979492965003	0.076	0.188	1	2	PHF14
0.000801360081579776	-1.15023470866301	0.071	0.172	1	2	SCAPER
0.00278796338425194	-1.15023470866301	0.071	0.174	1	2	ARHGAP35
0.00288120186149213	-1.15023470866301	0.082	0.179	1	2	NAA15
0.00424914036831571	-1.1527242606887	0.054	0.125	1	2	EDA
0.000459647768536571	-1.15362848825882	0.049	0.123	1	2	SLAIN2
0.00927858892657616	-1.15362848825882	0.054	0.118	1	2	WFDC1
0.000150170433156462	-1.15414493538833	0.092	0.229	1	2	ZMYM2
0.00662754509886361	-1.15471281378216	0.043	0.116	1	2	AKAP8
0.00123456993549077	-1.15603699472954	0.038	0.103	1	2	MGA
0.00156716415326991	-1.15603699472954	0.033	0.102	1	2	SCMH1
0.00471454825062354	-1.15603699472954	0.038	0.102	1	2	RNF217
0.007687094330706	-1.15603699472954	0.043	0.105	1	2	DDX23
0.00821849886102167	-1.15603699472954	0.038	0.102	1	2	FANCA
0.00985172658134718	-1.15603699472954	0.038	0.102	1	2	CUEDC1
0.000501397424855468	-1.156698629706	0.228	0.376	1	2	PDGFD
0.000265092123231001	-1.1583370271671	0.109	0.243	1	2	BCL9
0.00192020204930022	-1.1586817159851	0.076	0.175	1	2	CHPT1
0.00919797001996038	-1.15981368547502	0.033	0.08	1	2	HAUS4
0.00273898934366116	-1.15981368547502	0.065	0.156	1	2	MED14
0.00715146247483355	-1.16111870143094	0.065	0.146	1	2	FBRSL1
0.00107474333322409	-1.16380178764391	0.082	0.183	1	2	NEK6
0.000963859266697929	-1.16405067836149	0.13	0.243	1	2	SERPINE2
0.0026252641950698	-1.1644352432154	0.049	0.124	1	2	JAZF1
0.000268864735370996	-1.16658691407045	0.065	0.168	1	2	SYNRG
0.00124099615797316	-1.16658691407045	0.043	0.116	1	2	STK11
0.00708740591415781	-1.16658691407045	0.076	0.159	1	2	ZNF644
0.00943390092296832	-1.16658691407045	0.071	0.165	1	2	IRF2BPL
0.000698755313625801	-1.16827526422322	0.06	0.157	1	2	VANGL2
0.00281717021976047	-1.16880246870228	0.136	0.223	1	2	MEOX2
0.0018019776986089	-1.16921238347727	0.027	0.101	1	2	CDS1
0.0074639922582417	-1.16921238347727	0.043	0.104	1	2	ACER1
0.000180627204543526	-1.16921238347727	0.076	0.202	1	2	LRRFIP2
0.000130279519086113	-1.1695402314598	0.163	0.298	1	2	CADM1
0.001891545789937	-1.17022090853819	0.049	0.139	1	2	PRKCH
0.00298126959068788	-1.17075454828568	0.082	0.187	1	2	DENND5A
0.00299369840846218	-1.17248751551013	0.054	0.135	1	2	RIT1
0.0053085094248981	-1.17248751551013	0.06	0.13	1	2	MAN1A2
0.00642657567575638	-1.17248751551013	0.038	0.096	1	2	BTBD7
0.00774043817285689	-1.17248751551013	0.038	0.095	1	2	MAP3K2
0.00180280949576473	-1.17444903184342	0.076	0.165	1	2	TTC7B
0.0035115310961151	-1.17444903184342	0.071	0.167	1	2	WWP1
0.00524436905305978	-1.17668750403942	0.033	0.083	1	2	ZNF398
0.000584928789289855	-1.17668750403942	0.054	0.152	1	2	LMBRD2
0.000478084360556048	-1.17668750403942	0.092	0.216	1	2	BCAS3
0.00818949147268475	-1.1783640818468	0.049	0.107	1	2	KAZN
0.00821849886102167	-1.18226853630272	0.038	0.106	1	2	TBC1D15
0.00203986144427206	-1.18226853630272	0.071	0.163	1	2	LACTB
0.00215459719678209	-1.18226853630272	0.076	0.168	1	2	WASHC2C
0.00756969359318278	-1.18226853630272	0.027	0.072	1	2	PIAS3
0.00177054342022466	-1.18456034781071	0.076	0.184	1	2	CCSER1
0.00659072723523031	-1.18580889400797	0.049	0.127	1	2	ASGR1
0.00707439338120809	-1.19004588689444	0.033	0.104	1	2	SEMA5B
0.0071510153751527	-1.19004588689444	0.049	0.116	1	2	ZDHHC5
0.00800930317626297	-1.19336624518605	0.027	0.083	1	2	NOD1
0.00556045482587456	-1.19520759201022	0.033	0.092	1	2	ACKR3
0.00868896838195419	-1.19520759201022	0.043	0.102	1	2	LRRC20
0.000280419950863234	-1.19520759201022	0.071	0.199	1	2	ARHGEF11
0.000642487332033695	-1.19637813571816	0.054	0.134	1	2	NUP62CL
0.00582422137033664	-1.19637813571816	0.043	0.11	1	2	FRMD4B
0.004698162305233	-1.19718795613846	0.049	0.13	1	2	GADD45G
0.000141001812646977	-1.19932370048245	0.109	0.265	1	2	CGNL1
0.00131683719059986	-1.20163386116965	0.049	0.138	1	2	RAB3GAP2
0.00877802547623577	-1.20163386116965	0.054	0.135	1	2	LIN52
0.00939241891172996	-1.20163386116965	0.038	0.098	1	2	TMEM132A
0.000698788590820918	-1.20466792125928	0.092	0.212	1	2	RNGTT
0.000854520846047777	-1.20502445037042	0.087	0.187	1	2	DNMT3A
0.00112114262577202	-1.20606610748491	0.06	0.148	1	2	DENND4B
0.00484281515940742	-1.20606610748491	0.06	0.148	1	2	MKLN1
0.00412385094659646	-1.2080316323678	0.043	0.1	1	2	G2E3
0.00814579653165553	-1.2080316323678	0.038	0.105	1	2	ZNF773
0.00190526969548059	-1.20882936257385	0.076	0.178	1	2	PHLDB1
0.00640017106514227	-1.20985436797462	0.033	0.085	1	2	APPL2
0.00969476484073505	-1.20985436797462	0.027	0.084	1	2	AIMP2
0.000163186538384377	-1.21208821880682	0.098	0.24	1	2	FNBP1
0.000268158879644224	-1.21208821880682	0.103	0.24	1	2	SETD5
0.00243170145715744	-1.21312950000748	0.049	0.122	1	2	ZNF280D
0.00342719899280464	-1.21312950000748	0.038	0.116	1	2	ADA
9.06572014707368e-05	-1.21412480535285	0.098	0.238	1	2	BAZ2B
0.000191401349383826	-1.21440115724353	0.087	0.207	1	2	WASF2
0.000775164750503719	-1.21488995787192	0.054	0.154	1	2	GANAB
0.000430356829605578	-1.21708270857284	0.701	0.726	1	2	PRSS23
0.0040966910208634	-1.21728712548114	0.054	0.133	1	2	TAF12
0.00155384380851613	-1.21802829942032	0.06	0.167	1	2	CCM2
0.00028454207303326	-1.21850767973405	0.071	0.187	1	2	COBLL1
0.0018631152660361	-1.21850767973405	0.082	0.19	1	2	SOS1
0.000232395064451383	-1.21884315120187	0.103	0.231	1	2	LOC138497172
0.000432651972342717	-1.21884315120187	0.098	0.218	1	2	PRKCI
0.000330097476566398	-1.2190910582462	0.098	0.236	1	2	DVL1
0.00299754556229361	-1.22074268411735	0.054	0.141	1	2	SIN3A
0.00330317806320107	-1.22074268411736	0.016	0.074	1	2	MLLT3
0.00800858738142713	-1.22453426327973	0.043	0.118	1	2	RBM26
0.00767708213852571	-1.22615618030372	0.033	0.085	1	2	TMEM104
0.000818830013553035	-1.22615618030372	0.054	0.159	1	2	ADAM9
0.000218291846416898	-1.22705645804956	0.082	0.208	1	2	COMMD10
0.000140898368623087	-1.22871339522594	0.082	0.211	1	2	SCAF4
0.00089519412641458	-1.23020301336642	0.06	0.145	1	2	MINPP1
0.00648434842155829	-1.23020301336642	0.038	0.101	1	2	LAS1L
0.00939241891172996	-1.23020301336642	0.038	0.1	1	2	WDFY2
0.00086720593965506	-1.23237738460076	0.049	0.141	1	2	NRARP
0.000491759328631482	-1.23334272089699	0.027	0.105	1	2	CPSF6
0.000187815054157268	-1.23334272089699	0.087	0.206	1	2	VPS41
0.000121808485751911	-1.23423852660158	0.065	0.165	1	2	MGAT5
0.0022471088861442	-1.23584957650756	0.043	0.125	1	2	RAB27A
0.000328800101052273	-1.23960171136867	0.076	0.192	1	2	CELF2
0.00100816107435894	-1.23960171136867	0.054	0.147	1	2	TPR
0.00800943376056989	-1.23960171136867	0.06	0.148	1	2	ACO2
0.00512142300470742	-1.23960171136867	0.022	0.073	1	2	KRI1
0.00924505314676045	-1.23960171136867	0.027	0.074	1	2	STK11IP
0.00489052811777784	-1.24104224572789	0.049	0.134	1	2	MAP3K15
0.00371625591743066	-1.242275845667	0.027	0.088	1	2	PPME1
0.000483922852821633	-1.242275845667	0.103	0.243	1	2	STAG2
0.00120555839006492	-1.24334411305449	0.071	0.179	1	2	HMGXB3
0.00295876071135008	-1.24427819857814	0.038	0.099	1	2	MYNN
0.000387621572798763	-1.24648809695391	0.092	0.218	1	2	STXBP5
0.0055794943647886	-1.24707683193082	0.043	0.122	1	2	CHIC2
0.00659072723523031	-1.24809317226231	0.049	0.134	1	2	RCOR3
0.00134082753662347	-1.25203881460689	0.082	0.185	1	2	DOCK11
0.000114449931972213	-1.25236466329058	0.087	0.214	1	2	CCDC50
0.00147214389160188	-1.25821738953602	0.038	0.11	1	2	SS18
0.000547822017286792	-1.25821738953602	0.076	0.196	1	2	SEMA6C
0.000660696667498801	-1.25821738953602	0.054	0.144	1	2	CNNM4
0.00112374397374712	-1.25821738953602	0.049	0.123	1	2	NSMAF
0.00320040551484277	-1.25821738953602	0.011	0.047	1	2	QPCTL
0.00941803795010066	-1.25821738953602	0.033	0.09	1	2	TRAPPC12
0.00971436251559658	-1.25821738953602	0.054	0.129	1	2	SIK2
0.00976149790672811	-1.25821738953602	0.027	0.087	1	2	SHROOM2
0.000167555902545678	-1.25821738953602	0.087	0.212	1	2	ANGPT2
0.000532100988948326	-1.25821738953602	0.082	0.185	1	2	WDFY3
0.00553673363385089	-1.25821738953602	0.033	0.095	1	2	MAP3K20
0.000236900399915688	-1.26325297943332	0.109	0.231	1	2	FLT1
0.000218754683014032	-1.26473069649469	0.076	0.185	1	2	OSBPL10
0.000570921288255688	-1.26473069649469	0.076	0.196	1	2	UBR5
0.00393394084255889	-1.26513680347581	0.082	0.187	1	2	SETDB1
0.00281080019903109	-1.26559691990162	0.071	0.171	1	2	LTBP3
8.54932320580862e-05	-1.26612258762136	0.065	0.167	1	2	KIF3A
0.000726131093895889	-1.26612258762136	0.065	0.164	1	2	INPP5B
0.00551345438404346	-1.2674359195654	0.06	0.143	1	2	USF1
0.00110168035953264	-1.26827105419994	0.043	0.135	1	2	MTA3
0.00173827139761367	-1.26827105419994	0.038	0.125	1	2	DAPK2
0.00217974279864662	-1.26827105419994	0.049	0.135	1	2	TTC21B
0.00545056643130843	-1.26827105419994	0.049	0.137	1	2	DYNC2I1
0.000293300880077819	-1.26985209001942	0.087	0.201	1	2	MYO1E
0.000779317458052635	-1.27049571931445	0.043	0.114	1	2	ALDH16A1
0.00170003079607092	-1.27049571931445	0.043	0.115	1	2	SCAMP4
0.000323261527726324	-1.27049571931445	0.082	0.209	1	2	ADCY9
0.00314002333870692	-1.27121473006489	0.082	0.175	1	2	PGM5
0.000483189852982643	-1.27293889524278	0.071	0.18	1	2	DICER1
0.000133794539316848	-1.27398470539433	0.065	0.174	1	2	SPPL3
0.000143171221908615	-1.27659591885087	0.082	0.202	1	2	TRIO
0.00108710310092962	-1.27659591885087	0.049	0.136	1	2	FAM110B
0.00190128642262178	-1.27659591885087	0.022	0.078	1	2	CDK8
0.00769037917735133	-1.27659591885087	0.022	0.075	1	2	SULT1C2
0.00323422088644905	-1.28267043326056	0.038	0.112	1	2	MINDY3
0.000553393381643615	-1.28569812595812	0.054	0.149	1	2	WDR7
0.000975006623638937	-1.28569812595813	0.082	0.199	1	2	SEC63
0.00201067953175381	-1.28569812595813	0.038	0.099	1	2	ENAH
0.00912535366036938	-1.28958156044535	0.033	0.087	1	2	ARL13B
0.000227845430235157	-1.28958156044535	0.06	0.175	1	2	RAD54L2
0.000288725659969724	-1.28958156044535	0.065	0.168	1	2	NUMA1
0.000119382090062838	-1.29113201200875	0.098	0.236	1	2	CNOT4
0.00459798931536633	-1.29113201200875	0.043	0.127	1	2	ZFYVE1
0.00854872227477495	-1.29113201200875	0.049	0.124	1	2	SEC24B
0.00522293321065275	-1.29474326556113	0.043	0.115	1	2	VPS9D1
0.000341383434625364	-1.29474326556113	0.071	0.185	1	2	DCAF8
0.0090729404159096	-1.29474326556113	0.022	0.073	1	2	CLIP2
0.0038106996696869	-1.29924465779607	0.033	0.099	1	2	TOM1L2
0.00129196348522173	-1.30028144910256	0.054	0.16	1	2	DPP9
0.000140075843443292	-1.30074200618257	0.065	0.201	1	2	RASSF8
0.00102274999169126	-1.30193876696534	0.043	0.123	1	2	TBC1D10A
0.00514776192003151	-1.30193876696534	0.049	0.13	1	2	ATP2C1
0.000920029542821535	-1.30373204878839	0.054	0.141	1	2	FAM43A
0.00629834505336022	-1.30501160101496	0.033	0.089	1	2	GNE
0.00640017106514227	-1.30501160101496	0.033	0.088	1	2	LOC138581304
0.000435744036673027	-1.30671590722721	0.082	0.207	1	2	MLLT6
0.0014969063017255	-1.30779941838658	0.049	0.139	1	2	RAB3GAP1
0.000105353743627348	-1.30951861824153	0.076	0.196	1	2	INPP5F
0.000151132317621826	-1.31266517355839	0.076	0.221	1	2	TCF7L2
0.0024639610354936	-1.31266517355839	0.054	0.142	1	2	NFATC4
0.00949455989409455	-1.31751457321979	0.054	0.137	1	2	PTPN4
0.00359908450035804	-1.3185900075155	0.043	0.116	1	2	FAM193B
0.00976149790672811	-1.32027835766827	0.027	0.089	1	2	ZNF652
0.00122050970674085	-1.32154332490485	0.06	0.145	1	2	LHFPL2
0.000279995199849486	-1.32206387156064	0.087	0.205	1	2	CHD3
0.00719493158457544	-1.3233124177579	0.022	0.066	1	2	CAPN7
0.000313288218226375	-1.32716474325351	0.049	0.142	1	2	RANBP3
0.00142638133571408	-1.32785157737307	0.06	0.16	1	2	FOXP1
0.00260124434519985	-1.33036717529185	0.033	0.113	1	2	SETBP1
0.000335106146371814	-1.33036717529185	0.071	0.187	1	2	BTBD9
0.00066252824734726	-1.33036717529185	0.054	0.15	1	2	ACVR2A
0.00424272393418272	-1.33036717529185	0.027	0.078	1	2	ACAP1
0.002372700377229	-1.33538525005848	0.033	0.09	1	2	POLR2B
0.00524436905305978	-1.33538525005848	0.033	0.091	1	2	STRADA
0.000115651101910534	-1.33738760296963	0.076	0.178	1	2	ATG4B
0.00120408134177274	-1.33913738491959	0.06	0.151	1	2	GPHN
0.0044124113055321	-1.33913738491959	0.038	0.107	1	2	PCM1
0.00982819732880924	-1.33913738491959	0.016	0.052	1	2	EOGT
0.000109735947684111	-1.34067954972799	0.076	0.204	1	2	PPP1R37
0.000739528583441656	-1.34115373051809	0.054	0.144	1	2	TMEM100
0.000226707088191213	-1.34437403328573	0.038	0.129	1	2	TMEM269
0.00235067681953339	-1.34437403328573	0.049	0.13	1	2	DDI2
9.82424803941662e-05	-1.34568023078636	0.065	0.195	1	2	ANKRD28
0.00756969359318278	-1.34785460202069	0.027	0.079	1	2	SPIDR
0.00762220163854111	-1.34785460202069	0.027	0.078	1	2	UBE2W
0.0003719915155435	-1.34919104958351	0.065	0.168	1	2	SLC38A10
0.000433796847659482	-1.34919104958351	0.06	0.16	1	2	RAPGEF1
0.000937539679785868	-1.34919104958351	0.065	0.162	1	2	ATG14
0.00347911322740089	-1.34919104958351	0.06	0.164	1	2	NBEAL1
0.000152266418044893	-1.34959174255675	0.103	0.241	1	2	CHD1
0.000119588444451689	-1.35033559152445	0.065	0.171	1	2	C2CD5
0.000187162301350457	-1.35219353774503	0.071	0.195	1	2	TGFBRAP1
0.00532858765926964	-1.35219353774503	0.038	0.107	1	2	DHX29
0.0061989756592635	-1.35219353774503	0.038	0.1	1	2	FCHO1
0.00678786263676633	-1.35219353774503	0.033	0.104	1	2	DOK1
0.000670359169049909	-1.3536369546147	0.038	0.117	1	2	INTS6
0.00593787291126692	-1.3536369546147	0.033	0.113	1	2	MLXIP
0.00552401168355596	-1.35479064923107	0.043	0.127	1	2	TANGO2
0.00151411671523136	-1.35573389545028	0.049	0.145	1	2	MAEA
0.000776650158427419	-1.35718384033704	0.065	0.159	1	2	MTSS1
0.00202059836518251	-1.35718384033704	0.065	0.162	1	2	ZFR
0.00363616060627636	-1.36513259345253	0.054	0.156	1	2	PALM
0.00734825765667122	-1.36513259345253	0.054	0.122	1	2	ADAMTS15
0.00911834805321489	-1.36513259345253	0.011	0.055	1	2	C1GALT1C1
0.00122000330543362	-1.36513259345253	0.054	0.134	1	2	GPD2
0.00158907818189309	-1.36513259345253	0.054	0.141	1	2	DYRK1A
0.00313859156958707	-1.36513259345253	0.054	0.138	1	2	SYTL3
0.00896184591626093	-1.36513259345253	0.054	0.136	1	2	CCDC9
0.00159409523423103	-1.37369460695595	0.06	0.161	1	2	BMAL1
0.00414921374619731	-1.37540092890636	0.049	0.128	1	2	GALNT10
0.000320276987691687	-1.37880753034961	0.071	0.188	1	2	CSNK1G1
0.000412883444339481	-1.38374827161988	0.054	0.147	1	2	CLUH
0.00171776007651157	-1.38785266995261	0.043	0.123	1	2	INTS4
0.00147154031775853	-1.39066768555967	0.06	0.154	1	2	TARBP1
0.000305861378351905	-1.39296680164926	0.049	0.14	1	2	CEP112
0.000275657656819237	-1.39572091328595	0.038	0.137	1	2	VPS50
0.000221003019614401	-1.39907992537587	0.049	0.154	1	2	EPC2
0.00338475606728482	-1.39907992537587	0.027	0.081	1	2	MYO1D
0.00627699321660803	-1.39907992537587	0.027	0.083	1	2	SH2B1
0.00751737785839372	-1.39907992537587	0.027	0.082	1	2	SYVN1
0.00661561275458373	-1.40014803458353	0.397	0.477	1	2	CTSL
0.00200913215653671	-1.40147444051625	0.065	0.169	1	2	ARHGAP6
0.000270641904227505	-1.40212680093473	0.054	0.141	1	2	TSPAN2
0.0033747379335997	-1.40212680093473	0.043	0.144	1	2	NBAS
0.00353008227860935	-1.40423241314147	0.06	0.13	1	2	MDM2
0.000763916731587206	-1.40577457794988	0.043	0.123	1	2	EPO
0.00485550663977857	-1.40577457794988	0.022	0.071	1	2	FGD1
0.000700476431765641	-1.40744339831049	0.06	0.159	1	2	USP3
0.00293437656290713	-1.40863423208912	0.033	0.095	1	2	CHST14
0.000123164915223739	-1.40863423208912	0.054	0.185	1	2	TAF4
0.000919083743725759	-1.41022048298107	0.043	0.123	1	2	RFX1
0.00316873117910089	-1.4157586665225	0.043	0.125	1	2	DPY19L1
0.00610383240594619	-1.4157586665225	0.027	0.076	1	2	MYZAP
0.00109534012543162	-1.4157586665225	0.038	0.104	1	2	ATXN7
0.00263280749293576	-1.4157586665225	0.033	0.109	1	2	CD82
0.00433856344646778	-1.42127567149006	0.043	0.123	1	2	DCAF1
0.00528683071515923	-1.42284809130882	0.033	0.1	1	2	MOSPD1
0.00115505102083409	-1.4240262825061	0.054	0.158	1	2	HIRA
0.000430490665552271	-1.42567413538758	0.071	0.186	1	2	BAHCC1
0.000840685244690033	-1.42567413538758	0.043	0.138	1	2	COP1
0.00129768822803933	-1.42567413538758	0.076	0.191	1	2	ASXL1
0.00882248229235025	-1.42567413538758	0.022	0.071	1	2	DOP1B
0.00204868732360777	-1.42814239097833	0.038	0.111	1	2	LOC138570040
0.0063120729121889	-1.42814239097833	0.038	0.108	1	2	BRD10
0.000894033817327039	-1.42926293087225	0.043	0.146	1	2	TRIM25
9.03585327281239e-05	-1.42990284884277	0.065	0.167	1	2	MAST3
0.000657475175694391	-1.43224678931107	0.038	0.123	1	2	HERPUD2
0.00138679203562667	-1.43224678931107	0.043	0.126	1	2	LOC138526876
0.000177696549100545	-1.43224678931107	0.06	0.162	1	2	KDM6A
0.00863041263270899	-1.43224678931107	0.011	0.041	1	2	PPP2R3B
0.00911881906495705	-1.43224678931107	0.027	0.082	1	2	ABCC3
0.000546884590892875	-1.43476678128958	0.065	0.173	1	2	CASTOR1
0.00130014224304913	-1.43552192134393	0.049	0.127	1	2	TPTE2
0.0016292522080367	-1.43552192134393	0.049	0.136	1	2	PPP6R2
0.00293437656290713	-1.43692327652054	0.033	0.095	1	2	CDYL
0.00773832465210874	-1.43692327652054	0.033	0.099	1	2	OCIAD1
0.00927096839898237	-1.43692327652054	0.033	0.094	1	2	KIF16B
0.00657480728720178	-1.44042072075677	0.016	0.057	1	2	NR2C2
0.00809754013932134	-1.44042072075677	0.016	0.057	1	2	PCGF2
0.000754786402162897	-1.4431351054538	0.043	0.122	1	2	RB1CC1
0.00068486666069886	-1.44530294213651	0.043	0.131	1	2	RAMP2
0.00199192377027926	-1.44530294213651	0.049	0.139	1	2	SMYD2
0.00286627783458565	-1.44530294213651	0.049	0.14	1	2	THADA
0.00469143789682328	-1.44530294213651	0.043	0.139	1	2	EHBP1L1
0.000640441665162655	-1.44707420698871	0.043	0.14	1	2	THBD
0.00345792259546565	-1.44854860164017	0.027	0.085	1	2	KLF10
0.000159393226368938	-1.44979499052191	0.065	0.175	1	2	CORO7
0.00301052900671314	-1.45086246747841	0.027	0.096	1	2	DCBLD2
0.00429149290476715	-1.45086246747841	0.033	0.096	1	2	ATP11C
0.00755551701503736	-1.45086246747841	0.033	0.096	1	2	SCYL2
0.00767708213852571	-1.45086246747841	0.033	0.096	1	2	PABIR2
0.0092709652707794	-1.45086246747841	0.033	0.097	1	2	WIPI1
0.000223478227407736	-1.45178697570671	0.076	0.198	1	2	NKTR
0.00528060224088534	-1.45259543470287	0.038	0.113	1	2	NFS1
0.00122290669054082	-1.45394186041039	0.038	0.129	1	2	KLHL20
0.00046071947865501	-1.45501809696973	0.043	0.137	1	2	FAM193A
0.000898898221648581	-1.46466826700344	0.033	0.101	1	2	SLC25A51
0.00890958956470472	-1.46466826700344	0.033	0.095	1	2	GPSM2
0.000198675061808184	-1.46466826700344	0.076	0.203	1	2	KSR1
0.000370335667720457	-1.46466826700344	0.092	0.232	1	2	NSD2
0.00166718125873816	-1.46466826700344	0.016	0.072	1	2	ZNF511
0.00477017652394165	-1.46466826700344	0.022	0.07	1	2	RDH16
0.00719493158457544	-1.46466826700344	0.022	0.073	1	2	GABPB2
0.00760366224467281	-1.46466826700344	0.038	0.108	1	2	SUPT3H
0.00424272393418272	-1.46466826700344	0.027	0.088	1	2	CDC40
0.000613737106872766	-1.47664090866952	0.038	0.116	1	2	MED15
0.00107443336508024	-1.47664090866952	0.038	0.109	1	2	PIK3CB
0.00212819434590695	-1.47664090866952	0.033	0.111	1	2	EVI5L
0.0020379508081991	-1.47834320390052	0.027	0.099	1	2	LOC138534787
0.00243244536814251	-1.47834320390052	0.033	0.104	1	2	LOC138467158
0.00516340121825675	-1.48060981087247	0.027	0.088	1	2	FAM13A
0.00116057131400875	-1.48377708995115	0.022	0.072	1	2	TRIP4
0.00852583455096345	-1.48377708995115	0.016	0.072	1	2	MLST8
0.00882248229235025	-1.48377708995115	0.022	0.073	1	2	INO80
0.00164761424799491	-1.48588475291314	0.043	0.129	1	2	BCLAF1
0.00295131771483471	-1.48588475291314	0.043	0.127	1	2	ZNF618
0.00809754013932134	-1.48851500895781	0.016	0.057	1	2	TMTC3
0.00114876703868592	-1.48851500895781	0.038	0.12	1	2	RABGGTB
0.00165457066612502	-1.48851500895781	0.038	0.116	1	2	ZC3H7B
0.00619895522323048	-1.48851500895781	0.038	0.112	1	2	MON2
0.00356519001335446	-1.49188973573847	0.033	0.104	1	2	QRICH1
0.000207515122274844	-1.49188973573847	0.071	0.171	1	2	EML1
0.00424272393418272	-1.49637712673078	0.027	0.089	1	2	CCDC22
0.00516340121825675	-1.49637712673078	0.027	0.09	1	2	LCMT1
0.00865893100694234	-1.49637712673078	0.011	0.045	1	2	GPR132
0.000220946593966827	-1.50119414302856	0.06	0.174	1	2	LOC138569657
0.00293437656290713	-1.50531025150079	0.033	0.103	1	2	LONP1
0.00295858789183621	-1.50531025150079	0.033	0.104	1	2	ACAD10
0.0080601823973203	-1.5119739817818	0.016	0.06	1	2	MRPS7
0.00137929361480858	-1.5119739817818	0.033	0.111	1	2	ARHGEF15
0.00167024736297297	-1.5119739817818	0.038	0.12	1	2	UHRF2
0.00285547652854647	-1.5119739817818	0.027	0.091	1	2	MIER3
0.000111588710007058	-1.51507322044069	0.065	0.199	1	2	MAP4K3
0.000163551265747347	-1.51619856764353	0.049	0.156	1	2	POR
0.000887366258310169	-1.51619856764353	0.054	0.16	1	2	VPS13D
0.000746733126491501	-1.51713568689758	0.043	0.123	1	2	SEC14L1
9.96599728617787e-05	-1.52125179536981	0.049	0.141	1	2	LOC138567561
0.00113679823590129	-1.52125179536981	0.049	0.149	1	2	USP5
0.00245824744912385	-1.52125179536981	0.016	0.066	1	2	CXADR
0.00377332136817879	-1.52125179536981	0.016	0.075	1	2	NCAPG2
0.00380883078820164	-1.52125179536981	0.016	0.075	1	2	CAPN15
0.00582692661718394	-1.52125179536981	0.022	0.066	1	2	MARCHF2
0.000533874571619358	-1.52356195605701	0.033	0.122	1	2	HEXB
0.000750045584591492	-1.52356195605701	0.038	0.118	1	2	MYSM1
0.00260015378060326	-1.52740402235141	0.038	0.134	1	2	MADD
0.000321289738840012	-1.52740402235141	0.049	0.158	1	2	FNDC1
0.00233895745980988	-1.52740402235141	0.027	0.09	1	2	RBL2
0.00918181771935519	-1.52740402235141	0.027	0.09	1	2	CUL4A
0.000401686067279723	-1.53505759489484	0.038	0.116	1	2	FBXO42
0.000619685474369131	-1.53505759489484	0.038	0.12	1	2	TMTC2
0.00209295561493235	-1.53505759489484	0.033	0.116	1	2	USP45
0.00657480728720178	-1.53505759489484	0.016	0.061	1	2	ZNF438
0.00794822600399152	-1.53505759489484	0.016	0.054	1	2	POU6F2
0.00150235507617419	-1.53963032468467	0.049	0.14	1	2	GAB1
0.00019369419648647	-1.547724006731	0.038	0.131	1	2	EIF4G3
0.000293781019873723	-1.547724006731	0.038	0.131	1	2	FCHO2
8.99806770339712e-05	-1.55777767139493	0.054	0.175	1	2	ZFC3H1
0.00293437656290713	-1.55777767139493	0.033	0.101	1	2	TESK2
0.0072369938698929	-1.55777767139493	0.022	0.079	1	2	CBX7
9.20926536712663e-05	-1.55777767139493	0.082	0.221	1	2	NFAT5
0.000492465949300475	-1.55777767139493	0.065	0.172	1	2	PRKCA
0.00127541342780853	-1.55777767139493	0.06	0.144	1	2	RASA4
0.00489594878719785	-1.55777767139493	0.011	0.062	1	2	STK40
0.00736534921716628	-1.55777767139493	0.011	0.058	1	2	EEF2K
0.00898856975927107	-1.55777767139493	0.005	0.046	1	2	NRF1
0.00987374560646257	-1.55777767139493	0.016	0.062	1	2	ZBTB17
0.000223158914711609	-1.56676645462218	0.049	0.149	1	2	PPIP5K2
0.00049640726011126	-1.56776175996755	0.043	0.136	1	2	BTBD8
0.000219406505426041	-1.56900492681818	0.038	0.121	1	2	CCNK
0.000634861198555023	-1.56900492681818	0.033	0.116	1	2	MAPKAP1
0.00250955369268917	-1.56900492681818	0.038	0.122	1	2	STK4
0.0041832929953744	-1.5727280128609	0.027	0.092	1	2	KCNAB2
0.00756969359318278	-1.5727280128609	0.027	0.092	1	2	AGTPBP1
0.000388239808540187	-1.57569957939219	0.049	0.141	1	2	SDR39U1
0.00872063372183553	-1.57569957939219	0.022	0.072	1	2	ADGRG1
0.00882248229235025	-1.57569957939219	0.022	0.079	1	2	EIF2B3
0.00109534452842013	-1.58014548442338	0.038	0.112	1	2	CD74
0.00112627251291544	-1.58014548442338	0.011	0.063	1	2	BBS9
0.00165457066612502	-1.58014548442338	0.038	0.123	1	2	CCDC93
0.000479256485312935	-1.58457773073864	0.049	0.142	1	2	RASA2
0.000919081628081192	-1.58752501478898	0.043	0.14	1	2	GGA3
0.00220793942201028	-1.58752501478898	0.038	0.139	1	2	MECP2
0.0014149470468755	-1.59120067293238	0.033	0.119	1	2	AVEN
0.00322641092818669	-1.59340158112565	0.022	0.079	1	2	WDR25
0.00397157856070667	-1.59340158112565	0.022	0.08	1	2	GABPB1
0.00350713919583408	-1.5959128002817	0.033	0.106	1	2	FBXL20
0.00010845694166832	-1.59730603558156	0.038	0.139	1	2	KLHL12
0.000356216346101053	-1.59730603558156	0.038	0.132	1	2	GATAD2B
0.000490895185558777	-1.60217179075338	0.049	0.15	1	2	ABI2
0.00283524189992751	-1.60217179075338	0.027	0.095	1	2	RANBP10
0.005384239758627	-1.60217179075338	0.016	0.064	1	2	VPS45
0.000294309040256771	-1.61667136044849	0.027	0.141	1	2	AHCTF1
0.00126859386042887	-1.61667136044849	0.027	0.096	1	2	ADCK5
0.00283524189992751	-1.61667136044849	0.027	0.096	1	2	BTN2A1
0.000266516130082251	-1.61955386898162	0.049	0.148	1	2	ANTXR2
0.000876332907922952	-1.62078746892073	0.033	0.111	1	2	LOC138516963
0.00138858099147278	-1.62078746892073	0.027	0.114	1	2	WIPF2
0.00191584463307585	-1.62078746892073	0.033	0.105	1	2	SORBS3
0.00244966744876892	-1.62078746892073	0.027	0.098	1	2	LOC138447888
0.000596106497537094	-1.6238668618527	0.038	0.124	1	2	ANGEL2
0.00657480728720178	-1.6238668618527	0.016	0.061	1	2	GAS2L3
0.00809754013932134	-1.6238668618527	0.016	0.064	1	2	UBAP1
0.000186259492221429	-1.62625740927769	0.043	0.146	1	2	EP400
0.00565566593937522	-1.62816699928632	0.022	0.063	1	2	SDK2
0.000182206840919737	-1.6357801833962	0.043	0.136	1	2	ZNF236
0.00111782810852502	-1.6357801833962	0.043	0.135	1	2	PRKDC
0.00856304040456922	-1.63672901278975	0.043	0.119	1	2	SNCA
0.00171570342673496	-1.63869766677849	0.06	0.148	1	2	VEGFA
0.000139282602679294	-1.64524051264526	0.033	0.11	1	2	DCAF6
0.00107176567097314	-1.64524051264526	0.033	0.113	1	2	ZC3H11A
0.00130942833777101	-1.64524051264526	0.033	0.106	1	2	RXRA
0.00140065613557841	-1.64524051264527	0.022	0.079	1	2	PIK3R4
0.00216176754958041	-1.64524051264527	0.022	0.084	1	2	POP1
0.00882248229235025	-1.64524051264527	0.022	0.081	1	2	LOC138471924
0.000159468169983426	-1.64524051264527	0.065	0.172	1	2	FGL2
0.00125943173233536	-1.64524051264527	0.027	0.096	1	2	MFN1
0.00436525684933813	-1.64524051264527	0.016	0.065	1	2	APOO
0.00509148133063923	-1.64524051264527	0.027	0.097	1	2	PEX14
0.00420404416998704	-1.65128955731807	0.065	0.149	1	2	SLC7A8
0.00181702986865349	-1.65370209139346	0.049	0.137	1	2	GRIA3
0.000117589273597942	-1.65580975435545	0.038	0.131	1	2	PKD1
0.00190026572293574	-1.65931569785699	0.027	0.099	1	2	CLASRP
0.00116057131400875	-1.66211433120966	0.022	0.084	1	2	JADE1
0.00138360937904056	-1.66211433120966	0.022	0.075	1	2	MYLIP
0.00352214406012784	-1.66397707522685	0.038	0.116	1	2	PDE4A
0.0028628940776089	-1.6663021281731	0.016	0.064	1	2	CARF
0.00660539018554897	-1.6663021281731	0.016	0.066	1	2	WDR55
0.00161915818382826	-1.66928598661192	0.027	0.102	1	2	PLPPR5
0.00298445528956966	-1.66928598661192	0.027	0.105	1	2	THRA
0.00702560349714497	-1.67325488881486	0.011	0.049	1	2	CFAP36
0.00863041263270899	-1.67325488881486	0.011	0.05	1	2	FAM219A
0.00586142926604967	-1.67879307235629	0.022	0.08	1	2	GPR155
0.00719493158457544	-1.67879307235629	0.022	0.082	1	2	DPHD
0.00877149861178811	-1.67879307235629	0.022	0.081	1	2	FBXW4
0.00363234604175632	-1.68116008690021	0.027	0.112	1	2	USP42
0.00634913244480906	-1.68116008690021	0.033	0.112	1	2	TSNARE1
0.00107774356204584	-1.68706068833989	0.027	0.115	1	2	SLC9A9
0.00230572105673842	-1.68706068833989	0.027	0.099	1	2	GLA
0.00438567473453302	-1.68706068833989	0.016	0.069	1	2	MAFG
0.00657480728720178	-1.68706068833989	0.016	0.067	1	2	AMPD2
0.00978267438754448	-1.68706068833989	0.016	0.066	1	2	LOC138515867
0.000197380903107545	-1.69080309002571	0.049	0.169	1	2	MGAT4C
9.06993063112634e-05	-1.69163341812972	0.033	0.146	1	2	DUS2
0.00467095695934424	-1.69163341812972	0.043	0.12	1	2	TIAM1
0.000233815644047077	-1.69528119514486	0.043	0.144	1	2	ASAP3
0.000122921929985413	-1.70752479089961	0.033	0.128	1	2	PHF19
0.000915624294180808	-1.70752479089961	0.038	0.135	1	2	ATM
0.00176197723877026	-1.71158300747396	0.022	0.087	1	2	ACSS2
0.00102005280691471	-1.71428215707492	0.027	0.102	1	2	TAPT1
0.000272220015045147	-1.71764900817332	0.038	0.134	1	2	CEP350
0.000476128958412636	-1.72770267283724	0.033	0.118	1	2	KIF2A
0.00176197723877026	-1.72770267283724	0.022	0.087	1	2	PIGN
0.005384239758627	-1.72770267283724	0.016	0.07	1	2	DNMT3B
0.00589600567843164	-1.72770267283724	0.022	0.084	1	2	FANCL
0.00702560349714497	-1.72770267283724	0.011	0.053	1	2	RNF19B
0.000849805898748572	-1.72770267283724	0.027	0.103	1	2	CLCN5
0.000125286400655217	-1.73768676140986	0.033	0.136	1	2	RALGPS1
0.00153106015309884	-1.7409994954507	0.027	0.101	1	2	GMEB1
0.00185951840677614	-1.7409994954507	0.027	0.098	1	2	NUP133
0.00619009609859872	-1.7409994954507	0.027	0.104	1	2	PDPR
0.00013517731735058	-1.74220224253235	0.049	0.182	1	2	YTHDC2
0.000176719161714255	-1.74364421670626	0.043	0.139	1	2	LOC138531582
0.00141775487410829	-1.74364421670626	0.022	0.084	1	2	DSE
0.000186927333592206	-1.74760223027494	0.022	0.117	1	2	ITGB3
0.0023601175630763	-1.74760223027494	0.016	0.07	1	2	STX6
0.00660539018554897	-1.74760223027494	0.016	0.071	1	2	ACLY
0.00809754013932134	-1.74760223027494	0.016	0.07	1	2	ZFR2
0.000288968211789777	-1.75042274933732	0.022	0.104	1	2	SORL1
0.00260287500315387	-1.75941153256458	0.022	0.086	1	2	ECD
0.00474186301118202	-1.75941153256458	0.022	0.081	1	2	KIF23
0.00438567473453302	-1.76723103702388	0.016	0.073	1	2	RP2
0.00660539018554897	-1.76723103702388	0.016	0.066	1	2	MMP3
0.00722920681510901	-1.76723103702388	0.011	0.061	1	2	GPR17
0.00794822600399152	-1.76723103702388	0.016	0.067	1	2	PHAF1
0.000394720820355727	-1.77279056236578	0.027	0.12	1	2	USP8
0.00012312411917535	-1.77694619185709	0.033	0.14	1	2	MARCHF6
0.00124702455692744	-1.77694619185709	0.038	0.119	1	2	EPS8
0.00302187407195669	-1.78017009273137	0.011	0.054	1	2	LIX1L
0.00461924240566142	-1.78017009273137	0.011	0.055	1	2	CAP2
0.00697924904596576	-1.78017009273137	0.011	0.051	1	2	KCNK5
0.00702560349714497	-1.78017009273137	0.011	0.054	1	2	WRAP73
0.000291014680230147	-1.78017009273137	0.022	0.101	1	2	DSP
0.00232231113186608	-1.78017009273137	0.027	0.106	1	2	IKBKB
0.00233895745980988	-1.78017009273137	0.027	0.11	1	2	PHF3
0.00258722805572205	-1.7904384281852	0.022	0.084	1	2	TRPV4
0.00263425331640556	-1.7904384281852	0.022	0.092	1	2	ACADS
0.000436736616520533	-1.79299413308896	0.022	0.1	1	2	PDE10A
0.000682038253210536	-1.79299413308896	0.027	0.106	1	2	PTPN3
0.000750045584591492	-1.79618241072001	0.038	0.135	1	2	DDHD2
9.19809961656327e-05	-1.79809200072864	0.092	0.223	1	2	CLCA1
0.00290360310985933	-1.80570518483851	0.016	0.072	1	2	SLC17A5
0.00860183136693572	-1.80570518483851	0.011	0.054	1	2	RGP1
0.00285547652854647	-1.80570518483851	0.027	0.111	1	2	IFNGR1
0.000384406071961667	-1.81651193979509	0.033	0.124	1	2	MYRIP
0.00125029894913921	-1.81830522161815	0.027	0.11	1	2	CRYL1
9.4864073157786e-05	-1.82081207722872	0.049	0.166	1	2	AATK
0.00589600567843164	-1.82081207722872	0.022	0.093	1	2	CCS
0.000537768801974053	-1.82456421208983	0.016	0.072	1	2	PARL
0.00802283966466204	-1.82456421208983	0.016	0.073	1	2	LPCAT2
0.00461924240566142	-1.83079616580134	0.011	0.056	1	2	NOM1
0.00702560349714497	-1.83079616580134	0.011	0.055	1	2	GPN2
0.00702560349714497	-1.83079616580134	0.011	0.055	1	2	ZNF106
0.000665552565702113	-1.83079616580134	0.022	0.105	1	2	BANP
0.00103844301944037	-1.83906378178494	0.038	0.124	1	2	AHRR
0.00154880199291243	-1.84317989025717	0.016	0.076	1	2	CLK3
0.00284931642159035	-1.84317989025717	0.016	0.073	1	2	FIRRM
0.00533423401176569	-1.84317989025717	0.016	0.072	1	2	FANCC
0.005384239758627	-1.84317989025717	0.016	0.076	1	2	RBM42
0.005384239758627	-1.84317989025717	0.016	0.073	1	2	SIPA1
0.000165974732617136	-1.84845483229785	0.033	0.127	1	2	PI4KA
0.00322641092818669	-1.85055942062277	0.022	0.092	1	2	KLHL5
0.000292862215198628	-1.85545822003561	0.027	0.11	1	2	TTC27
0.00289003793101772	-1.86155841957203	0.016	0.076	1	2	LTO1
0.000417846514167324	-1.86936382206083	0.022	0.103	1	2	PCBP3
0.00013333577310081	-1.87970576628229	0.033	0.124	1	2	INPP4B
0.000990396593838261	-1.87970576628229	0.027	0.104	1	2	DGKA
0.00150887749087417	-1.87970576628229	0.027	0.109	1	2	LCLAT1
0.00154880199291243	-1.87970576628229	0.016	0.078	1	2	ZNF665
0.000157947246125266	-1.89167840794836	0.027	0.114	1	2	CDK5RAP2
0.00114661242947348	-1.89406105925936	0.022	0.095	1	2	TNFRSF14
0.00394816773580941	-1.89406105925936	0.022	0.091	1	2	KNTC1
0.000901137044057724	-1.89762767427955	0.011	0.071	1	2	MYO7A
0.00125633134665483	-1.89762767427955	0.016	0.079	1	2	DHRS7B
0.00125633134665483	-1.89762767427955	0.016	0.079	1	2	ZNF75A
0.00301189010459224	-1.90355250823666	0.011	0.055	1	2	BTBD2
0.00702560349714497	-1.90355250823666	0.011	0.06	1	2	ARL6IP6
0.00012489756225318	-1.90355250823666	0.027	0.113	1	2	ACACB
0.000618397132691992	-1.92235010369078	0.022	0.094	1	2	ZNF711
0.00257162818826916	-1.92235010369078	0.022	0.089	1	2	PRR5L
0.00303182301920901	-1.92701148106064	0.011	0.061	1	2	GPKOW
0.00369365325948531	-1.92701148106064	0.011	0.055	1	2	PLCL1
0.00564150309531176	-1.92701148106064	0.011	0.056	1	2	LOC138467135
0.00012312411917535	-1.93281710274185	0.033	0.147	1	2	MAML3
0.00160381689810878	-1.93628929464866	0.016	0.084	1	2	TGM2
0.000618397132691992	-1.95009509417369	0.022	0.101	1	2	TYW1
0.00188112982923642	-1.95009509417369	0.016	0.076	1	2	RTEL1
0.00567919705094638	-1.95009509417369	0.011	0.061	1	2	KAT14
0.00697924904596576	-1.95009509417369	0.011	0.055	1	2	ANKRD6
0.00857318813978676	-1.95009509417369	0.011	0.059	1	2	PITPNM1
0.00973721902835279	-1.95009509417369	0.016	0.074	1	2	ITGB5
0.00143490319477487	-1.96377003107076	0.022	0.102	1	2	TMCO3
0.000661588211682799	-1.96716860753263	0.016	0.078	1	2	WDPCP
0.00530923647791701	-1.96716860753263	0.016	0.076	1	2	RAB40B
0.00461924240566142	-1.97281517067377	0.011	0.058	1	2	CYP7B1
0.00567919705094638	-1.97281517067377	0.011	0.061	1	2	RNF20
0.00697925300856294	-1.97281517067377	0.011	0.057	1	2	LOC138526789
0.000269533365931442	-1.97731656290871	0.022	0.105	1	2	SZT2
0.000327125138733897	-1.97731656290871	0.022	0.1	1	2	BCAR1
0.000554901940022331	-1.98404242609702	0.027	0.126	1	2	TMEM94
0.00081334294973073	-1.98404242609702	0.016	0.08	1	2	FHIP1B
0.00151789397989518	-1.99240589903165	0.038	0.131	1	2	EPHB1
0.00434483841046923	-2.00072116724365	0.016	0.083	1	2	P2RX4
0.000667859955900599	-2.01720929003222	0.016	0.084	1	2	TYK2
0.00300187701850376	-2.01720929003222	0.011	0.061	1	2	TTLL7
0.00691778517594512	-2.01720929003222	0.005	0.041	1	2	EXOSC5
0.00692993541669769	-2.01720929003222	0.005	0.043	1	2	SMPD4
0.00857213607198846	-2.01720929003222	0.005	0.041	1	2	RMDN2
0.00858730366082158	-2.01720929003222	0.005	0.043	1	2	NRDE2
0.000418565625476255	-2.02538322147792	0.022	0.112	1	2	ANKFN1
0.000664726003584605	-2.03351110236132	0.016	0.085	1	2	TSC2
0.000670988729993593	-2.03351110236132	0.016	0.087	1	2	VPS11
0.00348446037452397	-2.03351110236132	0.038	0.161	1	2	MIDEAS
0.00243849556239063	-2.03890436113154	0.011	0.064	1	2	ALS2
0.00860183136693572	-2.03890436113154	0.011	0.062	1	2	ZNF516
0.000323133134587973	-2.04320449856517	0.022	0.102	1	2	CDC27
0.000310028054792529	-2.04504349822895	0.033	0.142	1	2	SNX29
0.00857213607198846	-2.0496307677246	0.005	0.042	1	2	MEDAG
0.000406447000529185	-2.05602853892275	0.022	0.108	1	2	SPOP
0.00159623402416014	-2.06027801192411	0.011	0.065	1	2	MIPOL1
0.000436814005062079	-2.06557231159362	0.016	0.083	1	2	CDC14B
0.000156784177157552	-2.0708472536343	0.027	0.132	1	2	DCLK2
0.000314693713328543	-2.08133962745194	0.011	0.086	1	2	ARHGAP44
0.00244656179360598	-2.08133962745194	0.011	0.067	1	2	GTF2H2
0.000123032603996962	-2.09175624339728	0.027	0.125	1	2	MORC3
0.00151232246776937	-2.09693648250296	0.016	0.075	1	2	MARCHF1
0.00160671066433233	-2.10209818761874	0.011	0.069	1	2	FAM124B
0.00477464439639363	-2.10209818761874	0.027	0.1	1	2	BRIP1
0.00865893100694234	-2.10209818761874	0.011	0.065	1	2	IRF5
0.000532695105851968	-2.11236652307256	0.016	0.085	1	2	LOC138448811
0.00293797828619254	-2.11236652307256	0.005	0.046	1	2	GZF1
0.00364147855326911	-2.11236652307256	0.005	0.046	1	2	EFCAB7
0.000504589601513867	-2.14274017211608	0.022	0.111	1	2	TRIM37
0.000540299814165755	-2.14274017211608	0.016	0.094	1	2	TGS1
0.00101361648594724	-2.14274017211608	0.016	0.09	1	2	SETDB2
0.0019863658451064	-2.14274017211608	0.011	0.071	1	2	AGBL5
0.00243039911031766	-2.14274017211608	0.011	0.067	1	2	IL5RA
0.0036352624589556	-2.14274017211608	0.005	0.045	1	2	NPNT
0.001979881914546	-2.16263972955379	0.011	0.071	1	2	TXLNG
0.000129830482961861	-2.16827526422322	0.033	0.147	1	2	PTPN14
0.000139560108083079	-2.1783640818468	0.022	0.11	1	2	ZNF451
0.00461924240566142	-2.18226853630272	0.011	0.07	1	2	WDR62
0.00414283529714382	-2.18636710451634	0.043	0.104	1	2	ESM1
0.000793876371380222	-2.18713429147454	0.016	0.071	1	2	MEGF11
0.000132472051259364	-2.20163386116965	0.016	0.118	1	2	TBC1D9B
0.00857213607198846	-2.20163386116965	0.005	0.048	1	2	NIPAL3
0.0002893209450198	-2.20163386116965	0.011	0.074	1	2	AMMECR1L
0.000432726024383501	-2.20163386116965	0.016	0.094	1	2	CPPED1
0.00243039911031766	-2.20163386116965	0.011	0.068	1	2	JUP
0.00572337273532918	-2.20163386116965	0.011	0.053	1	2	SLC26A10P
0.000331121556441127	-2.21312950000748	0.022	0.122	1	2	LOC138527531
0.00435821060943513	-2.21312950000748	0.016	0.079	1	2	SHISA6
0.00566037511421199	-2.22074268411736	0.011	0.071	1	2	IFT80
0.00129480077744652	-2.23960171136867	0.011	0.074	1	2	RNPEP
0.000349621390338435	-2.24427819857814	0.016	0.094	1	2	TBC1D30
8.49469641414125e-05	-2.25821738953602	0.016	0.121	1	2	ABCB7
0.00858730366082158	-2.25821738953602	0.005	0.051	1	2	POC1B
0.00129480077744652	-2.25821738953602	0.011	0.075	1	2	EXOC3L1
8.42755448620094e-05	-2.26612258762136	0.033	0.147	1	2	GRK3
0.00104635086530782	-2.27659591885087	0.011	0.076	1	2	TJAP1
0.00159623402416014	-2.27659591885087	0.011	0.074	1	2	POLD1
0.00692993541669769	-2.28569812595812	0.005	0.05	1	2	ZDBF2
0.00302187407195669	-2.29474326556113	0.011	0.075	1	2	MAP2K7
0.000655997055772787	-2.29924465779607	0.033	0.132	1	2	SEMA3A
0.00100003235222624	-2.31266517355839	0.005	0.052	1	2	FOXRED2
0.0055530330034703	-2.31266517355839	0.005	0.045	1	2	PRR5
0.00129480077744652	-2.31266517355839	0.011	0.076	1	2	ATAD5
0.000540299814165755	-2.33913738491959	0.016	0.103	1	2	BARD1
0.00364147855326911	-2.33913738491959	0.005	0.051	1	2	LOC138489829
0.00857213607198846	-2.33913738491959	0.005	0.052	1	2	NT5DC3
0.00858730366082158	-2.36513259345253	0.005	0.053	1	2	SUN1
0.000351270075990254	-2.36513259345253	0.016	0.106	1	2	LOC138570801
0.00293301539984381	-2.39066768555967	0.005	0.053	1	2	STX3
0.00362898362017354	-2.39066768555967	0.005	0.051	1	2	POLQ
0.00055059716717999	-2.39907992537587	0.011	0.081	1	2	ACBD6
0.00160148388640356	-2.4157586665225	0.011	0.082	1	2	METAP1D
0.00691778517594512	-2.4157586665225	0.005	0.055	1	2	AS3MT
0.000288421620563721	-2.43224678931107	0.011	0.085	1	2	EDC3
0.000552350286387697	-2.43224678931107	0.011	0.084	1	2	ANAPC4
0.00102917508166373	-2.46466826700344	0.011	0.074	1	2	TTC7A
0.00037461631889595	-2.47425431583264	0.022	0.11	1	2	LRG1
0.00293797828619254	-2.48851500895781	0.005	0.058	1	2	PIGX
0.00857213607198846	-2.48851500895781	0.005	0.059	1	2	GBE1
0.00449728103962565	-2.5119739817818	0.005	0.057	1	2	MTMR2
0.000680134102223513	-2.5119739817818	0.011	0.089	1	2	ETFDH
0.000287515738344993	-2.52740402235141	0.011	0.091	1	2	PIAS4
0.0091722322035132	-2.55777767139493	0	0.031	1	2	OBSCN
0.00691778517594512	-2.58014548442338	0.005	0.063	1	2	CCNT1
0.00123868921199607	-2.60217179075338	0.005	0.063	1	2	DTNBP1
0.00917353398494021	-2.64524051264527	0	0.032	1	2	CPT1B
0.000231536985825829	-2.64524051264527	0.011	0.09	1	2	ANKS1A
0.000186936579317791	-2.68706068833989	0.011	0.099	1	2	ZYG11B
0.00558272384612438	-2.68706068833989	0.005	0.068	1	2	ARHGAP42
0.00154144391864405	-2.70752479089961	0.005	0.066	1	2	LOC138527462
0.000960733948831813	-2.71764900817332	0.016	0.099	1	2	PGF
0.000420830431004196	-2.72770267283724	0.005	0.069	1	2	LOC138567600
0.00123869013751823	-2.74760223027494	0.005	0.065	1	2	TMEM26
0.0059463523405086	-2.80570518483851	0	0.037	1	2	MMAA
0.00738379299255911	-2.80570518483851	0	0.037	1	2	RARS2
0.0091722322035132	-2.80570518483851	0	0.036	1	2	ADAMTSL5
0.0091722322035132	-2.80570518483851	0	0.036	1	2	NARS2
0.0036352624589556	-2.84317989025717	0.005	0.076	1	2	ST3GAL3
0.00738379299255911	-2.84317989025717	0	0.037	1	2	STEAP3
0.00594833128114833	-2.95009509417369	0	0.036	1	2	LINGO2
0.00738379299255911	-2.95009509417369	0	0.041	1	2	AAAS
0.001015228610888	-2.96149985744594	0.011	0.079	1	2	LOC138577431
0.0059463523405086	-2.98404242609702	0	0.042	1	2	SPSB1
0.000141117855559127	-3.08133962745194	0.005	0.084	1	2	PRDM15
0.000113799168205472	-3.09693648250296	0.005	0.088	1	2	ZNF512B
0.00162887449249094	-3.11236652307256	0	0.045	1	2	KBTBD11
0.00311108504909659	-3.11236652307256	0	0.044	1	2	KCNC1
0.00386121046041045	-3.11236652307256	0	0.041	1	2	ANO7
0.00738496195501437	-3.11236652307256	0	0.044	1	2	FAM19A1
0.00917570382515666	-3.11236652307256	0	0.041	1	2	CDCA2
0.0001409169296591	-3.12763327972587	0.005	0.09	1	2	AFG1L
0.0016283865988961	-3.14274017211608	0	0.047	1	2	RNFT2
0.00311233858079091	-3.17248751551013	0	0.044	1	2	BMP6
0.00738496195501437	-3.17248751551013	0	0.045	1	2	PRDM10
0.000224797212019474	-3.19198369113593	0.011	0.106	1	2	PLCE1
0.00311108504909659	-3.20163386116965	0	0.047	1	2	SYT14
0.000216779174464187	-3.23020301336642	0.005	0.082	1	2	ABLIM2
0.00121711942818879	-3.32596199617185	0.005	0.064	1	2	SCIN
0.000268159710298524	-3.33913738491959	0.005	0.08	1	2	GALR1
0.000553226461320677	-3.36513259345253	0	0.051	1	2	LOC138568991
0.00311174476492625	-3.36513259345253	0	0.052	1	2	TMCO4
0.000186916809467277	-3.5119739817818	0	0.06	1	2	CLOCK
0.00386248555902674	-3.53505759489484	0	0.051	1	2	CHAD
0.000445532325599579	-3.55777767139493	0	0.062	1	2	FOXJ2
0.000552988616095592	-3.64524051264527	0	0.066	1	2	MRE11
0.00595158631772113	-3.6663021281731	0	0.051	1	2	TC2N
0.00044572371837019	-3.72770267283724	0	0.062	1	2	BCL2
0.000853309421727323	-3.72770267283724	0	0.06	1	2	SEMA3D
0.00162973791879653	-3.74760223027494	0	0.061	1	2	CYGB
1.33982432370259e-32	1.71467771352209	0.84	0.382	1.60685131141651e-28	3	XIRP2
7.95128254479169e-30	-2.98693084481089	0.399	0.774	9.53597315596867e-26	3	PRSS23
1.36290349952117e-24	-0.725119767953237	1	1	1.63453016697574e-20	3	ACTB
1.93632236642468e-23	1.53223452115592	0.859	0.563	2.32223141405312e-19	3	ADCY4
5.06979331576742e-21	2.51830568252452	0.331	0.071	6.08020312359986e-17	3	EPS8
1.34914236788735e-20	1.35337862678217	0.675	0.302	1.6180264418073e-16	3	TACR1
4.23035975986241e-20	1.42747261938904	0.804	0.406	5.07347046000299e-16	3	PLCB1
2.15182219504349e-18	1.87626443202663	0.534	0.2	2.58068035851565e-14	3	SELP
6.87662881863111e-18	2.97598751921186	0.319	0.063	8.24714094218429e-14	3	ANKFN1
6.87877953903782e-18	0.9945464379337	0.865	0.55	8.24972030116805e-14	3	RAMP3
3.39242755506152e-17	2.4508964744681	0.35	0.096	4.06853836678528e-13	3	RASA4
4.25597357143594e-17	-2.56728012415404	0.245	0.582	5.10418910422313e-13	3	IGFBP1
5.46780006956364e-17	1.49729187714204	0.521	0.2	6.55753262342767e-13	3	SLC16A2
1.28465964061787e-16	0.932992622474725	0.926	0.687	1.54069230699301e-12	3	SHANK3
3.69312367027708e-16	-0.795124324819509	0.982	0.981	4.4291632177633e-12	3	VIM
4.03548730073659e-16	-0.942822303487272	0.822	0.929	4.83975991977339e-12	3	TXN
9.5165207130869e-16	-0.504716210532442	1	1	1.14131632912051e-11	3	CIRBP
1.19273477479796e-15	1.25348586069529	0.779	0.539	1.43044681541519e-11	3	DOCK9
1.59687287286037e-14	-0.958101386012063	0.644	0.818	1.91512963642144e-10	3	TUBB4A
4.83312976645816e-14	-1.93792350407443	0.276	0.574	5.79637252891327e-10	3	FAM107B
8.6772110102814e-14	-1.0663676885369	0.656	0.823	1.04065791646305e-09	3	TUBA1C
1.32350075667722e-13	-1.1381356905621	0.393	0.695	1.58727445748299e-09	3	RALB
1.47037753372394e-13	1.18677224337488	0.632	0.309	1.76342377619512e-09	3	EPAS1
1.97257021079858e-13	1.4912443240393	0.479	0.199	2.36570345381074e-09	3	PPP1R16B
1.86561195327156e-12	-0.821865374610856	0.816	0.893	2.23742841555858e-08	3	PFN1
2.04199101902466e-12	1.75846027931515	0.337	0.107	2.44895982911628e-08	3	BEGAIN
2.06062946428633e-12	1.2015145758365	0.638	0.366	2.4713129165186e-08	3	NHSL2
2.40693448453888e-12	1.32511090175936	0.46	0.219	2.88663652730748e-08	3	GSE1
2.97735509736733e-12	1.97384931291383	0.325	0.092	3.57074196827263e-08	3	LOC138531582
3.26461068127982e-12	1.9993407405776	0.294	0.081	3.91524759005889e-08	3	EPO
3.44259579312562e-12	1.82864580313667	0.38	0.131	4.12870513469556e-08	3	TP53I11
3.54902798017651e-12	-1.39022062192236	0.35	0.647	4.25634925662568e-08	3	MYADM
4.3802910359033e-12	1.31999797836571	0.552	0.3	5.25328303935882e-08	3	LHFPL7
4.99953774147593e-12	-1.14126318281306	0.417	0.672	5.99594561335209e-08	3	LDHA
1.21640135693397e-11	1.94659927850563	0.264	0.073	1.4588301473709e-07	3	MEOX1
1.42346366810904e-11	1.19407204173556	0.534	0.259	1.70715997716317e-07	3	CD200
1.8022424641998e-11	1.56866793309385	0.552	0.29	2.16142938731482e-07	3	GGT5
1.97911264935552e-11	1.45976042845414	0.423	0.194	2.37354980037208e-07	3	MAST4
2.2652261181192e-11	-1.22200824781712	0.448	0.67	2.71668568346035e-07	3	JPT1
3.18165461136219e-11	1.00374683699877	0.712	0.549	3.81575837540667e-07	3	LOC138515939
5.97052940799616e-11	2.46148334349065	0.178	0.037	7.1604559190098e-07	3	RGS5
9.02082875737323e-11	-6.69503567135241	0	0.217	1.08186799287177e-06	3	RELN
1.96677997456492e-10	1.63166377075981	0.405	0.178	2.35875922349571e-06	3	MEOX2
2.22839520180828e-10	1.55822972968887	0.331	0.111	2.67251436552867e-06	3	ARHGAP7
2.43128723652504e-10	2.27358060111928	0.215	0.052	2.91584278276448e-06	3	SORBS2
4.13792395927941e-10	0.926816666315094	0.607	0.356	4.9626122043638e-06	3	PREX2
4.64916110088934e-10	0.428165147403419	1	0.967	5.57573890829659e-06	3	CYTB
6.53847840183636e-10	0.898577763642688	0.546	0.294	7.84159714732235e-06	3	TTN
6.62687406845199e-10	2.48354026436384	0.141	0.026	7.94761007029447e-06	3	TAS1R3
6.85113423603563e-10	1.63127168078841	0.368	0.131	8.21656528927754e-06	3	CRTAC1
6.99901383692227e-10	-0.603672299697999	0.871	0.934	8.39391729462087e-06	3	MYL6P1
7.84808541697317e-10	-5.85678674134903	0.025	0.237	9.41220884057592e-06	3	HAPLN3
1.29106712728332e-09	0.770462831414484	0.804	0.536	1.54837680575088e-05	3	KDR
1.30028852178295e-09	-0.853682983052178	0.595	0.761	1.5594360241743e-05	3	CALM2
1.5115296695565e-09	1.8239167587308	0.301	0.1	1.81277753269911e-05	3	PIK3R6
1.94910958716696e-09	-1.50716165250257	0.209	0.445	2.33756712788934e-05	3	CLDN11
1.98282171300798e-09	-4.36791134481925	0.012	0.206	2.37799808041047e-05	3	UNC5B
2.3349111997047e-09	1.61729165325267	0.313	0.125	2.80025900180584e-05	3	MAST3
2.36436408376504e-09	2.003182806872	0.307	0.12	2.83558184565942e-05	3	LFNG
2.4129041950102e-09	1.19790829869947	0.472	0.253	2.89379600107573e-05	3	TJP2
2.79097339863296e-09	0.697589838980464	1	0.999	3.34721439698051e-05	3	unassigned-gene-4
3.30782002091836e-09	-5.56728012415404	0	0.177	3.96706855108739e-05	3	SRGN
3.42168035553332e-09	1.5490069136862	0.442	0.22	4.10362125039111e-05	3	HDAC7
4.11090365183032e-09	0.762630500519834	0.773	0.495	4.9302067496401e-05	3	ESAM
4.215186438135e-09	0.678792885011869	0.84	0.656	5.0552730952553e-05	3	LIFR
5.88764924307577e-09	0.823316760784584	0.939	0.853	7.06105773722077e-05	3	unassigned-gene-2
6.92549427633488e-09	0.647726157908055	0.84	0.672	8.30574528560842e-05	3	LOC138504630
7.33422255143598e-09	0.968967091534086	0.595	0.343	8.79593310593717e-05	3	APLNR
7.65775228405877e-09	1.25672392677911	0.442	0.214	9.18394231427168e-05	3	RASAL2
7.86742115057264e-09	1.3506459938665	0.294	0.123	9.43539818588177e-05	3	MAML2
9.10433488286607e-09	-0.346545348738618	0.994	0.998	0.000109188288250213	3	CIRP
9.63460246264001e-09	1.61309166472339	0.227	0.079	0.000115547787334442	3	ACACB
1.12802177888052e-08	0.755619809800645	0.663	0.422	0.000135283651941141	3	ARHGEF9
1.17699678393685e-08	1.10271848042291	0.497	0.266	0.000141157224297547	3	VWCE
1.28249971739119e-08	1.45589750929472	0.294	0.119	0.000153810191106725	3	BCAM
1.47199196886185e-08	0.98720857514307	0.589	0.38	0.000176535996825602	3	DIAPH2
1.54317072602245e-08	-2.04483870799094	0.049	0.234	0.000185072465171873	3	EMID1
1.60254198259849e-08	-0.678164230273499	0.564	0.755	0.000192192859973037	3	RAN
1.90730409536379e-08	1.38924123917908	0.399	0.172	0.000228742980156979	3	LOC138511292
1.94865551408341e-08	0.746074515905616	0.791	0.594	0.000233702255804024	3	PECAM1
2.2038342325996e-08	0.952422755102506	0.699	0.521	0.00026430583951567	3	S100P
2.41431685232935e-08	1.29034548359868	0.356	0.172	0.000289549020099859	3	ADAMTS20
2.71797342711336e-08	0.935443057394551	0.54	0.288	0.000325966553113705	3	TNFAIP8L1
2.77446657605859e-08	1.00830523948459	0.583	0.354	0.000332741776466707	3	PDE2A
2.78475121436814e-08	1.47711399520441	0.258	0.107	0.000333975213139171	3	TSPAN2
3.09318096442233e-08	0.340084417778669	1	0.999	0.00037096519306317	3	COX3
3.26427843904849e-08	1.91007340248052	0.147	0.03	0.000391484913195086	3	SLC26A10P
3.52821901753931e-08	-0.582005981206046	0.816	0.903	0.00042313930677349	3	MSN
3.60999482856047e-08	-4.17313996576846	0.012	0.178	0.000432946679789257	3	FGL2
4.58184749833799e-08	1.10146993422565	0.411	0.215	0.000549500970475676	3	NHERF2
4.72387154557429e-08	-0.516220654148867	0.883	0.936	0.000566533914460724	3	HNRNPAB
4.73833113115735e-08	1.45178270524779	0.331	0.141	0.000568268052559701	3	CCSER1
5.21964073099629e-08	-0.934988213049886	0.331	0.569	0.000625991512868386	3	CYCS
5.27091366792856e-08	1.19876516789395	0.313	0.136	0.000632140676194672	3	NOS1AP
5.57474169375959e-08	-1.21094199848085	0.27	0.458	0.000668578771332587	3	LOC138582805
6.22578699629158e-08	1.71630165908384	0.166	0.053	0.000746658634465249	3	MYZAP
6.90307967819852e-08	-0.66504526486803	0.748	0.845	0.000827886345806348	3	ITGBL1
7.51696504954751e-08	-0.452583672312239	1	0.995	0.000901509618392232	3	TMSB4X
8.2260389176901e-08	-2.02255475454161	0.117	0.303	0.000986548847398574	3	CADM1
1.25612343775147e-07	3.38400459081293	0.055	0.005	0.00150646883889534	3	HCN1
1.39828219053248e-07	-1.01437556451231	0.35	0.595	0.0016769598311056	3	TUBA1B
1.48453598178415e-07	-4.29547550869252	0.025	0.171	0.00178040400295373	3	APLN
1.50732465221307e-07	1.1911564450905	0.534	0.297	0.00180773445539913	3	CYLD
1.58426909587319e-07	0.811596976437458	0.503	0.302	0.00190001392668072	3	ITGA9
1.60065132573885e-07	-0.65540489116517	0.552	0.756	0.00191966113495861	3	LOC138504591
1.75491748236741e-07	0.730028361317755	0.601	0.388	0.00210467253660324	3	TXNIP
1.83426253238568e-07	1.92355663184414	0.215	0.062	0.00219983105509015	3	PHEX
1.87521951325201e-07	-0.692329546183077	0.712	0.835	0.00224895076224313	3	VAT1
1.93188752616515e-07	1.50459473162652	0.258	0.101	0.00231691271012987	3	FAM110B
2.05359433154669e-07	-4.0159260160757	0.012	0.159	0.00246287568182394	3	FGF10
2.25618287441114e-07	1.00696303186329	0.577	0.357	0.00270584012128128	3	EXOC3L2
2.61596499688717e-07	0.34949608566885	1	0.994	0.00313732682076678	3	COX2
2.61644901478981e-07	-1.13522494444805	0.288	0.482	0.00313790730343742	3	LYVE1
2.91658148443343e-07	1.14793723257941	0.35	0.168	0.00349785617428101	3	MCF2L
2.98146542130877e-07	0.996428453690054	0.497	0.273	0.00357567147977561	3	RHAG
3.06387203952278e-07	-1.64889388970769	0.117	0.296	0.00367450173699967	3	PLAT
3.31572677098218e-07	3.57303841520295	0.098	0.009	0.00397655111643892	3	OTULINL
3.48246503430363e-07	-0.465974180821731	0.773	0.872	0.00417652031564034	3	RBMX
3.53847287184751e-07	-1.11183055342403	0.276	0.471	0.00424369051520672	3	GPX1
3.71631663129517e-07	1.98992671016973	0.135	0.037	0.0044569785359123	3	RASD2
4.04160334678641e-07	-1.19327612418528	0.19	0.375	0.00484709489380095	3	TIMP2
4.72433972894926e-07	-0.984367136340798	0.46	0.656	0.00566590063692885	3	MARCKS
5.02565170558661e-07	1.43131030559129	0.178	0.062	0.00602726409051002	3	ANO8
5.67946204994819e-07	-0.633375924662567	0.926	0.958	0.00681137883650286	3	S100A10
6.43383399987104e-07	-0.549674215509897	0.718	0.809	0.00771609711604534	3	SNRPG
6.45216869112709e-07	-1.114293042304	0.503	0.658	0.00773808591126872	3	LGALS1
7.34589293202585e-07	0.707411614626206	0.515	0.308	0.0088099293933786	3	ZNF521
7.49867386359152e-07	1.71415319250526	0.178	0.058	0.00899315956460531	3	ARHGAP44
7.74998287957959e-07	1.53156177922679	0.27	0.107	0.0092945544674798	3	GRK3
9.07079026780899e-07	-0.57346713759483	0.687	0.827	0.0108785987681833	3	COX6B1
9.81435263034282e-07	-0.728121417107368	0.718	0.828	0.0117703531095701	3	VWF
1.10461257458038e-06	1.66021438539446	0.252	0.093	0.0132476186069425	3	RAPGEF3
1.18235080343368e-06	0.698022925365529	0.595	0.394	0.0141799331855801	3	PDLIM4
1.34787511371516e-06	1.00843853232349	0.38	0.214	0.0161650662387859	3	LRRK2
1.62764448274756e-06	0.788357494080825	0.54	0.37	0.0195203402815915	3	CAMK1
1.70220642201271e-06	-2.52288600479559	0.025	0.152	0.0204145616191984	3	TENT5B
1.81158406588508e-06	-1.90754985503091	0.055	0.214	0.0217263277021597	3	ANGPT2
1.85571120206777e-06	-1.81566775402343	0.104	0.273	0.0222555444463988	3	CYR61
2.05298170166307e-06	-1.16572942159724	0.196	0.386	0.0246214095480452	3	CD276
2.08852911326871e-06	-0.605788294894913	0.724	0.851	0.0250477296554317	3	MYL12B
2.16027727801089e-06	1.0382297539712	0.313	0.158	0.0259082053951846	3	FGD3
2.16926577387444e-06	2.77256987873058	0.067	0.01	0.0260160044260762	3	FGF1
2.34749405258989e-06	-1.18978283435155	0.215	0.424	0.0281534961727106	3	WLS
2.51759549073792e-06	0.86710336351496	0.466	0.287	0.0301935227204199	3	RASGRP3
2.53278736440689e-06	1.39742510657525	0.209	0.079	0.0303757188613318	3	KANK4
2.72922405692922e-06	0.679460474339102	0.65	0.438	0.0327315841147521	3	RAPGEF2
2.8298673043758e-06	1.11001097298927	0.258	0.125	0.0339385985813789	3	GULP1
2.83522145868344e-06	-0.817144412331357	0.699	0.813	0.0340028109539905	3	FSTL1
2.88386782281398e-06	1.94659927850563	0.129	0.036	0.0345862267990081	3	ZNF366
3.09620910472646e-06	0.85326248108966	0.454	0.261	0.0371328357929844	3	PTGS1
3.09806192612093e-06	-0.891445185016754	0.411	0.606	0.0371550566799683	3	NPC2
3.26169848685892e-06	3.49503590320167	0.043	0.004	0.039117549952899	3	EPM2A
3.84843588290936e-06	2.92267343926015	0.092	0.018	0.0461542915437319	3	PLCH2
3.88759231579923e-06	-0.457120601920749	0.847	0.911	0.0466238946433802	3	TAGLN2
4.04431981781561e-06	-0.420224230257955	0.84	0.88	0.0485035275750626	3	GAPDH
4.15976231510694e-06	-0.548379122097559	0.81	0.877	0.0498880294450775	3	RAC1
4.35737365942833e-06	1.43498851953173	0.276	0.119	0.052257982297524	3	TMTC1
4.55477295931747e-06	0.930831962647315	0.344	0.189	0.0546253921010945	3	RABGAP1L
5.01279224397981e-06	-0.606931714140163	0.564	0.702	0.0601184173820499	3	FSCN1
5.34619220087062e-06	1.07011381499099	0.472	0.286	0.0641168830650413	3	ICAM5
5.48900882430684e-06	-1.75992520209644	0.08	0.228	0.0658296828299119	3	KLF6
5.53551623999839e-06	1.45266095147987	0.258	0.105	0.0663874462663007	3	PRICKLE1
6.23264543403071e-06	1.74014840103821	0.196	0.079	0.0747481166903303	3	HIFy
6.42593596074073e-06	1.05434084714596	0.313	0.171	0.0770662499771636	3	SH3GLB2
6.55006711981951e-06	-1.37604461646632	0.16	0.35	0.0785549549679954	3	TANB
6.67997366860737e-06	1.64703899664672	0.215	0.08	0.0801129242076082	3	REPS2
6.74138957236709e-06	1.17528710637356	0.258	0.131	0.0808494851413985	3	LACTB
6.76281286469136e-06	2.28091109784883	0.153	0.048	0.0811064146862434	3	MEGF11
7.04192930057882e-06	-1.34764720345681	0.092	0.224	0.0844538581018418	3	LMNB1
7.0929137311804e-06	-0.48406675590506	0.718	0.818	0.0850653143780465	3	EIF4A1
7.17414814734123e-06	-1.53882754866461	0.074	0.218	0.0860395587310634	3	TUBB6
7.94735121065156e-06	1.00792072587866	0.337	0.167	0.0953125830693442	3	TRERF1
8.00454221523807e-06	-0.771248339979374	0.411	0.598	0.0959984747873501	3	SEPT2
8.04922391516668e-06	1.92189883787731	0.209	0.071	0.096534342414594	3	CDKL5
8.54591631322881e-06	-0.731472626607006	0.399	0.58	0.102491174344553	3	HSP90B1
8.89446134356062e-06	-2.7383920405468	0.025	0.15	0.106671274893322	3	PHF24
9.25474265974417e-06	-0.717014573913315	0.356	0.533	0.110992128718312	3	PTBP1
9.83655389314388e-06	1.21764620439081	0.325	0.163	0.117969790840475	3	FLRT2
9.89044751806137e-06	-2.19044559159527	0.08	0.243	0.11861613708411	3	CCN1
9.93734246391161e-06	-1.1336479749488	0.19	0.366	0.119178548169692	3	TUBB
1.04107428916277e-05	0.578533082914315	0.798	0.654	0.124856039499291	3	ICAM1
1.06399943117291e-05	-1.56797389432413	0.074	0.22	0.127605451780567	3	CRIP2
1.16159632211338e-05	0.649478042098141	0.571	0.413	0.139310246911057	3	BCL6B
1.18232028820586e-05	1.09907070340777	0.393	0.195	0.141795672164529	3	AKAP9
1.20393088318379e-05	-4.95658734833947	0.006	0.119	0.144387430820232	3	STAB2
1.22853163565119e-05	2.41571345054027	0.104	0.024	0.147337799063647	3	GRIK2
1.24832038005543e-05	-6.28369834091616	0	0.11	0.149711063180047	3	ESM1
1.30951704092468e-05	-0.898997992166108	0.331	0.457	0.157050378718097	3	TFPI2
1.44178854581314e-05	-0.866987597263487	0.313	0.464	0.172913700299369	3	TSPAN14
1.49656469527196e-05	-2.0672065210194	0.11	0.28	0.179483003903966	3	APCS
1.52141750889835e-05	-1.12234807521186	0.356	0.554	0.182463601842179	3	CD9
1.57070157114731e-05	1.80315819856401	0.153	0.061	0.188374239427697	3	TGM2
1.6276272058155e-05	0.339099240038465	0.963	0.92	0.195201330793453	3	RPL38
1.67021701368666e-05	3.86943141798317	0.037	0.002	0.200309126451441	3	EPDR1
1.67040342950743e-05	3.32511090175936	0.037	0.004	0.200331483300826	3	WDR31
1.68933432652276e-05	-2.76423658383592	0.043	0.169	0.202601865779875	3	CCN2
1.80991141700914e-05	0.293116952604974	0.988	0.959	0.217062676241906	3	RPS8
1.82495946736899e-05	-3.25985159896179	0.018	0.14	0.218867388921563	3	PDPN
1.91921526199853e-05	-0.519109314050105	0.595	0.738	0.230171486371484	3	MYH9
1.98055586143738e-05	1.17473429669503	0.288	0.169	0.237528064462185	3	LOC138582919
1.98930362849389e-05	0.979614335733595	0.227	0.115	0.238577184165272	3	KCNN3
1.99973852092048e-05	1.10977323795686	0.227	0.108	0.239828640813993	3	ITGB4
1.99997569527935e-05	0.772569878730583	0.472	0.31	0.239857085134853	3	TANC1
2.10488956065497e-05	1.53514611657583	0.153	0.061	0.252439405009351	3	CHKA
2.10916335746594e-05	0.737493947592228	0.601	0.408	0.25295196146089	3	FCN1
2.15091996376305e-05	0.446051938913547	0.583	0.454	0.257959831254103	3	COL1A2
2.19200286001644e-05	-0.459393081170205	0.521	0.687	0.262886903001771	3	PCDHGC3
2.22308678613542e-05	-2.43672936104587	0.325	0.487	0.26661479826122	3	CTSL
2.22940930669135e-05	0.685878738510085	0.583	0.413	0.267373058151493	3	ERG
2.39771344756141e-05	-1.04264137542287	0.607	0.686	0.28755777376604	3	ACTG1
2.58229401628865e-05	-0.518049610588451	0.62	0.735	0.309694521373498	3	AKAP8L
2.59731726509431e-05	1.41822030615084	0.172	0.068	0.311496259602761	3	HLCS
2.60070377641082e-05	0.768444943709228	0.497	0.345	0.31190240390495	3	RALGAPA1
2.67460859215736e-05	2.09449797361795	0.074	0.018	0.320765808457433	3	ANKRD55
2.83923812200397e-05	-2.59454698992303	0.031	0.151	0.340509827971936	3	VEGFA
2.91106572512868e-05	0.447241063558625	0.706	0.516	0.349124112414683	3	AQP1
2.91816376974601e-05	-0.609869306390228	0.454	0.605	0.349975380905638	3	HNRNPM
3.00546557209856e-05	-0.766072891651952	0.546	0.648	0.360445486061781	3	STMN1
3.01710037458416e-05	1.03654140381843	0.294	0.146	0.361840847923878	3	ATG2B
3.01969142091898e-05	-0.74470100165329	0.442	0.597	0.362151592110813	3	GASK1B
3.15338519016205e-05	3.0876115880327	0.067	0.012	0.378185485856135	3	SLC6A2
3.18567629051182e-05	-3.29312775383609	0.025	0.156	0.382058157521083	3	PROX1
3.24556077382409e-05	0.907748349534274	0.325	0.185	0.389240103604723	3	NCOA3
3.27190283746521e-05	1.94659927850563	0.196	0.061	0.392399307297203	3	PPP2R3A
3.41890741870937e-05	-2.8041721151856	0.018	0.121	0.410029566725815	3	SNCA
3.44411221789582e-05	-0.5376527155045	0.571	0.719	0.413052378292246	3	TRA2B
3.477070229755e-05	-0.578435449021203	0.595	0.712	0.417005032654518	3	ABRACL
3.61719143420761e-05	1.39290099130133	0.362	0.22	0.433809768704519	3	LOC138472551
3.67494435024178e-05	0.482467229698618	0.552	0.408	0.440736075924497	3	VWA5A
3.68183326086195e-05	1.32511090175936	0.239	0.114	0.441562262975174	3	KMT2E
3.85568059084865e-05	-1.85678674134903	0.092	0.239	0.462411773260479	3	SEMA7A
3.93728993243907e-05	0.968967091534086	0.282	0.164	0.472199181597418	3	SYNE3
3.993358144601e-05	-1.60088851679686	0.11	0.282	0.478923442281998	3	HSD3B7
4.00691461282892e-05	-0.551346769250233	0.491	0.675	0.480549269516572	3	ILF3
4.18842493877181e-05	-2.09810052896518	0.049	0.18	0.502317802906903	3	GPNMB
4.19529308073772e-05	0.942687766735237	0.38	0.232	0.503141499172875	3	KIF13A
4.19898625184317e-05	0.889895520542887	0.294	0.184	0.503584421183551	3	EBF3
4.50868219664129e-05	2.16161216947648	0.055	0.011	0.54072625584319	3	AP4M1
4.74212309569786e-05	-1.84080103717633	0.092	0.224	0.568722822867044	3	FLT4
4.8344128332719e-05	-0.318319614538615	0.988	0.977	0.579791131094299	3	ZA20D3
5.06662151267927e-05	1.1149283781913	0.423	0.278	0.607639918015625	3	KRT15
5.14048522979378e-05	-1.01492657367973	0.166	0.323	0.616498393609168	3	LBH
5.32289946860948e-05	0.693978219605279	0.534	0.352	0.638375333270335	3	ID3
5.49257081387166e-05	0.987529542560514	0.252	0.119	0.658724017707628	3	ARAP1
5.53072068272143e-05	-1.25080645935879	0.16	0.317	0.663299331478781	3	MARCKSL1
6.01498568331982e-05	-2.39735512271173	0.055	0.184	0.721377233000546	3	SERPINE1
6.27141444228434e-05	-1.15170279510617	0.123	0.283	0.752130734063161	3	TIMM9
6.27371497186264e-05	-0.478615737868072	0.816	0.873	0.752406636575486	3	H2AZ1
6.33925066495257e-05	0.804198524116298	0.491	0.304	0.760266332247762	3	MACF1
6.54658539916543e-05	-1.96345859618157	0.037	0.148	0.78513198692191	3	MMP14
6.89750469123798e-05	-0.495565398796077	0.558	0.728	0.827217737620171	3	YWHAZ
7.10999298655447e-05	0.381545193530155	0.877	0.802	0.852701458877478	3	RPL18A
7.28214000309003e-05	1.40603089714293	0.178	0.072	0.873347050570587	3	MTUS1
7.30583695339702e-05	-0.522886004795588	0.571	0.727	0.876189025820905	3	PFN2
7.55777872837506e-05	-0.633589469201808	0.571	0.704	0.906404402894021	3	TUBA1A
7.75862026439747e-05	0.740148401038205	0.46	0.284	0.930491328309188	3	AHR
7.89664441520412e-05	1.85854310184044	0.11	0.032	0.94704456471543	3	CCL19
7.90260847321231e-05	-0.601477011620803	0.54	0.642	0.947759834192352	3	TPM2
7.9124033954534e-05	0.814955272695161	0.534	0.381	0.948934539216726	3	SPNS2
7.98550970689842e-05	1.43647201070707	0.178	0.072	0.957702179148327	3	DISP3
8.01594950184227e-05	0.554920794658292	0.497	0.309	0.961352823755944	3	CUX1
8.20819527328171e-05	1.02085383319905	0.252	0.117	0.984408859124675	3	PKDCC
8.25409500252895e-05	-2.52288600479559	0.025	0.131	0.989913613653298	3	SEMA3A
8.61491412800647e-05	3.64703899664672	0.031	0.002	1	3	PRUNE2
0.00239642326632351	3.64703899664672	0.018	0.001	1	3	NDUFAF7
0.00387719765520244	3.45439391870433	0.025	0.003	1	3	AQP4
0.00239642326632351	3.06207649592557	0.018	0.002	1	3	LOC138492361
0.00239642326632351	3.06207649592557	0.018	0.002	1	3	LOC138569990
0.00239642326632351	3.06207649592557	0.018	0.002	1	3	TMEM212
0.00173944961054174	3.06207649592557	0.049	0.008	1	3	PLCB4
0.0031207508441291	3.00960907603143	0.037	0.006	1	3	AMN1
0.00391586302647494	2.96896709153409	0.025	0.003	1	3	DDB2
0.000368290978355144	2.93654561384171	0.061	0.008	1	3	BMERB1
0.000787738310772488	2.83968407458912	0.043	0.006	1	3	EFEMP1
0.00322939903595623	2.83968407458912	0.037	0.005	1	3	LOC138514142
0.000159604426537728	2.78454252039666	0.055	0.009	1	3	CACNA1D
0.00385151036661227	2.64703899664672	0.031	0.005	1	3	PUS7L
0.00406234570898921	2.64703899664672	0.049	0.011	1	3	ADGRG6
0.00874014523723094	2.64703899664672	0.037	0.007	1	3	FAM168A
0.000642732581414048	2.64703899664672	0.049	0.008	1	3	ABHD14B
9.05660272030157e-05	2.39911148320314	0.086	0.018	1	3	CCDC117
0.000449700447967027	2.38400459081293	0.025	0.005	1	3	LOC138515433
0.000270825143995515	2.34747871478782	0.067	0.014	1	3	FAM13C
0.00885452095667593	2.28446891726202	0.037	0.008	1	3	OGG1
0.00128764537394171	2.26852737339299	0.055	0.012	1	3	PTPRU
0.00281880424315564	2.23200149736788	0.055	0.015	1	3	SNAPC3
0.00385151036661227	2.23200149736788	0.031	0.007	1	3	DCXR
0.00898463433369418	2.23200149736788	0.049	0.011	1	3	PHTF1
0.00128764537394171	2.16161216947648	0.055	0.013	1	3	ARPIN
0.0017684907598386	2.16161216947648	0.049	0.013	1	3	DFFB
0.00466784890353509	2.16161216947648	0.067	0.019	1	3	RCBTB2
0.0062029870104672	2.06207649592557	0.043	0.011	1	3	COA4
0.0019648369611886	2.02555061990045	0.061	0.017	1	3	FAM229A
0.00741721632410994	2.01900777403368	0.061	0.016	1	3	RIM1
0.00319231418966727	1.99496230006703	0.037	0.01	1	3	AFAP1L2
0.00885452095667593	1.99496230006703	0.037	0.01	1	3	APLF
0.00145166162092832	1.97461365467523	0.098	0.036	1	3	APOC1
0.00391586302647494	1.96896709153409	0.025	0.007	1	3	POT1
0.00391586302647494	1.96896709153409	0.025	0.007	1	3	TAF1C
0.000387730477579625	1.95898300296146	0.086	0.026	1	3	ACR
0.000787738310772488	1.94659927850563	0.043	0.012	1	3	ALMS1
0.000159604426537728	1.93654561384171	0.055	0.017	1	3	ZNF776
0.000906761100793706	1.93654561384171	0.061	0.017	1	3	TICAM2
0.00199725135637139	1.93654561384171	0.061	0.016	1	3	ZNF319
0.000792491489530534	1.89215149448325	0.086	0.023	1	3	METRN
0.00614432327343385	1.88150425028375	0.055	0.015	1	3	LOC138580894
0.00026718441485201	1.83968407458912	0.067	0.02	1	3	MLYCD
0.00244695633293396	1.83968407458912	0.043	0.013	1	3	CLIC2
0.0062029870104672	1.83968407458912	0.043	0.013	1	3	LOC138473215
0.00961022803195627	1.83968407458912	0.086	0.026	1	3	WIPF3
0.000616226442776709	1.8239167587308	0.067	0.022	1	3	NOA1
0.00179793691281138	1.81696399808904	0.049	0.014	1	3	LOC138527535
0.00199725135637139	1.78454252039666	0.061	0.019	1	3	PYROXD1
0.000787738310772488	1.74014840103821	0.043	0.013	1	3	LOC138580906
0.00244695633293396	1.74014840103821	0.043	0.014	1	3	MICAL1
0.000495383354106933	1.7210395780905	0.055	0.018	1	3	LOC138481711
0.000265748467016093	1.70593268570029	0.135	0.04	1	3	PALMD
0.0020036665967835	1.70362252501309	0.061	0.022	1	3	MACROD1
0.00394978528177174	1.69284268625985	0.086	0.029	1	3	SH3GL2
0.0012106402978221	1.68020586058192	0.11	0.038	1	3	PLCL1
0.000520256405835534	1.67303420517967	0.141	0.052	1	3	TTC9
0.000787738310772488	1.64703899664672	0.043	0.015	1	3	IGFBP5
0.00279810404491853	1.64703899664672	0.117	0.041	1	3	PITPNM1
0.00038916745998055	1.64703899664672	0.129	0.043	1	3	SCIN
0.00247067048885023	1.59973328186837	0.086	0.029	1	3	NRDE2
0.000757710075154316	1.57664966875533	0.11	0.039	1	3	XPNPEP3
0.00428514679382626	1.56903648464545	0.049	0.016	1	3	NNMT
0.000627958258602794	1.56457683645475	0.098	0.034	1	3	SHB
0.000196967661771129	1.55957615539638	0.086	0.031	1	3	LOC138488011
0.000944227948665389	1.54012379273021	0.074	0.024	1	3	F2RL2
0.00385151036661227	1.53156177922679	0.031	0.011	1	3	FER1L4
0.000500026428823433	1.51579446336847	0.117	0.044	1	3	OBI1
0.00372189209325134	1.50953547289679	0.08	0.03	1	3	MTX3
0.000495383354106933	1.50953547289679	0.055	0.02	1	3	CC2D2A
0.00881893353589543	1.50953547289679	0.049	0.02	1	3	CDAN1
0.00881893353589543	1.50953547289679	0.049	0.021	1	3	ADISSP
0.00610817305807052	1.49503590320167	0.043	0.018	1	3	AP1S3
0.00260556259704509	1.48949771966024	0.067	0.027	1	3	RPS6KA5
0.00849117984238806	1.47711399520441	0.067	0.023	1	3	RPAP1
0.00741721632410994	1.4626144255093	0.061	0.024	1	3	PPM1L
0.00198930347435129	1.44540513547707	0.11	0.041	1	3	SHLD2
0.00160678626802806	1.43893080131652	0.16	0.062	1	3	ZCCHC24
9.85534774006893e-05	1.42464657531028	0.147	0.061	1	3	RFLNB
0.00179319723205529	1.42464657531028	0.098	0.037	1	3	ZDHHC15
0.00724440741267316	1.42464657531028	0.061	0.025	1	3	TTI2
0.00898463433369418	1.42464657531028	0.049	0.02	1	3	LOC138467389
0.000408339262490719	1.40192649881019	0.153	0.059	1	3	RUNX1T1
0.00686012560071475	1.39911148320314	0.092	0.033	1	3	KANK1
0.000607348136314744	1.38924123917908	0.135	0.051	1	3	LOC138481332
0.000697578346463828	1.38717186989161	0.184	0.086	1	3	TSNARE1
0.0011878617655031	1.37955868578174	0.147	0.061	1	3	MYO1D
8.53407384660873e-05	1.37785236383133	0.202	0.086	1	3	MATN2
0.00869934023954585	1.37402050224031	0.067	0.026	1	3	RIOK2
0.00127648262145066	1.3701987912879	0.129	0.057	1	3	RAB40B
0.000285088125248131	1.36950502111781	0.16	0.077	1	3	VPS53
0.00898463433369418	1.35753237945174	0.049	0.021	1	3	CAAP1
0.00579918676621981	1.35158311312055	0.11	0.052	1	3	ACSS3
0.00127144818580972	1.34747871478782	0.141	0.061	1	3	LOC138504484
0.00655427828419464	1.34037765841267	0.092	0.042	1	3	LOC138503522
0.00113282433740173	1.33961047145448	0.184	0.081	1	3	RNF220
0.00402562524385362	1.33891670128439	0.104	0.049	1	3	TPK1
0.000384072535611257	1.32511090175936	0.104	0.048	1	3	MCM8
0.00293435160176346	1.32511090175936	0.055	0.023	1	3	RAB32
0.000168997947546572	1.31733355116764	0.172	0.077	1	3	RN18S
0.000114652966673571	1.31689039495439	0.184	0.077	1	3	SNX24
0.000605843217760555	1.31446365755985	0.153	0.06	1	3	CDC14B
0.00167522351817801	1.29556662614535	0.16	0.069	1	3	EML3
0.000842348589111953	1.28446891726202	0.117	0.05	1	3	ACP3
0.00133928842667764	1.277805186981	0.123	0.056	1	3	CLIP2
0.00270088166389271	1.26852737339299	0.135	0.062	1	3	LOC138471924
0.00299237511516546	1.2623751464114	0.104	0.044	1	3	USP30
0.00435859400411669	1.25111032031558	0.104	0.048	1	3	MRE11
0.00199725135637139	1.24848962015645	0.061	0.027	1	3	PACC1
0.00614185556094968	1.24494055307538	0.08	0.035	1	3	CTC1
0.000910488685438445	1.23986361514085	0.123	0.056	1	3	PCYT1B
0.000126475477166562	1.23200149736788	0.172	0.068	1	3	FAM167B
0.00183801273269683	1.23200149736788	0.11	0.054	1	3	ZFR2
0.000713504047817953	1.22805431285122	0.521	0.431	1	3	LOC138580807
0.000251948312679353	1.22781370040445	0.215	0.104	1	3	NBEA
0.000261543606367486	1.21569968503878	0.184	0.081	1	3	SESN1
0.00988724045349499	1.21093988184005	0.092	0.043	1	3	LOC138567368
0.00372802256728999	1.20646640526074	0.08	0.035	1	3	SAMD8
0.000744825562108362	1.20225415397383	0.104	0.046	1	3	CCDC62
0.00517279357241746	1.19773159528313	0.135	0.065	1	3	OCRL
0.00539884295053256	1.18309189688693	0.16	0.074	1	3	TECPR1
0.00439959908171908	1.17991298621943	0.178	0.086	1	3	EXT2
0.000132210544240854	1.17386732138312	0.319	0.179	1	3	INPP5A
0.000143634785842476	1.17310780831431	0.178	0.091	1	3	TMEM63B
0.000148819504852383	1.16820484678691	0.227	0.114	1	3	PTPN14
0.00284024582344404	1.16591230691011	0.135	0.063	1	3	VILL
0.00424932258346854	1.16591230691011	0.129	0.057	1	3	LIN7A
0.00023250660020416	1.16464622956612	0.196	0.091	1	3	BICRAL
0.00739641308359431	1.16464622956612	0.172	0.084	1	3	WDTC1
0.00119238167202154	1.16161216947648	0.129	0.067	1	3	ZNF512B
0.000988203684901579	1.1576541559078	0.141	0.064	1	3	AGPAT1
0.00435870580712231	1.15671337006364	0.123	0.057	1	3	DDX49
0.00848218493794305	1.15518590031705	0.153	0.083	1	3	MGAT4B
0.000209819517431105	1.15444051407423	0.239	0.111	1	3	MPP7
0.00400538490886081	1.15227430489715	0.061	0.029	1	3	MXD4
0.00430272994502082	1.14953933717591	0.092	0.045	1	3	MCUR1
0.000909834475041196	1.13513995811529	0.16	0.071	1	3	AREL1
0.000888581754056953	1.13246582381697	0.209	0.091	1	3	YBX1
0.00129226223536822	1.13246582381697	0.166	0.073	1	3	RNF40
0.00289079169570386	1.12620683334528	0.117	0.061	1	3	WDPCP
0.00338234497136979	1.1086190818626	0.184	0.091	1	3	PDE4A
0.00907564360473168	1.1086190818626	0.123	0.055	1	3	DCUN1D3
0.00408167195388181	1.09449797361795	0.086	0.04	1	3	EOGT
0.000332181919944637	1.08632404217224	0.221	0.108	1	3	FAM222A
0.00199183612931047	1.0814418207925	0.129	0.066	1	3	DUSP16
0.000534439737028547	1.0787552370722	0.16	0.078	1	3	GMEB1
0.000184688829521878	1.07819616128884	0.16	0.076	1	3	PDE10A
0.000264641554143166	1.07549701168789	0.196	0.094	1	3	TGFBR3
0.000356235404374098	1.0693812965488	0.319	0.168	1	3	AHDC1
0.00224470709601696	1.06207649592557	0.196	0.089	1	3	NHS
0.00243636841795646	1.06207649592557	0.202	0.1	1	3	TBC1D8
0.00408167195388181	1.06207649592557	0.086	0.042	1	3	PELO
0.00741721632410994	1.06207649592557	0.061	0.031	1	3	NHLRC3
0.00510798674186191	1.06207649592557	0.196	0.106	1	3	MARK4
0.000150565342241578	1.05458195937864	0.282	0.151	1	3	LOC138497215
0.000135513138147763	1.05351448242214	0.294	0.151	1	3	DENND5A
0.00545110147442457	1.05142925172606	0.209	0.11	1	3	GRIA3
0.000431668965159783	1.05067173265332	0.209	0.107	1	3	GAB3
0.00715538097412833	1.04296767297786	0.135	0.072	1	3	SNRNP200
0.00396488462515391	1.03698551496274	0.196	0.106	1	3	PDE7A
0.000280121925177718	1.03631339986049	0.19	0.101	1	3	PHF19
0.000147284708115319	1.02871789897914	0.264	0.147	1	3	TDRD7
0.000126769924732411	1.02812916400223	0.344	0.183	1	3	DLC1
0.000857048707885908	1.02688706746327	0.147	0.076	1	3	ANKRD27
0.000168088658869832	1.02345520189826	0.356	0.211	1	3	RBPMS
0.00580493676460148	1.02085383319905	0.123	0.064	1	3	NEDD9
0.000150741929147053	1.02025632023094	0.331	0.185	1	3	KMT2D
0.000111411509580168	1.01768237656711	0.178	0.092	1	3	BOD1L1
0.00853618958489524	1.01698860639703	0.123	0.062	1	3	TBC1D20
0.00014677321878482	1.01477078114721	0.227	0.109	1	3	KMT5B
0.00269209778479636	1.00960907603143	0.092	0.05	1	3	L3MBTL2
0.00472443333656941	1.00658138333386	0.184	0.099	1	3	OPHN1
0.00281518550359235	0.997946158505852	0.227	0.124	1	3	LOC138471647
0.00162248779156938	0.996785035673849	0.196	0.101	1	3	LOC138513380
0.00332951340810471	0.994962300067031	0.16	0.081	1	3	LOC138570801
0.00885452095667593	0.994962300067031	0.037	0.021	1	3	LOC138525751
0.00140948766796525	0.993770482534659	0.27	0.144	1	3	MPRIP
0.000107249296422585	0.993596758042801	0.356	0.212	1	3	VEGFC
0.000308831104420338	0.988075914481791	0.282	0.156	1	3	LMBR1
0.00250558485058213	0.987529542560514	0.227	0.129	1	3	MCU
0.00300245543923779	0.986525462918391	0.368	0.254	1	3	S100A13
0.00777933469257148	0.977187598339055	0.061	0.027	1	3	TRPC3
0.00862230331656046	0.977187598339055	0.129	0.064	1	3	RMND5A
0.00231257406956217	0.962540822374654	0.227	0.119	1	3	NCOA6
0.00708108661971575	0.960538469463506	0.178	0.093	1	3	GHR
0.0035032654470402	0.960196881906354	0.215	0.122	1	3	ISCU
0.00277717195257909	0.958983002961465	0.098	0.055	1	3	MKRN2
0.000327084741221806	0.954016750068115	0.153	0.093	1	3	PPA2
0.00260266713114955	0.948865885477576	0.245	0.142	1	3	IER2
0.00571050720109472	0.946599278505631	0.196	0.115	1	3	LOC138581099
0.000995020344412334	0.941782262207856	0.239	0.125	1	3	SNX25
0.000939494524218029	0.93982074587457	0.264	0.147	1	3	EGFLAM
0.00327222805606589	0.935544089996636	0.209	0.121	1	3	FBRSL1
0.00652643276434638	0.935164383443349	0.172	0.089	1	3	WIPF2
0.00988724045349499	0.927146915839459	0.092	0.052	1	3	GFOD2
0.000997472298339935	0.925939807939539	0.282	0.173	1	3	SWT1
0.000702147333598305	0.925503443050124	0.227	0.125	1	3	DMD
0.00218854358539068	0.919118542083525	0.172	0.089	1	3	CD74
0.00150269225502474	0.910073402480517	0.178	0.096	1	3	ARSG
0.00432244487171592	0.902877901076313	0.104	0.059	1	3	AGFG2
0.000620549317576837	0.902080611726987	0.307	0.159	1	3	MAP3K3
0.000130546519941357	0.888428408440538	0.387	0.243	1	3	KMT2C
0.00483706517878858	0.8856499285413	0.202	0.12	1	3	INPP4A
0.00620560513323708	0.882851933745494	0.307	0.177	1	3	TNFRSF3
0.00142437256683885	0.881504250283747	0.221	0.12	1	3	DENND4B
0.00284557774864326	0.881504250283747	0.215	0.125	1	3	PITPNC1
0.00711349754135871	0.87804454828788	0.258	0.15	1	3	TAF4
0.000486001697500121	0.87765192478814	0.442	0.3	1	3	TEK
0.00213144931667993	0.877158780007782	0.209	0.118	1	3	TRIM25
0.000519043064117117	0.874449492749796	0.202	0.107	1	3	DDHD2
0.00090049526503021	0.872105552281497	0.239	0.135	1	3	DUSP9
0.00352676242772005	0.870710970209744	0.245	0.137	1	3	STK10
0.000376226992819218	0.86604877858852	0.325	0.199	1	3	RIN3
0.00196472761392493	0.865980818297347	0.356	0.246	1	3	CAMK2D
0.000680812671164003	0.865063667562952	0.62	0.535	1	3	S100A4
0.00896230050662791	0.863850385719872	0.202	0.132	1	3	TUT4
0.000218053116880362	0.862767687702161	0.325	0.189	1	3	KDM3B
0.00616040572125085	0.861163801999572	0.166	0.084	1	3	PBXIP1
0.000672725961402221	0.853968300595367	0.307	0.172	1	3	ST3GAL4
0.0067309938116825	0.851858788535222	0.098	0.054	1	3	L3MBTL3
0.000962769884460892	0.848672857816374	0.135	0.076	1	3	DHX8
0.00114862534035265	0.844271344084772	0.233	0.137	1	3	CARMIL1
0.00728742783953241	0.843181518825347	0.301	0.183	1	3	MAPK8
0.00145192387273209	0.83968407458912	0.16	0.097	1	3	SF3A3
0.000950078596289455	0.836516795510437	0.313	0.194	1	3	SPTLC3
0.00438284636204454	0.833807508252451	0.196	0.112	1	3	ZNF2
0.000959803800492497	0.833452120877605	0.178	0.107	1	3	ZNF362
0.000540683448953177	0.830750949819112	0.239	0.141	1	3	C2CD5
0.00111789696010921	0.826009137692043	0.245	0.139	1	3	ARMC6
0.000657469365113447	0.824681911249873	0.558	0.464	1	3	LOC138580806
0.000728111112996558	0.824681911249873	0.233	0.134	1	3	N4BP2
0.00512757341123781	0.822610561230178	0.258	0.151	1	3	CTDP1
0.000221273429274794	0.821942492201853	0.485	0.32	1	3	KLHL4
0.00178999862783645	0.821068396421773	0.276	0.173	1	3	ATXN2L
0.00022569939719288	0.818925514422323	0.368	0.208	1	3	USP34
0.000641148591581898	0.816963998089037	0.405	0.275	1	3	C2PH19orf33
0.000245621209278809	0.814495742498287	0.294	0.187	1	3	ATP2A3
0.00166066157392716	0.812462605854096	0.166	0.093	1	3	MAPKAP1
0.00934076409120625	0.809310425545601	0.252	0.154	1	3	DCAF8
0.00721808630563755	0.806819440683493	0.153	0.098	1	3	LMO7
0.00816002168025705	0.802689867106918	0.123	0.075	1	3	ZNF414
0.00380879363558543	0.802013656623065	0.16	0.089	1	3	RNF150
0.00745274289800889	0.800951680100406	0.209	0.134	1	3	RAPGEF1
0.00680660113875268	0.799042090091774	0.276	0.166	1	3	HDAC8
0.0030928265779263	0.796934427129783	0.319	0.211	1	3	RAPGEF4
0.00883345512599641	0.791428905981899	0.117	0.071	1	3	AFG1L
0.00760580491699497	0.790774474108173	0.16	0.094	1	3	USP45
0.000503413983135548	0.786763760313337	0.331	0.206	1	3	EYA3
0.00623216847816144	0.786015409795534	0.258	0.156	1	3	JAK2
0.000618120983438197	0.78269409600429	0.221	0.133	1	3	IPO8
0.00238776363423314	0.781968576732832	0.362	0.24	1	3	DNASE1L3
0.00492646755763664	0.781056344618412	0.288	0.179	1	3	EHBP1
0.00592133131061645	0.78008393238789	0.368	0.269	1	3	SLC12A2
0.00454835617994579	0.779676765224843	0.202	0.127	1	3	ZNF250
0.00308864322453867	0.778828869202265	0.46	0.334	1	3	ITPR2
0.00416192750497361	0.778283529924977	0.129	0.078	1	3	UBXN2B
0.00288319373506517	0.778283529924976	0.313	0.22	1	3	ERI3
0.00617405597131505	0.776674277063319	0.178	0.104	1	3	TDRD3
0.00349282712973277	0.772569878730583	0.319	0.208	1	3	MCTP2
0.00699286437968145	0.772569878730583	0.276	0.177	1	3	PITPNM2
0.00240607781597405	0.769721516421553	0.245	0.15	1	3	STAT2
0.00112013059648227	0.766816351500285	0.399	0.26	1	3	PTGIS
0.00323323016231029	0.764078417836944	0.325	0.195	1	3	LHX6
0.0076885962205033	0.760695778442291	0.172	0.108	1	3	CORO6
0.000502307397654435	0.757923102766182	0.417	0.277	1	3	LYST
0.000733157449128529	0.753954200563236	0.374	0.253	1	3	PACS1
0.00186974256221034	0.751736375313417	0.258	0.142	1	3	STON2
0.00770536057966414	0.751736375313417	0.147	0.083	1	3	RNF217
0.000270330634133744	0.748416017021806	0.35	0.226	1	3	HTT
0.004833582347186	0.744735670533857	0.227	0.14	1	3	WWP1
0.00183688090997891	0.743715016058398	0.147	0.092	1	3	ZFTRAF1
0.00888896679098303	0.743715016058398	0.147	0.09	1	3	ATP10D
0.000463614139129716	0.741366379194877	0.356	0.203	1	3	SLC4A11
0.00168080908285775	0.738961486087763	0.368	0.245	1	3	ZNF407
0.00271846723129706	0.737804460569906	0.233	0.141	1	3	REXO1
0.00726625913845289	0.737236805618302	0.184	0.113	1	3	LCORL
0.00792291849371154	0.729501156838697	0.294	0.189	1	3	EBF1
0.00169616381367415	0.728877288703185	0.319	0.219	1	3	HDAC4
0.00572839990333754	0.727381104964328	0.276	0.192	1	3	EPB41
0.000939700947227393	0.725041508647997	0.288	0.186	1	3	KIRREL1
0.00940091947546324	0.721039578090501	0.141	0.086	1	3	SPTLC2
0.000450871048671474	0.720121346358503	0.626	0.511	1	3	KRT19
0.00164471689007253	0.72004082758963	0.393	0.256	1	3	GNB2
0.00772171407772749	0.716301659083838	0.184	0.112	1	3	BTBD8
0.00617400566897369	0.715986350364215	0.374	0.243	1	3	FCRL5
0.00141319230221815	0.708439541310867	0.245	0.157	1	3	COBLL1
0.00290124007859597	0.706745242770992	0.337	0.235	1	3	ARHGEF1
0.00076596324576544	0.705932685700293	0.27	0.165	1	3	ARHGEF11
0.00102480791721288	0.705932685700292	0.393	0.233	1	3	NPDC1
0.00857510645158489	0.685700617015829	0.436	0.307	1	3	RGS3
0.0072789302584982	0.678065892267348	0.38	0.293	1	3	PTPRB
0.000140821593321615	0.673387525463291	0.902	0.858	1	3	KRT5
0.000685152146803995	0.673034205179668	0.368	0.237	1	3	CREBBP
0.0051491639883558	0.66799861528237	0.276	0.173	1	3	ZNF91
0.0079878697625114	0.665186343356983	0.399	0.298	1	3	MGAT4D
0.0066054426675062	0.66431698807856	0.233	0.141	1	3	AR
0.00754804301913266	0.662145889036933	0.264	0.176	1	3	SHKBP1
0.0081232840924548	0.662145889036932	0.356	0.235	1	3	STAG1
0.000242680753926732	0.661474086910293	0.644	0.453	1	3	NOS3
8.93444848165312e-05	0.657899989278491	0.454	0.261	1	3	ARHGEF28
0.007788965783822	0.655259503451692	0.239	0.144	1	3	THSD7A
0.00233681701647472	0.655076315712142	0.233	0.159	1	3	WDFY3
0.00728822024113166	0.651792526617358	0.356	0.244	1	3	MEF2D
0.00251751353377449	0.647038996646724	0.239	0.158	1	3	JADE2
0.00540208434587719	0.647038996646724	0.301	0.21	1	3	HEG1
0.00235396229754397	0.647038996646724	0.221	0.145	1	3	DIS3L2
0.000351458187327385	0.642992163584022	0.399	0.288	1	3	SGMS1
0.00402066995486241	0.641895693370764	0.331	0.248	1	3	ANKRD11
0.00395035732542663	0.64132534545233	0.466	0.383	1	3	KANK3
0.00913380863182074	0.640496150779952	0.264	0.199	1	3	DDR2
0.00719267025734646	0.638050213419469	0.221	0.148	1	3	LOC138504634
0.00690026800100313	0.637054908074102	0.196	0.124	1	3	LDLRAD3
0.00187673767733226	0.634864282700622	0.294	0.206	1	3	TNS3
0.00242019818225414	0.632088655180752	0.429	0.279	1	3	ADAM12
0.00829469799785084	0.62104378811378	0.294	0.181	1	3	BCAS3
0.00250636646459574	0.614617518954346	0.411	0.289	1	3	GSTM4
0.00524977572914249	0.614124374173989	0.331	0.219	1	3	ADGRE5
0.00661217562361144	0.613872132711525	0.374	0.286	1	3	DOCK1
0.000163239677112884	0.612823281308811	0.546	0.381	1	3	IL6ST
0.000512522552622069	0.606397012149378	0.38	0.244	1	3	CLK4
0.000567218730414482	0.605486507202218	0.368	0.261	1	3	ARHGEF3
0.000399048537767113	0.601764916882283	0.552	0.4	1	3	DGKZ
0.00152130463943188	0.589895089543115	0.448	0.296	1	3	LDB2
0.00128837685146668	0.58940037077878	0.436	0.307	1	3	NR3C1
0.00287349334706234	0.588145307593156	0.252	0.172	1	3	UVRAG
0.00198196402571318	0.571374726714652	0.319	0.233	1	3	TRAPPC8
0.00887101472862974	0.57086731616132	0.387	0.276	1	3	RAI1
0.00169506124184063	0.569594911221375	0.337	0.232	1	3	PTPRG
0.00137244760359558	0.568261883262607	0.436	0.321	1	3	IQGAP2
0.00013599041664018	0.562676726202722	0.681	0.522	1	3	KIAA1217
0.00026535035168182	0.552455627989801	0.748	0.643	1	3	TMEM176B
0.00377176370212302	0.550992309175689	0.35	0.221	1	3	USP48
0.0099916642213672	0.543138130534408	0.356	0.259	1	3	TNRC6B
0.0096361818516349	0.540839592814799	0.202	0.141	1	3	TAF2
0.00909641326490492	0.540123792730212	0.38	0.274	1	3	ANKRD10
0.00356604184767432	0.538514539868555	0.399	0.269	1	3	DIP2C
0.00408805958898812	0.536117182572396	0.485	0.372	1	3	PLCG1
0.00046329027029313	0.535367360544192	0.442	0.301	1	3	LOC138472541
0.0021948457075931	0.531561779226788	0.325	0.22	1	3	CAMTA2
0.00128615543409772	0.528524525387334	0.368	0.257	1	3	PALM2AKAP2
0.000246959320202004	0.524057496814687	0.503	0.352	1	3	FGD5
0.00573986361448631	0.523050279371271	0.393	0.276	1	3	SVIL
0.00906043549573809	0.512389469951942	0.239	0.168	1	3	MAP4K3
0.000820397306235772	0.512109416560616	0.282	0.188	1	3	SEMA6A
0.00592227047603286	0.509937842175897	0.589	0.458	1	3	TNS1
0.000197180631572326	0.508998056224198	0.479	0.319	1	3	FBLN2
0.0044667131520976	0.501007201515404	0.491	0.353	1	3	ADGRL2
0.00153875436655258	0.500682466342816	0.46	0.343	1	3	NCK1
0.00221034530329999	0.492803369256385	0.491	0.396	1	3	GNB4
0.00685165241925359	0.482527491390776	0.405	0.309	1	3	PARD3
0.0093298868894366	0.475644107108957	0.436	0.36	1	3	ITPKA
0.000539786615844863	0.474758574206282	0.479	0.353	1	3	PINLYP
0.00277593432338766	0.472720315373351	0.632	0.534	1	3	KRT1
0.00277296913997601	0.466856089838973	0.503	0.35	1	3	ACVRL1
0.00724829291122466	0.459411993470953	0.38	0.301	1	3	DST
0.00445750345068514	0.456355435037614	0.239	0.174	1	3	KSR1
0.000685908537905014	0.456052379676582	0.644	0.52	1	3	EGFL7
0.00322024387165008	0.436328380357911	0.307	0.239	1	3	LOC138569465
0.000775488090574069	0.429808280426055	0.761	0.65	1	3	TRIM39
0.00254580269850337	0.42850405097979	0.687	0.592	1	3	TIE1
0.00805257119001008	0.427725968242248	0.558	0.439	1	3	ARHGAP31
0.00180962025549315	0.42089053298851	0.583	0.434	1	3	ARHGAP21
0.000103877367588413	0.416779493342261	0.994	0.94	1	3	S100G
0.0013763768207797	0.387922540498931	0.503	0.339	1	3	SELE
0.000614948433915978	0.379816793849497	0.724	0.549	1	3	PODXL
0.00884777208788625	0.378550160720822	0.479	0.35	1	3	ELMO1
0.00570338340748703	0.370434892268852	0.46	0.345	1	3	SSBP3
0.00774882197967676	0.359462406550139	0.411	0.306	1	3	ND4L
0.00029925156199861	0.344776194407993	0.798	0.668	1	3	PTPRM
0.00786129807013773	0.344000795730282	0.411	0.296	1	3	LOC138472539
0.00592673513805497	0.33372403206407	0.607	0.521	1	3	RPL8
0.000469919899981404	0.330265513682746	0.957	0.921	1	3	RPS15
0.00874087888043047	0.325110901759362	0.288	0.219	1	3	PRELID1
0.00785067634087584	0.308348478755312	0.945	0.916	1	3	RPS13
0.0011647404318662	0.304777899662355	0.853	0.81	1	3	RPL23A
0.00650759469958648	0.290049758468842	0.933	0.925	1	3	RPS29
0.00095684428408997	0.282290758143015	0.92	0.91	1	3	RPS27A
0.000874816985375311	0.281844176489235	0.957	0.932	1	3	RPL31
0.00272339292107237	0.268527373392994	0.914	0.863	1	3	RPL27A
0.000666873366457155	0.266662846119901	0.963	0.921	1	3	RPL34
0.000741993289074484	0.259819441507642	0.957	0.935	1	3	RPL37
0.00135351256246899	0.239814951890854	0.975	0.962	1	3	RPL21
0.00495912011366186	0.224883454020707	0.975	0.932	1	3	RPL17
0.000229799848201079	0.208553649500875	0.963	0.851	1	3	PMP2
0.00495108291813676	0.201707401054484	0.975	0.968	1	3	RPLP1
0.00623493814243113	0.193275092279634	0.951	0.937	1	3	RPS20
0.00300922772279666	-0.197909990510784	1	0.986	1	3	ANXA1
0.004296454877357	-0.258524372519624	0.804	0.818	1	3	LOC138516040
0.000154370797587456	-0.269242649474701	0.914	0.96	1	3	SUGP2
0.00054436694956066	-0.292981943792693	0.957	0.977	1	3	CFL2
0.00866218622234627	-0.294965452105662	0.577	0.657	1	3	FLI1
0.00074319848710256	-0.30526426132198	0.712	0.801	1	3	SRSF3
0.000859170797292739	-0.308879934889159	0.779	0.872	1	3	CALM1
0.00218639649914727	-0.316602503050943	0.718	0.775	1	3	NAP1L1
0.000610426723781633	-0.318107171217337	0.883	0.912	1	3	HSPA8
0.00356625099152455	-0.330158845947365	0.773	0.817	1	3	H3F3A
0.000290845041154451	-0.335402631968971	0.65	0.76	1	3	HNRNPL
0.00158578174120139	-0.337084094910931	0.663	0.758	1	3	NONO
0.000797835332609032	-0.345954214248217	0.485	0.605	1	3	TARDBP
0.00206665764470185	-0.352169835227669	0.675	0.737	1	3	CAPG
0.00193709976753363	-0.356929905556222	0.81	0.871	1	3	CD63
0.00321420456719791	-0.360367594821634	0.607	0.704	1	3	ATP5MK
0.00182387760450051	-0.361165926174999	0.712	0.826	1	3	SRSF2
0.00214531693700893	-0.36684858599337	0.583	0.685	1	3	ALDOA
0.00777145895372281	-0.367036188564999	0.552	0.643	1	3	CTNNB1
0.00868724456916763	-0.380505338049144	0.681	0.796	1	3	CDC42
0.00110469371211498	-0.380822778707785	0.699	0.783	1	3	COX7A2
0.000890651648740084	-0.383207290221396	0.479	0.588	1	3	ENO1
0.00207845041036384	-0.398079549059308	0.626	0.724	1	3	HNRNPH1
0.000103611880555616	-0.399924482323863	0.773	0.855	1	3	SET
0.000133446393946033	-0.410335266209644	0.902	0.921	1	3	ANXA2
0.00934635951778991	-0.412913162770457	0.466	0.568	1	3	DAD1
0.00744531672388733	-0.422757970308046	0.46	0.572	1	3	NUCKS1
0.0013921934482629	-0.424278407854929	0.485	0.6	1	3	RAP1A
0.000360710906104826	-0.425898071552053	0.736	0.794	1	3	OAZ1
0.00183774850606979	-0.427923061034498	0.926	0.932	1	3	HMGB2
0.00059853385472304	-0.428549744315324	0.883	0.905	1	3	HMGN1
0.000254745071808991	-0.429613850667244	0.656	0.754	1	3	YWHAE
0.000590303069915746	-0.432032574344475	0.638	0.772	1	3	ANP32B
0.00594192275990718	-0.43268819582401	0.245	0.372	1	3	PSMB4
0.00880793923041267	-0.437638718177077	0.521	0.609	1	3	CALR
0.00103271770247685	-0.437818290272693	0.589	0.709	1	3	NDUFA4
0.00965457446372343	-0.440423844603615	0.135	0.186	1	3	HOMER3
0.00336998327022228	-0.443883546599482	0.479	0.559	1	3	ARPC2
0.00699817867801682	-0.451950097984643	0.209	0.312	1	3	PYCARD
0.002463318181344	-0.463256290157249	0.503	0.599	1	3	MOB1A
0.000391382161993668	-0.464222612660202	0.571	0.691	1	3	SNRPD1
0.000488813623832754	-0.467257135941886	0.601	0.742	1	3	COX6A1
0.00488923953252986	-0.476516041657554	0.521	0.631	1	3	RHOC
0.0069170929023077	-0.483084996737614	0.245	0.349	1	3	RHEB
0.000102193742483908	-0.48366469499787	0.497	0.625	1	3	GNB1
0.00489907473919215	-0.496510589371291	0.417	0.518	1	3	CBX3
0.00942339968167773	-0.496796775926927	0.325	0.411	1	3	WDR1
0.00655765967874551	-0.498411126949485	0.902	0.857	1	3	CRIP1
0.000122208015210232	-0.504498636222942	0.828	0.878	1	3	KRT8
0.00295541431677401	-0.508012728314058	0.288	0.433	1	3	CSNK1A1
0.00354774474749831	-0.512038622558596	0.429	0.543	1	3	CCT6A
0.00916864894475012	-0.512832340131665	0.153	0.236	1	3	NASP
0.00458383621743852	-0.521282119092999	0.46	0.558	1	3	UBE2L3
0.00517445240178352	-0.522886004795588	0.319	0.45	1	3	UQCRB
0.00149469928685138	-0.527886685853955	0.436	0.565	1	3	COX5B
0.00816008627672166	-0.53287009336821	0.16	0.251	1	3	LOC138526850
0.000563196709234651	-0.544581075894907	0.393	0.523	1	3	ATP5F1D
0.00667932707333462	-0.54864910086067	0.362	0.493	1	3	ACTR3
0.000166215967405372	-0.550982219751314	0.479	0.605	1	3	EIF1
0.00336082421125034	-0.552352913736257	0.264	0.368	1	3	PLAU
0.000491734957339196	-0.552502485561687	0.337	0.478	1	3	EIF3J
0.00208257522939493	-0.552633348189641	0.301	0.418	1	3	DYNLT1
0.00224349633855126	-0.559068341102234	0.19	0.285	1	3	ERP44
0.000864623922956725	-0.563932729102263	0.362	0.486	1	3	EIF4G1
0.00131956175104458	-0.56566002848588	0.245	0.362	1	3	EPHX1
0.00610909363089149	-0.566364641462469	0.264	0.358	1	3	VAV3
0.00153575589185355	-0.574508508096972	0.313	0.425	1	3	UBE2D1
0.00384220895743483	-0.578193376474686	0.546	0.673	1	3	COX7B
0.000206707664715051	-0.580029911899197	0.46	0.582	1	3	CLIC1
0.00938117231888338	-0.589159224214754	0.147	0.221	1	3	TENT4B
0.00558122489593304	-0.595035790551424	0.123	0.192	1	3	UGCG
0.00484275518139101	-0.59894024500734	0.178	0.291	1	3	LTA4H
0.00499470490899852	-0.600888516796861	0.239	0.353	1	3	PSMB3
0.00127161811655831	-0.609001162584181	0.282	0.404	1	3	PTGES3
0.00654097077663576	-0.6099716215593	0.129	0.204	1	3	CKAP5
0.00503437506741587	-0.610977334420445	0.436	0.525	1	3	PSMA4
0.00909669622567755	-0.614881788876361	0.123	0.204	1	3	AGO3
0.00785783993069911	-0.617173600384351	0.405	0.523	1	3	ARL6IP1
0.000161740488980021	-0.620282767590168	0.472	0.606	1	3	TMED2
0.00330786262558599	-0.626883725329806	0.282	0.407	1	3	SRSF1
0.00132892735330902	-0.627441935838178	0.325	0.457	1	3	MANF
0.00529852135952856	-0.6298012087121	0.27	0.388	1	3	PGGHG
0.00176664302880493	-0.640242955433747	0.294	0.426	1	3	SRP9
0.00252162978622056	-0.645033114081379	0.393	0.513	1	3	CALD1
0.000701563740950114	-0.645742752581122	0.38	0.491	1	3	PPP1CB
0.00738268920884335	-0.647922050640369	0.282	0.406	1	3	LOC138570017
0.00153677099804641	-0.649700766149805	0.239	0.369	1	3	CFL1
0.00405157479190426	-0.649798117277808	0.387	0.532	1	3	PSAP
0.000285589566147836	-0.653898201324665	0.374	0.484	1	3	SLC2A1
0.00604259686869402	-0.656741751530379	0.092	0.147	1	3	STK26
0.00922525458168862	-0.659886934901392	0.166	0.233	1	3	ETS2
0.00281747796739114	-0.661713709492905	0.239	0.359	1	3	PDCD6
0.00371468466933723	-0.668002712655398	0.196	0.305	1	3	SPRED1
0.000489158975510452	-0.669106745646632	0.362	0.504	1	3	TMEM167A
0.000431153766890969	-0.674889098240638	0.307	0.411	1	3	ITGA5
0.00680639494500033	-0.674889098240639	0.092	0.158	1	3	ABHD17A
0.00951662202109458	-0.674889098240639	0.074	0.141	1	3	PDCD11
0.00634588283772176	-0.688351358047201	0.178	0.266	1	3	CBX5
0.000689527233116836	-0.689244391217709	0.202	0.315	1	3	ALYREF
0.000119254423962445	-0.69123194810415	0.35	0.494	1	3	RBMS1
0.00399055819027931	-0.69797271135368	0.184	0.273	1	3	SPCS1
0.00104280315376978	-0.698735840195006	0.172	0.29	1	3	KPNA2
0.00837566463847887	-0.701223246054101	0.196	0.313	1	3	LSM6
0.00467284266329485	-0.707310575933016	0.123	0.2	1	3	CYC1
0.007197962814674	-0.708659834895882	0.19	0.299	1	3	ATF5
0.0099407669499042	-0.712363803659301	0.104	0.174	1	3	MTMR8
0.00373712885493288	-0.723798698721585	0.301	0.405	1	3	WSB1
0.00882026644327236	-0.725913101265105	0.129	0.232	1	3	LOC138515919
0.00609275586129063	-0.727085309366067	0.104	0.177	1	3	EPN2
0.000129710530438826	-0.728285355218731	0.301	0.462	1	3	PGAM1
0.000599269322841052	-0.730949057361234	0.252	0.424	1	3	LOC138527383
0.000968643216392905	-0.732412799361614	0.282	0.397	1	3	RAPGEF6
0.00143376169360601	-0.745278426132036	0.166	0.24	1	3	SLC7A3
0.00389622911125012	-0.745278426132036	0.147	0.252	1	3	FNDC3B
0.00994444843978177	-0.749313939367193	0.092	0.158	1	3	PRR13
0.000459741379750111	-0.750837951473937	0.362	0.526	1	3	RTN4
0.00121325573536166	-0.752620401473204	0.307	0.421	1	3	LSP1
0.00518678278041927	-0.754211550902044	0.129	0.219	1	3	PEDS1
0.0001964194060052	-0.75542043655265	0.258	0.403	1	3	BDKRB2
0.00338873798437362	-0.762351939490978	0.172	0.295	1	3	PFDN6
0.00256143775776096	-0.763894104299383	0.239	0.362	1	3	ATF4
0.00273219879560139	-0.766811587681677	0.202	0.322	1	3	MPC1
0.00207910164537868	-0.767147606092627	0.233	0.37	1	3	PROM1
0.00241552549900883	-0.77617243407782	0.129	0.207	1	3	SERPINH1
0.00893652892319989	-0.77617243407782	0.092	0.163	1	3	PDGFC
0.00639025655533532	-0.781198000386979	0.092	0.165	1	3	SUCLG2
0.00118537180370777	-0.782948844098091	0.135	0.236	1	3	CD53
0.00164173483952472	-0.790366315660574	0.245	0.395	1	3	PSMB6
0.00182040616869526	-0.792072637610977	0.135	0.247	1	3	PSMC6
0.00548245712086941	-0.792830355612056	0.147	0.236	1	3	ZNRF1
0.00967564181798148	-0.793533594739257	0.104	0.18	1	3	ITPR3
0.00723674664387606	-0.797745846026172	0.031	0.081	1	3	KIF22
0.00630846104043078	-0.80641872094594	0.117	0.214	1	3	RAB31
0.000152669593414837	-0.812392621990573	0.239	0.389	1	3	ETF1
0.00500937385024122	-0.823280938133309	0.141	0.24	1	3	NDUFS7
0.00712653696093937	-0.826892191685688	0.104	0.174	1	3	PFDN1
0.00181089064816932	-0.834087693089892	0.061	0.126	1	3	RAVER1
0.00523644672191655	-0.842345844092201	0.061	0.136	1	3	LOC138481523
0.0016017301955535	-0.843708162456781	0.16	0.279	1	3	UBE2D3
0.00483917175568965	-0.850460662824092	0.098	0.173	1	3	NUCB2
0.00121363009572198	-0.851211870881101	0.147	0.267	1	3	NDEL1
0.00555096323603718	-0.85353131678406	0.129	0.214	1	3	PDHA1
0.00017667364123871	-0.856285035050075	0.387	0.501	1	3	PMP22
0.00265964686907285	-0.857305043866148	0.117	0.21	1	3	LYN
0.00594742323052616	-0.862516101416409	0.098	0.182	1	3	ABHD17B
0.00799800770212194	-0.865667415032921	0.147	0.222	1	3	LGALS9
0.00596179783153829	-0.869536529094182	0.043	0.099	1	3	LOC138528610
0.00217864605978199	-0.870108119846861	0.221	0.334	1	3	ENTPD1
0.0027691005796748	-0.870236696562858	0.178	0.305	1	3	RBMS3
0.000278557761015969	-0.870536664344558	0.196	0.347	1	3	ANP32E
0.000345081143872653	-0.873217814686617	0.202	0.346	1	3	CD151
0.00454598159197446	-0.881339975708065	0.061	0.137	1	3	MDP1
0.00634292411117943	-0.881339975708065	0.074	0.133	1	3	TAF10
0.00126607913421767	-0.882781949881971	0.209	0.349	1	3	BASP1
0.00223148783879589	-0.906259545454796	0.436	0.561	1	3	ACTN1
0.000390052066109908	-0.907549855030914	0.067	0.154	1	3	LARP6
0.00486320856182223	-0.907549855030914	0.092	0.166	1	3	SLC12A9
0.00050913755835229	-0.911548088650135	0.129	0.236	1	3	TMPO
0.00103222812212962	-0.924502988312111	0.147	0.251	1	3	MARCHF3
0.000441230288187751	-0.925850671773857	0.227	0.362	1	3	SEPTIN9
0.00962581936215017	-0.930834079288113	0.086	0.184	1	3	PDHB
0.0064719784061745	-0.937923504074432	0.037	0.099	1	3	PRKCSH
0.00225277490972275	-0.937923504074432	0.141	0.261	1	3	PMEPA1
0.0051156287248892	-0.937923504074432	0.264	0.355	1	3	ADD3
0.000172745245695476	-0.944777175115495	0.16	0.293	1	3	SLC20A1
0.000116488211043393	-0.95122032668789	0.202	0.343	1	3	PSMB2
0.00449577326256173	-0.954997017433374	0.074	0.147	1	3	RRAS
0.00103303941979759	-0.959234010319844	0.147	0.253	1	3	ST8SIA4
0.00315356320228633	-0.959618575173752	0.061	0.124	1	3	LMAN1
0.000134326469977024	-0.9617702460288	0.399	0.563	1	3	POMP
0.00745320985981158	-0.96345859618157	0.067	0.155	1	3	TARS1
0.00486624545564012	-0.964395715435623	0.037	0.097	1	3	TSKU
0.00656563175378985	-0.967670847468484	0.061	0.133	1	3	ITPRIP
0.00297749028065566	-0.970938561302395	0.098	0.201	1	3	SLIRP
0.00271151651605949	-0.97187083599777	0.08	0.155	1	3	ERO1A
0.00703704089772895	-0.97187083599777	0.018	0.07	1	3	NTF4
0.00088972147874037	-0.97187083599777	0.123	0.23	1	3	ATP2B4
0.0052494894460523	-0.973547413805154	0.049	0.116	1	3	DDX18
0.00485080239878818	-0.980992225966318	0.043	0.119	1	3	IFFO2
0.00194864990340973	-0.982317623432886	0.092	0.18	1	3	OTUD1
0.0026692907194142	-0.982317623432886	0.086	0.183	1	3	TRIR
0.00047371471799851	-0.984217156348367	0.129	0.248	1	3	EIF4EBP2
0.00715745299211377	-0.996817193128	0.043	0.084	1	3	PRR5L
0.000269908372277442	-0.998564855414268	0.166	0.309	1	3	MDFIC
0.00478921047521298	-0.999562569866818	0.11	0.204	1	3	DLL4
0.00273903360641217	-1.00124943944326	0.061	0.149	1	3	SELENON
0.000369591708153718	-1.00503769993297	0.166	0.281	1	3	CNN2
0.00135185960113074	-1.00991894962783	0.264	0.387	1	3	LOC138487737
0.00686289927556083	-1.01971759523808	0.055	0.112	1	3	FAM118B
0.000118092250143107	-1.02704939454742	0.172	0.313	1	3	TSC22D2
0.00330395822457732	-1.03577082747258	0.104	0.197	1	3	YWHAG
0.000309104295801899	-1.04146110818284	0.129	0.262	1	3	NAV2
0.00837532513315685	-1.05340072149437	0.061	0.132	1	3	IFRD1
0.00225690501574578	-1.06916803735268	0.074	0.168	1	3	WDR83OS
0.0017352253947864	-1.07698754181198	0.08	0.168	1	3	AKTIP
0.000144709864303624	-1.08088145791647	0.129	0.266	1	3	IFRD2
0.00372457277326147	-1.08088145791648	0.067	0.143	1	3	EHD1
0.000195835571881189	-1.08552141839948	0.227	0.379	1	3	LRRC32
0.00519498253313316	-1.09442798975442	0.037	0.092	1	3	CDK1
0.000125996182821576	-1.1053018234064	0.104	0.233	1	3	TUBB2B
0.00426983820247731	-1.10784850551674	0.067	0.143	1	3	SCAMP1
0.000106978399196253	-1.10982615495719	0.153	0.306	1	3	ARPP19
0.00158453136477967	-1.11269790517814	0.061	0.136	1	3	KCNK6
0.00333110329518738	-1.11849574971625	0.086	0.183	1	3	UBE2M
0.000337088986764642	-1.12774806295445	0.086	0.199	1	3	PSMD12
0.000254250547074456	-1.13056858201683	0.153	0.301	1	3	SDC3
0.00271607700469664	-1.13432071687794	0.067	0.153	1	3	TRAM2
0.00552843180648902	-1.13432071687794	0.061	0.149	1	3	RCN2
8.67837583638835e-05	-1.13773807743567	0.123	0.261	1	3	DYRK3
0.000781389489754767	-1.16031592541088	0.147	0.275	1	3	IGF2
0.00330338117414099	-1.1807800279706	0.043	0.12	1	3	SLC66A1
0.000608230691573808	-1.18718253126356	0.092	0.22	1	3	SMOX
0.000490044939499282	-1.1875373941459	0.074	0.168	1	3	TMEM92
0.000545771254141425	-1.19845105429765	0.135	0.254	1	3	LGMN
0.00607596787797061	-1.19845105429765	0.086	0.174	1	3	LOC138492940
0.00366724536489886	-1.20095790990823	0.086	0.189	1	3	AIP
0.00376799645067447	-1.20095790990823	0.104	0.227	1	3	B4GALT6
0.00657093746070691	-1.20641234000033	0.061	0.138	1	3	PXDC1
0.00747832471905866	-1.21094199848085	0.037	0.107	1	3	CD82
0.000329741020867545	-1.2239745626332	0.104	0.237	1	3	SUCLG1
0.00489009756144574	-1.23560405271512	0.067	0.154	1	3	LOC138516031
0.00563062117063066	-1.24912519236874	0.049	0.123	1	3	RAPH1
0.00230006017448482	-1.25985159896179	0.067	0.164	1	3	PLEKHO1
0.00264803612802722	-1.29781944916082	0.025	0.071	1	3	TNFRSF12A
0.0078941031249348	-1.29781944916082	0.025	0.072	1	3	LIPT2
0.0013824973688077	-1.3153467115535	0.092	0.2	1	3	GPX3
0.00126616910731218	-1.31643512732816	0.055	0.143	1	3	NFYC
0.00722316816615785	-1.33024092685319	0.043	0.108	1	3	CBFB
0.00764198173626501	-1.34290733868935	0.043	0.118	1	3	NAV3
0.00118285968741524	-1.3629450919259	0.043	0.12	1	3	TGFB1
0.00930310328556685	-1.36578504371086	0.037	0.092	1	3	LRCH4
0.00659156600456491	-1.37402261888111	0.092	0.176	1	3	TNC
0.0049411079652643	-1.37976106269699	0.055	0.138	1	3	CSGALNACT2
0.00532513207441948	-1.39337527179918	0.061	0.142	1	3	SLC8A1
0.00593618452518231	-1.42824913065751	0.037	0.114	1	3	INO80C
0.000485051842771281	-1.44888542335181	0.055	0.141	1	3	STEAP1
0.0004455670948913	-1.44982254260586	0.049	0.126	1	3	PTHLH
0.00534025854992708	-1.4509930863138	0.043	0.121	1	3	AEBP1
0.0012740203114415	-1.46208272573339	0.147	0.266	1	3	HSPA1A
0.00236596285536519	-1.48224402029824	0.025	0.092	1	3	LOC138481234
0.00503392512636892	-1.48224402029824	0.031	0.086	1	3	RNF152
0.000922152810010111	-1.50270812285796	0.043	0.127	1	3	CNDP2
0.000512605078012623	-1.50496409679833	0.037	0.133	1	3	SALL4
0.00914934542099998	-1.51050228033976	0.067	0.147	1	3	FTL
0.00149734180255232	-1.52288600479559	0.104	0.193	1	3	NR6A1
0.00467406166696153	-1.53429076806784	0.037	0.102	1	3	SEMA5B
0.00195755543838693	-1.55683333671893	0.031	0.119	1	3	ZDHHC6
0.00051527103915436	-1.58562176014355	0.049	0.154	1	3	GPM6B
0.00943364332323204	-1.58562176014355	0.025	0.082	1	3	TRPV4
0.00370917048964237	-1.58817746504731	0.031	0.102	1	3	OSGIN2
0.00104133972789241	-1.60088851679686	0.037	0.126	1	3	LRRC8E
0.00255308621972349	-1.60088851679686	0.031	0.098	1	3	BMP1
0.000424916527663988	-1.60088851679686	0.055	0.165	1	3	HMGA2
0.00419891367458562	-1.62908540862751	0.037	0.116	1	3	MOV10
0.00374749704399474	-1.67488909824064	0.025	0.082	1	3	CLU
0.000780292269434659	-1.72551517131061	0.037	0.127	1	3	ITPRIPL2
0.000211227782575373	-1.73378278729421	0.055	0.175	1	3	HMGA1
0.00031357399038859	-1.73543064017569	0.037	0.129	1	3	IL10RA
0.00926227039713677	-1.74527842613204	0.012	0.054	1	3	ANKRD6
0.0021636175257787	-1.74527842613204	0.025	0.093	1	3	PRDM1
0.00143103290342308	-1.75505944692462	0.037	0.138	1	3	SCAMP2
0.00194120057994561	-1.75668318940429	0.025	0.104	1	3	CRABP2
0.00462982688185566	-1.79921723324284	0.025	0.105	1	3	VPS25
0.00640611008813929	-1.83408769308989	0.012	0.059	1	3	PLK3
0.000153181311550579	-1.87247044258582	0.172	0.299	1	3	NRP2
0.00120478297409898	-1.88693957535563	0.031	0.11	1	3	PNLDC1
0.00125597808790376	-1.92585067177386	0.025	0.101	1	3	PLXNA2
0.000565030659600003	-2.01117248610507	0.018	0.084	1	3	CADM3
0.00437961041242971	-2.03478504332702	0.012	0.069	1	3	FOSL1
0.000643551651762759	-2.05340072149437	0.055	0.168	1	3	LOC138498143
0.00863953048247622	-2.08088145791648	0.018	0.08	1	3	NPR3
0.000539502950694956	-2.09891538074674	0.031	0.12	1	3	TIAM1
0.00691039198584396	-2.10784850551674	0.006	0.05	1	3	SNRNP40
0.000847947701022437	-2.13432071687794	0.018	0.101	1	3	ENAH
0.00835909991822464	-2.13432071687794	0.006	0.048	1	3	P2RY4
0.0076787493448565	-2.14303793397904	0.012	0.07	1	3	MMP19
0.000440188410066719	-2.22508618080112	0.037	0.141	1	3	EMILIN1
0.000577862553641773	-2.24048627409486	0.025	0.123	1	3	ARHGAP24
0.000390194458630417	-2.25020142892808	0.025	0.115	1	3	ITGB3
0.00065551057637356	-2.32258735430976	0.031	0.131	1	3	ADAM8
0.00264046453348197	-2.33024092685319	0.006	0.06	1	3	DBN1
0.00112457070304623	-2.36791134481925	0.012	0.073	1	3	MFSD12
0.00138081709302565	-2.36791134481925	0.012	0.075	1	3	ERRFI1
0.00262716262789737	-2.37532881638173	0.006	0.054	1	3	LIM2
0.00388151766186065	-2.46148546013144	0.006	0.065	1	3	BUD23
0.000379780038335812	-2.51283234013167	0.012	0.098	1	3	PGF
0.00135254134299337	-2.53618282740905	0.012	0.077	1	3	GALR1
0.0057120749571627	-2.54278556223329	0.006	0.064	1	3	TMEM26
0.000253738243365707	-2.55263334818964	0.018	0.112	1	3	SPRY2
0.000107689588162083	-2.56630828508672	0.055	0.179	1	3	NFIX
0.00118074848378193	-2.60088851679686	0.018	0.109	1	3	LRG1
0.000201299791414041	-2.60720229072906	0.031	0.139	1	3	GAS7
0.00959953430639038	-2.67488909824064	0	0.033	1	3	OSR1
0.00316855213204946	-2.6928110062379	0.006	0.067	1	3	DPP4
0.00790775280861029	-2.74527842613204	0	0.034	1	3	PARM1
0.00176731891405252	-2.76235193949098	0.006	0.061	1	3	HTRA1
0.00790656850242033	-2.81239262199057	0	0.037	1	3	STC1
0.00616988285329179	-2.83408769308989	0.012	0.069	1	3	CLEC
0.00442498691682166	-2.84481409968295	0	0.04	1	3	CNDP1
0.00442498691682166	-2.96767084746848	0	0.045	1	3	NPNT
0.000132496177564421	-2.98716702309428	0.012	0.104	1	3	PLCE1
0.00536973495243567	-3.05340072149437	0	0.045	1	3	RELT
0.00651344596666139	-3.05340072149437	0	0.045	1	3	LOC138582423
0.000774972684239734	-3.08088145791648	0	0.051	1	3	GPR107
0.000942099633383369	-3.25985159896179	0	0.051	1	3	KCNE3
0.0024775454963985	-3.25985159896179	0	0.054	1	3	FNIP2
0.00364820775251229	-3.33024092685319	0	0.05	1	3	CHAD
0.000432826971920108	-3.35296100335328	0	0.056	1	3	THBS1
0.000639291064403021	-3.39735512271173	0	0.056	1	3	POU6F2
0.00114313973368567	-3.50270812285796	0	0.064	1	3	FHL3
0.00138865315392575	-3.52288600479559	0	0.059	1	3	SEMA3D
0.00114354768395222	-3.54278556223329	0	0.06	1	3	CYGB
0.000775989451332332	-3.71051300797136	0	0.068	1	3	CXADR
9.04967522597232e-05	-4.03946153053649	0	0.081	1	3	ABLIM2
9.06842671591804e-05	-4.36418825877653	0	0.079	1	3	LOC138577431
2.68818135817243e-17	-0.892002860439761	0.927	0.982	3.2239359028562e-13	4	COX1
4.01138642841142e-17	0.805904135102781	0.973	0.856	4.81085574359382e-13	4	KRT8
3.01834981987307e-15	1.56056356873756	0.787	0.507	3.61990693897377e-11	4	AQP1
5.07527698351649e-15	0.768973318027168	0.94	0.817	6.08677968633133e-11	4	KRT18
8.30052148347439e-13	0.99926933650457	0.787	0.435	9.95481541513083e-09	4	NOS3
6.43162574103245e-12	1.00819847133853	0.653	0.348	7.71344875122022e-08	4	EXOC3L2
8.84595663395571e-12	0.99165265728648	0.613	0.336	1.06089557911031e-07	4	ACVRL1
8.88460963494691e-12	0.437368243691243	0.987	0.947	1.06553123351918e-07	4	EEF1A1
5.98217029636636e-11	0.998150954216538	0.633	0.34	7.17441683643218e-07	4	APLNR
6.83788266529740e-11	-0.503677598132101	1	0.999	8.20067268049118e-07	4	COX3
1.9491164251909e-10	1.14677172395339	0.687	0.456	2.33757532873145e-06	4	PMP22
2.27505581228786e-10	0.848896455136444	0.807	0.539	2.72847443567684e-06	4	KDR
2.61696837095033e-10	2.22041716103553	0.207	0.049	3.13853016728073e-06	4	NPPC
4.23571877715419e-10	0.48545391978047	1	0.912	5.07989752944101e-06	4	RPS24
9.16350490445705e-10	1.26792608660947	0.427	0.181	1.09897914319153e-05	4	FLT1
1.0855640804429e-09	0.591264234527496	0.92	0.73	1.30191700167517e-05	4	PLVAP
1.66452264242804e-09	0.462898520440983	0.98	0.909	1.99626200506395e-05	4	RPS11
4.87912656067706e-09	2.44571531354739	0.167	0.039	5.85153648422e-05	4	SCIN
5.27651285503632e-09	-6.45717842369391	0.013	0.236	6.32812186704505e-05	4	HAPLN3
5.29013085638745e-09	0.424209158202995	0.987	0.951	6.34445393606547e-05	4	RPS26
5.40082005395012e-09	1.0035716708216	0.66	0.402	6.47720349070238e-05	4	FCN1
7.77649454858420e-09	0.981974743384126	0.5	0.264	9.32634991211702e-05	4	F8
1.25489366932714e-08	-5.55464822306557	0.007	0.214	0.000150499397762404	4	RELN
1.60973173224788e-08	-2.60772890334764	0.253	0.495	0.000193055126648488	4	CTSL
2.11211953420691e-08	0.578069903971794	0.747	0.508	0.000253306495737435	4	PTGS2
3.37954537333488e-08	0.540462544006515	0.913	0.779	0.000405308876624053	4	RPL10A
4.28954506865682e-08	0.378338924532236	0.967	0.927	0.000514445140084012	4	HSP90AB1
4.48798198197354e-08	-4.81842456516714	0.007	0.204	0.000538243679098087	4	UNC5B
4.72222057230553e-08	0.444742402040094	0.947	0.844	0.000566335913236602	4	RPS3
4.81337535336928e-08	0.951211731257983	0.447	0.217	0.000577268106129577	4	SELP
6.3499808255426e-08	0.333067703820193	1	0.982	0.000761553200407324	4	RPL32
6.82762069881384e-08	-0.842966020686537	0.673	0.785	0.000818836550408743	4	ND3
8.11352488189113e-08	1.56729674947492	0.487	0.268	0.000973055039085204	4	HS3ST1
8.37171027554753e-08	0.459839863084088	0.993	0.941	0.00100401921334641	4	S100G
1.26385501832208e-07	0.379544826617346	0.993	0.944	0.00151574132347367	4	RPL10
1.30741699354936e-07	-2.81371917849202	0.087	0.309	0.00156798520036374	4	NRP2
1.63267275996284e-07	0.926064315658903	0.4	0.207	0.00195806444102344	4	VEGFC
1.86612079313151e-07	-0.450885215431446	0.98	0.993	0.00223803866720262	4	ATP6
1.92561512089583e-07	0.876023007615265	0.613	0.342	0.00230939021449036	4	ID3
2.26023470253035e-07	0.383300029392413	0.98	0.919	0.00271069947874465	4	RPL34
2.60477182518852e-07	-1.25089756080768	0.34	0.554	0.00312390284994859	4	CD9
2.67356702555092e-07	0.3840537021861	0.98	0.932	0.00320640893374322	4	RPL17
2.69637187368878e-07	0.401634619139305	0.807	0.574	0.00323375878811495	4	ADCY4
3.30904089295338e-07	0.389180388276875	0.987	0.921	0.00396853274291899	4	RPLP0
3.44395797585357e-07	-0.924109666657225	0.713	0.809	0.00413033880044119	4	FSTL1
3.45095497755609e-07	-1.41273759779286	0.173	0.411	0.00413873030458302	4	SMAD1
3.96163683402402e-07	0.363282974303707	0.993	0.962	0.00475119105504501	4	RPS14
4.86001785260739e-07	-1.45781860290412	0.173	0.377	0.00582861941063205	4	PROM1
5.01609459508753e-07	0.674454714311515	0.773	0.544	0.00601580224788848	4	PODXL
5.19296133992714e-07	0.350991971265364	0.993	0.959	0.00622791853497462	4	RPL21
5.33614733345808e-07	0.317838887545537	1	0.946	0.00639964149701628	4	EEF1G
5.68071946332668e-07	0.391809456922851	0.96	0.857	0.00681288685236769	4	RPL27A
5.69294085287892e-07	0.447923821766894	0.987	0.898	0.00682754396485769	4	RPL15
6.51263625025829e-07	-1.88957898315057	0.153	0.369	0.00781060465493476	4	ADD3
6.55226656590075e-07	0.401144176758349	0.96	0.904	0.00785813329248477	4	RPS27A
6.76253700015703e-07	0.363836660568199	0.993	0.965	0.00811031062428833	4	RPLP1
6.78717566593863e-07	0.36930168258274	0.987	0.96	0.0081398597761602	4	RPL13
7.83843172190914e-07	0.753492920091716	0.273	0.126	0.00940063116408564	4	TESPA1
8.49250709743591e-07	0.463586328781846	0.98	0.929	0.0101850637619549	4	RPL31
8.68246789135766e-07	0.408188487114983	0.98	0.918	0.0104128837421052	4	RPS15
8.77087833007606e-07	0.389671501659947	0.987	0.936	0.0105189143812602	4	RPL13A
1.22281532798924e-06	0.44756360184303	0.907	0.832	0.0146652242285749	4	RPS5
1.67908769312248e-06	0.340552390340562	0.993	0.983	0.0201372987036179	4	RPS2
2.09102979304599e-06	0.449773250005301	0.947	0.922	0.0250777203080006	4	RPL12
2.44914654371369e-06	1.2793108500891	0.233	0.108	0.0293726144987583	4	LOC138531582
2.60410769459594e-06	0.949239938184452	0.547	0.335	0.0312310635812891	4	SELE
2.7659494028748e-06	-0.515100551378587	0.78	0.87	0.0331720311886774	4	ND4
2.8400163952071e-06	0.311341487333772	0.987	0.963	0.0340603166277188	4	RPS28
3.08839058710638e-06	0.842082801750944	0.487	0.271	0.0370390683111668	4	VWCE
3.62085954236692e-06	0.283086537933721	0.98	0.966	0.0434249684916065	4	RPL26L1
3.66948969935524e-06	0.60185626261442	0.507	0.309	0.0440081899643674	4	LHFPL7
3.80171084138496e-06	0.334584028646138	0.987	0.928	0.0455939181207298	4	RPL28
3.97537604294248e-06	-1.54272505568975	0.147	0.338	0.0476766848830091	4	VASH2
3.99083224433329e-06	0.423762924354873	0.98	0.933	0.0478620511062891	4	LGALS4
4.6936204851681e-06	1.04444460649047	0.233	0.104	0.056290590478621	4	EGFL8
6.28397446710699e-06	0.368889968380451	0.94	0.918	0.0753637057840141	4	RPS17
6.34483536292227e-06	-1.88439197136928	0.12	0.3	0.0760936105075268	4	CADM1
6.35889607997662e-06	0.374823341981381	0.993	0.926	0.0762622406871597	4	RPS6
6.90983865258355e-06	0.385482843699369	0.947	0.871	0.0828696949604345	4	RPS3A
7.56662876116073e-06	0.321777091815897	1	0.969	0.0907465787326007	4	TPT1
7.78022854083635e-06	-3.08762697971583	0.027	0.171	0.0933082808902504	4	SRGN
7.99926912392978e-06	0.31763081637174	0.993	0.973	0.0959352346032899	4	RPL35
8.89491564490559e-06	0.563405144177998	0.827	0.56	0.106676723329353	4	RAMP3
9.65186640546579e-06	1.04823618565285	0.38	0.192	0.115754833800751	4	WIF1
9.81756917442051e-06	0.300401621032323	1	0.97	0.117742107108825	4	RPS27
1.00196257912236e-05	2.11535038151138	0.12	0.031	0.120165372114145	4	APCDD1
1.06778638296139e-05	-5.13961072378673	0	0.141	0.128059620908559	4	PDPN
1.11374118159091e-05	0.796172897640057	0.2	0.103	0.133570979908198	4	RAPGEF3
1.1550707772026e-05	-2.83318372243955	0.047	0.21	0.138527638309908	4	HMOX1
1.18021150514094e-05	0.328517861804521	0.967	0.942	0.141542765811553	4	RPS7
1.25619517626654e-05	0.64541249635006	0.447	0.296	0.150655487489646	4	TMEM204
1.27849678194547e-05	0.31767362280543	1	0.995	0.153330119058721	4	TMSB4X
1.28011932340058e-05	0.656727221870245	0.647	0.46	0.153524710455431	4	EHD2
1.52204056857681e-05	0.526467511418885	0.893	0.72	0.182538325389417	4	PRDX1
1.60162659488234e-05	0.95026102608955	0.227	0.101	0.192083077524239	4	CRISP3
1.65041382246105e-05	-3.90129874736416	0.013	0.156	0.197934129727754	4	PROX1
1.67244809244334e-05	1.78520177981905	0.06	0.018	0.20057669972673	4	RUSC1
1.71356265208755e-05	0.278707853141954	1	0.97	0.20550756886486	4	RPS23
1.77846279378017e-05	-2.87504884820634	0.04	0.201	0.213291042858055	4	NR6A1
1.86683699426546e-05	0.66100405203387	0.84	0.625	0.223889760722257	4	CD34
1.86743411846408e-05	-4.69053165114734	0	0.123	0.223961373827397	4	SNCA
2.07454072002876e-05	0.346701530241482	0.98	0.846	0.248799668553049	4	CRIP1
2.38432266545618e-05	1.37711704118198	0.167	0.063	0.285951817268159	4	PDE4C
2.47999978539509e-05	-1.81305754351556	0.047	0.181	0.297426374262433	4	TYROBP
2.48035585049258e-05	0.30715448301441	1	0.961	0.297469077149575	4	RPS9
2.49059091684198e-05	-3.47532577040417	0.013	0.152	0.298696568656859	4	VEGFA
2.84497224415754e-05	0.729609453855737	0.42	0.238	0.341197521241813	4	FCRL5
3.01893779378594e-05	0.321818342907179	1	0.943	0.362061209608747	4	RPS19
3.08328040506052e-05	0.357340240182626	0.947	0.88	0.369777818978908	4	RPS16
3.21308147232973e-05	0.392503447456328	0.94	0.875	0.385344860976505	4	RPL3
3.38763806868158e-05	0.368044228665841	0.893	0.801	0.406279433576982	4	RPL18A
3.58047463862485e-05	0.296400225868155	0.993	0.958	0.429406323410278	4	RPS8
3.68614875602142e-05	0.317273641883128	0.987	0.955	0.442079820309649	4	RPL24
4.11647146140117e-05	-1.5129232904831	0.313	0.45	0.493688422365843	4	MMRN1
4.15762338778389e-05	0.444192943365987	0.96	0.863	0.498623772896922	4	EEF1B2
4.38268968363398e-05	0.90670278486676	0.48	0.31	0.525615973758224	4	CKB
4.73238986452428e-05	-0.337605232724179	0.953	0.974	0.567555516452397	4	CYTB
4.7696590004158e-05	-5.82212853393056	0	0.119	0.572025203919867	4	STAB2
5.04809411817582e-05	0.277345346173314	1	0.991	0.605417927592826	4	S100A11
5.04827453912143e-05	-1.85590379893964	0.133	0.275	0.605439565476833	4	APCS
5.16750067710453e-05	-0.558931051308978	0.813	0.835	0.619738356205146	4	ITGBL1
5.52099633631967e-05	-0.414407245873106	0.727	0.834	0.662133090614818	4	ND1
5.60826712957353e-05	-2.95433775801098	0.04	0.18	0.672599476849754	4	NFIX
5.81207750916271e-05	0.672727050560641	0.467	0.279	0.697042455673884	4	SMAD6
6.27845522217759e-05	0.414069686930921	0.807	0.575	0.752975134795758	4	TIE1
6.31391677712744e-05	0.765731915620829	0.46	0.283	0.757228039080894	4	ASS1
6.85518680977038e-05	0.419209878771286	0.92	0.868	0.822142554095761	4	GAPDH
7.45498902375587e-05	-1.188803011648	0.153	0.314	0.894076833619041	4	TSC22D2
7.56358374586652e-05	-3.99615793370561	0.007	0.132	0.907100598641771	4	SEMA3A
8.08190127902292e-05	-1.59397026690278	0.12	0.289	0.969262420393219	4	CEBPD
8.1829296860878e-05	0.300975447863403	0.987	0.91	0.98137875725251	4	RPL35A
8.184200444391e-05	0.42431352445994	0.887	0.82	0.981531159295812	4	RPL9
8.23917667645094e-05	0.486357298044733	0.367	0.228	0.988124458806762	4	RASAL2
8.24404037673044e-05	-4.45320295950602	0	0.104	0.988707762381282	4	PLCE1
0.000439340758795371	3.37016428054021	0.033	0.003	1	4	LOC138467694
0.00984015140417121	3.37016428054021	0.013	0.001	1	4	LOC138488927
0.00129732367465602	3.2002392790979	0.047	0.005	1	4	FSIP1
0.00155056277330081	3.2002392790979	0.02	0.002	1	4	DNAH6
0.0022957757278781	3.04823618565285	0.033	0.004	1	4	WNT10A
0.00179721769598599	3.0075942011555	0.04	0.005	1	4	SLC35E4
0.00984015140417121	2.78520177981905	0.013	0.002	1	4	LOC138581006
0.000459465289473356	2.59255670187666	0.04	0.007	1	4	LOC138567268
0.00777238317229185	2.52216737398526	0.047	0.009	1	4	VWDE
0.00349608006954741	2.49569516262407	0.047	0.009	1	4	ADCY8
0.00045505751039144	2.46327368493169	0.04	0.008	1	4	L1CAM
0.00984015140417121	2.37016428054021	0.013	0.003	1	4	LOC138497916
0.00984015140417121	2.37016428054021	0.013	0.003	1	4	PCDH9
0.00984015140417121	2.37016428054021	0.013	0.003	1	4	ACYP2
0.00245565868959217	2.29977495264881	0.027	0.006	1	4	IRAK3
0.000585274178008591	2.12223676709662	0.073	0.017	1	4	FAM241B
0.000626288984852341	2.12223676709662	0.073	0.015	1	4	PHGDH
0.00782266136418951	2.04823618565285	0.033	0.009	1	4	TBX2
0.00984015140417121	2.04823618565285	0.013	0.003	1	4	LOC138497482
0.00984015140417121	2.04823618565285	0.013	0.004	1	4	LOC138481794
0.00984015140417121	2.04823618565285	0.013	0.004	1	4	RAPGEFL1
0.000959290320585241	2.03031427765558	0.093	0.024	1	4	DAAM2
0.000459465289473356	2.0075942011555	0.04	0.009	1	4	LOC138453690
0.00179721769598599	2.0075942011555	0.04	0.01	1	4	EDNRB
0.0022957757278781	1.91073266190291	0.033	0.01	1	4	LOC138473565
0.00179721769598599	1.78520177981905	0.04	0.013	1	4	ZNF572
0.00245565868959217	1.78520177981905	0.027	0.009	1	4	DOCK8
0.00225010364864875	1.70719926781778	0.053	0.017	1	4	LOC138527470
0.00143571253539047	1.70503143113507	0.133	0.045	1	4	RGS5
0.00010509166615022	1.69405389176086	0.133	0.042	1	4	HOXB6
0.00347151284898151	1.61527677837674	0.047	0.016	1	4	GFER
0.0049574668849798	1.5835679186494	0.053	0.02	1	4	LIPG
0.00309303286660784	1.52216737398526	0.06	0.022	1	4	OXLD1
0.00283492576797067	1.51511261645131	0.107	0.038	1	4	LOC138521149
0.00426342431075114	1.48034719829063	0.093	0.038	1	4	KCNK5
0.00108950963970419	1.46327368493169	0.107	0.041	1	4	ZNF366
0.00472794858663834	1.44416486198399	0.093	0.033	1	4	SLC45A3
0.00289647270370081	1.42764977520097	0.1	0.036	1	4	SMAD7
0.00433674217920213	1.35893702511696	0.1	0.04	1	4	KLHL26
0.000168590459702238	1.35778055608438	0.167	0.064	1	4	CNMD
0.00702686537310116	1.33454037080949	0.093	0.037	1	4	PTMS
0.000189963582462638	1.33148381237615	0.14	0.053	1	4	ADGRG1
0.000727304663878127	1.32815675401863	0.373	0.225	1	4	SLC16A2
0.00289572001271941	1.32577016118176	0.093	0.036	1	4	CCL19
0.00550280337454359	1.31953820747024	0.12	0.052	1	4	RNF208
0.000995064097049072	1.29977495264881	0.093	0.04	1	4	ARL16
0.00683449587571987	1.29977495264881	0.093	0.04	1	4	COPS3
0.00782266136418951	1.28270143928987	0.033	0.015	1	4	ZBTB1
0.00597335282843646	1.27824179109917	0.107	0.048	1	4	EIF4E1B
0.00462229842173573	1.2706286069893	0.087	0.037	1	4	MRPL40
0.00224760231107874	1.26163982376204	0.2	0.104	1	4	LEP
0.00144494281931272	1.24914887957884	0.06	0.027	1	4	MMAA
0.00683449587571987	1.23266075679028	0.093	0.042	1	4	DCPS
0.00383617704581898	1.2002392790979	0.067	0.03	1	4	UTP18
0.000148422403598558	1.2002392790979	0.173	0.076	1	4	FAM50A
0.00418958206577957	1.2002392790979	0.147	0.058	1	4	LOC138583049
0.00725295460700565	1.2002392790979	0.073	0.032	1	4	FAM19A1
0.000162067569825808	1.18573970940278	0.207	0.09	1	4	FXYD6
9.42579298522161e-05	1.1790227931882	0.267	0.11	1	4	RIMBP2
0.00165466689667175	1.17514829813507	0.113	0.055	1	4	NME4
0.00159654578397597	1.16256886113184	0.28	0.157	1	4	SPRY3
0.00416542650787399	1.16071091491126	0.073	0.034	1	4	TELO2
0.00671534275408518	1.15717055720601	0.067	0.031	1	4	PPP2R3C
0.00854405396235531	1.15515138956936	0.133	0.058	1	4	MRPL22
0.00141055235337189	1.14134559004433	0.18	0.087	1	4	ARHGEF15
0.00022177693547529	1.13312508323936	0.167	0.075	1	4	DISP3
0.00274282464919459	1.12808949334206	0.08	0.036	1	4	PEBP1
0.00716791153402419	1.12808949334206	0.08	0.039	1	4	LOC138452790
0.00094845249767224	1.11097194100081	0.253	0.129	1	4	GPR182
0.000218664783149022	1.06273575534796	0.287	0.141	1	4	FRY
0.00709877504151819	1.06083622243248	0.147	0.069	1	4	DNPEP
0.00392696549116485	1.05584936976272	0.12	0.056	1	4	TNFRSF12A
0.000789499106772233	1.05401853824685	0.273	0.143	1	4	NUMBL
0.00344227465492879	1.04823618565285	0.167	0.084	1	4	MGAT2
0.000653153052444416	1.04823618565285	0.147	0.072	1	4	RUSC2
0.00144935401246416	1.03895837206484	0.16	0.081	1	4	SORL1
0.00175482586688457	1.03674054681502	0.16	0.077	1	4	DNAJC1
0.0014534814300282	1.02717457012502	0.207	0.099	1	4	HLX
0.00198876605219959	1.01966703345608	0.18	0.092	1	4	RASSF2
0.00291257821338736	1.01468362594182	0.207	0.105	1	4	GPA33
0.00439719969832908	1.01261227592213	0.073	0.034	1	4	LOC138582423
0.000663813417198105	1.00559184824435	0.187	0.09	1	4	MATN2
0.0031343482245002	0.993788401630471	0.153	0.081	1	4	LOC138525662
0.00743782349263714	0.993788401630471	0.207	0.113	1	4	THBD
0.00193895914790393	0.984105848233132	0.2	0.106	1	4	SRP19
0.000611538978364012	0.982647844025271	0.26	0.14	1	4	COX17
0.00949711501695958	0.977846857761449	0.1	0.052	1	4	CISH
0.000107221399392726	0.972433361575086	0.34	0.191	1	4	TCIM
0.000312972560550197	0.960773344402508	0.3	0.15	1	4	S100A1
0.00549827223399731	0.959231179594103	0.14	0.073	1	4	TRIOBP
0.00905320285390456	0.941927283506507	0.107	0.056	1	4	AURKAIP1
0.00379916080836957	0.92460483648447	0.12	0.064	1	4	TRNAU1AP
0.00295014801266235	0.913525876794593	0.247	0.137	1	4	MAST3
0.00148403051464554	0.910732661902913	0.153	0.072	1	4	FGFBP1
0.00546039655335108	0.905496013536766	0.16	0.086	1	4	CDC42EP5
0.00165652516065754	0.904783395571726	0.107	0.056	1	4	MEGF11
0.00237026640736117	0.897676509077467	0.193	0.103	1	4	ENO3
0.00459107288020077	0.894430849573812	0.153	0.084	1	4	DPM2
0.000481839950059711	0.868890825909347	0.36	0.222	1	4	LOC138472551
0.0026402763520686	0.867663940011027	0.113	0.062	1	4	USP2
0.00376156660544027	0.865820240027338	0.147	0.08	1	4	TYW1
0.00250849422268521	0.863204291820327	0.12	0.066	1	4	STK17B
0.00392696549116485	0.863204291820327	0.12	0.066	1	4	SLC25A18
0.00781342936214842	0.862369640341514	0.153	0.086	1	4	MRPL21
0.00672252151712606	0.855591107710452	0.26	0.142	1	4	TINAGL1
0.000135747177978504	0.85079012144663	0.287	0.159	1	4	NOP53
0.00695952050659539	0.846602324483197	0.147	0.079	1	4	IFIH1
0.00148535484412582	0.841785308185421	0.08	0.043	1	4	APLP2
0.00716791153402419	0.841785308185421	0.08	0.045	1	4	PIGX
0.00854405396235531	0.837669199713189	0.133	0.076	1	4	ECH1
0.00123346121052	0.8341113803	0.167	0.098	1	4	KLF4
0.00457025080630697	0.827430015208351	0.153	0.082	1	4	CLDN7
0.000972526077416841	0.82367592763369	0.227	0.134	1	4	IDH1
0.00526645495754404	0.809449326065731	0.187	0.11	1	4	RABAC1
0.00287012442849121	0.807921856319137	0.207	0.111	1	4	FAM222A
0.000421606296733187	0.803349126529313	0.227	0.137	1	4	SLC44A2
0.00568703378325188	0.801689902607623	0.14	0.078	1	4	MRPL9
0.00781342936214842	0.800308672209262	0.153	0.091	1	4	BBLN
0.00245504073008761	0.795255444482976	0.227	0.131	1	4	C10H22orf39
0.00949711501695958	0.785201779819054	0.1	0.06	1	4	HACD3
0.000125428897506285	0.770251438353082	0.387	0.236	1	4	NPDC1
0.00881488556505453	0.768128266460112	0.133	0.076	1	4	IL15RA
0.000138338819660279	0.764140164291224	0.293	0.167	1	4	LRRC8C
0.00616958139759958	0.760539725584785	0.167	0.084	1	4	EVA1C
0.00546039655335108	0.756632627622283	0.16	0.097	1	4	LEO1
0.0062254325879377	0.756632627622283	0.287	0.174	1	4	CDC42EP2
0.00256539920708431	0.752780302126677	0.253	0.153	1	4	LOC138567585
0.00209692114655999	0.74716241879988	0.447	0.303	1	4	ADAMTS1
0.00105201078903859	0.746521311654994	0.267	0.162	1	4	AOC3
0.0076869143148141	0.74255744241056	0.16	0.089	1	4	ISYNA1
0.000315975100254947	0.735645955344822	0.433	0.294	1	4	ICAM5
0.00318634691337116	0.731563816216981	0.2	0.118	1	4	LDLR
0.00717654875179911	0.730753995796677	0.247	0.147	1	4	MRPL35
0.0028361173506303	0.727868604753102	0.233	0.137	1	4	LOC138513412
0.0099090466285459	0.722917501564711	0.1	0.044	1	4	TMEM88B
0.00278277706648282	0.711201198375277	0.12	0.069	1	4	PRMT5
0.000343825090873265	0.706632727444944	0.333	0.21	1	4	RAPGEF4
0.00255570700977731	0.706424666434937	0.3	0.185	1	4	ECHS1
0.000622305660590032	0.703517982225346	0.46	0.306	1	4	PLPP3
0.000250747799632679	0.701137515030579	0.313	0.178	1	4	LPAR4
0.000143708837560579	0.681331182047102	0.567	0.405	1	4	CD93
0.00986360308210313	0.676677323040884	0.207	0.13	1	4	RNPS1
0.00424270861766286	0.67626740826589	0.287	0.168	1	4	TRIM71
0.00823995379957825	0.67626740826589	0.273	0.174	1	4	ENPP1
0.00419451600232311	0.674777790125403	0.347	0.223	1	4	ADAM15
0.00128210672164481	0.669724562399118	0.307	0.169	1	4	GPR68
0.00672219710130243	0.669724562399118	0.187	0.12	1	4	TLE1
0.00850310657383706	0.666687308559664	0.38	0.239	1	4	DNASE1L3
0.00126791078929948	0.666260707095546	0.2	0.115	1	4	PRICKLE1
0.00454734451171461	0.659670897735195	0.127	0.08	1	4	LIMCH1
0.00662327289085466	0.646303673997366	0.28	0.187	1	4	EMC7
0.00892278162322734	0.64565042742026	0.207	0.128	1	4	VARS1
0.00242533011076569	0.63993883261101	0.347	0.212	1	4	LAMA5
0.00335990621532486	0.638360391489783	0.167	0.109	1	4	FCHO2
0.0069182140465096	0.635454660314371	0.193	0.12	1	4	MAML3
0.00775469811361747	0.63087363342776	0.173	0.122	1	4	ARHGAP39
0.0068279569409439	0.627660502832574	0.167	0.104	1	4	MRPS28
0.00422980138611969	0.622263208692848	0.14	0.087	1	4	CDC42SE2
0.00337290773578712	0.621703047536174	0.313	0.198	1	4	PSMD7
0.00656580161666193	0.620814961918172	0.187	0.117	1	4	LOC138481523
0.00567585682160732	0.620690274563106	0.393	0.267	1	4	SLC12A2
0.00956787949088301	0.61736009287723	0.287	0.198	1	4	MEOX2
0.00674549959940122	0.615276778376741	0.327	0.208	1	4	EIF3G
0.00319707567569938	0.613392134031798	0.467	0.315	1	4	BLOC1S1
0.00565981221775501	0.608879007178591	0.16	0.105	1	4	RAB27A
0.00838389140621524	0.601601841479665	0.207	0.135	1	4	MTSS1
0.00304610961409914	0.594518218209944	0.147	0.09	1	4	RECQL5
0.00879566587442208	0.594518218209944	0.147	0.097	1	4	PIGV
0.000211377537535867	0.587262402207145	0.36	0.251	1	4	CNN2
0.00151924957773799	0.582109914441542	0.24	0.148	1	4	CMKLR2
0.00703755913007607	0.567501053807328	0.38	0.261	1	4	CD99
0.000171288167739952	0.554102663131707	0.34	0.206	1	4	MCTP2
0.00600151957104273	0.549003558957575	0.293	0.202	1	4	S100A16
0.00479908119890982	0.538344118141877	0.36	0.266	1	4	ETS1
0.00930936158614643	0.52819116161303	0.293	0.198	1	4	SELENOH
0.00254887473824679	0.52361659062233	0.46	0.319	1	4	TMED10
0.00133382023093751	0.523394677369262	0.593	0.429	1	4	NRP1
0.00193172329029956	0.520059711023269	0.34	0.209	1	4	MAST4
0.00909334168095447	0.510676554162483	0.347	0.26	1	4	PLAT
0.000190032517355994	0.50920996909855	0.82	0.715	1	4	CAPG
0.000668938773628511	0.491780112620686	0.693	0.482	1	4	SPACA4
0.00282355042186206	0.489745896292882	0.453	0.34	1	4	PSMB4
0.000516276367394548	0.488415119479688	0.78	0.578	1	4	CD2
0.00420080560486837	0.487521231178369	0.427	0.323	1	4	GSN
0.000216653745025879	0.482455098135312	0.513	0.355	1	4	NOTCH1
0.00198352026982326	0.482215248585152	0.293	0.199	1	4	CALCRL
0.0060417510501416	0.480551676363527	0.453	0.338	1	4	ARPC1B
0.00533307954380523	0.476154976228424	0.547	0.415	1	4	ITGA6
0.000467695952328256	0.455496334339972	0.413	0.301	1	4	PSMB5
0.00731606551302505	0.455280894178161	0.22	0.158	1	4	ZYX
0.00020008042555428	0.451484487228084	0.74	0.568	1	4	RPL5
0.00158892327397408	0.451157398615635	0.633	0.518	1	4	RPL8
0.00201833086783099	0.449152576687039	0.333	0.218	1	4	SUSD1
0.002499964894417	0.447898459044776	0.56	0.421	1	4	CCT5
0.00419459809782289	0.447620420620206	0.313	0.221	1	4	ZC3H13
0.00457128615293472	0.442809582371976	0.333	0.233	1	4	MCUB
0.00776669931120269	0.436052216196667	0.353	0.274	1	4	AK2
0.00775833290610026	0.428508266771015	0.44	0.34	1	4	AP2M1
0.00197957805465135	0.420629347523198	0.44	0.306	1	4	MCAM
0.00653100374007429	0.420097543729909	0.413	0.315	1	4	CLEC14A
0.000520455951607136	0.415533095985494	0.573	0.42	1	4	GMFG
0.00970096641328491	0.413642917207091	0.247	0.181	1	4	LYPLA2
0.00899361605636683	0.407098216259994	0.613	0.472	1	4	ATP5MG
0.000858866901933463	0.398465389303593	0.647	0.479	1	4	SGK1
0.00020479914980215	0.393085836691607	0.84	0.744	1	4	RPL6
0.0075560008085437	0.390210222741968	0.633	0.531	1	4	ATP5F1B
0.000662315869610109	0.389616643206382	0.8	0.692	1	4	SNRPE
0.00034374918950316	0.383485659038044	0.707	0.59	1	4	H2AC1
0.00685079929329137	0.379209420143217	0.727	0.584	1	4	KHDRBS1
0.000662153250166873	0.378271081872162	0.673	0.52	1	4	EEF1D
0.00140119298640544	0.377899929319815	0.653	0.507	1	4	GRB10
0.00024897930573207	0.36907832261096	0.82	0.646	1	4	CAVIN2
0.00333382122461523	0.364869980870697	0.22	0.158	1	4	TPST2
0.0043874459145308	0.36462609699878	0.387	0.273	1	4	BCCIP
0.000599442684973708	0.36273474636059	0.74	0.603	1	4	PECAM1
0.00809993690707791	0.359895945086383	0.613	0.489	1	4	ATP5F1D
0.0027228540801691	0.358604874766487	0.553	0.404	1	4	ILF2
0.00804205162731303	0.357435521036004	0.627	0.515	1	4	ATP5F1A
0.00797182569293646	0.356743764777888	0.72	0.636	1	4	RSL24D1
0.00184887644175794	0.355004473369204	0.747	0.618	1	4	CAVIN1
0.00207362060494424	0.353995343646699	0.873	0.761	1	4	RACK1
0.000655060788123457	0.340215288527353	0.867	0.809	1	4	RPL23A
9.90902544482308e-05	0.340000711441355	0.967	0.922	1	4	DYNLL1
0.000165737330020249	0.338401718155422	0.613	0.432	1	4	ARHGEF9
0.00233013389385682	0.334540370809489	0.847	0.793	1	4	TUBA1C
0.000587469847822132	0.334015277067245	0.747	0.548	1	4	INSR
0.0074193583299276	0.331025886633252	0.593	0.484	1	4	TSPAN4
0.00849555989548285	0.329052745171058	0.427	0.355	1	4	HNRNPC
0.00935445080529351	0.326952213718911	0.467	0.368	1	4	EPPK1
0.00385885313599278	0.323387509870762	0.527	0.384	1	4	SPNS2
9.10365196506625e-05	0.319157338110103	0.933	0.897	1	4	RPL18
0.00457259972766455	0.318365379960005	0.773	0.635	1	4	GNGT1
0.00644770295895123	0.316138398857699	0.46	0.35	1	4	ARHGEF2
0.00657697865515218	0.315716496517834	0.893	0.881	1	4	PFN1
0.000271520517905387	0.314134575449429	0.953	0.885	1	4	RPS25
0.000195375701445611	0.31307177526227	0.927	0.885	1	4	SLC25A5
0.00750653053650522	0.312448782683923	0.68	0.528	1	4	COX5B
0.000165175746982107	0.310529209795066	0.96	0.93	1	4	RPS10
0.000163299342764908	0.308679310968011	0.927	0.905	1	4	HSPA8
0.00156906321269169	0.308649891327506	0.5	0.368	1	4	PDE2A
0.00493242473214151	0.30715448301441	0.26	0.195	1	4	HIAT1
0.000131579159123651	0.300512715406331	0.967	0.857	1	4	RPL2
0.00939796085382718	0.296992511977485	0.693	0.561	1	4	SH3BGRL3
0.000338710643128685	0.294552799455161	0.993	0.947	1	4	RPS12
0.00269527303014709	0.292646812864546	0.813	0.71	1	4	COX6A1
0.00629299733996973	0.290112814064764	0.813	0.706	1	4	LMNA
0.0036685447608973	0.288112035123232	0.74	0.663	1	4	BTF3L4
0.00130947059504672	0.287423849532274	0.7	0.521	1	4	KIAA1217
0.000773461050756931	0.279082970438121	0.973	0.851	1	4	PMP2
0.000155022982260515	0.278241791099171	0.993	0.956	1	4	RPL14
0.000427822589616808	0.277880801471142	0.993	0.92	1	4	RPL11
0.000126093782068601	0.277649034667068	0.993	0.966	1	4	RPS18
0.0013661970390919	0.276310753132841	0.693	0.574	1	4	PPIB
0.00471688787413999	0.273701441038919	0.893	0.837	1	4	SET
0.000318244064123794	0.27167836290329	0.98	0.95	1	4	RPL19
0.000969143305210872	0.264547454264614	0.967	0.934	1	4	RPL37
0.000522476535827414	0.263630388913717	0.973	0.94	1	4	RPL27
0.000685214836469053	0.255933256252045	0.973	0.919	1	4	RPS29
0.00508150572504732	0.254561529507762	0.76	0.631	1	4	ATP5PF
0.00278843848568321	0.253549739418575	0.907	0.772	1	4	SRSF3
0.00656492952391261	0.252056807075602	0.573	0.434	1	4	DLK1
0.00943790620105442	0.247617595091119	0.913	0.884	1	4	RPL30
0.00221930383579214	0.246923070383077	0.967	0.913	1	4	RPS13
0.00214048314308898	0.242324680464912	0.947	0.932	1	4	RPL39
0.00195503392628024	0.239505225356153	1	0.973	1	4	RPL23
0.00163497855363444	0.23516761240085	0.987	0.949	1	4	S100A10
0.00620266729848628	0.23375965291732	0.98	0.918	1	4	RPL38
0.0011052407783807	0.221208214068608	0.98	0.966	1	4	FAU
0.00339163718971953	0.220703381657613	0.88	0.721	1	4	PRX
0.00238696735216234	0.216541091426998	0.687	0.511	1	4	ESAM
0.000110796654325047	0.212769674054033	0.967	0.932	1	4	UBA52
0.000613702247450125	0.209235867294648	1	1	1	4	CIRBP
0.007811525669627	0.207150406282694	0.88	0.75	1	4	NAP1L1
0.000282395947478651	0.200627779178578	0.987	0.928	1	4	NME2
0.00275669975036408	0.192631829993223	0.987	0.94	1	4	HNRNPA3
0.0043287436346606	0.184943092001386	0.62	0.438	1	4	PLCB1
0.00588850932941081	0.168128664851114	1	0.995	1	4	LOC138582460
0.00631114683271089	0.167200133392589	0.967	0.984	1	4	VIM
0.00155562403755511	0.148850187261206	0.793	0.673	1	4	PPDPF
0.00635031403619085	-0.180156831366286	0.98	0.979	1	4	ZA20D3
0.00261416405883806	-0.288985990393996	0.867	0.868	1	4	RAC1
8.41134906980343e-05	-0.293037642702766	0.993	0.995	1	4	COX2
0.000452050115569809	-0.390240226590824	0.813	0.863	1	4	ND2
0.00283905717705868	-0.422197927041921	0.407	0.508	1	4	PRKAR1A
0.00990452330425741	-0.507008152104085	0.52	0.581	1	4	SFPQ
0.000853903283595997	-0.54109150762971	0.32	0.461	1	4	ZNF638
0.00456193746352108	-0.546312363897507	0.333	0.438	1	4	RAB6A
0.00906317259964779	-0.554852933252632	0.427	0.531	1	4	DYNC1H1
0.00467289946844286	-0.562432029260784	0.427	0.559	1	4	JCAD
0.00237218833785531	-0.57298985905508	0.28	0.392	1	4	MAP4K4
0.00564240213225002	-0.574547780503276	0.36	0.459	1	4	PEA15
0.00991257759132491	-0.605517088734229	0.227	0.333	1	4	ZFP36L1
0.00989869230734455	-0.613347596671221	0.287	0.426	1	4	SRP9
0.0066102959227781	-0.614728827069582	0.287	0.395	1	4	HLA-A
0.0058154820337341	-0.616896663752292	0.487	0.585	1	4	SEPT2
0.000108801462338616	-0.623380697322491	0.4	0.54	1	4	NID2
0.00390546737206945	-0.623380697322491	0.367	0.474	1	4	LAMP1
0.00249902014070375	-0.629141949289705	0.333	0.473	1	4	ARHGAP31
0.00189525225418794	-0.651093340020309	0.227	0.357	1	4	SEC11A
0.00820239541914454	-0.652719610133128	0.253	0.36	1	4	AP1B1
0.00993562804276422	-0.658244134645544	0.2	0.303	1	4	RAB18
0.00313971740559378	-0.66863799057389	0.273	0.388	1	4	ND5
0.000775679146925991	-0.677276714377107	0.46	0.574	1	4	ADAM10
0.00946532848389633	-0.698189737762425	0.2	0.329	1	4	SRSF10
0.000343614325868985	-0.699393762372332	0.347	0.494	1	4	PPP1CB
0.00882337568248095	-0.713604077152388	0.14	0.227	1	4	PPP4C
0.00927656665143956	-0.714030846876219	0.167	0.252	1	4	USP14
0.00623054460060776	-0.749929564950096	0.147	0.246	1	4	GNAO1
0.000149968427730015	-0.751320365844349	0.267	0.426	1	4	RSRP1
0.00727759073359593	-0.787049669152548	0.207	0.309	1	4	ARHGAP27
0.00073102868659991	-0.788533465478848	0.253	0.39	1	4	LIMA1
0.00298362099099819	-0.792671296115783	0.2	0.313	1	4	JARID2
0.00427105721269607	-0.804867611335191	0.253	0.377	1	4	MYH10
0.00413714009872891	-0.810177336847441	0.22	0.337	1	4	GALNT18
0.00060510578754139	-0.818619748153418	0.2	0.338	1	4	ND4L
0.00218977817714904	-0.82360746285647	0.233	0.354	1	4	SERPING1
0.000866796135826669	-0.83218219859448	0.433	0.541	1	4	LOC138472433
0.000559603012901473	-0.888080523888889	0.2	0.331	1	4	LOC138503155
0.000191476291603512	-0.888452957233986	0.293	0.413	1	4	USP9X
0.00540166097423344	-0.898614107828388	0.127	0.234	1	4	CCN1
0.00672746628311912	-0.899296394453017	0.127	0.229	1	4	FLOT2
0.00300007854672121	-0.906332385100146	0.14	0.25	1	4	MARCHF3
0.00622101579263092	-0.90699394422713	0.173	0.289	1	4	DPYSL2
0.00862565736341454	-0.907289185206547	0.087	0.162	1	4	FAM98B
0.00619039898834854	-0.915237938322038	0.187	0.313	1	4	RAB5B
0.000917769866882297	-0.935020550512576	0.22	0.366	1	4	PTPRE
0.00910359699755654	-0.942113644313433	0.253	0.345	1	4	TSPAN18
0.0089655213872887	-0.991521523584887	0.107	0.198	1	4	PYCR1
0.00344786834708681	-0.996157933705606	0.093	0.191	1	4	SEC31A
0.00117231546077986	-0.997905595991873	0.18	0.31	1	4	GALNT1
0.00039555323525379	-1.00420646247915	0.287	0.43	1	4	CLDN11
0.000260741571696579	-1.00487515080671	0.493	0.59	1	4	SPARC
0.00561529677120786	-1.02215314223855	0.127	0.25	1	4	ADAR
0.00182871009422354	-1.03582807913563	0.087	0.178	1	4	ABL1
0.00220013562144251	-1.05610047416189	0.107	0.212	1	4	CNN3
0.00556341299662663	-1.0627951267359	0.147	0.279	1	4	ZNF407
0.00553523670079357	-1.07898436483523	0.093	0.186	1	4	CELF2
0.00710314099813982	-1.10354146907921	0.087	0.194	1	4	HDAC8
0.00808243463575262	-1.12168881578946	0.053	0.131	1	4	THBS2
0.0073649914671556	-1.13536375268654	0.087	0.19	1	4	DGCR8
0.000347521371440294	-1.140150351637	0.44	0.546	1	4	FAM107B
0.00781846577350487	-1.14553555774383	0.047	0.109	1	4	ZBED1
0.00124740449682387	-1.15861538478782	0.113	0.235	1	4	SCPEP1
0.000252896597608724	-1.17071715171683	0.147	0.309	1	4	MDFIC
0.00468541088702377	-1.17172949828906	0.107	0.222	1	4	ZEB1
0.00262850624340535	-1.17827234415583	0.053	0.133	1	4	ALDH5A1
0.00771206724563831	-1.18163135624575	0.067	0.154	1	4	SLF2
0.00162212968729742	-1.18588552826571	0.34	0.462	1	4	STAB1
0.0077473202667315	-1.20348290695311	0.047	0.105	1	4	COL24A1
0.00944277659475875	-1.23469777761865	0.087	0.161	1	4	APLN
0.00699935317024079	-1.25042212991167	0.06	0.146	1	4	PROS1
0.00838636878362205	-1.30611338692689	0.14	0.243	1	4	SELENOP
0.00960386379834731	-1.32630653539794	0.04	0.106	1	4	TPCN2
0.000237404980820256	-1.35615406942649	0.1	0.258	1	4	G3BP2
0.00448990954213829	-1.38049863576153	0.113	0.226	1	4	LGALS9
0.001954305701487	-1.40462277906096	0.027	0.113	1	4	ITGB3
0.00668041181800329	-1.40462277906096	0.047	0.119	1	4	TGFB1
0.00188805119106112	-1.41808181856969	0.113	0.242	1	4	SERPINE2
0.000359855915045951	-1.44248494118691	0.193	0.324	1	4	IQSEC1
0.000424420411526924	-1.44575265502082	0.047	0.141	1	4	LOC138566346
0.000347238320072859	-1.44745897697122	0.053	0.152	1	4	GPM6B
0.000255745684922976	-1.46272573362453	0.14	0.276	1	4	HSD3B7
0.00579768486292536	-1.53292474490845	0.107	0.217	1	4	CLCA1
0.00707952748091851	-1.53672631506831	0.027	0.092	1	4	ETV6
0.00373813182785462	-1.56057305702268	0.033	0.113	1	4	SMIM20
0.000981785295852822	-1.59176767862627	0.053	0.166	1	4	CCN2
0.00564956900025584	-1.598502512655	0.047	0.133	1	4	SMTN
0.0092879973183564	-1.61764631045188	0.08	0.159	1	4	SQSTM1
0.00193145518101023	-1.64621546264865	0.16	0.261	1	4	COL3A1
0.00562937453331806	-1.67832259345213	0.1	0.213	1	4	EXOC6
0.00481123247580753	-1.68077268468502	0.06	0.16	1	4	PIM3
0.00476846510155629	-1.76499530274143	0.06	0.169	1	4	FGL2
0.000225474931238754	-1.81471106236807	0.1	0.234	1	4	FN1
0.00148960147760423	-1.81966027833981	0.013	0.067	1	4	L3MBTL3
0.00560048625678533	-1.83928908508874	0.053	0.152	1	4	GAS6
0.00566629475194851	-1.85865440995567	0.02	0.089	1	4	ECT2
0.00558639943134135	-1.88722356215244	0.02	0.079	1	4	LRP1
0.000493728756226403	-1.90002484437553	0.067	0.211	1	4	ANGPT2
0.000419404023939971	-1.90329832501051	0.08	0.224	1	4	FLT4
0.00626722297513095	-1.90728918520655	0.04	0.117	1	4	MAFB
0.0003818377542057	-1.90828517768027	0.047	0.168	1	4	ARHGAP6
0.00793726645291396	-1.91523793832204	0.02	0.087	1	4	PRR5L
0.00395838694234592	-1.97561055630152	0.053	0.148	1	4	SLC7A8
0.00601935710011991	-1.98738772407787	0.013	0.069	1	4	MYO7A
0.00248896132723917	-2.01181119801709	0.027	0.113	1	4	RALGDS
0.0048953064958318	-2.10232349092253	0.06	0.177	1	4	GPNMB
0.00606000161118064	-2.21479822018095	0.007	0.061	1	4	ALKBH8
0.00865661701071751	-2.21479822018095	0.007	0.06	1	4	ARID3B
0.0086206000026797	-2.30226106143129	0.013	0.083	1	4	CLU
0.000193709585736223	-2.30728662774044	0.227	0.368	1	4	MRC1
0.00087028989876866	-2.31633624664301	0.033	0.14	1	4	EMILIN1
0.00720573874098624	-2.34408123712591	0.007	0.06	1	4	LOC138583127
0.00295500793527268	-2.36454533968563	0.007	0.063	1	4	MEX3B
0.0017339473660795	-2.38472322162326	0.013	0.088	1	4	RNF152
0.00424008200117624	-2.40462277906096	0.007	0.069	1	4	SIRT5
0.00903159928695515	-2.4242515858099	0	0.035	1	4	ENTREP1
0.00120115987284329	-2.46903950755673	0.033	0.137	1	4	GAS7
0.00229637568309525	-2.56352637441202	0.02	0.121	1	4	TIAM1
0.00903159928695515	-2.60711564295971	0	0.04	1	4	CREBL2
0.00413846792650851	-2.61852040623196	0.013	0.076	1	4	LOC138577431
0.000193215791072172	-2.62757974551942	0.027	0.112	1	4	MRGPRH
0.0003863918845798	-2.64106297488304	0.02	0.129	1	4	PLEKHG4B
0.000991162358571314	-2.6562334095244	0.027	0.104	1	4	ESM1
0.00120329420400924	-2.67422983881824	0.007	0.08	1	4	WBP1
0.00440620516634245	-2.70665131651062	0	0.043	1	4	DDX47
0.000327404139328696	-2.71304908770877	0.02	0.117	1	4	CXCL12
0.00630713284336509	-2.73836017623796	0	0.044	1	4	CCSAP
0.000668071738547795	-2.78465382851189	0.02	0.132	1	4	ADAM8
0.00291940061198907	-2.82950806429615	0.007	0.075	1	4	ERRFI1
0.00246618750724792	-2.88722356215244	0.007	0.079	1	4	ABLIM2
0.000697104890731641	-2.88722356215244	0.013	0.108	1	4	LRG1
0.00308107043861283	-2.88722356215244	0	0.042	1	4	SORCS2
0.00170791420214613	-2.95626520658209	0.007	0.089	1	4	NINJ1
0.00368294600131436	-2.96968572234441	0	0.051	1	4	TESC
0.00631119667559514	-3.02215314223855	0	0.048	1	4	P2RY4
0.000124702825371366	-3.13127486461866	0.027	0.155	1	4	FGF10
0.00631120203071691	-3.14553555774383	0	0.049	1	4	ECE2
0.0030793064553722	-3.2371660332094	0	0.055	1	4	ANKRD6
0.00257450397008435	-3.28088741063872	0	0.061	1	4	HMCES
0.00215456417172057	-3.32332267695912	0	0.056	1	4	COL23A1
0.000475492704055578	-3.36454533968563	0.007	0.103	1	4	DOCK5
0.00440955881695999	-3.40462277906096	0	0.059	1	4	CYGB
0.00125671694280029	-3.57235022479903	0	0.067	1	4	CXADR
0.00368758775844979	-3.57235022479903	0	0.067	1	4	DPP4
0.000205958106341101	-4.40462277906096	0	0.099	1	4	PGF
1.87388582260829e-37	3.59038617267618	0.517	0.059	2.24735126705412e-33	5	CXCL12
1.48369347421214e-23	0.994169046055996	0.992	0.858	1.77939358362262e-19	5	CAV1
1.3901531921377e-22	1.67775268333917	0.856	0.46	1.66721072333074e-18	5	JAG2
2.52760814229232e-21	1.32119953986079	0.915	0.536	3.03136044505118e-17	5	PODXL
1.95359971102561e-19	1.89080699440008	0.703	0.258	2.34295213343301e-15	5	SMAD6
2.49528313381836e-17	-2.41150588666503	0.39	0.759	2.99259306238835e-13	5	PRSS23
3.07849328828423e-17	5.04981779131348	0.178	0.008	3.69203700063928e-13	5	KCNK16
2.20763391391697e-16	0.902550181067139	1	0.852	2.64761535296062e-12	5	PMP2
1.66132691471557e-15	2.69319697825995	0.314	0.072	1.99242936881838e-11	5	FBN1
1.16818111321761e-14	2.94402312729088	0.297	0.044	1.40099960908188e-10	5	GJA4
1.62683826651154e-14	3.45914163939793	0.169	0.015	1.95106713302729e-10	5	PRDM16
4.26453156564727e-14	3.53791875278204	0.186	0.019	5.11445270668077e-10	5	SLC6A9
7.97196034090538e-14	0.962557022343163	0.898	0.643	9.56077203684782e-10	5	CAVIN2
1.8129961715206e-13	1.19513128558787	0.754	0.456	2.17432630850466e-09	5	PMP22
9.8351151707792e-13	1.22938851311022	0.822	0.503	1.17952536243155e-08	5	ARL15
1.26440913800105e-12	4.36799375133973	0.11	0.006	1.51640587920466e-08	5	CLIC5
1.4868682602518e-12	-1.25030033437229	0.627	0.833	1.78320110451999e-08	5	VWF
1.63789718558774e-12	3.07805147204242	0.229	0.038	1.96433009467538e-08	5	SDK2
1.97264205368963e-12	1.08836537180269	0.729	0.42	2.36578961498998e-08	5	SLC29A1
2.89262883661282e-12	0.883444888593131	0.873	0.628	3.46912976374976e-08	5	CD34
2.9043461937731e-12	1.26845807778882	0.653	0.32	3.48318239019208e-08	5	EPAS1
4.86398154260788e-12	1.44005189959175	0.661	0.338	5.83337306404963e-08	5	PINLYP
5.20962254591357e-12	2.17534867339733	0.347	0.106	6.24790031931415e-08	5	TMEM100
1.23920996462377e-11	1.06888028568454	0.593	0.263	1.48618451057329e-07	5	HS3ST1
1.51563119836368e-11	3.08515086442576	0.195	0.025	1.81769649619757e-07	5	HEY1
1.94752543461973e-11	1.51238366067491	0.576	0.25	2.33566725373944e-07	5	PLPP1
2.51212572073107e-11	1.89261846622262	0.483	0.171	3.01279237687278e-07	5	ATP2A3
4.26231702614702e-11	3.84277333431046	0.144	0.014	5.11179680945812e-07	5	SOX6
6.85544007129748e-11	0.698775921938643	0.958	0.853	8.22172927750706e-07	5	CRIP1
1.00448412755987e-10	1.64927986172975	0.534	0.21	1.20467781418255e-06	5	NHERF2
1.72536779987248e-10	1.10897986378162	0.661	0.345	2.06923360238706e-06	5	ID3
4.45022962593952e-10	0.65093548609866	0.924	0.783	5.33716039038927e-06	5	FSTL1
6.99526628791885e-10	-4.24811744795209	0.085	0.38	8.38942285910108e-06	5	MRC1
9.57194584809998e-10	2.76031117411849	0.119	0.015	1.14796346556263e-05	5	HRH2
9.8907752394505e-10	1.25671622424932	0.551	0.277	1.1862006744673e-05	5	RHAG
2.49757145198646e-09	1.34668324509432	0.542	0.228	2.99533744236736e-05	5	EFNB2
4.16748702455915e-09	2.00057427229363	0.331	0.121	4.99806718855379e-05	5	ABLIM1
4.43642924351957e-09	1.27488434694825	0.475	0.221	5.32060959175302e-05	5	PTPRG
4.79837288285005e-09	6.4972767682847	0.068	0	5.75468859840206e-05	5	LOC138453898
5.2622537388023e-09	3.82742536997703	0.11	0.012	6.3110209089456e-05	5	PI16
6.14213735572117e-09	-1.39554671518827	0.424	0.652	7.36626533071639e-05	5	MARCKS
7.13176038638169e-09	0.972531790397648	0.627	0.337	8.55312023138756e-05	5	RALGAPA1
1.00773327337532e-08	2.04208214253387	0.22	0.06	0.000120857451475902	5	KLF17
1.52173563886409e-08	1.85957280549157	0.297	0.103	0.00018250175516897	5	JAG1
1.58994480133423e-08	1.50719223714978	0.407	0.189	0.000190682080024014	5	B4GALT1
1.5931234221419e-08	-2.26136286873988	0.119	0.371	0.000191063292017478	5	VAV3
1.63363178207883e-08	1.69891062945435	0.314	0.104	0.000195921459624714	5	THBD
1.8469923133362e-08	2.24690193442237	0.237	0.052	0.00022150978813841	5	SOX17
2.4954418856185e-08	1.38179955086476	0.449	0.197	0.000299278345342226	5	HEG1
2.62001985133306e-08	0.839065285532902	0.797	0.596	0.000314218980770374	5	RHOC
3.19051511210924e-08	1.65312192802414	0.314	0.114	0.000382638477395261	5	MPPED2
3.35488654841359e-08	1.41501908616562	0.347	0.139	0.000402351543751242	5	FRY
4.82296651138122e-08	1.57631098746446	0.254	0.085	0.000578418373709949	5	VSIR
7.96170929149431e-08	-6.1667259946018	0	0.208	0.000954847795328913	5	RELN
8.65304757582966e-08	0.880952067291972	0.78	0.588	0.00103775999576925	5	ECM1
1.18551097693546e-07	1.34164242439278	0.39	0.174	0.0014217833146387	5	HSPA12B
1.25211584713312e-07	1.1502576924345	0.568	0.318	0.00150166253546675	5	CETP
1.680453619402e-07	1.04571339298074	0.602	0.35	0.00201536802574882	5	NOTCH1
1.77321782694752e-07	0.823720344294552	0.627	0.403	0.00212662013985817	5	CD93
1.98860061262355e-07	0.751686160831612	0.831	0.673	0.00238492871471943	5	PPDPF
2.04589989676754e-07	1.60344232550163	0.229	0.08	0.00245364774619331	5	EVA1C
2.07791541079623e-07	1.12865543794929	0.475	0.233	0.00249204395216792	5	DNASE1L3
3.19569102245254e-07	0.952533979252109	0.72	0.476	0.00383259224322733	5	SGK1
4.23490435353436e-07	1.00228396442445	0.678	0.465	0.00507892079119376	5	ADGRL4
4.47662864975234e-07	3.39774109473378	0.085	0.009	0.00536882073964798	5	ALOX12
4.93042450170592e-07	2.11121833597762	0.153	0.04	0.00591305810489592	5	SULT2A1
5.38819431805067e-07	1.00412101268739	0.593	0.396	0.00646206144563817	5	SOX18
6.68684534239243e-07	1.514835139669	0.229	0.083	0.00801953361913123	5	MAP3K5
8.00829494504832e-07	0.664557780738719	0.746	0.515	0.00960434812759646	5	PTGS2
8.2990910598277e-07	-1.57639227344927	0.314	0.557	0.00995309990805135	5	FAM107B
9.66505623364168e-07	0.740209968061981	0.678	0.431	0.0115913019410065	5	ARHGEF9
9.72464799080138e-07	1.90525951002959	0.127	0.032	0.0116627703353681	5	ZNF385D
1.00652938761304e-06	1.05888969680995	0.525	0.354	0.0120713069456432	5	ACVRL1
1.11729524873407e-06	0.661614520678976	0.788	0.631	0.0133997219180677	5	B2M
1.14622491309651e-06	0.975209058908014	0.508	0.301	0.0137466753827665	5	HPSE
1.23075615567283e-06	2.06843346948082	0.203	0.05	0.0147604585749842	5	TRIM16
1.24056660976149e-06	0.669406171877317	0.763	0.614	0.0148781153508696	5	SPTBN1
1.39932112649189e-06	0.606292563585539	0.839	0.674	0.0167820582700172	5	H3-3A
1.68121949583599e-06	0.91345428741021	0.754	0.558	0.020162865413561	5	SH3BGRL3
1.69449229942299e-06	1.01044174672165	0.424	0.219	0.02032204614698	5	ADAM15
1.93787298494959e-06	0.495437768620916	0.966	0.862	0.0232409107085004	5	EIF5A2
2.12204974262993e-06	0.944304381807978	0.542	0.326	0.0254497425633607	5	SHE
3.11633947015503e-06	0.80371796163369	0.576	0.378	0.0373742592655692	5	MXRA7
5.23614561006849e-06	1.22001772273106	0.305	0.136	0.0627970943015514	5	CDC42EP3
5.60581968804946e-06	1.78303125061857	0.178	0.057	0.0672305955187772	5	PKIG
5.71234831885937e-06	1.01639478977603	0.525	0.312	0.0685081933880804	5	SEPTIN6
6.51371316489431e-06	1.28999123933846	0.263	0.117	0.0781189619865775	5	EXTL3
6.70900408234805e-06	0.58794465061625	0.949	0.856	0.0804610859596002	5	DBI
7.53694365705945e-06	0.70367345900529	0.458	0.287	0.0903905652791139	5	PKLR
7.99432261446536e-06	1.37626136732333	0.195	0.073	0.0958759111152831	5	MAP3K20
8.46734974789077e-06	-5.06464756641003	0.042	0.226	0.101548925526454	5	HAPLN3
8.75083887322297e-06	-1.41887972327867	0.331	0.558	0.104948810606563	5	IGFBP1
9.09593664440891e-06	1.27722828741655	0.381	0.184	0.109087568176396	5	LOC138511292
9.63403227498894e-06	1.66838868467745	0.153	0.048	0.115540949073942	5	EDNRA
9.99302729133924e-06	0.983728600855703	0.339	0.162	0.119846376305032	5	MYO1B
1.00281549867967e-05	0.375916314033037	0.992	0.973	0.120267662756653	5	CFL2
1.03073958127446e-05	0.529356739278619	0.966	0.883	0.123616597982246	5	MSN
1.0352842117787e-05	-2.06411726129805	0.068	0.224	0.124161635518619	5	EMID1
1.08881577036102e-05	0.558515657389157	0.771	0.64	0.130581675339397	5	GNGT1
1.13475318619537e-05	1.0661499024957	0.517	0.322	0.136090949620411	5	FBLN2
1.13496777016159e-05	0.767263934760258	0.314	0.181	0.13611668467548	5	DCTN1
1.1437898367942e-05	0.836260027351789	0.559	0.381	0.137174715126729	5	EZR
1.15888308673425e-05	-3.80193125010258	0.017	0.178	0.138984848592039	5	NFIX
1.2385319562475e-05	0.740067954211107	0.644	0.441	0.148537137512762	5	GLUD1
1.35405887232059e-05	-2.58287454132939	0.059	0.233	0.162392280557409	5	CEMIP2
1.66720961213757e-05	-3.23404226274037	0.017	0.168	0.199948448783659	5	PDGFC
1.67654863473292e-05	1.44836716780375	0.229	0.082	0.201068477763519	5	SOX13
1.84821434595369e-05	0.889439801310954	0.458	0.264	0.221656346510226	5	TJP2
1.89469996937611e-05	1.25288527386835	0.263	0.123	0.227231367327277	5	OAZ2
1.93464092277915e-05	-1.58461874613049	0.169	0.355	0.232021485868903	5	ZNF521
2.02366868363687e-05	0.853420578509972	0.5	0.307	0.24269858522857	5	JUND
2.09939941865699e-05	1.48503317252995	0.161	0.052	0.251780972279533	5	NTF4
2.16787039679008e-05	0.760311174118491	0.517	0.326	0.259992696687034	5	PLEKHG5
2.17205241658915e-05	0.730563830724439	0.407	0.235	0.260494246321537	5	HIBADH
2.20933842439564e-05	0.990924102259907	0.322	0.171	0.264965957237769	5	STK17A
2.27909256894499e-05	-0.796247611598999	0.78	0.874	0.273331571793573	5	unassigned-gene-2
2.29516761151393e-05	1.14786793697523	0.28	0.124	0.275259451648866	5	GPM6B
2.4179758836947e-05	-1.68263232173024	0.076	0.232	0.289987847731506	5	AFAP1L1
2.4454132066582e-05	0.569805295253726	0.644	0.466	0.293278405874517	5	EHD2
2.59930499871843e-05	-2.12385934498994	0.059	0.216	0.311734648496302	5	PDE7B
2.68632777801527e-05	-1.23532535540541	0.517	0.65	0.322171290417371	5	LGALS1
2.70819489654255e-05	0.858081955879835	0.449	0.254	0.324793813942348	5	CAV2
3.30909322475665e-05	0.984665111788225	0.178	0.091	0.396859550445065	5	VKORC1
3.41952341008476e-05	-4.1007757318769	0.008	0.152	0.410103442571465	5	PROX1
3.70868862445157e-05	3.91231426756354	0.034	0.002	0.444783026730477	5	LOC138521159
3.70908276586048e-05	4.34527367483965	0.034	0.003	0.444830296109648	5	PTN
3.86557632892051e-05	0.264365053121606	0.992	0.979	0.463598569127436	5	PTMA
3.95342142133472e-05	1.78048905605612	0.195	0.063	0.474133831060674	5	VWA1
3.96101575180346e-05	-3.02432367143903	0.025	0.167	0.475044619113789	5	SRGN
4.03420288904575e-05	-3.74351456387726	0.008	0.136	0.483821952483256	5	PDPN
4.07709272023163e-05	-1.05731208339294	0.169	0.334	0.488965729937379	5	RASA3
4.07754069234213e-05	2.00542367195502	0.119	0.033	0.489019455232592	5	EDN2
4.07754069234213e-05	1.97740929578543	0.119	0.036	0.489019455232592	5	TNFAIP8
4.1716343700043e-05	0.595326913946449	0.771	0.619	0.500304109994615	5	CAVIN1
4.17716546140106e-05	0.596564747605303	0.712	0.514	0.500967453785829	5	TCF4
4.34373557722102e-05	1.19727931346684	0.466	0.304	0.520944207776116	5	FBXL7
4.57035417650436e-05	0.794354637645455	0.466	0.277	0.548122576388168	5	DOCK6
5.10781134990148e-05	0.535471289199031	0.898	0.78	0.612579815193685	5	ANXA5
5.23875954595658e-05	2.98270359545494	0.051	0.007	0.628284432346573	5	C1PH17orf114
5.23875954595658e-05	2.52327197681764	0.051	0.009	0.628284432346573	5	P4HTM
5.28305875875943e-05	0.709533437969183	0.492	0.305	0.633597236938018	5	TANB
5.42941131909136e-05	-4.07731675905291	0.008	0.153	0.651149299498627	5	FGF10
5.64329834998742e-05	-1.3792401782803	0.153	0.311	0.676800771113992	5	ARHGAP27
5.80050714574004e-05	1.36271880929906	0.28	0.117	0.695654821988604	5	EFCAB14
6.39270278981708e-05	1.04324513738999	0.39	0.22	0.766676845582762	5	UPP1
6.6435143469552e-05	-4.3715457864903	0	0.119	0.796756675630337	5	MAFB
6.65215184688677e-05	-1.0654981139756	0.263	0.477	0.79779257099713	5	LYVE1
7.01066476703514e-05	0.470824697434886	0.703	0.524	0.840789025510524	5	AQP1
7.46929577259206e-05	0.704042954471745	0.424	0.265	0.895792642006966	5	FRYL
7.57993042571482e-05	1.11851745080066	0.339	0.192	0.909061055955979	5	ATP13A3
7.81123402316978e-05	0.534738143126264	0.72	0.506	0.936801296398752	5	CD9
7.88975553463168e-05	0.730563830724439	0.542	0.367	0.946218381268378	5	TMED7
0.00360780496987161	4.76031117411849	0.017	0	1	5	KIF5A
0.00360780496987161	4.76031117411849	0.017	0	1	5	CFAP300
0.00360780496987161	4.76031117411849	0.017	0	1	5	LOC138467859
0.00360780496987161	4.76031117411849	0.017	0	1	5	LOC138569433
0.00360780496987161	4.76031117411849	0.017	0	1	5	RXFP1
0.000358644640872967	4.17534867339733	0.025	0.001	1	5	LOC138504712
0.00437632536830531	4.17534867339733	0.025	0.001	1	5	CAPS
0.00292788514632124	3.91231426756354	0.034	0.002	1	5	GRB7
0.00168929849071294	3.76031117411849	0.042	0.003	1	5	FGL1
0.00360780496987161	3.76031117411849	0.017	0.001	1	5	LOC138580759
0.00360780496987161	3.76031117411849	0.017	0.001	1	5	TLR2
0.00360780496987161	3.76031117411849	0.017	0.001	1	5	XRRA1
0.000475125789962543	3.76031117411849	0.059	0.005	1	5	LOC138569646
0.00360784910511236	3.59038617267618	0.017	0.002	1	5	LOC138472210
0.00360784910511236	3.59038617267618	0.017	0.002	1	5	LOC138480836
0.00437632536830531	3.59038617267618	0.025	0.002	1	5	CPXM1
0.000526153806970789	3.4972767682847	0.034	0.002	1	5	CLCN2
0.000258662317507667	3.39774109473378	0.051	0.005	1	5	HEY2
0.00360780496987161	3.17534867339734	0.017	0.001	1	5	LOC138539962
0.00360780496987161	3.17534867339734	0.017	0.002	1	5	PSTPIP2
0.00360780496987161	3.17534867339734	0.017	0.002	1	5	SLC8A3
0.00360780496987161	3.17534867339734	0.017	0.002	1	5	LOC138581918
0.00360780496987161	3.17534867339734	0.017	0.002	1	5	NCKAP1L
0.00292788514632124	2.91231426756354	0.034	0.005	1	5	SHQ1
0.00434817322173221	2.91231426756354	0.025	0.005	1	5	ALDH1A3
0.000151713868366916	2.85342057850997	0.059	0.008	1	5	RPAIN
0.000919275304538099	2.81277859401263	0.051	0.008	1	5	CFAP54
0.00360780496987161	2.76031117411849	0.017	0.003	1	5	ADCY7
0.00360780496987161	2.76031117411849	0.017	0.003	1	5	ADSS1
0.00360780496987161	2.76031117411849	0.017	0.003	1	5	LOC138582177
0.00251902930434923	2.71591705476004	0.051	0.009	1	5	DALRD3
0.00906934860612193	2.67087609053655	0.119	0.038	1	5	SLC26A10P
0.00168929849071294	2.59038617267618	0.042	0.008	1	5	SLC25A32
0.00511205802914066	2.59038617267618	0.042	0.008	1	5	STK36
0.00996854093463578	2.59038617267618	0.034	0.008	1	5	LOC138566491
0.000485817126797857	2.59038617267618	0.059	0.008	1	5	KCNN1
0.00287848261955978	2.4972767682847	0.068	0.014	1	5	ANTXR1
0.000115260535065942	2.46907987645404	0.127	0.028	1	5	CCDC85A
0.00360780496987161	2.43838307923113	0.017	0.004	1	5	TRMO
0.000743136618389366	2.40981392703436	0.076	0.014	1	5	HIP1R
0.00257124153414765	2.39774109473378	0.051	0.01	1	5	FMO2
0.000358644640872967	2.36799375133973	0.025	0.006	1	5	LOC138562812
0.00070208597984527	2.29082589081727	0.076	0.017	1	5	EPHA3
0.000945620556361485	2.28226387731385	0.051	0.01	1	5	PRKAB2
0.000402254492547773	2.17534867339733	0.042	0.01	1	5	GUCD1
0.00292788514632124	2.17534867339733	0.034	0.008	1	5	IAH1
8.46214009104602e-05	2.17534867339733	0.068	0.016	1	5	LOC138510046
0.00251902930434923	2.17534867339733	0.051	0.014	1	5	AQP3
0.00287957581275695	2.17534867339733	0.059	0.016	1	5	CCDC115
0.00304432141312534	2.17534867339733	0.068	0.015	1	5	FABP6
0.00437632536830531	2.17534867339733	0.025	0.007	1	5	TADA2B
0.000324996448124716	2.12472260032737	0.102	0.026	1	5	PCBD2
0.000151713868366916	2.087885832147	0.059	0.015	1	5	BLVRA
0.000485817126797857	2.087885832147	0.059	0.015	1	5	RHBDL3
0.00257124153414765	2.07581299984642	0.051	0.012	1	5	NME6
0.00511205802914066	2.0598714559774	0.042	0.011	1	5	MRPS22
0.000540480671387137	2.05505443967962	0.144	0.043	1	5	PALMD
0.000129617971034469	2.0378451496474	0.076	0.012	1	5	PDE3A
0.000252373843657744	2.02334557995228	0.068	0.018	1	5	DSEL
0.00553789435005659	2.02334557995228	0.068	0.018	1	5	LOC138564982
0.00437632536830531	2.00542367195502	0.025	0.008	1	5	LOC138504147
0.00437632536830531	2.00542367195502	0.025	0.008	1	5	LOC138522106
0.00511205802914066	1.95295625206089	0.042	0.012	1	5	ZNF146
0.00276063011211581	1.91231426756354	0.076	0.022	1	5	PLA2G7
0.00292788514632124	1.91231426756354	0.034	0.009	1	5	LOC138546248
0.000645376800397481	1.88584205620235	0.068	0.019	1	5	PDIK1L
0.00168929849071294	1.85342057850997	0.042	0.012	1	5	ACTL6B
0.00537371303898568	1.85342057850997	0.068	0.023	1	5	CCDC66
0.000919275304538099	1.81277859401263	0.051	0.016	1	5	FLVCR2
0.000223910148226335	1.78455872036517	0.144	0.043	1	5	NCAM1
0.00302938446506625	1.78303125061857	0.059	0.018	1	5	PLXNA3
0.00426337100337336	1.77679929690706	0.085	0.025	1	5	ATRAID
0.000168056562706707	1.76031117411849	0.161	0.05	1	5	NHERF1
0.00360780496987161	1.76031117411849	0.017	0.007	1	5	CIBAR2
0.00332351159069983	1.74650537459346	0.093	0.032	1	5	RNF185
0.000919275304538099	1.73477608201135	0.051	0.017	1	5	V2R26
0.000271164255823679	1.71591705476004	0.169	0.056	1	5	KCTD12
0.00218013751721299	1.71591705476004	0.093	0.029	1	5	ING1
0.00703848058902046	1.68058398164776	0.085	0.026	1	5	TMEM150C
0.00064099462925346	1.67784901392652	0.127	0.042	1	5	WBP2
0.000339543120042336	1.66633502590948	0.102	0.034	1	5	HDDC2
0.00920596172208108	1.65597451430375	0.102	0.037	1	5	EML6
0.00567447521835535	1.64483395669855	0.068	0.023	1	5	CEP78
0.00962236071727783	1.64483395669855	0.068	0.023	1	5	MAT1A
0.00132518085213884	1.59038617267618	0.085	0.033	1	5	PLCD3
0.00332351159069983	1.59038617267618	0.093	0.038	1	5	TOP3B
0.00809858490742652	1.59038617267618	0.076	0.027	1	5	LOC138567557
0.0014563621566499	1.59038617267618	0.068	0.024	1	5	LOC138491664
0.0082713207638687	1.59038617267618	0.093	0.033	1	5	CNEP1R1
0.00984058259513952	1.59038617267618	0.068	0.023	1	5	CANT1
0.000444091154399578	1.57543583121021	0.203	0.086	1	5	PIK3CB
0.000225904953631963	1.56237179650658	0.136	0.044	1	5	TSEN2
0.000389247761935859	1.56063882928213	0.127	0.045	1	5	CYB5D2
0.000175390512492965	1.55643884075284	0.11	0.038	1	5	LOC138492443
0.00178200265446014	1.55386029665106	0.102	0.036	1	5	BHLHE40
0.00346379669253369	1.55085780848954	0.093	0.033	1	5	CSDC2
0.000400776914297524	1.52327197681764	0.186	0.076	1	5	AMOTL2
0.000402254492547773	1.51238366067491	0.042	0.017	1	5	ALKBH2
0.00346379669253369	1.51238366067491	0.093	0.035	1	5	TRPM4
0.00374349123772757	1.49085049912526	0.11	0.038	1	5	CACHD1
0.0056775955155898	1.49085049912526	0.11	0.038	1	5	PEX2
0.000902305174558427	1.47490895525624	0.051	0.023	1	5	SNAP47
0.00366950633530798	1.47490895525624	0.093	0.034	1	5	NRF1
0.00668816355635035	1.46485529059232	0.085	0.032	1	5	PDCL
0.000278968539995038	1.45288264892624	0.144	0.055	1	5	ADGRG1
0.00149971313113404	1.45288264892624	0.068	0.025	1	5	PRICKLE2
0.00360780496987161	1.43838307923113	0.017	0.008	1	5	ULK3
0.000175599102570805	1.43838307923113	0.093	0.036	1	5	SCO1
0.00465715444251108	1.43838307923113	0.136	0.055	1	5	SMIM11
0.00553789435005659	1.43838307923113	0.068	0.027	1	5	SPC25
0.00962236071727783	1.43838307923113	0.068	0.026	1	5	ERICH6
0.00426337100337336	1.42532692640568	0.085	0.033	1	5	TRIM59
0.00848636823213972	1.40275916950041	0.093	0.037	1	5	IFT22
0.00600914950635942	1.36799375133973	0.059	0.025	1	5	LRP11
0.000115712022528694	1.36799375133973	0.161	0.063	1	5	SNX19
0.00101579216608034	1.35821273054714	0.153	0.064	1	5	BAMBI
0.00139021774439564	1.35821273054714	0.153	0.065	1	5	OLFML2A
0.00439787098892991	1.35222643548141	0.102	0.042	1	5	CLIP4
9.59370258409773e-05	1.32735176684238	0.178	0.077	1	5	FDPS
0.0027475192859472	1.31736767826976	0.119	0.051	1	5	AEBP2
0.000233308451209968	1.31552633144559	0.186	0.086	1	5	B3GNT5
0.00962694133082179	1.31027825348344	0.102	0.042	1	5	PLCL1
0.00124596814236241	1.28951969331665	0.169	0.076	1	5	PTGR3
0.00809858490742652	1.28782340265575	0.076	0.033	1	5	EMG1
0.00687057465563857	1.28782340265575	0.153	0.068	1	5	USP28
0.00628723205482727	1.26554648236891	0.203	0.097	1	5	GADD45B
0.00151413505232784	1.25596713360562	0.169	0.079	1	5	LPAR6
0.00520393265963217	1.25478314089174	0.11	0.048	1	5	GLTP
0.00496444361930696	1.23674921806148	0.136	0.061	1	5	MAP2K3
0.00522926863707549	1.2319322017637	0.093	0.046	1	5	LRP12
0.00614168917561351	1.22781609329147	0.051	0.023	1	5	CCDC172
0.000263588901682387	1.22115236301046	0.288	0.131	1	5	DYNLL2
0.00486643087932925	1.21187454942245	0.076	0.033	1	5	CYREN
0.00190341874867527	1.20956438873525	0.22	0.094	1	5	EPS8
0.00121145391042178	1.18984824309245	0.178	0.084	1	5	SDC2
0.00981739181454025	1.18928786435521	0.186	0.085	1	5	PBXIP1
0.00091115888444002	1.17534867339733	0.11	0.052	1	5	THUMPD3
0.00296810685858757	1.17534867339733	0.229	0.121	1	5	GPR146
0.00400735374476035	1.15544911595963	0.237	0.116	1	5	DDIT4
0.00703848058902046	1.14292719570496	0.085	0.039	1	5	PCF11
0.00480864723761748	1.1358203092107	0.136	0.067	1	5	TYK2
0.00572924827149205	1.1358203092107	0.144	0.065	1	5	MYO1D
0.000180535237947214	1.11645498434377	0.144	0.065	1	5	SCML2
0.00486773908619747	1.10925948293956	0.127	0.057	1	5	TTC9
0.00212452993180697	1.09734616139606	0.127	0.066	1	5	NEDD9
0.00672515099790583	1.09442867801377	0.195	0.094	1	5	ADA
0.000322239533456241	1.08474612461643	0.212	0.102	1	5	TBL2
0.00102440132464053	1.08019144035699	0.178	0.085	1	5	SKIC8
9.05746959181087e-05	1.07731659043681	0.263	0.113	1	5	TSPAN2
9.95685532739113e-05	1.06605003090652	0.356	0.187	1	5	EPB41
0.00308531952237899	1.0378451496474	0.178	0.092	1	5	LOC138580619
0.00128732153053011	1.03095876406216	0.144	0.075	1	5	SDHAF1
0.00374348841755007	1.02850728506806	0.11	0.055	1	5	CNOT8
0.00385942828077137	1.02850728506806	0.161	0.086	1	5	VPS25
0.000725131250397107	1.02478899682195	0.195	0.102	1	5	CHMP2A
0.000140695685213845	1.01615007854808	0.415	0.225	1	5	PTPRK
0.00656162532022944	1.00542367195502	0.127	0.066	1	5	MRPL46
0.000265701533681221	0.977409295785425	0.356	0.189	1	5	DLC1
0.00324447828592191	0.968897795929908	0.178	0.097	1	5	CACNB2
0.000134294743868868	0.962354950063136	0.305	0.154	1	5	SNAI2
0.00263340040799046	0.960335782426484	0.11	0.051	1	5	G0S2
0.00308125876517848	0.956514071474076	0.229	0.119	1	5	SELENOI
0.00362082067191344	0.952956252060887	0.178	0.1	1	5	C8H10orf143
0.000861853126118012	0.952956252060886	0.22	0.126	1	5	PIK3C2B
0.000276437799028867	0.95017381138956	0.263	0.149	1	5	EXOC5
0.000205308996773945	0.941728996637632	0.381	0.235	1	5	COQ10B
0.00837859660881323	0.929872638947846	0.22	0.13	1	5	FAM110D
0.00270529353076383	0.929369431743271	0.28	0.153	1	5	LOC138567585
0.00744097478590084	0.925656395157683	0.347	0.248	1	5	IGF2
0.00286184383380483	0.919008920137549	0.144	0.077	1	5	XKR8
0.00440080912156698	0.917960830704683	0.229	0.122	1	5	LOXL2
0.00561353099733898	0.914821123174116	0.195	0.102	1	5	BLVRB
0.00173507332976911	0.914388595801399	0.22	0.123	1	5	SDHAF4
0.00204610862228219	0.910376463322048	0.237	0.125	1	5	TEC
0.000891867574712577	0.909068608059887	0.288	0.15	1	5	PYGL
0.000402324831663799	0.906859837471433	0.381	0.212	1	5	LAMA5
0.00920658031238171	0.88584205620235	0.144	0.081	1	5	ZBTB39
0.0072613236523125	0.87766812475665	0.254	0.158	1	5	ADH5
0.00382535691910765	0.866020615289606	0.169	0.091	1	5	MYLK
0.00204754839666241	0.853420578509972	0.28	0.177	1	5	FILIP1L
0.000437128282918834	0.848367350783687	0.381	0.23	1	5	TOX2
0.00107085516499695	0.848367350783687	0.339	0.195	1	5	TCIM
0.00760903624572022	0.846041048144375	0.28	0.163	1	5	AOC3
0.00010140423664429	0.839065285532902	0.424	0.256	1	5	CCDC43
0.00934492321635801	0.834311755562268	0.288	0.183	1	5	EMP2
0.00351374917550056	0.834311755562267	0.237	0.128	1	5	LOC138471647
0.000189137159037797	0.830520176399894	0.381	0.206	1	5	TMBIM4
0.00353527712125456	0.830520176399893	0.203	0.111	1	5	SDR9C7
0.000150238023503514	0.824565715837787	0.542	0.359	1	5	ROBO4
0.00469624300752354	0.810776241101479	0.28	0.172	1	5	GHITM
0.00358096581340281	0.807977607748805	0.195	0.101	1	5	EPO
0.0023787729942435	0.800713528179128	0.314	0.195	1	5	PEDS1
0.00453724996893712	0.798972794487596	0.212	0.116	1	5	SELENBP1
0.00194184576619365	0.793142566585863	0.441	0.302	1	5	BTG2
0.000696671651450046	0.789526961911346	0.381	0.241	1	5	ATP1A1
0.000185463451223362	0.789290241090257	0.322	0.187	1	5	CRIP2
0.000164429334588237	0.788066840515873	0.508	0.295	1	5	LDB2
0.000393659937701237	0.778995737383418	0.424	0.263	1	5	PTGIS
0.00216577368564658	0.777471725276674	0.28	0.154	1	5	CH25H
0.00964589947662286	0.775418066508699	0.263	0.163	1	5	ITPRID2
0.00157948412534704	0.769356313721498	0.246	0.142	1	5	IST1
0.000163724292370263	0.768322987875086	0.458	0.268	1	5	RBMS3
0.00202160628382085	0.768173291891461	0.186	0.104	1	5	LOC138450108
0.00838105906137421	0.767263934760258	0.212	0.12	1	5	LOC138539772
0.00370500426505353	0.765329248885116	0.356	0.243	1	5	RNF10
0.00656107428796632	0.765064704089125	0.28	0.173	1	5	TMBIM1
0.00780373947838862	0.765064704089125	0.153	0.09	1	5	BCL7A
9.68073584371945e-05	0.753884904959058	0.475	0.291	1	5	AZIN1
0.00141382179834204	0.753115672714287	0.559	0.423	1	5	PKM
0.000105283818968021	0.748067578363743	0.441	0.282	1	5	PYCARD
0.00584827328592631	0.745360832652519	0.271	0.166	1	5	DEGS1
0.00819853462209555	0.742389266121228	0.119	0.074	1	5	SLU7
0.000395918672429681	0.736775659657702	0.466	0.263	1	5	SLC12A2
0.0014874675010539	0.736381157319753	0.432	0.281	1	5	CD200
0.00178218425679432	0.728906036757606	0.458	0.308	1	5	SF3B6
0.000255862330174411	0.728665547502026	0.441	0.275	1	5	POLR2J
0.00429834125008781	0.726041272033745	0.203	0.125	1	5	CLPX
0.000617243654572164	0.723221855383271	0.475	0.306	1	5	TNFAIP8L1
0.000622515339409633	0.722985638429671	0.492	0.303	1	5	GALNT18
0.00312229020053038	0.705321939520838	0.271	0.181	1	5	LEPROT
0.00065913888401887	0.701417485064923	0.449	0.278	1	5	TMOD3
0.00132920505468995	0.699199659815104	0.322	0.184	1	5	ARGLU1
0.000556790850587347	0.698026895864148	0.525	0.375	1	5	PREX2
0.00628382506566391	0.689921846227093	0.229	0.147	1	5	WDR83OS
0.00733290413425337	0.689921846227092	0.203	0.124	1	5	MINPP1
0.00088797895086092	0.687683374031093	0.347	0.222	1	5	SDCBP
0.00267907583987614	0.686246188083694	0.475	0.296	1	5	PAM
0.00546211794322948	0.678333871951881	0.246	0.15	1	5	UBR7
0.000169915532145345	0.672848332868151	0.424	0.281	1	5	PFDN4
0.00127437416453921	0.672848332868151	0.093	0.061	1	5	NXF1
0.00118496159722171	0.671636493199343	0.458	0.309	1	5	IQGAP1
0.00897376142320682	0.671004632884463	0.585	0.433	1	5	FOS
0.000108459949069296	0.669241593387418	0.602	0.399	1	5	PPP2CA
0.00723026152233249	0.666920020865477	0.407	0.311	1	5	ADAMTS1
0.00197892261203822	0.665793575334201	0.271	0.175	1	5	COPS5
0.0082596717943154	0.665487627916898	0.347	0.219	1	5	EIF4EBP2
0.00779484990615907	0.664386754119955	0.288	0.172	1	5	MYO1E
0.00290118901063433	0.663702850319099	0.263	0.187	1	5	SMIM15
0.000432215754657572	0.659002784750568	0.364	0.235	1	5	MECOM
0.000212311862674012	0.658917554346994	0.576	0.399	1	5	NAA50
0.00466625244141634	0.654516510095894	0.424	0.293	1	5	ASS1
0.00502712745865958	0.651786717340322	0.186	0.103	1	5	SOCS1
0.000186914443787928	0.647417117712557	0.542	0.345	1	5	XYLT1
0.00207780499516016	0.647417117712557	0.314	0.201	1	5	UBL3
0.00605806955884456	0.646569008069303	0.347	0.233	1	5	LBHD2
0.00740186807673669	0.644833956698555	0.305	0.216	1	5	UBE2A
0.00769734350914427	0.643202871119627	0.373	0.249	1	5	SPCS1
0.00238596306408865	0.640759695191298	0.449	0.292	1	5	SLCO3A1
0.000582628088077723	0.636609189436824	0.568	0.423	1	5	SSR1
0.00224820999623791	0.636482587265633	0.381	0.257	1	5	NOVA2
0.000590326819889987	0.625151590836855	0.5	0.327	1	5	PFDN5
0.00256604823692771	0.621750343585514	0.237	0.158	1	5	AARS1
9.14287900420901e-05	0.614232914630546	0.449	0.298	1	5	METAP2
0.000880834510630963	0.613629173188254	0.492	0.334	1	5	SELENOT
0.000233695170000361	0.612412479006177	0.466	0.308	1	5	RWDD1
0.00629399988423724	0.610996452351464	0.331	0.23	1	5	SPTAN1
0.000864581398593529	0.604271698931128	0.559	0.383	1	5	LOC138527383
0.00133460929975836	0.603097224425732	0.5	0.326	1	5	UTRN
0.00357416077945162	0.602679448867608	0.712	0.626	1	5	STMN1
0.00294767139355049	0.595511204854046	0.356	0.227	1	5	SMARCE1
0.00252963401786476	0.590386172676178	0.381	0.252	1	5	NDUFA11
0.00033381648468748	0.587492099406999	0.576	0.377	1	5	ANXA3
0.000839482644946683	0.587140513172524	0.483	0.346	1	5	KRAS
0.00245269485391716	0.576310987464455	0.542	0.377	1	5	LSM5
0.00993754048605273	0.575119416022868	0.356	0.241	1	5	SMNDC1
0.00257778649011164	0.574444628807157	0.475	0.344	1	5	GCA
0.00859995659831799	0.573312659317237	0.11	0.067	1	5	MERTK
0.00192858109025042	0.571748631683628	0.585	0.452	1	5	JUNB
0.00466588286805774	0.567666096176095	0.169	0.114	1	5	LYAR
0.00358585035716459	0.564623076611097	0.28	0.2	1	5	POLR2I
0.000118336116743762	0.564354882785684	0.686	0.477	1	5	SERBP1
0.00941378224818188	0.561817020479408	0.373	0.25	1	5	HIF1A
0.00427093289108433	0.56109186588214	0.458	0.311	1	5	PPP2CB
0.000491654305354733	0.559884084278834	0.492	0.361	1	5	SYPL1
0.00534961151409926	0.555897796290888	0.415	0.294	1	5	MPC1
0.00119760334195729	0.555339225576978	0.432	0.277	1	5	FOSL2
0.0025460743373809	0.554406875570612	0.449	0.328	1	5	CAST
0.00502722042713841	0.544582483063054	0.432	0.308	1	5	ELOB
0.000898979820661126	0.539311988081909	0.525	0.357	1	5	NDUFB3
0.00269208916399455	0.537918752782043	0.441	0.31	1	5	MTURN
0.00211480236847667	0.53552423764166	0.517	0.405	1	5	BRK1
0.00410156450088817	0.532380569240613	0.364	0.251	1	5	RAPGEF5
0.00395607957976479	0.528458423532976	0.305	0.187	1	5	CNN3
0.000115248270528559	0.525221126009722	0.61	0.436	1	5	CNIH1
0.00109731813970574	0.525094712424459	0.534	0.347	1	5	PHF11
0.00900782392943986	0.523271976817641	0.373	0.274	1	5	MMP2
0.00948816998656847	0.523271976817641	0.314	0.215	1	5	RBM12
0.00963113725668763	0.523271976817641	0.424	0.283	1	5	TALDO1
0.00671742027555837	0.521344528246527	0.432	0.299	1	5	CSRNP1
0.00490320499658921	0.519464386745561	0.322	0.227	1	5	GNG10
0.00818176523425532	0.517371375377957	0.415	0.297	1	5	LOC138472955
0.00538045948790468	0.516857137254213	0.381	0.262	1	5	VBP1
0.0038134706944812	0.515839219311124	0.525	0.396	1	5	ATP2A2
0.00470671926885714	0.515098045371941	0.407	0.279	1	5	RTN3
0.00727963404059929	0.503971420858705	0.339	0.22	1	5	VEGFC
0.00196569721482037	0.503345604234617	0.432	0.307	1	5	ZFP36L1
0.00158516089413953	0.501576905718323	0.695	0.572	1	5	BZW1
0.0015877293154096	0.499274500024481	0.805	0.746	1	5	TPM3
0.000582210059345133	0.499011819655444	0.712	0.533	1	5	FKBP1A
0.00518359179571105	0.498989843935281	0.483	0.379	1	5	LOC138570017
0.00906644849768464	0.497276768284697	0.669	0.534	1	5	HNRNPDL
0.00482534131406773	0.495868573891889	0.424	0.315	1	5	CD151
0.00503188075054859	0.492775376049756	0.381	0.265	1	5	ARPC1A
0.00238742423433537	0.490850499125264	0.466	0.295	1	5	RASGRP3
0.00695223088268561	0.488602434718864	0.424	0.285	1	5	NMRK2
0.00121077858008345	0.487549136035013	0.568	0.419	1	5	BSG
0.00170207810895133	0.486763541602021	0.542	0.408	1	5	PDLIM4
0.00775871079260036	0.484344535265854	0.39	0.278	1	5	B3GNT2
0.0094001349581217	0.484186768844253	0.178	0.129	1	5	URGCP
0.00184317942968801	0.483256297969762	0.508	0.367	1	5	ATP1B1
0.00587325245806952	0.469229046183888	0.534	0.375	1	5	CMPK1
0.000331079721477884	0.467041120590539	0.856	0.689	1	5	PFN2
0.00104792278297246	0.466548333359542	0.805	0.708	1	5	MYH9
0.00720827588110326	0.461652858553975	0.602	0.462	1	5	PPP1CB
0.000992583537145906	0.458560961168759	0.398	0.28	1	5	DCUN1D5
0.00885868618687157	0.45186630859475	0.339	0.231	1	5	SMARCAD1
0.00386469131418645	0.450455911531704	0.407	0.284	1	5	RBM8A
0.00760253845516533	0.444955733154614	0.263	0.185	1	5	MAP1LC3B
0.00149325137635291	0.443332295202862	0.568	0.417	1	5	LOC138582805
0.000526417892946689	0.440797632164428	0.873	0.76	1	5	COX7A2
0.00924142279742584	0.438383079231129	0.593	0.47	1	5	ATP5PD
0.00938956378467822	0.436815784084168	0.763	0.651	1	5	PCBP2
0.00325886976534609	0.434896903452881	0.746	0.642	1	5	HSBP1
0.00554945415729514	0.434266970758896	0.61	0.481	1	5	ARHGDIB
0.00151534255455611	0.430144517184704	0.78	0.671	1	5	LIFR
0.00202436375328525	0.426761159589604	0.364	0.233	1	5	SELP
0.00112712986491394	0.4261196595653	0.864	0.77	1	5	RHOA
0.00109175248075598	0.418034433839326	0.78	0.632	1	5	RSL24D1
0.006593129628105	0.41685975203703	0.712	0.556	1	5	LOC138515939
0.00805362989268196	0.412847987123991	0.432	0.34	1	5	CLEC2B
0.000719957957311111	0.405468456758393	0.78	0.619	1	5	YBX3
0.00572002822160704	0.404830519520102	0.627	0.507	1	5	NDUFB1
0.00919180208808925	0.404574108777245	0.822	0.68	1	5	SSR3
0.00570215447307606	0.403355694231208	0.424	0.322	1	5	SNU13
0.000243318714855639	0.395181762785508	0.924	0.824	1	5	MYL12B
0.001785964186146	0.393041169381417	0.576	0.418	1	5	CAPZA2
0.00723659007613774	0.386662962783801	0.619	0.482	1	5	SUMO3
0.00516337030114759	0.385271742771566	0.432	0.327	1	5	ARL1
0.00423789294059188	0.383153558510736	0.314	0.235	1	5	TIA1
0.00515581805918168	0.37708162416769	0.763	0.637	1	5	APP
0.00910871672657189	0.374382079302278	0.763	0.685	1	5	NDUFA4
0.00336418352746813	0.369580002231682	0.898	0.78	1	5	SRI
0.0040691002243442	0.365692801823457	0.788	0.63	1	5	UQCRH
0.00819672402951281	0.358314806822766	0.788	0.657	1	5	ATP5MF
0.00119278335142611	0.356846020090981	0.729	0.59	1	5	CD2
0.000982376496697441	0.346683245094318	0.873	0.755	1	5	NAP1L1
0.0034447410326084	0.342458659232593	0.483	0.341	1	5	PSMB4
0.00255924923516493	0.337146768118633	0.983	0.946	1	5	RPL7
0.00576858972143532	0.333969645606892	0.966	0.882	1	5	SLC25A5
0.00414651585714836	0.332734963539288	0.746	0.607	1	5	PECAM1
0.00990332334004193	0.32718409933788	0.771	0.574	1	5	RAMP3
0.00049865244944813	0.324908950641239	0.958	0.865	1	5	GAPDH
0.00200598187889697	0.321589791440886	0.636	0.501	1	5	SSUH2
0.00890111849731301	0.314161687970671	0.669	0.559	1	5	ZNF706
0.000199177162866334	0.312459557208247	1	0.954	1	5	YWHAQ
0.00773092192504961	0.309812680251201	0.797	0.747	1	5	PRMT1
0.00379161783152023	0.30901844111328	0.78	0.703	1	5	HNRNPH1
0.0077166434595311	0.308790171824034	0.873	0.796	1	5	EIF4A1
0.00632747260566717	0.307628675069494	0.847	0.729	1	5	YWHAE
0.00193664197968118	0.299191205328424	0.941	0.876	1	5	RPL22
0.00402031435120777	0.297064581797027	0.915	0.847	1	5	NACA
0.00511403493491507	0.290825890817271	0.669	0.544	1	5	NUCKS1
0.0036410020060352	0.266576710374765	1	0.996	1	5	FKBP2
0.00973495696305062	0.262936986393181	0.966	0.86	1	5	KRT8
0.00944552599149088	0.259946577933299	0.754	0.672	1	5	EIF2S2
0.000387047401662759	0.219262540325289	1	0.997	1	5	CIRP
0.00186429012015301	0.218565700169221	0.958	0.937	1	5	RPS20
0.00661968039175157	0.205637295475106	0.992	0.939	1	5	RPL27
0.00875767789645583	0.199494760729037	1	0.97	1	5	TPT1
0.00833130788218886	0.198512343576249	0.983	0.966	1	5	FAU
0.00743612608926247	0.190209182892078	0.992	0.975	1	5	RPL23
0.00451223213539072	0.154374314425022	1	1	1	5	CIRBP
0.0096199235887804	-0.330807317917444	0.992	0.98	1	5	VIM
0.00955212847799277	-0.345165119596979	0.619	0.649	1	5	ELK3
0.00342440023974541	-0.368094557885555	0.898	0.881	1	5	PFN1
0.00243784808743283	-0.472261374115559	0.932	0.949	1	5	S100G
0.00355280474394096	-0.504771060364162	0.475	0.587	1	5	GASK1B
0.000848247067795181	-0.51352615757648	1	0.999	1	5	unassigned-gene-4
0.00298689426996169	-0.519796745074244	0.661	0.735	1	5	CAPG
0.000946342721720549	-0.596595040407839	0.525	0.659	1	5	FLI1
0.00504528882442695	-0.662135914844657	0.28	0.392	1	5	RAPGEF6
0.00562175825269509	-0.669480954078932	0.237	0.375	1	5	PPP1R12A
0.00102961539534552	-0.725422315831286	0.415	0.515	1	5	NRK
0.0050050227199362	-0.755891783626933	0.314	0.432	1	5	DGKZ
0.00161158689617239	-0.801082855464261	0.186	0.318	1	5	SLC12A6
0.000610937896440242	-0.806503979892406	0.195	0.326	1	5	RFTN1
0.00149403799921268	-0.821642576730327	0.229	0.359	1	5	AP1B1
0.000759245751262667	-0.824651326602665	0.127	0.246	1	5	PEAK1
0.00332503177064154	-0.83881865852926	0.153	0.25	1	5	GIGYF1
0.00144340080653702	-0.85255732317255	0.203	0.343	1	5	CYLD
0.00134656155272689	-0.852848218433318	0.288	0.391	1	5	SMAD1
0.000477165323494215	-0.857595425217581	0.314	0.446	1	5	SIK3
0.00204201611580276	-0.876972361732748	0.169	0.3	1	5	ERLIN2
0.00318944053810759	-0.888154268908824	0.186	0.306	1	5	GALNT1
0.00343088850265109	-0.897279126690063	0.314	0.458	1	5	TSPAN14
0.00145974340033084	-0.918627474811679	0.186	0.317	1	5	DAB2
0.00292360634009695	-0.929566336812354	0.212	0.353	1	5	SERPING1
0.00779004956148676	-0.968697696219373	0.178	0.309	1	5	MICAL3
0.00249742482682728	-0.989853917802574	0.11	0.246	1	5	PDS5B
0.00571576371692633	-0.994576328044977	0.085	0.168	1	5	LENG8
0.00645945189092191	-0.994576328044978	0.059	0.142	1	5	PPIP5K2
0.00709065161976447	-1.00329354514609	0.331	0.46	1	5	STAB1
0.00106703270561444	-1.00685465782341	0.161	0.319	1	5	SLC22A23
0.00136314298771995	-1.00832948311231	0.212	0.354	1	5	ADD1
0.00424888704608133	-1.01164984140392	0.102	0.198	1	5	RNF38
0.00482819995339583	-1.02432367143903	0.051	0.162	1	5	APLN
0.000531969118910719	-1.03670180371765	0.195	0.376	1	5	LRRC32
0.000172718506720882	-1.0399416322539	0.28	0.454	1	5	ERG
0.00015209233209251	-1.04015736235387	0.229	0.404	1	5	EXOC3L2
0.00536054612615213	-1.04704374793911	0.153	0.275	1	5	LOC138473015
0.00261645432318086	-1.06565942610646	0.076	0.159	1	5	MAST3
0.00574150250044992	-1.08999589312366	0.085	0.202	1	5	PLSCR3
0.00901090935673559	-1.10149153196149	0.093	0.201	1	5	SH3BP2
0.0055230869494323	-1.10263607390243	0.068	0.165	1	5	SLC12A9
0.000226360979445164	-1.1047592457954	0.153	0.308	1	5	MYCBP2
0.00352580736518604	-1.11005354546491	0.136	0.25	1	5	ST8SIA4
0.00774421496672141	-1.12677094040985	0.068	0.174	1	5	UAP1L1
0.000966767753872369	-1.1751485736868	0.161	0.296	1	5	GNAL
0.00119840678644064	-1.19388513626838	0.085	0.215	1	5	SMC3
0.00838526790402092	-1.19388513626838	0.068	0.156	1	5	SEC24A
0.00438811132727814	-1.22979278973901	0.127	0.249	1	5	EPB41L2
0.00282558186240364	-1.23703437243553	0.11	0.231	1	5	SEMA7A
0.00288404671231153	-1.23968882588151	0.068	0.166	1	5	MYO1A
0.00466383850893713	-1.26759482245139	0.212	0.356	1	5	ADD3
0.00655472444543871	-1.30269862340731	0.051	0.123	1	5	NR5A2
0.00331748947301886	-1.33017935982942	0.051	0.131	1	5	KREMEN1
0.0065661831419979	-1.34821328265968	0.051	0.151	1	5	PDE3B
0.00103898931781426	-1.35447227313136	0.059	0.171	1	5	CMKLR2
0.00961348669864965	-1.35714640742969	0.042	0.135	1	5	NCAPH
0.00050273785425218	-1.38536628107714	0.068	0.198	1	5	CORO1C
0.0065927701950053	-1.38536628107714	0.025	0.103	1	5	INCENP
0.00106724487483422	-1.42050214346656	0.085	0.215	1	5	IGF2R
0.00971884651421925	-1.44914219151046	0.093	0.193	1	5	TRBC2
0.00942893200564948	-1.46850751637739	0.017	0.066	1	5	DTD1
0.0098429271859052	-1.49707666857416	0.059	0.134	1	5	EMILIN1
0.00804613918816868	-1.50987795079725	0.085	0.205	1	5	ANGPT2
0.00705072477759721	-1.51581323115575	0.034	0.126	1	5	ROBO3
0.000211872217224005	-1.52509104474376	0.102	0.249	1	5	HAPLN1
0.00011167756972836	-1.53062922828519	0.144	0.303	1	5	HYAL2
0.00962424187367133	-1.53614623325275	0.034	0.11	1	5	MIS18BP1
0.00214781244564124	-1.55257178116586	0.017	0.092	1	5	TTK
0.00459937904499484	-1.55257178116586	0.025	0.096	1	5	OCIAD1
0.000159601639573856	-1.58922138216347	0.085	0.237	1	5	RASGRP2
0.00746418918864428	-1.60601104012733	0.076	0.164	1	5	FGL2
0.00600156157646839	-1.64056826216369	0.034	0.132	1	5	SMTN
0.00239708471436363	-1.6422745841141	0.034	0.113	1	5	LEF1
0.00427619797854145	-1.65247035121999	0.034	0.12	1	5	CSPP1
0.00309924080677783	-1.65754134076741	0.059	0.176	1	5	OSBPL5
0.00473632261995904	-1.66259456849369	0.034	0.114	1	5	ABCA1
0.00618119484261813	-1.68263232173024	0.017	0.08	1	5	IFFO1
9.58686356786136e-05	-1.70729437596451	0.169	0.323	1	5	IQSEC1
0.0033202901828083	-1.70729437596451	0.017	0.102	1	5	CEACAM4
0.00455670131549618	-1.70729437596451	0.025	0.104	1	5	TCIRG1
0.00697133298939706	-1.71946908991061	0.025	0.104	1	5	EEF2KMT
0.00614126592186135	-1.7474834660802	0.017	0.078	1	5	APEH
0.00255421094124507	-1.79427767755915	0.042	0.159	1	5	LAMA4
0.0015264382635498	-1.84903548522962	0.085	0.211	1	5	EXOC6
0.00975887892374631	-1.86904544596112	0.068	0.173	1	5	GPNMB
0.00434744757863611	-1.87993376210386	0.017	0.108	1	5	ARHGAP26
0.000108993227228952	-1.89611368915929	0.059	0.199	1	5	FLRT2
0.00223856421678857	-1.91211416785301	0.025	0.119	1	5	MTOR
0.00449255414549191	-1.99457632804498	0.025	0.11	1	5	SLC9A9
0.000549689154348348	-2.00256911879851	0.034	0.139	1	5	ASAP3
0.00903268423051151	-2.05347001709855	0.025	0.111	1	5	ITGB3
0.00357897015240109	-2.06705714273896	0.373	0.475	1	5	CTSL
0.00188476434875189	-2.11005354546491	0.025	0.117	1	5	ADAMTSL3
0.00703949207468263	-2.12233187524335	0.042	0.138	1	5	ENPP2
0.000153922667894971	-2.1704261634444	0.068	0.221	1	5	FLT4
0.00301340088425935	-2.18805605746619	0.042	0.146	1	5	SLC7A8
0.000126223181731609	-2.23902567025462	0.136	0.297	1	5	NRP2
0.00433110508572484	-2.28408294523996	0.008	0.077	1	5	ZNF703
0.00322440933410184	-2.31650442293234	0.025	0.12	1	5	AHRR
0.00670657969391261	-2.33244596680136	0.008	0.082	1	5	B3GLCT
0.00772185068697136	-2.33244596680136	0.008	0.072	1	5	RIPOR2
0.00124908358175508	-2.34821328265968	0.034	0.134	1	5	GAS7
0.00386829839468425	-2.3792401782803	0.017	0.099	1	5	DOCK5
0.000553894981547603	-2.46850751637739	0.008	0.089	1	5	MARCHF8
0.00495524354172359	-2.51115185378588	0.008	0.083	1	5	NCAPD2
0.00499800389678883	-2.55257178116586	0.008	0.086	1	5	PRR5L
0.00644002787868064	-2.55257178116586	0	0.044	1	5	NECTIN1
0.000128378902833465	-2.64056826216369	0.017	0.129	1	5	HHIP
0.000664232171538858	-2.66385511469961	0.025	0.146	1	5	VEGFA
0.00242059254412692	-2.68263232173024	0.008	0.092	1	5	SLCO2B1
0.00218863427866738	-2.69912044451881	0.017	0.117	1	5	SNCA
0.00241312841401341	-2.70729437596451	0.008	0.098	1	5	BMP1
0.00859210812011588	-2.75538866416555	0	0.054	1	5	MAPK14
0.00180135187356274	-2.77884763698954	0.008	0.098	1	5	UCK2
0.000865069672850039	-2.80193125010258	0.008	0.107	1	5	RECQL5
0.000740794610960302	-2.86904544596112	0.008	0.102	1	5	SEMA5B
0.0013450739459089	-2.86904544596112	0.008	0.113	1	5	LAYN
0.00993321074717342	-2.86904544596112	0	0.053	1	5	POU6F2
0.00644005711428592	-2.89074051706044	0	0.053	1	5	STK33
0.00557310163099319	-2.93317578338083	0	0.048	1	5	TC2N
0.00644307363651483	-2.99457632804498	0	0.053	1	5	ARHGEF25
0.000487335105894098	-3.01447588548268	0.017	0.128	1	5	SEMA3A
0.000855158085841875	-3.05347001709855	0.008	0.1	1	5	PLCE1
0.00312248965388567	-3.18220333122075	0	0.065	1	5	CXADR
0.0036109457721747	-3.18220333122075	0	0.065	1	5	DPP4
0.00744149112951163	-3.21696874938143	0	0.068	1	5	MYO7A
0.00312132776596484	-3.33244596680136	0	0.079	1	5	NCAPD3
0.00482246704429711	-3.40961382732382	0	0.078	1	5	COL13A1
0.00819128774543955	-3.4215864689899	0.025	0.102	1	5	ESM1
0.00644757789912305	-3.61906719295277	0	0.076	1	5	GALR1
0.000541806897431167	-4.01447588548268	0	0.096	1	5	PGF
0.000105738914293871	-5.43198164035228	0	0.115	1	5	STAB2
1.27927998221518e-18	1.17784256277914	0.905	0.541	1.53424048267066e-14	6	INSR
2.95043043675503e-18	1.41694306440818	0.695	0.317	3.53845122280031e-14	6	PCDH1
9.55606230768314e-17	1.24669720024611	0.819	0.466	1.14605855256044e-12	6	COL4A1
5.86536053492946e-16	1.20248370593626	0.705	0.319	7.0343268895409e-12	6	PDGFD
1.21197612562204e-14	2.10343587435425	0.295	0.07	1.45352296745852e-10	6	CXCR4
5.93511717071482e-14	1.18051804125066	0.705	0.346	7.11798602283828e-10	6	APLNR
9.80217794462363e-13	0.995716268386849	0.743	0.433	1.17557520089871e-08	6	COL4A2
1.06586819087146e-12	1.25211190944178	0.714	0.426	1.27829572131215e-08	6	DLK1
1.34129692527607e-12	0.727694904425544	1	0.98	1.60861740248359e-08	6	VIM
7.62100499483161e-12	-1.54959337834579	0.39	0.702	9.13987129030155e-08	6	ICAM1
2.87203196616322e-10	1.52101407585866	0.419	0.169	3.44442793701955e-06	6	DLL4
3.40141228568398e-10	1.17055007021278	0.457	0.186	4.07931375422079e-06	6	SH3RF3
4.10131927221257e-10	1.04278610566949	0.552	0.261	4.91871220316454e-06	6	ARHGEF28
5.87611841287189e-10	1.50587333685346	0.457	0.193	7.04722881255726e-06	6	WIF1
5.94791726134836e-10	2.85427364310201	0.162	0.022	7.13333717153509e-06	6	CNDP1
6.64161099479169e-10	-1.05986016737705	0.457	0.703	7.96528406605368e-06	6	LIFR
9.12690739382272e-10	1.18891808295459	0.467	0.216	1.09459000374116e-05	6	ST8SIA4
1.01228169286102e-09	0.547523214724466	0.99	0.893	1.21402943424822e-05	6	TAGLN2
1.03295104693508e-09	2.18190993237733	0.267	0.062	1.23881819058924e-05	6	CILP
1.24056784586198e-09	-3.83843871301447	0.086	0.376	1.48781301754227e-05	6	MRC1
1.61589121556748e-09	0.988679463864564	0.524	0.28	1.93793833483008e-05	6	LBH
1.74282218935681e-09	-0.744465851924179	0.943	0.978	2.09016665169562e-05	6	COX1
2.04253148709361e-09	0.690223390543443	0.79	0.5	2.44960801247137e-05	6	GRB10
2.83402194506455e-09	-2.11385125112689	0.171	0.458	3.39884251871591e-05	6	MMRN1
2.87799925117143e-09	1.37317324513342	0.524	0.252	3.45158450192989e-05	6	YPEL1
7.79043528332008e-09	0.793973132834197	0.743	0.422	9.34306903528578e-05	6	NRP1
7.99406379422416e-09	0.541521503244307	0.971	0.842	9.58728070841303e-05	6	HSPG2
8.54289382186101e-09	-0.582136214564852	1	0.999	0.000102454925605579	6	COX3
1.05710276892833e-08	1.35502848229519	0.41	0.171	0.000126778335077574	6	PDGFB
1.4045782964187e-08	-0.63890858268272	0.924	0.976	0.000168451075089494	6	CYTB
1.95592272702489e-08	0.796007349162	0.8	0.517	0.000234573812652095	6	ENG
4.02093300991364e-08	0.533582547958025	0.886	0.565	0.000482230495878943	6	RAMP3
4.91928874636999e-08	1.27377079057155	0.467	0.221	0.000589970299352153	6	LOC138510069
1.23311118981128e-07	0.457122178442212	1	0.995	0.00147887024994067	6	TMSB4X
1.28534378741969e-07	0.856124438789953	0.495	0.244	0.00154151280425244	6	PCDH17
1.37308802252667e-07	0.596734188726087	0.838	0.627	0.00164674446541624	6	FLI1
2.11335513308883e-07	-0.588504283262409	0.981	0.996	0.00253454681111343	6	COX2
2.2268866434389e-07	2.32560972209117	0.162	0.032	0.00267070515147627	6	KCNE3
2.25020707437466e-07	0.887302443489482	0.581	0.331	0.00269867334429753	6	PDE4B
2.91810405991436e-07	-6.46690285237221	0.01	0.227	0.0034996821990553	6	HAPLN3
4.70933396506946e-07	2.60916114526548	0.143	0.028	0.0056479042243078	6	LRRN1
5.19218619800878e-07	1.24902412823587	0.295	0.121	0.00622698890727193	6	ITGA7
5.77631022384025e-07	-0.64184200975297	0.695	0.872	0.00692752885145161	6	ND2
7.18368530276901e-07	-5.98084103617724	0	0.206	0.00861539378361088	6	RELN
1.02092620511368e-06	1.05405212230372	0.438	0.225	0.0122439679779284	6	PMEPA1
1.30167052164201e-06	0.840117613125364	0.552	0.319	0.0156109345660526	6	VASP
1.31564310390791e-06	2.26812422743041	0.133	0.029	0.0157785077451675	6	KIT
1.33621549930351e-06	-0.516859699479189	0.971	0.994	0.016025232483147	6	ATP6
1.7969612336558e-06	0.583051846169314	0.771	0.51	0.021550956075234	6	ESAM
1.86445689555591e-06	1.35224484859464	0.362	0.136	0.022360431548402	6	MYO1A
1.97882067196455e-06	1.51993137784095	0.21	0.071	0.0237319963188708	6	PRDM1
2.34358172927571e-06	-2.54565696378662	0.095	0.328	0.0281065756792036	6	IQSEC1
2.84469961256157e-06	-2.69306234549325	0.095	0.299	0.0341164824534509	6	NRP2
3.5847764335374e-06	1.9018020131846	0.171	0.046	0.0429922237674141	6	KCNJ2
4.22005091229002e-06	0.404753346919919	0.952	0.821	0.0506110705910942	6	KRT18
4.82968310197397e-06	0.450284819639023	0.8	0.586	0.0579223894419738	6	TIE1
7.62386607329183e-06	0.726968211358662	0.762	0.572	0.0914330258169889	6	CD81
7.75771351068608e-06	-4.12660640200116	0.01	0.197	0.0930382581336582	6	NR6A1
9.64555205026354e-06	0.333233252683882	1	1	0.115679105738811	6	CIRBP
1.00575989539269e-05	-5.20862197650905	0	0.178	0.120620784254445	6	NFIX
1.05496343718786e-05	0.541933104858382	0.838	0.636	0.12652176502194	6	RALB
1.1270970995253e-05	0.976569781586569	0.514	0.294	0.135172755146069	6	RFTN1
1.16720039754205e-05	0.444254218589792	0.943	0.781	0.139982343677219	6	RPL10A
1.17102964673315e-05	0.616203762656732	0.829	0.669	0.140441585532707	6	FSCN1
1.1918435880937e-05	0.333132873855711	1	0.993	0.142937801520077	6	Fth1
1.42314800047503e-05	0.348188722338374	1	0.947	0.170678139696971	6	EEF1A1
1.46636732972952e-05	1.52983323579764	0.295	0.137	0.175861433854461	6	APLN
1.50007799921346e-05	2.58362605315834	0.057	0.008	0.17990435444567	6	RASSF4
1.51222893925078e-05	1.13027919698202	0.429	0.231	0.181361616684345	6	MECOM
1.53781631275219e-05	0.774086883838862	0.61	0.393	0.18443031038837	6	CLDN11
1.54948748606796e-05	-4.56357887178389	0	0.135	0.185830034204131	6	PDPN
1.76469194812838e-05	0.805815406714754	0.505	0.307	0.211639505339036	6	RGS3
1.79865223055102e-05	0.452595373927108	0.952	0.758	0.215712362009984	6	RACK1
2.02220441277975e-05	0.27893896747903	0.895	0.705	0.242522975224675	6	PRSS23
2.19480090463668e-05	1.46960979286669	0.267	0.113	0.263222472493077	6	NRARP
2.21017202034325e-05	0.524552038494778	0.848	0.624	0.265065930399765	6	ATP5IF1
2.21887228486721e-05	0.333508286013054	1	0.982	0.266109353124124	6	RPS2
2.26088582120564e-05	1.62426803765569	0.2	0.073	0.271148036537192	6	CEACAM5
2.4848653026747e-05	0.393299133978122	0.952	0.876	0.298009895749776	6	PFN1
2.66085811234325e-05	1.73504846837423	0.162	0.045	0.319116713413326	6	SLC45A4
2.9820315974354e-05	0.352978357166023	0.99	0.927	0.357635049480427	6	HSP90AB1
3.07175323159854e-05	1.02594715407951	0.352	0.184	0.368395365065613	6	PCDH12
3.30214853578954e-05	0.610462238130658	0.829	0.621	0.39602667389724	6	JPT1
3.33824434280885e-05	0.763780186917541	0.638	0.449	0.400355644033065	6	CDH5
3.59270745251796e-05	0.962991375086029	0.514	0.293	0.430873404780479	6	PXDN
3.65283242280635e-05	0.496880150272352	0.924	0.802	0.438084192467166	6	VWF
4.11917974365969e-05	0.353328433736548	0.924	0.808	0.494013226657107	6	VAT1
4.17427676935799e-05	0.422848273843541	0.924	0.796	0.500621012949104	6	COX6B1
4.22010742983651e-05	0.839131154939315	0.352	0.188	0.506117484060293	6	SMOX
4.24548279304787e-05	0.329755400348726	0.99	0.952	0.509160751370231	6	RPS26
4.38535406209126e-05	0.37121144301747	0.971	0.882	0.525935512666605	6	SLC25A5
4.51090664849515e-05	0.524589530082491	0.695	0.47	0.540993034354024	6	LOC138567840
4.62330977276992e-05	1.54180587746372	0.229	0.098	0.554473541048296	6	TGFB1
4.85813295876203e-05	-1.26735580129952	0.181	0.379	0.58263588574433	6	SELE
5.86805146221809e-05	-2.66851371157216	0.048	0.218	0.703755411863816	6	CLCA1
5.91073478659356e-05	0.30983544471643	1	0.966	0.708874422956166	6	RPLP1
5.93398469727036e-05	-1.15256201738846	0.324	0.517	0.711662784743635	6	SGK1
6.65302454769728e-05	1.496163211908	0.124	0.045	0.797897234005335	6	AK4
7.05945905993041e-05	1.85427364310201	0.162	0.045	0.846640925057454	6	MEX3B
7.17480473238947e-05	0.397759507847008	0.79	0.622	0.860474331555469	6	LDHA
7.27547465629385e-05	1.55387870976429	0.2	0.078	0.872547675529321	6	UCK2
7.54553539479034e-05	-0.486208498705881	0.743	0.87	0.904936059897205	6	ND4
7.60051987671477e-05	0.474900452166128	0.905	0.859	0.911530348814402	6	CRIP1
8.1190192410764e-05	1.53811139390597	0.105	0.039	0.973713977582293	6	P3H2
0.00229191973945642	4.36123363182189	0.029	0.001	1	6	WDR17
0.00203185460094139	3.94619613254305	0.019	0.001	1	6	PSTK
0.00229191973945642	3.77627113110074	0.029	0.002	1	6	LOC138567204
0.000308211379770462	3.6607939136808	0.057	0.011	1	6	MMP11
0.00137041071231726	3.36123363182189	0.038	0.004	1	6	LOC138453676
0.00137041071231726	3.36123363182189	0.038	0.004	1	6	LOC138491858
0.00203185460094139	3.36123363182189	0.019	0.002	1	6	IGFBP7
0.00203185460094139	3.36123363182189	0.019	0.002	1	6	NATD1
0.00203185460094139	3.36123363182189	0.019	0.002	1	6	SEPTIN4
0.00229191973945642	3.36123363182189	0.029	0.003	1	6	LOC138489250
0.000154704190218052	3.03930553693453	0.029	0.004	1	6	LIPT1
0.00229191973945642	3.03930553693453	0.029	0.004	1	6	PIK3C2G
0.00203185460094139	2.94619613254305	0.019	0.003	1	6	ITGB8
0.00203185460094139	2.94619613254305	0.019	0.003	1	6	LOC138548587
0.00203185460094139	2.94619613254305	0.019	0.003	1	6	SYCE3
0.00229191973945642	2.77627113110074	0.029	0.005	1	6	LOC138468499
0.00229191973945642	2.77627113110074	0.029	0.005	1	6	PPCDC
0.00229191973945642	2.77627113110074	0.029	0.005	1	6	SCN4A
0.00069973074663691	2.77627113110074	0.048	0.007	1	6	SHPRH
0.00203185460094139	2.62426803765569	0.019	0.002	1	6	ST8SIA5
0.00229191973945642	2.55387870976429	0.029	0.006	1	6	AP4B1
0.00360462589711899	2.46506944280643	0.114	0.038	1	6	MBLK1
0.00524188776021363	2.36123363182189	0.038	0.008	1	6	IL34
0.00524188776021363	2.36123363182189	0.038	0.008	1	6	LOC138581862
0.00111702976525905	2.27377079057155	0.067	0.015	1	6	AK1
0.00069973074663691	2.24575641440196	0.048	0.011	1	6	CD109
0.00524188776021363	2.22373010807196	0.038	0.009	1	6	ABCG4
0.00229191973945642	2.19130863037958	0.029	0.007	1	6	LOC138513678
0.00105145691213317	2.13884121048545	0.076	0.019	1	6	NAA38
0.000647462476626299	2.08821513741548	0.105	0.024	1	6	KCNMB2
0.000451800986354899	2.03930553693453	0.067	0.018	1	6	PLPP5
0.00111702976525905	2.03930553693453	0.067	0.018	1	6	AGO1
0.00229191973945642	2.03930553693453	0.029	0.008	1	6	ATXN1L
0.00203185460094139	1.94619613254305	0.019	0.006	1	6	LOC138582365
0.00605282246618835	1.94619613254305	0.048	0.014	1	6	PRKCB
0.00605282246618835	1.94619613254305	0.048	0.014	1	6	RAB39B
0.00105145691213317	1.88730244348948	0.076	0.021	1	6	RASGRP1
0.00524188776021363	1.87580680465165	0.038	0.012	1	6	PNCK
0.000878492521096278	1.86646894007232	0.086	0.025	1	6	PPP1R9A
0.000780543986225135	1.77627113110074	0.095	0.029	1	6	CDKN1C
0.00137041071231726	1.77627113110074	0.038	0.012	1	6	SPAG16
0.00298072151329238	1.75551257093394	0.143	0.058	1	6	RIPOR2
0.00249741352971048	1.71737744204717	0.067	0.021	1	6	FAM120B
0.00394208295730438	1.67317763813663	0.076	0.025	1	6	AOAH
0.00433776200124763	1.62426803765569	0.105	0.035	1	6	RANGRF
0.000196782009982052	1.61121188483024	0.095	0.033	1	6	MSL3
0.00860580536557905	1.60634612965843	0.067	0.024	1	6	ZNF131
8.49961510946257e-05	1.58864412792497	0.105	0.037	1	6	PAK4
0.005767343809284	1.58362605315834	0.057	0.02	1	6	LYSMD4
0.00308057279156093	1.55387870976429	0.086	0.027	1	6	STC1
0.00790816048273454	1.55387870976429	0.086	0.032	1	6	TMEM40
0.00208942319608512	1.53115863326421	0.076	0.028	1	6	BBS7
0.00660657420559895	1.53115863326421	0.076	0.028	1	6	NKD1
0.0025934918436538	1.52473236410477	0.057	0.022	1	6	DNAJC17
0.000123543965860719	1.496163211908	0.124	0.042	1	6	KLHL25
0.0017798436744791	1.48676451390575	0.105	0.039	1	6	RBM15
0.0017798436744791	1.48676451390575	0.105	0.039	1	6	VAMP2
0.000441279589320148	1.48676451390575	0.133	0.05	1	6	API5
0.00300320639965835	1.45434303621338	0.105	0.038	1	6	MRPL4
0.00897292112956398	1.45434303621338	0.095	0.037	1	6	APCDD1
0.000157277819233893	1.43877023229291	0.257	0.125	1	6	OAZ2
0.00810403750318986	1.43523421326567	0.086	0.028	1	6	COBL
0.00021260994072861	1.42834782768043	0.095	0.033	1	6	RELT
0.00855656965225386	1.42263417648604	0.095	0.04	1	6	PORCN
0.00282763964870681	1.36123363182189	0.105	0.043	1	6	CCNI2
0.000112406248612815	1.36123363182189	0.19	0.072	1	6	ZMAT5
0.00139192868455185	1.36123363182189	0.095	0.032	1	6	IGFBP4
0.00427201030802946	1.36123363182189	0.095	0.034	1	6	DLG4
0.0046966754324901	1.36123363182189	0.162	0.07	1	6	MXI1
0.0089434691587679	1.36123363182189	0.124	0.05	1	6	VPS45
0.00875179714141757	1.33148628842784	0.095	0.042	1	6	IL16
0.0085544879142566	1.32170526763526	0.067	0.031	1	6	LOC138452803
0.00870136224523935	1.29710329440218	0.095	0.041	1	6	CCDC149
0.00870136224523935	1.29710329440218	0.095	0.042	1	6	DOCK10
0.00394208295730438	1.28323111982062	0.076	0.032	1	6	TMEM144
0.0061515385141013	1.26812422743041	0.124	0.057	1	6	GFM1
0.000919824275591151	1.26725748361288	0.219	0.093	1	6	RNF125
0.00382020954528249	1.26607639878155	0.095	0.039	1	6	DACH1
0.00498346380779425	1.25689697200716	0.086	0.037	1	6	ULK2
0.00169562350211226	1.25431842790538	0.105	0.047	1	6	NBEAL2
0.00660657420559895	1.24575641440196	0.076	0.034	1	6	MS4A4A
0.000383877210503868	1.23412171391855	0.162	0.074	1	6	TSR2
0.00108810754004675	1.22998909854364	0.171	0.075	1	6	NT5DC2
0.00175175773276015	1.2047291461419	0.152	0.061	1	6	SHISA6
0.00110923988196553	1.20076895962865	0.143	0.067	1	6	RAB3IL1
0.00413694447367304	1.19773489953901	0.21	0.085	1	6	LOC138453783
0.000762270953550702	1.18369544626971	0.181	0.085	1	6	ENC1
0.00364387975925051	1.17587858980998	0.229	0.108	1	6	HHIP
0.00225745825085838	1.17140907294188	0.133	0.064	1	6	SH3RF1
0.000863111998028059	1.17055007021278	0.21	0.091	1	6	MPP1
0.00432794244984811	1.14972952662818	0.152	0.073	1	6	KLHL6
0.00478264526096107	1.13884121048545	0.133	0.062	1	6	ABHD10
0.00497467858185313	1.13884121048545	0.086	0.032	1	6	TRBC1
0.00034442274309466	1.13175178569913	0.152	0.064	1	6	NPR3
0.00264328496428816	1.13175178569913	0.21	0.112	1	6	EGFL8
0.00316769501930132	1.12857287503162	0.086	0.038	1	6	PCIF1
0.00346258861734226	1.12676837818487	0.133	0.064	1	6	COL13A1
0.0051316943964174	1.11661126310198	0.19	0.094	1	6	RCBTB1
0.00039488759784528	1.10343587435425	0.2	0.082	1	6	BLNK
0.00709410292634702	1.10249936342173	0.124	0.058	1	6	YAP1
0.0090626838001243	1.08112571262916	0.105	0.058	1	6	SOX7
0.000680954840664494	1.0782996685504	0.238	0.12	1	6	PRAG1
0.0011844435450554	1.07583141295965	0.143	0.066	1	6	STUB1
0.00195183803482815	1.06006409710133	0.21	0.115	1	6	KREMEN1
0.00178947441425667	1.05542520229781	0.162	0.08	1	6	HMG20A
0.00362013911155403	1.05190557371417	0.19	0.095	1	6	TTYH2
0.00127133152730866	1.03930553693453	0.2	0.096	1	6	PSMD10
0.00349930050527393	1.02825034842554	0.219	0.119	1	6	BCAS2
0.00944895701474864	1.01884143437482	0.124	0.063	1	6	LMO2
0.000804054108262305	0.996661199526038	0.333	0.18	1	6	CENPW
0.000530675629349993	0.990670761683655	0.314	0.156	1	6	SF3B5
0.00205649459977176	0.988679463864564	0.229	0.117	1	6	CSGALNACT2
0.00138099026354234	0.970774155263717	0.276	0.159	1	6	GABARAPL2
0.00936346928214715	0.961303024933259	0.162	0.086	1	6	SDHAF2
0.00872743650250234	0.950949662513685	0.162	0.091	1	6	OGFR
0.00027538826706936	0.948037479367218	0.381	0.207	1	6	MMRN2
0.00072895482424195	0.94619613254305	0.229	0.128	1	6	CWC15
0.00289913859841883	0.936735803293984	0.152	0.087	1	6	GEMIN5
0.000122045115012402	0.918715396120944	0.438	0.248	1	6	UCHL1
0.00968312719129604	0.913774654850673	0.267	0.153	1	6	RBM33
0.00478264526096107	0.893084796083488	0.133	0.075	1	6	RBBP9
0.00857446464286308	0.888745860359151	0.181	0.095	1	6	ABCD3
0.00183969012299897	0.882065795123335	0.267	0.152	1	6	PHLDB1
0.000152351636555089	0.879700720756143	0.343	0.196	1	6	EMID1
0.00210771625955186	0.878150745119952	0.295	0.189	1	6	DCHS1
0.00884479525080847	0.875806804651652	0.133	0.071	1	6	IRF2
0.000885950000518874	0.871848791082969	0.381	0.23	1	6	CASKIN2
0.00168280214301898	0.870486472718389	0.257	0.14	1	6	PLEKHO1
0.000824891916404074	0.862427774850453	0.21	0.111	1	6	RCN1
0.00119036788029943	0.860804641312406	0.295	0.163	1	6	HES4
0.000776744114353198	0.858733291292711	0.333	0.205	1	6	AFAP1L1
0.00867548759671991	0.857002403213595	0.362	0.214	1	6	EXT1
0.00140335572514301	0.856239435804153	0.305	0.162	1	6	ANXA6
0.000166352973110406	0.838508263228677	0.486	0.297	1	6	VASH2
0.00143385495650408	0.828738550994873	0.257	0.137	1	6	C1QH1orf21
0.00695585242008083	0.825180731581685	0.162	0.099	1	6	CHST6
0.00334543740183568	0.808692608793115	0.381	0.271	1	6	SDC3
0.00044659059192292	0.793549122532573	0.448	0.272	1	6	ITIH5
0.00486886073421378	0.789398565086351	0.371	0.238	1	6	HSPA1A
0.000453393425849464	0.782147697437408	0.533	0.343	1	6	CD276
0.00118077860312657	0.780649571611312	0.419	0.271	1	6	AK2
0.0054501661105263	0.776271131100738	0.219	0.122	1	6	TOR1AIP1
0.00553381494296104	0.776271131100738	0.229	0.128	1	6	NIBAN1
0.00218461135932911	0.771372331687899	0.543	0.381	1	6	WLS
0.000813948222584908	0.77081670100863	0.505	0.336	1	6	PROM1
0.000902163954866564	0.761771561405623	0.495	0.303	1	6	OSTC
0.000965483149457273	0.751439278120802	0.362	0.222	1	6	DOCK4
0.00188272844006495	0.749798919739547	0.352	0.214	1	6	TNK2
0.00133354869863463	0.746523787706686	0.276	0.155	1	6	LDLRAD4
0.00113992789039102	0.736742766914101	0.21	0.117	1	6	PRKCH
0.0099618179909334	0.725196946506469	0.333	0.188	1	6	NDUFB6
0.000768034583035668	0.720776018509035	0.486	0.307	1	6	MCAM
0.000302225774972189	0.719687602734371	0.429	0.243	1	6	RGCC
0.00145696989975252	0.71141998675077	0.438	0.286	1	6	PGLS
0.00124564708173671	0.707791393217971	0.39	0.245	1	6	PRDX5
0.000147397580168436	0.705695636999534	0.724	0.483	1	6	GNG5
0.00103257059444401	0.69497102899889	0.21	0.108	1	6	CRISP3
0.00200995519831477	0.692855122913101	0.324	0.201	1	6	FLT1
0.00258434164326852	0.68767720783175	0.352	0.221	1	6	SUSD1
0.000671472632093835	0.68632900578794	0.457	0.276	1	6	CSRP1
0.00774002943317666	0.685123243042542	0.2	0.127	1	6	AIDA
0.00538679624268005	0.678660334474316	0.41	0.264	1	6	ARPC1A
0.00648784891481086	0.676735457549824	0.248	0.145	1	6	AR
0.000414520321107607	0.673585467126174	0.467	0.309	1	6	PSMA1
0.00984409910712328	0.663968161475945	0.295	0.185	1	6	LPAR4
0.000137976070712821	0.663091809108292	0.714	0.488	1	6	SPACA4
0.00168308920669381	0.659432880522417	0.733	0.669	1	6	ACTG1
0.000201420012247652	0.656177285610432	0.333	0.201	1	6	LHX6
0.00754051312759152	0.646988114155772	0.257	0.166	1	6	TTC28
0.00128795442090296	0.645423651641116	0.571	0.382	1	6	TBCA
0.000899645372021177	0.64116510693187	0.505	0.36	1	6	JAM3
0.00520839337462285	0.640134443114709	0.276	0.167	1	6	CXCL16
0.00909527748584726	0.636719778701945	0.429	0.265	1	6	LOC138488268
0.000375291874775549	0.633313177258695	0.495	0.301	1	6	ENTPD1
0.00139282893030454	0.629131449574728	0.59	0.422	1	6	PKM
0.000733809084553395	0.624268037655688	0.429	0.291	1	6	AGAP1
0.00237178037663739	0.622591459848304	0.352	0.205	1	6	GRK4
0.00804787228448376	0.619124734379729	0.352	0.231	1	6	MTMR1
0.0018259239864443	0.615806458907492	0.39	0.248	1	6	APOLD1
0.000381472082963864	0.614420251699341	0.514	0.335	1	6	CFL1
0.00229046655761355	0.612295395989612	0.448	0.285	1	6	PSMB1
0.00445791045139547	0.608976385703098	0.429	0.313	1	6	PSMB2
0.00829848139724982	0.606346129658426	0.181	0.113	1	6	CC2D1A
0.000852569788732178	0.605771694038299	0.619	0.43	1	6	PEA15
0.000175414907145391	0.605652359488341	0.581	0.38	1	6	ATP5F1C
0.00263757901455501	0.592073550490607	0.762	0.625	1	6	LGALS1
0.000823797103279841	0.591695103867335	0.705	0.521	1	6	MIF
0.00305043099528328	0.579873918297235	0.362	0.264	1	6	SMURF2
0.008238970421132	0.571156701196126	0.362	0.256	1	6	CNN2
0.00425864847695246	0.566817765471788	0.467	0.327	1	6	ARRB1
0.000339727208861191	0.560803659256481	0.867	0.644	1	6	HNRNPU
0.000180408067853434	0.560708048154406	0.714	0.527	1	6	ATP5F1B
0.00567406801441918	0.556666527135909	0.543	0.393	1	6	GLO1
0.00570548447919445	0.555881062675438	0.581	0.419	1	6	HMGB3
0.00143446557955786	0.548603767723616	0.571	0.41	1	6	COX5A
0.00145473437222694	0.547137131885235	0.438	0.282	1	6	ARHGAP27
0.00645337257477249	0.542290735489078	0.695	0.53	1	6	UBE2L3
0.000284053119206803	0.539020751037177	0.533	0.355	1	6	PSMA5
0.000448381179698362	0.53611259195571	0.838	0.641	1	6	ATP5MC3
0.000507432919038419	0.531038733406179	0.8	0.658	1	6	ALDOA
0.00188121457839988	0.53051471669878	0.295	0.203	1	6	ATP11B
0.00332052809901384	0.526456014298918	0.39	0.277	1	6	PTGS1
0.00238592825668266	0.524732364104774	0.686	0.553	1	6	CLIC1
0.000127215811088342	0.522388423636475	0.733	0.513	1	6	RPL8
0.000492027966876384	0.514547670419291	0.886	0.791	1	6	TUBA1C
0.00972926675532466	0.507084498285349	0.229	0.15	1	6	S1PR2
0.000577827854590051	0.506862083262803	0.505	0.361	1	6	PSMB6
0.000916915551620325	0.506181967732994	0.543	0.429	1	6	COTL1
0.00529724126281586	0.504191585663937	0.419	0.293	1	6	FKBP3
0.000821922592755409	0.496564517902493	0.676	0.513	1	6	LOC138472433
0.0041276359241539	0.49086891223849	0.59	0.45	1	6	FLNA
0.000141273276569579	0.486168482068774	0.676	0.49	1	6	GNAI2
0.000784568682868488	0.485671976904741	0.8	0.641	1	6	COX7B
0.00264379677483201	0.477257428161378	0.352	0.24	1	6	CYR61
0.00227403040605269	0.476128483335207	0.657	0.564	1	6	ENO1
0.00055957569812854	0.473708361080307	0.867	0.729	1	6	PRDX1
0.00107981806228564	0.473079598794962	0.514	0.334	1	6	TIMP2
0.000223492467356728	0.472856333864703	0.838	0.647	1	6	PCDHGC3
0.00862907209362662	0.472654914490317	0.638	0.539	1	6	ARPC2
0.00308953820459456	0.471416549572317	0.457	0.297	1	6	RASGRP3
0.00260851399282695	0.468148835738406	0.4	0.272	1	6	CCDC80
0.000477508004049049	0.468148835738406	0.41	0.248	1	6	LOC138473015
0.00548340600325567	0.466943072993009	0.39	0.281	1	6	EIF2S3
0.00803614292449791	0.464873703705545	0.571	0.439	1	6	SLC29A1
0.000346189589993282	0.453585914684118	0.762	0.568	1	6	SNRPB
0.00226275208368971	0.451745924727337	0.533	0.379	1	6	LOC138521839
0.00629305095597528	0.450785216800186	0.352	0.249	1	6	HSD3B7
0.0035578500209329	0.450718172394622	0.724	0.524	1	6	CAPNS1
0.0065781201827381	0.447725157448868	0.41	0.309	1	6	RASA3
0.000183497283135441	0.434297094011618	0.533	0.389	1	6	MAGI1
0.00306167597666688	0.431741607276243	0.543	0.388	1	6	PLXND1
0.00428036906250673	0.429442187924736	0.762	0.614	1	6	TPM2
0.00195010660394313	0.427934033029412	0.81	0.63	1	6	UQCRH
0.00327604796827818	0.421921558520998	0.6	0.409	1	6	CD93
0.00390000810100502	0.415757638009967	0.562	0.417	1	6	DYSF
0.00454148647705936	0.412387719771997	0.714	0.577	1	6	PPIB
0.0086810435683675	0.412057890899577	0.457	0.351	1	6	SSBP3
0.00507467103396112	0.407598135840872	0.59	0.424	1	6	MANF
0.00584765996285674	0.406191414028264	0.667	0.536	1	6	COX5B
0.00325092311944232	0.404501085726064	0.457	0.306	1	6	KLF7
0.000155210910482614	0.401126358945407	0.79	0.62	1	6	TJP1
0.00535530974671675	0.40108314442846	0.562	0.412	1	6	COL5A1
0.00112342793257653	0.397272850719476	0.667	0.551	1	6	TUBA1B
0.00995253666295358	0.395761314950165	0.533	0.416	1	6	NDUFS5
0.00370970883490231	0.386151264026223	0.514	0.395	1	6	LSP1
0.00852285453255215	0.379719202667073	0.705	0.536	1	6	FKBP1A
0.00851224135714042	0.378792003206199	0.6	0.471	1	6	ATP5PD
0.00672685579921593	0.374041408122514	0.638	0.516	1	6	CCT6A
0.000195826368345009	0.364242381694233	0.933	0.801	1	6	RPL18A
0.000677899710011734	0.361520364415681	1	0.918	1	6	RPL12
0.00325768917289967	0.352589537412643	0.924	0.805	1	6	RPL23A
0.000110940271502194	0.35174961085944	0.962	0.873	1	6	RPS3A
0.000546233327870297	0.351705139994994	0.99	0.878	1	6	RPL30
0.0047943862322201	0.346436629893814	0.495	0.376	1	6	EXOC3L2
0.004834117625895	0.342208806140138	0.6	0.476	1	6	DUSP1
8.78627493200342e-05	0.341195878585349	0.99	0.93	1	6	RPL28
0.000318443612023833	0.337076984043627	0.981	0.914	1	6	RPL35A
0.00119213695900522	0.33611695475275	0.914	0.834	1	6	RPS5
0.00743497205957955	0.335577442216814	0.762	0.622	1	6	STMN1
0.000516730127136348	0.330544427750754	0.971	0.921	1	6	MYL6P1
0.000646443826893915	0.325181320754477	0.99	0.946	1	6	RPS19
0.000258900141161191	0.319718569577148	0.981	0.93	1	6	RPS10
0.00792701318419234	0.315590966266182	0.895	0.741	1	6	PLVAP
0.0013847513412548	0.309242803023014	0.943	0.889	1	6	RPS25
0.000957212808270072	0.30520432830402	0.943	0.878	1	6	RPL3
0.00295260115074372	0.301608492069654	0.99	0.931	1	6	UBA52
0.000434816258371471	0.300897968594419	0.667	0.462	1	6	NOS3
0.00391918508728618	0.300822115126072	0.971	0.913	1	6	RPS11
0.00566984646940534	0.300637396424237	0.914	0.785	1	6	SNRPG
0.00926320122853667	0.298057212474474	0.952	0.822	1	6	MYL12B
0.000735709673930183	0.297838550533385	1	0.949	1	6	RPL36
0.00520847897859994	0.297684206445819	0.933	0.818	1	6	RPL9
0.000546729451406907	0.294002338845409	0.933	0.865	1	6	KRT8
0.00185681206570467	0.292137620952017	0.81	0.674	1	6	TUBA1A
0.00113012785476942	0.291753132275991	1	0.973	1	6	RPL35
0.00358195708515741	0.2899432764998	0.971	0.861	1	6	RPL2
0.000478348286677679	0.28928378994288	1	0.963	1	6	RPS9
0.00117437795004009	0.289143285945798	0.99	0.909	1	6	RPS21
0.00173199857430385	0.286216021673742	0.981	0.894	1	6	RPL18
0.00180475347807522	0.282199412642136	0.952	0.905	1	6	RPL15
0.00740445393061438	0.281025500921541	0.705	0.519	1	6	IGFBP1
0.000331986029334164	0.275128272853804	1	0.982	1	6	RPL32
0.00180127455739806	0.27393622776466	1	0.922	1	6	RPLP0
0.00252157844231038	0.272333127232963	0.905	0.783	1	6	TUBB4A
0.000178998325471523	0.271850053380522	1	0.971	1	6	RPS23
0.00723137606124783	0.266228365394734	0.819	0.673	1	6	PTPRM
0.00132516133602574	0.260927127692637	1	0.963	1	6	RPS14
0.00248429178414439	0.254870944073673	0.981	0.915	1	6	RPS17
0.00581474756562816	0.253757745591841	1	0.956	1	6	RPL36A
0.00665527416724667	0.251692002565241	1	0.945	1	6	RPL10
0.000488775363595278	0.249725316604904	0.695	0.438	1	6	PLCB1
0.001877193769151	0.246001687275872	1	0.955	1	6	RPL24
0.00463513130990322	0.244369874130996	0.952	0.867	1	6	GAPDH
0.00319444685038278	0.243134353369604	0.99	0.98	1	6	PTMA
0.00530588632716635	0.241693002305986	0.99	0.919	1	6	RPS15
0.00251817815236774	0.236602017385982	1	0.976	1	6	RPLP2
0.00234926035512049	0.235941894347563	1	0.96	1	6	RPL13
0.00203689276370399	0.232794732889692	0.981	0.934	1	6	RPL17
0.00528168603330611	0.221923997617666	0.952	0.924	1	6	RPL34
0.00572369958870143	0.220960439280483	1	0.992	1	6	S100A11
0.00589585294057211	0.212498957257765	1	0.995	1	6	LOC138582460
0.0091028360093945	0.210820448112912	1	0.967	1	6	RPS18
0.00748795291496681	0.201833810242293	0.952	0.915	1	6	ANXA2
0.00541960184468012	0.195768278570282	0.752	0.524	1	6	KIAA1217
0.00761902234486909	0.187902028936333	0.59	0.442	1	6	ARHGEF9
0.00798323909675004	0.181076707768625	0.914	0.853	1	6	RBMX
0.00309282623327167	-0.448418468231957	1	0.999	1	6	unassigned-gene-4
0.000546594251285135	-0.469660847042342	0.819	0.877	1	6	CAV1
0.000551141807577885	-0.502372866057824	0.724	0.829	1	6	ND1
0.00795729620737009	-0.55543798457921	0.629	0.672	1	6	CAVIN2
0.00132734071964644	-0.586169250343406	0.638	0.659	1	6	TMEM176B
0.00544871122159534	-0.649720825067714	0.343	0.457	1	6	RIPOR1
0.0039489429454979	-0.70612163597987	0.276	0.394	1	6	CA5A
9.29429944728413e-05	-0.708664899997109	0.667	0.781	1	6	ND3
0.00315533197720133	-0.727925500089344	0.39	0.511	1	6	GDPD5
0.00339979115183777	-0.730081534924052	0.419	0.538	1	6	KRT19
0.000769081297343725	-0.734399834249893	0.619	0.703	1	6	LOC138504630
0.00229635263627684	-0.749612136866396	0.533	0.638	1	6	SPTBN1
0.0023211856875224	-0.773925951459741	0.171	0.282	1	6	PALM2AKAP2
0.00479848192706625	-0.774744037697081	0.257	0.388	1	6	ID3
0.00910559706050208	-0.798637704956495	0.133	0.23	1	6	SBF2
0.00148871364846344	-0.812693300177914	0.152	0.296	1	6	NFIA
0.0077023024066691	-0.820784441608438	0.267	0.407	1	6	KANK3
0.00264826736139314	-0.827272795362144	0.229	0.354	1	6	KLHL4
0.00125578435631724	-0.865116803083237	0.276	0.431	1	6	TXNIP
0.00678787531676379	-0.883388736898019	0.2	0.331	1	6	ACTN4
0.00217256181566997	-0.886693881621691	0.324	0.491	1	6	TNS1
0.00242371176588216	-0.908227043171333	0.105	0.217	1	6	XPO1
0.000703778139787758	-0.920052478568122	0.21	0.38	1	6	CTNNA1
0.00825445265041965	-0.930320814021949	0.181	0.316	1	6	RHAG
0.00169932649621873	-0.936446916818791	0.19	0.337	1	6	RGL3
0.00408778369251039	-0.942547116355209	0.19	0.343	1	6	ITGA9
0.000457646366062761	-0.94515361216969	0.2	0.381	1	6	XYLT1
0.00160239239083207	-0.961695986910541	0.438	0.591	1	6	SPARC
0.00211830886726453	-0.975049756042538	0.124	0.235	1	6	LGALS3
0.0046033711248007	-0.975049756042538	0.114	0.233	1	6	CD53
0.00457999450066993	-1.00800017784382	0.133	0.25	1	6	SPTAN1
0.000587613023267379	-1.05750007198248	0.448	0.586	1	6	PODXL
0.000935278295528702	-1.06023013661638	0.124	0.276	1	6	RAPGEF5
0.00102768344045011	-1.07863572043689	0.219	0.375	1	6	MYH10
0.00520498580174371	-1.08020155752156	0.086	0.183	1	6	CDCA8
0.00985324591657917	-1.13061946450778	0.038	0.12	1	6	CHMP1A
0.00340041917044393	-1.13799899487338	0.105	0.227	1	6	IL13RA1
0.00473779576129846	-1.16680180081443	0.105	0.238	1	6	CHSY3
0.00544716168195301	-1.17274494018046	0.048	0.123	1	6	PKD1
0.00131828044097728	-1.17792517928614	0.105	0.256	1	6	NHERF2
0.00880208226775697	-1.17792517928614	0.067	0.159	1	6	ZNF300
0.00487493987682141	-1.17895899877924	0.114	0.251	1	6	USP48
0.00713638854303144	-1.18308688440192	0.067	0.181	1	6	TNPO3
0.00733718551384599	-1.18720299287415	0.124	0.247	1	6	KLF2
0.00841675204420979	-1.19676182129899	0.076	0.167	1	6	SLC38A9
0.0050453691933272	-1.19846211028883	0.21	0.348	1	6	ZNF521
0.00189360590337749	-1.19876195338269	0.152	0.306	1	6	SVIL
0.00663762476815401	-1.20645087746743	0.057	0.141	1	6	CHD2
0.000314653606982575	-1.22172373300889	0.21	0.386	1	6	PINLYP
0.00654254983161368	-1.23172165965279	0.133	0.27	1	6	ABCB5
0.00467420587772757	-1.32059040815185	0.048	0.133	1	6	STX7
0.000376713750244979	-1.32876433959755	0.124	0.298	1	6	TJP2
0.00587785689897624	-1.33125733320371	0.057	0.155	1	6	KDM6A
0.00396432832483493	-1.35497340217751	0.057	0.152	1	6	GCLC
0.00691508997470654	-1.38023335457925	0.019	0.092	1	6	DCBLD2
0.000302302166840626	-1.38666744002547	0.181	0.34	1	6	GGT5
0.00470818058868924	-1.39365387034157	0.048	0.139	1	6	SKIL
0.00818484796470464	-1.39365387034157	0.019	0.074	1	6	LOC138467972
0.00742428223571037	-1.41261202804546	0.124	0.24	1	6	SELENOP
0.00426210683031285	-1.41720859832047	0.076	0.194	1	6	KSR1
0.00665614444014694	-1.42303767712267	0.076	0.178	1	6	LOC138497215
0.00824088887253711	-1.43874175987011	0.057	0.159	1	6	CARMIL1
0.00377546491501054	-1.44612129023571	0.076	0.208	1	6	LOC138566285
0.0036815792879182	-1.49051540959416	0.067	0.178	1	6	OSBPL10
0.000367806017555215	-1.54264821391429	0.114	0.272	1	6	IGF2
0.00514086013340852	-1.54565696378662	0.048	0.136	1	6	ASAP3
0.00647853734173918	-1.54565696378662	0.038	0.141	1	6	DLGAP5
0.00361803821799774	-1.5576296054527	0.029	0.104	1	6	TRIM37
0.00168652172888482	-1.59812438368076	0.133	0.285	1	6	PLAT
0.00579862497093973	-1.60839271913459	0.038	0.125	1	6	ADAM8
0.00061347129095817	-1.6302882142538	0.114	0.259	1	6	SELP
0.0070354204215813	-1.65371670964408	0.019	0.078	1	6	RFLNB
0.00363859867799503	-1.66113418120656	0.048	0.163	1	6	TOMM70
0.00789046318447132	-1.67439027790883	0.038	0.136	1	6	TSPAN2
0.00377751297772857	-1.68316048753656	0.038	0.145	1	6	PIK3C2B
0.00903329735785128	-1.72622920942844	0.019	0.08	1	6	CLU
0.00763986653819746	-1.73227825410125	0.057	0.155	1	6	LFNG
0.0077320976308118	-1.76804938512307	0.019	0.11	1	6	RALGDS
0.000164043485460086	-1.79772025179942	0.086	0.23	1	6	FN1
0.000242792754935072	-1.80467830711379	0.086	0.239	1	6	SERPINE2
0.00918522517404814	-1.86115878951455	0.019	0.096	1	6	JOSD2
0.00273716803230171	-1.86373273317838	0.038	0.143	1	6	KLHL29
0.0025265815956211	-1.89048546078407	0.067	0.19	1	6	UNC5B
0.00861867414430008	-1.89300765555389	0.048	0.132	1	6	GAS7
0.00742728747348986	-1.89615421087076	0.029	0.114	1	6	EPS8
0.00147916195733017	-1.91675111547787	0.029	0.132	1	6	ELN
0.00392631512681332	-1.91675111547787	0.029	0.152	1	6	TMTC1
0.000564327453068871	-1.93338711706973	0.029	0.135	1	6	PLXNB2
0.00795617188001813	-1.96069446306547	0.01	0.07	1	6	DCUN1D3
0.00371704301278479	-1.98454120501984	0.019	0.105	1	6	HMGCR
0.00220067487829333	-2.01032523079007	0.029	0.136	1	6	EMILIN1
0.000453069682667264	-2.02534742140772	0.048	0.177	1	6	TP53I11
0.0025716915116792	-2.03108379095687	0.038	0.164	1	6	PDGFC
0.00362507469618266	-2.04815730431581	0.01	0.076	1	6	TSPAN36
0.00210115182763129	-2.08539021051478	0.352	0.475	1	6	CTSL
0.000345823912463762	-2.13595290881082	0.048	0.198	1	6	FLRT2
0.00471527404298262	-2.19335521985574	0.01	0.082	1	6	ZCCHC24
0.00413787667659383	-2.27297238791911	0.019	0.098	1	6	PLCE1
0.000332237505176111	-2.28262255795283	0.038	0.174	1	6	GPNMB
0.00112803867729421	-2.42884329880387	0.019	0.131	1	6	GAB3
0.00242851008505401	-2.44612129023571	0.01	0.097	1	6	ENAH
0.000411142671118336	-2.46531485546902	0.029	0.15	1	6	GAS6
0.000739925347165842	-2.48843209509367	0.019	0.124	1	6	PLEKHG4B
0.000370846562192132	-2.51159512771299	0.038	0.164	1	6	SRGN
0.00287252041069451	-2.53358413148605	0.029	0.138	1	6	ENPP2
0.00888950595689581	-2.59296267856498	0	0.054	1	6	ZNF366
0.00526884670328847	-2.63876636817811	0.01	0.074	1	6	LOC138577431
0.00889207475470594	-2.70485555863588	0	0.052	1	6	STK33
0.000203073988035054	-2.7134430544726	0.038	0.167	1	6	FGL2
0.00213002811906611	-2.71558196522894	0.01	0.117	1	6	GTF2E1
0.00888381922987892	-2.80869136962042	0	0.063	1	6	ARV1
0.00306801895361173	-2.82859092705812	0.019	0.126	1	6	SEMA3A
0.000211801828127	-2.84821973380706	0.01	0.123	1	6	PHF19
0.00206959606895796	-2.90555290887301	0.029	0.148	1	6	PROX1
0.00602021607014458	-2.90555290887301	0	0.058	1	6	GPR17
0.00406809361527007	-2.99631837279619	0	0.064	1	6	DPP4
0.004635078367828	-2.99631837279619	0	0.064	1	6	CXADR
0.000182519649550441	-3.1063719182611	0.01	0.117	1	6	SNCA
0.000314228684059148	-3.17792517928614	0.01	0.117	1	6	MAFB
0.000463878146951971	-3.30173138090053	0.019	0.15	1	6	FGF10
0.00406815467404947	-3.32526689536132	0	0.077	1	6	ABLIM2
0.00686021159507895	-3.43318223452821	0	0.075	1	6	GALR1
0.000709516410253207	-3.47797015627505	0.01	0.114	1	6	CXCL12
0.000373339421135333	-3.7986377049565	0	0.1	1	6	DOCK5
0.000167095796024536	-5.24609668192772	0	0.114	1	6	STAB2
1.48018216539276e-26	2.64187204512198	0.811	0.315	1.77518247095554e-22	7	PDGFD
1.66022445045994e-26	-1.20707755850577	0.967	0.998	1.99110718343661e-22	7	LOC138582460
1.63374845144426e-25	-0.975309764675629	0.978	0.999	1.95935451781711e-21	7	CIRP
5.53893839412944e-25	-1.19414147261992	0.967	0.999	6.64284881607943e-21	7	FKBP2
1.43806798230435e-23	2.12126708971629	0.733	0.25	1.7246749311776e-19	7	ARHGEF28
4.60996822696064e-23	1.52755424358601	0.978	0.698	5.5287348945939e-19	7	SHANK3
6.36079218668642e-23	-1.36012906649583	0.733	0.972	7.62849806949303e-19	7	RPL36
6.73292533501924e-23	-1.26257140412338	0.867	0.994	8.07479735428857e-19	7	RPL32
1.04591327917716e-22	1.69712720014451	0.944	0.665	1.25436379571717e-18	7	PTPRM
1.46748985292176e-22	-1.24324651927546	0.867	0.994	1.75996058060907e-18	7	RPS15A
3.15458810038968e-22	-1.23393444595863	0.811	0.987	3.78329750879735e-18	7	RPS23
1.40070700377159e-21	-1.35689032559911	0.722	0.957	1.67986790962327e-17	7	RPS20
1.56790614783962e-21	1.43244246320793	0.978	0.844	1.88038984310405e-17	7	HSPG2
3.18088124133653e-21	1.45154083301783	0.922	0.567	3.8148308727349e-17	7	RAMP3
3.44423732581378e-21	1.65817918303973	0.922	0.513	4.13067382484847e-17	7	KIAA1217
4.06554477434058e-21	-1.40957157332738	0.733	0.979	4.87580784786665e-17	7	RPL36A
5.93607076504945e-21	1.66590980742326	0.833	0.424	7.1191296685238e-17	7	ARHGEF9
7.58594493977177e-21	-1.24396812206671	0.822	0.988	9.09782376626829e-17	7	RPL35
1.14767834418889e-20	1.86628982213855	0.867	0.549	1.37641063818573e-16	7	INSR
1.20926836869565e-20	-1.22513341947329	0.811	0.99	1.45027555457669e-16	7	RPL23
1.30860557029495e-20	-0.95961012522345	1	1	1.56941066045473e-16	7	CIRBP
2.11225605164685e-20	-1.36175649909081	0.7	0.958	2.53322868274007e-16	7	RPL37
2.59097324640818e-20	-1.28823977675543	0.644	0.961	3.10735421441733e-16	7	UBA52
3.80614110947087e-20	2.58660406404117	0.578	0.18	4.56470503258842e-16	7	SH3RF3
4.21670977592498e-20	-1.1220561841241	0.811	0.981	5.05710003426682e-16	7	FAU
6.25447606686372e-20	1.79311617035565	0.744	0.347	7.50099314698966e-16	7	PTK2
8.15969670128046e-20	-1.25734039201152	0.722	0.978	9.78592425384566e-16	7	RPL24
9.07721739593529e-20	-1.17039036192403	0.767	0.986	1.08863068229452e-15	7	RPS18
1.41738076000108e-19	-1.02736214607035	0.811	0.988	1.6998647454693e-15	7	CFL2
3.69002113074121e-19	-1.1115371127653	0.889	0.992	4.42544234209794e-15	7	RPS2
4.50403736713173e-19	-1.07151455192288	0.789	0.988	5.40169201440108e-15	7	TPT1
6.41275808006372e-19	2.23854710968363	0.644	0.231	7.69082076542042e-15	7	LOC138473015
6.61105161014892e-19	-1.17166356008018	0.744	0.984	7.9286341960516e-15	7	RPS28
7.35123402431391e-19	-1.03255842514633	0.911	0.999	8.81633496535967e-15	7	S100A11
2.737188979781e-18	-1.27485445863262	0.678	0.94	3.28271074345135e-14	7	RPS13
2.80984127836034e-18	1.61444870280175	0.9	0.505	3.36984264513755e-14	7	ARL15
2.98482490281451e-18	-1.13050349812836	0.833	0.979	3.57970050594545e-14	7	RPL26L1
5.67464919425358e-18	-1.00878085211338	0.856	0.988	6.80560677866832e-14	7	RPLP2
6.05487202341857e-18	1.72697786771116	0.822	0.503	7.26160801768589e-14	7	LOC138472433
6.31645652335026e-18	1.75463651496077	0.856	0.429	7.57532630845397e-14	7	PLCB1
6.8365764911629e-18	-1.10045004012072	0.8	0.988	8.19910618585166e-14	7	RPS27
9.28335488922815e-18	-1.32555006311404	0.611	0.945	1.11335275186513e-13	7	RPL35A
1.03856895365401e-17	-1.22113136612856	0.756	0.98	1.24555574611726e-13	7	RPS8
2.05477432154375e-17	-1.17964468446397	0.744	0.967	2.46429084382743e-13	7	RPL10
2.28303405265519e-17	-1.24084018725532	0.711	0.973	2.73804273934937e-13	7	RPS12
2.67763442013726e-17	-1.09331753701742	0.811	0.976	3.21128696007062e-13	7	RPL13
3.48903646995136e-17	-1.26285456725617	0.678	0.946	4.18440143841267e-13	7	RPS29
3.81064590077047e-17	-1.25658507826839	0.644	0.931	4.57010762879402e-13	7	RPL15
4.17885412676712e-17	-1.1918713822832	0.733	0.967	5.0116997542318e-13	7	RPL7
5.21641254581039e-17	-1.17106644208846	0.822	0.964	6.2560435661904e-13	7	S100A10
1.10314210773283e-16	-1.12390713000251	0.722	0.963	1.32299832980399e-12	7	RPL27
1.24339695612247e-16	1.94971956759692	0.711	0.304	1.49120596947768e-12	7	TMCC1
1.2602710001652e-16	-1.27039624734435	0.644	0.952	1.51144301049812e-12	7	RPL11
1.50031921725135e-16	-1.11491265264299	0.778	0.982	1.79933283724954e-12	7	RPS9
1.7536917665558e-16	1.7450980706769	0.7	0.286	2.10320253563037e-12	7	RASA3
2.34061003058476e-16	1.62169127317314	0.789	0.4	2.8070936096803e-12	7	DYSF
3.58837945682927e-16	-1.12124431879163	0.756	0.949	4.30354348257534e-12	7	RPS6
3.94109142065936e-16	-1.28424961124713	0.522	0.897	4.72655094079677e-12	7	ATP5MC2
4.25616772905404e-16	2.01306442077416	0.567	0.179	5.10442195745451e-12	7	EMID1
5.16624770981442e-16	1.8380091800999	0.633	0.276	6.19588087838043e-12	7	AGAP1
5.2814357105137e-16	-1.16464039831404	0.689	0.956	6.33402584761908e-12	7	RPL31
6.55850594480915e-16	-1.21292854252527	0.7	0.939	7.86561617960961e-12	7	RPS17
6.57913327813225e-16	-1.17768262955179	0.689	0.954	7.89035454046401e-12	7	RPS10
6.62812520666636e-16	1.58605649973404	0.856	0.617	7.94911056035497e-12	7	TJP1
8.34584555489126e-16	-1.03122059191374	0.756	0.984	1.00091725739811e-11	7	RPS14
1.15752181029195e-15	2.10369803937968	0.622	0.269	1.38821590708313e-11	7	ARHGAP27
1.17362037065211e-15	1.94904049248865	0.456	0.133	1.40752291052308e-11	7	RIN1
1.52144858125695e-15	-1.04031226331184	0.756	0.972	1.82467328350146e-11	7	RPS26
1.65792901992514e-15	-1.15249221830974	0.711	0.954	1.98835427359622e-11	7	RPL28
2.1182310735184e-15	-1.17178696491236	0.744	0.954	2.54039452647061e-11	7	RPL17
2.317729510089e-15	-1.24431285139098	0.678	0.92	2.77965300144974e-11	7	RPL18
2.96120603592965e-15	-1.11393512645502	0.756	0.958	3.55137439889043e-11	7	RPL13A
3.70573901875836e-15	-0.769552353305765	0.9	0.995	4.4442928051969e-11	7	ANXA1
3.71108119361782e-15	-1.06987364047268	0.733	0.968	4.45069967550585e-11	7	RPS19
4.60288927728072e-15	-1.03835473921113	0.811	0.976	5.52024511024276e-11	7	RPL21
5.57441973556315e-15	-1.22627488900954	0.611	0.911	6.68540158886088e-11	7	RPS16
5.83196665472242e-15	1.74263953612854	0.578	0.195	6.9942776090086e-11	7	NAV1
5.95741517153194e-15	1.76160877269513	0.667	0.285	7.14472801521826e-11	7	MEF2A
7.50573655209119e-15	1.62135520257934	0.733	0.382	9.00162984692296e-11	7	DIAPH2
8.31426929296466e-15	-1.09260167738217	0.756	0.969	9.97130316305251e-11	7	EEF1G
9.78876559947752e-15	-1.42470045290224	0.6	0.885	1.17396665834534e-10	7	CRIP1
1.04584415250116e-14	-1.30760640796702	0.544	0.905	1.25428089209464e-10	7	RPL37A
1.15598658091832e-14	1.26781003205049	0.733	0.346	1.38637470649534e-10	7	NOTCH1
1.29139246267188e-14	1.41388270695931	0.744	0.351	1.54876698048238e-10	7	RAPGEF6
1.4189062808061e-14	-1.11386887028192	0.711	0.935	1.70169430257075e-10	7	RPS11
1.45211270887594e-14	1.65925335904917	0.711	0.339	1.74151877175492e-10	7	ELMO1
1.46197171819822e-14	1.38906212146927	0.811	0.502	1.75334268163513e-10	7	GRB10
1.54173554803294e-14	-0.964179907783602	0.722	0.952	1.84900344275591e-10	7	RPL39
1.59067176312636e-14	-1.2262050129995	0.578	0.908	1.90769264551745e-10	7	RPL22
2.40103312964599e-14	1.43976366524148	0.822	0.431	2.87955903238443e-10	7	COL4A2
2.50717609277009e-14	-0.994574584315777	0.733	0.98	3.00685628805917e-10	7	RPL14
2.67101238481902e-14	1.35735104715984	0.844	0.469	3.20334515311345e-10	7	COL4A1
2.92604004568085e-14	1.52262393107931	0.822	0.51	3.50919982678504e-10	7	TCF4
3.20943714989822e-14	-1.14722746722835	0.633	0.892	3.84907797387293e-10	7	EIF5A2
3.27551246978504e-14	2.05922341023907	0.356	0.09	3.9283221050132e-10	7	TRIM24
3.48790418449625e-14	-1.37373599703703	0.478	0.8	4.18304348846636e-10	7	RACK1
4.03435872054939e-14	1.69912158644511	0.722	0.323	4.83840641355488e-10	7	TACR1
4.57842425953534e-14	-1.05213500679701	0.756	0.94	5.49090421446073e-10	7	MYL6P1
4.79202323682599e-14	-1.21882204249677	0.633	0.895	5.74707346792541e-10	7	EEF1B2
4.90293104464475e-14	-1.15977161159202	0.678	0.947	5.88008520184245e-10	7	RPL34
6.36195053953749e-14	-1.07708368355351	0.544	0.916	7.62988728206731e-10	7	RPL30
7.07153618968134e-14	1.21023119833875	0.822	0.425	8.48089335228484e-10	7	PIEZO1
8.17664313944081e-14	-0.909814929540995	0.811	0.982	9.80624811713136e-10	7	RPLP1
1.15324228695683e-13	1.52646770344424	0.622	0.255	1.38308347474733e-09	7	GNAL
1.89130517319969e-13	-0.911508322776156	0.767	0.974	2.26824229421839e-09	7	YWHAQ
2.0406029447904e-13	1.82593634779933	0.567	0.241	2.44729511168712e-09	7	PCDH17
2.57460343742464e-13	2.1489780629974	0.389	0.119	3.08772190250337e-09	7	DMD
2.79377499115768e-13	1.5017200763167	0.733	0.431	3.3505743468954e-09	7	ARHGAP21
2.81782258158979e-13	-1.11384129873381	0.711	0.933	3.37941462210064e-09	7	RPS21
3.60938698416194e-13	1.92854922487925	0.522	0.215	4.32873781010541e-09	7	ST8SIA4
3.78894519111877e-13	1.35282979226496	0.844	0.549	4.54408196770874e-09	7	DOCK9
4.27616122878901e-13	1.5028164353796	0.689	0.323	5.12840016168666e-09	7	PCDH1
4.50269711355541e-13	-1.04657125378353	0.611	0.903	5.40008464828701e-09	7	RPS3A
4.77999872642143e-13	-1.02014394353004	0.678	0.946	5.73265247259722e-09	7	RPS15
5.55755632842456e-13	-1.51515575162426	0.311	0.699	6.66517730467958e-09	7	ATP5MF
6.096518493382e-13	1.80707732054801	0.556	0.207	7.31155462911303e-09	7	GNAO1
8.29171769593738e-13	2.00675599034494	0.511	0.19	9.9442570327377e-09	7	PRKCE
9.20847183782441e-13	-1.00101866204449	0.733	0.943	1.10437202751028e-08	7	DYNLL1
9.55905930889498e-13	1.92652087275296	0.511	0.188	1.14641798291577e-08	7	LHX6
1.23117469596456e-12	-0.759166268013559	0.833	0.981	1.4765478128703e-08	7	HNRNPK
1.2847920231747e-12	-1.35524147738673	0.467	0.823	1.54085107339342e-08	7	RPL10A
1.32942700071809e-12	-0.952011393206611	0.756	0.97	1.5943818019612e-08	7	RPL19
1.36913019742627e-12	-0.985291583405481	0.8	0.951	1.64199784577333e-08	7	LGALS4
1.58117547458389e-12	1.50796626648065	0.589	0.244	1.89630374666846e-08	7	UBR4
1.60113356960978e-12	1.29879097538365	0.778	0.483	1.92023949003301e-08	7	NRK
1.70912439031525e-12	-1.27630184613141	0.511	0.776	2.04975288130508e-08	7	RPL6
1.71149400508394e-12	1.56089958905439	0.556	0.241	2.05259476029717e-08	7	ARID2
1.87955329111266e-12	-1.11028516890539	0.6	0.892	2.25414826203142e-08	7	RPL27A
1.88013813613263e-12	1.46426913786075	0.578	0.238	2.25484966666387e-08	7	INPPL1
1.89748450336764e-12	-0.792999986219025	0.8	0.958	2.27565316488881e-08	7	HNRNPA3
2.08974371154613e-12	1.29239950728876	0.767	0.456	2.50622963325728e-08	7	NOS3
2.3702331262981e-12	-1.07980163521369	0.722	0.94	2.84262058836931e-08	7	RPS24
2.40479954789067e-12	-1.00291572036779	0.522	0.893	2.88407609778528e-08	7	DBI
2.4164990362828e-12	-1.06597035417977	0.733	0.941	2.89810729421396e-08	7	RPL12
2.65425191586516e-12	1.23460657113724	0.8	0.495	3.18324432269708e-08	7	DYNC1H1
3.02560961765983e-12	1.47595587157803	0.589	0.25	3.62861361445943e-08	7	ZSWIM8
3.08526540895031e-12	1.26222158078221	0.722	0.394	3.70015880495411e-08	7	SCHIP1
3.34929879010512e-12	-1.12555954993035	0.489	0.822	4.01681403897308e-08	7	SNRPG
3.64598402467629e-12	-1.09999979327093	0.633	0.904	4.37262864079428e-08	7	RPL3
3.71342439542738e-12	-0.834153977244474	0.956	0.999	4.45350987743606e-08	7	TMSB4X
3.72835665001904e-12	-0.936558836194105	0.744	0.962	4.47141813036784e-08	7	RPS7
4.4708050422344e-12	-1.04576540485137	0.711	0.928	5.36183648715171e-08	7	RPS27A
5.7937269861133e-12	-0.797116604570284	0.756	0.935	6.94841677444568e-08	7	EEF2
6.33527862190099e-12	1.90310420832179	0.367	0.112	7.59789965124586e-08	7	USP43
6.52432128520392e-12	1.70407080241685	0.544	0.229	7.82461851734507e-08	7	CHD7
7.75025013810288e-12	1.43173428067563	0.589	0.263	9.29487499062678e-08	7	MCC
9.51798953697371e-12	1.82172409651242	0.444	0.157	1.14149248516926e-07	7	FHOD1
9.95879875934397e-12	1.56732373855013	0.467	0.182	1.19435873520812e-07	7	EBF1
1.32290813860398e-11	-1.46254526399489	0.389	0.713	1.58656373062775e-07	7	PPDPF
1.38275883350322e-11	-0.896326946895593	0.956	0.996	1.65834266902041e-07	7	Fth1
1.42739712469323e-11	-0.993577502326687	0.633	0.89	1.71187737164459e-07	7	RPL2
1.4288127474874e-11	1.76358433897335	0.422	0.141	1.71357512806164e-07	7	HYCC2
1.4915959083814e-11	-1.13960746764962	0.522	0.83	1.78887097292182e-07	7	RPL22L1
1.66649097187524e-11	4.36907867282586	0.133	0.007	1.99862262256998e-07	7	HS3ST5
1.91907145579948e-11	1.66863895468477	0.411	0.153	2.30154239694032e-07	7	GTF2I
2.14963244911614e-11	-0.840793702244429	0.767	0.942	2.57805419622498e-07	7	RPLP0
2.18720655881938e-11	1.81871202103142	0.511	0.209	2.62311682599208e-07	7	SUSD1
2.23993412751005e-11	-0.886649945945102	0.6	0.889	2.6863529991228e-07	7	RAC1
2.27050676006474e-11	-1.14061716910753	0.511	0.855	2.72301875734564e-07	7	RPL9
2.42899572983457e-11	1.70255393229405	0.433	0.152	2.9130945787906e-07	7	SOS1
2.82739487057413e-11	-1.44283600881942	0.322	0.674	3.39089466827955e-07	7	ATP5PF
2.8521815081194e-11	-0.562507192575241	1	1	3.4206212826876e-07	7	ACTB
3.29329676333771e-11	1.62415420613817	0.667	0.38	3.94965080827092e-07	7	MAGI1
3.54487330557945e-11	-1.49331761278971	0.367	0.683	4.25136655538143e-07	7	ATP5MC3
3.56444540920661e-11	1.38962302119389	0.522	0.22	4.27483937926149e-07	7	CASKIN2
3.56745027819741e-11	1.45448811706817	0.711	0.41	4.27844311864215e-07	7	SIK3
3.66109144157608e-11	-1.16358115080619	0.611	0.833	4.39074696588219e-07	7	RPL23A
3.81341352892504e-11	1.59739169948129	0.633	0.327	4.5734268452398e-07	7	APBB2
3.91145513815973e-11	1.85699228346748	0.389	0.121	4.69100814719496e-07	7	SNX25
3.95540692350882e-11	1.49880309378071	0.622	0.272	4.74371952336413e-07	7	JARID2
3.97543173430806e-11	1.27599675907436	0.822	0.509	4.76773527895566e-07	7	ESAM
4.40435127157558e-11	1.43361892502057	0.567	0.278	5.2821384800006e-07	7	ADAM12
4.69096284856321e-11	-0.998492087617216	0.633	0.915	5.62587174428185e-07	7	RPS25
4.74457678175126e-11	1.55651859163699	0.611	0.267	5.69017093435429e-07	7	ARHGEF7
5.22372847081678e-11	1.43520692192376	0.644	0.333	6.26481755505056e-07	7	KIF1B
5.35872670764278e-11	-1.14504358734485	0.556	0.865	6.42672094047599e-07	7	RPS5
5.64443612242861e-11	1.84746950934897	0.411	0.127	6.76937224162864e-07	7	CRLF3
5.69782517116121e-11	1.3131924916289	0.744	0.42	6.83340172777364e-07	7	XIRP2
6.66525206768135e-11	1.69665333085436	0.489	0.197	7.99363680477024e-07	7	PSME4
6.81772126975769e-11	2.17612270272821	0.267	0.066	8.17649311882039e-07	7	PCGF3
7.11513650194131e-11	1.94643163998589	0.278	0.069	8.53318320677821e-07	7	ZYG11B
7.50703629332104e-11	1.42965002281762	0.678	0.367	9.00318862657992e-07	7	LRCH1
8.11997150223297e-11	1.30730247523917	0.5	0.23	9.738281822628e-07	7	HDAC7
8.74055989047511e-11	1.52954334501911	0.5	0.198	1.04825534766468e-06	7	NSD3
9.02883066388683e-11	-0.985511328892157	0.544	0.825	1.08282766151995e-06	7	EIF4A1
9.19040659927309e-11	1.98010727792709	0.356	0.096	1.10220546345082e-06	7	GALNT10
9.32928993503621e-11	-1.45118684436743	0.378	0.669	1.11886174190889e-06	7	B2M
1.32185711551435e-10	2.60354392646288	0.267	0.049	1.58530323863636e-06	7	ATP8A1
1.428025859989e-10	1.27769546220418	0.756	0.443	1.71263141388481e-06	7	RAPGEF2
1.552979625266e-10	-1.00467392655858	0.611	0.824	1.86248846458151e-06	7	COX6B1
1.70207664874618e-10	-1.27223613660561	0.422	0.717	2.0413005248413e-06	7	SSR3
1.82144138917162e-10	2.01858142574173	0.333	0.081	2.18445465803353e-06	7	ARHGAP22
1.87449397056193e-10	2.65601134635702	0.256	0.048	2.24808061889492e-06	7	PAK3
1.90545226495469e-10	-0.905745579728941	0.611	0.863	2.28520890136016e-06	7	SET
1.98507480805269e-10	-1.21612425703357	0.389	0.697	2.38070021729759e-06	7	BTF3L4
2.14569681887681e-10	1.42193711997293	0.433	0.151	2.57333419487896e-06	7	GSK3B
2.26242820268825e-10	2.31076217723504	0.178	0.044	2.71333014348402e-06	7	PLEKHG2
2.3760913443759e-10	1.10695930940812	0.711	0.397	2.84964634931002e-06	7	DGKZ
2.45587834853571e-10	1.4537968069582	0.444	0.167	2.94533490339888e-06	7	NFATC3
2.45982152027935e-10	1.16005385169461	0.644	0.327	2.95006394927103e-06	7	ITPR2
2.53997805433159e-10	1.55914980710443	0.478	0.176	3.04619568055988e-06	7	INPP5A
2.59945891088023e-10	1.26250700862781	0.644	0.355	3.11753107181866e-06	7	APC
2.7554515123976e-10	1.50345560205637	0.567	0.267	3.30461299881845e-06	7	SPRED1
2.78096293172253e-10	1.81277188860088	0.422	0.144	3.33520884401483e-06	7	EDC4
2.93786216179207e-10	1.75851858643922	0.411	0.154	3.52337809063723e-06	7	SH3PXD2A
3.04890614956557e-10	-0.716651894803244	0.856	0.96	3.65655314517398e-06	7	EEF1A1
3.09247419450277e-10	-1.09689579167821	0.444	0.751	3.70880430146718e-06	7	LOC138504591
3.12501907590601e-10	1.61865081885309	0.422	0.159	3.74783537773408e-06	7	NKTR
3.13535662815184e-10	1.53457178438376	0.611	0.306	3.7602332041425e-06	7	TCF3
3.15945861014702e-10	-0.998991203706224	0.522	0.811	3.78913871114932e-06	7	SRSF3
3.74242848112748e-10	0.706394629134186	0.989	1	4.48829447741619e-06	7	unassigned-gene-4
4.09649522383888e-10	1.34271042882236	0.578	0.28	4.91292672194997e-06	7	ZZEF1
4.48877074988235e-10	1.20312352325622	0.633	0.339	5.3833827603339e-06	7	PPP1R12A
4.56553969851042e-10	-1.09411870700764	0.589	0.831	5.47545176042355e-06	7	RPL18A
4.82900526569164e-10	1.10199743392936	0.633	0.31	5.79142601514398e-06	7	LHFPL7
4.84549078819492e-10	1.14138251507001	0.667	0.359	5.81119710228216e-06	7	BDKRB2
5.39277159132771e-10	1.23108827296774	0.656	0.348	6.46755096947932e-06	7	ADGRL2
6.00157235211916e-10	-1.13440947673944	0.467	0.764	7.19768572189651e-06	7	SNRPF
6.34186211837841e-10	1.45237985312923	0.578	0.271	7.60579523857123e-06	7	TSC22D2
6.59273229537241e-10	1.81828277525589	0.4	0.136	7.90666384184013e-06	7	SCAPER
6.74689635763788e-10	1.50308374468367	0.444	0.188	8.09155280171511e-06	7	ZMYM2
6.92675154683582e-10	-0.847509648647625	0.7	0.911	8.30725313012019e-06	7	RPS4X
6.93424779134235e-10	-0.977560066901072	0.5	0.789	8.31624337615689e-06	7	NAP1L1
7.06847504565836e-10	1.12910213998644	0.7	0.379	8.47722212225807e-06	7	NHSL2
7.25391115386503e-10	-1.22300456082803	0.378	0.717	8.69961564683033e-06	7	COX6C
7.6028133717855e-10	1.46838434318125	0.478	0.2	9.11805407678235e-06	7	SBF2
8.17934078716018e-10	1.57606319004077	0.478	0.197	9.8094834060412e-06	7	GRK4
8.89239858692635e-10	-1.37549645490147	0.367	0.681	1.06646536253008e-05	7	TMEM176B
9.10628888752077e-10	1.45590037239658	0.456	0.206	1.09211722628037e-05	7	PAFAH1B1
9.41978450741184e-10	-1.1372132468657	0.4	0.715	1.1297147559739e-05	7	H3-3A
9.95981323920322e-10	-0.676135575491104	0.9	0.987	1.19448040177764e-05	7	PTMA
9.99225575087227e-10	-0.855461804336374	0.689	0.879	1.19837123220211e-05	7	H2AZ1
1.03573009974135e-09	-1.14464892312658	0.422	0.706	1.2421511086198e-05	7	NPM1
1.19431901225472e-09	1.40899513805175	0.533	0.248	1.43234679139709e-05	7	PACS1
1.3144522138489e-09	2.00209330295316	0.289	0.073	1.57642254006899e-05	7	CDC27
1.3525175640615e-09	1.71045913037939	0.389	0.147	1.62207431457895e-05	7	SPSB4
1.41437196069881e-09	2.16060043061415	0.278	0.071	1.69625629246608e-05	7	BACH2
1.4187993759463e-09	1.54882074012204	0.578	0.288	1.7015660915724e-05	7	PALD1
1.43522386995576e-09	-0.957959601434285	0.522	0.792	1.72126398723795e-05	7	COX7A2
1.50226220601634e-09	2.54909614244051	0.278	0.069	1.8016630636754e-05	7	LRCH4
1.57878753807223e-09	1.55991699406262	0.433	0.178	1.89343989441002e-05	7	ADAMTS20
1.58840844151567e-09	1.21801566934676	0.589	0.283	1.90497824390974e-05	7	UBR2
1.69533380407297e-09	2.2436479813765	0.344	0.115	2.03321383122471e-05	7	PHF24
1.71056876041143e-09	1.56732373855013	0.478	0.191	2.05148511436143e-05	7	PLCL2
1.75542964259848e-09	1.57635909713665	0.567	0.273	2.10528677036835e-05	7	MICAL3
1.80776695225526e-09	1.53877367107264	0.578	0.291	2.16805490583973e-05	7	PXDN
1.82896992592396e-09	1.32482789839682	0.5	0.223	2.1934836321606e-05	7	TANC2
1.93178734123183e-09	1.52381673399215	0.533	0.236	2.31679255833933e-05	7	HSD3B7
2.04205378593205e-09	1.93872811805251	0.378	0.113	2.4490351054683e-05	7	NPC1
2.15438458688601e-09	-0.926852423027862	0.8	0.96	2.58375343505239e-05	7	S100G
2.16598748810953e-09	1.57012092492543	0.333	0.111	2.59766879448976e-05	7	DOP1A
2.1771640020466e-09	1.91166622182521	0.333	0.106	2.61107278765449e-05	7	ARHGAP40
2.20490126208373e-09	1.6319257278327	0.522	0.238	2.64433808361701e-05	7	MEF2D
2.34887622018735e-09	0.962764211107852	0.811	0.527	2.81700725087068e-05	7	CRIM1
2.3690662696246e-09	1.78592066895145	0.378	0.114	2.84122117716079e-05	7	SACM1L
2.41376552179458e-09	1.1645764103853	0.767	0.56	2.89482899028824e-05	7	GASK1B
2.41665477963712e-09	-0.841326503078066	0.633	0.793	2.89829407721879e-05	7	CDC42
2.51641648988744e-09	2.45154083301783	0.178	0.032	3.017938296322e-05	7	FAM78A
2.58705522144541e-09	1.5183765432002	0.333	0.125	3.10265532707948e-05	7	DENND1A
2.58814922548101e-09	-1.24167918118517	0.378	0.699	3.10396736611938e-05	7	SNRPD1
2.59421783148831e-09	-0.847878553773735	0.622	0.912	3.11124544530393e-05	7	SLC25A5
2.76287332841806e-09	1.78118684106603	0.356	0.124	3.31351398277178e-05	7	MIDEAS
2.81481727681903e-09	-1.26819022373202	0.444	0.697	3.37581036008907e-05	7	LOC138510586
2.85961708784494e-09	1.25406950468986	0.6	0.323	3.42953877345243e-05	7	ERBIN
2.93622049149243e-09	1.69665333085436	0.344	0.116	3.52140923544688e-05	7	FBRSL1
2.96780210456633e-09	-0.954036517869685	0.467	0.777	3.5592850640064e-05	7	ANP32B
3.32889741594502e-09	1.73919902582045	0.344	0.116	3.99234667094286e-05	7	KDM4C
3.49925703057418e-09	-0.819065569499329	0.789	0.948	4.19665895676761e-05	7	NME2
3.5314377545536e-09	-0.788773496315878	0.633	0.878	4.23525329903613e-05	7	CALM1
3.61374510777905e-09	-0.600676182858383	0.867	0.988	4.33396450775941e-05	7	ZA20D3
3.62453112534165e-09	2.38115150512643	0.256	0.064	4.34690017862224e-05	7	ADAP1
3.66203261588643e-09	1.56123312160492	0.356	0.144	4.39187571623259e-05	7	GRAMD4
3.78798768970721e-09	-1.09494751988869	0.478	0.708	4.54293363626586e-05	7	ATP5MK
4.22845724833597e-09	1.69975924172219	0.544	0.25	5.07118877792933e-05	7	SMURF2
4.33344651030664e-09	-1.55744795020942	0.222	0.563	5.19710239981075e-05	7	MIF
4.42430123229662e-09	0.986107819089038	0.844	0.602	5.30606446789333e-05	7	PECAM1
4.6718035516472e-09	1.56401556227624	0.567	0.277	5.60289399949049e-05	7	ZNF609
4.75143133363897e-09	1.37719349155775	0.556	0.276	5.69839159843321e-05	7	MED13L
4.7968614808143e-09	1.34301637623966	0.622	0.336	5.75287597394059e-05	7	PKN1
5.05629129429636e-09	-0.74460591304031	0.733	0.933	6.06401014924963e-05	7	ANXA2
5.09773517623925e-09	1.7914039418399	0.367	0.126	6.11371379686374e-05	7	MTSS1
5.15017030110676e-09	-0.936549091140844	0.489	0.773	6.17659924211734e-05	7	PRMT1
5.1660854140108e-09	1.52055456179185	0.333	0.13	6.19568623702315e-05	7	DEPTOR
5.16896109683551e-09	1.41534019130226	0.522	0.222	6.19913504343482e-05	7	USP7
5.22246209763864e-09	1.93841107705774	0.489	0.182	6.26329879369802e-05	7	RARA
5.49415348470602e-09	1.5127784625397	0.556	0.259	6.58913827420793e-05	7	CDC42BPA
6.26808370212538e-09	3.11811709929264	0.1	0.012	7.51731278395897e-05	7	TERF2
6.40760463072588e-09	1.1381630414944	0.733	0.431	7.68464023362954e-05	7	NPR1
6.75197424298295e-09	1.0925820071855	0.656	0.368	8.09764270960945e-05	7	PREX2
6.82159991409116e-09	-0.99339121592435	0.467	0.727	8.18114477696953e-05	7	SLC25A3
7.33375383032229e-09	1.48191448206135	0.444	0.192	8.79537096870552e-05	7	SCRIB
7.40150175142120e-09	2.41591692328711	0.167	0.035	8.87662105047944e-05	7	PIK3AP1
7.43174092182018e-09	1.46176996533472	0.578	0.281	8.91288688753894e-05	7	SLC22A23
7.5296091218605e-09	1.47838879514059	0.567	0.27	9.03026021984729e-05	7	MYCBP2
7.61429091039507e-09	-0.729574755570314	0.7	0.867	9.13181908883681e-05	7	NACA
8.22398606372345e-09	1.44031357759458	0.433	0.176	9.86302648622354e-05	7	ARFGEF1
8.29227263324762e-09	1.39318406062133	0.389	0.162	9.94492256905387e-05	7	ARHGEF11
8.87508605016830e-09	1.35878369209798	0.556	0.311	0.000106438906999668	7	PLEC
9.1368307778646e-09	1.70630350088808	0.367	0.126	0.00010957801151893	7	RNF123
9.1764785414057e-09	-1.25301499359549	0.311	0.619	0.000110053507147079	7	LOC138567164
9.17942773863327e-09	1.50902632767859	0.433	0.165	0.000110088876869429	7	TBC1D2
9.28674466772693e-09	1.75110111487674	0.4	0.151	0.000111375928800049	7	ITPR3
9.46999915908252e-09	4.92547202135025	0.089	0.003	0.000113573699914877	7	CRISPLD2
9.79574433945643e-09	1.47261305663643	0.411	0.17	0.000117480361863101	7	RNF38
1.02342925155514e-08	1.15716846065103	0.644	0.382	0.000122739870139008	7	SPNS2
1.03126988025423e-08	-0.785847136203219	0.667	0.891	0.00012368019673889	7	GAPDH
1.0744393529868e-08	-1.18200662527637	0.422	0.671	0.000128857511603706	7	HSBP1
1.22299795679616e-08	0.836641048142572	0.8	0.589	0.000146674144958564	7	TIE1
1.22939777054915e-08	1.51796819475681	0.4	0.154	0.00014744167462196	7	UBE3C
1.3903274805984e-08	1.93872811805251	0.3	0.105	0.000166741974748166	7	HMCN1
1.45358118750732e-08	1.5183765432002	0.344	0.131	0.000174327991817753	7	ZFR
1.47054993632054e-08	1.32060996319138	0.6	0.317	0.000176363053862922	7	HOOK3
1.48947878535022e-08	1.6330882020769	0.344	0.119	0.000178633190727051	7	ZNF423
1.65173395186429e-08	1.62460554199071	0.489	0.213	0.000198092452847085	7	DOCK4
1.70523996291296e-08	1.37367638456429	0.478	0.211	0.000204509428752152	7	NPEPPS
1.77334486062143e-08	1.64060602068443	0.478	0.208	0.000212677249134328	7	CNOT2
1.77360088918236e-08	1.62335240754306	0.433	0.166	0.00021270795463964	7	GPR68
1.83130362049082e-08	-0.873389750031054	0.756	0.881	0.000219628243205464	7	CAV1
1.83466455020463e-08	1.50668238721029	0.344	0.132	0.000220031319506041	7	BRWD1
1.83808141047801e-08	2.78725587963527	0.222	0.053	0.000220441103558627	7	GRIN2A
1.84817460928268e-08	1.24262169995966	0.556	0.262	0.000221651580891271	7	TEAD1
1.9547413934334e-08	-0.725901018541649	0.711	0.87	0.000234432135314468	7	RBMX
2.07231138715638e-08	2.60354392646288	0.167	0.031	0.000248532304661665	7	ADAMTS6
2.12324000837518e-08	2.29868934493446	0.178	0.036	0.000254640174204435	7	PLEKHA2
2.37813812959132e-08	1.67754450790666	0.322	0.123	0.000285210105881887	7	FBXL17
2.42507381625446e-08	1.51137408253501	0.456	0.199	0.000290839102783397	7	SEMA7A
2.44062198808897e-08	1.74690810163406	0.356	0.116	0.00029270379503151	7	TOX4
2.59504786958057e-08	1.3384018576671	0.467	0.206	0.000311224090998798	7	MAST4
2.64853744109474e-08	1.33108450783982	0.611	0.317	0.000317639095310493	7	VASP
2.70854188479084e-08	-0.67182913467671	0.933	0.985	0.000324835428242965	7	VIM
2.82346079985967e-08	1.82393399488818	0.289	0.09	0.00033861765372717	7	KIF2A
2.87508869069577e-08	-1.05942108625955	0.356	0.68	0.000344809386675144	7	COX7B
2.89392741185904e-08	1.42193711997293	0.389	0.149	0.000347068714504255	7	CCSER1
3.07416344448937e-08	-1.99317828772075	0.244	0.521	0.00036868442189761	7	SGK1
3.20744272695511e-08	1.51365842294569	0.311	0.128	0.000384668606243726	7	MED14
3.22832140327745e-08	1.17513920344621	0.656	0.347	0.000387172585895064	7	ITPKA
3.42836745346892e-08	1.5133461174913	0.478	0.216	0.000411164108694528	7	ERC1
3.71026440649149e-08	1.18850642718404	0.522	0.26	0.000444972010270524	7	CDK13
3.71034480552953e-08	1.34169643557953	0.622	0.367	0.000444981652527156	7	EXOC3L2
3.75161334937447e-08	1.34342111604899	0.5	0.226	0.000449930988990481	7	SNX9
3.83153761267666e-08	2.03964304126956	0.211	0.055	0.000459516305888311	7	DTNB
3.83469706064705e-08	0.768881658409542	0.8	0.563	0.000459895218483401	7	ASAP1
3.83879377729069e-08	1.5144180359899	0.411	0.165	0.000460386537710473	7	MYO1E
3.86002538037477e-08	-0.855887692174415	0.778	0.938	0.000462932843868347	7	RPL38
4.00369926015353e-08	1.22377175700323	0.444	0.185	0.000480163652270212	7	ELF2
4.03907577035354e-08	2.76955387790181	0.178	0.034	0.0004844063571385	7	BMP7
4.13427817431423e-08	1.33301498408216	0.556	0.282	0.000495823981445505	7	OSBPL9
4.29704828641539e-08	-0.804222602373897	0.722	0.93	0.000515345000989798	7	TXN
4.34524176031962e-08	1.28161583157552	0.489	0.224	0.000521124844315132	7	TAOK2
4.37060765840389e-08	-1.20709607111103	0.389	0.668	0.000524166976472379	7	RSL24D1
4.50162282970413e-08	1.03779202970756	0.567	0.291	0.000539879625966417	7	BICD2
4.54022478736031e-08	-1.01746132418381	0.389	0.667	0.000544509158748122	7	UQCRH
4.62966067390999e-08	1.4594029507908	0.511	0.238	0.000555235204622025	7	PLA2G4A
4.71854106067323e-08	0.844376696922177	0.811	0.553	0.00056589462940654	7	KDR
4.72293720344682e-08	1.3217729580475	0.456	0.199	0.000566421858809377	7	SETD5
4.97261155030921e-08	1.14834930071206	0.544	0.264	0.000596365303228584	7	AP1G1
5.03582709582381e-08	1.47578837926451	0.422	0.18	0.000603946743602149	7	DCHS1
5.06186644793814e-08	-0.851695839227589	0.544	0.806	0.000607069643101221	7	OAZ1
5.17852743368916e-08	1.6416119672964	0.389	0.162	0.00062106079512234	7	SMG1
5.56248307992836e-08	-0.994715396871732	0.511	0.74	0.000667108595775808	7	COX6A1
5.83579815944979e-08	1.47506936851407	0.411	0.177	0.000699887273262814	7	KDM5A
5.88428030214262e-08	-0.902451739921148	0.7	0.919	0.000705701736635965	7	HMGN1
6.0456771429141e-08	1.718186492404	0.311	0.111	0.000725058059749688	7	TBCD
6.04574024321645e-08	1.16483359819967	0.644	0.382	0.000725065627368949	7	PLXND1
6.15333238228407e-08	1.43361892502057	0.567	0.291	0.000737969152607329	7	RASGRP3
6.46681926235468e-08	1.69141668248822	0.411	0.169	0.000775565634134197	7	LRBA
6.5231871467129e-08	1.21275397343072	0.6	0.334	0.000782325834505278	7	PPP3CA
6.64071271481972e-08	1.66325017258715	0.311	0.116	0.000796420675888329	7	DHRSX
7.04769319178926e-08	0.963627734696986	0.767	0.524	0.000845229844491286	7	ENG
7.13261499683359e-08	-1.08075259919038	0.544	0.809	0.000855414516570252	7	HMGN2
7.57360339810382e-08	1.62725999543669	0.367	0.154	0.000908302255534591	7	CSNK1G1
7.710504045234e-08	2.034701091105	0.278	0.075	0.000924720750144914	7	FCHO1
7.8384602050183e-08	-0.892702849697853	0.556	0.835	0.000940066532387845	7	NCL
7.92078625735572e-08	1.24671021662732	0.6	0.328	0.000949939895844672	7	SH2B3
8.26188451365843e-08	1.65601134635702	0.322	0.129	0.000990847809723055	7	CBL
8.28888722661476e-08	0.885456342502365	0.722	0.433	0.000994086245087908	7	ARHGAP31
8.30677856695534e-08	1.41634093358873	0.556	0.292	0.000996231953534953	7	FMNL3
8.74131265606051e-08	1.3140373092679	0.389	0.172	0.00104834562684134	7	GAB2
9.20583701050633e-08	1.40608238676427	0.744	0.52	0.00110405603267002	7	EGFL7
9.40059168070652e-08	-0.579455431125078	0.756	0.943	0.00112741296026713	7	HNRNPAB
9.4485186209771e-08	1.36068740256672	0.411	0.17	0.00113316083821378	7	PTPN9
9.51357276857531e-08	1.38760652726373	0.378	0.167	0.00114096278213524	7	TRIM71
9.79759632692443e-08	1.17494029790474	0.611	0.316	0.00117502572748805	7	NCOA2
1.01415139678045e-07	1.23864579260996	0.611	0.331	0.0012162717701588	7	IGF2BP2
1.02688271792601e-07	1.20384697331852	0.5	0.253	0.00123154044360866	7	TNRC6B
1.03732136716324e-07	1.82393399488818	0.256	0.08	0.00124405951563887	7	BLNK
1.03957357127811e-07	1.397639627915	0.389	0.162	0.00124676058403384	7	HOMER3
1.04936797995043e-07	-0.808074052274815	0.656	0.803	0.00125850701835455	7	ANXA5
1.06916959577516e-07	1.99868186830402	0.233	0.066	0.00128225509621315	7	PIAS4
1.07360042023203e-07	1.49460955490972	0.422	0.18	0.00128756898398427	7	SIRT1
1.08548139088838e-07	1.48424499809054	0.256	0.1	0.00130181783209243	7	DAPK2
1.10828385791657e-07	1.11139123610433	0.622	0.323	0.00132916483079934	7	VAV3
1.10922006777309e-07	1.36809535230099	0.433	0.197	0.00133028762728027	7	DVL1
1.11943603235268e-07	1.42383790422798	0.422	0.175	0.00134253963360057	7	MED13
1.13379664108525e-07	1.75110111487674	0.344	0.105	0.00135976231165354	7	KREMEN1
1.15434929069746e-07	-1.1395401290867	0.422	0.647	0.00138441110433347	7	CTNNB1
1.22296000257661e-07	1.2974407987372	0.456	0.208	0.00146669593109013	7	EXT1
1.24063636223084e-07	1.43361892502057	0.256	0.101	0.00148789518922344	7	SEC24B
1.24646628944163e-07	-0.86170501876973	0.611	0.807	0.00149488702092735	7	SRI
1.24925340164535e-07	1.76108520344936	0.267	0.088	0.00149822960459326	7	RNF157
1.2854141868554e-07	1.36475706687577	0.4	0.176	0.00154159723429568	7	AGO3
1.2908260109585e-07	1.36027277545052	0.433	0.188	0.00154808763494253	7	FKBP15
1.32043493323277e-07	1.37747584698304	0.433	0.213	0.00158359761542606	7	KDM4B
1.36800419840717e-07	1.80208960584496	0.333	0.106	0.00164064743514972	7	KLHL12
1.40032097910276e-07	1.37258949162301	0.344	0.139	0.00167940495023794	7	NR3C2
1.45723312236317e-07	1.04194541880724	0.522	0.303	0.00174765968365016	7	FBXL7
1.46820788066179e-07	1.40878707204063	0.478	0.233	0.00176082171127768	7	STAG1
1.49944768692199e-07	-0.992198413011517	0.367	0.646	0.00179828761092554	7	COX4I1
1.55913110806893e-07	1.02376166484741	0.611	0.369	0.00186986593790707	7	PLCG1
1.59048850652431e-07	1.20192694294636	0.589	0.303	0.0019074728658746	7	RGS3
1.60331362319656e-07	1.35280687943247	0.478	0.209	0.00192285402829963	7	HUWE1
1.63118083319732e-07	1.41629944882054	0.567	0.296	0.00195627517325354	7	LDB2
1.73881564051299e-07	1.68154643846416	0.356	0.126	0.00208536159766723	7	VPS13D
1.76339714103367e-07	-1.07406786222395	0.367	0.666	0.00211484219124169	7	ATP5IF1
1.82369833140254e-07	2.76704265874576	0.144	0.021	0.00218716140885106	7	ADAMTSL5
1.82896592537037e-07	1.16613861415558	0.489	0.243	0.00219347883429669	7	ZNF407
1.84885797454644e-07	0.970867535818225	0.689	0.465	0.00221733536887355	7	AKAP13
1.85479222745573e-07	1.21527333674682	0.578	0.301	0.00222445231838766	7	MICAL2
1.89926983017056e-07	1.90310420832179	0.222	0.065	0.00227779430732356	7	IPO13
1.9605265489691e-07	1.14690552271727	0.433	0.212	0.00235125949017864	7	AMMECR1
1.99790438168371e-07	1.16993304252595	0.544	0.319	0.00239608672495328	7	CDK17
2.06593071774697e-07	1.26291973786561	0.433	0.197	0.00247767070979394	7	ATP2B4
2.09065583268465e-07	-0.799231298582098	0.678	0.872	0.0025073235401387	7	RPS3
2.12670455097665e-07	1.69665333085436	0.344	0.13	0.0025505567679863	7	DGKQ
2.22416990418084e-07	1.17058451918678	0.522	0.264	0.00266744696608408	7	EHMT1
2.24593126459037e-07	2.15875908378999	0.178	0.043	0.00269354536562324	7	OCLN
2.28895269690962e-07	1.35806789201339	0.3	0.126	0.00274514096940371	7	SMC6
2.29800412756624e-07	1.76955387790181	0.233	0.071	0.00275599635019019	7	ETV6
2.33814559029556e-07	-1.35807940182406	0.222	0.497	0.00280413800644146	7	SEC61G
2.36153621262312e-07	1.43361892502057	0.478	0.228	0.0028321903797989	7	GIGYF2
2.39704909933844e-07	1.12710588251989	0.589	0.36	0.00287478098483659	7	ROBO4
2.50522955942384e-07	1.23298105632464	0.489	0.263	0.00300452181061701	7	FRYL
2.51360953236396e-07	1.99868186830402	0.211	0.063	0.0030145719121641	7	DYRK1B
2.55135656421511e-07	1.66292247354181	0.3	0.105	0.00305984192746318	7	ATM
2.58386623696759e-07	1.21053273351404	0.6	0.359	0.00309883077799523	7	MAP4K4
2.60593740102141e-07	1.19579646311452	0.489	0.253	0.00312530072504497	7	ROCK1
2.64508423205229e-07	-0.975271589923125	0.411	0.654	0.00317224951950031	7	YBX3
2.81362471836583e-07	1.41974675043901	0.378	0.167	0.00337438012473614	7	TRIO
2.8713311136923e-07	1.17586221793182	0.533	0.282	0.00344358740465117	7	TAOK3
2.96497964496934e-07	2.15423652509929	0.256	0.061	0.00355590008821173	7	ECD
3.01902813005463e-07	-1.09027487578567	0.356	0.612	0.00362072043637452	7	FTH1
3.02165390903223e-07	1.6193112423212	0.244	0.077	0.00362386953310235	7	CNOT6L
3.1090651584287e-07	1.60354392646288	0.311	0.103	0.00372870184450354	7	CC2D1A
3.13570995737739e-07	1.83095442256595	0.256	0.07	0.0037606569518827	7	UBN2
3.21312518252822e-07	0.848081988679287	0.7	0.426	0.0038535010314061	7	PEA15
3.22869031604665e-07	1.30546257352989	0.489	0.236	0.00387216829603475	7	MYO18A
3.27017615754657e-07	1.53745473600511	0.333	0.112	0.00392192226574561	7	TRIM33
3.38210112631791e-07	1.78955591207283	0.278	0.093	0.00405615388079307	7	SRPK3
3.54951884500549e-07	1.3472041732031	0.267	0.112	0.00425693795081509	7	COP1
3.62782784540745e-07	-0.911340138522134	0.444	0.67	0.00435085393499716	7	GNGT1
3.66784923385976e-07	1.72485022268502	0.278	0.096	0.00439885158616801	7	PHIP
3.68503846649569e-07	1.2983590954101	0.444	0.192	0.00441946663286828	7	EPS15L1
3.74605257949451e-07	-1.65447240460429	0.156	0.422	0.00449264085858777	7	LOC138566687
3.87620041463959e-07	1.35042498949417	0.556	0.271	0.00464872715727726	7	SCAF8
4.0068242730887e-07	1.18540051631622	0.444	0.22	0.00480538435071527	7	PPP1R16B
4.09596766854995e-07	2.89305054365787	0.111	0.016	0.00491229402489195	7	NEDD1
4.16337648857686e-07	-1.1937573309308	0.333	0.583	0.00499313742275023	7	ELOC
4.21114986718033e-07	1.36948858760085	0.367	0.153	0.00505043203570936	7	DOCK11
4.24875304603956e-07	1.71045913037939	0.289	0.11	0.00509552952811524	7	CCDC9
4.25198954636229e-07	1.52825579915864	0.278	0.101	0.00509941106295229	7	ZNF618
4.35781895842095e-07	1.05398676187292	0.489	0.244	0.00522633227683424	7	KMT2C
4.49362987340496e-07	2.18850642718404	0.144	0.036	0.00538921030717457	7	FAM219A
4.58880593763947e-07	1.43689405705343	0.411	0.176	0.00550335496101102	7	NEDD4
4.60624733624336e-07	-0.761397057384573	0.644	0.83	0.00552427243035666	7	LOC138516040
4.77879448740126e-07	1.31208111230257	0.467	0.247	0.00573120822874033	7	LARP4B
4.88318054592992e-07	1.67543684494467	0.311	0.112	0.00585639842873376	7	RASA2
4.89312435263628e-07	1.56486345829882	0.378	0.157	0.00586832403611669	7	CIC
5.01971677305067e-07	-0.907220241455009	0.478	0.688	0.00602014632591966	7	RPL4
5.19294029333383e-07	1.29449712287225	0.389	0.184	0.00622789329379527	7	PUM1
5.25195904021535e-07	2.45670253813361	0.133	0.027	0.00629867447693027	7	CREB1
5.2978324780936e-07	1.64271452374356	0.267	0.094	0.00635369049097765	7	TBC1D16
5.35133164785263e-07	1.54465023740931	0.267	0.102	0.00641785204526966	7	ELMO2
5.46302084463155e-07	1.42422022701832	0.322	0.134	0.00655180089896662	7	SYNJ1
5.46404245718662e-07	-0.920888959316258	0.478	0.714	0.00655302611890391	7	ABRACL
5.547617987359e-07	0.913228425595497	0.722	0.42	0.00665325825223965	7	TSPAN14
5.62295446139085e-07	1.95146722988319	0.211	0.058	0.00674360928554605	7	PLEKHA1
5.8481162970064e-07	1.57379658306883	0.333	0.123	0.00701364587499978	7	TARBP1
5.89835118040532e-07	1.24039316884901	0.533	0.28	0.00707389257066009	7	SPAG9
5.95525823610398e-07	-1.07452797864976	0.333	0.611	0.0071421412025595	7	PPIB
5.99123771069104e-07	1.15798448240714	0.378	0.165	0.00718529138643177	7	DDHD1
6.19647167803337e-07	1.68297839395729	0.267	0.085	0.00743142848346542	7	CBFB
6.22081599366946e-07	1.67462702452436	0.256	0.088	0.00746062462120778	7	KDM4A
6.22775074872339e-07	-1.01355119519908	0.311	0.559	0.00746894147294396	7	UBL5
6.4085268200325e-07	1.36650472916203	0.444	0.208	0.00768574621526498	7	TNK2
6.48307260491403e-07	1.31702116770672	0.478	0.255	0.0077751489750734	7	GIT2
6.49253359319338e-07	1.88365184565562	0.167	0.05	0.00778649553831682	7	SPECC1
6.55929190845784e-07	1.5353724238213	0.278	0.103	0.00786655878581348	7	ROBO3
6.92854950931044e-07	-1.29088270357958	0.3	0.545	0.00830940942651602	7	GSTM1
6.96879569356233e-07	2.48155340208427	0.167	0.031	0.0083576766752893	7	ARHGEF6
7.08723466074836e-07	1.33345476309514	0.322	0.132	0.0084997205286355	7	ZNF644
7.26239295366386e-07	1.82332513434279	0.233	0.067	0.00870978786932906	7	ZNF652
7.34696285219862e-07	-6.22459255773123	0.011	0.224	0.0088112125486418	7	HAPLN3
7.34734970530441e-07	-1.16541876091231	0.3	0.571	0.00881167650157158	7	FKBP1A
7.54445184214236e-07	1.4529842498875	0.5	0.254	0.00904806109428133	7	ATP8B2
7.59608311732465e-07	2.0730292097641	0.189	0.046	0.00910998248260745	7	SLC38A6
7.65999090748504e-07	1.16931286195073	0.411	0.197	0.00918662709534681	7	WAPL
7.76009825116959e-07	1.3159673363663	0.411	0.199	0.00930668583262769	7	HERC1
7.81705341019124e-07	1.58918863348581	0.389	0.164	0.00937499215484235	7	MAD1L1
7.98513208658421e-07	-0.816385727523738	0.456	0.712	0.00957656891144044	7	NDUFA4
8.00559710236187e-07	2.2459919218448	0.167	0.034	0.00960111260486259	7	LOC138489829
8.00649103004572e-07	-0.960458955622629	0.444	0.618	0.00960218469233383	7	H2AC1
8.61307644175963e-07	0.839539079544324	0.722	0.481	0.0103296625766023	7	PTBP3
8.77586721995095e-07	2.05465068044925	0.233	0.068	0.0105248975568872	7	KNTC1
8.89620385766783e-07	1.50274328567539	0.333	0.137	0.010669217286501	7	USP24
9.23918405139387e-07	1.26912488739232	0.467	0.248	0.0110805534328367	7	LOC138471710
9.27188851846516e-07	-0.695664091924397	0.533	0.734	0.0111197759001953	7	AKAP8L
9.29144830539356e-07	1.96882839054463	0.178	0.049	0.0111432339526585	7	JUP
9.32673989722487e-07	-0.831760300424425	0.522	0.726	0.0111855591587418	7	HNRNPH1
9.3967126303245e-07	1.75851858643922	0.267	0.08	0.0112694774575482	7	LOC138480882
9.55424122738091e-07	1.07413940223204	0.589	0.319	0.0114584015039979	7	ARRB1
9.73701304676557e-07	1.41488236243898	0.311	0.122	0.0116775997469859	7	ARRB2
9.87070861932633e-07	1.29593550289259	0.533	0.297	0.0118379408471581	7	SIPA1L1
9.93327340939724e-07	-0.632832724309267	0.7	0.876	0.0119129747998901	7	CD63
9.96839807546873e-07	-1.11291601226868	0.256	0.518	0.0119550998119097	7	SERBP1
1.01339948364914e-06	1.26331501483258	0.411	0.186	0.0121537000074042	7	DGKH
1.01548473435508e-06	1.34050952062909	0.344	0.143	0.0121787084191205	7	SUFU
1.020297245189e-06	1.58562201846562	0.333	0.133	0.0122364248615517	7	AATK
1.03843570767722e-06	1.33384579034808	0.411	0.175	0.0124539594421729	7	HECW2
1.04676359469193e-06	-1.13033945524264	0.389	0.599	0.0125538357911403	7	ITM2A
1.05845177379543e-06	1.32343600727015	0.3	0.116	0.0126940121231286	7	KIAA0753
1.07090123589945e-06	1.62003204925145	0.522	0.268	0.0128433185221421	7	PTGS1
1.09923896856027e-06	1.69100676771322	0.178	0.056	0.0131831729499433	7	ZNF687
1.11998886182148e-06	1.46152492159045	0.278	0.111	0.013432026419825	7	MARCHF6
1.13200309126073e-06	0.865857165053021	0.667	0.459	0.01357611307349	7	ZNF318
1.1581515912467e-06	1.76529499645949	0.289	0.101	0.0138897120338217	7	TTLL4
1.16212461363248e-06	2.0841697673693	0.144	0.036	0.0139373604912943	7	BNC2
1.16912777991477e-06	1.24806327186449	0.322	0.149	0.0140213494645179	7	HMGXB3
1.17201287612228e-06	1.53579931982705	0.256	0.091	0.0140559504233345	7	ELL
1.19642490755684e-06	-1.02978159581967	0.356	0.608	0.0143487239163292	7	LOC138488548
1.19693584744231e-06	1.68416238667117	0.233	0.077	0.0143548516183756	7	MAP2K5
1.24610131971064e-06	2.15875908378999	0.167	0.041	0.0149444931272897	7	CYP7B1
1.25104633668098e-06	-0.96060556352285	0.444	0.686	0.015003798715815	7	CAVIN2
1.26599339176725e-06	-0.726376959178011	0.611	0.793	0.0151830587474647	7	RHOA
1.27324343806247e-06	-0.852881032438966	0.633	0.814	0.0152700085526832	7	TUBA1C
1.30559453706839e-06	1.11279676735938	0.456	0.244	0.0156579952830612	7	SEMA3G
1.32278556216629e-06	2.096583937743	0.167	0.043	0.0158641672470603	7	BCL2
1.3654251514256e-06	1.46740723847685	0.378	0.176	0.0163755438410472	7	ST3GAL4
1.36545885528743e-06	1.17278963240307	0.356	0.134	0.0163759480514622	7	APLN
1.37548895230201e-06	2.4460026494764	0.133	0.026	0.016496239004958	7	DCP1B
1.39516149795382e-06	1.00907955797457	0.811	0.633	0.0167321718449602	7	FLI1
1.39818742441296e-06	1.47426090951792	0.367	0.15	0.0167684617809846	7	ZFYVE28
1.40234906145333e-06	1.18364067201222	0.378	0.159	0.0168183722940098	7	RGL2
1.44338462321918e-06	1.46776714743241	0.333	0.138	0.0173105117862676	7	MAP3K11
1.52171463063908e-06	1.59281751986982	0.433	0.212	0.0182499235652545	7	DNAAF9
1.53073001767462e-06	1.96308631315002	0.167	0.045	0.0183580451019717	7	ZNF516
1.57953446747601e-06	1.11602976585754	0.556	0.306	0.0189433568684398	7	FAM120C
1.5857993826363e-06	-1.10861827670275	0.267	0.524	0.0190184919959572	7	GNG5
1.60923035593649e-06	-1.32381077170535	0.211	0.458	0.0192994996587463	7	GMFG
1.61228530407752e-06	1.26412840484668	0.567	0.305	0.0193361376518017	7	CAMK2G
1.61878914799669e-06	0.815866489181744	0.711	0.49	0.0194141382519243	7	GNAI2
1.62434632667269e-06	1.13740208623603	0.544	0.306	0.0194807854957856	7	WNK1
1.62600846250142e-06	1.25304667937875	0.622	0.399	0.0195007194907795	7	LPP
1.68064672050571e-06	1.61373969356877	0.422	0.214	0.020155996119025	7	CHST3
1.69386612161667e-06	1.60354392646288	0.378	0.155	0.0203145363965487	7	KLHL3
1.73709106023595e-06	2.26794089467844	0.178	0.045	0.0208329330854097	7	DGAT1
1.7726078483055e-06	1.20901208261868	0.5	0.256	0.0212588859247279	7	CLASP1
1.79912950615629e-06	1.9132284255955	0.222	0.062	0.0215769601673324	7	SRF
1.85006944399267e-06	1.26650893918531	0.467	0.238	0.0221878828418041	7	CREBBP
1.86424521476699e-06	2.2459919218448	0.156	0.036	0.0223578928607006	7	ADCY6
1.91746631299267e-06	1.54696039809651	0.256	0.087	0.022996173491721	7	PHF12
1.94607762948679e-06	1.28161583157552	0.467	0.22	0.0233393090104351	7	RPTOR
2.00049073339938e-06	0.898976322699113	0.811	0.686	0.0239918853656588	7	LOC138504630
2.00069099475551e-06	-0.841003455088436	0.433	0.681	0.0239942871001028	7	PCBP2
2.029400024272e-06	-1.68185829239937	0.111	0.364	0.0243385944910941	7	PFDN5
2.08006326658683e-06	1.19360558184171	0.622	0.421	0.0249461987561758	7	ERG
2.11178937942012e-06	1.08097796287959	0.544	0.292	0.0253266900273855	7	PPP4R1
2.18380126364957e-06	1.28161583157552	0.344	0.166	0.0261903285549493	7	SYNE3
2.24490662503718e-06	1.39297694052322	0.333	0.14	0.0269231651540709	7	TEP1
2.26404490762144e-06	1.33052543205647	0.4	0.201	0.0271526905771039	7	RIN3
2.30517510165708e-06	1.25958952524552	0.356	0.16	0.0276459649941734	7	ANKRD28
2.30669760049927e-06	1.32293689118114	0.478	0.271	0.0276642243227877	7	RBMS3
2.31553901486297e-06	4.34050952062909	0.044	0.002	0.0277702594052516	7	CCN4
2.33274212320115e-06	-0.858736054483446	0.489	0.723	0.0279765762835513	7	PFN2
2.40059654420288e-06	3.08897075363312	0.067	0.007	0.0287903543546251	7	AMDHD2
2.41319143575883e-06	1.15329173459998	0.4	0.184	0.0289414048890556	7	PHF21A
2.45941235977464e-06	-0.815822094037469	0.533	0.698	0.0294957324307773	7	TUBA1A
2.47522915533506e-06	1.48380468218879	0.244	0.094	0.0296854232599334	7	AVEN
2.48895465497943e-06	1.49064987005695	0.3	0.132	0.0298500331771683	7	TESPA1
2.52033067848597e-06	1.11811709929264	0.533	0.328	0.0302263258270823	7	UTRN
2.5300772695458e-06	1.71601865572129	0.2	0.067	0.0303432166936628	7	ACSS2
2.59836927609418e-06	0.954775289456158	0.644	0.405	0.0311622427281975	7	ADAMTS4
2.61744593347515e-06	1.49574063692837	0.289	0.108	0.0313910290801674	7	BTBD8
2.62900760210904e-06	1.25608073946838	0.467	0.23	0.0315296881720937	7	SSH2
2.6322365435968e-06	1.01858142574173	0.544	0.305	0.0315684128673565	7	PRRC2A
2.65941390878837e-06	1.16030953535339	0.444	0.239	0.0318943510080989	7	DENND4A
2.67555329505834e-06	1.7841161721047	0.167	0.054	0.0320879106676347	7	MRTFA
2.68915390677457e-06	1.04895507478524	0.489	0.248	0.0322510228039474	7	RABGAP1
2.69011841952233e-06	-1.28519932243538	0.222	0.473	0.0322625902053313	7	CNIH1
2.75739598822111e-06	2.3140373092679	0.089	0.018	0.0330694500867358	7	BORA
2.80407316328107e-06	1.39842949655827	0.344	0.143	0.0336292494472299	7	MAP4K5
2.81278041974083e-06	-1.22934608770186	0.222	0.47	0.0337336755739518	7	NDUFAB1
2.82508960192001e-06	0.836743102755913	0.567	0.317	0.0338812995958267	7	AFDN
2.84622449897534e-06	1.2066537738943	0.433	0.252	0.0341347704162113	7	WIZ
2.85628261656606e-06	1.87018958584905	0.3	0.112	0.0342553974204767	7	CSGALNACT2
2.8702282630769e-06	-1.15388577026304	0.356	0.609	0.0344226475590812	7	RPL5
2.87478112497973e-06	1.49133442287686	0.3	0.123	0.0344772500318819	7	ITGA7
2.8827522924783e-06	1.59455514323563	0.344	0.141	0.0345728482436922	7	MYO1A
2.89544843533684e-06	1.95968773668816	0.167	0.045	0.0347251130849947	7	ALKBH8
2.91694962301896e-06	-0.748666735360523	0.767	0.945	0.0349829768288664	7	HMGB2
2.97664474540699e-06	1.66164688102645	0.2	0.065	0.035698900431666	7	CLCN6
3.01258818942703e-06	1.39124032275002	0.367	0.153	0.0361299701557984	7	STARD9
3.01779916841514e-06	1.13722592224034	0.522	0.308	0.0361924654268027	7	RGL3
3.09981166410459e-06	1.16153937958377	0.467	0.227	0.0371760412876063	7	KIF13B
3.14886661827604e-06	2.75554701990793	0.133	0.022	0.0377643573529845	7	PPP1R9A
3.16304642931877e-06	0.966492914593272	0.533	0.334	0.03793441582682	7	MBNL2
3.19916305776885e-06	1.75554701990793	0.211	0.063	0.0383675625518218	7	LRP5
3.2132258564068e-06	2.13641791603558	0.167	0.039	0.0385362176958868	7	MTMR2
3.23078940555087e-06	1.42193711997293	0.356	0.151	0.0387468573407716	7	ATG2B
3.24384457004994e-06	1.50400825291197	0.356	0.123	0.0389034279286089	7	RBM27
3.30363200014137e-06	1.48155340208427	0.422	0.218	0.0396204585776954	7	ARHGAP20
3.33303467653508e-06	1.68041268984715	0.378	0.164	0.0399730848756853	7	GRAMD1A
3.35197676157321e-06	1.07828767186599	0.556	0.311	0.0402002573015475	7	MACF1
3.53558429668138e-06	2.41089884852049	0.122	0.027	0.0424022624700998	7	CNDP1
3.56290670397953e-06	2.94057891374045	0.1	0.016	0.0427299401008265	7	LOC138516907
3.56933974314392e-06	1.38470932453962	0.278	0.115	0.042807091539525	7	SIN3A
3.68076040267049e-06	0.947420396820487	0.589	0.368	0.0441433595092271	7	PDE2A
3.70669561167454e-06	-1.22852939079871	0.278	0.559	0.0444544004708128	7	UQCR10
3.73443888983551e-06	1.01058863498819	0.578	0.383	0.0447871256057973	7	USP9X
3.82771206294408e-06	1.87562347189968	0.156	0.046	0.0459057507708884	7	PKNOX1
3.84291339277086e-06	1.8380091800999	0.189	0.057	0.0460880603195009	7	RTEL1
3.84695374580079e-06	1.78796849760031	0.256	0.074	0.0461365162733889	7	LOC138534787
4.07666163106579e-06	1.12241723672627	0.522	0.291	0.048891402941372	7	PARG
4.08370808549246e-06	1.20459341135167	0.5	0.259	0.0489759110693111	7	ECPAS
4.15443403643789e-06	1.3159673363663	0.322	0.139	0.0498241273989996	7	CWF19L2
4.16118744734003e-06	1.60354392646288	0.2	0.069	0.049905121055949	7	PPP2R3A
4.16743497394935e-06	1.3058633778222	0.433	0.201	0.0499800476425746	7	LRCH3
4.20747293640354e-06	1.21122650368412	0.478	0.252	0.0504602229262877	7	CLASP2
4.25665595014824e-06	-0.718384168424481	0.6	0.757	0.0510500748101278	7	HNRNPL
4.31397938867626e-06	-1.18541115726274	0.289	0.515	0.0517375548083943	7	BTF3
4.31471408976345e-06	1.02942880797872	0.633	0.368	0.0517463660785331	7	NFX1
4.36169544835919e-06	1.32269177457844	0.444	0.222	0.0523098135121718	7	CCNY
4.3988865893183e-06	1.7030796000138	0.244	0.096	0.0527558468656943	7	FBRS
4.46534068182773e-06	1.49165104639198	0.3	0.111	0.05355283079716	7	SYTL3
4.48043215618714e-06	1.10813301072002	0.356	0.157	0.0537338228491524	7	BICRA
4.51467433769592e-06	1.06165014763361	0.311	0.151	0.0541444893319871	7	TDRD7
4.58384433913727e-06	0.540005463940037	0.944	0.858	0.0549740451592733	7	unassigned-gene-2
4.6874966976296e-06	1.50245780134857	0.3	0.114	0.0562171478946718	7	CEP192
4.70635919183326e-06	1.79618900440528	0.167	0.055	0.0564433657876563	7	MAP3K8
4.72070542573891e-06	1.60354392646288	0.2	0.069	0.0566154201708867	7	KLF12
4.76866611774478e-06	1.38595249139026	0.389	0.16	0.0571906127501131	7	KDM2A
4.8557473421453e-06	-1.01384005195065	0.267	0.508	0.0582349778743486	7	ATP5MG
4.89869108566191e-06	1.43006110560738	0.356	0.164	0.0587500021903432	7	MAP4K3
4.9145692959169e-06	2.44307925426964	0.144	0.031	0.0589404295659314	7	DLG4
4.92542694319195e-06	1.92977215878387	0.222	0.059	0.059070645329701	7	ZFPL1
4.9474127881612e-06	1.39409056083393	0.333	0.157	0.0593343215684173	7	DENND5A
4.96387473416609e-06	1.48536250011457	0.333	0.143	0.0595317496868539	7	THSD7A
5.00774264489963e-06	1.4460026494764	0.244	0.099	0.0600578575402813	7	RB1CC1
5.03044731110293e-06	1.43979749994969	0.411	0.197	0.0603301546020575	7	LUZP1
5.03803972435379e-06	1.07139812418517	0.411	0.212	0.060421210414175	7	ATRNL1
5.06602069113924e-06	1.22914841168138	0.278	0.118	0.0607567861488329	7	MEGF8
5.11439030264715e-06	-1.00460820163016	0.322	0.558	0.0613368828996472	7	EEF1D
5.12443143313338e-06	1.45670253813361	0.278	0.109	0.0614573061775686	7	FANCD2
5.13210907231888e-06	1.17385965121964	0.433	0.21	0.0615493841043204	7	ZFPM1
5.22656544764905e-06	0.964133641719349	0.378	0.197	0.0626821994136551	7	OXSR1
5.25349510819124e-06	1.09047434422351	0.444	0.222	0.0630051668325375	7	TNPO1
5.27054269505455e-06	1.43021232357732	0.367	0.165	0.0632096185417893	7	RASSF8
5.3557391212878e-06	2.00020289642687	0.244	0.069	0.0642313792816046	7	DYNC2H1
5.37353802892952e-06	1.50400825291197	0.378	0.152	0.0644448415809517	7	MYO9A
5.37606075547385e-06	1.5907198861053	0.256	0.101	0.0644750966403979	7	LIN9
5.43450709655191e-06	-0.537965392815344	0.778	0.919	0.0651760436089471	7	HSPA8
5.47174709078686e-06	-0.849087860069074	0.411	0.644	0.0656226628598068	7	IFITM1
5.52250116189652e-06	1.53113543093483	0.311	0.122	0.0662313564346249	7	GPHN
5.56189273571771e-06	2.3556164130193	0.144	0.032	0.0667037795794624	7	FGGY
5.64218047990905e-06	1.54021799109405	0.322	0.139	0.0676666704955492	7	VTI1A
5.71937641293464e-06	0.904761526184564	0.556	0.311	0.0685924813203252	7	VMP1
5.7346827246348e-06	1.252469485916	0.444	0.205	0.0687760499165451	7	DLG1
5.76542182272948e-06	-0.692875635259932	0.6	0.764	0.0691447039199947	7	TPM3
5.81553014245248e-06	1.24254626689693	0.467	0.213	0.0697456529984326	7	UBAP2L
5.87275865001043e-06	-0.643745367531725	0.667	0.822	0.0704319944895751	7	SRSF2
5.94783098141e-06	1.21020149828336	0.478	0.265	0.0713323369600501	7	IGF1R
5.98556493709869e-06	1.09539702279256	0.422	0.216	0.0717848802906246	7	R3HDM2
6.09200632789758e-06	1.20218136408111	0.4	0.212	0.0730614318904756	7	HDAC5
6.13998259135721e-06	-0.978962922531962	0.4	0.592	0.073636811218147	7	SH3BGRL3
6.15449616583371e-06	1.21983963398883	0.322	0.137	0.0738108725168437	7	TTC7B
6.32768479597396e-06	1.94458084429795	0.178	0.051	0.0758879237581157	7	MOB3C
6.36985141367085e-06	1.3556164130193	0.389	0.188	0.0763936280041545	7	HIAT1
6.37309301948442e-06	0.995497812628684	0.489	0.272	0.0764325045826767	7	B3GNT2
6.50668852544567e-06	-0.829415480813224	0.456	0.644	0.07803471548567	7	MARCKS
6.52980979518147e-06	-0.873934147591869	0.4	0.592	0.0783120088736114	7	SPARC
6.58925082173744e-06	1.10972931379992	0.422	0.216	0.0790248851050971	7	MIA3
6.59553329502742e-06	1.22850449511596	0.3	0.136	0.0791002308072638	7	SLC44A2
6.62808720785056e-06	0.60937300526508	0.567	0.321	0.0794906498837517	7	ADD1
6.68508845877581e-06	2.23854710968363	0.211	0.074	0.0801742658860983	7	NOX4
6.68799943637123e-06	2.14411230782558	0.133	0.037	0.0802091772404002	7	NALCN
6.69037121486424e-06	1.3276020368497	0.422	0.204	0.0802376219798669	7	RERE
6.72021832502759e-06	1.04588877173746	0.556	0.328	0.0805955783720559	7	PLEKHG5
6.75461102599787e-06	1.50200590000082	0.222	0.084	0.0810080500347924	7	EVL
6.78082560800818e-06	-4.73630607642174	0.011	0.202	0.0813224415168421	7	RELN
6.79714574037893e-06	2.3556164130193	0.078	0.016	0.0815181688643645	7	RUNDC1
6.84788873684803e-06	1.3217729580475	0.378	0.198	0.0821267296210185	7	EXOC4
6.89023676529722e-06	-0.864604909275524	0.333	0.577	0.0826346095262095	7	SNRPD3
6.98699714685564e-06	1.59536999501718	0.322	0.142	0.0837950567822397	7	PRKCA
7.00216298259933e-06	1.51294137768197	0.256	0.098	0.0839769406503137	7	NEK1
7.04786364750877e-06	-0.982753784942094	0.4	0.615	0.0845250287245727	7	RBX1
7.13162140629859e-06	1.11169083013321	0.444	0.218	0.0855295355257391	7	HIP1
7.13371247602498e-06	1.16613861415558	0.444	0.213	0.0855546137249676	7	TNKS
7.23594644260507e-06	-0.744675466243408	0.578	0.754	0.0867807056861626	7	YWHAE
7.25744924663245e-06	1.59195595218767	0.278	0.11	0.087038588814863	7	SNCAIP
7.25873258464872e-06	-0.550664923055542	0.778	0.945	0.0870539798876922	7	HSP90AB1
7.31411180986189e-06	1.39264714396426	0.278	0.101	0.0877181429356736	7	TBC1D8
7.31835133225425e-06	1.47284023481829	0.267	0.104	0.0877689875277252	7	DBNDD2
7.33743044717554e-06	1.67065812232142	0.211	0.072	0.0879978033529762	7	ATP6V0A1
7.39119242240828e-06	1.72383816018059	0.211	0.077	0.0886425707219425	7	FSD1L
7.62806184343177e-06	1.59024710384942	0.244	0.09	0.0914833456882772	7	MIS18BP1
7.68964470924381e-06	1.60354392646288	0.189	0.065	0.092221908997961	7	FANCL
7.79837239092886e-06	1.36650472916203	0.2	0.083	0.0935258800844098	7	CERK
7.90355097867522e-06	2.20761525013174	0.156	0.042	0.0947872868872519	7	NAT16
7.91183412402118e-06	1.1010435859337	0.333	0.154	0.094886626649386	7	DENND6A
7.93900539961653e-06	1.91548793277762	0.189	0.049	0.0952124917576011	7	L3MBTL3
8.06038439430012e-06	2.39409056083393	0.122	0.032	0.0966681900408413	7	RELT
8.14226980042697e-06	1.72907480854674	0.211	0.067	0.0976502417165206	7	SHROOM2
8.20834965415429e-06	1.49574063692837	0.256	0.098	0.0984427374022724	7	TGFB1
8.27111239167208e-06	1.62082191789472	0.222	0.072	0.0991954509133233	7	AREL1
8.38618785471019e-06	0.984634093818388	0.511	0.295	0.100575550941539	7	DST
8.52440867551312e-06	1.20361331957425	0.322	0.154	0.102233233245429	7	EPB41L5
8.53555936222282e-06	1.32343600727015	0.467	0.233	0.102366963431138	7	NDEL1
8.58372697598383e-06	1.17545027435859	0.444	0.228	0.102944637622974	7	AKT3
8.61363800229147e-06	1.22739544057763	0.4	0.193	0.103303360561482	7	ANKHD1
8.6356578211756e-06	2.03875930767936	0.2	0.062	0.103567444249359	7	CDC14B
8.83751575336719e-06	1.89305054365787	0.211	0.059	0.105988326430133	7	TINF2
9.02580529017974e-06	1.48208041397721	0.333	0.135	0.108246482845126	7	BLTP3B
9.13079287617478e-06	-0.719028084989907	0.533	0.755	0.109505598963964	7	CALM2
9.13637312063886e-06	1.56401556227624	0.167	0.065	0.109572522835822	7	MEX3A
9.16594382149835e-06	1.52554141446161	0.244	0.097	0.10992716425123	7	POLR3B
9.2950995321344e-06	-2.39889100245417	0.289	0.479	0.111476128688888	7	CTSL
9.4063788989602e-06	1.54465023740931	0.356	0.146	0.11281070213523	7	PHLDB1
9.46675425208703e-06	1.01858142574173	0.4	0.201	0.11353478374528	7	MSI2
9.50992400451571e-06	-1.30563484574091	0.211	0.418	0.114052518586157	7	DYNLT1
9.54506866230224e-06	1.67462702452436	0.244	0.08	0.114474008466991	7	ALPK1
9.55681017058768e-06	1.19325995715467	0.378	0.168	0.114614824375858	7	TRRAP
9.82003916088292e-06	-1.23035815020628	0.211	0.462	0.117771729656469	7	GLRX
9.90268174478547e-06	1.90964705418856	0.167	0.046	0.118762862165212	7	FHL3
9.97926237082091e-06	-0.864802416982163	0.356	0.57	0.119681293613255	7	DAD1
1.00076818073009e-05	0.967234545741505	0.556	0.311	0.12002212791496	7	ITGA9
1.00571578454165e-05	2.01858142574173	0.122	0.03	0.12061549404008	7	FAM19A1
1.01561721074245e-05	-0.907726623694033	0.367	0.573	0.121802972084343	7	YWHAB
1.02272873622629e-05	1.57379658306883	0.222	0.082	0.122655857335619	7	MGAT4B
1.03607617011621e-05	1.22211481982686	0.367	0.164	0.124256615082037	7	PPP3CC
1.04418802468949e-05	0.948811147437551	0.367	0.184	0.12522946980101	7	PARD3B
1.04654776436027e-05	0.881845088949986	0.489	0.275	0.125512473379727	7	RAI1
1.04666845079816e-05	1.25562062304257	0.389	0.181	0.125526947304223	7	HYCC1
1.04892505595759e-05	3.0730292097641	0.089	0.01	0.125797581960994	7	ROBO1
1.05294294689485e-05	1.29066097117853	0.322	0.13	0.1262794476211	7	HMBOX1
1.06079278713729e-05	1.23854710968363	0.322	0.142	0.127220878961375	7	PPP1R12B
1.06550067329577e-05	1.06010069517999	0.411	0.212	0.127785495748361	7	TRAF2
1.06891159320605e-05	1.79618900440528	0.178	0.053	0.128194567373201	7	MASTL
1.07200349717084e-05	1.67754450790666	0.3	0.117	0.128565379415699	7	SLC8A1
1.07295696831269e-05	1.77065391229814	0.167	0.048	0.128679729209741	7	CLYBL
1.07689775452083e-05	1.37647501791696	0.389	0.169	0.129152347699683	7	PSD
1.10207600046726e-05	1.25871542946544	0.256	0.102	0.132171974736039	7	SIN3B
1.10505096122452e-05	1.38853103549203	0.278	0.11	0.132528761779657	7	KIF20B
1.13862485113146e-05	1.45579030601919	0.4	0.186	0.136555278396196	7	IGF2R
1.149018073077e-05	1.13887565945944	0.411	0.226	0.137801737504125	7	GIGYF1
1.152531086801e-05	1.33224190464549	0.267	0.117	0.138223053240044	7	NBAS
1.17424626060409e-05	1.18850642718404	0.278	0.135	0.140827354034248	7	TNFSF12
1.17563781079895e-05	-0.747928444038496	0.444	0.648	0.140994242649118	7	NCOA5
1.18862173270373e-05	1.12673022959735	0.467	0.252	0.142551404403158	7	NCOR2
1.19129423333261e-05	2.67065812232142	0.1	0.016	0.14287191740358	7	GMEB2
1.19860282059832e-05	1.72907480854674	0.178	0.056	0.143748436274357	7	PCYT1B
1.19966312737433e-05	1.25058893595489	0.367	0.195	0.143875598866004	7	ZEB1
1.20620956823296e-05	1.15329173459998	0.389	0.188	0.144660713518179	7	CCDC88A
1.21079140478884e-05	-1.58957070235132	0.122	0.322	0.145210213176326	7	GSTT1
1.21085872934614e-05	1.22914841168138	0.422	0.219	0.145218287410483	7	ATRN
1.25144230928613e-05	1.71902114388282	0.244	0.079	0.150085476152686	7	LOC138528761
1.25145641076396e-05	1.52150815759687	0.344	0.154	0.150087167342922	7	DIAPH3
1.25177941793113e-05	1.22638631085513	0.389	0.173	0.15012590559248	7	ADCY9
1.31726245031159e-05	-0.842160709062903	0.4	0.616	0.157979285665869	7	VDAC2
1.33599382060516e-05	1.52012791827524	0.2	0.071	0.160225738905177	7	JMY
1.34044129123412e-05	1.28161583157552	0.278	0.126	0.160759124057709	7	REV3L
1.38738925583505e-05	1.24208746738888	0.333	0.156	0.166389593452298	7	GAK
1.40948156189226e-05	1.40423511823948	0.267	0.107	0.169039123717739	7	CEP350
1.41345512359456e-05	1.46604040271295	0.244	0.086	0.169515672972696	7	COL24A1
1.41427760613104e-05	0.91797748480332	0.5	0.287	0.169614313303296	7	SGMS1
1.43641071883243e-05	1.61419117066239	0.244	0.106	0.172268737509574	7	CRISP3
1.43755923840383e-05	1.1132182998798	0.567	0.335	0.172406479461771	7	ARAP3
1.44294586153997e-05	0.951467229883189	0.4	0.204	0.173052497174489	7	SRGAP1
1.45681641080239e-05	1.26250700862781	0.289	0.123	0.17471599214753	7	SETD1B
1.45862055815072e-05	1.60354392646288	0.256	0.093	0.174932363539016	7	NCKAP5L
1.4632023024278e-05	1.52108176627091	0.178	0.059	0.175481852130166	7	PRKD3
1.47724974515156e-05	1.46968817972809	0.311	0.137	0.177166561936027	7	DOCK7
1.48247794113215e-05	1.58859358499691	0.222	0.083	0.177793579479978	7	GNA14
1.48706788586656e-05	1.43956819135176	0.211	0.09	0.178344051551976	7	FRMD4B
1.48966700002608e-05	1.23008553093544	0.3	0.142	0.178655763313128	7	VEZF1
1.51787637685884e-05	1.75554701990793	0.156	0.048	0.18203891387668	7	PDE5A
1.53016086388449e-05	-0.6868188533011	0.467	0.665	0.183512192405666	7	SRSF9
1.55397254512957e-05	1.95968773668816	0.222	0.062	0.186367927337389	7	DUSP16
1.55551827566991e-05	1.37324630704109	0.256	0.106	0.186553306801093	7	DDI2
1.55787708770209e-05	-0.570075558537172	0.644	0.824	0.186836199128111	7	H3F3A
1.56146721501462e-05	2.41089884852049	0.167	0.039	0.187266763096703	7	CLPB
1.57245506475978e-05	1.19076240112441	0.344	0.174	0.188584535916641	7	TUT7
1.5770008130845e-05	-1.42620341693117	0.111	0.314	0.189129707513224	7	HINT1
1.57967079036375e-05	1.14120071240568	0.411	0.204	0.189449917888325	7	TAOK1
1.5825243940128e-05	-0.619878623472055	0.422	0.668	0.189792150573955	7	ILF3
1.59782535717996e-05	-0.967691591146762	0.344	0.574	0.191627195086592	7	NUCKS1
1.60052968376019e-05	1.32343600727015	0.256	0.103	0.19195152497336	7	RAPGEF3
1.6078818607321e-05	0.787017358507027	0.7	0.484	0.1928332715576	7	GDPD5
1.612692520053e-05	-0.636770402870828	0.667	0.808	0.193410213929956	7	FSTL1
1.6366697820234e-05	1.26013610416507	0.344	0.157	0.196285806958067	7	ARID5B
1.6463873608496e-05	1.32936896302389	0.378	0.168	0.197451236186692	7	PPP1R37
1.66429956289484e-05	-1.07593617304256	0.233	0.438	0.199599446577978	7	TOMM20
1.66471749867089e-05	1.24097384707817	0.4	0.208	0.1996495696156	7	EYA3
1.67042876125065e-05	1.13610472922422	0.422	0.219	0.200334521336791	7	CAMTA2
1.68504035062428e-05	1.37221838035643	0.233	0.094	0.20208688925037	7	FAM193B
1.68697565209449e-05	2.27012019273769	0.144	0.044	0.202318989955692	7	TMEM88B
1.68988705254235e-05	1.83800918009991	0.156	0.043	0.202668154211405	7	EDEM2
1.69135508668256e-05	1.91704339927966	0.233	0.08	0.20284421554584	7	SORL1
1.69448812023107e-05	1.30314899312516	0.289	0.12	0.203219960259313	7	ZFYVE9
1.72762994608177e-05	1.18364067201222	0.356	0.16	0.207194659433587	7	SH3PXD2B
1.75563893189338e-05	1.87419151640655	0.178	0.055	0.210553777101972	7	UGGT2
1.75807273804808e-05	1.89459270846627	0.222	0.075	0.210845663474106	7	ATP11C
1.76528632506191e-05	1.63830934462356	0.211	0.07	0.211710788964675	7	CEP290
1.76967049878023e-05	1.05854783305937	0.489	0.282	0.212236582918713	7	PRKACA
1.81575285749305e-05	1.24279658268499	0.367	0.177	0.217763240199142	7	CENPE
1.8274521070235e-05	1.41818888445096	0.278	0.116	0.219166331195329	7	POGZ
1.86059173228171e-05	1.12683431639375	0.533	0.335	0.223140766452546	7	CUL9
1.87031424438339e-05	1.34367679970777	0.356	0.146	0.2243067873289	7	SLC39A11
1.885437111459e-05	1.32008997939016	0.367	0.147	0.226120472777278	7	THSD1
1.89777858268156e-05	1.41911935532545	0.211	0.082	0.227600585421	7	BANP
1.99821463656503e-05	1.36349283862993	0.289	0.12	0.239645881363244	7	TPR
2.01645783727749e-05	-0.923150919079094	0.367	0.562	0.241833788424689	7	HNRNPDL
2.02029698977837e-05	0.877718889901876	0.533	0.293	0.24229421798412	7	MGAT4D
2.02166754050248e-05	1.0100194122383	0.278	0.136	0.242458588132462	7	MAML2
2.04668824380513e-05	1.82218421293822	0.144	0.046	0.24545932107955	7	ABCA9
2.05051427461323e-05	1.06651590280543	0.422	0.237	0.245918176954365	7	SBF1
2.0572360200123e-05	1.74340159004584	0.311	0.13	0.246724315880075	7	UBTD1
2.0598291599241e-05	-3.6443835869807	0.011	0.175	0.247035311149698	7	GPNMB
2.06350724995196e-05	1.0925820071855	0.4	0.188	0.247476424486739	7	GRK5
2.08011020095542e-05	1.50593312983646	0.222	0.09	0.249467616400583	7	XPR1
2.11189973100558e-05	-1.27700167396026	0.311	0.509	0.253280134739499	7	CSF1
2.12630265836164e-05	1.07819091487988	0.511	0.297	0.255007477817311	7	KDM6B
2.13971333016611e-05	1.2174854941558	0.389	0.186	0.256615819686821	7	SETD1A
2.15417029016289e-05	2.44307925426964	0.144	0.029	0.258349642899235	7	IGFBP4
2.15497342325842e-05	0.995644614464566	0.467	0.249	0.258445962651382	7	PDE8A
2.15859639119968e-05	1.13405864316166	0.344	0.184	0.258880465196578	7	SMAD3
2.16842412985802e-05	0.953289965490007	0.356	0.18	0.260059105893873	7	ZC3H3
2.28864417938505e-05	1.7429469831283	0.2	0.059	0.274477096433649	7	RIPK3
2.29322464435229e-05	1.03555450434544	0.478	0.266	0.27502643159717	7	FMNL2
2.30318660408259e-05	1.01858142574173	0.433	0.218	0.276221169427625	7	PEAK1
2.33420000632147e-05	1.19604009986945	0.322	0.154	0.279940606758133	7	ABL1
2.37409623277418e-05	1.14411230782558	0.311	0.133	0.284725361196608	7	SEC24A
2.58662493874939e-05	1.28790209442295	0.367	0.174	0.310213928904214	7	SWT1
2.60392786158015e-05	1.13959682670309	0.522	0.347	0.312289068439307	7	SSBP3
2.60951908847019e-05	1.55518090490148	0.233	0.08	0.31295962428023	7	LOC138569515
2.62751069854647e-05	1.82332513434279	0.2	0.069	0.315117358076679	7	NFXL1
2.6796157951708e-05	1.84865642429941	0.156	0.046	0.321366322314834	7	PHLDB2
2.71830282216595e-05	2.36253582695909	0.111	0.023	0.326006057462362	7	LARGE1
2.72098132741872e-05	1.4460026494764	0.311	0.144	0.326327290597327	7	LOC138569657
2.80854988373165e-05	3.14411230782558	0.078	0.008	0.336829387555937	7	CASZ1
2.80854988373165e-05	2.51608108521254	0.078	0.014	0.336829387555937	7	SHC3
2.80854988373165e-05	2.43361892502057	0.078	0.016	0.336829387555937	7	SMARCAL1
2.80854988373165e-05	2.3556164130193	0.078	0.016	0.336829387555937	7	FAM227B
2.81881563846875e-05	1.37258949162301	0.333	0.145	0.338060559521558	7	FYN
2.84800477197261e-05	1.93611926554975	0.167	0.048	0.341561212302675	7	COG2
2.87052354744826e-05	-1.06291369224898	0.311	0.551	0.34426188904547	7	RPL8
2.8810407383087e-05	1.56792001673216	0.2	0.073	0.345523215745362	7	SENP7
2.88852048575515e-05	2.11811709929264	0.156	0.034	0.346420261856615	7	LOC138568991
2.89809005844413e-05	1.17159304424769	0.422	0.211	0.347567940709204	7	LOC138550342
2.91988347809676e-05	1.23270623109457	0.278	0.119	0.350181625528144	7	SCARF2
2.92252712942373e-05	0.988366812694718	0.478	0.279	0.350498678631788	7	F8
3.00297141050902e-05	1.32670372110406	0.378	0.197	0.360146361262346	7	NSD2
3.00792247945366e-05	1.37527493878976	0.3	0.137	0.360740142960878	7	DUSP9
3.0096520062295e-05	0.801770036668577	0.556	0.336	0.360947565107104	7	PDE4B
3.01537411249861e-05	1.70824130512958	0.233	0.08	0.361633817311959	7	FANCA
3.03746840859848e-05	0.993490444778895	0.467	0.272	0.364283586243216	7	FAR1
3.04861605812968e-05	1.25695377734125	0.433	0.232	0.365620523851492	7	MOB2
3.08898100766151e-05	2.01858142574173	0.167	0.041	0.370461492248845	7	TRIM8
3.08970062437269e-05	1.28763961920329	0.378	0.178	0.370547795881016	7	MCF2L
3.11843034362667e-05	1.0306542580423	0.389	0.19	0.373993351111147	7	KMT2D
3.13336456581961e-05	1.53315459857148	0.333	0.154	0.375784412378745	7	BAHCC1
3.1642875707863e-05	1.29509906093914	0.389	0.178	0.379493008364401	7	CLCN3
3.17100036329401e-05	1.40191006529323	0.333	0.155	0.38029807356985	7	WDFY3
3.17218591879752e-05	1.2611517290158	0.256	0.115	0.380440257241386	7	LOC138581099
3.20346802792278e-05	1.11344061208317	0.444	0.222	0.384191920588779	7	USP48
3.21970260632187e-05	-3.41140641500309	0.022	0.192	0.386138933576182	7	UNC5B
3.22380537072337e-05	1.20632770427128	0.433	0.232	0.386630978110854	7	FAF1
3.24318282044283e-05	1.13842119574773	0.378	0.207	0.388954915655708	7	NPTN
3.25101075432252e-05	1.24508995555041	0.333	0.165	0.3898937197659	7	UBR5
3.25159279133493e-05	1.11627809962886	0.244	0.131	0.389963523464798	7	VAV2
3.28049950892483e-05	3.38115150512643	0.056	0.005	0.393430306105355	7	PIR
3.28049950892483e-05	2.48806670904295	0.056	0.01	0.393430306105355	7	KCNK13
3.29026833321778e-05	-0.893874056384317	0.389	0.601	0.394601881202808	7	BZW1
3.30053046864861e-05	1.38595249139026	0.344	0.165	0.395832619105028	7	FGD3
3.30171903282939e-05	0.90310420832179	0.589	0.379	0.395975163607228	7	DAAM1
3.313341477864e-05	0.97551270384984	0.578	0.341	0.39736904344023	7	DBNL
3.37176811691009e-05	1.91166622182521	0.133	0.036	0.404376150261027	7	FHOD3
3.40301053678083e-05	-1.12243088378535	0.222	0.433	0.408123053676125	7	TXNIP
3.51183520837561e-05	1.33052543205647	0.244	0.097	0.421174396540487	7	SLC35F5
3.52443435884229e-05	1.51608108521254	0.211	0.079	0.422685412655955	7	UCK2
3.52592864100408e-05	1.06460995678613	0.544	0.311	0.422864621915619	7	HSD17B12
3.61150989007403e-05	1.24806327186449	0.322	0.146	0.433128381116579	7	SNX14
3.61438950207979e-05	1.23633495227465	0.5	0.27	0.43347373298443	7	DIP2C
3.64266475501204e-05	1.37088316967261	0.278	0.122	0.436864784068593	7	PPIP5K2
3.67727990954971e-05	1.20761525013174	0.344	0.168	0.441016179552297	7	TLK2
3.70406379647472e-05	-0.566049839748751	0.733	0.882	0.444228371111213	7	KRT8
3.73990707863987e-05	1.0138744230642	0.444	0.233	0.448527055941279	7	ARHGEF1
3.7818633136505e-05	-0.728028473832292	0.556	0.709	0.453558867206104	7	CSTB
3.83667575829893e-05	-1.11983260295537	0.222	0.439	0.460132523692791	7	ANXA4
3.84374471612822e-05	1.55518090490148	0.211	0.079	0.460980303805257	7	DUSP11
3.84574932051404e-05	-0.613373364807415	0.544	0.744	0.461220716009248	7	RAN
3.84848070070371e-05	1.51294137768197	0.233	0.098	0.461548290435396	7	TBL1X
3.85682214205728e-05	1.19755156678704	0.344	0.177	0.46254867949693	7	ZMYND11
3.87567577224271e-05	1.49819092631665	0.267	0.111	0.464809795365068	7	SMTN
3.91524451062426e-05	-1.12319253538644	0.244	0.427	0.469555274159168	7	ATP5PO
3.94904988645066e-05	1.25047731976662	0.378	0.21	0.473609552882028	7	MCTP2
3.97809947239084e-05	1.34258384886695	0.267	0.122	0.477093469723833	7	PPP2R5D
4.02089180037881e-05	0.928549224879253	0.411	0.218	0.482225553619431	7	HDAC4
4.06627688658571e-05	1.74372158451114	0.233	0.079	0.487668587008224	7	CREB5
4.21851817244312e-05	1.3651391871378	0.278	0.126	0.505926884421103	7	TSHZ2
4.22913856009659e-05	0.99984486316014	0.444	0.247	0.507200587512384	7	STAT5B
4.26639151036915e-05	1.33884070026847	0.311	0.145	0.511668333838572	7	ARFGEF2
4.27587080667684e-05	1.32343600727015	0.267	0.118	0.512805185844753	7	ADIPOR2
4.31484492243536e-05	0.915188276521298	0.522	0.337	0.517479351547673	7	PROM1
4.32046939662504e-05	2.01858142574173	0.156	0.042	0.518153894737241	7	SLF1
4.33481959540909e-05	1.62953913499583	0.144	0.045	0.519874914077412	7	NBEAL2
4.34800129771556e-05	-0.955131882737999	0.3	0.474	0.521455795635027	7	GLUD1
4.37541885847137e-05	4.60354392646288	0.033	0.001	0.524743983696471	7	LOC138581098
4.37541885847137e-05	3.60354392646288	0.033	0.003	0.524743983696471	7	PTPRN2
4.37541885847137e-05	3.28161583157552	0.033	0.004	0.524743983696471	7	LOC138569255
4.37541885847137e-05	3.01858142574173	0.033	0.005	0.524743983696471	7	LOC138516153
4.37564130243156e-05	3.60354392646288	0.033	0.004	0.524770661400616	7	TMEM132C
4.3941275601877e-05	0.857589549069421	0.556	0.356	0.526987718293311	7	FGR
4.48674619979436e-05	1.5133461174913	0.289	0.111	0.538095471741337	7	DMPK
4.49258574788858e-05	2.23431011679716	0.122	0.027	0.538795808744277	7	PLEKHM3
4.49258574788858e-05	1.97905306155509	0.122	0.033	0.538795808744277	7	SMG9
4.52437035290695e-05	1.71045913037939	0.222	0.069	0.54260773642413	7	SMG6
4.52590262588888e-05	1.52174983529923	0.256	0.112	0.542791501922853	7	PPP6R2
4.55335406700864e-05	1.41240243911087	0.289	0.115	0.546083753256347	7	DUS2
4.56401049216991e-05	1.64418591096023	0.244	0.08	0.547361778325937	7	NFATC1
4.56957743318423e-05	1.47426090951792	0.233	0.089	0.548029421561785	7	TSNARE1
4.58399813895362e-05	1.3385717163876	0.278	0.125	0.549758896804708	7	SUPV3L1
4.59285664227801e-05	1.09931269785458	0.422	0.22	0.550821297108401	7	EXOC6B
4.60125284101707e-05	1.77346892790519	0.167	0.055	0.551828253223177	7	SERINC5
4.60125284101707e-05	1.56401556227624	0.167	0.061	0.551828253223177	7	LOC138583049
4.69666840308561e-05	1.65245352694383	0.244	0.098	0.563271441582058	7	SMG7
4.76837074479099e-05	1.76704265874576	0.222	0.08	0.571870703422784	7	PLPPR5
4.91112071807094e-05	1.06297554510018	0.344	0.163	0.588990707718248	7	SAMD4B
4.93377600519151e-05	0.992109214380535	0.544	0.32	0.591707756302618	7	IQGAP2
5.05742609569966e-05	1.29611540127063	0.322	0.159	0.60653711165726	7	ADGRF5
5.06721404002817e-05	1.77346892790519	0.178	0.055	0.607710979820579	7	FIRRM
5.12950030836349e-05	1.50838669342254	0.289	0.116	0.615180971982034	7	MAML3
5.13775698543563e-05	1.72090087710104	0.244	0.097	0.616171195263296	7	PLOD2
5.15008089187641e-05	1.49501946968471	0.167	0.061	0.617649201362738	7	ACCS
5.19954881327216e-05	0.866578332296676	0.544	0.349	0.62358188917573	7	ARHGEF2
5.21668886168206e-05	1.21825377057809	0.4	0.209	0.62563749518153	7	AFF1
5.21821165452341e-05	1.43361892502057	0.256	0.104	0.625820123726993	7	A4GNT
5.31003358637865e-05	1.28161583157552	0.356	0.163	0.636832328014391	7	INPP5F
5.35211158075867e-05	1.28161583157552	0.411	0.24	0.641878741880387	7	MINK1
5.35569467164519e-05	1.45260202838814	0.3	0.129	0.642308461970408	7	VANGL2
5.36100232585211e-05	-1.04237178549014	0.278	0.48	0.642945008939444	7	EIF1B
5.38181002756931e-05	1.50732861120358	0.267	0.102	0.645440476606387	7	LPCAT1
5.38489219030324e-05	4.92547202135025	0.044	0.001	0.645810120383068	7	NR1I3
5.38489219030324e-05	3.92547202135025	0.044	0.003	0.645810120383068	7	KLF9
5.38489219030324e-05	3.92547202135025	0.044	0.003	0.645810120383068	7	OSBPL6
5.38489219030324e-05	2.46604040271295	0.044	0.008	0.645810120383068	7	LOC138568501
5.40436752953213e-05	1.73412803627303	0.222	0.082	0.648145797816788	7	LRRC20
5.53871598463976e-05	-1.09093833638181	0.278	0.487	0.664258208037847	7	LOC138580477
5.60662663284937e-05	0.814066495135534	0.5	0.302	0.672402732077624	7	KTN1
5.63874334422803e-05	1.01858142574173	0.5	0.292	0.676254489273268	7	SLCO3A1
5.65314536613033e-05	1.82113536153551	0.2	0.075	0.67798172376001	7	ARK2C
5.69791731295801e-05	1.04204039856571	0.322	0.153	0.683351223343054	7	PHKB
5.7770635392508e-05	-1.0936280778443	0.144	0.337	0.692843230262349	7	SF3B6
5.78495092943855e-05	1.22623907453915	0.389	0.197	0.693789164967565	7	PKN2
5.89161806870303e-05	1.17058451918678	0.344	0.182	0.706581754979555	7	EHBP1
5.97758185912857e-05	1.40624248608926	0.244	0.103	0.716891392365289	7	EFCC1
5.99676482641272e-05	2.0448129673149	0.211	0.08	0.719192005631678	7	PCBP3
6.01007425441922e-05	1.32600995093397	0.289	0.127	0.720788205332497	7	TNKS2
6.04758199215354e-05	1.76224167248194	0.222	0.077	0.725286508318974	7	PIKFYVE
6.09773758885091e-05	1.08696840072198	0.311	0.169	0.73130166903089	7	TBL1XR1
6.10733189829156e-05	1.57379658306883	0.233	0.086	0.732452314562107	7	ATAD2B
6.21119218046388e-05	0.964810169300745	0.533	0.338	0.744908278203033	7	SKI
6.23085801703751e-05	1.38115150512643	0.267	0.097	0.747266801983309	7	ARHGAP24
6.26233039827513e-05	-0.787588531123274	0.433	0.646	0.751041284665136	7	HNRNPA0
6.45752076263988e-05	1.02312535088667	0.467	0.255	0.7744504650634	7	UBAP2
6.61090178067593e-05	1.20868430912167	0.267	0.122	0.792845450556465	7	PLXNA1
6.616180426e-05	1.65358460896248	0.2	0.07	0.793478518490181	7	KLHL6
6.65705444727909e-05	1.11029759483334	0.5	0.303	0.798380539862181	7	ENTPD1
6.69030887813068e-05	-2.39080951039598	0.178	0.365	0.802368743754213	7	MRC1
6.75053644170616e-05	-0.68259794637142	0.567	0.741	0.80959183545382	7	CAPG
6.75555751061983e-05	1.1049961775592	0.411	0.198	0.810194012248637	7	CNOT4
6.76766071858917e-05	0.783625542941365	0.689	0.451	0.811645549980399	7	EIF4G1
6.83525449923209e-05	1.83800918009991	0.144	0.046	0.819752072092905	7	EIF2AK1
6.84077485128171e-05	1.43879916412625	0.278	0.115	0.820414127914216	7	PPP1R9B
7.04275385513954e-05	0.786088414436308	0.511	0.327	0.844637469846885	7	PSMD14
7.06622936811804e-05	-0.869277069401595	0.289	0.522	0.847452888118396	7	CBX3
7.08742092409846e-05	1.09047434422351	0.389	0.215	0.849994391427128	7	ITPR1
7.0928607196493e-05	-0.735257986988877	0.5	0.695	0.850646786107541	7	EIF2S2
7.10888147567756e-05	1.30314899312516	0.256	0.102	0.85256815537801	7	LRRC8E
7.16683446070113e-05	1.40714671365938	0.322	0.138	0.859518456871887	7	MMP16
7.18322642080796e-05	1.27262704834827	0.3	0.137	0.861484344647499	7	TMEM259
7.19308493390127e-05	1.165422814071	0.278	0.133	0.86266667612278	7	GULP1
7.23889064916693e-05	1.56792001673216	0.189	0.071	0.86816015555459	7	PASK
7.24678737250374e-05	1.13842119574773	0.233	0.11	0.869107209584374	7	MADD
7.33143068701271e-05	2.12549662965824	0.144	0.035	0.879258482293434	7	C5PH5orf22
7.33143068701271e-05	1.34480965806271	0.144	0.059	0.879258482293434	7	EXOC3L1
7.37094113341238e-05	2.30808804293671	0.1	0.024	0.883996970130147	7	TMEM63A
7.500266140226e-05	1.29234223816858	0.244	0.112	0.899506918197304	7	ZNF236
7.53962587010818e-05	1.32060996319138	0.267	0.123	0.904227330602074	7	KDM7A
7.56365378247105e-05	1.68600608665486	0.178	0.056	0.907108998131753	7	GSTCD
7.58479690349936e-05	1.46058597262084	0.222	0.087	0.909644692636679	7	WDR59
7.59722205657509e-05	-0.769226521390047	0.356	0.56	0.91113484124505	7	UBE2L3
7.63087131148559e-05	1.53315459857148	0.3	0.134	0.915170396386467	7	DENND2B
7.67851605195066e-05	0.973793503994888	0.322	0.179	0.920884430110443	7	BMPR2
7.6839744663905e-05	1.15068496174907	0.522	0.316	0.921539057754213	7	TANC1
7.70876344770559e-05	1.32343600727015	0.278	0.114	0.924512000283331	7	DDB1
7.71434686205689e-05	1.97127571096337	0.1	0.027	0.925181619166483	7	BBS7
7.72986323225531e-05	1.12549662965824	0.222	0.101	0.92704249744438	7	CCDC93
7.80975513179232e-05	-1.41621030787816	0.256	0.447	0.936623932955854	7	MMRN1
7.81623221650289e-05	-0.822720828239216	0.411	0.6	0.937400729725192	7	SNRPB
7.84535548908407e-05	1.18689717432238	0.433	0.231	0.940893483805852	7	RASA1
7.84624613322669e-05	1.87562347189968	0.156	0.047	0.941000298757876	7	SLC49A4
7.94213353144642e-05	1.28161583157552	0.278	0.122	0.952500074426369	7	TDRD10
8.0430248344368e-05	2.53315459857148	0.1	0.017	0.964599968394005	7	MIER2
8.07068585345299e-05	1.06402439650289	0.356	0.211	0.967917354404617	7	KAT6A
8.07640641134446e-05	1.01858142574173	0.333	0.179	0.968603420912541	7	PITPNM2
8.17833124288929e-05	0.995198498303775	0.411	0.222	0.980827265959713	7	LRRK2
8.18213236377788e-05	-0.887392882099638	0.322	0.498	0.981283134387881	7	TMEM167A
8.19763931276661e-05	1.41240243911087	0.311	0.118	0.9831428827801	7	NUP205
8.23744802856753e-05	1.82593634779933	0.122	0.041	0.987917142066104	7	KIF21B
8.28194552363898e-05	1.46968817972809	0.189	0.068	0.993253726650023	7	TBC1D14
8.33115733603865e-05	-0.875427878570061	0.278	0.47	0.999155699311115	7	EDF1
0.000859673202524622	5.18850642718404	0.022	0	1	7	AMZ2
0.000859673202524622	5.18850642718404	0.022	0	1	7	ASTE1
0.000859673202524622	5.18850642718404	0.022	0	1	7	CCDC30
0.000859673202524622	5.18850642718404	0.022	0	1	7	LOC138515534
0.000859688044008831	4.60354392646288	0.022	0.001	1	7	GK
0.000869911411611963	4.60354392646288	0.033	0.001	1	7	ITGA11
0.000862603405277903	4.41089884852049	0.033	0.003	1	7	RPS6KA2
0.000859688044008831	4.34050952062909	0.022	0.002	1	7	CACNA2D4
0.000859673202524622	4.18850642718404	0.022	0.001	1	7	C6PH5orf34
0.000859673202524622	4.18850642718404	0.022	0.001	1	7	EVI2B
0.000859673202524622	4.18850642718404	0.022	0.001	1	7	ZSCAN21
0.000859688044008831	4.01858142574173	0.022	0.002	1	7	HEXD
0.000869911411611963	4.01858142574173	0.033	0.002	1	7	AIRIM
0.000869911411611963	4.01858142574173	0.033	0.002	1	7	LOC138583088
0.000869911411611963	4.01858142574173	0.033	0.002	1	7	TRIM36
0.000869911411611963	4.01858142574173	0.033	0.002	1	7	CCDC171
0.00526776694187879	4.01858142574173	0.033	0.002	1	7	DHPS
0.000862603405277903	3.92547202135025	0.033	0.003	1	7	SYT5
0.00195857529306813	3.92547202135025	0.044	0.003	1	7	BBS5
0.00195857529306813	3.92547202135025	0.044	0.003	1	7	ITIH6
0.00519959292512951	3.92547202135025	0.033	0.003	1	7	LOC138515980
0.000186025955121992	3.86657833229668	0.056	0.004	1	7	FAM20C
0.000859673202524622	3.60354392646288	0.022	0.002	1	7	DNAH11
0.000859673202524622	3.60354392646288	0.022	0.002	1	7	IQCH
0.000859673202524622	3.60354392646288	0.022	0.002	1	7	LOC138513466
0.000859673202524622	3.60354392646288	0.022	0.002	1	7	LOC138568490
0.000859673202524622	3.60354392646288	0.022	0.002	1	7	PDZD7
0.000869911411611963	3.60354392646288	0.033	0.003	1	7	LOC138568940
0.00526776694187879	3.60354392646288	0.033	0.003	1	7	CDH2
0.00526776694187879	3.60354392646288	0.033	0.003	1	7	RCOR2
0.000432424878343367	3.60354392646288	0.044	0.005	1	7	VGF
0.000438726911709186	3.60354392646288	0.044	0.004	1	7	WHRN
0.000713923999966927	3.38115150512643	0.056	0.005	1	7	CMTM3
0.000862603405277903	3.34050952062909	0.033	0.005	1	7	KIF25
0.00195857529306813	3.34050952062909	0.044	0.005	1	7	DCX
0.00599517593062404	3.34050952062909	0.044	0.005	1	7	LOC138492659
0.000869911411611963	3.28161583157552	0.033	0.004	1	7	LOC138549616
0.00526776694187879	3.28161583157552	0.033	0.004	1	7	ADHFE1
0.00526776694187879	3.28161583157552	0.033	0.004	1	7	BBS10
0.00526776694187879	3.28161583157552	0.033	0.004	1	7	KCTD11
0.00526776694187879	3.28161583157552	0.033	0.004	1	7	MIGA1
0.00526776694187879	3.28161583157552	0.033	0.004	1	7	NQO1
0.00526776694187879	3.28161583157552	0.033	0.004	1	7	SALL2
0.00526776694187879	3.28161583157552	0.033	0.004	1	7	SLC24A3
0.000859673202524622	3.18850642718404	0.022	0.003	1	7	ADAMTS12
0.000859673202524622	3.18850642718404	0.022	0.003	1	7	CDK14
0.000859673202524622	3.18850642718404	0.022	0.003	1	7	GJA1
0.000859673202524622	3.18850642718404	0.022	0.003	1	7	SEMA5A
0.00484890972505738	3.14411230782558	0.056	0.009	1	7	RASSF4
0.00195857529306813	3.11811709929264	0.044	0.005	1	7	LOC138498633
0.00195857529306813	3.11811709929264	0.044	0.005	1	7	SPA17
0.00200660828666652	3.11811709929264	0.044	0.005	1	7	KCNQ3
0.000186025955121992	3.01858142574173	0.056	0.007	1	7	ELK4
0.000869911411611963	3.01858142574173	0.033	0.005	1	7	BEND4
0.00526776694187879	3.01858142574173	0.033	0.005	1	7	LRRC56
0.00526776694187879	3.01858142574173	0.033	0.005	1	7	ZNF718
0.00942557431751405	2.96611400584759	0.056	0.012	1	7	PRKG1
0.00195857529306813	2.92547202135024	0.044	0.005	1	7	LTBP2
0.00195857529306813	2.92547202135024	0.044	0.006	1	7	LOC138529510
0.00599517593062404	2.92547202135024	0.044	0.006	1	7	CROT
0.00169779526277843	2.90310420832179	0.067	0.011	1	7	LOC138511669
0.000186025955121992	2.86657833229668	0.056	0.007	1	7	FAM168A
0.000713923999966927	2.86657833229668	0.056	0.008	1	7	LOC138447763
0.000713923999966927	2.86657833229668	0.056	0.008	1	7	ZNF587
0.000859673202524622	2.86657833229668	0.022	0.003	1	7	TMEM161A
0.00192355281814652	2.86657833229668	0.044	0.008	1	7	SNX33
0.00497971045327052	2.86657833229668	0.056	0.008	1	7	ABTB2
0.000250980116916874	2.79618900440528	0.067	0.012	1	7	PRPF31
0.00526776694187879	2.79618900440528	0.033	0.005	1	7	FBLN1
0.00526776694187879	2.79618900440528	0.033	0.005	1	7	LOC138488252
0.00526776694187879	2.79618900440528	0.033	0.005	1	7	LOC138497543
0.00526776694187879	2.79618900440528	0.033	0.005	1	7	PGM2L1
0.00526776694187879	2.79618900440528	0.033	0.005	1	7	SLC26A8
0.00249274867070297	2.77346892790519	0.078	0.014	1	7	HYDIN
0.00195857529306813	2.75554701990793	0.044	0.007	1	7	FSIP1
0.00599517593062404	2.75554701990793	0.044	0.007	1	7	LOC138527299
0.00497971045327052	2.72907480854674	0.056	0.009	1	7	NOCT
0.000143038347915883	2.60354392646288	0.122	0.024	1	7	RBFOX1
0.000258041898101946	2.60354392646288	0.067	0.012	1	7	PARP6
0.000722380714989985	2.60354392646288	0.056	0.01	1	7	SULF1
0.000730238960810818	2.60354392646288	0.067	0.012	1	7	PIMREG
0.00175181768088471	2.60354392646288	0.067	0.012	1	7	IGSF8
0.00208341707236022	2.60354392646288	0.056	0.009	1	7	LOC138488444
0.00208341707236022	2.60354392646288	0.056	0.01	1	7	LRP3
0.00526776694187879	2.60354392646288	0.033	0.005	1	7	CFAP61
0.00526776694187879	2.60354392646288	0.033	0.006	1	7	CPEB1
0.00526776694187879	2.60354392646288	0.033	0.006	1	7	LMF1
0.000115003888374388	2.55623821168453	0.111	0.024	1	7	LOC138526580
0.000708794704431648	2.51608108521254	0.067	0.015	1	7	RNF122
0.00203215288539307	2.51608108521254	0.056	0.013	1	7	SRPX2
0.00192355281814652	2.48806670904295	0.044	0.011	1	7	NUDT13
0.00208341707236022	2.48806670904295	0.056	0.011	1	7	FAM117B
0.00208341707236022	2.48806670904295	0.056	0.011	1	7	SMO
0.00497971045327052	2.48806670904295	0.056	0.011	1	7	RBSN
0.00132662552408953	2.43361892502057	0.078	0.016	1	7	EIF2D
0.000656668869895896	2.40191006529323	0.1	0.019	1	7	TTF2
0.000713923999966927	2.38115150512643	0.056	0.012	1	7	DHX16
0.00497971045327052	2.38115150512643	0.056	0.012	1	7	ATAT1
0.000475614510908356	2.38115150512643	0.089	0.018	1	7	JMJD4
9.2778783893681e-05	2.3556164130193	0.078	0.016	1	7	LOC138491979
0.00132662552408953	2.3556164130193	0.078	0.016	1	7	CAB39
0.00200660828666652	2.34050952062909	0.044	0.009	1	7	PPM1E
0.000345749579585502	2.34050952062909	0.1	0.021	1	7	ABCB10
0.000258041898101946	2.32343600727015	0.067	0.015	1	7	ZNF334
0.00175181768088471	2.32343600727015	0.067	0.013	1	7	FAM149B1
0.00175181768088471	2.32343600727015	0.067	0.015	1	7	ZNF512
0.00310157846769651	2.28161583157552	0.089	0.02	1	7	IGSF9B
0.00189831166396982	2.28161583157552	0.1	0.027	1	7	MELK
0.00497971045327052	2.28161583157552	0.056	0.013	1	7	SLC25A19
0.00526776694187879	2.28161583157552	0.033	0.008	1	7	LOC138453646
0.00526776694187879	2.28161583157552	0.033	0.008	1	7	LOC138467116
0.000201351697510465	2.25562062304258	0.089	0.025	1	7	SMIM3
0.00111860786734159	2.25562062304258	0.1	0.025	1	7	NARS2
0.000730238960810818	2.24097384707817	0.067	0.016	1	7	FBXO21
0.000438726911709186	2.22503230320915	0.044	0.011	1	7	LOC138510309
0.00484044320440329	2.22503230320915	0.089	0.023	1	7	PHYKPL
0.00132662552408953	2.21122650368412	0.078	0.018	1	7	PRICKLE3
0.00147366571144455	2.21122650368412	0.144	0.037	1	7	GPATCH1
0.00258934687207278	2.21122650368412	0.078	0.018	1	7	INKA2
0.00467081112595888	2.21122650368412	0.078	0.017	1	7	TERF1
0.00677639358354466	2.21122650368412	0.067	0.018	1	7	GEN1
0.00505944027818538	2.18850642718404	0.089	0.02	1	7	TLR5
0.00015609453863558	2.18850642718404	0.122	0.036	1	7	RAB30
0.000859673202524622	2.18850642718404	0.022	0.006	1	7	BNIP3L
0.000345749579585502	2.17058451918678	0.1	0.024	1	7	LOC138581115
0.000168977643556354	2.16668006473086	0.233	0.086	1	7	KANK4
0.000316297368424147	2.1629713350769	0.133	0.033	1	7	TPRN
0.000730238960810818	2.1629713350769	0.067	0.016	1	7	DTX4
0.0036902779823522	2.1629713350769	0.067	0.016	1	7	KRCC1
0.00700499633479781	2.1629713350769	0.067	0.016	1	7	LOC138570265
9.2778783893681e-05	2.14411230782558	0.078	0.019	1	7	PDE1C
0.000757554423665531	2.14411230782558	0.111	0.028	1	7	PRKX
9.0589801371844e-05	2.12961273813047	0.089	0.021	1	7	RASGRP1
0.000949576796890395	2.12961273813047	0.089	0.022	1	7	DAGLA
0.00176145509322751	2.12961273813047	0.089	0.022	1	7	HDX
0.00195857529306813	2.11811709929264	0.044	0.012	1	7	GINM1
0.00599517593062404	2.11811709929264	0.044	0.012	1	7	LRRC41
0.00599517593062404	2.11811709929264	0.044	0.012	1	7	PNCK
0.00599517593062404	2.11811709929264	0.044	0.012	1	7	ZNF614
0.000180234226538968	2.11169083013321	0.144	0.038	1	7	FNIP2
0.00208341707236022	2.1010435859337	0.056	0.015	1	7	FTCDNL1
0.00497971045327052	2.1010435859337	0.056	0.015	1	7	PAFAH2
0.00497971045327052	2.1010435859337	0.056	0.015	1	7	RBM18
0.000730238960810818	2.08897075363312	0.067	0.017	1	7	ESCO2
0.000730238960810818	2.08897075363312	0.067	0.017	1	7	PTGR2
0.0036902779823522	2.08897075363312	0.067	0.016	1	7	LRRIQ1
0.0036902779823522	2.08897075363312	0.067	0.017	1	7	SAMD11
0.00467081112595888	2.07998197040587	0.078	0.02	1	7	EARS2
0.00788382270996963	2.07998197040587	0.078	0.02	1	7	PMS2
0.00306776707665565	2.0730292097641	0.089	0.023	1	7	LOC138527192
0.00505944027818538	2.0730292097641	0.089	0.023	1	7	GCNA
0.00758253744960538	2.0730292097641	0.078	0.023	1	7	FAM124A
0.00117474694816512	2.06749102622267	0.1	0.026	1	7	SGF29
0.00755105848971677	2.06749102622267	0.1	0.026	1	7	KIZ
0.00111860786734159	2.06297554510018	0.1	0.027	1	7	NEMP1
0.000238864852580846	2.05922341023907	0.111	0.03	1	7	BOK
8.76958628021133e-05	2.03794675060866	0.2	0.062	1	7	GAS2L1
0.00519078125125326	2.01858142574173	0.089	0.023	1	7	FUCA1
0.000257019213812984	2.01858142574173	0.078	0.021	1	7	FBXO46
0.000618380887366375	2.01858142574173	0.078	0.021	1	7	SAAL1
0.000869911411611963	2.01858142574173	0.033	0.009	1	7	THNSL1
0.00212295696016867	2.01858142574173	0.111	0.028	1	7	BRCA1
0.00478784990395865	2.01858142574173	0.1	0.029	1	7	CCAR2
0.00599517593062404	2.01858142574173	0.044	0.012	1	7	YJU2
0.00788382270996963	2.01858142574173	0.078	0.021	1	7	POLR3G
0.00175181768088471	2.01858142574173	0.067	0.018	1	7	GPATCH2L
0.0036902779823522	2.01858142574173	0.067	0.018	1	7	MAP1A
0.00700499633479781	2.01858142574173	0.067	0.018	1	7	MORN4
8.35297269279192e-05	1.98883408234767	0.167	0.044	1	7	NCAPH2
0.000172571786720829	1.97905306155509	0.122	0.031	1	7	TANGO6
0.000176691687470037	1.97127571096337	0.1	0.026	1	7	DPF3
0.00761229658916931	1.97127571096337	0.089	0.027	1	7	KCNMB2
0.00761229658916931	1.97127571096337	0.089	0.027	1	7	ZNF507
0.000257019213812984	1.95968773668816	0.078	0.022	1	7	MAPK7
0.000708794704431648	1.95968773668816	0.067	0.022	1	7	ARID3A
0.00258934687207278	1.95968773668816	0.078	0.022	1	7	RFX5
0.000258041898101946	1.95146722988319	0.067	0.019	1	7	TADA3
0.0036902779823522	1.95146722988319	0.067	0.018	1	7	BBS1
0.00484890972505738	1.95146722988319	0.056	0.019	1	7	ST6GAL2
0.00188520177185547	1.94643163998589	0.122	0.037	1	7	CDC42EP4
0.00200372159787082	1.94643163998589	0.111	0.036	1	7	KANK1
0.000334974621097007	1.94057891374045	0.144	0.048	1	7	TMEM26
0.00137054416004811	1.94057891374045	0.144	0.048	1	7	AFG3L2
0.00316536948448566	1.93369252815521	0.1	0.03	1	7	RMDN2
0.000438726911709186	1.92547202135024	0.044	0.012	1	7	DBF4B
0.00195857529306813	1.92547202135024	0.044	0.014	1	7	LRRK1
0.0033258072436736	1.92547202135024	0.1	0.027	1	7	SLC7A5
0.00127820016199977	1.91548793277762	0.078	0.026	1	7	HHIPL1
0.00670309822098823	1.91548793277762	0.067	0.025	1	7	UST
0.00795769899595193	1.91548793277762	0.089	0.026	1	7	CEP44
0.000825195376751711	1.91166622182521	0.133	0.037	1	7	NR2F6
0.000101485978517972	1.90964705418856	0.144	0.048	1	7	GAN
0.00121797003310339	1.90310420832179	0.111	0.034	1	7	ARMC9
0.00132662552408953	1.90310420832179	0.078	0.022	1	7	OARD1
0.00258934687207278	1.90310420832179	0.078	0.022	1	7	ANKLE1
0.00266004867746752	1.90310420832179	0.078	0.022	1	7	FANCG
0.00526776694187879	1.90310420832179	0.033	0.01	1	7	ENPP4
0.00993517032080584	1.90310420832179	0.1	0.035	1	7	UBE3D
0.000625620365295058	1.89305054365787	0.1	0.031	1	7	PPP2R3B
0.00066979707216167	1.89305054365787	0.1	0.028	1	7	TROAP
0.00205812097744232	1.89305054365787	0.111	0.032	1	7	ZNF653
0.00212295696016867	1.89305054365787	0.111	0.03	1	7	POLI
0.00187372271253189	1.88733689246347	0.133	0.037	1	7	ARNT
0.000866704135835148	1.88365184565562	0.167	0.048	1	7	CDC14A
0.000169945771419155	1.88107790199179	0.1	0.029	1	7	CEP164
0.00323299231154809	1.88107790199179	0.1	0.029	1	7	AAAS
0.000324326790345191	1.87771888990188	0.133	0.038	1	7	FBXO33
0.000731695927464683	1.87771888990188	0.111	0.038	1	7	TLN2
0.00125458745900336	1.87771888990188	0.111	0.037	1	7	EZH1
0.000731695927464683	1.86657833229668	0.111	0.035	1	7	RGS12
0.00993517032080584	1.86657833229668	0.1	0.036	1	7	SPICE1
0.00184632227915335	1.85938283089247	0.122	0.048	1	7	HTRA1
0.000153372086787364	1.85630999684285	0.122	0.037	1	7	KCNE3
0.000789574920929677	1.85630999684285	0.144	0.04	1	7	TRMU
9.27383990644912e-05	1.85222303931961	0.167	0.061	1	7	SHISA6
0.000106599596218379	1.85147143990647	0.156	0.055	1	7	RNF24
0.000266173221892013	1.84865642429941	0.078	0.023	1	7	SLFN13
0.00132662552408953	1.84865642429941	0.078	0.023	1	7	P2RY8
0.00478835051407633	1.84865642429941	0.078	0.023	1	7	THAP3
0.000277805464068276	1.84455202596668	0.122	0.038	1	7	B4GALT7
0.000804617240123194	1.84455202596668	0.122	0.037	1	7	MAP3K14
0.000909523031778333	1.84273159034231	0.156	0.05	1	7	PNPLA2
0.00199430040415204	1.8380091800999	0.1	0.03	1	7	UACA
0.00323299231154809	1.8380091800999	0.1	0.03	1	7	SPSB1
0.00517380146441082	1.83486947256934	0.167	0.073	1	7	DACH2
0.000134434992479091	1.8341568546043	0.178	0.063	1	7	KIF23
0.0036902779823522	1.82593634779933	0.067	0.021	1	7	ZNF485
0.00815081831427949	1.81927261751832	0.089	0.026	1	7	TEDC1
0.000443713530859979	1.81504803165659	0.111	0.034	1	7	GZF1
0.000210274311208827	1.8121305482743	0.133	0.037	1	7	FNDC3A
0.000288968099494538	1.8121305482743	0.122	0.037	1	7	ERMARD
0.004075498151772	1.8121305482743	0.122	0.04	1	7	TAB2
0.00058427110831785	1.80836371835138	0.178	0.052	1	7	TXLNG
0.00615974928185762	1.80836371835138	0.133	0.05	1	7	CTNNAL1
0.00374882469535018	1.79618900440528	0.156	0.049	1	7	GCH1
0.00467081112595888	1.79618900440528	0.078	0.024	1	7	BCL2L12
0.00788382270996963	1.79618900440528	0.078	0.025	1	7	AARSD1
0.00208341707236022	1.79618900440528	0.056	0.018	1	7	JMJD8
8.6139804493145e-05	1.78725587963527	0.211	0.069	1	7	ECT2
9.76867485892627e-05	1.78725587963527	0.189	0.069	1	7	CLSPN
8.4642709626657e-05	1.7825140675082	0.156	0.047	1	7	PDXP
0.00125458745900336	1.78042168854696	0.111	0.038	1	7	POLQ
0.000125042222057219	1.77757332623793	0.111	0.035	1	7	PHKA2
0.00689237404543243	1.77757332623793	0.111	0.035	1	7	MTRF1
0.00815081831427949	1.77346892790519	0.089	0.027	1	7	ZNF530
0.000491376914037681	1.76896753567025	0.211	0.084	1	7	KCNMA1
0.00700499633479781	1.76704265874576	0.067	0.021	1	7	HDAC10
0.000193505909676007	1.75554701990793	0.144	0.048	1	7	MCPH1
0.000493738172199897	1.75554701990793	0.156	0.047	1	7	SLC7A1
0.00599517593062404	1.75554701990793	0.044	0.014	1	7	HEMGN
0.00599517593062404	1.75554701990793	0.044	0.015	1	7	LOC138453113
0.000169945771419155	1.75554701990793	0.1	0.031	1	7	LYSMD2
0.00323299231154809	1.75554701990793	0.1	0.032	1	7	KANSL2
0.00799772416529852	1.74939479292634	0.122	0.041	1	7	GCFC2
0.000153551089840025	1.74793383579806	0.178	0.066	1	7	BRF1
0.00266004867746752	1.74556293133531	0.078	0.025	1	7	AHCYL2
0.000562209409639953	1.73847350654899	0.144	0.043	1	7	SLC7A6
0.00014301920250661	1.73564746247023	0.167	0.056	1	7	TTC7A
0.000193505909676007	1.72907480854674	0.144	0.048	1	7	NCK2
0.000493738172199897	1.72907480854674	0.156	0.049	1	7	SPG11
0.000503646638913308	1.72907480854674	0.144	0.048	1	7	DEPDC5
0.00795769899595193	1.72907480854674	0.089	0.029	1	7	ANKRD54
0.00194828289921631	1.72907480854674	0.111	0.038	1	7	RAB4B
0.00105897679118923	1.72622644623771	0.278	0.133	1	7	ANLN
0.00246160791232444	1.72090087710104	0.167	0.053	1	7	BRD1
0.000187829229436654	1.7137268442133	0.167	0.056	1	7	NECAP1
0.000205610996700259	1.7137268442133	0.167	0.054	1	7	ICOS
0.000132833454651691	1.71277299621764	0.222	0.076	1	7	AFG2A
0.000917674600489959	1.71225018590538	0.211	0.079	1	7	BRIP1
0.00683268684514651	1.71045913037939	0.133	0.047	1	7	RIMKLB
0.00707726209322673	1.7054235404821	0.111	0.036	1	7	SYT3
0.000160467910635086	1.70172432040179	0.178	0.062	1	7	METAP1D
0.000521859845599578	1.69665333085436	0.122	0.037	1	7	ATG16L2
0.00132662552408953	1.69665333085436	0.078	0.026	1	7	PEX3
0.00132662552408953	1.69665333085436	0.078	0.027	1	7	LOC138579953
0.00612780900980341	1.69665333085436	0.122	0.04	1	7	SIRT7
0.00806716595104239	1.69665333085436	0.078	0.026	1	7	ZNF518A
0.000304623977525856	1.69100676771322	0.156	0.052	1	7	GPR176
0.000637543360882701	1.69100676771322	0.144	0.056	1	7	BEND2
0.000525534544385817	1.68927380048877	0.133	0.043	1	7	ENTPD7
0.000825195376751711	1.68927380048877	0.133	0.042	1	7	ZC3H4
0.00176145509322751	1.68600608665486	0.089	0.029	1	7	SAR1B
0.000329218471096183	1.68297839395729	0.133	0.045	1	7	RHOBTB2
0.000330302936274673	1.68297839395729	0.133	0.042	1	7	RAB11FIP3
0.00271021497893003	1.68297839395729	0.133	0.041	1	7	POU6F2
0.000242104100208689	1.68154643846416	0.189	0.063	1	7	STK17B
0.00599517593062404	1.67754450790666	0.044	0.016	1	7	ARSB
0.000713923999966927	1.66494447112703	0.056	0.012	1	7	MMP11
0.000375578039079076	1.66494447112703	0.178	0.061	1	7	DDX56
0.00449470100122843	1.66494447112702	0.111	0.041	1	7	C7PHXorf38
0.00125896925064349	1.66012745482925	0.133	0.044	1	7	NR2C2
0.00188520177185547	1.66012745482925	0.122	0.043	1	7	WDSUB1
0.00181208549900718	1.65601134635702	0.133	0.048	1	7	MTFR1
0.00289643839678172	1.65601134635702	0.122	0.047	1	7	HAUS1
0.000525436368478728	1.65245352694383	0.144	0.049	1	7	IRF5
0.00240366522590291	1.65245352694383	0.144	0.049	1	7	SYDE1
0.000457459585418774	1.64934761607601	0.156	0.056	1	7	DOP1B
0.000704528177257714	1.64934761607601	0.156	0.055	1	7	TBKBP1
0.00258934687207278	1.64934761607601	0.078	0.027	1	7	LOC138521753
0.00788382270996963	1.64934761607601	0.078	0.027	1	7	MMAA
0.000279809880065582	1.64661264835477	0.156	0.058	1	7	MAP2K7
0.000633695905743593	1.64661264835477	0.167	0.058	1	7	CAPN15
0.0034779545812912	1.64661264835477	0.156	0.058	1	7	IPO9
0.00230540562766115	1.64201807427752	0.156	0.059	1	7	RIPOR2
0.00530657808051932	1.640069802488	0.1	0.032	1	7	ADORA2A
0.000443713530859979	1.63671079039808	0.111	0.038	1	7	GPR107
0.000443713530859979	1.63671079039808	0.111	0.038	1	7	POC1B
0.00177235684375306	1.63525278619022	0.189	0.075	1	7	NT5DC2
0.000824535632242267	1.6339175755064	0.122	0.042	1	7	GOLGA5
0.000201659948787923	1.63155830263248	0.133	0.045	1	7	MIA2
0.00271316151728886	1.63155830263248	0.133	0.046	1	7	AATF
0.0028920943916768	1.63155830263248	0.133	0.043	1	7	ELL2
0.00821455025526405	1.63155830263248	0.122	0.045	1	7	GALT
0.000177205043918817	1.63051097406315	0.222	0.088	1	7	KAZN
0.00474176482328976	1.62953913499583	0.144	0.048	1	7	PDHX
0.00158215594840162	1.62779147270956	0.144	0.052	1	7	AMPD2
0.000216478330453563	1.62491757725545	0.156	0.052	1	7	RPS6KA6
0.000129036108114348	1.62372180840051	0.167	0.059	1	7	CAMKMT
0.000230287061328031	1.62372180840051	0.267	0.122	1	7	MMP14
0.0054024206914386	1.62372180840051	0.167	0.063	1	7	SPIDR
0.000252417615730219	1.618043496158	0.233	0.086	1	7	TTC27
0.000113311436189536	1.60354392646288	0.189	0.068	1	7	TBC1D25
0.000127532990223029	1.60354392646288	0.167	0.059	1	7	DVL2
0.000776475133180414	1.60354392646288	0.122	0.047	1	7	ABCD1
0.00115285397977852	1.60354392646288	0.111	0.046	1	7	KAT2B
0.00176145509322751	1.60354392646288	0.089	0.031	1	7	CLCN7
0.00176145509322751	1.60354392646288	0.089	0.031	1	7	WDR11
0.00271021497893003	1.60354392646288	0.133	0.046	1	7	IGFBP6
0.00360578078880942	1.60354392646288	0.133	0.049	1	7	PIGG
9.20317543977483e-05	1.60354392646288	0.167	0.056	1	7	ABHD14A
0.000193505909676007	1.60354392646288	0.144	0.052	1	7	SLC30A9
0.000210274552694158	1.60354392646288	0.156	0.053	1	7	GPC2
0.000213256210096799	1.60354392646288	0.167	0.056	1	7	AGPAT4
0.000351796837602229	1.60354392646288	0.211	0.074	1	7	DNAJC16
0.000557435342461004	1.60354392646288	0.178	0.069	1	7	ANKS1A
0.00205812097744232	1.60354392646288	0.111	0.039	1	7	TTL
0.00206757719304761	1.60354392646288	0.122	0.041	1	7	CEP104
0.00228268501720405	1.60354392646288	0.178	0.075	1	7	TICRR
0.00317684384859528	1.60354392646288	0.111	0.039	1	7	TESC
0.00467081112595888	1.60354392646288	0.078	0.026	1	7	TDP1
0.00974431174090027	1.60354392646288	0.111	0.038	1	7	PPM1M
0.00459112646887444	1.60354392646288	0.078	0.031	1	7	GRIK2
0.00755105848971677	1.60354392646288	0.1	0.035	1	7	ACSF2
0.00116253080755549	1.58364436902518	0.167	0.064	1	7	DLG3
0.000609370199650705	1.58248231093505	0.178	0.059	1	7	MIB1
0.00117088957687723	1.57800883435574	0.144	0.049	1	7	SCLT1
0.00272690361817637	1.57800883435574	0.122	0.049	1	7	VEZT
0.0077390781185086	1.57800883435574	0.122	0.049	1	7	LOC138525759
0.000117180436756998	1.57251703084226	0.211	0.082	1	7	CEP57
0.00205812097744232	1.5711224487705	0.111	0.039	1	7	MITF
0.00503140626810679	1.56792001673216	0.1	0.037	1	7	CTC1
0.00774346497150594	1.56792001673216	0.1	0.035	1	7	THEMIS2
0.000378590389230605	1.56401556227624	0.189	0.064	1	7	AKT2
0.00334779387877592	1.56401556227624	0.167	0.064	1	7	BAHD1
0.00315310271632767	1.56401556227624	0.089	0.03	1	7	ADAM19
0.000223062745813399	1.55914980710443	0.167	0.057	1	7	DENND2A
0.000496281589205922	1.55914980710443	0.156	0.057	1	7	POLD1
0.00788382270996963	1.55914980710443	0.078	0.029	1	7	NFRKB
0.000389016688360311	1.55725027418895	0.211	0.081	1	7	SCMH1
0.000793383050768847	1.55623821168453	0.144	0.054	1	7	ASPSCR1
0.000819968757949038	1.55291785339291	0.144	0.051	1	7	ARHGAP42
0.00175181768088471	1.55291785339291	0.067	0.024	1	7	WDR4
0.00188520177185547	1.54909614244051	0.122	0.048	1	7	CCNT1
0.000250282850872487	1.54300238452783	0.244	0.106	1	7	EPHB1
0.00032363230505905	1.54214338179874	0.222	0.082	1	7	DOK1
0.00106304611997309	1.54214338179874	0.189	0.08	1	7	PDE10A
0.00101766710633568	1.54125964820854	0.156	0.063	1	7	RMC1
0.00765411477448518	1.54125964820854	0.156	0.063	1	7	NOL10
0.00689237404543243	1.53941358904317	0.111	0.041	1	7	DOCK10
0.00879137410000349	1.53745473600511	0.133	0.056	1	7	PDZD2
0.00132140978847349	1.53315459857148	0.289	0.143	1	7	AR
0.00222683561904658	1.53315459857148	0.2	0.075	1	7	SH3GL1
0.00103089491522408	1.52954334501911	0.167	0.072	1	7	RAB40C
0.00618708329053517	1.52825579915864	0.144	0.053	1	7	BMP2K
0.00111894950316507	1.52554141446161	0.167	0.068	1	7	ZFYVE26
0.00246852095510031	1.52554141446161	0.156	0.065	1	7	PRDM15
0.00795769899595193	1.52554141446161	0.089	0.034	1	7	KIT
0.00187073824008356	1.52262393107931	0.133	0.048	1	7	TET2
0.00188520177185547	1.52262393107931	0.122	0.048	1	7	MGRN1
0.004075498151772	1.52262393107931	0.122	0.048	1	7	AP4E1
0.00142901614684045	1.52012791827524	0.189	0.076	1	7	TTK
0.000246565425748449	1.51901041625121	0.267	0.104	1	7	FCHO2
0.00136688666597978	1.51608108521254	0.167	0.059	1	7	ACVR2B
0.000164308590909547	1.51608108521254	0.2	0.072	1	7	CEP97
0.000264685841611031	1.51239603840469	0.222	0.087	1	7	TUBGCP3
0.00158215594840162	1.5104345220714	0.144	0.055	1	7	IFT80
0.00253878493210814	1.5104345220714	0.133	0.054	1	7	TRPS1
0.000443713530859979	1.50838669342254	0.111	0.042	1	7	MRRF
0.000122053649203704	1.50668238721029	0.178	0.066	1	7	SLC9A7
0.000312812672012912	1.50668238721029	0.167	0.061	1	7	ITGA1
8.52971767047043e-05	1.50400825291197	0.244	0.102	1	7	RCSD1
0.000181208045740022	1.50400825291197	0.256	0.105	1	7	COX10
0.00266497284668739	1.50400825291197	0.144	0.048	1	7	GTSE1
0.00179877200431133	1.50200590000082	0.2	0.089	1	7	HIVEP3
0.000139699086027994	1.5011822088332	0.178	0.063	1	7	ATN1
0.000887655610349069	1.49662872254637	0.133	0.045	1	7	RRN3
0.00280136919216956	1.49662872254637	0.133	0.047	1	7	TTLL7
0.00280136919216956	1.49662872254637	0.133	0.049	1	7	MRE11
0.000307755047599193	1.49501946968471	0.167	0.062	1	7	CBX7
0.000521859845599578	1.48806670904295	0.122	0.044	1	7	LOC138472546
0.00114352425045458	1.48806670904295	0.133	0.053	1	7	CDC25C
0.0016803324125002	1.48806670904295	0.156	0.055	1	7	MSH2
0.00218088133320641	1.48806670904295	0.156	0.058	1	7	ST3GAL3
0.00280729893009302	1.48806670904295	0.167	0.062	1	7	FAM83G
0.00631204385083439	1.48806670904295	0.144	0.055	1	7	LLGL1
0.00995221148371538	1.48806670904295	0.111	0.043	1	7	BTBD2
0.000140152936394349	1.48380468218879	0.244	0.1	1	7	RFX1
0.00480061977789131	1.48155340208427	0.156	0.061	1	7	KIF4A
0.000918063617136129	1.48092463979893	0.244	0.117	1	7	LOC138567561
0.000819968757949038	1.4801615109576	0.144	0.053	1	7	ODF2
0.00974431174090027	1.47801304437902	0.111	0.043	1	7	CAP2
0.0001302245121469	1.47578837926451	0.244	0.101	1	7	MED23
0.000192505827892144	1.47426090951792	0.222	0.089	1	7	NUP210
0.00498932156180621	1.47426090951792	0.156	0.062	1	7	PWWP2A
0.00083035046042656	1.47229939318463	0.2	0.077	1	7	PACS2
0.00577270573470263	1.47109363043923	0.122	0.051	1	7	ZNF276
0.000543050880336157	1.47027739559942	0.256	0.12	1	7	TRAK1
0.000560318329465392	1.46968817972809	0.178	0.068	1	7	PRMT3
0.00371059067987717	1.46968817972809	0.167	0.07	1	7	WWP2
0.00218088133320641	1.46604040271295	0.156	0.058	1	7	ZNF568
0.000344120308982636	1.46604040271295	0.178	0.072	1	7	ITGA8
0.00503140626810679	1.46604040271295	0.1	0.038	1	7	PTK2B
0.000609370199650705	1.46218807721734	0.178	0.067	1	7	FANCM
0.00194828289921631	1.46058597262084	0.111	0.048	1	7	VWA8
0.00175805517352496	1.45670253813361	0.144	0.052	1	7	TBC1D24
0.00051661425290793	1.45670253813361	0.2	0.082	1	7	SPTY2D1
0.000768992716486077	1.45670253813361	0.2	0.082	1	7	CLCN5
0.000141976962282676	1.4546805405484	0.211	0.09	1	7	TRIM28
0.000901060434536101	1.4546805405484	0.222	0.087	1	7	TRIM37
0.000307755047599193	1.4537968069582	0.167	0.064	1	7	SLC25A14
0.000393419648753938	1.4529842498875	0.244	0.1	1	7	PTDSS2
0.00585034476450695	1.45154083301783	0.144	0.069	1	7	LOC138448811
0.000202163431449281	1.45154083301783	0.256	0.1	1	7	CSPP1
0.00505944027818538	1.45154083301783	0.089	0.036	1	7	GPR132
0.00505944027818538	1.45154083301783	0.089	0.036	1	7	ZC2HC1A
0.00726640239902551	1.44826570098497	0.111	0.041	1	7	ARL9
0.000790379538091687	1.44434533161363	0.156	0.057	1	7	PFKFB4
0.00152232657297933	1.44307925426964	0.144	0.062	1	7	CYYR1
0.00215339557969128	1.44307925426964	0.178	0.068	1	7	VPS11
0.000464248519062105	1.44208050376877	0.189	0.075	1	7	PNPLA7
0.000411944651963004	1.44060535533668	0.222	0.086	1	7	LCLAT1
0.000257019213812984	1.43361892502057	0.078	0.031	1	7	LOC138527375
0.00028708042537999	1.43361892502057	0.244	0.107	1	7	SIK2
0.00030663762538528	1.43361892502057	0.122	0.046	1	7	NHLRC2
0.000521859845599578	1.43361892502057	0.122	0.047	1	7	USP20
0.00102036401927465	1.43361892502057	0.156	0.059	1	7	TCF7L1
0.00141724338533074	1.43361892502057	0.178	0.073	1	7	BRD8
0.00258934687207278	1.43361892502057	0.078	0.032	1	7	SLC25A33
0.00788382270996963	1.43361892502057	0.078	0.032	1	7	WDR24
0.00871584060582127	1.43361892502057	0.122	0.046	1	7	NDC80
0.00190969470884358	1.43361892502057	0.189	0.08	1	7	OCIAD1
8.57740747620585e-05	1.43006110560738	0.356	0.167	1	7	WNK3
9.79055106316418e-05	1.42600574091069	0.2	0.081	1	7	TMEM135
0.000301853355344044	1.42520668520437	0.167	0.068	1	7	CADM3
0.00325743534998894	1.42422022701832	0.167	0.067	1	7	ATP11A
0.00175225394969645	1.42297168082106	0.133	0.059	1	7	LOC138525696
0.00290154706260164	1.41994398812349	0.244	0.131	1	7	PREX1
0.000872619795669833	1.41818888445096	0.256	0.115	1	7	ATP9A
0.000314758230932977	1.41767738115155	0.189	0.078	1	7	PABIR2
9.6898265691877e-05	1.41591692328711	0.178	0.068	1	7	DHX30
0.000864287561663154	1.41591692328711	0.167	0.066	1	7	RTTN
0.00331909989848649	1.41591692328711	0.178	0.072	1	7	CUL4A
0.0043248062909905	1.41591692328711	0.156	0.069	1	7	PUS10
9.9613648728231e-05	1.41371936758286	0.278	0.125	1	7	ARHGAP29
0.000223062745813399	1.41371936758286	0.167	0.063	1	7	APBA1
0.000494898808804286	1.41371936758286	0.167	0.062	1	7	ACBD6
0.00374882469535018	1.41371936758286	0.156	0.064	1	7	ERCC6L2
0.00226007131059024	1.41286036485377	0.211	0.09	1	7	ACACB
0.000803176615835495	1.40916588129603	0.233	0.102	1	7	JAZF1
0.00310008094241512	1.40916588129603	0.2	0.102	1	7	MORC3
8.54255932187872e-05	1.40714671365938	0.244	0.096	1	7	TMTC2
0.0011787619174085	1.40560454885097	0.178	0.069	1	7	PIGN
0.00323621585558454	1.40191006529323	0.211	0.093	1	7	CIT
0.000520246898812701	1.40191006529323	0.256	0.115	1	7	CEP112
0.000476784744658169	1.40001053237775	0.244	0.12	1	7	HIVEP2
0.000113404767096305	1.39967159309723	0.256	0.108	1	7	U2SURP
0.000395950902998208	1.39842949655827	0.189	0.072	1	7	NUP85
0.0054024206914386	1.39842949655827	0.167	0.071	1	7	PHKA1
0.00130374145829706	1.39709304899546	0.133	0.049	1	7	PNPLA6
0.00051596314410088	1.39409056083393	0.167	0.06	1	7	ANTXRL
0.00150322061501857	1.39409056083393	0.156	0.063	1	7	FHIP1B
0.000267621543977671	1.39239626229406	0.344	0.172	1	7	TRPM7
0.000457755742615928	1.39203982126917	0.2	0.079	1	7	TMEM131L
0.00124543111894895	1.39149344934789	0.278	0.116	1	7	PHLPP1
0.000294771750650632	1.39109430837401	0.3	0.154	1	7	TNC
0.00336885657843948	1.39055020312868	0.111	0.043	1	7	TMTC4
0.004882269175526	1.39055020312868	0.111	0.045	1	7	HEATR5A
0.00689237404543243	1.39055020312868	0.111	0.044	1	7	XPNPEP3
0.000479376468230684	1.38941912111003	0.233	0.1	1	7	MYRIP
0.00483906513184547	1.38722601953612	0.178	0.07	1	7	ATRIP
0.00106075974729757	1.38673253738973	0.3	0.146	1	7	ARHGAP35
0.00359077184429712	1.38631321024221	0.178	0.077	1	7	MAPRE2
0.000502742543233961	1.38115150512643	0.122	0.048	1	7	DTNBP1
0.0011731084405871	1.38115150512643	0.144	0.059	1	7	ZNF335
0.00218088133320641	1.38115150512643	0.156	0.062	1	7	GDAP2
0.0030933569578115	1.38115150512643	0.156	0.06	1	7	GOLGA1
0.00626292468117744	1.37783114683482	0.222	0.119	1	7	REL
0.000172445590527415	1.37573800894007	0.2	0.077	1	7	PEX14
0.00498932156180621	1.374725235967	0.156	0.066	1	7	ANAPC4
0.00534593327991997	1.37324630704109	0.133	0.053	1	7	LOC138567600
0.00534593327991997	1.37324630704109	0.133	0.054	1	7	PAAF1
0.000540438103714357	1.37324630704109	0.211	0.092	1	7	SLC9A9
0.00010120885228344	1.37221838035643	0.233	0.094	1	7	ATL3
0.00032843661550672	1.37088316967261	0.2	0.08	1	7	LRRC1
0.00516740936565148	1.37088316967261	0.1	0.039	1	7	TMCO4
0.000165466720099881	1.36974674185418	0.244	0.104	1	7	TLL1
0.00134345232174626	1.36907867282586	0.156	0.07	1	7	AFG1L
0.00215339557969128	1.36907867282586	0.178	0.069	1	7	CASD1
0.000918119333991617	1.36832746476885	0.2	0.09	1	7	ARHGAP26
0.000115145101047614	1.3651391871378	0.289	0.124	1	7	MTMR4
0.00289671558692479	1.3651391871378	0.222	0.13	1	7	ARAP1
9.71108023110117e-05	1.36475706687577	0.256	0.101	1	7	SLC39A10
0.00218760563650155	1.36253582695909	0.211	0.084	1	7	CDC42SE2
0.0027670954522906	1.36253582695909	0.211	0.09	1	7	SS18
0.00312837576549511	1.36253582695909	0.2	0.09	1	7	PLEKHM2
0.00443378786807008	1.36068740256672	0.144	0.061	1	7	KLC2
0.00164856219246305	1.35961834357679	0.189	0.08	1	7	CLASRP
0.000629617722561026	1.35892155774297	0.211	0.095	1	7	DNAJC11
0.00647842604969274	1.3556164130193	0.122	0.049	1	7	BBS9
0.00654888594368424	1.3556164130193	0.156	0.064	1	7	GPR155
0.00788382270996963	1.3556164130193	0.078	0.031	1	7	PAWR
0.00013708183094317	1.3556164130193	0.356	0.163	1	7	ARHGAP10
0.00360833992201507	1.3556164130193	0.189	0.079	1	7	NUP133
0.00287439005562798	1.35376561733136	0.267	0.156	1	7	OSBPL5
0.000239025858955683	1.35331729692971	0.256	0.119	1	7	GRK3
0.000488091007411828	1.35300046481228	0.256	0.117	1	7	PPP1R21
0.000502706724222149	1.35258235292966	0.233	0.102	1	7	PI4KA
9.57664813604987e-05	1.3511567648286	0.178	0.069	1	7	GPR108
0.00733357957661617	1.3511567648286	0.144	0.071	1	7	GRK6
0.00271316151728886	1.3497873342171	0.133	0.056	1	7	AGBL5
0.00814871016075971	1.3497873342171	0.133	0.051	1	7	KCNJ2
0.00843639891782545	1.3497873342171	0.122	0.054	1	7	ASH2L
0.00105808818416038	1.34873002743406	0.211	0.091	1	7	CDK5RAP2
0.00226916861099777	1.34873002743406	0.211	0.089	1	7	MSRA
0.000158375034429948	1.3472041732031	0.344	0.175	1	7	MLLT6
0.00306776707665565	1.3472041732031	0.089	0.037	1	7	LOC138453446
0.00795769899595193	1.3472041732031	0.089	0.037	1	7	PANK3
0.00113155795161117	1.3472041732031	0.211	0.11	1	7	MED12
0.000133371798634197	1.34615608377023	0.3	0.131	1	7	USP3
0.000122128139312729	1.34539174200883	0.3	0.145	1	7	S1PR2
0.00474176482328976	1.34480965806271	0.144	0.058	1	7	MORC2
0.000261937963047099	1.34301637623966	0.222	0.095	1	7	PGBD5
0.002621477775929	1.34050952062909	0.133	0.062	1	7	FANCI
0.00799367082864635	1.34050952062909	0.156	0.073	1	7	KIF2C
0.000153069456272184	1.33904411162459	0.3	0.167	1	7	EPN1
0.0036971216977852	1.33764986648985	0.2	0.086	1	7	ZNF773
0.00446293986100584	1.33764986648985	0.211	0.085	1	7	FBXL20
0.000715674755682509	1.33675738576798	0.167	0.068	1	7	ZNF398
0.0047480081173889	1.33505509053698	0.111	0.046	1	7	SCAI
0.000506498766666792	1.33505509053698	0.222	0.091	1	7	HBS1L
0.00225971395112007	1.33505509053698	0.2	0.088	1	7	ZNF451
0.000353524683470359	1.33408325146966	0.244	0.113	1	7	METTL15
0.000161638061528303	1.33052543205647	0.233	0.103	1	7	BTAF1
0.00497971045327052	1.33052543205647	0.056	0.025	1	7	LOC138468332
0.00307373131717447	1.33052543205647	0.233	0.12	1	7	DLGAP4
0.00106153595295166	1.32918151482758	0.3	0.136	1	7	NFKB1
0.00161124767803182	1.32853687896301	0.211	0.104	1	7	KIF3C
0.000211162088389953	1.32741952118864	0.278	0.127	1	7	MTMR12
0.00125896925064349	1.32670372110406	0.133	0.056	1	7	DNMT3B
0.00345421686047023	1.32555917916312	0.189	0.082	1	7	KITLG
0.000178446594980206	1.3250084270889	0.244	0.113	1	7	FAM222A
0.000492241120235133	1.32343600727015	0.133	0.059	1	7	TRAF6
0.0091535672333964	1.32343600727015	0.133	0.061	1	7	AUH
0.000144353555133671	1.32343600727015	0.211	0.087	1	7	ORAI2
0.00135204913076688	1.32150855869903	0.222	0.093	1	7	MTA2
0.000731021063095617	1.32060996319138	0.156	0.066	1	7	CNST
0.00428816081130515	1.32060996319138	0.144	0.064	1	7	FMR1
0.00537252534326094	1.32060996319138	0.156	0.064	1	7	IKBIP
0.000745859520925632	1.31975096046229	0.233	0.101	1	7	TMEM94
0.00788382270996963	1.31814170760063	0.078	0.035	1	7	UTP20
0.000163435703210716	1.31814170760063	0.222	0.098	1	7	IPO4
0.00167715265872785	1.31814170760063	0.278	0.133	1	7	PFKP
0.00144961471675232	1.31814170760063	0.156	0.068	1	7	NOD1
0.00223405610352186	1.3159673363663	0.178	0.07	1	7	ARL13B
0.000207157022221547	1.31529895783181	0.244	0.103	1	7	CC2D1B
0.000253622682176056	1.31231262879844	0.189	0.08	1	7	AP2A1
0.00146922977157327	1.31231262879844	0.178	0.081	1	7	LOC138567092
0.00182919835013684	1.31177780208577	0.278	0.122	1	7	WDR7
0.000153262595373506	1.31004423990204	0.333	0.161	1	7	TTC28
0.00026924852140314	1.30936082205842	0.211	0.083	1	7	ACS1
0.00139992037990931	1.30936082205842	0.2	0.09	1	7	XPNPEP2
0.00336885989119866	1.30808804293671	0.111	0.043	1	7	THBS1
0.0047480081173889	1.30808804293671	0.111	0.048	1	7	DECR2
0.00999246129797557	1.30808804293671	0.111	0.046	1	7	KMT5C
0.000192949191627638	1.30808804293671	0.267	0.136	1	7	CEP95
0.000251344868943294	1.30808804293671	0.222	0.084	1	7	KIAA1328
0.000280848717149231	1.30808804293671	0.222	0.092	1	7	TBC1D9B
0.000232994328366356	1.30692692010471	0.233	0.101	1	7	ZNF280D
0.0085901198920509	1.30692692010471	0.211	0.099	1	7	SOS2
0.00139655482944286	1.3058633778222	0.122	0.051	1	7	MIPOL1
0.000349218838879877	1.30488561089837	0.244	0.105	1	7	APPBP2
0.00217501232632295	1.30488561089837	0.2	0.106	1	7	SUZ12
0.000100900277524658	1.30398364460397	0.267	0.111	1	7	HAUS6
0.000992716919785626	1.30314899312516	0.256	0.12	1	7	EP400
0.000540584326841355	1.30237439174232	0.144	0.059	1	7	ATP13A2
0.000130593154178008	1.30165358481206	0.244	0.108	1	7	HHIP
0.000247786675183533	1.30098115644245	0.267	0.122	1	7	PI4KB
0.000494898808804286	1.29976317828578	0.167	0.066	1	7	USP49
0.000660035151886927	1.29976317828578	0.167	0.069	1	7	PDE4C
0.00130955334635567	1.29868934493446	0.167	0.072	1	7	TEX264
0.00458545949445831	1.29688258822883	0.178	0.082	1	7	USP22
0.000120208267085447	1.29611540127063	0.2	0.08	1	7	RPRD2
8.87063179765094e-05	1.29479122032325	0.222	0.091	1	7	TPCN1
0.00137905063741298	1.29479122032325	0.2	0.091	1	7	LZTS2
0.0095652942328836	1.29421586835515	0.178	0.097	1	7	MAPKAP1
0.000156344003677532	1.29368866387609	0.211	0.099	1	7	ARSG
0.00142131925506989	1.29275638918072	0.233	0.112	1	7	NBR1
0.000159099820386801	1.29195777579698	0.278	0.122	1	7	KANSL3
0.00999246129797557	1.28161583157552	0.111	0.047	1	7	TCEAL1
9.51219501063443e-05	1.28161583157552	0.356	0.162	1	7	KMT2B
0.00171493411586343	1.28161583157552	0.222	0.101	1	7	B4GALT5
0.00017205332091893	1.28161583157552	0.267	0.119	1	7	CNNM4
0.000200081768335455	1.28161583157552	0.256	0.118	1	7	RTKN
0.000221520368576773	1.28161583157552	0.189	0.071	1	7	HGSNAT
0.000627125875320533	1.28161583157552	0.2	0.084	1	7	ERN1
0.00110075297862742	1.28161583157552	0.156	0.067	1	7	HIF1AN
0.00290588324898445	1.28161583157552	0.167	0.079	1	7	KHDC4
0.00326470604659615	1.28161583157552	0.167	0.071	1	7	KLF8
0.00412281166088726	1.28161583157552	0.189	0.078	1	7	RNF40
0.00461944818504567	1.28161583157552	0.167	0.084	1	7	SF3B2
0.00505944027818538	1.28161583157552	0.089	0.037	1	7	ANKRD26
0.0054331398548737	1.28161583157552	0.189	0.078	1	7	NARF
0.00564429040109615	1.28161583157552	0.156	0.08	1	7	MFN1
0.00810398797242902	1.28161583157552	0.144	0.064	1	7	PIK3R4
0.00895732647819477	1.28161583157552	0.189	0.095	1	7	XPO7
0.00981135941613989	1.28161583157552	0.156	0.08	1	7	SPATS2
0.00612780900980341	1.28161583157552	0.122	0.054	1	7	BOP1
0.000207433206907013	1.27233801798751	0.289	0.133	1	7	SMG5
0.000129491493975284	1.27170036271044	0.278	0.121	1	7	FN3K
0.00227326445403682	1.27056064306652	0.2	0.107	1	7	EDA
0.000264685841611031	1.26912488739232	0.222	0.101	1	7	ACAD9
0.0027670954522906	1.26855967875007	0.211	0.097	1	7	GTF3C2
0.00093646243213994	1.26794089467844	0.2	0.094	1	7	ARHGAP45
0.00140193578565852	1.26794089467844	0.211	0.096	1	7	LEO1
0.000242104100208689	1.26650893918531	0.189	0.081	1	7	GMEB1
0.00578911746468392	1.26650893918531	0.178	0.081	1	7	TOM1L2
0.00037491024456362	1.2661028322042	0.311	0.154	1	7	DIP2A
0.00444679198501203	1.26474201301112	0.167	0.069	1	7	IQGAP3
0.000493738172199897	1.26250700862782	0.156	0.067	1	7	RELA
0.00299132727321995	1.26250700862782	0.156	0.068	1	7	HECTD3
0.00704821927905923	1.26250700862782	0.156	0.067	1	7	LOC138503961
0.00257800843081043	1.2611517290158	0.144	0.06	1	7	SLC25A13
0.000546027004567585	1.25958952524552	0.133	0.055	1	7	TMEM38B
0.000578512561932862	1.25958952524552	0.244	0.112	1	7	ASXL3
0.00419689855840831	1.25958952524552	0.122	0.058	1	7	WDR19
0.000308175391181238	1.25776908962115	0.233	0.103	1	7	WDR70
0.000446071805265541	1.25776908962115	0.2	0.097	1	7	CACNB2
0.009588110523867	1.25776908962115	0.178	0.099	1	7	LEF1
0.00033228228268061	1.25674116293649	0.211	0.096	1	7	USP36
0.00160680983336557	1.2563785400765	0.256	0.146	1	7	UBE2O
0.00707726209322673	1.25562062304258	0.111	0.049	1	7	EEFSEC
0.00138299564630247	1.25562062304257	0.211	0.097	1	7	ZDHHC5
0.00270719757945564	1.25439436284049	0.211	0.09	1	7	EXT2
0.00496555165727856	1.25304667937875	0.278	0.132	1	7	SLF2
0.000140041881754907	1.24990697184818	0.311	0.148	1	7	NOS1AP
0.0013547358528813	1.24990697184818	0.189	0.082	1	7	FAM91A1
0.00312623302434645	1.24990697184818	0.167	0.077	1	7	PRDM1
0.000903067655172503	1.24870120910278	0.244	0.112	1	7	RIT1
0.0016732268139032	1.24806327186449	0.167	0.075	1	7	CPPED1
0.00248770686174597	1.24806327186449	0.156	0.075	1	7	TMEM184B
0.000136375872773478	1.24705860953915	0.289	0.145	1	7	AFF4
0.000307755047599193	1.2459919218448	0.167	0.073	1	7	LCMT1
0.000321449389545312	1.2459919218448	0.167	0.071	1	7	PGAP6
0.000249059823182741	1.2459919218448	0.244	0.101	1	7	ENOX2
0.00545769490397943	1.24446283315805	0.211	0.096	1	7	SPHK2
0.00420924096900916	1.2436479813765	0.244	0.129	1	7	EPC2
0.000607585734764685	1.24279658268499	0.2	0.095	1	7	PDZD8
0.00580854943876798	1.24097384707817	0.122	0.059	1	7	CENPT
0.000284330606259004	1.24097384707817	0.2	0.09	1	7	TRIP11
0.000436082863678751	1.24097384707817	0.2	0.09	1	7	EVI5L
0.000701711093232143	1.24097384707817	0.211	0.09	1	7	LRRC40
0.00205701152690807	1.23897149416703	0.211	0.086	1	7	MBD6
0.000213492162355994	1.2378944541462	0.333	0.168	1	7	ADNP
0.00146983722490815	1.2378944541462	0.244	0.115	1	7	DHX57
0.00165366580550632	1.23722171221707	0.289	0.139	1	7	ZMYM3
0.00811540120877169	1.23676159579126	0.178	0.086	1	7	TULP4
0.00534028702434034	1.23617286081435	0.233	0.107	1	7	CTF1
0.000458200225202994	1.23526019588378	0.367	0.21	1	7	BCL9
0.00689952526369931	1.23431011679716	0.111	0.05	1	7	SSH1
0.00871584060582127	1.23431011679716	0.122	0.054	1	7	MTR
0.000366243828948944	1.23298105632464	0.322	0.156	1	7	ARB2A
0.000411177480894394	1.23298105632464	0.311	0.147	1	7	NUMBL
0.00477942809799216	1.23157514907592	0.156	0.076	1	7	WDR48
0.000220348262664646	1.22914841168138	0.278	0.119	1	7	CARM1
0.00114009921031378	1.22914841168138	0.256	0.118	1	7	AGPS
0.000977558951205822	1.22850449511596	0.167	0.071	1	7	TASOR2
0.000962406505521434	1.22657446801756	0.3	0.15	1	7	BBS12
0.00164066235293488	1.22503230320915	0.133	0.063	1	7	MYZAP
0.00216284533665331	1.22503230320915	0.233	0.112	1	7	DOT1L
0.000180903469930084	1.22340121763022	0.311	0.143	1	7	UBE4B
0.000979031093297652	1.22340121763022	0.267	0.128	1	7	BEGAIN
0.000917603133910544	1.22211481982686	0.189	0.084	1	7	RNF217
8.92717887303189e-05	1.21825377057809	0.389	0.201	1	7	FER
0.000917244360038391	1.2174854941558	0.222	0.103	1	7	NEURL4
0.000196053381338597	1.21696287323327	0.4	0.203	1	7	FNBP1
0.000133167208192801	1.21527333674682	0.178	0.078	1	7	RNF126
0.00111235590663859	1.21450163571698	0.222	0.097	1	7	INTS1
0.00280551865098743	1.21450163571698	0.2	0.094	1	7	PCCA
0.0031338225912033	1.21122650368412	0.267	0.144	1	7	NACC2
0.0046654867570732	1.21122650368412	0.222	0.106	1	7	NPAT
0.00158567321360713	1.21122650368412	0.367	0.217	1	7	USP4
0.00185747516932028	1.21122650368412	0.2	0.09	1	7	EPG5
0.000111110682894825	1.20926498735084	0.278	0.146	1	7	ABCC1
0.000392838903011507	1.2082426452453	0.222	0.101	1	7	RBMS2
0.00913909132483862	1.20761525013174	0.189	0.089	1	7	VPS8
0.00035479403710426	1.2066537738943	0.156	0.068	1	7	ARL8A
0.00210599079666511	1.2066537738943	0.156	0.07	1	7	MMS19
0.00218088133320641	1.2066537738943	0.156	0.069	1	7	CASC3
0.00165716132246839	1.2041370788978	0.233	0.125	1	7	MPPED2
0.000626682415435198	1.20361331957425	0.322	0.161	1	7	TRPC4AP
0.000562123536928121	1.20300599687915	0.256	0.106	1	7	GATAD2B
0.00332497518750012	1.20300599687915	0.244	0.114	1	7	FRMD6
0.000230564216647596	1.2026644901807	0.311	0.144	1	7	MAPKAPK5
0.00261301958458898	1.20244561814191	0.311	0.169	1	7	MYO1B
0.00413286741787521	1.20144548289154	0.211	0.096	1	7	PDS5A
0.00050272689588981	1.20018823223167	0.267	0.137	1	7	CNOT10
0.00248776534182593	1.20018823223167	0.3	0.14	1	7	PLEKHH3
0.000106225567131944	1.19982174041187	0.389	0.2	1	7	ATF7
0.00296005123982317	1.19915367138355	0.267	0.152	1	7	RYBP
0.000169492229918826	1.19856009184796	0.278	0.12	1	7	KPNA1
0.00911057267724958	1.19755156678704	0.256	0.133	1	7	LOC138516031
0.00511254944446094	1.19755156678704	0.2	0.09	1	7	DCAF6
9.03938789345444e-05	1.19604009986945	0.311	0.163	1	7	RSBN1L
0.00136688666597978	1.19415299032518	0.167	0.075	1	7	TNFRSF10B
0.00264117133614876	1.19415299032518	0.167	0.074	1	7	ZFAT
0.00282734163184464	1.19325995715467	0.189	0.089	1	7	SETD6
0.00282734163184464	1.19325995715467	0.189	0.089	1	7	SIAH1
0.0044234121229743	1.18850642718404	0.144	0.068	1	7	CCDC186
0.000132286093789675	1.18850642718404	0.267	0.126	1	7	WDR33
0.00164557035150861	1.18850642718404	0.222	0.108	1	7	EIF4G3
0.00193750468462084	1.18850642718404	0.256	0.133	1	7	SERTAD2
0.00848701088937624	1.18850642718404	0.122	0.056	1	7	RFX3
0.00871584060582127	1.18850642718404	0.122	0.056	1	7	EFHD2
0.00957783262372463	1.18504257188047	0.2	0.115	1	7	GPD2
0.00170198120668284	1.18459137718065	0.211	0.108	1	7	USP31
0.00278535917637518	1.18459137718065	0.222	0.107	1	7	PCNX3
0.00341792117665692	1.18459137718065	0.233	0.1	1	7	XPO6
0.000875987430113092	1.1840050349491	0.2	0.09	1	7	INTS3
0.00193165031946282	1.1840050349491	0.2	0.093	1	7	NFS1
0.00787288632418996	1.1840050349491	0.2	0.092	1	7	UPF3B
0.00782812635600397	1.18270080550283	0.233	0.133	1	7	ARHGAP7
0.00618708329053517	1.1820801580246	0.144	0.067	1	7	REST
0.00106100158247196	1.18131092577983	0.244	0.109	1	7	MAN1A2
0.00678181915886822	1.18033249573834	0.2	0.095	1	7	NEMF
0.000244647518660316	1.17973621755631	0.333	0.181	1	7	ITSN1
0.000423384089155199	1.17727917176078	0.289	0.143	1	7	ARMC6
0.00246160791232444	1.17727917176078	0.167	0.076	1	7	TSC1
0.00988015568322355	1.17727917176078	0.167	0.076	1	7	KDM1B
0.00193478120930668	1.17530692942918	0.289	0.157	1	7	TRIM3
0.000234107425223015	1.17513920344621	0.367	0.197	1	7	RABGAP1L
0.0082342297933616	1.17470062765901	0.122	0.06	1	7	NCOA7
0.000670550501353602	1.17355608571807	0.322	0.159	1	7	DNMT3A
0.00287031925846442	1.17355608571807	0.311	0.159	1	7	PLEKHG1
0.00746767268759401	1.17355608571807	0.178	0.086	1	7	ACAD10
0.000319401904326215	1.17249410919541	0.278	0.128	1	7	TBC1D2B
9.18725416230457e-05	1.17058451918678	0.3	0.156	1	7	TDRP
0.000217983166179095	1.17058451918678	0.322	0.159	1	7	ITGA4
0.00939480061504116	1.17058451918678	0.156	0.07	1	7	MEMO1
0.00197645596772563	1.17058451918678	0.211	0.09	1	7	INTS8
0.000129767586243943	1.16931286195073	0.378	0.187	1	7	KAT7
0.00613070273042211	1.16815778179224	0.2	0.105	1	7	ABCF3
0.000518498269948818	1.16744481165621	0.167	0.066	1	7	TGM2
0.00472209310485299	1.16613861415558	0.122	0.054	1	7	POLR3E
0.00204125520480674	1.16497091272325	0.2	0.09	1	7	ZNF11
0.00284728691969015	1.16497091272325	0.2	0.089	1	7	CARS1
0.00623777767863069	1.16060043061415	0.167	0.074	1	7	KLHL5
0.000227656671245979	1.15875908378999	0.267	0.122	1	7	EPB41L1
0.000325229694041406	1.15875908378999	0.256	0.124	1	7	ZNF391
0.00432793263546197	1.15875908378999	0.244	0.117	1	7	UBE2F
0.00544893993428299	1.15875908378999	0.222	0.114	1	7	ZDHHC14
0.000675596315361003	1.15755783889054	0.411	0.209	1	7	NDST2
0.000236158917450966	1.15728769657332	0.367	0.186	1	7	NUP188
0.000742638617535162	1.15728769657332	0.211	0.095	1	7	MED15
0.00303645090556154	1.15686080056757	0.267	0.139	1	7	ARIH1
0.0012112278047352	1.15686080056757	0.278	0.139	1	7	HMGA2
0.00201486409884316	1.1566575611447	0.311	0.176	1	7	ENPP1
0.000986540981123133	1.15508342564659	0.233	0.112	1	7	GRIPAP1
0.00396767104489971	1.15423652509929	0.133	0.062	1	7	PLEKHA4
0.000970651047260881	1.15423652509929	0.333	0.181	1	7	FOXN3
0.000627647642233945	1.15351100582783	0.289	0.133	1	7	IPO8
0.00390967897572829	1.15288251745332	0.156	0.072	1	7	FAM13A
0.000138380754808307	1.15288251745332	0.3	0.14	1	7	SUGP1
0.000357466279537803	1.15288251745332	0.289	0.133	1	7	NSD1
0.000523715360653682	1.15288251745332	0.278	0.14	1	7	GRK2
0.0024388096238306	1.15184795660519	0.167	0.08	1	7	PDK3
0.00349407595028093	1.15184795660519	0.167	0.076	1	7	RPS6KC1
9.27537344330437e-05	1.15103172176538	0.189	0.082	1	7	MFHAS1
0.000237264277511807	1.15103172176538	0.356	0.168	1	7	GON4L
0.00220596606797697	1.15103172176538	0.2	0.089	1	7	UBXN7
0.003386295181774	1.15103172176538	0.178	0.087	1	7	RELB
0.00524817521566406	1.15103172176538	0.178	0.091	1	7	CABIN1
0.000213242081862028	1.15068496174907	0.333	0.182	1	7	HECTD4
0.00327325397970219	1.15037129829727	0.189	0.097	1	7	CAPON
0.00794590724667485	1.14982595901998	0.233	0.104	1	7	LOC138513380
0.00078277890271506	1.1489780629974	0.233	0.123	1	7	LHFPL2
0.000139518947249989	1.1489780629974	0.411	0.231	1	7	PRP4K
0.00106569036428403	1.14834930071206	0.3	0.145	1	7	CEP85L
0.000124333411112508	1.14809215873813	0.311	0.148	1	7	RELCH
0.000337918615328419	1.14411230782558	0.244	0.115	1	7	GGA3
0.00120498900591105	1.14411230782558	0.311	0.149	1	7	MROH1
0.000164989388006591	1.14411230782558	0.233	0.105	1	7	KLHL20
0.000172576182271489	1.14411230782558	0.2	0.091	1	7	BCR
0.00188101998442532	1.14411230782558	0.167	0.078	1	7	TBCK
0.00482469106517854	1.14411230782558	0.178	0.092	1	7	KAT8
0.00558738334900602	1.14411230782558	0.167	0.084	1	7	RN18S
0.00577796705274574	1.14411230782558	0.189	0.094	1	7	ZBED1
0.00800920212925755	1.14411230782558	0.2	0.109	1	7	DCLK2
0.00827917415067549	1.14411230782558	0.211	0.095	1	7	ZC3H7B
9.4794792930365e-05	1.14075329573567	0.344	0.174	1	7	NHSL1
0.00530313359999353	1.14036990613977	0.256	0.147	1	7	EML1
0.000182969066424681	1.13988772196386	0.289	0.144	1	7	CRYBG1
0.000873144854661312	1.13887565945944	0.244	0.113	1	7	RBM5
0.00595558902265611	1.13641791603558	0.167	0.08	1	7	WIPI1
0.000226106936341533	1.13539509072448	0.3	0.135	1	7	CUL2
0.00162748060323967	1.13454744379005	0.322	0.181	1	7	ZMYM4
0.00396767104489971	1.13405864316166	0.133	0.061	1	7	LOC138521299
0.000898680998700704	1.13351719258639	0.322	0.165	1	7	MAMLD1
0.000809954096943228	1.13322399168285	0.222	0.116	1	7	DCUN1D1
0.000664556366754107	1.13167520458736	0.344	0.195	1	7	ITCH
0.00712631881464986	1.13105615500014	0.2	0.096	1	7	DHX35
0.00079765704439397	1.13060804347584	0.289	0.136	1	7	C1QH1orf21
0.000427763679718875	1.13037225119928	0.333	0.176	1	7	ANKRD52
0.000507618167246151	1.13037225119928	0.356	0.174	1	7	PPFIA1
0.00908751968226524	1.12961273813047	0.178	0.088	1	7	SPOP
0.00320319454992529	1.12710588251989	0.233	0.112	1	7	PDXDC1
0.00164856219246305	1.12355098534327	0.189	0.091	1	7	LOC138538430
0.00785135398486945	1.12355098534327	0.189	0.09	1	7	DYNC1LI1
0.00366650540151515	1.12241723672627	0.222	0.111	1	7	NBEA
0.00632819793688581	1.12167491870583	0.244	0.137	1	7	EGLN1
0.00697210892777036	1.12115115938227	0.167	0.081	1	7	UBE3B
0.000881956349675528	1.12046103976094	0.211	0.102	1	7	AEBP1
0.000912638099292414	1.12046103976094	0.233	0.105	1	7	HDAC6
0.00166157800670624	1.12046103976094	0.222	0.105	1	7	SETX
0.000226932390190075	1.11921378884822	0.4	0.207	1	7	RASGRP2
0.00774346497150594	1.11811709929264	0.1	0.048	1	7	TUBGCP6
0.00215565510570009	1.11811709929264	0.322	0.18	1	7	KIF1C
0.000201994672424686	1.11691934493502	0.344	0.195	1	7	LRSAM1
0.00693536789138056	1.11627809962886	0.244	0.129	1	7	FAM135A
0.000599411147736406	1.1132182998798	0.367	0.193	1	7	TBC1D1
0.000865321657786919	1.11279676735938	0.267	0.133	1	7	ADAM9
0.00287069794701688	1.11169083013321	0.156	0.077	1	7	FUT2
0.00254213840854557	1.11000445350532	0.2	0.092	1	7	TOLLIP
0.00307336876812538	1.10955508578922	0.367	0.22	1	7	VEGFC
0.00334479168176196	1.1087792347133	0.211	0.106	1	7	VIRMA
0.00367295428101505	1.10784876383881	0.233	0.121	1	7	ARHGAP32
0.000578071108586778	1.10711810034338	0.289	0.132	1	7	AMBRA1
0.00223405743745751	1.10604426699207	0.178	0.08	1	7	TRIM62
0.00558935789505778	1.10604426699207	0.167	0.084	1	7	SRC
0.000708977754411183	1.10563816001095	0.311	0.159	1	7	RNF216
0.000177547128118691	1.10529305893506	0.356	0.181	1	7	KMT2A
0.00723229408301471	1.10529305893506	0.211	0.098	1	7	ZCCHC2
0.00777721575390157	1.10431129976761	0.211	0.129	1	7	BCORL1
0.000817994511836428	1.10347032332824	0.289	0.156	1	7	ITPK1
0.000897922928693075	1.10311493595339	0.311	0.196	1	7	WAC
0.00188482378117564	1.1010435859337	0.211	0.102	1	7	DCAF1
0.00700961732693654	1.1010435859337	0.178	0.091	1	7	IFNGR1
0.00912642757514975	1.1010435859337	0.156	0.073	1	7	PPM1D
0.000986540981123133	1.1010435859337	0.233	0.112	1	7	LRCH2
0.00120269972405393	1.1010435859337	0.244	0.118	1	7	RNF111
0.00120364228634108	1.1010435859337	0.356	0.213	1	7	ZNRF1
0.000132204089807941	1.09574928626419	0.3	0.152	1	7	RAP1GDS1
0.000262394360694856	1.09574928626419	0.322	0.158	1	7	CTIF
0.00591018593557106	1.09574928626419	0.278	0.151	1	7	STAT3
0.000486011480679786	1.09520270734464	0.289	0.138	1	7	ATG13
0.00390341896325322	1.09368288098244	0.222	0.109	1	7	KLC4
0.000122180094215698	1.09083751478324	0.444	0.256	1	7	PSMD1
0.00473769591727567	1.09083751478324	0.344	0.236	1	7	NAV2
0.00693550758006513	1.08897075363312	0.267	0.136	1	7	KDM6A
0.000103092937122529	1.08648549024353	0.3	0.143	1	7	PNISR
0.00253117146502425	1.08569562160026	0.289	0.156	1	7	TBC1D5
0.00311032211052756	1.08481512414181	0.244	0.122	1	7	MPDZ
0.000813263626134067	1.08347095648575	0.422	0.277	1	7	ITIH5
0.000666444322433084	1.08328711512954	0.311	0.186	1	7	CHCHD3
0.00109990173182368	1.08328711512954	0.333	0.183	1	7	SPTLC1
0.00183899062700459	1.08230702335211	0.256	0.13	1	7	GABPA
0.000183603673037139	1.0814414495803	0.344	0.191	1	7	SMOX
0.00273522408808597	1.07998197040587	0.167	0.079	1	7	NUDCD1
0.000715379564957913	1.07998197040587	0.222	0.114	1	7	LIN52
0.000255224740333946	1.07828767186599	0.333	0.176	1	7	ATXN2L
0.000118996034550882	1.07808243749039	0.311	0.158	1	7	DHX38
0.00450128666558648	1.07747511479529	0.233	0.12	1	7	ARHGAP39
0.000273532970086383	1.07699811196705	0.389	0.197	1	7	ATP11B
0.00430414284627046	1.0730292097641	0.178	0.091	1	7	PRR14
0.00151862307920263	1.07235268218271	0.344	0.196	1	7	USP11
0.00251964455137677	1.07104884563586	0.278	0.139	1	7	ASCC3
0.00371206239056033	1.07050921778559	0.278	0.158	1	7	ABCA3
0.00186155448645515	1.06956535446053	0.222	0.114	1	7	STK25
0.00078510611084462	1.06920749881169	0.278	0.135	1	7	EIF2B5
0.000888573440427098	1.06920749881169	0.267	0.139	1	7	INPP5B
0.00754124031273518	1.06862210824132	0.322	0.208	1	7	DNM2
0.00319795028438669	1.06749102622267	0.2	0.101	1	7	ZDHHC9
0.00142797284874135	1.06610979582431	0.311	0.17	1	7	ARMC8
0.00188855206385625	1.06574653382041	0.4	0.256	1	7	CNOT1
0.00419635677561878	1.0655789052789	0.233	0.132	1	7	CSDE1
0.00172187326923301	1.06381067973472	0.267	0.133	1	7	GGA1
0.000758676876299684	1.06343566152599	0.4	0.231	1	7	FBXW7
0.000198229997541253	1.06239765803422	0.389	0.181	1	7	INF2
0.000262995090193872	1.06217069428941	0.278	0.139	1	7	TAF2
0.00144093028286338	1.06101669206212	0.222	0.114	1	7	LCORL
0.00630101140175462	1.05922341023907	0.122	0.06	1	7	MLLT3
0.00152783827561069	1.05922341023907	0.267	0.144	1	7	ARHGAP17
0.00761650310085443	1.05705557355636	0.189	0.096	1	7	FYTTD1
0.00769275197856738	1.05664946657525	0.267	0.151	1	7	RNF145
0.0090675279660631	1.05605613116039	0.244	0.129	1	7	ANKRD12
0.00101759135062579	1.05605613116039	0.344	0.184	1	7	TTC17
0.00215441060598258	1.05548100855325	0.3	0.165	1	7	GOLGA4
0.00012739256654682	1.05510730176684	0.578	0.413	1	7	COL5A1
0.000235262961754733	1.0533468439024	0.267	0.131	1	7	PDE3B
0.00872256827623739	1.0533468439024	0.256	0.14	1	7	LIMD1
0.00172478702317793	1.0533468439024	0.311	0.167	1	7	CERS5
0.000808901716812098	1.05272964815357	0.411	0.261	1	7	ASH1L
0.00534257806059605	1.05213398545275	0.256	0.144	1	7	WWP1
0.00264969791846599	1.05174828967693	0.2	0.11	1	7	RIF1
0.00711320417543626	1.05174828967693	0.222	0.115	1	7	ORC4
0.00074992113640394	1.04994559665106	0.278	0.152	1	7	MAP3K1
0.00400026440966775	1.04895507478524	0.156	0.08	1	7	CDYL
8.52500252077495e-05	1.04832876913578	0.411	0.227	1	7	CGNL1
0.000623597590798185	1.0471505779385	0.333	0.17	1	7	CPT1A
0.00299456684132828	1.0471505779385	0.3	0.169	1	7	RLF
0.00373780617099064	1.0471505779385	0.178	0.08	1	7	NDRG1
8.65148565734759e-05	1.04691014880022	0.467	0.278	1	7	FNBP1L
0.000648323555525283	1.04681510647067	0.367	0.211	1	7	PAN3
0.000517693266832718	1.04632641622463	0.5	0.304	1	7	KLF7
0.00209052502659444	1.04411651784886	0.189	0.096	1	7	MLLT1
0.000852819254116364	1.04384818435216	0.356	0.225	1	7	ADGRE5
0.00115382055713343	1.04345609438075	0.333	0.194	1	7	NCOA3
0.00530658335760022	1.0428289719884	0.1	0.044	1	7	FCGBP
0.00349604078093722	1.0418244262538	0.456	0.302	1	7	RFTN1
0.000486477965286733	1.04166503885477	0.222	0.108	1	7	PKD1
0.00127555434754988	1.04166503885477	0.211	0.102	1	7	RYK
0.00999246129797557	1.04060773207172	0.111	0.058	1	7	MEGF9
0.00738611973889959	1.03875930767936	0.244	0.124	1	7	USP5
0.00110398413765759	1.03719710390907	0.267	0.131	1	7	GOLIM4
0.00149734890348071	1.03650333373899	0.289	0.135	1	7	TASOR
0.00436711411611469	1.03650333373899	0.244	0.133	1	7	HIRA
0.000712405989113229	1.03585941717356	0.267	0.138	1	7	SEC24C
0.00114247647110575	1.03585941717356	0.267	0.135	1	7	ZDHHC20
0.00892697088626779	1.03585941717356	0.144	0.069	1	7	SGTA
0.00245933326853231	1.03526016688836	0.256	0.144	1	7	GTF2H1
0.00225812514567611	1.034701091105	0.156	0.075	1	7	SYNE1
0.00130508687591375	1.034701091105	0.267	0.145	1	7	C2CD5
0.000848578106385789	1.03129247749128	0.2	0.1	1	7	UHRF2
0.00202913643524692	1.02955254356273	0.211	0.109	1	7	DNMBP
0.00078089693140831	1.02884976119555	0.367	0.22	1	7	DIPK2B
0.000203058473844223	1.02751455051173	0.289	0.136	1	7	PPP1R12C
0.00321907229159473	1.02661874480714	0.278	0.145	1	7	HNRNPUL2
0.000599994315282774	1.02527607831573	0.322	0.179	1	7	TRERF1
0.00466599964785953	1.0250947327004	0.322	0.182	1	7	CCNL2
0.000110748455470425	1.0246052133695	0.333	0.186	1	7	BCAS3
0.000288951988112267	1.02393466023593	0.4	0.216	1	7	USP34
0.000790429235386694	1.02393466023593	0.367	0.205	1	7	POLA1
0.000168879775620113	1.01858142574173	0.344	0.202	1	7	TBC1D10B
0.000766029928937558	1.01858142574173	0.333	0.177	1	7	MID1
0.000788531339919551	1.01858142574173	0.389	0.243	1	7	SETD2
0.00335480194571798	1.01858142574173	0.311	0.178	1	7	POU2F1
0.00516015536271182	1.01858142574173	0.311	0.161	1	7	MIER1
0.000479109695806315	1.01858142574173	0.378	0.204	1	7	OSBP
0.00438867556193345	1.01858142574173	0.211	0.101	1	7	MTOR
0.00572707899117047	1.01858142574173	0.244	0.133	1	7	DPF2
0.00883168888441074	1.01858142574173	0.2	0.108	1	7	SH3D19
8.94329051585535e-05	1.01120189537613	0.489	0.296	1	7	ARID1A
0.000917537241470775	1.01084577696212	0.3	0.155	1	7	TCERG1
0.00185888601681419	1.01058863498819	0.256	0.146	1	7	USP47
0.00077099724370398	1.0100194122383	0.278	0.141	1	7	KIF3A
0.00204765384256405	1.0100194122383	0.278	0.143	1	7	DHX36
0.00112448064026571	1.00936289571235	0.256	0.133	1	7	MCU
0.00655899762383589	1.00936289571235	0.256	0.133	1	7	TMEM131
0.000170733122729356	1.00899537691253	0.422	0.236	1	7	STRN3
0.00337111520382415	1.0085973371691	0.233	0.122	1	7	USF1
0.00508697538108745	1.0085973371691	0.244	0.124	1	7	TRAPPC11
0.0083175495244788	1.0085973371691	0.222	0.122	1	7	PHACTR2
0.000913210359913634	1.00816480979639	0.244	0.117	1	7	PRR14L
0.00214942544610299	1.00816480979639	0.233	0.116	1	7	TBC1D23
0.00252015541962834	1.00769310959899	0.367	0.21	1	7	MMRN2
0.00833696525013022	1.00598138896209	0.2	0.095	1	7	USP45
0.000420904039473364	1.00564237003423	0.344	0.186	1	7	TCF7L2
0.00321637111760839	1.00528460312827	0.322	0.18	1	7	ZBTB46
0.000573247348335031	1.00331466908842	0.389	0.225	1	7	MTMR3
0.00175291708115432	1.00150791238278	0.367	0.215	1	7	KPNA3
0.00244825787002533	1.00150791238278	0.267	0.143	1	7	SYNRG
0.00320182535264607	1.00150791238278	0.244	0.132	1	7	HIVEP1
0.00323892474126845	1.00020289642687	0.256	0.129	1	7	FOXO1
0.00032678268407895	1.00020289642687	0.389	0.198	1	7	APBB1
0.00114401406932157	1.00020289642687	0.333	0.194	1	7	SPECC1L
0.000288176084206562	0.999472602794021	0.256	0.134	1	7	ACOT9
0.00139347531188619	0.998681868304021	0.333	0.182	1	7	IARS1
0.000801525649018848	0.998681868304021	0.244	0.122	1	7	STAT6
0.00015788922132372	0.995497812628685	0.311	0.158	1	7	PRIM2
0.00217638741128205	0.994734683787358	0.3	0.145	1	7	SLC4A7
0.00438867375537044	0.994734683787358	0.211	0.108	1	7	CPSF1
0.00391049155347258	0.993490444778895	0.189	0.098	1	7	DAZAP1
0.00326107944207834	0.993225851464831	0.4	0.226	1	7	USP32
0.00810827703489344	0.992109214380535	0.244	0.143	1	7	PLEKHO1
0.0067751707006126	0.991513182543555	0.367	0.226	1	7	CEP170
0.000298125955152184	0.988834082347674	0.333	0.168	1	7	TSC22D1
0.00135856909533982	0.988079337344382	0.344	0.197	1	7	CNOT3
0.00748393368887211	0.986872566014388	0.156	0.076	1	7	TBC1D30
0.00334401669980836	0.986448804800917	0.322	0.183	1	7	CKAP5
0.00461977384994802	0.986448804800917	0.322	0.184	1	7	RALGAPA2
0.00692545839711818	0.985791490624056	0.267	0.153	1	7	BLTP1
0.000386059496638255	0.984634093818388	0.422	0.243	1	7	ATXN2
0.00213105194697741	0.983816007581049	0.344	0.202	1	7	FAM129B
0.000122721531466496	0.982447639688012	0.4	0.232	1	7	FOXK2
0.00157434744619339	0.982055549716612	0.311	0.191	1	7	MARK1
0.00136957052616512	0.981654856743368	0.378	0.22	1	7	PDS5B
0.000778057949586857	0.979849031253011	0.4	0.231	1	7	PMEPA1
0.00110226563089782	0.979053061555088	0.3	0.153	1	7	CAMSAP1
0.00045548115372451	0.977709144326198	0.289	0.153	1	7	AFTPH
0.00177242752561192	0.977709144326198	0.267	0.149	1	7	PBX1
0.00281059515312813	0.977358763015213	0.211	0.12	1	7	HK1
0.00456784159611415	0.977358763015213	0.389	0.223	1	7	TRAPPC9
0.00098475721100942	0.976455950069049	0.378	0.23	1	7	MTMR1
0.000503163242643224	0.976056809095169	0.378	0.195	1	7	GOLGB1
0.00287070056832396	0.975512703849839	0.233	0.117	1	7	THADA
0.00529376109294373	0.975512703849839	0.2	0.115	1	7	MED27
0.00570211709653847	0.975512703849839	0.2	0.108	1	7	MTMR10
0.000679252650111495	0.973493536213188	0.389	0.21	1	7	UBE2Q2
0.000943591968639371	0.971275710963369	0.211	0.108	1	7	RNF115
0.00438867375537044	0.971275710963369	0.211	0.108	1	7	TFCP2
0.0093591483026004	0.971275710963369	0.2	0.103	1	7	TBC1D10A
0.0033197887142174	0.971275710963369	0.267	0.156	1	7	TAF4
0.00339511054302891	0.971275710963369	0.289	0.157	1	7	EPN2
0.00841415981037892	0.970548729319924	0.389	0.239	1	7	CYR61
0.00282274410008394	0.969671825260779	0.267	0.155	1	7	NAA15
0.00429331985183045	0.968828390544626	0.2	0.1	1	7	DVL3
0.00964955223423323	0.96611400584759	0.256	0.134	1	7	EXD3
0.00034000977880826	0.965283199581677	0.311	0.159	1	7	EMC4
0.00166494903082961	0.964943462139653	0.222	0.114	1	7	FAM193A
0.005953855229412	0.964642618630922	0.289	0.172	1	7	HDAC8
0.000592785229308778	0.963540062183764	0.3	0.159	1	7	USPL1
0.00914827564357122	0.963086313150022	0.167	0.092	1	7	FARP1
0.000438227836293618	0.962438347704192	0.2	0.1	1	7	NAV3
0.00178057512600405	0.961679034507249	0.289	0.145	1	7	KIAA1671
0.00724308772380446	0.961679034507249	0.278	0.148	1	7	SH2D3C
0.00809599388958353	0.961095931080965	0.344	0.209	1	7	CHD1
0.000715152033796662	0.960700509661226	0.444	0.281	1	7	MYO10
0.00208351431844003	0.959687736688157	0.344	0.183	1	7	UGGT1
0.00195208094094163	0.959687736688157	0.378	0.218	1	7	XRN1
0.00871896686549911	0.959687736688157	0.178	0.093	1	7	CENPF
0.00399813028896745	0.957180881077582	0.211	0.119	1	7	EED
0.00658177262074229	0.957180881077582	0.233	0.122	1	7	ABCA5
0.00106858309963084	0.956297147487383	0.322	0.179	1	7	MYO6
0.000260099379808921	0.956158925207911	0.422	0.229	1	7	CDKAL1
0.000246926389438986	0.953730281391758	0.278	0.152	1	7	YTHDC2
0.0020029322065596	0.953730281391758	0.278	0.152	1	7	KIAA0930
0.000171477793094358	0.952993084114149	0.378	0.203	1	7	BAZ2B
0.00250756322580008	0.952993084114149	0.333	0.218	1	7	NF1
0.0038236439391521	0.95230820632256	0.311	0.181	1	7	DLL4
0.00402793991211547	0.951467229883189	0.256	0.148	1	7	ZFC3H1
0.00202990614268311	0.950604631925719	0.333	0.194	1	7	CD2AP
0.000500273177979363	0.950101687858959	0.411	0.236	1	7	BAIAP2
0.00646266908485096	0.949539781312074	0.156	0.088	1	7	CPSF6
0.000888267988170872	0.949040492488649	0.4	0.261	1	7	SLC12A4
0.000738027645014844	0.948192097850328	0.311	0.159	1	7	TNPO3
0.00173863710311291	0.948192097850328	0.433	0.287	1	7	DOCK1
0.00233589002664524	0.946431639985891	0.256	0.14	1	7	ADK
0.00975736270861173	0.946431639985891	0.133	0.071	1	7	CCM2L
0.000162753541378416	0.944199229419149	0.489	0.281	1	7	LYST
0.000192009722090882	0.942813918123761	0.344	0.179	1	7	FLII
0.004082126181648	0.940578913740453	0.222	0.122	1	7	PRAG1
0.000820180062674283	0.940578913740452	0.311	0.162	1	7	COQ8A
0.000246252481637058	0.938854233270992	0.389	0.215	1	7	RALGPS2
0.00103349223277032	0.938208009277706	0.289	0.174	1	7	PLAA
0.000447786919876996	0.938208009277706	0.467	0.284	1	7	VWCE
0.00705451454265831	0.937962965533441	0.222	0.122	1	7	KCNN3
0.00872653058742872	0.937661430358158	0.267	0.141	1	7	CCM2
0.000130862502197596	0.937661430358158	0.456	0.265	1	7	HELZ
0.00387032323576528	0.933692528155213	0.3	0.179	1	7	MYO9B
0.000326494842217223	0.932608202631873	0.356	0.196	1	7	KDM3B
0.00182544631113963	0.932166673924252	0.278	0.143	1	7	GOLGA2
0.00252073291423992	0.932166673924252	0.256	0.147	1	7	SNX1
0.00278473049044105	0.931776598204453	0.367	0.225	1	7	LIMS1
0.000524209685672617	0.930584944743897	0.422	0.264	1	7	NKAIN1
0.00182417828851047	0.92977215878387	0.356	0.211	1	7	AKAP9
0.0069553185402612	0.928383616770148	0.311	0.17	1	7	REPS1
0.000565290884718753	0.925472021350244	0.333	0.207	1	7	RABEP1
0.00836813295490313	0.920279352129922	0.233	0.137	1	7	RAPGEF1
0.00148907607622792	0.91797748480332	0.289	0.163	1	7	PRR12
0.00706850021723865	0.917043399279664	0.167	0.083	1	7	KIF15
0.00467487123897364	0.917043399279663	0.367	0.22	1	7	VPS13C
0.00335780074052695	0.91648323812299	0.267	0.139	1	7	TAF3
0.00193178326298577	0.913228425595497	0.211	0.118	1	7	SNX29
0.000977676423782953	0.913228425595497	0.322	0.174	1	7	CORO1C
0.0011322249936784	0.913228425595497	0.311	0.174	1	7	SLMAP
0.000685062185288981	0.912647980992661	0.356	0.177	1	7	SCAF4
0.000290294988643406	0.910205264696934	0.411	0.247	1	7	ANKRD11
0.00147244360283321	0.909914740438682	0.411	0.25	1	7	EPS15
0.00229061583167318	0.909647054188562	0.422	0.265	1	7	TSPAN9
0.000298910956166838	0.908572420961303	0.478	0.294	1	7	AHR
0.00611588896578832	0.905572463912539	0.356	0.223	1	7	FRMD4A
0.000785748225638071	0.90310420832179	0.511	0.321	1	7	NIPBL
0.00470202180994135	0.90310420832179	0.333	0.216	1	7	PDE6D
0.00575425136649425	0.898287192024014	0.222	0.122	1	7	CRAMP1
0.00694148063329058	0.897829266281116	0.356	0.223	1	7	AP3B1
0.00120841932437751	0.895382360944054	0.367	0.228	1	7	VCL
0.0063811448760549	0.893885678292411	0.244	0.133	1	7	SEC16A
0.00740176737030675	0.893885678292411	0.256	0.129	1	7	EP300
0.0097460303676024	0.893486205760192	0.378	0.232	1	7	OSBPL8
0.000879790344492235	0.893050543657867	0.422	0.227	1	7	PRRC2C
0.00827917415067549	0.892049019812794	0.211	0.112	1	7	AMACR
0.00921450683508663	0.892049019812794	0.189	0.111	1	7	NPLOC4
0.00670916976208903	0.890825878543353	0.311	0.19	1	7	NFAT5
0.00911587754667766	0.890825878543353	0.189	0.1	1	7	ZDHHC6
0.000667468152961058	0.889633568524341	0.367	0.218	1	7	PARP4
0.00522217629092187	0.889633568524341	0.367	0.219	1	7	ZFP2
0.00704913678858221	0.88894614532513	0.333	0.207	1	7	ANKRD17
0.00121407439431026	0.8880498625995	0.378	0.232	1	7	ZMYND8
0.00243829008502047	0.887336892463473	0.222	0.117	1	7	RAB3GAP1
0.00553949190720669	0.886386813376856	0.311	0.181	1	7	USP19
0.0066494468183552	0.883651845655617	0.3	0.174	1	7	LRRC8C
0.000251644746040087	0.883475401572857	0.489	0.316	1	7	CYLD
0.000507991442593599	0.883321596131252	0.389	0.208	1	7	CCSER2
0.00638884393924732	0.883321596131252	0.344	0.205	1	7	ACAP2
0.00212890442947195	0.882259954528945	0.322	0.188	1	7	LYL1
0.000633782557921027	0.877921018804608	0.544	0.358	1	7	FGD5
0.00025480903750036	0.876228502330395	0.4	0.233	1	7	CYTH1
0.00829016517974969	0.874440450069646	0.344	0.221	1	7	RBPMS
0.00604703517280753	0.873150986220162	0.222	0.125	1	7	ARFGAP2
0.00110305043664444	0.872360684890682	0.256	0.141	1	7	OTUD7B
0.000844735537999782	0.872360684890682	0.411	0.253	1	7	DNAJC13
0.00141157080005608	0.871740037412455	0.344	0.224	1	7	ERI3
0.00331289211102004	0.871740037412454	0.278	0.158	1	7	RNF14
0.0013184247336083	0.871395348594451	0.378	0.238	1	7	OGT
0.00557594372570647	0.870827805298034	0.311	0.188	1	7	EVI5
0.00179255585271473	0.870189585849054	0.478	0.306	1	7	ACTN4
0.000107971587211865	0.869984933739925	0.633	0.452	1	7	CDH5
0.00103285915989284	0.869525616347012	0.389	0.261	1	7	AOPEP
0.000871147579382992	0.869067884322374	0.289	0.152	1	7	PTP4A3
0.000469737886786436	0.868218690677931	0.422	0.234	1	7	RBM6
0.00153785318409782	0.867742265430312	0.489	0.312	1	7	GNAQ
0.00619496053000606	0.866578332296676	0.233	0.133	1	7	FOXK1
0.00807404069643589	0.866578332296676	0.211	0.115	1	7	BRAF
0.000830409601147044	0.862341339410205	0.444	0.267	1	7	SMARCA2
0.00835316593536977	0.862076940061735	0.3	0.18	1	7	CLTCL1
0.000252330424698318	0.861435029020716	0.344	0.188	1	7	PDE7B
0.000248723405534876	0.859789166634037	0.456	0.279	1	7	THOC2
0.00441609103513317	0.859724661255613	0.478	0.306	1	7	TEK
0.00361343895783494	0.858585541543145	0.256	0.154	1	7	LRPPRC
0.00577039384334646	0.858116753548479	0.333	0.194	1	7	UBA3
0.00614680423701964	0.857589549069421	0.244	0.133	1	7	ZNF292
0.000442408125657848	0.856309996842848	0.344	0.193	1	7	QSER1
0.000102043218265911	0.85552314378768	0.389	0.204	1	7	AMFR
0.000170244570426176	0.85552314378768	0.544	0.36	1	7	RSU1
0.00158219216613229	0.855351076873422	0.3	0.18	1	7	ARHGEF12
0.0032325971029256	0.850381104768875	0.267	0.173	1	7	GPR4
0.000500686941221193	0.848656424299413	0.389	0.222	1	7	PPP2R5A
0.00189612959834512	0.848656424299413	0.356	0.218	1	7	MAU2
0.00217495296379486	0.848656424299413	0.3	0.174	1	7	UVRAG
0.00719110102557326	0.848656424299413	0.233	0.129	1	7	LMBRD2
0.00774666297469359	0.848656424299413	0.233	0.135	1	7	NEK7
0.00403905327079229	0.847648603761825	0.411	0.276	1	7	GNA12
0.0042367167280403	0.84703814590103	0.333	0.192	1	7	DARS1
0.00037053970770127	0.845846890712589	0.567	0.367	1	7	GNAS
0.00502600797199464	0.845249822856164	0.411	0.245	1	7	SMURF1
0.000167459503774813	0.844083694509589	0.344	0.186	1	7	NCOA1
0.00608832052590735	0.842731590342308	0.178	0.101	1	7	ABCC5
0.00282054329777925	0.839097595874569	0.322	0.21	1	7	FARP2
0.00344448837813614	0.838009180099905	0.322	0.202	1	7	LOC138497172
0.000644787442459609	0.838009180099905	0.378	0.228	1	7	ADAM15
0.00110024499333673	0.835717368591915	0.344	0.196	1	7	ATP13A3
0.00604388561849984	0.835359601685955	0.167	0.092	1	7	CHAF1A
0.00711268577049973	0.834869472569338	0.256	0.144	1	7	CHUK
0.00175070274818394	0.8319601354271	0.344	0.196	1	7	PPFIBP1
0.00697958206440196	0.828250213637576	0.267	0.147	1	7	CASTOR1
0.00257903369368474	0.827049968110038	0.267	0.156	1	7	RAF1
0.00838389616946921	0.826820623058941	0.3	0.195	1	7	EEA1
0.00180740193321058	0.821648989396232	0.4	0.25	1	7	CAMK2D
0.000100041264061	0.821135361535509	0.433	0.277	1	7	PTPRA
0.000120809629673074	0.820436550651955	0.511	0.322	1	7	HIPK2
0.00273113667268838	0.82035531553603	0.378	0.234	1	7	TRAPPC8
0.00363108988569113	0.819937607177887	0.333	0.201	1	7	PHF20
0.00623418755871451	0.819272617518319	0.311	0.187	1	7	LYN
0.00391002464922918	0.818643855232974	0.344	0.216	1	7	CAND1
0.000252470916298	0.816947564572075	0.533	0.332	1	7	PTPRE
0.00583796737635713	0.815489560364214	0.367	0.231	1	7	DYRK3
0.00977232361313926	0.815340104750189	0.456	0.336	1	7	ROCK2
0.000399671771411606	0.812308669768555	0.622	0.425	1	7	MYOF
0.00223821004356285	0.812130548274299	0.367	0.229	1	7	PPP2R2A
0.000665476343370911	0.812130548274299	0.422	0.264	1	7	MBNL3
0.00111926177323786	0.811348811576284	0.378	0.226	1	7	SBNO2
0.00363087801443513	0.806530948626737	0.211	0.114	1	7	ANO10
0.00636546551261739	0.806036790361625	0.211	0.126	1	7	CLUH
0.00835927834551047	0.805177787632532	0.222	0.134	1	7	CRTC2
0.00811402129582746	0.803842576948713	0.278	0.162	1	7	GAPVD1
0.00867085164661105	0.803313438838659	0.3	0.168	1	7	ITFG1
0.00567343348352409	0.800989990669099	0.378	0.24	1	7	CELF1
0.000605434228653152	0.80077627390093	0.4	0.249	1	7	RB1
0.00608202888369694	0.800676395397592	0.389	0.252	1	7	PPP6R3
0.00201197260509851	0.79926839733725	0.456	0.313	1	7	TANB
0.00704821927905923	0.796189004405278	0.156	0.09	1	7	UBE4A
0.0078546441261096	0.796189004405278	0.178	0.104	1	7	SLC1A5
0.000423958078074675	0.796189004405278	0.478	0.268	1	7	RC3H1
0.000921161112941437	0.796189004405278	0.489	0.318	1	7	FCHSD2
0.00102470839968346	0.796189004405278	0.322	0.188	1	7	STXBP5
0.00479968446559399	0.796189004405278	0.167	0.094	1	7	ZFTRAF1
0.00328464756451134	0.790914062364604	0.367	0.207	1	7	MFSD11
0.00169647650153354	0.790227446166561	0.533	0.359	1	7	JAM3
0.00177784004851093	0.790139959732473	0.344	0.196	1	7	MAN2A1
0.00477796327968939	0.788432560770843	0.422	0.288	1	7	ASAP2
0.00097442162036201	0.787801218912558	0.444	0.28	1	7	ASPH
0.000490434593261029	0.787057992653149	0.389	0.241	1	7	KIF13A
0.000841294713860011	0.785920668951451	0.389	0.225	1	7	FNDC3B
0.00243093255068966	0.783875742966426	0.444	0.269	1	7	RPS6KA3
0.00459108480496413	0.783751901167055	0.322	0.189	1	7	ZMIZ1
0.00410348909298296	0.781542228440876	0.267	0.166	1	7	EHD4
0.00457689538903905	0.781542228440876	0.3	0.166	1	7	DGCR8
0.00416782783320272	0.781002600590602	0.444	0.283	1	7	WDR26
0.000143117655827895	0.777573326237931	0.422	0.25	1	7	PAK2
0.00356278166755153	0.777573326237931	0.378	0.25	1	7	ZFAND3
0.00171192909474526	0.775724901845562	0.4	0.269	1	7	RIN2
0.00232208689405348	0.771271372200948	0.367	0.233	1	7	WIPF1
0.00382751026221187	0.771271372200948	0.367	0.221	1	7	ZC3H13
0.00562417476135083	0.769553877901811	0.233	0.136	1	7	DPP9
0.00345780952432177	0.767042658745761	0.278	0.169	1	7	GTF2F2
0.00250689857989909	0.76597439135827	0.633	0.463	1	7	TNS1
0.00450390636450679	0.76597439135827	0.278	0.16	1	7	BTBD9
0.000149368151915149	0.763440422065566	0.456	0.26	1	7	SLC20A1
0.000545511414339989	0.757621348145791	0.5	0.31	1	7	NR3C1
0.000331975576833489	0.756111565029942	0.533	0.351	1	7	XYLT1
0.000854211586286867	0.753753738084881	0.489	0.351	1	7	TNRC6C
0.00956085475274871	0.753684275890742	0.344	0.248	1	7	HNRNPLL
0.000130360071507664	0.744504849116347	0.644	0.433	1	7	PICALM
0.00348657625906774	0.742749745443817	0.422	0.282	1	7	DPYSL3
0.00334189087381081	0.742639536128544	0.356	0.196	1	7	SBNO1
0.00444600648435121	0.742013864254239	0.444	0.303	1	7	PAM
0.00221168945009236	0.741741220382901	0.256	0.158	1	7	PRKAR2A
0.00522925123869244	0.740425732883269	0.278	0.173	1	7	GNA11
0.00306809588570206	0.736810457326346	0.367	0.197	1	7	MEOX2
0.00795804770794561	0.734128036273026	0.267	0.157	1	7	TPST2
0.000649489997376771	0.732979263002657	0.833	0.65	1	7	PCDHGC3
0.00691327187572925	0.732826943407848	0.322	0.207	1	7	FLOT2
0.00178049385607556	0.732142415572988	0.711	0.595	1	7	CD2
0.000539182842760277	0.72818890428747	0.544	0.388	1	7	ATRX
0.000131297788342391	0.728071427232929	0.833	0.811	1	7	VWF
0.00915452692611069	0.72622644623771	0.244	0.144	1	7	CPEB4
0.00966647930741195	0.717921947608015	0.522	0.385	1	7	WLS
0.00683823597929782	0.714575238851626	0.278	0.161	1	7	JAK2
0.0011718052621042	0.714428032582339	0.422	0.269	1	7	SDC3
0.0052205919979688	0.709253367633997	0.233	0.144	1	7	SH3KBP1
0.00264992755887998	0.699973689145975	0.478	0.31	1	7	MCAM
0.0023760528881441	0.694608404869339	0.411	0.267	1	7	CHD9
0.00894965521081479	0.69247765488317	0.222	0.143	1	7	SYNPO
0.00932893319817105	0.692080601064539	0.222	0.132	1	7	TRAF7
0.00773979565385208	0.684971525806728	0.378	0.242	1	7	LDB1
0.00219570671478966	0.672806588899996	0.389	0.238	1	7	PTPN11
0.00171998761917953	0.664944471127025	0.644	0.437	1	7	PLS3
0.00122355597319277	0.663377175980065	0.378	0.237	1	7	DENND4C
0.00995240474360778	0.66243761551645	0.256	0.165	1	7	KDM5C
0.00132429886408687	0.659833057309426	0.611	0.437	1	7	NRP1
0.00235395176950417	0.659253359049169	0.344	0.192	1	7	EPB41
0.00216439752105802	0.657764317460769	0.5	0.335	1	7	PRKAA1
0.000306630005604918	0.644185910960228	0.567	0.38	1	7	KANK3
0.00909029985730784	0.642383668326242	0.556	0.427	1	7	FLNB
0.00966939458833195	0.637152319105702	0.333	0.191	1	7	ARHGAP28
0.00620181420334695	0.630655772080123	0.422	0.285	1	7	DOCK6
0.00121694566850006	0.619174578176646	0.756	0.543	1	7	ADAM10
0.00446129545509353	0.602507879710357	0.733	0.593	1	7	ADCY4
0.00591594679458722	0.601041419259712	0.556	0.384	1	7	ITGA5
0.0043477700140273	0.573078645735831	0.389	0.232	1	7	DAB2IP
0.00318081048464055	0.568496979363681	0.522	0.362	1	7	RBFOX2
0.00879066543436812	0.538890968120628	0.644	0.473	1	7	ADGRL4
0.00900848215127372	0.524425209345279	0.444	0.33	1	7	RBM25
0.00684294408653644	0.521081766270909	0.489	0.342	1	7	NAP1L4
0.000277979086196525	0.511621437021843	0.711	0.532	1	7	SEMA3F
0.00603354626309427	0.504479798933779	0.444	0.312	1	7	PARD3
0.00863156389182409	0.50104685254086	0.567	0.41	1	7	PDLIM4
0.000324354848518224	0.469801261327216	0.856	0.817	1	7	ND1
0.0036195202985341	0.426005740910694	0.689	0.562	1	7	LOC138515939
0.00197071128332723	0.374892514654751	0.7	0.483	1	7	JAG2
0.00634023267663298	0.368055847514751	0.778	0.656	1	7	TRIM39
0.00227260551132402	0.320802160230731	1	0.991	1	7	ATP6
0.00211228923018117	-0.187360474814128	0.633	0.807	1	7	TUBB4A
0.00911027996916736	-0.23775832751806	0.033	0.106	1	7	CD74
0.00808732194781214	-0.255910334088497	0.933	0.955	1	7	SUGP2
0.00139837624387237	-0.431518368374266	0.6	0.707	1	7	TRA2B
0.000480861708289378	-0.433959860565605	0.722	0.843	1	7	MYL12B
0.00260617224507709	-0.44997158286412	0.589	0.714	1	7	YWHAZ
0.00774284841579474	-0.467918436093742	0.433	0.565	1	7	HSP90B1
0.00677531141771658	-0.471291306459708	0.411	0.555	1	7	ATP5F1B
0.00575524455210427	-0.477618926431719	0.511	0.647	1	7	LDHA
0.00405439306091302	-0.487378616783325	0.422	0.536	1	7	CCT6A
0.000264112727800158	-0.487860706968832	0.211	0.383	1	7	LOC138487737
0.00824970599464481	-0.491387585691307	0.3	0.411	1	7	SEC61A1
0.00812772669965178	-0.496087923551579	0.567	0.756	1	7	PRDX1
0.00270474215860215	-0.501135050363992	0.778	0.837	1	7	KRT18
0.00113239633497847	-0.501990487709476	0.411	0.578	1	7	SRSF5
0.00258727834969739	-0.507658635856728	0.533	0.675	1	7	HNRNPU
0.00658789710181344	-0.508278120415862	0.5	0.618	1	7	AHNAK
0.00559639406100258	-0.515627774514796	0.389	0.505	1	7	EIF4G2
0.00463998996698441	-0.51679904612887	0.5	0.645	1	7	CAVIN1
0.00804123934083803	-0.517035021601224	0.322	0.44	1	7	ARPC5
0.00843829649389453	-0.517701771416666	0.556	0.644	1	7	LGALS1
0.00186670778477847	-0.522618249133386	0.667	0.771	1	7	UBC
0.00445707255753095	-0.527700606815371	0.4	0.503	1	7	PRKAR1A
0.00602644918077803	-0.56638107497943	0.311	0.444	1	7	BSG
0.00455766065312021	-0.569716787542687	0.211	0.334	1	7	LOC138520967
0.00584245897673962	-0.574648690963031	0.222	0.367	1	7	MACROH2A2
0.00418794303823907	-0.577521632584631	0.322	0.442	1	7	HMGB3
0.00516953486669472	-0.579148371053308	0.222	0.341	1	7	LAPTM4A
0.00030441545879785	-0.581811115549037	0.744	0.894	1	7	PFN1
0.00398106079102973	-0.5839339686521	0.467	0.581	1	7	SEPT2
0.000754043424844557	-0.587834184645748	0.556	0.727	1	7	ZNF326
0.000816984262620818	-0.590466693503744	0.444	0.58	1	7	ZFP36L2
0.000113484281125801	-0.59339402661715	0.656	0.754	1	7	HNRNPH3
0.00060008689178404	-0.596010169527804	0.478	0.653	1	7	JPT1
0.00242982795816839	-0.606704969950433	0.411	0.554	1	7	RBM4B
0.000573684503844986	-0.611632156074331	0.511	0.624	1	7	RHOC
0.000375580418430194	-0.616700028294989	0.533	0.679	1	7	ARF1
0.00350959572540654	-0.618170377333049	0.322	0.485	1	7	PA2G4
0.00714391469800565	-0.625274764032999	0.2	0.354	1	7	SRSF6
0.000658700215447728	-0.636368593916584	0.444	0.615	1	7	KHDRBS1
0.000831445513058121	-0.642459993307875	0.589	0.716	1	7	SNRPE
0.00119104288266895	-0.65384391622977	0.433	0.542	1	7	ARHGDIA
0.000619913971579201	-0.654642794948278	0.389	0.553	1	7	POMP
0.00170895432018216	-0.65826317598691	0.433	0.553	1	7	RBM4
0.00281426881283123	-0.658471267007159	0.411	0.537	1	7	KRT19
0.0026598871074376	-0.661329479034693	0.4	0.561	1	7	SNRPD2
0.0067911352836296	-0.66494490946302	0.211	0.317	1	7	LOC138472955
0.00303071567732068	-0.668742792609108	0.322	0.456	1	7	KRTCAP2
0.00167824683635478	-0.672580478811356	0.278	0.439	1	7	NDUFS5
0.00919060203473482	-0.672580478811356	0.133	0.253	1	7	AKR1B1P5
0.00414642667811614	-0.676115695546416	0.444	0.554	1	7	H1-1
0.00626587510282547	-0.687538201471721	0.244	0.386	1	7	TXNDC17
0.00871000750302241	-0.690187276593828	0.289	0.419	1	7	SSR4
0.0001085945447448	-0.703571173778993	0.589	0.758	1	7	NONO
0.00944626777236434	-0.705893224241283	0.256	0.394	1	7	CA5A
0.000223744001064749	-0.70910635483647	0.289	0.512	1	7	TMEM258
0.00534013331578013	-0.71282464308258	0.256	0.388	1	7	TCP1
0.000262593676452794	-0.71367204107516	0.367	0.562	1	7	COX5B
0.00134453427528193	-0.715710034126155	0.244	0.401	1	7	PGK1
0.00865784722648286	-0.71838416842448	0.2	0.343	1	7	SNU13
0.00242734285623532	-0.720709221370724	0.256	0.453	1	7	UBE2N
0.000334858962806149	-0.722461500505024	0.389	0.604	1	7	TMED2
0.00173141175672269	-0.725131000865065	0.289	0.454	1	7	CLTA
0.00279862772433251	-0.726638269637137	0.4	0.537	1	7	CD9
0.00700864611572143	-0.729972142699692	0.278	0.421	1	7	ARPC3
0.00248178922746869	-0.750093028151818	0.167	0.294	1	7	MICOS13
0.00633515901563907	-0.75036337295555	0.256	0.395	1	7	LSM3
0.000481404090371187	-0.757522562331439	0.167	0.328	1	7	TSPO
0.000240324626752592	-0.769645183941823	0.389	0.561	1	7	MATR3
0.00572671420836678	-0.771919390604997	0.378	0.516	1	7	ATP5F1D
0.000642785512417602	-0.774237403157998	0.322	0.495	1	7	ATP5PD
0.000178890418694645	-0.775717343490432	0.3	0.495	1	7	NEDD8
0.00195914290161173	-0.777277857478049	0.167	0.291	1	7	XRN2
9.63113248881694e-05	-0.779495682727868	0.4	0.601	1	7	MOB1A
0.00544692529919599	-0.79204121014979	0.189	0.323	1	7	SRSF10
0.000760878014358851	-0.79212081809799	0.356	0.539	1	7	PSMA2
0.00750700954066212	-0.792384749868257	0.189	0.314	1	7	PKLR
0.00181771882723762	-0.803015418891657	0.222	0.372	1	7	SERPINB6
0.00170378389285971	-0.803273066010994	0.311	0.472	1	7	LOC138566164
0.00152947087172779	-0.80484825917395	0.3	0.449	1	7	SSR1
0.00030821700444268	-0.808741912548474	0.367	0.527	1	7	MYEF2
0.000230192416367507	-0.809237598875594	0.411	0.574	1	7	TUBA1B
0.00818316404181045	-0.810084002561291	0.167	0.273	1	7	NDUFA11
0.00737676907530962	-0.818337953858017	0.244	0.361	1	7	FKBP1B
0.00127342236779398	-0.820953902065028	0.2	0.319	1	7	LSM7
0.000350360544077468	-0.831971185716981	0.411	0.547	1	7	CYCS
0.00568255780819505	-0.835841749972657	0.378	0.495	1	7	PMP22
0.0014268128629549	-0.838123412698576	0.256	0.419	1	7	GLO1
0.000487006910188136	-0.838925700095697	0.322	0.495	1	7	EIF5
0.00267881052823057	-0.844268608907582	0.167	0.301	1	7	EIF2S3
0.00309575564962071	-0.844916574353412	0.167	0.307	1	7	RBM8A
0.0079130119718575	-0.853033695119263	0.233	0.354	1	7	SDCBP2
0.00208753979225104	-0.853363290758869	0.233	0.411	1	7	ATP5F1C
0.000306958963787754	-0.854287364732573	0.344	0.521	1	7	CST3
0.00239584529408615	-0.855887692174415	0.233	0.379	1	7	ETF1
0.00221139367120109	-0.855887692174416	0.322	0.449	1	7	ANXA11
0.000395668720677458	-0.858314429568956	0.256	0.43	1	7	BRK1
0.00295346570920696	-0.864415963555801	0.211	0.369	1	7	NDUFA6
0.00583290174301974	-0.865941356838338	0.122	0.235	1	7	CACYBP
0.000401253581257575	-0.866097890776634	0.311	0.472	1	7	KDELR2
0.00033404114663505	-0.866980660426281	0.289	0.462	1	7	FOS
0.00133768200369864	-0.869485295575138	0.211	0.384	1	7	PSMA5
0.000678325034463681	-0.869548241758131	0.322	0.477	1	7	JUNB
0.000529027066472314	-0.872189504503516	0.222	0.393	1	7	ACP1
0.0045270664163252	-0.877582763273734	0.189	0.304	1	7	PFDN4
0.00484834822485724	-0.877582763273735	0.267	0.403	1	7	LOC138521839
0.000141458901411587	-0.879119998412132	0.211	0.43	1	7	COX7A2L
0.000284901279043545	-0.879119998412132	0.267	0.448	1	7	CAPZA2
0.00126374386642844	-0.880549746408684	0.267	0.452	1	7	CCT5
0.00123011286648616	-0.881167100622773	0.178	0.324	1	7	METAP2
0.00229395470706778	-0.888309169866793	0.311	0.479	1	7	ERH
0.0051009972447748	-0.889835024097753	0.211	0.358	1	7	MAGOH
0.00147784437907425	-0.893955733007935	0.156	0.295	1	7	SUMO1
0.00493503646371432	-0.894706941064944	0.211	0.333	1	7	PSMB2
0.000333112505356871	-0.899990974914428	0.356	0.527	1	7	SSUH2
0.000434572719649696	-0.905835222451807	0.356	0.526	1	7	PSMA4
0.00967234916326505	-0.912155911821161	0.167	0.291	1	7	SRP14
0.00243348209036184	-0.916092326380331	0.144	0.283	1	7	DENR
0.0010213313636898	-0.917776078807461	0.267	0.44	1	7	TUSC3
0.000123850685458281	-0.918115992349756	0.289	0.513	1	7	SUMO3
0.00124718318792126	-0.923703076401987	0.167	0.311	1	7	NSA2
0.00278925554651309	-0.932508973777328	0.133	0.275	1	7	DAPL1
0.00374816424709955	-0.936289198768615	0.278	0.445	1	7	LOC138582805
0.00114714880161329	-0.93995195696289	0.233	0.417	1	7	EIF1AX
0.0055206388647647	-0.940776589760928	0.178	0.32	1	7	TRMT112
0.00711650424616187	-0.941988429429736	0.178	0.297	1	7	EIF3E
0.00963911950750808	-0.948681787846275	0.133	0.244	1	7	DAP
0.000123104117426002	-0.951044925214755	0.289	0.499	1	7	SSR2
0.000100909888542235	-0.951044925214755	0.3	0.537	1	7	NDUFB1
0.000173974122218715	-0.954563082431568	0.478	0.606	1	7	RHOB
0.00737417907416205	-0.956151815647844	0.122	0.228	1	7	SCPEP1
0.000507060693750095	-0.95910019483468	0.167	0.335	1	7	TMEM14A
0.00566232236673097	-0.972805443953566	0.133	0.277	1	7	TOMM22
0.00192281602061262	-0.973381255192856	0.144	0.284	1	7	VBP1
0.000119072125228819	-0.976181925892127	0.211	0.406	1	7	SUMO2
0.000786947654155123	-0.97640049949165	0.233	0.412	1	7	TBCA
0.00948868243673122	-0.979538841040051	0.278	0.385	1	7	ID3
0.000335884704532308	-0.981418574258274	0.444	0.54	1	7	FAM107B
0.000426471658263077	-0.984421062419798	0.211	0.374	1	7	SURF4
0.00108687429312799	-0.986219560522095	0.267	0.411	1	7	MAPRE1
0.000116595551924704	-0.99087890350734	0.167	0.348	1	7	RHEB
0.00913308043576593	-0.993887926220491	0.178	0.305	1	7	TIMP1
0.0011441910246432	-0.995660496834053	0.2	0.37	1	7	GCA
0.000332370664314354	-0.998020541595404	0.167	0.335	1	7	MTURN
0.00141383436974344	-1.00131813169598	0.111	0.246	1	7	MRPL42
0.000179024250844354	-1.00526531621264	0.222	0.423	1	7	SRP9
0.00368859227407368	-1.01443363148624	0.178	0.335	1	7	HYPK
0.00207397725380021	-1.01917349625369	0.233	0.378	1	7	EIF6
0.00889324030319115	-1.02289521023443	0.1	0.208	1	7	CHCHD1
0.00092072207081675	-1.02945127068008	0.144	0.299	1	7	BCCIP
9.3593682465812e-05	-1.02997031909038	0.278	0.478	1	7	MTPN
0.00243327901134786	-1.03308069408077	0.167	0.312	1	7	CS
0.00370009055542933	-1.03618437768917	0.144	0.283	1	7	CCDC43
0.000233522583173502	-1.04492151656443	0.244	0.431	1	7	NAA50
0.00909819726049702	-1.04607153260053	0.1	0.211	1	7	COA8
0.00832353321061299	-1.04671003450999	0.089	0.191	1	7	PSMD12
0.00613500185378624	-1.05823417130911	0.167	0.298	1	7	PSMA3
0.000331398462475939	-1.06739179736813	0.2	0.355	1	7	TMEM50A
0.00641914800029454	-1.06888141550861	0.122	0.252	1	7	PRDX6
0.00163984725088172	-1.07036949716802	0.178	0.35	1	7	PSMB3
0.00248277069808662	-1.07694118530257	0.133	0.281	1	7	NDUFA3
0.00117097980132924	-1.08994303103644	0.156	0.311	1	7	U2AF1L4
0.00986461192842801	-1.09689579167821	0.122	0.242	1	7	C5PH6orf62
0.00264939992054711	-1.10989313220708	0.178	0.338	1	7	DYNLRB1
0.00151996001934406	-1.1175552622443	0.156	0.324	1	7	VPS29
0.000243662228354881	-1.11788081680755	0.2	0.393	1	7	SPCS2
0.0030053738885102	-1.11956486702793	0.178	0.332	1	7	OSTC
0.000608809652605969	-1.1218997978081	0.222	0.415	1	7	LOC138527383
0.00147651657976648	-1.12646890706156	0.122	0.272	1	7	TIMM9
0.00572362193012282	-1.14061716910753	0.1	0.219	1	7	TMEM14C
0.00419417911417985	-1.15134357570059	0.111	0.223	1	7	CCNG1
0.000135985330930605	-1.15695718216411	0.189	0.389	1	7	NDUFB3
0.00410888492492144	-1.15954072866721	0.122	0.245	1	7	KLF2
0.000603734907287453	-1.16074227370284	0.167	0.355	1	7	ATP5PB
0.000237513437743287	-1.17781578706178	0.189	0.373	1	7	LOC138516165
0.00662617541740215	-1.17781578706178	0.078	0.186	1	7	MYDGF
0.00781765848385916	-1.17781578706178	0.189	0.314	1	7	RHAG
0.00228030588789479	-1.17983213266028	0.133	0.289	1	7	ARPC1A
0.00724796685614448	-1.18435863292855	0.156	0.277	1	7	CEBPD
0.00688097441502672	-1.18495196834341	0.1	0.246	1	7	ADAR
0.000975944462866696	-1.18529090762392	0.133	0.307	1	7	LOC138480899
0.00312844606655096	-1.18653300416289	0.122	0.264	1	7	LOC138526320
0.00537730263547507	-1.1918713822832	0.133	0.282	1	7	NDUFB4
0.00315566376151374	-1.1995108581611	0.122	0.268	1	7	UQCRC2
0.0049521568632828	-1.20381099559472	0.067	0.156	1	7	PIK3R2
0.000344808431676258	-1.22739781591234	0.133	0.285	1	7	HEBP2
0.0033126290991236	-1.23215562128868	0.089	0.208	1	7	NDUFV2
0.00148912216462649	-1.23517516650406	0.133	0.288	1	7	MDH2
0.000307813377988078	-1.23775832751806	0.144	0.324	1	7	LALBA
0.00820980986647528	-1.24015284265844	0.056	0.166	1	7	MRPL30
0.00410902912661009	-1.24731263423131	0.067	0.173	1	7	UFC1
0.00109258896735505	-1.25895254978718	0.111	0.255	1	7	UFM1
0.000106652233467769	-1.26764260746396	0.144	0.335	1	7	RPN1
0.000175811582753708	-1.27174467175981	0.2	0.412	1	7	SELENOF
0.0072633820550886	-1.28398134427871	0.033	0.123	1	7	IL10RA
0.00591336575066974	-1.28722700378236	0.056	0.156	1	7	TIMM8B
0.0097946403961895	-1.3003379192733	0.144	0.267	1	7	IGF2
0.00159523423889769	-1.30334666914564	0.067	0.174	1	7	PWP1
0.00650461578824219	-1.30334666914564	0.056	0.152	1	7	PRCP
0.00161757243951248	-1.31928821301466	0.078	0.224	1	7	NDUFS6
0.00288391263937149	-1.32948037861863	0.222	0.373	1	7	SELE
0.00139244040576221	-1.32981888050683	0.089	0.225	1	7	PPID
0.000836695323237004	-1.33362923608168	0.111	0.268	1	7	TMEM59
8.49902463501503e-05	-1.33505552887297	0.133	0.355	1	7	ARL1
0.00168926671694329	-1.33790389118201	0.111	0.271	1	7	PPP1CA
0.00578720843779525	-1.39645607353712	0.056	0.155	1	7	LOC138459848
0.00142999485711064	-1.40095746577206	0.211	0.371	1	7	GSTP1
0.000233197988466148	-1.40544485676437	0.1	0.258	1	7	CMC2
0.000169072678368343	-1.41140641500309	0.122	0.305	1	7	POLR2J
0.000560001692006258	-1.41882388656557	0.044	0.169	1	7	MRPL35
0.0016226555701044	-1.44708214660709	0.067	0.199	1	7	C11H11orf58
0.00494998989508293	-1.46254526399489	0.078	0.208	1	7	CNN3
0.00532449754904076	-1.46684540142852	0.044	0.146	1	7	LOC138569992
9.35520283277125e-05	-1.47113275983161	0.1	0.276	1	7	RTRAF
0.000188111754508231	-1.47479752481891	0.122	0.293	1	7	LOC138488268
0.00852717996863803	-1.49448815649764	0.078	0.194	1	7	GPX3
0.00145782733012584	-1.49599174708803	0.067	0.201	1	7	LOC138582769
0.00370736512874737	-1.50079273335185	0.033	0.138	1	7	SERF2
0.00424222901412106	-1.53259276152315	0.056	0.178	1	7	CUTA
9.83161283373451e-05	-1.55744795020942	0.078	0.266	1	7	PDCD5
0.00864131460459184	-1.59808993470677	0.033	0.122	1	7	UBE2C
0.000631376157908741	-1.60590943916607	0.078	0.239	1	7	TMEM128
0.000210988352256827	-1.71838416842448	0.089	0.237	1	7	SERPINE2
0.00213318107087661	-1.73273946140155	0.044	0.172	1	7	PPIC
0.0013463661068875	-1.7540080781552	0.044	0.17	1	7	EXOC5
0.000264512656487686	-1.76714348034434	0.078	0.263	1	7	SKA2
0.000511765519819936	-1.78188711073064	0.044	0.176	1	7	TCOF1
0.00380982036473434	-1.80017825958813	0.022	0.111	1	7	GYG1
0.00061835632184052	-1.82644391428193	0.078	0.242	1	7	SELENOP
0.00124224437227745	-1.86948529557514	0.111	0.269	1	7	APCS
0.000925576091295595	-1.87450337034176	0.067	0.216	1	7	LOC138527613
0.000170262640572993	-1.87911999841213	0.067	0.249	1	7	DUT
0.00253797240276178	-1.97388490157287	0.033	0.156	1	7	DYNLL2
0.00515967828658101	-2.01116591765233	0.011	0.087	1	7	MFSD5
0.00917399418920875	-2.02094693844491	0.022	0.102	1	7	FBN1
0.00815698737541121	-2.04031226331184	0.011	0.088	1	7	SFT2D2
0.00407764409506124	-2.12437652810032	0.011	0.093	1	7	ZNF593
0.000429173885372228	-2.13116569376296	0.033	0.173	1	7	PET100
0.00672325626339777	-2.24820511495318	0.033	0.132	1	7	GAS7
0.00515265985034219	-2.27092519145326	0.022	0.114	1	7	SNCA
0.000541847845807503	-2.28316878720801	0.056	0.191	1	7	NR6A1
0.000109084888500848	-2.42620341693117	0.044	0.216	1	7	CLCA1
0.0032556432641396	-2.42620341693117	0.022	0.131	1	7	ELN
0.00197254606903671	-2.58628063241714	0.011	0.125	1	7	SEMA3A
0.00776112435992326	-2.58628063241714	0	0.063	1	7	LOC138515867
0.00141352741311492	-2.59612841837348	0.033	0.163	1	7	SRGN
0.00198255437691835	-2.63963005701007	0.033	0.147	1	7	FGF10
0.00402087065367896	-2.6443835869807	0.011	0.11	1	7	ITGB3
0.00776695718067015	-2.68185829239937	0	0.066	1	7	COX7A1
0.000384743739979754	-2.95487678680578	0.033	0.173	1	7	NFIX
0.00391672662874912	-3.08295660072034	0	0.076	1	7	ABLIM2
0.000648663365001728	-3.08295660072034	0.022	0.147	1	7	PROX1
0.00277153363135141	-3.15134357570059	0	0.085	1	7	NINJ1
0.00154503701092016	-3.31531931081171	0	0.105	1	7	MED28
0.0043996570478604	-3.55632741031551	0	0.099	1	7	DOCK5
0.000163357065160346	-4.3212685771429	0	0.133	1	7	PDPN
0.00156406100700458	-5.00378638728673	0	0.112	1	7	STAB2
3.68415092839638e-23	2.73244235563866	0.558	0.123	4.41840220842578e-19	8	APLN
1.04979031403095e-15	1.54631155626653	0.909	0.509	1.25901352361732e-11	8	IGFBP1
4.4009720619931e-15	1.88060556492108	0.649	0.222	5.27808579394832e-11	8	CYR61
3.80754492413318e-12	1.80817826066799	0.481	0.172	4.56638862751292e-08	8	PDGFB
4.07670224713226e-11	1.26275293182239	0.87	0.661	4.88918900498572e-07	8	ACTG1
1.47144182268847e-09	1.0046029976779	0.831	0.486	1.76470017795028e-05	8	SPACA4
7.69601611772335e-09	1.48108053379079	0.545	0.23	9.22983212998562e-05	8	NDEL1
1.19300605439513e-08	1.18817796558113	0.701	0.378	0.000143077216103608	8	EZR
1.43369889157558e-08	1.5475278957845	0.481	0.202	0.000171943508066659	8	CCN1
2.4264990732623e-08	0.493288319884568	1	1	0.000291010033856347	8	ACTB
2.48349959329752e-08	1.19688432907993	0.727	0.402	0.000297846106224171	8	ADAMTS4
6.49952288190851e-08	0.590918721156835	0.987	0.896	0.000779487779227288	8	TAGLN2
1.6356403484873e-07	1.29463779728883	0.61	0.335	0.00196162346994082	8	PDE4B
2.50822809262369e-07	0.690660312839683	0.961	0.864	0.00300811795148359	8	KRT8
2.69060740236407e-07	0.732339250758081	0.922	0.827	0.00322684545765523	8	KRT18
4.88883067946093e-07	0.784770723939628	0.818	0.614	0.00586317463387749	8	TPM2
6.46682096663472e-07	0.649010626268559	0.883	0.636	0.00775565838528502	8	CD34
6.74266779292413e-07	0.558526753741948	0.948	0.706	0.00808648148405391	8	PRSS23
7.52439888096847e-07	1.18762700317577	0.558	0.337	0.00902401157794549	8	CFL1
8.57491209887869e-07	-0.551945542605778	0.987	0.995	0.0102838920801852	8	COX2
8.96215268192186e-07	1.89295868086501	0.273	0.087	0.0107483097114289	8	SPRY2
1.02172427308998e-06	0.897435508189197	0.468	0.215	0.0122535392071682	8	PFKFB3
1.15750635887397e-06	1.29545588352617	0.429	0.182	0.0138819737619755	8	TUBB6
1.21709205857806e-06	1.05444778402238	0.545	0.303	0.0145965850585267	8	ENTPD1
1.26842107958533e-06	0.774211152253342	0.896	0.73	0.0152121740074668	8	PRX
1.60195499937088e-06	0.998577615002761	0.636	0.334	0.019212246307455	8	PLAU
1.64005951457786e-06	0.646628651374625	0.948	0.878	0.0196692337583323	8	PFN1
1.7986221103805e-06	1.0302382742351	0.506	0.23	0.0215708749697933	8	MECOM
2.28871012252862e-06	1.22321575994683	0.39	0.173	0.0274485004994858	8	GPR68
2.44642533653488e-06	0.695491219465768	0.831	0.623	0.0293399790610629	8	LDHA
2.82277439318808e-06	-1.82548597808148	0.169	0.464	0.0338535332975046	8	XIRP2
3.53560330588696e-06	1.01902971032427	0.636	0.379	0.0424024904475023	8	WLS
3.86377194627166e-06	1.1849734113327	0.727	0.425	0.046338216951636	8	GPX1
4.03857638418025e-06	2.92811512627862	0.104	0.014	0.0484346465754737	8	TENT5A
4.16584864703996e-06	0.923109106166647	0.545	0.308	0.0499610228239503	8	PSMB2
5.35044024085161e-06	2.63920208861922	0.156	0.025	0.0641678298085334	8	FJX1
5.67188994413551e-06	-5.49642170191249	0	0.201	0.0680229761000172	8	RELN
6.61052680184335e-06	-0.44776127047619	0.987	1	0.0792800479345073	8	COX3
7.82736801060184e-06	0.943579386775908	0.442	0.212	0.0938736245511479	8	LOC138550342
7.94205720933143e-06	0.975647438597941	0.675	0.44	0.0952490921115118	8	LYVE1
8.05449612553857e-06	1.14180261978291	0.662	0.455	0.0965975720335841	8	SLC2A1
8.64763138170437e-06	-0.521693996596555	0.948	0.977	0.103711043160781	8	COX1
9.16883374738202e-06	0.578111680388457	1	0.98	0.109961823132353	8	VIM
9.3820719665016e-06	-0.673776374595448	0.74	0.874	0.112519189094254	8	unassigned-gene-2
1.13432185987763e-05	1.60389521988327	0.364	0.136	0.136039220655125	8	PHLDA2
1.17906896674138e-05	0.956909717188392	0.675	0.401	0.141405741181293	8	SCHIP1
1.26402101873787e-05	2.20179677631193	0.078	0.019	0.151594040777233	8	EMP3
1.34667687543156e-05	1.19441724594633	0.39	0.177	0.161506957670507	8	DLL4
1.41251774348902e-05	-4.76167734766296	0	0.192	0.169403252976638	8	UNC5B
1.41424580742694e-05	-0.489096807044844	1	0.999	0.169610499684713	8	unassigned-gene-4
1.9557683957018e-05	-1.71149159049474	0.143	0.357	0.234555303696517	8	KLHL4
2.27400405976054e-05	1.19980822321847	0.519	0.276	0.272721306887082	8	CSRP1
2.48875668955616e-05	1.60533863675294	0.312	0.145	0.29847658977847	8	TMEM92
2.72030438836048e-05	1.32355048920407	0.403	0.189	0.326246105296073	8	SMOX
2.94494434316067e-05	0.808393347517569	0.753	0.526	0.353187175075259	8	POMP
3.27770131244948e-05	-1.75231859519637	0.234	0.446	0.393094718402066	8	MMRN1
3.97230160066508e-05	0.421553311126915	0.987	0.996	0.476398130967764	8	TMSB4X
5.20532450827647e-05	1.52372487119929	0.26	0.098	0.624274568277597	8	PLOD2
5.4687614446253e-05	1.19164882093584	0.377	0.177	0.655868560053912	8	GDI1
5.99369796504547e-05	1.5425838984506	0.468	0.261	0.718824196947904	8	SLC20A1
6.13877849937713e-05	0.833478252140549	0.571	0.306	0.736223705430299	8	TANB
6.24253271379925e-05	1.2342182540043	0.286	0.12	0.748666948365944	8	SLC8A1
6.70402505881954e-05	0.667146853600545	0.792	0.593	0.804013725304228	8	MYADM
6.96768052740913e-05	0.431057536687439	0.922	0.888	0.835633925652177	8	SLC25A5
7.84685752726257e-05	1.04359234369856	0.403	0.194	0.9410736232446	8	KLF6
7.85874430394404e-05	0.889342816433858	0.623	0.397	0.942499204372008	8	CLDN11
0.000314232397849255	4.43061546680781	0.026	0.001	1	8	ZG16
0.000280074440008131	4.26069046536549	0.039	0.002	1	8	LOC138528722
0.00651635597988689	4.16758106097401	0.026	0.003	1	8	TBX5
0.000280074440008131	3.84565296608665	0.039	0.003	1	8	LOC138514156
0.000314232397849255	3.84565296608665	0.026	0.002	1	8	MREG
0.000314232397849255	3.84565296608665	0.026	0.002	1	8	SVEP1
0.000314232397849255	3.84565296608665	0.026	0.002	1	8	ARMC10
0.00657452321125055	3.84565296608665	0.026	0.002	1	8	LOC138511035
0.00657452321125055	3.84565296608665	0.026	0.002	1	8	EOMES
0.000280074440008131	3.52372487119929	0.039	0.004	1	8	DIRAS2
0.00209629387005185	3.52372487119929	0.039	0.004	1	8	TRIM42
0.00805490967354732	3.52372487119929	0.039	0.004	1	8	TAGAP
0.000314232397849255	3.43061546680781	0.026	0.003	1	8	COL9A3
0.000314232397849255	3.43061546680781	0.026	0.003	1	8	HCN2
0.00657452321125055	3.43061546680781	0.026	0.003	1	8	COLEC12
0.00657452321125055	3.43061546680781	0.026	0.003	1	8	LPIN1
0.00209629387005185	3.26069046536549	0.039	0.005	1	8	SHC4
0.00657452321125055	3.10868737192045	0.026	0.003	1	8	LOC138567381
0.00657452321125055	3.10868737192045	0.026	0.004	1	8	EXD2
0.00657452321125055	3.10868737192045	0.026	0.004	1	8	RSAD1
0.000280074440008131	3.03829804402905	0.039	0.005	1	8	ICMT
0.000277330732558858	2.9976560595317	0.039	0.007	1	8	ETV4
0.00776169567589046	2.93876237047813	0.039	0.011	1	8	CDH11
0.00347920396514074	2.74611729253574	0.065	0.013	1	8	ROBO1
0.00217193364329371	2.70814944233672	0.052	0.009	1	8	LOC138527484
0.00209629387005185	2.67572796464434	0.039	0.007	1	8	LOC138567376
0.00805490967354732	2.67572796464434	0.039	0.007	1	8	IGSF10
0.00657452321125055	2.6232605447502	0.026	0.005	1	8	LOC138521819
0.000314232397849255	2.43061546680781	0.026	0.005	1	8	ANPEP
0.00657452321125055	2.43061546680781	0.026	0.005	1	8	WNT5A
0.00657452321125055	2.43061546680781	0.026	0.006	1	8	FANCB
0.00657452321125055	2.43061546680781	0.026	0.006	1	8	FBLN1
0.000280074440008131	2.38622134744935	0.039	0.009	1	8	TCTN1
0.00209629387005185	2.38622134744935	0.039	0.009	1	8	INTS15
0.000170131031308119	2.33107979325689	0.078	0.016	1	8	GOLPH3
0.000157271833918985	2.26069046536549	0.13	0.031	1	8	TRBC1
0.00657452321125055	2.26069046536549	0.026	0.007	1	8	LOC138513383
0.000594847610612773	2.26069046536549	0.065	0.015	1	8	PPP2R2B
0.00415917500702686	2.24661528015377	0.104	0.037	1	8	HSPB6
0.00200769632265533	2.21338475058714	0.104	0.026	1	8	SPRY4
0.0037930229739662	2.20179677631193	0.091	0.022	1	8	METTL16
0.00588237677734202	2.16758106097401	0.052	0.011	1	8	NGF
0.00805490967354732	2.14521324794556	0.039	0.011	1	8	LOC138527584
0.00212603619757558	2.12944593208724	0.078	0.02	1	8	BEND3
0.00575993545412768	2.08011821972367	0.052	0.014	1	8	NFKBIL1
0.00805490967354732	2.03829804402905	0.039	0.011	1	8	MTX1
0.00575993545412768	1.9976560595317	0.052	0.015	1	8	BNC1
0.0082060975819771	1.93876237047813	0.039	0.012	1	8	CEP83
0.00613471757415356	1.93876237047813	0.091	0.025	1	8	MFSD2A
0.003254141766464	1.92508743358106	0.13	0.042	1	8	LIM2
0.00714134504332116	1.89812038598079	0.078	0.023	1	8	RASGRP1
0.000379161951743301	1.886294950584	0.104	0.028	1	8	LOC138480870
0.00222543682167517	1.84565296608665	0.052	0.014	1	8	DTWD2
0.00309215223078119	1.84565296608665	0.13	0.042	1	8	THBS1
0.00946842098933164	1.84565296608665	0.091	0.028	1	8	CCNJ
0.00195382190590319	1.81002905635593	0.117	0.03	1	8	TNFRSF6B
0.0012709220381148	1.78675927703308	0.143	0.041	1	8	KIF21B
0.000230138837211117	1.78152262866693	0.13	0.038	1	8	SEMA4C
0.00359656945971843	1.73017574866671	0.065	0.023	1	8	SMG8
0.000926065972463026	1.72227055058137	0.156	0.051	1	8	KCNJ2
0.000646847102597735	1.72012208400279	0.13	0.039	1	8	P3H2
0.0037930229739662	1.71636994914168	0.091	0.031	1	8	LOC138481280
0.00618679845010156	1.71494927444206	0.195	0.082	1	8	CXCR4
0.000286228260921146	1.6634496348659	0.156	0.051	1	8	RRP9
0.000957379453210025	1.66122839494922	0.13	0.043	1	8	CBFA2T2
0.0022755039844518	1.66122839494922	0.13	0.041	1	8	IL16
0.00633483021346756	1.66122839494922	0.13	0.043	1	8	NOM1
0.00923165555908652	1.6232605447502	0.091	0.034	1	8	LRRN1
0.000396796226248329	1.6232605447502	0.247	0.1	1	8	ARHGAP24
0.00460060495518116	1.6232605447502	0.104	0.04	1	8	ADM
0.00109311644246987	1.59772545264307	0.195	0.082	1	8	JOSD2
0.00368654890719158	1.59772545264307	0.143	0.049	1	8	MTHFD1L
0.00211964728233833	1.58931321282687	0.104	0.037	1	8	EDN2
0.0056658873345615	1.58578583933154	0.182	0.077	1	8	PRDM1
0.00857437116233121	1.58261856025286	0.117	0.042	1	8	IPP
0.00341660340335491	1.57988876749728	0.351	0.243	1	8	HSPA1A
0.00198314894730468	1.54131893121403	0.273	0.144	1	8	CCN2
0.00265789541605142	1.52372487119929	0.117	0.046	1	8	SOX4
0.00163340114343962	1.52372487119929	0.065	0.024	1	8	FAAP20
0.000559853349763597	1.50936957822222	0.208	0.074	1	8	ACKR3
0.00122018624333096	1.50580296320203	0.182	0.062	1	8	COL13A1
0.000190812590852493	1.45772731242505	0.338	0.153	1	8	TNC
0.00126657711627798	1.45333554330789	0.156	0.061	1	8	ERRFI1
0.00132447300871999	1.45079334874544	0.234	0.108	1	8	CRISP3
0.000144120772320181	1.44806060126722	0.273	0.105	1	8	PTHLH
0.00409146676411184	1.41269355881054	0.117	0.048	1	8	DUS4L
0.00592644668015471	1.41269355881054	0.117	0.047	1	8	SNAPC5
0.00240806422612014	1.40270947023792	0.117	0.04	1	8	MBLK1
0.000683953570557867	1.39719246527036	0.26	0.108	1	8	SPRY1
0.00110201857734907	1.38622134744935	0.169	0.066	1	8	MRPL15
0.00129362797709558	1.37998939373784	0.234	0.095	1	8	FAM118B
0.00102232685354665	1.36760566928201	0.169	0.068	1	8	DNPH1
0.0035474441789507	1.35736648477717	0.195	0.086	1	8	MTHFD2
0.00885801156633964	1.35211349312909	0.195	0.089	1	8	SLC16A1
0.00599136585625271	1.34315262555747	0.091	0.042	1	8	FZD1
0.00757866159532169	1.34315262555747	0.104	0.044	1	8	LOC138580256
0.00159965340107288	1.33785832588795	0.234	0.126	1	8	PHF24
0.00330137549975244	1.33579192060621	0.221	0.102	1	8	TGFB1
0.00341467736810934	1.32209101002964	0.195	0.091	1	8	COL24A1
0.000553447349289381	1.31639989795178	0.247	0.101	1	8	HBEGF
0.00606715390115217	1.31315788525963	0.143	0.064	1	8	ITGA1
0.00032684259325636	1.30960006584644	0.26	0.118	1	8	PXDC1
0.000112418851857406	1.30613343612666	0.403	0.2	1	8	FAM129B
0.00067395738229338	1.30591971935849	0.26	0.128	1	8	RRAS
0.000520975630485802	1.30312573168589	0.286	0.113	1	8	FRMD6
0.00019756487058435	1.30133244986284	0.143	0.056	1	8	ADAM33
0.000451610373410995	1.29385732930069	0.273	0.105	1	8	KBTBD2
0.00450149343336222	1.26069046536549	0.169	0.078	1	8	VCAN
0.00230129559503676	1.24739364275204	0.208	0.091	1	8	SLC39A6
8.97569706063014e-05	1.24132514049856	0.312	0.148	1	8	HMGA1
0.000557931116663964	1.22939433487596	0.403	0.192	1	8	PSMD8
0.00433922660558384	1.21338475058714	0.182	0.08	1	8	TMX2
0.00655936904266978	1.20179677631193	0.221	0.103	1	8	AEBP1
0.00187799630504655	1.18668988392172	0.221	0.096	1	8	HK2
0.00167325429074663	1.18268795336422	0.299	0.154	1	8	ZFAND2A
0.00797021735206756	1.17727445717786	0.156	0.078	1	8	NDUFS3
0.00595368559852227	1.14521324794556	0.169	0.078	1	8	CSTF2
9.63245066756995e-05	1.13906102096396	0.377	0.173	1	8	ENPP1
0.000124095500852817	1.13293491816712	0.377	0.169	1	8	UGCG
0.0049419489622709	1.12318694161556	0.26	0.135	1	8	SERTAD2
0.000181232631424898	1.11613218408161	0.494	0.288	1	8	LBH
0.0089037247318277	1.10489579275807	0.221	0.097	1	8	LEF1
0.00819785245279462	1.10149187051624	0.234	0.115	1	8	IFRD1
0.00598505855764818	1.09358047953024	0.234	0.099	1	8	IFFO2
0.000196516540879929	1.09076546392318	0.351	0.161	1	8	SH3PXD2A
0.0029455402598646	1.07306346218972	0.247	0.135	1	8	GCLM
0.000232632333868905	1.05633196685931	0.429	0.22	1	8	ARHGAP20
0.000118671002300008	1.0524191522737	0.416	0.194	1	8	EMID1
0.000364776970016133	1.04475306616635	0.364	0.18	1	8	TACC1
0.000458448309399003	1.04298973935377	0.429	0.231	1	8	PMEPA1
0.00467638157000345	1.04298973935377	0.39	0.204	1	8	WIF1
0.00333245754981887	1.03829804402905	0.325	0.198	1	8	LMNB1
0.00991212945348452	1.02802970857522	0.221	0.109	1	8	ROBO3
0.00481538653374403	1.0196823658617	0.377	0.252	1	8	CNIH4
0.000964237136614201	1.01880186840325	0.26	0.119	1	8	LDLR
0.00632208582876092	1.00770972419562	0.208	0.098	1	8	MOV10
0.000224612079216679	1.00658918430171	0.481	0.254	1	8	C3PH5orf15
0.0081456567133095	0.997656059531701	0.273	0.147	1	8	AHSA1
0.000414395973267299	0.994410400028047	0.403	0.202	1	8	TUBB2B
0.00447961090027424	0.994410400028047	0.377	0.213	1	8	TMBIM4
0.00298844624268158	0.993903924670594	0.364	0.197	1	8	SARS1
0.00129836930028497	0.987671970959079	0.234	0.113	1	8	EGFL8
0.000624481819134254	0.974639406806729	0.416	0.21	1	8	ETS2
0.0057037150977659	0.97118384817051	0.234	0.13	1	8	NIBAN1
0.00628440277481901	0.965234581839324	0.39	0.249	1	8	HSD3B7
9.37435952129696e-05	0.938762370478132	0.416	0.229	1	8	DYRK3
0.00444460630679637	0.925995074404255	0.312	0.163	1	8	SPRY3
0.0088521859095801	0.922274247689563	0.273	0.163	1	8	ITPR3
0.000255981750959176	0.90128766505947	0.688	0.528	1	8	PTGS2
0.00249466693754676	0.872960312082386	0.247	0.134	1	8	TRAM2
0.00868889218274803	0.865205763508051	0.416	0.261	1	8	PLAT
0.00336246873503099	0.856300210286159	0.208	0.113	1	8	DCTN5
0.00285177436083508	0.852884535317727	0.26	0.15	1	8	RIN1
0.000382241721156063	0.848712765835709	0.766	0.628	1	8	LGALS1
0.000742758852132017	0.842837950479597	0.584	0.366	1	8	NOP58
0.000129436879788475	0.842121275116398	0.494	0.276	1	8	SPRED1
0.00254796076696502	0.839226696927218	0.299	0.165	1	8	ZDHHC21
0.00773586608814538	0.839226696927218	0.299	0.171	1	8	FHOD1
0.00583553106682306	0.815905622692599	0.299	0.164	1	8	NT5C3A
0.0025435224668572	0.797899834638283	0.312	0.173	1	8	FAR2
0.00184077585040094	0.782917210738688	0.416	0.279	1	8	PSMA3
0.000305812714335825	0.781958290769261	0.39	0.222	1	8	FRMD4A
0.000851349774075794	0.781140204531922	0.403	0.25	1	8	SEMA3G
0.000225322164299782	0.779986048437656	0.532	0.321	1	8	RHEB
0.00125367686164407	0.775263638195253	0.636	0.48	1	8	LOC138567840
0.000172485195975016	0.770817733164061	0.532	0.31	1	8	RGS3
0.00452438279822548	0.767650454085378	0.286	0.158	1	8	SERPINE1
0.00333305821186002	0.764732970703083	0.299	0.176	1	8	SLMAP
0.000232231568007014	0.755696269347754	0.584	0.393	1	8	LSP1
9.63147679333901e-05	0.750690022325561	0.649	0.439	1	8	PLS3
0.000464234034226415	0.750495733046311	0.468	0.295	1	8	CORO1B
0.00199396679379285	0.743506079079198	0.442	0.303	1	8	RANBP1
0.00594480635014434	0.734450403767041	0.429	0.264	1	8	DPYSL2
0.00437729417744283	0.726481265108973	0.455	0.281	1	8	FOSL2
0.00178313174246944	0.723386583004076	0.662	0.475	1	8	DUSP1
0.00779729320813246	0.722893072723019	0.377	0.248	1	8	TMEM65
0.00747601130024569	0.721324831084449	0.273	0.17	1	8	CXCL16
0.00412347505621718	0.720957218637336	0.597	0.428	1	8	COTL1
0.00787651453579005	0.712758695589306	0.519	0.36	1	8	PSMA5
0.000179560800851746	0.712148453690999	0.779	0.663	1	8	ALDOA
0.00189030394998537	0.704056687702833	0.39	0.227	1	8	UPP1
0.00628871271325697	0.703879004958487	0.286	0.173	1	8	MRPL51
0.000133192200745982	0.701817193512999	0.597	0.386	1	8	WDR1
0.00404435154421031	0.700779336699706	0.571	0.421	1	8	ARPC5
0.00352309970913715	0.698009412020345	0.519	0.349	1	8	CD276
0.00155326676451606	0.685996300098166	0.481	0.313	1	8	IQGAP1
0.00830227291500412	0.685781629308261	0.351	0.235	1	8	PRDX6
0.000223099546209497	0.683765283709757	0.61	0.365	1	8	ATP1B1
0.00134499596435711	0.683032765267572	0.468	0.298	1	8	TRMT112
0.000501606594360724	0.679294579664531	0.468	0.282	1	8	F8
0.00247677869797597	0.677915523882103	0.883	0.755	1	8	UBC
0.00103007966162662	0.671459633007535	0.623	0.464	1	8	ACTR3
0.0059259826022433	0.670727283585972	0.377	0.236	1	8	TMBIM6
0.00705791783965273	0.670453022603664	0.558	0.432	1	8	TFPI2
0.00691242292275436	0.669199921646841	0.481	0.321	1	8	TXNRD3
0.000113951877496707	0.661992939238918	0.896	0.637	1	8	RALB
0.00666257935111709	0.659585753824456	0.623	0.461	1	8	ATP6V0C
0.00685285729299344	0.659462910281554	0.481	0.306	1	8	RASA3
0.00701236014703132	0.656619141696634	0.494	0.348	1	8	TTLL3
0.00865802371209111	0.65403289354502	0.247	0.158	1	8	THSD1
0.00572302482940083	0.653429297535564	0.584	0.389	1	8	CYSLTR1
0.0015060404105118	0.649045921991833	0.662	0.473	1	8	PMP22
0.00849802939210754	0.636199600457701	0.39	0.286	1	8	C2PH19orf33
0.00104967098788919	0.635771183218951	0.714	0.537	1	8	ARPC2
0.00624068952096119	0.631732060817655	0.545	0.39	1	8	MAPRE1
0.00793371546703208	0.626484445624489	0.377	0.247	1	8	ATP1A1
0.000667318459672207	0.62018354010346	0.896	0.707	1	8	LMNA
0.00455118678778679	0.619829639349929	0.468	0.305	1	8	BTG2
0.00885750430137498	0.61858405754073	0.468	0.317	1	8	CTTN
0.00329401575492987	0.617847048563839	0.519	0.381	1	8	MYO1C
0.00216087466845105	0.616065043345999	0.494	0.329	1	8	VASP
0.00896220633032261	0.614698531246779	0.377	0.264	1	8	NDUFB4
0.000459733423354053	0.606627952861958	0.61	0.419	1	8	ITGA6
0.00731260321194166	0.60651346991305	0.675	0.537	1	8	SEMA3F
0.00685550719608816	0.593513201356151	0.416	0.268	1	8	GRB2
0.0007184005879022	0.578575216972078	0.883	0.717	1	8	CAPG
0.000630195963541078	0.575400905971611	0.753	0.576	1	8	EIF1
0.00410566371640839	0.569321737639399	0.468	0.324	1	8	SEPTIN6
0.00833079744012588	0.568812760727826	0.403	0.255	1	8	LOC138471710
0.000800715966329717	0.565866538826363	0.857	0.655	1	8	ARF1
0.000425566764500566	0.544483431366086	0.727	0.523	1	8	CYCS
0.00659147647371762	0.543353677948221	0.753	0.631	1	8	JPT1
0.0038532600849145	0.535084733363836	0.468	0.357	1	8	YWHAH
0.000379436745511004	0.533199006208583	0.922	0.791	1	8	TUBA1C
0.00543298719334131	0.509078095234887	0.506	0.347	1	8	TXNDC5
0.004519208284892	0.506139059893328	0.675	0.515	1	8	GRB10
9.57711617205608e-05	0.504955067179449	0.948	0.783	1	8	TUBB4A
0.00390534264865557	0.498487579700266	0.727	0.561	1	8	COL5A2
0.00700869280354335	0.496068528296423	0.61	0.428	1	8	PGAM1
0.00401647832143979	0.483381983840132	0.896	0.731	1	8	PRDX1
0.000715613914523382	0.482884509934234	0.688	0.556	1	8	CLIC1
0.00289319547547894	0.481080533790795	0.688	0.514	1	8	PSMA2
0.000554728562971436	0.476966772688995	0.727	0.535	1	8	COX5B
0.00165297638536629	0.471855631278689	0.727	0.529	1	8	ENG
0.00573800979311224	0.461797122056087	0.545	0.407	1	8	NAA50
0.00229317259277678	0.461472592746229	0.779	0.558	1	8	KDR
0.00184810394926894	0.459594533779573	0.545	0.4	1	8	UBE2D1
0.00592734941387267	0.457727312425048	0.857	0.781	1	8	OAZ1
0.00156656021530446	0.449392673838435	0.623	0.449	1	8	COL4A2
0.000709614391273373	0.440583635899043	0.792	0.561	1	8	GASK1B
0.000719419360401287	0.433743504361623	0.935	0.888	1	8	MSN
0.0018479229211247	0.413807179121253	0.727	0.599	1	8	GNB1
0.00397964683580728	0.38425045227823	0.805	0.635	1	8	FLI1
0.000856329501804095	0.380530235371498	0.922	0.827	1	8	MYL12B
0.00448345316463234	0.372782973124549	0.909	0.812	1	8	VAT1
0.00224718950531797	0.371721777754238	0.571	0.416	1	8	CD93
0.00442741358937437	0.364984492977958	0.87	0.703	1	8	ZNF326
0.000194088492192873	0.363558836219305	0.818	0.556	1	8	INSR
0.00808897453557999	0.330428120412466	0.961	0.868	1	8	GAPDH
0.00461063318144076	0.326074241939076	0.987	0.909	1	8	TXN
0.00394075629526453	0.28466173910254	0.987	0.929	1	8	HSP90AB1
0.00661091378616506	0.282611083622416	0.974	0.936	1	8	RPL37
0.00920070084990406	0.28152396878266	0.688	0.486	1	8	JAG2
0.00989443353953579	0.274011843863329	0.909	0.908	1	8	HSPA8
0.00618697609983123	0.27267881590456	0.961	0.953	1	8	S100A10
0.000363037618645831	0.262914640519432	1	1	1	8	CIRBP
0.00179123840421381	0.239562923251003	0.987	0.977	1	8	RPLP2
0.000648518661689032	-0.453959738331478	0.74	0.867	1	8	ND4
8.86134880909442e-05	-0.46535087378983	0.909	0.976	1	8	CYTB
0.00920445657995998	-0.47299254481141	0.338	0.511	1	8	SGK1
0.0011374384828403	-0.497234747436358	0.753	0.864	1	8	ND2
0.00019907978204911	-0.500441439931464	0.688	0.829	1	8	ND1
0.00527196990396307	-0.601753738378147	0.597	0.702	1	8	LOC138504630
0.00240828012242839	-0.613778652550646	0.26	0.453	1	8	MYOF
0.00807168982775656	-0.699460022027939	0.429	0.582	1	8	LOC138515939
0.00590194599461059	-0.717098255544347	0.299	0.444	1	8	BCL6B
0.0046061601221595	-0.72723670233393	0.117	0.245	1	8	PIM1
0.0048681813108513	-0.776784240053168	0.156	0.288	1	8	LOC138488268
0.00889968896432472	-0.778837898821143	0.117	0.221	1	8	CCNG1
0.00642303869166322	-0.792420871094068	0.208	0.341	1	8	TANC1
0.00579540375815396	-0.803169476581423	0.519	0.582	1	8	SPARC
0.00464850205851098	-0.834296226266657	0.208	0.388	1	8	ID3
0.00123734672303928	-0.915632307274968	0.377	0.559	1	8	KRT1
0.00562637677621136	-0.974525996328537	0.13	0.268	1	8	ANKRD11
0.00641012513292737	-1.0046541011555	0.156	0.297	1	8	ZNF436
0.003918206638038	-1.02334102176334	0.104	0.21	1	8	RANBP2
0.00913530375096723	-1.02334102176334	0.078	0.207	1	8	NCOA1
0.00443174825573505	-1.03349263903896	0.065	0.174	1	8	ADH5
0.00945996820329822	-1.06657107382491	0.104	0.216	1	8	GOLGB1
0.00802687948070533	-1.09920547972089	0.117	0.238	1	8	KDM4B
0.00808206317942278	-1.12243778595861	0.104	0.237	1	8	RALGPS2
0.00290675102660841	-1.14075796916539	0.104	0.251	1	8	SMARCAD1
0.00677484736800099	-1.16184157046027	0.065	0.162	1	8	SNX1
0.000220572890759368	-1.17381689811157	0.234	0.43	1	8	TXNIP
0.008108963599767	-1.1840943773074	0.065	0.165	1	8	PPP2R1A
0.00782199250664042	-1.19248216280012	0.078	0.18	1	8	LMBR1
0.000172911321907906	-1.21675520714315	0.416	0.583	1	8	DOCK9
0.000624589742229542	-1.24322358918263	0.273	0.459	1	8	STAB1
0.00592108284077214	-1.24785891983649	0.039	0.154	1	8	LFNG
0.00264268416884158	-1.25988144808571	0.078	0.195	1	8	VPS41
0.0046759649822572	-1.26808919996254	0.091	0.22	1	8	AP2A2
0.00453302386006435	-1.26856260276937	0.13	0.285	1	8	ZSWIM8
0.0065420510078454	-1.29185055766328	0.052	0.139	1	8	KDM4C
0.00335939962224556	-1.32427203535566	0.065	0.184	1	8	KMT2B
0.00440356043597274	-1.34417159279337	0.091	0.233	1	8	SLC4A11
0.0035291404450988	-1.37351555437551	0.039	0.171	1	8	GPNMB
0.000287177588591317	-1.40003954297363	0.169	0.372	1	8	GSTP1
0.00617842495540642	-1.40227454735693	0.052	0.163	1	8	DIS3L2
0.00316696077220292	-1.41308130231352	0.078	0.196	1	8	SWT1
0.0015328874892208	-1.41487458413657	0.156	0.349	1	8	ZNF521
0.00490529039258511	-1.41738143974714	0.039	0.156	1	8	INPP5B
0.00666062697089378	-1.41738143974714	0.052	0.154	1	8	MAML2
0.00569466358316793	-1.44794640574222	0.104	0.246	1	8	LRRK2
0.00861228155734084	-1.45812778209045	0.065	0.181	1	8	EFNA1
0.000693081256113201	-1.4611682364105	0.13	0.33	1	8	GJC2
0.00271095358444294	-1.46268606405276	0.091	0.242	1	8	LBR
0.0036957518018868	-1.47627512880071	0.104	0.234	1	8	SERPINE2
0.00839236049665422	-1.49063042177778	0.052	0.175	1	8	LAMP2
0.00486772124806541	-1.49419703679797	0.065	0.2	1	8	SH3GLB2
0.00694481265424429	-1.49419703679797	0.065	0.182	1	8	CELF2
0.00719645015564554	-1.50307518814443	0.039	0.139	1	8	NUP205
0.000865627688254993	-1.53871570357662	0.156	0.352	1	8	ADD1
0.00734795131621979	-1.53977807110687	0.052	0.173	1	8	PHKB
0.000310981177588019	-1.54322537272534	0.117	0.294	1	8	TJP2
0.000678672841661353	-1.57581080235163	0.078	0.238	1	8	ITSN2
0.00673528953193641	-1.58396299811509	0.117	0.222	1	8	CEMIP2
0.00131135575109801	-1.59313888649161	0.091	0.247	1	8	EPB41L2
0.00261908672464958	-1.59397017147047	0.052	0.174	1	8	TBC1D5
0.00584170680222161	-1.63547372364997	0.065	0.208	1	8	TBC1D4
0.000223099103271973	-1.63931374465778	0.143	0.347	1	8	TSPAN18
0.00790963334705265	-1.64620013024302	0.039	0.146	1	8	COMT
0.0036497511379802	-1.6581727719091	0.156	0.29	1	8	NRP2
0.00693460684260648	-1.70893588559099	0.039	0.14	1	8	KLHL29
0.00720598643585392	-1.71913165269687	0.026	0.121	1	8	HDAC6
0.00317121858879117	-1.7242026422443	0.039	0.153	1	8	VPS13B
0.00974983723486962	-1.73930953463451	0.026	0.122	1	8	ABCC4
0.000532196521559734	-1.7435968930376	0.078	0.255	1	8	ADGRA2
0.00312840548192283	-1.790971654457	0.039	0.157	1	8	PIK3R2
0.00557268965563272	-1.8096988625259	0.052	0.173	1	8	TP53I11
0.00611182044142163	-1.8096988625259	0.052	0.177	1	8	LOC138497215
0.00801371981835024	-1.85478675205444	0.026	0.126	1	8	DDHD2
0.00220354344490246	-1.90253988350281	0.039	0.159	1	8	MAST3
0.00169185325381067	-1.91988178027633	0.052	0.194	1	8	FLRT2
0.00910118817680654	-1.92253135869028	0.013	0.09	1	8	DCBLD2
8.76285195469446e-05	-1.93351918820024	0.117	0.321	1	8	IQSEC1
0.00532786039744077	-1.94442396453912	0.026	0.14	1	8	CHD8
0.000694418156318623	-2.07321027118794	0.039	0.18	1	8	RNF216
0.00747662109841345	-2.09686153925259	0.013	0.106	1	8	LOC138515951
0.00407103593316165	-2.14303172068551	0.013	0.112	1	8	BICRAL
0.00746572082314262	-2.1877700354508	0.013	0.111	1	8	TSPAN5
0.00317195569740952	-2.22759601594399	0.026	0.153	1	8	FOXP1
0.00365103066353216	-2.24180987516369	0.013	0.111	1	8	CEP250
0.00298823070701006	-2.32427203535566	0.013	0.125	1	8	RAVER1
0.000981560293897597	-2.43357067784647	0.026	0.167	1	8	STON2
0.00110141009801333	-2.45080444128459	0.052	0.213	1	8	CLCA1
0.00403847046144649	-2.45812778209045	0.013	0.115	1	8	ADAMTSL3
0.00683305721949013	-2.47627512880071	0	0.068	1	8	MLST8
0.000464953922074531	-2.50978623116204	0.234	0.359	1	8	MRC1
0.00296536737017318	-2.5380513263874	0.013	0.128	1	8	GAB3
0.00263564727254908	-2.62195258399635	0.013	0.114	1	8	SNCA
0.00833812652714686	-2.70893588559099	0	0.078	1	8	CDC14B
0.0033828181809898	-2.76905687802856	0	0.081	1	8	KLF17
0.00619067855138146	-2.79820322368807	0	0.083	1	8	AURKB
0.00559362488643963	-2.90923453607682	0	0.084	1	8	NINJ1
0.00234146719429771	-2.93570674743801	0.013	0.124	1	8	SEMA3A
0.00372840968242746	-2.96170195597095	0	0.099	1	8	LOC138467158
0.000484000450566515	-3.13162695741327	0.026	0.172	1	8	NFIX
0.000203682743569012	-3.15434703391335	0.013	0.163	1	8	PDGFC
0.0050825917695597	-3.31421837069174	0	0.098	1	8	DOCK5
0.00153118107290414	-3.4070124663636	0.013	0.147	1	8	FGF10
0.00149225563584985	-3.55522647019553	0	0.131	1	8	FAM110B
0.00640029381734481	-3.75797337889954	0.013	0.11	1	8	STAB2
0.000386556899251021	-4.02471175349675	0	0.133	1	8	GAS7
0.000389735809577377	-4.07915953751913	0	0.132	1	8	PDPN
0.000274887493152915	-4.39434327372072	0.065	0.218	1	8	HAPLN3
0.000253716196569457	-4.43511780404395	0	0.147	1	8	PROX1
1.54964981168067e-23	2.79358328978242	0.655	0.111	1.85849501914863e-19	9	TOP2A
7.50439330526521e-19	2.99428064001954	0.517	0.095	9.00001889100456e-15	9	UBE2C
1.00482501469806e-17	3.94197512967509	0.259	0.019	1.20508664012738e-13	9	CCNB3
8.30254318275452e-17	3.35301069839643	0.293	0.029	9.9572400390775e-13	9	CKS2
4.86037807530209e-16	1.40891085818062	0.983	0.779	5.8290514257098e-12	9	HMGN2
5.31618449288639e-16	2.77650977642347	0.414	0.067	6.37570006231865e-12	9	CDK1
8.91686460568751e-16	1.01570577098506	1	0.858	1.0693995721601e-11	9	H2AZ1
3.52994227257124e-14	1.00437657915253	0.983	0.898	4.23345976749469e-10	9	HMGN1
5.55604198518375e-14	2.57375338251379	0.362	0.061	6.66336115283088e-10	9	CKS1B
2.00643239206363e-13	1.05849939021046	0.983	0.929	2.40631436780191e-09	9	HMGB2
2.878927882834e-13	0.994033158238186	0.983	0.784	3.45269820988282e-09	9	TUBB4A
3.2282864926296e-13	2.37953699290662	0.397	0.075	3.87168399061068e-09	9	CCNA2
4.53492657567707e-13	2.6749387932838	0.362	0.063	5.4387374422095e-09	9	AURKB
4.70668206232203e-13	0.971745338998642	0.966	0.717	5.64472379734281e-09	9	RAN
7.06081806054755e-13	1.07300912950716	0.983	0.79	8.46803910001467e-09	9	TUBA1C
1.42535746859501e-12	2.95708202206529	0.31	0.044	1.70943121208599e-08	9	PLK1
3.55751629545505e-12	2.10067287569415	0.466	0.123	4.26652929313924e-08	9	DCK
5.87459344799224e-12	2.37953699290662	0.362	0.067	7.04539992217709e-08	9	ASPM
5.99564359924603e-12	0.886377592056037	1	0.924	7.19057536857577e-08	9	DYNLL1
7.75051963648145e-12	3.27901011695266	0.241	0.026	9.2951982000322e-08	9	CCNB1
2.67702896483178e-11	2.42979006912827	0.621	0.256	3.21056083752275e-07	9	KPNA2
4.14119337357434e-11	3.57857039881157	0.224	0.021	4.96653321292771e-07	9	H2BC3
8.15722602117886e-11	2.6940476162315	0.259	0.041	9.7829611671998e-07	9	KIFC1
1.14771969812683e-10	2.16988839457254	0.466	0.119	1.37646023396351e-06	9	SMC2
2.56015581255644e-10	0.920818478078524	0.966	0.803	3.07039486599893e-06	9	H3F3A
3.59022792450462e-10	1.27110491886731	0.845	0.412	4.30576034985839e-06	9	HMGB3
3.78058646771214e-10	1.53054888394862	0.603	0.23	4.53405735072717e-06	9	RRM1
4.32792141177924e-10	2.54204452278645	0.276	0.051	5.19047614914684e-06	9	DEPDC1
4.56861053178402e-10	2.87461986187332	0.259	0.039	5.47913461076858e-06	9	MTFR2
5.40774856629992e-10	1.14150659320272	0.879	0.622	6.4855128555635e-06	9	STMN1
7.74016296719557e-10	1.58253930101451	0.603	0.269	9.28277744655764e-06	9	PTTG1
1.8524456749909e-09	2.18385288391232	0.31	0.067	2.22163809801659e-05	9	KIF2C
9.82151357499133e-09	0.735030300940819	1	0.864	0.000117789412304871	9	KRT8
1.24543664842362e-08	1.03861190756189	0.81	0.464	0.000149365217245445	9	LMNB2
1.49045756649752e-08	2.17947444340174	0.328	0.07	0.000178750575950047	9	LOC138481234
1.79032047719359e-08	1.9570820220653	0.414	0.117	0.000214713134829828	9	DLGAP5
2.15181578221518e-08	0.735514233526886	0.948	0.789	0.000258067266761066	9	SNRPG
2.15387541924179e-08	0.725804614734629	0.966	0.853	0.000258314279029668	9	RBMX
2.50226409854355e-08	0.938819815672567	0.914	0.674	0.000300096533338327	9	TUBA1A
3.60646046811428e-08	0.434879767093564	1	1	0.000432522803940946	9	CIRBP
4.01272677732008e-08	1.61604510423023	0.5	0.187	0.000481246322403997	9	RRM2
4.37954995276107e-08	1.52870988428484	0.759	0.494	0.000525239425834635	9	ARL6IP1
6.98590398664274e-08	0.526927439604924	1	0.964	0.000837819465118064	9	RPS28
7.01806704992319e-08	1.8866926941739	0.448	0.16	0.000841676781297288	9	CDCA8
7.62072409873577e-08	1.20814378623301	0.724	0.4	0.00091395344116138	9	SOX18
1.05609763750184e-07	2.72881303439218	0.207	0.035	0.00126657789665596	9	TPX2
1.17243761968398e-07	1.01914299019755	0.914	0.625	0.001406104437287	9	JPT1
1.31805172343917e-07	1.97234877871861	0.293	0.083	0.0015807394319206	9	DPM2
1.46457050034984e-07	0.743097754927053	0.983	0.825	0.00175645940106956	9	KRT18
2.13762798381988e-07	2.85274536225056	0.207	0.032	0.00256365724099518	9	CDCA3
2.37134598164742e-07	0.946234639828303	0.69	0.375	0.00284395523578975	9	SRSF1
2.44556663709346e-07	2.05661769561621	0.259	0.071	0.00293296806786618	9	MAD2L1
2.68022289859467e-07	0.518888680421412	1	0.951	0.00321439132228458	9	RPL19
2.88650347519167e-07	1.15871588323495	0.845	0.547	0.00346178361779737	9	TUBA1B
2.98897469552623e-07	0.758549064917801	0.931	0.732	0.0035846773523446	9	SNRPF
3.1255031498931e-07	5.60093821184002	0.069	0.001	0.00374841592766679	9	VWA3B
3.2791781301082e-07	1.99890219775992	0.328	0.083	0.00393271833143876	9	INCENP
3.55739478909393e-07	4.27901011695266	0.052	0.003	0.00426638357056035	9	WFIKKN2
4.77500723830527e-07	1.21561503566415	0.655	0.354	0.00572666618089951	9	H3-3B
4.78151802124545e-07	0.492895470440345	1	0.972	0.00573447456287967	9	RPS23
5.88334816754471e-07	1.42340002628783	0.552	0.237	0.00705589945733637	9	GNAI1
9.07944965882274e-07	0.546834881501638	1	0.95	0.0108889839758261	9	RPS12
9.43797920435235e-07	-0.71933446686928	0.914	0.974	0.0113189684597798	9	CYTB
1.00242144537068e-06	1.62189783047567	0.207	0.067	0.0120220403943305	9	FZD2
1.04986200596091e-06	0.700988213676268	0.983	0.857	0.0125909950374892	9	CRIP1
1.28212193042404e-06	0.827885786379394	0.931	0.732	0.0153764883115755	9	PRDX1
1.43528975602961e-06	2.9570820220653	0.138	0.021	0.0172134300440631	9	LOC138580660
1.86162763612687e-06	2.24338620722194	0.155	0.035	0.0223265002400695	9	WDR76
1.90577423110817e-06	1.36340230424303	0.345	0.139	0.0228559503536802	9	DERL2
2.00876978571635e-06	0.942234257657982	0.707	0.409	0.0240911760400962	9	ILF2
2.57368676539824e-06	0.793164449587606	0.897	0.643	0.0308662253774211	9	COX7B
2.71079839721224e-06	1.22514324497392	0.552	0.287	0.0325106051777664	9	RBBP7
2.84697152876634e-06	2.53177618733262	0.207	0.041	0.0341437295444947	9	CDC20
2.86999616238711e-06	0.435679131128925	1	0.968	0.0344198639755086	9	RPS18
2.93682382776696e-06	0.890313009852594	0.828	0.543	0.0352213281664092	9	NUCKS1
3.36490945628453e-06	-3.51973167480024	0.034	0.321	0.0403553591092204	9	IQSEC1
3.98780587634599e-06	1.11607154582645	0.362	0.145	0.0478257558750174	9	TMEM92
4.57462795049513e-06	1.10508318495285	0.569	0.28	0.0548635130102881	9	LOC138480899
5.17469491829312e-06	0.968441884229843	0.69	0.347	0.0620601161550894	9	YWHAH
5.426003396758e-06	0.453488520821116	1	0.996	0.0650740587373187	9	TMSB4X
5.58001061047011e-06	-4.41238446158543	0.069	0.365	0.066921067251368	9	MRC1
5.60709248290932e-06	0.954930351210246	0.724	0.428	0.0672458601475315	9	GLRX
5.65462931318377e-06	2.83843752556668	0.103	0.016	0.0678159693530129	9	LOC138513729
5.77276839621937e-06	3.79358328978242	0.069	0.005	0.0692328113758589	9	PSMC3IP
6.30214726895381e-06	1.13344432113875	0.638	0.348	0.0755816521965631	9	PCNA
7.644512697097e-06	1.86961918081496	0.224	0.074	0.0916806407762843	9	SLC29A2
7.81190444974915e-06	1.35301069839643	0.362	0.133	0.0936881700658415	9	ANLN
8.31479484335295e-06	2.21760957228851	0.207	0.062	0.0997193345563319	9	NPPC
9.1311346233981e-06	0.763089260661153	0.862	0.603	0.109509697538413	9	RHOC
9.1793033125245e-06	1.14150659320272	0.466	0.209	0.110087384627106	9	TMPO
9.20005468738415e-06	0.605727813244715	0.948	0.711	0.110336255865798	9	COX6A1
9.25671643950504e-06	1.86872614764445	0.293	0.084	0.111015800258984	9	RCC1
9.35549672052558e-06	0.470132159608828	1	0.978	0.112200472169263	9	ZA20D3
9.37076710313594e-06	1.52693763039624	0.31	0.096	0.112383609867909	9	BUB1
9.87363539534446e-06	2.06955675132371	0.121	0.031	0.118414509296366	9	VHL
1.06522247168744e-05	2.19809012156909	0.207	0.046	0.127752131029475	9	SHCBP1
1.19919500437524e-05	1.53650633924502	0.379	0.14	0.143819456874723	9	NUMA1
1.33179748012124e-05	0.744421138746621	0.862	0.636	0.15972247179094	9	ATP5PF
1.360303226145e-05	0.635153927177933	0.81	0.531	0.16314116591157	9	UBE2L3
1.36787034950471e-05	-2.59135460263075	0.069	0.35	0.1640486910161	9	ZNF521
1.40372745271727e-05	1.10213235486858	0.586	0.319	0.168349033404382	9	SNU13
1.40996337496581e-05	0.5755080010561	1	0.798	0.169096907559649	9	COX6B1
1.51165872535686e-05	1.83606662110393	0.241	0.068	0.181293230932049	9	IQGAP3
1.51472160104139e-05	0.790074504005277	0.759	0.465	0.181660561612894	9	NEDD8
1.55969873514029e-05	1.38450324579997	0.448	0.213	0.187054669305374	9	MKI67
1.61368576272285e-05	0.522819955521553	0.931	0.88	0.193529333523352	9	PFN1
1.62774831345995e-05	0.405931012672217	1	0.974	0.195215855233252	9	RPL35
1.66899124348219e-05	0.737718087888478	0.845	0.64	0.200162119830819	9	SRSF9
1.85020302850672e-05	0.413478551105196	1	0.98	0.221894849208811	9	PTMA
1.96048374217516e-05	2.62693342037296	0.103	0.019	0.235120815199067	9	IFT46
2.01705608809353e-05	1.4476097209284	0.276	0.103	0.241905536645057	9	DRAP1
2.12210786664565e-05	0.33710392203331	1	0.997	0.254504396446812	9	CIRP
2.46187667432345e-05	0.421562235721977	1	0.967	0.295252869551611	9	RPLP1
2.54281956860355e-05	0.66177881275916	0.707	0.438	0.304960350862623	9	SLC29A1
2.62654251470498e-05	0.356662998505367	1	0.996	0.315001243788568	9	LOC138582460
2.84411264892351e-05	1.10908511551035	0.741	0.536	0.341094429985396	9	H1-1
2.84525381089299e-05	0.580468682033979	0.897	0.682	0.341231289540396	9	HNRNPA1
3.29797874979776e-05	3.86397261767381	0.034	0.003	0.395526591463245	9	unassigned-gene-3
3.29797874979776e-05	3.27901011695266	0.034	0.004	0.395526591463245	9	LOC138582216
3.3429899477264e-05	2.24658863926028	0.155	0.036	0.400924784430827	9	AURKA
3.36945276606034e-05	1.19000511089391	0.569	0.313	0.404098470233616	9	ANP32E
3.48814469765056e-05	1.77121547675396	0.241	0.066	0.418333193589232	9	KIF22
3.70145752837307e-05	-1.06597614646638	0.793	0.857	0.443915801377783	9	HSPG2
3.75219415864096e-05	2.61604510423023	0.172	0.033	0.450000645445811	9	KIF20A
3.89544115687564e-05	-1.72349239025051	0.103	0.364	0.467180257944096	9	ITPR2
4.0461724003265e-05	0.516460913081122	1	0.925	0.485257455971157	9	HNRNPAB
4.24995127788766e-05	1.98132956831197	0.19	0.052	0.509696656757067	9	DONSON
4.28116756272673e-05	1.0267909938767	0.621	0.368	0.513440425797817	9	ACP1
4.33945707411296e-05	2.09458554581523	0.172	0.043	0.520431086898368	9	EXOSC4
4.33945707411296e-05	2.03800201744886	0.172	0.044	0.520431086898368	9	MYCN
4.46188632382682e-05	-1.23324919003885	0.707	0.873	0.53511402681655	9	unassigned-gene-2
4.59180700780447e-05	0.630885595541129	0.862	0.663	0.55069541444599	9	BTF3L4
4.75405175803464e-05	2.40454099903652	0.138	0.028	0.570153427341095	9	HMBS
4.88923461664427e-05	0.43361583387588	0.948	0.742	0.586365907574147	9	PRMT1
4.91113656958367e-05	1.67810607236248	0.241	0.075	0.588992608790169	9	RAD51
5.36665580707406e-05	1.27338556775878	0.448	0.198	0.643623030942391	9	SELENOH
5.49850144147875e-05	1.26520431742763	0.362	0.179	0.659435277876546	9	PIN1
5.77713196121886e-05	2.6940476162315	0.121	0.02	0.692851436108978	9	PLK4
6.00698897259735e-05	-1.13670012425532	0.69	0.873	0.7204181874836	9	KRT5
6.2743968385226e-05	0.772050128232774	0.948	0.678	0.752488412844015	9	COX6C
6.76286746785426e-05	1.93916011406803	0.224	0.064	0.811070695419761	9	KIF23
8.05452373261446e-05	0.63733322523718	0.879	0.64	0.965979031252452	9	HSBP1
8.31698896202195e-05	0.661758078274996	0.948	0.781	0.997456486215293	9	SRSF3
0.00338712404127208	5.27901011695266	0.017	0	1	9	GDPGP1
0.00338712404127208	5.27901011695266	0.017	0	1	9	LGI1
0.00338712404127208	5.27901011695266	0.017	0.001	1	9	LRP2
0.00139331714330982	4.86397261767381	0.034	0.001	1	9	LOC138540856
0.00139331714330982	4.27901011695266	0.034	0.002	1	9	MMP7
0.00338712404127208	4.27901011695266	0.017	0.001	1	9	SLC25A30
0.00338712404127208	4.27901011695266	0.017	0.001	1	9	BCHE
0.00338712404127208	4.27901011695266	0.017	0.001	1	9	DNAH9
0.00338712404127208	4.27901011695266	0.017	0.001	1	9	PDCD1
0.00139331714330982	3.86397261767381	0.034	0.003	1	9	MYO3B
0.00139331714330982	3.86397261767381	0.034	0.003	1	9	TUB
0.00139331714330982	3.86397261767381	0.034	0.003	1	9	LOC138564292
0.00933359058457308	3.86397261767381	0.034	0.003	1	9	SEMA4D
0.00338712404127208	3.6940476162315	0.017	0.002	1	9	LOC138552580
0.00338712404127208	3.6940476162315	0.017	0.002	1	9	LRRC71
0.000267342255341516	3.6940476162315	0.052	0.004	1	9	IRX3
0.00139331714330982	3.54204452278645	0.034	0.004	1	9	LOC138566275
0.00139331714330982	3.54204452278645	0.034	0.004	1	9	PTPRV
0.00139331714330982	3.27901011695266	0.034	0.004	1	9	DARS2
0.00338712404127208	3.27901011695266	0.017	0.003	1	9	NPFF
0.00469342152043276	3.27901011695266	0.052	0.006	1	9	ANKRD37
0.000753094110161129	3.14150659320272	0.069	0.009	1	9	KIF18A
0.00469342152043276	3.10908511551035	0.052	0.007	1	9	MAL2
0.00139331714330982	3.05661769561621	0.034	0.005	1	9	CSKMT
0.00933359058457308	3.05661769561621	0.034	0.005	1	9	SCGN
0.00933359058457308	3.05661769561621	0.034	0.005	1	9	SWSAP1
0.000806355636599476	2.9570820220653	0.086	0.012	1	9	COA1
0.00338712404127208	2.9570820220653	0.017	0.004	1	9	LOC138527448
0.00338712404127208	2.9570820220653	0.017	0.004	1	9	LOC138569428
0.00876071200341041	2.90049849369893	0.069	0.01	1	9	COL7A1
0.00933359058457308	2.86397261767381	0.034	0.006	1	9	AP4B1
0.00933359058457308	2.86397261767381	0.034	0.006	1	9	PPP1R42
0.00338712404127208	2.6940476162315	0.017	0.004	1	9	RADIL
0.00933359058457308	2.6940476162315	0.034	0.007	1	9	STRBP
0.00933359058457308	2.6940476162315	0.034	0.007	1	9	GATA3
0.00141880433512792	2.6940476162315	0.052	0.01	1	9	LOC138522502
0.000338983545797108	2.61604510423023	0.086	0.016	1	9	GPATCH11
0.000753094110161129	2.60093821184002	0.069	0.013	1	9	DGUOK
0.000753094110161129	2.60093821184002	0.069	0.013	1	9	DNLZ
0.00442544561642668	2.60093821184002	0.069	0.013	1	9	LOC138514284
0.0085850825270822	2.60093821184002	0.069	0.013	1	9	CKAP2
0.00139331714330982	2.54204452278645	0.034	0.008	1	9	POT1
0.00321028894761456	2.54204452278645	0.086	0.017	1	9	EIF2AK4
0.00917239600229021	2.54204452278645	0.086	0.017	1	9	ZNF260
0.00933359058457308	2.54204452278645	0.034	0.008	1	9	ENDOG
0.00933359058457308	2.54204452278645	0.034	0.008	1	9	KATNAL1
0.00338712404127208	2.47165519489505	0.017	0.005	1	9	CCNQ
0.00338712404127208	2.47165519489505	0.017	0.005	1	9	MIGA1
0.00338712404127208	2.47165519489505	0.017	0.005	1	9	ZNF217
0.000350357255604557	2.40454099903652	0.086	0.018	1	9	CYB5RL
0.00821487490923114	2.33147753684679	0.103	0.023	1	9	LOC138582523
0.00209506436871119	2.32481380656578	0.121	0.027	1	9	KIF14
0.00114428741842588	2.31553599297777	0.138	0.033	1	9	RACGAP1
0.00201218175773063	2.27901011695266	0.121	0.028	1	9	CKAP2L
0.00338712404127208	2.27901011695266	0.017	0.006	1	9	LOC138453676
0.00338712404127208	2.27901011695266	0.017	0.006	1	9	CCHCR1
0.000792920404096174	2.27901011695266	0.121	0.028	1	9	FLAD1
0.000244976500704109	2.2346159975942	0.121	0.028	1	9	GINS4
0.0085850825270822	2.20862078906126	0.069	0.018	1	9	LOC138570265
0.0085850825270822	2.20862078906126	0.069	0.018	1	9	TMEM250
0.00012370373493195	2.19154727570232	0.121	0.029	1	9	CIAO1
0.00113742281192011	2.19154727570232	0.103	0.028	1	9	CARD9
0.00469342152043276	2.19154727570232	0.052	0.012	1	9	PDZRN3
0.00469342152043276	2.19154727570232	0.052	0.014	1	9	TRMT1
0.00124300890701308	2.17947444340174	0.103	0.025	1	9	COL16A1
0.0090358404489244	2.16353289953272	0.121	0.033	1	9	CDKN2C
0.00917239600229021	2.16353289953272	0.086	0.022	1	9	COG8
0.00933359058457308	2.16353289953272	0.034	0.011	1	9	LOC138467622
0.000416617395483292	2.12373189147475	0.172	0.043	1	9	RAD50
0.000486257111309423	2.10908511551035	0.121	0.029	1	9	NEK2
0.00127939418436612	2.09138311377689	0.138	0.034	1	9	CD320
0.00546136656806656	2.08636503901026	0.103	0.027	1	9	TOR4A
0.00347858904397895	1.99890219775992	0.103	0.029	1	9	FBXL14
0.000846380663946058	1.99360789809041	0.121	0.029	1	9	TROAP
0.000314779826431977	1.98622836772481	0.155	0.042	1	9	CDCA7L
0.00387225252833849	1.98355423342649	0.155	0.044	1	9	UBE2S
0.00053425055705979	1.98132956831197	0.19	0.049	1	9	PRIM1
0.000163339050114618	1.9570820220653	0.172	0.05	1	9	NUSAP1
0.00216808308636388	1.9570820220653	0.103	0.029	1	9	ID2
0.00840485050518447	1.9570820220653	0.103	0.028	1	9	LOC138514155
0.00933359058457308	1.9570820220653	0.034	0.012	1	9	NGRN
0.00469342152043276	1.95708202206529	0.052	0.017	1	9	LOC138525671
0.00127939418436612	1.92537316233796	0.138	0.038	1	9	ZDBF2
0.00209506436871119	1.92145811233457	0.121	0.035	1	9	CDCA5
0.00821487490923114	1.91644003756795	0.103	0.031	1	9	LOC138569541
0.000196106411814232	1.90555172142521	0.172	0.047	1	9	SASS6
0.00945916240387026	1.8866926941739	0.121	0.036	1	9	MYO19
0.00169189182656186	1.86397261767381	0.086	0.027	1	9	LOC138583265
0.000174684289796845	1.85274536225056	0.224	0.062	1	9	TACC3
0.00678414709381956	1.85274536225056	0.121	0.037	1	9	LOC138527279
0.00695403012591989	1.85274536225056	0.121	0.036	1	9	LOC138515972
0.000718964033420218	1.84160480464536	0.19	0.054	1	9	WDR62
0.00546136656806656	1.83843752556668	0.103	0.033	1	9	TMEM39B
0.00561270550163837	1.81957849831536	0.086	0.027	1	9	LOC138580471
0.00232668386534669	1.81957849831536	0.155	0.045	1	9	GTF2A1
0.00422831052406068	1.81957849831536	0.155	0.047	1	9	LOC138549858
0.00107017622902291	1.79358328978242	0.155	0.046	1	9	NDC80
0.00917239600229021	1.77650977642347	0.086	0.028	1	9	LINS1
0.0043519363512122	1.76804819767528	0.155	0.048	1	9	CFAP298
0.00034597834728898	1.75544816089564	0.19	0.06	1	9	POLR2G
0.000691985699368128	1.75544816089564	0.19	0.06	1	9	MCFD2
0.00535525319345652	1.74849540025388	0.138	0.044	1	9	SAMHD1
0.00876071200341041	1.74295721671245	0.069	0.024	1	9	GINS1
0.000557602269412387	1.72881303439218	0.207	0.067	1	9	BIRC5
0.00329350044306893	1.72442126527502	0.121	0.04	1	9	RABL3
0.00113815693629606	1.71016728159478	0.207	0.074	1	9	ECT2
0.00122575855287688	1.6940476162315	0.207	0.072	1	9	CENPH
0.00403922877534491	1.6940476162315	0.172	0.059	1	9	BUB1B
0.00442544561642668	1.6940476162315	0.069	0.025	1	9	TBRG4
0.000147718624212784	1.68144757945187	0.276	0.099	1	9	LOC138521914
0.000610846614866113	1.67235254513218	0.172	0.057	1	9	NSMCE2
0.000511267287009687	1.67020087427713	0.155	0.052	1	9	BUD23
8.54922411775808e-05	1.65222744053687	0.241	0.083	1	9	G2E3
0.00170251087301639	1.65097889433962	0.172	0.06	1	9	MRPS15
0.0023111279345476	1.65097889433962	0.172	0.06	1	9	PMPCA
0.00896837027118483	1.64674190145315	0.138	0.054	1	9	FUT11
0.00727749453530613	1.64158019633737	0.138	0.048	1	9	LOC138567283
0.00329350044306893	1.63515392717793	0.121	0.04	1	9	HSPA12A
0.00270437250266134	1.62189783047567	0.172	0.067	1	9	BAMBI
0.000103397946195729	1.62079863420086	0.259	0.082	1	9	RAD51AP1
0.00320406283797599	1.60658477498116	0.121	0.044	1	9	CYB561
0.00840485050518447	1.59451194268059	0.103	0.037	1	9	CENPA
0.00859851019437066	1.59451194268059	0.103	0.036	1	9	TIMM21
0.000826676157441934	1.5909541232674	0.138	0.049	1	9	TMEM209
0.00238705502313175	1.58869461608527	0.172	0.058	1	9	CYP2C9
0.00719679706493191	1.57857039881157	0.155	0.055	1	9	FEM1B
0.00968392673657546	1.57857039881156	0.121	0.044	1	9	ENTPD5
0.00746618106701062	1.56629206903313	0.138	0.049	1	9	UQCC2
0.000501899386720601	1.55464455956608	0.328	0.123	1	9	RAD21
0.00235872668882186	1.54204452278645	0.224	0.086	1	9	LARP7
0.00038616553576676	1.53650633924502	0.207	0.074	1	9	TIMM10
0.00469342152043276	1.52412261478919	0.052	0.023	1	9	CAAP1
0.00494894006531697	1.51347537058968	0.138	0.059	1	9	AURKAIP1
0.00154666987822174	1.49241375506185	0.155	0.06	1	9	RPIA
0.00579419688336389	1.47165519489505	0.155	0.059	1	9	ZNF511
0.00633057307215365	1.47165519489505	0.19	0.073	1	9	CDC40
0.00111270401567851	1.47165519489505	0.276	0.093	1	9	MIS18BP1
0.00120646135563733	1.47165519489505	0.103	0.043	1	9	PNKD
0.000117387807980142	1.45841936773836	0.379	0.169	1	9	SLBP
0.00578288341611922	1.45588787903674	0.19	0.069	1	9	NCAPD2
0.000718964033420218	1.45458168153611	0.19	0.071	1	9	EXOSC6
0.000184099649418627	1.44106687506163	0.31	0.12	1	9	SNRPB2
0.00559348382673704	1.43466098741285	0.172	0.066	1	9	LOC138471664
0.00311733136156393	1.43101321039771	0.155	0.061	1	9	UTP23
0.00579419688336389	1.43101321039771	0.155	0.061	1	9	LIPT2
0.0061463369961176	1.42102912182509	0.19	0.075	1	9	LOC138497699
0.00695403012591989	1.42102912182509	0.121	0.048	1	9	NOL6
0.00695403012591989	1.42102912182509	0.121	0.049	1	9	SLC50A1
0.000390380940638783	1.41393969703877	0.207	0.081	1	9	AMOTL2
0.00535525319345652	1.40454099903652	0.138	0.057	1	9	SLC37A3
0.00124618945865565	1.40454099903652	0.224	0.09	1	9	B3GNT5
0.00199195729422582	1.39986451182704	0.207	0.086	1	9	EPHB4
9.90200312533165e-05	1.39365268289378	0.259	0.114	1	9	DNAJC9
0.00693997504286527	1.3828459279372	0.259	0.111	1	9	MUC17
0.00710934530405795	1.37953699290662	0.19	0.079	1	9	TTK
0.00204585680353075	1.37211952134414	0.224	0.091	1	9	RBBP4
0.000807781958781926	1.3661207807227	0.328	0.167	1	9	HES4
0.00910768526600003	1.36473999097854	0.172	0.084	1	9	ABHD13
0.000274930268600142	1.36147227714463	0.293	0.115	1	9	MGARP
0.00399947225292752	1.35524570277974	0.259	0.107	1	9	BPNT2
0.00219602680336055	1.35301069839643	0.224	0.098	1	9	LSM12
0.00422831052406068	1.35301069839643	0.155	0.066	1	9	MSL1
0.00306837968636626	1.3404106616168	0.207	0.096	1	9	LOC138503586
0.00120994125906026	1.3404106616168	0.121	0.043	1	9	SLC26A10P
0.00411827816556673	1.33147753684679	0.224	0.092	1	9	DENND10
0.00545325347104574	1.32259938550034	0.276	0.132	1	9	COMT
0.00739184608465389	1.31553599297777	0.155	0.063	1	9	ARVCF
0.000431747465161497	1.31553599297777	0.362	0.173	1	9	SMC4
0.00869819505631395	1.30702449312225	0.207	0.084	1	9	CRELD2
0.00119618663174259	1.29811893990036	0.276	0.119	1	9	SMU1
0.00010403552710664	1.27901011695266	0.517	0.284	1	9	HS3ST1
0.00167131702624759	1.27901011695266	0.224	0.094	1	9	ZC3H11A
0.007429395506231	1.27901011695266	0.259	0.111	1	9	BOLA3
0.00968392673657546	1.27901011695266	0.121	0.054	1	9	RRS1
0.00124417623598382	1.27427219794599	0.379	0.201	1	9	TCIM
0.00131641351045124	1.26902602838004	0.241	0.121	1	9	ELOF1
0.00151220223754092	1.26703747528658	0.241	0.101	1	9	C8H10orf143
0.00954389057982653	1.26520431742763	0.19	0.083	1	9	HACD4
0.00369561718461232	1.25516337499829	0.241	0.104	1	9	MED19
0.00282323787385635	1.24338620722194	0.345	0.165	1	9	BUB3
0.00173448532664323	1.24087498806589	0.224	0.094	1	9	RNASEH2B
0.00286273340995949	1.24087498806589	0.224	0.092	1	9	NUP210
0.000198808659346662	1.23948175276602	0.397	0.182	1	9	NDUFB8
0.0021765049240581	1.23718994125803	0.259	0.12	1	9	C6PH18orf32
0.00945916240387026	1.2346159975942	0.121	0.055	1	9	ATG16L1
0.00766402178435959	1.22011642789909	0.19	0.085	1	9	LOC138497209
0.00161043691414501	1.21457824435766	0.448	0.271	1	9	LOC138488268
0.00185062257438558	1.21189592109412	0.293	0.135	1	9	BCAM
0.00218937031032938	1.20862078906126	0.241	0.109	1	9	LOC138566014
0.00422831052406068	1.20862078906126	0.155	0.069	1	9	PPP1R14A
0.00422831052406068	1.20862078906126	0.155	0.073	1	9	TRMT6
0.00013559753926872	1.20372198964842	0.414	0.182	1	9	CKAP5
0.000927548865370566	1.19154727570232	0.328	0.141	1	9	TSN
0.000170027150389777	1.19154727570232	0.259	0.116	1	9	PPP1R2
0.00373263679527068	1.18503396874364	0.207	0.092	1	9	PPP1R15B
0.000349934872667062	1.18385288391232	0.517	0.284	1	9	PFDN4
0.00899507538382326	1.18097803399213	0.224	0.115	1	9	RCN1
0.00208099231458339	1.17854993517344	0.379	0.184	1	9	MRPL23
9.20074990583681e-05	1.1774720904906	0.534	0.332	1	9	TUBB
0.00131765756504532	1.17048566017449	0.121	0.06	1	9	GGH
0.00185574013276942	1.16353289953272	0.276	0.117	1	9	THBD
0.000455182383556587	1.16353289953272	0.328	0.148	1	9	PEF1
0.00100773339434499	1.16353289953272	0.345	0.148	1	9	RAD23A
0.000202690616771944	1.16061541615043	0.31	0.14	1	9	TIMM8B
0.00965870216549989	1.16006904422915	0.259	0.117	1	9	COMMD6
0.00293746191391397	1.14972710000769	0.259	0.122	1	9	MRPL37
0.00176345600121563	1.14150659320272	0.241	0.109	1	9	PHACTR4
0.00152305799666625	1.12373189147475	0.328	0.161	1	9	CTPS1
0.00461701031663809	1.11913878017427	0.241	0.118	1	9	NCBP1
0.0096981739455423	1.10908511551035	0.138	0.069	1	9	DCUN1D2
0.00734569362180278	1.10908511551034	0.207	0.099	1	9	TEX261
0.000497533298685862	1.09230940275952	0.31	0.143	1	9	DDX39A
0.000137369993181196	1.09093776880009	0.586	0.366	1	9	ID3
0.00967505353997863	1.08107073934075	0.241	0.131	1	9	WBP11
0.00844596916952467	1.08023025283816	0.328	0.172	1	9	EMC6
0.00229976389578428	1.07465161844647	0.345	0.178	1	9	LXN
0.00121796724267532	1.05933208031325	0.31	0.147	1	9	ATP6V1D
0.00548902708862468	1.05661769561621	0.259	0.139	1	9	NDUFV3
0.00534029025538655	1.04102084056519	0.328	0.18	1	9	NDUFA5
0.000108471242563746	1.03494869347131	0.638	0.367	1	9	DEK
0.00304303912698548	1.02878348741948	0.431	0.254	1	9	RTRAF
0.00636843852703307	1.01774480397192	0.276	0.138	1	9	RPA3
0.00669642593407358	1.01430689075825	0.276	0.143	1	9	LOC138513412
0.00877343590351744	1.01222357625776	0.259	0.129	1	9	PIK3C2B
0.00592484361827797	1.01052128102676	0.172	0.084	1	9	SPOCK1
0.00568181470114135	1.00599162254624	0.362	0.228	1	9	DUT
0.000157632632176762	0.998902197759922	0.448	0.215	1	9	USP10
0.00295824036927634	0.998902197759922	0.569	0.385	1	9	LSM5
0.00344208742190037	0.997724006562641	0.293	0.147	1	9	UNC50
0.0027872757043129	0.994801688014454	0.414	0.242	1	9	PFDN2
0.00149515033835028	0.993607898090409	0.31	0.152	1	9	FRY
0.000889798779290874	0.992487358196494	0.397	0.212	1	9	MCM3
0.00519414345340619	0.991847440225972	0.328	0.166	1	9	EHD4
0.0089403317120402	0.991847440225972	0.31	0.164	1	9	ARF6
0.00413474009112707	0.991433526856072	0.276	0.139	1	9	FARSA
0.00113389135969877	0.970257410813028	0.5	0.331	1	9	UBE2I
0.000181511396233375	0.966419886644631	0.466	0.238	1	9	SKA2
0.00954098662683796	0.957082022065295	0.241	0.123	1	9	GMNN
0.00221129571852722	0.957082022065295	0.31	0.163	1	9	PDHB
0.00587265649806608	0.94809323883804	0.259	0.134	1	9	SEPTIN8
0.00779218999496518	0.947495973236097	0.241	0.126	1	9	TGFB1I1
0.00569765172357384	0.934812858224262	0.431	0.257	1	9	UCHL1
0.0083688084576553	0.926055126444671	0.328	0.197	1	9	HDGFL2
0.00283505289866527	0.920155453066938	0.379	0.202	1	9	NSD2
0.0039379098096775	0.919607316646632	0.31	0.161	1	9	ZNF330
0.00313635637220508	0.918262773174767	0.345	0.187	1	9	SMIM15
0.00715130091869908	0.918262773174767	0.31	0.162	1	9	SNAI2
0.00306875108161976	0.916440037567949	0.328	0.179	1	9	RTCB
0.00546431421334523	0.915261846370668	0.276	0.139	1	9	LSM8
0.00334770636465007	0.906058019040828	0.379	0.206	1	9	PPID
0.00256275595765451	0.903500981860451	0.517	0.287	1	9	PYCARD
0.00321024401697583	0.892951684645579	0.517	0.338	1	9	SKP1
0.00351726833541127	0.886692694173897	0.448	0.263	1	9	TNPO2
0.000710528577745279	0.884150499611444	0.586	0.374	1	9	LSM3
0.00356812299195112	0.872450771598118	0.552	0.361	1	9	PSMA5
0.00734857117207672	0.863972617673814	0.379	0.206	1	9	ELOVL5
0.000133202563192075	0.860508762370242	0.586	0.319	1	9	CKB
0.000551820794172795	0.853704282219987	0.672	0.475	1	9	TMEM167A
0.00441475004668104	0.850166818148783	0.741	0.532	1	9	AQP1
0.000632227222531726	0.84950213486548	0.448	0.251	1	9	LOC138549408
0.000224238700574945	0.846050709676551	0.569	0.311	1	9	PSMB2
0.00919963085566212	0.842714997113295	0.5	0.332	1	9	SEC11A
9.45678596195803e-05	0.827501061008667	0.759	0.538	1	9	SNRPD2
0.00749861655582919	0.81957849831536	0.379	0.204	1	9	SMN1
0.00431207057171319	0.815353912453635	0.414	0.262	1	9	NDUFA3
0.000125338848775807	0.809394726329269	0.724	0.438	1	9	DLK1
0.00934428980966393	0.804666788911432	0.466	0.29	1	9	NMRK2
0.00612498266131872	0.801803796587384	0.345	0.19	1	9	GAR1
0.00857134509649464	0.793583289782416	0.466	0.302	1	9	LSM7
0.000259029216997238	0.787157020622983	0.534	0.296	1	9	NUDT21
0.00612114550326748	0.781030917826141	0.5	0.335	1	9	CETP
0.000537185527274739	0.776509776423474	0.517	0.289	1	9	ALYREF
0.000180240905654565	0.770283202058586	0.517	0.276	1	9	PSMA3
0.00022978388587588	0.763171976886322	0.672	0.385	1	9	EZR
0.00772519248954065	0.759142644453386	0.276	0.161	1	9	ADRM1
0.00272701750042536	0.757241442718695	0.483	0.295	1	9	FKBP3
0.00804302204159228	0.751272484924452	0.241	0.143	1	9	SREK1
0.00525505692620934	0.734689600728847	0.31	0.184	1	9	BMPR2
0.00221644754584277	0.734689600728847	0.517	0.349	1	9	NDUFA6
0.00197917627265761	0.724853663012676	0.724	0.493	1	9	CBX3
0.00383890255322049	0.723363183056057	0.448	0.253	1	9	HP1BP3
0.00304103436091021	0.718295162478179	0.534	0.336	1	9	ATF4
9.53025317294764e-05	0.71585198654985	0.828	0.593	1	9	H2AC1
8.47493965623297e-05	0.715580777781143	0.638	0.368	1	9	HABP4
0.000932452240440036	0.711969524228764	0.724	0.55	1	9	SNRPD3
0.00219104001902382	0.710921434795897	0.569	0.369	1	9	SNRNP27
0.000230014073656292	0.707658047750154	0.776	0.495	1	9	PTBP1
0.0077905221983878	0.707468131993823	0.414	0.258	1	9	TOMM22
0.00850384798918576	0.705222691788179	0.534	0.414	1	9	HNRNPUL1
0.00316450629792959	0.705018734052504	0.569	0.364	1	9	PSMB6
0.00276287993094192	0.70182496682322	0.448	0.268	1	9	DKC1
0.00390605636732595	0.687895389249906	0.69	0.547	1	9	DAD1
0.00214848277540285	0.679972431019778	0.466	0.301	1	9	LOC138472955
0.00034169530248693	0.660624614694051	0.741	0.624	1	9	HNRNPA0
0.00600990192328857	0.65955923984621	0.466	0.293	1	9	MTDH
0.00196145625886047	0.658649286212113	0.672	0.491	1	9	SGK1
0.00162751446165535	0.648375757846219	0.621	0.416	1	9	CD93
0.00143047667775325	0.646394640640085	0.707	0.494	1	9	GNG5
0.00807296844479334	0.643924136805665	0.483	0.297	1	9	MPC1
0.00470039894610603	0.643421543161533	0.552	0.357	1	9	EIF6
0.00968657527586107	0.641136085193059	0.397	0.25	1	9	DNASE1L3
0.00563449436226536	0.639466920049015	0.638	0.494	1	9	SRSF4
0.00211905507695747	0.63671444116555	0.517	0.345	1	9	ARPC1B
0.00853866560201293	0.635153927177933	0.672	0.534	1	9	POMP
0.000214596572596588	0.633992492760539	0.879	0.747	1	9	ANP32B
0.000318938202165498	0.620798634200863	0.879	0.689	1	9	TRA2B
0.00012648321632897	0.620798634200863	0.879	0.766	1	9	COX7A2
0.00723045077302382	0.618545009622492	0.776	0.553	1	9	ELOC
0.000147675521269436	0.618132639019123	0.81	0.623	1	9	NCOA5
0.00922688904071152	0.610631608043864	0.224	0.125	1	9	TMEM100
0.00194382469925396	0.609634410809837	0.655	0.497	1	9	ATP5F1D
0.00246279455243482	0.607242788694229	0.586	0.397	1	9	GLO1
0.00111002652568013	0.605776768776401	0.707	0.539	1	9	COX5B
0.000554131068477561	0.600496277377722	0.655	0.42	1	9	FUS
0.00357107275707047	0.594902969933527	0.793	0.578	1	9	LOC138488548
0.00084980954480929	0.591797557983551	0.603	0.366	1	9	APLNR
0.00272997706677682	0.564764599286535	0.69	0.486	1	9	SUMO3
0.00294204505731259	0.55590132346185	0.897	0.737	1	9	HNRNPL
0.00388647771594857	0.555178550457337	0.81	0.575	1	9	MOB1A
0.00828524664748555	0.552028611359073	0.466	0.289	1	9	KARS1
0.000574410548814016	0.547519652852602	0.931	0.655	1	9	ARF1
0.00013791780322405	0.546293995787809	0.966	0.743	1	9	PLVAP
0.00719284790921562	0.544821607457025	0.414	0.271	1	9	PFDN6
0.000562340267171382	0.533870591340751	0.828	0.65	1	9	ATP5MC3
0.00328736703024869	0.53351771242199	0.81	0.668	1	9	SNRPD1
0.000848157526665413	0.530381605260871	0.828	0.56	1	9	SFPQ
0.00019029340632146	0.529475849283396	0.81	0.577	1	9	TARDBP
0.000261657011791381	0.527770391804333	0.759	0.531	1	9	ENG
0.00338584837869212	0.525426451336034	0.879	0.72	1	9	LOC138504591
0.00135594701632797	0.51404889277608	0.845	0.572	1	9	SNRPB
8.54961565743209e-05	0.507520647452059	0.914	0.738	1	9	HNRNPH3
0.000424565634812364	0.504036977584309	0.931	0.789	1	9	RPL10A
0.00587023208690744	0.502135801349815	0.552	0.361	1	9	ACVRL1
0.00375049104133701	0.500127133720211	0.862	0.675	1	9	NPM1
0.00164323005889726	0.49535128733841	0.707	0.496	1	9	SAFB
0.000827702828602418	0.493835429743832	0.862	0.643	1	9	RALB
0.000298396370546887	0.491701137096811	0.862	0.632	1	9	ATP5IF1
0.00978862127763119	0.477089080945681	0.638	0.44	1	9	NRP1
0.00960327548161472	0.475867446181968	0.655	0.449	1	9	LOC138566164
0.00537704728698918	0.470140554293055	0.707	0.54	1	9	MATR3
0.000222471245340735	0.461822324292371	0.983	0.853	1	9	CALM1
0.00290885889109403	0.455987764455193	0.931	0.804	1	9	SRSF2
0.00218578938010966	0.454581681536112	0.81	0.69	1	9	ABRACL
0.00709999186264185	0.443164768792591	0.862	0.732	1	9	CALM2
0.000558097755963895	0.431254645431471	0.966	0.911	1	9	TXN
0.000121148374734365	0.424558892613474	1	0.933	1	9	UBA52
0.00171634156738036	0.424554059674738	1	0.865	1	9	CAV1
0.00096367078193512	0.415939274685114	1	0.931	1	9	RPS10
0.00101211691899162	0.41551211685752	0.948	0.838	1	9	SET
0.00899410794631684	0.414823972298377	0.655	0.464	1	9	PA2G4
0.000143799318270311	0.414519488486866	1	0.972	1	9	RPS27
0.000385514103590768	0.408814321324822	0.983	0.917	1	9	RPS13
0.000109835326125891	0.408730439371157	0.983	0.917	1	9	RPL35A
0.000566947450599653	0.404276599688046	0.948	0.885	1	9	RPS16
0.00111687751365163	0.398313461889367	0.983	0.933	1	9	RPL31
0.00225210107571845	0.391882776165569	0.983	0.869	1	9	GAPDH
0.00582924866036628	0.389475460477908	0.966	0.887	1	9	MSN
0.00965893737052517	0.388239186707416	0.741	0.518	1	9	ATP5F1A
0.00895088117101111	0.384583486910195	0.828	0.64	1	9	ILF3
0.000719167873896385	0.376694668014223	1	0.948	1	9	RPS19
0.000532415254832156	0.373492209402873	1	0.983	1	9	RPS2
0.00814912564871341	0.372119521344139	0.828	0.643	1	9	CD34
0.00060978126556375	0.367342381082267	0.914	0.869	1	9	RPL2
0.000195247183560769	0.360411861778337	1	0.98	1	9	VIM
0.000371688569723157	0.353676916390674	0.983	0.915	1	9	RPS11
0.00179594185860611	0.351325529069485	1	0.921	1	9	RPL12
0.00274364450778612	0.346942399048533	0.983	0.883	1	9	RPL30
0.000192852019467323	0.344914864591389	1	0.983	1	9	RPL32
0.000489524027561108	0.343128219900497	0.966	0.933	1	9	RPL39
0.00432197397859527	0.338481924643851	0.966	0.916	1	9	ANXA2
0.00989530744304833	0.33756229930777	0.948	0.766	1	9	RACK1
0.00104026240969373	0.334537044960463	1	0.941	1	9	RPL27
0.00256399328434723	0.323386949520496	0.983	0.936	1	9	RPL37
0.0016398066367618	0.323245943661004	1	0.907	1	9	RPS27A
0.00158588419131062	0.313409043293533	0.983	0.952	1	9	SUGP2
0.000737166233406858	0.313249629518439	1	0.964	1	9	RPS14
0.00546270563661184	0.311223000106689	0.897	0.825	1	9	RPL9
0.000942309839990713	0.306613301536155	1	0.983	1	9	RPS15A
0.00674912844077787	0.304669072124125	0.983	0.94	1	9	RPL13A
0.000621298234075717	0.303970861396249	1	0.977	1	9	RPLP2
0.00117632335620069	0.302224521037118	1	0.943	1	9	HNRNPA3
0.00296807736886916	0.275674404389401	1	0.964	1	9	RPS9
0.00258066712720057	0.266990534713576	1	0.966	1	9	FAU
0.00794143596948335	0.264853228024706	1	0.992	1	9	S100A11
0.00736224276594228	0.228623813708884	0.966	0.96	1	9	RPL36A
0.00114832998203834	-0.446091655422704	0.172	0.401	1	9	COL1A1
0.0040433904821143	-0.656020959020363	0.483	0.615	1	9	AHNAK
0.00697332841146563	-0.702504312202164	0.293	0.486	1	9	TNS1
0.00168723059202361	-0.712985062603109	1	0.999	1	9	unassigned-gene-4
0.00894537832199416	-0.714534860910043	0.19	0.324	1	9	LAMC1
0.00985106447778082	-0.736683690152487	0.241	0.398	1	9	LRCH1
0.00892736808693148	-0.757648353626191	0.603	0.693	1	9	PPDPF
0.00578998100510484	-0.785120220467058	0.31	0.463	1	9	ARHGAP31
0.00627806375379835	-0.797340769177457	0.534	0.652	1	9	FLI1
0.00929295247237539	-0.805418664208049	0.172	0.324	1	9	BIRC6
0.0032058581644011	-0.822869497066556	0.466	0.644	1	9	TJP1
0.00264623811248354	-0.84511119487653	0.276	0.463	1	9	NPR1
0.00729848375480233	-0.852332422170603	0.293	0.455	1	9	PEA15
0.00806952309274003	-0.865744308754749	0.655	0.687	1	9	PTPRM
0.0095842824253466	-0.883610083866422	0.138	0.295	1	9	FAR1
0.00681914696577109	-0.902319647761904	0.293	0.444	1	9	ERG
0.000109636014842751	-0.915104350056726	0.259	0.512	1	9	PTBP3
0.00697928901382364	-0.949808573543223	0.155	0.315	1	9	SLCO3A1
0.0022011254261894	-0.957366533819491	0.431	0.589	1	9	ASAP1
0.00812024715443586	-0.971288300953675	0.241	0.39	1	9	BDKRB2
0.00571076702960966	-0.97752025466519	0.276	0.464	1	9	PIEZO1
0.000622331741098084	-1.00827183512781	0.621	0.725	1	9	SHANK3
0.00321203829100631	-1.0429179779347	0.293	0.451	1	9	TSPAN14
0.0071053107406504	-1.07501882110173	0.31	0.456	1	9	CTSK
0.0076369140137114	-1.07533945562708	0.155	0.32	1	9	FMNL3
0.0064312994893983	-1.07854188766543	0.155	0.338	1	9	TCF3
0.00730713834554021	-1.08322596658824	0.207	0.381	1	9	FGD5
0.00840384515074626	-1.13226546352999	0.138	0.288	1	9	SMARCA2
0.00715635447655808	-1.1328034814519	0.086	0.231	1	9	AFF1
0.0088498896394334	-1.13884239793324	0.172	0.345	1	9	CDK17
0.00596469481839627	-1.15283567001274	0.069	0.194	1	9	GAB2
0.00432988377617182	-1.15283567001274	0.172	0.329	1	9	MICAL2
0.00161232359960537	-1.17220099487967	0.086	0.272	1	9	CLK4
0.00589275160910598	-1.19607476599613	0.293	0.44	1	9	MMRN1
0.000489713081869652	-1.20148311721247	0.207	0.462	1	9	PICALM
0.00920626368560547	-1.20595659379178	0.19	0.341	1	9	TSPAN18
0.000225205576456692	-1.21396744945802	0.517	0.704	1	9	LOC138504630
0.00530327732473427	-1.23511214321805	0.138	0.304	1	9	MICAL3
0.00195747500157604	-1.26014869415537	0.155	0.333	1	9	NR3C1
0.000493529607199181	-1.29589871910458	0.31	0.538	1	9	LOC138472433
0.00203502091163427	-1.31792502543457	0.224	0.413	1	9	NHSL2
0.00476047034064374	-1.32090272523447	0.155	0.32	1	9	MGAT4D
0.0045051130109347	-1.32387429176576	0.155	0.333	1	9	RGL3
0.000533451986711557	-1.33385838033838	0.224	0.443	1	9	SIK3
0.00246311988065028	-1.34059852657539	0.086	0.239	1	9	R3HDM2
0.00827370936992325	-1.35034650312695	0.086	0.226	1	9	PELI1
0.00731793069827028	-1.352426813568	0.103	0.253	1	9	SAT1
0.00908786520979107	-1.3763417116599	0.069	0.201	1	9	WDR37
0.00162443506849063	-1.38158008858187	0.19	0.387	1	9	MAP4K4
0.00997083800043479	-1.38395489576977	0.259	0.409	1	9	CYSLTR1
0.00363493643092001	-1.39341522501884	0.138	0.329	1	9	KALRN
0.00691253779881964	-1.39341522501884	0.138	0.296	1	9	MCC
0.00728824044817622	-1.41865251651786	0.138	0.284	1	9	CADM1
0.00753084129653906	-1.43523540071347	0.086	0.234	1	9	TRAF2
0.000279305359345274	-1.43840267979215	0.155	0.415	1	9	MAGI1
0.00131815672074773	-1.46245686944849	0.138	0.361	1	9	CUL9
0.00342317478180257	-1.46245686944849	0.103	0.265	1	9	APCS
0.000437224280307386	-1.47344655895605	0.155	0.389	1	9	PTK2
0.00537929310166919	-1.47587738521081	0.121	0.267	1	9	ARRDC2
0.00834402489615391	-1.47587738521081	0.034	0.174	1	9	DENND6A
0.00498702438980157	-1.48180221916792	0.138	0.335	1	9	CAMK2G
0.00155666767902384	-1.48728214848306	0.103	0.281	1	9	GIT2
0.00379215144505906	-1.48917420782427	0.138	0.329	1	9	LOC138472541
0.000344268125320719	-1.502349596572	0.103	0.343	1	9	FCHSD2
0.0012110318186323	-1.502349596572	0.103	0.284	1	9	ZSWIM8
0.00150880231161398	-1.50562472860486	0.121	0.316	1	9	PTPN2
0.0066190844933311	-1.52318309998917	0.052	0.204	1	9	LYN
0.000968769235239767	-1.52834480510495	0.121	0.318	1	9	AHR
0.000332150854567019	-1.54232903454065	0.155	0.41	1	9	USP9X
0.00864613822524577	-1.5727389244634	0.052	0.186	1	9	MAP3K3
0.0046039130651166	-1.62788047865586	0.086	0.271	1	9	EPS15
0.000108656993435765	-1.64754751211194	0.241	0.457	1	9	STAB1
0.0040815512604682	-1.67052481606435	0.069	0.222	1	9	DVL1
0.00472653958904806	-1.69253343699811	0.052	0.198	1	9	HDLBP
0.0015380996098925	-1.73700220103597	0.086	0.3	1	9	SPRED1
0.00856502527688353	-1.73700220103597	0.103	0.266	1	9	HSD3B7
0.00220522703189455	-1.7433576960758	0.052	0.202	1	9	RALGAPA2
0.009483560427926	-1.75807920178256	0.034	0.147	1	9	FNDC1
0.00352222630446016	-1.7741012195069	0.069	0.237	1	9	DNAAF9
0.00425901256100257	-1.78276608063403	0.069	0.254	1	9	USP7
0.000282253352801954	-1.84821043353542	0.121	0.357	1	9	VAV3
0.00111489032082851	-1.85849340679728	0.069	0.24	1	9	VPS13C
0.00189399732938824	-1.85849340679728	0.052	0.236	1	9	STIM1
0.00393298760448255	-1.87749436872733	0.034	0.171	1	9	LMBRD1
0.00356721764546453	-1.90421170710311	0.034	0.169	1	9	ATG4B
0.00392921842713486	-1.90685642835868	0.069	0.247	1	9	ST8SIA4
0.00741683660722469	-1.90685642835868	0.069	0.205	1	9	EXOC6
0.00757172016079401	-1.97523117042313	0.034	0.18	1	9	SOS1
0.00577254935922051	-2.00021352698047	0.034	0.164	1	9	STON2
0.000107815443919828	-2.00109780224008	0.103	0.341	1	9	PLEC
0.00858095434975724	-2.01561063193897	0.017	0.127	1	9	ANO10
0.00571956425689988	-2.03930672438233	0.069	0.225	1	9	FN1
0.000903792081291118	-2.05574201829229	0.103	0.322	1	9	RASGRP3
0.00937366252511075	-2.08731209729316	0.017	0.139	1	9	CLUH
0.00351929578714936	-2.09167728985456	0.052	0.21	1	9	ARHGAP28
0.00573276998050703	-2.13884239793324	0.017	0.141	1	9	BCORL1
0.00359861824391878	-2.16393337889607	0.034	0.199	1	9	KIF1C
0.00553932075818518	-2.22525714975071	0.086	0.248	1	9	LOC138472551
0.000446309899588459	-2.24976954837537	0.034	0.218	1	9	GOLGB1
0.00334735964863253	-2.25626525966815	0.052	0.233	1	9	SLC4A11
0.000461120815341426	-2.33937538530595	0.034	0.24	1	9	SELENOP
0.00212379613388392	-2.48254111549182	0.31	0.472	1	9	CTSL
0.00272047889578483	-2.54116884546253	0.017	0.171	1	9	UAP1L1
0.00853805324229215	-2.60363293240918	0	0.099	1	9	ACER1
0.00656293857440828	-2.61984315959044	0.034	0.188	1	9	NR6A1
0.000323370772818988	-2.6595893383832	0.086	0.291	1	9	NRP2
0.00162976662538515	-2.69826980654726	0.017	0.195	1	9	NHSL1
0.0039141873832646	-2.73594022451331	0.034	0.187	1	9	UNC5B
0.00792204785207412	-2.82951433982551	0	0.1	1	9	RNF220
0.000255248769985671	-2.83473204909653	0.017	0.206	1	9	BCAS3
0.00673481903254059	-2.83993095577085	0	0.112	1	9	ABCC5
0.00327368074980589	-2.96891739649093	0	0.12	1	9	CC2D1B
0.00384478387415362	-2.97837772573999	0	0.122	1	9	A4GNT
0.00622693824996941	-3.06971803727842	0	0.121	1	9	RAPGEF3
0.000121646513388658	-3.14725463774944	0.017	0.238	1	9	ATRNL1
0.0053301974271044	-3.17220099487967	0	0.121	1	9	PLEKHG4B
0.00217247412220082	-3.28323230726842	0	0.155	1	9	BRWD1
0.00131945771130022	-3.35034650312695	0	0.159	1	9	TTC7B
0.00735150325527276	-3.50889244243877	0	0.123	1	9	SEMA3A
0.00678253615273813	-3.59135460263075	0	0.131	1	9	GAS7
0.0030467756888659	-3.6338792192773	0	0.135	1	9	ENPP2
0.00157791039201958	-3.72661443224122	0	0.161	1	9	PDGFC
0.00239525061555266	-3.97837772573999	0	0.146	1	9	FGF10
0.00187478055096224	-4.00176065317794	0	0.145	1	9	PROX1
0.000887248959034296	-4.29084549137829	0	0.171	1	9	NFIX
0.00125708172093467	-4.9633700865603	0.034	0.217	1	9	HAPLN3
0.000246439863170288	-5.06306455104648	0	0.197	1	9	RELN
