p_val	avg_log2FC	pct.1	pct.2	p_val_adj	cluster	gene	direction
5.70623075629294e-90	-3.38381114926881	0.224	0.793	9.47861990927821e-86	1	ANXA2	down
3.81123980071944e-85	-4.04373944586489	0.392	0.814	6.33085043297506e-81	1	LGALS1	down
3.79076652654148e-80	-2.42148235404606	0.492	0.89	6.29684227723805e-76	1	S100A10	down
7.52423723642693e-79	-4.7619909568978	0.05	0.572	1.24985104734288e-74	1	SPACA4	down
6.36651996572834e-64	-4.56814412358275	0.045	0.508	1.05754263150713e-59	1	VAT1	down
9.49048085958925e-58	-4.69228289069122	0.03	0.441	1.57646377558637e-53	1	CSF1R	down
1.0843879737711e-55	-4.27576006744622	0.065	0.478	1.80127686323118e-51	1	TGFBI	down
2.28511604746496e-55	-4.45080308255564	0.11	0.535	3.79580626644405e-51	1	SELENOP	down
3.28503414960543e-54	-2.27132632013431	0.31	0.727	5.45677022590958e-50	1	ATP5MC3	down
3.43441001827017e-54	-5.19170622056248	0.035	0.425	5.70489848134858e-50	1	C1QB	down
4.28092400174382e-54	-3.49050589223331	0.076	0.562	7.11104285929667e-50	1	AHNAK	down
8.46873806358864e-54	-2.14830834029976	0.392	0.731	1.40674207974271e-49	1	PRDX1	down
4.53060190751511e-53	-4.82387431739029	0.018	0.378	7.52578282857335e-49	1	SPRED1	down
1.18397760838022e-52	-4.93893543675424	0.034	0.42	1.96670520528039e-48	1	C1QC	down
1.9799115238421e-52	-2.85131233093075	0.128	0.552	3.28883103225411e-48	1	APP	down
2.2669953878247e-52	-3.30418374042417	0.131	0.552	3.76570603871561e-48	1	MARCKS	down
2.66570902931736e-51	-2.77610985400892	0.162	0.63	4.42800926859907e-47	1	LMNA	down
5.16621051825365e-50	-5.46647638675071	0.074	0.443	8.58159229187113e-46	1	APOE	down
1.15980730220481e-48	-4.50808238914489	0.04	0.407	1.92655590969241e-44	1	SLC7A8	down
2.25877296158652e-48	-3.68262288780528	0.046	0.39	3.75204776649138e-44	1	EVL	down
3.08009734045037e-48	-5.27988527328508	0.085	0.457	5.1163496922221e-44	1	PLBD1	down
7.0837547246788e-47	-1.46174648570988	0.487	0.786	1.1766824973164e-42	1	COX6A1	down
7.86494352011055e-46	-1.54329596558447	0.487	0.793	1.30644576812556e-41	1	COX7A2	down
3.47865373774167e-45	-4.61761844285397	0.054	0.425	5.77839172376269e-41	1	CLEC	down
1.81889167257054e-44	-1.44565595671851	0.596	0.851	3.02136095730692e-40	1	RPL22L1	down
3.32375074452336e-43	-3.06600180343017	0.207	0.546	5.52108236172775e-39	1	LGMN	down
8.07519723726265e-43	-1.40698006712014	0.49	0.785	1.3413710130817e-38	1	NDUFA4	down
5.7789067003315e-40	-3.74493268781092	0.023	0.34	9.59934191992066e-36	1	PEA15	down
1.39336235973973e-39	-2.98526727985772	0.092	0.42	2.31451421576367e-35	1	SLC43A2	down
3.41907804091676e-39	-4.20608982731236	0.054	0.388	5.67943053376684e-35	1	LRP1	down
7.46098217183823e-39	-2.50192127089866	0.495	0.711	1.23934374856405e-34	1	PSAP	down
7.60359330948787e-39	-1.82212985680865	0.382	0.744	1.26303288463903e-34	1	SNRPG	down
4.7016646615875e-38	-1.90042591831104	0.249	0.624	7.80993516936299e-34	1	CALR	down
5.15227262895254e-38	-4.21621225801217	0.024	0.299	8.55844006395306e-34	1	F13A1	down
2.11109076700639e-36	-1.80723525235639	0.316	0.704	3.50673287307431e-32	1	ATP5IF1	down
5.6333351596871e-35	-5.11032131677416	0.014	0.283	9.35753303375624e-31	1	CD5L	down
9.01232017033141e-35	-4.167405193709	0.044	0.318	1.49703650349375e-30	1	GPNMB	down
2.01415677169425e-34	-2.16036329455829	0.126	0.482	3.34571581346131e-30	1	TTN	down
3.72480863798111e-34	-3.31519416623351	0.043	0.334	6.18727962855042e-30	1	MYOF	down
4.1370060435678e-34	-1.17873916453997	0.544	0.78	6.87198073897048e-30	1	COX6C	down
4.13949844984811e-34	-4.02566363652764	0.046	0.367	6.87612087504269e-30	1	MARCO	down
1.20351401292695e-33	-4.57350002367514	0.009	0.219	1.99915712687295e-29	1	MERTK	down
2.21082173665238e-33	-1.33937053907851	0.426	0.712	3.67239598675327e-29	1	ATP5PF	down
4.824300578214e-33	-2.95226830394553	0.076	0.359	8.01364569047128e-29	1	PRCP	down
9.24703421816333e-33	-5.0717762731124	0.012	0.253	1.53602485397911e-28	1	TREM2	down
3.89933636656115e-32	-1.62606619247426	0.259	0.576	6.47718763849472e-28	1	ATP5PD	down
1.2032826853041e-31	-2.50318847486663	0.091	0.37	1.99877286855863e-27	1	TMEM65	down
1.32468815444985e-31	-3.33481067894619	0.033	0.276	2.20043949335665e-27	1	CD99	down
1.71564068552804e-30	-2.7081153089567	0.065	0.284	2.84985074273063e-26	1	GDA	down
2.97112697312226e-30	-4.41212430706622	0.014	0.252	4.93533901505339e-26	1	EFHD1	down
2.35681108402778e-29	-2.4935923050223	0.069	0.285	3.91489889167855e-25	1	ALDH5A1	down
2.82378621674985e-29	-4.24775312084965	0.021	0.226	4.69059128464318e-25	1	EOMES	down
3.25646747015248e-29	-2.48277990040302	0.338	0.561	5.40931811467028e-25	1	LGALS3BP	down
4.31097873093801e-29	-2.28953871867776	0.132	0.397	7.16096676996112e-25	1	CNDP2	down
7.17391927858649e-29	-3.03842489326776	0.063	0.333	1.191659731366e-24	1	ABCC5	down
7.46684252663187e-29	-3.2385777577856	0.061	0.32	1.24031721209882e-24	1	MITF	down
8.73300188178408e-29	-4.10934304174721	0.016	0.242	1.45063894258315e-24	1	PLXND1	down
9.06342312026849e-29	-4.12424369300653	0.014	0.217	1.5055252145078e-24	1	TTYH3	down
1.20199411275451e-28	-4.97579523131826	0.01	0.251	1.99663242069652e-24	1	IFI30	down
1.69945472921891e-28	-1.40603833321503	0.288	0.577	2.82296425070553e-24	1	HSP90B1	down
1.76629815511321e-28	-4.18915469226702	0.037	0.287	2.93399786545856e-24	1	ACY3	down
1.87031020468171e-28	-1.72845112868645	0.169	0.449	3.10677228099679e-24	1	KRTCAP2	down
1.96512173660177e-28	-4.72510151588935	0.011	0.238	3.2642637166692e-24	1	AXL	down
2.59531435343584e-28	-1.01140073384902	0.65	0.862	4.31107667249227e-24	1	ND2	down
4.05156813630771e-28	-5.11787268770185	0.009	0.215	6.73005983122074e-24	1	ITGAD	down
6.08839636992245e-28	-4.88588519196248	0.014	0.229	1.01134352100782e-23	1	TNFRSF6B	down
7.00391665901579e-28	-3.10052999527217	0.034	0.258	1.16342059622911e-23	1	ARHGAP6	down
1.12507613390851e-27	-1.28102143941423	0.452	0.724	1.86886396603542e-23	1	ATP5MK	down
3.97864969106507e-27	-2.80314444857428	0.06	0.336	6.60893500182819e-23	1	FLNA	down
4.98378094570448e-27	-1.53931802288347	0.204	0.498	8.27855852890972e-23	1	NDUFS5	down
5.48435112995456e-27	-2.81683134506201	0.054	0.296	9.11005566196751e-23	1	ARHGAP20	down
5.66484095581666e-27	-3.40747414728854	0.033	0.259	9.40986731170705e-23	1	GRAP	down
7.39286247549089e-27	-2.98114328389292	0.143	0.413	1.22802838580379e-22	1	UCP2	down
1.41712347379397e-26	-4.29700786378506	0.014	0.226	2.35398380231916e-22	1	LOC138531671	down
3.6668207846864e-26	-3.465535649766	0.025	0.231	6.09095600544257e-22	1	FSHR	down
6.4133225709987e-26	-1.76392452073184	0.182	0.489	1.06531701226859e-21	1	CANX	down
6.67938152054015e-26	-2.34729692280948	0.092	0.314	1.10951206437692e-21	1	SLC4A11	down
7.47461742722742e-26	-4.3230490810255	0.013	0.215	1.24160870083675e-21	1	ACVRL1	down
1.06357968929146e-25	-1.21457229858924	0.342	0.623	1.76671222188204e-21	1	LOC138580477	down
1.07530699928737e-25	-1.58542573646517	0.386	0.686	1.78619245651625e-21	1	SNRPF	down
2.30210740793599e-25	-2.56855278622109	0.068	0.297	3.82403061532247e-21	1	MAFB	down
5.47728270023128e-25	-1.29648768722168	0.369	0.646	9.09831429335417e-21	1	COX5B	down
6.00029739510105e-25	-1.12886831584084	0.424	0.68	9.96709400300235e-21	1	PPIB	down
7.87308089436072e-25	-1.23107337977843	0.462	0.713	1.30779746736226e-20	1	COX7B	down
8.6517892901299e-25	-1.07391889223993	0.547	0.768	1.43714871898348e-20	1	RBMX	down
9.26721836584206e-25	-3.48859707922014	0.106	0.375	1.53937764275002e-20	1	KRT8	down
1.00266419521894e-24	-1.57646539724426	0.261	0.572	1.66552549467818e-20	1	UQCR10	down
1.11746151145747e-24	-2.27412962419636	0.088	0.323	1.856215316682e-20	1	ANPEP	down
1.40971599416009e-24	-2.32982732343706	0.22	0.428	2.34167923789932e-20	1	ACP5	down
2.08678284013578e-24	-3.28976612655445	0.052	0.296	3.46635497574955e-20	1	FSCN1	down
1.28341662190297e-23	-1.51992330072339	0.295	0.607	2.13188335064303e-19	1	ATP5F1D	down
2.32926442463957e-23	-2.25571976521459	0.115	0.389	3.86914113576879e-19	1	MGARP	down
8.08513988702809e-23	-1.87251187258552	0.16	0.411	1.34302258663424e-18	1	MGST3	down
8.45873905984514e-23	-3.17978368464713	0.105	0.349	1.40508114523088e-18	1	FABP2	down
8.79084582785141e-23	-2.29075328383734	0.191	0.435	1.4602474004644e-18	1	CKB	down
1.09780471983896e-22	-2.4686544032724	0.091	0.303	1.8235634201245e-18	1	SGK1	down
1.96526284092476e-22	-2.12294892510191	0.081	0.304	3.26449810506012e-18	1	LOC138526320	down
2.13275761354355e-22	-2.29747767211653	0.162	0.4	3.5427236718572e-18	1	DNASE2	down
2.1665250152707e-22	-1.55363251087285	0.37	0.648	3.59881470286616e-18	1	TUBA1C	down
3.42545351095578e-22	-1.33392470874259	0.355	0.647	5.69002082704865e-18	1	DAD1	down
4.24091268328313e-151	3.25396579097185	0.996	0.366	7.04458005820161e-147	1	TCN1	up
7.69258872586644e-147	4.21049287238275	0.946	0.16	1.27781591325367e-142	1	ARG1	up
2.33159678386766e-146	4.58707528708769	0.917	0.085	3.87301541768256e-142	1	RasGEF	up
3.66887292591447e-144	3.98144841806762	0.958	0.21	6.09436481723653e-140	1	BTN1A1	up
1.13263810264461e-143	3.42017612766672	0.971	0.321	1.88142515230297e-139	1	TKT	up
3.27781734321336e-140	2.64414582236111	0.987	0.569	5.44478238881171e-136	1	PLAUR	up
1.15329926172611e-139	4.01223620990742	0.91	0.079	1.91574540365324e-135	1	CHIT1	up
1.98442856381405e-138	3.43590527514538	0.955	0.251	3.29633428735151e-134	1	CATHL1	up
1.11543427215358e-126	3.71888623203507	0.869	0.118	1.8528478694743e-122	1	SLC44A5	up
5.82063353314248e-124	3.32646075798591	0.897	0.166	9.66865436190297e-120	1	IL1R1	up
4.95234796490615e-122	2.71556218517431	0.941	0.315	8.2263452045056e-118	1	THEM5	up
7.88915188981714e-122	3.06495274539293	0.942	0.27	1.31046702041753e-117	1	ITGAX	up
6.4659769751069e-121	2.96391254477693	0.892	0.241	1.07406343533501e-116	1	CAMP	up
8.77312341058813e-120	2.97585894884087	0.975	0.368	1.45730352973279e-115	1	MMP9	up
6.84858459523101e-112	2.61025259428346	0.939	0.39	1.13761838711382e-107	1	TNFAIP8	up
3.46787213549606e-111	3.02378467805351	0.87	0.198	5.76048240427251e-107	1	RIPOR2	up
5.33972626985984e-110	4.41725511825908	0.769	0.051	8.86981930686419e-106	1	SCG2	up
7.99425403550661e-109	3.19697322099974	0.861	0.174	1.327925537838e-104	1	MAG	up
3.95484088899458e-106	2.96971806497981	0.886	0.194	6.56938620070889e-102	1	LOC138580932	up
1.55788955213482e-105	2.42741436533971	0.908	0.257	2.58781033505115e-101	1	MMP18	up
2.00566487350127e-104	3.65393237232034	0.773	0.11	3.33160992137295e-100	1	FGL2	up
5.43984472924694e-104	2.77714838400126	0.88	0.308	9.03612607975209e-100	1	FBP1	up
1.21482445567338e-103	2.00924133295808	0.953	0.555	2.01794490331906e-99	1	GSTM4	up
1.93544143910424e-102	2.38136083804781	0.946	0.409	3.21496177449605e-98	1	LCP1	up
2.84568880831491e-101	2.55091405888184	0.888	0.285	4.72697367949189e-97	1	TNIP1	up
5.54858044442629e-100	3.25479582755149	0.814	0.181	9.21674697623652e-96	1	NADK	up
1.538358467815e-98	3.40818415888957	0.785	0.14	2.5553672508875e-94	1	ANO10	up
1.31434749184069e-97	2.76068339492363	0.864	0.255	2.18326261869657e-93	1	TLR5	up
7.7597797341771e-97	2.67656829616592	0.81	0.216	1.28897701164416e-92	1	CORO1A	up
2.02797906946552e-96	3.10847488365822	0.825	0.185	3.36867603228918e-92	1	TP53AIP1	up
1.61987312673819e-94	2.08984739600932	0.972	0.573	2.6907712508248e-90	1	ODC1	up
5.94464576635497e-94	3.65328827863335	0.697	0.083	9.87465108249224e-90	1	MSRB1	up
1.54637830969534e-93	2.2057830766403	0.947	0.418	2.56868901023492e-89	1	TNFRSF1B	up
2.03304687882126e-93	2.71708999456178	0.82	0.232	3.37709417041e-89	1	FAR2	up
1.17681339850844e-90	3.61394106431432	0.723	0.118	1.95480473626237e-86	1	IL1R2	up
2.70829537313769e-90	2.66556905352928	0.833	0.251	4.49874944431902e-86	1	NCF2	up
1.08140696069946e-89	3.00591682646317	0.711	0.134	1.79632510241787e-85	1	PFKFB4	up
4.17028716106165e-88	2.66931796404712	0.808	0.217	6.92726400323951e-84	1	CXCR2	up
3.06065104941116e-87	3.61502767896921	0.727	0.119	5.08404745817688e-83	1	OVCH1	up
2.32618284009878e-85	2.39675619374407	0.823	0.305	3.86402231568808e-81	1	GPI	up
1.34378422185416e-83	2.95019371968994	0.818	0.23	2.23215997092195e-79	1	DENND4A	up
1.03686934829615e-81	2.59179839440649	0.802	0.238	1.72234367445473e-77	1	TPRG1	up
6.62196854785056e-81	3.66924459433402	0.722	0.096	1.09997519548346e-76	1	SLC2A3	up
1.06057164359887e-79	3.29592901382507	0.714	0.111	1.76171555718208e-75	1	LTB4R	up
9.14845584160835e-79	2.28023187359905	0.863	0.358	1.51964999984956e-74	1	NCK1	up
6.3755523377245e-76	2.65386072144495	0.817	0.2	1.05904299881942e-71	1	SFTPD	up
2.32681112562315e-74	2.49533008355549	0.705	0.177	3.86506596077261e-70	1	HVCN1	up
2.96223961862579e-74	1.85414059115845	0.869	0.472	4.9205762304993e-70	1	LOC138503155	up
7.71571044310489e-74	2.28288783130125	0.798	0.264	1.28165666170415e-69	1	ALOX5AP	up
5.94168076438386e-73	2.99721156443474	0.667	0.126	9.86972591771802e-69	1	LMNB1	up
1.26989174486968e-72	1.45990033848152	0.946	0.726	2.10941717740303e-68	1	SRI	up
1.80791287081018e-72	2.70409387466211	0.77	0.208	3.00312406970278e-68	1	CEACAM5	up
6.5326350078645e-72	2.3261559698857	0.811	0.264	1.08513600115637e-67	1	C13H1orf162	up
1.18053595388704e-71	2.54067260573756	0.745	0.204	1.96098827300176e-67	1	MS4A15	up
3.55504174898076e-70	1.48944333910292	0.943	0.723	5.90527984923194e-66	1	ENO1	up
5.64581143199295e-70	2.66440530441805	0.708	0.157	9.3782573696835e-66	1	SPN	up
2.07015646439597e-69	3.24082960049043	0.582	0.086	3.43873690300814e-65	1	BCAS4	up
7.76376290680542e-69	2.63944741496011	0.68	0.149	1.28963865644945e-64	1	NCF1	up
1.24054280955523e-68	2.32503920696517	0.773	0.246	2.06066566095219e-64	1	JAK2	up
1.46187536455947e-68	2.43301491538053	0.809	0.28	2.42832116806973e-64	1	DGKZ	up
3.17697892911236e-68	1.87928370549757	0.845	0.436	5.27727969914855e-64	1	TALDO1	up
5.17759448275515e-67	2.60160782206966	0.678	0.166	8.60050219530458e-63	1	MXI1	up
6.21842859324862e-67	4.07111004563239	0.537	0.042	1.03294317362453e-62	1	MMP25	up
7.55616088303484e-67	3.8995039118857	0.525	0.045	1.25515388428092e-62	1	GFRA1	up
1.88121128235379e-66	1.72645781213129	0.888	0.424	3.12488006111788e-62	1	VSIR	up
2.84035033510467e-66	1.94076134438984	0.788	0.274	4.71810594164237e-62	1	FAM107B	up
8.64233576823607e-66	2.63812436914112	0.658	0.175	1.43557839446169e-61	1	ACOD1	up
1.36704017999334e-65	2.97502857139812	0.657	0.133	2.27079044298693e-61	1	STX11	up
1.50297817745262e-65	2.59187447963017	0.67	0.172	2.49659705056655e-61	1	USP2	up
4.59252030799133e-65	2.74509189297507	0.663	0.148	7.62863548360441e-61	1	ZNF831	up
7.81534725020088e-65	2.33570095683737	0.744	0.231	1.29820733173087e-60	1	SORL1	up
4.85461809656985e-64	1.88810908434163	0.805	0.368	8.06400612021217e-60	1	MVP	up
1.52661811329686e-63	3.22887669285466	0.562	0.091	2.53586534799741e-59	1	IL5RA	up
1.79197036827054e-63	2.4073398917503	0.709	0.193	2.9766419787342e-59	1	ARHGEF18	up
2.02342151457042e-63	3.44207961942002	0.569	0.065	3.36110547785292e-59	1	PPP1R3C	up
4.82641397877347e-63	2.06607348677813	0.803	0.301	8.01715626014061e-59	1	CCDC88B	up
7.68919228575526e-62	1.91755152718607	0.819	0.358	1.27725173058681e-57	1	DIAPH2	up
1.33478297435859e-61	1.31395379656367	0.965	0.649	2.21720799870705e-57	1	BASP1	up
2.54763527923675e-61	1.22872378421632	0.971	0.744	4.23187696234016e-57	1	CD9	up
2.99717617076754e-61	1.38604158500574	0.905	0.472	4.97860933726196e-57	1	TCHH	up
5.527398220121e-61	2.49225782023327	0.698	0.189	9.181561183443e-57	1	FMNL1	up
1.39191417077113e-60	2.14337305431353	0.789	0.308	2.31210862906792e-56	1	TREX2	up
1.66462386751139e-60	4.29316106457794	0.462	0.029	2.76510670632317e-56	1	CSF3R	up
5.66832667819462e-60	2.85257419845072	0.648	0.169	9.41565744514909e-56	1	LPAR6	up
9.77102247499039e-60	2.71433025985306	0.619	0.129	1.62306454332065e-55	1	LOC138521844	up
1.39282478984917e-59	2.57813851890661	0.692	0.167	2.31362125841846e-55	1	ANTXR2	up
6.41959866809261e-59	2.19298100661676	0.777	0.283	1.06635953475686e-54	1	PRKCD	up
1.08664914478578e-58	2.5988501510938	0.642	0.162	1.80503289440366e-54	1	CSF2RB	up
6.32796594181997e-58	2.23183393732185	0.665	0.21	1.05113842259572e-53	1	SSH2	up
1.22651138890333e-57	2.26280388182037	0.727	0.272	2.03735806810732e-53	1	ANGPTL4	up
1.95022146869189e-57	2.18617722143651	0.621	0.188	3.23951288164409e-53	1	PDE10A	up
2.95206131259569e-57	4.29005033693732	0.454	0.026	4.9036690463527e-53	1	SH3TC2	up
5.72557319022682e-57	1.33453442174586	0.946	0.513	9.51074962628578e-53	1	CD209	up
6.22831776340546e-57	1.72604256143572	0.8	0.326	1.03458586367928e-52	1	ARHGAP30	up
6.73247260225188e-57	1.5382360346374	0.902	0.462	1.11833102396006e-52	1	CYBA	up
7.29186130430813e-57	1.52222590830219	0.891	0.554	1.21125108125862e-52	1	ACTR2	up
1.11487820495067e-55	2.02438084396577	0.754	0.317	1.85192418624356e-51	1	PLIN3	up
2.60699533242817e-55	1.64725529925498	0.788	0.358	4.33047994669644e-51	1	CYBB	up
2.65769197297943e-55	1.72530533277223	0.892	0.46	4.41469213631613e-51	1	S6C6	up
2.91391318685766e-55	2.29082355274581	0.65	0.19	4.84030119468926e-51	1	SAMSN1	up
6.18117166621129e-34	-1.67863392443524	0.411	0.686	1.02675442547436e-29	2	GSTM1	down
6.64700550843095e-30	-4.38186235873603	0.039	0.28	1.10413408500546e-25	2	RasGEF	down
8.79754307476604e-25	-4.19062327755442	0.039	0.273	1.46135988014939e-20	2	CHIT1	down
1.04654921299256e-24	-3.14586097933386	0.178	0.429	1.73842289770194e-20	2	SPARC	down
1.22790165138989e-24	-3.85242820278269	0.078	0.308	2.03966743312375e-20	2	KRT18	down
3.3370482737259e-24	-2.66748719582482	0.15	0.405	5.54317088748609e-20	2	CAMP	down
3.6403054209936e-23	-3.15024118059987	0.119	0.366	6.04691133481246e-19	2	KRT8	down
7.93183593286978e-23	-1.98517799861296	0.149	0.377	1.317557266809e-18	2	TPM2	down
2.11484855397481e-21	-2.85306438864937	0.133	0.359	3.51297493300756e-17	2	FSTL1	down
7.19230118926363e-21	-1.65948148249085	0.439	0.166	1.19471315054858e-16	2	CTSS	down
4.49544232891339e-19	-2.45000346474932	0.092	0.308	7.46737925255803e-15	2	CSF1	down
6.78864725141863e-19	-2.02502164467175	0.463	0.663	1.12766219493315e-14	2	GSTM4	down
1.78329856439889e-18	-3.2378090915868	0.133	0.341	2.962237245323e-14	2	ARG1	down
8.38377283838188e-17	-2.78259346361318	0.124	0.338	1.39262850618361e-12	2	IL1R1	down
8.52532366698517e-16	-3.04087763110789	0.169	0.42	1.41614151432291e-11	2	MMP18	down
3.78368039708169e-15	-2.56469881537054	0.1	0.31	6.2850715075924e-11	2	PTGS2	down
8.81188911144751e-15	-1.19333574794119	0.448	0.648	1.46374290030255e-10	2	HMGN2	down
3.752763707772e-12	-1.75579290443699	0.224	0.437	6.23371579498008e-08	2	GPI	down
8.45322492089107e-111	2.78886848352322	0.989	0.686	1.40416519160922e-106	2	CTSL	up
1.22095472155661e-105	2.36770581716228	0.973	0.384	2.02812788797768e-101	2	LGMN	up
1.2523091115661e-103	2.17723408952253	0.984	0.592	2.08021066522245e-99	2	CTSB	up
2.3173397560611e-101	2.56416121316802	0.88	0.23	3.8493330687931e-97	2	SLC7A8	up
4.38844017343846e-100	1.95879050054446	0.985	0.608	7.28963797209862e-96	2	PSAP	up
2.75246784061063e-98	2.18035712368341	0.955	0.389	4.57212433003832e-94	2	CTSZ	up
2.2819513426278e-95	2.95575795126988	0.929	0.263	3.79054937523904e-91	2	APOE	up
6.37535198208496e-95	1.86120503881864	0.98	0.72	1.05900971774413e-90	2	NPC2	up
8.93668894305388e-95	2.02268795782799	0.96	0.502	1.48447340033068e-90	2	CTSC	up
1.18412375296602e-94	2.25975920824373	0.93	0.36	1.96694796605186e-90	2	SELENOP	up
9.18259221880875e-91	2.26644107254746	0.915	0.337	1.52532039346632e-86	2	PRSS16	up
7.77519288669611e-90	2.53348477536749	0.889	0.244	1.29153729040909e-85	2	C1QB	up
1.32514205239404e-88	2.56770697750197	0.862	0.195	2.20119346323174e-84	2	MARCO	up
2.0892888918233e-88	2.389881061424	0.962	0.43	3.47051777820768e-84	2	LGALS3BP	up
9.54915740029704e-84	2.07478728660205	0.923	0.437	1.58621053576334e-79	2	CMKLR1	up
2.85754082319937e-83	2.55913409787129	0.873	0.252	4.74666106141647e-79	2	DNASE2	up
6.77982755194742e-82	2.33927314483021	0.856	0.259	1.12619715465399e-77	2	SLC43A2	up
7.59341657772897e-82	2.29894605900953	0.866	0.244	1.26134242772656e-77	2	C1QC	up
2.09956316071273e-81	2.17991839701001	0.897	0.364	3.48758436625991e-77	2	ASAH1	up
2.29303811683983e-81	2.24099264030286	0.789	0.232	3.80896561588264e-77	2	EVL	up
2.31411784137033e-80	2.67886072467827	0.829	0.201	3.84398114630025e-76	2	PRCP	up
2.32547903013876e-74	2.72096493545673	0.759	0.186	3.86285321696349e-70	2	ABCC5	up
1.30758003797947e-73	2.18924742526316	0.892	0.387	2.1720212010877e-69	2	RNASET2	up
1.13745225968463e-71	1.6198970864046	0.981	0.566	1.88942194856214e-67	2	GRN	up
3.13893700128695e-70	1.89131603046786	0.861	0.265	5.21408825283775e-66	2	CSF1R	up
9.95807912196987e-69	1.77521736950152	0.835	0.299	1.65413652295041e-64	2	ACP5	up
3.20462829172958e-66	1.65911017993503	0.84	0.36	5.32320805539201e-62	2	EPB41L3	up
2.75636190006109e-65	2.62731433484482	0.72	0.175	4.57859275219148e-61	2	GPNMB	up
1.29781766953271e-63	1.9708003279846	0.81	0.273	2.15580493086078e-59	2	UCP2	up
3.76823965906841e-63	2.56346735491708	0.787	0.233	6.25942289767853e-59	2	LRP1	up
4.52442062866584e-63	1.57784771773966	0.934	0.504	7.51551510627682e-59	2	MPEG1	up
2.45829277520415e-61	2.58255359457212	0.722	0.181	4.08347012889161e-57	2	MITF	up
1.05509241525423e-60	1.35449735355239	0.952	0.504	1.7526140109788e-56	2	TARM1	up
1.40386597938518e-60	2.19974529629553	0.776	0.257	2.33196177835672e-56	2	CTSD	up
6.5105012594155e-60	2.49538026449425	0.7	0.187	1.08145936420151e-55	2	SLC4A11	up
8.0874689092288e-58	2.17578381589224	0.738	0.229	1.343409460512e-53	2	ABCA1	up
1.88678604476735e-56	1.78876276963299	0.82	0.371	3.13414029896304e-52	2	CD300LF	up
2.1325081953284e-56	2.07441712368761	0.735	0.247	3.54230936326001e-52	2	GLB1	up
2.28334144625504e-54	2.817595406106	0.58	0.114	3.79285847637425e-50	2	FSHR	up
3.86610509378673e-53	1.59438077188104	0.796	0.335	6.42198717128914e-49	2	BRI3	up
3.98009151881383e-53	2.08616271172352	0.77	0.284	6.61133002190165e-49	2	SLC23A2	up
4.24412474105207e-53	2.262997766425	0.66	0.176	7.04991560736159e-49	2	TMEM104	up
6.33998375841265e-53	1.59502832667267	0.844	0.398	1.05313470210992e-48	2	APP	up
1.04623071618488e-52	1.49672190342219	0.939	0.536	1.73789384265471e-48	2	BPI	up
2.88753927260706e-52	1.74942514939067	0.816	0.334	4.79649148572759e-48	2	CD68	up
5.0649750563252e-52	1.91354261251341	0.608	0.166	8.41343006606178e-48	2	ACY3	up
3.65224161305881e-51	2.11833271738443	0.727	0.227	6.066738543452e-47	2	CTSA	up
4.03099654528099e-51	1.37672472362996	0.855	0.429	6.69588836136625e-47	2	ATP6V1B2	up
8.66404283727558e-51	3.14762614425056	0.538	0.089	1.43918415569985e-46	2	TMEM86A	up
1.03608512071228e-50	1.30549911540632	0.807	0.337	1.72104099401516e-46	2	TTN	up
1.52567233206662e-50	1.64336486921515	0.75	0.311	2.53429431079587e-46	2	MFSD1	up
2.04231274773461e-50	1.91611817798561	0.6	0.195	3.39248570526196e-46	2	GNPDA1	up
1.90977005266474e-49	2.24582115882722	0.616	0.155	3.1723190344814e-45	2	CD5L	up
3.24924793793605e-49	1.47137632374082	0.817	0.403	5.39732574970558e-45	2	ATP6AP2	up
5.80379083695963e-49	1.4545492156693	0.813	0.405	9.64067695927365e-45	2	MARCKS	up
1.91110571384553e-48	1.58046459876298	0.759	0.346	3.1745377012688e-44	2	CD22	up
1.99112338539398e-48	1.92608896842026	0.686	0.243	3.30745505547793e-44	2	PLD3	up
7.23300918782134e-48	1.73778359449087	0.695	0.279	1.201475156189e-43	2	RABEP1	up
2.72118941447616e-47	1.6531907618573	0.713	0.293	4.52016773638635e-43	2	ATP6V1H	up
2.9084496910245e-47	1.11543606156068	0.797	0.321	4.8312257817608e-43	2	TGFBI	up
3.3194417197992e-47	1.91824707577356	0.744	0.272	5.51392464075845e-43	2	WDFY4	up
6.43723738175724e-47	1.94073738803983	0.597	0.185	1.0692895014837e-42	2	MAFB	up
2.85949715115817e-46	1.10274741614077	0.949	0.597	4.74991071778883e-42	2	ATP6V1A	up
4.34303830425278e-46	2.54729807534529	0.531	0.11	7.2142209271943e-42	2	MERTK	up
1.03393674919701e-45	2.27060741529978	0.612	0.169	1.71747233409116e-41	2	GDA	up
1.94405788045178e-45	1.55740996661496	0.688	0.297	3.22927454521846e-41	2	SLC3A2	up
3.84732941927824e-44	2.14326954299857	0.62	0.173	6.39079889836308e-40	2	F13A1	up
4.91449397284216e-44	2.06446955896857	0.549	0.163	8.16346593828811e-40	2	AQP3	up
9.19397714956094e-44	2.35132326455421	0.546	0.132	1.52721154431357e-39	2	SLC29A3	up
1.66765600020169e-43	2.71618266420297	0.454	0.084	2.77014338193503e-39	2	SNX22	up
3.16801571412239e-43	1.55639665824364	0.661	0.248	5.2623909027287e-39	2	HCST	up
3.6574888809462e-43	2.84110442996788	0.426	0.073	6.07545478013973e-39	2	ABHD12	up
1.03928200089126e-42	2.18783746066796	0.55	0.146	1.72635133168047e-38	2	ZFYVE26	up
1.11533503371678e-42	2.90884547573456	0.538	0.111	1.85268302450695e-38	2	FAXDC2	up
1.23461958947811e-42	1.28148943631916	0.87	0.395	2.05082660008209e-38	2	SPACA4	up
1.87276660499776e-42	1.70239409254685	0.747	0.317	3.11085260756177e-38	2	SLAMF8	up
2.76473866919256e-42	1.31213352321118	0.882	0.549	4.59250740339576e-38	2	GPX1	up
2.97806959187074e-42	2.36463792848642	0.524	0.134	4.94687139905649e-38	2	SCIN	up
1.44733489338699e-41	1.32920515959584	0.717	0.284	2.40416799140513e-37	2	CLEC	up
9.16814859271302e-41	1.29008257101547	0.756	0.355	1.52292116273556e-36	2	VAT1	up
4.48374544911752e-40	1.75071821587947	0.712	0.274	7.44794956552911e-36	2	CNDP2	up
4.6905719063855e-40	2.18111973218774	0.537	0.14	7.79150899369696e-36	2	IFI30	up
6.14060821009317e-40	2.15897470188177	0.527	0.152	1.02001642977858e-35	2	TNFSF12	up
3.68618075017702e-39	1.72838619906841	0.635	0.254	6.12311484411905e-35	2	TMEM65	up
6.67087871662072e-39	1.53528638733042	0.656	0.272	1.10809966361787e-34	2	RBM47	up
7.01954158551919e-39	2.58163412906227	0.504	0.124	1.16601605277059e-34	2	EOMES	up
1.43265563414042e-38	1.03532427756185	0.95	0.657	2.37978427387065e-34	2	ATP6V0C	up
3.37901190598184e-38	1.03273553576104	0.933	0.695	5.61287667702643e-34	2	LGALS1	up
4.24337695460074e-38	2.09814255766134	0.49	0.134	7.04867345928729e-34	2	STOML3	up
1.29229397439579e-37	2.10202640185188	0.601	0.219	2.14662952086885e-33	2	HMOX1	up
1.48263961224255e-37	2.15714830139246	0.487	0.126	2.4628126598961e-33	2	NPL	up
1.53743483141601e-37	1.89501483893696	0.575	0.186	2.55383299846513e-33	2	ARHGAP20	up
1.8826184944644e-37	2.19347441535173	0.652	0.202	3.12721758115482e-33	2	ATP2B1	up
3.3990623738196e-37	1.80648296358926	0.612	0.222	5.64618250915174e-33	2	TMEM106B	up
1.0897957499847e-36	2.0017646151935	0.546	0.14	1.81025972029959e-32	2	TREM2	up
1.20202804993717e-36	1.65810819131256	0.569	0.201	1.99668879375064e-32	2	MPP1	up
1.28173438045183e-36	1.89307496235359	0.525	0.158	2.12908897936854e-32	2	SLC7A7	up
1.66775562867586e-36	1.31829185429213	0.752	0.342	2.77030887479346e-32	2	AIF1	up
3.31134249247398e-36	2.50062745027974	0.376	0.077	5.50047101424854e-32	2	SLC16A10	up
3.69738169420082e-36	1.18148147981519	0.762	0.385	6.14172073223698e-32	2	TCIRG1	up
1.40810412485497e-97	-5.24777104834459	0.078	0.728	2.33900176179659e-93	3	PLAUR	down
1.04386942000772e-96	-3.6806923667013	0.274	0.838	1.73397149357482e-92	3	LOC138562538	down
2.51099364434282e-95	-5.51429666726194	0.172	0.787	4.17101154261786e-91	3	LYZ	down
2.15364540975259e-93	-5.56326889921874	0.036	0.673	3.57742039014003e-89	3	CD209	down
4.159561134735e-93	-5.49288717322564	0.029	0.674	6.90944700090832e-89	3	CD53	down
6.14216113393896e-91	-3.16728486307676	0.175	0.772	1.0202743859586e-86	3	B2M	down
8.28923679130742e-91	-5.67937962158984	0.027	0.658	1.37692512340408e-86	3	TARM1	down
5.7828165484765e-87	-3.89791202070943	0.13	0.707	9.60583656867431e-83	3	GRN	down
2.71302310906947e-86	-5.67994596390471	0.037	0.613	4.5066026864753e-82	3	S6C6	down
1.71795466728315e-83	-3.16497579197823	0.18	0.756	2.85369449782405e-79	3	SH3BGRL3	down
7.19232144688934e-80	-6.16454562544096	0.017	0.579	1.19471651554279e-75	3	LCP1	down
1.15316609076399e-79	-5.8403617699323	0.022	0.606	1.91552419336806e-75	3	FYB1	down
1.1716411760132e-79	-5.54817699735445	0.021	0.598	1.94621315747553e-75	3	DOCK2	down
5.91261525753772e-78	-7.28249678542265	0.006	0.574	9.82144520429591e-74	3	PTPRC	down
2.40894885336739e-77	-5.50325436142435	0.027	0.58	4.00150494032857e-73	3	LOC138503116	down
2.96246467581759e-77	-5.44817069785407	0.021	0.597	4.92095007300059e-73	3	SRGN	down
1.85090655990753e-74	-3.28298714021187	0.108	0.674	3.0745408866624e-70	3	BPI	down
8.31139200137192e-74	-4.50085298126307	0.055	0.613	1.38060532534789e-69	3	CYBA	down
4.19426211869868e-73	-4.16418907983911	0.055	0.601	6.96708880537037e-69	3	ARAP1	down
2.65094534004536e-71	-3.91771334303811	0.171	0.709	4.40348530434934e-67	3	LGALS9	down
2.44053328342998e-70	-3.96878300452502	0.237	0.717	4.05396983710555e-66	3	CTSB	down
1.25506851641562e-68	-5.17903826683635	0.029	0.579	2.08479431261798e-64	3	VSIR	down
8.83144645362017e-68	-3.75748076639939	0.135	0.642	1.46699157041085e-63	3	CTSC	down
1.13324051568854e-67	-5.94173826167406	0.014	0.524	1.88242582061023e-63	3	C5AR1	down
1.20130102621997e-66	-3.85192896895605	0.104	0.643	1.99548113465399e-62	3	MPEG1	down
2.91162186780565e-66	-4.72201730794658	0.047	0.546	4.83649508461197e-62	3	CTSZ	down
4.34257894459085e-66	-4.87379564741157	0.093	0.58	7.21345788485986e-62	3	LGALS3BP	down
1.24147384062925e-64	-5.94191097349362	0.017	0.508	2.06221219666925e-60	3	CD300LF	down
2.39938416077764e-64	-6.43860528370311	0.008	0.499	3.98561702946774e-60	3	CYBB	down
4.36056717197046e-64	-6.39756720880608	0.01	0.495	7.24333812936014e-60	3	NCKAP1L	down
7.05425248723788e-64	-3.44612136347958	0.074	0.567	1.17178188065508e-59	3	WFDC5	down
9.457274112132e-64	-4.57612946043791	0.041	0.557	1.57094780276625e-59	3	ASGR1	down
1.31167563792643e-62	-4.7215765822389	0.054	0.583	2.17882440215959e-58	3	TNFRSF1B	down
2.33095913675555e-62	-6.57601088981652	0.006	0.473	3.87195622206464e-58	3	ARHGAP30	down
9.7665353727468e-61	-5.54749808144341	0.013	0.472	1.62231919076697e-56	3	CD68	down
3.67571351543929e-59	-5.53576693088224	0.015	0.468	6.1057277204962e-55	3	AIF1	down
4.67184128169013e-59	-4.22017754865666	0.051	0.538	7.76039555301548e-55	3	RHOG	down
8.19186583908879e-59	-3.77225164217597	0.091	0.579	1.36075083453104e-54	3	CMKLR1	down
1.46060171605596e-58	-3.61556178558112	0.075	0.508	2.42620551054056e-54	3	ASAH1	down
3.96342044126549e-58	-3.95410265062428	0.064	0.58	6.58363769498611e-54	3	STOM	down
1.47877190352857e-57	-2.50773579217227	0.248	0.714	2.4563880089513e-53	3	ATP6V1A	down
1.86614852022973e-57	-5.81840021971867	0.07	0.542	3.0998593069536e-53	3	TCN1	down
3.29197481526184e-57	-3.9605099850763	0.045	0.489	5.46829936563144e-53	3	TSPAN36	down
5.23553269173102e-57	-2.38486014736398	0.238	0.698	8.6967433542344e-53	3	ARHGDIB	down
2.09018962175577e-56	-2.61686138588453	0.33	0.76	3.4720139806985e-52	3	ATP6V0C	down
4.0669283493744e-56	-3.80053692008265	0.338	0.794	6.75557468114582e-52	3	CTSL	down
4.15628652124752e-56	-4.33748995336932	0.039	0.502	6.90400754044425e-52	3	PLEKHA2	down
1.34553569367349e-55	-3.85825582035764	0.048	0.505	2.23506934076104e-51	3	TCIRG1	down
1.67203841478528e-55	-3.09425621284879	0.67	0.871	2.77742301079984e-51	3	CSTB	down
3.00238046832592e-55	-4.50787682211919	0.027	0.456	4.98725419593619e-51	3	SKAP2	down
1.388420795809e-54	-2.4247272470048	0.247	0.733	2.30630578391833e-50	3	ARPC5	down
1.47586734361085e-54	-3.53202116991156	0.056	0.516	2.45156324447198e-50	3	NRK	down
1.09033730537468e-53	-6.00054019973235	0.01	0.449	1.81115929795787e-49	3	CCDC88B	down
1.72645507335537e-53	-3.2966649520559	0.295	0.724	2.86781452235061e-49	3	PSAP	down
2.97673343534008e-53	-3.07223219848423	0.159	0.627	4.94465190944341e-49	3	PLIN2	down
4.8542461926505e-53	-4.56288593695315	0.044	0.438	8.06338835061175e-49	3	ACP5	down
6.32166939433777e-53	-2.96354219716733	0.139	0.608	1.05009250309345e-48	3	ATP6V0E1	down
1.10061210540775e-52	-4.36714162035187	0.03	0.47	1.82822676829281e-48	3	CD22	down
3.91080693244404e-52	-3.34040109736993	0.103	0.557	6.49624139548279e-48	3	ATP6V1B2	down
5.03007037733664e-52	-3.74705894330048	0.07	0.456	8.35544990379389e-48	3	LOC138487737	down
6.00952276627491e-52	-6.04539801817891	0.044	0.437	9.98241826705925e-48	3	PLBD1	down
7.79107911243063e-52	-5.2753146634528	0.024	0.448	1.29417615136585e-47	3	ITGAX	down
1.16311418441702e-51	-7.0741681512918	0.006	0.43	1.93204897173511e-47	3	RGS1	down
1.81263142362024e-51	-5.47645763110899	0.023	0.418	3.01096205777559e-47	3	TLR5	down
1.95450027579908e-51	-5.41005525036049	0.015	0.416	3.24662040812985e-47	3	C13H1orf162	down
2.2253892927885e-51	-2.57589064108886	0.187	0.643	3.69659415425098e-47	3	PGD	down
3.15762857447271e-51	-6.06476582345942	0.011	0.415	5.24513682505662e-47	3	CSF1R	down
3.53135535001016e-51	-2.2557792327315	0.427	0.812	5.86593437190188e-47	3	NPC2	down
1.08668931138628e-50	-5.42914870073596	0.043	0.422	1.80509961514375e-46	3	APOE	down
2.14922128118018e-50	-6.30429505467774	0.006	0.403	3.57007147016839e-46	3	MYO1F	down
2.34011865163761e-50	-3.69460749868647	0.101	0.525	3.88717109223524e-46	3	RNASET2	down
7.48759762040877e-50	-3.60013668554334	0.046	0.457	1.2437648407261e-45	3	TYROBP	down
8.48672542860943e-50	-2.37663010017483	0.142	0.555	1.40972996094631e-45	3	CLEC2B	down
1.1717562467029e-49	-2.34317799315708	0.262	0.704	1.94640430139818e-45	3	GNG5	down
1.68697232240142e-49	-2.73026281247685	0.199	0.663	2.802229724741e-45	3	GPX1	down
2.81170217240089e-49	-5.781701189296	0.011	0.372	4.67051847857512e-45	3	CORO1A	down
4.23938893121045e-49	-3.59253971025442	0.071	0.485	7.04204895363367e-45	3	PRSS16	down
4.99656404453121e-49	-6.1161073285021	0.015	0.4	8.2997925343708e-45	3	C1QB	down
5.60161221078909e-49	-2.34062998788556	0.223	0.66	9.30483804334176e-45	3	GMFG	down
6.03896452448317e-49	-2.08577234901298	0.27	0.698	1.0031323971619e-44	3	CAP1	down
1.08988222298344e-48	-7.00901216326477	0.007	0.397	1.81040336059779e-44	3	C1QC	down
3.68400064486227e-48	-3.95828073656544	0.044	0.489	6.11949347118071e-44	3	LYN	down
3.9755768119657e-48	-4.45861633901668	0.024	0.424	6.60383064235622e-44	3	ITM2C	down
9.56723850108603e-48	-2.75440511221327	0.102	0.537	1.5892139874154e-43	3	FXYD5	down
1.12519049158391e-47	-3.71821606089875	0.112	0.535	1.86905392557003e-43	3	LGMN	down
2.73104857891395e-47	-5.88731590780446	0.005	0.399	4.53654479443396e-43	3	INPP5D	down
3.46953978808711e-47	-4.59061908078498	0.023	0.404	5.7632525419915e-43	3	PLA2G4C	down
6.16627323840457e-47	-6.43283383893099	0.007	0.41	1.02427964763138e-42	3	NCF2	down
8.5971507146681e-47	-5.52726373051814	0.036	0.432	1.42807270521352e-42	3	CATHL1	down
1.56743322253071e-46	-1.67770944687302	0.344	0.751	2.60366332594576e-42	3	RHOC	down
1.86939975098684e-46	-4.10126374948665	0.034	0.422	3.10525992636425e-42	3	ST8SIA4	down
4.15151528728393e-46	-3.13129328074875	0.097	0.526	6.89608204370734e-42	3	ATP6AP2	down
4.32664033198697e-46	-2.73607791790469	0.121	0.568	7.18698225546356e-42	3	GNAI2	down
1.01042280448485e-45	-5.50603972617356	0.02	0.357	1.67841332052978e-41	3	SFTPD	down
1.09272333148293e-45	-4.32000210510609	0.033	0.443	1.81512272592629e-41	3	FGR	down
1.41970559792553e-45	-1.89311039529296	0.291	0.706	2.3582729687141e-41	3	ARPC2	down
1.53543244603775e-45	-5.95035348981722	0.01	0.414	2.55050683611331e-41	3	ALOX5AP	down
8.77604660306544e-45	-7.15743595098342	0.008	0.349	1.4577891012352e-40	3	ARG1	down
2.23669467545319e-44	-5.04853388375612	0.014	0.362	3.71537352539529e-40	3	ARRB1	down
2.65138709556749e-44	-2.23134701849359	0.234	0.67	4.40421910444716e-40	3	LSP1	down
1.10991691777827e-112	3.71274018702185	0.876	0.318	1.84368299212148e-108	3	SPARC	up
8.03769861025903e-96	4.09054464649933	0.79	0.214	1.33514211615013e-91	3	COL3A1	up
9.04938438076595e-91	4.34804551125303	0.712	0.127	1.50319323948903e-86	3	FBN2	up
2.47275885234295e-78	4.18130331954797	0.63	0.114	4.10749972962687e-74	3	MDK	up
1.04224545183373e-70	2.47736053361862	0.787	0.255	1.73127392004101e-66	3	FSTL1	up
9.50919013235193e-70	4.36064193040568	0.585	0.103	1.57957157288498e-65	3	FN1	up
4.06985032089384e-69	4.18442902380883	0.561	0.091	6.76042836803676e-65	3	POSTN	up
5.44412114455683e-67	3.61680203342905	0.625	0.102	9.04322963322334e-63	3	COL5A1	up
1.85085146865251e-64	4.24297530982151	0.573	0.092	3.07444937457869e-60	3	THBS2	up
2.17723392593613e-59	4.94963012557954	0.528	0.07	3.61660327437251e-55	3	TNC	up
5.37697177103182e-59	4.18036703735569	0.777	0.451	8.93168780886096e-55	3	COL1A2	up
3.37335886978484e-57	2.28512510873919	0.724	0.205	5.60348641859959e-53	3	KRT18	up
8.32921473952011e-56	3.32639983296558	0.521	0.084	1.38356586038169e-51	3	FKBP10	up
2.25076465081379e-55	4.32101153432887	0.455	0.038	3.73874516146679e-51	3	BHMT	up
3.9548667013915e-55	5.8736216835653	0.477	0.043	6.56942907768142e-51	3	COL11A1	up
2.09439834063651e-54	5.30496102158453	0.472	0.035	3.47900508363131e-50	3	CTHRC1	up
1.21075086812925e-52	5.87390185647703	0.409	0.01	2.01117826704949e-48	3	PRDM16	up
2.37780641684061e-50	4.09049766048396	0.457	0.033	3.94977423901394e-46	3	NFIX	up
4.78104334234191e-50	4.1004691646731	0.448	0.039	7.94179109596414e-46	3	MFAP2	up
6.11616836579279e-50	6.21783929700828	0.373	0.01	1.01595672724184e-45	3	CDH13	up
7.91569559788519e-48	5.36744256449234	0.378	0.014	1.31487619576471e-43	3	PTPRD	up
1.87047969858528e-47	1.67228230806467	0.753	0.263	3.10705382732e-43	3	KRT8	up
2.51522329211347e-47	3.47221176369624	0.457	0.06	4.17803741052968e-43	3	SERPINH1	up
2.89371875885065e-47	4.2279030093209	0.418	0.042	4.80675623032682e-43	3	COL6A1	up
2.11851287254389e-46	6.73822936816176	0.391	0.023	3.51906173258265e-42	3	COL2A1	up
3.02909746024482e-45	3.37621649532664	0.41	0.06	5.03163379121267e-41	3	THSD4	up
3.1754646224352e-45	2.39887083634208	0.549	0.213	5.2747642843271e-41	3	LOC138487902	up
6.00435284724994e-44	2.51000602602939	0.624	0.201	9.97383051456687e-40	3	COL5A2	up
9.20182782739371e-44	3.88917430384218	0.413	0.04	1.52851562040837e-39	3	BGN	up
2.5053866175251e-43	3.84186858906383	0.406	0.042	4.16169771037095e-39	3	PLAC9	up
5.0283896427617e-43	4.43294799817076	0.371	0.026	8.35265803559146e-39	3	COL6A2	up
7.28108311713235e-43	3.29894935097181	0.469	0.064	1.20946071658685e-38	3	RBMS3	up
1.25407980710109e-42	5.10767094566754	0.363	0.022	2.08315196757562e-38	3	SORCS2	up
3.42719583035307e-42	4.0445718396852	0.423	0.104	5.69291499379949e-38	3	LUM	up
6.5305688540315e-42	5.04698301896844	0.347	0.017	1.08479279234317e-37	3	PLCE1	up
9.2462691256678e-42	5.23984237799892	0.315	0.011	1.53589776446468e-37	3	ROBO1	up
2.67543831859591e-41	5.49437205536735	0.323	0.021	4.44417059101967e-37	3	MGP	up
6.73159970077273e-41	6.85988846430619	0.331	0.007	1.11818602629536e-36	3	COL11A2	up
7.10052071518466e-41	2.71705350706456	0.429	0.098	1.17946749599932e-36	3	SDC2	up
9.63988931410834e-41	4.06183219929952	0.667	0.369	1.60128201396654e-36	3	COL1A1	up
2.12989973092615e-40	3.50082274708431	0.438	0.065	3.53797644304143e-36	3	CHSY3	up
3.04898766724547e-40	5.46173263693622	0.344	0.012	5.06467341406145e-36	3	PDZRN3	up
7.43733366292407e-40	5.65365243876403	0.293	0.01	1.23541549474832e-35	3	GLIS3	up
3.84472530707356e-39	4.74276987073353	0.394	0.029	6.3864732075799e-35	3	ADAMTS6	up
3.41923143055095e-38	4.06193159786433	0.331	0.029	5.67968532928818e-34	3	AEBP1	up
4.20611341797113e-38	6.37522259217256	0.321	0.012	6.98677499859185e-34	3	COL27A1	up
4.29897113964976e-37	3.61680203342905	0.371	0.036	7.14102096007222e-33	3	RCN3	up
5.92998495216072e-37	2.65330318227267	0.513	0.124	9.85029800403417e-33	3	IGF1R	up
8.35347824439512e-37	1.84062221929647	0.541	0.139	1.38759627117647e-32	3	LTBP1	up
1.89299058707807e-36	1.84893287960715	0.63	0.261	3.14444666419538e-32	3	PFN2	up
3.9687153683723e-36	4.9406916446497	0.292	0.012	6.59243309840323e-32	3	CHD5	up
8.74914689457572e-36	3.94115279058327	0.377	0.033	1.45332079065797e-31	3	ENAH	up
1.37594226320535e-35	1.35802120974777	0.908	0.698	2.28557769341041e-31	3	HMGN1	up
1.06672672297688e-34	2.9382654173957	0.333	0.05	1.7719397595369e-30	3	NOTCH3	up
2.59929373298763e-34	3.85841820649408	0.328	0.027	4.31768681986576e-30	3	EMILIN1	up
2.67757633069239e-34	6.23197914719722	0.293	0.005	4.44772204291313e-30	3	TBX5	up
8.77845397902272e-34	2.15188086169345	0.52	0.153	1.45818899045546e-29	3	RRBP1	up
9.46585611467405e-34	2.44039813701544	0.5	0.117	1.57237335920851e-29	3	CDH1	up
2.16253024482249e-33	5.67063409679811	0.274	0.009	3.59217898967464e-29	3	PCOLCE	up
3.48531962656801e-33	5.22107800920705	0.29	0.012	5.78946443169211e-29	3	LSAMP	up
4.40809563977187e-33	3.65234615028672	0.283	0.02	7.32228766722506e-29	3	PDPN	up
7.54132620430823e-33	4.10279438408529	0.363	0.053	1.25268969579764e-28	3	CCN2	up
9.41884087428096e-33	4.01006891003668	0.393	0.068	1.56456365762681e-28	3	COL12A1	up
1.02108003332116e-32	1.62324800736467	0.686	0.376	1.69611604334978e-28	3	CALM2	up
1.55869068735832e-32	5.41984990543236	0.265	0.014	2.5891411007709e-28	3	OGN	up
2.6460820469244e-31	3.12753427650364	0.354	0.048	4.39540688814612e-27	3	CCDC80	up
3.5946370930071e-31	5.75105908615834	0.27	0.008	5.97105167519409e-27	3	TRABD2B	up
5.10521578629135e-31	5.72198427012111	0.27	0.008	8.48027394260856e-27	3	LOXL3	up
9.73690415891518e-31	4.11373224547156	0.241	0.015	1.6173971498374e-26	3	FAT1	up
1.53465826575153e-30	4.04278983226844	0.263	0.018	2.54922084523986e-26	3	FKBP7	up
2.11308247523886e-30	2.49235750495003	0.558	0.258	3.51004129961926e-26	3	TIMP1	up
2.73352985866918e-30	6.60336447188813	0.267	0.01	4.54066644823537e-26	3	COL9A1	up
2.96258000679676e-30	3.50510000286556	0.298	0.032	4.92114164929009e-26	3	CCDC88A	up
4.40996624991705e-30	3.88384253705641	0.283	0.022	7.32539493773721e-26	3	IL11RA	up
6.75769030508256e-30	3.75143317633964	0.35	0.034	1.12251993657726e-25	3	LOXL2	up
9.25881176674102e-30	2.35278511355191	0.4	0.086	1.53798122257335e-25	3	PARD3	up
1.05190879317747e-29	6.69272163582771	0.246	0.007	1.74732569634709e-25	3	COL9A2	up
1.14849622793658e-29	2.07977017200526	0.457	0.127	1.90776708422546e-25	3	TCF4	up
1.25127869195441e-29	2.72958291299306	0.33	0.035	2.07849903520547e-25	3	PDE3A	up
4.63815867135751e-29	3.37952098624023	0.324	0.04	7.70444536899196e-25	3	PIK3R3	up
9.24890771908009e-29	6.80495972037914	0.246	0.008	1.53633606121639e-24	3	COL9A3	up
1.51504328886462e-28	3.25833822151985	0.302	0.045	2.51663840713302e-24	3	PIEZO2	up
2.88531560051627e-28	5.7601919965694	0.241	0.009	4.79279774401758e-24	3	PRELP	up
3.99761191391322e-28	3.34232110094415	0.298	0.033	6.64043315020124e-24	3	KIRREL1	up
4.29406408697618e-28	2.31705072938637	0.378	0.076	7.13286985487614e-24	3	NID2	up
8.70031864345486e-28	6.33086095629159	0.253	0.007	1.44520992986429e-23	3	ACAN	up
1.12268536249425e-27	5.46884415204195	0.268	0.021	1.8648926556392e-23	3	THBS4	up
1.53110426095657e-27	4.50766558959586	0.226	0.015	2.54331728787496e-23	3	PCOLCE2	up
2.19732633138861e-27	3.02517580242689	0.293	0.044	3.64997876906961e-23	3	SH3PXD2A	up
2.66996208213626e-27	5.4101425383572	0.27	0.012	4.43507401463653e-23	3	CDH11	up
2.67550798294334e-27	5.84387094197498	0.234	0.007	4.44428631046718e-23	3	PRRX1	up
5.06877101828644e-27	2.85159309895565	0.28	0.042	8.4197355384756e-23	3	TSPAN6	up
5.19823355024114e-27	3.42642000699523	0.244	0.031	8.63478575030555e-23	3	COL18A1	up
6.00447509753e-27	3.9735098737811	0.27	0.022	9.97403358450708e-23	3	PKD1	up
7.95131064999856e-27	5.23106726104026	0.23	0.009	1.32079221207126e-22	3	PRR16	up
9.87814284945353e-27	2.47069565150486	0.31	0.063	1.64085830872273e-22	3	CCSER1	up
1.03770211174409e-26	2.32526613491843	0.389	0.108	1.7237269778181e-22	3	TCF7L2	up
1.37065696428116e-26	3.98070362655931	0.309	0.028	2.27679828336744e-22	3	DENND2B	up
1.44487481187017e-26	2.04423507948044	0.418	0.14	2.40008154999755e-22	3	P4HA1	up
1.74028184526998e-26	5.53800046572146	0.223	0.006	2.89078217317796e-22	3	LAMA2	up
3.4516545092918e-29	-3.10955606088745	0.178	0.415	5.7335433053846e-25	4	SPARC	down
7.91488932997329e-29	-2.86813791668988	0.142	0.349	1.31474226660186e-24	4	KRT8	down
6.47707526989467e-26	-1.28107907988147	0.478	0.716	1.0759069730822e-21	4	NCL	down
8.00741316999382e-26	-3.76291902026534	0.065	0.334	1.33011140166767e-21	4	IL1R1	down
1.3174495658671e-23	-4.67477282183156	0.026	0.262	2.18841547386184e-19	4	CHIT1	down
4.2894629581283e-23	-3.14765471271818	0.135	0.41	7.12522691974692e-19	4	MMP18	down
4.7752303891645e-21	-3.89501062257641	0.074	0.296	7.93213519944115e-17	4	KRT18	down
2.08738213490552e-20	-3.28253924303639	0.069	0.283	3.46735046429156e-16	4	SLC44A5	down
3.6969765336517e-20	-2.21655683855603	0.176	0.405	6.14104772004884e-16	4	DGKZ	down
8.40753694393108e-20	-3.24481110329925	0.419	0.635	1.39657596175639e-15	4	S100A4	down
2.03634637357965e-19	-3.12407595881995	0.059	0.261	3.38257496115316e-15	4	UPP1	down
2.88928032626508e-19	-2.84731947079365	0.081	0.3	4.79938354995892e-15	4	PTGS2	down
1.77839836294769e-18	-4.23628095472448	0.047	0.266	2.9540975206924e-14	4	RasGEF	down
2.81295930351049e-17	-2.21302213013279	0.15	0.37	4.67260669906128e-13	4	JAK2	down
7.48319644795028e-17	-3.24075472879384	0.307	0.516	1.24303376196902e-12	4	COL1A2	down
1.73477118912415e-15	-2.59229190777172	0.186	0.388	2.88162842225413e-11	4	S100A13	down
2.30675750533934e-15	-1.53152328902581	0.233	0.468	3.83175489211918e-11	4	JUNB	down
2.72273100066545e-15	-1.93704169666279	0.154	0.367	4.52272846520538e-11	4	FOSL2	down
1.5646434734763e-13	-1.63511375720379	0.259	0.468	2.59902927379148e-09	4	DIAPH2	down
1.16573791637457e-12	-1.41790677760324	0.415	0.185	1.93640725288979e-08	4	CTSS	down
1.39028352366149e-12	-1.85795759794528	0.218	0.446	2.3093999611541e-08	4	SLC2A1	down
4.46883149868011e-116	2.07160081480644	0.999	0.7	7.42317600245753e-112	4	LGALS1	up
1.06677343482928e-102	1.95222483071089	0.965	0.388	1.77201735259492e-98	4	SELENOP	up
2.02294442051269e-91	1.53497430726703	0.997	0.612	3.36031297691363e-87	4	CTSB	up
1.46886115002376e-89	1.53472811447711	0.997	0.672	2.43992525630447e-85	4	LYZ	up
1.34581434511724e-87	2.12850297076169	0.911	0.318	2.23553220867425e-83	4	PLBD1	up
6.05823926604676e-87	2.00182184581712	0.9	0.291	1.00633412448303e-82	4	UCP2	up
1.00173392088527e-79	1.66546277346323	0.899	0.386	1.66398021598252e-75	4	CD300LF	up
1.46159632247224e-76	2.12732048589374	0.878	0.287	2.42785765125864e-72	4	CLEC	up
2.55553997551177e-76	1.62696871510491	0.932	0.3	4.24500745332261e-72	4	APOE	up
3.06347520114093e-75	1.21665063877709	0.996	0.628	5.0887386566152e-71	4	PSAP	up
6.77116015923543e-75	1.1297843986453	0.996	0.733	1.1247574140506e-70	4	NPC2	up
5.94056778001083e-72	1.30250029949595	0.968	0.527	9.86787713937599e-68	4	CTSC	up
2.37995630959595e-68	1.42234251531369	0.95	0.422	3.95334542586982e-64	4	CTSZ	up
5.17365704746744e-68	1.51736050693152	0.973	0.597	8.59396172154816e-64	4	LGALS9	up
9.27021794345133e-67	1.07233687053763	0.995	0.703	1.5398759025867e-62	4	CTSL	up
1.16351904479175e-65	1.44140565489329	0.86	0.326	1.93272148530358e-61	4	ACP5	up
2.24061388247948e-63	1.2830953789358	0.977	0.648	3.72188372018667e-59	4	ANXA2	up
3.98729426231887e-63	1.35432594014254	0.833	0.284	6.62329449913787e-59	4	C1QC	up
1.284491705511e-62	1.15142940878572	0.962	0.419	2.13366917202432e-58	4	LGMN	up
3.86207088280844e-62	1.70859822367993	0.788	0.243	6.4152859434331e-58	4	MARCO	up
1.24533738618798e-61	1.81062128606605	0.793	0.288	2.06862993219686e-57	4	CNDP2	up
6.08986286003986e-61	2.2301958307575	0.725	0.248	1.01158711968122e-56	4	FABP2	up
8.3187813446637e-58	1.37624031041028	0.8	0.278	1.38183276916209e-53	4	SLC7A8	up
1.405008929067e-57	1.21374584423637	0.947	0.609	2.33386033207319e-53	4	GNG5	up
5.26894866959607e-57	2.32143272373407	0.649	0.15	8.75225063506603e-53	4	TREM2	up
5.57030219757673e-57	1.24807876503926	0.939	0.56	9.25282898039471e-53	4	GPX1	up
4.40777196588479e-56	1.53365473159494	0.844	0.355	7.32175001253123e-52	4	BRI3	up
7.98391452503723e-56	1.1074416685633	0.827	0.289	1.32620804175393e-51	4	C1QB	up
6.05004253015499e-53	1.6976500477649	0.698	0.209	1.00497256468404e-48	4	GPNMB	up
3.28820714038657e-52	1.26410455661465	0.858	0.459	5.46204088089613e-48	4	WFDC5	up
1.70283419542344e-50	1.12914268333275	0.91	0.565	2.82857788201787e-46	4	GMFG	up
5.17938140002437e-49	1.31819831797772	0.787	0.302	8.60347044358048e-45	4	SLC43A2	up
6.26223042503198e-48	2.28180062004082	0.465	0.101	1.04021909590206e-43	4	PEPE	up
8.47030171639869e-48	1.03186622100457	0.836	0.403	1.40700181811099e-43	4	ASAH1	up
9.27607517764802e-46	1.35865307913613	0.811	0.358	1.54084884775911e-41	4	AIF1	up
4.70941072994095e-45	1.18744827495597	0.905	0.418	7.82280216350491e-41	4	SPACA4	up
6.40951275252561e-45	1.76550239574425	0.646	0.212	1.06468416332203e-40	4	MPP1	up
5.74395073972252e-44	1.25110145004959	0.768	0.301	9.54127657375308e-40	4	DNASE2	up
1.1660773647583e-42	1.2267126140462	0.833	0.367	1.93697111060001e-38	4	VAT1	up
1.31200699399131e-42	1.0316847951614	0.782	0.395	2.17937481771897e-38	4	EPB41L3	up
1.36901982921671e-42	1.07840264970038	0.816	0.428	2.27407883831188e-38	4	MARCKS	up
3.80190805696631e-42	1.07417208835805	0.877	0.506	6.31534947342674e-38	4	ATP6V0E1	up
1.53058505356582e-40	1.00779366502838	0.853	0.453	2.54245483247818e-36	4	ATP6V1B2	up
1.19941000234231e-39	1.28244197132258	0.704	0.276	1.99233995489081e-35	4	LRP1	up
4.98955259888757e-39	1.10440810628461	0.659	0.259	8.28814582201215e-35	4	PRCP	up
1.43790514954058e-38	2.38531317067547	0.619	0.239	2.38850424390185e-34	4	HMOX1	up
7.69739552350834e-38	1.14018148609703	0.781	0.366	1.27861437040997e-33	4	CD68	up
1.51669625615257e-37	1.10212117393827	0.797	0.45	2.51938415109503e-33	4	C2PH19orf33	up
2.9658904073031e-37	1.16109617531417	0.693	0.298	4.92664055557118e-33	4	CTSD	up
2.02422018634494e-36	1.45784874692331	0.7	0.29	3.36243215153758e-32	4	MGARP	up
2.06269294445136e-35	1.25774184569135	0.547	0.199	3.42633925002816e-31	4	ACY3	up
8.06282506074097e-34	1.07796815000186	0.659	0.323	1.33931587083968e-29	4	SLC3A2	up
1.52216491683156e-33	1.72658539738308	0.506	0.146	2.5284681433489e-29	4	EOMES	up
1.42146940533143e-31	1.01455644192821	0.642	0.284	2.36120282919604e-27	4	EVL	up
3.06473384205954e-31	1.21189782338855	0.811	0.503	5.0908293850451e-27	4	GLRX	up
1.67335127426542e-30	1.15196996475622	0.635	0.275	2.77960380168228e-26	4	HCST	up
6.10754722547491e-30	1.49642114384227	0.58	0.22	1.01452466962364e-25	4	GNPDA1	up
2.76531839344213e-29	1.20534751567857	0.622	0.27	4.59347038334672e-25	4	CTSA	up
6.96364043717203e-29	2.76303698508254	0.398	0.092	1.15673031301865e-24	4	LOC138528541	up
1.2355502768584e-28	1.01504252913858	0.521	0.211	2.05237256488949e-24	4	F13A1	up
3.67125457229188e-28	1.15825146683341	0.55	0.253	6.09832097003405e-24	4	TMEM106B	up
7.1955708908011e-28	1.62659133607578	0.411	0.127	1.19525628067097e-23	4	HSD17B14	up
9.92919621675044e-28	1.28724195099071	0.556	0.234	1.64933878356442e-23	4	LOC138583015	up
1.32838083288614e-27	1.33006969127661	0.554	0.218	2.20657340150717e-23	4	ATP6V0D2	up
1.20604881581852e-26	1.18423170331669	0.443	0.175	2.00336768795614e-22	4	IFI30	up
2.25310258645401e-26	1.03213656897456	0.623	0.274	3.74262870635876e-22	4	ABCA1	up
7.2033705923453e-26	1.3717107888739	0.473	0.172	1.19655188909448e-21	4	EFHD1	up
7.37025215716216e-26	1.21849166561529	0.4	0.133	1.22427258582621e-21	4	TMEM86A	up
7.61668665852787e-26	3.61444168692268	0.296	0.037	1.26520782084806e-21	4	FABP1	up
1.3158275155163e-25	1.41299193559315	0.479	0.172	2.18572108602413e-21	4	SLC11A1	up
4.52589763104025e-24	1.17887418054205	0.527	0.218	7.51796855492096e-20	4	MAFB	up
4.30560245154979e-23	1.18765378360237	0.484	0.194	7.15203623226936e-19	4	AQP3	up
9.59926754389066e-23	1.23250779721013	0.429	0.176	1.59453433171568e-18	4	RNPEP	up
3.33471634481248e-22	1.26326031552219	0.564	0.235	5.53929732036801e-18	4	GNS	up
7.86054093694913e-22	1.22776566360459	0.576	0.274	1.30571445503662e-17	4	AKR1A1	up
1.89211104185474e-21	1.0340557640176	0.512	0.247	3.14298565162491e-17	4	TASL	up
4.53161488255782e-21	1.45861288822081	0.497	0.211	7.5274654814168e-17	4	ALDH5A1	up
2.15325994237957e-20	1.04849143670393	0.475	0.227	3.57678009028671e-16	4	UAP1L1	up
2.5228709409577e-20	1.40691767744658	0.351	0.133	4.19074092002483e-16	4	BBLN	up
2.66584215938627e-20	1.16043626539465	0.404	0.158	4.42823041095654e-16	4	LOC138531671	up
3.61870540587408e-20	1.11310695932431	0.44	0.16	6.01103154969743e-16	4	FSHR	up
6.88883889026245e-20	1.08239869656417	0.43	0.188	1.14430502806149e-15	4	TPP1	up
2.89276704007122e-19	2.46777080347793	0.524	0.304	4.8051753302623e-15	4	GSTP1	up
1.05520335322953e-18	1.16087064491612	0.451	0.189	1.75279829004956e-14	4	SLC7A7	up
1.78604924412786e-18	1.089074681657	0.556	0.264	2.96680639942078e-14	4	NEU1	up
2.33067164430052e-18	1.87835716921928	0.331	0.099	3.87147866834759e-14	4	SLC48A1	up
4.24109423392819e-17	1.07025131231875	0.505	0.224	7.04488163197812e-13	4	TMEM104	up
1.49500260694917e-16	1.01989761771836	0.598	0.333	2.48334883040326e-12	4	LOC138480899	up
1.69425087344689e-16	1.12228119201256	0.421	0.196	2.81432012588262e-12	4	LAMTOR2	up
4.8795403114493e-16	1.17227546745972	0.41	0.165	8.10540441134843e-12	4	STOML3	up
9.29893388316249e-16	1.1294677943281	0.374	0.162	1.54464590733212e-11	4	NPL	up
1.18826305127844e-15	1.06693420754296	0.38	0.154	1.97382375447861e-11	4	MERTK	up
1.45576869916232e-14	1.04691431617153	0.419	0.207	2.41817738617854e-10	4	CMC2	up
1.90347294855769e-14	1.22612314051306	0.359	0.148	3.16185891484918e-10	4	NAGA	up
2.76045445493406e-14	1.08836523800677	0.364	0.157	4.58539089509097e-10	4	TLR13	up
9.36339616629392e-14	1.2968791346352	0.366	0.144	1.55535373718308e-09	4	GLA	up
8.00367489570403e-13	1.00840306279826	0.433	0.215	1.3294904369254e-08	4	MAPK11	up
8.77110382238733e-13	1.1643447967517	0.497	0.245	1.45696805593676e-08	4	LAMTOR5	up
1.46410066342625e-11	1.13647363748483	0.369	0.153	2.43201761201734e-07	4	LECT2	up
3.38194283213149e-11	1.32310099652477	0.343	0.137	5.61774523845362e-07	4	MOSPD2	up
1.68425377662796e-26	-3.64714539420397	0.043	0.254	2.7977139483567e-22	5	CHIT1	down
3.34155639884577e-19	-2.97219374910005	0.122	0.346	5.55065933412271e-15	5	KRT8	down
1.10859816777113e-18	-3.83249368025439	0.073	0.291	1.84149241648462e-14	5	KRT18	down
3.51446663035952e-81	1.80428495273408	0.97	0.682	5.8378805196902e-77	5	LYZ	up
2.4039499674905e-60	1.62900868465439	0.878	0.31	3.99320129099847e-56	5	CSF1R	up
2.13239559660864e-50	2.05964420248268	0.624	0.182	3.54212232552661e-46	5	CFP	up
7.19911938166995e-49	1.2375466404637	0.842	0.339	1.1958457204892e-44	5	PLBD1	up
7.82637045124617e-43	2.27130234423679	0.529	0.118	1.3000383956565e-38	5	CCR5	up
1.49458087752205e-42	1.16039234395105	0.754	0.314	2.48264829565188e-38	5	CLEC	up
1.1775967287727e-39	1.05678113667985	0.981	0.745	1.95610592616433e-35	5	LOC138562538	up
1.83505890882231e-35	1.09882878132441	0.731	0.311	3.04821635344473e-31	5	C1QB	up
9.60958001818034e-35	1.83383525120553	0.562	0.197	1.59624733681994e-30	5	CD5L	up
4.34197101372991e-33	2.76728666327507	0.517	0.142	7.21244805090675e-29	5	LECT2	up
2.06284395912487e-32	1.11577392919999	0.73	0.307	3.42659010050232e-28	5	C1QC	up
7.14554092526344e-31	1.37289263135631	0.551	0.215	1.18694580309551e-26	5	F13A1	up
1.471534211477e-30	1.63047747836838	0.554	0.203	2.44436547868445e-26	5	GPR17	up
7.14926745110498e-30	1.44525118837642	0.523	0.184	1.18756481630305e-25	5	GRAP	up
4.779907869147e-28	1.11180165417524	0.761	0.374	7.93990496144009e-24	5	AIF1	up
6.31544488452855e-27	1.49022385526971	0.523	0.207	1.04905854976904e-22	5	IL6R	up
2.83777204213134e-26	1.57895209504394	0.478	0.155	4.71382313918437e-22	5	LOC138531671	up
1.3399912054148e-24	1.86899552879572	0.573	0.239	2.22585939131452e-20	5	LOC138583015	up
1.71989846123682e-22	1.21734463566279	0.584	0.246	2.85692333396049e-18	5	ANPEP	up
1.06051146057437e-21	1.14817526219453	0.621	0.285	1.76161558716009e-17	5	HCST	up
3.41664831587981e-21	1.58695044113362	0.343	0.112	5.67539451750795e-17	5	ITGB7	up
7.31570606738308e-21	1.57281547483188	0.314	0.106	1.215211934853e-16	5	LY86	up
7.8249783528322e-21	1.05343595541345	0.607	0.279	1.29980715418896e-16	5	SPRED1	up
1.07442905721909e-19	1.56333065993346	0.396	0.137	1.78473410694662e-15	5	SLCO4A1	up
7.00471857974627e-19	1.95537318038042	0.378	0.112	1.16355380328165e-14	5	CST7	up
1.31292797111015e-18	1.11218977103384	0.407	0.184	2.18090465281107e-14	5	RNPEP	up
1.7332477714168e-18	1.02073368073415	0.48	0.23	2.87909787310045e-14	5	MAFB	up
1.76695311888368e-18	1.06547918571288	0.437	0.206	2.93508582577767e-14	5	AQP3	up
4.22261235437511e-18	1.53002000696696	0.422	0.147	7.0141813818525e-14	5	SH2B2	up
6.55327322185095e-17	1.73209894431032	0.474	0.215	1.08856421488166e-12	5	ACY3	up
8.01679469217318e-16	1.61590695905801	0.323	0.104	1.33166976631689e-11	5	TLR2	up
1.4047947852521e-15	1.70748565238718	0.309	0.097	2.33350461778227e-11	5	CCR4	up
3.04254119463545e-15	1.26672355861275	0.442	0.207	5.05396517840894e-11	5	CARD9	up
3.69852673144427e-15	1.19808881892149	0.384	0.168	6.14362275360208e-11	5	CHIA	up
1.02463675389426e-13	1.06780520019973	0.507	0.254	1.70202411189376e-09	5	TASL	up
4.03842460334343e-13	1.3155343907014	0.355	0.15	6.70822710861376e-09	5	SNAP29	up
1.67411562244633e-12	1.86214141129461	0.374	0.146	2.7808734604456e-08	5	TDH	up
1.27493158969974e-10	1.36196375347805	0.325	0.124	2.11778886365023e-06	5	TLR8	up
1.24240826040391e-09	1.10997347419803	0.415	0.212	2.06376436135694e-05	5	CD74	up
1.72842090399424e-118	-4.42386980886762	0.174	0.813	2.87107996362483e-114	6	LOC138562538	down
3.95233596458819e-103	-5.35405671778526	0.072	0.691	6.56522527077744e-99	6	PLAUR	down
2.27333070143588e-96	-8.06259294302676	0.006	0.573	3.77622962815514e-92	6	FYB1	down
6.15672649964641e-96	-5.12050234857542	0.199	0.749	1.02269383885626e-91	6	LYZ	down
1.31257507800538e-95	-5.27320077161371	0.045	0.635	2.18031846207474e-91	6	CD209	down
1.37679319106484e-94	-5.12484175626988	0.04	0.62	2.2869911696778e-90	6	TARM1	down
1.68272465468636e-89	-6.67891665022655	0.012	0.566	2.79517392389952e-85	6	DOCK2	down
1.04060600247004e-87	-6.3711622139522	0.022	0.58	1.72855063070298e-83	6	S6C6	down
1.68866519935632e-85	-5.02072490613026	0.039	0.582	2.80504176265079e-81	6	CYBA	down
1.14146924380754e-83	-6.20363127649445	0.017	0.557	1.8960945608887e-79	6	CMKLR1	down
6.63705515211708e-83	-4.13008459925791	0.148	0.679	1.10248123131817e-78	6	LGALS9	down
3.91114640244772e-82	-6.91699819299195	0.009	0.541	6.4968052891059e-78	6	PTPRC	down
1.28406226905647e-78	-5.15681213867148	0.031	0.542	2.1329558351297e-74	6	WFDC5	down
3.49659093180363e-77	-4.66172008161559	0.028	0.563	5.80818719681901e-73	6	SRGN	down
4.2806878231014e-77	-4.52758729132923	0.075	0.614	7.11065054295374e-73	6	MPEG1	down
5.56953375219297e-77	-5.71249153501758	0.023	0.546	9.25155251576774e-73	6	LCP1	down
1.57301105998195e-76	-5.70767621113096	0.024	0.528	2.61292867173601e-72	6	TNFAIP8	down
1.14735492005153e-74	-6.94326074112586	0.007	0.467	1.9058712576976e-70	6	NCKAP1L	down
1.44698141356665e-73	-5.29821741491535	0.028	0.548	2.40358082607556e-69	6	LOC138503116	down
5.38025389774114e-71	-3.17379272388368	0.137	0.628	8.9371397495378e-67	6	CD53	down
3.68894799978778e-70	-3.37392145542038	0.137	0.64	6.12771152244748e-66	6	BPI	down
3.38196249716756e-69	-6.47942132680691	0.008	0.447	5.61777790404503e-65	6	CD22	down
7.68171237331036e-69	-5.88372163149554	0.013	0.47	1.27600924233058e-64	6	CYBB	down
3.31424977793994e-68	-5.8921854002948	0.016	0.484	5.50530030613604e-64	6	APBB1IP	down
3.76322952931604e-68	-3.34888176167495	0.104	0.565	6.25110057114687e-64	6	ARAP1	down
7.11040807633131e-68	-3.76032912710903	0.367	0.765	1.18110988555939e-63	6	CTSL	down
2.37807998122256e-66	-7.35914505057015	0.003	0.446	3.9502286568088e-62	6	ARHGAP30	down
4.69241626750202e-66	-4.74280517269899	0.032	0.514	7.79457266194761e-62	6	GAS7	down
4.16086693327166e-65	-2.43017049171222	0.317	0.738	6.91161606285755e-61	6	BASP1	down
4.6421700890929e-65	-4.40547560724108	0.055	0.516	7.71110873499221e-61	6	CTSZ	down
7.76126837007012e-65	-6.15402601620455	0.012	0.494	1.28922428895235e-60	6	C5AR1	down
2.33562077677337e-64	-2.83725680828563	0.164	0.618	3.87969967229824e-60	6	PGD	down
2.9489159334193e-64	-5.57258235835368	0.017	0.48	4.89844425700279e-60	6	CD300LF	down
3.4282180680886e-64	-5.81104508726244	0.012	0.445	5.69461303290197e-60	6	CD68	down
5.13184548002574e-64	-3.90624862149227	0.076	0.525	8.52450852687076e-60	6	ASGR1	down
7.59720700604643e-64	-3.49670654314134	0.092	0.543	1.26197205577437e-59	6	VSIR	down
6.45365463794193e-63	-6.0082352861914	0.011	0.417	1.07201657190853e-58	6	RGS10	down
5.66696500320046e-62	-4.56467599983809	0.112	0.55	9.41339556681628e-58	6	LGALS3BP	down
8.13613961764772e-62	-3.43503288085258	0.157	0.611	1.35149415188746e-57	6	CTSC	down
6.54181284514291e-61	-2.8311370740975	0.243	0.665	1.08666053170669e-56	6	GRN	down
3.2334323378892e-60	-7.56617942452314	0.003	0.424	5.37105445646775e-56	6	CCDC88B	down
5.91243230207785e-60	-6.89423164465173	0.01	0.424	9.82114129698151e-56	6	ITGAX	down
1.22508899495931e-59	-4.44615082383756	0.04	0.475	2.0349953295269e-55	6	PLEKHA2	down
3.74578407728428e-59	-3.86222473944477	0.057	0.463	6.22212193077692e-55	6	TSPAN36	down
5.45471444240189e-59	-5.61959491850285	0.075	0.515	9.06082616027378e-55	6	TCN1	down
7.71333974396433e-58	-2.33138959944591	0.285	0.684	1.28126286486991e-53	6	ATP6V1A	down
2.70297529338322e-57	-5.25092935070919	0.016	0.441	4.48991225983886e-53	6	AIF1	down
7.29719327365774e-57	-7.31608449109571	0.004	0.406	1.21213677468729e-52	6	RGS1	down
7.9241029471032e-56	-3.59486677275144	0.067	0.477	1.31627274054331e-51	6	TCIRG1	down
3.07987348817312e-55	-4.91464214254778	0.018	0.388	5.11597785120437e-51	6	MBP	down
4.75734965699146e-55	-5.67384449160619	0.01	0.393	7.90243351522851e-51	6	C13H1orf162	down
6.20187413816618e-55	-6.49564424463335	0.006	0.376	1.03019331309078e-50	6	INPP5D	down
6.51184027789936e-55	-2.82800335244869	0.138	0.545	1.08168178856186e-50	6	STOM	down
9.60858968755515e-55	-3.47379477341602	0.134	0.509	1.59608283299979e-50	6	LGMN	down
2.14838364140225e-54	-7.20177470379873	0.002	0.378	3.56868006673328e-50	6	WDFY4	down
1.91670609017801e-53	-5.97888152055482	0.009	0.39	3.18384048639469e-49	6	ADAM	down
4.91589064280298e-53	-3.65628547263006	0.045	0.406	8.16578594676003e-49	6	EFHD2	down
6.40514556223587e-53	-4.97975773985955	0.017	0.39	1.063958729343e-48	6	ALOX5AP	down
1.65653993036971e-52	-6.16988225155325	0.011	0.392	2.75167847833713e-48	6	CSF1R	down
7.40051154700735e-52	-5.47449417477521	0.01	0.346	1.22929897307339e-47	6	CARMIL3	down
2.29155593941407e-51	-3.23754937176683	0.08	0.468	3.8065035709607e-47	6	EPB41L3	down
5.19882320615583e-51	-3.37542698211644	0.332	0.682	8.63576522774545e-47	6	CTSB	down
2.80693160848831e-50	-5.83642071797863	0.011	0.386	4.66259409485994e-46	6	NCF2	down
4.53631393252702e-50	-3.19793751586797	0.078	0.456	7.53527107332063e-46	6	CYRIB	down
2.29111007523307e-49	-4.71319017086438	0.037	0.388	3.80576294596965e-45	6	UCP2	down
2.9864900384258e-49	-2.88658993740128	0.099	0.512	4.96085860282909e-45	6	FXYD5	down
3.05245777152996e-49	-5.3919624569418	0.013	0.383	5.07043760428842e-45	6	PLA2G4C	down
3.42719304129143e-49	-5.51980382377741	0.026	0.377	5.6929103608892e-45	6	C1QB	down
7.21803729747786e-49	-3.03308754286732	0.158	0.544	1.19898817548405e-44	6	TNFRSF1B	down
1.27642311878368e-48	-5.53362294383571	0.01	0.379	2.12026644261157e-44	6	MYO1F	down
1.38212509950658e-48	-4.2786720471651	0.052	0.415	2.29584800279039e-44	6	ACP5	down
3.16056010823395e-48	-5.69545165627897	0.033	0.409	5.25000639578741e-44	6	CATHL1	down
3.19546438144643e-48	-2.05050147466293	0.448	0.726	5.30798588402066e-44	6	ATP6V0C	down
3.35944873645428e-48	-3.35831601075829	0.119	0.499	5.5803802961242e-44	6	RNASET2	down
6.18667926448696e-48	-3.0506402042164	0.658	0.861	1.02766929262393e-43	6	CSTB	down
1.00182199848993e-47	-4.60495220889077	0.02	0.34	1.66412652169162e-43	6	ANKRD44	down
4.21417940255185e-47	-5.11099348428221	0.024	0.373	7.00017340557888e-43	6	C1QC	down
6.54953654236043e-47	-3.78128269780166	0.082	0.456	1.08794351505149e-42	6	AVD	down
1.02510972230708e-46	-2.85221789212399	0.105	0.512	1.70280975972429e-42	6	IFITM3	down
1.68975158513973e-46	-5.40097622053055	0.012	0.351	2.80684635807561e-42	6	CORO1A	down
2.65663748744866e-46	-5.00600468850799	0.028	0.382	4.41294053040097e-42	6	CLEC	down
3.07278146284315e-46	-5.74188373900466	0.046	0.4	5.10419728792875e-42	6	APOE	down
3.27197276746734e-46	-3.25151950254394	0.094	0.481	5.43507396404e-42	6	ASAH1	down
6.23571118062455e-46	-4.44937278817994	0.024	0.348	1.03581398421354e-41	6	PIK3R5	down
1.11305545447117e-45	-5.6084586536357	0.011	0.371	1.84889641542205e-41	6	NAIP	down
2.37030215370442e-45	-6.24772311252314	0.006	0.33	3.93730890751841e-41	6	MARCO	down
2.57756807424656e-45	-3.74476333373636	0.066	0.423	4.28159832813096e-41	6	TREX2	down
4.62422424805281e-45	-7.81499708312194	0.001	0.299	7.68129889844053e-41	6	ADGRE1	down
4.99797714731416e-45	-6.87274146087095	0.003	0.322	8.30213983940355e-41	6	CYTH4	down
1.31481554939276e-44	-5.40516822642484	0.026	0.395	2.18404010909632e-40	6	TLR5	down
1.37918521041118e-44	-2.58868847634436	0.127	0.457	2.29096455301401e-40	6	PRSS16	down
1.40949065107015e-44	-2.73326348219189	0.134	0.504	2.34130492049263e-40	6	RHOG	down
2.14633933591966e-44	-4.50977620188135	0.022	0.34	3.56528427089615e-40	6	HCST	down
2.32249041392696e-44	-4.96112613518115	0.014	0.329	3.85788882657407e-40	6	DOCK8	down
7.83464167723078e-44	-4.50092528429908	0.023	0.367	1.3014123290048e-39	6	KLRB1	down
2.78941238744569e-43	-4.33099334680625	0.024	0.326	4.63349291678604e-39	6	MS4A15	down
4.45251580125294e-43	-3.81612585653487	0.055	0.379	7.39607399746126e-39	6	DNASE2	down
4.48001820856257e-43	-4.91953734504464	0.011	0.299	7.44175824624328e-39	6	TASL	down
5.34373611096091e-43	-4.67049425909224	0.022	0.367	8.87648005391716e-39	6	TPRG1	down
7.01264597012634e-43	-6.50504771620712	0.004	0.305	1.16487062209769e-38	6	FMNL1	down
9.21977552594657e-152	4.98997530568966	0.916	0.099	1.53149691261498e-147	6	CAV1	up
5.70578654507857e-148	7.01167552939089	0.865	0.018	9.47788203003002e-144	6	PLVAP	up
1.53530941463666e-145	4.90050696766166	0.908	0.097	2.55030246865295e-141	6	HSPG2	up
6.84392598454733e-145	7.47740584258043	0.863	0.011	1.13684454529316e-140	6	CD34	up
1.24953295359975e-134	3.17939674999977	0.93	0.219	2.07559918922455e-130	6	KRT18	up
5.73037709076099e-132	5.59849260957482	0.826	0.028	9.51872938546308e-128	6	PRX	up
4.55127375413696e-126	6.89520955513635	0.772	0.013	7.5601208329969e-122	6	PODXL	up
7.04422374941285e-126	5.79560638346858	0.8	0.027	1.17011600701497e-121	6	SHANK3	up
1.78742771302133e-125	4.85390129110891	0.785	0.046	2.96909617409973e-121	6	LIFR	up
3.32209222904508e-125	2.97655562696847	0.93	0.278	5.51832740166679e-121	6	KRT8	up
6.11157054734188e-122	4.7356791511634	0.807	0.06	1.01519298361896e-117	6	CAVIN2	up
6.20390454357614e-120	7.69455178663897	0.749	0.008	1.03053058373343e-115	6	KDR	up
6.41041805314958e-120	3.24757310387293	0.889	0.136	1.06483454280868e-115	6	LTBP1	up
9.7960122771909e-120	6.25018761609061	0.763	0.02	1.62721559936418e-115	6	PECAM1	up
2.71611626017059e-119	4.49026742080435	0.79	0.057	4.51174071976937e-115	6	VWF	up
3.02982357381561e-119	6.51888335701483	0.749	0.01	5.0328399384651e-115	6	ESAM	up
6.83389926473994e-117	6.63685337109278	0.749	0.012	1.13517900686595e-112	6	TIE1	up
2.45052535528135e-115	5.22330198952159	0.763	0.031	4.07056766765786e-111	6	GNGT1	up
3.88940261809187e-114	8.76857464203525	0.706	0.006	6.46068668891241e-110	6	AQP1	up
1.44039992843392e-113	4.74499651623454	0.771	0.052	2.39264832112159e-109	6	CAVIN1	up
7.63228482047466e-113	6.23275353413541	0.727	0.015	1.26779883152905e-108	6	LOC138515939	up
6.65498450829363e-112	5.37292218959137	0.777	0.053	1.10545947667265e-107	6	RAMP3	up
1.5843748031298e-107	8.00610012365484	0.668	0.005	2.63180498547891e-103	6	NOS3	up
1.08549682497488e-106	6.10414608088428	0.698	0.021	1.80311877596577e-102	6	JAG2	up
2.47069291904234e-104	3.42702029559829	0.765	0.083	4.10406800782124e-100	6	CD2	up
6.24360917855414e-104	4.93278207989394	0.726	0.05	1.03712592064963e-99	6	KIAA1217	up
3.46055347534334e-103	3.41364431241711	0.739	0.077	5.74832537789282e-99	6	PRSS23	up
5.96586326639248e-103	3.83658855034447	0.805	0.127	9.90989547180454e-99	6	PTPRM	up
2.36345763129755e-100	4.02626772500757	0.728	0.066	3.92593947134836e-96	6	ICAM1	up
1.34153075369673e-99	6.45458853578269	0.656	0.011	2.22841673496563e-95	6	ARHGEF9	up
1.60673455734097e-97	3.39344002137581	0.744	0.121	2.66894677319908e-93	6	TJP1	up
9.45758507570559e-95	4.62166874938271	0.657	0.031	1.57099945692546e-90	6	JCAD	up
1.20856036602278e-93	3.64883615483042	0.687	0.053	2.00753962400044e-89	6	COL4A1	up
5.55412797398444e-93	3.63468833554482	0.728	0.085	9.22596197758555e-89	6	SPTBN1	up
1.38604482377788e-92	6.29082960058796	0.64	0.011	2.30235905677744e-88	6	ADGRL4	up
7.0973976646029e-92	4.1026463776305	0.678	0.085	1.17894872606719e-87	6	ENG	up
8.18528479555541e-92	4.83150628832366	0.629	0.026	1.35965765738971e-87	6	LOC138472433	up
1.30966449863273e-91	8.86140818314646	0.605	0.002	2.17548369867882e-87	6	CD93	up
4.41376788300159e-91	6.23316903220077	0.631	0.012	7.33170983045395e-87	6	EGFL7	up
2.47563239122133e-90	4.42323721395777	0.636	0.043	4.11227296505776e-86	6	EHD2	up
2.08577156871024e-87	4.78386961186807	0.604	0.029	3.46467515278459e-83	6	DLK1	up
2.19750975280329e-87	2.26112666625739	0.931	0.595	3.65028345038155e-83	6	CRIP1	up
6.68951173691569e-87	5.01774153009024	0.645	0.035	1.11119479461907e-82	6	PLCB1	up
1.33194921648343e-86	2.07465396808989	0.893	0.278	2.21250084350062e-82	6	FSTL1	up
2.01552684527226e-86	3.70141433386017	0.647	0.051	3.34799164268175e-82	6	COL4A2	up
1.97735042252169e-85	3.2429453697599	0.717	0.128	3.28457678685078e-81	6	ADCY4	up
7.92675537588625e-85	3.80086361380255	0.682	0.078	1.31671333548846e-80	6	SEMA3F	up
2.6596625423961e-83	6.07431190484187	0.588	0.012	4.41796544917416e-79	6	CDH5	up
1.50709920292641e-78	2.97837425832088	0.751	0.157	2.50344248598107e-74	6	PCDHGC3	up
2.44146434740602e-78	3.14427463176348	0.635	0.074	4.05551642747615e-74	6	NID2	up
3.54335164054907e-78	9.07043953216266	0.538	0.002	5.88586141011605e-74	6	APLNR	up
3.10979424843059e-77	6.18760888022919	0.533	0.01	5.16567922606805e-73	6	SOX18	up
1.37971686578807e-75	3.37240660911181	0.648	0.089	2.29184768576056e-71	6	GASK1B	up
6.83833183079993e-75	4.66419336094056	0.58	0.037	1.13591530041418e-70	6	IGFBP1	up
1.19219794997921e-74	1.82420772860909	0.875	0.405	1.98036001471047e-70	6	ITGBL1	up
1.29270305261772e-74	3.03173974702153	0.715	0.159	2.1473090407033e-70	6	ECM1	up
2.10273041976469e-74	3.55000370061264	0.641	0.093	3.49284550027113e-70	6	SLC29A1	up
2.51005434766213e-74	3.5020903566977	0.684	0.149	4.16945127690157e-70	6	ARL15	up
1.79862693101845e-73	5.11756115607127	0.524	0.016	2.98769919511474e-69	6	LYVE1	up
6.56366354998263e-73	3.17175990794198	0.649	0.11	1.09029015228761e-68	6	NRP1	up
2.53019303193717e-72	2.38116058324272	0.758	0.211	4.20290364535083e-68	6	FSCN1	up
4.59201552838916e-72	5.16473084011027	0.494	0.016	7.62779699420724e-68	6	MCAM	up
7.97329739400737e-72	4.90708823179865	0.499	0.024	1.32444443011856e-67	6	EPAS1	up
2.40433178045383e-71	4.02891457541879	0.637	0.099	3.99383552051185e-67	6	LOC138567840	up
1.07469628522962e-70	3.31283273872369	0.611	0.065	1.78517799939492e-66	6	PMP22	up
2.09280538862276e-70	4.10816146861545	0.545	0.033	3.47635903104127e-66	6	NPR1	up
3.24623767077259e-70	1.91199603103002	0.805	0.269	5.39232539492036e-66	6	PFN2	up
5.30113118015607e-70	5.25363098263371	0.519	0.019	8.80570900335725e-66	6	PCDH1	up
6.27543080027967e-70	4.81854387310578	0.522	0.022	1.04241181023446e-65	6	BCL6B	up
5.79636409576208e-69	2.86769893994704	0.676	0.129	9.62834039947038e-65	6	TCF4	up
5.87619332188845e-69	6.35116526381543	0.503	0.01	9.76094472698891e-65	6	EXOC3L2	up
6.47353492051399e-69	4.15023127041516	0.537	0.043	1.07531888564658e-64	6	ADGRL2	up
1.72647566785661e-68	1.73571227737886	0.833	0.383	2.86784873187661e-64	6	CALM2	up
1.5269010519175e-67	7.6276419325613	0.48	0.003	2.53633533734016e-63	6	LHFPL7	up
1.19340047972314e-66	5.72984596280124	0.518	0.012	1.9823575368681e-62	6	PREX2	up
4.38314896728498e-66	1.70684076083646	0.88	0.575	7.28084874955708e-62	6	TUBA1C	up
1.83545945844977e-65	3.95701109465045	0.543	0.048	3.04888170643091e-61	6	SCHIP1	up
2.17275698895931e-65	1.59418473530216	0.909	0.612	3.60916663436032e-61	6	H2AZ1	up
2.39421506712404e-65	3.06502067236458	0.716	0.247	3.97703064799974e-61	6	INSR	up
3.10032619893775e-65	5.70149750023904	0.467	0.018	5.1499518490555e-61	6	TACR1	up
6.16198343498036e-65	4.58786989046835	0.488	0.029	1.02356706838459e-60	6	CETP	up
2.22416441500214e-64	3.8308470195453	0.521	0.053	3.69455950976005e-60	6	TFPI2	up
3.38017147698332e-64	4.92218500679356	0.483	0.019	5.61480284041699e-60	6	SPNS2	up
6.05678682408641e-64	6.15536618329284	0.469	0.008	1.00609285934899e-59	6	TNFAIP8L1	up
8.7265728550985e-64	3.87376156608174	0.538	0.049	1.44957101696041e-59	6	ROBO4	up
1.39202569567297e-63	4.81751245569571	0.497	0.026	2.31229388308237e-59	6	PDGFD	up
2.67397370795229e-63	1.43244462973531	0.913	0.712	4.44173772627954e-59	6	TAGLN2	up
3.54596050058239e-63	2.75768462784451	0.575	0.1	5.8901949875174e-59	6	NFIB	up
4.61642255726632e-63	5.17014811816549	0.453	0.012	7.66833950987509e-59	6	FGD5	up
1.26641661800947e-62	2.25142900011175	0.738	0.262	2.10364464417553e-58	6	FLI1	up
1.76054714192826e-61	2.38845820837421	0.67	0.169	2.92444485745703e-57	6	CRIM1	up
2.38446266289319e-61	4.03984358474619	0.537	0.052	3.96083092933188e-57	6	ADAMTS4	up
6.11326703616334e-61	3.22267311514789	0.54	0.073	1.01547478737709e-56	6	FAM174B	up
1.35607597273883e-60	6.36334210037232	0.461	0.007	2.25257779831647e-56	6	SHE	up
3.21260687690674e-60	2.19067389726519	0.742	0.294	5.33646128322978e-56	6	STMN1	up
3.29909496079245e-60	3.09387811656315	0.584	0.085	5.48012663937234e-56	6	DYSF	up
1.65668128014442e-59	4.94199140396628	0.449	0.017	2.7519132744479e-55	6	CD200	up
2.07802463603886e-59	2.21992028889533	0.714	0.262	3.45180672292414e-55	6	CLIC1	up
3.58509125397757e-59	2.71471123509425	0.646	0.176	5.95519508198215e-55	6	DOCK9	up
1.23879119571663e-58	4.11352506878005	0.501	0.038	2.05775605520489e-54	6	JAM3	up
6.84915004119162e-44	-3.44660878128738	0.073	0.447	1.13771231334234e-39	7	VAT1	down
1.50712957045321e-43	-3.06120497438162	0.103	0.502	2.50349292947983e-39	7	SPACA4	down
2.3625505130055e-37	-2.53404773312966	0.158	0.496	3.92443265715343e-33	7	MARCKS	down
5.67845635550661e-35	-2.8499370257261	0.545	0.749	9.43248385213203e-31	7	LGALS1	down
5.61953779915639e-32	-3.1687535818969	0.055	0.37	9.33461423817868e-28	7	C1QC	down
1.33617728528178e-30	-1.49553622626968	0.372	0.669	2.21952408858156e-26	7	ATP5MC3	down
3.59639184196597e-30	-1.94217277814168	0.419	0.707	5.97396648868968e-26	7	ANXA2	down
5.81899395194773e-30	-1.24699217877183	0.483	0.754	9.66593085358038e-26	7	COX7A2	down
1.96569082551621e-29	-3.06441036452206	0.061	0.373	3.26520903026497e-25	7	C1QB	down
9.35630068945104e-29	-1.38578268633041	0.332	0.616	1.55417510752471e-24	7	TUBA1C	down
6.7548471686536e-28	-2.36909820837511	0.05	0.298	1.12204766318505e-23	7	PEA15	down
1.30612552354334e-27	-1.40025065978742	0.272	0.569	2.16960510715785e-23	7	ATP5F1D	down
2.79481829270657e-27	-2.76053647030362	0.096	0.423	4.64247266601489e-23	7	TGFBI	down
3.50211455501088e-27	-1.23856800286865	0.465	0.749	5.81736248732857e-23	7	COX6A1	down
1.40785531416497e-26	-3.2446109534906	0.169	0.477	2.33858846235944e-22	7	SELENOP	down
2.8175851636696e-26	-1.21982348269965	0.298	0.591	4.68029071537158e-22	7	LOC138580477	down
9.86603245943112e-26	-1.24344813701761	0.424	0.695	1.6388466518361e-21	7	SNRPG	down
8.61652095162941e-24	-3.28359552858794	0.109	0.394	1.43129029527516e-19	7	APOE	down
1.05543799174998e-23	-3.13509930567464	0.135	0.406	1.75318804809589e-19	7	PLBD1	down
8.60604265581681e-23	-2.11354674909734	0.088	0.385	1.42954974555773e-18	7	CSF1R	down
9.66605790980795e-23	-2.98486365744695	0.034	0.263	1.6056288793982e-18	7	F13A1	down
1.06054919865003e-22	-1.11871288623253	0.396	0.678	1.76167827387757e-18	7	ATP5PF	down
1.16485727914975e-22	-2.27274999967137	0.081	0.358	1.93494442639565e-18	7	SLC7A8	down
2.89409037268879e-22	-1.29651735704815	0.231	0.456	4.80737351807335e-18	7	POMP	down
5.76479354559004e-22	-1.23138609157427	0.293	0.573	9.57589855857961e-18	7	CALR	down
1.91595931306222e-21	-1.32580632316774	0.204	0.461	3.18260001492765e-17	7	NDUFS5	down
2.96830078770526e-21	-1.3479165095548	0.181	0.412	4.93064443845721e-17	7	KRTCAP2	down
8.70583497815738e-21	-3.31797110818896	0.046	0.265	1.44612624822172e-16	7	FSCN1	down
1.34840120384903e-20	-2.4962807578617	0.103	0.375	2.23982923971362e-16	7	CLEC	down
2.35993158957785e-20	-1.20415875366937	0.223	0.473	3.92008236344777e-16	7	NDUFAB1	down
8.7022279502838e-20	-1.26543640751465	0.304	0.569	1.44552708482164e-15	7	FTH1	down
2.23192747549021e-19	-1.72305561493048	0.185	0.494	3.70745472953679e-15	7	APP	down
2.29222357490956e-19	-1.00663590371756	0.372	0.651	3.80761258028227e-15	7	PPIB	down
3.34583046109351e-19	-2.47200992203533	0.039	0.247	5.55775897892242e-15	7	CD5L	down
5.98407017872528e-19	-2.23362706931386	0.064	0.281	9.94013897388056e-15	7	VCAN	down
2.64130589731898e-18	-1.10259634958463	0.404	0.648	4.38747322603655e-14	7	ATP5IF1	down
3.55285665826141e-18	-1.31246558704107	0.172	0.405	5.90165019503802e-14	7	UQCRB	down
8.48706903199512e-18	-1.37780078950069	0.141	0.349	1.40978703690471e-13	7	MDH1	down
1.07504920594225e-17	-1.75278772087332	0.125	0.353	1.78576423599067e-13	7	MGARP	down
5.70735325479725e-17	-1.08423248308147	0.331	0.612	9.48048449154372e-13	7	DAD1	down
8.43325191138383e-17	-1.24651283872298	0.314	0.615	1.40084747499997e-12	7	COX5B	down
1.68448074756714e-16	-1.08371168841733	0.417	0.692	2.79809096978378e-12	7	ATP5MK	down
2.15031958974913e-16	-1.18285896724711	0.162	0.372	3.57189587053228e-12	7	NDUFA6	down
6.12163216229305e-16	-1.28775216301061	0.198	0.434	1.0168643184785e-11	7	ATP5F1C	down
7.22458410156811e-16	-1.21221226416387	0.279	0.531	1.20007566511148e-11	7	UQCR10	down
1.23155751268917e-15	-1.13008804148504	0.177	0.378	2.04574018432797e-11	7	LOC138480899	down
6.76718062261009e-15	-1.90072179219889	0.116	0.321	1.12409637322176e-10	7	PFN2	down
8.16699612600157e-15	-1.63039594265668	0.224	0.429	1.35661972649012e-10	7	CALM2	down
1.41734627428037e-14	-1.0851288949146	0.24	0.465	2.35435389620712e-10	7	ATP5PO	down
1.97380841111876e-14	-1.11735670292719	0.291	0.534	3.27869315170937e-10	7	ATP5PD	down
2.6599451068223e-14	-1.35493110765275	0.198	0.407	4.41843481694253e-10	7	TUBA1B	down
3.22506594471659e-14	-1.02036366995558	0.308	0.546	5.35715704076873e-10	7	LOC138488548	down
5.16170556788674e-14	-1.07711884539231	0.317	0.559	8.57410911881667e-10	7	LMNA	down
1.31256593890879e-12	-2.69067739769389	0.097	0.343	2.18030328112139e-08	7	LRP1	down
1.58716338852529e-12	-1.59105224050132	0.129	0.331	2.63643710467935e-08	7	TMEM65	down
1.79742667062215e-12	-1.58885642542241	0.109	0.326	2.98570544257046e-08	7	SPRED1	down
8.67373251912761e-12	-1.7993960048017	0.116	0.32	1.44079370875229e-07	7	PRCP	down
1.3856488623596e-10	-1.02065140122111	0.233	0.436	2.30170132526553e-06	7	IDH2	down
1.4960298779535e-10	-1.87106576819631	0.14	0.36	2.48505523026855e-06	7	CTSK	down
1.54113712819716e-10	-1.83240410249064	0.287	0.497	2.5599828836483e-06	7	LGMN	down
1.19293702850583e-35	1.61212846697014	0.666	0.298	1.98158769805103e-31	7	LOC138580932	up
1.32090396665747e-35	1.50728951118342	0.686	0.274	2.19415357901473e-31	7	IL1R1	up
3.89437341061084e-31	1.40987229338956	0.761	0.463	6.46894367236567e-27	7	TCN1	up
1.23140075798595e-29	1.300609894145	0.81	0.534	2.04547979909047e-25	7	TCHH	up
3.4670421686115e-29	1.43201818997421	0.589	0.208	5.75910374628056e-25	7	CHIT1	up
8.31080084971104e-27	1.73582601337364	0.608	0.294	1.3805071291455e-22	7	SFTPD	up
9.30440428101774e-26	1.31472008773983	0.691	0.376	1.54555459511986e-21	7	TNIP1	up
5.25452637813624e-19	1.03400425596572	0.674	0.436	8.7282937667221e-15	7	NCK1	up
5.82412193543798e-19	1.00462952102726	0.531	0.238	9.67444894695602e-15	7	SLC44A5	up
3.44822264255978e-18	1.185860364812	0.653	0.43	5.72784263155604e-14	7	RNF213	up
4.15275964813141e-18	1.12295759428576	0.517	0.274	6.89814905151108e-14	7	AGAP2	up
2.61665658999124e-17	1.50595933863417	0.506	0.286	4.34652826163445e-13	7	PARP14	up
7.71822083249575e-16	1.60442095599594	0.458	0.233	1.28207366248587e-11	7	NCF1	up
8.8965049424611e-16	1.43296450504819	0.494	0.28	1.47779843599221e-11	7	TRANK1	up
2.36072052743723e-15	1.14477769576422	0.44	0.166	3.92139286812598e-11	7	SCG2	up
6.50383070201901e-15	1.13893080519067	0.524	0.288	1.08035131791238e-10	7	TP53AIP1	up
1.0038365388234e-14	1.1971311603519	0.526	0.317	1.66747287463955e-10	7	CMIP	up
1.78064172117319e-14	1.02064107969032	0.626	0.381	2.95782396304078e-10	7	TREX2	up
3.19568286784223e-14	1.01954912371093	0.563	0.354	5.30834881177273e-10	7	TLR5	up
6.76547583503436e-14	1.00891188316735	0.423	0.209	1.12381319095756e-09	7	LTB4R	up
4.68402115707751e-13	1.20375467354353	0.463	0.225	7.78062754402145e-09	7	PFKFB4	up
1.09904806927887e-12	1.01581914175935	0.467	0.266	1.82562874787914e-08	7	ADAP1	up
8.09460234574505e-12	1.232208978909	0.465	0.247	1.34459439565171e-07	7	MXI1	up
5.42512045351624e-11	1.18091248376873	0.388	0.169	9.01166758533582e-07	7	PRLR	up
5.69961263332683e-09	1.04302754854163	0.426	0.223	9.46762654521919e-05	7	UPP1	up
5.84640107016537e-09	1.40053602081471	0.351	0.145	9.7114568176517e-05	7	PPP1R3C	up
3.82590962194526e-66	-4.18007299741235	0.033	0.511	6.35521847301328e-62	8	GAS7	down
3.2471104235351e-65	-4.14954826370607	0.045	0.56	5.39377512453416e-61	8	DOCK2	down
1.07242752222587e-60	-2.89656209370339	0.071	0.543	1.7814093571694e-56	8	GNAI2	down
2.12688130922511e-58	-3.47695665896891	0.078	0.564	3.53296254275383e-54	8	ARAP1	down
3.13696675477846e-58	-2.87275714045863	0.177	0.667	5.21081547636251e-54	8	GRN	down
2.160732701635e-56	-3.44813318705818	0.069	0.565	3.58919309068589e-52	8	FYB1	down
2.79613093870056e-56	-3.15602535699372	0.084	0.549	4.6446531022755e-52	8	CMKLR1	down
1.95538147825e-55	-3.62417205648812	0.051	0.479	3.24808417352107e-51	8	APBB1IP	down
3.68174948125236e-55	-3.36198101252485	0.059	0.534	6.1157540633083e-51	8	PTPRC	down
6.68933380089689e-54	-3.68563617274379	0.044	0.487	1.11116523766698e-49	8	NRK	down
1.70725472830486e-52	-4.27812844202507	0.029	0.463	2.83592082918721e-48	8	NCKAP1L	down
7.87189755627983e-52	-2.76543802645952	0.13	0.61	1.30760090307364e-47	8	TARM1	down
1.09541882336159e-51	-2.81308941345513	0.089	0.528	1.81960020748594e-47	8	ASAP1	down
3.0511643375193e-51	-4.36064939909579	0.027	0.441	5.0682890810533e-47	8	ARHGAP30	down
3.32700018805688e-51	-3.56269624483622	0.034	0.455	5.52648001238129e-47	8	ELMO1	down
5.52054618127529e-51	-2.4895759542147	0.094	0.539	9.17017926171638e-47	8	VSIR	down
6.45786804428706e-50	-3.15940327075683	0.06	0.488	1.07271646083652e-45	8	C5AR1	down
1.56421792155596e-48	-2.06068892058802	0.241	0.684	2.59832238949661e-44	8	ATP6V1A	down
4.86307966775528e-48	-4.16696704870926	0.026	0.42	8.0780616361083e-44	8	CCDC88B	down
7.43130865566806e-47	-3.18432399091813	0.056	0.471	1.23441468079302e-42	8	PLEKHA2	down
1.05540580324037e-46	-1.79500006580758	0.18	0.646	1.75313457976258e-42	8	LSP1	down
1.88570817083327e-46	-1.36838176517617	0.488	0.924	3.13234984257115e-42	8	VIM	down
4.0475928402129e-46	-2.50061993316738	0.11	0.545	6.72345646687766e-42	8	TNFRSF1B	down
9.73396133937997e-46	-3.30768663326001	0.043	0.414	1.61690831808441e-41	8	SLAMF8	down
3.16510074152406e-45	-2.734143339227	0.099	0.476	5.25754884174561e-41	8	NCK1	down
3.30239540658855e-45	-2.36796871925691	0.198	0.632	5.48560900988423e-41	8	BPI	down
8.51255521364219e-45	-2.14442615547831	0.144	0.624	1.4140205465381e-40	8	CD53	down
1.19698470856118e-44	-2.39310774975723	0.095	0.51	1.98831129939097e-40	8	FXYD5	down
1.51309106705916e-44	-2.81790302782952	0.073	0.459	2.51339557149197e-40	8	PRSS16	down
3.08237148135466e-44	-4.68513588898348	0.015	0.363	5.12012726767823e-40	8	VAV3	down
3.90926924263567e-44	-2.66623345364097	0.083	0.473	6.49368713894211e-40	8	TCIRG1	down
4.82393516698929e-44	-2.1969279647426	0.138	0.572	8.01303870588592e-40	8	CYBA	down
1.51743686925606e-43	-2.6462862715758	0.1	0.501	2.52061438352125e-39	8	SPACA4	down
3.70221557810682e-43	-2.28794788858083	0.106	0.554	6.14975029679323e-39	8	SRGN	down
1.32980664699658e-42	-2.30663219674361	0.171	0.623	2.20894182132601e-38	8	CD209	down
1.4822195419714e-42	-2.82165435247206	0.095	0.498	2.46211488116869e-38	8	RNASET2	down
1.61554097747086e-42	-3.56271190069312	0.026	0.346	2.68357511767684e-38	8	PIK3R5	down
2.37168411437762e-42	-3.36532300128735	0.05	0.441	3.93960448239267e-38	8	CD22	down
5.89240530353378e-42	-3.59863378481421	0.039	0.386	9.78787444969997e-38	8	LRCH4	down
7.17785056094393e-42	-4.14367664572326	0.021	0.374	1.1923127566784e-37	8	WDFY4	down
1.77289496917802e-41	-2.68238584338264	0.094	0.52	2.9449558333016e-37	8	ASGR1	down
2.04245520598021e-41	-2.89432961762008	0.064	0.439	3.39272234265373e-37	8	CD68	down
2.96918119209306e-41	-3.04526619620383	0.066	0.386	4.93210687818579e-37	8	SLC23A2	down
6.08719468022048e-41	-2.81499256049096	0.069	0.427	1.01114390833142e-36	8	RAPGEF6	down
6.53742188840688e-41	-3.55449922421061	0.055	0.418	1.08593114988327e-36	8	ITGAX	down
1.82018909236474e-40	-4.84779253824725	0.01	0.321	3.02351610132707e-36	8	ADGRE5	down
4.50058296502601e-40	-3.57479882311964	0.028	0.338	7.47591836320471e-36	8	ARRB1	down
6.30481820681513e-40	-1.55688123655096	0.315	0.735	1.04729335233406e-35	8	BASP1	down
1.00773685464519e-39	-3.05414659956873	0.05	0.4	1.67395168925112e-35	8	RGS1	down
1.34192519025394e-39	-2.54300888672628	0.083	0.423	2.22907193353082e-35	8	TGFBI	down
2.80372140407341e-39	-1.30193233074505	0.315	0.77	4.65726162430634e-35	8	MSN	down
3.05043007190884e-39	-2.03338966085304	0.177	0.571	5.06706939244778e-35	8	PICALM	down
7.26012197317022e-39	-3.74464764986657	0.038	0.387	1.20597886096331e-34	8	CSF1R	down
2.9399271903523e-38	-2.96411328247694	0.048	0.368	4.88351305589421e-34	8	INPPL1	down
5.40657230273165e-38	-2.90892323654563	0.058	0.356	8.98085725206754e-34	8	RASAL2	down
8.07540742980348e-38	-1.23838757184097	0.251	0.696	1.34140592816466e-33	8	ANXA5	down
9.25453091144187e-38	-3.1078172285497	0.04	0.374	1.53727012969961e-33	8	ARHGAP31	down
3.99880176610615e-37	-2.43926909737506	0.087	0.465	6.64240961367893e-33	8	EPB41L3	down
5.30950521653205e-37	-3.2973809791451	0.033	0.397	8.81961911518139e-33	8	ST8SIA4	down
6.24751035983524e-37	-3.03130128775519	0.045	0.361	1.03777394587223e-32	8	GRAMD1A	down
6.69843086454302e-37	-3.79553068171198	0.022	0.331	1.11267635090924e-32	8	PREX1	down
1.16337999142645e-36	-3.37325073738306	0.032	0.323	1.93249050375847e-32	8	GDPD5	down
1.54362180732047e-36	-2.71647598487367	0.122	0.518	2.56411018414003e-32	8	TNFAIP8	down
2.21943049287611e-36	-2.77483119398453	0.051	0.414	3.68669599171651e-32	8	WIPF1	down
2.87032683785962e-36	-3.16247958757669	0.06	0.376	4.76789991036861e-32	8	DNASE2	down
3.00059948047023e-36	-2.80945089881758	0.066	0.426	4.98429579700909e-32	8	IGF2R	down
6.26895916718153e-36	-3.64213243276277	0.027	0.372	1.04133680726052e-31	8	INPP5D	down
7.18927673392003e-36	-4.4636441470064	0.015	0.344	1.19421075827146e-31	8	CARMIL3	down
1.02928086021057e-35	-2.88909500501648	0.094	0.471	1.70973843689578e-31	8	CD300LF	down
1.34007219651246e-35	-2.13021135820781	0.155	0.541	2.22599392562685e-31	8	STOM	down
1.44524087246698e-35	-2.33256771560157	0.078	0.449	2.4006896132549e-31	8	SDR16C5	down
1.57783169447942e-35	-2.4668099367677	0.236	0.602	2.62093622769976e-31	8	CTSC	down
1.74469933759632e-35	-3.00504687855359	0.055	0.38	2.89812006968124e-31	8	NCF2	down
2.11005034222875e-35	-2.81498108089291	0.144	0.506	3.50500462347617e-31	8	LGMN	down
2.66584504052891e-35	-3.11092079185669	0.066	0.363	4.42823519682258e-31	8	JAK2	down
3.10028033944795e-35	-2.44008341784874	0.059	0.396	5.14987567185699e-31	8	ITM2C	down
6.28347855643576e-35	-1.68255420566447	0.173	0.56	1.04374862300954e-30	8	GNAI3	down
8.5688649638306e-35	-3.20710419031533	0.061	0.421	1.4233741591419e-30	8	SLC12A9	down
8.64971421170594e-35	-3.58670855092538	0.033	0.334	1.43680402770647e-30	8	ABCA1	down
9.89404880628186e-35	-2.33948098856003	0.071	0.414	1.64350044721148e-30	8	FGR	down
1.36494808603396e-34	-2.82249590707072	0.059	0.387	2.26731526571102e-30	8	PLAU	down
2.11189251699949e-34	-3.1260490679772	0.035	0.289	3.50806465998785e-30	8	RAPGEF2	down
2.34094164828239e-34	-2.39945206932259	0.228	0.592	3.88853817196187e-30	8	PLIN2	down
3.23279223916889e-34	-3.99061458809911	0.018	0.299	5.36999118848344e-30	8	DOCK11	down
3.58262237648379e-34	-3.38577558261745	0.038	0.352	5.95109402957723e-30	8	PDE4A	down
4.55065720520491e-34	-2.16710663509038	0.108	0.442	7.55909668356587e-30	8	SGPP1	down
5.64012801305161e-34	-2.31332278636424	0.082	0.462	9.36881664248003e-30	8	CYBB	down
5.9091017620897e-34	-2.33489556659079	0.129	0.476	9.8156089370072e-30	8	ASAH1	down
6.97322931711143e-34	-2.53042690150372	0.069	0.407	1.15832312186538e-29	8	MFSD1	down
1.33283309734408e-33	-2.77823135853348	0.043	0.342	2.21396905799825e-29	8	ARHGEF2	down
1.78162664909771e-33	-3.3112016882943	0.06	0.377	2.9594600268162e-29	8	ANGPTL4	down
2.79249753066994e-33	-2.68247654253299	0.082	0.458	4.63861764819583e-29	8	TSPAN36	down
3.44897639796173e-33	-2.62082831037519	0.087	0.41	5.72909469465423e-29	8	ACP5	down
3.47160225343428e-33	-2.88143204865967	0.05	0.374	5.76667850317968e-29	8	MYO1F	down
3.4835853576613e-33	-2.92291601953459	0.043	0.378	5.78658363761119e-29	8	SEMA7A	down
3.63051667038067e-33	-2.00845891009654	0.154	0.495	6.03065124116933e-29	8	APP	down
4.68653586834278e-33	-3.49339938895328	0.044	0.359	7.78480473090419e-29	8	SLC7A8	down
5.62287981800417e-33	-3.59659967091941	0.029	0.301	9.34016566568672e-29	8	CEACAM4	down
7.1568520081301e-33	-1.74388078413541	0.131	0.501	1.18882468707049e-28	8	RHOG	down
1.04158842181755e-32	-2.83994391187806	0.05	0.346	1.73018252748113e-28	8	CXCR2	down
9.0851563173703e-101	2.94782574829828	0.922	0.587	1.50913531587838e-96	8	S100P	up
2.5538039358946e-89	3.71088888988612	0.911	0.589	4.24212371791452e-85	8	S100A4	up
1.91121222502356e-70	3.30785063265311	0.826	0.49	3.17471462698664e-66	8	LOC138580807	up
4.17490857052058e-70	1.8575779622886	0.907	0.658	6.93494062649173e-66	8	KRT1	up
2.22206924320075e-69	2.68483789171425	0.761	0.336	3.69107921988077e-65	8	S100A13	up
9.71791193948495e-67	4.56669799151474	0.575	0.099	1.61424235226785e-62	8	AGR2A	up
3.66564431820353e-63	4.31531398575396	0.67	0.26	6.08900177696789e-59	8	LOC138472551	up
5.7091738593275e-63	3.27522930351719	0.618	0.14	9.48350869772892e-59	8	LOC138582574	up
6.01888851705633e-61	1.99797044962275	0.847	0.508	9.99797571568228e-57	8	LOC138580806	up
2.90020364073881e-57	5.06487375319703	0.471	0.042	4.81752826763124e-53	8	AGR2	up
3.25657489546984e-55	4.49349229032111	0.51	0.068	5.40949655886496e-51	8	LOC138487720	up
6.09183569026301e-52	1.95551395022774	0.777	0.471	1.01191482650959e-47	8	C2PH19orf33	up
1.308429903117e-51	2.53228013332286	0.634	0.272	2.17343291206765e-47	8	LGALS3	up
4.74856019232604e-51	4.58352985701038	0.471	0.072	7.88783333547279e-47	8	FCGBP	up
3.55982271674558e-48	2.76828761726626	0.53	0.116	5.91322151478609e-44	8	FXYD3	up
7.17703546990948e-47	4.52992178596889	0.398	0.04	1.19217736190666e-42	8	UMOD	up
1.10662832754548e-45	3.58744726211813	0.525	0.128	1.8382203148858e-41	8	LOC138521056	up
2.93370252403027e-45	1.78733355916842	0.704	0.404	4.87317326266668e-41	8	VWA5A	up
1.01131954313789e-44	2.35619930399933	0.561	0.219	1.67990289310636e-40	8	EPCAM	up
5.94869375949866e-44	2.47092925059921	0.529	0.159	9.88137520390323e-40	8	DSG2	up
1.52421347529261e-43	4.72569336933801	0.406	0.053	2.53187100380856e-39	8	FIM-B. 1	up
1.95784279127964e-43	1.41466786130953	0.634	0.284	3.25217266059461e-39	8	TGM3	up
2.87458979626853e-43	2.14925017154241	0.629	0.249	4.77498111058165e-39	8	RihA	up
5.11376819371615e-43	4.78716081235136	0.34	0.02	8.4944803465819e-39	8	LOC138569361	up
6.81943507088444e-43	3.71492362914989	0.406	0.057	1.13277635962461e-38	8	LY6E	up
1.02595977293553e-41	2.20023969376648	0.545	0.186	1.70422177882321e-37	8	PERP	up
3.7589964777607e-40	2.6643495042183	0.399	0.072	6.24406904920829e-36	8	AP1S3	up
5.42301928694284e-40	2.17756484923882	0.517	0.173	9.00817733754076e-36	8	SPINT2	up
8.19782322901679e-40	3.79062535043965	0.365	0.049	1.36174041657198e-35	8	UPK1A	up
1.10023909152304e-39	2.11910500502244	0.448	0.122	1.82760715492892e-35	8	SERPINB5	up
6.65658421859585e-39	4.57707746538401	0.354	0.037	1.10572520455096e-34	8	GP2	up
7.1737115795114e-39	2.90668808808189	0.387	0.055	1.19162523047264e-34	8	SCEL	up
1.29531790372131e-38	2.4663407345744	0.497	0.15	2.15165256987147e-34	8	CLDN7	up
1.45384560319529e-38	3.30329145750475	0.375	0.038	2.4149829314677e-34	8	LOC138569359	up
1.77100274262216e-37	2.25202964803705	0.483	0.154	2.94181265576968e-33	8	EPPK1	up
9.46422395635951e-37	1.69999021137346	0.584	0.237	1.57210224139088e-32	8	PINLYP	up
1.35267221343369e-36	1.75146503725359	0.623	0.347	2.2469238137347e-32	8	MGST3	up
1.58702192625933e-36	2.13877648384909	0.452	0.116	2.63620212170937e-32	8	DSP	up
2.93713258229779e-35	4.24306015212324	0.312	0.021	4.87887093245486e-31	8	AGR3	up
4.30496655357906e-35	2.92057167849863	0.357	0.053	7.15097994215017e-31	8	CLDN4	up
5.89896591716668e-35	3.48521564440753	0.356	0.042	9.79877228500557e-31	8	FAM3B	up
7.10381109228098e-35	4.23010274723653	0.324	0.028	1.18001406053879e-30	8	UPK1B	up
2.76115901571343e-34	2.85035966211006	0.335	0.054	4.58656124100158e-30	8	LOC138570219	up
4.88916570181449e-34	2.38802034676836	0.419	0.1	8.12139314728406e-30	8	LOC138528712	up
1.89332018821888e-33	2.21013301059041	0.388	0.103	3.14499416465038e-29	8	TRIM29	up
2.64434479558291e-33	4.18297607423043	0.285	0.02	4.39252113994277e-29	8	UPK3B	up
9.28993779228922e-33	2.21001467137576	0.539	0.26	1.54315156667716e-28	8	IFI27	up
9.3097496368949e-33	3.24171087655656	0.301	0.038	1.54644251218461e-28	8	SOX19	up
2.4045000856197e-32	3.31656196629112	0.275	0.026	3.99411509222289e-28	8	B3GNT3	up
9.22168708841961e-32	3.28307983561516	0.458	0.184	1.53181444225738e-27	8	PSCA	up
2.27144359220894e-31	3.46111690839756	0.326	0.036	3.77309495101827e-27	8	CAPN9	up
4.90172599451882e-31	1.28130838227473	0.634	0.309	8.14225704949522e-27	8	GSTP1	up
2.28338936455676e-29	3.55659818250936	0.295	0.027	3.79293807346524e-25	8	MUC16	up
4.78742544072452e-29	2.15174498537729	0.333	0.089	7.95239239958749e-25	8	KLF5	up
6.16119449525053e-29	2.93652874239348	0.31	0.044	1.02343601760606e-24	8	EVPL	up
8.38043855968529e-29	2.72465146852338	0.294	0.056	1.39207464914932e-24	8	GMDS	up
8.76025491763869e-29	3.75040096556107	0.266	0.024	1.45516594436896e-24	8	UPK2	up
3.57491027755443e-28	4.35308293945107	0.236	0.015	5.93828346204567e-24	8	LOC138527766	up
1.29786079690218e-27	2.65672460996893	0.302	0.052	2.15587656973422e-23	8	ADGRF5	up
2.05568261297415e-27	2.49757708679286	0.368	0.079	3.41469438841136e-23	8	NPDC1	up
3.80376369881493e-27	2.69986664553963	0.294	0.041	6.31843188010148e-23	8	LOC138472418	up
5.84897083450449e-27	2.01678188815059	0.316	0.086	9.71572545319541e-23	8	SYTL2	up
7.8821332198534e-27	5.16560129855023	0.231	0.011	1.30930114914985e-22	8	LOC138503230	up
1.21425032633194e-26	2.96747349345279	0.257	0.031	2.01699121706999e-22	8	FAM3D	up
1.25937647908513e-26	3.01463458439855	0.318	0.048	2.09195026940831e-22	8	VILL	up
1.33181194189124e-26	4.65749759403777	0.224	0.011	2.21227281667554e-22	8	3FTX	up
1.74250585990795e-26	1.49858729917552	0.514	0.273	2.89447648389309e-22	8	GSTA4	up
3.64016097052574e-26	2.85408423643386	0.297	0.051	6.04667138814031e-22	8	PPL	up
1.28940597425111e-25	2.98441412365311	0.264	0.024	2.14183226382853e-21	8	FUT3	up
1.37063775423409e-25	2.32428356550702	0.431	0.136	2.27676637355824e-21	8	UGDH	up
1.16589137586809e-24	1.91039362951148	0.447	0.193	1.93666216445448e-20	8	FAM162A	up
5.94326222272284e-24	2.16402331515573	0.334	0.093	9.87235287816492e-20	8	FGFBP1	up
7.03521702819895e-24	2.77877876179212	0.253	0.038	1.16861990055413e-19	8	GFPT2	up
1.97839644795904e-23	1.5469437375639	0.482	0.212	3.28631433970475e-19	8	MYO10	up
4.23463304037897e-23	2.51141054773502	0.275	0.049	7.0341489433735e-19	8	MEDAG	up
7.45174913867824e-23	2.74329603097981	0.244	0.033	1.23781004942584e-18	8	FER1L4	up
1.56327050663681e-22	2.9935110041758	0.235	0.025	2.5967486385744e-18	8	MUC3B	up
2.94868891736257e-22	2.46647586950512	0.268	0.056	4.89806716063096e-18	8	ELF3	up
8.68853598273238e-22	2.09885710178209	0.337	0.09	1.44325271209168e-17	8	TSPAN13	up
1.15415191511666e-21	2.12939000948422	0.335	0.096	1.91716174620028e-17	8	PEBP1	up
2.2820973586203e-21	2.14479668952122	0.329	0.11	3.79079192240418e-17	8	ADH1A	up
2.35480675514955e-21	2.0420263140196	0.387	0.171	3.91156950097892e-17	8	NANS	up
2.79296151072419e-21	1.97517934989329	0.384	0.11	4.63938836546395e-17	8	EMP2	up
3.33642206117815e-21	2.48149729671117	0.251	0.038	5.54213068582303e-17	8	BCAS1	up
3.45228377592346e-21	2.46152911090921	0.311	0.076	5.73458858018646e-17	8	MALL	up
1.38055859058412e-20	1.69240425948161	0.3	0.099	2.29324587481928e-16	8	PKP1	up
5.28867381493955e-20	1.40868374011585	0.499	0.29	8.78501607399609e-16	8	GSTT1	up
3.92570754888422e-18	1.85921134811484	0.365	0.155	6.52099280945158e-14	8	NMRK1	up
4.04320578279981e-18	2.06928282518532	0.315	0.09	6.71616912580877e-14	8	ENDOU	up
4.42073469018182e-18	1.9533463802046	0.468	0.234	7.34328239386102e-14	8	LOC138487739	up
1.00835475051744e-17	1.59886042263004	0.431	0.188	1.67497807608453e-13	8	EZR	up
5.4581363251226e-17	1.57522736776728	0.351	0.139	9.06651024966115e-13	8	CAPN2	up
2.99645096613594e-16	1.58423797374536	0.378	0.154	4.97740469984841e-12	8	ALDOB	up
4.97619390915277e-15	1.81884093393531	0.329	0.127	8.26595570249366e-11	8	GOLM1	up
1.14456563180239e-13	1.19630911558227	0.436	0.216	1.90123797098695e-09	8	CA5A	up
2.07443260729024e-57	-2.4585589962886	0.407	0.829	3.44584000396982e-53	9	PMP2	down
5.82825381341758e-57	-2.36768016605332	0.299	0.764	9.68131240946794e-53	9	ACTG1	down
1.43295014533445e-54	-2.38473514027571	0.572	0.911	2.38027348641505e-50	9	KRT5	down
1.99209225741962e-50	-2.67139521177066	0.183	0.646	3.30906444879974e-46	9	ZFP36	down
7.93424599338945e-47	-3.00755954478367	0.124	0.56	1.31795760196192e-42	9	LOC138503155	down
4.93067278108956e-41	-3.30890945635446	0.147	0.582	8.19034055666787e-37	9	PLIN2	down
7.28038632317283e-40	-2.4606176836606	0.314	0.686	1.20934497214224e-35	9	KRT1	down
3.30869966254689e-38	-2.12091285843607	0.289	0.68	5.49608100945665e-34	9	PRDX1	down
2.31911890874815e-37	-1.38296822160028	0.629	0.891	3.85228841932156e-33	9	HMGB2	down
2.90683898916597e-37	-4.6643646044845	0.026	0.379	4.82855024490359e-33	9	TLR5	down
7.48009348447103e-37	-3.53556017272915	0.075	0.472	1.24251832870548e-32	9	C5AR1	down
1.26598717430684e-36	-3.30213834113189	0.064	0.456	2.10293129524109e-32	9	DIAPH2	down
1.35149902251636e-36	-2.89961192079445	0.121	0.502	2.24497502630192e-32	9	C2PH19orf33	down
9.59496856932366e-36	-3.10883028822612	0.229	0.622	1.59382022905035e-31	9	S100A4	down
9.65431214531266e-36	-3.07729444080135	0.101	0.463	1.60367779045789e-31	9	NCK1	down
9.71784989598854e-36	-4.60132794288017	0.028	0.376	1.61423204622266e-31	9	IL1B	down
7.60159604400307e-34	-2.95456748430202	0.082	0.445	1.26270111886935e-29	9	LYN	down
1.08437901290347e-33	-2.65617479887104	0.101	0.499	1.80126197833395e-29	9	ZFP36L2	down
2.13964835539119e-33	-4.08522730030382	0.036	0.336	3.55416988314031e-29	9	CXCR2	down
6.18188080267812e-33	-3.51470363408058	0.067	0.405	1.02687222013286e-28	9	ITGAX	down
1.6239814229772e-32	-3.23333875781862	0.049	0.377	2.69759554170742e-28	9	CELF2	down
3.14286633459951e-32	-3.7444925636181	0.093	0.397	5.22061526840325e-28	9	SPARC	down
5.11039264957264e-32	-1.47270777687307	0.526	0.804	8.48887323020511e-28	9	LOC138504630	down
8.47287067139481e-32	-1.94174211659266	0.253	0.626	1.40742854722539e-27	9	HMGN2	down
3.55226448999464e-31	-3.45652440498604	0.082	0.408	5.9006665443301e-27	9	TREX2	down
1.69501392087411e-29	-3.98655916394027	0.028	0.326	2.81558762396398e-25	9	ANKRD44	down
2.12779125962164e-29	-2.49863473839862	0.353	0.651	3.53447406135751e-25	9	LGALS9	down
4.73437651904055e-29	-2.94239948470374	0.09	0.388	7.86427283577826e-25	9	DGKZ	down
1.14799921488307e-28	-5.08662005834194	0.021	0.311	1.90694149584227e-24	9	IL1R1	down
1.34256854938128e-27	-3.15660393363019	0.072	0.402	2.23014061737725e-23	9	FGR	down
1.59748915056493e-27	-2.08900390007018	0.206	0.543	2.65358922800341e-23	9	FYB1	down
4.51529181497944e-27	-2.19725971794523	0.144	0.453	7.50035123386235e-23	9	JUND	down
6.39703691679938e-27	-3.60321258722511	0.031	0.294	1.06261180224954e-22	9	LRRK2	down
1.12500029199471e-26	-5.2923073317722	0.015	0.283	1.86873798503242e-22	9	PTGS2	down
1.29085083678781e-26	-2.50527658334442	0.515	0.758	2.14423232498824e-22	9	S100G	down
1.44672266900566e-26	-2.22946440661266	0.242	0.553	2.4031510254853e-22	9	CYBA	down
1.95404039230089e-26	-2.31614903414001	0.111	0.422	3.24585649565101e-22	9	CYTH1	down
2.44207869073885e-26	-3.64365691598472	0.039	0.335	4.05653691318631e-22	9	CDC25B	down
4.00174233039685e-26	-3.2923073317722	0.067	0.375	6.64729418502221e-22	9	C13H1orf162	down
1.10286885993519e-25	-3.76210505579817	0.064	0.33	1.83197546323834e-21	9	FSTL1	down
1.65756983543253e-25	-3.57243815615805	0.01	0.246	2.75338925363698e-21	9	SEMA4A	down
1.97515488416119e-25	-3.25032439818042	0.07	0.334	3.28092977808016e-21	9	LRP1	down
3.36616782636102e-25	-2.44656876624534	0.276	0.619	5.59154137636829e-21	9	S100P	down
9.5183648074075e-25	-2.69030211773567	0.227	0.539	1.58109557815846e-20	9	LOC138580806	down
2.05136481046495e-24	-5.08922225808871	0.01	0.266	3.40752208666332e-20	9	LPAR6	down
2.61927352751406e-24	-2.68069954647597	0.057	0.317	4.35087525655361e-20	9	ENTPD1	down
5.95969894366602e-24	-2.11057526233382	0.201	0.52	9.89965591532362e-20	9	VSIR	down
9.43052251578396e-24	-2.30741422416241	0.077	0.317	1.56650409509687e-19	9	IFI44	down
1.20282807159045e-23	-5.71084510379327	0.005	0.231	1.99801770971889e-19	9	LTB4R	down
1.85462275486578e-23	-5.02060243504549	0.013	0.255	3.08071385810754e-19	9	NCF1	down
4.55105372593666e-23	-2.04514358506866	0.412	0.655	7.55975534415338e-19	9	ODC1	down
4.89848607776351e-23	-3.56117081640819	0.034	0.292	8.13687522377296e-19	9	HPSE	down
5.28304938301897e-23	-3.63500333218907	0.049	0.312	8.77567333013281e-19	9	FABP2	down
7.2545259083172e-23	-1.93310433688729	0.376	0.6	1.20504929863057e-18	9	CD209	down
7.86507923943615e-23	-2.19597736356855	0.113	0.399	1.30646831246274e-18	9	ELF1	down
1.10956071292476e-22	-2.30185469882051	0.103	0.384	1.84309130023931e-18	9	PRKCD	down
1.15828867741757e-22	-3.36901812585654	0.044	0.285	1.92403332205832e-18	9	ADGRE1	down
1.26976785769602e-22	-2.88990846929281	0.07	0.334	2.10921138841885e-18	9	SORL1	down
1.3652538624965e-22	-5.02181072242004	0.015	0.241	2.26782319099293e-18	9	FGL2	down
3.13578030510786e-22	-5.61380146815399	0.015	0.241	5.20884466481466e-18	9	CHIT1	down
3.36517783004042e-22	-1.86389547222017	0.157	0.454	5.58989689348014e-18	9	RNF213	down
6.53258385957714e-22	-3.90992492609441	0.098	0.357	1.08512750491436e-17	9	BTN1A1	down
2.20655917837296e-21	-2.11771567783581	0.186	0.487	3.66531545119533e-17	9	RHOG	down
2.54208749698662e-21	-3.00645838894264	0.124	0.407	4.22266154124447e-17	9	PLIN3	down
3.77367769507435e-21	-2.69732755533188	0.044	0.271	6.26845601928801e-17	9	FGD4	down
4.40163599530765e-21	-4.66722008807484	0.018	0.234	7.31155755180554e-17	9	LMNB1	down
6.14975374167282e-21	-3.01042619520439	0.052	0.282	1.02153559402927e-16	9	SAMSN1	down
1.05318800881829e-20	-2.40404328439667	0.064	0.296	1.74945060144805e-16	9	TST	down
1.35217718002397e-20	-1.96103037032624	0.175	0.423	2.24610151373782e-16	9	TTN	down
2.59956369097175e-20	-3.03004037905609	0.046	0.287	4.31813524707318e-16	9	ADAP1	down
2.60543194088545e-20	-2.44190835979247	0.07	0.302	4.32788299700483e-16	9	ARHGAP33	down
2.70991053682733e-20	-3.53627775296821	0.021	0.225	4.50143239272388e-16	9	THRA	down
3.72635814590942e-20	-2.34905823586135	0.098	0.371	6.18985351617013e-16	9	ADAM	down
4.05161413013299e-20	-3.50386317335368	0.255	0.499	6.73013623156391e-16	9	COL1A2	down
4.36772719769856e-20	-3.06545541949018	0.054	0.288	7.25523164809707e-16	9	INSR	down
4.86594232482294e-20	-1.98727157817581	0.147	0.412	8.08281679576338e-16	9	RAPGEF6	down
5.32769301010279e-20	-3.03533467872561	0.054	0.297	8.84983085908175e-16	9	ARHGEF18	down
8.51490035978537e-20	-2.08862205563755	0.137	0.413	1.41441009876395e-15	9	NAMPT	down
1.38055258898271e-19	-2.50283959789858	0.062	0.277	2.29323590555918e-15	9	LRRC25	down
1.62035763035476e-19	-3.01910040988025	0.067	0.32	2.6915760597823e-15	9	CEACAM5	down
1.69171725816221e-19	-2.76089617752914	0.25	0.52	2.81011153753324e-15	9	LOC138580807	down
3.13861080899224e-19	-2.98060537281537	0.216	0.449	5.213546414817e-15	9	TKT	down
3.39283538640447e-19	-3.45281299194888	0.059	0.264	5.63583886035647e-15	9	SLC44A5	down
3.52278527684956e-19	-3.68953299680064	0.059	0.303	5.8516986233748e-15	9	TIMP1	down
3.96003352089775e-19	-2.58296630886343	0.142	0.371	6.57801168156325e-15	9	S100A13	down
5.19704290753519e-19	-2.75841393661845	0.054	0.295	8.6328079737067e-15	9	TMEM106B	down
5.92956761337782e-19	-2.53865005981086	0.103	0.334	9.8496047625819e-15	9	CORO1A	down
6.37301161298356e-19	-1.93734820075569	0.098	0.315	1.0586209590327e-14	9	ADGRG2	down
6.82986544543775e-19	-3.1632676639112	0.036	0.243	1.13450894914167e-14	9	CEBPB	down
6.87184831141403e-19	-3.07004470172196	0.046	0.275	1.14148272300898e-14	9	LOC138569198	down
7.58845809609225e-19	-2.5660871443585	0.137	0.414	1.26051877434188e-14	9	KRT19	down
9.82841330575838e-19	-3.65227913032693	0.059	0.303	1.63259773421952e-14	9	CXCL8	down
1.01733402733339e-18	-1.84775812094612	0.209	0.509	1.6898935528035e-14	9	ASAP1	down
1.0708485403958e-18	-2.49434254336501	0.075	0.338	1.77878651045146e-14	9	TNFRSF1A	down
2.15846541252973e-18	-2.2757281989337	0.121	0.373	3.58542689675314e-14	9	SLC23A2	down
2.52256380519991e-18	-3.61820176144457	0.028	0.245	4.19023073681757e-14	9	CLCA1	down
2.62344230779703e-18	-3.38176156562249	0.044	0.291	4.35780001748165e-14	9	FMNL1	down
3.07229074824829e-18	-1.9706977946547	0.178	0.415	5.10338216191523e-14	9	LOC138487737	down
3.52318361581896e-18	-2.54134583805194	0.052	0.267	5.85236030423688e-14	9	SH2B3	down
3.52526043782665e-18	-2.30139043653464	0.075	0.297	5.85581011327385e-14	9	AGAP2	down
6.75096984601878e-149	4.73768756945334	0.974	0.159	1.12140360112218e-144	9	NFATC1	up
1.95834213416658e-114	4.97988005404105	0.817	0.055	3.25300211906411e-110	9	TREM1	up
3.53251476867073e-111	5.75263504798901	0.907	0.327	5.86786028223894e-107	9	CTSK	up
1.49603250912481e-109	4.17365584187376	0.918	0.373	2.48505960090722e-105	9	CKB	up
1.98021192363295e-107	3.50300501395724	0.807	0.084	3.28933002634669e-103	9	ITGB3	up
3.360529458896e-106	4.56630430175327	0.82	0.089	5.58217548417215e-102	9	SLC9B2	up
1.82475743793398e-104	2.85719977192033	0.941	0.507	3.03110458015213e-100	9	CYCS	up
1.41541439607257e-101	2.60575148138544	0.925	0.349	2.35114485331615e-97	9	ATP1B1	up
1.44571331971045e-96	3.42828835031027	0.791	0.118	2.40147439537104e-92	9	PRDM1	up
1.67681736042341e-96	1.89708270688714	0.979	0.697	2.78536131739932e-92	9	ATP6V0C	up
1.81498860844245e-94	3.77527305813986	0.786	0.118	3.01487757748375e-90	9	XPR1	up
1.33463468554621e-92	2.24823102778313	0.964	0.485	2.21696167616081e-88	9	ATP6V1B2	up
2.0986629906614e-92	5.66935672242594	0.662	0.018	3.48608909378764e-88	9	PPARGC1A	up
6.91499635412779e-92	2.76983542755672	0.925	0.372	1.14865004438417e-87	9	ACP5	up
9.89240988964858e-92	8.52046166402213	0.639	0.012	1.64322820676953e-87	9	SLC4A2	up
1.38306083368514e-91	2.62786874758828	0.899	0.259	2.29740235083438e-87	9	ANPEP	up
2.01629271007154e-89	3.74285586316365	0.771	0.126	3.34926382069984e-85	9	ENO3	up
3.06001776931061e-89	3.18823384043295	0.809	0.156	5.08299551660185e-85	9	ITGAD	up
3.25294226582951e-89	3.09108887427879	0.827	0.193	5.4034623977694e-85	9	MSI2	up
8.73370634353461e-89	2.90370299826433	0.863	0.22	1.45075596072453e-84	9	SDC1	up
3.86716396692991e-88	2.66667357383733	0.853	0.257	6.42374606546728e-84	9	MPC1	up
1.12873563032382e-87	1.75678158762891	0.987	0.645	1.87494275553089e-83	9	ATP6V1A	up
5.42265632375817e-86	2.83393186722098	0.822	0.201	9.0075744193947e-82	9	HSPD1	up
4.73967319862233e-84	3.43667563650541	0.771	0.145	7.87307115023155e-80	9	CLCN7	up
4.60621360074841e-82	4.23331430539837	0.639	0.044	7.65138141220318e-78	9	ESRRG	up
8.4524543699797e-82	2.06171734429335	0.946	0.64	1.40403719539733e-77	9	ATP5MC3	up
3.1956760034017e-81	2.96453334402427	0.791	0.163	5.30833740925056e-77	9	FMNL2	up
1.18037231106645e-80	3.22781028910679	0.735	0.115	1.96071644591249e-76	9	ATP6V1C2	up
1.60155875160795e-80	3.59104188309625	0.765	0.191	2.66034924229596e-76	9	SLC37A2	up
1.03129417287848e-79	5.06818580367142	0.631	0.047	1.71308275056844e-75	9	DCBLD2	up
4.96859563143259e-79	1.62436592527616	0.951	0.729	8.25333420337267e-75	9	COX7A2	up
2.05976656984547e-78	3.07920244872838	0.719	0.118	3.42147824917032e-74	9	SIGLEC15	up
2.81908548229188e-78	3.62698813805387	0.701	0.112	4.68278289463504e-74	9	ID2	up
4.6041760127723e-75	1.97469040459927	0.881	0.408	7.64799677481607e-71	9	IDH2	up
9.73046021668758e-74	1.60742770741901	0.93	0.665	1.61632674659397e-69	9	ATP5MK	up
5.4053790558279e-72	1.96859425864978	0.838	0.322	8.97887514963573e-68	9	MGARP	up
1.144997283109e-71	1.60894571441255	0.948	0.53	1.90195498697236e-67	9	LMNA	up
2.31996998142582e-71	2.66094487640143	0.76	0.184	3.85370213614643e-67	9	PTPN22	up
3.45926231417717e-71	1.6653160677258	0.948	0.346	5.7461806300797e-67	9	CSF1R	up
3.51114638114051e-71	7.13945141739396	0.521	0.006	5.8323652537125e-67	9	CA7	up
5.51661241072476e-71	2.11529733707354	0.938	0.466	9.16364487545491e-67	9	MMP9	up
7.25220335367626e-71	1.75281737876639	0.905	0.449	1.20466349907916e-66	9	ATP6V1E1	up
8.83211553859681e-71	1.81691953169489	0.902	0.434	1.46710271211632e-66	9	TCIRG1	up
1.4668428236462e-70	1.55323444736693	0.951	0.46	2.4365726143587e-66	9	SPACA4	up
1.14958015309135e-69	2.00299612881294	0.843	0.319	1.90956759230004e-65	9	MDH1	up
2.14719786197765e-69	1.89355089232281	0.902	0.458	3.56671036853107e-65	9	IVNS1ABP	up
1.1804231977608e-68	2.88620731995069	0.722	0.145	1.96080097380047e-64	9	TTC39A	up
2.10905390627697e-68	4.29247611687383	0.593	0.044	3.50334944371668e-64	9	SLC24A3	up
2.53832954540709e-67	3.01862997919719	0.701	0.118	4.21641920787572e-63	9	PDZD2	up
2.30244409309975e-66	3.06365064938776	0.642	0.116	3.82458988304799e-62	9	DGKI	up
2.99411581453176e-66	1.50207773758885	0.907	0.609	4.9735257795187e-62	9	ATP5F1B	up
3.81907577310922e-65	1.71238667158249	0.889	0.466	6.34386676671172e-61	9	COX5A	up
1.68614378868929e-64	7.35054216265717	0.469	0.004	2.80085344739179e-60	9	DCSTAMP	up
2.3361719404552e-64	1.88994160976121	0.838	0.375	3.88061521029013e-60	9	UQCRB	up
7.97642078562831e-64	2.47674731987619	0.631	0.141	1.32496325670072e-59	9	PRELID3B	up
1.04969432518311e-63	2.82006492971097	0.668	0.149	1.74364724356166e-59	9	PLEKHM1	up
1.51843581081969e-63	1.94700705136668	0.822	0.354	2.5222737253526e-59	9	TMED10	up
2.11514367658224e-63	3.21996078500581	0.657	0.109	3.51346516117076e-59	9	CD44	up
1.4312037866813e-62	2.66514572857096	0.693	0.145	2.3773726100563e-58	9	SLCO4A1	up
2.3296933754717e-62	4.67976416040375	0.497	0.038	3.86985366599603e-58	9	SLC39A1	up
1.69168247821945e-61	3.38907830946202	0.577	0.079	2.81005376457033e-57	9	CHCHD10	up
6.51883108371955e-61	2.75053312504687	0.698	0.156	1.08284303131666e-56	9	PITPNC1	up
1.94219128863594e-60	4.97404081018318	0.485	0.027	3.22617394955316e-56	9	ANKH	up
3.07706688909993e-60	1.58341868725817	0.869	0.506	5.11131580948389e-56	9	ATP5PD	up
4.08454714442974e-60	2.33763349363667	0.642	0.137	6.78484126161224e-56	9	NRP2	up
1.12665279144962e-59	1.2499964696649	0.946	0.723	1.87148295187696e-55	9	NDUFA4	up
7.97151430158867e-59	2.59324564112939	0.644	0.137	1.32414824063689e-54	9	LDHB	up
1.595698200267e-58	1.6217398266286	0.858	0.472	2.65061428046351e-54	9	COX7A2L	up
2.16083981520915e-58	1.29346051552449	0.936	0.724	3.58937101704392e-54	9	COX6A1	up
1.05031162232295e-56	2.54744507460273	0.688	0.177	1.74467263584064e-52	9	MAST2	up
1.12709516350738e-56	2.50714158652022	0.631	0.131	1.87221777610211e-52	9	ACO2	up
2.17737116812034e-56	1.65517053676723	0.884	0.503	3.61683124736469e-52	9	UQCR10	up
3.53887762129585e-56	2.28421693519624	0.693	0.2	5.87842961673454e-52	9	CYC1	up
5.12753005329109e-56	1.99245464456607	0.825	0.327	8.51734017152183e-52	9	ATP6V1F	up
5.93188728997155e-56	1.44372509178587	0.92	0.538	9.85345797737174e-52	9	ATP6V0E1	up
9.1284163279197e-56	1.98591017909053	0.737	0.259	1.51632123623074e-51	9	CADM1	up
2.40144562902506e-54	2.0017226434922	0.691	0.198	3.98904133437353e-50	9	PIM3	up
3.01330908955944e-54	1.46556540153829	0.874	0.521	5.00540772866719e-50	9	ATP5F1A	up
4.9137722043086e-54	1.83812022711371	0.784	0.32	8.16226700857702e-50	9	ATP6V0B	up
6.35258369925787e-54	2.05037228341628	0.729	0.251	1.05522767828373e-49	9	ATP6V1D	up
6.61967655990223e-54	1.63296816618283	0.796	0.365	1.09959447336536e-49	9	NDUFB3	up
1.06588781509837e-53	1.5225095693925	0.905	0.458	1.77054624965991e-49	9	ATP6AP2	up
1.84308146954845e-53	1.56299840718365	0.869	0.518	3.06154262906693e-49	9	MOB1A	up
1.12538499161059e-52	1.90194950245686	0.799	0.304	1.86937700956435e-48	9	NEDD4L	up
1.22356380510235e-52	2.32111031185633	0.624	0.138	2.03246183665551e-48	9	C1QBP	up
4.69386754973479e-52	1.33581536263633	0.938	0.65	7.79698338686446e-48	9	ATP5PF	up
6.97166078578273e-52	1.51530828078985	0.887	0.437	1.15806257312637e-47	9	APBB1IP	up
1.73471938343258e-51	1.40068940318333	0.884	0.538	2.88154236781986e-47	9	ATP5F1D	up
2.28513368494963e-51	1.26667147301864	0.959	0.467	3.79583556406983e-47	9	LGMN	up
4.92457755118354e-51	1.68748538503113	0.784	0.335	8.18021577027098e-47	9	MICOS10	up
1.15487022917054e-49	1.2953994104364	0.902	0.572	1.91835493767519e-45	9	VDAC2	up
1.66494784553745e-49	4.89764588638224	0.412	0.018	2.76564486622225e-45	9	BCAR3	up
2.7621620592352e-49	5.51404089494005	0.387	0.009	4.58822739659559e-45	9	CHST2	up
4.3185304394384e-49	1.09366073827802	0.946	0.73	7.17351091295112e-45	9	COX6C	up
4.98449580524594e-49	2.47126306830893	0.644	0.175	8.27974598209403e-45	9	TNFRSF6B	up
5.56323926563432e-49	1.88298611232683	0.732	0.256	9.24109674414518e-45	9	ABR	up
5.9304380891156e-49	2.42866813040209	0.59	0.132	9.85105070982993e-45	9	SRC	up
9.59417142656418e-48	1.14172977418405	0.941	0.726	1.59368781566658e-43	9	UQCRH	up
1.66716793126426e-47	4.21064875149012	0.407	0.024	2.76933265062307e-43	9	OAF	up
4.65383950141336e-47	3.13050168628892	0.51	0.075	7.73049279579774e-43	9	MCOLN3	up
6.87988954763508e-111	-5.53591709589676	0.138	0.917	1.14281845275766e-106	10	VIM	down
6.32176297806029e-88	-6.38780805064211	0.023	0.727	1.0501080482856e-83	10	BASP1	down
1.21358331297671e-78	-5.95632025856484	0.106	0.727	2.01588324118562e-74	10	LYZ	down
2.47281612855774e-75	-6.03899589558818	0.034	0.659	4.10759487114725e-71	10	LGALS9	down
3.72029213944525e-74	-9.07404284268738	0	0.61	6.17977727283251e-70	10	CD53	down
2.78724083346148e-73	-4.48405352489139	0.046	0.684	4.62988574846287e-69	10	ANXA5	down
6.44043585996528e-73	-3.78101809277833	0.098	0.759	1.06982080069883e-68	10	MSN	down
5.43037078493948e-72	-5.6395031988686	0.034	0.652	9.02038891086297e-68	10	GRN	down
1.29564595039156e-70	-6.61944644567041	0.014	0.61	2.15219748819542e-66	10	CD209	down
1.58582712244626e-70	-7.60088482167511	0.003	0.596	2.63421743309548e-66	10	TARM1	down
2.80998953834463e-70	-5.21301022759445	0.181	0.753	4.66767362214427e-66	10	CTSL	down
4.7298668642128e-68	-4.1984483775684	0.089	0.672	7.85678184814388e-64	10	ATP6V1A	down
5.76184747792678e-62	-3.27293202253092	0.273	0.778	9.57100484558417e-58	10	NPC2	down
3.49650321289261e-61	-6.8949007714326	0.006	0.54	5.80804148693592e-57	10	SRGN	down
7.48500165391699e-61	-4.76281782277065	0.066	0.593	1.24333362473215e-56	10	CTSC	down
3.78205618655811e-60	-4.56895352493177	0.132	0.672	6.28237353149167e-56	10	CTSB	down
4.30639155205649e-60	-6.89189441460567	0.006	0.548	7.15334700712103e-56	10	FYB1	down
9.84133930671018e-60	-4.36184980647529	0.06	0.631	1.63474487223763e-55	10	LSP1	down
1.43043830343309e-58	-4.04259116882342	0.075	0.619	2.3761010658327e-54	10	BPI	down
9.07381727007224e-58	-8.15294026734601	0.003	0.541	1.5072517867317e-53	10	DOCK2	down
9.13886914721695e-58	-8.01909849921779	0.003	0.533	1.51805755404421e-53	10	CMKLR1	down
5.56033483312325e-57	-6.35946508725274	0.014	0.531	9.23627219130103e-53	10	TNFRSF1B	down
6.21563504270406e-57	-8.68727669499719	0	0.525	1.03247913694357e-52	10	VSIR	down
8.92707727813799e-57	-5.03974256775574	0.032	0.558	1.4828768066715e-52	10	CYBA	down
9.62519327904053e-57	-6.82105703942077	0.009	0.526	1.59884085558142e-52	10	LOC138503116	down
1.3231007271801e-56	-4.0520695626127	0.213	0.684	2.19780261791886e-52	10	PSAP	down
2.84198157214757e-55	-4.88072340381029	0.057	0.554	4.72081558949434e-51	10	S6C6	down
8.80317378060898e-55	-6.60230355982324	0.011	0.523	1.46229519669696e-50	10	LCP1	down
9.97157233650262e-54	-6.63717527698387	0.006	0.496	1.65637788081645e-49	10	FXYD5	down
1.43607802436694e-53	-2.9317505010716	0.273	0.718	2.38546920627593e-49	10	ATP6V0C	down
2.32451962934349e-53	-6.65362952693301	0.009	0.517	3.86125955630247e-49	10	PTPRC	down
2.59646611171007e-53	-4.76766357465253	0.037	0.547	4.3129898581616e-49	10	ARAP1	down
6.09250207182103e-52	-4.86529501911162	0.046	0.496	1.01202551915019e-47	10	CTSZ	down
5.27399589233942e-51	-5.47301527786574	0.032	0.495	8.760634576765e-47	10	LGMN	down
8.84958974341471e-51	-3.30741427079136	0.112	0.562	1.47000535227862e-46	10	ATP6V0E1	down
2.07561742489188e-50	-6.1994387294459	0.011	0.459	3.4478081044879e-46	10	CD300LF	down
3.42810648329964e-49	-4.1555509608001	0.055	0.513	5.69442767940902e-45	10	ATP6V1B2	down
8.6307180459429e-49	-4.38866305344292	0.032	0.526	1.43364857461157e-44	10	GNAI2	down
1.43570806909692e-48	-5.45869376838516	0.02	0.506	2.38485467357689e-44	10	ASGR1	down
1.22224073823843e-47	-5.45558852603074	0.014	0.471	2.03026409028786e-43	10	NRK	down
3.11744582569398e-47	-8.07949956504387	0	0.426	5.17838926106026e-43	10	CD68	down
3.25343896981105e-47	-4.39605852080851	0.106	0.581	5.40428747275314e-43	10	PLIN2	down
4.29428877596562e-47	-7.01324962071833	0.006	0.493	7.13324308575649e-43	10	GAS7	down
1.03899685319929e-46	-8.0678029999862	0	0.423	1.72587767284934e-42	10	AIF1	down
3.38266545873835e-46	-3.31075876645246	0.307	0.747	5.61894559351027e-42	10	LGALS1	down
4.36533754681062e-46	-2.42237604218039	0.261	0.696	7.25126219900712e-42	10	SH3BGRL3	down
6.61446023782397e-46	-4.62796377499486	0.026	0.46	1.09872799010494e-41	10	TCIRG1	down
7.24196295218676e-46	-7.35843228857656	0.003	0.45	1.20296246598774e-41	10	CYBB	down
3.41573183109596e-45	-4.91538747631634	0.026	0.466	5.6738721446335e-41	10	ASAH1	down
3.87654257954145e-45	-4.65677630364356	0.026	0.445	6.43932487887631e-41	10	TSPAN36	down
5.46633062336653e-45	-5.01572427624095	0.029	0.48	9.08012179847415e-41	10	CAT	down
1.16616419365274e-44	-3.66950965098782	0.069	0.529	1.93711534207656e-40	10	STOM	down
1.20995227973883e-44	-4.77740470745993	0.023	0.452	2.00985173187417e-40	10	EPB41L3	down
4.41723310321701e-44	-6.42173833416824	0.006	0.473	7.33746590775377e-40	10	C5AR1	down
4.49493324946002e-44	-5.49477910694402	0.023	0.488	7.46653362067804e-40	10	SPACA4	down
5.52704997266643e-44	-6.89180251881183	0.006	0.434	9.18098270959621e-40	10	VAT1	down
6.86953897880764e-44	-8.31758365559096	0	0.447	1.14109911976974e-39	10	NCKAP1L	down
6.99796470357847e-43	-6.61952572442967	0.003	0.388	1.16243191691142e-38	10	RGS1	down
1.04447485286713e-42	-5.98299729321051	0.009	0.437	1.73497717809759e-38	10	SDR16C5	down
1.42143986014318e-42	-3.73832062996892	0.066	0.512	2.36115375168383e-38	10	ASAP1	down
2.71955439145958e-42	-4.17502757023799	0.034	0.445	4.51745179965351e-38	10	LYN	down
3.39187264002889e-42	-1.9523436839674	0.342	0.724	5.634239642352e-38	10	RHOA	down
5.43709151179717e-42	-6.54756090550519	0.006	0.406	9.03155271024628e-38	10	CCDC88B	down
8.13321261504383e-42	-6.03790630549634	0.006	0.44	1.35100794748493e-37	10	ELMO1	down
1.1702026773984e-41	-4.390859308158	0.04	0.49	1.94382366742647e-37	10	RHOG	down
1.63222638097801e-41	-4.9420807608306	0.023	0.456	2.71129124144257e-37	10	PLEKHA2	down
2.06345605549282e-41	-5.42180993608272	0.023	0.443	3.42760685377913e-37	10	THEM5	down
2.46531674956794e-41	-4.49637886726028	0.06	0.483	4.09513765270731e-37	10	RNASET2	down
2.50113804352283e-41	-7.59694437527629	0	0.385	4.15464040409577e-37	10	ITM2C	down
2.97612387863831e-41	-5.42333659764411	0.009	0.417	4.9436393748061e-37	10	TYROBP	down
6.62862993517137e-41	-8.24780991042409	0	0.426	1.10108171853132e-36	10	ARHGAP30	down
7.45768202782571e-41	-1.99018401080039	0.483	0.795	1.23879556164213e-36	10	CD9	down
1.40225969494211e-40	-5.73242873138957	0.014	0.4	2.32929357926833e-36	10	ACP5	down
1.66040404772085e-40	-3.46751907369775	0.066	0.474	2.7580971636691e-36	10	ATP6V1E1	down
5.66167397913365e-40	-4.01659473996808	0.032	0.424	9.40460664673891e-36	10	ATP6AP1	down
1.06529610705627e-39	-5.03113810638792	0.072	0.495	1.76956336343117e-35	10	TCN1	down
1.80025001750411e-39	-2.0451707200353	0.305	0.683	2.99039530407607e-35	10	ARPC5	down
1.99419724786877e-39	-6.82701673198533	0.003	0.384	3.31256104843481e-35	10	ST8SIA4	down
2.0251316613843e-39	-5.87068431013096	0.009	0.373	3.36394620272546e-35	10	ALOX5AP	down
3.40155621690058e-39	-7.94248008593558	0	0.376	5.65032503189355e-35	10	C13H1orf162	down
3.82121556378355e-39	-3.85549248764533	0.055	0.484	6.34742117300085e-35	10	ATP6AP2	down
4.67567276880149e-39	-7.78866435216686	0.003	0.362	7.76676003625616e-35	10	C1QB	down
4.70472948096117e-39	-4.53540596496715	0.026	0.413	7.8150261408246e-35	10	SKAP2	down
5.38746281346593e-39	-6.51958370118005	0.006	0.369	8.94911447944825e-35	10	NCF2	down
7.08561737210747e-39	-8.38070418092143	0	0.358	1.17699190168077e-34	10	C1QC	down
1.00733746814849e-38	-1.93705122213842	0.293	0.656	1.67328826834146e-34	10	RTN4	down
2.51807103907793e-38	-3.48994181687564	0.101	0.503	4.18276780301234e-34	10	TNFAIP8	down
3.74326972687043e-38	-4.82100135518428	0.034	0.409	6.21794534330448e-34	10	PLIN3	down
4.8281501217656e-38	-4.31064019011964	0.037	0.445	8.02004016726484e-34	10	PRSS16	down
8.07622948838247e-38	-1.8424728854871	0.626	0.843	1.34154248031521e-33	10	ALDOA	down
1.02739295242326e-37	-5.86244282106156	0.009	0.4	1.70660243327027e-33	10	SLAMF8	down
2.26021645257511e-37	-7.78310125385637	0.003	0.406	3.75444554937251e-33	10	ITGAX	down
2.27385955408724e-37	-3.15308792640273	0.089	0.461	3.77710810529431e-33	10	APBB1IP	down
2.72428807089948e-37	-6.32206626618657	0.009	0.375	4.52531491457113e-33	10	CSF1R	down
4.13708985029125e-37	-6.0888491422979	0.014	0.378	6.87211995031879e-33	10	TLR5	down
4.36303544431565e-37	-2.10563785786616	0.259	0.651	7.24743817655273e-33	10	ARHGDIB	down
4.54881745243183e-37	-5.92572396483683	0.049	0.397	7.55604067023451e-33	10	PLBD1	down
1.00964984034369e-36	-6.63594132534125	0.003	0.355	1.6771293497949e-32	10	NAIP	down
1.11740830088194e-36	-2.43809804389866	0.172	0.563	1.85612692859499e-32	10	LAMP1	down
1.34485427497137e-36	-6.36878610824851	0.006	0.403	2.23393743615495e-32	10	FGR	down
2.94794597141684e-120	3.5014431885243	0.997	0.598	4.8968330531205e-116	10	S100P	up
1.11384721368406e-113	3.53478184361003	0.989	0.665	1.85021160665059e-109	10	KRT1	up
8.0347933748371e-112	2.99013219957752	0.989	0.346	1.33465952749419e-107	10	S100A13	up
1.07317118734293e-105	3.64505031890099	0.989	0.599	1.78264465929535e-101	10	S100A4	up
1.65530911915701e-103	3.49088822004573	0.871	0.123	2.74963397783172e-99	10	FXYD3	up
6.04517739833375e-102	3.31290304368429	0.888	0.15	1.00416441763722e-97	10	LOC138582574	up
6.50859423402616e-102	3.08069223594596	0.948	0.24	1.08114258821409e-97	10	PINLYP	up
1.42119871741284e-97	3.50076764758633	0.845	0.118	2.36075318949447e-93	10	DSP	up
9.63900587015501e-97	3.68617029253474	0.836	0.124	1.60113526509145e-92	10	SERPINB5	up
1.62218625534037e-96	3.18063647444455	0.917	0.256	2.69461358874589e-92	10	RihA	up
4.50049403323781e-92	3.7523648516789	0.767	0.102	7.47577063861132e-88	10	LOC138528712	up
9.46003830963613e-92	2.94568415803896	0.871	0.19	1.57140696361366e-87	10	PERP	up
1.33228892598077e-89	2.10464812912532	0.983	0.659	2.21306513494666e-85	10	PRDX1	up
1.10951774980702e-88	2.91054560964921	0.876	0.223	1.84301993420444e-84	10	EPCAM	up
1.24635382459924e-87	3.319218375749	0.805	0.137	2.07031833804181e-83	10	SERPINB1	up
7.46745679840587e-87	3.63194224223282	0.931	0.5	1.2404192487832e-82	10	LOC138580807	up
8.71697963487401e-86	1.7586202705081	0.991	0.717	1.44797748714892e-81	10	HMGN1	up
2.90730628814642e-82	3.42997997466416	0.876	0.291	4.82932647524001e-78	10	TGM3	up
8.99995480584881e-82	2.94984439653827	0.828	0.154	1.49498249279955e-77	10	CLDN7	up
1.22035349267098e-81	3.05211612289818	0.805	0.157	2.02712918667576e-77	10	EPPK1	up
2.00844555166659e-81	2.13119256789662	0.943	0.409	3.33622890587337e-77	10	VWA5A	up
2.05879544432728e-77	2.66588204380392	0.779	0.166	3.41986511257205e-73	10	DSG2	up
2.02378206714255e-72	2.61294486259963	0.761	0.18	3.36170439173049e-68	10	SPINT2	up
2.25706813484749e-71	3.06840015478222	0.773	0.215	3.74921587879516e-67	10	CA5A	up
4.71321887454704e-70	2.27083652238423	0.868	0.28	7.8291278725101e-66	10	LGALS3	up
2.01167670904652e-69	3.10585154627604	0.957	0.745	3.34159618139717e-65	10	S100G	up
1.29717433270426e-68	3.14393855025068	0.73	0.104	2.15473628405505e-64	10	TRIM29	up
5.40851790525024e-67	4.50883422361829	0.612	0.079	8.98408909241118e-63	10	AVR4	up
2.5931498155761e-65	3.20578312152278	0.885	0.52	4.30748115865347e-61	10	LOC138580806	up
5.40673462562953e-65	2.24891617764631	0.862	0.351	8.9811268866332e-61	10	MGST3	up
3.20773194887504e-64	2.959295371214	0.81	0.272	5.32836354027633e-60	10	LOC138472551	up
7.32424808056899e-64	4.91782680138887	0.799	0.361	1.21663084866331e-59	10	LOC138472541	up
9.34481621104108e-63	3.43584747889374	0.575	0.059	1.55226742081603e-58	10	CLDN4	up
1.35851169999701e-62	3.72324491586848	0.661	0.102	2.25662378486504e-58	10	A2M	up
8.70588093373383e-62	4.40202224442156	0.833	0.404	1.44613388190253e-57	10	LOC138472539	up
1.50349989325419e-58	3.04779794391845	0.664	0.096	2.49746367268454e-54	10	PKP1	up
1.93299562924199e-57	3.09205093518555	0.575	0.083	3.21089903973387e-53	10	DSC2	up
4.26957553574036e-57	1.84898472225551	0.922	0.478	7.09219192241831e-53	10	C2PH19orf33	up
1.0564621482741e-56	2.3316202631906	0.744	0.215	1.75488927449811e-52	10	MYO10	up
5.36764896197229e-56	2.86248671709416	0.621	0.116	8.91620169073217e-52	10	AGR2A	up
9.18967852465191e-56	3.92290946006838	0.767	0.395	1.52649749972993e-51	10	KRT19	up
1.27028378637363e-54	3.90871452057842	0.58	0.078	2.11006839754524e-50	10	LOC138511169	up
2.60571530528879e-54	1.90747208093276	0.833	0.383	4.32835369361521e-50	10	PRDX5	up
2.76750833012834e-54	5.08010440141848	0.503	0.047	4.59710808717619e-50	10	WFDC3	up
8.0112337462205e-54	3.24967013920855	0.563	0.058	1.33074603758469e-49	10	LOC138570219	up
3.48018654108774e-53	5.0064610607631	0.557	0.131	5.78093786340084e-49	10	LOC138472543	up
3.51770514625002e-53	4.15088374291422	0.529	0.066	5.84326001843591e-49	10	LOC138525707	up
5.43493429485548e-53	3.26242884878192	0.503	0.057	9.02796935718444e-49	10	UPK1A	up
1.04196569155819e-52	1.78301529197156	0.75	0.275	1.73080921024731e-48	10	GSTA4	up
1.64341874287447e-51	2.66843447541531	0.618	0.114	2.72988287378878e-47	10	EMP2	up
4.86904957841833e-51	3.1709510454218	0.566	0.092	8.08797825471069e-47	10	ENDOU	up
6.29870695971467e-51	3.05045481502179	0.724	0.255	1.0462782130782e-46	10	LPO	up
3.6316704668764e-50	2.55878763150895	0.534	0.094	6.03256781252839e-46	10	TSPAN13	up
7.70115563330729e-50	2.93675117689227	0.546	0.085	1.27923896224867e-45	10	FCGBP	up
1.11014340891362e-49	4.98216645378131	0.509	0.084	1.84405921654642e-45	10	LOC138472545	up
5.67386723563883e-49	2.18888192989697	0.667	0.171	9.42486086511965e-45	10	LIMA1	up
5.05618738288547e-48	3.18764898432011	0.474	0.049	8.39883286171105e-44	10	EVPL	up
6.9773083708806e-48	4.80765039423266	0.586	0.164	1.15900069348698e-43	10	LOC138472540	up
1.20985166038792e-47	2.01802899884986	0.744	0.281	2.00968459307038e-43	10	ASS1	up
1.82598707302657e-46	5.17930592765564	0.434	0.045	3.03314712700444e-42	10	BR3	up
1.93425207662941e-46	4.50994987646662	0.408	0.023	3.21298612448912e-42	10	LOC138528711	up
2.08676064780455e-46	1.49267779214879	0.908	0.562	3.46631811206813e-42	10	CAPNS1	up
3.16347173609914e-46	1.55479395704991	0.819	0.316	5.25484290083429e-42	10	GSTP1	up
2.28621610311257e-45	2.81536800631034	0.52	0.064	3.7976335688803e-41	10	SCEL	up
2.78133387265895e-45	2.18231329282678	0.681	0.196	4.62007369587379e-41	10	FAM162A	up
4.68009688437849e-45	2.77354105662039	0.552	0.08	7.77410893464111e-41	10	AP1S3	up
4.75771059477137e-45	5.27576369544936	0.56	0.14	7.90303306897472e-41	10	LOC138472542	up
7.45758648046599e-45	5.21811805310364	0.448	0.065	1.23877969027021e-40	10	LOC138472546	up
3.32971364783663e-44	1.2389456151778	0.874	0.623	5.53098734042142e-40	10	SNRPF	up
2.72504298667357e-43	1.09790030546666	0.957	0.669	4.52656890516346e-39	10	SNRPG	up
7.0473171633326e-43	4.68736177121438	0.589	0.209	1.17062985400118e-38	10	LOC138472547	up
1.0483277286821e-42	1.32479018297887	0.856	0.521	1.74137719011384e-38	10	LOC138488548	up
2.48935272558371e-42	2.30767675386631	0.555	0.113	4.1350638124671e-38	10	OTOA	up
2.75976830151704e-42	2.61363958805197	0.537	0.093	4.58425112564995e-38	10	KLF5	up
1.43949904648124e-41	2.38573935451894	0.546	0.088	2.39115186610999e-37	10	SYTL2	up
1.61370692617221e-41	3.23430582955637	0.411	0.045	2.68052857506466e-37	10	SOX19	up
6.73560592173255e-41	2.96896976826334	0.454	0.056	1.11885149965899e-36	10	PPL	up
1.4314288548591e-40	1.54020688500202	0.828	0.426	2.37774647080646e-36	10	AHCY	up
3.23365053744573e-40	3.28661217505453	0.477	0.058	5.3714169077511e-36	10	ELF3	up
3.31024274461032e-40	4.34292016922533	0.704	0.416	5.4986442230722e-36	10	LOC138472538	up
5.96527027046306e-40	3.01899668563725	0.638	0.203	9.90891044626619e-36	10	METTL	up
2.05234672330637e-39	3.36246729329882	0.532	0.143	3.40915314208421e-35	10	LOC138521056	up
4.01996306346317e-39	1.20889572947269	0.874	0.504	6.67756064471867e-35	10	UQCR10	up
5.80164367483923e-39	3.4622366845617	0.359	0.034	9.63711030827544e-35	10	GJB4	up
9.01456778739319e-37	3.99706455997549	0.345	0.036	1.49740985516388e-32	10	VWA7	up
2.96820669732349e-36	3.04416686877504	0.468	0.086	4.93048814492406e-32	10	LOC138487720	up
1.11038894051207e-35	1.95936873674831	0.701	0.293	1.8444670690846e-31	10	FABP2	up
6.0799396494188e-35	3.00688784191076	0.44	0.082	1.00993877516496e-30	10	MALL	up
1.21914966026723e-34	1.26029327832314	0.753	0.409	2.0251295006699e-30	10	PA2G4	up
1.84836976713287e-34	1.01675218076555	0.908	0.624	3.07032702018441e-30	10	ATP5IF1	up
2.02102280836431e-34	2.74457444796896	0.405	0.052	3.35712098697396e-30	10	FAM3B	up
3.47129684605115e-34	3.93699867535285	0.382	0.037	5.76617119097556e-30	10	LOC138569270	up
1.05172367138634e-33	3.24827945334996	0.328	0.035	1.74701819053985e-29	10	MAL2	up
3.58975039374698e-33	2.62677953501566	0.388	0.061	5.96293437905311e-29	10	AGR2	up
7.8913889972718e-33	1.16727028161324	0.874	0.54	1.31083862633682e-28	10	ATP5F1D	up
8.83346138138471e-33	2.73600385493622	0.411	0.061	1.46732627006181e-28	10	LOC138527095	up
1.34863546586356e-31	2.97933000280518	0.362	0.042	2.24021837234595e-27	10	ESRP2	up
1.40629562818064e-31	2.63613405404098	0.414	0.064	2.33599766797086e-27	10	RAB27B	up
2.14096200812866e-31	1.23962390072418	0.675	0.317	3.55635199170253e-27	10	TUSC3	up
2.66467895374133e-31	3.24091278755095	0.336	0.039	4.42629821005972e-27	10	HAS1	up
8.05441765312644e-53	-4.15177425968018	0.197	0.778	1.33791931636083e-48	11	LOC138562538	down
9.02695285997904e-50	-5.30796484305749	0.149	0.721	1.49946713957112e-45	11	LYZ	down
6.75861862929256e-48	-5.04127720062942	0.075	0.657	1.12267414051179e-43	11	PLAUR	down
1.34891268690046e-40	-5.23933056179413	0.031	0.589	2.24067886421035e-36	11	TARM1	down
2.08233211587614e-37	-5.78804939926081	0.026	0.55	3.45896187768185e-33	11	S6C6	down
7.13148593936621e-36	-5.78223304345788	0.018	0.542	1.18461112938812e-31	11	FYB1	down
1.35839553200906e-35	-2.44291458158134	0.561	0.842	2.25643081822025e-31	11	ALDOA	down
5.74379984224602e-35	-5.70750311066366	0.018	0.512	9.54102591795486e-31	11	PTPRC	down
1.47890407477025e-34	-5.97820686173161	0.018	0.518	2.45660755860086e-30	11	LCP1	down
2.41578952032149e-33	-3.0129415252617	0.202	0.643	4.01286797220603e-29	11	GRN	down
2.97211613766932e-33	-3.9297213039894	0.075	0.552	4.93698211628251e-29	11	CYBA	down
3.42074181952018e-33	-5.87494175846602	0.013	0.52	5.68219423640496e-29	11	LOC138503116	down
4.03935478224968e-33	-4.36926949829615	0.048	0.525	6.70977222879495e-29	11	STOM	down
7.76300664013089e-33	-2.81931711399301	0.162	0.612	1.28951303299214e-28	11	BPI	down
1.08218870368283e-32	-6.20669978727007	0.018	0.536	1.79762365568756e-28	11	DOCK2	down
1.41480078896967e-32	-4.74035813118473	0.031	0.519	2.35012559055752e-28	11	VSIR	down
1.01599462010723e-31	-2.82577131689736	0.154	0.594	1.68766866346012e-27	11	PGD	down
2.37170846528043e-31	-3.44312958329644	0.14	0.602	3.93964493167733e-27	11	CD209	down
5.61604062982655e-31	-4.22257835241823	0.061	0.514	9.32880509020489e-27	11	WFDC5	down
1.71813514999537e-29	-4.39389707369853	0.066	0.527	2.85399429765731e-25	11	CMKLR1	down
1.88471426908263e-29	-4.83295656067371	0.022	0.452	3.13069887237316e-25	11	PLEKHA2	down
6.11448559451963e-29	-5.21244043663868	0.022	0.468	1.01567720210566e-24	11	C5AR1	down
1.04427724818169e-28	-4.93481500113666	0.018	0.459	1.7346489369546e-24	11	APBB1IP	down
2.64934301775022e-28	-4.3875892086625	0.057	0.5	4.40082368678488e-24	11	TNFAIP8	down
3.3844648934583e-28	-4.86968372120357	0.013	0.422	5.62193463452358e-24	11	CD68	down
1.3458130300287e-27	-5.14887423255241	0.018	0.446	2.23553002418068e-23	11	CYBB	down
1.83471567830068e-27	-5.47480968772405	0.075	0.491	3.04764621322526e-23	11	TCN1	down
2.00926172678488e-27	-6.1082678864341	0.009	0.443	3.33758465436237e-23	11	NCKAP1L	down
4.93225367862054e-27	-4.70040877064196	0.026	0.454	8.19296658555657e-23	11	CD300LF	down
1.10634625165997e-26	-3.58646636790182	0.096	0.541	1.83775175863237e-22	11	ARAP1	down
2.06918015988161e-26	-4.27256061710845	0.022	0.418	3.43711516357934e-22	11	AIF1	down
2.9259562722761e-26	-2.24765779352863	0.351	0.714	4.86030596387783e-22	11	BASP1	down
6.74450757138213e-26	-3.15685787639768	0.083	0.44	1.12033015268229e-21	11	TSPAN36	down
7.55197933624523e-26	-5.21437276156004	0.013	0.395	1.25445928754369e-21	11	RGS10	down
1.59018358876062e-25	-6.03848142648856	0.009	0.422	2.64145395929026e-21	11	ARHGAP30	down
3.01976310553019e-25	-2.7315564235962	0.114	0.49	5.01612849459619e-21	11	IFITM3	down
5.45197400958433e-25	-5.5921359848185	0.013	0.423	9.05627402732054e-21	11	CD22	down
7.58786549825956e-25	-5.45923818587535	0.022	0.394	1.2604203379159e-20	11	PLBD1	down
1.31125584198291e-24	-3.68317502094418	0.11	0.524	2.17812707911781e-20	11	TNFRSF1B	down
1.43929691211661e-24	-5.73308812387812	0.004	0.373	2.3908161007169e-20	11	C13H1orf162	down
5.01726034324283e-24	-5.50828087088002	0.009	0.402	8.33417115616067e-20	11	CCDC88B	down
7.01358769147692e-24	-6.04991534707262	0.009	0.375	1.16502705143123e-19	11	TLR5	down
7.26011717265914e-24	-6.57394915475437	0.009	0.402	1.20597806355041e-19	11	ITGAX	down
2.01477522928002e-23	-2.67483720384427	0.026	0.353	3.34674313335703e-19	11	RUNX1	down
2.08203787426905e-23	-6.48059818161059	0.004	0.366	3.45847311294831e-19	11	NCF2	down
2.74801895401827e-23	-5.91935428925781	0.026	0.389	4.56473428451974e-19	11	CATHL1	down
2.93671397860959e-23	-4.92185918621643	0.018	0.369	4.87817558986838e-19	11	ADAM	down
4.7236621250455e-23	-4.49695790174599	0.039	0.407	7.84647515591307e-19	11	TGFBI	down
5.96444314847421e-23	-3.96674491851899	0.07	0.436	9.90753651393051e-19	11	AVD	down
9.17934457965041e-23	-5.84236191315803	0.009	0.359	1.52478092812573e-18	11	C1QB	down
9.9516337848869e-23	-4.55440052258124	0.022	0.349	1.65306588800756e-18	11	TPRG1	down
1.15417866274249e-22	-2.98070457865952	0.114	0.482	1.91720617668155e-18	11	SPACA4	down
1.27772387418915e-22	-5.37591359171648	0.013	0.371	2.1224271274156e-18	11	CSF1R	down
1.30860395535015e-22	-4.21516476215135	0.048	0.421	2.17372203023213e-18	11	FBP1	down
1.92530084957149e-22	-4.24588803872419	0.026	0.369	3.19811724122319e-18	11	ALOX5AP	down
2.64003177102733e-22	-6.01184462724962	0.004	0.352	4.38535677485349e-18	11	NAIP	down
2.83885408083566e-22	-4.78544143584576	0.018	0.368	4.71562051367611e-18	11	MBP	down
4.47223939129235e-22	-5.35192829868709	0.009	0.359	7.42883685287572e-18	11	MYO1F	down
5.76641534001464e-22	-2.05381023341029	0.215	0.563	9.57859252129831e-18	11	ARPC1B	down
7.26019132237253e-22	-5.64164176870928	0.004	0.304	1.2059903805593e-17	11	PIK3AP1	down
7.3535907736784e-22	-4.11984960915333	0.031	0.383	1.22150496341572e-17	11	RGS1	down
7.88766985762516e-22	-5.75623908812868	0.009	0.355	1.31022084005012e-17	11	C1QC	down
1.25331016948949e-21	-4.09021217722766	0.018	0.315	2.081873522539e-17	11	CADM3	down
3.439109135539e-21	-1.64417725609536	0.404	0.689	5.71270418504384e-17	11	SH3BGRL3	down
3.74448523913769e-21	-4.88620899764818	0.018	0.333	6.21996443073162e-17	11	CXCR2	down
4.9132130258469e-21	-5.14387615015561	0.013	0.357	8.16133815723429e-17	11	WDFY4	down
5.69273383312081e-21	-4.55545484901395	0.018	0.328	9.45620017019697e-17	11	CARMIL3	down
7.40387964174356e-21	-2.17956521263455	0.193	0.559	1.22985844729002e-16	11	TCHH	down
8.19001143527787e-21	-3.73541585638407	0.026	0.349	1.36044279951401e-16	11	KLRB1	down
1.85067268323499e-20	-6.11044728132095	0.013	0.32	3.07415239412165e-16	11	SFTPD	down
1.85800785892515e-20	-2.60921639167777	0.272	0.636	3.08633685446056e-16	11	GSTM4	down
2.08417897309817e-20	-6.77599900107104	0.004	0.313	3.46202969221338e-16	11	MARCO	down
2.87324411664079e-20	-5.06376759774933	0.039	0.381	4.77274580215202e-16	11	APOE	down
3.60252940644889e-20	-5.60764800301859	0.009	0.318	5.98416159705226e-16	11	CEACAM5	down
3.6077505489362e-20	-4.88099193900634	0.031	0.369	5.99283443683792e-16	11	UCP2	down
4.11561316406733e-20	-3.46283920688611	0.079	0.395	6.83644502683225e-16	11	ACP5	down
6.1750986428431e-20	-4.22836343005249	0.026	0.363	1.02574563556267e-15	11	PLA2G4C	down
9.86815627102754e-20	-3.34376954278121	0.237	0.524	1.63919943818039e-15	11	LGALS3BP	down
1.06946321252066e-19	-5.46895505445495	0.004	0.293	1.77648534231807e-15	11	TNFAIP8L2	down
2.10048085645643e-19	-3.14453865611754	0.061	0.409	3.48910875065978e-15	11	SKAP2	down
3.04374041872615e-19	-4.68710191860394	0.004	0.262	5.05595720954601e-15	11	ATP6V0D2	down
6.64817038863572e-19	-5.81531453032484	0.004	0.305	1.10432758325628e-14	11	CYTH4	down
7.98982769793342e-19	-7.25599879933982	0	0.263	1.32719027890372e-14	11	SLC44A5	down
9.43108222277824e-19	-4.56696452838433	0.022	0.332	1.56659706802569e-14	11	CORO1A	down
1.00848523390134e-18	-1.61048995614732	0.377	0.678	1.67519482203352e-14	11	ARPC5	down
1.04973513589175e-18	-4.84587482092689	0.013	0.296	1.74371503422979e-14	11	AGAP2	down
1.32285419714185e-18	-5.93948908023822	0.004	0.308	2.19739310687233e-14	11	UNC13D	down
1.33768282535319e-18	-5.43590669132644	0.013	0.307	2.22202494119419e-14	11	MAG	down
2.15950661543573e-18	-2.53544236487736	0.079	0.386	3.58715643890029e-14	11	EFHD2	down
2.58102148565674e-18	-4.83939702602446	0.022	0.31	4.28733478982442e-14	11	TP53AIP1	down
4.56494988539077e-18	-3.11244430400383	0.075	0.436	7.5828382546226e-14	11	CYRIB	down
4.82309445739827e-18	-1.50364184632264	0.526	0.769	8.01164220318426e-14	11	ENO1	down
5.21140470071611e-18	-3.94949810498875	0.026	0.313	8.65666434835954e-14	11	DOCK10	down
5.78181171965004e-18	-6.77078041395007	0	0.284	9.60416744751068e-14	11	ANPEP	down
5.80460652097106e-18	-3.00830143863037	0.154	0.478	9.64203189198503e-14	11	RNASET2	down
5.99134057642831e-18	-4.81271869328693	0.013	0.312	9.95221583150506e-14	11	DOCK8	down
6.06832620645315e-18	-6.01150167551841	0.022	0.311	1.00800966615393e-13	11	ARG1	down
7.56511973518703e-18	-6.77005073592345	0	0.289	1.25664203921192e-13	11	FMNL1	down
8.2102645553958e-18	-3.88788404598467	0.031	0.337	1.3638070452968e-13	11	BLNK	down
8.22633804570923e-18	-3.08682636238828	0.092	0.404	1.36647701277276e-13	11	TREX2	down
4.05083373346579e-135	8.47144731248421	0.93	0.007	6.72883991466003e-131	11	RELN	up
7.88315017607653e-131	7.71928598281033	0.93	0.028	1.30947007574807e-126	11	HAPLN3	up
4.50738153850892e-124	6.25338534885074	0.904	0.032	7.48721147361716e-120	11	MMRN1	up
2.10206709967294e-123	5.44795871051835	0.978	0.108	3.49174365926672e-119	11	PRSS23	up
4.18368556568544e-123	5.40304389555561	0.982	0.146	6.94952009316008e-119	11	MRC1	up
1.31789384092483e-120	4.49287302302356	0.991	0.093	2.18915345916024e-116	11	VWF	up
1.98234658712239e-104	4.08212713337709	0.908	0.099	3.292875915869e-100	11	ICAM1	up
4.56333383185484e-102	6.28803222254352	0.768	0.019	7.58015382809408e-98	11	UNC5B	up
6.86267089559257e-101	5.02636360644646	0.846	0.069	1.13995826246688e-96	11	STAB1	up
2.00911621054757e-95	4.10466298496387	0.908	0.138	3.33734293734057e-91	11	NRP2	up
4.06935900971877e-94	7.19226541259533	0.693	0.009	6.75961225104385e-90	11	FLT4	up
5.19714208276541e-90	3.20425714829346	0.952	0.175	8.63297271368162e-86	11	LTBP1	up
4.16004079750296e-83	6.6946412928551	0.649	0.013	6.91024376873217e-79	11	PROX1	up
1.22349795740936e-81	3.79896506577912	0.811	0.12	2.03235245705269e-77	11	ADD3	up
2.44145253163578e-81	3.1950908077937	0.82	0.118	4.05549680030019e-77	11	SPTBN1	up
1.18744324798489e-80	5.50874421725267	0.654	0.022	1.97246197922771e-76	11	FGF10	up
3.38222147938502e-80	3.61099537310668	0.829	0.116	5.61820809940646e-76	11	GASK1B	up
1.24767912032079e-78	4.19924495040277	0.64	0.03	2.07251978676487e-74	11	NR6A1	up
1.96911113422435e-77	3.74862216724938	0.724	0.064	3.27089050506007e-73	11	JCAD	up
6.99669217677759e-77	2.68114059657065	0.961	0.429	1.16222053748453e-72	11	ITGBL1	up
4.01041665341066e-75	4.36072795532149	0.711	0.055	6.66170310298044e-71	11	ZNF521	up
9.15134537499019e-75	4.46939328114312	0.719	0.045	1.52012998023962e-70	11	LRRC32	up
7.23522904435406e-74	3.16855305609501	0.754	0.087	1.20184389655765e-69	11	LIFR	up
2.91789550538465e-73	3.00548186079654	0.776	0.072	4.84691622399445e-69	11	PRX	up
8.15525303495762e-72	2.49199851113353	0.93	0.36	1.35466908163681e-67	11	FAM107B	up
1.73910920600553e-70	4.1385222482685	0.632	0.039	2.88883430209579e-66	11	CLDN11	up
4.11428514665124e-70	4.18162146788876	0.719	0.064	6.83423905710238e-66	11	IGFBP1	up
7.31806536188015e-70	4.75739612863419	0.601	0.03	1.21560383726191e-65	11	GJC2	up
1.74058484960726e-69	2.62417597997318	0.851	0.145	2.89128549368263e-65	11	CAV1	up
9.14651985786217e-69	2.97474255422457	0.724	0.07	1.51932841358948e-64	11	SHANK3	up
3.25799558768193e-68	3.54434368627851	0.715	0.074	5.41185647069846e-64	11	NFIX	up
4.53162954668554e-68	4.94955706041126	0.64	0.041	7.52748983999935e-64	11	TSPAN18	up
2.1139699593398e-67	3.28060543331162	0.746	0.16	3.51151549945935e-63	11	IQSEC1	up
4.0452157154783e-67	3.26126531298074	0.711	0.072	6.719507824981e-63	11	GNGT1	up
5.68767597482723e-66	2.51006944991949	0.838	0.142	9.44779856178552e-62	11	HSPG2	up
1.99886749370093e-65	2.76776093449277	0.816	0.188	3.32031879378661e-61	11	PCDHGC3	up
3.66051285042334e-65	3.03687926544008	0.737	0.123	6.08047789583822e-61	11	NFIB	up
1.40207939277425e-64	2.38667470495582	0.917	0.311	2.3289940793373e-60	11	FSTL1	up
3.17925381562141e-64	3.88817118839094	0.605	0.042	5.28105851312872e-60	11	KLHL4	up
4.70379486710636e-63	3.65201729585747	0.697	0.082	7.81347365375037e-59	11	SERPING1	up
6.64316713938363e-63	7.17234813065147	0.535	0.013	1.10349649352301e-58	11	STAB2	up
7.51734820433631e-62	4.15686059990809	0.596	0.043	1.2487067102223e-57	11	PDPN	up
2.89143539853822e-61	4.00828676169239	0.618	0.042	4.80296334051183e-57	11	LYVE1	up
3.15086371833052e-60	6.45001149006826	0.487	0.007	5.23389972251882e-56	11	SNCA	up
2.45628440478781e-58	2.84354472748892	0.811	0.256	4.08013402479303e-54	11	RHOB	up
7.14793013827021e-58	3.29368679067312	0.654	0.058	1.18734267526807e-53	11	LOC138472433	up
2.58350248150263e-57	2.46967009393639	0.868	0.306	4.29145597202402e-53	11	CTNNB1	up
2.49862923157606e-56	3.09567924726276	0.627	0.1	4.15047301657099e-52	11	EPB41L2	up
1.21017295662831e-55	3.7624641693974	0.596	0.06	2.01021829825529e-51	11	NPR1	up
1.40256505543041e-54	2.8102439725676	0.675	0.104	2.32980081357545e-50	11	NID2	up
5.99802335706143e-54	3.61714802555968	0.544	0.049	9.96331659841474e-50	11	BCL6B	up
1.30902437493372e-53	4.54663374863417	0.474	0.025	2.1744203892024e-49	11	GPX3	up
1.95200615177638e-53	2.30487497790142	0.803	0.24	3.24247741871574e-49	11	FSCN1	up
2.03313416740597e-53	2.66020494909423	0.75	0.202	3.37723916547806e-49	11	SMAD1	up
3.57947769948353e-53	4.97526975870363	0.461	0.019	5.9458704066121e-49	11	ENPP2	up
2.24976229340902e-52	2.94204749846968	0.649	0.103	3.73708014558173e-48	11	FCHSD2	up
3.85162533890277e-52	2.34318050570836	0.86	0.288	6.39793485045139e-48	11	SEPT2	up
9.37308960353116e-51	2.6038161112814	0.654	0.163	1.55696391404256e-46	11	SERPINE2	up
1.12570456592016e-50	3.91779928218234	0.504	0.035	1.86990785444997e-46	11	RASIP1	up
6.08939029830573e-50	1.16933487633921	0.921	0.377	1.01150862245156e-45	11	SPARC	up
1.65048490520772e-48	4.67753325586584	0.439	0.021	2.74162047604054e-44	11	TBX1	up
3.75553410075084e-48	4.59463838227366	0.496	0.031	6.23831769475722e-44	11	VEGFA	up
4.31183239917078e-48	2.79515160176996	0.649	0.139	7.16238479826258e-44	11	MYH10	up
5.18726340319546e-48	2.48152126009504	0.632	0.103	8.61656323904798e-44	11	CAVIN2	up
6.47492256995154e-48	2.0305271253501	0.605	0.069	1.07554938809465e-43	11	PLVAP	up
1.38692156590285e-47	2.74358777157229	0.675	0.162	2.30381541312123e-43	11	ADD1	up
1.91731247603223e-47	3.52957093055611	0.557	0.058	3.18484775393714e-43	11	SLC22A23	up
5.39307021112892e-47	4.52275755400613	0.474	0.031	8.95842892770625e-43	11	HYAL2	up
7.78215993678344e-47	3.23788238554279	0.522	0.06	1.2926945870991e-42	11	GNAQ	up
3.65454221302398e-46	3.98254928491468	0.487	0.035	6.07056007005414e-42	11	FGD5	up
4.80932666038228e-46	3.16028306481797	0.553	0.075	7.98877251556101e-42	11	GALNT18	up
7.14466579742031e-46	2.21278785451933	0.706	0.189	1.18680043560949e-41	11	ECM1	up
1.06967373429987e-45	3.65013923177793	0.509	0.05	1.77683504004551e-41	11	RGL3	up
1.14803681855767e-45	3.12148896092697	0.557	0.099	1.90700395930615e-41	11	CYSLTR1	up
1.40268344635447e-45	2.49185661977738	0.693	0.155	2.32999747273942e-41	11	TJP1	up
8.8745136296439e-45	2.18403980115491	0.807	0.277	1.47414545902015e-40	11	IFITM1	up
2.63183139105005e-44	3.08928105660504	0.509	0.058	4.37173512367324e-40	11	KANK3	up
3.31882530254496e-44	3.0284864359716	0.561	0.091	5.51290071005743e-40	11	AFDN	up
1.77068598243104e-43	2.43318069649211	0.605	0.094	2.9412864854162e-39	11	CAVIN1	up
3.74428932616042e-43	3.10171576612163	0.548	0.078	6.21963899968507e-39	11	TFPI2	up
3.81465188905902e-43	1.68826984756717	0.89	0.466	6.33651825291594e-39	11	MARCKS	up
3.99827290283361e-43	2.06681176017766	0.803	0.326	6.6415311188969e-39	11	MYADM	up
6.03583587767288e-43	5.64038323800464	0.36	0.008	1.00261269764024e-38	11	ABLIM2	up
1.08789623476528e-42	2.28481056558801	0.746	0.265	1.80710443556861e-38	11	CADM1	up
8.70005528855254e-42	3.26341538050371	0.487	0.052	1.44516618398146e-37	11	BDKRB2	up
9.0658650273165e-42	1.69828486142531	0.904	0.413	1.50593083968754e-37	11	VAT1	up
1.03914740565923e-41	3.06414821811602	0.469	0.063	1.72612775554055e-37	11	SEPTIN10	up
1.13430535025003e-41	2.1785293186718	0.768	0.287	1.88419461730032e-37	11	FLI1	up
1.15633528010815e-41	3.53051471669878	0.518	0.064	1.92078853378765e-37	11	SEMA3A	up
1.18903659364657e-41	2.94001629320165	0.509	0.073	1.97510868570631e-37	11	PROM1	up
1.2019729027542e-41	2.15215838057085	0.658	0.166	1.996597188765e-37	11	PTPRM	up
1.26300012101089e-41	1.99770353136203	0.763	0.29	2.09796950101119e-37	11	ELK3	up
1.27263656477491e-41	3.03303201305523	0.548	0.098	2.11397659774761e-37	11	FAM174B	up
1.48171767511087e-41	3.04441263598318	0.509	0.048	2.46128123012667e-37	11	EGFL7	up
3.56299769301697e-41	2.72918141698899	0.596	0.134	5.91849546787048e-37	11	DAB2	up
4.02143920869814e-41	3.59155247547234	0.43	0.042	6.68001266956847e-37	11	ABCB5	up
1.05964147315991e-40	2.48599964550872	0.649	0.148	1.76017045106593e-36	11	TNS1	up
1.82464535020986e-40	2.15343908730039	0.684	0.201	3.0309183912336e-36	11	DOCK9	up
2.11604217189226e-40	3.83467032166073	0.452	0.044	3.51495765173024e-36	11	PLAT	up
2.55830381994927e-40	4.27461894020257	0.421	0.032	4.24959847531773e-36	11	ARHGAP28	up
1.11894224353572e-44	-3.41382620747574	0.174	0.718	1.85867496073718e-40	12	BASP1	down
1.85242984721298e-42	-1.71791916858444	0.638	0.908	3.07707121920548e-38	12	DBI	down
8.42419163454544e-42	-3.14635042790873	0.299	0.776	1.39934247241434e-37	12	LOC138562538	down
1.44735539388255e-39	-4.29038480288212	0.143	0.656	2.4042020447783e-35	12	PLAUR	down
3.74247087064935e-37	-4.36477034780304	0.062	0.589	6.21661836323564e-33	12	TARM1	down
8.64994090778232e-37	-5.60999205800681	0.027	0.55	1.43684168419172e-32	12	S6C6	down
1.30135553360403e-35	-4.16197960255764	0.183	0.666	2.16168167686965e-31	12	CTSB	down
1.97395712094854e-35	-3.19383007530274	0.156	0.644	3.27894017360762e-31	12	GRN	down
1.0450306592026e-34	-5.94444914859452	0.045	0.528	1.73590042800144e-30	12	LGALS3BP	down
2.52631079928228e-34	-3.48537435456084	0.219	0.649	4.19645486868779e-30	12	LGALS9	down
3.06280241479463e-32	-2.66371849185624	0.29	0.713	5.08762109121536e-28	12	ATP6V0C	down
9.65010245984248e-32	-3.80208579982516	0.094	0.584	1.60297851960443e-27	12	MPEG1	down
1.45555288896377e-30	-2.86665835654582	0.125	0.602	2.41781890385771e-26	12	CD209	down
1.97165042342473e-30	-3.96869148433878	0.388	0.716	3.27510851835082e-26	12	LYZ	down
1.49620123474828e-29	-3.5213914424769	0.071	0.482	2.48533987104037e-25	12	SPACA4	down
1.77054132743294e-28	-2.51264394369366	0.188	0.593	2.94104619899886e-24	12	PGD	down
1.82489995704161e-27	-5.02949144930575	0.049	0.49	3.03134131864182e-23	12	LGMN	down
2.43312718522225e-27	-3.52831595964663	0.085	0.513	4.04166756737269e-23	12	WFDC5	down
2.70956977535985e-27	-3.04669916774081	0.134	0.551	4.50086635385024e-23	12	CYBA	down
8.76403135005608e-27	-3.44044946720572	0.161	0.586	1.45579324755782e-22	12	CTSC	down
1.53296667075429e-26	-4.12438860389224	0.045	0.475	2.54641093678994e-22	12	CAT	down
2.03149466297783e-26	-2.13495671566574	0.357	0.693	3.37451578467247e-22	12	ANXA2	down
2.8263057887028e-26	-2.4034282740332	0.138	0.546	4.69477654561422e-22	12	GLRX	down
5.84480332071356e-26	-4.38540875539755	0.027	0.445	9.7088027960373e-22	12	CYBB	down
6.34516847340119e-26	-2.16958112066416	0.438	0.77	1.05399593511667e-21	12	NPC2	down
8.82159777877468e-26	-3.06323108088135	0.098	0.48	1.46535560703226e-21	12	APP	down
1.45779214484176e-25	-4.27020186719468	0.04	0.393	2.42153853179664e-21	12	LOC138582805	down
1.49504447645539e-25	-4.1035350241286	0.045	0.455	2.48341837984004e-21	12	TCIRG1	down
1.83209570731807e-25	-2.8486241526265	0.21	0.575	3.04329417942604e-21	12	PLIN2	down
2.76626592741052e-25	-2.49864356587394	0.112	0.523	4.59504433202161e-21	12	STOM	down
3.03949861184206e-25	-4.84368286798153	0.022	0.422	5.04891114413084e-21	12	CD68	down
7.46299735715559e-25	-7.67235229134723	0	0.371	1.23967849099711e-20	12	CSF1R	down
8.34127065605023e-25	-1.54853708067863	0.357	0.707	1.3855684686765e-20	12	RHOC	down
1.02933693471461e-24	-3.71543431798351	0.045	0.418	1.70983158225443e-20	12	AIF1	down
1.37868370280956e-24	-3.26393315840653	0.076	0.461	2.29013149873696e-20	12	ASAH1	down
1.59090494253393e-24	-2.49455308797403	0.183	0.556	2.64265220004311e-20	12	ATP6V0E1	down
2.84457021524442e-24	-4.75329375306004	0.112	0.49	4.7251155845425e-20	12	TCN1	down
2.97933575673579e-24	-3.84289828962153	0.036	0.398	4.94897462551382e-20	12	FGR	down
7.81205776572055e-24	-1.69730944933584	0.326	0.637	1.29766091546384e-19	12	DUSP1	down
1.86873686879287e-23	-3.92295154118756	0.062	0.439	3.10415881275184e-19	12	THEM5	down
3.44005912962309e-23	-3.3981628589155	0.107	0.478	5.71428222021692e-19	12	RNASET2	down
3.45794158296296e-23	-1.56015162715884	0.522	0.769	5.74398676345977e-19	12	ENO1	down
3.60497923524355e-23	-6.14539854287173	0.009	0.355	5.98823100766306e-19	12	C1QC	down
4.28951268555814e-23	-3.16920041916439	0.103	0.5	7.12530952198062e-19	12	ASGR1	down
4.77539804912421e-23	-3.21440593258685	0.46	0.742	7.93241369940022e-19	12	CTSL	down
5.10311817813177e-23	-5.89335343603577	0.018	0.389	8.47678960569468e-19	12	CATHL1	down
1.32307180400193e-22	-6.43353907643463	0.049	0.394	2.19775457362761e-18	12	PLBD1	down
4.34398579734002e-22	-4.62261087808778	0.04	0.395	7.21579480796151e-18	12	ACP5	down
4.69435860694442e-22	-3.99382705762489	0.036	0.365	7.79779908199537e-18	12	NCF2	down
4.77926074477171e-22	-6.13838170943707	0.013	0.358	7.93883002314029e-18	12	C1QB	down
4.99332291557963e-22	-6.22263582754315	0.031	0.381	8.29440869506933e-18	12	APOE	down
9.01801587587547e-22	-2.09539151407644	0.232	0.601	1.49798261714167e-17	12	PKM	down
2.30171926940499e-21	-1.39968335049258	0.549	0.82	3.82338587840863e-17	12	CD63	down
4.26249109875551e-21	-4.85348843484031	0.027	0.375	7.08042396414277e-17	12	TLR5	down
4.94935230832231e-21	-4.98543222216602	0.013	0.351	8.22136911935418e-17	12	NAIP	down
1.7121086880933e-20	-6.98570660311795	0.009	0.312	2.84398374179178e-16	12	ARG1	down
1.01553587207256e-19	-2.84549814980755	0.067	0.44	1.68690663709973e-15	12	LYN	down
1.25282291625627e-19	-2.93782985594154	0.08	0.431	2.0810641461933e-15	12	SDR16C5	down
1.30184485461555e-19	-2.47191363206489	0.192	0.539	2.16249448800189e-15	12	FYB1	down
1.4791440454502e-19	-2.80849281660265	0.161	0.489	2.45700617389732e-15	12	CTSZ	down
2.10966650269427e-19	-4.86671308182001	0.17	0.486	3.50436702762545e-15	12	MMP9	down
2.28327487944752e-19	-2.43257990956483	0.071	0.422	3.79274790225028e-15	12	CD22	down
2.35552019498332e-19	-4.00951511478996	0.022	0.363	3.9127545958868e-15	12	PLA2G4C	down
2.3707245868669e-19	-3.73320727440046	0.067	0.407	3.93801061124461e-15	12	TGFBI	down
2.90579994017693e-19	-2.5821350794927	0.156	0.523	4.82682428062789e-15	12	TNFRSF1B	down
3.20142970273891e-19	-2.50315524880788	0.174	0.506	5.3178948792196e-15	12	ATP6V1B2	down
4.41982800145278e-19	-4.0471604935745	0.036	0.369	7.34177629321321e-15	12	ADAM	down
5.86705625036983e-19	-3.58994508474103	0.045	0.372	9.74576713748933e-15	12	C13H1orf162	down
1.34174306619907e-18	-6.749998147849	0.004	0.313	2.22876940726327e-14	12	MARCO	down
1.55590217453024e-18	-3.56690553748013	0.076	0.421	2.58450910211218e-14	12	FBP1	down
2.52877828348821e-18	-3.85662855834064	0.054	0.362	4.20055360670226e-14	12	CLEC	down
9.78912530189171e-18	-4.6243421123446	0.031	0.32	1.62607160389723e-13	12	SFTPD	down
1.45091563775271e-17	-3.68925584026321	0.04	0.331	2.41011596587102e-13	12	LRP1	down
1.64377902749452e-17	-1.40703051071339	0.357	0.672	2.73048134257115e-13	12	ANXA5	down
1.73744023485639e-17	-2.2885013658151	0.317	0.635	2.88606197411995e-13	12	GSTM4	down
1.85594820879325e-17	-3.20478897410746	0.022	0.32	3.08291556962646e-13	12	ABCA1	down
1.99670947407445e-17	-2.98300625471248	0.054	0.344	3.31673410738507e-13	12	IER3	down
2.68670558664468e-17	-5.07658515034482	0.018	0.31	4.46288664997547e-13	12	TP53AIP1	down
3.78109912672864e-17	-2.18444796354382	0.143	0.489	6.28078375940894e-13	12	IFITM3	down
3.91711381516521e-17	-2.00218832203189	0.125	0.452	6.50671775837094e-13	12	SSUH2	down
4.36184745669906e-17	-2.00216244850288	0.089	0.412	7.24546481032282e-13	12	TYROBP	down
4.86753539066879e-17	-2.99458383970397	0.085	0.361	8.08546303743993e-13	12	DNASE2	down
7.23154214998017e-17	-4.28638102129054	0.022	0.328	1.20123146653321e-12	12	SMOX	down
8.88498105490593e-17	-3.04620290036475	0.138	0.435	1.47588420303042e-12	12	AVD	down
1.29125052308924e-16	-4.45281218271938	0.013	0.275	2.14489624390353e-12	12	LRRC25	down
1.47685601805028e-16	-6.74477956072803	0	0.284	2.45320553158332e-12	12	ANPEP	down
1.73788342833301e-16	-2.59125425590605	0.067	0.372	2.88679816280397e-12	12	PLAU	down
1.74730402461928e-16	-4.34765162771068	0.027	0.345	2.90244671529508e-12	12	SLC7A8	down
1.85238952861877e-16	-2.79832345032099	0.089	0.421	3.07700424598864e-12	12	TTN	down
2.29548557632097e-16	-1.43714637762034	0.362	0.651	3.81303109082677e-12	12	RTN4	down
2.29890167746437e-16	-2.61395567931905	0.125	0.439	3.81870557643607e-12	12	PRSS16	down
2.47747438030439e-16	-2.5262690202322	0.071	0.346	4.11533269312363e-12	12	SOCS3	down
3.01313662491075e-16	-4.20543532476522	0.018	0.268	5.00512124763925e-12	12	IL31RA	down
3.15042178630475e-16	-3.05363116525117	0.04	0.326	5.23316562923083e-12	12	MGST1	down
4.31634400395842e-16	-2.25907351765768	0.089	0.389	7.16987902497534e-12	12	RNASEK	down
7.81260826247045e-16	-1.82586313023613	0.165	0.479	1.29775235847897e-11	12	MARCKS	down
8.49027040499003e-16	-5.32397565931722	0.013	0.269	1.41031881697289e-11	12	ACOD1	down
1.00018548695385e-15	-6.22982422162592	0.004	0.263	1.66140811237905e-11	12	SLC44A5	down
1.02520395727112e-15	-3.33811060296428	0.036	0.316	1.70296629342305e-11	12	CTSA	down
1.34189992555109e-15	-2.9561878706615	0.08	0.352	2.22902996633292e-11	12	CNDP2	down
3.73734399479757e-53	7.60568344229299	0.42	0.004	6.20810210975825e-49	12	ADGRG5	up
2.51225440090627e-47	2.84443805113337	0.594	0.108	4.17310578534541e-43	12	SLC9A9	up
1.44990546382809e-46	8.07133686400319	0.366	0.002	2.40843796596484e-42	12	IL23R	up
6.0082593776076e-42	7.46219184870346	0.339	0.005	9.98031965214398e-38	12	TRBC1	up
7.20821860649408e-41	9.31332846278898	0.33	0.001	1.19735719272473e-36	12	HDC	up
7.23219915810512e-41	8.27915134747089	0.33	0.002	1.20134060215284e-36	12	RTBDN	up
2.0136889591247e-40	5.08538883906604	0.366	0.025	3.34493873000203e-36	12	CD300LG	up
7.85235095806304e-39	3.09109877862845	0.603	0.156	1.30435401764385e-34	12	ESYT1	up
9.75843143449377e-39	8.44638999258057	0.308	0.001	1.62097304558376e-34	12	LOC138503253	up
1.2205434440807e-37	3.49495975484369	0.446	0.09	2.02744471496245e-33	12	ALS2	up
1.26005312786338e-37	2.98174475080952	0.558	0.148	2.09307425069387e-33	12	PRKCB	up
1.44023086273604e-37	8.32410293438315	0.299	0.001	2.39236748609083e-33	12	LOC138525660	up
3.56502104287513e-35	2.33154978925353	0.621	0.21	5.92185645431988e-31	12	GRAP	up
1.06859692557299e-32	11.374383493132	0.286	0.005	1.77504635306929e-28	12	MCPT1	up
4.1018951911226e-32	5.31111290815715	0.312	0.013	6.81365810197376e-28	12	LOC138526107	up
4.75846925945761e-32	8.67240955609381	0.263	0.001	7.90429328688503e-28	12	CCL5	up
3.1152305952334e-31	2.46147590962106	0.496	0.115	5.17470954174221e-27	12	ATP2A3	up
5.51428283580772e-31	6.22229143273965	0.286	0.009	9.15977521856021e-27	12	SKAP1	up
1.13182082573369e-30	7.66423562464811	0.246	0.001	1.88006757362623e-26	12	LIME1	up
2.20517804181238e-30	2.37913418657312	0.665	0.3	3.66302124525454e-26	12	STXBP5	up
5.65567727071379e-30	1.78031826648143	0.67	0.296	9.39464551438268e-26	12	UNC13D	up
9.80316863208547e-30	4.74912452223462	0.29	0.014	1.62840434147572e-25	12	B4GALNT4	up
1.11494784114438e-29	9.28801737425979	0.246	0.001	1.85203985892493e-25	12	LOC138515659	up
2.95620254541884e-29	4.71600245205991	0.357	0.044	4.91054804819524e-25	12	BLK	up
3.39065328708557e-29	3.48050760448748	0.42	0.065	5.63221417517785e-25	12	FYN	up
5.8849029016739e-29	1.53197203798659	0.826	0.521	9.77541220997052e-25	12	DOCK2	up
1.29789558846777e-27	5.04225099322485	0.326	0.04	2.15593436200381e-23	12	RGS13	up
1.59298577544562e-27	9.61288874464788	0.228	0.001	2.64610867159271e-23	12	LOC138562543	up
6.25156497438205e-27	6.7970713073552	0.268	0.014	1.0384474578946e-22	12	LOC138492259	up
1.06315316910704e-26	8.72512904116564	0.214	0.003	1.7660037292037e-22	12	DDN	up
1.07211489938734e-26	4.21718773046664	0.254	0.017	1.78089005937231e-22	12	SCML4	up
3.54644548991844e-26	7.6738472194324	0.223	0.008	5.89100060330352e-22	12	KIT	up
6.45242652624532e-26	7.70730434653999	0.228	0.003	1.07181257027461e-21	12	LOC138562812	up
1.36884506756983e-25	7.06062041702506	0.205	0.003	2.27378854174024e-21	12	IL7R	up
5.37882729237277e-25	3.45015026359652	0.482	0.125	8.9347700153604e-21	12	CD2	up
1.05429874334312e-24	8.52673210089817	0.205	0.001	1.75129564256726e-20	12	CD3D	up
4.50148475660677e-24	5.5821710873236	0.214	0.007	7.4774163291995e-20	12	GATA3	up
6.44460077345414e-24	2.41665968791904	0.371	0.098	1.07051263447847e-19	12	GCH1	up
1.05838203083107e-23	7.30948298283768	0.21	0.005	1.75807839141349e-19	12	AK5	up
9.21429762655053e-23	2.30556698294572	0.415	0.126	1.53058697874631e-18	12	ARHGAP25	up
1.1347845388681e-22	2.78292583464158	0.464	0.145	1.8849905975138e-18	12	HDAC7	up
4.89738547359627e-22	1.90479068755189	0.491	0.176	8.13504701019076e-18	12	VSG	up
5.01559225546798e-22	2.55765539292797	0.504	0.223	8.33140029555786e-18	12	BTK	up
9.80632323166593e-22	2.3383276788482	0.384	0.096	1.62892835201203e-17	12	SYTL2	up
1.24640213292279e-21	2.35164539434008	0.402	0.097	2.07039858299804e-17	12	RALGPS1	up
4.56522180840623e-21	3.08731044299237	0.281	0.049	7.58328994594359e-17	12	JAKMIP1	up
5.41282412203181e-21	2.20567546181555	0.379	0.116	8.99124214910705e-17	12	TMEM131L	up
5.99557650372639e-20	1.91062090160635	0.491	0.194	9.95925213033991e-16	12	SCIN	up
6.15494159607877e-20	4.23764058801935	0.286	0.048	1.02239734852464e-15	12	CCDC200	up
1.11005094517968e-19	3.36958570417716	0.304	0.042	1.84390562503796e-15	12	PALM	up
4.58853265182954e-19	3.98241158467436	0.223	0.021	7.62201158795404e-15	12	MYRIP	up
2.19221166930706e-18	2.13626014692352	0.402	0.128	3.64148280388596e-14	12	ARHGAP4	up
3.45658499026074e-18	3.14015104766855	0.254	0.038	5.74173332732212e-14	12	SEPTIN4	up
1.07862134698906e-17	2.30517096454058	0.335	0.1	1.79169791948353e-13	12	CAPN5	up
1.2270587514862e-16	2.6202092114318	0.478	0.252	2.03826729209372e-12	12	FCER1G	up
1.3507837782295e-16	2.21100534517912	0.379	0.11	2.24378693401702e-12	12	TOX2	up
1.36281349301782e-16	1.4328785734908	0.562	0.291	2.2637694932519e-12	12	TTC7A	up
2.1384547241752e-16	2.14183572668122	0.312	0.093	3.55218714232743e-12	12	NUP93	up
3.2765652076032e-16	3.20674441658024	0.254	0.044	5.44270246634968e-12	12	KLHL29	up
6.0245369984545e-16	7.04742927939989	0.237	0.03	1.00073584081328e-11	12	ADH4	up
7.14750360448117e-16	2.67168043680927	0.259	0.057	1.18727182374037e-11	12	IL2RG	up
1.56662762072571e-15	2.35061833050947	0.433	0.199	2.60232514078748e-11	12	NDST2	up
1.66453313402997e-15	2.44662192593491	0.272	0.061	2.76495598893718e-11	12	FANCA	up
1.02826484230947e-14	2.5967116304511	0.286	0.068	1.70805072956026e-10	12	ETS1	up
1.19662074339852e-14	2.16358134328429	0.451	0.192	1.98770671685927e-10	12	DAPL1	up
3.93594172181555e-14	2.50040627430103	0.299	0.072	6.53799279410782e-10	12	CHN2	up
1.39361267835856e-13	1.23489607116724	0.531	0.254	2.3149300200214e-09	12	SPN	up
1.41457279493096e-13	2.29529453995872	0.299	0.095	2.34974686965981e-09	12	IL18R1	up
1.51693332528027e-13	1.52137489072866	0.411	0.173	2.51977794662306e-09	12	TSPAN4	up
2.07513380718691e-13	2.00928141890302	0.339	0.088	3.44700476711817e-09	12	ID3	up
3.45681686693941e-13	1.10772205654606	0.67	0.443	5.74211849767305e-09	12	NUCKS1	up
6.14583998807729e-13	1.08275255829692	0.567	0.34	1.02088548041952e-08	12	JAK2	up
1.71022572015551e-12	2.02025921529572	0.42	0.153	2.84085594375031e-08	12	CEP85L	up
3.56456581191582e-12	1.72202190009613	0.344	0.119	5.92110027017337e-08	12	IQGAP2	up
3.56781706318558e-12	1.89449979522034	0.33	0.114	5.92650092365756e-08	12	RASSF1	up
4.86181233989111e-12	1.06097447937045	0.603	0.363	8.07595647779312e-08	12	CELF2	up
2.11059575641851e-11	1.28187089050237	0.429	0.174	3.50591061098679e-07	12	BCAS4	up
2.22771714877722e-11	1.81741423141063	0.388	0.145	3.70046095583384e-07	12	JADE2	up
4.4252095349403e-11	1.13473276764575	0.473	0.267	7.35071555848933e-07	12	ABR	up
5.29790599132e-10	1.38457497696339	0.438	0.212	8.80035164218165e-06	12	ARHGAP6	up
2.15211766179949e-09	1.06631681054437	0.603	0.321	3.57488264801514e-05	12	STMN1	up
9.50900605381767e-09	1.33649587272134	0.384	0.178	0.000157954099559965	12	ST3GAL4	up
9.20438607707041e-08	1.02332125542183	0.513	0.307	0.00152894057126217	12	LMNB2	up
2.38470490911552e-35	-2.35105376123123	0.579	0.906	3.96123332453178e-31	13	DBI	down
3.79528874948498e-25	-3.02690521944089	0.228	0.712	6.30435414176949e-21	13	BASP1	down
4.38232667866133e-25	-1.67771631334954	0.518	0.864	7.27948284592434e-21	13	LOC138516040	down
4.48810839780014e-23	-5.54846473398188	0.026	0.584	7.45519685958581e-19	13	TARM1	down
8.24211707968038e-23	-7.51569983828404	0	0.531	1.36909806810571e-18	13	DOCK2	down
2.77596854346543e-22	-5.94502572449529	0.018	0.546	4.61116134755043e-18	13	S6C6	down
5.26167678585409e-22	-3.9817178430994	0.079	0.598	8.74017130898223e-18	13	CD209	down
1.53146461832699e-21	-3.5164356339378	0.132	0.64	2.54391587750296e-17	13	GRN	down
1.7727521226296e-21	-3.99648765489111	0.079	0.58	2.94471855090002e-17	13	MPEG1	down
3.09521376898703e-21	-3.29394467197143	0.114	0.608	5.14145959166436e-17	13	BPI	down
3.60437456930926e-20	-4.01336722373783	0.035	0.516	5.9872265970796e-16	13	LOC138503116	down
6.65003760717116e-20	-3.55130796791176	0.193	0.651	1.1046377469272e-15	13	PLAUR	down
8.01100030792862e-20	-4.30990132373498	0.044	0.548	1.33070726115002e-15	13	CYBA	down
2.10592700105592e-19	-2.45358507976806	0.175	0.644	3.49815534145398e-15	13	GSTM1	down
7.39751457777895e-19	-2.40059681907088	0.518	0.77	1.22880114651486e-14	13	LOC138562538	down
2.34511712348164e-18	-3.23664847262447	0.158	0.582	3.89547405381535e-14	13	CTSC	down
6.90715260272726e-18	-4.78442601657244	0.018	0.464	1.14734711883903e-13	13	C5AR1	down
1.81489473834402e-17	-3.97548300560984	0.061	0.51	3.01472164986324e-13	13	WFDC5	down
2.10933170066628e-17	-6.62789418200112	0	0.448	3.50381088797676e-13	13	PLEKHA2	down
2.44754925904602e-17	-5.56240482586934	0.018	0.451	4.06562407420134e-13	13	CD300LF	down
3.37965216244619e-17	-4.28666659483715	0.035	0.513	5.61394020703937e-13	13	LCP1	down
5.21590461200428e-17	-3.81827620843495	0.035	0.462	8.66413915100031e-13	13	NRK	down
6.38968034117328e-17	-2.41649845640712	0.158	0.59	1.06138980147229e-12	13	PGD	down
7.01347605481819e-17	-3.48169182147037	0.07	0.52	1.16500850746585e-12	13	STOM	down
1.45716768788799e-16	-4.52337128731414	0.009	0.41	2.42050124635074e-12	13	TYROBP	down
1.62515085344299e-16	-2.49896412673341	0.149	0.598	2.69953808265415e-12	13	PKM	down
2.5394923562406e-16	-4.37562047100511	0.035	0.484	4.21835075295126e-12	13	GAS7	down
3.0157105400848e-16	-4.52943648795169	0.044	0.521	5.00939677813487e-12	13	TNFRSF1B	down
1.94391123279987e-15	-2.1540987881615	0.395	0.709	3.22903094880386e-11	13	ATP6V0C	down
2.90649636106029e-15	-4.78497487378946	0.026	0.436	4.82798110535725e-11	13	THEM5	down
3.35584627329173e-15	-3.42035830200404	0.114	0.486	5.57439624456489e-11	13	LGMN	down
3.67373178752844e-15	-3.06369831741521	0.307	0.645	6.10243587226349e-11	13	LGALS9	down
3.89387724356016e-15	-1.84774732692611	0.377	0.69	6.46811948927778e-11	13	ANXA2	down
6.92728557630323e-15	-2.56881204084868	0.404	0.673	1.15069140707973e-10	13	PSAP	down
7.58340328678654e-15	-4.85692213633443	0.009	0.418	1.25967911996811e-10	13	CD68	down
1.02586377958019e-14	-4.70128275856763	0.018	0.424	1.70406232426065e-10	13	SGPP1	down
1.13482169389522e-14	-4.99409546724871	0.009	0.419	1.88505231572934e-10	13	CD22	down
1.15260662314565e-14	-3.29313967146274	0.088	0.522	1.91459486170724e-10	13	CMKLR1	down
1.18881155186291e-14	-5.49535691114454	0.009	0.398	1.97473486879948e-10	13	CCDC88B	down
1.52205778116309e-14	-2.95580799178629	0.088	0.457	2.52829018029e-10	13	ASAH1	down
1.63018757835867e-14	-3.93797968976508	0.035	0.392	2.70790458641158e-10	13	RGS10	down
1.64498409713891e-14	-2.38990455510947	0.184	0.597	2.73248308375744e-10	13	CD53	down
2.17673120873812e-14	-2.4500817205079	0.202	0.623	3.61576821083489e-10	13	CRIP1	down
2.33142148304821e-14	-3.2314473490565	0.096	0.475	3.87272422549139e-10	13	RNASET2	down
2.58543817284427e-14	-1.312743707285	0.421	0.739	4.29467134891162e-10	13	COX6C	down
3.5025501862823e-14	-2.3678362692207	0.158	0.62	5.81808611443352e-10	13	LSP1	down
5.41531917153283e-14	-2.10930532058755	0.149	0.554	8.99538667583319e-10	13	ATP6V0E1	down
6.06419165258593e-14	-1.32849557956308	0.482	0.802	1.00732287541105e-09	13	SSR3	down
6.40353677818821e-14	-4.10795237493568	0.026	0.415	1.06369149422484e-09	13	AIF1	down
1.15376583700763e-13	-2.91388973627823	0.061	0.477	1.91652043185337e-09	13	APP	down
1.23423023861231e-13	-1.3155137979612	0.588	0.788	2.05017984935891e-09	13	CD9	down
1.44363205886302e-13	-3.48374228224182	0.053	0.404	2.39801721297736e-09	13	TGFBI	down
1.45204854565399e-13	-1.75042946469964	0.246	0.635	2.41199783918585e-09	13	DUSP1	down
2.02529623367359e-13	-2.25781768956318	0.149	0.516	3.36421957375521e-09	13	TALDO1	down
2.82248993685278e-13	-5.1360327721273	0.018	0.442	4.68843803410615e-09	13	CYBB	down
2.98325073085334e-13	-5.14560312969958	0.018	0.398	4.95547778902048e-09	13	ITGAX	down
2.98566723075165e-13	-6.13122368011181	0	0.354	4.95949183700157e-09	13	WDFY4	down
3.78199401219611e-13	-2.80024876824341	0.132	0.514	6.28227025365896e-09	13	VSIR	down
4.53027613001829e-13	-4.09953567355091	0.035	0.368	7.52524167957338e-09	13	CSF1R	down
4.90012929576971e-13	-5.92410855180307	0	0.356	8.13960477320307e-09	13	MYO1F	down
6.59401376515707e-13	-4.64858433215124	0.009	0.366	1.09533162653024e-08	13	ALOX5AP	down
8.17616487172526e-13	-1.62402949047595	0.36	0.687	1.35814274684228e-08	13	SH3BGRL3	down
9.57759189511638e-13	-6.23127225408196	0	0.366	1.59093378969778e-08	13	ADAM	down
9.79756767633007e-13	-2.40479216579472	0.123	0.496	1.62747396671519e-08	13	ASGR1	down
1.45683707393558e-12	-1.32153675674525	0.351	0.669	2.41995206351439e-08	13	COX7B	down
1.51475566872424e-12	-4.23054663414617	0.044	0.366	2.51616064131783e-08	13	UCP2	down
2.13465541679292e-12	-6.02371644134904	0	0.36	3.54587611283473e-08	13	PLA2G4C	down
2.50038455201877e-12	-6.76290451973739	0	0.31	4.15338877935838e-08	13	MARCO	down
2.79721130252469e-12	-4.74302346862451	0.018	0.351	4.64644769462376e-08	13	C1QC	down
2.89550673921969e-12	-2.98456995943039	0.044	0.383	4.80972624451783e-08	13	EFHD2	down
3.57067919714617e-12	-2.72179123725538	0.061	0.432	5.93125521437951e-08	13	CYRIB	down
3.91541521186033e-12	-1.45798580750339	0.325	0.651	6.50389620842119e-08	13	GNG5	down
3.98206817508352e-12	-4.68475394859078	0.009	0.314	6.61461344563124e-08	13	PREX1	down
4.04367688352081e-12	-4.94902395811451	0.009	0.355	6.71695167121641e-08	13	ARHGAP31	down
4.04797554621894e-12	-3.14009238986414	0.061	0.444	6.72409217982428e-08	13	EPB41L3	down
4.1074109686602e-12	-3.0491787712523	0.246	0.522	6.82282036004145e-08	13	LGALS3BP	down
4.2112725279702e-12	-1.67422983881824	0.184	0.557	6.9953447962113e-08	13	LOC138527383	down
4.55500039293817e-12	-5.03669972756845	0.018	0.372	7.5663111527096e-08	13	TLR5	down
5.0563019708495e-12	-1.16655280483465	0.43	0.733	8.39902320377811e-08	13	COX6A1	down
5.86082884354955e-12	-2.72356916771737	0.421	0.66	9.73542279202016e-08	13	CTSB	down
8.19951156849742e-12	-3.07320556463169	0.044	0.359	1.36202086664311e-07	13	DNASE2	down
8.22128658789099e-12	-2.69713024092832	0.088	0.437	1.36563791511457e-07	13	TSPAN36	down
8.70902074755583e-12	-3.65794475523075	0.026	0.369	1.4466554363765e-07	13	PLAU	down
1.35315033992554e-11	-1.38091482113918	0.281	0.596	2.24771802965031e-07	13	DAD1	down
1.46190830341172e-11	-1.3769929079409	0.237	0.552	2.4283758827972e-07	13	ATP5F1D	down
1.62988785377191e-11	-2.89406829536548	0.044	0.388	2.70740671390052e-07	13	MFSD1	down
1.69815740026734e-11	-2.46509351418406	0.14	0.476	2.82080925758409e-07	13	MARCKS	down
1.88348015076934e-11	-6.00376352466371	0	0.329	3.12864887844296e-07	13	SORL1	down
2.13438671401993e-11	-2.70824427127604	0.079	0.387	3.5454297706585e-07	13	RNASEK	down
2.14371899748448e-11	-3.69545572703724	0.018	0.34	3.56093162672146e-07	13	WDFY1	down
2.46357776397713e-11	-2.99527830862485	0.096	0.418	4.09224902374241e-07	13	FBP1	down
2.50685700338995e-11	-4.46708519118073	0.026	0.362	4.16414016833105e-07	13	NCF2	down
2.52143399674423e-11	-4.99862900774545	0.009	0.348	4.18835401199183e-07	13	NAIP	down
2.63661010258519e-11	-5.86507041991389	0	0.325	4.37967304140427e-07	13	CARMIL3	down
3.23424408629654e-11	-1.48399090702761	0.333	0.652	5.37240285174718e-07	13	ATP5MC3	down
3.68240435947724e-11	-2.92050761504274	0.053	0.407	6.11684188152764e-07	13	RAPGEF6	down
3.69826589907158e-11	-2.66830952829529	0.088	0.451	6.14318948494781e-07	13	TCIRG1	down
4.18146495104757e-11	-4.00136969063824	0.009	0.297	6.94583143018512e-07	13	CLIC1	down
4.35169611426782e-11	-1.41844081637217	0.219	0.52	7.22860241541027e-07	13	ATP5PD	down
5.30707582022754e-11	-2.45647311818195	0.184	0.486	8.81558364497997e-07	13	CTSZ	down
3.01363963396278e-121	9.79378956070064	0.921	0.004	5.00595679597557e-117	13	ITGA2B	up
7.28621101564961e-121	8.47547271936565	0.974	0.008	1.21031251180956e-116	13	MYH11	up
1.20507656078103e-106	6.87373450589367	0.991	0.071	2.00175267511337e-102	13	CYR61	up
8.58060836696272e-106	8.56299129267333	0.833	0.005	1.42532485583618e-101	13	RBPMS2	up
5.96338201551806e-103	7.0020068307648	0.877	0.021	9.90577386597704e-99	13	ANKFN1	up
2.15035555759672e-99	9.18137152809342	0.789	0.004	3.57195561672391e-95	13	GP1BB	up
1.39364693567159e-97	5.61651660082084	0.974	0.099	2.31498692484408e-93	13	ITGB3	up
1.48333390164329e-95	9.36194377373524	0.763	0.002	2.46396594401967e-91	13	GP9	up
1.83291427345966e-92	5.796554015758	0.956	0.064	3.04465389964384e-88	13	PDE3A	up
3.5044921479044e-90	6.30554771792334	0.825	0.031	5.821311906884e-86	13	GP1BA	up
1.38320129289102e-88	6.5387349004768	0.833	0.06	2.29763566762127e-84	13	ANGPT2	up
1.99166419248876e-87	5.16111058085636	0.895	0.094	3.30835339014308e-83	13	F2R	up
2.26842153245691e-82	6.52279778476256	0.719	0.018	3.76807500756417e-78	13	VIPR1	up
1.13377259436366e-80	5.26900012967495	0.86	0.069	1.88330965649747e-76	13	KIAA0513	up
2.18453161872823e-79	6.39043233069494	0.684	0.015	3.62872547186946e-75	13	PTGIR	up
7.68207405677646e-77	7.30985526258679	0.623	0.007	1.27606932157114e-72	13	GUCY1B1	up
1.12882056818681e-75	4.7068861925316	0.904	0.11	1.87508384581512e-71	13	SLC9A9	up
7.41607862042836e-74	5.51177576813866	0.667	0.027	1.23188481963935e-69	13	CD226	up
1.43654051112848e-73	4.26418642877806	0.912	0.124	2.38623744303551e-69	13	TSPAN32	up
2.79793079257787e-73	7.54597572137293	0.614	0.004	4.6476428395511e-69	13	MPL	up
6.50887040050327e-71	3.87456723861425	0.939	0.201	1.0811884622276e-66	13	CALD1	up
6.6455367173926e-71	5.10586212854321	0.719	0.046	1.10389010412609e-66	13	KLHL4	up
8.27180460707303e-71	8.88131793282882	0.596	0.002	1.3740294632809e-66	13	GUCY1A1	up
1.12799394792348e-70	5.21736162040739	0.746	0.055	1.87371074689569e-66	13	HPCAL1	up
1.08396614046517e-68	3.96704838280857	0.947	0.259	1.80057615592669e-64	13	RASA3	up
1.12027372509477e-67	4.46409831772973	0.737	0.064	1.86088668475492e-63	13	TBXAS1	up
3.30925894973685e-66	4.28935017491711	0.825	0.094	5.49701004140788e-62	13	SYTL2	up
2.14233710667747e-63	5.5352753766208	0.605	0.026	3.55863616790195e-59	13	LPAR1	up
7.56843507059145e-62	3.75123986055752	0.86	0.185	1.25719274957594e-57	13	GRK4	up
1.12743229285522e-60	3.55182135602582	0.798	0.143	1.8727777816618e-56	13	GARNL3	up
4.12857588348423e-59	6.90943156903773	0.5	0.008	6.85797740005566e-55	13	WIPF3	up
6.82299667368558e-59	7.30749598971286	0.509	0.006	1.13336797746591e-54	13	MAPT	up
7.38775092489039e-59	4.46445187612897	0.64	0.047	1.22717930613354e-54	13	MYLK	up
1.81466258434832e-58	3.8105896656569	0.728	0.093	3.01433601886099e-54	13	DST	up
8.47576708523524e-58	4.08742205027994	0.754	0.095	1.40790967052843e-53	13	CARMIL1	up
1.99200848496963e-57	3.74172394822775	0.693	0.063	3.30892529438306e-53	13	LOC138472433	up
1.95212847540413e-53	4.76368445040063	0.588	0.039	3.24268061049381e-49	13	PDE5A	up
3.27469567043614e-53	5.68844459841243	0.474	0.011	5.43959697816147e-49	13	OSMR	up
3.95131191540662e-53	5.0052502606872	0.535	0.026	6.56352422268193e-49	13	SGCD	up
5.81712416511244e-53	3.29176737404745	0.851	0.239	9.66282495066827e-49	13	RASGRP2	up
4.68233441807585e-52	5.47986949829793	0.544	0.022	7.77782570186579e-48	13	KIAA1210	up
3.03535993004145e-51	8.29851839359361	0.43	0.002	5.04203637979186e-47	13	CLIC2	up
5.18113263130588e-51	4.28852675314628	0.623	0.067	8.60637941386221e-47	13	ADCY9	up
3.28368967818761e-50	3.23325078595484	0.895	0.336	5.45453692443744e-46	13	VAV3	up
6.4249137197654e-50	3.47387705241838	0.649	0.11	1.06724241799023e-45	13	TOX2	up
1.03888799168937e-49	3.00687409263034	0.719	0.099	1.7256968429952e-45	13	PMP22	up
2.02534363516353e-49	3.8544727165907	0.614	0.055	3.36429831237013e-45	13	HS3ST1	up
5.22389240822546e-49	8.56839465120267	0.412	0.002	8.67740767930332e-45	13	RD3	up
4.25492700587145e-48	11.7769812730141	0.395	0	7.06785924945306e-44	13	LOC138521969	up
3.82240981253993e-47	3.85707658749952	0.632	0.09	6.34940493961008e-43	13	ADGRG1	up
1.0096120334449e-46	3.61422495733224	0.737	0.155	1.67706654875532e-42	13	PLEK	up
1.8278090084332e-46	3.42047069992963	0.675	0.114	3.03617354390839e-42	13	INPP5A	up
2.10665461825112e-46	7.22444024998531	0.412	0.004	3.49936398637694e-42	13	GATA1	up
1.29478965524393e-45	3.49157905415184	0.535	0.075	2.15077509632569e-41	13	PDLIM7	up
1.50127314189827e-45	2.57890523125762	0.939	0.496	2.49376481600722e-41	13	ASAP1	up
3.53582992696394e-45	4.02291605359781	0.561	0.058	5.8733670916798e-41	13	ST3GAL3	up
1.26545635978107e-44	6.24385770381255	0.447	0.009	2.10204955923233e-40	13	TRIM2	up
3.50001852265413e-44	5.45505317812672	0.421	0.014	5.81388076798078e-40	13	HEMGN	up
3.62989302546815e-44	3.37243178885883	0.596	0.058	6.02961530460515e-40	13	ESAM	up
4.38470081081502e-44	2.58781416809916	0.868	0.339	7.28342651684484e-40	13	JAK2	up
1.09996019743744e-43	9.46729677388147	0.36	0.001	1.82714388396333e-39	13	MFSD2B	up
3.99444638343968e-43	2.31416701498214	0.921	0.5	6.63517488753164e-39	13	RAP1A	up
6.26675218570897e-42	3.33600050648296	0.474	0.076	1.04097020556812e-37	13	TGFB1I1	up
1.05061667310508e-40	1.82285182990913	0.956	0.724	1.74517935569485e-36	13	TAGLN2	up
5.00179393969336e-40	3.46424234958138	0.684	0.15	8.30847991322465e-36	13	TESPA1	up
7.75738754908779e-40	4.34911973337766	0.447	0.032	1.28857964577897e-35	13	PRRG1	up
1.78399751715652e-39	5.16505172469266	0.36	0.008	2.9633982757487e-35	13	TAL1	up
2.02985519133774e-39	4.36710547885102	0.439	0.03	3.37179245833112e-35	13	PRKG1	up
6.54183405130515e-39	1.95314331956256	0.684	0.122	1.0866640542623e-34	13	TNC	up
2.58586900478031e-38	4.31502966239827	0.439	0.033	4.29538700384057e-34	13	LOC138471710	up
3.30201994500826e-38	2.89868912320006	0.754	0.201	5.48498533065321e-34	13	STK3	up
4.66657188113862e-38	2.82542931099272	0.754	0.211	7.75164255175936e-34	13	ARHGAP6	up
3.68400579101575e-37	4.44440593392721	0.395	0.026	6.11950201945625e-33	13	ITGA1	up
3.75337994330095e-37	2.38957934064944	0.851	0.397	6.2347394238172e-33	13	TLN1	up
1.51323634388824e-36	2.66502813460704	0.605	0.13	2.51363689083275e-32	13	CD163	up
1.70558120261346e-36	3.14306869272103	0.579	0.092	2.83314093566121e-32	13	NOL4L	up
7.22239978316675e-36	9.31754965437679	0.307	0.001	1.19971282798183e-31	13	LOC138510563	up
6.77519166238656e-35	3.46273391520835	0.526	0.068	1.12542708703903e-30	13	F8	up
8.3200285339091e-35	2.77190007768046	0.596	0.137	1.38203993976764e-30	13	VCL	up
2.32777709876102e-34	3.79492795277348	0.421	0.034	3.86667053875192e-30	13	SELP	up
6.20727631882119e-34	2.98470578201024	0.596	0.13	1.03109066931939e-29	13	OSBPL10	up
1.32581902401534e-33	2.6471936113811	0.868	0.463	2.20231798079189e-29	13	SERPINB6	up
2.14185538819736e-33	2.51319980836966	0.675	0.209	3.55783598533463e-29	13	KSR1	up
2.73368748043826e-33	2.18090080780877	0.807	0.363	4.54092827375599e-29	13	CELF2	up
5.32958854238602e-33	2.91317949968186	0.579	0.136	8.85297952775742e-29	13	UTRN	up
7.3532577757684e-33	2.42067759852571	0.825	0.314	1.22144964913289e-28	13	ARRB1	up
1.02083715935075e-32	3.46644507633202	0.447	0.046	1.69571260539752e-28	13	PTGS1	up
1.08835628454356e-32	3.24354907293301	0.509	0.094	1.80786862425531e-28	13	BCL2	up
1.11867877363032e-32	3.45627631939616	0.509	0.087	1.85823731087732e-28	13	MTCL2	up
1.88110182037122e-32	5.58877753785346	0.342	0.01	3.12469823381863e-28	13	REEP1	up
2.0445214964071e-32	6.77698127301409	0.298	0.004	3.39615465768183e-28	13	SUSD3	up
2.5919311530435e-32	3.67396960491124	0.395	0.036	4.30545683832056e-28	13	TBXA2R	up
2.64985528105342e-32	3.50014106765526	0.447	0.054	4.40167460735783e-28	13	PALLD	up
3.34198126534616e-32	5.19201877229293	0.316	0.012	5.55136507986651e-28	13	RIPOR3	up
6.12176529679227e-32	4.73258715365563	0.368	0.022	1.01688643345016e-27	13	NFE2	up
6.1831544335258e-32	2.66098653396113	0.763	0.28	1.02708378295297e-27	13	FLNA	up
6.19131601499764e-32	3.13639526606959	0.526	0.093	1.02843950325126e-27	13	ITPR1	up
6.37414056016912e-32	4.07002824791432	0.465	0.051	1.05880848844969e-27	13	CAMKK1	up
7.12066475556612e-32	8.85498378501536	0.263	0.001	1.18281362254709e-27	13	LOC138520740	up
7.13514319749759e-31	3.52987045647365	0.482	0.064	1.18521863653632e-26	13	REPS2	up
