p_val	avg_log2FC	pct.1	pct.2	p_val_adj	cluster	gene
5.75037170638522e-81	0.97743895703592	1	0.969	7.06893193865936e-77	1	RPL35
6.80636329335149e-80	0.773654052444303	1	0.996	8.36706239651699e-76	1	LOC138582460
1.78904841757482e-76	1.02649108912104	1	0.949	2.19927721972473e-72	1	RPS12
1.98129542660411e-75	0.883116377886638	1	0.976	2.43560646792444e-71	1	RPL23
5.84296097850729e-70	0.87502960214971	1	0.966	7.18275193087901e-66	1	RPS14
5.41849850659548e-69	1.01116798479184	0.996	0.931	6.66096021415783e-65	1	RPL31
6.76764590836339e-69	0.896473094754166	1	0.97	8.31946711515111e-65	1	RPLP1
2.41168781064456e-68	0.919452420849588	1	0.96	2.96468782562536e-64	1	RPL13
2.6732556154639e-67	0.78531934821229	1	0.981	3.28623312808978e-63	1	RPL32
5.8996496392916e-67	0.936808614313485	1	0.967	7.25243930158117e-63	1	RPL21
2.19367816285978e-66	0.980892169891429	0.996	0.961	2.69668856560353e-62	1	RPL36A
1.30963672076778e-65	0.811471489256472	1	0.967	1.60993642083983e-61	1	RPS18
1.10613965336389e-64	0.877481422105006	1	0.958	1.35977747588024e-60	1	RPL24
2.89414353965984e-64	0.988417886586515	1	0.933	3.55777065330384e-60	1	RPL17
2.75634630172366e-63	0.861667956235544	1	0.951	3.3883765087089e-59	1	RPL36
3.13555140440193e-63	0.88838806105687	1	0.948	3.85453334143129e-59	1	RPS19
1.92144601831013e-62	0.747582701540235	1	0.977	2.36203359030865e-58	1	RPLP2
2.27049233113303e-62	0.872660177571067	1	0.952	2.79111622266184e-58	1	RPS26
3.12124876855105e-62	0.786534602244643	1	0.972	3.8369511111798e-58	1	RPS23
3.98408905414993e-62	0.817546070372716	1	0.972	4.89764067426651e-58	1	RPS27
4.28551347114061e-61	0.947060704005614	1	0.923	5.26818171007316e-57	1	RPL34
1.34094450934833e-60	1.017442580774	1	0.919	1.6484230853419e-56	1	RPL12
3.53553830458868e-60	0.735911884225133	1	0.969	4.34623723783086e-56	1	FAU
5.08973768506287e-59	0.80416693875577	1	0.966	6.25681453624779e-55	1	RPL26L1
6.12562443345254e-59	0.912113090955935	0.996	0.912	7.53023011604321e-55	1	RPL35A
2.78635102261181e-58	0.969563379088773	1	0.91	3.4252613120967e-54	1	RPL38
3.24502895730638e-58	0.869529862658837	1	0.964	3.98911409721673e-54	1	RPS8
6.50275045112984e-58	0.820779062397069	1	0.982	7.99383112957391e-54	1	RPS2
2.79341554985757e-57	0.917826696559595	1	0.91	3.43394573543991e-53	1	RPS11
6.81897342009325e-57	0.748351401247225	1	0.984	8.38256402532064e-53	1	RPS15A
8.37874204783341e-57	0.882227082484806	1	0.932	1.02999875994016e-52	1	RPL37
1.10341644982643e-56	0.928349655522493	1	0.905	1.35642984177163e-52	1	RPL15
2.34415943561542e-55	0.755608182010232	1	0.967	2.88167519420204e-51	1	RPS28
1.54543118771274e-54	0.941728723436595	0.996	0.905	1.89979855905527e-50	1	RPS27A
1.96086344942641e-54	0.865783400431119	1	0.91	2.41048943837989e-50	1	RPS21
7.09964339851453e-54	0.812254287466705	0.992	0.953	8.72759162979391e-50	1	RPL19
2.29209168737599e-53	0.868335586036673	1	0.918	2.8176683112913e-49	1	RPS15
3.09392677156406e-53	0.891127418809597	0.992	0.919	3.80336418028369e-49	1	RPS29
1.9840738514046e-52	0.857376925001866	1	0.928	2.43902198553168e-48	1	RPL28
4.20056269500842e-52	0.803277892466852	1	0.947	5.16375172097385e-48	1	EEF1G
4.24411663686363e-52	0.955682518594962	0.992	0.875	5.21729258169646e-48	1	RPS16
4.47523778754655e-52	0.831888490319669	0.992	0.938	5.50140981223097e-48	1	RPS20
1.34558412292222e-49	0.896760792934097	0.989	0.911	1.65412656230828e-45	1	RPS17
1.59455439409409e-49	0.849890055914495	1	0.933	1.96018571665986e-45	1	RPL13A
1.09858606940638e-48	0.993549838473963	0.992	0.847	1.35049185512126e-44	1	EEF1B2
2.0681095613853e-48	0.780651095084503	1	0.946	2.54232708381095e-44	1	RPL10
2.30701920687308e-48	0.864129533800091	0.992	0.91	2.83601871100907e-44	1	RPS24
6.93564007940677e-48	0.783368770852672	1	0.965	8.52598234961474e-44	1	RPS9
8.98267995704058e-48	0.950573722065691	0.992	0.852	1.104240847119e-43	1	RPL27A
3.31900952443194e-47	0.853793410161616	0.992	0.937	4.08005840838419e-43	1	RPS10
8.49961146128481e-47	0.87545820877109	0.992	0.878	1.04485723693574e-42	1	RPS25
1.06169445684657e-45	0.939829165313849	0.981	0.833	1.30514099580149e-41	1	RPS3
1.6823673762929e-45	0.887483580980105	0.992	0.888	2.06813421567686e-41	1	RPL18
1.10561714161963e-43	0.924074634056642	0.977	0.824	1.35913515219301e-39	1	RPS5
3.36083205044577e-43	0.715369395364016	1	0.957	4.13147083961298e-39	1	RPL14
4.74233097590356e-42	0.664716878936578	1	0.99	5.82974746867824e-38	1	S100A11
8.84337204002958e-42	0.764158857814703	0.996	0.922	1.08711572488084e-37	1	RPLP0
1.20454795597548e-41	0.70913682883493	1	0.941	1.48075080228066e-37	1	RPL27
4.70468295068422e-41	0.964255644940937	0.97	0.794	5.78346675127611e-37	1	RPL23A
7.23801415127525e-41	0.758202379561368	0.996	0.932	8.89769079616267e-37	1	RPS6
9.15693387002571e-41	0.685481494796942	1	0.931	1.12566188064226e-36	1	UBA52
1.58976220060087e-40	0.910457700548856	0.989	0.784	1.95429467319865e-36	1	RPL18A
3.80167462864465e-40	0.921997487998727	0.989	0.857	4.67339862099286e-36	1	RPL37A
1.67488808039802e-39	0.842410147962945	0.973	0.852	2.05893991723329e-35	1	RPL2
5.25325613785791e-39	0.82201496058564	0.989	0.866	6.45782777026873e-35	1	RPS3A
6.1089750955607e-39	0.757390072279302	1	0.917	7.50976308497277e-35	1	RPL11
1.40822230427444e-38	0.671552953846601	0.992	0.926	1.73112767864457e-34	1	RPL39
1.51897382516176e-37	0.921459800529535	0.958	0.768	1.86727452327135e-33	1	RPL10A
1.59155418394975e-37	0.789184802563085	0.996	0.867	1.95649755832943e-33	1	RPL3
2.36421937464214e-36	0.904979172835994	0.951	0.752	2.90633487724758e-32	1	RACK1
3.79278957187471e-36	0.683983573638474	0.985	0.944	4.66247622070558e-32	1	RPS7
6.28797749756062e-32	0.598447771646402	1	0.971	7.72981073775127e-28	1	TPT1
9.47087841283552e-31	0.564859772232065	1	0.947	1.16425508328987e-26	1	EEF1A1
6.45710342197741e-30	0.563203652362834	1	0.994	7.93771723663683e-26	1	TMSB4X
8.72324256130541e-30	1.15166340659879	0.795	0.462	1.07234820806127e-25	1	RPL8
2.60597544621487e-29	0.770668292325451	0.951	0.817	3.20352561603194e-25	1	RPL9
3.51227002401517e-29	0.667488628186632	0.989	0.918	4.31763354052185e-25	1	RPS13
4.775458401386e-29	0.692270933540076	0.985	0.872	5.87047101282381e-25	1	RPL30
3.91363020794022e-28	0.606219134648463	0.992	0.937	4.81102561462091e-24	1	LGALS4
5.49441747266684e-28	0.635614064086479	0.992	0.926	6.75428739914935e-24	1	NME2
1.47895031136211e-27	0.727301670491569	0.992	0.877	1.81807361775744e-23	1	RPS4X
3.04036044292366e-27	0.93286263631925	0.894	0.631	3.73751509248606e-23	1	RPL4
8.93320533920113e-27	0.780451926864938	0.924	0.732	1.098158932348e-22	1	RPL6
1.50852763367399e-25	0.525975387415161	1	0.992	1.85443302007543e-21	1	Fth1
5.95411367039122e-25	-0.843911149470064	0.955	0.983	7.31939193501193e-21	1	COX1
4.39857930121862e-24	0.943515219572369	0.826	0.53	5.40717353498805e-20	1	RPL5
5.14620526693979e-23	0.842900523128964	0.867	0.613	6.32623013464909e-19	1	ATP5MC3
1.00466166231521e-22	0.612389267260323	0.996	0.863	1.23503058148408e-18	1	RPL22
3.90604080810793e-22	0.556056754641453	0.985	0.924	4.80169596540708e-18	1	HSP90AB1
3.02504478591292e-21	0.558672309047329	0.985	0.877	3.71868755532275e-17	1	SLC25A5
1.57990386139916e-20	0.943714914366915	0.716	0.422	1.94217581681799e-16	1	ATP5PD
2.58809161756423e-19	0.384327920946179	1	0.997	3.18154102547171e-15	1	FKBP2
1.15772853223266e-18	0.631693740332388	0.943	0.806	1.42319568467361e-14	1	KRT18
1.52107765768422e-18	0.833823083963055	0.773	0.485	1.86986076459122e-14	1	EEF1D
1.53784536835592e-18	0.624020786201466	0.989	0.933	1.89047331131993e-14	1	S100G
2.46869976533335e-18	0.93188636174549	0.754	0.486	3.03477262152429e-14	1	GSTM1
3.16299098142867e-18	0.667935044196955	0.928	0.796	3.88826481347026e-14	1	RPL22L1
4.47984459070549e-18	0.777975808562654	0.833	0.612	5.50707295535425e-14	1	RSL24D1
4.64450308255114e-18	-0.533238172843674	0.996	1	5.70948763938011e-14	1	COX3
8.02807265152302e-18	-0.58712467886909	0.943	0.977	9.86890971051725e-14	1	CYTB
1.24747967968533e-17	-0.583193260383721	0.977	0.996	1.53352677023718e-13	1	ATP6
2.07735914343532e-17	0.372644412158329	1	1	2.55369759502504e-13	1	CIRBP
8.54839957132105e-17	0.385840617700959	1	0.94	1.0508547593025e-12	1	RPL7
1.05297733655186e-16	0.771587096826586	0.75	0.487	1.2944250398232e-12	1	MIF
1.08105103581915e-16	-0.764697810602159	1	0.999	1.32893603833248e-12	1	unassigned-gene-4
1.6651841262029e-16	0.618596666947438	0.913	0.683	2.04701084634122e-12	1	COX6A1
2.34179877299877e-16	0.772650657666442	0.742	0.455	2.87877323164739e-12	1	ATP5F1D
2.72996864989337e-16	0.622629322661271	0.955	0.838	3.35595046131392e-12	1	CRIP1
3.28921863075363e-16	0.56785668303635	0.966	0.846	4.04343646278544e-12	1	KRT8
4.96928841469275e-16	0.863177652501467	0.686	0.442	6.1087462481818e-12	1	ATP5MG
7.71988095248709e-16	0.472421228023195	1	0.949	9.49004965489238e-12	1	S100A10
8.6019808906161e-16	0.496270330881249	0.973	0.848	1.05744151088344e-11	1	ATP5MC2
1.07714302383869e-15	0.742132475417364	0.795	0.548	1.32413191920491e-11	1	LOC138488548
1.26300885969921e-15	0.692187817347702	0.811	0.545	1.55261679122824e-11	1	LOC138567164
1.57892039946176e-15	0.503882054351394	0.955	0.903	1.94096684705834e-11	1	HSPA8
2.54136261253347e-15	0.510490281418421	0.924	0.844	3.12409705958739e-11	1	NACA
3.34037582387177e-15	-1.12026443079241	0.561	0.744	4.10632400028556e-11	1	LOC138504630
5.76109930734663e-15	-0.660707910803728	0.795	0.883	7.08211937852121e-11	1	ND2
2.85414978234466e-14	0.570285258007145	0.871	0.658	3.50860632743629e-10	1	ATP5MK
3.08333975596124e-14	0.589798146741634	0.886	0.659	3.79034956200316e-10	1	COX6C
3.22958381745731e-14	0.675125145858201	0.837	0.613	3.97012738680027e-10	1	UQCRH
6.55023496810483e-14	0.645324368324959	0.837	0.652	8.05220384629127e-10	1	LOC138510586
3.03816667982179e-13	0.418094373350612	0.989	0.915	3.73481829950493e-09	1	MYL6P1
4.28285689144719e-13	-0.708870041876619	0.754	0.847	5.26491597665603e-09	1	ND1
4.51585721152111e-13	-3.59942741065961	0.034	0.227	5.5513432701229e-09	1	RELN
6.84281679991286e-13	-2.68795256356435	0.045	0.245	8.41187469213288e-09	1	HAPLN3
1.14385455082032e-12	0.550518229942673	0.86	0.644	1.40614039932342e-08	1	ATP5MF
1.17274784605297e-12	0.603659697061609	0.822	0.606	1.44165892715292e-08	1	ATP5IF1
1.22765844076174e-12	0.754962488261923	0.674	0.439	1.5091605212284e-08	1	LOC138580477
1.40648894962429e-12	-0.688917623114524	0.78	0.859	1.72899686577314e-08	1	ITGBL1
3.05526356464319e-12	-3.03066522460387	0.034	0.219	3.75583550001587e-08	1	UNC5B
3.09646424407805e-12	0.436291621155901	0.977	0.924	3.80648349524515e-08	1	DYNLL1
3.5268768725952e-12	-0.638048704686922	0.792	0.881	4.33558973948128e-08	1	ND4
3.92253156075259e-12	0.67989566060101	0.697	0.454	4.82196804763316e-08	1	BTF3
4.92546511152844e-12	0.585121659532161	0.845	0.656	6.05487426160191e-08	1	NPM1
5.89064784795418e-12	0.873198489242486	0.519	0.292	7.24137339949007e-08	1	BLOC1S1
6.60085239527232e-12	0.466656880412864	0.928	0.792	8.11442784950827e-08	1	COX6B1
9.55187348601423e-12	0.979325295512897	0.417	0.209	1.17421180763573e-07	1	CMC2
1.02429536919065e-11	-2.05405804303309	0.125	0.33	1.25916629734607e-07	1	NRP2
1.18345569692711e-11	0.648093395744899	0.72	0.506	1.45482208823249e-07	1	UQCR10
1.36189320944196e-11	0.598018653546603	0.773	0.564	1.674175322367e-07	1	FTH1
1.64479523196859e-11	0.37635737869843	0.985	0.94	2.02194677865898e-07	1	HNRNPA3
2.57039812144352e-11	-1.39346984659788	0.223	0.431	3.15979041069052e-07	1	RAPGEF6
2.57094040538901e-11	0.465724465594277	0.875	0.659	3.16045704034471e-07	1	NDUFA4
3.08078165069284e-11	0.606033646610722	0.864	0.73	3.78720488319671e-07	1	PRDX1
3.15349257395369e-11	1.06122343528596	0.409	0.217	3.87658842116127e-07	1	LOC138526320
3.9779755038038e-11	0.437215746645712	0.981	0.975	4.89012528682601e-07	1	VIM
6.23398161824098e-11	-1.2694952511012	0.409	0.572	7.66343360330364e-07	1	FAM107B
7.06941978591976e-11	0.639045921806657	0.773	0.59	8.69043774283116e-07	1	CAVIN1
8.08289429031678e-11	0.925506273775866	0.417	0.217	9.93630195108642e-07	1	LOC138549408
9.05941147799658e-11	-0.433899763162858	0.989	0.998	1.11367345299012e-06	1	COX2
1.02636904808455e-10	-0.604835039471225	0.686	0.814	1.26171547081034e-06	1	ND3
1.10455152278786e-10	0.689941142987642	0.644	0.423	1.35782518696312e-06	1	LOC138566164
1.22907858654998e-10	0.769561933387298	0.591	0.382	1.51090630644589e-06	1	COX7A2L
1.32157268439529e-10	0.494982261402426	0.943	0.865	1.62460930092713e-06	1	PMP2
1.81674551895307e-10	-1.58118416148372	0.193	0.387	2.23332526644901e-06	1	VAV3
2.35275814459955e-10	-0.735600315991985	0.78	0.905	2.89224558715622e-06	1	unassigned-gene-2
3.00209299328299e-10	0.498870332673781	0.883	0.713	3.69047291664279e-06	1	SNRPF
3.44406159589189e-10	0.500292621084751	0.856	0.681	4.23378491982991e-06	1	SNRPE
8.87042198798175e-10	0.986442160220872	0.371	0.195	1.0904409749826e-05	1	AIMP1
9.6341460291608e-10	-1.15747642083981	0.625	0.762	1.18432557136474e-05	1	PRSS23
1.06177010590489e-09	0.4976558651438	0.803	0.616	1.30523399118889e-05	1	YBX3
1.16861478124167e-09	0.608394406310822	0.708	0.513	1.43657815058039e-05	1	COX5B
1.38564413935972e-09	0.485049536916366	0.814	0.63	1.70337234051491e-05	1	TMEM176B
1.38610791872311e-09	-0.894676174087678	0.534	0.663	1.70394246448632e-05	1	TJP1
1.41200534094338e-09	-0.904249163000953	0.39	0.575	1.73577816562169e-05	1	TCF4
1.44998983758e-09	0.441797266904209	0.928	0.801	1.7824725073371e-05	1	LOC138516040
1.67590042408236e-09	0.659710975952844	0.549	0.336	2.06018439132445e-05	1	APLNR
2.00868092493798e-09	0.60706379314961	0.655	0.452	2.46927146102626e-05	1	NEDD8
2.12282758026642e-09	-1.40492262176552	0.159	0.344	2.60959194442151e-05	1	SLC22A23
2.35154728544332e-09	0.412209759538635	0.898	0.746	2.89075707799547e-05	1	NAP1L1
3.52784363558555e-09	0.604223803073311	0.61	0.406	4.33677818122531e-05	1	GLRX
3.69537896080537e-09	-0.837939497359339	0.462	0.615	4.54272935651804e-05	1	ASAP1
3.96673217671245e-09	-1.28886726640194	0.193	0.376	4.87630386483261e-05	1	FCHSD2
4.77957071220556e-09	0.997567645556439	0.345	0.18	5.87552627651429e-05	1	TMEM14C
5.94027548259778e-09	-1.65230470053764	0.178	0.347	7.30238065075745e-05	1	IQSEC1
5.99982665692141e-09	-1.24453411431822	0.201	0.38	7.37558690935349e-05	1	PTPRE
6.51467327690575e-09	0.249492258760631	0.996	0.979	8.00848785930024e-05	1	PTMA
6.88041943528953e-09	0.841377696059855	0.417	0.241	8.45809961180142e-05	1	NDUFB4
7.34979133015685e-09	-1.60494918371521	0.148	0.319	9.03509848216182e-05	1	CADM1
7.76804479285213e-09	-2.3009294404551	0.045	0.192	9.54925746385313e-05	1	SRGN
8.62977557912412e-09	-0.779012523152496	0.436	0.603	0.000106085831194173	1	ADAM10
8.68974325663957e-09	0.889444660036621	0.39	0.219	0.00010682301385387	1	NDUFA2
9.33001397644889e-09	0.697554327097517	0.508	0.32	0.000114693861812486	1	EIF3K
1.02612312897761e-08	-1.41363170619232	0.314	0.464	0.000126141316245217	1	MMRN1
1.04203066792859e-08	1.00567662245985	0.333	0.174	0.000128096830008461	1	NDUFB6
1.04818456298188e-08	1.10281080558378	0.284	0.137	0.000128853328327362	1	S100A1
1.19116282743432e-08	-1.19553046898597	0.174	0.349	0.000146429646376501	1	PTPN2
1.21181588869409e-08	-1.24299182269224	0.152	0.328	0.000148968527197165	1	EHMT1
1.67841708396401e-08	-1.96757852230762	0.076	0.23	0.000206327812131696	1	EXOC6
1.75035532690856e-08	-1.82519277717794	0.072	0.224	0.000215171180336869	1	ANGPT2
1.7591936281402e-08	-1.28794610320737	0.155	0.329	0.000216257672707275	1	MCC
1.89704727459165e-08	-1.04190042860685	0.288	0.461	0.000233204021465552	1	LPP
2.07160659460209e-08	-1.54125613505553	0.371	0.512	0.000254662598674435	1	CTSL
2.3380132312294e-08	-0.822199084837921	0.398	0.564	0.00028741196651503	1	DYNC1H1
2.6874915986555e-08	0.434288886746312	0.845	0.667	0.00033037334222272	1	SSR3
2.94476320543557e-08	0.583804794326902	0.595	0.392	0.000361999740844194	1	NDUFS5
4.10752032210232e-08	0.426538185602249	0.837	0.679	0.000504937473196038	1	PPDPF
4.34093977970831e-08	0.433499988353877	0.822	0.672	0.000533631727119542	1	TUBA1A
4.41125619548622e-08	0.63237015833738	0.557	0.384	0.000542275724111121	1	SSR4
4.74585395419181e-08	0.63338380710393	0.598	0.418	0.000583407826588799	1	NDUFAB1
5.07275938219737e-08	0.555441983174114	0.606	0.403	0.000623594310853523	1	GMFG
5.11849019736593e-08	-0.77761174044193	0.652	0.744	0.000629215999962193	1	SHANK3
5.61198212108577e-08	-0.646309557757492	0.53	0.662	0.000689880962145074	1	SPTBN1
6.80017786417165e-08	0.9724141683281	0.409	0.25	0.000835945864842621	1	LOC138488268
7.44988167895929e-08	0.203066434293917	1	0.997	0.000915813954794466	1	CIRP
7.5418175133405e-08	-1.84634551700175	0.091	0.237	0.000927115626914948	1	FLT4
9.03164859781268e-08	-2.1299018010166	0.049	0.182	0.00111026056212911	1	PDGFC
1.19339169894048e-07	0.348208700467389	0.936	0.881	0.00146703641550754	1	PFN1
1.30341952684284e-07	0.499928299553278	0.674	0.495	0.00160229362434791	1	ATP5F1A
1.38494497427726e-07	0.731874400281393	0.466	0.305	0.00170251285687904	1	ATP5PB
1.45951825974146e-07	-1.13804497432521	0.216	0.375	0.00179418579670018	1	NCOA2
1.48054464208515e-07	0.481771457434908	0.723	0.564	0.00182003352851527	1	PPIB
1.50060408983232e-07	-0.816194212934203	0.439	0.587	0.00184469260763087	1	CRIM1
1.61307697249992e-07	-0.990182221241098	0.273	0.441	0.00198295552229416	1	MAGI1
1.7869269017334e-07	0.477003252585237	0.788	0.614	0.00219666924030087	1	HNRNPA0
1.86363410452927e-07	-2.88740817362364	0.03	0.147	0.00229096540469783	1	PDPN
1.90527040323617e-07	0.476111984847686	0.701	0.512	0.00234214890669823	1	FKBP1A
1.95637260712014e-07	1.01580676384148	0.246	0.118	0.00240496884593279	1	LOC138513412
2.04842223371867e-07	-2.09635506389514	0.038	0.16	0.00251812545191036	1	EPB41L1
2.15534692072578e-07	-1.2158300305965	0.125	0.279	0.0026495679696482	1	KIF13B
2.20623988460337e-07	-2.1815912780281	0.068	0.2	0.00271213069014292	1	NFIX
2.21728477824255e-07	0.40781056105004	0.655	0.452	0.00272570817789357	1	SEC61G
2.22948361703471e-07	0.31921077502906	0.936	0.862	0.00274070421042077	1	GAPDH
2.25683396817431e-07	-2.73276035892303	0.045	0.167	0.00277432599707668	1	FGF10
2.41897905881526e-07	-2.48377543761704	0.034	0.153	0.00297365095700159	1	GAS7
2.57375005305857e-07	0.524209805114057	0.689	0.518	0.0031639109402249	1	UBE2L3
2.81215029683138e-07	0.990830234590474	0.261	0.131	0.00345697635989482	1	UBL4A
2.98917018088839e-07	0.40398034030434	0.814	0.659	0.0036745869033661	1	EIF2S2
3.09510654292058e-07	0.395570400573848	0.883	0.773	0.00380481447321226	1	OAZ1
3.14293958400142e-07	-0.842022851862136	0.409	0.542	0.00386361563061294	1	NRK
3.16381414391817e-07	-0.953920619717085	0.337	0.481	0.00388927672711861	1	TSPAN14
3.1957769147484e-07	0.433814274372233	0.788	0.634	0.00392856856130021	1	ATP5PF
3.3047448457472e-07	-1.16541048060964	0.33	0.472	0.00406252283887703	1	STAB1
3.64204776331815e-07	0.421626116403073	0.788	0.602	0.00447716931544701	1	COX4I1
4.14650749646951e-07	0.826837344042483	0.333	0.189	0.00509730166540997	1	S100A16
4.26854767731138e-07	0.451852746128639	0.739	0.57	0.00524732565971888	1	VDAC2
4.28639429214374e-07	-1.18888974360894	0.22	0.371	0.0052692645033323	1	ZNF521
4.36086627505799e-07	0.704383665487633	0.409	0.249	0.00536081291192878	1	EIF3H
4.39384916402109e-07	-0.892728505556903	0.337	0.485	0.00540135877733113	1	NPR1
4.49930371909305e-07	-0.748156987587437	0.348	0.508	0.00553099406188109	1	EIF4G1
4.8722931706355e-07	-1.10211698723202	0.246	0.394	0.00598950999466221	1	MYH10
5.00646219492529e-07	-1.2593769510106	0.121	0.266	0.00615444397622166	1	TNKS
5.14063348151008e-07	-2.89383444278307	0.027	0.135	0.00631938073882034	1	SEMA3A
5.70189047380669e-07	-0.979330663064678	0.231	0.388	0.00700933395945056	1	ITPR2
5.76054276031129e-07	0.659606451769434	0.443	0.279	0.00708143521525066	1	IDH2
5.82648351300493e-07	0.527245579133221	0.557	0.375	0.00716249618253696	1	GLO1
5.97896113998885e-07	-0.913234160991544	0.258	0.413	0.00734993692938829	1	SMAD1
6.75006403320683e-07	0.495061463198774	0.447	0.276	0.00829785371602115	1	RHAG
7.75173641872674e-07	-0.862384149941163	0.356	0.491	0.00952920957954078	1	PICALM
7.99967319425507e-07	-0.784881399070755	0.492	0.611	0.00983399825769775	1	GASK1B
8.50985135858486e-07	-1.80407979002474	0.049	0.168	0.0104611602751084	1	PTK7
8.85058370867891e-07	-0.691665788749173	0.614	0.714	0.010880022553079	1	PTPRM
8.90746533559814e-07	-0.874469117916141	0.428	0.559	0.0109499471370508	1	LOC138472433
8.90957558984526e-07	-1.13171537138853	0.216	0.368	0.0109525412725968	1	TMCC1
9.30654017915244e-07	0.463770554361635	0.648	0.474	0.0114405298422321	1	TMEM258
9.39841205830772e-07	0.7967985176611	0.341	0.199	0.0115534679432777	1	EIF3G
9.72421631608611e-07	0.770803309128155	0.33	0.188	0.0119539791173647	1	SELENOH
1.01382894758596e-06	-1.11347625310349	0.167	0.313	0.0124629992526742	1	CDC42BPA
1.01567934054944e-06	1.12213559904723	0.22	0.107	0.0124857461333743	1	CCDC86
1.10090067755542e-06	-1.12652768136554	0.148	0.292	0.0135333720291888	1	ZFAND3
1.12552423420579e-06	0.648273424326298	0.394	0.238	0.0138360694110918	1	TOMM22
1.14507052306891e-06	-1.36829822019711	0.095	0.227	0.0140763519400862	1	SPTLC1
1.16917167592796e-06	1.18298115426776	0.197	0.091	0.0143726274121824	1	BTBD6
1.16984465258585e-06	0.48182563604208	0.572	0.39	0.0143809003142378	1	TOMM20
1.17978785856955e-06	-1.21755677531597	0.125	0.264	0.0145031321453954	1	AP3B1
1.19345666911226e-06	0.477003252585237	0.633	0.453	0.014671162833397	1	PA2G4
1.19511521656168e-06	-1.2018222148537	0.129	0.27	0.0146915513571927	1	LGMN
1.2832008370029e-06	-1.35891262456151	0.117	0.253	0.0157743878892767	1	PSME4
1.32101342733324e-06	-0.763793906765365	0.341	0.49	0.0162392180622075	1	PIEZO1
1.33043828203095e-06	-0.921669032667822	0.33	0.472	0.0163550778010064	1	SIK3
1.38507985093464e-06	-1.21755677531597	0.178	0.319	0.0170267866075395	1	FRYL
1.42882512149391e-06	0.634544529571716	0.428	0.273	0.0175645472185247	1	HINT1
1.44847250909283e-06	0.60901765249586	0.489	0.329	0.0178060725542782	1	ARPC1B
1.71233306863056e-06	-2.10825014339669	0.045	0.156	0.0210497104126754	1	PROX1
1.75326236466746e-06	-1.24563931728401	0.117	0.253	0.0215528542488571	1	CHSY3
1.76243947698209e-06	-1.93180229298209	0.045	0.157	0.0216656684905408	1	VEGFA
1.84031166970093e-06	0.318472536251143	0.898	0.781	0.0226229513556335	1	SNRPG
1.86249584012663e-06	0.347923303420307	0.86	0.738	0.0228956613626766	1	PRMT1
1.93406261130766e-06	0.493267842719725	0.712	0.566	0.023775431680805	1	SNRPB
2.09316750909577e-06	0.556198477851975	0.534	0.383	0.0257313081893143	1	SOX18
2.13007133241609e-06	0.498579646218438	0.564	0.396	0.026184966889391	1	UQCRB
2.14258195833161e-06	0.333770368767919	0.811	0.626	0.0263387600137705	1	HSBP1
2.17473669785158e-06	-1.07371172469221	0.193	0.334	0.0267340382266895	1	LYST
2.25263910905668e-06	-2.27382499496271	0.034	0.138	0.0276916925676338	1	PLEKHG4B
2.2956959243729e-06	-1.319019897438	0.121	0.253	0.0282209899983161	1	MFSD11
2.30446340205152e-06	-1.09712676492498	0.133	0.272	0.0283287686014194	1	TANC2
2.37563863028624e-06	-2.21960460396483	0.023	0.121	0.0292037256821087	1	COL24A1
2.3785345855257e-06	0.526410318366043	0.515	0.351	0.0292393256598674	1	SNRNP27
2.4225496942767e-06	0.570362310643737	0.538	0.374	0.0297804033917435	1	ATP5F1C
2.42406475390147e-06	-1.03492387607638	0.231	0.373	0.0297990280197108	1	ADD1
2.45180630947149e-06	0.436698670795689	0.686	0.529	0.0301400549623331	1	ATP5F1B
2.52073843770696e-06	-1.17331704571002	0.239	0.372	0.0309874376147316	1	ADD3
2.56870924632933e-06	0.450186062814281	0.674	0.524	0.0315771427651265	1	RBM4
2.58870195208535e-06	-2.23385858764507	0.027	0.126	0.0318229130969853	1	SNCA
2.63217004260422e-06	-1.12546371125598	0.148	0.287	0.0323572663337336	1	STRN3
2.65351228706796e-06	-0.978556061681834	0.155	0.298	0.0326196265449265	1	ANKRD11
2.89600123899357e-06	-0.953543275422956	0.22	0.363	0.035600543230948	1	WNK1
2.97527053393082e-06	-1.24496017824172	0.114	0.244	0.0365750006736116	1	AMFR
3.1062166008759e-06	-1.09995280900374	0.121	0.256	0.0381847206745675	1	UBE2Q2
3.18096410933471e-06	-1.13789732613832	0.193	0.329	0.0391035917960516	1	MICAL3
3.24115026775295e-06	0.69351881386236	0.428	0.285	0.039843460241487	1	ASS1
3.26747858534249e-06	-1.58701324028592	0.064	0.18	0.0401671142496152	1	ARHGAP6
3.40471752285207e-06	-1.10459543582883	0.189	0.324	0.0418541925084205	1	MYCBP2
3.42817885018489e-06	-1.18103089929086	0.182	0.315	0.0421426026053229	1	GALNT1
3.47697890843324e-06	-0.944239396220315	0.212	0.356	0.0427425017213698	1	FAM120C
3.52085115707796e-06	-0.892249436693138	0.292	0.427	0.0432818232739593	1	NFX1
3.52699485363816e-06	-0.831554938890122	0.261	0.407	0.0433573477357739	1	XPO5
3.69070301329839e-06	0.607851524149285	0.557	0.404	0.0453698121424772	1	FCN1
3.75458128784205e-06	0.573771107299925	0.371	0.224	0.0461550677714423	1	DNASE1L3
3.79671121764618e-06	0.74194844645597	0.341	0.205	0.0466729709985245	1	PRELID1
3.94534823807421e-06	-1.42244544901311	0.072	0.19	0.0485001658906463	1	COG3
3.98411809570666e-06	-1.0268825925447	0.121	0.257	0.0489767637505219	1	HUWE1
4.09026837779392e-06	0.810825026053852	0.261	0.14	0.0502816691682207	1	COX17
4.18345541787713e-06	0.587371409347094	0.432	0.279	0.0514272174519636	1	PGLS
4.20028238995632e-06	0.910360699604767	0.258	0.14	0.0516340714197331	1	PARK7
4.28792008699945e-06	0.74852439860515	0.345	0.211	0.0527114016294842	1	POLR2L
4.46125602826582e-06	0.795767337213235	0.307	0.179	0.0548422203554717	1	CHCHD1
4.62824096415727e-06	0.862231250577677	0.314	0.189	0.0568949661723853	1	EIF3D
4.74295258448345e-06	-1.20267253822999	0.098	0.225	0.058305116121055	1	KDM5A
4.86239617009009e-06	-2.67499984085981	0.019	0.109	0.0597734361189175	1	DOCK5
4.89406699347956e-06	-1.24997825300835	0.091	0.214	0.0601627655508442	1	TRRAP
4.89772364440791e-06	0.406988802535657	0.864	0.786	0.0602077167607064	1	TUBA1C
4.98039682526581e-06	-1.61206687233823	0.117	0.24	0.0612240181729926	1	CEMIP2
5.07676618859935e-06	-0.985507615059035	0.235	0.368	0.0624086867564518	1	AFDN
5.40184664311419e-06	-1.19394421809402	0.125	0.253	0.0664049007838027	1	NDST2
5.50161127207447e-06	0.562569817542313	0.542	0.392	0.0676313073676114	1	TUSC3
5.5836813966912e-06	-0.916554519283156	0.182	0.321	0.0686401954095249	1	SVIL
5.78767793741905e-06	-0.865757500654496	0.447	0.571	0.0711479248846924	1	EGFL7
5.976831989291e-06	-0.941346980734443	0.189	0.327	0.0734731956443543	1	MDFIC
6.03565256295023e-06	-1.01114354204588	0.242	0.373	0.0741962769563472	1	HOOK3
6.18352690739821e-06	-1.03092154423516	0.186	0.32	0.0760140962726462	1	TEAD1
6.38321690523533e-06	1.42244708896315	0.121	0.046	0.0784688854160579	1	TMA16
7.15462712613632e-06	1.01458362257204	0.216	0.111	0.0879518312615938	1	GPA33
7.4747830817287e-06	1.00653443343006	0.284	0.166	0.0918875084236909	1	LOC138582919
7.62852420040959e-06	1.23812270846022	0.159	0.071	0.0937774479956351	1	GSTM2
7.69310377168588e-06	0.66816347757488	0.379	0.244	0.0945713246653345	1	NDUFA3
7.75598377826286e-06	-1.15686884861687	0.106	0.23	0.0953443085861853	1	IGF2R
7.92992434999564e-06	0.418079863476271	0.667	0.502	0.0974825600344964	1	NDUFB1
7.97416701727884e-06	-1.2010686525274	0.148	0.278	0.0980264351434088	1	HSD3B7
7.98762301285166e-06	1.71349587096654	0.091	0.029	0.0981918496969854	1	PAM16
8.06196511567582e-06	-1.96269630092788	0.015	0.101	0.0991057371670028	1	RNF152
8.1753680345742e-06	0.544222173179947	0.564	0.421	0.100499799249021	1	DLK1
8.30869267897948e-06	0.496573389987057	0.477	0.323	0.102138759102695	1	SKP1
8.52023112839342e-06	-0.892306973036478	0.246	0.383	0.10473920126134	1	PROM1
8.53542539469846e-06	-1.12652768136554	0.136	0.264	0.104925984377028	1	EPB41L2
8.60025386421324e-06	-1.13189218308565	0.148	0.274	0.105722920752773	1	RASA1
8.93575281393637e-06	-1.79887149902198	0.038	0.136	0.10984720934172	1	DPY19L1
9.43504153834785e-06	-0.948700012034415	0.284	0.406	0.11598496563091	1	PTK2
9.7061188401989e-06	-1.49641614831145	0.091	0.208	0.119317318902565	1	NR6A1
1.01462571898087e-05	0.550321911515306	0.564	0.419	0.124727939634319	1	SSR1
1.03641271414706e-05	-1.13133375650973	0.136	0.261	0.127406214950098	1	HDAC4
1.07530210568541e-05	0.623453700922873	0.36	0.222	0.132186887851907	1	PFDN2
1.08195025243931e-05	0.237855071868989	0.958	0.902	0.133004144532364	1	ANXA2
1.10186750286848e-05	1.06633623541549	0.197	0.099	0.135452572127622	1	SRPRB
1.14496387698507e-05	-0.750700949074762	0.466	0.597	0.140750409397774	1	DOCK9
1.3087284954008e-05	0.621035306271574	0.432	0.298	0.160881993939621	1	NDUFB7
1.31092546469439e-05	-1.92650799331258	0.045	0.143	0.161152067374882	1	TIAM1
1.31599339155696e-05	-2.70940987164564	0.011	0.09	0.161775067624097	1	ANTXRL
1.34731444776614e-05	-0.938034246693607	0.216	0.347	0.165625365063891	1	KALRN
1.37870591927166e-05	0.238458381951529	0.958	0.887	0.169484318656066	1	TAGLN2
1.38579664040882e-05	-3.92414872043866	0.027	0.113	0.170355981005456	1	ESM1
1.38747748130532e-05	-1.0231261834812	0.152	0.277	0.170562606776863	1	PUM2
1.41033008229648e-05	-0.847943418927142	0.284	0.409	0.173371877016707	1	APC
1.42490171419583e-05	-1.1389469406196	0.114	0.234	0.175163167726093	1	KLF6
1.45736683996316e-05	-0.874469117916141	0.216	0.349	0.179154105636671	1	GNAQ
1.47854768533295e-05	-1.35307174597245	0.076	0.185	0.18175786695798	1	SUFU
1.55234123740729e-05	0.390516194287814	0.67	0.52	0.190829308314478	1	CAPNS1
1.5740003636696e-05	-1.97082418181128	0.076	0.18	0.193491864705904	1	FGL2
1.59098726188242e-05	0.368713312669464	0.822	0.709	0.195580064103205	1	CAPG
1.63407423505148e-05	-1.00816033308425	0.182	0.308	0.200876745714879	1	GNAL
1.63833021171027e-05	-0.936928309467438	0.148	0.276	0.201399932925543	1	TRAPPC8
1.64385061189172e-05	0.515153280651924	0.492	0.347	0.202078555719849	1	NDUFB3
1.64550561304349e-05	-0.913759500570591	0.208	0.338	0.202282005011436	1	TAOK3
1.64972069558881e-05	-1.04583753622812	0.174	0.298	0.202800165108732	1	RABGAP1
1.6552871010334e-05	-2.04583753622812	0.027	0.114	0.203484443330036	1	FBXL20
1.68603194884202e-05	-0.939009370110852	0.167	0.296	0.20726390747115	1	ROCK1
1.75761778669102e-05	-0.95309607669088	0.148	0.275	0.216063954517927	1	SNX9
1.76276277987481e-05	0.361417655565588	0.617	0.462	0.216696428530011	1	LOC138567840
1.80158574322663e-05	-0.944508580854157	0.159	0.287	0.221468935414849	1	ATXN2
1.8095970312289e-05	-0.983239878411135	0.326	0.44	0.222453763048969	1	DIAPH2
1.87701967361054e-05	0.536420221900338	0.496	0.351	0.230742028476943	1	ID3
1.9364485676653e-05	-0.761633942455811	0.231	0.367	0.238047622423095	1	CDK17
1.9721155352353e-05	-1.15044257945743	0.098	0.214	0.242432162746475	1	TRIO
1.98587784279619e-05	0.612279346671772	0.398	0.264	0.244123963214936	1	MICOS13
2.02727862634998e-05	-0.889982117287465	0.265	0.389	0.249213361537203	1	LRRC32
2.07328392961012e-05	-2.01865270690189	0.034	0.125	0.254868793466972	1	STAB2
2.07633285261165e-05	1.13335038654316	0.148	0.066	0.25524359757155	1	LOC138497699
2.10128551666593e-05	-1.70454411647383	0.053	0.152	0.258311028563743	1	EMILIN1
2.10369630570649e-05	-1.50631800626813	0.064	0.167	0.258607386860499	1	ANLN
2.30742471331789e-05	0.715747443863487	0.345	0.22	0.283651720008168	1	SELP
2.45795141668438e-05	-1.0253102869716	0.167	0.289	0.302155967653011	1	ARID2
2.56962474583818e-05	1.49252552469929	0.102	0.038	0.315883970005888	1	MRPL10
2.58540885713607e-05	0.325000159140187	0.795	0.654	0.317824310807737	1	SNRPD1
2.6554826992249e-05	-1	0.155	0.276	0.326438488215717	1	OGT
2.66540732132817e-05	-1.31526971326007	0.087	0.195	0.327658522010872	1	ASXL1
2.75000678513746e-05	1.69253625233089	0.095	0.034	0.338058334096947	1	APOC1
2.75602907558532e-05	-1.13564557752935	0.125	0.24	0.338798654261703	1	FER
2.78309884364682e-05	-2.79429876923216	0.011	0.085	0.342126340849503	1	ABLIM2
2.825916909623e-05	0.733533624203084	0.299	0.181	0.347389965699955	1	COA8
2.87253150901558e-05	-0.971346992123535	0.216	0.337	0.353120298403285	1	ZZEF1
2.95041922906662e-05	-0.832441714405711	0.322	0.438	0.36269503582916	1	CLDN11
3.03671563477073e-05	-0.939454921393234	0.117	0.236	0.373303452982366	1	WAPL
3.05643605432884e-05	-0.788512418043247	0.227	0.357	0.375727684158644	1	CD151
3.09351573347447e-05	0.38223037284861	0.667	0.493	0.380285889116016	1	PSMA4
3.10012491768864e-05	0.282675374446767	0.705	0.565	0.381098356131464	1	SH3BGRL3
3.11246614855967e-05	-1.23463028867491	0.064	0.166	0.38261546364244	1	ADAM9
3.22003917946115e-05	-0.662723940779202	0.33	0.458	0.395839416331159	1	ABI1
3.34570683581591e-05	-0.840334012499722	0.318	0.428	0.411287741326849	1	USP9X
3.40159241253444e-05	0.430932841758394	0.701	0.591	0.418157755272859	1	H2AC1
3.41177914381047e-05	-0.945123671479926	0.148	0.268	0.419410010148621	1	LIMS1
3.42942832197067e-05	-1.06494635917583	0.205	0.325	0.421579623619855	1	ARHGAP27
3.46355721231599e-05	-1.18438991138077	0.106	0.217	0.425775088110004	1	ZMYM4
3.50210929906246e-05	-0.526410514057684	0.621	0.682	0.430514296133748	1	PCDHGC3
3.5043276528251e-05	0.432163316413337	0.667	0.515	0.430786998361789	1	PTGS2
3.56810616679414e-05	-1.03424956195291	0.102	0.215	0.438627291084004	1	NHSL1
3.58440167364873e-05	-0.679090937498914	0.39	0.504	0.440630497741638	1	RBMS1
3.61050757426865e-05	-1.68339428160205	0.042	0.132	0.443839696104846	1	EFCC1
3.67359695927743e-05	0.545709780280561	0.428	0.293	0.451595274203975	1	PHF5A
3.69408102368666e-05	0.344316072234114	0.841	0.744	0.454113380241801	1	HNRNPH3
3.77729322032947e-05	-1.26768025474181	0.095	0.202	0.464342655575102	1	KSR1
3.89621446863483e-05	-1.14953835188732	0.129	0.243	0.47896164462928	1	GRK4
3.99906164102049e-05	-0.724770494807614	0.212	0.343	0.491604647530649	1	UBR2
4.04013990781618e-05	-0.504375729739322	0.568	0.655	0.496654398867844	1	CTNNB1
4.05005224784071e-05	-0.641611147952248	0.428	0.534	0.497872922827059	1	NFIB
4.12328259928773e-05	-0.817018845732241	0.303	0.421	0.506875129930441	1	PLCG1
4.17084183263541e-05	-0.991744833438375	0.14	0.257	0.512721586485871	1	KDM2B
4.20695977894328e-05	-1.15871019544103	0.098	0.206	0.517161565625497	1	HOMER3
4.30834786939919e-05	-0.813407592179862	0.265	0.39	0.529625203585242	1	KIF1B
4.37257716870195e-05	0.355376036543987	0.689	0.531	0.537520911348531	1	DAD1
4.4292188717405e-05	-0.9757165917513	0.152	0.269	0.54448387590306	1	USP7
4.53000552493763e-05	0.613735867998761	0.701	0.629	0.556873579180583	1	LGALS1
4.53675173961185e-05	-0.905219449740099	0.152	0.272	0.557702891350485	1	USP32
4.60845198782613e-05	0.624490864907794	0.337	0.215	0.566517002863466	1	EIF3M
4.62618711492596e-05	-0.815502613284861	0.47	0.555	0.568697182037849	1	ARL15
4.76044735081068e-05	-0.74820968781359	0.246	0.371	0.585201792835157	1	PSMD14
4.81760390298855e-05	-1.07100811196303	0.136	0.251	0.592228047794383	1	DNAAF9
4.8590205935502e-05	0.231344175829158	0.924	0.769	0.597319401565126	1	SRI
4.92852798767226e-05	0.427769851173543	0.564	0.419	0.60586394552455	1	KRTCAP2
4.96097294350031e-05	0.219752032423187	0.97	0.924	0.609852403944493	1	EEF2
5.24890089841678e-05	-0.944508580854157	0.155	0.273	0.645247387442375	1	C9H3orf70
5.2549794054123e-05	-0.830732013388423	0.299	0.411	0.645994618307334	1	MAP4K4
5.36745498581435e-05	-0.933663764584512	0.201	0.317	0.659821241406158	1	RAI1
5.39670242113741e-05	0.164564579699256	0.955	0.851	0.663416628630422	1	DBI
5.42328377320916e-05	-1.19553046898597	0.087	0.192	0.666684274240602	1	OSBPL10
5.61971640608033e-05	-0.76187729153978	0.341	0.456	0.690831737799455	1	SCHIP1
5.74059120411625e-05	-0.524073144570485	0.413	0.531	0.705690876722011	1	GDPD5
5.89541646936536e-05	-1.02576309606508	0.152	0.267	0.724723546579083	1	CDKAL1
5.9175060108374e-05	-0.811459320390341	0.258	0.381	0.727439013912242	1	CUL9
5.93435760966748e-05	0.63663994757391	0.352	0.233	0.729510580956423	1	TIMM13
5.94590153346206e-05	-0.870415102710334	0.208	0.33	0.730929675508492	1	JARID2
6.00630051557425e-05	-0.95756924504104	0.152	0.267	0.738354522379542	1	PRRC2C
6.02584148826617e-05	-0.887408173623639	0.212	0.33	0.740756694152561	1	ZNF609
6.06882679810586e-05	0.695315854901517	0.307	0.193	0.746040878291153	1	SURF6
6.13214239425631e-05	-0.814010095859903	0.239	0.36	0.753824264525928	1	TCF3
6.19311414226574e-05	0.28139902608015	0.883	0.798	0.761319521508728	1	EIF4A1
6.23062192281821e-05	-0.942903286215343	0.182	0.298	0.765930352972043	1	UBR4
6.34742485954803e-05	0.467087783720154	0.587	0.462	0.78028893798424	1	EHD2
6.41700167077117e-05	-1.42539801088457	0.186	0.292	0.788842015387899	1	APCS
6.52066483065241e-05	0.676675597421601	0.33	0.214	0.8015853276321	1	MRPL42
6.63137761925982e-05	0.348220074869503	0.667	0.538	0.81519525073561	1	TUBA1B
6.64746052025858e-05	0.75895487176166	0.246	0.143	0.817172321755388	1	PYGL
6.75979081128221e-05	-0.980920059546784	0.106	0.215	0.830981084430922	1	AKAP1
6.88172751371177e-05	-0.604116927343246	0.402	0.51	0.845970763260588	1	ZNF318
6.9663853237358e-05	-3.16751609281637	0.004	0.065	0.856377747846841	1	ULK4
7.27024783315245e-05	0.729843865054022	0.254	0.149	0.893731566129431	1	NDUFA8
7.2973354681646e-05	-0.843686796194321	0.208	0.33	0.897061449101475	1	TSC22D2
7.52093022456906e-05	-0.868970925366963	0.152	0.268	0.924547952506275	1	GIGYF1
7.54035737970879e-05	1.02251648207451	0.174	0.09	0.926936132687602	1	EBAG9
7.68245864826655e-05	-0.88428207263692	0.227	0.343	0.944404641631407	1	PARG
7.78272533886109e-05	-0.843137906696123	0.178	0.296	0.956730425906194	1	PLSCR1
7.84510579058787e-05	0.238852225327157	0.97	0.932	0.964398854836967	1	HMGB2
7.90478772543688e-05	-0.773075498144644	0.231	0.355	0.971735555087955	1	TANC1
7.90669857594741e-05	-0.973138047649523	0.114	0.223	0.971970455941215	1	NCOA1
7.94133187366569e-05	-0.86571310252432	0.235	0.347	0.976227927229723	1	PARD3
8.00544371337257e-05	-0.772428694708171	0.231	0.352	0.984109195684889	1	PDCD6IP
8.03144583220676e-05	0.260105580398414	0.83	0.692	0.987305636153177	1	SLC25A3
8.11014730576588e-05	-0.984026363792259	0.11	0.218	0.9969804082978	1	ATXN2L
0.000749335831813545	3.91994674843396	0.011	0	1	1	LOC138540856
0.000749335831813545	3.91994674843396	0.011	0	1	1	LOC138526372
0.00113710226742812	3.24187484332133	0.015	0.001	1	1	MMP7
0.00774309913668046	2.91994674843396	0.011	0.001	1	1	CFAP126
0.00774309913668046	2.91994674843396	0.011	0.001	1	1	EDIL3
0.00774309913668046	2.91994674843396	0.011	0.001	1	1	HTRA3
0.00774309913668046	2.91994674843396	0.011	0.001	1	1	KIF19
0.00774309913668046	2.91994674843396	0.011	0.001	1	1	LOC138497995
0.00774309913668046	2.91994674843396	0.011	0.001	1	1	LOC138513837
0.00774309913668046	2.91994674843396	0.011	0.001	1	1	NFAM1
0.00383689673974391	2.75644801615109	0.03	0.008	1	1	RBPMS2
0.00575247536913036	2.65691234260017	0.015	0.002	1	1	BRD3OS
0.00575247536913036	2.65691234260017	0.015	0.002	1	1	LOC138488030
0.00575247536913036	2.65691234260017	0.015	0.002	1	1	RGS9BP
0.00372081469629058	2.50490924915512	0.019	0.003	1	1	LOC138453076
0.00372081469629058	2.50490924915512	0.019	0.003	1	1	EGFL6
0.00372081469629058	2.50490924915512	0.019	0.003	1	1	EMILIN3
0.000469444015176231	2.24187484332133	0.034	0.007	1	1	LOC138473565
0.00333933872533419	2.11259182637636	0.027	0.006	1	1	PWWP2B
0.00107903213056252	2.07194984187902	0.034	0.008	1	1	LOC138569828
0.00107903213056252	2.07194984187902	0.034	0.008	1	1	MCAT
0.000349337204097984	2.04547763051782	0.042	0.01	1	1	COA1
0.000713494752917899	1.91994674843396	0.042	0.011	1	1	LOC138567140
0.00398824744036047	1.91994674843396	0.03	0.008	1	1	LOC138526928
0.00240782783590192	1.79441586635011	0.038	0.011	1	1	LOC138582770
0.00240782783590192	1.79441586635011	0.038	0.011	1	1	RRM2B
0.00138377560049991	1.71349587096654	0.045	0.014	1	1	LOC138492733
0.00138377560049991	1.71349587096654	0.045	0.014	1	1	TRMT10A
0.000834270669361965	1.64692825402755	0.068	0.026	1	1	COL6A2
0.00135535489352836	1.63983882924123	0.049	0.016	1	1	LOC138513729
0.0040887959698896	1.63044013123898	0.03	0.008	1	1	ADCY8
0.000427157549984259	1.61509216690554	0.061	0.02	1	1	EMC9
0.00668081276862109	1.53292362532472	0.042	0.015	1	1	LRP1B
0.00407868928610904	1.50490924915512	0.057	0.023	1	1	MED20
0.00419816540322812	1.50490924915512	0.042	0.014	1	1	CLEC7A
0.00419816540322812	1.50490924915512	0.042	0.014	1	1	SEMG1
0.00356216131147358	1.47937415704798	0.049	0.018	1	1	MPV17
0.00031863663077137	1.40537357560421	0.076	0.028	1	1	IER5L
0.000621201292169561	1.38228996249117	0.095	0.042	1	1	RASD2
0.00741555740298147	1.37937836707126	0.038	0.013	1	1	ACOD1
0.00926267365648453	1.37245895313147	0.045	0.018	1	1	ARL5C
0.000146013082377412	1.361456459074	0.125	0.058	1	1	NPPC
0.000706098496650596	1.35806786082585	0.076	0.03	1	1	TMEM39B
0.00165915527617913	1.35806786082585	0.072	0.03	1	1	C4QH1orf115
0.00224457895913657	1.33498424771281	0.064	0.026	1	1	HOXB8
0.00433787201971928	1.27609055865924	0.057	0.023	1	1	LYRM2
0.00825752501710778	1.26787005185427	0.049	0.02	1	1	GINS1
0.00534383194214752	1.25252208752084	0.061	0.026	1	1	ZCRB1
0.00285885101532571	1.20945336562895	0.076	0.034	1	1	LAT2
0.000319089965644177	1.18298115426776	0.098	0.042	1	1	OPA3
0.00639969561148055	1.18298115426776	0.064	0.029	1	1	CENPX
0.00401870511714302	1.16787426187755	0.068	0.03	1	1	POP7
0.00210115228291488	1.15810648562873	0.083	0.038	1	1	FSAF1
0.00685637918052556	1.13145085362768	0.076	0.037	1	1	POLR3D
0.000102828751662738	1.09682451051804	0.133	0.061	1	1	KLF17
0.00289773673612287	1.08595669987289	0.083	0.039	1	1	TSTD3
0.00320953883055693	1.07864449445302	0.087	0.042	1	1	UTP3
0.00836671385511177	1.07194984187901	0.072	0.035	1	1	IMP4
0.00912469350523313	1.0574502721839	0.076	0.038	1	1	RABL3
0.00501726545847279	1.05119128171222	0.083	0.041	1	1	ANAPC15
0.00686202317294146	1.04024098215168	0.087	0.045	1	1	C7PH2orf49
0.00100878788043741	1.03012966618439	0.117	0.059	1	1	MRPS14
0.00655810910792156	1.01305615282545	0.083	0.042	1	1	LOC138549858
0.000299976573883454	1.00483564602048	0.129	0.062	1	1	DCUN1D2
0.00216036785718982	0.99938121592837	0.102	0.051	1	1	CLPP
0.000847072400116939	0.989209410871078	0.117	0.058	1	1	CFAP20
0.000717346798817659	0.983140574921159	0.121	0.06	1	1	SOX17
0.00281440346478099	0.978840437487534	0.091	0.044	1	1	PTS
0.00499549860250182	0.976530276800333	0.095	0.049	1	1	BORCS8
0.000385501081486956	0.976530276800332	0.144	0.074	1	1	MRPL49
0.00515470557934476	0.970572821503933	0.098	0.052	1	1	DCHS2
0.00131038085247628	0.967252463212322	0.114	0.057	1	1	DOHH
0.00676396952004948	0.963015470325851	0.11	0.062	1	1	SSBP1
0.00904048640069358	0.950320397477483	0.087	0.046	1	1	UMPS
0.00721929635663296	0.949093094093481	0.087	0.045	1	1	MRPS34
0.00508773597326556	0.947961124603561	0.095	0.049	1	1	NAGK
0.00941395215136156	0.946913796034235	0.091	0.049	1	1	EIF4E1B
0.00680370964822017	0.945037729396796	0.102	0.056	1	1	URM1
0.0056416765773291	0.919946748433965	0.102	0.055	1	1	SMIM13
0.00107082090376178	0.919946748433965	0.129	0.067	1	1	TUBA1D
0.0011146439984241	0.919946748433965	0.193	0.118	1	1	THBD
0.00141792587565765	0.919946748433965	0.136	0.074	1	1	LOC138488383
0.00918963632608148	0.919946748433965	0.087	0.046	1	1	SNAPC5
0.000601968982355415	0.901087721182649	0.136	0.07	1	1	RBIS
0.00283555151667147	0.89757893540551	0.117	0.063	1	1	MTHFS
0.00338576876253281	0.89757893540551	0.114	0.061	1	1	FLOT1
0.00879637013716596	0.885999416510627	0.072	0.035	1	1	CCL19
0.000613409592117902	0.87365309616003	0.167	0.093	1	1	MRTO4
0.000735671063300398	0.87365309616003	0.159	0.088	1	1	TXN2
0.00105366614840764	0.869320675363997	0.148	0.081	1	1	LOC138497472
0.00857016286937006	0.86747932853983	0.098	0.054	1	1	MEA1
0.0031924884331174	0.843997895200666	0.129	0.072	1	1	DNAJC25
0.00639798440829088	0.826837344042483	0.11	0.061	1	1	GEMIN7
0.00393696921075786	0.825619365885812	0.133	0.076	1	1	COQ7
0.00321884730857022	0.824789515393625	0.152	0.09	1	1	MED28
0.00413745498645971	0.823731433174662	0.106	0.056	1	1	TTC9
0.000180257739729982	0.821914665473438	0.223	0.131	1	1	MED31
0.00377779336785726	0.811422291655796	0.117	0.064	1	1	MPC2
0.00401354692223061	0.810322257259467	0.136	0.079	1	1	SPR
0.00123988232670883	0.808915436045221	0.163	0.094	1	1	CD74
0.000300589023658845	0.804469531014028	0.208	0.121	1	1	BOLA2
0.00287082262401218	0.801765322085651	0.144	0.083	1	1	XPNPEP2
0.00691473650678177	0.795618613431763	0.148	0.091	1	1	EGR1
0.00674867304870685	0.786680217570501	0.114	0.064	1	1	CHURC1
0.00814190644168216	0.786091001699174	0.129	0.077	1	1	FAM174C
0.000524803448495002	0.778285599210374	0.212	0.128	1	1	FAM110D
0.000936076936151595	0.773105360104694	0.197	0.119	1	1	NDUFA7
0.00900341915516881	0.773105360104694	0.144	0.09	1	1	VPS28
0.000147403823617327	0.763221244746512	0.22	0.126	1	1	COMMD7
0.00954291992022498	0.760748153584711	0.102	0.057	1	1	LIN7A
0.000353916168332812	0.752652003036324	0.216	0.128	1	1	C10H22orf39
0.00129692032393942	0.750021746991653	0.193	0.118	1	1	PLAC9
0.00248362334257576	0.750021746991653	0.174	0.106	1	1	MCM4
0.0051015230798314	0.750021746991653	0.167	0.105	1	1	SOCS1
0.00262193046369438	0.747631199566658	0.216	0.143	1	1	WDR83OS
8.80619646564206e-05	0.745917348658916	0.269	0.164	1	1	LXN
0.00085889264590363	0.738616983719403	0.197	0.118	1	1	CARHSP1
0.00439611102569554	0.737082691284154	0.136	0.079	1	1	ZNF593
0.00451807831817302	0.731501659020855	0.148	0.088	1	1	RCBTB1
0.0013703665307645	0.727301670491569	0.197	0.121	1	1	LOC138569992
0.00209592390390198	0.719127739045869	0.246	0.167	1	1	SLIRP
0.000182791575739939	0.712621775186459	0.193	0.106	1	1	PRICKLE1
0.000660010046682796	0.709049965935347	0.197	0.116	1	1	ZCCHC9
0.00182025095937052	0.701523229300463	0.189	0.116	1	1	MRPL37
0.00267381963184781	0.697554327097517	0.174	0.106	1	1	COA5
0.00019254365637078	0.694654436591722	0.254	0.155	1	1	NOP53
0.0013775721539129	0.694387048018834	0.223	0.143	1	1	RIDA
0.000231845954631714	0.690212351756349	0.284	0.182	1	1	NHP2
0.0023482424642901	0.682907551133116	0.231	0.154	1	1	MRPL43
0.00201303657596333	0.67330678085084	0.205	0.129	1	1	NCCRP1
0.00875880988498908	0.672019234990379	0.148	0.092	1	1	GPX8
0.000236230877551675	0.66913864493343	0.261	0.162	1	1	AOC3
0.000662030324244987	0.663606995174179	0.254	0.163	1	1	THOP1
0.00117329453002366	0.663038445397012	0.208	0.128	1	1	MRPS21
0.00110892030081263	0.660560119615316	0.231	0.147	1	1	TIMM8A
0.00311223386869638	0.654974538358679	0.216	0.142	1	1	COPE
0.00234736940425699	0.647693812570792	0.22	0.143	1	1	SMIM30
0.00156327293568076	0.644939700934095	0.174	0.102	1	1	HLX
0.00303278481973668	0.63983882924123	0.261	0.182	1	1	DDT
0.00100857832023529	0.638764995889912	0.265	0.176	1	1	MRPL23
0.0010586183006321	0.633065600645804	0.208	0.128	1	1	LFNG
0.00288146181576674	0.633065600645804	0.186	0.115	1	1	EMC10
0.000897472055808583	0.63044013123898	0.254	0.164	1	1	MRPL51
0.00456313838705765	0.62128843286945	0.182	0.115	1	1	PRDX3
0.00155825218741348	0.615612713561341	0.223	0.142	1	1	PET100
0.009037034601123	0.611824453071633	0.152	0.095	1	1	SF3A3
0.000522031571071861	0.610618690326236	0.148	0.077	1	1	VCAN
8.31614045394022e-05	0.610618690326236	0.367	0.249	1	1	NDUFA11
0.00608701438453156	0.608360597768062	0.197	0.13	1	1	SRP72
0.00391135964138813	0.602088317855649	0.235	0.159	1	1	ARF6
0.00644581233320806	0.601585268566795	0.258	0.186	1	1	TP53
0.00150740587970675	0.598018653546603	0.235	0.151	1	1	DNAJC2
0.00389214054430502	0.594276251860786	0.254	0.177	1	1	NDUFB8
0.000558727716485435	0.586523014708773	0.265	0.169	1	1	MRPL52
0.00892550440078209	0.585527709363406	0.163	0.104	1	1	FBP1
0.00331178670658638	0.578909830598898	0.261	0.181	1	1	SSNA1
0.0014966268193592	0.57541722460947	0.265	0.177	1	1	ATOX1
0.00211146027825059	0.572675805432139	0.265	0.18	1	1	PSMC2
0.000632638119098902	0.567528286324881	0.284	0.188	1	1	TCIM
0.00833046918036959	0.563461431510234	0.223	0.155	1	1	SF3B5
0.00070751181083512	0.562394743815881	0.405	0.302	1	1	PSMB2
0.00398535219266069	0.558759223099375	0.178	0.111	1	1	LOC138531582
0.00384698021469566	0.557376669049257	0.242	0.165	1	1	HES4
0.000167197594505331	0.556691791257667	0.371	0.255	1	1	MDH2
0.000862395417531547	0.555930648039265	0.383	0.273	1	1	HS3ST1
0.00916519503714563	0.554297276117285	0.186	0.123	1	1	MRPS33
0.000872542904199456	0.552930764018065	0.383	0.287	1	1	NSA2
0.00915439359614078	0.551559342453943	0.133	0.08	1	1	TGFBI
0.00938563807159726	0.549835120036637	0.189	0.126	1	1	SDHAF4
0.00024304664925871	0.546303617002447	0.409	0.294	1	1	PSMB5
0.00178139814390221	0.545971905777007	0.311	0.22	1	1	NDUFB5
0.00231370654658324	0.543092443043009	0.246	0.163	1	1	MED30
8.77747219028244e-05	0.538929358087624	0.477	0.347	1	1	PSMA7
0.00443930693529981	0.537801130712496	0.223	0.149	1	1	CSNK2B
0.000237417745719199	0.532923625324718	0.28	0.174	1	1	LPAR4
0.00232967912892108	0.532923625324718	0.235	0.153	1	1	PWP1
0.000668101095291329	0.532021094772362	0.39	0.293	1	1	ICAM5
0.00206780513025686	0.528755991109489	0.367	0.274	1	1	PSMB1
0.00449923336105447	0.525667809321918	0.28	0.202	1	1	WIF1
0.00339653239854276	0.524808806592826	0.258	0.176	1	1	MRPL27
0.0017739018358914	0.524538055904054	0.348	0.255	1	1	CDKN2AIPNL
0.00664058552918787	0.52139737194369	0.261	0.187	1	1	EMC7
0.0010941425079827	0.52139737194369	0.337	0.238	1	1	NDUFC2
0.000133261690121571	0.519408818850236	0.439	0.315	1	1	PSMB3
0.000263797943028429	0.518584186052197	0.36	0.246	1	1	RTRAF
0.005664940891345	0.513954388758128	0.22	0.147	1	1	LOC138468101
0.00388737322580296	0.512442921840528	0.254	0.174	1	1	LOC138582769
0.000296003589228916	0.512026654024272	0.386	0.274	1	1	CSRP1
8.47311664597259e-05	0.508381441061926	0.473	0.348	1	1	LOC138516165
0.000178389558963527	0.50635266602479	0.39	0.269	1	1	LOC138503347
0.00802179792057898	0.504909249155121	0.314	0.238	1	1	FAM32A
0.000321169989378268	0.501157114294013	0.402	0.283	1	1	C2PH19orf33
0.000441836249019608	0.497255676611686	0.42	0.311	1	1	HYPK
0.00788083202241001	0.497004051069775	0.261	0.186	1	1	LOC138511292
0.000577304674248537	0.495003506181958	0.398	0.285	1	1	EIF3F
0.00624645913091012	0.491103449630091	0.398	0.319	1	1	CKB
0.00547793694046329	0.483082886701943	0.284	0.204	1	1	YAF2
0.000243364697130873	0.47118863131112	0.443	0.324	1	1	GSN
0.00088322865373324	0.470101178625866	0.557	0.459	1	1	ZFP36
0.00329998940006548	0.466656880412864	0.322	0.235	1	1	COQ10B
0.00281392112673473	0.465568357522953	0.341	0.249	1	1	CAV2
0.00101401709335831	0.462598444297157	0.394	0.284	1	1	MGST3
0.00132543291600154	0.461741389998747	0.348	0.248	1	1	DAPL1
0.00550847589194417	0.46158181749102	0.371	0.29	1	1	CORO1B
0.000121461656425621	0.459631215723747	0.659	0.518	1	1	AQP1
0.000216145645502471	0.459042240397792	0.311	0.196	1	1	MMRN2
0.00089952301524202	0.455479539899369	0.341	0.238	1	1	RGCC
0.0010600114739502	0.454283176085153	0.345	0.243	1	1	FCRL5
0.00121552079508413	0.451797912695558	0.299	0.201	1	1	NR4A1
0.00131699639676943	0.450461465132745	0.409	0.306	1	1	ELOB
0.00310963935647093	0.437164642519287	0.379	0.283	1	1	LOC138480899
0.000304024971744685	0.435784888500301	0.477	0.354	1	1	PSMB6
0.000449838862963322	0.435747224647725	0.496	0.378	1	1	ANXA3
0.00040110676337434	0.428510074402141	0.458	0.337	1	1	NDUFA6
0.00385191521958424	0.427666250222661	0.348	0.259	1	1	UCHL1
0.00180220025456978	0.425521794126411	0.398	0.299	1	1	GSTM4
0.000708041799880449	0.423115157991474	0.42	0.304	1	1	OSTC
0.000154963301350544	0.413634019156839	0.746	0.639	1	1	B2M
0.00156067660460927	0.408513283134774	0.466	0.36	1	1	PSMA5
0.00012800570103301	0.404979450471066	0.542	0.408	1	1	COX5A
0.00417504672358393	0.402098443571345	0.394	0.304	1	1	TNFAIP8L1
0.000351541928496876	0.400572589340385	0.523	0.4	1	1	ATP5PO
0.00309850422351234	0.396849503297668	0.428	0.328	1	1	PFDN5
0.00483255611183969	0.39462719414021	0.345	0.255	1	1	DENR
0.00776318162479595	0.394004761525009	0.527	0.414	1	1	LOC138582805
0.00408502281585167	0.393016369084224	0.33	0.236	1	1	PDCD5
0.00721053272740836	0.391993726788172	0.777	0.698	1	1	CSTB
0.000254198697252292	0.387214206485367	0.481	0.351	1	1	TXNDC17
0.00270587281393977	0.384815403664815	0.367	0.267	1	1	AK2
0.000176940249182363	0.362360686644114	0.663	0.528	1	1	HNRNPDL
0.00713986981556691	0.359586220945887	0.394	0.303	1	1	CSRNP1
0.00437461315304	0.357884649822888	0.413	0.315	1	1	NOP10
0.00330334613458673	0.353246454105537	0.379	0.28	1	1	SMAD6
0.00314711331476701	0.347367972168641	0.375	0.275	1	1	BCCIP
0.00506178511052546	0.341084447249226	0.477	0.379	1	1	SUMO2
0.00325811513960305	0.339443895903509	0.379	0.276	1	1	GPI
0.00991569034293958	0.339065424524626	0.367	0.284	1	1	MPC1
0.000212610645210164	0.334984247712809	0.511	0.366	1	1	PGK1
0.00827711728925442	0.330151093976865	0.595	0.534	1	1	CYCS
0.00755574178880242	0.326810316267108	0.5	0.413	1	1	ILF2
0.000282325092092392	0.323231066287131	0.485	0.346	1	1	ACVRL1
0.00689176114481043	0.319652593956818	0.462	0.368	1	1	MICOS10
0.00032540503960071	0.319454549419204	0.712	0.58	1	1	RBX1
0.00192086017468246	0.31152527488882	0.534	0.417	1	1	CCT5
0.00925546012358951	0.310078905949989	0.417	0.325	1	1	PSMA6
0.00756901819158949	0.308871407393677	0.447	0.356	1	1	TCP1
0.000460921909599443	0.307981145806201	0.617	0.489	1	1	GNG5
0.00319585148773543	0.30467441355555	0.473	0.365	1	1	PSMB7
0.0018939672088096	0.304017897029595	0.489	0.379	1	1	LOC138521839
0.000629399326931636	0.303717187113372	0.61	0.47	1	1	SUMO3
0.00990675141148101	0.303534609087756	0.402	0.31	1	1	CISD1
0.00791553120632037	0.30327538798547	0.485	0.398	1	1	SOD1
0.000170357992169133	0.297894928977589	0.67	0.519	1	1	UBL5
0.00754392935218333	0.297685706289833	0.451	0.35	1	1	HNRNPC
0.000482072064417524	0.291915525820923	0.773	0.639	1	1	SRSF9
0.000697919147520537	0.287678532934452	0.53	0.399	1	1	ARPC3
0.00900236571540894	0.28210468810986	0.58	0.498	1	1	CST3
0.00603158965451991	0.280191774872429	0.466	0.365	1	1	DCDC2B
0.00179077318032807	0.279599344436379	0.553	0.427	1	1	SLC29A1
0.00103185664626811	0.278138387308099	0.689	0.55	1	1	SNRPD3
0.00526116676590275	0.27795330267643	0.413	0.308	1	1	SF3B6
0.000115211790231498	0.251512535938574	0.663	0.48	1	1	SPACA4
0.00214611062162954	0.247898630949097	0.777	0.651	1	1	PCBP2
0.00101689531010911	0.24504212240001	0.864	0.782	1	1	ANXA5
0.000185954245195062	0.243364881052933	0.917	0.838	1	1	SET
0.00315893601242124	0.241140460490051	0.708	0.612	1	1	STMN1
0.00320467012669189	0.235448574161894	0.095	0.046	1	1	RGS5
0.00376790936740596	0.23490894631162	0.708	0.589	1	1	KHDRBS1
0.000135082008665826	0.226852652703674	0.894	0.799	1	1	NCL
0.00828802388645082	0.221773637264818	0.511	0.399	1	1	CD93
0.00596773581403324	0.218672861411067	0.686	0.546	1	1	ELOC
0.00092931603961021	0.213354803311278	0.814	0.725	1	1	DDX5
0.00513092655126974	0.203037729971324	0.598	0.478	1	1	CSF1
0.00402120379043239	0.201501242238557	0.758	0.645	1	1	COX7B
0.00343966116404415	0.192929631731687	0.803	0.709	1	1	AKAP8L
0.0015215854953632	0.187168951231192	0.947	0.87	1	1	EIF5A2
0.00818135397894105	0.182565451904736	0.742	0.631	1	1	GNGT1
0.00918725367848795	0.158305918175479	0.784	0.665	1	1	BTF3L4
0.000250401086250961	0.156462874146751	1	0.973	1	1	CFL2
0.00560619693465336	0.155267312628655	0.799	0.674	1	1	H3-3A
0.00275297057629802	-0.320600155997154	0.716	0.761	1	1	YWHAE
0.000756681896305832	-0.325695307041146	0.792	0.842	1	1	LTBP1
0.00755024993691364	-0.375264008077618	0.572	0.622	1	1	ITM2A
0.00107727210046761	-0.379613533424943	0.75	0.76	1	1	NONO
0.00140249772293319	-0.387390121789166	0.716	0.738	1	1	MYH9
0.0075869595159543	-0.390744374570693	0.564	0.609	1	1	HNRNPM
0.00981152613919638	-0.395094960868157	0.394	0.468	1	1	UBE2D2
0.000488969651605554	-0.395957558825628	0.841	0.877	1	1	KRT5
0.00295364026849863	-0.397269219104076	0.527	0.597	1	1	YWHAB
0.000534124837965764	-0.411376644034356	0.792	0.813	1	1	FSTL1
0.0068725345912617	-0.438507222478512	0.25	0.336	1	1	RPN2
0.00375192890711205	-0.441432497172121	0.311	0.405	1	1	RBFOX2
0.00627267523036976	-0.443036414716168	0.295	0.383	1	1	STT3B
0.000181896353775412	-0.443235031210443	0.598	0.678	1	1	APP
0.00635900938991303	-0.447496005705766	0.47	0.534	1	1	VCP
0.00822141769574181	-0.448274998727332	0.311	0.387	1	1	EIF4B
0.00131083587636078	-0.448674581901439	0.436	0.529	1	1	RTN4
0.00701809548989548	-0.451734381650497	0.481	0.536	1	1	NID2
0.000235073226944257	-0.451972197509336	0.822	0.863	1	1	HSPG2
0.00484689354842485	-0.452607419523366	0.258	0.35	1	1	NR3C1
0.00146382442087349	-0.455231731155647	0.595	0.634	1	1	AHNAK
0.00214785501443834	-0.456068862015695	0.477	0.553	1	1	PSAP
0.00892376946742209	-0.459696844309685	0.155	0.232	1	1	ACP7
0.00763502286218831	-0.462522888388448	0.364	0.436	1	1	DIDO1
0.00831092698025884	-0.469291281412824	0.22	0.302	1	1	CTNND1
0.000963295412218942	-0.472370674344795	0.386	0.487	1	1	CANX
0.00777178697054807	-0.474684540183042	0.273	0.356	1	1	IQGAP2
0.00835449943413697	-0.475230328484036	0.33	0.401	1	1	CYFIP1
0.00583858233557367	-0.480591181149764	0.22	0.307	1	1	ATF5
0.0010248426152567	-0.48560650150149	0.371	0.471	1	1	FLNB
0.00343032204081825	-0.490685571724878	0.379	0.462	1	1	MYOF
0.0088949261136805	-0.492082000972541	0.284	0.362	1	1	VMP1
0.000594077102569783	-0.495410461658573	0.754	0.831	1	1	VWF
0.00903750913565339	-0.496892993478864	0.159	0.236	1	1	SRPK2
0.00848674098801193	-0.507120439706079	0.492	0.556	1	1	IGFBP1
0.0050896665322645	-0.512280512142394	0.235	0.322	1	1	ASAP2
0.00759795581325797	-0.519550942834574	0.341	0.418	1	1	CDC42BPB
0.00109612131481469	-0.519944683807687	0.481	0.558	1	1	CD9
0.00496679426720462	-0.521651577116014	0.235	0.319	1	1	ARHGEF7
0.000733593655152239	-0.522996747414763	0.375	0.479	1	1	ARHGAP31
0.00314128278871031	-0.527512228537256	0.258	0.347	1	1	TNFRSF1A
0.000839528744790137	-0.528034849459794	0.413	0.508	1	1	AKAP13
9.16373585408655e-05	-0.529132324205418	0.572	0.666	1	1	FLI1
0.00677379751107169	-0.531432597908599	0.155	0.231	1	1	PDPK1
0.00156876790532508	-0.532121481789846	0.36	0.453	1	1	CTSB
0.00553056474120206	-0.534619115031516	0.182	0.265	1	1	DGCR2
0.00662663184503589	-0.535247877316861	0.205	0.287	1	1	CLK4
0.0033497310424191	-0.539484870203333	0.212	0.302	1	1	SMARCA2
0.00453144582236207	-0.54410642794371	0.273	0.354	1	1	ITGA9
0.0020231146541969	-0.544721518569479	0.413	0.482	1	1	LAMP1
0.00498749052693324	-0.546959990765479	0.227	0.314	1	1	GNA12
0.00489090405274801	-0.547179261993333	0.223	0.308	1	1	RC3H1
0.00474271690110661	-0.547761972889531	0.261	0.346	1	1	PSMD11
0.000903842174268575	-0.547832212916852	0.307	0.41	1	1	CYB5R3
0.00459933798106094	-0.548440175437813	0.409	0.484	1	1	RAPGEF2
0.00143900310457261	-0.554692337381193	0.477	0.541	1	1	SSUH2
0.00146495441029488	-0.554733697272281	0.242	0.341	1	1	AHR
0.00102017166606176	-0.557702728144557	0.299	0.398	1	1	ND5
0.00223609189739036	-0.561705035044895	0.28	0.373	1	1	MBNL2
0.000762208085346495	-0.563444769147514	0.246	0.353	1	1	YLPM1
0.00440028220595023	-0.564175062780364	0.269	0.351	1	1	ACTN4
0.00561078499737402	-0.567168428889047	0.201	0.284	1	1	PDE8A
0.000692862871972108	-0.568213319290255	0.314	0.418	1	1	LRCH1
0.00227482678626681	-0.569637704209933	0.314	0.398	1	1	RSU1
0.00580923274037333	-0.57015656594575	0.193	0.274	1	1	HECTD1
0.000121385700389704	-0.570378878149116	0.443	0.538	1	1	PTBP3
0.00692333410892292	-0.570623382012236	0.178	0.256	1	1	TWF2
0.0028666052303821	-0.573093262846152	0.17	0.26	1	1	C5PH6orf62
0.000406488887332959	-0.57318817387154	0.284	0.402	1	1	ITPKA
0.00367771280238309	-0.574544161164514	0.292	0.373	1	1	AP1B1
0.000731190747963322	-0.578172492339434	0.322	0.42	1	1	PSPC1
0.00651386211992488	-0.579085573500015	0.163	0.241	1	1	ESYT2
0.00999585002169022	-0.58040352457225	0.265	0.336	1	1	KLF7
0.00586190644861947	-0.580855304623193	0.17	0.25	1	1	CEP170
0.00891541264665902	-0.58810776658141	0.197	0.275	1	1	NDEL1
0.00317811451266544	-0.589418133393032	0.352	0.427	1	1	ECE1
0.00992440615521117	-0.589914297046472	0.159	0.231	1	1	PPFIBP1
0.00175310972546495	-0.590537536327915	0.17	0.264	1	1	FNDC3B
0.000701428886595233	-0.59155359034617	0.284	0.388	1	1	XYLT1
0.00970237677844024	-0.594626424395793	0.189	0.263	1	1	TP53BP2
0.00286040899630541	-0.594626424395793	0.235	0.324	1	1	SPAG9
0.00714751764045952	-0.595227422130329	0.193	0.272	1	1	CHD7
0.00724278163612276	-0.595410284801324	0.148	0.222	1	1	MARK1
0.0061576507542969	-0.597328944775617	0.133	0.208	1	1	PDIA3
0.0066040439629956	-0.598378559256901	0.17	0.247	1	1	CAND1
0.00241156181562166	-0.599427410659614	0.25	0.34	1	1	ARID1A
0.00521601961616315	-0.599769727671753	0.167	0.247	1	1	PDE6D
0.00503325926973971	-0.600098275605853	0.386	0.439	1	1	DGKZ
0.00148470809433206	-0.600885414867476	0.239	0.335	1	1	PPP4R1
0.00580587589723283	-0.601590372145558	0.205	0.286	1	1	TMEM65
0.0045416258573821	-0.601713170378673	0.212	0.296	1	1	ATP8B2
0.00566646994642032	-0.601918916962149	0.25	0.329	1	1	FMNL3
0.000131642440052178	-0.602279996939229	0.303	0.422	1	1	FAM120A
0.00571710401233791	-0.604579898425217	0.227	0.306	1	1	FAR1
0.00919623422702526	-0.606122063233623	0.17	0.243	1	1	PELI1
0.00049582251553389	-0.608692145557576	0.235	0.345	1	1	KTN1
0.00683958834956005	-0.609306319700903	0.144	0.218	1	1	CCDC88A
0.00162610935705112	-0.610975912574302	0.227	0.324	1	1	PRKACA
0.00291265934145231	-0.611122744291989	0.167	0.254	1	1	UBAP2L
0.0073999507740016	-0.612274290215218	0.22	0.295	1	1	NCOR2
0.000558684083300093	-0.615476291485876	0.254	0.364	1	1	TCF12
0.000504334836285462	-0.616106151806245	0.261	0.373	1	1	UTRN
0.00743228671208224	-0.617710037508835	0.303	0.374	1	1	SKI
0.00902783260056015	-0.622311301332953	0.136	0.207	1	1	ZMYND11
0.00141752260494856	-0.624043971230885	0.379	0.457	1	1	ERG
0.00455238397454033	-0.624373767789845	0.178	0.259	1	1	ADGRA2
0.0027401611283741	-0.624373767789846	0.212	0.298	1	1	BRD3
0.00795359002133193	-0.624373767789846	0.167	0.241	1	1	EYA3
0.0033581314484224	-0.625845155006513	0.189	0.274	1	1	CELF1
0.00707956776347065	-0.627213719574807	0.208	0.283	1	1	RB1
0.00905245492545736	-0.631068420363853	0.148	0.219	1	1	ZEB1
0.00210368659197061	-0.638048704686922	0.144	0.232	1	1	FKBP15
0.000217243157662	-0.640493433153122	0.273	0.388	1	1	PKN1
0.00344822763217042	-0.641447281148787	0.246	0.33	1	1	AZIN1
0.00795330324440292	-0.642295675787108	0.11	0.178	1	1	SORBS1
0.0056688046872224	-0.642989445957192	0.152	0.228	1	1	TM9SF1
0.00184225217455722	-0.644056133651545	0.337	0.416	1	1	WSB1
0.0047191509947548	-0.644137022611275	0.205	0.285	1	1	STAT5B
0.00821614512871209	-0.644405472611905	0.167	0.24	1	1	DLG1
0.00961287795781596	-0.646753545894463	0.178	0.25	1	1	GNAO1
0.00511992108379238	-0.646868405576932	0.14	0.217	1	1	TNRC6A
0.00153976229310979	-0.650516182592076	0.178	0.271	1	1	FRMD8
0.00774940815488459	-0.65080189306749	0.121	0.191	1	1	GOSR1
0.00265058491266252	-0.650801893067491	0.307	0.396	1	1	ELMO1
0.00424438887847315	-0.652942919986616	0.136	0.215	1	1	FBXW11
0.00187205899732629	-0.654368508087683	0.227	0.319	1	1	MYO10
0.00104797631370541	-0.656298535186082	0.28	0.377	1	1	IGF2BP2
0.00563221483446537	-0.657482079601784	0.163	0.239	1	1	LGALS9
0.000103433677209722	-0.657710951663958	0.295	0.415	1	1	BDKRB2
0.00486908387567034	-0.65954062222104	0.159	0.237	1	1	ZNF420
0.000417909040350846	-0.661718162186616	0.25	0.357	1	1	CTTN
0.00574371062325899	-0.665015752287191	0.17	0.248	1	1	XRN1
0.000801584992469698	-0.665015752287191	0.239	0.341	1	1	MEF2A
0.00497270446472789	-0.665015752287191	0.14	0.217	1	1	GLG1
0.00511702696128549	-0.665015752287191	0.098	0.169	1	1	NACC2
0.00991676216054439	-0.665015752287191	0.155	0.224	1	1	ANKHD1
0.00443154444373295	-0.665015752287191	0.174	0.254	1	1	DIP2B
0.000187263953994946	-0.667282359259136	0.33	0.44	1	1	RSRP1
0.000138547855868459	-0.668056206607242	0.246	0.37	1	1	ARRB1
0.000648832438559488	-0.668305822221376	0.239	0.341	1	1	PAM
0.000888518908832039	-0.66882736623721	0.197	0.299	1	1	LTA4H
0.00423824001658159	-0.67023346155821	0.163	0.243	1	1	KAT6A
0.00554975232266699	-0.67149978585739	0.129	0.203	1	1	ITFG1
0.000268668229398894	-0.672510288834115	0.216	0.329	1	1	PRRC2B
0.00879260889965724	-0.672751401066797	0.106	0.172	1	1	DPY19L4
0.00446842491221569	-0.673008543040722	0.261	0.345	1	1	FBXL7
0.00179397570410661	-0.677452855525414	0.284	0.368	1	1	EPHX1
0.00384746002680325	-0.678312574900649	0.186	0.267	1	1	PRP4K
0.00481042838273756	-0.678690689184268	0.114	0.188	1	1	C2CD2
0.00970868623169633	-0.679966093753163	0.11	0.175	1	1	LEPROTL1
0.000609466192878257	-0.680154349125113	0.265	0.369	1	1	ROCK2
0.00591966410561888	-0.68150387507576	0.091	0.159	1	1	MIDEAS
0.000233450342664772	-0.681850191150451	0.239	0.352	1	1	PRRC2A
0.00141588259463593	-0.68271775402065	0.178	0.272	1	1	DENND4C
0.00298019286494084	-0.68271775402065	0.182	0.265	1	1	KIF13A
0.00299951644893385	-0.685479854846907	0.117	0.196	1	1	DGCR8
0.000832961341296021	-0.686232238196887	0.152	0.249	1	1	TLE5
0.00877722158170084	-0.688099365400233	0.106	0.172	1	1	LIMS2
0.000636314161014254	-0.688398679725142	0.167	0.269	1	1	ZMYND8
0.00128425146564516	-0.689128208403999	0.299	0.384	1	1	PPP3CA
0.0064667292285572	-0.689345081648932	0.167	0.241	1	1	BAZ2B
0.0017947315296256	-0.690106733250021	0.205	0.294	1	1	GARRE1
0.00510246965523788	-0.690106733250022	0.129	0.204	1	1	ACBD3
0.00602975086153057	-0.693030128456788	0.121	0.193	1	1	NUCB1
0.00131253476275683	-0.693747470830508	0.201	0.294	1	1	ST3GAL6
9.40969417908831e-05	-0.694399559068286	0.25	0.376	1	1	ATP6V1A
0.00539655927561576	-0.694763095681243	0.072	0.136	1	1	KIDINS220
0.00633340520758469	-0.694763095681243	0.11	0.18	1	1	FAM234A
0.00501583122619844	-0.695712549510108	0.106	0.178	1	1	PNISR
0.00709353858081638	-0.69631188277673	0.133	0.204	1	1	CHD3
0.0023374112522119	-0.69672461201453	0.155	0.241	1	1	IDE
0.00226475076480378	-0.697026147189812	0.178	0.265	1	1	MTMR3
0.00567607870131828	-0.697148373228	0.133	0.206	1	1	MYO9B
0.00270547576198039	-0.697256089287399	0.201	0.286	1	1	MAP4
0.0047255858732133	-0.698963084210529	0.121	0.196	1	1	GAK
0.0041557260395356	-0.700639662017913	0.136	0.214	1	1	RAB31
0.00278715767487095	-0.701942321285549	0.159	0.243	1	1	RALGAPB
0.00729406810084822	-0.702105071022411	0.11	0.178	1	1	PHKB
0.00205452459538002	-0.702314293710167	0.242	0.33	1	1	SLCO3A1
0.00450509786377621	-0.702770674282609	0.155	0.233	1	1	ATP11B
0.00327597992925369	-0.703489900101827	0.125	0.204	1	1	SMAD4
0.000314337836294212	-0.703835001177719	0.167	0.274	1	1	PERP
0.000100448902049702	-0.703962032527708	0.22	0.343	1	1	PPP2R5C
0.00285636282902439	-0.706238415013704	0.163	0.246	1	1	WTAP
0.00612380207607341	-0.706492388263351	0.148	0.221	1	1	OTUD5
0.00992119559529039	-0.706835927981818	0.117	0.183	1	1	EPB41L5
0.00145079017443164	-0.707451018607588	0.231	0.324	1	1	SGMS1
0.00225835386651022	-0.708517390923778	0.17	0.257	1	1	MTMR1
0.00999393721296253	-0.711028150044028	0.133	0.199	1	1	POU2F1
0.00449422615876813	-0.712321467065548	0.178	0.257	1	1	KDM4B
0.00512470755196268	-0.712321467065548	0.117	0.191	1	1	BTBD9
0.00226565266275114	-0.712321467065548	0.152	0.237	1	1	RERE
0.000110720100109952	-0.713048448708993	0.367	0.474	1	1	PDIA4
0.00668688817805604	-0.713925352768138	0.102	0.17	1	1	SNX13
0.0010357082405268	-0.714259271307041	0.167	0.262	1	1	SF1
0.00118899593938369	-0.714484428551491	0.148	0.24	1	1	RANBP9
0.000154695606491693	-0.714768787484291	0.178	0.295	1	1	CLASP2
0.00289765929096912	-0.715288958768415	0.163	0.246	1	1	SBF2
0.00691843160995551	-0.716967831921913	0.17	0.244	1	1	DOCK4
0.00148612966906307	-0.717483172181327	0.261	0.346	1	1	MICAL2
0.00962895680023435	-0.717483172181327	0.091	0.153	1	1	NOMO1
0.00621735182418112	-0.717483172181327	0.159	0.233	1	1	MSI2
0.00271282923296483	-0.718653715889264	0.136	0.219	1	1	LYN
0.00923220873675531	-0.719463536309568	0.087	0.149	1	1	DUS2
0.00206513624725568	-0.720868987020709	0.133	0.217	1	1	TRIP12
0.00295843004253635	-0.721770530584425	0.182	0.267	1	1	RNF213
0.00449070403377991	-0.722348927353143	0.129	0.204	1	1	CSE1L
0.000424243186919972	-0.723230366232487	0.258	0.365	1	1	KLHL4
0.000633402051449274	-0.724678673585531	0.25	0.351	1	1	BIRC6
0.00421335309055153	-0.726215908723929	0.182	0.26	1	1	CASK
0.000682237767033802	-0.726943501430393	0.186	0.287	1	1	CNOT1
0.00466569208840467	-0.727172228349761	0.189	0.268	1	1	STAG1
0.00823630455244254	-0.727751507635154	0.106	0.172	1	1	CEP85L
0.00450362091992756	-0.728580881064658	0.125	0.2	1	1	GON4L
0.000435119808825672	-0.729146089706907	0.22	0.325	1	1	WDR26
0.00604654295829614	-0.729146089706907	0.121	0.192	1	1	KMT2B
0.000829621054237035	-0.729432480782962	0.25	0.347	1	1	SIPA1L1
0.00688972216958088	-0.730307212538911	0.133	0.203	1	1	PLAA
0.00865690755531119	-0.730307212538911	0.129	0.197	1	1	TBL1XR1
0.00178014186865063	-0.730604093914768	0.148	0.235	1	1	PKN2
0.00655469471181756	-0.731288971706357	0.14	0.212	1	1	TACC1
0.00162728086370162	-0.731757303163445	0.288	0.374	1	1	APBB2
0.00267098322931062	-0.732129948145728	0.152	0.234	1	1	HAPSTR1
0.00296335462226945	-0.732129948145728	0.148	0.229	1	1	GOLGB1
0.00461597304761573	-0.732129948145728	0.152	0.228	1	1	KAT7
0.00914011618846319	-0.73318725492877	0.114	0.179	1	1	AFTPH
0.00172681356075931	-0.733877610431996	0.242	0.333	1	1	PALD1
0.00187259585526131	-0.734278414724305	0.212	0.299	1	1	MBNL3
0.000695898062690331	-0.735405080178589	0.227	0.327	1	1	DAB2
0.00505529840824584	-0.735405080178589	0.129	0.203	1	1	MYO1E
0.00912835362853378	-0.735405080178589	0.136	0.204	1	1	YWHAG
0.00416526991946101	-0.736098850348674	0.114	0.188	1	1	DENND6A
0.00418398580126501	-0.737165538043027	0.136	0.213	1	1	ITSN1
0.0015841215976424	-0.737485390619636	0.197	0.286	1	1	PPP6R3
0.00118722961537612	-0.738793678426739	0.186	0.279	1	1	DEDD2
0.000932369905080345	-0.741366638417306	0.152	0.246	1	1	ZFPM1
0.000260607997962179	-0.743018264288464	0.178	0.286	1	1	ZNF407
0.00596590315985824	-0.743018264288465	0.117	0.188	1	1	MTMR8
0.00769270884414576	-0.743018264288465	0.102	0.168	1	1	USP24
0.00777635726410836	-0.743018264288465	0.102	0.168	1	1	MBD2
0.00762366368809068	-0.745389168751211	0.117	0.185	1	1	OTUD1
0.00706575481714864	-0.745634212495476	0.102	0.169	1	1	TAF2
0.00581079748170281	-0.745776764251028	0.182	0.258	1	1	ST8SIA4
0.00187476672079129	-0.74654563778379	0.148	0.234	1	1	SBNO1
0.00610916816059819	-0.747116832502085	0.121	0.193	1	1	SEMA6C
0.00202428314502085	-0.748156987587437	0.201	0.288	1	1	LARP4B
0.00677812101951876	-0.748431760474829	0.095	0.161	1	1	NUP98
0.00476842060284803	-0.748431760474829	0.148	0.224	1	1	TBC1D4
0.000386919448496965	-0.748673681334101	0.356	0.451	1	1	ODC1
0.00452215820511259	-0.749080017075666	0.08	0.147	1	1	KPNA1
0.00139724448503079	-0.749332038220667	0.121	0.208	1	1	TLK2
0.00227576229112309	-0.749332038220667	0.121	0.203	1	1	SEC31A
0.000900999898562327	-0.749904649873704	0.152	0.246	1	1	TAOK1
0.00366765964811896	-0.750300940232161	0.17	0.252	1	1	USP48
0.00967088640679594	-0.751430504104664	0.098	0.161	1	1	SFSWAP
0.000628273928866528	-0.752478593537531	0.155	0.254	1	1	MIA3
0.000368918624812501	-0.753242935298927	0.246	0.351	1	1	CAMK2G
0.00328219780091626	-0.753453716954775	0.102	0.177	1	1	NOL8
0.00385504094248858	-0.753453716954775	0.095	0.166	1	1	CWF19L2
0.00508519994919946	-0.754652964771868	0.14	0.214	1	1	SYNE2
0.000218649624618651	-0.755213561258769	0.197	0.31	1	1	SDC3
0.00104764868081128	-0.755362254383445	0.163	0.256	1	1	LBR
0.00307744351690919	-0.756356063825617	0.189	0.271	1	1	FBXW7
0.00937009340967144	-0.758125156678673	0.106	0.17	1	1	ZFC3H1
0.00679797692202977	-0.759533351071481	0.114	0.182	1	1	CTDP1
0.00729795730903502	-0.759533351071481	0.11	0.177	1	1	UBE4B
0.00113276544175374	-0.761420236240254	0.14	0.231	1	1	CERT1
0.000929214259879852	-0.762217911312556	0.186	0.28	1	1	DENND4A
0.00316421337559473	-0.762863075685336	0.129	0.208	1	1	MLLT6
0.00167162314134012	-0.764551425838105	0.159	0.248	1	1	MBOAT2
0.00810662311589489	-0.764551425838106	0.068	0.127	1	1	ERGIC2
0.00187924454626098	-0.766553778749254	0.167	0.254	1	1	MAN1A1
0.00379956666657162	-0.768109245251295	0.117	0.192	1	1	ARID5B
0.00404237940356058	-0.769713130953884	0.106	0.179	1	1	DICER1
0.00024621572737188	-0.771536075938233	0.292	0.396	1	1	PPP1R12A
0.000123307406265752	-0.772656475475161	0.231	0.349	1	1	KDM6B
0.000651650465907679	-0.772819041821706	0.205	0.303	1	1	CHD9
0.00436151455812232	-0.773075498144645	0.098	0.17	1	1	CARMIL1
0.00043698043518098	-0.77331536763408	0.205	0.31	1	1	IGF1R
0.00217414727140065	-0.773391913331983	0.167	0.251	1	1	PDS5B
0.000121862494668987	-0.77362625021886	0.242	0.357	1	1	CYLD
0.00242305230158638	-0.773950123840355	0.182	0.266	1	1	FAF1
0.00215393270440193	-0.774933444365227	0.14	0.223	1	1	PITPNB
0.000873913491622508	-0.780492969707127	0.125	0.217	1	1	EHBP1
0.00466237065352408	-0.780492969707127	0.129	0.203	1	1	WNK3
0.0048386612136253	-0.780492969707127	0.095	0.164	1	1	HMBOX1
0.00487851622304975	-0.780492969707127	0.125	0.198	1	1	CPT1A
0.0069818284106862	-0.780492969707127	0.072	0.133	1	1	LGALS8
0.00214666114649363	-0.782852242581049	0.159	0.244	1	1	CD53
0.00440078559157126	-0.783335719475952	0.136	0.212	1	1	KIF1C
0.0034345785560148	-0.783851981797042	0.117	0.193	1	1	PRR12
0.00615233841046419	-0.784597368039864	0.091	0.157	1	1	SHC1
0.0062930463817046	-0.784597368039864	0.095	0.161	1	1	IKBKG
0.00911251022040337	-0.785309986004903	0.072	0.13	1	1	SLC66A1
0.0084265584825811	-0.785767911747802	0.072	0.131	1	1	ZNF219
0.00267655268438445	-0.786031153248557	0.14	0.221	1	1	CNN3
0.00838308813044019	-0.786031153248557	0.148	0.215	1	1	BMPR2
0.00124409415409598	-0.787006276665801	0.114	0.199	1	1	RUFY3
0.00439690566740835	-0.788398167792473	0.095	0.165	1	1	INPP5B
0.000694523407662463	-0.789004469562645	0.182	0.279	1	1	CYTH1
0.000909261879758679	-0.789004469562645	0.129	0.221	1	1	PRKD2
0.00867083036199867	-0.789711499736506	0.08	0.14	1	1	FN3K
0.00939370942982755	-0.79054663437105	0.072	0.13	1	1	XPO6
0.000831841116232139	-0.791023637199297	0.136	0.229	1	1	ATP13A3
0.00277574490766829	-0.791192858364336	0.11	0.187	1	1	RLIM
0.000716008811973385	-0.791332202068592	0.17	0.267	1	1	OSBPL8
0.000904694016553478	-0.791927864769411	0.091	0.176	1	1	CCN2
0.000665883903019607	-0.792250940583299	0.159	0.256	1	1	RPTOR
0.000585308504901066	-0.792771299485564	0.186	0.284	1	1	UBE3A
0.0018247049016712	-0.794298769232158	0.167	0.253	1	1	FRMD4A
0.00765205430092598	-0.794896034834101	0.08	0.141	1	1	MARCHF6
0.00818047637524594	-0.795214475413893	0.102	0.167	1	1	CHUK
0.000406888931154596	-0.796260285565444	0.17	0.273	1	1	RBM6
0.000481794955778667	-0.796260285565444	0.17	0.269	1	1	CCNY
0.00994210738076483	-0.796260285565444	0.098	0.16	1	1	RAPGEF1
0.000594002661477342	-0.796927427792772	0.167	0.265	1	1	HTT
0.00285284058299974	-0.797910022784537	0.136	0.216	1	1	ARFGEF1
0.00243030155989878	-0.798282283150655	0.11	0.188	1	1	ARB2A
0.00798565317130091	-0.798871499021982	0.121	0.189	1	1	ITPR3
0.000298687768683694	-0.803429780984286	0.174	0.279	1	1	UPF1
0.00218337509898012	-0.805337040684606	0.106	0.185	1	1	NUP160
0.000374980258084564	-0.805496975837022	0.148	0.25	1	1	MAU2
0.00181745097149068	-0.807034757159619	0.098	0.178	1	1	ANKFY1
0.000616216707394758	-0.807973706129234	0.136	0.232	1	1	MAN2A1
0.00679704234441705	-0.810446191808755	0.08	0.142	1	1	HGS
0.000111966163772049	-0.811236493138235	0.167	0.282	1	1	SSH2
0.000336301956505077	-0.811459320390341	0.125	0.226	1	1	SIPA1L3
0.00255896455349481	-0.811459320390341	0.125	0.205	1	1	SWT1
0.00281783943658348	-0.811857140616462	0.152	0.231	1	1	XPO1
0.00589710164414978	-0.811857140616462	0.102	0.17	1	1	SLC9A6
0.00859609187857124	-0.814241761061667	0.091	0.153	1	1	ZBTB33
0.000969829662772011	-0.814956379275349	0.121	0.21	1	1	RLF
0.00475094452310955	-0.814956379275349	0.125	0.198	1	1	DDHD1
0.000649731584316308	-0.815258387867804	0.148	0.243	1	1	APBB1
0.00145468193587648	-0.817018845732241	0.091	0.171	1	1	UBQLN1
0.00273066589783574	-0.817018845732241	0.144	0.226	1	1	RARA
0.00622355619810059	-0.817018845732242	0.11	0.178	1	1	SNX14
0.000585062991309772	-0.818586140879201	0.155	0.254	1	1	TRAF2
0.00428511652420888	-0.819592789396068	0.098	0.169	1	1	KIF3A
0.00222497823753053	-0.821985098625591	0.102	0.18	1	1	TMEM248
0.00245154333659737	-0.821985098625591	0.102	0.179	1	1	SPPL3
0.00139891116315437	-0.822557029273671	0.136	0.223	1	1	GLS
0.0042848265578012	-0.822557029273671	0.091	0.16	1	1	NDST1
0.00649028238039018	-0.822557029273671	0.091	0.156	1	1	TARBP1
0.00790114063231523	-0.822557029273671	0.095	0.158	1	1	SEC16A
0.000863398719395441	-0.823277836203923	0.163	0.256	1	1	FXR1
0.00354038487695798	-0.823277836203923	0.076	0.144	1	1	DOP1A
0.00947937223270051	-0.823277836203923	0.083	0.143	1	1	DCUN1D1
0.00667337846316447	-0.825011636485772	0.091	0.155	1	1	DENND1A
0.00828380710284156	-0.826007628959496	0.087	0.149	1	1	CEP192
0.00478111001142797	-0.827287181186068	0.102	0.172	1	1	SNX1
0.00773843635252502	-0.827287181186068	0.076	0.136	1	1	ATP2C1
0.00669024772091371	-0.82851448457007	0.087	0.151	1	1	PITRM1
0.00212744921436796	-0.829402570188074	0.095	0.172	1	1	SLC4A7
0.000265379310405202	-0.829587519235297	0.133	0.236	1	1	KDM3B
0.00521418903788196	-0.830074998557687	0.121	0.192	1	1	EPN1
0.00789303121323435	-0.830074998557687	0.117	0.184	1	1	BAHCC1
0.00251362413096505	-0.831374138709311	0.106	0.183	1	1	LRPPRC
0.00329907358793442	-0.831374138709311	0.106	0.18	1	1	MAP3K1
0.0016842245439288	-0.83179419841264	0.114	0.195	1	1	INPP5F
0.00729567604417222	-0.832125738122449	0.057	0.113	1	1	ARHGAP22
0.00156727393613499	-0.833138511095518	0.269	0.353	1	1	GALNT18
0.000247773814860356	-0.834940753729504	0.273	0.376	1	1	SH2B3
0.000964787833458454	-0.834940753729504	0.106	0.191	1	1	PRSS16
0.00572763920039954	-0.834940753729504	0.083	0.148	1	1	ATXN3
0.00646537951506849	-0.834940753729504	0.102	0.169	1	1	PPP1R12B
0.000466865800639517	-0.835877872983557	0.205	0.304	1	1	ZSWIM8
0.00096654463640594	-0.836127668679946	0.159	0.251	1	1	EXOC6B
0.00172431616106428	-0.836384170599173	0.133	0.216	1	1	UGGT1
0.00144884794119895	-0.837482948291957	0.148	0.234	1	1	EXOC4
0.00156526289449524	-0.837750287316327	0.14	0.225	1	1	IFI44
0.00161975842529573	-0.838498573142693	0.102	0.183	1	1	CAMSAP1
0.00679066641699606	-0.840865587686609	0.098	0.164	1	1	DGKQ
0.000749346459295899	-0.841604484010514	0.106	0.195	1	1	GSK3B
0.00187818923186578	-0.841604484010514	0.106	0.186	1	1	ANKRD50
0.00339143209389114	-0.841604484010514	0.114	0.188	1	1	WDFY3
0.00344083481710098	-0.841604484010514	0.117	0.192	1	1	SMG1
0.00164716651912652	-0.842143439887857	0.129	0.212	1	1	SCARF1
0.0018589439731981	-0.842553937839379	0.095	0.173	1	1	NUP155
0.0022430532181891	-0.845587997929012	0.144	0.225	1	1	CMIP
0.00765540550438973	-0.845587997929012	0.068	0.127	1	1	MAP3K7
0.00437540984313074	-0.846956129886345	0.114	0.185	1	1	TBC1D5
0.00589463019878848	-0.847607165565664	0.072	0.134	1	1	DYNC2I1
0.000726479160444865	-0.84861569062658	0.216	0.313	1	1	RBMS3
0.00591605549954954	-0.849440323424619	0.08	0.143	1	1	FOCAD
0.00876672542475697	-0.849440323424619	0.08	0.139	1	1	INTS2
0.000866043972713371	-0.849933468204976	0.136	0.227	1	1	CUL5
0.00286592054033254	-0.85012715754418	0.102	0.177	1	1	CPEB4
0.00260008905330011	-0.851428876518073	0.102	0.178	1	1	TAF4
0.00126828283608692	-0.851784263892918	0.152	0.239	1	1	UBL3
0.000253800556811813	-0.852642755462963	0.189	0.295	1	1	DNAJC13
0.00156776261940222	-0.853460841700301	0.148	0.234	1	1	PARP14
0.000136194667267057	-0.853898911433388	0.189	0.301	1	1	NCOR1
0.00872160382229147	-0.8561572396392	0.072	0.13	1	1	SECISBP2
0.00168701074160652	-0.856776554969976	0.117	0.2	1	1	MYO1B
0.000138300752769599	-0.85711425131004	0.193	0.305	1	1	GIT2
0.00838406832945145	-0.857660830229587	0.076	0.135	1	1	AMACR
0.00285996051818934	-0.858696876982112	0.106	0.181	1	1	PCNX1
0.000578902256872515	-0.860272043686125	0.148	0.243	1	1	PRKCE
0.000125613355724319	-0.86044112602337	0.186	0.298	1	1	SLC12A4
0.00444232938989906	-0.861412965090695	0.08	0.146	1	1	MPDZ
0.0027026070168257	-0.862207619498497	0.121	0.199	1	1	NKTR
0.00019257761957018	-0.862661511287953	0.133	0.239	1	1	TBX1
0.00428184609696087	-0.863429310689199	0.095	0.164	1	1	TGFBR1
0.00506918636557465	-0.863429310689199	0.095	0.162	1	1	GRK2
0.000166785534909225	-0.86365957085103	0.242	0.35	1	1	ND4L
0.000252710716891566	-0.864953322795943	0.117	0.219	1	1	RALGAPA2
0.000167299668563791	-0.866295186470441	0.201	0.31	1	1	MARK2
0.00198394356055575	-0.867323927580307	0.11	0.189	1	1	ABCA3
0.00752113047312144	-0.867644918802209	0.076	0.136	1	1	USP31
0.000903793164490924	-0.869107356880695	0.106	0.193	1	1	RNF216
0.00351472627282387	-0.869374250793377	0.08	0.148	1	1	SIN3A
0.000130843403422351	-0.870130182191804	0.167	0.278	1	1	SBF1
0.00474654300727987	-0.870130182191804	0.087	0.154	1	1	CLPX
0.000175489797623055	-0.870957652843045	0.216	0.324	1	1	OSBPL9
0.000153158083853332	-0.871466629754617	0.178	0.288	1	1	MEF2D
0.000669370104517529	-0.871466629754618	0.144	0.237	1	1	LRCH3
0.00228395746242906	-0.873123947617392	0.098	0.175	1	1	UBE2O
0.000278882469419355	-0.874469117916141	0.148	0.254	1	1	CHST3
0.000129370722509664	-0.875233459677537	0.212	0.326	1	1	AGAP1
0.00680844514863148	-0.878795043318931	0.083	0.146	1	1	MMP14
0.00455394624806786	-0.879459420508148	0.095	0.163	1	1	SART3
0.000931041900232346	-0.879894119966333	0.178	0.272	1	1	HDAC7
0.00148561704066942	-0.880744443342628	0.106	0.188	1	1	KLHL3
0.00108715048911242	-0.88095315148634	0.117	0.203	1	1	MARCHF7
0.00318898533310106	-0.881333659213955	0.121	0.196	1	1	TTC28
0.000108696651370897	-0.882492683209523	0.14	0.252	1	1	AFF1
0.000114900596894031	-0.883514257519148	0.189	0.301	1	1	KMT2C
0.00878563700660835	-0.887408173623639	0.053	0.106	1	1	LMCD1
0.00991285943936245	-0.887408173623639	0.068	0.124	1	1	ABCF3
0.000259507101659931	-0.887408173623639	0.152	0.254	1	1	VPS35
0.00103870095333996	-0.887408173623639	0.087	0.169	1	1	VTI1A
0.00137345342840544	-0.887408173623639	0.136	0.222	1	1	SIRT1
0.00303239708341365	-0.887408173623639	0.102	0.176	1	1	PGM5
0.00418254753581072	-0.887408173623639	0.117	0.19	1	1	UBE3C
0.00470886968384592	-0.887408173623639	0.072	0.136	1	1	LCORL
0.00730898774570438	-0.887408173623639	0.076	0.136	1	1	SNX30
0.00757135139434876	-0.887408173623639	0.098	0.163	1	1	LARP6
0.000642055730321958	-0.892821669810004	0.136	0.229	1	1	RBBP6
0.00137927853437838	-0.893834442783072	0.11	0.193	1	1	B4GALT3
0.00446462242379676	-0.894041265956086	0.091	0.16	1	1	PIM3
0.00671474045542231	-0.895970187127063	0.08	0.142	1	1	SCARF2
0.00771055951102695	-0.896341298393647	0.08	0.14	1	1	SYTL3
0.00254527870813942	-0.897189194416224	0.068	0.137	1	1	OTULIN
0.00432799015485408	-0.897676509077467	0.068	0.132	1	1	CSTF1
0.00753767846895815	-0.898214928580222	0.061	0.117	1	1	ARHGAP26
0.00627290209409692	-0.898812936895889	0.061	0.119	1	1	DHX35
0.000268746097233414	-0.900434853919879	0.178	0.286	1	1	LOC138473015
9.33217390221899e-05	-0.900503831235322	0.155	0.269	1	1	AKT3
0.000887108373234614	-0.900503831235322	0.167	0.258	1	1	MARCHF3
0.000120655424864927	-0.902410336962886	0.148	0.257	1	1	R3HDM2
0.00637912037431228	-0.903175489481956	0.087	0.151	1	1	KLHL29
0.00985490373695296	-0.903175489481956	0.095	0.155	1	1	FBXL17
0.000906284687176807	-0.903588100679073	0.133	0.222	1	1	TTC17
0.00264032912982387	-0.904481686982581	0.083	0.155	1	1	PIK3C2A
0.00102981009350115	-0.90561276900123	0.167	0.255	1	1	ATRN
0.000784914155082481	-0.906453929314186	0.152	0.244	1	1	POLA1
0.00693635050079042	-0.907216654703819	0.114	0.18	1	1	MPRIP
0.00920905520349382	-0.907872276183355	0.072	0.129	1	1	LOC138513380
0.00739430277091386	-0.910128250123723	0.064	0.122	1	1	STAM
0.0077432611359054	-0.910128250123723	0.061	0.117	1	1	ATOSB
0.00820368165743299	-0.910128250123723	0.064	0.121	1	1	ERI2
0.00164344157165802	-0.911930492757708	0.087	0.164	1	1	MBTD1
0.0031414896035713	-0.911930492757708	0.091	0.162	1	1	KDM6A
0.00191788920238339	-0.912943265730777	0.083	0.158	1	1	GOLIM4
0.0021269724822332	-0.912943265730777	0.083	0.157	1	1	BPTF
0.00906144361691561	-0.912943265730777	0.053	0.106	1	1	ERCC6
0.000991935378142244	-0.914274779476321	0.14	0.228	1	1	NFAT5
0.000111555258753762	-0.91597732582041	0.17	0.284	1	1	PLA2G4A
0.00181709503344534	-0.916554519283156	0.095	0.172	1	1	TTC3
0.00807236603277146	-0.916554519283156	0.076	0.135	1	1	RIT1
0.000107004145910027	-0.917781822667158	0.167	0.278	1	1	BRD4
0.000222526832202712	-0.917996493457062	0.14	0.244	1	1	FNBP1
0.000728156380801934	-0.917996493457062	0.14	0.232	1	1	IL13RA1
0.00243862653827533	-0.918302181569423	0.117	0.194	1	1	HDAC8
0.00465034069403255	-0.919588579372789	0.068	0.131	1	1	NEURL4
0.00865068909116015	-0.919588579372789	0.068	0.125	1	1	IARS2
0.0025432452232617	-0.920012839055567	0.091	0.164	1	1	ACVR1
0.00123577079516647	-0.921355505546977	0.133	0.218	1	1	PRKCI
0.00130645802908134	-0.921355505546977	0.129	0.214	1	1	PARD3B
0.000744374701360775	-0.921355505546977	0.098	0.185	1	1	EDC4
0.00267845294779374	-0.923327747878582	0.114	0.189	1	1	DOCK11
9.61897948161383e-05	-0.924882879042302	0.133	0.243	1	1	OSBP
0.00874144313354317	-0.92554330251041	0.057	0.111	1	1	DHX29
0.000933229173792189	-0.92650799331258	0.083	0.165	1	1	VPS13B
0.00199453556437606	-0.928050158120985	0.087	0.162	1	1	NBEAL1
0.00813825544731601	-0.928050158120985	0.049	0.102	1	1	ACAP3
0.00198577012313038	-0.929718978481604	0.087	0.162	1	1	RFC1
0.00607867363638042	-0.935104915654935	0.061	0.119	1	1	CTDSP2
0.000255125901983	-0.938034246693607	0.14	0.24	1	1	ATF7
0.00860738372767412	-0.938034246693607	0.057	0.111	1	1	BBS2
0.000519790879652904	-0.939638132396197	0.106	0.197	1	1	SOS1
0.000608113465151871	-0.939875593517775	0.095	0.182	1	1	RAD54L2
0.000296132306475014	-0.940650194900619	0.129	0.228	1	1	PHF21A
0.00649128880627307	-0.943551251661173	0.064	0.123	1	1	PRCC
0.000649638117064583	-0.944239396220315	0.114	0.203	1	1	CORO1C
0.000199842061448883	-0.945123671479927	0.121	0.223	1	1	STXBP5
0.000791457427207476	-0.945123671479927	0.121	0.21	1	1	ARHGEF26
0.000555753926432454	-0.946035903594348	0.098	0.188	1	1	HYCC2
0.00622925546975312	-0.946786720702571	0.057	0.114	1	1	LCLAT1
0.00225082891335143	-0.948808718287782	0.076	0.147	1	1	POGZ
0.00294455857136492	-0.950417971149439	0.049	0.111	1	1	LOC138538430
0.000162697552935082	-0.950770234621069	0.11	0.211	1	1	RNF38
0.000516048983171518	-0.950770234621069	0.121	0.213	1	1	LRBA
0.00563051929256353	-0.951066810845957	0.068	0.129	1	1	RNF44
0.000130863657779339	-0.953183441273878	0.159	0.268	1	1	DAB2IP
0.000935093824907612	-0.954522369482176	0.095	0.178	1	1	HMGXB3
0.00584284605768553	-0.954522369482176	0.064	0.124	1	1	ODR4
0.000246095288588186	-0.956247049951637	0.129	0.229	1	1	LMNB1
0.0025566346755857	-0.958374694977782	0.057	0.122	1	1	MED25
0.000827195996736362	-0.958887562043579	0.159	0.248	1	1	ATRNL1
0.00808491029482603	-0.95919885669165	0.045	0.097	1	1	ENAH
0.000376336831028536	-0.962696300927876	0.11	0.204	1	1	CERS5
0.00238714071408374	-0.962696300927876	0.114	0.19	1	1	SH3PXD2A
0.00847500416203612	-0.962696300927876	0.057	0.111	1	1	DHX40
0.00312198397906635	-0.962696300927877	0.087	0.157	1	1	SETD1B
0.000225664275831239	-0.964133964266467	0.121	0.221	1	1	WDR37
0.00299081023114662	-0.964576034146099	0.095	0.166	1	1	ZNF644
0.000440193699788824	-0.966185287007756	0.098	0.189	1	1	RICTOR
0.00885277549768821	-0.967578522307622	0.068	0.125	1	1	MAFB
0.000201939421336831	-0.969349787159815	0.152	0.256	1	1	HDAC5
0.00617667679378936	-0.969870333815612	0.057	0.114	1	1	TPCN2
0.000441391307500539	-0.971346992123535	0.11	0.202	1	1	ADNP
0.00267567213472781	-0.971904447710413	0.144	0.223	1	1	EMID1
0.00560375450621599	-0.974871014873978	0.053	0.11	1	1	PLEKHM2
0.00840943917816514	-0.974871014873978	0.057	0.111	1	1	DENND1B
0.000960915558731431	-0.975355872899342	0.083	0.164	1	1	CSNK1G3
0.000248924093284629	-0.978173637546822	0.117	0.216	1	1	ANKRD52
0.000146385329971099	-0.979124342715255	0.136	0.241	1	1	CNOT4
0.00107221164334125	-0.979526375612071	0.091	0.172	1	1	SEC24C
0.00509470726698227	-0.980517578015121	0.049	0.106	1	1	SUN2
0.00772646158667625	-0.980517578015121	0.053	0.107	1	1	COPS8
0.000485974946689686	-0.980920059546784	0.117	0.209	1	1	SGK3
0.00835066954815877	-0.981872857627131	0.068	0.125	1	1	FBRS
0.00134213396899989	-0.98275605021112	0.08	0.156	1	1	ANKRD12
0.00150845435264917	-0.98275605021112	0.08	0.155	1	1	GPHN
0.00270560941241093	-0.986943847174554	0.064	0.131	1	1	CC2D1B
0.0069641514284145	-0.986943847174554	0.064	0.122	1	1	NEK1
0.00784513803938921	-0.986943847174554	0.049	0.102	1	1	AGA
0.000121734478548799	-0.989178851557862	0.155	0.263	1	1	TRAPPC9
0.000389389215345581	-0.989407887126035	0.136	0.233	1	1	DVL1
0.000546787560379745	-0.99025658121539	0.098	0.187	1	1	SLC39A11
0.00286491699902407	-0.990785913468948	0.091	0.162	1	1	MTSS1
0.00171025611424081	-0.991997074900839	0.064	0.135	1	1	DDI2
0.00953217009521931	-0.993341618372704	0.053	0.105	1	1	GNG7
0.00305564909102173	-0.994323377540151	0.102	0.176	1	1	GPNMB
0.00312106424827119	-0.995661064275663	0.08	0.148	1	1	ATP6AP1
0.00219293068178614	-0.996529896003752	0.072	0.142	1	1	DLG5
0.000574111328050849	-1.00237388774416	0.11	0.199	1	1	BICRA
0.00307963746259866	-1.00432592540279	0.076	0.144	1	1	CSGALNACT2
0.000939852228517632	-1.00605267012226	0.087	0.168	1	1	CEP95
0.000506824796660965	-1.00720268615835	0.114	0.204	1	1	RASSF8
0.000508183912538675	-1.00720268615835	0.117	0.209	1	1	SH3BP2
0.00230560125976266	-1.00770240734135	0.083	0.155	1	1	SUPV3L1
0.00327232480554846	-1.00816033308425	0.064	0.129	1	1	RFX1
0.00784839612886797	-1.00897015350455	0.045	0.097	1	1	NAGA
0.00142182586558239	-1.01079058912892	0.087	0.164	1	1	DPP9
0.00305638925597473	-1.0129390557075	0.08	0.148	1	1	CRAMP1
0.000269019941911669	-1.01362588982706	0.072	0.16	1	1	CTSZ
0.00864337870206312	-1.01416531590958	0.049	0.101	1	1	SEC23A
0.00714319286950104	-1.01648812278857	0.095	0.158	1	1	PHF24
9.36681552247653e-05	-1.01712199583958	0.148	0.257	1	1	RALGPS2
0.00963637076208507	-1.0172264141106	0.148	0.214	1	1	MMP18
0.000312161409708786	-1.01865270690189	0.095	0.187	1	1	CUL4B
0.00139303561661223	-1.01865270690189	0.072	0.146	1	1	ASXL3
0.00515760909850034	-1.01865270690189	0.072	0.134	1	1	GAB3
0.00106845449713655	-1.02150106921092	0.076	0.153	1	1	STAT6
0.00136597190304594	-1.02195029700247	0.064	0.137	1	1	VAC14
0.00388735499429338	-1.02195029700247	0.068	0.132	1	1	SUZ12
0.0043986553807106	-1.02346972319967	0.042	0.097	1	1	GMCL1
0.00872985162770464	-1.02346972319967	0.045	0.096	1	1	SLC25A46
0.00129859398966962	-1.02491169737357	0.068	0.142	1	1	PTPN4
0.00161987096341167	-1.02491169737357	0.068	0.14	1	1	AHCTF1
0.00145918601274114	-1.02560546754366	0.098	0.177	1	1	C2CD5
9.08401223262165e-05	-1.02601341185315	0.125	0.232	1	1	ZMYM2
0.00876825892926995	-1.02601341185315	0.061	0.115	1	1	MIS18BP1
0.00113724198728938	-1.02647221136119	0.083	0.162	1	1	NSD1
0.00020402317648889	-1.02672374915991	0.106	0.204	1	1	ZNF91
9.95256120113446e-05	-1.02699200781462	0.155	0.264	1	1	PEAK1
0.00231321576755347	-1.02906932284723	0.064	0.132	1	1	TYRO3
0.000403345251043389	-1.02942717849607	0.098	0.189	1	1	ABCC1
0.000227723863763921	-1.03001256906644	0.072	0.162	1	1	WDR33
0.00274079030973586	-1.03179808295881	0.068	0.135	1	1	TTC21B
0.00339816187719528	-1.03179808295881	0.068	0.133	1	1	TANGO2
0.000634224503105391	-1.03424956195291	0.083	0.167	1	1	DOCK7
0.00469710455399483	-1.03424956195291	0.057	0.116	1	1	SS18
0.00473504945794081	-1.03424956195291	0.057	0.116	1	1	SCLY
0.00726367939701518	-1.03424956195291	0.057	0.112	1	1	CDK5RAP2
0.000226490006046596	-1.03550681261277	0.136	0.236	1	1	HERC1
0.000213171402055452	-1.03749278933799	0.155	0.257	1	1	CNOT2
0.00395560875457682	-1.03941126706869	0.064	0.127	1	1	TDRD3
0.00247315288050186	-1.04030707277328	0.083	0.154	1	1	LMBRD2
0.00114168362232128	-1.04088265428536	0.038	0.102	1	1	LOC138534787
0.000618397616795243	-1.04352737554092	0.106	0.194	1	1	LOC138528830
0.00134899194877143	-1.04352737554092	0.072	0.146	1	1	HAUS6
0.000257620978020907	-1.04494945061012	0.091	0.184	1	1	CORO7
0.0025363057779598	-1.04967960252252	0.064	0.131	1	1	MBD5
0.0015552806605904	-1.05129425858461	0.068	0.14	1	1	FNBP4
0.00117921630442946	-1.05405804303309	0.102	0.183	1	1	UAP1L1
0.00482568278375242	-1.05405804303309	0.049	0.106	1	1	CRYL1
0.00209805711081886	-1.05524986056546	0.08	0.151	1	1	GAB1
0.00219156099854987	-1.05580570531936	0.045	0.108	1	1	GNA14
0.00601732703793393	-1.05580570531936	0.053	0.109	1	1	PTPN3
0.00183682467305164	-1.05633718259223	0.076	0.148	1	1	ASAP3
0.00515924008815642	-1.05733317506595	0.057	0.115	1	1	NUP210
0.00790438163726592	-1.06226393812251	0.14	0.21	1	1	HMOX1
0.000346322836702241	-1.0627752601342	0.072	0.158	1	1	KANSL3
0.00768838059828105	-1.06494635917583	0.042	0.092	1	1	VPS11
0.00862936232705244	-1.06494635917583	0.042	0.091	1	1	TSC2
0.000457772219306328	-1.06555368187092	0.087	0.174	1	1	ARHGAP17
0.00548701326451779	-1.06611406060816	0.042	0.095	1	1	ECT2
0.000175833324203365	-1.06711419585854	0.102	0.2	1	1	GLB1
0.00479080903133269	-1.06711419585854	0.049	0.106	1	1	RANBP10
0.000109626992021596	-1.0683714465184	0.11	0.213	1	1	TUT7
0.00331153125321087	-1.0687379383382	0.057	0.119	1	1	TOLLIP
0.00526110387772792	-1.06940600736653	0.053	0.11	1	1	RNF220
0.000525730525058194	-1.07183274476107	0.076	0.159	1	1	CRTC2
0.000504801242731332	-1.07251957888063	0.087	0.173	1	1	MAGI3
0.000363023927399358	-1.07282168233496	0.087	0.176	1	1	VEZF1
0.000216241360971096	-1.07422417276384	0.106	0.203	1	1	CELF2
0.000194399110647578	-1.08005325156604	0.08	0.172	1	1	SEC24A
0.000587788773609601	-1.08005325156604	0.076	0.158	1	1	ABI2
0.00094739854738742	-1.08005325156604	0.072	0.149	1	1	PIK3C3
0.00152093577753145	-1.08005325156604	0.072	0.145	1	1	LOC138567561
0.00855466533381872	-1.08005325156604	0.038	0.086	1	1	TMEM245
0.00677209765101596	-1.08005325156604	0.049	0.103	1	1	SNX17
0.000296850658629202	-1.0850539326244	0.133	0.229	1	1	EPS15L1
0.00329835640169959	-1.08724875297024	0.091	0.16	1	1	MTSS2
0.000342419056031906	-1.08787275602533	0.08	0.167	1	1	ZNF292
0.00138922701287093	-1.08861526506946	0.076	0.15	1	1	STX8
0.00263892818393974	-1.0895135808151	0.068	0.135	1	1	ZNF236
0.00512922557984304	-1.09003734013866	0.061	0.12	1	1	RALGDS
0.00672813148200286	-1.09385905109107	0.045	0.098	1	1	CREBRF
0.000774486335255676	-1.09565010661705	0.083	0.164	1	1	RBM27
0.00671308557094679	-1.09635506389514	0.038	0.088	1	1	SAYSD1
0.000976645159207122	-1.09995280900374	0.064	0.139	1	1	SECISBP2L
0.00318899079614302	-1.10111486709386	0.061	0.124	1	1	TBC1D10A
0.00011202477998626	-1.10358876602682	0.117	0.221	1	1	PDE7B
0.00168269227863936	-1.1038999935204	0.106	0.183	1	1	SP140
0.000364506728567847	-1.10558834367317	0.095	0.185	1	1	OSBPL5
0.00388275922714382	-1.10558834367317	0.042	0.098	1	1	ADAP1
0.00140082615109186	-1.1115314830392	0.061	0.131	1	1	RAPH1
0.0056413890235566	-1.11567716129676	0.03	0.079	1	1	MLLT3
0.000145002981684217	-1.11714257030126	0.076	0.17	1	1	DEPTOR
0.00583843633963551	-1.11818838045281	0.049	0.104	1	1	MAP3K20
0.000136783572931626	-1.11958161575267	0.095	0.193	1	1	DNMT3A
0.000667101234818496	-1.12046752001194	0.08	0.161	1	1	FOXK1
0.00418254907213961	-1.12108051982609	0.045	0.102	1	1	GET4
0.00879776952782355	-1.12444737092449	0.076	0.134	1	1	ADAM8
0.00840599226807048	-1.12841627312743	0.038	0.086	1	1	ERCC6L2
0.00302746395453496	-1.13214176271449	0.061	0.124	1	1	INPP4B
0.000192892547342366	-1.13392012354477	0.083	0.176	1	1	ASCC3
0.0049957071283663	-1.13533568706722	0.057	0.115	1	1	THRB
0.000272105919816126	-1.13590648629955	0.061	0.145	1	1	ITPRIP
0.00322623624794782	-1.1389469406196	0.053	0.114	1	1	CTDSPL
0.000636091207863759	-1.1389469406196	0.057	0.133	1	1	GATAD2B
0.000959484759165654	-1.14233752982038	0.053	0.124	1	1	SEC14L1
0.00335224449104862	-1.14306304909184	0.045	0.104	1	1	DTX2
0.00581351366771394	-1.14418358898575	0.034	0.084	1	1	MTIF2
0.00312598864562095	-1.14614244202381	0.057	0.119	1	1	ELL
0.000624399867577224	-1.14779785820187	0.095	0.179	1	1	TDRD7
0.00415372963734649	-1.14779785820187	0.045	0.102	1	1	PIKFYVE
0.00211063898432402	-1.1485329894488	0.064	0.132	1	1	ELMO2
0.000359708944554707	-1.15200309344505	0.08	0.166	1	1	ASXL2
0.00409587176172135	-1.15330223359667	0.038	0.092	1	1	PASK
0.00463316504565669	-1.15330223359667	0.042	0.096	1	1	LOC138528612
0.00663237975927141	-1.15330223359667	0.042	0.093	1	1	KLHL5
0.000420995316410155	-1.15640413769615	0.083	0.169	1	1	ARIH1
0.00240222564415558	-1.16251541175801	0.061	0.126	1	1	GSAP
0.000839908421671413	-1.16346925975367	0.076	0.154	1	1	FAM135A
0.000123970314427018	-1.16382160925863	0.08	0.175	1	1	BLTP3B
0.00153805829230983	-1.16751609281637	0.057	0.125	1	1	JADE3
0.00198609359539906	-1.16751609281637	0.057	0.123	1	1	TTYH2
0.00653398740983133	-1.16751609281637	0.049	0.103	1	1	PLXNA2
0.00836320447369298	-1.16751609281637	0.042	0.091	1	1	KNTC1
0.00395386796058615	-1.17316265595752	0.053	0.112	1	1	KAZN
0.00128737175772116	-1.17597767156457	0.068	0.141	1	1	SMTN
0.000849356982199053	-1.17808533452656	0.057	0.13	1	1	C8H10orf143
0.00201971821921528	-1.17958892511695	0.045	0.108	1	1	RELB
0.00815441881487384	-1.18438991138077	0.034	0.081	1	1	WDR82
0.000725442782428719	-1.18625265539796	0.064	0.141	1	1	DNMBP
0.0017662109128798	-1.18696845548255	0.042	0.104	1	1	PABIR2
0.00845391117545706	-1.1885777083442	0.057	0.11	1	1	SEMA5B
0.000146831704721149	-1.19553046898597	0.087	0.182	1	1	SCAPER
0.00897045470521573	-1.19553046898597	0.03	0.075	1	1	ST3GAL3
0.0005467184061495	-1.19844795236826	0.068	0.148	1	1	PUS7
0.000516213947388494	-1.20343566707132	0.045	0.119	1	1	MCMBP
0.00360201739401542	-1.21755677531597	0.049	0.108	1	1	KCNMA1
0.00498389590432476	-1.21755677531597	0.034	0.085	1	1	TMEM115
0.000315019774015955	-1.21932804016816	0.125	0.221	1	1	ARHGAP28
0.00645506860730522	-1.22053447511587	0.03	0.078	1	1	MARCHF1
0.000207424044218712	-1.22573070676167	0.068	0.156	1	1	FOXO1
0.00217089345552713	-1.22689463989531	0.049	0.112	1	1	PHF12
0.00995805536950119	-1.22980037107072	0.019	0.058	1	1	COL23A1
0.00554081330941511	-1.24997825300835	0.034	0.084	1	1	AKT2
0.000273951192685237	-1.2593769510106	0.057	0.139	1	1	U2SURP
0.00237973145885756	-1.26447782270346	0.038	0.096	1	1	DNAJC16
0.000272430553529509	-1.26516465682302	0.072	0.158	1	1	HIVEP1
9.03387890636039e-05	-1.26591979687737	0.072	0.167	1	1	MED14
0.000425452270282453	-1.26871481558993	0.061	0.14	1	1	RALGPS1
0.00148223250232525	-1.27443129673289	0.045	0.11	1	1	ARHGAP12
0.00282292442116663	-1.27799262917794	0.061	0.124	1	1	NAV3
0.00789108530623336	-1.28168711273569	0.034	0.081	1	1	TINF2
0.000626360185039006	-1.28392558493169	0.049	0.122	1	1	STAU1
0.00773404860735006	-1.28516768147065	0.03	0.076	1	1	ICOS
0.00957701566135572	-1.28950661719498	0.027	0.069	1	1	CLYBL
0.000586015939164404	-1.29136217377347	0.14	0.229	1	1	CLCA1
0.000800310129356384	-1.29210372868102	0.053	0.125	1	1	CEP250
0.00648440448869235	-1.29506614253689	0.019	0.061	1	1	MTPAP
0.00187566752931369	-1.2963711584928	0.057	0.123	1	1	ADAMTSL3
0.000690827112850428	-1.2992217720282	0.057	0.131	1	1	CSPP1
0.00529697038326804	-1.30244567290248	0.03	0.079	1	1	RIPK3
0.00160792582010353	-1.30712216011196	0.038	0.099	1	1	SENP7
0.00235031551654639	-1.30712216011196	0.038	0.096	1	1	ECD
0.0059719473190954	-1.31951918626142	0.03	0.078	1	1	MTRR
9.0309478183775e-05	-1.32036758089975	0.068	0.162	1	1	TNKS2
0.00125183658705362	-1.32106135106983	0.03	0.09	1	1	CLU
0.00011840186842132	-1.32350728843031	0.061	0.15	1	1	RAB3GAP1
0.000254607952084138	-1.33244041320032	0.057	0.139	1	1	DAPK2
0.00693818443011501	-1.3387875199662	0.023	0.066	1	1	SPRTN
0.00899713289168222	-1.3387875199662	0.023	0.064	1	1	SLC50A1
0.00691000904792575	-1.36016117075877	0.023	0.066	1	1	ELK1
0.000329930559832917	-1.36545547042828	0.064	0.147	1	1	ENPP2
0.000968930360219161	-1.36955986876102	0.057	0.128	1	1	ITGB3
0.00518943001305109	-1.36955986876102	0.03	0.079	1	1	ATP7A
0.00643182145435917	-1.38383399974314	0.027	0.072	1	1	GPC4
0.00106045339128826	-1.38880595770566	0.038	0.102	1	1	UBN2
0.00211170707592217	-1.39233117641968	0.049	0.112	1	1	PDGFA
0.00045252104611409	-1.4019813464534	0.053	0.129	1	1	SPHK2
0.00433731725566965	-1.4019813464534	0.027	0.075	1	1	PARL
0.000136400640904863	-1.41303653496239	0.038	0.118	1	1	SYNJ2
0.00491041432190163	-1.41990325445066	0.027	0.074	1	1	BEND2
0.00137049563435689	-1.42244544901311	0.015	0.066	1	1	RRN3
0.0052529416026937	-1.42244544901311	0.023	0.068	1	1	ALS2
0.0001235755966687	-1.42582808840777	0.076	0.169	1	1	GAS6
0.00351728318080356	-1.43369020618074	0.03	0.082	1	1	ATP8A1
0.00716005041059017	-1.44928706123175	0.019	0.06	1	1	GBE1
0.0012866154873335	-1.45856487481976	0.034	0.095	1	1	USP1
0.0012866154873335	-1.45856487481976	0.034	0.095	1	1	WDR48
0.000638804949084753	-1.46087503550697	0.042	0.111	1	1	WDTC1
0.000554784167921749	-1.4723706743448	0.042	0.112	1	1	ZNF451
0.00253036486313073	-1.4723706743448	0.027	0.079	1	1	MAP3K8
0.00815521550421741	-1.4723706743448	0.019	0.059	1	1	TMCO4
0.00878095770765586	-1.48215169513738	0.023	0.064	1	1	PNPLA2
0.00959332432809883	-1.51301265884214	0.015	0.052	1	1	C5PH5orf22
0.00931759905092096	-1.51745856387333	0.019	0.058	1	1	THBS1
8.90156522860056e-05	-1.51916488582374	0.045	0.131	1	1	TRIM24
0.00136128743942768	-1.53948487020333	0.03	0.089	1	1	PLEKHA5
0.00617264568897815	-1.53948487020333	0.019	0.061	1	1	TMTC3
0.00273040644831958	-1.54882273478267	0.049	0.109	1	1	PLCE1
0.00471407382598028	-1.56117994130265	0.019	0.063	1	1	NDC80
0.000156268527333109	-1.56313613826798	0.038	0.116	1	1	EPG5
0.000520218354935977	-1.56313613826798	0.038	0.107	1	1	G2E3
0.000170280498653823	-1.57190634789571	0.053	0.136	1	1	EPHB1
0.00174896538966499	-1.57647907768553	0.023	0.076	1	1	SHMT2
0.00991209390163256	-1.57647907768553	0.023	0.063	1	1	GPR17
0.00356830832808661	-1.58255359209522	0.019	0.065	1	1	ARRDC1
0.00355536842808386	-1.60361520762305	0.019	0.065	1	1	TRIM8
0.000149407545298027	-1.6093063197009	0.034	0.111	1	1	SNX24
0.00826428374343459	-1.61610615180624	0.015	0.053	1	1	FNDC3A
0.00363544532707406	-1.61921206267407	0.027	0.076	1	1	TTC7A
0.000229609985314028	-1.62062163292874	0.038	0.113	1	1	FCHO1
0.000187586575130185	-1.64843286809159	0.288	0.369	1	1	MRC1
0.00945178817838441	-1.66501575228719	0.015	0.052	1	1	FLRT3
0.000279991849130121	-1.67698839395327	0.034	0.106	1	1	BACH2
0.0035677853820515	-1.68886249424156	0.015	0.059	1	1	C1GALT1C1
0.00109968886320723	-1.69476309568124	0.042	0.106	1	1	BRIP1
0.0081948528590565	-1.69476309568124	0.011	0.047	1	1	PRR11
0.000620362584254437	-1.70940987164564	0.027	0.089	1	1	TRPV4
0.00817545508686101	-1.72390944134076	0.011	0.047	1	1	PPP2R3B
0.00175795766376103	-1.72390944134076	0.023	0.076	1	1	MFSD12
0.0023298729398409	-1.73540508017859	0.015	0.062	1	1	UTP14A
8.87915561994268e-05	-1.74593574767076	0.038	0.12	1	1	LRG1
0.000410414221361839	-1.75247859353753	0.027	0.092	1	1	CLSPN
0.00232276473315263	-1.75812515667867	0.015	0.062	1	1	LPIN3
0.000352750570895203	-1.77036875243342	0.03	0.099	1	1	PGF
0.00705995260374393	-1.78049296970713	0.011	0.048	1	1	FILIP1
0.000139734177638401	-1.81185714061646	0.019	0.088	1	1	BAHD1
0.000747089482395995	-1.81701884573224	0.019	0.076	1	1	LOC138526889
0.00148306768214704	-1.82421434713644	0.011	0.059	1	1	ANKRD6
0.00226591405436891	-1.8349407537295	0.019	0.068	1	1	DPP4
0.00343429836084315	-1.86141296509069	0.011	0.053	1	1	CABLES1
0.000976931040213502	-1.90448168698258	0.019	0.074	1	1	MYO7A
0.006632201238824	-1.92135550554698	0.008	0.042	1	1	LOC138513920
0.00221581942679532	-1.93803424669361	0.011	0.056	1	1	C7PHXorf38
0.00055149456186815	-1.93803424669361	0.019	0.078	1	1	PDZD2
0.00165650211659325	-1.96269630092788	0.011	0.058	1	1	HPS4
0.000471704332962185	-1.98694384717455	0.023	0.085	1	1	GALR1
0.00766607369491248	-1.98694384717455	0.008	0.041	1	1	GHDC
0.00454991968019661	-2.01079058912892	0.011	0.051	1	1	ECE2
0.00764002270035303	-2.01865270690189	0.008	0.041	1	1	RAD54B
0.00453892996379308	-2.03424956195291	0.011	0.051	1	1	C1S
0.000300108686588832	-2.08005325156603	0.015	0.076	1	1	TBKBP1
0.00168859863148222	-2.08005325156603	0.015	0.064	1	1	ARHGEF25
0.00421960942894373	-2.1389469406196	0.008	0.045	1	1	ZBTB7A
0.00422682329127738	-2.1389469406196	0.008	0.045	1	1	C7PH3orf52
0.0065534670239361	-2.1389469406196	0.008	0.042	1	1	PODN
0.00906120978321704	-2.16751609281638	0.004	0.033	1	1	NEDD1
0.00233416849413895	-2.19553046898597	0.008	0.049	1	1	NPNT
0.00386775943399048	-2.209336268511	0.011	0.052	1	1	TC2N
0.00313378299505624	-2.22301120540808	0.008	0.047	1	1	ANO7
0.0017288523004662	-2.27645046436954	0.008	0.051	1	1	GPSM1
0.00573469852374004	-2.36545547042828	0.004	0.036	1	1	THAP3
0.00127982996206275	-2.37773380020672	0.008	0.053	1	1	P2RY4
0.000492943951782022	-2.38383399974314	0.011	0.066	1	1	CXADR
0.000495417836157648	-2.41990325445066	0.011	0.066	1	1	SEMA3D
0.00364179307571401	-2.43760525618412	0.004	0.039	1	1	FUCA1
0.00364179307571401	-2.43760525618412	0.004	0.039	1	1	MBTPS2
0.00147871790676899	-2.49509075084488	0.008	0.052	1	1	CHAD
0.00268952416299756	-2.50631800626813	0.004	0.041	1	1	SFR1
0.00773358167437567	-2.50631800626813	0.004	0.034	1	1	ENPP3
0.000312821986835858	-2.53948487020333	0.011	0.069	1	1	IFIT5
0.00491856809842042	-2.57190634789571	0.004	0.037	1	1	PARM1
0.000698989872672093	-2.58255359209522	0.008	0.057	1	1	STK33
0.00170702289257332	-2.60361520762305	0.004	0.044	1	1	PRSS12
0.00267756884178036	-2.69476309568124	0.004	0.041	1	1	JPH1
8.52074618490494e-05	-2.79154815821612	0.015	0.084	1	1	LOC138577431
0.00946697514674259	-2.8349407537295	0	0.025	1	1	FOXP4
0.00696121346550714	-2.98694384717455	0	0.027	1	1	GOLPH3
0.000823785854009385	-3.53948487020333	0	0.041	1	1	ACBD4
0.000959272510949974	-3.57190634789571	0	0.04	1	1	REEP1
0.0011168721927245	-3.57190634789571	0	0.039	1	1	LINGO2
0.000331078915712131	-3.93803424669361	0	0.047	1	1	PRR5
6.43468424728614e-31	-0.916675789977235	0.936	0.976	7.91015734518885e-27	2	CYTB
2.50369746597572e-27	-0.760680995635441	1	0.999	3.07779529492396e-23	2	COX3
2.42678281426911e-25	-0.776822384655317	0.99	0.997	2.98324411358101e-21	2	COX2
1.56562094841979e-24	0.475800954749315	1	1	1.92461783189245e-20	2	CIRBP
2.45544356882793e-22	0.873848513596121	0.936	0.776	3.01847677916018e-18	2	TUBA1C
4.62974564858731e-22	-0.876257948553014	0.941	0.984	5.69134632580838e-18	2	COX1
2.40900132205499e-20	0.786015153421117	0.985	0.931	2.96138532520221e-16	2	HMGB2
5.59573215979787e-20	0.535217542020257	1	0.994	6.87883354403952e-16	2	TMSB4X
4.87196755145128e-19	0.731250970493088	0.966	0.853	5.98910971099906e-15	2	KRT8
6.45554385261078e-19	0.698651925191686	0.961	0.843	7.93580005801443e-15	2	CRIP1
3.36811216688585e-17	0.885000564823005	0.877	0.775	4.14042028675277e-13	2	HMGN2
4.42072261401594e-17	0.657078342842722	0.966	0.85	5.4343943094098e-13	2	H2AZ1
4.50802737664923e-17	0.402630090639512	1	0.974	5.5417180541149e-13	2	RPS23
7.61646523143268e-17	0.425296029725096	1	0.952	9.3629207090002e-13	2	RPS12
9.44809166997583e-17	-0.637562143633967	0.99	0.992	1.16145390899013e-12	2	ATP6
1.76422837484547e-15	-0.87578680584717	0.7	0.852	2.16876594119753e-11	2	ND1
3.14431910987798e-15	0.591651748086152	0.97	0.904	3.865311481773e-11	2	HMGN1
8.01323718630796e-15	0.746452961305776	0.847	0.634	9.85067247312838e-11	2	COX7B
8.34442724082946e-15	0.388339678946144	1	0.969	1.02578044071517e-10	2	RPS28
1.32902390215898e-14	0.389381218509759	1	0.969	1.63376908292404e-10	2	RPS18
2.99246092528958e-14	0.867155825735081	0.68	0.379	3.67863221545848e-10	2	HMGB3
5.62162883184958e-14	0.443437164282491	1	0.979	6.91066832299268e-10	2	PTMA
9.07184851364736e-14	0.40559920813095	1	0.924	1.11520233778267e-09	2	RPL12
1.01374637598485e-13	0.616124124073408	0.941	0.785	1.24619841999817e-09	2	TUBB4A
1.04938059679514e-13	0.468164526358044	0.995	0.973	1.29000356764027e-09	2	VIM
2.29587294579556e-13	-0.733990545926339	0.768	0.883	2.82231661226648e-09	2	ND2
4.77918623258842e-13	0.491806645437294	0.985	0.925	5.87505363572094e-09	2	DYNLL1
7.12152010165828e-13	0.296349245781933	1	0.996	8.75448466096853e-09	2	LOC138582460
7.81844436474673e-13	-0.990526799081539	0.744	0.893	9.61121365758316e-09	2	KRT5
1.33458944698859e-12	0.921687234032276	0.749	0.529	1.64061080718307e-08	2	TUBA1B
1.53724576571258e-12	0.53249836517694	0.931	0.77	1.88973621979048e-08	2	OAZ1
2.04613172684462e-12	0.592746344329229	0.946	0.813	2.51530973181009e-08	2	KRT18
3.28277004291271e-12	0.502214024839259	0.975	0.888	4.0355092137526e-08	2	TAGLN2
3.30882408254675e-12	0.347490056230477	1	0.983	4.06753744467472e-08	2	RPS2
3.37029968645124e-12	0.774263689933371	0.803	0.599	4.14310940455451e-08	2	STMN1
3.56912073300037e-12	-0.694032144369556	0.759	0.882	4.38752011707736e-08	2	ND4
5.5977866451653e-12	0.287923977545791	1	0.997	6.8813591229017e-08	2	CIRP
1.20559009387815e-11	0.531768898731885	0.951	0.79	1.48203190240441e-07	2	H3F3A
1.44985309246498e-11	0.3555894010287	0.995	0.955	1.78230440656719e-07	2	RPL19
1.5837468162487e-11	0.54095771966878	0.97	0.877	1.94689996121452e-07	2	PFN1
1.85879470314822e-11	0.335693727392747	1	0.978	2.28501632858011e-07	2	RPLP2
2.04147378329057e-11	-0.697236684203299	1	0.999	2.50958372179909e-07	2	unassigned-gene-4
2.23055891972564e-11	0.314878444428333	1	0.974	2.74202608001874e-07	2	RPS27
3.84432493198479e-11	0.49180217324702	0.966	0.833	4.7258286388889e-07	2	SET
6.95022123835578e-11	0.697251555698087	0.724	0.518	8.54390696831076e-07	2	POMP
7.36069264478837e-11	0.319097223816426	1	0.972	9.04849946823834e-07	2	RPLP1
7.94542663473183e-11	-0.790961203097555	0.675	0.808	9.76731296207584e-07	2	ND3
8.80204384659345e-11	1.24590739403588	0.384	0.187	1.08203525006173e-06	2	WIF1
1.06575506428916e-10	0.459022909895665	0.961	0.778	1.31013270053067e-06	2	RPL10A
1.11371378420514e-10	0.628678524145265	0.833	0.634	1.36908835492338e-06	2	ATP5MC3
1.28038030770873e-10	0.476454335224532	0.906	0.771	1.57397151226634e-06	2	SRSF3
1.48743602737305e-10	0.340844032178389	1	0.949	1.82850510844969e-06	2	RPL10
1.95548136833621e-10	0.351255331405481	0.975	0.944	2.40387324609571e-06	2	HNRNPA3
2.69867808642176e-10	0.927955863548275	0.502	0.29	3.31748497163827e-06	2	PSMB2
3.11522904590808e-10	-2.08837706009169	0.172	0.387	3.8295510661348e-06	2	MRC1
6.53748320601674e-10	0.522855176126719	0.872	0.725	8.03652810515638e-06	2	SNRPF
8.93741816065073e-10	0.288095635746887	1	0.977	1.09867681448879e-05	2	RPL23
1.00967397716107e-09	0.541339644838783	0.877	0.715	1.2411922201241e-05	2	RAN
1.10409660706894e-09	0.594367000240004	0.749	0.528	1.35726595906984e-05	2	DAD1
1.26800222365372e-09	1.64754703809918	0.187	0.06	1.55875513353752e-05	2	AURKB
1.28935178720745e-09	0.278528164921782	1	0.968	1.58500015201412e-05	2	RPS14
1.33812493809184e-09	0.633191745122109	0.67	0.451	1.6449569863963e-05	2	LMNB2
1.61978244032693e-09	0.546019198398877	0.897	0.731	1.99119855389389e-05	2	PRDX1
1.66038518847109e-09	0.282161839467434	1	0.96	2.04111151218751e-05	2	RPL24
1.98522193059861e-09	0.534786911793684	0.877	0.67	2.44043331928487e-05	2	TUBA1A
2.33928304198828e-09	0.42342916277815	0.946	0.778	2.87568064351619e-05	2	SNRPG
2.67774638543512e-09	0.317221212029636	1	0.937	3.29175363161539e-05	2	RPL13A
2.75183112445424e-09	0.374968859594514	0.97	0.886	3.3828260012916e-05	2	SLC25A5
5.61834303121373e-09	0.368292279807055	0.99	0.919	6.90662908827104e-05	2	MYL6P1
5.76077371155234e-09	1.23250953882034	0.34	0.168	7.08171912361129e-05	2	PDGFB
6.93725536621088e-09	-0.162730202506612	0.32	0.524	8.52796802168303e-05	2	LOC138580806
7.04779447116752e-09	0.894461778569696	0.493	0.296	8.66385374340624e-05	2	ENTPD1
8.31355560491923e-09	0.33302413312158	0.995	0.94	0.000102198539051272	2	RPS10
8.66822948539916e-09	0.411631758613583	0.941	0.796	0.000106558545064012	2	SRSF2
8.81274605495318e-09	0.323206979898503	1	0.935	0.000108335087253539	2	UBA52
9.45717954291254e-09	0.591708895975634	0.709	0.515	0.000116257108121024	2	PTGS2
1.01523713234942e-08	0.78184812981077	0.493	0.29	0.000124803100679714	2	CSRNP1
1.1271123567822e-08	0.312735430249744	0.99	0.927	0.000138555922019236	2	RPLP0
1.14890858888226e-08	0.316504700490295	1	0.944	0.000141235332831297	2	RPL27
1.33838369312737e-08	0.506934735160717	0.729	0.503	0.000164527507396147	2	ENG
1.56486899721704e-08	-1.53998736293651	0.286	0.461	0.000192369345827891	2	MMRN1
1.96203962146606e-08	-1.49463297286023	0.148	0.353	0.000241193530666823	2	LOC138472541
2.29521207911019e-08	0.260700267407826	1	0.982	0.000282150420885015	2	RPL32
2.33638196735189e-08	0.554847548482693	0.695	0.482	0.000287211435246568	2	GNG5
2.44837185114156e-08	0.294779617390219	1	0.951	0.000300978351660832	2	RPS19
2.52355130824782e-08	0.509531284611611	0.773	0.562	0.000310220162322905	2	SNRPB
2.86864597288089e-08	0.474010783104488	0.833	0.686	0.000352642649446248	2	ABRACL
3.25986490101342e-08	0.765602799620892	0.507	0.307	0.000400735192281579	2	SNU13
3.26712674065902e-08	0.418327345257629	0.867	0.708	0.000401627890229213	2	CALM2
3.46542563062475e-08	0.369189962617556	0.956	0.862	0.000426004772772701	2	GAPDH
3.47739543020071e-08	-0.692622686786379	0.828	0.889	0.000427476220234574	2	unassigned-gene-2
4.45473319780455e-08	-1.18402998562374	0.409	0.587	0.000547620352006113	2	S100P
4.85012069282195e-08	0.676693383758696	0.67	0.49	0.000596225336768602	2	SPACA4
5.03809410179998e-08	0.302276019231015	0.995	0.929	0.000619332907934271	2	RPL39
5.38788502702234e-08	1.12885775679719	0.222	0.089	0.000662332706371856	2	PLOD2
6.14865923114706e-08	0.935611681120258	0.394	0.218	0.000755854679284908	2	CASKIN2
6.97623978807357e-08	0.413147722671034	0.901	0.802	0.000857589157147884	2	VAT1
7.88131106916839e-08	0.472288592353826	0.872	0.743	0.00096884956973287	2	HNRNPH3
8.24798245403279e-08	0.652364054396955	0.571	0.372	0.00101392448307425	2	EZR
9.23608381870972e-08	0.288998517333086	0.99	0.926	0.00113539178383399	2	HSP90AB1
9.68755427628927e-08	0.588481097234662	0.66	0.474	0.00119089104718424	2	ARHGDIB
9.71254589791439e-08	0.71208729029389	0.488	0.294	0.00119396326723062	2	MCAM
9.88472324062587e-08	0.266731868248096	0.995	0.956	0.00121512902797014	2	RPS26
1.01198514068439e-07	0.428047932982111	0.897	0.735	0.00124403333344332	2	PLVAP
1.09532889475207e-07	1.63826922451117	0.143	0.045	0.00134648781031872	2	DEPDC1
1.20857307066517e-07	0.381290171598182	0.901	0.805	0.0014856988757687	2	COX6B1
1.2714748749072e-07	0.596016737459097	0.616	0.417	0.00156302406372342	2	NRP1
1.38280840515367e-07	0.318023920108787	0.99	0.926	0.00169988637245541	2	HNRNPAB
1.80227477518439e-07	0.57808221843608	0.621	0.419	0.00221553638113417	2	DLK1
1.9042059417605e-07	1.10767242690656	0.3	0.151	0.00234084036420618	2	CDCA8
2.18190554008602e-07	0.247175715905524	1	0.991	0.00268221648042774	2	S100A11
2.20226938710024e-07	0.279736506018591	0.99	0.911	0.00270724975756232	2	RPS27A
2.47941440491484e-07	0.254086343178103	0.995	0.972	0.00304794412796181	2	FAU
2.61026021809244e-07	0.495583909059203	0.833	0.679	0.00320879288610104	2	NDUFA4
2.74420879061111e-07	0.497623236818404	0.808	0.658	0.00337345586629824	2	ALDOA
3.17398585626816e-07	0.325781509558362	0.941	0.84	0.00390178081311045	2	RPS5
3.31712946495879e-07	0.25305406515529	1	0.967	0.00407774725127384	2	RPS9
4.18735173620283e-07	0.5011463187179	0.783	0.642	0.00514751148931413	2	HSBP1
4.39231969361672e-07	0.312318079158426	0.99	0.945	0.00539947859936303	2	RPS7
4.83561709265801e-07	-2.2068761376152	0.064	0.21	0.0059444240920045	2	RELN
5.09626917817266e-07	0.545472065275415	0.778	0.63	0.00626484370072766	2	JPT1
5.48367469224678e-07	-2.65988148709307	0.03	0.163	0.00674108129917897	2	FGF10
5.57978704041478e-07	0.720379918110622	0.591	0.422	0.00685923220878189	2	GLRX
6.22170123309575e-07	0.397666180032702	0.828	0.625	0.00764833732584461	2	RSL24D1
6.54181833017428e-07	0.2558284637902	0.995	0.924	0.00804185727328325	2	RPS15
6.74416447085025e-07	0.196803799587259	1	0.998	0.00829060138401621	2	ACTB
7.1285086728925e-07	0.320069741306071	0.931	0.848	0.00876307571158674	2	RBMX
7.30772130570177e-07	-2.35695435413576	0.044	0.183	0.00898338180109919	2	GPNMB
8.22046674337225e-07	0.44960766048727	0.69	0.474	0.0101054197676275	2	COL4A1
8.53729672569137e-07	0.467791027297173	0.778	0.604	0.0104948988648924	2	RHOC
9.05050708701903e-07	0.668763524008875	0.512	0.334	0.0111257883620725	2	NDUFA6
9.08940020376217e-07	0.440323495233891	0.803	0.668	0.0111735996704848	2	BTF3L4
9.24421047499856e-07	0.268413831448979	0.995	0.933	0.0113639079369157	2	RPL28
9.5746754554474e-07	0.699148234586392	0.493	0.315	0.0117701485373815	2	TUBB
9.99733780644341e-07	1.27348131987664	0.212	0.094	0.0122897273654609	2	VAMP5
1.00605923198955e-06	0.649082637010404	0.34	0.182	0.0123674861388475	2	SH3RF3
1.14249000672592e-06	1.18287877109573	0.182	0.074	0.0140446296526818	2	AMOTL2
1.18253346070662e-06	0.469401529851898	0.749	0.564	0.0145368838324664	2	SH3BGRL3
1.193877699162e-06	0.592317517378787	0.591	0.401	0.0146763385557985	2	UQCRB
1.23822280273275e-06	0.264884965950413	0.995	0.881	0.0152214729139937	2	RPS16
1.3405947452171e-06	0.890973159307824	0.305	0.16	0.0164799312029538	2	TRIM71
1.34827554260866e-06	0.246315338345366	0.995	0.916	0.0165743512452883	2	RPS11
1.39950707583776e-06	0.796673370788665	0.512	0.342	0.0172041404832736	2	PDE4B
1.46917932398665e-06	0.421038508290499	0.764	0.575	0.0180606214297679	2	TIE1
1.56954924171035e-06	0.643967147823378	0.542	0.372	0.0192944688283454	2	LSM3
1.57772140553077e-06	0.46618336392202	0.744	0.577	0.0193949292381898	2	TARDBP
1.59527307390279e-06	0.325906075273843	0.956	0.851	0.019610691897487	2	CALM1
1.66581007501683e-06	0.253096300306033	0.99	0.912	0.0204778032521819	2	RPL15
1.7934779961647e-06	0.552112580761454	0.586	0.402	0.0220472250068527	2	ILF2
1.80005763346739e-06	0.6634134435582	0.517	0.34	0.0221281084882147	2	SURF4
1.92512685920246e-06	0.880938458384884	0.335	0.188	0.0236655844801758	2	NDUFS6
1.94605466384808e-06	1.28089000119123	0.246	0.123	0.0239228499826844	2	TOP2A
2.19780330977046e-06	0.611923128368458	0.695	0.519	0.0270175960870083	2	AQP1
2.305783829828e-06	0.679810887270134	0.586	0.424	0.0283450006200756	2	PKM
2.44925844965285e-06	0.267578672523882	0.97	0.914	0.0301087341215825	2	TXN
2.51629302235051e-06	0.442740674186806	0.778	0.645	0.0309327901237548	2	SRSF9
2.72737706954167e-06	-2.15292149837319	0.059	0.194	0.0335276463158757	2	NFIX
2.74921274715953e-06	1.02497024557825	0.246	0.121	0.0337960723008321	2	LSM1
2.96106514291665e-06	1.53036349872884	0.123	0.042	0.0364003738018744	2	SHCBP1
3.28961233197439e-06	0.63781053614221	0.773	0.679	0.0404392043969612	2	ACTG1
3.34483210747341e-06	-0.983889892421478	0.438	0.591	0.0411180210971706	2	KRT1
3.5243969022555e-06	0.404023456102828	0.803	0.641	0.0433254111194269	2	RALB
3.66444699544612e-06	0.891472620985268	0.335	0.192	0.0450470469150191	2	SAP18
3.95135702482055e-06	0.449851203234071	0.768	0.62	0.048574031906119	2	LGALS1
4.12477773712905e-06	0.905240948524068	0.404	0.254	0.0507058927225275	2	UCHL1
4.77222951511608e-06	4.70644072715275	0.02	0	0.058665017429322	2	LOC138511035
4.80260954725321e-06	0.179346625039534	1	0.992	0.0590384791643837	2	Fth1
4.82905461732253e-06	-2.85707335430437	0.02	0.13	0.0593635684107458	2	SEMA3A
5.05040352625017e-06	1.71466123395772	0.103	0.032	0.0620846105481934	2	LOC138527279
5.44417648487996e-06	-1.39159135580778	0.187	0.336	0.0669252615286293	2	IQSEC1
5.48362253097004e-06	0.628006851703534	0.493	0.333	0.0674101717732146	2	ATF4
5.63665182952048e-06	0.704502922911255	0.384	0.228	0.0692913609402952	2	PMEPA1
5.9494440295165e-06	0.698621222693449	0.453	0.294	0.0731365154548463	2	RANBP1
6.17502594616105e-06	0.537844786182955	0.567	0.395	0.0759095939561578	2	CD93
6.21207323362201e-06	0.219315844939329	0.995	0.978	0.0763650162609153	2	ZA20D3
6.40379305959424e-06	0.473446360685674	0.532	0.352	0.078721828081592	2	APLNR
6.44028491576221e-06	0.285475902188539	1	0.92	0.0791704224694648	2	RPS13
6.64337259758262e-06	0.496405512336282	0.443	0.274	0.0816669793420831	2	SMAD6
6.74614290531983e-06	-1.27320621089109	0.138	0.283	0.0829303347350966	2	DEDD2
6.90996528653255e-06	0.477194634775237	0.68	0.529	0.0849442032673446	2	COX5B
6.98587805742882e-06	0.644414148614216	0.502	0.342	0.0858773989599725	2	YWHAH
7.07442995771944e-06	1.35804042090419	0.128	0.046	0.0869659674702451	2	LOC138513919
7.19756062803121e-06	1.23908219274382	0.158	0.064	0.0884796128003876	2	TRMT6
7.32280464032506e-06	2.96947513298654	0.039	0.005	0.0900192374435159	2	METTL27
7.40017777114862e-06	0.271576819128888	0.975	0.875	0.09097038534073	2	RPS3A
7.54783010940112e-06	0.593560621218851	0.522	0.356	0.092785475534868	2	PSMA5
8.04804429403127e-06	0.352091154573008	0.906	0.798	0.0989346085065264	2	EIF4A1
8.3726528355789e-06	0.487705817385897	0.695	0.558	0.102925021307771	2	CLIC1
8.52527349697736e-06	0.421948438967708	0.69	0.519	0.104801187098343	2	CYCS
8.72175807608359e-06	0.554728528968465	0.571	0.41	0.107216572029296	2	COX5A
8.72453226551487e-06	1.08112048881545	0.212	0.101	0.107250675139974	2	CCDC28A
1.06196387595824e-05	-1.74515556557651	0.094	0.225	0.130547219271547	2	HAPLN3
1.19503351377917e-05	1.52890254160056	0.094	0.028	0.146905469848874	2	CCNB1
1.22975957711852e-05	0.221638078775091	0.995	0.937	0.151174344815179	2	RPL37
1.23371707776944e-05	0.461381395649656	0.68	0.521	0.151660840370197	2	GNAI3
1.26946964708957e-05	0.721547619542956	0.399	0.25	0.156055903716721	2	NDUFA11
1.29564619496276e-05	0.920565532505595	0.256	0.135	0.159273786746772	2	LSM8
1.30479647540491e-05	0.530802074516042	0.695	0.579	0.160398630721525	2	CD81
1.38455490100708e-05	-1.53748485573334	0.153	0.292	0.1702033339808	2	APCS
1.39060591209867e-05	0.780441308596524	0.325	0.189	0.17094718477429	2	TBC1D1
1.43482884090295e-05	0.251107040828673	0.941	0.87	0.176383509412199	2	PMP2
1.4911532320152e-05	0.485235220766742	0.567	0.388	0.183307466811629	2	LSP1
1.52019109904489e-05	0.368733819775577	0.847	0.692	0.186877091805589	2	SNRPE
1.62061951744897e-05	0.419741120576367	0.616	0.445	0.199222757280002	2	COL4A2
1.62997120282012e-05	1.96947513298654	0.069	0.017	0.200372359962677	2	CCDC172
1.6979269488496e-05	1.03252730352184	0.133	0.051	0.208726159822081	2	GRIN2A
1.76981301443365e-05	0.925081013628088	0.256	0.137	0.217563113864328	2	DDAH2
1.8160686205526e-05	0.890698019602425	0.212	0.103	0.223249315524531	2	CRISP3
1.8486346794779e-05	0.509705527926031	0.64	0.467	0.227252661148218	2	LOC138567840
1.90486035112535e-05	0.919844365261941	0.212	0.103	0.234164482963839	2	HHIP
1.90617003185374e-05	0.33334237185507	0.818	0.627	0.23432548201578	2	CD34
1.92114798789229e-05	0.841985397864626	0.369	0.233	0.236166722151599	2	MECOM
1.96771067739769e-05	-1.99691647437064	0.079	0.2	0.241890673572499	2	UNC5B
2.01334664399586e-05	0.22060255448259	0.975	0.921	0.247500702946411	2	RPL35A
2.08360831516943e-05	0.67401924946037	0.384	0.24	0.256137970183778	2	GATM
2.19104642260399e-05	0.836544339026431	0.3	0.171	0.269345336730708	2	DLL4
2.2410939613323e-05	0.860950676208373	0.261	0.141	0.275497680666579	2	TMEM92
2.40232206067297e-05	0.190292603293471	1	0.973	0.295317450918528	2	TPT1
2.55673793497658e-05	0.271833505406209	0.901	0.754	0.314299794346671	2	NAP1L1
2.61645534981631e-05	0.525375168105235	0.616	0.473	0.321640856152918	2	PMP22
2.61779199268496e-05	0.420517585720879	0.67	0.522	0.321805169660762	2	SNRNP70
2.72250437546887e-05	0.629096185993008	0.414	0.271	0.334677462876388	2	PSMB1
2.80782130499006e-05	0.225021257603992	0.995	0.923	0.345165473022428	2	RPL11
2.85062548215377e-05	1.828119283741	0.079	0.023	0.350427390521163	2	KIF14
2.97709291509682e-05	0.391510358390205	0.788	0.663	0.365974032052852	2	SNRPD1
3.01443191252889e-05	1.79955013154423	0.054	0.011	0.370564115007176	2	LY6E
3.22440635264897e-05	0.85298939050569	0.256	0.139	0.396376272931138	2	MRPL35
3.29718906357206e-05	-2.775358704513	0.025	0.122	0.405323451584913	2	STAB2
3.30993292294539e-05	0.218742534977693	0.714	0.557	0.406890054217677	2	INSR
3.32065751758582e-05	0.381630123732264	0.749	0.588	0.408208428636825	2	KHDRBS1
3.35766624968905e-05	-2.15040918595618	0.039	0.145	0.412757912074275	2	GAS7
3.43806242611745e-05	0.234105458591245	0.99	0.941	0.422641014042618	2	LGALS4
3.49612418110636e-05	0.40598416256821	0.695	0.526	0.429778545583405	2	SNRPD2
3.6283083063349e-05	-1.76387920762729	0.059	0.173	0.446027940097749	2	PDGFC
3.68163918545147e-05	1.21705588641382	0.202	0.102	0.45258390506755	2	UBE2C
3.74216181169053e-05	-0.672915647783685	0.631	0.675	0.460023951511117	2	TMEM176B
3.83740794524615e-05	0.440469038239401	0.635	0.468	0.47173255870911	2	NEDD8
4.0243918109823e-05	0.543210378284444	0.424	0.269	0.494718485324054	2	FUBP1
4.06930128551553e-05	0.393336482652391	0.778	0.625	0.500239207028425	2	HNRNPA0
4.10364931069761e-05	0.645329212849361	0.286	0.159	0.504461609764057	2	GPR68
4.16965254367377e-05	-1.07234504270809	0.163	0.306	0.512575387193816	2	S100A13
4.35805485241925e-05	-2.48338383172727	0.015	0.105	0.535735683007898	2	DOCK5
4.43670054696511e-05	1.4486429696851	0.108	0.04	0.545403598238421	2	ECI2
4.46053991833921e-05	0.555993100209739	0.389	0.242	0.548334172161439	2	PRDX5
4.53414759859993e-05	0.665141098113917	0.399	0.263	0.55738276429589	2	CCND1
4.56617570896985e-05	0.250983477532748	0.975	0.876	0.561319979903663	2	MSN
4.58439039425885e-05	0.443674704733529	0.67	0.506	0.563559111166241	2	RPL8
5.00471587900512e-05	0.615292839094552	0.438	0.296	0.6152297230061	2	TMEM204
5.05457237377364e-05	0.449501972414194	0.631	0.5	0.621358581907993	2	PTBP1
5.30125907837939e-05	0.301861452087438	0.788	0.642	0.651683778505178	2	ATP5PF
5.36115325011619e-05	0.177056373922234	1	0.971	0.659046569036783	2	RPL35
5.4995109240424e-05	0.827030867966336	0.246	0.134	0.676054877892532	2	CDK2AP1
5.50391050145704e-05	0.555131403877782	0.498	0.352	0.676595717944113	2	TCP1
5.60599656288529e-05	1.26521370389304	0.138	0.058	0.689145157475489	2	POLR2G
5.66367865473085e-05	0.436079774413683	0.616	0.44	0.696236017026063	2	FLNA
5.78168463435658e-05	0.553570889890166	0.438	0.29	0.710742492101454	2	TRMT112
5.85391489562018e-05	1.02941767344282	0.197	0.099	0.719621758118589	2	C8H10orf143
5.95662014985241e-05	0.175485058354791	1	0.962	0.732247315021357	2	RPL13
6.20383891865312e-05	-1.28533876604228	0.103	0.225	0.762637918270028	2	SETD1A
6.26048279504103e-05	2.79955013154423	0.034	0.005	0.769601149994394	2	LOC138521819
6.43351434858108e-05	3.38451263226539	0.025	0.002	0.790871918871072	2	TRIM42
6.71090601435304e-05	1.45490196015678	0.099	0.035	0.824971676344419	2	HACE1
6.71162785263472e-05	0.925081013628088	0.217	0.113	0.825060411924387	2	DLGAP5
6.72386292688851e-05	0.734698987194261	0.365	0.239	0.826564469602404	2	NDUFC2
6.91015294779876e-05	1.10989025215638	0.148	0.065	0.849465101872901	2	SNX18
6.95003688095845e-05	0.466060594948224	0.606	0.46	0.854368033776222	2	SLC2A1
7.05273256978727e-05	0.182878771095735	1	0.975	0.866992414803949	2	CFL2
7.19830383681501e-05	-0.852526565035464	0.192	0.328	0.884887490659669	2	DAB2
7.24590866999369e-05	0.201112338800297	0.995	0.96	0.890739552802325	2	RPL14
7.32719382595368e-05	0.432093696799495	0.502	0.35	0.900731937024487	2	PSMA7
7.5012264794724e-05	4.38451263226539	0.015	0	0.922125771121542	2	LOC138472045
7.70018962882277e-05	1.74708271165009	0.079	0.025	0.946584311071184	2	CHSY1
8.05335977979121e-05	-1.35624454106319	0.182	0.308	0.989999517729733	2	NRP2
8.09716416579896e-05	0.409862964810141	0.7	0.545	0.995384390901666	2	NUCKS1
8.10544813441884e-05	1.33006484824301	0.118	0.047	0.996402739164108	2	MTRES1
8.1121535179405e-05	0.273577656896536	0.892	0.735	0.997227031960425	2	ANP32B
0.00123196898354842	3.96947513298654	0.01	0	1	2	LOC138510620
0.000724702711736216	3.12147822643159	0.02	0.002	1	2	LOC138481794
0.000724702711736216	3.12147822643159	0.02	0.002	1	2	LOC138528722
0.000337659134061808	2.96947513298654	0.025	0.003	1	2	LOC138527892
0.00300507754777964	2.96947513298654	0.02	0.003	1	2	ARHGEF37
0.000147645660975313	2.86993945943563	0.03	0.004	1	2	PSMC3IP
0.000147645660975313	2.86993945943563	0.03	0.004	1	2	ZNF142
0.00741413786007921	2.79955013154423	0.015	0.002	1	2	ARFGEF3
0.00741413786007921	2.79955013154423	0.015	0.002	1	2	CHI3L1
0.00741413786007921	2.79955013154423	0.015	0.002	1	2	CIMIP7
0.00741413786007921	2.79955013154423	0.015	0.002	1	2	CPXM1
0.00741413786007921	2.79955013154423	0.015	0.002	1	2	DCDC1
0.00741413786007921	2.79955013154423	0.015	0.002	1	2	LOC138468401
0.00741413786007921	2.79955013154423	0.015	0.002	1	2	LOC138487792
0.00741413786007921	2.79955013154423	0.015	0.002	1	2	LOC138491116
0.00741413786007921	2.79955013154423	0.015	0.002	1	2	LOC138491753
0.00741413786007921	2.79955013154423	0.015	0.002	1	2	THEM6
0.00741413786007921	2.79955013154423	0.015	0.002	1	2	TMEM169
0.00741413786007921	2.79955013154423	0.015	0.002	1	2	LOC138582162
0.00302905917316397	2.70644072715275	0.02	0.003	1	2	ENTREP3
0.00302905917316397	2.70644072715275	0.02	0.003	1	2	PFKFB1
0.00121831715053524	2.64754703809918	0.025	0.004	1	2	LOC138453676
0.00019506634260334	2.57715771020778	0.034	0.006	1	2	OBSL1
0.00129501667940218	2.57715771020778	0.03	0.006	1	2	PCGF1
0.00131199619107207	2.38451263226539	0.03	0.006	1	2	CDPF1
0.00306143628324345	2.38451263226539	0.02	0.003	1	2	LOC138525833
0.0074785778505863	2.38451263226539	0.015	0.002	1	2	LOC138566000
0.00881248638868031	2.38451263226539	0.02	0.004	1	2	LOC138573479
0.00881248638868031	2.38451263226539	0.02	0.004	1	2	LOC138580355
0.00881248638868031	2.38451263226539	0.02	0.004	1	2	SLC22A17
0.00051337071905591	2.38451263226538	0.034	0.007	1	2	ADIRF
0.00051337071905591	2.38451263226538	0.034	0.007	1	2	LOC138472595
0.00051337071905591	2.38451263226538	0.034	0.007	1	2	OAS1
0.00337969433824344	2.38451263226538	0.025	0.005	1	2	LOC138582962
0.00301151646406381	2.19186755432299	0.03	0.007	1	2	KLHL24
0.00301151646406381	2.19186755432299	0.03	0.007	1	2	LOC138492163
0.00301151646406381	2.19186755432299	0.03	0.007	1	2	POLH
0.00774112253574953	2.16212021092894	0.025	0.006	1	2	ADGRB1
0.00774112253574953	2.16212021092894	0.025	0.006	1	2	LOC138527752
0.00774112253574953	2.16212021092894	0.025	0.006	1	2	RBM24
0.00610240713544614	2.02194255288068	0.03	0.008	1	2	CDKN2D
0.00610240713544614	2.02194255288068	0.03	0.008	1	2	CFAP54
0.00186257348587804	1.96947513298654	0.039	0.01	1	2	RPAIN
0.00186257348587804	1.96947513298654	0.039	0.01	1	2	ZBTB18
0.00889193728924318	1.89908580509514	0.02	0.004	1	2	WNT5A
0.00616748799695393	1.86993945943563	0.03	0.008	1	2	LOC138566345
9.76588830106618e-05	1.70644072715275	0.069	0.02	1	2	AGTRAP
0.00392621659104831	1.70644072715275	0.044	0.014	1	2	DNLZ
0.00392621659104831	1.70644072715275	0.044	0.014	1	2	GMPPA
0.00392621659104831	1.70644072715275	0.044	0.014	1	2	LOC138582316
0.00103963406426035	1.67401924946037	0.049	0.014	1	2	LOC138453553
0.00568363102500771	1.64754703809918	0.039	0.012	1	2	PRPF31
0.00619970853318294	1.64754703809918	0.049	0.018	1	2	FBXO5
0.00908299535865334	1.5544376337077	0.039	0.013	1	2	GSTO1
0.000419060611822816	1.53651572571044	0.069	0.023	1	2	TDRKH
0.00932912760223175	1.53651572571044	0.044	0.016	1	2	MMP15
0.00932912760223175	1.53651572571044	0.044	0.016	1	2	TCTA
0.000402015981978982	1.4969873615238	0.089	0.034	1	2	DNAJB5
0.000947819232740485	1.4840483058163	0.069	0.025	1	2	MBTPS2
0.00267465915864843	1.47762203665687	0.069	0.027	1	2	FJX1
0.000443484780043077	1.47197547351572	0.079	0.028	1	2	DUSP8
0.000278363972511414	1.45490196015678	0.094	0.036	1	2	TPX2
0.00112967824132251	1.45490196015678	0.084	0.034	1	2	CKS2
0.00437860017209118	1.44591317692953	0.054	0.02	1	2	PLXNA3
0.00424584783509314	1.44109616063175	0.059	0.023	1	2	HELQ
0.000906649510730069	1.42758135415727	0.079	0.03	1	2	CCDC15
0.000906649510730069	1.42758135415727	0.079	0.03	1	2	SMYD5
0.000173292061481746	1.40960361322822	0.118	0.05	1	2	KCNJ2
0.000725474808529121	1.38451263226539	0.094	0.039	1	2	LOC138521149
0.000588321731524346	1.38451263226539	0.089	0.035	1	2	FOXRED1
0.0013567073687016	1.38451263226539	0.074	0.028	1	2	MAD2L2
0.00199315479958112	1.38451263226538	0.069	0.026	1	2	KIZ
0.000436258980816931	1.34703792684672	0.089	0.034	1	2	CENPA
0.00280377306020151	1.33720691748703	0.069	0.027	1	2	MRPS25
0.00297279195731539	1.33388655919542	0.064	0.025	1	2	MBIP
0.00412270996515178	1.33388655919542	0.064	0.025	1	2	SPC25
0.000313097440676296	1.32561894321182	0.108	0.045	1	2	METTL1
0.000564834002136912	1.31412330437399	0.094	0.038	1	2	LAGE3
0.00122098480572637	1.30651012026411	0.084	0.034	1	2	CBX2
0.00179405787015493	1.30205047207341	0.079	0.032	1	2	SLC6A15
0.00263562495664812	1.29704979101505	0.074	0.03	1	2	SNUPN
0.00680702758761035	1.29704979101505	0.069	0.03	1	2	PDCL
0.00518172143475952	1.2914032278739	0.069	0.029	1	2	NOC4L
0.00124337585665168	1.26903541484545	0.084	0.034	1	2	LOC138581870
0.00166467904261761	1.26903541484545	0.084	0.035	1	2	SMIM27
0.000397867121263086	1.24155467842334	0.099	0.04	1	2	LOC138582249
0.00152780721877836	1.24012272293021	0.089	0.038	1	2	CETN2
0.00291310180447086	1.22224120336651	0.094	0.043	1	2	CDC20
0.00420835735877922	1.22224120336651	0.089	0.042	1	2	KCTD2
0.00017269212377427	1.21945338599489	0.143	0.066	1	2	CKS1B
0.00179959214680693	1.21458763082307	0.094	0.042	1	2	RFC3
0.00773086324403692	1.20617539100687	0.074	0.034	1	2	CDCA3
0.000125509046736277	1.20394038662356	0.138	0.061	1	2	MRPL15
0.0065847274960846	1.20008806112796	0.049	0.018	1	2	C2QH7orf78
0.00227710732613219	1.19688562908961	0.084	0.036	1	2	HUS1
0.00383523194404331	1.19688562908961	0.084	0.038	1	2	PNKD
0.00558963801970071	1.18657325465348	0.079	0.036	1	2	M6PR
0.00487017227196789	1.17505926663644	0.074	0.032	1	2	ORC2
0.00813820524639338	1.17505926663644	0.074	0.034	1	2	SPX
0.00076301385440356	1.17038782691254	0.108	0.048	1	2	PLK1
0.00045174017467778	1.16949974129453	0.128	0.059	1	2	MRPL54
0.000417953836319356	1.16212021092894	0.113	0.049	1	2	BUD23
0.00158462639363787	1.16212021092894	0.108	0.051	1	2	TMEM11
0.00711844320278914	1.16212021092894	0.069	0.03	1	2	MPP4
0.000175479980315371	1.16212021092894	0.128	0.056	1	2	UTP23
0.00030159551139097	1.14350453276159	0.094	0.036	1	2	MBLK1
0.00529950208839695	1.1365851188218	0.103	0.053	1	2	GATAD1
0.00243330464509212	1.12147822643159	0.094	0.042	1	2	TEFM
0.00308715425790609	1.12147822643159	0.094	0.043	1	2	ZBTB12
0.00141834890727502	1.12147822643159	0.113	0.054	1	2	PPP1R16A
0.00922343016869709	1.11442346889764	0.079	0.038	1	2	FAIM
0.000629734283313321	1.11321061044799	0.128	0.06	1	2	INSIG1
0.00296160989518477	1.10071966626479	0.103	0.05	1	2	ASH2L
0.000609835376066049	1.0950060150704	0.128	0.06	1	2	MRPL58
0.00512924936571826	1.0950060150704	0.084	0.039	1	2	VEX1
0.00647428966158444	1.0950060150704	0.084	0.04	1	2	HTRA2
0.00569916205590626	1.07785129403133	0.089	0.042	1	2	LIN54
0.00569916205590626	1.07785129403133	0.089	0.042	1	2	LOC138580256
0.000750077114469265	1.06258453737802	0.113	0.051	1	2	CYB561A3
0.00788717731944277	1.06258453737802	0.099	0.051	1	2	FUT11
0.00462876905747396	1.05009359319483	0.103	0.052	1	2	RNASEH2A
0.0062243685774268	1.04890960048095	0.094	0.046	1	2	SOX4
0.00718932087188582	1.04747764498781	0.089	0.043	1	2	ANAPC11
0.00219549250324893	1.0269606276473	0.133	0.07	1	2	TUBA1D
0.00667468710747657	1.02194255288068	0.099	0.05	1	2	MRPL32
0.00174950222832412	1.01886315994871	0.123	0.061	1	2	CAD
0.00813507895296028	1.01105423673794	0.099	0.051	1	2	H2BC15
0.00172639983281097	1.00118399271388	0.108	0.051	1	2	HIC1
0.00115579735368663	0.998858939767636	0.143	0.074	1	2	YIF1A
0.00127237909604732	0.989653014924172	0.128	0.063	1	2	SMIM19
0.00344474451583499	0.977337250759512	0.108	0.054	1	2	MTHFD1L
0.000793385977294105	0.976427893628309	0.123	0.058	1	2	MASTL
0.0026692304784827	0.976427893628309	0.123	0.063	1	2	BRCC3
0.00181545337992525	0.964973740751601	0.153	0.084	1	2	UCK2
0.000926835569434833	0.964180833317029	0.138	0.069	1	2	KIF2C
0.00847512240319167	0.943940040879404	0.099	0.051	1	2	API5
0.00632128030568612	0.943940040879404	0.113	0.06	1	2	NPFFR1
0.00550288570199555	0.940905980789771	0.118	0.063	1	2	NUP43
0.000952445303239941	0.937053655294164	0.217	0.131	1	2	TESPA1
0.00756994040022981	0.930794664822481	0.108	0.058	1	2	SLC66A3
0.0090045712345881	0.930794664822481	0.108	0.058	1	2	RPIA
0.0019117246114307	0.921112111425143	0.143	0.075	1	2	PRDM1
0.00314963953611519	0.920565532505595	0.118	0.06	1	2	TACC3
0.00560033820026737	0.919844365261941	0.118	0.063	1	2	ALKBH5
0.00617306961825645	0.913206913339797	0.103	0.053	1	2	SLC10A3
0.000184539660982993	0.908484503097393	0.232	0.131	1	2	DYNLL2
0.000947479304368218	0.907465470711116	0.167	0.091	1	2	SMIM8
0.00204330682857667	0.902544124867555	0.222	0.137	1	2	APLN
0.00400508882063825	0.899085805095143	0.118	0.061	1	2	MRPL46
0.00345842755689632	0.89512779152646	0.123	0.064	1	2	SLC25A18
0.00112926315303965	0.892659535935711	0.153	0.08	1	2	NDUFS8
0.000218576316343547	0.891914149692889	0.202	0.108	1	2	POLR2D
0.00257562147853511	0.889747940515808	0.148	0.081	1	2	SLX9
0.00173375587855561	0.888086806145886	0.128	0.064	1	2	NEDD9
0.0026133420481521	0.887012972794568	0.153	0.085	1	2	RCC1
0.000313340279788181	0.88626176473756	0.187	0.099	1	2	CDK2AP2
0.00586626193708619	0.884941622774874	0.128	0.071	1	2	ANKRD46
0.000406154391980611	0.884439029130742	0.158	0.078	1	2	CCNA2
0.00427682860706009	0.882012291736202	0.138	0.076	1	2	GOLT1B
8.94571917295125e-05	0.877552643545502	0.251	0.142	1	2	BUD31
0.00695164407725355	0.872613593733953	0.123	0.068	1	2	ZNF3
0.00142125909293681	0.872062631328597	0.158	0.085	1	2	MRPS12
0.000695105046332687	0.869939459435627	0.128	0.06	1	2	TARM1
0.0059300724641427	0.869939459435627	0.099	0.049	1	2	MEX3B
0.00263829534277178	0.863680468963945	0.192	0.117	1	2	ELOF1
0.00264780186120962	0.855584166458557	0.163	0.092	1	2	MCMBP
0.00325036085836983	0.845353821157354	0.148	0.082	1	2	CRELD2
0.0071749472230848	0.837024836962892	0.123	0.068	1	2	AIMP2
0.00719018752878041	0.835619386251751	0.128	0.072	1	2	RFC5
0.000430178269712676	0.834955467675428	0.241	0.144	1	2	GTF2A2
0.0060667351610963	0.834315549704906	0.128	0.071	1	2	BIRC5
0.004517028956438	0.833102691255255	0.138	0.076	1	2	LOC138580609
0.000361015249977661	0.83041109524899	0.266	0.16	1	2	ANXA6
0.00931316729050636	0.828993909436711	0.133	0.077	1	2	CDK1
0.000429680828574029	0.822633744657271	0.197	0.108	1	2	TSEN54
0.00525049532597119	0.815146986595248	0.148	0.085	1	2	VPS25
0.000519327714895897	0.799550131544229	0.261	0.162	1	2	MRPS18C
0.000404233468093083	0.799550131544229	0.222	0.126	1	2	CYB5B
0.00207536029175635	0.799550131544229	0.192	0.114	1	2	NRARP
0.00452510629700278	0.799550131544229	0.133	0.073	1	2	IMPA1
0.00741512892530351	0.799550131544229	0.133	0.075	1	2	TSR2
0.000350433477884507	0.78184812981077	0.236	0.138	1	2	NPEPL1
0.000607357171873639	0.780813568962643	0.227	0.133	1	2	TARS1
0.000642190146425683	0.779230147164633	0.217	0.125	1	2	MRPL13
9.25840732220417e-05	0.775703389589862	0.276	0.16	1	2	EMC6
0.00339530472512068	0.773077920183038	0.167	0.097	1	2	LOC138515951
0.00260938036601441	0.771535755374632	0.163	0.092	1	2	MED28
0.0060989512831524	0.771535755374632	0.158	0.093	1	2	SNRPA1
0.00358926991751195	0.768853334321313	0.148	0.082	1	2	BLOC1S6
0.00558860471814409	0.767841271816891	0.138	0.077	1	2	RAD51AP1
0.00485445592214459	0.765602799620891	0.133	0.073	1	2	USP1
0.000237115820605566	0.758578350487923	0.33	0.217	1	2	TES
0.000455396571640834	0.756481409652343	0.281	0.176	1	2	NDUFB8
0.00034138247325208	0.747888011721736	0.281	0.175	1	2	PIN1
0.00309024085276779	0.745611324433425	0.167	0.096	1	2	LOC138528648
0.00208193034233813	0.744844239454094	0.271	0.18	1	2	GYPC
0.00146199111852613	0.744688196509711	0.207	0.123	1	2	LMAN2
0.00908285250315726	0.742966603177861	0.118	0.065	1	2	NCAPD3
0.00157391990070674	0.736814376196267	0.207	0.123	1	2	MRPS33
0.000378888733225821	0.735419794124514	0.202	0.109	1	2	EGFL8
0.006347617146845	0.730508487114577	0.158	0.093	1	2	PTRH2
0.00215116245063935	0.719932963480861	0.212	0.129	1	2	LLPH
0.00190411177797369	0.719696823855014	0.192	0.112	1	2	RCN1
0.00628315189513822	0.719379782860246	0.163	0.097	1	2	HARS1
0.000129139387631384	0.719248503453368	0.374	0.249	1	2	CNN2
0.00172837139849271	0.717756040380582	0.177	0.1	1	2	LOC138488246
0.00241634276381075	0.717087971352256	0.202	0.122	1	2	SLC8A1
0.0099659121557122	0.71208729029389	0.153	0.092	1	2	STARD5
0.00396332366598658	0.710740864586373	0.197	0.122	1	2	C6PH18orf32
0.00163356445921558	0.706440727152748	0.232	0.143	1	2	IST1
0.000297098263769504	0.703581073013507	0.286	0.175	1	2	MRPL27
0.00328515175914688	0.700696744617944	0.197	0.121	1	2	MPPED2
0.0016096039173768	0.700540125713064	0.261	0.169	1	2	DHFR
0.00210660338919238	0.698012105082167	0.143	0.075	1	2	ASPM
0.0092360394625374	0.696456638580126	0.167	0.104	1	2	RNFT1
0.000733338413932398	0.695441728203491	0.232	0.137	1	2	ATP6V1D
0.000468351105183093	0.693616686795164	0.305	0.196	1	2	PSMD7
0.00104807124837567	0.690615759991065	0.236	0.143	1	2	DDX39A
0.000268145994387391	0.690615759991065	0.355	0.239	1	2	MCTS1
0.00688551228974221	0.687075402285817	0.177	0.109	1	2	LOC138566014
0.000105624662193072	0.685443645857708	0.33	0.206	1	2	NASP
0.00153294954477126	0.675975446425696	0.197	0.114	1	2	MDP1
0.00716643043943515	0.670267114599263	0.153	0.09	1	2	ABCB9
0.00925212428750668	0.670267114599263	0.143	0.084	1	2	TSKU
0.000126583732004373	0.668305598265976	0.345	0.218	1	2	MRPL42
0.00272084779593819	0.666026458706839	0.335	0.243	1	2	HSPA1A
0.00129188896916834	0.660486093806677	0.236	0.144	1	2	S1PR2
0.0043272017560779	0.660147074878813	0.212	0.134	1	2	C10H22orf39
0.00380128435617773	0.657888982320638	0.202	0.125	1	2	AP1S1
0.000764100509571217	0.657888982320638	0.32	0.214	1	2	MKI67
0.000217954074849117	0.656592177702186	0.281	0.168	1	2	SLBP
0.00572100661930972	0.655584357164597	0.236	0.158	1	2	NDUFA8
0.00516533582964909	0.655160222209054	0.241	0.161	1	2	ZYX
0.000149082355938676	0.655160222209054	0.34	0.216	1	2	UBE2K
0.00129752042083355	0.655160222209054	0.296	0.194	1	2	SMOX
0.000829496033930479	0.65310656344108	0.32	0.215	1	2	EIF4EBP2
0.000121062552794413	0.649701922802853	0.305	0.183	1	2	NDUFV2
0.00590416768725341	0.647547038099179	0.123	0.066	1	2	KIF22
0.00935590375034565	0.647547038099179	0.158	0.095	1	2	ZPR1
0.000992295336149889	0.642310389733032	0.227	0.134	1	2	DCK
0.00502319445146727	0.64167047176251	0.222	0.143	1	2	NDUFB10
0.00804973393667992	0.640071917537032	0.276	0.196	1	2	DUSP5
0.00333080671008636	0.639554247345649	0.241	0.157	1	2	UBE2M
0.00564921155385825	0.637960989269982	0.207	0.132	1	2	MPHOSPH6
0.00978708091369506	0.635574396433103	0.172	0.108	1	2	TM2D2
0.00204479184656833	0.63532073576592	0.227	0.14	1	2	RPS19BP1
0.00613301419043465	0.635163313643347	0.246	0.167	1	2	ARMC1
0.000261722680229701	0.632900262134778	0.365	0.242	1	2	APOLD1
0.00379434848885944	0.630868296952549	0.202	0.125	1	2	NIBAN1
0.000236538405032008	0.630337748066956	0.31	0.193	1	2	NSD2
0.00164871943757125	0.627783783277749	0.335	0.236	1	2	CYR61
0.00114626138983211	0.626067310688728	0.276	0.176	1	2	RTCB
0.00608812861966957	0.623123564159962	0.192	0.12	1	2	SMARCC1
0.00124094204313772	0.621763012328946	0.281	0.181	1	2	RER1
0.0062413771211349	0.618977885902408	0.192	0.12	1	2	LOC138481523
0.000547270245702751	0.618977885902408	0.379	0.267	1	2	PPP1R18
0.00139526302496346	0.618977885902408	0.3	0.201	1	2	TUBB2B
0.000141832786244831	0.618220366829668	0.379	0.247	1	2	EFNB2
0.00356317881098904	0.61717338905566	0.222	0.14	1	2	PLEKHO1
0.00403725137389392	0.613994478388153	0.227	0.144	1	2	LAMTOR4
0.000200852393785329	0.611923128368458	0.335	0.211	1	2	NDUFS7
9.87609153224951e-05	0.610918116108457	0.414	0.275	1	2	CSRP1
0.000103105612936539	0.609854748027229	0.394	0.263	1	2	PTTG1
0.000285081943284604	0.608408644192221	0.355	0.232	1	2	SCAF1
0.00400804373179002	0.604902700690685	0.261	0.175	1	2	CYC1
0.000399322076944616	0.597916270374579	0.35	0.232	1	2	PFDN2
0.00370280008864711	0.595350826973751	0.256	0.17	1	2	SLIRP
0.00669502262055732	0.591441936214029	0.251	0.172	1	2	DEGS1
0.000419609951893807	0.590603241272733	0.335	0.218	1	2	UBE2A
0.00986117742523583	0.589831540242892	0.222	0.149	1	2	BMI1
0.00971571563983514	0.589332424153884	0.222	0.149	1	2	PCNP
0.000559980086889314	0.589097323519307	0.384	0.272	1	2	PLPP1
0.00115732704153328	0.588983145604571	0.3	0.197	1	2	BCL2L10
0.000157670559372973	0.588106916258767	0.65	0.54	1	2	H1-1
0.000163847152388981	0.57638600917794	0.626	0.503	1	2	ARL6IP1
0.0022121133829893	0.574257819701987	0.305	0.208	1	2	LOC138515919
0.000225619911442929	0.573199696639098	0.429	0.296	1	2	NDUFA13
0.000322207837944711	0.573122196972625	0.409	0.286	1	2	NUTF2
0.00890385332959274	0.572957721678495	0.227	0.152	1	2	TNFAIP1
0.00134211414831937	0.571882768167107	0.325	0.223	1	2	NDUFB5
0.000641537664397795	0.567376689415196	0.355	0.239	1	2	GNAI1
0.00115557867018426	0.563921883051087	0.291	0.187	1	2	NHP2
0.000109408663308942	0.558818119504847	0.473	0.33	1	2	CFL1
0.00161437491900696	0.558542032040434	0.34	0.235	1	2	UQCRC1
0.00440133145393656	0.558542032040434	0.32	0.229	1	2	AKR1B1P5
0.00825348945594601	0.557844235150947	0.246	0.168	1	2	MED30
0.00195209101542212	0.551331722839876	0.355	0.252	1	2	CNIH4
0.000382168282773559	0.547363107947428	0.389	0.265	1	2	PFDN6
0.00205653463679319	0.547008099528077	0.429	0.331	1	2	UBE2I
0.000259441623015021	0.544553044775854	0.399	0.265	1	2	SDC3
0.0087956592774269	0.544553044775853	0.222	0.147	1	2	PET100
0.000178448463128827	0.539355677495397	0.448	0.312	1	2	HYPK
0.000258239024019595	0.534408062748444	0.443	0.308	1	2	CLEC14A
0.000101275919768054	0.531854348340572	0.389	0.25	1	2	PCDH17
0.000586265562937276	0.53036349872884	0.384	0.266	1	2	VBP1
0.00385476579035773	0.530117954512285	0.414	0.321	1	2	ANP32E
0.00933286808201788	0.525375168105235	0.202	0.13	1	2	LDHB
0.000104098322995413	0.525211495175127	0.468	0.326	1	2	PFDN5
0.000928424409694224	0.524164622593897	0.355	0.241	1	2	LOC138549408
0.000725223134054728	0.523915688930802	0.384	0.266	1	2	RIN2
0.00531506421776474	0.519864485160271	0.296	0.207	1	2	PSMD4
0.000941460579228229	0.519442212351494	0.409	0.295	1	2	IDH2
0.000558524105442681	0.516017415393877	0.305	0.191	1	2	MVB12B
0.00072934827514651	0.515576388018072	0.409	0.288	1	2	SSU72
0.000267410731360366	0.514769018216727	0.502	0.378	1	2	SRSF1
0.0099882127519395	0.512668983756067	0.232	0.156	1	2	NOP16
0.00354177157697305	0.511569368580204	0.335	0.238	1	2	NEURL1B
0.00866159880640227	0.507784007167119	0.266	0.185	1	2	DDX1
0.00117504614983368	0.504806865983097	0.345	0.233	1	2	UBE2B
0.000566016738232824	0.504401367772467	0.443	0.325	1	2	PSMA6
0.00273845811267688	0.503157128764004	0.246	0.156	1	2	DIAPH3
0.0066773589754822	0.503157128764004	0.236	0.156	1	2	SNAI2
0.00483304023836721	0.499989849685321	0.291	0.2	1	2	PPID
0.00100395588989215	0.499989849685321	0.473	0.37	1	2	ACP1
0.000115657454583277	0.496987361523798	0.399	0.258	1	2	AOPEP
0.00327398183765496	0.495829655129544	0.399	0.294	1	2	PGLS
0.00129030651451086	0.495769383367126	0.276	0.174	1	2	ENPP1
0.00148063094897	0.495543944654129	0.34	0.231	1	2	C9H3orf70
0.00453295509665535	0.492268812621268	0.305	0.212	1	2	PPA1
0.000201596497205087	0.491815918239621	0.522	0.386	1	2	HDGF
0.00367715381971377	0.491427836181897	0.271	0.178	1	2	C11H11orf58
0.00189022686491086	0.490005761112699	0.35	0.242	1	2	CDC37
0.00129736035108834	0.48939920443322	0.369	0.256	1	2	TKTL1
0.00934478258405806	0.488017208019246	0.286	0.202	1	2	UBE2V1
0.0087469584212368	0.485206631884858	0.325	0.237	1	2	RRM1
0.00109590112954744	0.485168845710215	0.438	0.325	1	2	TXNRD3
0.00370291707741062	0.48503950821935	0.335	0.234	1	2	SKA2
0.00189393865717191	0.4840483058163	0.256	0.161	1	2	SPRY3
0.00194259966496285	0.48163509916349	0.399	0.29	1	2	CS
0.000539070059704005	0.480942394948478	0.468	0.342	1	2	ARPC1B
0.00252377690114792	0.478634809629935	0.374	0.272	1	2	DKC1
0.00270565777235557	0.477622036656867	0.394	0.293	1	2	RBBP7
0.00982961449177412	0.476228801357	0.3	0.216	1	2	DPY30
0.000543025092526502	0.471343590138565	0.433	0.302	1	2	TNFAIP8L1
0.00625386841277038	0.469401529851898	0.241	0.158	1	2	TNC
0.00368307949436414	0.46394709975979	0.355	0.252	1	2	HP1BP3
9.72169203089917e-05	0.461834421306624	0.606	0.498	1	2	ATP5F1D
0.00747337618660601	0.461474614080269	0.325	0.233	1	2	MCUB
0.00602431552983524	0.459474689946608	0.315	0.223	1	2	ADAM15
0.00146475226949722	0.458513213709162	0.35	0.242	1	2	NDEL1
0.000966649880408571	0.455729430808024	0.448	0.326	1	2	SHISA5
0.000640234882496981	0.455703680122338	0.532	0.391	1	2	GLO1
0.00235244704121655	0.455595730326868	0.453	0.351	1	2	GIMAP7
0.00589091652571274	0.455595730326868	0.468	0.37	1	2	NOP58
0.00011890617518951	0.452818645656294	0.611	0.468	1	2	PA2G4
0.000589082023756501	0.450885654184739	0.507	0.392	1	2	LSM5
0.00896595057552891	0.450215879316215	0.32	0.228	1	2	DUT
0.0036035784858723	0.448327729862829	0.424	0.319	1	2	NOP10
0.000573583310328607	0.447502048280531	0.542	0.426	1	2	COTL1
0.00531937036877667	0.447339469720824	0.374	0.277	1	2	PAIP2B
0.0015796631536845	0.44536783765224	0.453	0.337	1	2	SKP1
0.000600855621017513	0.445119396969537	0.562	0.438	1	2	EDF1
0.00801193324732328	0.444122121403541	0.399	0.307	1	2	SUB1
0.00659822217134895	0.438283888706366	0.335	0.243	1	2	NPDC1
0.00272114694821631	0.435737955620559	0.369	0.262	1	2	MDH2
0.00379403056427661	0.434977699248373	0.355	0.252	1	2	CAV2
0.000384322072133915	0.434170518572697	0.512	0.375	1	2	MYO1C
0.00214039778352083	0.433644339596264	0.443	0.332	1	2	MAGOH
0.000332507700454668	0.43031632187851	0.463	0.332	1	2	PCDH1
0.00794308070484821	0.429904535079399	0.433	0.342	1	2	SELENOT
0.00722640290486965	0.428455979852983	0.404	0.31	1	2	PSMA1
0.00100677337668513	0.426740867654683	0.325	0.214	1	2	CHST3
9.83931019356078e-05	0.424886980171501	0.453	0.308	1	2	ADAMTS1
0.00214841007355493	0.422480482464406	0.35	0.24	1	2	TIMM9
0.000475069464883097	0.419616433221301	0.507	0.391	1	2	WLS
0.000591435242919247	0.417679496200585	0.394	0.274	1	2	PTGS1
0.00215085599244438	0.417344024732758	0.429	0.309	1	2	SSB
0.00824806788326594	0.416934109957763	0.478	0.377	1	2	ATP1B1
0.000330403186676736	0.416221491992723	0.567	0.432	1	2	SLC29A1
0.000468844223045665	0.41050784079833	0.537	0.408	1	2	TOMM20
8.34055520742354e-05	0.403249194846971	0.591	0.43	1	2	NDUFAB1
8.20079709401454e-05	0.402030393523415	0.562	0.4	1	2	COX7A2L
0.00366229977421745	0.401000755053954	0.493	0.388	1	2	ZNF182
0.00494415216002021	0.399619524655594	0.399	0.294	1	2	FKBP3
0.00206981913571385	0.3994940238038	0.473	0.355	1	2	JAM3
0.00910421302065167	0.398820468949269	0.335	0.245	1	2	PPP1CA
0.000575270885101501	0.39658546456596	0.468	0.328	1	2	PLEKHG5
0.00243351613577744	0.395483750086388	0.473	0.357	1	2	ACVRL1
0.00116658670546844	0.392490689688909	0.537	0.412	1	2	SNRPC
0.00810870388503007	0.391744201496461	0.414	0.316	1	2	PPP3R1
0.00255632373295789	0.391465392907152	0.438	0.32	1	2	ATP5PB
0.00896385771796973	0.390389198602055	0.463	0.371	1	2	SNRNP27
0.00511245234477277	0.389204327590107	0.512	0.426	1	2	FUS
0.00580200793841447	0.388972280456085	0.32	0.227	1	2	ST8SIA4
0.00259554144758067	0.387472007745929	0.493	0.374	1	2	CAPZB
0.000648704383554787	0.384512632265385	0.463	0.336	1	2	SSBP3
0.00211207631742944	0.384512632265385	0.399	0.283	1	2	ATP6V0E1
0.00629242361278654	0.384512632265385	0.429	0.326	1	2	TMEM109
0.00962291775688724	0.384512632265385	0.355	0.261	1	2	YPEL1
0.000734691499826093	0.384512632265385	0.611	0.514	1	2	PSMA4
0.000613031338976135	0.384512632265385	0.522	0.387	1	2	ATP5F1C
0.00401283828129485	0.384512632265385	0.468	0.36	1	2	NDUFB3
0.00485325160817889	0.384512632265385	0.448	0.346	1	2	AP2M1
0.00738434995353833	0.384512632265385	0.345	0.247	1	2	RTF1
0.000613245018142554	0.383029141090055	0.695	0.566	1	2	ENO1
0.000478961091279776	0.379099136079021	0.527	0.386	1	2	LOC138527383
8.4369552284745e-05	0.376475313199967	0.631	0.462	1	2	TMEM167A
0.00163783317795119	0.374244296811558	0.606	0.487	1	2	CAP1
0.00442022098639316	0.374145916707126	0.443	0.337	1	2	PDCD6
0.00624276904524293	0.373705877308802	0.488	0.39	1	2	WDR1
0.00132453181571907	0.372671019620869	0.547	0.422	1	2	ITGA6
0.000243040525514648	0.372249212599557	0.675	0.537	1	2	ARPC2
0.00145626022682772	0.369493115040445	0.64	0.524	1	2	MIF
0.00931527289825048	0.36935282509438	0.31	0.221	1	2	NAMPT
0.00741572291005321	0.369245875612075	0.502	0.408	1	2	SRP9
0.00378590588867245	0.366332616200364	0.507	0.401	1	2	UBE2D1
0.00630650643693698	0.365793434918796	0.478	0.369	1	2	H3-3B
0.00244238976281599	0.360018070344637	0.542	0.427	1	2	GMFG
0.000391812694811925	0.358812121934035	0.571	0.424	1	2	PGAM1
0.00318550879516093	0.357376502327871	0.33	0.222	1	2	ARHGAP20
0.000171429313024609	0.357031895843278	0.655	0.479	1	2	JAG2
0.000235510285987023	0.355248037760191	0.655	0.509	1	2	ATP5F1A
0.000200499475390696	0.353633319381414	0.798	0.713	1	2	LMNA
0.0002618742892309	0.348419629686802	0.798	0.679	1	2	FSCN1
0.000480803661391175	0.345223501151328	0.596	0.458	1	2	ERH
0.000809122871092609	0.344306309870365	0.69	0.579	1	2	PPIB
0.000205509937239062	0.343001021440053	0.788	0.64	1	2	CAVIN2
0.000484310605063193	0.342797613102813	0.823	0.713	1	2	COX6A1
0.000266210882151448	0.337862538966564	0.655	0.534	1	2	UBE2L3
0.00016441261384374	0.33289194003097	0.813	0.683	1	2	HNRNPA1
0.00405173111906095	0.331073373303925	0.433	0.324	1	2	PSMB3
0.000662317570277695	0.329371078072924	0.665	0.534	1	2	SEMA3F
0.000366185050234795	0.328889126042049	0.704	0.556	1	2	PODXL
0.000122655826845188	0.328478597351058	0.704	0.553	1	2	KDR
0.00691273799638509	0.328436707859297	0.374	0.272	1	2	ARPP19
0.00319696813781429	0.327929103899018	0.532	0.421	1	2	ARPC5
0.00698943491275185	0.327179457199434	0.542	0.435	1	2	RAB1A
8.47694760414753e-05	0.325827289669091	0.783	0.625	1	2	ATP5IF1
0.004819943984503	0.32510834506779	0.448	0.337	1	2	VASP
0.00289724918687497	0.322957961748749	0.562	0.435	1	2	TFPI2
0.000324205570801354	0.322937353144432	0.872	0.742	1	2	PRMT1
0.00308520788207817	0.322840521475096	0.606	0.499	1	2	LAPTM5
0.000192939649203757	0.322603534762348	0.823	0.679	1	2	ATP5MK
0.00496720047137771	0.321711845249315	0.463	0.355	1	2	ETF1
0.00465305973395248	0.319105636253142	0.665	0.575	1	2	RAP1A
0.000292422871337055	0.314679685036837	0.66	0.509	1	2	GRB10
0.00164026619473437	0.311449170075662	0.783	0.666	1	2	HNRNPU
0.000528124658893829	0.310431184531916	0.704	0.555	1	2	SNRPD3
0.00245103133439741	0.308884927452016	0.562	0.435	1	2	ABCF2
0.00498486773125481	0.302898866711733	0.626	0.51	1	2	PSMA2
0.00381068150748641	0.302847635553159	0.596	0.474	1	2	ATP5MG
0.00368587076770467	0.302803955686345	0.522	0.408	1	2	ATP5PO
0.000109145796864613	0.302563466795202	0.936	0.827	1	2	MYL12B
0.00894773477545019	0.302050472073412	0.522	0.418	1	2	NDUFS5
0.000319592925254791	0.299945800768141	0.803	0.688	1	2	COX6C
0.00043591760319818	0.299623734678872	0.68	0.526	1	2	FKBP1A
0.000137020934182481	0.29582747878325	0.828	0.693	1	2	TRA2B
0.00414733131438154	0.294223746936283	0.685	0.588	1	2	CALR
0.00766902054484595	0.29047713709156	0.591	0.484	1	2	DUSP1
0.00303923417071346	0.288351685495128	0.685	0.564	1	2	ZNF706
0.00464542028408486	0.287302876689779	0.7	0.597	1	2	H2AC1
0.00737252574768553	0.286567581853426	0.695	0.582	1	2	EIF1
0.00422622684706973	0.285448504736283	0.65	0.544	1	2	ATP5F1B
0.000725575220343697	0.284531751168618	0.808	0.666	1	2	ATP5MF
0.00919819661441209	0.283319640851697	0.645	0.542	1	2	RBM4B
0.00273501616520093	0.278933875911687	0.522	0.391	1	2	DYNLT1
0.00552435286950287	0.277940968067341	0.685	0.59	1	2	VDAC2
0.000695763413483889	0.276871909077415	0.69	0.553	1	2	ELOC
0.00262240798256635	0.276567299750384	0.764	0.682	1	2	NPM1
0.00563706325295166	0.275845946962342	0.557	0.43	1	2	FLNB
0.000929534003482129	0.275114446195804	0.773	0.643	1	2	ILF3
0.00187397110769301	0.273911036386494	0.823	0.71	1	2	AKAP8L
0.0094520603863928	0.267155681627227	0.493	0.382	1	2	SUMO2
0.00523186504578092	0.261130216760103	0.601	0.487	1	2	BTF3
9.69036830111124e-05	0.25809615667047	0.882	0.762	1	2	COX7A2
0.00188168537066856	0.254506641092866	0.537	0.419	1	2	LOC138582805
0.000998031199273391	0.253268098987133	0.823	0.681	1	2	SSR3
0.000191138291326681	0.253160695671178	0.966	0.904	1	2	ANXA2
0.000525490966830215	0.251854888539762	0.872	0.713	1	2	LOC138504591
0.00471346808606501	0.245284428045989	0.64	0.516	1	2	NDUFB1
0.00506048722342799	0.244644864679253	0.665	0.535	1	2	HNRNPDL
0.00489606984624741	0.239696079413605	0.788	0.683	1	2	H3-3A
0.000130991138089598	0.236798909913232	0.916	0.77	1	2	RACK1
0.000109247966542089	0.233877171950905	0.946	0.884	1	2	RPL3
0.00363879427772761	0.231527493244785	0.734	0.623	1	2	COX4I1
0.00282043345173588	0.230131419277029	0.803	0.755	1	2	HNRNPL
0.00601019108285851	0.229295492636574	0.892	0.805	1	2	NCL
0.000153985227306162	0.22566278825868	0.704	0.502	1	2	ESAM
0.000845005531663949	0.220548856180266	0.936	0.856	1	2	CAV1
0.00212453879247981	0.220449869855733	0.749	0.61	1	2	TPM2
0.000715323578544856	0.219039022941067	0.936	0.806	1	2	RPL18A
0.00828390563817777	0.215678515594058	0.557	0.43	1	2	MANF
0.00116861366226514	0.211940483216373	0.66	0.52	1	2	IGFBP1
0.0067569399666874	0.208954296680385	0.783	0.636	1	2	UQCRH
0.00104460278053004	0.203797041694151	0.778	0.637	1	2	LDHA
0.000628099071291329	0.201081937996627	0.97	0.903	1	2	HSPA8
0.00319376596968053	0.19660188534971	0.867	0.729	1	2	YWHAE
0.000660786081770943	0.195478807875368	0.946	0.848	1	2	RPS3
0.00162156348818365	0.191959191826808	0.941	0.806	1	2	LOC138516040
0.000113460695296965	0.186014348374066	0.985	0.886	1	2	RPS25
0.000277077231285002	0.184614170311669	0.635	0.456	1	2	NOS3
0.00443417402975087	0.182093684325316	0.956	0.873	1	2	EIF5A2
0.00107635925997129	0.175244659330043	0.961	0.861	1	2	RPL2
0.000755929137992445	0.172882179912081	0.985	0.953	1	2	EEF1A1
0.00181844404565188	0.166111071124972	0.921	0.83	1	2	RPL9
0.00130444871303849	0.162683433673116	0.921	0.813	1	2	RPL23A
0.00536490499405423	0.1614639930232	0.547	0.41	1	2	SCHIP1
0.000851953061487009	0.158751612857309	0.97	0.898	1	2	RPL18
0.000501459220001908	0.158519728390834	1	0.954	1	2	RPL36
0.000153649613542952	0.14575886163461	1	0.969	1	2	RPL21
0.000480060471945722	0.136456208931093	0.985	0.94	1	2	RPL17
0.00672399015513401	0.129322345276979	0.443	0.332	1	2	PDGFD
0.00185718859950379	0.127997916747145	0.975	0.858	1	2	EEF1B2
0.00144796827134617	0.126469420101114	1	0.95	1	2	EEF1G
0.0038509963100822	0.116523344488827	0.985	0.946	1	2	RPL7
0.00119208052073275	0.114867185878349	0.99	0.954	1	2	S100A10
0.00674028564226768	0.103089822260909	1	0.968	1	2	RPL26L1
0.00534183059857895	0.101578668993887	0.985	0.938	1	2	RPS6
0.00811656717770559	-0.442155764849053	0.438	0.513	1	2	CAPRIN1
0.00827576882017002	-0.463153039058885	0.438	0.519	1	2	GDPD5
0.00582786345007585	-0.476640284347068	0.369	0.459	1	2	MYOF
0.00666532806156206	-0.485264790326034	0.33	0.427	1	2	EIF5B
0.00664125217867954	-0.488881051355046	0.241	0.337	1	2	GNAQ
0.00438900761000129	-0.497706323700362	0.665	0.713	1	2	LOC138504630
0.00175183454074728	-0.516407594026612	0.389	0.495	1	2	TNS1
0.00406698396127253	-0.519321404909795	0.468	0.541	1	2	DYNC1H1
0.00290629108613306	-0.524300275474162	0.379	0.479	1	2	PICALM
0.00214632563852746	-0.545348485992772	0.365	0.472	1	2	NPR1
0.000217353528483796	-0.558813100977646	0.498	0.599	1	2	ASAP1
0.00290700947754378	-0.560973208655711	0.537	0.605	1	2	SPARC
0.00615889941162267	-0.583497253490178	0.227	0.316	1	2	MCL1
0.0038863135531681	-0.583578119779871	0.148	0.242	1	2	CD53
0.00961779487151831	-0.624476150961869	0.167	0.25	1	2	LBR
0.00199792167169138	-0.625854083292874	0.212	0.32	1	2	CCNI
0.00610632557349181	-0.629654699661209	0.158	0.246	1	2	USP34
0.00840668695508323	-0.631312334896297	0.148	0.231	1	2	LRCH3
0.00881787931450678	-0.640149421968884	0.123	0.203	1	2	TLK2
0.00750321020386922	-0.641852071734014	0.261	0.347	1	2	WNK1
0.00330275683635517	-0.643684259565267	0.227	0.328	1	2	ZZEF1
0.00262843907089017	-0.653139909214013	0.202	0.304	1	2	GALNT1
0.00138140002037494	-0.653355553325058	0.7	0.729	1	2	SHANK3
0.000134899862798156	-0.653455217933635	0.448	0.56	1	2	KRT19
0.00295890829731267	-0.660831566179685	0.419	0.5	1	2	COL1A2
0.00662580706539773	-0.690775495038852	0.148	0.233	1	2	ATF7
0.009683076571196	-0.693489879735888	0.167	0.247	1	2	NPEPPS
0.000760694790226725	-0.707295679260919	0.33	0.434	1	2	RSRP1
0.00780953518788103	-0.709463515943628	0.177	0.26	1	2	USP32
0.00291463984994274	-0.713519450695141	0.133	0.227	1	2	GOLGB1
0.00179572339372461	-0.71982402754935	0.153	0.255	1	2	NT5C1B
0.00791184704521462	-0.726333136422905	0.172	0.254	1	2	CAT
0.000263136530795871	-0.729098226497252	0.419	0.52	1	2	CSF1
0.00258850875002349	-0.733736334404604	0.266	0.36	1	2	SERPING1
0.00408127452476211	-0.741018249818473	0.148	0.238	1	2	SCPEP1
0.00528921506030043	-0.747937663758264	0.177	0.264	1	2	PRP4K
0.00125710404864297	-0.750839220629501	0.251	0.359	1	2	NCOA2
0.00910879504422901	-0.763130921800921	0.138	0.215	1	2	USP19
0.00550412242560255	-0.763586006723749	0.172	0.258	1	2	SCARB2
0.00967602941739543	-0.766975120920251	0.158	0.236	1	2	CCNG1
0.00690795918023649	-0.768134377745092	0.128	0.208	1	2	LOC138566285
0.00358559226997383	-0.782202812701037	0.192	0.288	1	2	CEBPD
0.000997964689747981	-0.789050946240275	0.187	0.297	1	2	NCOR2
0.00160050186517243	-0.792680369640966	0.197	0.3	1	2	ZSWIM8
0.00186002372983211	-0.801760363264411	0.167	0.268	1	2	PERP
0.00705051676114362	-0.805311926614632	0.103	0.18	1	2	CCDC120
0.00770615352643678	-0.805311926614632	0.103	0.179	1	2	ABL1
0.00393338992481981	-0.806473984704757	0.261	0.35	1	2	GALNT18
0.00729894959709234	-0.80813244567701	0.158	0.239	1	2	MFSD11
0.00357599457412678	-0.819359701100265	0.123	0.211	1	2	G6PD
0.0045024818900646	-0.823082787142982	0.084	0.162	1	2	LACTB
0.0029731355946388	-0.824940733363564	0.177	0.271	1	2	ABCB5
0.000373672013845084	-0.834800396139091	0.232	0.352	1	2	TSPAN18
0.00495813012385615	-0.837879789071063	0.143	0.227	1	2	FKBP15
0.00599262882626896	-0.847051434969313	0.502	0.573	1	2	S100A4
0.00681946932876548	-0.87030126676344	0.099	0.174	1	2	RELCH
0.00919232878040276	-0.876014917957834	0.108	0.181	1	2	TYROBP
0.00632696622806936	-0.896773478124631	0.167	0.248	1	2	LRRK2
0.00100597115371392	-0.898941314807341	0.158	0.262	1	2	DAB2IP
0.000312058558849288	-0.904248598686778	0.227	0.353	1	2	GGT5
0.000402269490871638	-0.904711297549272	0.241	0.357	1	2	FCHSD2
0.00403206018196186	-0.906164528637537	0.118	0.202	1	2	GPX3
0.00777441736041537	-0.918678900040391	0.143	0.22	1	2	PHLDA1
0.0057300727149464	-0.9212957972587	0.217	0.296	1	2	CADM1
8.88137471605288e-05	-0.927601172795021	0.227	0.361	1	2	ZNF521
0.00639963917650163	-0.930183893390901	0.094	0.168	1	2	TTC7B
0.00426969084180804	-0.937415462621977	0.089	0.167	1	2	MBD2
0.00861242329211379	-0.937415462621977	0.064	0.129	1	2	SUZ12
0.00899408226771289	-0.946404245849231	0.049	0.109	1	2	HIFy
0.00983225474531118	-0.951770755599047	0.089	0.158	1	2	FOXP1
0.00240568411354719	-0.958631948531673	0.123	0.213	1	2	BCAS3
0.00678803541460181	-0.964215521965692	0.069	0.138	1	2	KMT5B
0.00052333160901001	-0.969630087487147	0.256	0.361	1	2	ADD3
0.00984333681936347	-0.970330085094712	0.054	0.115	1	2	EXT2
9.53213927153576e-05	-0.971362794545315	0.138	0.262	1	2	SELENOP
0.00841902621094995	-0.979235638316604	0.074	0.142	1	2	NFATC4
0.00404174692287071	-0.98180958198043	0.069	0.143	1	2	ABCA5
0.00343234586236276	-0.986743174985545	0.108	0.192	1	2	CLEC11A
0.00968628839421216	-0.996309151675546	0.103	0.174	1	2	TP53I11
0.000662249632862086	-0.99969974087632	0.148	0.255	1	2	EPB41L2
0.000288627751742953	-1.00572147601289	0.133	0.248	1	2	VPS13C
0.00049680555053392	-1.00780479051337	0.094	0.196	1	2	GTF2I
0.00989061386133302	-1.01403674422489	0.044	0.102	1	2	FANCA
0.00942283784982269	-1.01758581130596	0.064	0.127	1	2	LOC138513380
0.00730038879661856	-1.02387955337145	0.133	0.21	1	2	EXOC6
0.00317823502684116	-1.03052486701346	0.064	0.14	1	2	DHX57
0.000221905078931627	-1.03695113617289	0.35	0.46	1	2	STAB1
0.000302405691478621	-1.05225838896074	0.133	0.249	1	2	SLC4A11
0.00251223056032618	-1.05511050529173	0.094	0.177	1	2	ATG4B
0.000308351841114076	-1.07127120935677	0.118	0.228	1	2	CLCA1
0.00572246478211197	-1.07491898637191	0.059	0.126	1	2	PTDSS2
0.00304308480547233	-1.07491898637191	0.039	0.107	1	2	ZNF410
0.00388244384957591	-1.08580730251465	0.049	0.118	1	2	DHX35
0.00341410650098514	-1.09026695070535	0.069	0.145	1	2	RihA
0.000624830570219139	-1.09857025443656	0.099	0.198	1	2	ARHGEF11
0.00786079168384436	-1.1037738490441	0.034	0.091	1	2	ATP11A
0.00745440802250935	-1.11429322470606	0.084	0.154	1	2	SLC7A8
0.00789593946153693	-1.12450101522247	0.059	0.123	1	2	GSAP
0.00472401714830795	-1.12746134951642	0.389	0.469	1	2	LOC138580807
0.000378301285826437	-1.13165087147047	0.118	0.231	1	2	LOC138562538
0.000356129043734647	-1.13904932379163	0.118	0.226	1	2	EPS15L1
0.00629911372434636	-1.13904932379163	0.054	0.119	1	2	ADA
0.00559511729156592	-1.17007621941225	0.054	0.12	1	2	SRPK3
0.00570040357762038	-1.18027198651814	0.054	0.12	1	2	MAPKAP1
0.00111561498985603	-1.197010784489	0.113	0.211	1	2	HMOX1
0.00262821595312393	-1.20044986845577	0.079	0.158	1	2	PRKCZ
0.00518465821496703	-1.20044986845577	0.049	0.114	1	2	AVL9
0.00999452029164959	-1.20044986845577	0.034	0.088	1	2	MCRS1
0.00450318359633408	-1.21882839777063	0.059	0.128	1	2	RAMP2
0.00839132663700124	-1.22034942589348	0.054	0.116	1	2	MRGPRH
0.00628804398019839	-1.23607377818649	0.044	0.106	1	2	MGAT4B
0.00691351415783154	-1.23997823264241	0.039	0.099	1	2	LOC138472542
0.00269392322289543	-1.25107594152574	0.015	0.071	1	2	AREG
0.00291842226431064	-1.25408783205784	0.049	0.12	1	2	ZNF592
0.0007026729157924	-1.25549123201373	0.069	0.159	1	2	ZNF598
0.000644541728246806	-1.26756406431431	0.059	0.148	1	2	CRAMP1
0.00165109732152095	-1.27499682182082	0.049	0.125	1	2	KCNE5
0.00810204986639603	-1.28136986383934	0.059	0.122	1	2	LOC138582574
0.000231209494375788	-1.28762104993742	0.404	0.497	1	2	CTSL
0.00202832702513748	-1.31592708587571	0.059	0.136	1	2	A4GNT
0.000515813888599052	-1.35245296190082	0.049	0.137	1	2	TTLL4
0.00130542504482019	-1.3562445410632	0.069	0.155	1	2	LOC138472547
0.000208307568700087	-1.35741921479417	0.217	0.338	1	2	LOC138472539
0.00940078282071815	-1.36272129735465	0.03	0.081	1	2	PHF1
0.00195602063095625	-1.36625876142585	0.044	0.117	1	2	SNCA
0.000214894282911467	-1.39078108055992	0.059	0.158	1	2	WDR7
0.00290500295917922	-1.4356663301498	0.03	0.092	1	2	PIEZO2
0.00234643399974975	-1.44145796795957	0.094	0.175	1	2	SRGN
0.000935263936254456	-1.44330639235193	0.044	0.124	1	2	DAZAP1
0.00397301925933799	-1.46348427428956	0.044	0.109	1	2	SEMA5B
0.00719622148039035	-1.47346836286219	0.025	0.076	1	2	RDH16
0.00197710998389903	-1.47678109690302	0.059	0.137	1	2	LOC138472540
0.00143178149095097	-1.49956808043505	0.079	0.163	1	2	GAS6
0.00367137622501111	-1.53435060500921	0.069	0.142	1	2	ENPP2
0.00211781574970667	-1.53435060500921	0.034	0.102	1	2	CD274
0.00286729645584024	-1.53435060500921	0.034	0.099	1	2	LOC138481675
0.00728516682565229	-1.56034581354215	0.02	0.069	1	2	MEGF9
0.000805255592276201	-1.63987152636157	0.084	0.173	1	2	FGL2
0.000109758827459212	-1.67175558738136	0.034	0.128	1	2	ITGB3
0.000107202079522779	-1.71064460077495	0.049	0.149	1	2	STEAP1
0.00581716170150358	-1.71982402754935	0.02	0.071	1	2	MYO7A
0.000183679690363016	-1.75649967726169	0.044	0.138	1	2	PDPN
0.000137955439345055	-1.77775879663349	0.094	0.201	1	2	NR6A1
0.00132890463787457	-1.79268036964097	0.049	0.125	1	2	MAFB
0.00077865748763501	-1.79870919179039	0.025	0.096	1	2	PGAP6
0.00512024681003858	-1.80531192661463	0.015	0.064	1	2	KAT2B
0.00597177534163521	-1.81188458053812	0.005	0.046	1	2	CFD
0.000258044180901493	-1.81342674534652	0.054	0.148	1	2	PROX1
0.000977205978214281	-1.84644180257449	0.039	0.115	1	2	LRG1
0.00739113213888187	-1.8634148811782	0.01	0.053	1	2	ATF1
0.00699546312068262	-1.88227390842952	0.015	0.061	1	2	CYGB
0.00914921954951211	-1.9131679163753	0.01	0.051	1	2	FCHSD1
0.00228628063581584	-1.91926811591172	0.01	0.063	1	2	CXADR
0.000153321890224309	-1.94640424584923	0.025	0.11	1	2	PLCE1
0.00377263078539755	-1.95177075559905	0.02	0.075	1	2	LOC138472545
0.00184045798246113	-1.99795700455703	0.03	0.095	1	2	PGF
0.0063974821089695	-2.25934355750934	0.005	0.045	1	2	RNF113A
0.00799425531080719	-2.28791270970611	0.005	0.043	1	2	ARHGEF40
0.00638151891929754	-2.37037486989808	0.005	0.045	1	2	ANO7
0.00137975672808852	-2.42284228979222	0.01	0.067	1	2	DPP4
0.000709508955820421	-2.43991580315116	0.01	0.073	1	2	TBC1D24
0.00363181167535542	-2.63785518076307	0.005	0.05	1	2	CHAD
0.00552335797002162	-2.71351945069514	0.015	0.063	1	2	LOC138580932
0.00868828792483681	-3.00780479051337	0	0.033	1	2	OSR1
0.00552740625860841	-3.07491898637191	0	0.037	1	2	PDGFRL
0.00618856608180537	-3.13904932379163	0	0.036	1	2	PARM1
0.000912043506928711	-3.80531192661463	0	0.052	1	2	TC2N
5.41361884651148e-83	-1.54176143371037	0.978	1	6.65496164801656e-79	3	LOC138582460
5.23078018888652e-77	-1.68981781060233	0.897	1	6.4301980861982e-73	3	RPL32
6.13504993162245e-77	-1.74676618436876	0.859	0.998	7.54181688094348e-73	3	RPS23
2.31644788246134e-76	-1.69618113401241	0.913	1	2.84760938190973e-72	3	RPS15A
3.88408588192998e-74	-1.68632337380781	0.88	0.998	4.77470677465652e-70	3	RPL23
2.78965414194269e-73	-1.46387837139224	0.984	1	3.42932183669015e-69	3	FKBP2
8.08636440755051e-71	-1.67227038880224	0.842	0.996	9.94056776620185e-67	3	RPS18
2.80168300047621e-70	-1.70930438919418	0.848	0.997	3.4441089124854e-66	3	RPL35
8.59182959960507e-70	-1.71467127553618	0.821	0.992	1.05619361267945e-65	3	RPL24
2.63883612563751e-69	-1.84677679239542	0.766	0.993	3.24392124924619e-65	3	RPS12
3.53710395347892e-68	-1.5339703091163	0.842	0.998	4.34816189001163e-64	3	FAU
2.38842177287066e-67	-1.62063327741813	0.859	0.998	2.9360868853899e-63	3	RPS27
6.17448869713905e-67	-1.48679991414185	0.886	0.998	7.59029895539303e-63	3	RPLP2
3.70738302241624e-65	-1.61480740572081	0.815	0.986	4.55748594945628e-61	3	RPL36
4.05216709710496e-65	-1.68475662586589	0.761	0.981	4.98132901247113e-61	3	RPS20
4.52543129886607e-65	-1.72800622610794	0.745	0.989	5.56311269569606e-61	3	RPL27
7.68434943710187e-65	-1.74183639486417	0.685	0.99	9.44637076302933e-61	3	UBA52
5.31667839675051e-64	-1.28936904564126	1	1	6.5357927531254e-60	3	CIRBP
3.82480868086958e-63	-1.50811651546923	0.848	0.995	4.70183731139297e-59	3	RPS28
4.8769194716271e-63	-1.42528123338532	0.864	0.996	5.9951971064712e-59	3	TPT1
6.32631621376679e-60	-1.46494997520115	0.842	0.995	7.77694052158352e-56	3	RPL26L1
8.1155658700341e-60	-1.56228253181854	0.837	0.991	9.97646512403292e-56	3	RPL13
2.1579852664725e-59	-1.56219603122316	0.804	0.989	2.65281128807465e-55	3	RPS26
2.03508212374582e-58	-1.47963597545341	0.848	0.998	2.50172645472074e-54	3	RPLP1
3.54665895230919e-58	-1.41617355861425	0.902	1	4.35990785007368e-54	3	RPS2
2.46918411980782e-57	-1.79570042187694	0.717	0.973	3.03536803847976e-53	3	RPL12
5.18576154012607e-57	-1.55793318286362	0.696	0.981	6.37485666127698e-53	3	RPL39
5.26539345678495e-57	-1.50781993033872	0.821	0.998	6.47274817642574e-53	3	RPS9
9.1205096010738e-57	-1.40674941431285	0.973	0.999	1.12118424526e-52	3	TMSB4X
9.76220655994832e-57	-1.30883249888567	0.951	0.999	1.20006805241445e-52	3	S100A11
1.62616188482016e-56	-1.37154438167178	0.842	0.995	1.99904080500942e-52	3	RPS14
4.20787650228245e-56	-1.01564168585005	0.984	1	5.17274258425582e-52	3	CIRP
8.81344416186993e-56	-1.70814217731678	0.679	0.967	1.08343669081867e-51	3	RPL15
2.33333943327355e-55	-1.44926099776628	0.783	0.997	2.86837416532317e-51	3	RPL14
2.34419973078792e-55	-1.55839104265879	0.766	0.977	2.88172472905759e-51	3	RPL37
6.69968239922172e-55	-1.57984681301772	0.755	0.977	8.23591957336327e-51	3	RPL31
1.40037964971584e-54	-1.576123726975	0.755	0.986	1.72148670339568e-50	3	RPS7
1.66846957510649e-54	-1.57725648287646	0.755	0.986	2.05104964867841e-50	3	RPL7
3.61007771442137e-54	-1.49041544183167	0.788	0.988	4.43786853433819e-50	3	RPS19
5.90402026976947e-54	-1.58558633031893	0.739	0.984	7.25781211762762e-50	3	RPS10
4.78682847298118e-53	-1.61859059737124	0.674	0.979	5.88444824183576e-49	3	RPL11
4.54169974406653e-52	-1.40937927723851	0.848	0.995	5.58311149538098e-48	3	RPL21
5.58350225923577e-52	-1.87417724133218	0.527	0.937	6.86379932727853e-48	3	EEF1B2
6.12884954634649e-52	-1.51852563795725	0.75	0.976	7.53419474732374e-48	3	RPL28
7.93128266591364e-52	-1.54559347745948	0.717	0.977	9.74992578120763e-48	3	RPL34
1.24918646758028e-51	-1.27543907048387	0.87	0.997	1.53562492459644e-47	3	CFL2
1.26150564490845e-51	-1.49832965217289	0.75	0.981	1.55076888928596e-47	3	RPL13A
1.58116259205023e-51	-1.46090684692658	0.87	0.985	1.94372317440735e-47	3	RPL36A
4.74413567937798e-51	-1.46289149208308	0.723	0.974	5.83196599065936e-47	3	RPLP0
1.70393532954891e-50	-1.66852958359047	0.571	0.951	2.09464770061447e-46	3	RPL30
1.7254353050464e-50	-1.54096677224748	0.766	0.978	2.12107762049354e-46	3	RPL17
3.09895467643682e-50	-1.58019494640947	0.685	0.965	3.80954498374378e-46	3	RPS27A
4.70032569492503e-50	-1.54967067824815	0.696	0.968	5.77811037677134e-46	3	RPS11
1.65940817326324e-49	-1.51943265050179	0.712	0.97	2.0399104673925e-45	3	RPS13
2.33066863927574e-49	-1.34604352997689	0.87	0.989	2.86509095826167e-45	3	RPS8
5.71352567737875e-49	-1.54344466269186	0.712	0.964	7.0236371152017e-45	3	RPS17
1.51701639659485e-48	-1.4650774474986	0.712	0.966	1.86486825633405e-44	3	RPS21
2.65244338244176e-48	-1.47931545481429	0.739	0.968	3.26064865003565e-44	3	RPS29
3.59989442821712e-48	-1.64779955910189	0.582	0.954	4.42535022060731e-44	3	RPS16
3.94982254753912e-48	-1.44685131264796	0.707	0.968	4.85551685768983e-44	3	RPL35A
1.47089416248628e-47	-1.31954647350217	0.81	0.983	1.80817019394438e-43	3	EEF1G
2.19399538419648e-47	-1.42058400744566	0.679	0.979	2.69707852579273e-43	3	RPS15
2.27802288044506e-47	-2.00688965669289	0.56	0.914	2.80037352693111e-43	3	CRIP1
5.30717071059357e-47	-1.61568275506506	0.543	0.95	6.52410495453267e-43	3	RPL22
1.03585597834315e-46	-1.31049674641692	0.81	0.982	1.27337775417723e-42	3	RPL10
3.27197521025063e-46	1.165371564877	1	0.999	4.0222391259611e-42	3	unassigned-gene-4
6.2078704095611e-46	-1.56948380022032	0.62	0.938	7.63133509447346e-42	3	RPS3A
1.35061915009798e-45	-1.51351934148934	0.663	0.952	1.66031612121544e-41	3	RPL18
7.84057355369404e-45	-1.25208080077782	0.826	0.984	9.63841706955608e-41	3	RPL19
5.18770047324884e-44	-1.24809713687292	0.962	0.999	6.3772401917648e-40	3	Fth1
2.86664562648451e-43	-1.86382457485909	0.424	0.873	3.52396746863741e-39	3	RPL10A
3.42979539915446e-43	-1.68281610363941	0.527	0.912	4.21624748418058e-39	3	RPS5
5.65589288448006e-43	-1.46802236941512	0.641	0.946	6.95278912289134e-39	3	RPS25
2.5457300092784e-42	-1.53845472709573	0.522	0.934	3.12946590040594e-38	3	ATP5MC2
6.23103999269136e-42	-1.55056328701317	0.538	0.93	7.65981746301549e-38	3	DBI
1.1745871193737e-41	-1.38841792721417	0.712	0.968	1.4439199458461e-37	3	MYL6P1
1.50101130432981e-41	-1.60506875230381	0.603	0.932	1.84519319641263e-37	3	RPL37A
5.97353457047465e-41	-1.27400681639363	0.777	0.978	7.34326604748449e-37	3	LGALS4
1.95068563070568e-40	-1.3926845679099	0.734	0.962	2.3979778458265e-36	3	RPL38
1.37967604335956e-39	-1.63438363696515	0.435	0.868	1.69603576010191e-35	3	SNRPG
1.77612413154725e-38	-1.38096861071046	0.62	0.931	2.18338939491104e-34	3	EIF5A2
1.24869198859221e-37	-1.26041848925868	0.853	0.978	1.5350170615764e-33	3	S100A10
1.36700826446485e-37	-1.26636603437597	0.75	0.957	1.68046325950664e-33	3	RPS24
9.68815478316317e-37	-1.55898729419911	0.489	0.88	1.19096486749425e-32	3	RPL22L1
1.57024148199386e-36	-1.04592659858688	0.804	0.984	1.93029785381505e-32	3	EEF1A1
2.00334487722134e-36	-1.23841914473675	0.625	0.946	2.4627118575682e-32	3	SLC25A5
2.20535007834016e-36	-1.31057928281906	0.674	0.94	2.71103685130356e-32	3	RPS4X
6.52147585378639e-36	-1.42139382786597	0.603	0.908	8.0168502670596e-32	3	RPS3
8.26367675940389e-36	-1.31259479990696	0.603	0.924	1.01585378403352e-31	3	RPL2
8.99446090392736e-36	-1.05972243237101	0.799	0.975	1.10568907891979e-31	3	HNRNPA3
2.5993096187083e-34	-0.838417143068654	0.989	1	3.19533131427812e-30	3	ACTB
6.63114742946176e-34	-1.10437865290926	0.777	0.974	8.15166953503735e-30	3	RPS6
8.3520395405001e-34	1.44819068166549	0.913	0.692	1.02671622071368e-29	3	SHANK3
1.55163076923587e-33	-1.24182535134191	0.674	0.931	1.90741970462165e-29	3	RPL3
1.96387867946768e-33	-1.37008029456772	0.533	0.898	2.41419606066962e-29	3	RPL9
4.69805286697799e-33	-1.46442939736516	0.554	0.878	5.77531638937604e-29	3	RPL23A
8.4473316745783e-33	-1.19471552139437	0.788	0.96	1.03843048275591e-28	3	DYNLL1
2.28692699659015e-32	-1.29029861300583	0.641	0.922	2.81131935690827e-28	3	RPL27A
1.87283147436209e-31	-1.73348502543124	0.342	0.768	2.30227173143332e-27	3	COX6C
1.93240530920954e-31	-1.45161449753925	0.5	0.843	2.37550584661129e-27	3	RACK1
8.9352599528742e-31	-1.01187460741454	0.728	0.972	1.09841150600682e-26	3	HSP90AB1
9.54378383029995e-31	-0.872008777691218	0.918	0.994	1.17321734625877e-26	3	PTMA
5.33456991265038e-30	-1.81429146301705	0.288	0.73	6.55778679362112e-26	3	ATP5PF
7.67272121035046e-30	-1.06166331554751	0.929	0.984	9.43207618388382e-26	3	VIM
1.24576326575478e-29	-1.44148610993208	0.451	0.827	1.53141678259235e-25	3	RPL6
4.1101909315798e-29	-1.24475729575363	0.522	0.88	5.05265771219105e-25	3	LOC138516040
1.5287887097109e-28	-1.29453754831554	0.56	0.865	1.87933996084761e-24	3	COX6B1
2.57044424681084e-28	-1.57070209323295	0.315	0.753	3.15984711260456e-24	3	ATP5MF
3.40795220443903e-28	1.06975512221586	0.995	0.859	4.18939564491691e-24	3	unassigned-gene-2
6.32282142828811e-28	-1.17716257275399	0.734	0.956	7.77264438179457e-24	3	TXN
8.14802663770651e-28	-1.67993555715451	0.293	0.72	1.00163691457326e-23	3	RSL24D1
3.09760624958108e-27	-1.52648915203432	0.375	0.758	3.80788736261002e-23	3	ATP5MK
3.87729988759112e-27	-0.969173124123767	0.81	0.962	4.76636475181576e-23	3	NME2
7.19879581562509e-27	-1.42108692323442	0.408	0.795	8.84947969614792e-23	3	LOC138504591
1.49237602206868e-26	-1.20062255387604	0.587	0.867	1.83457784392903e-22	3	RPL18A
1.99530211108744e-26	-1.70393481681697	0.348	0.72	2.45282488515978e-22	3	ATP5MC3
2.02880067007886e-26	-1.24768822902167	0.522	0.842	2.49400466372794e-22	3	OAZ1
5.82270146751493e-26	-1.1850484007352	0.696	0.926	7.1578469140161e-22	3	PFN1
1.63998146858486e-25	-1.3775932880431	0.451	0.799	2.01602921933136e-21	3	SNRPF
2.39342149954449e-25	1.34455638528637	0.87	0.663	2.94223304939004e-21	3	PTPRM
4.09475397782216e-25	-1.12313361794731	0.793	0.935	5.03368106493678e-21	3	HMGN1
4.53323327120055e-25	-1.57600628670135	0.337	0.725	5.57270366028684e-21	3	COX7B
4.67238364284151e-25	-1.13689913743476	0.647	0.906	5.74376121214507e-21	3	H2AZ1
6.84449099499506e-25	-1.42888150020571	0.359	0.758	8.41393278014742e-21	3	H3-3A
1.25355426669983e-24	-1.53652077123658	0.321	0.717	1.5409942600541e-20	3	UQCRH
2.14294573566329e-24	-1.44510715400314	0.375	0.736	2.63432319285089e-20	3	SNRPD1
2.8145326782466e-24	1.58668261159168	0.679	0.338	3.45990502136855e-20	3	RAPGEF6
3.13095476542614e-24	-1.7943038147583	0.234	0.633	3.84888269313836e-20	3	ELOC
4.29882311886842e-24	-0.710155380049818	0.913	0.993	5.28454326002495e-20	3	ZA20D3
6.45941032567605e-24	-1.10495206371049	0.56	0.859	7.94055311335356e-20	3	EIF4A1
9.47230666529774e-24	-1.51924383549024	0.353	0.717	1.16443065836505e-19	3	HSBP1
9.72648944622196e-24	-2.08090494606874	0.196	0.589	1.19567734762407e-19	3	RPL8
1.19252435533077e-23	-1.35121515833057	0.565	0.842	1.46597019000812e-19	3	TUBA1C
2.30453881841107e-23	-1.08116251269132	0.522	0.849	2.83296956947272e-19	3	SRI
2.43559031541714e-23	-0.654988069673878	0.935	0.994	2.99407117474229e-19	3	ANXA1
2.4599391938574e-23	1.15585959568957	0.918	0.843	3.02400325100891e-19	3	HSPG2
3.01628911637857e-23	-1.08654285578278	0.652	0.908	3.70792421076418e-19	3	KRT8
3.93048364206147e-23	-1.02403781679637	0.641	0.906	4.83174354118617e-19	3	CALM1
4.6285620450434e-23	-1.46964815640393	0.315	0.708	5.68989132197185e-19	3	ATP5IF1
5.20867752632922e-23	-0.910856319313295	0.734	0.944	6.40302728311651e-19	3	ANXA2
5.64231482412056e-23	-1.41941346373773	0.408	0.739	6.93609761329141e-19	3	LOC138510586
6.14543604715217e-23	-1.27559392486973	0.418	0.784	7.55458453276416e-19	3	COX6A1
8.86741159867054e-23	0.947055135272143	0.908	0.814	1.09007090782457e-18	3	ND1
1.74401961231666e-22	-0.925998919464399	0.652	0.916	2.14392330942087e-18	3	GAPDH
1.83342496835848e-22	-1.18362932308461	0.522	0.826	2.25382931360308e-18	3	COX7A2
2.36304244106333e-22	-1.12806878406849	0.522	0.821	2.90488807279916e-18	3	NAP1L1
4.15869939583647e-22	-1.28575335305407	0.402	0.755	5.11228916730177e-18	3	NDUFA4
6.65564347689142e-22	1.26663392539052	0.761	0.489	8.18178252614262e-18	3	DYNC1H1
8.0514775345784e-22	-1.30445813092327	0.408	0.753	9.89768133325722e-18	3	TUBA1A
9.33632697164864e-22	-1.2554377286266	0.386	0.758	1.14771467462477e-17	3	SSR3
1.16847442672019e-21	-1.65349689272993	0.223	0.622	1.43640561276713e-17	3	DAD1
1.18227489471136e-21	-1.29286257849309	0.386	0.741	1.45337052806867e-17	3	BTF3L4
1.44712242579616e-21	-0.906332372669139	0.707	0.935	1.77894759803122e-17	3	TAGLN2
1.50235533951636e-21	1.79767360783296	0.603	0.291	1.84684541886746e-17	3	TMCC1
1.5173497445262e-21	-1.56091530273337	0.299	0.652	1.86527804094605e-17	3	LOC138567164
1.82786800460171e-21	1.66843120215743	0.478	0.175	2.24699813805688e-17	3	ATF7
3.45786625047072e-21	1.34246382780205	0.745	0.475	4.25075498170366e-17	3	NRK
3.55490796585686e-21	-1.64675915893164	0.277	0.648	4.37004836242783e-17	3	SH3BGRL3
3.88857532248342e-21	1.43589339709152	0.63	0.309	4.78022564392886e-17	3	ITPR2
4.47797835201439e-21	-1.58392218491134	0.288	0.643	5.50477878813129e-17	3	RPL5
5.208166966903e-21	1.33685796644368	0.81	0.606	6.40239965241386e-17	3	TJP1
8.25174689394278e-21	-0.737621072570943	0.821	0.983	1.01438724567239e-16	3	YWHAQ
8.52609857389399e-21	-1.61654980380345	0.228	0.605	1.04811329768879e-16	3	UBL5
1.16117877475906e-20	-0.775379369004916	0.783	0.963	1.42743706781132e-16	3	HNRNPAB
1.36232502269519e-20	-1.28343456730945	0.418	0.742	1.6747061503992e-16	3	NPM1
2.18745189233536e-20	1.51053327266588	0.609	0.301	2.68903461124786e-16	3	HOOK3
2.39983848877764e-20	-1.30514224622551	0.408	0.733	2.95012145425436e-16	3	RPL4
2.89911370127285e-20	-0.9950709672203	0.815	0.961	3.56388047297471e-16	3	HMGB2
3.04760221314058e-20	-0.998785370736864	0.467	0.81	3.74641740061372e-16	3	ANP32B
8.88327173399023e-20	-1.08000878626074	0.408	0.774	1.09202059425942e-15	3	SLC25A3
1.09298198660229e-19	-0.645966970914633	0.897	0.987	1.34360275613019e-15	3	HNRNPK
1.29830146878569e-19	0.581888991550052	1	0.965	1.59600199557825e-15	3	CYTB
1.50982619896903e-19	-1.0615653473002	0.446	0.783	1.85602934639263e-15	3	CALM2
1.83848017506743e-19	1.66997295495272	0.511	0.215	2.2600436792104e-15	3	STRN3
1.89749811921005e-19	1.46526281117682	0.625	0.339	2.33259443794492e-15	3	PTK2
2.01199444471455e-19	1.37399940123516	0.582	0.266	2.4733447708876e-15	3	ZZEF1
2.05558615633049e-19	1.61162343955527	0.554	0.263	2.52693206197707e-15	3	SLC22A23
2.30161425558614e-19	-0.802767850616563	0.734	0.944	2.82937440439205e-15	3	HSPA8
2.70024331454574e-19	-0.892621245306043	0.707	0.887	3.31940910657108e-15	3	NACA
3.08677031951563e-19	-0.911110248782673	0.625	0.882	3.79456675378056e-15	3	MYL12B
3.57633700006911e-19	1.57975140162773	0.533	0.239	4.39639107418496e-15	3	GNAL
3.72856915322301e-19	-1.22540135487179	0.364	0.718	4.58353006005705e-15	3	SRSF9
3.80418823527775e-19	-1.45601698811121	0.272	0.631	4.67648859762694e-15	3	SNRPD3
5.07013686092242e-19	-1.17533918975527	0.424	0.751	6.23271924313193e-15	3	PFN2
5.19022780918705e-19	-1.12163923055914	0.462	0.761	6.38034704583364e-15	3	SNRPE
7.45319486702655e-19	-0.873501488502701	0.674	0.885	9.16221245003574e-15	3	SET
1.03620046509337e-18	-1.17906999871627	0.462	0.752	1.27380123173928e-14	3	ABRACL
1.28298874208209e-18	1.46028671796544	0.598	0.304	1.57717806064152e-14	3	VAV3
1.63855617648583e-18	1.24174881200612	0.707	0.417	2.01427710775403e-14	3	PIEZO1
2.11615076097387e-18	-1.67613185445346	0.217	0.566	2.60138413046518e-14	3	ATP5F1D
2.18648884364712e-18	1.26949847002959	0.837	0.683	2.6878507354954e-14	3	LOC138504630
3.09985899934869e-18	1.46835247679187	0.478	0.193	3.81065666789934e-14	3	NPEPPS
3.10327298069344e-18	1.4923283971412	0.543	0.25	3.81485347516645e-14	3	MCC
4.09618071554968e-18	-1.29100107308619	0.326	0.655	5.03543495362522e-14	3	FTH1
5.39030178044106e-18	1.3799297255318	0.641	0.366	6.6262979786962e-14	3	MAGI1
8.04470721725341e-18	1.63371128459465	0.467	0.196	9.88935858216962e-14	3	GNAO1
8.36308779638131e-18	-1.17481926841832	0.473	0.753	1.02807438280915e-13	3	PPDPF
8.62929633926957e-18	1.02483560879035	0.783	0.549	1.06079939898641e-13	3	ASAP1
9.19629172481809e-18	1.27683959677144	0.62	0.312	1.13050014173189e-13	3	IGF2BP2
1.47301030699379e-17	-1.03743707640731	0.484	0.785	1.81077157038747e-13	3	RAN
1.64573674875091e-17	-1.06926549520291	0.386	0.727	2.02310418523949e-13	3	PCBP2
1.73521864465121e-17	1.42879280905424	0.641	0.409	2.13310427986973e-13	3	SIK3
1.85951506306132e-17	1.2864695809444	0.772	0.535	2.28590186702128e-13	3	DOCK9
1.99489823095817e-17	1.74985657104291	0.533	0.26	2.45232839531687e-13	3	ARHGAP27
3.13354305441696e-17	-0.946186917060848	0.56	0.823	3.85206447679476e-13	3	CDC42
3.15226927242651e-17	1.41851806801381	0.549	0.263	3.8750846165939e-13	3	LYST
3.55623861948987e-17	1.68797874300703	0.408	0.153	4.3716841349389e-13	3	TRIO
4.2987965657396e-17	-0.944139656972701	0.641	0.867	5.28451061826369e-13	3	KRT18
4.73253818812395e-17	1.43826041163544	0.5	0.223	5.81770919466077e-13	3	CREBBP
5.33251786939315e-17	-0.929097923277376	0.56	0.832	6.555264216845e-13	3	SRSF3
5.80396585010998e-17	-1.14852252471009	0.348	0.69	7.1348152195402e-13	3	COX4I1
5.97466289210825e-17	1.37286118023656	0.538	0.254	7.34465309326867e-13	3	SCAF8
6.2305636635806e-17	-1.59782992607368	0.223	0.553	7.65923191163963e-13	3	BTF3
6.43825566282035e-17	0.576661072526531	1	0.991	7.91454768630506e-13	3	ATP6
7.54121050680947e-17	1.49488624839463	0.473	0.204	9.27041007602088e-13	3	TANC2
7.59767710421715e-17	-1.46657003394688	0.266	0.589	9.33982446421415e-13	3	MIF
7.68011950937801e-17	-1.30813515171626	0.38	0.675	9.44117091287839e-13	3	RHOC
1.26718789390716e-16	1.29360519783961	0.625	0.368	1.55775407798007e-12	3	USP9X
1.37269934782709e-16	-0.936761655103527	0.549	0.8	1.68745930828384e-12	3	PRMT1
1.43839394178538e-16	-1.3262654272842	0.625	0.82	1.76821767263676e-12	3	HMGN2
1.51519231129883e-16	-1.40006129170605	0.277	0.598	1.86262590827966e-12	3	FKBP1A
1.82757053187646e-16	-1.25052223821248	0.321	0.647	2.24663245483573e-12	3	LOC138488548
2.23622750104871e-16	1.36183732192695	0.728	0.498	2.74899446703917e-12	3	LOC138472433
2.23965623073517e-16	1.39437591644452	0.63	0.38	2.75320940444274e-12	3	DIAPH2
2.41797010615588e-16	1.56392304669116	0.527	0.264	2.97241065149742e-12	3	AGAP1
2.47024791648207e-16	-1.0624826936434	0.533	0.796	3.0366757637314e-12	3	PRDX1
2.49444013026172e-16	1.37541953806521	0.533	0.262	3.06641525213074e-12	3	ARHGEF7
2.67691575432951e-16	1.30003083095308	0.652	0.39	3.29073253679726e-12	3	DGKZ
3.26511379803844e-16	-1.37468472880526	0.277	0.597	4.01380439192866e-12	3	UQCR10
3.30119081897502e-16	-0.858906296890458	0.832	0.964	4.05815387376599e-12	3	S100G
3.79292699257261e-16	2.04941685290182	0.239	0.058	4.66264515196951e-12	3	ZYG11B
3.92308085780649e-16	-0.854194550169837	0.641	0.85	4.82264329850152e-12	3	SRSF2
4.04929891350724e-16	1.65099696713901	0.413	0.167	4.97780315437445e-12	3	EBF1
5.26852545358401e-16	-1.37379457782272	0.293	0.598	6.47659834009082e-12	3	COX5B
5.30336581506972e-16	-1.40827162833756	0.266	0.582	6.51942759646521e-12	3	NDUFB1
5.36903423907708e-16	1.18816892284901	0.565	0.273	6.60015379009746e-12	3	UBR2
7.12485445317647e-16	-1.07062276510663	0.446	0.733	8.75858357928983e-12	3	EIF2S2
7.51779205401321e-16	-0.762397717346483	0.658	0.896	9.24162177199844e-12	3	RBMX
7.6949773883877e-16	1.48335290694793	0.451	0.192	9.459435703545e-12	3	USP4
7.78133568146698e-16	1.50338729950335	0.549	0.289	9.56559595322736e-12	3	PLEC
8.75129446938594e-16	1.551917193431	0.408	0.159	1.07579662912161e-11	3	ANKRD52
9.68209894602097e-16	-1.05051044940078	0.386	0.711	1.19022042343436e-11	3	CAVIN2
9.95834954649203e-16	2.29816060118522	0.228	0.056	1.22417990975026e-11	3	KNTC1
1.04333695611817e-15	1.64502659782249	0.359	0.127	1.28257412015607e-11	3	GRAMD4
1.18566028754843e-15	1.30846315656673	0.522	0.252	1.45753219148328e-11	3	EHMT1
1.23685353826702e-15	-0.796773296947498	0.576	0.86	1.52046405459164e-11	3	NCL
1.29028053119457e-15	-1.11370297063538	0.402	0.698	1.58614185699748e-11	3	YBX3
1.31229242953835e-15	1.38671460223109	0.505	0.241	1.6132010836315e-11	3	NCOR2
1.55633677285e-15	1.14464031018091	0.663	0.429	1.91320479486451e-11	3	PICALM
1.58703125777823e-15	2.14425922451776	0.234	0.058	1.95093752518678e-11	3	ECD
1.7952426096572e-15	0.530649422942246	1	0.995	2.2068917400516e-11	3	COX2
1.96040682801858e-15	1.34123819265835	0.549	0.28	2.40992811368323e-11	3	PARG
2.19815214102112e-15	-1.57075552539314	0.234	0.538	2.70218842695726e-11	3	ATP5MG
2.32208523189119e-15	1.99552384490662	0.245	0.064	2.85453937556384e-11	3	PCGF3
2.45332674994995e-15	1.40123828093334	0.457	0.196	3.01587457371347e-11	3	ITPR1
2.48994130281974e-15	1.3485174874376	0.522	0.254	3.06088484355631e-11	3	RAI1
2.78495703993453e-15	-1.10343463518155	0.397	0.693	3.42354768919152e-11	3	HNRNPA0
3.00920065343158e-15	1.23656175246713	0.587	0.326	3.69921036326344e-11	3	PKN1
3.03788112200427e-15	1.53070070752131	0.478	0.227	3.73446726327985e-11	3	ARID2
3.06450125759683e-15	-1.3980421240694	0.283	0.587	3.76719139596378e-11	3	GSTM1
3.13180585792382e-15	-1.49793135601956	0.223	0.534	3.84992894114576e-11	3	LOC138580477
3.35237930031103e-15	1.43250202648623	0.56	0.3	4.12107987387235e-11	3	FCHSD2
3.45958002660618e-15	-1.59435653994666	0.19	0.501	4.25286172670698e-11	3	NDUFAB1
3.59510729038017e-15	1.24398624962289	0.543	0.272	4.41946539206434e-11	3	TAOK3
3.86853502320952e-15	1.46238597183944	0.522	0.263	4.75559010403147e-11	3	MICAL3
3.91850572954177e-15	1.70778810431577	0.353	0.13	4.81701909332569e-11	3	SCAPER
3.99668303161662e-15	-0.693076656842576	0.717	0.903	4.91312245076631e-11	3	RAC1
4.13228786366739e-15	-1.41155693054388	0.228	0.54	5.07982147080632e-11	3	SEC61G
4.19878584562016e-15	1.51499062443265	0.473	0.23	5.16156744002086e-11	3	MEF2D
4.3282500492676e-15	1.40177684400314	0.522	0.264	5.32071778556466e-11	3	OSBPL9
4.35019525949565e-15	-1.41770915752548	0.272	0.574	5.34769503249800e-11	3	PSMA4
4.47170337643614e-15	1.33856991169756	0.554	0.288	5.49706496065295e-11	3	SIPA1L1
4.68846832943666e-15	-1.44655371788225	0.261	0.56	5.76353411737649e-11	3	GNG5
4.8535314007481e-15	1.361455260986	0.489	0.222	5.96644615093964e-11	3	PLA2G4A
4.8821384460312e-15	1.51698340332162	0.429	0.184	6.00161279170615e-11	3	OSBP
4.9581311312619e-15	1.49533366506464	0.467	0.215	6.09503059966026e-11	3	STAG1
5.51474650745529e-15	-1.06699263921349	0.408	0.696	6.77927788161479e-11	3	JPT1
5.54957249271873e-15	-1.40016217594377	0.31	0.608	6.82208946529913e-11	3	TUBA1B
5.83430458644551e-15	1.29161775531845	0.609	0.361	7.17211062811747e-11	3	LRCH1
5.89127172812896e-15	1.44438872912656	0.397	0.155	7.24214033538893e-11	3	TLK2
6.57515564110951e-15	1.40866014245077	0.402	0.158	8.08283882961592e-11	3	NFATC3
6.9524187560443e-15	1.62895822919483	0.429	0.188	8.54660837680526e-11	3	PRKCE
6.96068193798957e-15	1.57247851591332	0.402	0.163	8.55676630637058e-11	3	EHBP1
8.46471241687764e-15	1.71456753107556	0.408	0.172	1.04056709740677e-10	3	EMID1
8.76639291140669e-15	1.64417570128299	0.413	0.174	1.07765268059922e-10	3	EPS15L1
1.07778424518853e-14	-1.00215129934437	0.402	0.697	1.32492017261026e-10	3	GNGT1
1.07788405104988e-14	1.51949571573863	0.38	0.148	1.32504286395562e-10	3	ARHGEF11
1.10838661152491e-14	-1.34683897443634	0.293	0.595	1.36253966154758e-10	3	POMP
1.11744044422289e-14	-0.609699722621814	0.788	0.958	1.3736695380832e-10	3	EEF2
1.19194257902833e-14	1.39437591644452	0.543	0.291	1.46525501239952e-10	3	RASA3
1.31352388853796e-14	1.30478917850657	0.576	0.319	1.61471491617971e-10	3	APBB2
1.41917543570409e-14	1.35831319551918	0.429	0.182	1.74459236311103e-10	3	LRCH3
1.66666793181812e-14	1.5850840573662	0.38	0.149	2.04883488858401e-10	3	NKTR
1.74208375071747e-14	-1.35422763062258	0.424	0.667	2.14154355475699e-10	3	STMN1
1.87811789677136e-14	1.31987460206084	0.533	0.275	2.30877033050103e-10	3	FMNL3
1.89124963577853e-14	1.33468647721033	0.538	0.283	2.32491317726255e-10	3	MEF2A
1.89191399037214e-14	1.78960875115033	0.326	0.117	2.32572986836447e-10	3	MTSS1
2.10043468949989e-14	1.43735742916815	0.462	0.212	2.58206436380221e-10	3	SNX9
2.14841044456476e-14	-1.58956862248648	0.168	0.473	2.64104095950346e-10	3	TOMM20
2.24953789721472e-14	-1.23156777710586	0.304	0.596	2.76535693704605e-10	3	UBE2L3
2.61071798511583e-14	-1.20924290574799	0.288	0.589	3.20935561910289e-10	3	EEF1D
2.94108057887748e-14	1.16871578127417	0.62	0.361	3.61547035561409e-10	3	NFX1
4.60840738515898e-14	0.455437162206353	1	0.999	5.66511519857594e-10	3	COX3
4.63914898021715e-14	1.35172051820875	0.489	0.243	5.70290584138094e-10	3	ASH1L
5.11473437725507e-14	1.42093188125504	0.446	0.199	6.28754296995966e-10	3	LRRK2
5.12674599470304e-14	-0.772345359960688	0.625	0.848	6.30230885128845e-10	3	H3F3A
5.16609877415946e-14	1.42480527552766	0.451	0.209	6.35068522307422e-10	3	USP7
5.65216500619222e-14	-1.06475416701749	0.359	0.647	6.9482064421121e-10	3	VDAC2
6.14266491915027e-14	1.83281802005831	0.288	0.095	7.55117798511142e-10	3	TTLL4
6.80138397364915e-14	1.36529590311638	0.435	0.191	8.3609413188069e-10	3	NAV1
7.16181332151356e-14	-0.790330885835954	0.598	0.846	8.80401711613662e-10	3	TUBB4A
7.27196142221689e-14	1.80998534637145	0.272	0.085	8.93942217633122e-10	3	MED23
9.6604921651855e-14	1.39634748496576	0.418	0.182	1.18756430186625e-09	3	FER
1.02401470519251e-13	1.8647046344619	0.272	0.086	1.25882127709315e-09	3	TRIM24
1.05767327043196e-13	1.53115863326421	0.326	0.117	1.30019775134201e-09	3	RBM27
1.17164574368608e-13	1.29953003179672	0.44	0.196	1.44030411271329e-09	3	USP34
1.22855362511356e-13	1.65427891106068	0.315	0.113	1.51026097135209e-09	3	TNKS2
1.2842014579473e-13	1.41559572221822	0.435	0.202	1.57866885225461e-09	3	RPTOR
1.34343819511281e-13	1.26241057623602	0.543	0.297	1.65148857325217e-09	3	WNK1
1.39207595738876e-13	1.59191526136292	0.429	0.203	1.711278974418e-09	3	CNOT2
1.45931116549628e-13	1.42222611679137	0.408	0.176	1.79393121574458e-09	3	ANKHD1
1.51704137801038e-13	1.60705874762347	0.342	0.13	1.86489896598816e-09	3	LOC138569657
1.55498947583574e-13	-1.20225769076743	0.304	0.596	1.91154856264487e-09	3	SNRPD2
1.70203809682716e-13	1.48065851026118	0.516	0.277	2.09231543242963e-09	3	IQSEC1
1.87476297010666e-13	1.40543110495352	0.467	0.235	2.30464611915212e-09	3	ROCK1
1.93082460215807e-13	1.32018690751522	0.495	0.247	2.37356268343292e-09	3	ZSWIM8
2.00588774948786e-13	-1.503836788092	0.239	0.51	2.46583781044543e-09	3	EIF1B
2.09463664545496e-13	-0.821681032001167	0.582	0.813	2.57493682825779e-09	3	RHOA
2.10889414524564e-13	1.53255186856407	0.337	0.127	2.59246357275047e-09	3	VEZF1
2.13392067710049e-13	1.25383584049801	0.489	0.237	2.62322868835963e-09	3	UBR4
2.14998390508872e-13	1.56803685879428	0.37	0.151	2.64297521452557e-09	3	DDHD1
2.27644416975412e-13	1.58136097132349	0.386	0.164	2.79843281787874e-09	3	KIF1C
2.52442204553154e-13	1.26000166761008	0.505	0.258	3.10327202057192e-09	3	MED13L
2.75072379019566e-13	1.5687910119954	0.359	0.144	3.38146475528752e-09	3	UBE3C
3.00501818136977e-13	-1.29400538488609	0.25	0.537	3.69406885035786e-09	3	NEDD8
3.15401691938333e-13	1.32622435306092	0.717	0.515	3.87723299899793e-09	3	EGFL7
3.73412147167124e-13	1.37375290608277	0.533	0.293	4.59035552512545e-09	3	FBXL7
3.89323588340282e-13	1.02236781302845	0.728	0.526	4.78595487146709e-09	3	CRIM1
3.99701096517078e-13	-1.60529675626175	0.168	0.453	4.91352557948444e-09	3	DYNLT1
4.00128754360958e-13	-2.08872943986783	0.092	0.361	4.91878277735926e-09	3	PHF5A
4.14410229296726e-13	-0.769430223227191	0.766	0.886	5.09434494874466e-09	3	CAV1
4.3759523653022e-13	0.614404982081172	0.918	0.855	5.37935824266599e-09	3	ND2
5.36866404588863e-13	-1.40312502436263	0.25	0.524	6.59969871161089e-09	3	ATP5PD
5.51621755816318e-13	1.78139903955377	0.239	0.07	6.78108624425e-09	3	SNX24
5.52367240945804e-13	1.58037363948023	0.418	0.197	6.79025049294677e-09	3	VPS13C
5.63053698005903e-13	-1.44243624342785	0.207	0.49	6.92161910958656e-09	3	GLRX
6.57130098286894e-13	1.34910031043132	0.429	0.197	8.07810029824078e-09	3	PAFAH1B1
7.00721409565173e-13	1.5637912937193	0.413	0.193	8.61396828778467e-09	3	PSME4
7.1831649869459e-13	1.58546975314203	0.348	0.139	8.8302647184526e-09	3	HYCC2
7.24817376345383e-13	1.50659320292151	0.38	0.162	8.91018000741379e-09	3	ZMYM4
8.52111947793354e-13	1.34742052559647	0.554	0.321	1.04750121742237e-08	3	SH2B3
8.66642044334594e-13	1.41946689740735	0.418	0.196	1.06536306510052e-08	3	NSD3
8.97707694159826e-13	-1.62300848906967	0.152	0.426	1.10355206843067e-08	3	ACP1
9.21473483967093e-13	1.39906570534763	0.37	0.152	1.13276735384075e-08	3	HOMER3
9.4723871772587e-13	1.37437900787882	0.375	0.156	1.16444055570041e-08	3	PTPN9
9.62833066602291e-13	1.36029712088937	0.391	0.168	1.1836106887742e-08	3	QSER1
9.99787201048364e-13	2.02949615877856	0.228	0.068	1.22903840624875e-08	3	MMS22L
1.00932817276616e-12	-0.981057419806601	0.826	0.891	1.24076712278145e-08	3	PMP2
1.02005038242169e-12	1.15007699653374	0.56	0.312	1.25394793511098e-08	3	ERBIN
1.04637861629687e-12	-1.38525596911356	0.185	0.467	1.28631323301374e-08	3	COX7A2L
1.06342059887988e-12	1.31295054755904	0.484	0.247	1.30726294220304e-08	3	TNRC6B
1.30859642832789e-12	-2.46210327688393	0.065	0.321	1.60865758934348e-08	3	LOC138488268
1.43653146113801e-12	1.34246382780205	0.44	0.214	1.76592812517695e-08	3	MTMR3
1.54956808453294e-12	-1.2424986729191	0.239	0.522	1.90488404631635e-08	3	ERH
1.59688702543431e-12	0.912233339390367	0.88	0.804	1.9630532203664e-08	3	VWF
1.61027237857833e-12	1.26189834649839	0.489	0.247	1.97950783498635e-08	3	CDC42BPA
1.61952365693739e-12	1.19912813483888	0.527	0.286	1.99088043147313e-08	3	RGL3
1.68603668852142e-12	1.28211182961977	0.467	0.24	2.07264490119938e-08	3	DNAJC13
1.77599103275456e-12	1.22640179033589	0.636	0.424	2.18322577656518e-08	3	ARHGAP21
1.79862188222285e-12	-1.0218180518669	0.446	0.698	2.21104587981655e-08	3	B2M
1.86357793128094e-12	1.02381702966552	0.543	0.292	2.29089635092366e-08	3	MACF1
1.86840976380961e-12	1.01891331519406	0.674	0.434	2.29683612265115e-08	3	RAPGEF2
1.91629618585961e-12	-1.22186462048494	0.261	0.54	2.35570290127722e-08	3	SUMO3
1.9505320708279e-12	1.5320176359933	0.326	0.126	2.39778907466874e-08	3	BLTP3B
1.96123426514911e-12	1.7649109167652	0.239	0.073	2.41094528214781e-08	3	FCHO1
2.03224759976682e-12	1.4725947407696	0.418	0.195	2.49824197439335e-08	3	DNAAF9
2.07419919219509e-12	1.27741000315326	0.533	0.306	2.54981306696542e-08	3	CDK17
2.09239731277616e-12	-0.848333088850229	0.56	0.793	2.57218401659574e-08	3	TPM3
2.30121047403586e-12	1.25887021853077	0.429	0.202	2.82887803573228e-08	3	USP48
2.31523092581313e-12	1.95401563700235	0.19	0.048	2.84611337710208e-08	3	RIPK3
2.32805961055515e-12	-1.39468311197949	0.201	0.476	2.86188367925544e-08	3	COX5A
2.7810754590439e-12	1.551917193431	0.353	0.15	3.41877606180266e-08	3	GTF2I
2.7844159222296e-12	1.43965096118009	0.5	0.283	3.42288249319685e-08	3	PALD1
2.8128804142476e-12	1.25091493739819	0.478	0.249	3.45787389323457e-08	3	CHD9
2.95847605452593e-12	1.14806737478462	0.582	0.339	3.63685461382872e-08	3	PPP1R12A
3.06358363671312e-12	1.50752307407255	0.375	0.166	3.76606336461143e-08	3	PARD3B
3.14742183742377e-12	1.1874286363156	0.533	0.31	3.86912566474504e-08	3	NCOA2
3.22744753836884e-12	1.52607718849574	0.353	0.147	3.96750125891681e-08	3	PPP3CC
3.32644358215528e-12	1.33867315430874	0.446	0.219	4.08919709554349e-08	3	MINK1
3.37519558377596e-12	1.26434060333442	0.522	0.296	4.14912793113579e-08	3	MICAL2
4.04310151323127e-12	1.76184026280524	0.228	0.069	4.9701846902152e-08	3	DTX2
4.38200452594117e-12	1.53463920199917	0.342	0.143	5.38679816373948e-08	3	ATG2B
4.46163812541955e-12	1.1949066393882	0.495	0.253	5.48469174757825e-08	3	IGF1R
4.60446746993761e-12	1.1982802388163	0.603	0.395	5.66027186079431e-08	3	LPP
4.87798993450194e-12	1.37357995217249	0.457	0.238	5.99651302648323e-08	3	LARP4B
4.91265890799407e-12	1.27305782043553	0.478	0.255	6.03913159559711e-08	3	MARK2
4.95219887274952e-12	-0.963213614543578	0.359	0.645	6.08773807427099e-08	3	BZW1
4.97794203015585e-12	1.49302350437744	0.353	0.149	6.11938413767059e-08	3	ANKRD28
5.02523978766892e-12	1.30137373178041	0.435	0.209	6.1775272709814e-08	3	PEAK1
5.38878409343811e-12	-1.45237016497209	0.196	0.462	6.62443228606347e-08	3	TUSC3
5.56586301297445e-12	1.28040700552987	0.418	0.194	6.84211540184949e-08	3	NDST2
5.92585158689529e-12	2.1982802388163	0.168	0.04	7.28464935577038e-08	3	PHAF1
6.08429528133286e-12	1.3364111576798	0.391	0.175	7.47942418934248e-08	3	KMT2D
6.12135923049269e-12	1.31894002145339	0.402	0.186	7.52498690204466e-08	3	MSI2
6.12988938955566e-12	1.65542176918486	0.288	0.107	7.53547302658077e-08	3	AGPS
6.18348976024714e-12	-1.09468437308254	0.424	0.646	7.60136396227181e-08	3	H2AC1
6.33978245794982e-12	1.37606735803159	0.364	0.157	7.79349457555772e-08	3	PPFIA1
6.53475591930589e-12	1.53342084981361	0.451	0.238	8.03317545160273e-08	3	SMURF2
6.80157315132188e-12	1.42263417648604	0.315	0.12	8.36117387491999e-08	3	BRWD1
7.0074506617055e-12	1.74157841293458	0.283	0.104	8.61425909843457e-08	3	ATP9A
7.23490811078079e-12	-1.23676851718253	0.207	0.482	8.89387254058283e-08	3	CCT5
7.34427667730657e-12	1.24581406570532	0.451	0.225	9.02831931941296e-08	3	SSH2
7.36763492790209e-12	1.32748562682096	0.413	0.195	9.05703361687004e-08	3	ZFPM1
7.53082771076951e-12	1.64014437644274	0.266	0.092	9.25764650484896e-08	3	CC2D1B
7.67610960807158e-12	-1.04650756709671	0.321	0.596	9.43624154120239e-08	3	HNRNPDL
7.89378273236618e-12	0.840042580227628	0.717	0.47	9.70382711289774e-08	3	GDPD5
7.94869756004464e-12	1.66873085841375	0.332	0.138	9.77133391056288e-08	3	OSBPL5
8.16744983602675e-12	1.14080539736596	0.522	0.287	1.00402460834277e-07	3	ARID1A
8.18771648434076e-12	1.11406981124407	0.63	0.424	1.00651598742001e-07	3	NPR1
8.81479057829836e-12	1.49861896727096	0.364	0.161	1.08360220579022e-07	3	TRPM7
8.88778887675219e-12	1.48275516892361	0.38	0.169	1.09257588661915e-07	3	PDE7B
9.18483089472646e-12	1.16250550182765	0.582	0.368	1.12909126188872e-07	3	SPNS2
9.88973283591143e-12	1.36514868182528	0.44	0.224	1.21574485751859e-07	3	CHD7
1.00615715712594e-11	1.30323808057428	0.418	0.2	1.23686899325491e-07	3	CAMTA2
1.03652251365124e-11	1.28118252891563	0.435	0.215	1.27419712603147e-07	3	KIF13B
1.06695144883244e-11	1.08809113021148	0.533	0.295	1.31160341604972e-07	3	TANC1
1.12195217474543e-11	1.34041308823729	0.484	0.275	1.37921580841456e-07	3	ZNF609
1.14557031582892e-11	1.70663978822965	0.266	0.094	1.40824958924849e-07	3	SUZ12
1.21891524638646e-11	1.32952477209456	0.397	0.183	1.49841251238288e-07	3	FKBP15
1.25369983507095e-11	1.39204585665261	0.451	0.234	1.54117320725272e-07	3	CNOT1
1.25591515022693e-11	1.15443806553647	0.424	0.198	1.54389649417397e-07	3	SETD5
1.26819824095617e-11	-0.794752258781221	0.587	0.779	1.55899609760742e-07	3	YWHAE
1.26915490185561e-11	1.19436518881292	0.429	0.203	1.5601721208511e-07	3	TNKS
1.27848772087135e-11	-0.958543441949432	0.37	0.639	1.57164495526716e-07	3	MOB1A
1.28019819906719e-11	1.56961919516446	0.326	0.133	1.5737476461133e-07	3	TDRD7
1.34842349875785e-11	1.41301908760932	0.375	0.169	1.65761700702303e-07	3	KDM5A
1.37772742157119e-11	-1.32868671065724	0.228	0.487	1.69364031933747e-07	3	KRTCAP2
1.49358714870774e-11	1.91209275767533	0.207	0.06	1.83606668190642e-07	3	CPPED1
1.51328535644978e-11	1.42222611679137	0.391	0.178	1.86028168868371e-07	3	RARA
1.52721597174925e-11	1.19625824123109	0.424	0.202	1.87740659407136e-07	3	R3HDM2
1.53288236451707e-11	1.181667615899	0.598	0.383	1.88437229070084e-07	3	NHSL2
1.57175498981727e-11	-1.32255192448514	0.245	0.498	1.93215840898237e-07	3	CNIH1
1.62478031365837e-11	1.60850072179737	0.288	0.108	1.99734243958024e-07	3	CRAMP1
1.64114806189344e-11	1.29514177806889	0.495	0.272	2.0174633124856e-07	3	TSC22D2
1.67790769900524e-11	1.25279898145173	0.424	0.203	2.06265193438715e-07	3	HDAC4
1.75042942927517e-11	1.34855796425716	0.424	0.209	2.15180289740797e-07	3	KDM4B
1.82018082614469e-11	-1.59454883518732	0.163	0.414	2.23754828957966e-07	3	NDUFB3
2.02550430213267e-11	-1.17816201514996	0.266	0.527	2.48995243861169e-07	3	TMEM167A
2.04202183140684e-11	-0.673642506984127	0.63	0.85	2.51025743734843e-07	3	VAT1
2.14711106264325e-11	1.16489407032176	0.5	0.272	2.63944362930735e-07	3	SPAG9
2.17411903751489e-11	1.76872858250415	0.207	0.06	2.67264453281705e-07	3	PPP2R3A
2.24582704903281e-11	1.24706261190258	0.565	0.346	2.76079519137603e-07	3	ELMO1
2.35050911615147e-11	1.1189577861549	0.571	0.351	2.889480856485e-07	3	APC
2.38898510121425e-11	1.39626632297081	0.348	0.148	2.93677938492267e-07	3	EPN1
2.4027848996658e-11	1.23296679834354	0.413	0.197	2.95374347715917e-07	3	NF1
2.40735184134694e-11	-1.03159609065308	0.353	0.597	2.95935761856779e-07	3	ATP5F1B
2.53149547531868e-11	-1.32603585527962	0.207	0.464	3.11196738780925e-07	3	ARPC3
2.68479594927064e-11	1.51742881704571	0.288	0.108	3.30041966043839e-07	3	EPB41L1
2.70869115513227e-11	1.42381236768332	0.321	0.131	3.3297940370041e-07	3	NR3C2
2.8091661463023e-11	1.30880348172047	0.353	0.151	3.45330794364941e-07	3	BICRA
3.04765667543319e-11	1.43885452894437	0.359	0.161	3.74648435111002e-07	3	RNF38
3.05155638543128e-11	1.43162295971329	0.359	0.158	3.75127826461068e-07	3	MYO1E
3.07522871993944e-11	-0.737160190759449	0.582	0.795	3.78037866542155e-07	3	HNRNPH3
3.19003158057109e-11	1.54314698380327	0.332	0.141	3.92150582199604e-07	3	SLC39A11
3.19061543743403e-11	1.50129112036104	0.37	0.17	3.92222355723765e-07	3	BCAS3
3.19825179449504e-11	1.63630938072138	0.44	0.234	3.93161093097276e-07	3	LOC138473015
3.56648989251017e-11	1.25757493021554	0.674	0.513	4.38428602486275e-07	3	ARL15
3.98895526715512e-11	1.2373124393495	0.516	0.304	4.90362270991379e-07	3	TCF3
4.10199771388474e-11	1.27180927423827	0.44	0.23	5.04258578967851e-07	3	DENND4A
4.32753730584921e-11	1.30469949305999	0.408	0.198	5.31984161008044e-07	3	DOCK4
4.43269807877896e-11	1.30398967998742	0.457	0.245	5.44911574824297e-07	3	PACS1
4.56651938226206e-11	1.61903138928954	0.283	0.108	5.61362227661475e-07	3	RASA2
4.64572886577193e-11	-1.4641767826893	0.201	0.446	5.71099449469344e-07	3	LSM5
4.69100899145209e-11	-0.721545412119719	0.647	0.825	5.76665735319206e-07	3	ANXA5
4.88365855268281e-11	-1.09452061655105	0.299	0.547	6.00348145881297e-07	3	TMEM258
5.00533495717035e-11	2.00090202463319	0.19	0.054	6.15305826284951e-07	3	GAS2L1
5.16464314263255e-11	1.28492477402853	0.37	0.167	6.3488958152382e-07	3	INPP5A
5.2736143439073e-11	1.26393643046698	0.386	0.18	6.48285411296524e-07	3	ZMYM2
5.64591404247442e-11	1.28793644775292	0.462	0.251	6.9405221324138e-07	3	GIT2
6.46697467298651e-11	1.08991621518157	0.446	0.222	7.94985196550231e-07	3	BRD4
6.88133954215897e-11	1.09248557479371	0.5	0.284	8.45923069917603e-07	3	PPP4R1
6.9982466173829e-11	1.9787318604862	0.185	0.052	8.6029445667488e-07	3	TINF2
7.1344074371984e-11	-1.21401780124662	0.217	0.476	8.77032706254799e-07	3	ARPC5
7.1788148507074e-11	-1.69601032001258	0.12	0.362	8.82491709597461e-07	3	DYNLRB1
7.18774823258829e-11	1.41578050544497	0.375	0.174	8.83589890232079e-07	3	TTC17
7.39257122343218e-11	0.884721877568972	0.679	0.49	9.08768780496518e-07	3	PTBP3
7.83655789525636e-11	1.50199196809932	0.315	0.132	9.63348062063864e-07	3	CEP85L
7.86925494835766e-11	1.49420169557472	0.37	0.177	9.67367510801607e-07	3	SETD1A
8.63784355500475e-11	-1.28097282073374	0.217	0.468	1.06185010821673e-06	3	UQCRB
8.65257794249524e-11	1.23565784863033	0.424	0.213	1.06366140647094e-06	3	GIGYF1
8.76338143640449e-11	1.07033243255516	0.571	0.367	1.0772824799772e-06	3	PLCG1
9.04911814700483e-11	1.07618376246461	0.522	0.301	1.1124080938113e-06	3	CYLD
9.26932339457882e-11	1.25045320110336	0.342	0.146	1.13947792489557e-06	3	TCERG1
9.67778942719628e-11	1.551917193431	0.293	0.117	1.18969065428524e-06	3	FBXL17
9.79387978848607e-11	1.3889786223048	0.364	0.168	1.20396164239859e-06	3	MED13
1.00756040380958e-10	1.30600696538842	0.424	0.218	1.23859400440312e-06	3	RASA1
1.02598756478839e-10	1.73562914660339	0.217	0.07	1.26124651339437e-06	3	CDC27
1.02708249316885e-10	1.42638631134715	0.304	0.123	1.26259250885247e-06	3	DOCK7
1.10213412451943e-10	-0.810353788815515	0.549	0.764	1.35485347927174e-06	3	CAPG
1.12658312300847e-10	0.992265781239035	0.625	0.422	1.38490863311431e-06	3	TSPAN14
1.16590542729783e-10	1.39599904998257	0.375	0.178	1.43324754177723e-06	3	ITCH
1.17279018080319e-10	1.37758701286869	0.397	0.196	1.44171096926136e-06	3	MFSD11
1.17554676666414e-10	1.29590321527498	0.408	0.202	1.44509964026023e-06	3	EXOC6B
1.30252199648675e-10	1.15705757608979	0.473	0.259	1.60119029028116e-06	3	FRYL
1.3132905371256e-10	-1.38766202088369	0.136	0.386	1.6144280572885e-06	3	PFDN5
1.34214595457072e-10	1.39271859858175	0.359	0.166	1.64990002195379e-06	3	LRBA
1.36620675279656e-10	1.73312026332463	0.505	0.323	1.67947796121281e-06	3	PDGFD
1.37057458637457e-10	1.29033200423428	0.359	0.161	1.68484733903026e-06	3	MAD1L1
1.43657620164222e-10	1.19306252954528	0.429	0.216	1.76598312467878e-06	3	OSBPL8
1.44787229666098e-10	-1.3980421240694	0.484	0.671	1.77986941428535e-06	3	LGALS1
1.4489009270868e-10	1.13897816003616	0.397	0.186	1.78113390966781e-06	3	ATP11B
1.4556684507327e-10	1.31708766885633	0.386	0.184	1.78945322648571e-06	3	DVL1
1.54967666521268e-10	1.27788378864795	0.402	0.199	1.90501752454594e-06	3	MAU2
1.55992165803217e-10	1.45880778903952	0.277	0.106	1.91761169421894e-06	3	PPP1R9B
1.57807269145103e-10	1.17779288741821	0.511	0.298	1.93992475960076e-06	3	CAMK2G
1.70926422644571e-10	1.46445435218066	0.288	0.113	2.10119851356971e-06	3	SACM1L
1.76281103771979e-10	1.18513486275938	0.424	0.215	2.16702360866894e-06	3	DAB2IP
1.81449362697161e-10	1.17038895634241	0.511	0.293	2.23055701563621e-06	3	KDM6B
1.8357396623461e-10	1.22273328254084	0.44	0.234	2.25667476692206e-06	3	ZNF407
1.83651704984555e-10	1.39867093313532	0.288	0.113	2.25763040937513e-06	3	KIAA0753
1.89884276703135e-10	1.24629091087274	0.386	0.185	2.33424741351164e-06	3	KDM3B
1.9459103165165e-10	1.44268812367625	0.353	0.165	2.39210755209374e-06	3	HECW2
2.02780237386503e-10	-1.56256882158588	0.136	0.373	2.49277745819228e-06	3	SNU13
2.07022912081985e-10	1.3315271250057	0.402	0.203	2.54493265822384e-06	3	XRN1
2.11392320013484e-10	1.21893391003465	0.418	0.21	2.59864578992576e-06	3	TRAPPC9
2.11466938850157e-10	-1.29265462578137	0.19	0.436	2.59956307928499e-06	3	SUMO2
2.12630779225421e-10	1.47099719804744	0.255	0.093	2.6138701690181e-06	3	POLR3B
2.15641355942829e-10	-1.65753617219795	0.141	0.375	2.6508791886052e-06	3	PSMB3
2.15860250445218e-10	1.06093084091886	0.467	0.246	2.65357005872307e-06	3	KMT2C
2.17706047589968e-10	1.5563768416217	0.424	0.222	2.67626044302348e-06	3	HSD3B7
2.19039395190078e-10	1.26678901674659	0.473	0.267	2.69265128507163e-06	3	DOCK1
2.19770727687727e-10	1.14242213293536	0.533	0.325	2.70164155546522e-06	3	CUL9
2.22359920848897e-10	1.82945116895991	0.19	0.057	2.7334705069955e-06	3	OCRL
2.3419369660247e-10	1.26101599416427	0.386	0.186	2.87894311233417e-06	3	HERC1
2.46297210711464e-10	1.62498065562073	0.293	0.12	3.02773161127603e-06	3	ANLN
2.5414295512679e-10	1.33961358971814	0.353	0.161	3.12417934737363e-06	3	ADCY9
2.54926534101998e-10	1.26951746273028	0.418	0.22	3.13381188371586e-06	3	FAF1
2.55921485479104e-10	1.4093127979882	0.332	0.146	3.14604282099463e-06	3	ATP9B
2.57213790116437e-10	-1.33560807731058	0.223	0.457	3.16192912190136e-06	3	SRP9
2.62276033374203e-10	-0.984135706809205	0.283	0.542	3.22415927826907e-06	3	SSR2
2.71599706056404e-10	1.48778685601129	0.261	0.097	3.33877518655137e-06	3	SIN3B
2.73630012403519e-10	-1.20401763730179	0.239	0.481	3.36373374247646e-06	3	GMFG
2.790451860278e-10	1.40097529535626	0.31	0.13	3.43030247183974e-06	3	TTC7B
2.82355188565602e-10	1.46877595813076	0.277	0.108	3.47099233303694e-06	3	KPNA1
2.83516406858376e-10	1.36257473816145	0.337	0.151	3.48526718951001e-06	3	HDAC8
2.87782218129252e-10	1.38809239152511	0.337	0.151	3.53770680746289e-06	3	SOS1
2.93044830300888e-10	1.56169821422359	0.293	0.12	3.60240009888882e-06	3	PRKCZ
2.98620900419211e-10	-1.50299114767139	0.125	0.365	3.67094672885336e-06	3	SF3B6
3.10918650661244e-10	1.3317913790665	0.38	0.184	3.82212297257868e-06	3	LUZP1
3.19384037162398e-10	-0.874347561271094	0.364	0.622	3.92618796883735e-06	3	ZFP36L2
3.19995182017949e-10	1.2588119337094	0.38	0.183	3.93370077254665e-06	3	LRSAM1
3.28707981574789e-10	1.22659850934287	0.37	0.174	4.04080721749889e-06	3	CCDC88A
3.31147443759916e-10	1.49161668316319	0.332	0.149	4.07079552614065e-06	3	CIC
3.38840828794121e-10	1.5799315696006	0.25	0.092	4.16537030836613e-06	3	LIN9
3.44393013706445e-10	1.44500198951449	0.293	0.12	4.23362331749333e-06	3	MIDEAS
3.731782948859e-10	1.35177757894168	0.348	0.158	4.58748077903237e-06	3	SYNE3
3.90881975904174e-10	1.39663896795309	0.299	0.122	4.80511212979001e-06	3	VPS13B
3.91110773743685e-10	1.4557018781717	0.277	0.109	4.80792474163112e-06	3	SIN3A
3.95744212172069e-10	1.53054354263844	0.288	0.118	4.86488360023125e-06	3	MTMR12
4.03677603389159e-10	1.07922092496076	0.56	0.358	4.96240877846294e-06	3	PDE2A
4.39447130139423e-10	1.05737572542331	0.674	0.535	5.40212357080392e-06	3	KIAA1217
4.4724496949767e-10	1.12711191790334	0.413	0.206	5.49798241003485e-06	3	UBAP2L
4.55220970668304e-10	1.3400785502553	0.391	0.196	5.59603139242546e-06	3	DLG1
4.6124182529522e-10	1.15890600048216	0.418	0.213	5.67004575835414e-06	3	PRRC2C
4.6762246056121e-10	0.548278616367656	0.935	0.85	5.74848290767896e-06	3	ND4
4.70723850440874e-10	1.39145252123776	0.304	0.129	5.78660829346967e-06	3	USP24
4.74315769457552e-10	1.24296695254185	0.462	0.268	5.83076375394169e-06	3	MYCBP2
4.77050851348364e-10	1.11334417969137	0.451	0.242	5.86438611562544e-06	3	RABGAP1
4.89128812117498e-10	1.48963291517666	0.299	0.125	6.0128604873604e-06	3	DGKQ
4.90764780543085e-10	1.80907503292813	0.212	0.07	6.03297144721614e-06	3	BACH2
5.09837538778796e-10	1.0613470629848	0.44	0.23	6.26743286420774e-06	3	ATXN2
5.20682385014935e-10	0.943871079596807	0.516	0.297	6.40074855898859e-06	3	PRRC2A
5.44958722136317e-10	1.22260956817804	0.446	0.241	6.69917757122175e-06	3	CLASP2
5.78955629085231e-10	1.10907299861414	0.603	0.421	7.11710154834475e-06	3	XIRP2
5.95505464380262e-10	1.15789747542124	0.451	0.248	7.32054867362656e-06	3	NCOR1
6.36322593566172e-10	1.41198693228653	0.261	0.099	7.82231364270896e-06	3	DMPK
6.48561717634358e-10	1.03128933446197	0.462	0.249	7.97276919487916e-06	3	HELZ
6.62752918432058e-10	1.14145242394198	0.38	0.183	8.14722162628528e-06	3	WAPL
6.64251977867174e-10	1.42021151421918	0.304	0.13	8.16564956392117e-06	3	PPP1R12B
6.72059888743689e-10	-1.42939824330407	0.179	0.408	8.26163221232617e-06	3	LOC138516165
6.7723364240472e-10	1.22998909854364	0.408	0.207	8.32523316608122e-06	3	MAN1A1
6.87385154313028e-10	1.38199219198869	0.326	0.145	8.45002570197006e-06	3	KLHL3
7.09832711215855e-10	1.13229242465651	0.516	0.317	8.7259735189765e-06	3	PRKAA1
7.40688064854754e-10	1.26609939195292	0.375	0.184	9.10527838125949e-06	3	KAT7
7.53650849876159e-10	2.08243191012978	0.168	0.048	9.26462989752763e-06	3	PDZD2
7.56678021067596e-10	1.44955547580133	0.299	0.127	9.30184291298395e-06	3	ZFR
7.58985489532799e-10	1.43845914364772	0.266	0.104	9.3302086228267e-06	3	MADD
7.85589840442449e-10	1.54068993800775	0.266	0.106	9.65725590855902e-06	3	SCARF2
7.93607368741135e-10	1.25168416964296	0.315	0.135	9.75581538393477e-06	3	RELCH
8.01447469827706e-10	1.19756762085126	0.386	0.191	9.85219374659199e-06	3	CNOT4
8.16858064195753e-10	1.42992666905239	0.299	0.127	1.00416361831584e-05	3	VTI1A
8.84784369902573e-10	1.16351482065563	0.451	0.249	1.08766542592123e-05	3	ATP8B2
8.86274934652011e-10	1.12534466378568	0.44	0.231	1.08949777716772e-05	3	MYO18A
8.9828599244573e-10	1.7445622713734	0.359	0.182	1.10426297051354e-05	3	SH3RF3
9.18002421753323e-10	1.67744807551486	0.196	0.062	1.12850037706136e-05	3	JMY
9.2134360251419e-10	1.33235081617332	0.326	0.146	1.13260769057069e-05	3	EMC4
9.24166032365134e-10	1.53886104060556	0.255	0.098	1.13607730358646e-05	3	WDR70
9.30527505924432e-10	1.13088095353072	0.402	0.199	1.1438974630329e-05	3	HUWE1
9.52518499930413e-10	0.803546835992549	0.641	0.426	1.17093099196446e-05	3	ARHGAP31
9.63559358195098e-10	1.36158598132685	0.326	0.147	1.18450351902923e-05	3	TGFBRAP1
9.82149367047795e-10	1.3393725580509	0.299	0.125	1.20735621691185e-05	3	SYNRG
1.02875444549642e-09	1.56197085809493	0.288	0.121	1.26464783984875e-05	3	SNX25
1.03203421734816e-09	1.33274867296884	0.293	0.121	1.26867966338609e-05	3	PDE3B
1.04732535926316e-09	1.61548232220847	0.25	0.095	1.28747706414221e-05	3	ELMO2
1.14096232511913e-09	1.44268812367625	0.342	0.158	1.40258498626894e-05	3	GRAMD1A
1.14743534239102e-09	0.970101248026712	0.549	0.348	1.41054226640129e-05	3	XPO5
1.15197634331208e-09	1.0003776942473	0.522	0.315	1.41612451883354e-05	3	NIPBL
1.18809928689258e-09	1.34755869492482	0.304	0.131	1.46053045337705e-05	3	TTC3
1.18937578323917e-09	-0.85433942030563	0.413	0.627	1.46209965033591e-05	3	SNRPB
1.22889003191115e-09	1.64921439478592	0.212	0.072	1.51067451622838e-05	3	RPRD2
1.23997821693769e-09	0.992321412868275	0.533	0.311	1.5243052220815e-05	3	ADD1
1.26344563863206e-09	1.5397424794849	0.261	0.103	1.55315372357039e-05	3	USP43
1.28351760144131e-09	1.63630938072138	0.212	0.072	1.5778281874518e-05	3	FANCA
1.28688313367945e-09	1.35028333226135	0.364	0.181	1.58196543623215e-05	3	NEDD4L
1.28845954542856e-09	1.752829887357	0.217	0.076	1.58390331919533e-05	3	WDTC1
1.2904247485552e-09	1.11677848809565	0.418	0.215	1.58631914339891e-05	3	PPP6R1
1.29371362137543e-09	1.46171938445943	0.375	0.188	1.59036215475682e-05	3	LHX6
1.30030922374236e-09	1.66608821335031	0.217	0.076	1.59847012874648e-05	3	RNF217
1.30247231362734e-09	-1.37456888225275	0.201	0.424	1.60112921514208e-05	3	LOC138570017
1.3261096038175e-09	1.3551164859973	0.304	0.132	1.63018653597286e-05	3	ASCC3
1.32832040741648e-09	1.14419507765392	0.522	0.34	1.63290427683708e-05	3	PPP3CA
1.32856706949525e-09	-0.869909471510479	0.413	0.64	1.63320749853051e-05	3	RBX1
1.32907227075654e-09	1.1982802388163	0.364	0.171	1.63382854244101e-05	3	ARFGEF1
1.35204280372065e-09	1.21088027559594	0.342	0.158	1.66206621861379e-05	3	CORO1C
1.36497566340529e-09	-1.45408154719044	0.147	0.373	1.67796458302412e-05	3	BLOC1S1
1.43664192762517e-09	-1.22601704549453	0.228	0.456	1.76606392162962e-05	3	BRK1
1.46011243762354e-09	1.39016612343439	0.277	0.113	1.79491621957061e-05	3	STAT6
1.49928338521484e-09	1.68797874300703	0.223	0.08	1.84306906544461e-05	3	ATP10D
1.51426137493224e-09	1.35161854294517	0.239	0.087	1.8614815082042e-05	3	USP45
1.530787896899e-09	1.15825334494473	0.402	0.206	1.88179756165794e-05	3	HDAC5
1.56580001589666e-09	1.57888424103127	0.245	0.094	1.92483795954176e-05	3	GALNT10
1.60551795644591e-09	1.41056134418546	0.299	0.131	1.97366322385896e-05	3	WWP1
1.64879244648779e-09	-1.05513907814077	0.228	0.47	2.02686055446744e-05	3	NDUFS5
1.66988800281186e-09	1.49746940940863	0.283	0.119	2.05279332185662e-05	3	TARBP1
1.72546614816847e-09	1.12098832138227	0.359	0.168	2.12111553594351e-05	3	AHDC1
1.77292831864755e-09	-1.04881262314847	0.364	0.577	2.17946078211344e-05	3	CYCS
1.83895684372032e-09	-0.77972605628957	0.467	0.692	2.26062964798539e-05	3	LDHA
1.86435693363783e-09	1.33851355532181	0.315	0.14	2.29185397852098e-05	3	MROH1
1.87736540039205e-09	1.16831220198882	0.37	0.18	2.30784528670194e-05	3	PHF21A
1.92228884438611e-09	2.48480299757247	0.103	0.019	2.36306967640385e-05	3	ADAMTSL5
1.95326973360222e-09	-1.18569231730063	0.37	0.589	2.4011544835172e-05	3	H1-1
2.01305609430061e-09	1.0787455181674	0.375	0.181	2.47464985672375e-05	3	UBA3
2.03161402161229e-09	1.15959977065224	0.391	0.197	2.49746311676799e-05	3	BAZ2B
2.04651555224643e-09	1.16346447974312	0.391	0.197	2.51578156837653e-05	3	RALGAPB
2.0675244287252e-09	1.09155570364267	0.489	0.296	2.54160778023188e-05	3	PARD3
2.07189440531697e-09	-0.707442891593253	0.565	0.756	2.54697979245615e-05	3	AKAP8L
2.08692095224964e-09	1.06375712570678	0.457	0.252	2.56545192660048e-05	3	ECPAS
2.11805644634738e-09	1.83689415214548	0.212	0.075	2.60372678949483e-05	3	KIAA1328
2.14008831408465e-09	1.49533366506464	0.293	0.128	2.63081056450426e-05	3	RIN1
2.18326443193113e-09	2.02996449023565	0.168	0.05	2.68388696617293e-05	3	RTEL1
2.19784434652633e-09	1.58029899480083	0.293	0.128	2.70181005518481e-05	3	CBL
2.24295785176788e-09	1.17706878426786	0.375	0.187	2.75726808717826e-05	3	PLCL2
2.26458035720645e-09	1.19552568897542	0.38	0.192	2.78384863311389e-05	3	RERE
2.31729185303282e-09	1.1141083864935	0.527	0.336	2.84864687493325e-05	3	KIF1B
2.33171274633197e-09	1.10627026824612	0.582	0.407	2.86637447906589e-05	3	SCHIP1
2.36035743497e-09	1.12529171987695	0.402	0.207	2.90158739480862e-05	3	AP3B1
2.38506626629429e-09	-0.831687798011183	0.293	0.549	2.93196196115558e-05	3	CBX3
2.39467563505291e-09	1.71447020621696	0.245	0.095	2.94377475817054e-05	3	SMG7
2.39559873896353e-09	-1.36725173195595	0.201	0.42	2.94490952980787e-05	3	MICOS10
2.39847381961498e-09	-0.733771758025031	0.457	0.686	2.9484438664527e-05	3	NCOA5
2.42689254850993e-09	1.32029149231652	0.342	0.162	2.98337900988325e-05	3	SWT1
2.47275660832266e-09	1.4724827259366	0.25	0.097	3.03975969861105e-05	3	CC2D1A
2.60748333319967e-09	1.72184219487332	0.207	0.071	3.20537926150235e-05	3	PABIR2
2.61083894614945e-09	1.31392791704354	0.364	0.184	3.20950431650152e-05	3	NFAT5
2.62286946300455e-09	1.41626209407344	0.299	0.132	3.22429343087149e-05	3	USP47
2.69656606019841e-09	1.28721396723659	0.315	0.142	3.3148886578019e-05	3	EDC4
2.69877634862294e-09	1.77747689384614	0.179	0.056	3.31760576536218e-05	3	ANTXRL
2.71557512016772e-09	0.836347110894873	0.647	0.46	3.33825649522218e-05	3	ZNF318
2.79949797473033e-09	1.83202511262374	0.168	0.05	3.441422860336e-05	3	MIB1
2.80632749252946e-09	5.35927211548861	0.033	0	3.44981838656647e-05	3	CCN4
2.85716974990493e-09	-1.0536261847126	0.261	0.491	3.51231877355813e-05	3	EDF1
2.86437428606824e-09	-1.1369159050621	0.212	0.442	3.52117530986369e-05	3	LOC138527383
2.95614600227057e-09	-1.48761117075563	0.114	0.334	3.63399028059121e-05	3	MPC1
3.0905843150518e-09	-0.988999735154869	0.234	0.473	3.79925529849317e-05	3	LOC138582805
3.13157678113137e-09	1.48012651036299	0.239	0.091	3.84964733704479e-05	3	ATL3
3.15394944463788e-09	-1.04655559369639	0.277	0.502	3.87715005229335e-05	3	LOC138566164
3.15464490928247e-09	-0.786228137097839	0.397	0.635	3.87800498698094e-05	3	EIF1
3.16801253424305e-09	1.29816060118522	0.299	0.131	3.89443780834498e-05	3	SEC24C
3.2311899670358e-09	1.24134896070819	0.397	0.211	3.9721018264771e-05	3	ERC1
3.25695493017973e-09	1.7445622713734	0.185	0.059	4.00377469566995e-05	3	CDC14B
3.31588495682417e-09	1.29227337679798	0.321	0.147	4.07621737742396e-05	3	DENND6A
3.35101517398276e-09	1.20843295517719	0.391	0.206	4.119402953377e-05	3	AMMECR1
3.35637337098618e-09	-1.60121256546833	0.125	0.338	4.12598978495331e-05	3	NSA2
3.40434190598727e-09	1.01361613147397	0.587	0.421	4.18495750503014e-05	3	MYOF
3.49540409677279e-09	1.07386989662636	0.418	0.221	4.2969002561628e-05	3	TRAPPC8
3.51490274089628e-09	1.12906018969286	0.587	0.437	4.3208699393838e-05	3	ARHGEF9
3.5330020302841e-09	1.56533770919333	0.239	0.092	4.34311939582825e-05	3	FBRS
3.54264655298504e-09	1.3270437825908	0.342	0.166	4.35497540758451e-05	3	TUT7
3.55315909334822e-09	1.08413823208019	0.397	0.206	4.36789847345296e-05	3	MIA3
3.55851137149954e-09	-1.15078557621866	0.223	0.45	4.37447802898438e-05	3	EIF1AX
3.60809135408085e-09	1.51009701773638	0.277	0.119	4.43542670157159e-05	3	DENND1A
3.62865219554941e-09	-0.779877930915695	0.386	0.617	4.46070214398889e-05	3	ZNF706
3.65376972275438e-09	-1.1709948644463	0.234	0.459	4.49157912018195e-05	3	ATP5PO
3.68887735540836e-09	-1.06219165294967	0.207	0.449	4.53473693300349e-05	3	GLO1
3.71000508472016e-09	-0.634203668367322	0.522	0.751	4.56070925064649e-05	3	ZNF326
3.80118730539632e-09	-0.927911758482308	0.326	0.56	4.67279955452369e-05	3	MYEF2
3.81966393582536e-09	1.14001940168273	0.429	0.241	4.69551287631011e-05	3	MAP4
3.88797902973339e-09	-0.809750016507572	0.424	0.646	4.77949262125125e-05	3	KHDRBS1
4.00268594370465e-09	1.12307389462713	0.332	0.151	4.92050183059612e-05	3	KMT2B
4.11740799378964e-09	1.42121350178641	0.272	0.113	5.06152964676561e-05	3	CEP192
4.21470336086671e-09	1.19993186468746	0.342	0.162	5.18113484151344e-05	3	TRRAP
4.36089580702217e-09	1.20351688718245	0.408	0.222	5.36084921557235e-05	3	TAOK2
4.36705085044036e-09	1.31015944722763	0.321	0.147	5.36841561044633e-05	3	DNMT3A
4.42842481343775e-09	1.4488237004669	0.255	0.103	5.44386262315902e-05	3	SLX4
4.43107006313238e-09	1.42574008735386	0.353	0.179	5.44711442860863e-05	3	SIRT1
4.46838633787716e-09	1.39719459863236	0.25	0.098	5.49298732515239e-05	3	LPCAT1
4.47649376861033e-09	1.43826041163544	0.277	0.118	5.50295378975268e-05	3	CHD8
4.50040043950172e-09	1.65320052926819	0.239	0.095	5.53234226027947e-05	3	AGAP3
4.59327230160606e-09	1.28481312328816	0.283	0.12	5.64650964036433e-05	3	TNFSF12
4.62527778311897e-09	1.28888278759721	0.332	0.156	5.68585397878816e-05	3	MAP3K3
4.71816203853475e-09	1.01873723481239	0.44	0.235	5.80003659397077e-05	3	DIAPH1
4.76260499757104e-09	-1.19174305330921	0.19	0.412	5.85467032351408e-05	3	PSMB6
4.84602578223792e-09	1.47714942502903	0.228	0.084	5.95721949410508e-05	3	EXT2
4.85102738384265e-09	1.19361670887868	0.386	0.203	5.96336796295777e-05	3	ANKRD17
4.96514958891617e-09	1.36429019025523	0.261	0.106	6.10365838965465e-05	3	SRCAP
5.15324209293663e-09	1.27180927423827	0.283	0.12	6.334880504847e-05	3	WDR33
5.26363640367577e-09	-1.50896504871602	0.141	0.355	6.47058823103863e-05	3	PSMB2
5.44168087616571e-09	1.17701908500537	0.429	0.24	6.68945830107051e-05	3	INPPL1
5.51955402453591e-09	1.36749262229358	0.342	0.171	6.78518776236199e-05	3	KMT2A
5.924194004188e-09	1.14716266741402	0.38	0.193	7.28261168934831e-05	3	BCL9
6.054342041309e-09	1.32161957400921	0.261	0.106	7.44260267138116e-05	3	MARCHF6
6.35793966518056e-09	1.04172246111182	0.489	0.293	7.81581523040646e-05	3	GNAQ
6.40501699058926e-09	1.65048102791459	0.228	0.087	7.87368738653137e-05	3	ZCCHC14
6.54834156728067e-09	1.47596834019771	0.196	0.066	8.04987628865813e-05	3	ZNF652
6.62538695152591e-09	-1.29893936726319	0.174	0.391	8.1445881795108e-05	3	EIF3K
6.70358304165435e-09	1.2039938900107	0.446	0.267	8.2407146331057e-05	3	DIP2C
6.96474795347246e-09	1.551917193431	0.201	0.07	8.5617646592037e-05	3	LOC138481675
7.0970264578388e-09	1.23338767500551	0.359	0.181	8.72437462462124e-05	3	NCOA3
7.11297672576303e-09	1.42929790676705	0.272	0.115	8.74398228898049e-05	3	PI4KB
7.25750404366227e-09	1.28231013367372	0.326	0.154	8.92164972087403e-05	3	ARHGAP10
7.44486999370729e-09	0.978359455982097	0.489	0.292	9.15197868326437e-05	3	AHR
7.56565373617014e-09	1.72641492466314	0.266	0.116	9.30045813787395e-05	3	DMD
7.5697777525923e-09	1.21532104875481	0.462	0.278	9.30552779126172e-05	3	JARID2
7.74956451737427e-09	1.35927211548861	0.255	0.104	9.52653966120818e-05	3	GPD2
7.77399889516724e-09	1.48265453099389	0.266	0.114	9.55657684182909e-05	3	NPC1
7.8559614885451e-09	1.20563923712789	0.386	0.205	9.65733345786849e-05	3	CHD1
7.87679732221522e-09	1.22998909854364	0.321	0.149	9.68294694819917e-05	3	MYO9A
7.93597626725843e-09	1.20044482292963	0.364	0.184	9.75569562534079e-05	3	SCRIB
7.93641494439283e-09	1.01958433529324	0.658	0.587	9.7562348911421e-05	3	RAMP3
8.03939024977469e-09	1.10831054195539	0.408	0.22	9.88282243404803e-05	3	USP32
8.15608115703145e-09	1.19903617021473	0.353	0.174	0.000100262705663388	3	NCOA1
8.58850386714427e-09	1.15685439391343	0.397	0.211	0.000105578478038805	3	ADGRE5
8.74749999717334e-09	1.32952477209456	0.342	0.171	0.000107533017465252	3	ATXN2L
8.83958090171459e-09	1.48480299757247	0.272	0.118	0.000108664968024777	3	NCOA6
8.84577763541883e-09	1.22458429410284	0.592	0.437	0.000108741144472204	3	PLCB1
8.87957766278678e-09	1.48287554900135	0.239	0.095	0.000109156648208638	3	CCDC93
9.25996462172801e-09	-1.10538224943736	0.212	0.433	0.000113832745094902	3	LOC138566687
9.60322587338542e-09	1.16540539233345	0.359	0.179	0.000118052455661527	3	KIRREL1
1.00023500589522e-08	-1.37289531017478	0.158	0.37	0.000122958889274699	3	ATP5PB
1.00162316264049e-08	1.78054156847897	0.212	0.08	0.000123129535383396	3	SLC9A9
1.02544333009489e-08	1.22998909854364	0.304	0.138	0.000126057748568564	3	SUFU
1.05904977307988e-08	1.7169764397015	0.168	0.053	0.00013018898860471	3	DTNB
1.06011409580511e-08	-1.11414373258439	0.228	0.449	0.000130319825797322	3	SOD1
1.06333871855974e-08	1.4557018781717	0.25	0.102	0.000130716228672549	3	A4GNT
1.06777267770577e-08	1.49677563923854	0.299	0.141	0.00013126129527037	3	ATG4B
1.07965074460077e-08	-0.657536172197946	0.56	0.753	0.000132721466033772	3	HNRNPH1
1.08537697810917e-08	1.01317770947049	0.511	0.323	0.00013342539191896	3	UTRN
1.10466316413684e-08	1.52277084777149	0.217	0.081	0.000135796242767341	3	COL24A1
1.1173122836193e-08	-0.6090746832413	0.641	0.783	0.000137351199025321	3	HNRNPL
1.16212710688096e-08	1.84564839648771	0.174	0.057	0.000142860285248877	3	METAP1D
1.16263525122708e-08	1.551917193431	0.228	0.089	0.000142922751433345	3	SRPK3
1.17184757746633e-08	1.28126960348734	0.288	0.127	0.000144055222697936	3	SLC44A2
1.17291429271617e-08	1.19522368038297	0.348	0.172	0.000144186354003598	3	RALGAPA2
1.19262209102817e-08	1.23544352863575	0.386	0.208	0.000146609033650092	3	LOC138550342
1.21221677483948e-08	-1.34191724935207	0.185	0.393	0.000149017808131017	3	NDUFA6
1.25572698213903e-08	1.21586799029899	0.293	0.131	0.000154366517914351	3	KIF3A
1.25813553260238e-08	-1.18279242679483	0.217	0.434	0.000154662601022811	3	LOC138521839
1.26840054357341e-08	1.42538478750207	0.261	0.11	0.000155924478821479	3	POGZ
1.28146217951696e-08	-0.932077678246106	0.391	0.583	0.00015753014572802	3	RBM4
1.30115995976128e-08	1.37885248445812	0.25	0.102	0.000159951593853454	3	BTBD8
1.39190887483463e-08	1.15959977065224	0.408	0.228	0.000171107357983422	3	FBXW7
1.42156189635034e-08	1.37214957415744	0.478	0.311	0.000174752603918347	3	GALNT18
1.43228310553597e-08	1.46825926438409	0.277	0.123	0.000176070562163536	3	NSD1
1.47117091941223e-08	1.75836807089843	0.152	0.044	0.000180851041123346	3	CLYBL
1.48842968189358e-08	1.32952477209456	0.332	0.163	0.000182972660795177	3	WNK3
1.51017211272602e-08	0.948807345999588	0.614	0.455	0.00018564545781741	3	TNS1
1.53640237400899e-08	1.16550037209193	0.446	0.271	0.000188869943836925	3	SPRED1
1.54186079994091e-08	1.51715177527033	0.207	0.075	0.000189540948136736	3	RANBP10
1.55976658899571e-08	1.27539955823359	0.304	0.143	0.000191742106785243	3	DIP2A
1.57379406832241e-08	1.27294124372819	0.321	0.155	0.000193466504818874	3	DENND5A
1.58829256749387e-08	1.23780860300294	0.5	0.312	0.000195248805322022	3	ZNF521
1.60855581330765e-08	1.21311527997925	0.348	0.175	0.00019773976612991	3	DGKH
1.61687524660351e-08	1.39145252123776	0.245	0.099	0.00019876247406497	3	PI4KA
1.67637569511236e-08	-0.716885692862402	0.516	0.725	0.000206076864200162	3	ACTG1
1.70397858063652e-08	1.551917193431	0.255	0.109	0.000209470086917648	3	NFATC4
1.71590097043044e-08	1.01586429319079	0.391	0.207	0.000210935706295014	3	PDS5B
1.74294920506771e-08	1.08816827967893	0.391	0.209	0.000214260745778974	3	HIP1
1.76900069098447e-08	1.22688985988476	0.375	0.196	0.000217463254942721	3	FNBP1
1.79082075064807e-08	1.63938003468134	0.174	0.057	0.000220145594877168	3	TSTD2
1.82371397813089e-08	1.34952779674218	0.304	0.144	0.000224189159331631	3	SP140
1.83771902994776e-08	-1.48370671629972	0.12	0.323	0.000225910800351478	3	POLR2J
1.88002866980251e-08	-1.82312223791592	0.076	0.267	0.000231111924378822	3	POLR2L
1.89652875158475e-08	0.895061774228062	0.516	0.317	0.000233140279432313	3	VMP1
1.95148523859212e-08	0.716354569234886	0.712	0.543	0.00023989608038013	3	ADAM10
1.97969953162479e-08	1.17164511231284	0.304	0.138	0.000243364463422635	3	TAF4
2.03196898916097e-08	1.10856929812878	0.359	0.183	0.000249789947837558	3	CUL5
2.06501503493941e-08	-0.615036241480017	0.603	0.784	0.000253852298245101	3	NONO
2.07927666376585e-08	1.30137373178041	0.277	0.122	0.000255605480276736	3	VPS13D
2.08482639224193e-08	1.05606216654383	0.451	0.265	0.000256287708398301	3	TEAD1
2.09278288437014e-08	1.1772820482128	0.359	0.183	0.000257265799975621	3	TBC1D4
2.1963130859408e-08	1.50355417186961	0.212	0.08	0.000269992767654702	3	GMEB1
2.21513187650084e-08	1.11303295219779	0.516	0.34	0.000272306161578248	3	ARHGEF2
2.26849899120891e-08	-1.2414444565471	0.185	0.393	0.000278866580989312	3	ARPC1B
2.27159926059852e-08	1.15030020991448	0.353	0.179	0.000279247697105376	3	ZEB1
2.28900336244231e-08	1.23394711211233	0.326	0.158	0.000281387183345033	3	CPT1A
2.30751831571742e-08	-1.36694604384359	0.152	0.359	0.000283663226551142	3	OSTC
2.49099587333822e-08	1.48918143808304	0.217	0.083	0.000306218122709468	3	TBC1D9B
2.59136817737917e-08	-0.988057852516842	0.261	0.477	0.000318556890045222	3	UBE2N
2.60457462120351e-08	-1.4416277844317	0.141	0.343	0.000320180358184548	3	TRMT112
2.66768719491476e-08	1.41946689740735	0.239	0.097	0.000327938786870872	3	RYK
2.67211007696609e-08	1.14189776891878	0.413	0.23	0.000328482491761442	3	ARHGEF1
2.67624936039352e-08	0.994814497170839	0.462	0.278	0.000328991333873175	3	SGMS1
2.74374592509706e-08	1.47556630730089	0.217	0.083	0.000337288686572181	3	BANP
2.74916455000332e-08	1.0058175150473	0.658	0.515	0.000337954798131908	3	TCF4
2.75143741216984e-08	0.853359660867888	0.495	0.293	0.000338234201078038	3	KTN1
2.77817432566283e-08	1.26157544160147	0.44	0.265	0.000341520969853732	3	ARHGEF28
2.82566958350071e-08	-1.03304530729015	0.234	0.452	0.000347359561899742	3	SSR4
2.86719355554607e-08	1.21934185434413	0.397	0.231	0.000352464103783278	3	SBF1
2.87336588630161e-08	1.2598905842575	0.315	0.151	0.000353222868403056	3	RNF216
2.88176709383694e-08	1.07671825893539	0.527	0.364	0.000354255628845376	3	MAP4K4
2.88570725994877e-08	0.980010845535294	0.511	0.314	0.000354739993465503	3	PTPRE
2.89450131678202e-08	1.24122981200579	0.679	0.565	0.000355821046872013	3	INSR
2.94050407371569e-08	1.26951746273028	0.315	0.154	0.00036147616578187	3	CSNK1G1
2.94553363686208e-08	-1.10152504517292	0.217	0.429	0.000362094449979455	3	SELENOF
2.97704450331463e-08	2.28888278759721	0.098	0.02	0.000365968080792467	3	KIF7
2.98957107273089e-08	1.96695469270985	0.141	0.041	0.000367507971970808	3	MRE11
3.02657369172358e-08	1.3334936742975	0.255	0.108	0.000372056703923579	3	ATM
3.08246058524947e-08	1.49880585697144	0.196	0.07	0.000378926879744717	3	LOC138534787
3.11016402421288e-08	1.28231013367372	0.31	0.149	0.000382332463496489	3	WDFY3
3.11842739953228e-08	-1.65063881225127	0.076	0.266	0.000383348280224503	3	MRPL42
3.15233530494325e-08	1.58939189884967	0.19	0.068	0.000387516579036674	3	AREL1
3.1949010835137e-08	1.15959977065224	0.304	0.141	0.000392749190196339	3	MAP3K1
3.30252273333711e-08	1.13125514495828	0.386	0.208	0.000405979119609131	3	TRAF2
3.37900849338547e-08	1.31334484503912	0.397	0.217	0.000415381514091875	3	CDKAL1
3.42122335392973e-08	1.19283610012618	0.359	0.187	0.000420570986898582	3	NSD2
3.44856484768109e-08	1.38199219198869	0.299	0.142	0.000423932076725436	3	ARFGEF2
3.53464679958643e-08	-0.840400229347756	0.337	0.562	0.00043451413107316	3	PSMA2
3.60588446154883e-08	-0.796810960800074	0.38	0.589	0.000443271376858197	3	RBM4B
3.67815748776946e-08	1.07731514015235	0.38	0.204	0.0004521558999715	3	KPNA3
3.70995610823597e-08	1.24581406570532	0.272	0.12	0.000456064904385448	3	WDR7
3.7478450302672e-08	-1.14567416240106	0.168	0.381	0.000460722589570746	3	MAGOH
3.90571283088737e-08	1.30880348172047	0.315	0.155	0.000480129278300985	3	MAP4K3
3.90581115097462e-08	1.10611744038147	0.375	0.201	0.00048014136478931	3	TAOK1
3.98881994194919e-08	0.843178152071425	0.565	0.366	0.000490345635463814	3	KANK3
4.00096919427323e-08	1.4557018781717	0.25	0.107	0.000491839143052008	3	STK25
4.03038112640818e-08	1.16322008633094	0.332	0.163	0.000495454751869358	3	TBC1D2
4.10247414507522e-08	1.22998909854364	0.342	0.177	0.000504317146654096	3	BMPR2
4.25225299898671e-08	1.674401199956	0.196	0.072	0.000522729461165437	3	PIKFYVE
4.26451982733374e-08	1.8064900205166	0.158	0.05	0.000524237422374137	3	PAK3
4.30560056930354e-08	-1.45500222050879	0.136	0.332	0.000529287477984484	3	LOC138480899
4.37602131746727e-08	1.04602626370105	0.342	0.17	0.000537944300556251	3	ZC3H3
4.38056391285951e-08	1.47391468142973	0.212	0.082	0.00053850272180782	3	CDK5RAP2
4.39647592267302e-08	1.50461147865265	0.212	0.082	0.000540458785174195	3	UPF3B
4.4027065219029e-08	0.929152659997463	0.462	0.277	0.000541224712737523	3	PRKACA
4.47654386828958e-08	1.38633112771303	0.196	0.07	0.000550301537728838	3	UBN2
4.57973075201375e-08	0.940237354334068	0.457	0.266	0.000562986301345051	3	ZNF436
4.67517522661839e-08	2.09735132996552	0.125	0.033	0.000574719290608199	3	TLN2
4.69412361687786e-08	1.10198148616757	0.397	0.222	0.000577048616222795	3	ZMYND8
4.72128421664379e-08	1.15404024531034	0.326	0.16	0.000580387468752021	3	GON4L
4.83246873913373e-08	1.3465982854535	0.321	0.16	0.000594055382101709	3	FHOD1
4.83499352089454e-08	1.22998909854364	0.288	0.133	0.000594365753523565	3	CARMIL1
4.84039959254406e-08	1.94619613254305	0.12	0.031	0.000595030321911441	3	ELP4
4.84836783759565e-08	1.37908059656879	0.25	0.107	0.000596009858275633	3	PHLPP1
4.85619214431243e-08	1.17232853015645	0.391	0.224	0.000596971700300327	3	CCNY
4.97665899831388e-08	1.17605029143284	0.348	0.18	0.000611780690662725	3	IGF2R
5.00607139925451e-08	1.23875930817137	0.299	0.141	0.000615396357110357	3	YTHDC2
5.09664065580998e-08	0.522126742692782	0.875	0.772	0.000626530035818721	3	ND3
5.15642937788392e-08	1.05061262175676	0.484	0.304	0.00063387986342327	3	BIRC6
5.20468270289115e-08	1.11451188112371	0.391	0.22	0.000639811644666409	3	HTT
5.28401196855277e-08	-1.54657266996836	0.114	0.306	0.000649563591294192	3	NDUFB4
5.35233104195695e-08	1.07057732378401	0.408	0.232	0.000657962054987768	3	SETD2
5.40358681917825e-08	1.2243425354025	0.266	0.117	0.000664262927681582	3	ZFYVE9
5.52357941698515e-08	1.210448912148	0.467	0.289	0.000679013617729985	3	RASGRP3
5.52476526336482e-08	1.45122319381153	0.304	0.147	0.000679159393825438	3	OSBPL10
5.55560787189601e-08	1.27393244613124	0.37	0.202	0.000682950875692177	3	SEMA7A
5.60669957978422e-08	1.22998909854364	0.283	0.129	0.000689231579342874	3	RNF123
5.67510031433918e-08	1.49458401836505	0.19	0.069	0.000697640081641715	3	SENP7
5.76973832723529e-08	1.43456024279284	0.25	0.109	0.000709273932567034	3	MAML3
5.78033712370812e-08	1.21359466029297	0.31	0.149	0.000710576842617439	3	C2CD2
5.91970563308278e-08	1.13931873960358	0.332	0.165	0.000727709413474866	3	CHD3
5.97942783401657e-08	1.78638244706803	0.141	0.042	0.000735051063635657	3	ABCA9
6.05983921701749e-08	0.781399039553771	0.723	0.6	0.000744936034947959	3	PECAM1
6.13691839605005e-08	1.98206158510006	0.196	0.075	0.000754411378426433	3	BRIP1
6.40886543286414e-08	1.16489407032176	0.304	0.146	0.000787841827661988	3	RAP1GDS1
6.42754969630767e-08	1.37031038694106	0.304	0.152	0.000790138684167101	3	SH3PXD2A
6.46127176580429e-08	1.13033684828539	0.587	0.467	0.000794284138170322	3	NOS3
6.49866561835457e-08	1.19436518881292	0.337	0.173	0.000798880964464328	3	ITSN1
6.55554280220173e-08	1.27628275081758	0.266	0.118	0.000805872876674658	3	GPHN
6.7063749164857e-08	1.17621784210266	0.332	0.166	0.000824414668483587	3	SH3BP2
6.96332279669548e-08	0.925638823597613	0.62	0.465	0.000856001271397775	3	AKAP13
6.99947505997883e-08	1.06513508664875	0.342	0.172	0.000860445469123198	3	TET3
7.00448750608532e-08	0.990722858642798	0.424	0.24	0.000861061649123069	3	PDE8A
7.04009045435723e-08	1.53784200821928	0.223	0.091	0.000865438319554134	3	CEP250
7.06779160346757e-08	1.11021174369008	0.315	0.153	0.000868843621814268	3	GSK3B
7.28690776844442e-08	1.38841846114812	0.234	0.097	0.000895779571974872	3	LOC138513380
7.41748153554397e-08	1.1982802388163	0.288	0.133	0.00091183100516442	3	SLC4A7
7.43493090980169e-08	1.38555880700888	0.223	0.09	0.000913976056741922	3	FAM193B
7.53145964902618e-08	1.26015106905389	0.266	0.119	0.000925842334654789	3	MTMR4
7.71479061029298e-08	0.9301492517113	0.5	0.312	0.000948379209723317	3	CUX1
8.12885271374938e-08	1.16602603981168	0.332	0.169	0.000999279864101211	3	MYO6
8.5969819894635e-08	1.91037116434348	0.12	0.032	0.00105682699596475	3	FAM78A
8.64531921632174e-08	1.66439192268942	0.185	0.068	0.00106276909126243	3	SKIC3
8.80274217270383e-08	1.36243939456729	0.261	0.117	0.00108212109529048	3	TOX4
8.90796164224154e-08	-1.07257367147679	0.234	0.437	0.00109505572468075	3	MAPRE1
8.94528573989257e-08	-0.523498951535227	0.511	0.737	0.00109964397600499	3	HNRNPA1
9.06212123934691e-08	1.24610876390692	0.315	0.158	0.00111400656395292	3	GAK
9.47760985097918e-08	1.58106353909052	0.212	0.085	0.00116508257898087	3	MIS18BP1
9.67231876449841e-08	1.12392403904825	0.375	0.207	0.00118901814571979	3	EXT1
1.03411981705177e-07	-1.48294156378065	0.114	0.301	0.00127124349110174	3	NDUFA11
1.04521604103993e-07	2.49533366506464	0.098	0.022	0.00128488407925039	3	JPH1
1.05124275175351e-07	-0.844634735002661	0.321	0.537	0.00129229271473059	3	SERBP1
1.05714248287954e-07	1.72184219487332	0.168	0.058	0.00129954525420382	3	HAUS4
1.06856626930352e-07	0.962005476738114	0.418	0.243	0.00131358851485482	3	ANKRD11
1.08441370784187e-07	1.21374845753643	0.261	0.116	0.00133306977105001	3	FBRSL1
1.08875657572454e-07	-1.23098468490206	0.168	0.364	0.00133840845853818	3	NOP10
1.09931160258786e-07	1.24287038984037	0.337	0.177	0.00135138375306126	3	PITPNM2
1.10144382521768e-07	1.22493587081736	0.272	0.124	0.0013540048943401	3	NDST1
1.10488661052368e-07	0.977008357373771	0.397	0.222	0.00135823711031676	3	KIF13A
1.12226790021349e-07	0.96005183245516	0.495	0.323	0.00137960392973244	3	ROCK2
1.13718862654792e-07	1.40989818855858	0.25	0.11	0.00139794597861536	3	TBCD
1.15515734383951e-07	1.26561300827436	0.326	0.169	0.0014200349227819	3	MLLT6
1.15763191393008e-07	1.00703213208518	0.571	0.41	0.00142307691179424	3	DYSF
1.15939636188302e-07	-1.32981992494918	0.13	0.321	0.0014252459476628	3	PAIP2B
1.21169846858575e-07	1.2039938900107	0.321	0.165	0.00148954092743246	3	ZNF25
1.22275451299852e-07	1.11947664789071	0.397	0.228	0.00150313212282908	3	GIGYF2
1.26126708007619e-07	1.43643997601107	0.201	0.078	0.00155047562153766	3	MGAT4B
1.26521882731474e-07	1.2403310427651	0.266	0.12	0.00155533350441801	3	BPTF
1.28568004396728e-07	1.22998909854364	0.375	0.213	0.00158048647804897	3	ATRN
1.30579753590928e-07	-0.847779759713354	0.272	0.487	0.00160521691089328	3	ABCF2
1.31588508362368e-07	1.07996365453903	0.467	0.291	0.00161761753329859	3	LDB2
1.36162048477351e-07	1.96695469270985	0.12	0.032	0.00167384006193207	3	ANKS6
1.37596284056991e-07	1.13993949390122	0.288	0.135	0.00169147111991259	3	SNX1
1.37916740004651e-07	1.2224815618747	0.375	0.215	0.00169541048487718	3	PPP1R16B
1.38737483180734e-07	-1.05689204924452	0.245	0.437	0.00170549988074076	3	ATP5F1C
1.39825305310659e-07	-0.828339508372706	0.451	0.632	0.00171887247818393	3	RHOB
1.41510555231885e-07	-1.07916735315959	0.19	0.397	0.00173958925546556	3	PCNA
1.42472670410752e-07	1.7567369853195	0.158	0.053	0.00175141653735937	3	FANCI
1.42834800955129e-07	1.11539996674171	0.332	0.171	0.0017558682081414	3	RNGTT
1.4370406002452e-07	1.39844271276929	0.228	0.095	0.00176655400988142	3	SEC24B
1.4591848344334e-07	1.34790330140941	0.31	0.156	0.00179377591696898	3	ADGRF5
1.46947436239626e-07	1.26463524135053	0.272	0.126	0.00180642483369372	3	KDM6A
1.47149522502687e-07	1.42067266015275	0.207	0.082	0.00180890908012553	3	DHX40
1.48771902801084e-07	-1.65136640495774	0.098	0.276	0.00182885300113373	3	SKA2
1.5017156523823e-07	1.84737307695718	0.13	0.038	0.00184605905147356	3	FOXO3
1.50501192721319e-07	1.13406467854511	0.304	0.149	0.00185011116212318	3	ARB2A
1.51357558743084e-07	-1.73810165350161	0.071	0.245	0.00186063846962873	3	S100A16
1.52905997856769e-07	1.17188614398007	0.31	0.156	0.00187967343165326	3	INPP5F
1.53181542422946e-07	1.20141994634687	0.321	0.162	0.00188306070100528	3	RASSF8
1.5492421942403e-07	0.872317818571773	0.473	0.291	0.0019044834293796	3	DST
1.57686981873853e-07	-0.592012599478364	0.495	0.693	0.00193844606817528	3	ILF3
1.58328378375219e-07	-1.17366817288427	0.158	0.354	0.00194633075536656	3	CHCHD2
1.58494989251345e-07	0.962446267038101	0.565	0.42	0.00194837890286678	3	ERG
1.59352887394806e-07	1.50461147865265	0.201	0.079	0.00195892504474435	3	LOC138528761
1.6282566091566e-07	0.959686692245809	0.473	0.301	0.00200161584963621	3	FAM120C
1.68988095985798e-07	0.962488141027957	0.723	0.601	0.00207737066395342	3	ADCY4
1.69020085086404e-07	-1.02841385855851	0.239	0.437	0.00207776390596716	3	HDGF
1.69381514666645e-07	1.35753914826415	0.239	0.103	0.00208220695979707	3	RIT1
1.70023513566464e-07	1.22279359713944	0.283	0.133	0.00209009905227254	3	PDGFC
1.70706748017327e-07	1.16314534884597	0.38	0.217	0.00209849805337701	3	ERI3
1.72027377070035e-07	2.01586429319079	0.103	0.025	0.00211473254632194	3	BRCA1
1.73123581901419e-07	-1.05555270669972	0.228	0.428	0.00212820819231414	3	LSM3
1.73964266249008e-07	1.6430650814892	0.207	0.084	0.00213854272499905	3	USP42
1.77037115937672e-07	0.740971987378081	0.592	0.433	0.0021763172662218	3	LOC138580807
1.77576120763442e-07	0.940019113738799	0.587	0.418	0.00218294325254499	3	STAB1
1.77725325849816e-07	1.154157685584	0.293	0.143	0.00218477743067178	3	PC
1.78686396010166e-07	1.4094729284108	0.228	0.096	0.00219659186615297	3	DPY19L1
1.83731789734906e-07	1.02645570445851	0.315	0.156	0.0022586148912112	3	SH3PXD2B
1.855274530293e-07	1.49746940940863	0.19	0.072	0.00228068898008918	3	PNPLA7
1.86125996861747e-07	1.19522368038297	0.391	0.229	0.00228804687942145	3	HDAC7
1.89184190314887e-07	-1.09895942402149	0.19	0.384	0.0023256412515409	3	FKBP1B
1.91057289595406e-07	-0.673557252236923	0.538	0.707	0.00234866726099632	3	ALDOA
1.91322491769681e-07	1.00626761673467	0.522	0.367	0.00235192739132469	3	PREX2
1.92100263427793e-07	3.08243191012978	0.054	0.006	0.00236148853831786	3	CRISPLD2
1.92879695213401e-07	1.11060036935331	0.386	0.222	0.00237107009325834	3	AKT3
1.93761848559614e-07	1.18401366974326	0.364	0.207	0.00238191440434333	3	ATRNL1
2.00290908037852e-07	-1.63790736544901	0.103	0.28	0.00246217613250931	3	FAM32A
2.01924947971765e-07	1.29607828900141	0.277	0.133	0.0024822633854169	3	CHUK
2.02452931433199e-07	1.48632885180343	0.201	0.08	0.00248875388610831	3	TRIM37
2.04103326158998e-07	1.50659320292151	0.212	0.087	0.00250904218847256	3	TSNARE1
2.06916393069815e-07	1.26503604564284	0.245	0.108	0.00254362322000724	3	SCAP
2.08423259813313e-07	1.21673300184137	0.293	0.143	0.00256214713288506	3	CORO7
2.0981513160533e-07	0.667569166473574	0.761	0.668	0.00257925741282432	3	TRIM39
2.10236085952124e-07	1.26971537685925	0.299	0.152	0.00258443220460946	3	DOCK11
2.10531100349375e-07	0.962467301717534	0.429	0.259	0.00258805881659487	3	SMARCA2
2.11250817145156e-07	2.00759667720719	0.114	0.031	0.0025969062951654	3	PRDM10
2.12645095450002e-07	0.911290517594849	0.533	0.351	0.00261404615836688	3	ITPKA
2.17946766418009e-07	-1.21581065450589	0.13	0.32	0.00267921959957658	3	MICOS13
2.2314872590209e-07	1.94619613254305	0.114	0.031	0.0027431672875144	3	NPHP3
2.27571583118621e-07	0.864992281764393	0.5	0.311	0.00279753747127721	3	IQGAP2
2.30181295411598e-07	-1.31890414746999	0.13	0.317	0.00282961866449478	3	SRP14
2.34061657476796e-07	1.27338169405702	0.255	0.116	0.00287731995536225	3	NUP205
2.34863724514026e-07	1.15843583751861	0.283	0.134	0.00288717976545092	3	SLC9A6
2.3842308225282e-07	1.5024485171667	0.196	0.077	0.00293093495013392	3	LOC138480882
2.38991681121757e-07	1.12831768064874	0.299	0.146	0.00293792473602976	3	RAF1
2.41972802236033e-07	2.8149515992648	0.06	0.008	0.00297457165788755	3	PIMREG
2.45718794415653e-07	-0.72452813166235	0.359	0.563	0.00302062113975162	3	ATP5F1A
2.48329370201724e-07	0.867181558037356	0.489	0.315	0.00305271294788979	3	AFDN
2.488064596817e-07	1.43373576708269	0.196	0.076	0.00305857780886714	3	TMEM135
2.49626599295398e-07	-0.764723070096596	0.332	0.533	0.00306865978513832	3	ARHGDIB
2.52523505246133e-07	1.36097441071961	0.239	0.106	0.00310427144999071	3	AHCTF1
2.5280889258337e-07	-1.06207435590168	0.174	0.373	0.00310777971652736	3	PSMA6
2.53988294532524e-07	1.31689716376681	0.272	0.131	0.00312227810468832	3	ZNF644
2.54189795520357e-07	1.2238629957468	0.228	0.096	0.00312475515633175	3	CSPP1
2.64496485021895e-07	-0.730346683882843	0.424	0.606	0.00325145529037416	3	CLIC1
2.67215642900595e-07	1.27468890601446	0.375	0.22	0.00328488189817701	3	ST8SIA4
2.68612521127442e-07	1.72879495551508	0.13	0.039	0.00330205372221965	3	TMTC3
2.6966237244677e-07	1.33779238807816	0.234	0.102	0.00331495954448814	3	TTC21B
2.71515911236438e-07	1.23875930817137	0.288	0.141	0.00333774509682953	3	ARHGAP35
2.7192191785432e-07	-0.612806558426699	0.647	0.812	0.00334273613618315	3	UBC
2.74239915772029e-07	1.05441753396019	0.359	0.197	0.00337123128458555	3	NPTN
2.80842391303138e-07	1.17340557017727	0.283	0.136	0.00345239551628947	3	MAP4K5
2.81652983301473e-07	-1.27309639512311	0.147	0.333	0.00346236012372501	3	HINT1
2.83306058134162e-07	1.0197713911533	0.408	0.244	0.00348268137264325	3	RB1
2.85435642143761e-07	1.29235497950402	0.353	0.196	0.00350886034887325	3	MCTP2
2.85990680753333e-07	-0.589438655814537	0.516	0.694	0.00351568343850072	3	TMEM176B
2.87673918485375e-07	1.09735132996552	0.272	0.126	0.00353637547994072	3	MED14
2.87681067183351e-07	-1.06138993298411	0.19	0.384	0.00353646335888494	3	SKP1
2.91208407432186e-07	1.05858516817542	0.31	0.155	0.00357982495256386	3	PRR12
2.9234197555204e-07	1.63208754211499	0.174	0.064	0.00359375990546123	3	SRF
2.95754474640003e-07	1.23457636803929	0.277	0.133	0.00363570975674956	3	EXD3
3.0767203593328e-07	1.37058742871644	0.245	0.109	0.0037822123377278	3	EIF4G3
3.08471070719537e-07	1.02525333327451	0.402	0.234	0.00379203487235526	3	CYTH1
3.10523023358669e-07	-1.10130283569371	0.217	0.406	0.00381725952614812	3	TXNDC17
3.15292538264267e-07	1.42067266015275	0.201	0.081	0.00387589117288263	3	UBA6
3.1640493355216e-07	0.95653807676451	0.391	0.221	0.00388956584815671	3	SBNO2
3.16722343743102e-07	1.40507580510173	0.245	0.11	0.00389346777163395	3	LOC138567561
3.20027977193788e-07	0.972557398939224	0.511	0.356	0.00393410392364324	3	NOTCH1
3.217589855496e-07	1.00336533289953	0.413	0.25	0.00395538320936123	3	CLASP1
3.22103003134742e-07	1.02958568098025	0.402	0.235	0.00395961221753538	3	DEDD2
3.23658272483991e-07	1.35461575305739	0.25	0.114	0.00397873114364571	3	LOC138581099
3.26231238655179e-07	1.65625385324574	0.185	0.071	0.00401036061678811	3	ARK2C
3.27665872662031e-07	1.89295411126607	0.152	0.052	0.00402799657263435	3	RPS6KA6
3.28198973096781e-07	0.865170954752533	0.467	0.294	0.00403454997627873	3	OLA1
3.31521908951538e-07	-1.2369176406558	0.114	0.301	0.00407539882674126	3	DENR
3.3253232818837e-07	1.30729482471109	0.223	0.095	0.00408781991041964	3	IARS2
3.37263650795697e-07	-0.903965358125222	0.288	0.477	0.00414598205923151	3	PKM
3.38795497088382e-07	0.87558993140672	0.663	0.573	0.00416481304570749	3	GASK1B
3.39598448696917e-07	1.20923053837684	0.293	0.145	0.0041746837298312	3	VPS54
3.42927805112137e-07	1.29095711583507	0.255	0.118	0.0042156115082435	3	ZNF423
3.4641843210368e-07	0.995523844906619	0.408	0.244	0.00425852178585054	3	PPP6R3
3.49643648947498e-07	1.05549136731151	0.359	0.2	0.0042981693765116	3	IDE
3.51043774916439e-07	1.1247459385163	0.304	0.153	0.00431538112504779	3	ITPR3
3.55327461626516e-07	1.01531771427125	0.375	0.21	0.00436804048577476	3	RALGPS2
3.59862462351159e-07	0.882065795123335	0.473	0.303	0.0044237892496828	3	ND4L
3.70378786179549e-07	1.65883239734752	0.141	0.045	0.00455306641850519	3	GLMN
3.76801712372675e-07	1.80468326381097	0.13	0.04	0.00463202345019729	3	SLF1
3.77299728965937e-07	1.1189577861549	0.315	0.163	0.00463814556817826	3	POU2F1
3.79671899504362e-07	1.1810794980627	0.266	0.124	0.00466730666060712	3	ADAM9
3.80413432290756e-07	1.07924106828422	0.435	0.277	0.00467642232315026	3	ADAM12
3.8311392690413e-07	1.9055541480457	0.114	0.032	0.00470961950343247	3	FHOD3
3.83959656026953e-07	1.22998909854364	0.207	0.083	0.00472001605153933	3	ARHGAP22
3.83975320642554e-07	1.24413328086391	0.321	0.171	0.00472020861665892	3	NEDD4
3.8698799197984e-07	0.991511796953827	0.353	0.19	0.00475724338540817	3	OXSR1
3.92215292731388e-07	1.03734402060125	0.348	0.188	0.00482150259354695	3	RABGAP1L
3.9253963571934e-07	1.09399388129898	0.353	0.196	0.00482548974189784	3	FARP2
4.12661183506239e-07	1.37221117119611	0.223	0.096	0.00507284392884219	3	KIF3C
4.17109451392888e-07	1.32113698660184	0.228	0.099	0.00512752648597277	3	SH3D19
4.18726317234343e-07	-1.32540028679417	0.103	0.282	0.00514740261776178	3	PDCD5
4.21830015234083e-07	1.16489407032176	0.321	0.171	0.00518555637727259	3	LPCAT4
4.31045744306684e-07	1.30680469559447	0.245	0.111	0.00529884533476206	3	ARHGAP39
4.3478158175668e-07	1.2677087644928	0.272	0.131	0.00534476998453486	3	CRLF3
4.35133143026013e-07	-0.646664266634375	0.467	0.669	0.00534909172721877	3	IFITM1
4.38942760761921e-07	1.1016650015681	0.353	0.193	0.00539592335804629	3	SRGAP1
4.47537354700614e-07	-0.757224746500515	0.359	0.579	0.00550157670133465	3	AQP1
4.49615122694207e-07	-1.38953062421388	0.109	0.285	0.00552711870327989	3	NDUFC2
4.57445482189647e-07	1.46618731940512	0.212	0.09	0.00562337731255733	3	AVEN
4.63767248644405e-07	1.52089029781038	0.201	0.082	0.00570109078758566	3	SUPT3H
4.72465474464751e-07	1.80567378567679	0.141	0.046	0.00580801807759519	3	CARF
4.74463985264069e-07	1.24735623051373	0.364	0.216	0.00583258577085121	3	SUSD1
4.75133019981353e-07	1.06720616634535	0.429	0.27	0.00584081021463078	3	RBMS3
4.75141186239677e-07	-1.23815973719476	0.147	0.329	0.00584091060244435	3	RBM8A
4.75561852243179e-07	1.61903138928954	0.19	0.076	0.0058460818496254	3	ATP11C
4.80996001467756e-07	1.35927211548861	0.201	0.082	0.00591288384604313	3	PHF12
4.94714526135405e-07	1.40507580510173	0.228	0.101	0.00608152566978254	3	HMCN1
4.95945092252592e-07	0.856371526644779	0.505	0.329	0.00609665301906112	3	PROM1
5.0100556868304e-07	1.08091088200693	0.342	0.185	0.00615886145582061	3	WAC
5.03086837552485e-07	2.12449596969633	0.12	0.035	0.0061844464940327	3	NALCN
5.07437569464892e-07	-1.74086455579684	0.076	0.239	0.00623793004143192	3	SAP18
5.11923508480457e-07	1.50611350381788	0.163	0.058	0.00629307568975026	3	CBX7
5.12867572238962e-07	1.32484828488508	0.217	0.093	0.00630468106553356	3	WIPF2
5.18069366767768e-07	1.7358800282736	0.223	0.101	0.00636862672567618	3	EPHB1
5.19261608370724e-07	1.19615550346777	0.255	0.118	0.00638328295170131	3	KLHL29
5.28255496807325e-07	2.17994841604405	0.087	0.019	0.00649384482225245	3	TCP11L1
5.366576718712e-07	1.20708869643356	0.245	0.11	0.00659713276031266	3	DOP1A
5.41570301490445e-07	0.962153706446027	0.408	0.245	0.00665752371622204	3	STAT5B
5.42813378221854e-07	1.47391468142973	0.179	0.069	0.00667280485848125	3	SMG6
5.43553172192257e-07	1.04729680102745	0.348	0.191	0.00668189914575941	3	USP11
5.44009170556854e-07	1.11134460204502	0.364	0.207	0.0066875047336554	3	MBOAT2
5.50019850240337e-07	1.12086737616353	0.272	0.13	0.00676139401900447	3	MCU
5.56299793977689e-07	1.01218394670285	0.484	0.338	0.00683859336736773	3	SKI
5.58252954201622e-07	-1.35828613621835	0.152	0.327	0.00686260356600054	3	EIF3E
5.61700926544987e-07	-0.906645593478204	0.337	0.522	0.00690498949001752	3	LOC138567840
5.69152219308986e-07	1.46445435218066	0.212	0.09	0.00699658823196537	3	DCAF6
5.75080584622022e-07	1.43643997601107	0.196	0.079	0.00706946562675852	3	FBXL20
5.76075674804932e-07	1.50884847153912	0.168	0.062	0.00708169827037703	3	CNST
5.89331524041446e-07	1.1425262572933	0.293	0.146	0.0072446524250415	3	KIAA0930
6.0245379558282e-07	1.35028333226135	0.196	0.079	0.0074059645090996	3	VPS53
6.38746419196659e-07	-0.721101300975412	0.342	0.545	0.00785210973118453	3	EIF4G2
6.42229008441755e-07	1.25773408902655	0.212	0.089	0.00789492120077449	3	DHX35
6.50053527472989e-07	1.08243191012978	0.299	0.151	0.00799110801322545	3	ABCA3
6.54895994547507e-07	1.16072643610653	0.283	0.14	0.00805063646097251	3	FYN
6.56732176554459e-07	1.8149515992648	0.147	0.05	0.00807320864638396	3	TFRC
6.59185014865578e-07	1.13687969415216	0.315	0.169	0.00810336138774255	3	PSD
6.62135885223229e-07	1.31670073173697	0.223	0.097	0.00813963643704916	3	TBL1X
6.64282204280988e-07	2.24379489806867	0.092	0.022	0.00816602113722619	3	RENBP
6.6976662767507e-07	1.551917193431	0.174	0.066	0.00823344115400964	3	CRYBG3
6.75704994018518e-07	1.11238513223141	0.321	0.171	0.00830644149146965	3	AKAP1
6.78721062939285e-07	1.09874456526539	0.326	0.174	0.00834351802671263	3	AGO3
6.82316728411198e-07	3.08243191012978	0.054	0.007	0.00838771954235886	3	LOC138511669
6.92761402184331e-07	-1.04728722986593	0.196	0.384	0.00851611591705198	3	SELENOT
6.95737308326908e-07	1.04841879333874	0.359	0.203	0.00855269873126267	3	CCSER2
7.04719908500476e-07	1.15598851709986	0.272	0.132	0.00866312183519635	3	SYNJ1
7.07723252509356e-07	-0.543079320504743	0.582	0.738	0.00870004194309751	3	TRA2B
7.10557537002279e-07	1.59922290820936	0.147	0.05	0.00873488380236902	3	CTNNAL1
7.13304856559698e-07	1.39811185735197	0.196	0.08	0.00876865660168837	3	SPTY2D1
7.195178418775e-07	2.31745193979398	0.082	0.018	0.00884503283020011	3	SGF29
7.20448309446757e-07	-1.69601032001258	0.071	0.231	0.00885647106802899	3	NDUFB6
7.31509227642133e-07	1.22455521249301	0.25	0.117	0.00899244293540474	3	PPP2R5D
7.33807670064496e-07	1.27413620222802	0.293	0.152	0.00902069768810285	3	ASXL1
7.37977848814098e-07	1.04802630335717	0.299	0.151	0.00907196169547171	3	CTIF
7.46601173208469e-07	1.29953003179672	0.261	0.125	0.00917796822225171	3	UBTD1
7.50132387947246e-07	1.04729680102745	0.348	0.192	0.00922137744503549	3	PHF20
7.5050911685603e-07	1.13687969415216	0.293	0.149	0.00922600857351117	3	TBC1D5
7.55470085539184e-07	0.432144313685529	1	0.973	0.00928699376153319	3	COX1
7.57990291377777e-07	1.551917193431	0.174	0.067	0.00931797465190701	3	WDR48
7.58129536563282e-07	1.50927285602251	0.207	0.088	0.00931968639297243	3	ARHGAP26
7.69449547257438e-07	1.27507698807218	0.234	0.106	0.00945884328443568	3	ARHGAP40
7.72584325143698e-07	-2.09833676754187	0.043	0.191	0.00949737910899148	3	SF3B5
7.77834384673397e-07	-0.725907618716345	0.402	0.576	0.00956191809079007	3	CAPNS1
7.78087244788227e-07	1.26324090434003	0.299	0.158	0.00956502650018167	3	SEMA6C
7.80749591295587e-07	1.1189577861549	0.25	0.115	0.00959775472579665	3	PPIP5K2
7.81081418310988e-07	1.28182803006326	0.239	0.109	0.00960183387529698	3	THADA
7.82106829646646e-07	1.42416164623263	0.228	0.104	0.00961443925684622	3	DDHD2
7.83158287964099e-07	1.57329084422357	0.158	0.057	0.00962736483394267	3	ATP8A1
7.99202405459888e-07	-0.794885570095388	0.364	0.541	0.00982459517031841	3	CST3
7.99882197583237e-07	1.25307271165668	0.272	0.133	0.00983295185489073	3	KAT6B
8.02583597210295e-07	1.11782135833648	0.359	0.202	0.00986616016050615	3	POLA1
8.03533290365418e-07	1.11134460204502	0.288	0.145	0.00987783473846208	3	COG3
8.14680943106959e-07	1.06349203811354	0.391	0.241	0.0100148728336139	3	EPS15
8.14802262645815e-07	1.34709740154251	0.245	0.115	0.010016364214705	3	LDLRAD3
8.21997518316425e-07	1.93524583298251	0.13	0.042	0.0101048154926638	3	CYP7B1
8.28020800020892e-07	1.10491196549352	0.326	0.176	0.0101788596946568	3	EXOC6
8.2837074346161e-07	1.35753914826415	0.228	0.103	0.0101831615493736	3	ACSBG2
8.29315967058975e-07	1.64045386803266	0.179	0.071	0.010194781183056	3	GPSM2
8.34469758347978e-07	1.78139903955377	0.147	0.051	0.0102581367393717	3	DGAT1
8.34702256148761e-07	1.23704385607759	0.207	0.086	0.0102609948348367	3	INTS8
8.37067722950158e-07	1.40895923958896	0.212	0.092	0.0102900735182263	3	IPO4
8.3945457312275e-07	-0.630860410083371	0.467	0.661	0.010319415067398	3	TPM2
8.41569353319722e-07	1.46702829584449	0.168	0.063	0.0103454120603593	3	PIAS4
8.42176266332724e-07	1.16235038166828	0.239	0.108	0.0103528728420282	3	FN3K
8.43397820921853e-07	1.06649036626076	0.293	0.147	0.0103678894125923	3	CCSER1
8.57137066068513e-07	-1.07581933098044	0.168	0.353	0.0105367859531802	3	NDUFB7
8.68375754157943e-07	1.30955635586196	0.201	0.083	0.0106749431458636	3	TTC27
8.83017286381438e-07	-0.743538690095167	0.321	0.52	0.010854931501487	3	PA2G4
8.97208021322605e-07	1.09735132996552	0.255	0.12	0.0110293782061188	3	LMBRD2
9.00516702150595e-07	1.61903138928954	0.179	0.07	0.0110700518195373	3	ADAP1
9.05060565483587e-07	-1.07556992393671	0.185	0.369	0.0111259095314897	3	ARL1
9.07939104024317e-07	1.44385744757355	0.201	0.084	0.0111612954057709	3	KAT8
9.16342671936661e-07	1.05792835275734	0.288	0.145	0.0112646004661174	3	UBR3
9.19199925399488e-07	-1.74199652528676	0.065	0.221	0.0112997246829359	3	NDUFA5
9.45179933663803e-07	1.98801630823768	0.109	0.031	0.0116190969245291	3	CCAR2
9.55793191172085e-07	0.984232684141684	0.37	0.21	0.0117495656990784	3	CEP170
9.57787892455169e-07	1.19682223460844	0.217	0.094	0.0117740865619514	3	TBC1D16
9.63488879497594e-07	1.87384528831837	0.12	0.036	0.0118441687956639	3	NT5DC3
9.86696613144019e-07	0.937975625738082	0.44	0.281	0.0121294614653794	3	ASAP2
9.96213310132723e-07	1.83822137858765	0.12	0.036	0.0122464502214616	3	ADCY6
1.01424867737385e-06	1.21849345970581	0.299	0.155	0.0124681589909567	3	LOC138528830
1.02207416001007e-06	2.30398967998742	0.076	0.016	0.0125643576490038	3	MIER2
1.02874184246881e-06	1.15857476525148	0.288	0.146	0.0126463234694691	3	ABL1
1.03497576238466e-06	1.61701222165289	0.158	0.057	0.0127229570469947	3	SPIDR
1.04435149776568e-06	0.917836926145157	0.353	0.193	0.0128382129620335	3	SBNO1
1.04829641009083e-06	0.941863711747017	0.353	0.193	0.0128867077692466	3	PPFIBP1
1.05319865523254e-06	1.75122600165441	0.141	0.048	0.0129469710687736	3	CENPC
1.06098667179239e-06	1.16786738663584	0.353	0.206	0.0130427091563438	3	SYT16
1.0641601221432e-06	1.16197067511499	0.266	0.13	0.0130817203815063	3	HMBOX1
1.08196871290155e-06	1.01275838232297	0.31	0.161	0.0133006413876987	3	REPS1
1.0868542016485e-06	1.29360519783961	0.234	0.107	0.013360698700865	3	DNMBP
1.14407935519912e-06	0.863206767872019	0.63	0.517	0.0140641675134628	3	GRB10
1.14874192043718e-06	0.817207573205166	0.484	0.312	0.0141214844279342	3	ITGA9
1.1688830386638e-06	-0.572717697500432	0.462	0.656	0.0143690791942941	3	CAVIN1
1.17392304817675e-06	1.00172011087052	0.315	0.164	0.0144310360312368	3	SCAF4
1.19240595723635e-06	1.34169948604066	0.228	0.105	0.0146582464323064	3	OTULIN
1.23733527516245e-06	1.41726766673622	0.19	0.079	0.015210562537572	3	BLNK
1.24280524789596e-06	1.16112724039884	0.228	0.102	0.015277804912385	3	CEP350
1.24290927891244e-06	0.960197326534539	0.332	0.178	0.0152790837656707	3	WDR37
1.24663687519819e-06	1.33892347009681	0.212	0.093	0.0153249071068114	3	STAM
1.24772275393596e-06	1.33892347009681	0.207	0.089	0.0153382558141347	3	MSRA
1.24815070184668e-06	4.87384528831837	0.022	0	0.0153435165778013	3	SVEP1
1.26457334947221e-06	1.05858516817542	0.299	0.156	0.0155454001850618	3	DHX38
1.26562585669331e-06	1.36605064811967	0.196	0.082	0.0155583386563309	3	RIC8B
1.27218845848907e-06	-1.20297030873246	0.152	0.327	0.0156390127202061	3	PFDN4
1.27278696431459e-06	-1.01341650054122	0.152	0.338	0.0156463701523193	3	PGLS
1.27900725457414e-06	-2.12050814854049	0.038	0.179	0.01572283618048	3	UBL4A
1.2991735806624e-06	1.2481364452539	0.272	0.137	0.0159707408270828	3	ZFC3H1
1.30668291180682e-06	0.923885970817962	0.484	0.332	0.0160630530348412	3	MBNL2
1.31006697651194e-06	1.05441753396019	0.348	0.199	0.0161046533422612	3	TBC1D10B
1.31589998453992e-06	1.20511442990461	0.337	0.196	0.0161763585099493	3	EXOC4
1.32581637304686e-06	1.28245651843778	0.234	0.108	0.016298260673865	3	SMTN
1.33289289929006e-06	1.14112916715352	0.321	0.171	0.0163852524109727	3	ADAMTS20
1.33512040793186e-06	1.12057788182306	0.288	0.149	0.0164126351747063	3	EPB41L5
1.35204941046587e-06	1.31090909392721	0.207	0.089	0.0166207434028569	3	RNF157
1.37110251713672e-06	1.60850072179737	0.168	0.065	0.0168549632431617	3	ANKS1A
1.38059672052244e-06	1.3889786223048	0.207	0.09	0.0169716754853824	3	LZTS2
1.3835982455443e-06	1.53255186856407	0.174	0.069	0.017008573232476	3	SH3GL1
1.3863551572819e-06	0.845648396487714	0.418	0.251	0.0170424639484664	3	GARRE1
1.39716458653713e-06	0.942122839729912	0.397	0.239	0.017175344262301	3	ZFAND3
1.39782210421463e-06	-1.13075824523425	0.201	0.379	0.0171834271271104	3	CFL1
1.42828883400442e-06	1.18066138618007	0.228	0.103	0.0175579546364163	3	GRIPAP1
1.42977059557182e-06	1.69209485147926	0.13	0.043	0.0175761699313644	3	RHOBTB2
1.45586165683137e-06	1.26812422743041	0.277	0.144	0.0178969073474281	3	UBE4B
1.50060363112103e-06	1.22998909854364	0.239	0.112	0.0184469204373708	3	ASXL3
1.50138649485115e-06	-1.21295439730509	0.158	0.329	0.0184565441812052	3	LSM6
1.50961140503674e-06	2.0113488120683	0.103	0.029	0.0185576530021166	3	PPP2R3B
1.5121040095619e-06	-1.2276927381437	0.147	0.319	0.0185882945895444	3	PSMB1
1.52541722463966e-06	1.44173427568058	0.245	0.12	0.0187519539424954	3	FAM135A
1.52698884828115e-06	-1.61800780801131	0.082	0.237	0.0187712739119202	3	TMEM14C
1.58597546097781e-06	1.36847105233507	0.239	0.114	0.0194963963418003	3	DHRSX
1.61310605112236e-06	1.43944246417259	0.174	0.069	0.0198299126864472	3	TRAPPC10
1.61958052494118e-06	1.11379608103912	0.283	0.144	0.019909503393102	3	SNX14
1.61979894990946e-06	0.906291910803224	0.533	0.385	0.019912188491237	3	ATRX
1.62550709498218e-06	-1.04964727462728	0.163	0.343	0.019982358718616	3	LSM7
1.62737648454851e-06	1.07700823817476	0.272	0.134	0.0200053391245549	3	MAP3K11
1.65234579179281e-06	1.04020367474049	0.38	0.23	0.020312286818509	3	MOB2
1.66200585056917e-06	-0.815199675222614	0.293	0.482	0.0204310379210468	3	CLTA
1.67714386149419e-06	1.33468647721033	0.196	0.082	0.020617129489348	3	UBE4A
1.69298293994027e-06	1.17340557017727	0.217	0.095	0.0208118392806857	3	ENOX2
1.69323768524147e-06	-0.909698672468169	0.283	0.457	0.0208149708646734	3	ANXA4
1.70039685393566e-06	-0.907514425206293	0.245	0.423	0.0209029785254311	3	PGK1
1.70743787531455e-06	-1.16080085448852	0.174	0.347	0.0209895338012417	3	SUB1
1.72217632328416e-06	-1.72492301192782	0.065	0.215	0.0211707135421321	3	MRPL27
1.7265911148908e-06	4.13687969415216	0.027	0.001	0.0212249845753526	3	LOC138567592
1.7305035951981e-06	1.47662906612677	0.147	0.052	0.0212730806957702	3	LOC138520752
1.74644888901186e-06	1.05931871085851	0.353	0.204	0.0214690961926228	3	EYA3
1.7653227855802e-06	1.14311164786367	0.272	0.136	0.0217011130031374	3	RIPK2
1.77155078340709e-06	1.20084275288413	0.234	0.108	0.0217776737804234	3	PTPN4
1.77715802634293e-06	1.12086737616353	0.255	0.124	0.0218466036178337	3	KDM4C
1.79266579599718e-06	-1.03304530729015	0.19	0.37	0.0220372406301934	3	TUBB
1.79612079126966e-06	-0.888192327804672	0.158	0.341	0.0220797128870779	3	LALBA
1.79904730202531e-06	1.51344304561637	0.168	0.066	0.0221156884837971	3	PASK
1.82098157815892e-06	0.980760492234878	0.326	0.177	0.0223853265403075	3	FBXW11
1.82453265004951e-06	-0.847489654134076	0.255	0.438	0.0224289798670586	3	TBCA
1.86603905370531e-06	1.0904692291952	0.288	0.147	0.0229392180871993	3	DENND5B
1.89404639615261e-06	1.13009052848952	0.255	0.123	0.0232835123479041	3	GOLIM4
1.91629802892002e-06	1.24935442341057	0.217	0.097	0.0235570516695138	3	SLC39A10
1.92120658236311e-06	1.51444248801234	0.168	0.066	0.0236173925169897	3	FERMT3
1.94199084901016e-06	1.44298282187784	0.212	0.095	0.0238728935068819	3	GSAP
1.94516826883331e-06	1.03946719249422	0.31	0.166	0.0239119535287679	3	LRRFIP2
1.98293165287935e-06	2.05441753396019	0.087	0.021	0.0243761788088459	3	MLYCD
1.98937386562621e-06	1.23997318711626	0.239	0.112	0.024455372930143	3	HIVEP2
1.99537771362891e-06	1.51715177527033	0.179	0.073	0.0245291782336401	3	TTK
2.00217722266591e-06	1.37031038694106	0.196	0.083	0.024612764598232	3	EPG5
2.00781839096294e-06	1.26988182566715	0.212	0.094	0.0246821114801074	3	DNAJC11
2.01315358322151e-06	-1.19372815642762	0.136	0.304	0.0247476969985421	3	MDH2
2.05432693815767e-06	-1.18103533822858	0.125	0.295	0.0252538410507722	3	RTRAF
2.05581721433176e-06	1.10650604510864	0.234	0.108	0.0252721610157803	3	MEGF8
2.06042172469856e-06	1.5799315696006	0.136	0.046	0.0253287642617194	3	SPG11
2.07152103440447e-06	0.90210354835988	0.44	0.28	0.0254652080759341	3	WDR26
2.09495959722499e-06	-0.898544271701741	0.19	0.378	0.0257533383286868	3	SRSF6
2.10679010031463e-06	0.991304554125597	0.527	0.357	0.0258987707031678	3	EXOC3L2
2.11629092712818e-06	1.44500198951449	0.179	0.073	0.0260155643671867	3	CNOT6L
2.11716763199447e-06	1.31209017875854	0.217	0.098	0.026026341700108	3	JAZF1
2.1280998729689e-06	-0.836902785111529	0.277	0.459	0.0261607317384067	3	SNRPC
2.15133408765494e-06	0.980760492234878	0.391	0.24	0.0264463499395422	3	CAMK2D
2.16172982356798e-06	1.551917193431	0.147	0.053	0.0265741447211212	3	GABPB2
2.18856825480672e-06	1.09585242589211	0.326	0.181	0.0269040695563391	3	SPECC1L
2.21010971502157e-06	1.33510580435786	0.185	0.076	0.0271688787267602	3	RNF40
2.21479068470153e-06	1.63764706745689	0.13	0.044	0.027226421887036	3	RNF20
2.22862838304049e-06	1.02949615877856	0.272	0.135	0.0273965287127167	3	TAF2
2.23353074813431e-06	2.551917193431	0.054	0.008	0.0274567934868151	3	FLCN
2.24827938778262e-06	0.89656536481845	0.413	0.258	0.0276380985140118	3	UBAP2
2.29348401896049e-06	1.00214412117215	0.348	0.198	0.0281937990450813	3	ACAP2
2.30510518353471e-06	0.949467265981007	0.364	0.211	0.0283366580211922	3	PAN3
2.33847207937565e-06	1.46445435218066	0.223	0.105	0.0287468372717649	3	URI1
2.35097975314154e-06	-1.31202125699297	0.12	0.283	0.0289005941053689	3	LOC138549408
2.35572320789046e-06	1.02932057367022	0.484	0.335	0.0289589053945975	3	TACR1
2.36481384213352e-06	1.96695469270985	0.092	0.024	0.0290706565613474	3	ZNF821
2.37386795828945e-06	-1.13949624892079	0.19	0.359	0.0291819588112522	3	PPP2CB
2.37869134829751e-06	-1.32966231364833	0.114	0.276	0.0292412527446213	3	CMC2
2.39893335151323e-06	-1.23756023789634	0.141	0.308	0.0294900876901522	3	SUMO1
2.40278942572308e-06	-1.71342737308999	0.065	0.212	0.0295374904104139	3	LOC138582769
2.43251487879886e-06	0.69189320286046	0.739	0.657	0.0299029054050744	3	PCDHGC3
2.4403359230257e-06	-1.36410441392964	0.098	0.256	0.0299990495017549	3	TMEM128
2.46357705936226e-06	1.46445435218066	0.158	0.059	0.0302847527907403	3	BAHD1
2.48027635647878e-06	1.11782135833648	0.234	0.108	0.0304900372501936	3	ZNF618
2.5091788405694e-06	1.15843583751861	0.266	0.134	0.0308453354871196	3	TMEM259
2.53627335956599e-06	1.02006602916941	0.353	0.205	0.0311784084091447	3	KAT6A
2.58402060744013e-06	-0.781209108061222	0.293	0.476	0.0317653653272615	3	SSR1
2.58773906426426e-06	-0.918181350258149	0.207	0.388	0.0318110763170005	3	GABARAP
2.59994063052591e-06	1.27889869902459	0.255	0.127	0.031961070171055	3	PFKP
2.62362868564758e-06	1.38199219198869	0.207	0.093	0.0322522674326657	3	PHIP
2.62662410261209e-06	1.03166038209766	0.326	0.181	0.0322890900934104	3	PRKD2
2.66414783475104e-06	1.34546631596358	0.185	0.077	0.0327503693325946	3	LRRC20
2.66768841183696e-06	1.551917193431	0.125	0.041	0.0327938936467118	3	FHL3
2.69753154168679e-06	1.21749815436044	0.223	0.102	0.0331607552419558	3	DCLK2
2.71315300597716e-06	1.08314771021437	0.261	0.129	0.0333527899024772	3	MAML2
2.71536246561163e-06	1.32952477209456	0.174	0.07	0.0333799507897637	3	NEK9
2.7307847711121e-06	0.838728982547924	0.418	0.258	0.0335695371912811	3	MBNL3
2.7476591223886e-06	0.802240547515244	0.457	0.288	0.033776973591523	3	PTPN2
2.77699758348774e-06	1.27034683615978	0.25	0.123	0.0341376312938148	3	VAV2
2.79346212114941e-06	1.25913544420316	0.196	0.083	0.0343400298552897	3	ACACB
2.8035431127778e-06	1.11581807862433	0.299	0.161	0.0344639554853775	3	TRPC4AP
2.82231235752743e-06	1.01740371539721	0.353	0.203	0.0346946858110848	3	RAPGEF4
2.82788060841148e-06	1.23932696312298	0.266	0.133	0.0347631363192023	3	SEC24A
2.90581563102362e-06	1.03166038209766	0.326	0.184	0.0357211915521734	3	GRK5
2.9279474618496e-06	1.42152055617533	0.174	0.07	0.0359932581485171	3	DYNC2H1
2.95208408017948e-06	0.835129481202428	0.429	0.268	0.0362899695976463	3	CDK13
2.98356672390155e-06	1.08521757432967	0.304	0.166	0.0366769857369218	3	PPP1R37
3.00912463354961e-06	-0.85054223976837	0.234	0.411	0.0369911691202253	3	NOP58
3.01446850162384e-06	1.10445821645978	0.255	0.126	0.0370568612904619	3	ARID1B
3.01736642450184e-06	1.38199219198869	0.179	0.074	0.0370924854564011	3	AFG2A
3.03984443219515e-06	1.37031038694106	0.19	0.081	0.037368807604975	3	DOK1
3.06129972506233e-06	0.855494262221305	0.375	0.221	0.0376325575201913	3	TNPO1
3.11362344872233e-06	1.08534939351208	0.261	0.129	0.0382757730551436	3	ASXL2
3.18646143208952e-06	1.12565243872891	0.283	0.147	0.0391711703846764	3	SYAP1
3.19547432497959e-06	1.45003757941179	0.179	0.074	0.0392819658769741	3	PDE10A
3.21257135014836e-06	1.39321944741195	0.196	0.085	0.0394921396073738	3	CHM
3.2469992469993e-06	0.892257325432247	0.326	0.177	0.0399153617433624	3	UGGT1
3.34490179293781e-06	1.07961249347931	0.304	0.165	0.0411188777405845	3	ARMC8
3.34672413226384e-06	1.1893471140463	0.25	0.124	0.0411412797579193	3	USP6NL
3.35517229761348e-06	-0.473073485446696	0.598	0.744	0.0412451330545625	3	YWHAZ
3.52061265005001e-06	1.62162616524241	0.19	0.082	0.0432788913070647	3	PNLDC1
3.5270430237583e-06	1.35927211548861	0.207	0.094	0.0433579398910608	3	PDE4A
3.55212015144208e-06	0.879211798068182	0.413	0.261	0.0436662130216775	3	TSPAN9
3.60476039018734e-06	1.13687969415216	0.25	0.122	0.044313319476573	3	ABI2
3.60764829174175e-06	0.847602385555113	0.435	0.275	0.0443488204503814	3	KRT15
3.62209292623719e-06	1.45599277343247	0.25	0.127	0.0445263883422338	3	PHF24
3.67851739014621e-06	-1.15957771321908	0.147	0.312	0.0452200142770674	3	ARPP19
3.68187706834812e-06	3.13687969415216	0.038	0.004	0.0452613148012034	3	LTBP2
3.68729819920998e-06	1.05268456673573	0.255	0.125	0.0453279567628883	3	AMBRA1
3.74189100181865e-06	1.00275541413769	0.31	0.17	0.0459990660853566	3	WASHC4
3.79194310692409e-06	-0.843519571191935	0.179	0.359	0.0466143566134178	3	RPN1
3.81613018251959e-06	1.50129112036104	0.141	0.051	0.0469116883337133	3	E4F1
3.855231556401e-06	1.13687969415216	0.375	0.232	0.0473923615228375	3	GSE1
3.88635222234519e-06	1.87384528831837	0.114	0.036	0.0477749278692894	3	ZNF827
3.88739314550856e-06	1.24567072077591	0.288	0.157	0.0477877239377367	3	B4GALT3
3.92759984932756e-06	1.39145252123776	0.168	0.068	0.0482819849477837	3	ZFAT
3.95872669603649e-06	0.897184414405673	0.348	0.199	0.0486646272743766	3	ZNF420
3.97002737268558e-06	1.27393244613124	0.19	0.082	0.0488035464924239	3	RECQL5
3.97218193294133e-06	-0.670985284492298	0.397	0.571	0.0488300325016477	3	SNRNP70
3.98301839652937e-06	2.37134494778918	0.065	0.013	0.0489632451485355	3	GMEB2
4.00774436441616e-06	1.17910792954146	0.201	0.088	0.0492672014717678	3	GTF3C2
4.03187313096978e-06	0.826503884909576	0.527	0.38	0.0495638163990115	3	PLXND1
4.04848283211272e-06	0.861601692563619	0.38	0.225	0.0497679994551617	3	PTPN11
4.08611006889836e-06	1.27180927423827	0.179	0.074	0.0502305510769676	3	LOC138567558
4.11868723150182e-06	1.52216985003695	0.125	0.042	0.0506310221368519	3	UBXN2A
4.1297670620024e-06	1.7445622713734	0.114	0.036	0.0507672264931955	3	ARNT
4.13101124103078e-06	-0.635414084614924	0.424	0.595	0.0507825211859914	3	NUCKS1
4.19479927178465e-06	1.89295411126607	0.092	0.025	0.0515666674480487	3	DPF3
4.19686285750326e-06	1.14311164786367	0.255	0.129	0.0515920351072875	3	RAPGEF1
4.22079788484555e-06	1.10523406753569	0.272	0.142	0.0518862683984063	3	PHLDB1
4.22111156376709e-06	1.0787455181674	0.321	0.181	0.0518901244533889	3	PUM1
4.2231344589855e-06	1.05622203080693	0.25	0.122	0.0519149919043087	3	GANAB
4.22580761512741e-06	-0.819531037300157	0.272	0.451	0.0519478530127612	3	NAA50
4.35600775839362e-06	-1.01072692786656	0.168	0.339	0.0535484033739328	3	NUDT21
4.36965784561801e-06	0.924519426389451	0.315	0.173	0.0537162038961822	3	IARS1
4.38985974590249e-06	1.09654760011694	0.353	0.215	0.0539645458563793	3	FRMD4A
4.39062269102646e-06	-0.585586330318931	0.435	0.625	0.0539739247407883	3	PPIB
4.40169611022802e-06	-1.40006129170605	0.092	0.246	0.0541100502830331	3	CCNG1
4.4701312017583e-06	-0.976227175290308	0.201	0.371	0.0549513228632148	3	UQCRFS1
4.53348863914703e-06	0.988016308237678	0.315	0.174	0.0557301758410344	3	ARHGEF12
4.58184305766891e-06	0.770366026778748	0.505	0.353	0.056324596707924	3	FGR
4.63964294897406e-06	-0.694969789826193	0.304	0.491	0.0570351307717382	3	GDI2
4.64017081020853e-06	-1.7148693472639	0.06	0.199	0.0570416197698934	3	EMC6
4.65115171986561e-06	1.1604082296484	0.462	0.323	0.0571766080923079	3	KLHL4
4.65539572770884e-06	0.939886449511677	0.342	0.198	0.0572287796807248	3	GRK4
4.7237599783656e-06	1.2403310427651	0.245	0.122	0.0580691814140483	3	ANKRD12
4.75007179526241e-06	1.04941685290182	0.261	0.132	0.0583926325791608	3	OTUD7B
4.77636593546043e-06	1.40648675390944	0.163	0.065	0.0587158664446151	3	FANCM
4.78578688848768e-06	-0.695193623109431	0.391	0.561	0.0588316782201791	3	CCT6A
4.79660073139425e-06	1.31245125873561	0.179	0.075	0.0589646127910295	3	SEC23A
4.82907511055636e-06	1.44500198951449	0.136	0.048	0.0593638203340694	3	MEGF9
4.8505455196381e-06	1.10650604510864	0.228	0.108	0.0596277560729112	3	KIF20B
4.93170743106474e-06	1.51127520893366	0.158	0.062	0.0606254794500789	3	TRPV4
4.93535883945768e-06	1.3227831942155	0.239	0.12	0.0606703662134533	3	ARRB2
4.93750180598609e-06	1.69776805989446	0.125	0.043	0.060696709700987	3	MGRN1
4.93794122186215e-06	1.24316448729137	0.207	0.094	0.0607021114403514	3	RB1CC1
4.96845342536654e-06	0.801436792790316	0.386	0.229	0.0610771979580309	3	RBM6
5.00758691588935e-06	1.18513486275938	0.196	0.085	0.0615582659570278	3	ATAD2B
5.03411649204923e-06	1.29376500897696	0.277	0.147	0.0618843940367612	3	MPRIP
5.06637465523434e-06	1.11238513223141	0.293	0.161	0.0622809436367957	3	TTC28
5.10236367020051e-06	0.972307927204055	0.364	0.22	0.0627233565977749	3	CGNL1
5.14060742384707e-06	1.30799161054491	0.239	0.12	0.063193487061352	3	REV3L
5.2047494960992e-06	0.906072450562825	0.413	0.266	0.0639819855555474	3	GALNT1
5.25206067826266e-06	1.63764706745689	0.125	0.043	0.0645635819178829	3	FNIP2
5.26310853840642e-06	1.24379489806867	0.255	0.131	0.0646993932626301	3	AATK
5.40509812553301e-06	-1.32664467911902	0.125	0.28	0.0664448712571773	3	LOC138526320
5.42556323787661e-06	1.31313033384389	0.217	0.103	0.0666964488832171	3	SIK2
5.44947692605062e-06	1.04236209536787	0.315	0.176	0.0669904198519402	3	VPS41
5.57677005626177e-06	3.06649036626076	0.043	0.006	0.0685552343016259	3	ABCD4
5.58956893083193e-06	1.14163322412279	0.196	0.085	0.068712570866717	3	LRRC40
5.59422406074286e-06	1.45238151988009	0.141	0.052	0.0687697963787119	3	TMEM241
5.62687066641973e-06	1.76137055905995	0.141	0.053	0.0691711211022977	3	TTC7A
5.67414206705849e-06	1.30955635586196	0.196	0.087	0.0697522284303501	3	PELP1
5.7110578284669e-06	0.911813138517387	0.348	0.201	0.0702060338853436	3	STAG2
5.76966952073316e-06	1.13687969415216	0.228	0.108	0.0709265474183727	3	RBM5
5.78066664750408e-06	1.42263417648604	0.158	0.062	0.0710617350977676	3	D2HGDH
5.78684086951903e-06	1.21243072715934	0.228	0.11	0.0711376348089974	3	GGA3
5.87490145384729e-06	1.38199219198869	0.179	0.076	0.0722201635721447	3	RPRD1A
5.92367217825169e-06	1.52216985003695	0.125	0.043	0.072819702087248	3	ZC3H4
5.92372840074802e-06	0.971456084944789	0.391	0.253	0.0728203932303954	3	PSMD1
6.02181720750177e-06	1.01758076577982	0.348	0.209	0.0740261989318193	3	SBF2
6.06427399154231e-06	1.33510580435786	0.266	0.144	0.0745481201780296	3	PRKCA
6.12443527742662e-06	1.27438321790209	0.168	0.069	0.0752876828654054	3	TASP1
6.1731889548446e-06	1.0142604074882	0.288	0.153	0.0758870118219046	3	PHF14
6.19225820330902e-06	-1.13500771823561	0.158	0.318	0.0761214300932778	3	LOC138503347
6.24358080787335e-06	0.887520225215443	0.277	0.142	0.0767523388711871	3	ANKFY1
6.33533184216904e-06	1.10053784708844	0.234	0.113	0.077880234335784	3	SNX29
6.36240766953066e-06	1.22359132734549	0.207	0.095	0.0782130774815404	3	INPP4B
6.37896012518545e-06	0.7445622713734	0.451	0.286	0.0784165568189048	3	BICD2
6.45337924611491e-06	1.2674638039623	0.185	0.08	0.0793313910724906	3	RELB
6.47446356917473e-06	-0.790844404873524	0.234	0.411	0.079590580655865	3	SNRNP27
6.5252386688198e-06	0.950744465528589	0.283	0.148	0.0802147589558018	3	STAT2
6.5468873225148e-06	1.04545666638857	0.391	0.252	0.0804808858556745	3	WIZ
6.69248713079459e-06	0.931330782979127	0.348	0.205	0.0822707442988579	3	PIK3CA
6.70302396727006e-06	1.18626772111432	0.234	0.115	0.0824002736296509	3	NBAS
6.74810174926564e-06	1.07683231048222	0.239	0.117	0.0829544148037226	3	ANKIB1
6.81466783864728e-06	1.61604753085072	0.174	0.074	0.083772711740491	3	LRCH4
6.83628753210872e-06	1.22998909854364	0.234	0.115	0.0840384826322125	3	CNNM4
6.838125991525e-06	0.73747284658708	0.511	0.359	0.0840610828138168	3	RSU1
6.87707511638889e-06	0.765696484462744	0.533	0.391	0.0845398844057686	3	ECE1
6.8825383946394e-06	1.24706261190258	0.174	0.072	0.0846070444853021	3	CREBRF
6.91855990688931e-06	1.11021174369008	0.288	0.158	0.0850498569353903	3	SMG1
7.02095024772555e-06	-0.562136545786729	0.424	0.604	0.0863085413952901	3	SRSF5
7.06082005208887e-06	1.86386119974574	0.092	0.026	0.0867986609003285	3	NINL
7.128378764004e-06	-1.03003655741781	0.196	0.358	0.0876291601459012	3	HYPK
7.16665593147047e-06	1.20141994634687	0.201	0.091	0.0880997013655665	3	ZC3H7B
7.23217620523036e-06	1.25325887786649	0.223	0.108	0.0889051420908969	3	RIF1
7.23720676136317e-06	0.926475623354778	0.353	0.208	0.0889669827174375	3	PARP4
7.27375770031291e-06	1.65883239734752	0.109	0.034	0.0894163034099466	3	MTRF1
7.33272208005492e-06	-0.8260163111851	0.207	0.382	0.0901411525301152	3	TPI1
7.48457714572037e-06	0.875032203268808	0.342	0.196	0.0920079068523405	3	AMFR
7.49924645801956e-06	1.27180927423827	0.255	0.134	0.0921882367084344	3	NFKB1
7.53268186800566e-06	-0.997769832542622	0.245	0.405	0.0925992582033936	3	ID3
7.5329144144569e-06	1.31602892961033	0.277	0.152	0.0926021168969187	3	BAHCC1
7.59810294577682e-06	1.27628275081758	0.234	0.117	0.0934034795124345	3	UBE2F
7.620122505903e-06	1.31090909392721	0.168	0.07	0.0936741659650656	3	DNAJC16
7.91838878765722e-06	-0.808830150346886	0.234	0.408	0.0973407533666702	3	PSMA5
7.9975699367575e-06	0.769508628503631	0.424	0.268	0.09831412723256	3	RC3H1
8.02702669627738e-06	0.909923747673469	0.451	0.3	0.0986762391773378	3	SND1
8.07953992385624e-06	1.40648675390944	0.163	0.067	0.0993217842839647	3	BRD8
8.15152065463353e-06	1.69776805989446	0.12	0.041	0.10020664340741	3	ZNF516
8.22550698305455e-06	1.19436518881292	0.217	0.104	0.10111615734269	3	TBC1D8
8.25363635059193e-06	1.27889869902459	0.174	0.073	0.101461951657827	3	TOM1L2
8.3220761081277e-06	-0.918181350258149	0.234	0.399	0.102303281597214	3	TCP1
8.3895627967103e-06	0.935658562220309	0.337	0.196	0.10313289545996	3	STK3
8.39155315848515e-06	-1.34990241263009	0.087	0.233	0.103157362977258	3	NDUFS6
8.42143498050168e-06	1.09392754896761	0.332	0.195	0.103524700215307	3	RIN3
8.49971272309374e-06	0.880896911088651	0.462	0.33	0.104486968504991	3	ARAP3
8.50457748352639e-06	-0.647588798561026	0.364	0.55	0.10454677100499	3	ARL6IP1
8.58479694916415e-06	0.911813138517387	0.332	0.189	0.105532908896075	3	ATP13A3
8.61810102950156e-06	0.961901464983562	0.37	0.23	0.105942315955663	3	PRP4K
8.63636337375318e-06	1.64118453152809	0.12	0.041	0.106166814953548	3	WDSUB1
8.73768575288983e-06	-2.97164476262601	0.011	0.119	0.107412370960275	3	TXN2
8.74499246325288e-06	-1.17491402360149	0.12	0.273	0.107502192350768	3	PFDN2
8.77320741946538e-06	1.76950862850363	0.114	0.038	0.107849038807488	3	ERMARD
8.82231849700815e-06	1.46445435218066	0.152	0.06	0.108452761283721	3	RMND5A
8.84654890327343e-06	3.35927211548861	0.033	0.003	0.10875062566794	3	LOC138492659
8.89213417636148e-06	0.995105733023997	0.304	0.171	0.109311005430012	3	TRERF1
9.09881122070514e-06	-1.23182517140465	0.098	0.247	0.111851686336128	3	CACYBP
9.14677825152213e-06	1.45238151988009	0.136	0.05	0.112441345045962	3	TBC1D24
9.16016443069834e-06	-1.07964572015229	0.158	0.318	0.112605901346575	3	DNAJC8
9.24119388261097e-06	1.29915112305104	0.212	0.101	0.113601996398937	3	MBD5
9.27107559797405e-06	1.19283610012618	0.212	0.1	0.113969332325895	3	B4GALT5
9.34056900919093e-06	0.986320017576779	0.255	0.13	0.114823614829984	3	IPO8
9.38949690392676e-06	1.2502614935699	0.201	0.093	0.115425085439972	3	ZHX2
9.45972427927484e-06	1.28182803006326	0.065	0.014	0.116288390565126	3	WNT9A
9.48703807442032e-06	1.06649036626076	0.228	0.11	0.116624159048849	3	DLG5
9.54251718209736e-06	1.47269050228043	0.223	0.112	0.117306163719523	3	REL
9.59088004215253e-06	1.32364820575789	0.174	0.074	0.117900688358181	3	TBC1D12
9.59701058915627e-06	1.24379489806867	0.201	0.093	0.117976051172498	3	CABIN1
9.5975745003059e-06	0.981601468674249	0.299	0.163	0.11798298333226	3	TBL1XR1
9.60905848106936e-06	0.607951228345332	0.478	0.31	0.118124155907786	3	HIPK2
9.61057666925292e-06	1.26561300827436	0.196	0.089	0.118142818995126	3	KIF2A
9.63002664977872e-06	1.04041685465087	0.234	0.114	0.11838191760573	3	ABCA5
9.64574016766222e-06	1.31745193979398	0.168	0.07	0.118575083881072	3	CUL4A
9.66636384237518e-06	1.14981874985966	0.234	0.116	0.118828610714318	3	ASAP3
9.66969917907344e-06	1.00257860244057	0.332	0.197	0.11886961200835	3	RABEP1
9.70418515337045e-06	0.983349130960516	0.283	0.151	0.119293548090383	3	PKP4
9.70815139316117e-06	1.551917193431	0.13	0.047	0.11934230507613	3	SPECC1
9.8796845242178e-06	0.908061003656279	0.353	0.209	0.121450961856209	3	ITGAV
9.97674424860654e-06	1.63437935362298	0.152	0.061	0.12264411704812	3	WDPCP
1.00606086561942e-05	1.04802630335717	0.283	0.151	0.123675062210596	3	TNPO3
1.00850842614554e-05	-1.58053310259265	0.065	0.2	0.123975940826072	3	MED30
1.01765519513933e-05	1.00172011087052	0.272	0.144	0.125100353138478	3	SLC38A10
1.0208985245727e-05	1.551917193431	0.147	0.057	0.125499055625721	3	TCF7L1
1.02316530937055e-05	1.25646130990483	0.228	0.113	0.125777711480921	3	TRANK1
1.02443119624099e-05	0.942292638475579	0.283	0.151	0.125933326953905	3	RICTOR
1.03379031473781e-05	-1.30202452222856	0.147	0.3	0.12708384339072	3	UCHL1
1.06070048597544e-05	1.27180927423827	0.174	0.074	0.130391910740961	3	NUDCD1
1.06537518779467e-05	1.1639915397694	0.223	0.108	0.130966571835599	3	PDXDC1
1.07430004150419e-05	1.19940077871022	0.245	0.125	0.13206370410211	3	ACVR2A
1.07847009730892e-05	1.08763617513231	0.25	0.128	0.132576329062185	3	PIP5K1C
1.07882234361354e-05	1.11527743966695	0.261	0.137	0.132619630700413	3	MAGI3
1.07956515767019e-05	-1.70289670559782	0.054	0.184	0.132710944832397	3	COX17
1.08124340647246e-05	1.60850072179737	0.125	0.044	0.132917251957659	3	SLC7A1
1.08478237810906e-05	0.98658349945878	0.315	0.18	0.133352297740946	3	HYCC1
1.0924109727768e-05	1.77430961476745	0.103	0.032	0.134290080883453	3	MIPEP
1.09539170424638e-05	1.14204139926794	0.185	0.081	0.134656502203008	3	PEX14
1.09710707878758e-05	-0.738900368916328	0.342	0.503	0.134867373195357	3	MTPN
1.12976792983889e-05	-0.876686435127134	0.196	0.362	0.138882371615094	3	RWDD1
1.14308120428361e-05	0.769508628503631	0.435	0.28	0.140518972442585	3	SASH1
1.14422957931042e-05	1.64921439478592	0.174	0.076	0.14066014218463	3	NOX4
1.14463997121906e-05	0.966954692709848	0.326	0.19	0.140710591661959	3	NUP188
1.14570143613743e-05	0.843683317808114	0.332	0.191	0.140841077544375	3	VPS13A
1.15021814337715e-05	1.01793862142865	0.245	0.122	0.141396316365353	3	KANSL3
1.15193284380684e-05	1.47596834019771	0.163	0.069	0.141607104489174	3	ZNF711
1.15677205895688e-05	-0.930864912483674	0.158	0.322	0.14220198920757	3	FBL
1.16080953792353e-05	1.03946719249422	0.364	0.222	0.14269831649694	3	RASAL2
1.17012286101575e-05	1.2918543541285	0.272	0.148	0.143843203304666	3	LOC138497215
1.17349986320342e-05	1.30230330335953	0.201	0.094	0.144258338183597	3	RBM26
1.20551692019118e-05	1.02666093883412	0.31	0.178	0.148194194999101	3	INF2
1.20686757184452e-05	-1.50253059059137	0.049	0.178	0.148360230606846	3	PET100
1.20819352938744e-05	1.43643997601107	0.19	0.088	0.148523230567598	3	CIT
1.21199040987329e-05	1.20546677940957	0.174	0.074	0.148989981085723	3	CYP2D6
1.22023168294236e-05	-1.11526007057834	0.13	0.284	0.150003080784105	3	SPCS1
1.22071517268304e-05	1.07942942196826	0.321	0.187	0.150062516177926	3	HIAT1
1.23995871272735e-05	1.07244782155716	0.245	0.124	0.152428124555574	3	CRTC2
1.2399708727201e-05	1.05715250168143	0.25	0.129	0.152429619383482	3	TUT4
1.256201910462e-05	0.866350751771442	0.304	0.168	0.154424900853093	3	TSC22D1
1.27675069681748e-05	0.915607812709628	0.457	0.313	0.156950963159773	3	RGS3
1.28057336889611e-05	1.2851306527361	0.163	0.068	0.157420884238398	3	TBC1D25
1.28690021179043e-05	1.29253056461235	0.168	0.071	0.158198643035398	3	LCMT1
1.28700481778162e-05	1.42416164623263	0.136	0.051	0.158211502249895	3	TMEM139
1.29569904038458e-05	1.04443344538756	0.239	0.12	0.159280283034476	3	TDRD10
1.30152258105545e-05	-0.506487363547735	0.44	0.606	0.159996170889147	3	YWHAB
1.30751346004239e-05	1.40648675390944	0.158	0.065	0.160732629643011	3	TBC1D8B
1.31244983658785e-05	1.18066138618007	0.207	0.097	0.161339458411744	3	SPHK2
1.33404781763281e-05	1.11581807862433	0.228	0.113	0.163994498221601	3	KREMEN1
1.34085709365865e-05	0.966954692709848	0.288	0.158	0.164831562523458	3	ARID5B
1.35579265039571e-05	-1.19885420026023	0.136	0.285	0.166667590513145	3	GATM
1.35599810567162e-05	1.09248557479371	0.207	0.096	0.166692847130213	3	STK11
1.35988036045518e-05	1.57700817439383	0.13	0.048	0.167170092710755	3	GPR176
1.36118109857851e-05	-0.740109415742496	0.609	0.732	0.167329992448257	3	CSTB
1.37679664541461e-05	0.842103205524765	0.293	0.158	0.169249611620818	3	DGKD
1.37812390390541e-05	1.98632001757678	0.103	0.033	0.169412771507092	3	BNC2
1.3922675843682e-05	1.02353822107622	0.326	0.191	0.171151454146382	3	CNOT3
1.39599688225279e-05	1.05085595031879	0.266	0.142	0.171609896735336	3	LENG8
1.40718963640191e-05	1.17340557017727	0.201	0.094	0.172985822002887	3	FNIP1
1.4300790092195e-05	-0.932825513735481	0.337	0.487	0.175799612603353	3	FOS
1.43369393289099e-05	0.781230981420797	0.505	0.365	0.17624399517029	3	GNAS
1.4363586139704e-05	0.983349130960516	0.277	0.149	0.176571564415381	3	ZFYVE28
1.44208802176647e-05	1.04712504139383	0.31	0.178	0.177275880515752	3	TACC1
1.44529834546394e-05	0.872317818571773	0.293	0.16	0.177670525607882	3	DGCR8
1.44825304093056e-05	1.04556452740621	0.223	0.108	0.178033746321593	3	COP1
1.45682624268371e-05	1.63437935362298	0.125	0.045	0.179087650013109	3	PLEKHG2
1.46025698500337e-05	1.13687969415216	0.234	0.118	0.179509391166464	3	USF1
1.49760865388003e-05	-1.09605510481595	0.141	0.293	0.184101031821473	3	TOMM22
1.50549542342028e-05	1.43643997601107	0.147	0.058	0.185070552401055	3	BRD1
1.51622613742523e-05	1.26561300827436	0.19	0.087	0.186389679073683	3	LCLAT1
1.52928028240621e-05	0.947692790549215	0.429	0.292	0.187994425116195	3	SLCO3A1
1.53069557827407e-05	1.04357597431276	0.272	0.145	0.188168407437232	3	BLTP1
1.54660211358009e-05	0.920412106772817	0.283	0.152	0.1901237978224	3	NEK6
1.57357962121121e-05	1.00938995903024	0.228	0.112	0.193440142835494	3	RAB3GAP2
1.59387017194935e-05	1.39437591644452	0.13	0.048	0.195934460237734	3	IFT80
1.59575121118496e-05	0.929479987291185	0.332	0.195	0.196165696390967	3	CEMIP2
1.61074057854377e-05	1.14163322412279	0.19	0.086	0.198008339320385	3	BRD10
1.61317030122071e-05	1.38199219198869	0.174	0.076	0.198307025129062	3	FSD1L
1.63072839611678e-05	0.795683265560019	0.457	0.313	0.200465441734635	3	ACTN4
1.63403901459788e-05	-0.910302242577912	0.223	0.38	0.200872416064518	3	PSMB4
1.65387811227107e-05	1.27889869902459	0.174	0.076	0.203311236341483	3	BRCA2
1.67720270580353e-05	0.98487660070711	0.255	0.133	0.206178528624428	3	CWF19L2
1.68367158173246e-05	1.08479118300371	0.239	0.122	0.206973747542371	3	ZNF391
1.70728002655575e-05	1.34333057161959	0.19	0.088	0.209875933664498	3	THRB
1.71490867129767e-05	1.46445435218066	0.201	0.096	0.210813722962622	3	AHRR
1.72325244709591e-05	0.849013435338431	0.386	0.242	0.2118394233215	3	PPM1A
1.73437342227128e-05	0.872095506368407	0.402	0.259	0.213206524799808	3	ARHGEF3
1.7348272031036e-05	1.38685794716051	0.158	0.066	0.213262308077526	3	TTC39B
1.7380696445446e-05	1.06859495458569	0.239	0.122	0.213660901403868	3	CLUH
1.742655058549e-05	2.27180927423827	0.065	0.015	0.214224586347429	3	ROBO1
1.75664531456232e-05	0.996101038369364	0.25	0.129	0.215944408519146	3	RFC1
1.76396636675064e-05	-1.14440641623786	0.13	0.279	0.216844385464656	3	TIMM9
1.77907111521436e-05	1.61081088248457	0.12	0.043	0.218701212193301	3	HEATR6
1.78125288391688e-05	-1.00947683615175	0.158	0.316	0.218969417019901	3	PSMA3
1.79205384277523e-05	1.25646130990483	0.201	0.095	0.220297178892359	3	RAD17
1.80615600998129e-05	1.57745228553814	0.179	0.082	0.222030758307	3	PLCE1
1.80746356257131e-05	1.07326359485619	0.245	0.124	0.222191495746892	3	ABLIM1
1.81095867236874e-05	1.09248557479371	0.25	0.131	0.22262114959429	3	ZDHHC20
1.81607833778157e-05	-0.607676443874412	0.418	0.575	0.223250510063488	3	ARHGDIA
1.82204328972151e-05	-1.01923950776512	0.152	0.307	0.223983781605465	3	PTTG1
1.82457833605815e-05	0.906025694067516	0.359	0.222	0.224295414851629	3	SMARCAD1
1.86204032354052e-05	1.08479118300371	0.239	0.122	0.228900616972837	3	PITPNC1
1.86248058598694e-05	-1.30369289723382	0.098	0.238	0.228954738435375	3	SELENOH
1.86614553049452e-05	1.79984470687459	0.092	0.028	0.229405270063691	3	CREB1
1.87180896073067e-05	-0.789774156277788	0.261	0.424	0.230101475542621	3	CMPK1
1.87496098755477e-05	1.10927523275756	0.321	0.187	0.230488954200107	3	FLT4
1.8761661311626e-05	-1.2554377286266	0.087	0.226	0.230637102503818	3	COA8
1.88192295394751e-05	1.61081088248457	0.12	0.043	0.231344788728768	3	NDC80
1.89042240505923e-05	1.33618850237557	0.158	0.066	0.232389626253931	3	ACSS2
1.89834858314735e-05	0.863861199745744	0.348	0.209	0.233363991326303	3	AKAP9
1.90176927987609e-05	1.76764588448644	0.092	0.028	0.233784497575168	3	ATPAF2
1.90176927987609e-05	1.76764588448644	0.092	0.028	0.233784497575168	3	SPSB1
1.91820802880872e-05	2.551917193431	0.043	0.006	0.235805312981456	3	PIR
1.92385979071836e-05	3.551917193431	0.027	0.002	0.236500084073008	3	ITIH6
1.92385979071836e-05	3.551917193431	0.027	0.002	0.236500084073008	3	LOC138549616
1.92385979071836e-05	3.551917193431	0.027	0.002	0.236500084073008	3	LOC138569255
1.92711613805041e-05	1.23780860300294	0.174	0.076	0.236900386850537	3	SPRED2
1.93279123811112e-05	-0.536543707382412	0.299	0.476	0.237598026901	3	MANF
1.93344992862783e-05	-0.912968855298401	0.223	0.382	0.237678999726219	3	ATF4
1.93612193568598e-05	1.05810258076804	0.234	0.118	0.238007469553877	3	EHD1
1.94325671230748e-05	0.840777586632703	0.462	0.322	0.238884547643959	3	HSD17B12
1.9745324851059e-05	-1.03629096679381	0.185	0.336	0.242729278394068	3	GOT2
1.98562144511537e-05	1.13269189718873	0.212	0.103	0.244092444248032	3	ZNF219
1.98628392531438e-05	1.47099719804744	0.13	0.049	0.244173882938896	3	AMPD2
1.98732039108346e-05	-0.770010901456359	0.228	0.392	0.24430129567589	3	SURF4
1.98807220716908e-05	-1.42863044390282	0.06	0.189	0.244393716427295	3	MRPL43
2.00352482600507e-05	1.34546631596358	0.212	0.106	0.246293306860803	3	ZNF236
2.00721179197737e-05	0.905925259312288	0.272	0.146	0.246746545587779	3	RAD54L2
2.01307190143361e-05	0.992045673672678	0.266	0.143	0.247466928843234	3	CRTC1
2.04063669233025e-05	1.17605029143284	0.201	0.095	0.250855468588157	3	PCCA
2.04104989122141e-05	1.18764280783405	0.207	0.1	0.250906263127848	3	TLL1
2.04867382257704e-05	1.06447119862411	0.239	0.123	0.251843473009395	3	PIK3C2A
2.05632268082381e-05	1.11653104876036	0.212	0.103	0.252783747153671	3	BRPF3
2.06772099411932e-05	1.15539978212296	0.223	0.112	0.254184941807088	3	FAM193A
2.08048378730784e-05	0.719711407422739	0.495	0.347	0.255753871973753	3	FGD5
2.09274985926164e-05	-1.02270336306869	0.168	0.321	0.257261740199033	3	PYCARD
2.10052159389368e-05	1.08159725865097	0.228	0.115	0.25821711953735	3	DDB1
2.1302336512099e-05	1.23875930817137	0.163	0.07	0.261869622743233	3	EVA1B
2.13471995789122e-05	1.1685885538795	0.217	0.108	0.262421124423568	3	USP31
2.15526756027087e-05	0.8060421176751	0.435	0.288	0.264947041184098	3	SLC12A6
2.17590585169191e-05	1.21374845753643	0.228	0.117	0.267484106348487	3	AGPAT2
2.18364010189694e-05	1.07916419629587	0.223	0.111	0.268434877726191	3	SYTL3
2.18847104148333e-05	0.939733223974824	0.315	0.184	0.269028745129546	3	SMAD3
2.19368392886076e-05	1.18180556503368	0.234	0.12	0.269669565374853	3	DENND4B
2.19501817540912e-05	1.12192935268619	0.185	0.083	0.269833584303043	3	UBXN7
2.20600040215868e-05	1.71061493945006	0.109	0.037	0.271183629437366	3	ZNF654
2.24337284655672e-05	0.950178979959021	0.277	0.152	0.275777824027217	3	KDM5C
2.30441314075326e-05	1.42853477792572	0.136	0.053	0.283281507392799	3	MSH2
2.30854074646563e-05	1.32450669732793	0.179	0.082	0.283788913963019	3	KNL1
2.31068014273271e-05	0.647656853867158	0.582	0.456	0.284051909946131	3	EIF4G1
2.31596439625316e-05	-1.01636656614352	0.125	0.275	0.2847015032314	3	PSMD6
2.32763851031832e-05	1.20708869643356	0.223	0.113	0.286136602073431	3	KLHL12
2.34207117112915e-05	0.97700835737377	0.234	0.118	0.287910809066906	3	TRIM33
2.34359054134239e-05	0.67014327489163	0.598	0.469	0.28809758524722	3	ADGRL4
2.35445800391601e-05	-1.70975037663888	0.054	0.177	0.289433522421395	3	SMIM30
2.3612502744197e-05	1.4557018781717	0.136	0.053	0.290268496234414	3	RHBDF1
2.36204104291561e-05	-0.835599243083935	0.185	0.347	0.290365705405616	3	MTURN
2.38237779441046e-05	0.976604862743567	0.25	0.131	0.292865702266878	3	SFSWAP
2.38460742737454e-05	1.2851306527361	0.245	0.131	0.293139791047153	3	ESYT1
2.44932912620713e-05	1.03734402060125	0.277	0.153	0.301096029484642	3	PACSIN3
2.47746116219043e-05	0.923885970817962	0.266	0.143	0.30455430066807	3	HMGXB3
2.48087626339501e-05	0.864439782083914	0.364	0.227	0.304974119059149	3	WIPF1
2.52339373604081e-05	0.92742632852321	0.315	0.181	0.310200791971496	3	PRKCI
2.53756172278809e-05	1.30398967998742	0.158	0.067	0.31194246258234	3	ZIKV
2.54799172936612e-05	-0.821541202096441	0.179	0.341	0.313224623290977	3	GSTT1
2.55101040119723e-05	-0.904311993167949	0.196	0.351	0.313595708619176	3	SSB
2.56018639649684e-05	0.813565058993835	0.418	0.276	0.314723713721357	3	AP1G1
2.58275707736346e-05	1.29253056461235	0.158	0.067	0.317498327520291	3	DHX30
2.61304071727201e-05	1.41865066256754	0.147	0.06	0.321221095374248	3	NOL10
2.61994873693522e-05	1.65883239734752	0.103	0.034	0.322070298231447	3	FBXW8
2.62841858070745e-05	1.05715250168143	0.217	0.108	0.323111496126367	3	KLHL20
2.63707405069948e-05	2.02835523737399	0.076	0.02	0.324175513052487	3	GPAM
2.64862730503998e-05	1.17004655808736	0.152	0.063	0.325595754608565	3	TGM2
2.66050997584576e-05	-1.2694219580623	0.109	0.247	0.32705649133072	3	SUCLG1
2.69677804342223e-05	1.25493545567387	0.174	0.078	0.331514924877894	3	TYW1
2.71239943358207e-05	4.551917193431	0.016	0	0.333435262370244	3	FAM227A
2.71239943358207e-05	4.551917193431	0.016	0	0.333435262370244	3	FOLH1
2.71239943358207e-05	4.551917193431	0.016	0	0.333435262370244	3	ECHDC1
2.71598552061237e-05	1.44002431336011	0.147	0.06	0.333876100048879	3	WBP1L
2.74583104450136e-05	2.02140247673222	0.082	0.023	0.337545010300552	3	TEDC1
2.75365495792449e-05	1.58844306945612	0.103	0.034	0.338506803977657	3	C5PH5orf22
2.75765712006546e-05	1.73478125058081	0.098	0.032	0.338998789769647	3	LOC138581801
2.76844873683437e-05	0.838006835492464	0.353	0.217	0.34032540321905	3	NFIC
2.78146271265831e-05	1.36749262229358	0.19	0.091	0.341925211267086	3	FBXO42
2.79825761935909e-05	-0.768292384230059	0.288	0.462	0.343989809147813	3	FCN1
2.79846215656918e-05	0.786382447068027	0.315	0.18	0.344014952907049	3	SPAG1
2.814251760114e-05	-0.817316616234715	0.348	0.497	0.345955968870814	3	JUNB
2.82651242835764e-05	1.82945116895991	0.092	0.029	0.347463172818005	3	NRIP1
2.83198362269935e-05	-0.728934958453443	0.234	0.396	0.348135746738431	3	ETF1
2.84365592142806e-05	1.2834283575051	0.196	0.094	0.349570622421151	3	GPATCH8
2.87902701019521e-05	1.0892902356339	0.207	0.1	0.353918790363297	3	BTAF1
2.91298261508998e-05	0.783036419188035	0.348	0.209	0.358092952873012	3	NCKAP1
2.97308430368751e-05	1.35726976257746	0.19	0.091	0.365481253452305	3	PDZD8
2.98194300961294e-05	0.940482481348657	0.315	0.188	0.366570254171719	3	EEA1
3.01487993771741e-05	1.72184219487332	0.092	0.029	0.370619190743601	3	KANSL2
3.01487993771741e-05	1.72184219487332	0.092	0.029	0.370619190743601	3	SMPD4
3.01496214232872e-05	1.36288336904099	0.13	0.05	0.37062929615647	3	MIPOL1
3.05389189512525e-05	-0.582248044893709	0.348	0.527	0.375414930667747	3	DUSP1
3.05553185984785e-05	1.78139903955377	0.087	0.026	0.375616531531097	3	LARGE1
3.14594484902495e-05	1.12968419274796	0.228	0.118	0.386731000290637	3	ARHGAP32
3.21755813591562e-05	1.43261826505866	0.141	0.057	0.395534421648107	3	IRAK1
3.23559344387595e-05	1.16800221164794	0.196	0.094	0.397751502055671	3	ZNF592
3.26755396656197e-05	1.00648305689649	0.196	0.092	0.401680409109463	3	SGSM3
3.27013984662924e-05	4.35927211548861	0.022	0.001	0.401998291346133	3	TBX5
3.27013984662924e-05	4.13687969415216	0.022	0.001	0.401998291346133	3	ROBO2
3.27013984662924e-05	4.13687969415216	0.022	0.001	0.401998291346133	3	SLC2A11
3.28446868108838e-05	3.87384528831837	0.022	0.001	0.403759734966194	3	AIRIM
3.28446868108838e-05	3.87384528831837	0.022	0.001	0.403759734966194	3	NLGN1
3.28446868108838e-05	3.87384528831837	0.022	0.001	0.403759734966194	3	WNT5B
3.28542633250744e-05	-0.658928063324618	0.353	0.529	0.40387745905514	3	CSF1
3.31580946811423e-05	0.831299593352282	0.326	0.193	0.407612457915282	3	PABPC1
3.37975651470713e-05	2.43643997601107	0.054	0.011	0.415473468352948	3	PARP6
3.38726891385175e-05	1.07192425231139	0.196	0.093	0.416396967579796	3	DNAJB12
3.40623066325981e-05	1.31090909392721	0.158	0.068	0.418727935434528	3	PHKA1
3.42746924691147e-05	1.07326359485619	0.261	0.145	0.421338794522827	3	STAT3
3.43749953880699e-05	1.18454612778247	0.217	0.11	0.422571818305543	3	METTL15
3.46579492855993e-05	2.31090909392721	0.054	0.011	0.426050170567872	3	MYOC
3.46672871556571e-05	0.908949089274282	0.293	0.166	0.426164961004492	3	CERS5
3.46978686397457e-05	1.23932696312298	0.158	0.068	0.426540899188394	3	CCM2L
3.52782888682317e-05	1.06093084091886	0.19	0.089	0.433676005057173	3	SMC5
3.5473918168364e-05	0.959686692245808	0.293	0.17	0.436080876043699	3	SMAD4
3.56189347740376e-05	0.69160093006635	0.505	0.371	0.437863565177244	3	BDKRB2
3.57757264372652e-05	2.00442939812851	0.065	0.016	0.439791005093301	3	TERF1
3.58214640528928e-05	1.23875930817137	0.163	0.071	0.440353257602211	3	PGAP6
3.59003174095745e-05	1.00236002884105	0.255	0.137	0.4413226019159	3	DHX36
3.63647531207884e-05	1.06649036626076	0.245	0.131	0.447031910113852	3	ATG14
3.64364265606513e-05	0.734912101339681	0.522	0.392	0.447912991710086	3	GNB4
3.66927488560098e-05	1.36749262229358	0.158	0.069	0.451063961686928	3	WWP2
3.67435263213688e-05	-1.02097247498958	0.152	0.297	0.451688169068587	3	CCDC43
3.72105821740883e-05	1.10125578442144	0.207	0.102	0.457429686666068	3	GATAD2B
3.75197383084765e-05	1.06052880802205	0.283	0.164	0.461230143026102	3	FGD3
3.77965908153192e-05	1.34838379934587	0.158	0.069	0.464633490892718	3	ARL6
3.79200432079537e-05	0.734963466563487	0.418	0.273	0.466151091155375	3	TJP2
3.79304380695054e-05	0.919648977931491	0.31	0.183	0.466278875188429	3	GLG1
3.85514980375358e-05	1.09672256768018	0.266	0.15	0.473913565375428	3	LRPPRC
3.89378373175336e-05	1.15763825431896	0.179	0.082	0.47866283414444	3	KAT5
3.8963751685933e-05	-0.492075787306517	0.364	0.55	0.478981399475175	3	SRSF4
3.89848931969905e-05	-0.980096427341193	0.168	0.318	0.479241292070604	3	BCCIP
3.93229430548125e-05	0.802978957598722	0.337	0.204	0.48339693897281	3	APBB1
3.93478096023802e-05	-1.44205901894123	0.076	0.202	0.48370262344206	3	SLIRP
3.95060201845041e-05	1.12689560557954	0.239	0.127	0.485647506128109	3	PTK7
3.95419599066228e-05	0.930428816684734	0.31	0.184	0.486089313132114	3	LYN
3.97078945095575e-05	1.17576870754576	0.207	0.103	0.48812914720599	3	MED12
3.97083414049977e-05	0.851477475289912	0.299	0.171	0.488134640891637	3	LATS1
3.9743169882041e-05	1.07192425231139	0.25	0.136	0.488562787359931	3	CUL2
4.00400399292014e-05	1.45063385759382	0.196	0.096	0.492212210849672	3	CLCF1
4.01524622876642e-05	1.09553889877126	0.207	0.102	0.493594218902257	3	APPBP2
4.05314463664272e-05	-3.18954979297014	0.005	0.095	0.498253070182489	3	MRPL53
4.06503066637179e-05	1.61331773809515	0.114	0.042	0.499714219817084	3	ZNF76
4.07919968972486e-05	1.04941685290182	0.234	0.122	0.501456017857876	3	LOC138566346
4.11369324527815e-05	1.13201393898034	0.179	0.082	0.505696310642042	3	MICU1
4.12598113866034e-05	1.17605029143284	0.196	0.095	0.507206861375515	3	MTOR
4.13516750191777e-05	-1.19130739120688	0.12	0.256	0.508336141010752	3	RPL7L1
4.17087940879112e-05	1.21801645687757	0.212	0.108	0.512726205722692	3	SNCAIP
4.196282351504e-05	1.09992855797927	0.234	0.124	0.515848989470386	3	SUPV3L1
4.20390718424741e-05	1.2238629957468	0.196	0.095	0.516786310159535	3	TGFB1
4.20852434113391e-05	-1.75551133176124	0.049	0.164	0.517353897255591	3	DYNLL2
4.21808026775936e-05	-0.948348142714871	0.185	0.33	0.518528607315659	3	EIF3F
4.24535842705535e-05	1.34755869492482	0.12	0.044	0.521881911437914	3	TTLL7
4.2851354777919e-05	1.22998909854364	0.217	0.112	0.526771704284958	3	DHX57
4.31387544788753e-05	1.06883430672906	0.217	0.11	0.530304708808815	3	FANCD2
4.3251539644394e-05	1.52216985003695	0.174	0.081	0.531691176848536	3	SORL1
4.35445107032173e-05	1.47099719804744	0.125	0.048	0.535292670074651	3	LOC138488678
4.35513268747039e-05	1.03734402060125	0.212	0.106	0.535376461270735	3	PCNX3
4.36541954735053e-05	1.14425922451776	0.212	0.107	0.5366410249558	3	DAPK2
4.40981045894857e-05	-0.672455592033685	0.332	0.491	0.542097999718548	3	GLUD1
4.43646750131645e-05	1.76950862850363	0.109	0.039	0.545374949936832	3	EZH1
4.46334839638501e-05	1.06649036626076	0.212	0.107	0.548679418367609	3	NFKBIZ
4.51530327222622e-05	1.20952499598393	0.147	0.061	0.555066231254769	3	DVL2
4.52427095832502e-05	1.32952477209456	0.136	0.055	0.556168628906895	3	DENND2A
4.5841425126141e-05	1.71238186562425	0.092	0.03	0.563528639075651	3	CLPTM1L
4.60284043962667e-05	-1.59598150168131	0.054	0.171	0.565827175243307	3	TIMM8B
4.63006939906699e-05	0.949252690976389	0.255	0.139	0.569174431227305	3	WASHC2C
4.63014816280273e-05	0.989322505738302	0.272	0.152	0.56918411365334	3	SPSB4
4.63732018895176e-05	0.870446711856501	0.266	0.146	0.57006577082784	3	AGO2
4.71344606855399e-05	1.32952477209456	0.163	0.073	0.579423925207342	3	PACS2
4.72574370405162e-05	1.14474181192513	0.212	0.108	0.580935673539066	3	LCORL
4.74221731727654e-05	0.862618032895112	0.342	0.209	0.582960774812805	3	PELI1
4.7699594734834e-05	1.72879495551508	0.109	0.039	0.586371118075314	3	RAB11FIP3
4.78134210630558e-05	1.28443688256602	0.136	0.055	0.587770385128145	3	ICOS
4.80945712153622e-05	0.975128624155548	0.255	0.139	0.591226563950447	3	ARHGAP6
4.83984684044748e-05	-1.09637124265898	0.125	0.263	0.594962372096209	3	DUT
4.84442229227839e-05	1.14981874985966	0.196	0.095	0.595524832389782	3	NEK1
4.86703872933252e-05	1.48152786553961	0.136	0.056	0.598305070996847	3	FIRRM
4.87097877237203e-05	1.73248943907282	0.087	0.027	0.598789420487693	3	RAB11FIP2
4.88458548990655e-05	1.551917193431	0.12	0.045	0.600462094274212	3	STK40
4.88903649714729e-05	0.966954692709848	0.217	0.109	0.601009256594316	3	SNX4
4.91236206665401e-05	1.04638916020425	0.245	0.132	0.603876668853777	3	EIF2B5
4.9244746221782e-05	0.677448075514863	0.375	0.232	0.605365665304366	3	FOXK2
4.95102604106363e-05	0.801276662367721	0.31	0.181	0.608629631227952	3	TRIP12
4.96038883670389e-05	2.27180927423827	0.06	0.014	0.60978059969601	3	HECA
5.04416230140156e-05	1.28443688256602	0.141	0.058	0.620078871711294	3	ACCS
5.07816043576289e-05	1.34135020749135	0.158	0.07	0.624258262368332	3	PEAR1
5.10386184909582e-05	1.14592483375517	0.25	0.137	0.627417737109349	3	MMP16
5.13222421173518e-05	-1.11710957207863	0.12	0.256	0.630904322348605	3	DAP
5.15830376117878e-05	0.966954692709848	0.293	0.175	0.634110281361707	3	CENPE
5.19129696517196e-05	1.13158539448265	0.174	0.08	0.638166135928589	3	JAK3
5.22531961285823e-05	2.70392028687605	0.043	0.007	0.642348540008662	3	LOC138488444
5.2412773568447e-05	1.20678170738232	0.179	0.084	0.644310225476919	3	LOC138467158
5.26923198091391e-05	1.2851306527361	0.152	0.066	0.647746687413748	3	ABL2
5.2754117433539e-05	1.07038428236525	0.239	0.129	0.648506365610495	3	SLF2
5.30817835079368e-05	1.75355105460065	0.103	0.036	0.652534364663068	3	ANKLE2
5.31021075609593e-05	0.817728683935371	0.418	0.286	0.652784208246872	3	PRRC2B
5.31888793381617e-05	1.06159156684792	0.201	0.099	0.653850893704022	3	ABCC5
5.31912784309178e-05	-0.659391728776428	0.293	0.455	0.653880385751273	3	TXNIP
5.33292516403924e-05	1.27438321790209	0.158	0.07	0.655576490415344	3	CEP290
5.42422497123732e-05	3.06649036626076	0.038	0.006	0.666799975714204	3	KCNQ3
5.42720159379503e-05	1.2039938900107	0.196	0.096	0.667165891925223	3	BDP1
5.44636261695192e-05	1.1982802388163	0.196	0.096	0.6695213565019	3	USP36
5.49547747026452e-05	1.25818599037429	0.152	0.066	0.675559045419617	3	SLC25A13
5.50762137056625e-05	1.18268338376528	0.168	0.077	0.677051895083709	3	CDS1
5.56271106352374e-05	1.68316172670926	0.103	0.036	0.683824071038973	3	POLQ
5.5921159198169e-05	1.40895923958896	0.12	0.045	0.687438810023092	3	PHLDB2
5.59939923519404e-05	1.1628749026851	0.196	0.096	0.688334147982403	3	JADE3
5.63781399666312e-05	0.957555994707598	0.245	0.132	0.693056474609797	3	TMEM131
5.66429652814273e-05	1.68684677351711	0.114	0.043	0.696311972204586	3	CLPB
5.72081835009204e-05	1.10260979206741	0.223	0.117	0.703260199776815	3	INPP4A
5.75102270502974e-05	0.974732043301567	0.277	0.158	0.706973221129306	3	RSBN1L
5.81872794769353e-05	1.42263417648604	0.147	0.063	0.715296226609966	3	SCML2
5.87184717886584e-05	0.839199145511475	0.321	0.193	0.721826173697977	3	CD2AP
5.8743184952993e-05	-0.825949073050215	0.201	0.349	0.722129972627143	3	ELOB
5.96650993781769e-05	0.903178782276533	0.272	0.153	0.733463066655929	3	JADE2
6.02837561882588e-05	1.13922363462046	0.277	0.163	0.741068214822265	3	GPR68
6.03534394260359e-05	0.92742632852321	0.266	0.15	0.741924830864259	3	BBS12
6.03643390032143e-05	0.936581043666329	0.239	0.127	0.742058819366513	3	ACOT9
6.08189501076419e-05	-0.808830150346887	0.13	0.275	0.747647353673242	3	PABPN1
6.13172801805408e-05	-0.875165647508433	0.174	0.322	0.753773325259388	3	ALYREF
6.16310953780757e-05	0.867419019158934	0.277	0.157	0.757631055482685	3	SAMD4B
6.16794407237055e-05	1.11007963480844	0.25	0.14	0.758225364816512	3	ARHGAP17
6.19766731207986e-05	-1.77001090145636	0.043	0.153	0.761879242673977	3	PHB1
6.25557244978812e-05	-1.22067231046592	0.082	0.208	0.768997521252454	3	MRPL52
6.30112868329569e-05	0.949032784712586	0.44	0.32	0.774597749037539	3	LHFPL7
6.30406562879768e-05	1.48582800297323	0.141	0.06	0.774958787748099	3	NME7
6.31972888600357e-05	0.785407323650782	0.37	0.237	0.776884271956419	3	CELF1
6.41656750460366e-05	0.912506908687471	0.261	0.145	0.788788643340927	3	NOL8
6.44779553487746e-05	0.959686692245808	0.288	0.168	0.792627505102486	3	UBR5
6.48912328110736e-05	1.64502659782249	0.109	0.04	0.797707924946528	3	PITPNM1
6.49387823401473e-05	2.00442939812851	0.065	0.017	0.798292451307431	3	CEP76
6.49944198414395e-05	1.2347270175503	0.234	0.127	0.798976403110816	3	PREX1
6.55102963812633e-05	0.793306605224818	0.364	0.232	0.80531807341487	3	OGT
6.57569592724885e-05	1.03108503012956	0.223	0.116	0.808350300336701	3	RAB3GAP1
6.63650418140867e-05	1.17048808679498	0.179	0.085	0.815825459020568	3	LPCAT3
6.65685404333858e-05	1.00976777624882	0.255	0.143	0.818327067547612	3	SENP1
6.68409797981062e-05	1.22998909854364	0.174	0.082	0.82167616465812	3	ATXN7
6.68719950700489e-05	1.91964897793149	0.087	0.028	0.822057435396111	3	RMDN2
6.6929938455257e-05	0.919648977931491	0.245	0.132	0.822769733430474	3	GRK2
6.71888031475431e-05	1.43261826505866	0.136	0.057	0.825951957092747	3	MAP3K8
6.736836964267e-05	-1.11833049523512	0.13	0.264	0.828159368017342	3	UFM1
6.7391845599282e-05	1.12167728750849	0.25	0.14	0.828447957951974	3	SLC12A9
6.74487602106251e-05	1.22998909854364	0.185	0.09	0.829147609269214	3	SS18
6.80058216911633e-05	0.915193265020106	0.299	0.178	0.835995566049471	3	TNFRSF3
6.80881296578976e-05	1.11996631121581	0.234	0.127	0.837007377884536	3	CSDE1
6.92513125153104e-05	1.49533366506464	0.12	0.046	0.85130638475071	3	COG1
6.95890375837067e-05	1.01793862142865	0.228	0.12	0.855458039016506	3	CLEC16A
6.99166169500031e-05	0.831602839814962	0.288	0.165	0.859484972166388	3	CNKSR3
7.03352232778175e-05	1.15103775714882	0.245	0.135	0.864630899754211	3	DENND2B
7.04370450181668e-05	0.826092156869998	0.304	0.18	0.865882594408325	3	LARP1
7.07002828630467e-05	-0.340351367812669	0.484	0.672	0.869118577235433	3	MARCKS
7.10645918534646e-05	1.13320403600876	0.217	0.114	0.87359702765464	3	MPP7
7.10692680232406e-05	1.23614132552524	0.19	0.095	0.873654511809697	3	CACNB2
7.13724878310154e-05	1.1247459385163	0.277	0.163	0.877381992906672	3	KSR1
7.14371897030181e-05	1.12128283910114	0.212	0.109	0.878177373019201	3	NBR1
7.14672263108724e-05	1.22998909854364	0.147	0.063	0.878546613039554	3	HIF1AN
7.20255161387639e-05	1.51949571573863	0.109	0.04	0.885409669893825	3	GDPD1
7.20732338344218e-05	0.988016308237678	0.228	0.12	0.885996263526547	3	TCF20
7.27706548774221e-05	1.76764588448644	0.087	0.028	0.89456966040815	3	TK2
7.28499018831027e-05	0.900991430331489	0.277	0.159	0.895543843848981	3	GOSR1
7.32381668218282e-05	0.820113304380577	0.277	0.156	0.900316784740734	3	MTMR8
7.32454360091532e-05	1.38199219198869	0.158	0.071	0.90040614486052	3	DYRK1B
7.3307931460604e-05	0.998318863619183	0.277	0.159	0.901174401445205	3	GOLGA4
7.36315648052151e-05	2.2039938900107	0.054	0.012	0.905152826150509	3	FMO2
7.38221203742844e-05	1.48778685601129	0.109	0.04	0.907495325761078	3	SLC7A6
7.38730690483374e-05	1.89984049685131	0.071	0.019	0.908121637811212	3	GALK1
7.39644362985647e-05	1.37134494778918	0.141	0.06	0.909244815418256	3	CAPN15
7.4562910427928e-05	-0.663811497624433	0.266	0.426	0.916601857890519	3	ANXA3
7.46018773567337e-05	1.17340557017727	0.168	0.078	0.917080878346328	3	AP2A1
7.53578313504366e-05	0.814951599264798	0.299	0.175	0.926373820790917	3	TMEM87A
7.59434259202483e-05	1.17845879790356	0.201	0.101	0.933572534837613	3	NUMB
7.63201846248359e-05	1.32952477209456	0.136	0.057	0.938204029593108	3	ZNF687
7.63692860618194e-05	1.08763617513231	0.239	0.132	0.938807633557946	3	IKBKG
7.65453217233831e-05	1.04638916020425	0.245	0.135	0.940971639945548	3	CEP95
7.672031402752e-05	1.12128283910114	0.234	0.126	0.943122820340304	3	FGF10
7.68763333385354e-05	0.901366351082271	0.348	0.222	0.945040765730616	3	MAP4K2
7.69125886537537e-05	-0.79796496302736	0.201	0.352	0.945486452320594	3	TMEM14A
7.70877227072335e-05	1.86386119974574	0.082	0.025	0.947639375240021	3	POLI
7.78208499013243e-05	1.26503604564284	0.13	0.053	0.956651707836979	3	TNKS1BP1
7.84625962566869e-05	1.28443688256602	0.136	0.057	0.964540695783452	3	RBM42
7.85427645388148e-05	-0.620550002573762	0.245	0.406	0.96552620447565	3	ARF4
7.98891143564916e-05	1.24157707281885	0.13	0.053	0.982076882784352	3	L3MBTL3
7.99032402482412e-05	1.75836807089843	0.076	0.022	0.98225053237163	3	SOBP
8.06176606788725e-05	1.58668261159168	0.103	0.037	0.991032902725379	3	C7PHXorf38
0.00391246413761498	4.28888278759721	0.016	0.002	1	3	PKD2L1
0.000616102078813029	4.13687969415216	0.011	0	1	3	LOC138515534
0.00060359078080654	3.87384528831837	0.016	0.001	1	3	LOC138472210
0.0002885397017472	3.551917193431	0.022	0.002	1	3	LOC138489101
0.000606087559473757	3.551917193431	0.016	0.001	1	3	CNKSR2
0.000606087559473757	3.551917193431	0.016	0.001	1	3	LOC138513466
0.000606087559473757	3.551917193431	0.016	0.001	1	3	LOC138568490
0.000606087559473757	3.551917193431	0.016	0.001	1	3	SCRN1
0.000606087559473757	3.551917193431	0.016	0.001	1	3	ITGA11
0.000606087559473757	3.551917193431	0.016	0.001	1	3	KCNQ4
0.000606087559473757	3.551917193431	0.016	0.001	1	3	KCTD6
0.000606087559473757	3.551917193431	0.016	0.001	1	3	TGM5
0.000115680815050834	3.35927211548861	0.027	0.003	1	3	TMEM132C
0.00135190871758034	3.35927211548861	0.022	0.003	1	3	TEAD4
0.000290590302849298	3.28888278759721	0.022	0.002	1	3	LOC138481417
0.000290590302849298	3.28888278759721	0.022	0.002	1	3	LOC138580814
0.000290590302849298	3.28888278759721	0.022	0.002	1	3	NR1I3
0.00391246413761498	3.28888278759721	0.016	0.002	1	3	LOC138528644
0.00391246413761498	3.28888278759721	0.016	0.002	1	3	TMEM161A
0.00391246413761498	3.28888278759721	0.016	0.002	1	3	VGLL3
0.000159385226534335	3.13687969415216	0.033	0.005	1	3	RASEF
0.000116810719938012	3.13687969415216	0.027	0.003	1	3	LOC138516813
0.000116810719938012	3.13687969415216	0.027	0.003	1	3	OSBPL6
0.000116810719938012	3.13687969415216	0.027	0.003	1	3	PEBP4
0.00393755130891609	3.03734402060125	0.016	0.002	1	3	PRRX1
0.00431556095894592	3.03734402060125	0.022	0.004	1	3	TWIST1
0.0039374787230435	2.96695469270985	0.016	0.002	1	3	ADAMTS12
0.0039374787230435	2.96695469270985	0.016	0.002	1	3	CD44
0.0039374787230435	2.96695469270985	0.016	0.002	1	3	COL25A1
0.0039374787230435	2.96695469270985	0.016	0.002	1	3	DHPS
0.0039374787230435	2.96695469270985	0.016	0.002	1	3	LOC138467901
0.0039374787230435	2.96695469270985	0.016	0.002	1	3	LOC138569038
0.0039374787230435	2.96695469270985	0.016	0.002	1	3	LOC138583088
0.0039374787230435	2.96695469270985	0.016	0.002	1	3	LPIN1
0.0039374787230435	2.96695469270985	0.016	0.002	1	3	SEMA5A
0.0039374787230435	2.96695469270985	0.016	0.002	1	3	SGIP1
0.0039374787230435	2.96695469270985	0.016	0.002	1	3	XKRX
0.0039374787230435	2.96695469270985	0.016	0.002	1	3	CHL1
0.0039374787230435	2.96695469270985	0.016	0.002	1	3	NR1I2
0.0039374787230435	2.96695469270985	0.016	0.002	1	3	CCN5
0.0039374787230435	2.96695469270985	0.016	0.002	1	3	LOC138510157
0.0013760178593881	2.87384528831837	0.022	0.003	1	3	DDB2
0.00047274366719664	2.8149515992648	0.027	0.004	1	3	KCTD11
0.00047274366719664	2.8149515992648	0.027	0.004	1	3	WHRN
0.000280458568348257	2.7929252929348	0.043	0.009	1	3	SULF1
0.000161563905286287	2.77430961476745	0.033	0.005	1	3	LOC138529510
0.000161563905286287	2.77430961476745	0.033	0.005	1	3	PGM2L1
0.000161563905286287	2.77430961476745	0.033	0.005	1	3	SMYD4
0.0014218728622271	2.77430961476745	0.027	0.005	1	3	HEXD
9.71545200545866e-05	2.551917193431	0.049	0.01	1	3	FAM149B1
0.001677057992417	2.551917193431	0.038	0.009	1	3	NGF
0.000158897399031625	2.551917193431	0.038	0.006	1	3	SFXN1
0.000158897399031625	2.551917193431	0.038	0.006	1	3	SLC68A1
0.000859164929588188	2.551917193431	0.038	0.008	1	3	RASSF4
0.00116523938040596	2.551917193431	0.033	0.006	1	3	LOC138568501
0.0014394499256905	2.551917193431	0.027	0.005	1	3	ADAMTS9
0.0014394499256905	2.551917193431	0.027	0.005	1	3	LOC138498633
0.0014394499256905	2.551917193431	0.027	0.005	1	3	NAPB
0.0014394499256905	2.551917193431	0.027	0.005	1	3	SMARCD2
0.00351608156055326	2.551917193431	0.027	0.006	1	3	LOC138515714
0.00440267530565828	2.551917193431	0.022	0.004	1	3	CCDC69
0.00440267530565828	2.551917193431	0.022	0.004	1	3	KLF9
0.00440267530565828	2.551917193431	0.022	0.004	1	3	LOC138526181
0.00440267530565828	2.551917193431	0.022	0.004	1	3	LRRC56
0.00440267530565828	2.551917193431	0.022	0.004	1	3	MIGA1
0.00440267530565828	2.551917193431	0.022	0.004	1	3	PLCXD2
0.00440267530565828	2.551917193431	0.022	0.004	1	3	SYT1
0.00440267530565828	2.551917193431	0.022	0.004	1	3	TAGLN
0.00440267530565828	2.551917193431	0.022	0.004	1	3	VWA3A
0.000613664912221667	2.551917193431	0.016	0.001	1	3	LOC138504057
0.00397538740958236	2.551917193431	0.016	0.002	1	3	CACNA1B
0.000207720488147264	2.43643997601107	0.049	0.011	1	3	DBF4B
0.000132941359781512	2.39991409998595	0.043	0.008	1	3	DHX16
0.000395730627481889	2.38199219198869	0.038	0.007	1	3	SLC27A4
0.00118324181589128	2.35927211548861	0.033	0.006	1	3	SLC26A8
0.000209393843725293	2.34546631596358	0.049	0.011	1	3	HS3ST5
0.00138420787333971	2.32952477209456	0.022	0.003	1	3	SLC4A2
0.000101695469017339	2.28888278759721	0.049	0.01	1	3	AFG2B
0.000101695469017339	2.28888278759721	0.049	0.01	1	3	LOC138516176
0.0012087872936238	2.27180927423827	0.049	0.014	1	3	SRPX2
0.00172130597821725	2.26241057623602	0.038	0.009	1	3	CASZ1
0.00172130597821725	2.26241057623602	0.038	0.009	1	3	SPART
0.000874935647276079	2.22998909854364	0.038	0.008	1	3	ENOX1
0.000874935647276079	2.22998909854364	0.038	0.008	1	3	MYBL1
0.0049207557503161	2.22998909854364	0.033	0.008	1	3	LOC138569608
0.0049207557503161	2.22998909854364	0.033	0.008	1	3	SNX33
0.0049207557503161	2.22998909854364	0.033	0.008	1	3	THNSL1
0.0049207557503161	2.22998909854364	0.033	0.008	1	3	TSPOAP1
0.00119897286340888	2.1893471140463	0.033	0.006	1	3	BCAR3
0.00256777304687211	2.1893471140463	0.033	0.007	1	3	CCNF
0.00256777304687211	2.1893471140463	0.033	0.007	1	3	ELK4
0.00256777304687211	2.1893471140463	0.033	0.007	1	3	KIAA1210
0.00256777304687211	2.1893471140463	0.033	0.007	1	3	LOC138491489
0.00256777304687211	2.1893471140463	0.033	0.007	1	3	LRRC49
0.00256777304687211	2.1893471140463	0.033	0.007	1	3	TKFC
0.000103628065980957	2.17340557017727	0.049	0.01	1	3	CELSR1
9.55232003889175e-05	2.16489407032176	0.06	0.015	1	3	LOC138497151
0.000303252012677822	2.13687969415216	0.043	0.009	1	3	CDH20
0.000611829102965807	2.13687969415216	0.043	0.01	1	3	RBSN
0.00360128862758544	2.13687969415216	0.027	0.006	1	3	SPATA13
0.007543762649017	2.13687969415216	0.027	0.006	1	3	LOC138467116
0.007543762649017	2.13687969415216	0.027	0.006	1	3	LOC138481488
0.007543762649017	2.13687969415216	0.027	0.006	1	3	LOC138527299
0.007543762649017	2.13687969415216	0.027	0.006	1	3	PRUNE1
0.007543762649017	2.13687969415216	0.027	0.006	1	3	TRIM27
0.00014630298243111	2.10445821645978	0.054	0.013	1	3	TERF2
0.00877554494323919	2.09248557479371	0.033	0.009	1	3	MN1
0.00877554494323919	2.09248557479371	0.033	0.009	1	3	ZNF211
0.00319055141632273	2.08243191012978	0.049	0.016	1	3	TAF1D
0.00873313334140233	2.06649036626076	0.038	0.012	1	3	TTBK1
0.000474552799276789	2.04941685290182	0.054	0.015	1	3	LRRIQ1
0.000474552799276789	2.04941685290182	0.054	0.015	1	3	ST8SIA2
0.00259867541442283	2.03734402060125	0.033	0.007	1	3	LOC138580035
0.0050013915937172	2.03734402060125	0.033	0.008	1	3	HMMR
0.000172560222616324	2.03734402060125	0.06	0.016	1	3	LOC138581412
0.00116276152925861	2.02140247673222	0.043	0.011	1	3	DENND3
0.00116276152925861	2.02140247673222	0.043	0.011	1	3	TMEM143
0.00547712232581652	2.02140247673222	0.038	0.011	1	3	LOC138516346
0.00027786527893883	2.01586429319079	0.076	0.025	1	3	LOC138504513
0.000764663344993696	1.99552384490662	0.065	0.021	1	3	MACROD1
9.61280259299054e-05	1.98363343385648	0.103	0.038	1	3	POU6F2
9.98327923893918e-05	1.96695469270985	0.087	0.029	1	3	ACOT7
0.000757234655883894	1.96695469270985	0.049	0.013	1	3	C1PH16orf46
0.000757234655883894	1.96695469270985	0.049	0.013	1	3	CEP43
0.0032386274653633	1.96695469270985	0.038	0.01	1	3	WASF1
0.00340736223730602	1.96695469270985	0.043	0.013	1	3	LRRK1
0.00882458942220007	1.96695469270985	0.038	0.012	1	3	FAM83B
0.00886337991410641	1.96695469270985	0.033	0.009	1	3	RHOD
0.00761743128453786	1.96695469270985	0.027	0.006	1	3	BBS4
0.00200393083255725	1.93042881668473	0.054	0.018	1	3	AFF2
0.00200393083255725	1.93042881668473	0.054	0.018	1	3	SMARCAL1
0.000487306393910006	1.92388597081796	0.054	0.015	1	3	MINDY4
0.00540183443954821	1.92388597081796	0.043	0.014	1	3	PCDH7
0.00837045032060455	1.92388597081796	0.043	0.015	1	3	LOC138453113
0.0020698153292678	1.91448727281571	0.043	0.012	1	3	NTAN1
0.0020698153292678	1.91448727281571	0.043	0.012	1	3	ZNF721
0.00259867541442283	1.89984049685131	0.033	0.007	1	3	ARID5A
0.00505613636154915	1.89984049685131	0.033	0.008	1	3	PIPOX
0.0089215764763664	1.89984049685131	0.033	0.009	1	3	ABTB2
0.0089215764763664	1.89984049685131	0.033	0.009	1	3	C5PH7orf57
0.0089215764763664	1.89984049685131	0.033	0.009	1	3	LOC138447763
0.0089215764763664	1.89984049685131	0.033	0.009	1	3	RAD51C
0.000310967869304256	1.88895218070857	0.06	0.017	1	3	LOC138491979
0.0013117131002327	1.88895218070857	0.054	0.017	1	3	DUSP10
0.000753984072543257	1.87384528831837	0.065	0.021	1	3	LOC138520093
0.00545652645590401	1.87384528831837	0.043	0.014	1	3	LRRC75A
0.00545652645590401	1.87384528831837	0.043	0.014	1	3	MRNIP
0.000197189688451353	1.86003948879334	0.065	0.019	1	3	JMJD4
0.00304159128808927	1.86003948879334	0.054	0.019	1	3	COL27A1
0.00304159128808927	1.86003948879334	0.054	0.019	1	3	ZNF776
0.00558264375646188	1.85147747528991	0.038	0.011	1	3	BOC
0.00558264375646188	1.85147747528991	0.038	0.011	1	3	HYKK
0.00558264375646188	1.85147747528991	0.038	0.011	1	3	IGSF8
0.00558264375646188	1.85147747528991	0.038	0.011	1	3	JOSD1
0.00895195517664291	1.85147747528991	0.033	0.009	1	3	GDPD2
0.000495522883980254	1.84142381062599	0.054	0.015	1	3	RHBDL3
0.000827216679855214	1.84142381062599	0.054	0.016	1	3	LOC138488651
0.000827216679855214	1.84142381062599	0.054	0.016	1	3	LOC138570265
0.00845108764190905	1.84142381062599	0.043	0.015	1	3	USP13
0.000794455500630006	1.83731941229325	0.109	0.048	1	3	TMEM88B
0.00050254979108686	1.8357101594316	0.065	0.02	1	3	HDAC10
0.00050254979108686	1.8357101594316	0.065	0.02	1	3	TRMT12
0.000283589078450556	1.83202511262374	0.076	0.025	1	3	NECAP2
0.000316606421571283	1.8149515992648	0.06	0.017	1	3	HINFP
0.00144090906125383	1.8149515992648	0.071	0.026	1	3	BANK1
0.000310557403189021	1.8149515992648	0.071	0.022	1	3	GCNA
0.00120008268171407	1.80345596042697	0.087	0.035	1	3	CHAD
0.00540857528407787	1.79702969126753	0.06	0.023	1	3	KLHL18
0.000201019069440445	1.7929252929348	0.065	0.019	1	3	TTF2
0.00216740754177577	1.78638244706803	0.049	0.015	1	3	CHDH
0.00552059876433775	1.78638244706803	0.043	0.014	1	3	SHC3
0.00837045032060455	1.78638244706803	0.043	0.015	1	3	LOC138567786
0.00837045032060455	1.78638244706803	0.043	0.015	1	3	ZNRF2
0.000718104344635904	1.78139903955377	0.071	0.024	1	3	PPP1R9A
0.00901075870156872	1.77430961476745	0.033	0.009	1	3	LOC138569889
0.000840407964512635	1.76342129862472	0.054	0.016	1	3	SLC25A23
0.000840407964512635	1.76342129862472	0.054	0.016	1	3	TATDN3
0.00134727285049926	1.76342129862472	0.054	0.017	1	3	ZNF334
0.00510805300366324	1.76342129862472	0.049	0.017	1	3	HEMK1
0.00275270293448148	1.75545058751614	0.071	0.028	1	3	PRICKLE2
0.000836503835409891	1.7445622713734	0.06	0.019	1	3	HAUS5
0.000707589908716376	1.7445622713734	0.071	0.024	1	3	LOC138580471
0.00337589702012472	1.7445622713734	0.065	0.025	1	3	MELK
0.00907512937992858	1.7445622713734	0.038	0.012	1	3	KLF16
0.00907512937992858	1.7445622713734	0.038	0.012	1	3	TLE4
0.00579422609852212	1.74036228284411	0.109	0.057	1	3	GRIN2A
0.00320900180291537	1.73478125058081	0.076	0.032	1	3	LOC138511556
0.000433512547912506	1.73248943907282	0.076	0.026	1	3	PRIMPOL
0.000707844153281755	1.73248943907282	0.071	0.024	1	3	CKAP2L
0.000269991262883039	1.72879495551508	0.103	0.041	1	3	LOC138526789
0.000518813645076861	1.72879495551508	0.065	0.02	1	3	DTX4
0.000518813645076861	1.72879495551508	0.065	0.02	1	3	NEDD1
0.00908967469079449	1.72184219487332	0.038	0.012	1	3	OVOL1
0.000265532244800093	1.72184219487332	0.082	0.028	1	3	PAWR
0.00213131209227607	1.72184219487332	0.071	0.027	1	3	CIITA
0.0027180726067871	1.72184219487332	0.071	0.028	1	3	PITPNM3
0.00117336888459515	1.71541592571388	0.065	0.022	1	3	DOK7
0.000233511586283546	1.71238186562425	0.087	0.031	1	3	TANGO6
0.00148769980617409	1.70392028687605	0.082	0.032	1	3	FBXO10
0.00343186815721717	1.70392028687605	0.049	0.016	1	3	NCEH1
0.00044149225963404	1.69393619830343	0.076	0.026	1	3	CHST15
0.00136761532297829	1.68942071718094	0.054	0.017	1	3	ADCK1
0.00517089737936007	1.68942071718094	0.049	0.017	1	3	HOOK2
0.000933033826163723	1.68518372429447	0.076	0.028	1	3	ZNF530
0.00130336472424483	1.67744807551486	0.06	0.019	1	3	ABCB10
0.00176425732881285	1.67744807551486	0.076	0.03	1	3	RPAP1
0.00460119745711745	1.67744807551486	0.054	0.019	1	3	TRAF5
0.000224335521052874	1.67056168992962	0.13	0.057	1	3	MARCHF1
0.000803638260086136	1.66739441085094	0.065	0.021	1	3	SLX1B
0.00281559430456511	1.66739441085094	0.06	0.021	1	3	BSCL2
0.000639442734675427	1.66439192268942	0.087	0.033	1	3	SDCCAG8
9.32989246142528e-05	1.65883239734752	0.098	0.034	1	3	RAB4B
0.00348415060886061	1.65145286698192	0.065	0.025	1	3	PPTC7
0.00916986396521404	1.64502659782249	0.038	0.012	1	3	AMDHD2
0.00855427832575162	1.63437935362298	0.043	0.015	1	3	CLIC2
0.000560799973221222	1.63437935362298	0.082	0.03	1	3	FOXM1
0.000678543429895431	1.62591777487478	0.087	0.033	1	3	ARHGEF6
0.00523336804672148	1.62591777487478	0.049	0.017	1	3	ELMOD3
0.00523336804672148	1.62591777487478	0.049	0.017	1	3	IMPACT
0.00523336804672148	1.62591777487478	0.049	0.017	1	3	SREBF1
0.00523336804672148	1.62591777487478	0.049	0.017	1	3	TBCEL
0.00214456798919362	1.61903138928954	0.054	0.018	1	3	BORA
0.00320899564678617	1.61903138928954	0.054	0.019	1	3	POLR3G
0.000128140576761232	1.61604753085072	0.098	0.035	1	3	ADAMTS6
0.00158476146250382	1.61604753085072	0.092	0.04	1	3	KIF21B
0.00695488112595445	1.61465294877897	0.114	0.062	1	3	SHISA6
0.0046606435213899	1.61331773809515	0.054	0.019	1	3	RAD52
0.0012112900048675	1.60850072179737	0.065	0.022	1	3	LOC138514139
0.00908121290059424	1.60850072179737	0.054	0.021	1	3	GLIS1
0.000744869082068479	1.60438461332514	0.071	0.024	1	3	HDX
0.000744869082068479	1.60438461332514	0.071	0.024	1	3	PRKAR2B
0.00247772585945272	1.60438461332514	0.065	0.024	1	3	ZNF507
0.00573214541062432	1.60438461332514	0.06	0.023	1	3	ZNF10
0.000458082779715653	1.60082679391195	0.076	0.026	1	3	TFEB
0.00107514784152524	1.60082679391195	0.071	0.025	1	3	LOC138567555
0.00152036485216993	1.60082679391195	0.071	0.026	1	3	XPC
0.00279713775569312	1.59922290820936	0.098	0.045	1	3	HTRA1
0.000572488299236277	1.59498591532289	0.082	0.03	1	3	LOC138527375
9.95810746083256e-05	1.59333712081098	0.163	0.078	1	3	PCBP3
0.000106294909208802	1.59255917792835	0.092	0.032	1	3	SMG9
0.00236050701025434	1.59255917792835	0.076	0.031	1	3	ZBTB7A
0.000128860764796026	1.5850840573662	0.098	0.035	1	3	DLG4
0.000491037796127866	1.551917193431	0.103	0.043	1	3	P3H2
0.00134875344894989	1.551917193431	0.06	0.019	1	3	GRIP1
0.00199998373678276	1.551917193431	0.06	0.02	1	3	OBSCN
0.00289903227419935	1.551917193431	0.06	0.021	1	3	ACP2
0.00289903227419935	1.551917193431	0.06	0.021	1	3	ARHGAP4
0.00921734549139825	1.551917193431	0.054	0.021	1	3	RDM1
0.000187457587692388	1.551917193431	0.098	0.036	1	3	WDR91
0.00021534261324757	1.551917193431	0.092	0.033	1	3	RNF43
0.000304749203097727	1.551917193431	0.092	0.034	1	3	ZNF514
0.000672565122589618	1.551917193431	0.076	0.027	1	3	PLEKHM3
0.00325256600123895	1.551917193431	0.054	0.019	1	3	RPGRIP1L
0.00472564630646811	1.551917193431	0.054	0.019	1	3	GFM2
0.00771688875229666	1.551917193431	0.049	0.018	1	3	IRS1
0.00771688875229666	1.551917193431	0.049	0.018	1	3	KRCC1
0.00771688875229666	1.551917193431	0.049	0.018	1	3	LOC138447627
0.000917219196004187	1.551917193431	0.087	0.034	1	3	MSTO1
0.00107724944924914	1.551917193431	0.071	0.025	1	3	LOC138526580
0.00109417743742824	1.551917193431	0.071	0.025	1	3	LOC138567628
0.00109417743742824	1.551917193431	0.071	0.025	1	3	RARS2
0.00236836346021737	1.551917193431	0.076	0.031	1	3	PRKD1
0.00257821414306699	1.551917193431	0.082	0.034	1	3	ARMC9
0.00348415060886061	1.551917193431	0.065	0.025	1	3	CTU2
0.00348415060886061	1.551917193431	0.065	0.025	1	3	LOC138549495
0.00348415060886061	1.551917193431	0.065	0.025	1	3	PEX6
0.0056653674007091	1.551917193431	0.06	0.023	1	3	FBXO34
0.000235558399309841	1.52807045147664	0.125	0.054	1	3	GSTCD
0.000344613716478792	1.52766964718433	0.185	0.097	1	3	HELZ2
0.000525128299295011	1.52216985003695	0.103	0.043	1	3	SPPL2B
0.000189131452813987	1.52089029781038	0.109	0.043	1	3	TIAM2
0.000137881535710226	1.51629328370028	0.098	0.035	1	3	KIAA0586
0.000111213332444243	1.51238882924437	0.092	0.032	1	3	PLA2G6
0.00112820800714109	1.51009701773638	0.082	0.032	1	3	SLC2A4RG
0.00553713654683596	1.51009701773638	0.071	0.03	1	3	PEMT
0.000684212939632972	1.50752307407255	0.076	0.027	1	3	RAD54B
0.00296555923360467	1.50461147865265	0.071	0.028	1	3	DNM1
0.00865618961475698	1.50461147865265	0.065	0.028	1	3	NCKIPSD
0.00111258066629559	1.50129112036104	0.071	0.025	1	3	FUCA1
0.0012508100113427	1.49746940940863	0.065	0.022	1	3	P2RY8
0.0057388093643696	1.49746940940863	0.06	0.023	1	3	LOC138504325
0.00415923947890242	1.49302350437744	0.06	0.022	1	3	DNAH5
0.00415923947890242	1.49302350437744	0.06	0.022	1	3	FBXO36
0.00107746099116081	1.48778685601129	0.098	0.042	1	3	C13H14orf93
0.00478657170651172	1.48778685601129	0.054	0.019	1	3	LOC138569838
0.00677133050105093	1.48778685601129	0.054	0.02	1	3	PLPP2
0.000101343101925476	1.48152786553961	0.13	0.055	1	3	CAMKMT
0.000165436681009839	1.48152786553961	0.13	0.057	1	3	POLD1
0.000268582731747891	1.48152786553961	0.098	0.037	1	3	SMAD9
0.00215082708765503	1.48152786553961	0.087	0.037	1	3	FCHSD1
0.0078064032912011	1.48152786553961	0.049	0.018	1	3	CASKIN1
0.0078064032912011	1.48152786553961	0.049	0.018	1	3	ZBTB48
0.0078064032912011	1.48152786553961	0.049	0.018	1	3	ZDHHC1
0.000266692774526654	1.47916085099569	0.125	0.055	1	3	PCYT1B
0.000224836811335113	1.47791661198723	0.092	0.033	1	3	LOC138568991
0.0013183525915836	1.47791661198723	0.087	0.035	1	3	PORCN
0.000853279970358131	1.47391468142973	0.082	0.031	1	3	CDCA2
0.00222029868432194	1.47174684474702	0.245	0.16	1	3	NFIX
0.00189085952813815	1.46785292864253	0.098	0.044	1	3	OSBP2
0.00719171806692975	1.46785292864253	0.092	0.045	1	3	BMP7
0.000984809917619038	1.45880778903952	0.076	0.028	1	3	BBS7
0.00136711664663217	1.45880778903952	0.076	0.029	1	3	THAP2
0.00159529113651391	1.45880778903952	0.071	0.026	1	3	IQCE
0.00221028149794803	1.45880778903952	0.071	0.027	1	3	TDP1
0.00159858713631739	1.45238151988009	0.071	0.026	1	3	LOC138569343
0.00221723028656968	1.45238151988009	0.071	0.027	1	3	GCC1
0.0048694281653403	1.45238151988009	0.065	0.026	1	3	TMEM150C
0.00650333361803433	1.45238151988009	0.065	0.027	1	3	FAAP100
9.83745305801269e-05	1.45037916696894	0.163	0.078	1	3	DOCK5
0.000169537630203458	1.44758053361627	0.103	0.039	1	3	HPS4
0.000598706005278204	1.44758053361627	0.092	0.036	1	3	MAP3K14
0.00143484674501391	1.44758053361627	0.092	0.039	1	3	TAB2
0.00387481164018747	1.44758053361627	0.087	0.039	1	3	RAB30
0.000277097527080375	1.44500198951449	0.12	0.051	1	3	LOC138567600
0.00259527061527634	1.44500198951449	0.065	0.024	1	3	SHISA4
0.00359553574437119	1.44500198951449	0.065	0.025	1	3	LOC138579953
0.000347428822121645	1.44088588104226	0.114	0.048	1	3	GAN
0.000207526277874285	1.43643997601107	0.114	0.046	1	3	DEPDC5
0.000326118546785631	1.43643997601107	0.092	0.034	1	3	ACSF2
0.00366252720776028	1.43643997601107	0.082	0.035	1	3	NCAPG
0.00583177456658681	1.43643997601107	0.06	0.023	1	3	LOC138581115
0.00583177456658681	1.43643997601107	0.06	0.023	1	3	PPM1L
0.00583177456658681	1.43643997601107	0.06	0.023	1	3	TMEM87B
0.000114206378349982	1.43261826505866	0.13	0.055	1	3	RAB28
8.87128808212865e-05	1.43162295971329	0.114	0.044	1	3	SLC38A5
0.000335545286441968	1.43162295971329	0.109	0.044	1	3	IRF5
0.00208949743976882	1.42992666905239	0.082	0.033	1	3	ZNF653
0.000222662303775369	1.42853477792572	0.125	0.054	1	3	BEND2
0.000193498013641058	1.42638631134715	0.109	0.043	1	3	CARNMT1
0.000193498013641058	1.42638631134715	0.109	0.043	1	3	ULK4
0.000257030550822306	1.42638631134715	0.109	0.044	1	3	ATF7IP2
0.000124532033221489	1.42480527552766	0.158	0.074	1	3	KIF16B
0.00253825712637851	1.42263417648604	0.076	0.031	1	3	AHI1
0.00253825712637851	1.42263417648604	0.076	0.031	1	3	ORC3
0.000283496307520606	1.41946689740735	0.12	0.051	1	3	ZNF276
0.00139013433524414	1.41441366968107	0.076	0.029	1	3	WDR11
0.000100154342058952	1.40895923958896	0.12	0.047	1	3	EIF2AK1
0.000758699789293939	1.40895923958896	0.103	0.044	1	3	BCAS4
0.00191051833369168	1.40895923958896	0.103	0.047	1	3	GAS2L3
0.00162436823242959	1.40507580510173	0.071	0.026	1	3	RASGRP1
0.000488381426990742	1.39991409998595	0.12	0.053	1	3	GPC4
0.00357973150921941	1.39991409998595	0.082	0.035	1	3	GPSM1
0.000147606912297104	1.39663896795309	0.109	0.042	1	3	ZDHHC15
0.000364165717111101	1.39437591644452	0.114	0.048	1	3	BCL2
0.00278437547673695	1.39145252123776	0.082	0.034	1	3	CLCN7
9.31985469472761e-05	1.38199219198869	0.103	0.037	1	3	SNX15
0.000240404817496083	1.38199219198869	0.103	0.04	1	3	LRP10
0.00800614428700757	1.38199219198869	0.06	0.024	1	3	RFX5
0.000873476840173981	1.38199219198869	0.082	0.031	1	3	FBF1
0.00160767837376331	1.38199219198869	0.082	0.032	1	3	ZNF646
0.00906703314193431	1.38199219198869	0.071	0.032	1	3	SLC7A5
0.000455892931893251	1.37503943134692	0.109	0.045	1	3	RIPK1
9.80949866535767e-05	1.37437900787882	0.163	0.076	1	3	RN18S
0.000801272193552636	1.37437900787882	0.158	0.083	1	3	CTTNBP2NL
0.000389048353810536	1.37357995217249	0.098	0.038	1	3	LIX1L
0.000186514499982922	1.37259349398644	0.147	0.068	1	3	ANO8
0.00547309945832239	1.37134494778918	0.071	0.03	1	3	AMOTL1
0.000197524941761619	1.36971386221025	0.125	0.053	1	3	CDK12
0.0047988557964939	1.36971386221025	0.103	0.051	1	3	CDC25C
0.000459807562859529	1.36749262229358	0.109	0.045	1	3	ABHD18
0.000459807562859529	1.36749262229358	0.109	0.045	1	3	NR2C2
0.00957456572663493	1.36749262229358	0.054	0.021	1	3	SGPL1
0.00134314217121563	1.36429019025523	0.087	0.035	1	3	TBC1D31
0.000111965856006558	1.35927211548861	0.109	0.041	1	3	EDEM2
0.000158457636663123	1.35927211548861	0.152	0.07	1	3	DUSP16
0.000203696749845333	1.35927211548861	0.109	0.043	1	3	FOXJ2
0.00417140109852629	1.35927211548861	0.071	0.029	1	3	DHX34
0.000289826029515946	1.3555199806275	0.114	0.047	1	3	MTMR2
0.00927698328832473	1.35397781581909	0.076	0.035	1	3	MTHFSD
0.000118722198180826	1.3526083852076	0.13	0.055	1	3	MAP2K7
0.000395064204888464	1.3526083852076	0.196	0.109	1	3	NEBL
0.000414074484758165	1.35197962292225	0.152	0.075	1	3	TICRR
0.000101374776945877	1.35028333226135	0.168	0.081	1	3	RHBDF2
0.000245750519914988	1.35028333226135	0.103	0.04	1	3	AGL
0.00670872986621676	1.34546631596358	0.065	0.027	1	3	BRAP
0.00670872986621676	1.34546631596358	0.065	0.027	1	3	TBC1D32
0.000266691594399644	1.34246382780205	0.141	0.065	1	3	LOC138448811
0.00195147131766303	1.34246382780205	0.076	0.03	1	3	MEIS2
0.000469626076119759	1.33892347009681	0.109	0.045	1	3	KAT14
0.00154326351324911	1.33892347009681	0.103	0.046	1	3	MCPH1
0.00127643043386609	1.33779238807816	0.114	0.053	1	3	EXOC3L1
0.000930286015997414	1.32952477209456	0.13	0.063	1	3	FANCC
0.00195958475967535	1.32952477209456	0.076	0.03	1	3	PRKX
0.00263162713890255	1.32952477209456	0.076	0.031	1	3	EFCAB7
0.000101736774013737	1.32952477209456	0.147	0.065	1	3	ME3
0.000171965244653632	1.32952477209456	0.147	0.067	1	3	CLSPN
0.000752546815416666	1.32952477209456	0.103	0.044	1	3	MTFR1
0.00117890698895824	1.32952477209456	0.12	0.057	1	3	LOC138468269
0.0011925525454184	1.32952477209456	0.098	0.042	1	3	TXNRD2
0.00408650434660234	1.32952477209456	0.109	0.054	1	3	TMEM201
0.00590718864178289	1.32952477209456	0.06	0.023	1	3	SPIRE1
0.0081050495873502	1.32952477209456	0.06	0.024	1	3	CDA
0.0081050495873502	1.32952477209456	0.06	0.024	1	3	ERICH6
0.000229508306383722	1.32450669732793	0.168	0.084	1	3	WDR59
0.000519167080277825	1.32309850293512	0.136	0.064	1	3	IQGAP3
0.00184589058321609	1.32161957400921	0.114	0.055	1	3	NCKAP5
0.000121903513306006	1.32059164732455	0.185	0.094	1	3	ATP8
0.000170412975011418	1.32059164732455	0.114	0.045	1	3	SUN1
0.000386510461137777	1.32059164732455	0.114	0.048	1	3	PDE5A
0.000336313997197381	1.31925643664073	0.103	0.041	1	3	PIGK
0.000336313997197381	1.31925643664073	0.103	0.041	1	3	XPNPEP3
0.000445528729438485	1.31925643664073	0.103	0.042	1	3	STAMBPL1
0.000929554431576787	1.31925643664073	0.098	0.041	1	3	KATNB1
0.00154157552544131	1.31925643664073	0.098	0.043	1	3	CRNKL1
0.00154327548616303	1.31925643664073	0.152	0.082	1	3	G2E3
0.00423126500655975	1.31487799613015	0.071	0.029	1	3	AHCYL2
0.000100760866934391	1.31090909392721	0.179	0.087	1	3	BMP1
0.000175445902629382	1.31090909392721	0.114	0.045	1	3	ARRDC1
0.000315793392786794	1.30906066953484	0.13	0.058	1	3	MYZAP
0.000411438207651331	1.30906066953484	0.136	0.063	1	3	CYP46A1
0.0037682266488818	1.30906066953484	0.12	0.062	1	3	ADGRG1
0.000405456093623376	1.30799161054491	0.098	0.038	1	3	FBXL18
0.00620930562019439	1.30799161054491	0.082	0.037	1	3	NMNAT1
0.00015993709976393	1.30680469559447	0.13	0.056	1	3	SERINC5
0.000316893242249176	1.30398967998742	0.12	0.051	1	3	COG2
0.000316893242249176	1.30398967998742	0.12	0.051	1	3	MIA2
0.000406442106174401	1.30398967998742	0.136	0.063	1	3	KIF23
0.00351582866148011	1.30398967998742	0.076	0.032	1	3	ITGA2
0.000417319444212164	1.30207671390707	0.277	0.176	1	3	NFATC2
0.000128837768840384	1.29953003179672	0.158	0.073	1	3	AGTPBP1
0.000511036707126632	1.29816060118522	0.12	0.053	1	3	BUB1B
0.00679643027066972	1.29816060118522	0.065	0.027	1	3	CYP27B1
0.00679643027066972	1.29816060118522	0.065	0.027	1	3	HHIPL1
0.00679643027066972	1.29816060118522	0.065	0.027	1	3	NKD1
0.00808013768612987	1.29816060118522	0.06	0.024	1	3	FASTKD3
0.000862597408719733	1.29734436634541	0.185	0.105	1	3	PLEKHG4B
0.0037470208966124	1.29557744017122	0.082	0.035	1	3	BMP6
0.000174454881970666	1.29411943596336	0.114	0.045	1	3	RRN3
0.000104328143791094	1.29318292503084	0.141	0.061	1	3	JADE1
0.000852244632597703	1.29253056461235	0.141	0.07	1	3	ARAF
0.000774128120580041	1.28888278759721	0.103	0.044	1	3	RIOK1
0.00267271773227874	1.28888278759721	0.076	0.031	1	3	HPS3
0.00937102545483364	1.28888278759721	0.071	0.032	1	3	ACSL3
0.000142257658631604	1.28563712809356	0.168	0.082	1	3	SPATS2
0.0001033494208843	1.28443688256602	0.136	0.057	1	3	ACVR2B
0.000167043353318344	1.28443688256602	0.136	0.059	1	3	DOP1B
0.000236367108586106	1.2834283575051	0.114	0.046	1	3	ZBTB17
0.000398750912217095	1.2834283575051	0.114	0.048	1	3	HLTF
0.000619051981150069	1.2834283575051	0.109	0.046	1	3	PDHX
0.000806711865648478	1.2834283575051	0.109	0.047	1	3	CHTF18
0.00102262995850385	1.2834283575051	0.109	0.048	1	3	BLOC1S5
8.84960690749016e-05	1.28273056061562	0.174	0.083	1	3	ZFYVE16
0.00994559217157758	1.28273056061561	0.185	0.119	1	3	GAS7
0.000167023836323982	1.28061517161361	0.136	0.059	1	3	MAP3K6
0.000176952755601218	1.28061517161361	0.136	0.059	1	3	LOC138583049
0.000125813725956821	1.27889869902459	0.163	0.077	1	3	MCM3AP
0.00820500350978567	1.27889869902459	0.06	0.024	1	3	THAP3
0.000305053768776353	1.27691014593113	0.19	0.104	1	3	CMTR1
0.00755521837264872	1.27628275081758	0.087	0.042	1	3	FAM219A
9.54549687925443e-05	1.27507698807218	0.13	0.054	1	3	LOC138525696
0.000677887557300374	1.27180927423827	0.152	0.077	1	3	TRIM62
0.000494026583277618	1.27180927423827	0.109	0.045	1	3	MNT
0.00735724562250714	1.27180927423827	0.071	0.031	1	3	LOC138521753
8.56547091808125e-05	1.26898323015951	0.147	0.064	1	3	COG7
0.000254683994424661	1.26812422743041	0.12	0.05	1	3	BMP2K
0.000517298231264137	1.26812422743041	0.114	0.049	1	3	ARID3B
0.000576182787290067	1.26651497456876	0.141	0.069	1	3	ZNF143
0.0029387724675073	1.26651497456876	0.082	0.034	1	3	KIF11
0.00380441523914452	1.26651497456876	0.082	0.035	1	3	LOC138481146
0.00960754183263693	1.26651497456876	0.076	0.035	1	3	MLH1
0.00026506388204993	1.26503604564284	0.125	0.054	1	3	WRNIP1
0.0029783498910048	1.26503604564284	0.109	0.053	1	3	AFG3L2
0.00547364860543252	1.26503604564284	0.109	0.056	1	3	CCDC85C
0.00393532207680627	1.26241057623602	0.087	0.039	1	3	UTP20
0.00769107035821103	1.26241057623602	0.082	0.038	1	3	FAM171A1
0.00988611262387223	1.26241057623602	0.082	0.039	1	3	KANK1
0.000126421167008094	1.26241057623602	0.19	0.097	1	3	TBC1D10A
0.00108953428897463	1.26015106905389	0.12	0.056	1	3	LOC138583127
0.00115155598871846	1.26015106905389	0.13	0.064	1	3	AKT2
0.000110375429058833	1.25913544420316	0.174	0.084	1	3	ZNF451
0.000464458563275554	1.25913544420316	0.103	0.042	1	3	TMCO4
0.000108027016963905	1.25493545567387	0.163	0.076	1	3	UBE3B
0.00162487123552591	1.25423664479032	0.103	0.046	1	3	CXADR
0.00247374761054418	1.25423664479032	0.109	0.052	1	3	WTIP
0.000218071091354958	1.25074765871044	0.136	0.06	1	3	PIK3R4
0.000267433177953337	1.24935442341057	0.141	0.065	1	3	ATN1
0.00468562254338573	1.24935442341057	0.076	0.032	1	3	TELO2
0.0001542312538909	1.24884812579496	0.255	0.156	1	3	DIAPH3
0.000623868176448181	1.24872566112523	0.217	0.13	1	3	ARHGAP7
0.000383891619732224	1.2481364452539	0.147	0.07	1	3	SRGAP2
0.000125084462097945	1.24706261190258	0.163	0.077	1	3	TBCK
0.00312234460801343	1.24706261190258	0.087	0.038	1	3	POC1B
0.00776548728875461	1.24706261190258	0.082	0.038	1	3	CABLES1
0.00776548728875461	1.24706261190258	0.082	0.038	1	3	CDC42EP4
0.00019505311427755	1.24610876390692	0.163	0.079	1	3	PITPNA
0.00161287941821217	1.24525585519695	0.098	0.043	1	3	BLTP3A
0.0016480973923729	1.24379489806867	0.103	0.046	1	3	TUBGCP6
0.00068758260151621	1.24258913532327	0.207	0.119	1	3	EMILIN1
0.000134054253643766	1.24157707281885	0.13	0.055	1	3	BROX
0.0006707577529282	1.23780860300294	0.158	0.082	1	3	MAP3K20
0.000939095308091174	1.23740657010612	0.158	0.082	1	3	DGKA
8.90154698893337e-05	1.22998909854364	0.141	0.06	1	3	TOPBP1
0.00155213241246269	1.22998909854364	0.092	0.039	1	3	PCGF5
0.00399666325506984	1.22998909854364	0.087	0.039	1	3	LOC138453446
0.000274054199793285	1.22998909854364	0.141	0.065	1	3	PRDM15
0.00112269892273291	1.22998909854364	0.136	0.068	1	3	FKBP8
0.00259525069781549	1.22998909854364	0.098	0.044	1	3	SCAI
0.006153238636165	1.22998909854364	0.092	0.044	1	3	LOC138529514
0.00783236910638579	1.22998909854364	0.092	0.045	1	3	DIS3L
0.000125711305102594	1.22493587081736	0.223	0.124	1	3	ITGA7
0.000274429781262051	1.22127188144253	0.152	0.072	1	3	ECT2
0.00139695637391211	1.22071128495563	0.125	0.06	1	3	ABLIM2
9.03468767635696e-05	1.22007362967856	0.141	0.06	1	3	NCALD
0.000686415273175372	1.22007362967856	0.136	0.065	1	3	BLTP2
0.0010675438022359	1.21849345970581	0.12	0.056	1	3	UGGT2
0.000229172720679877	1.21801645687757	0.201	0.108	1	3	DCAF1
9.52334792229392e-05	1.21631416164656	0.185	0.092	1	3	LTN1
0.000504523719883711	1.21631416164656	0.109	0.045	1	3	SLC38A6
0.00167847624071264	1.21631416164656	0.103	0.046	1	3	PLEKHJ1
0.00951705174773222	1.21488220615343	0.087	0.043	1	3	TMTC4
9.75485987003892e-05	1.21404755467462	0.174	0.083	1	3	OCIAD1
0.00106890165244429	1.21206719054638	0.217	0.133	1	3	MTSS2
0.000112735833089982	1.21206719054638	0.158	0.072	1	3	RAB40C
0.00173439661386195	1.2116882818007	0.174	0.099	1	3	PLOD2
9.28759753412369e-05	1.21088027559594	0.152	0.068	1	3	PARVA
0.00114664503574989	1.21088027559594	0.136	0.068	1	3	APBA1
0.00779800661419252	1.21088027559594	0.076	0.034	1	3	CEP164
0.00779800661419252	1.21088027559594	0.076	0.034	1	3	PHKA2
0.00129834010046297	1.20796279221364	0.12	0.057	1	3	CLIP2
9.71958366645492e-05	1.20796279221364	0.201	0.103	1	3	RAPGEF3
0.00114869260396117	1.20546677940957	0.152	0.08	1	3	DPH1
0.00344933686601411	1.2039938900107	0.163	0.095	1	3	NHS
0.00169850186227514	1.2039938900107	0.109	0.05	1	3	ALS2
0.00169850186227514	1.2039938900107	0.109	0.05	1	3	TAF5L
0.000804295691421754	1.20233275564078	0.141	0.07	1	3	BRF1
0.000134771144151214	1.20141994634687	0.179	0.089	1	3	ZBTB4
0.000147921435871052	1.20044482292963	0.141	0.062	1	3	ZNF335
8.3832723117514e-05	1.19993186468746	0.179	0.086	1	3	LOC138570040
8.59780348343967e-05	1.19993186468746	0.174	0.082	1	3	CERK
0.00259754905498931	1.1982802388163	0.092	0.041	1	3	GMPR
0.00404926890998559	1.1982802388163	0.12	0.062	1	3	SSBP2
0.00163783572633197	1.19577338320573	0.12	0.057	1	3	KCTD1
0.00302559154070961	1.19577338320573	0.114	0.057	1	3	ETNK1
9.04088046016295e-05	1.19436518881292	0.152	0.068	1	3	RN28S
0.000584342270734871	1.1893471140463	0.136	0.064	1	3	LOC138471664
0.00213908829934407	1.1893471140463	0.103	0.047	1	3	GALT
0.00213908829934407	1.1893471140463	0.103	0.047	1	3	TRIM8
0.00420065478387875	1.1893471140463	0.098	0.046	1	3	LRP8
0.00771414983665335	1.1893471140463	0.098	0.049	1	3	GID4
0.000156068178758897	1.18764280783405	0.201	0.107	1	3	NUP214
0.000220655319191621	1.18734476113515	0.174	0.087	1	3	KAZN
0.000186945479447361	1.18626772111432	0.136	0.059	1	3	TMEM67
0.000367372878142026	1.18626772111432	0.13	0.058	1	3	LTO1
0.000193486127290186	1.18578929463311	0.196	0.103	1	3	CCP110
0.00638729949472771	1.18513486275938	0.087	0.041	1	3	HAUS3
0.00499352448582425	1.18418540893052	0.13	0.071	1	3	ZRANB3
0.000715565853656082	1.18268338376529	0.12	0.054	1	3	ODF2
0.000715565853656082	1.18268338376529	0.12	0.054	1	3	SLC30A9
0.00208379024335674	1.18268338376529	0.114	0.055	1	3	ERCC2
0.0002052854077752	1.18268338376528	0.168	0.082	1	3	SCYL2
0.00018813536599988	1.1810794980627	0.147	0.067	1	3	APPL2
8.56329216237397e-05	1.17910792954146	0.174	0.082	1	3	CPSF6
0.00173034288842434	1.17845879790356	0.109	0.05	1	3	ACSS3
0.00173034288842434	1.17845879790356	0.109	0.05	1	3	PKNOX1
0.0034363689579376	1.17845879790356	0.103	0.049	1	3	TRIP10
0.00376362208503532	1.17818666830907	0.239	0.16	1	3	TNC
0.000220925136689107	1.17687776208408	0.152	0.071	1	3	POLK
0.000146056685861437	1.1764080583388	0.174	0.084	1	3	PTPN3
0.000525047835423409	1.1764080583388	0.163	0.083	1	3	GNA14
0.00813683976457567	1.17554131452127	0.174	0.111	1	3	CRISP3
0.000567394397770266	1.17340557017727	0.125	0.057	1	3	KLC2
0.000999814118009772	1.17340557017727	0.152	0.079	1	3	NUP133
0.000288548009973453	1.17340557017727	0.141	0.065	1	3	FTO
0.000427610511974229	1.17340557017727	0.147	0.07	1	3	XRCC1
0.000653947099939274	1.17340557017727	0.141	0.069	1	3	IRF2
0.00994852403469368	1.17340557017727	0.076	0.035	1	3	CTC1
0.000149238616663049	1.17109540949007	0.19	0.097	1	3	NAV3
0.000172817418833789	1.17004655808736	0.163	0.078	1	3	CLASRP
0.00088633075577257	1.16944755660859	0.136	0.066	1	3	RMC1
0.00134159352548363	1.16944755660859	0.125	0.06	1	3	CYYR1
0.00172389377705743	1.1685885538795	0.114	0.054	1	3	HOXB3
8.33877948814443e-05	1.16725334319568	0.179	0.086	1	3	PCM1
0.00207089516983401	1.16725334319568	0.092	0.04	1	3	ARHGEF10
0.00975956149253061	1.16725334319568	0.087	0.043	1	3	DCAF11
0.00975956149253061	1.16725334319568	0.087	0.043	1	3	NOM1
0.000121114513803001	1.16626350093325	0.158	0.072	1	3	TYK2
0.000873460787606793	1.16489407032176	0.13	0.062	1	3	TTLL11
0.000600129930724015	1.1641870401479	0.223	0.133	1	3	GULP1
0.000882694395891412	1.1628749026851	0.109	0.047	1	3	BBS9
0.00111764934093622	1.1628749026851	0.109	0.048	1	3	PLEKHA2
0.00140425601234361	1.1628749026851	0.109	0.049	1	3	PGGT1B
0.00503290894381844	1.1608965752707	0.179	0.111	1	3	MAP3K15
0.00089858976052425	1.15959977065224	0.147	0.074	1	3	CEP97
0.00199846265797772	1.15959977065224	0.141	0.074	1	3	NFXL1
0.000269084943756969	1.15800298571791	0.19	0.1	1	3	DVL3
0.000534474744009118	1.15800298571791	0.179	0.096	1	3	ARSG
0.00350335683452703	1.15763825431896	0.136	0.073	1	3	SLCO2B1
0.0010686772111643	1.15705757608979	0.13	0.063	1	3	ZZZ3
0.000358451842561535	1.15598851709986	0.168	0.085	1	3	HIVEP3
0.00215830649769049	1.15598851709986	0.098	0.044	1	3	ZNF106
0.00065563054465696	1.15502704086242	0.141	0.069	1	3	USP49
0.000890263458607684	1.15502704086242	0.136	0.066	1	3	IPO13
0.000170505556171307	1.15458169588562	0.185	0.094	1	3	EDEM3
0.00113904867522455	1.15336781694073	0.114	0.052	1	3	TXLNG
0.00327059743148432	1.15336781694073	0.109	0.053	1	3	ALDH1L2
0.00327059743148432	1.15336781694073	0.109	0.053	1	3	ARHGAP42
0.00496852299990257	1.15336781694073	0.103	0.051	1	3	SLC49A4
0.000435017840340582	1.15198658654237	0.168	0.086	1	3	ACAD10
0.000212533150617858	1.15081888511003	0.174	0.087	1	3	CDC42SE2
0.000374269981234605	1.14981874985966	0.141	0.066	1	3	FUT8
0.00515784592861964	1.14592483375517	0.098	0.047	1	3	VPS37A
0.00515784592861964	1.14592483375517	0.098	0.047	1	3	VWA8
0.00628254630022662	1.14592483375517	0.098	0.048	1	3	ABCD1
0.00504408184946491	1.14383245479393	0.12	0.063	1	3	ANAPC4
0.000183867597016326	1.1425262572933	0.158	0.074	1	3	ARL13B
0.000508951154074933	1.1425262572933	0.152	0.075	1	3	ENAH
0.00159910981075875	1.1425262572933	0.136	0.069	1	3	TTC33
0.000205809634356104	1.14204139926794	0.168	0.082	1	3	ARNT2
0.000313073353748069	1.14204139926794	0.163	0.081	1	3	PDSS2
0.000161752372049753	1.14163322412279	0.179	0.089	1	3	TPCN1
0.000631771998063748	1.14072176044655	0.19	0.105	1	3	ROBO3
0.000381440755384354	1.13687969415216	0.125	0.055	1	3	SCRN3
0.000289790969733463	1.13687969415216	0.201	0.108	1	3	VAC14
0.00357769663249835	1.13687969415216	0.125	0.065	1	3	TBK1
0.000129774678109291	1.13687969415216	0.207	0.108	1	3	LPGAT1
0.00121796973673012	1.13687969415216	0.196	0.113	1	3	HK1
0.0013577979361717	1.13687969415216	0.103	0.045	1	3	SSH1
0.00953190306671367	1.13687969415216	0.098	0.05	1	3	NCK2
0.00034944324848535	1.13107407247095	0.152	0.073	1	3	ARIH2
0.00078571218294211	1.13107407247095	0.147	0.073	1	3	WIPI1
0.00425412274552013	1.12741936490309	0.098	0.046	1	3	NCAPH2
0.00794650023316661	1.12741936490309	0.092	0.045	1	3	CLOCK
0.00817085798318475	1.12565243872891	0.082	0.038	1	3	FHIP2A
0.000238531187668206	1.12565243872891	0.152	0.071	1	3	HGSNAT
0.000130099088087264	1.12307389462713	0.223	0.12	1	3	EPC2
0.00583307829260492	1.12128283910114	0.109	0.056	1	3	TBKBP1
0.00107723791850866	1.12128283910114	0.19	0.108	1	3	MARK4
0.000360475868350658	1.12086737616353	0.223	0.128	1	3	ARAP1
0.0034304431499177	1.1189577861549	0.103	0.049	1	3	YEATS2
0.00427915673735606	1.11698013671446	0.12	0.062	1	3	TRPS1
0.0043022150541689	1.11698013671446	0.125	0.066	1	3	ZFPL1
0.000100732804676088	1.11677848809565	0.304	0.184	1	3	ARHGAP28
0.000251360221319399	1.11581807862433	0.152	0.071	1	3	RNF152
0.00422394589639465	1.11581807862433	0.087	0.039	1	3	CEP104
0.0053107036018249	1.11581807862433	0.087	0.04	1	3	TAF1B
0.0081707657171777	1.11581807862433	0.087	0.042	1	3	BFAR
0.000126404186640231	1.11527743966695	0.234	0.129	1	3	STAT1
0.000104345128327169	1.11379608103912	0.25	0.144	1	3	UBE2O
0.00194562203527684	1.11134460204502	0.13	0.066	1	3	MORN1
0.00290209315218621	1.11134460204502	0.13	0.068	1	3	GPR108
0.00617718588093578	1.11134460204502	0.103	0.052	1	3	UNK
0.00715556371543204	1.10831054195539	0.109	0.057	1	3	CENPT
8.52332934999119e-05	1.1078172285497	0.196	0.098	1	3	NEMF
0.000343297627564479	1.10713235075811	0.174	0.089	1	3	VPS8
0.000156842451030533	1.10650604510864	0.212	0.114	1	3	PPP6R2
0.000483621572726245	1.10611744038147	0.141	0.067	1	3	A3GALT2
0.0014629720334011	1.10611744038147	0.141	0.072	1	3	GLCCI1
0.0038086263436027	1.10611744038147	0.13	0.07	1	3	FANCL
0.000190712950981393	1.10445821645978	0.196	0.103	1	3	NPAT
0.00811854164627382	1.10125578442144	0.076	0.034	1	3	FILIP1
0.000193785252555612	1.0994049887335	0.179	0.09	1	3	NUP210
0.00432297944245909	1.0994049887335	0.098	0.046	1	3	ALKBH8
0.00019764414894107	1.09840554633752	0.272	0.165	1	3	UNC5B
0.00835364365481953	1.0981992259881	0.109	0.057	1	3	SPG7
0.000324060412509718	1.09735132996552	0.141	0.065	1	3	P2RX4
0.00372625325649748	1.09672256768018	0.136	0.073	1	3	KLHL6
0.000377343029844521	1.09623770965481	0.168	0.085	1	3	IKBKB
0.00179535429757999	1.09248557479371	0.12	0.057	1	3	SLC35B3
0.00263212832238326	1.09248557479371	0.12	0.059	1	3	DEXI
0.00329623016690479	1.09248557479371	0.114	0.057	1	3	OFD1
0.00396157721301613	1.09248557479371	0.114	0.057	1	3	MOB3C
0.000251215166603381	1.09248557479371	0.185	0.095	1	3	INTS6
0.000326966237398985	1.09248557479371	0.141	0.065	1	3	CCDC186
0.000447415748469047	1.09248557479371	0.168	0.086	1	3	PLEKHM2
0.001577775101019	1.09248557479371	0.158	0.085	1	3	SFMBT1
0.000170200060366818	1.0895739793738	0.201	0.106	1	3	PDE7A
0.000835856145851641	1.0892902356339	0.179	0.097	1	3	MAPKAP1
0.000179926652625168	1.08797009367121	0.245	0.142	1	3	GOLGA2
0.000478820529574858	1.08797009367121	0.147	0.07	1	3	PXK
0.00105233214589553	1.08797009367121	0.141	0.07	1	3	IL15RA
0.00105233214589553	1.08797009367121	0.141	0.07	1	3	MIB2
0.00010356830454952	1.08763617513231	0.234	0.128	1	3	HIRA
0.00115422822037219	1.08751361683118	0.375	0.279	1	3	PTGS1
0.00144161125136749	1.08724892642756	0.125	0.06	1	3	SCYL1
0.00174682234070291	1.08724892642756	0.125	0.061	1	3	PRMT9
0.00332832603121342	1.08724892642756	0.12	0.06	1	3	ACBD6
0.00197539272858635	1.08679446271585	0.185	0.108	1	3	EEIG1
0.00281240113402128	1.08625362108219	0.109	0.052	1	3	CCDC18
0.00520044697893826	1.08625362108219	0.103	0.051	1	3	ASH2L
0.00520044697893826	1.08625362108219	0.103	0.051	1	3	MAN2C1
0.000120893447006736	1.08413823208019	0.212	0.112	1	3	XYLB
0.000143802225473773	1.08413823208019	0.212	0.113	1	3	ITPRIP
0.00111552585769444	1.08413823208019	0.196	0.112	1	3	LIN52
0.00146857009614591	1.0837683576926	0.141	0.072	1	3	KLHL5
0.00188296584446743	1.0837683576926	0.136	0.07	1	3	KLF12
0.00370942932006356	1.08243191012978	0.152	0.086	1	3	KCNMA1
0.000759200112737133	1.08243191012978	0.136	0.065	1	3	LIN7C
0.00168287667971808	1.08243191012978	0.13	0.065	1	3	ESCO1
0.000112172948192751	1.08159725865097	0.217	0.116	1	3	PHACTR2
0.00187397870984708	1.08128736818884	0.158	0.086	1	3	ARHGAP12
0.00384126936456266	1.08128736818884	0.152	0.086	1	3	PAXBP1
0.000246962363103358	1.08061147450542	0.196	0.103	1	3	FCHO2
0.00184886057924497	1.08061147450541	0.114	0.054	1	3	BAG1
0.000757848140265111	1.08016530315784	0.196	0.11	1	3	TIAM1
0.000441634414875135	1.07984874911578	0.158	0.078	1	3	ABCB8
0.000133967905592337	1.07884757278074	0.261	0.155	1	3	ABCC1
0.000926399127151696	1.07798600509859	0.136	0.066	1	3	ERCC6L2
0.00127686339854726	1.07683231048222	0.201	0.118	1	3	CSGALNACT2
0.00453382678848554	1.07657918388435	0.168	0.1	1	3	WFDC1
0.00402328108857137	1.07547914948802	0.114	0.057	1	3	NCAPG2
0.00848238964864421	1.07547914948802	0.109	0.057	1	3	AKAP10
0.00013498587986403	1.07487003187674	0.185	0.092	1	3	BICRAL
0.000254212050474341	1.07487003187674	0.179	0.091	1	3	ZNF11
0.000401024164234493	1.07386989662636	0.147	0.07	1	3	PPME1
0.000741367400835549	1.07386989662636	0.141	0.069	1	3	KLHL8
0.000906728380685111	1.07192425231139	0.168	0.09	1	3	SYNJ2
0.00349711425212539	1.07192425231139	0.098	0.045	1	3	NHLRC2
0.000936776014864022	1.07129135252458	0.19	0.108	1	3	UBAC1
0.00676992959574808	1.07079050369439	0.114	0.06	1	3	DIPK1A
0.000257096592474313	1.07004818567395	0.152	0.071	1	3	TGS1
0.00241073831132051	1.07004818567395	0.13	0.067	1	3	RTTN
0.000633508668984877	1.06859495458569	0.207	0.119	1	3	KDM5B
0.000177457130563449	1.06649036626076	0.19	0.097	1	3	DAZAP1
0.000185780324318901	1.06649036626076	0.174	0.085	1	3	LOC138538430
0.000469597944850736	1.06649036626076	0.168	0.086	1	3	SEPTIN2
0.00232222130525237	1.06649036626076	0.103	0.047	1	3	TRMU
0.00354782082573193	1.06649036626076	0.103	0.049	1	3	C1PH16orf87
0.0095394490844959	1.06649036626076	0.098	0.05	1	3	OCLN
0.000819869758678881	1.06480201610799	0.234	0.144	1	3	THSD7A
0.00116020343906235	1.06397914710471	0.185	0.104	1	3	ZDHHC5
0.00384085940364852	1.06253235269208	0.125	0.065	1	3	RASL10B
0.00506221639718608	1.06253235269208	0.125	0.067	1	3	LOC138503961
0.00816828764741775	1.06006409710133	0.076	0.034	1	3	SORCS2
0.000121802273767346	1.05887718215089	0.239	0.134	1	3	SMG5
0.00423759266327102	1.05887718215089	0.125	0.066	1	3	ARHGAP44
0.000262344945927935	1.05810258076804	0.212	0.115	1	3	SDR39U1
0.00611518707130856	1.05715250168143	0.109	0.056	1	3	APOO
0.00412174116050243	1.05715250168143	0.179	0.108	1	3	NBEA
0.000274438315375941	1.05549136731151	0.147	0.068	1	3	CLSTN1
0.00109550869380361	1.05549136731151	0.141	0.07	1	3	CNTLN
0.0027308574617349	1.05549136731151	0.136	0.071	1	3	TSC2
0.000131563074931492	1.05441753396019	0.174	0.083	1	3	SMARCC2
0.00051381601127867	1.05441753396019	0.163	0.082	1	3	SCMH1
0.00113076176545408	1.05366632590318	0.179	0.1	1	3	MYRIP
0.0029190313082259	1.05366632590318	0.158	0.088	1	3	FRMD4B
0.000179619531479893	1.05148820292152	0.185	0.093	1	3	CBFB
0.000173066842005453	1.05031043920533	0.321	0.21	1	3	MAST4
0.000367375114107183	1.04941685290182	0.168	0.084	1	3	RXRA
0.000526441119980213	1.04941685290182	0.174	0.091	1	3	PAPOLG
0.00259227951134788	1.04941685290182	0.158	0.088	1	3	INCENP
0.00327703587372553	1.04941685290182	0.12	0.06	1	3	MLLT3
0.000308176543513064	1.04941685290182	0.212	0.118	1	3	PUS7
0.000401859906383271	1.04941685290182	0.152	0.073	1	3	NUP85
0.0005282963019548	1.04941685290182	0.19	0.104	1	3	MEIOC
0.0013131752675031	1.04941685290182	0.136	0.068	1	3	TANK
0.000698558362866383	1.04668188518058	0.152	0.076	1	3	BCAR1
0.00183276962953152	1.04668188518058	0.147	0.077	1	3	DCBLD2
0.00439281628171962	1.04495720471112	0.098	0.046	1	3	POLD3
0.00666074633687274	1.04495720471112	0.098	0.048	1	3	CAP2
0.00177695660366859	1.04443344538756	0.179	0.102	1	3	ADAMTS15
0.000629984635392769	1.04437966465501	0.418	0.318	1	3	GGT5
0.000543709301568463	1.04412255323231	0.158	0.079	1	3	DYM
0.000705812848937678	1.04412255323231	0.158	0.08	1	3	LOC138567092
0.000406869989242151	1.04290354594315	0.179	0.094	1	3	ELL
0.00657073697129047	1.04290354594315	0.12	0.064	1	3	LOC138521299
0.000127506976782266	1.04205614795057	0.217	0.116	1	3	DCUN1D1
0.000723919771829379	1.04172246111182	0.25	0.158	1	3	R3HDM1
9.03298628977461e-05	1.03971103514516	0.255	0.145	1	3	NOS1AP
0.0026154784358532	1.03971103514516	0.228	0.149	1	3	C2CD5
0.00355202192079497	1.03734402060125	0.109	0.053	1	3	RFX3
0.00647292881201863	1.03734402060125	0.103	0.052	1	3	TAF4B
0.000266858669651964	1.03621735514696	0.245	0.141	1	3	EML1
0.000287743077916322	1.03590204642734	0.217	0.121	1	3	SLC25A22
0.000381946801887904	1.0353416676901	0.174	0.089	1	3	IGF2BP3
0.000682867017986853	1.0353416676901	0.168	0.088	1	3	EXOSC9
0.00515604661405177	1.03485875721165	0.136	0.075	1	3	STRADA
0.00388705060763475	1.03406888856838	0.185	0.112	1	3	PLEKHF2
0.000416482148689786	1.03345010449675	0.179	0.094	1	3	TOLLIP
0.00123297085167003	1.03345010449675	0.168	0.091	1	3	TMEM63B
0.00416373307747454	1.03108503012956	0.114	0.057	1	3	LOC138481332
0.000118893360768744	1.03068029032024	0.245	0.138	1	3	REXO1
0.000567692954506957	1.03038007285148	0.158	0.079	1	3	ETV6
0.00398941978398097	1.02996449023565	0.163	0.095	1	3	XPR1
0.00398184066843246	1.02835523737399	0.12	0.061	1	3	DUS3L
0.0069906587921161	1.02835523737399	0.114	0.06	1	3	RDH16
0.000173129333156612	1.02835523737399	0.168	0.081	1	3	MAP2K5
0.000301394384921528	1.02645570445851	0.168	0.083	1	3	SETD6
0.00223015395076624	1.02584838176342	0.125	0.062	1	3	CDON
0.00043388964713734	1.02437480854001	0.489	0.384	1	3	CYSLTR1
0.00144687027036027	1.02398563774623	0.19	0.109	1	3	KBTBD2
0.000154411411239736	1.02353822107621	0.228	0.126	1	3	ANTXR2
0.00657383518857915	1.02353822107621	0.185	0.117	1	3	GRIA3
0.00756232712905757	1.02353822107621	0.12	0.065	1	3	PHF1
0.000190149498040355	1.02298872762418	0.179	0.089	1	3	TULP4
0.00433492597927846	1.02298872762418	0.158	0.091	1	3	FRS2
0.0010900153185607	1.02140247673222	0.168	0.09	1	3	CDH18
0.0037539105851159	1.02140247673222	0.13	0.069	1	3	PPP2R5B
0.0082630378660794	1.02140247673222	0.125	0.07	1	3	SLC5A6
0.00136487377262973	1.01942211260398	0.141	0.071	1	3	MMS19
0.00240828592082277	1.01942211260398	0.136	0.07	1	3	STON1
0.000532856561112159	1.01586429319079	0.185	0.099	1	3	GHR
0.000156330053072569	1.01586429319079	0.223	0.121	1	3	GAB1
0.000518345080570664	1.01586429319079	0.217	0.124	1	3	CLINT1
0.00012519155565158	1.01504898091089	0.255	0.146	1	3	RNF145
0.000819268398506755	1.0142604074882	0.158	0.081	1	3	MAP3K2
0.000101070432789486	1.01395217224702	0.239	0.133	1	3	MBTD1
0.00106301865506827	1.01349727864688	0.19	0.107	1	3	COX10
0.00937700464842985	1.01349727864688	0.103	0.054	1	3	WDR62
0.00631349959275077	1.0113488120683	0.109	0.056	1	3	HSF2
0.00888560097485443	1.0113488120683	0.109	0.057	1	3	AURKAIP1
0.00888560097485443	1.0113488120683	0.109	0.057	1	3	ZFR2
0.00888560097485443	1.0113488120683	0.109	0.057	1	3	ZNF532
0.000287389987647431	1.01034728822323	0.212	0.117	1	3	HAUS6
0.00191943317586766	1.01002341460173	0.158	0.085	1	3	CASP3
0.00128793810550921	1.00938995903024	0.12	0.056	1	3	POLR3E
0.00162590901450573	1.00877486840448	0.163	0.089	1	3	RBBP8
0.000853321413529484	1.00847396214811	0.207	0.12	1	3	PPP1R21
0.00226686019757701	1.00759667720719	0.125	0.062	1	3	INO80
0.00283245910943712	1.00759667720719	0.12	0.059	1	3	MTRR
0.00323982282899291	1.00759667720719	0.125	0.064	1	3	SLC25A14
0.00016689925875914	1.00759667720719	0.223	0.121	1	3	DUS2
0.00364525293352654	1.00692110002749	0.196	0.12	1	3	RASA4
0.000103463538994873	1.00502273354337	0.364	0.242	1	3	RAPGEF5
0.00533160257015229	1.00442939812851	0.125	0.067	1	3	WDR19
0.00907173053387728	1.00442939812851	0.12	0.066	1	3	FHIP1B
0.00117928157002823	1.0031748806226	0.353	0.259	1	3	PCDH17
0.00139089838355669	1.00302394741737	0.141	0.071	1	3	GCC2
0.00289403505536681	1.00302394741737	0.136	0.071	1	3	PALS1
0.00774115288371188	1.00172011087052	0.13	0.073	1	3	ATP11A
9.74206833534969e-05	1.00074300616613	0.293	0.18	1	3	HECTD4
0.00702226552954269	1.00050725242087	0.13	0.072	1	3	CHKA
0.000158193349710204	0.99993201515612	0.255	0.147	1	3	FBXO11
0.000411416125742373	0.999376170402225	0.245	0.146	1	3	KIAA1671
0.00165737356409118	0.999376170402225	0.147	0.076	1	3	MARCHF8
0.00978781659742797	0.999376170402225	0.136	0.079	1	3	IL10RB
0.000914720674196332	0.999376170402225	0.201	0.116	1	3	ZNF2
0.00092438381928133	0.997328341753366	0.163	0.085	1	3	CYRIB
0.00116386694307443	0.997328341753366	0.158	0.082	1	3	PIAS1
9.62024553120138e-05	0.997328341753366	0.234	0.127	1	3	ZNF250
0.000715871382943536	0.997328341753366	0.212	0.123	1	3	KDM7A
0.00770936483316266	0.99639847060233	0.141	0.082	1	3	NT5DC2
0.000356254528325759	0.995523844906619	0.174	0.088	1	3	PRR14
0.000104745427185812	0.995523844906619	0.234	0.127	1	3	SETD1B
0.000964571392706212	0.994699683192752	0.163	0.085	1	3	ALPK1
0.000153276540090957	0.993921740310118	0.245	0.138	1	3	PLEKHH3
0.00439717194183068	0.993921740310117	0.158	0.091	1	3	TRAM1
0.000145896808076276	0.993186234283028	0.19	0.095	1	3	MED15
0.000190802922217697	0.992489784816985	0.212	0.114	1	3	KCNN3
0.001008902654729	0.992489784816985	0.234	0.143	1	3	MGAT4C
0.00245513727789896	0.991829361348877	0.179	0.105	1	3	RANGAP1
0.00798872586465894	0.991202238956525	0.103	0.053	1	3	COG6
0.000242714499788723	0.988980999039847	0.207	0.111	1	3	BRAF
0.00050509136873253	0.988487854259489	0.207	0.116	1	3	OGA
0.000221185726729223	0.988016308237678	0.217	0.119	1	3	PHLPP2
0.00345164260572849	0.988016308237678	0.12	0.06	1	3	LIG3
0.000107322216805154	0.986320017576779	0.228	0.123	1	3	MAST2
0.00221801841778198	0.986320017576779	0.13	0.066	1	3	NAE1
0.00793526970466152	0.986320017576779	0.12	0.065	1	3	RNF141
0.00985438307961733	0.98487660070711	0.125	0.07	1	3	DLG3
0.00545642186366689	0.984232684141683	0.136	0.075	1	3	PRSS
0.00219949398149533	0.983074358073125	0.147	0.078	1	3	NARF
0.000858293764361943	0.982551547760866	0.158	0.081	1	3	TEX264
0.0017515099577901	0.982551547760866	0.152	0.081	1	3	MTUS1
0.00136497756213497	0.982061585100056	0.158	0.083	1	3	SUN2
0.00313234387671034	0.981168551929549	0.147	0.081	1	3	LOC138447888
0.000229629528403462	0.980760492234878	0.185	0.094	1	3	SUPT6H
0.00368297920193017	0.980760492234878	0.163	0.094	1	3	LOC138516963
0.00372966378721995	0.979665744459402	0.168	0.098	1	3	XPO7
9.39435472336946e-05	0.97933841716568	0.201	0.101	1	3	RFX1
8.36592190884751e-05	0.978450331547677	0.212	0.108	1	3	DNM1L
0.000141477437666426	0.978450331547677	0.207	0.108	1	3	KIAA0825
0.000221958310719834	0.978450331547677	0.207	0.11	1	3	EDRF1
0.00879701082269542	0.978181948133102	0.168	0.104	1	3	EFCC1
0.000395574040704721	0.977925810530851	0.201	0.109	1	3	DBNDD2
0.000114322566105388	0.97700835737377	0.228	0.123	1	3	PLXNA1
0.00125970920859733	0.97572490233758	0.217	0.131	1	3	TMTC1
0.00160786297988093	0.966954692709848	0.212	0.128	1	3	HIVEP1
0.000202707506150557	0.966954692709848	0.207	0.109	1	3	SECISBP2L
0.00081106922355167	0.966954692709848	0.185	0.101	1	3	TMEM94
0.00244487366066653	0.966954692709848	0.163	0.091	1	3	ACS1
0.00358104623695849	0.966954692709848	0.152	0.085	1	3	LMCD1
0.00620845203914485	0.966954692709848	0.141	0.08	1	3	ANKRD27
0.000136219159167539	0.966954692709848	0.239	0.133	1	3	ACVR1
0.000258613278648356	0.966954692709848	0.255	0.152	1	3	TIMELESS
0.000103801116999215	0.966954692709848	0.288	0.174	1	3	MCF2L
0.000173125992778033	0.966954692709848	0.234	0.13	1	3	SEC16A
0.000216943469736098	0.966954692709848	0.223	0.122	1	3	PTDSS1
0.00103376872309154	0.966954692709848	0.163	0.085	1	3	CUEDC1
0.00143380627473497	0.966954692709848	0.201	0.119	1	3	RANBP3
0.00203999545661883	0.966954692709848	0.141	0.073	1	3	IBTK
0.00441695145415965	0.966954692709848	0.13	0.07	1	3	ITFG2
0.00646161552071078	0.966954692709848	0.125	0.068	1	3	ZNF398
0.00965769213069388	0.966954692709848	0.103	0.054	1	3	SYDE1
0.000233486159631542	0.958237475608739	0.239	0.135	1	3	DEPTOR
0.000115141824909683	0.958076541363395	0.245	0.135	1	3	ARIH1
0.000266629628020762	0.958076541363395	0.239	0.137	1	3	DUSP9
0.000572702365284773	0.957909553106841	0.234	0.139	1	3	BAZ2A
0.00170905969545269	0.957909553106841	0.207	0.122	1	3	SLC8A1
0.000260200363243193	0.957555994707598	0.234	0.133	1	3	TPP2
0.000507598968692138	0.955549929437598	0.201	0.11	1	3	ZMIZ2
0.0019893155610676	0.955549929437598	0.19	0.111	1	3	PPP4R3A
0.000174709370701878	0.955272887662213	0.207	0.108	1	3	AMACR
9.5935800451632e-05	0.954982051043772	0.207	0.105	1	3	PKD1
0.00222056781949919	0.953279755812771	0.163	0.09	1	3	TRIP11
0.00107546157839273	0.952455123014733	0.168	0.09	1	3	ERN1
0.0047436197407144	0.952455123014733	0.147	0.082	1	3	PLXNA2
0.00566110954616402	0.952455123014733	0.152	0.088	1	3	ATG5
0.00371991285258069	0.952004351243876	0.147	0.081	1	3	MAPRE2
0.00463435255922117	0.952004351243876	0.152	0.086	1	3	LOC138570801
0.00380801111077847	0.951768288895172	0.239	0.16	1	3	ITPK1
0.00479025584926099	0.951013148840826	0.147	0.082	1	3	BIRC2
0.000513419813520684	0.950466569921279	0.245	0.146	1	3	ATG9A
0.000314848228345656	0.948218130128262	0.234	0.133	1	3	CNOT7
0.00116489112461613	0.948218130128262	0.223	0.134	1	3	NUP98
0.00287313195077105	0.947055135272143	0.125	0.063	1	3	INPP5K
0.00478906031695165	0.947055135272143	0.125	0.066	1	3	SCFD1
0.00875123635792953	0.947055135272143	0.114	0.061	1	3	RAB40B
0.00310984969456968	0.947055135272143	0.207	0.13	1	3	SHOC2
0.00611580640159493	0.946196132543051	0.114	0.059	1	3	TMEM38B
0.00437518965484589	0.945259621610528	0.114	0.057	1	3	RPAP2
0.00746117598275757	0.945259621610528	0.114	0.06	1	3	GDAP2
0.000928944454912175	0.944758946595652	0.201	0.115	1	3	DOT1L
0.000116528001456758	0.943684913387	0.207	0.106	1	3	USP16
0.00223193619217123	0.942501648985309	0.179	0.103	1	3	TDRD3
0.000734855092537242	0.942292638475579	0.25	0.154	1	3	TRIM3
0.000185287334309881	0.941863711747017	0.255	0.148	1	3	DICER1
0.000186397868524022	0.940959484176903	0.255	0.147	1	3	PPP5C
0.0026008102940183	0.940959484176903	0.217	0.135	1	3	FNDC1
0.000815562641907596	0.940482481348657	0.174	0.093	1	3	PIK3CB
0.00107586916152922	0.940482481348657	0.179	0.098	1	3	LOC138527531
0.000205432280383797	0.939473956287741	0.239	0.135	1	3	INPP5B
0.00540040205464505	0.937207349315796	0.152	0.087	1	3	LOC138581052
0.00127332869030657	0.936581043666329	0.196	0.113	1	3	ZDHHC14
0.0021347366213382	0.936257895486931	0.152	0.082	1	3	CTSD
0.00338299592532171	0.936257895486931	0.152	0.084	1	3	KHDC4
0.00680943664251418	0.935927797089223	0.19	0.12	1	3	SART1
0.000149827941466169	0.935760071106253	0.261	0.152	1	3	STARD9
0.00475912440073367	0.93524583298251	0.141	0.078	1	3	RPS6KC1
0.00842287306189869	0.93524583298251	0.141	0.082	1	3	MED16
0.00184640293673533	0.934533215017471	0.196	0.115	1	3	KMT5B
0.00368312737243546	0.934164757592178	0.147	0.081	1	3	ELMOD2
0.00437159951880126	0.933787828774649	0.168	0.099	1	3	ADAMTSL3
0.00180478304861086	0.93300736078651	0.19	0.11	1	3	U2SURP
0.00444655472891438	0.93300736078651	0.185	0.112	1	3	HRAS
0.00999542595674029	0.93300736078651	0.13	0.074	1	3	TBC1D30
0.000353365352465415	0.932308549902956	0.342	0.234	1	3	RNF213
0.000182372022808519	0.931505856705558	0.288	0.176	1	3	ZMYND11
8.17832587457011e-05	0.931109493763125	0.255	0.142	1	3	CCM2
0.00127104008785025	0.931109493763125	0.228	0.138	1	3	CNOT10
0.00273935613631534	0.930428816684734	0.179	0.105	1	3	SLC35F5
0.00366717263107884	0.930428816684734	0.136	0.072	1	3	MIER3
0.00622550105212989	0.930428816684734	0.13	0.071	1	3	WDR25
0.000159414872941773	0.929721786510873	0.239	0.133	1	3	ZNF292
0.000914718761912996	0.929479987291185	0.19	0.106	1	3	NEURL4
0.00107244797380524	0.929479987291185	0.179	0.098	1	3	MLXIP
0.00377861531038687	0.929479987291185	0.179	0.107	1	3	TFCP2
0.00192743753742642	0.928986842510827	0.125	0.061	1	3	ABCA2
0.000246409573911562	0.928222298221134	0.228	0.128	1	3	NEK7
0.00835868657154053	0.925732029983335	0.12	0.065	1	3	CCNL1
0.00541160771228202	0.925613897328949	0.255	0.175	1	3	RELN
0.000952832460432496	0.925134517015221	0.266	0.169	1	3	CELF2
0.00660547349336368	0.924890633143304	0.408	0.32	1	3	TSPAN18
0.00305209531364322	0.924829217037171	0.196	0.118	1	3	CCDC9
0.00526199663731708	0.924643887851883	0.223	0.146	1	3	AR
0.000343987143505466	0.923885970817962	0.212	0.116	1	3	DYRK1A
0.0094406098106562	0.923885970817962	0.109	0.057	1	3	QSOX1
8.7789249656332e-05	0.923100403120421	0.261	0.146	1	3	PNISR
0.000278063848926258	0.922285643376119	0.245	0.142	1	3	LCOR
0.000443563516803764	0.922285643376119	0.239	0.14	1	3	NACC2
0.000477963583997251	0.92186680318131	0.201	0.109	1	3	KLC4
0.00397083133987472	0.921151003096723	0.152	0.085	1	3	PPP2R5E
0.00487026859901119	0.921151003096723	0.147	0.082	1	3	NR1H2
0.000228049856176055	0.920784511276922	0.207	0.109	1	3	SNX30
0.000487033517596311	0.919648977931491	0.196	0.106	1	3	MTA3
0.00374416885234232	0.919648977931491	0.147	0.081	1	3	MTCL2
0.00743650113698072	0.919648977931491	0.147	0.085	1	3	WDFY2
0.000241701549378932	0.918860404508803	0.266	0.158	1	3	PHF20L1
0.00190928052981544	0.918045092228902	0.152	0.081	1	3	AGA
0.003240365200571	0.918045092228902	0.147	0.08	1	3	MTMR14
0.00375500455849472	0.918045092228902	0.147	0.081	1	3	TAFAZZIN
0.00285042014015248	0.917711173689999	0.207	0.127	1	3	POR
0.001178170833961	0.917201657512748	0.185	0.103	1	3	RANBP17
0.00265080450339026	0.91632861963988	0.212	0.132	1	3	BEGAIN
0.00491937395898657	0.915880508115579	0.168	0.099	1	3	TTYH2
0.0010834998179928	0.915880508115578	0.272	0.174	1	3	FLRT2
0.00407208977907779	0.915607812709627	0.196	0.121	1	3	MPDZ
0.00506975007382072	0.914487272815712	0.136	0.074	1	3	GEMIN6
0.00506975007382072	0.914487272815712	0.136	0.074	1	3	STYX
0.000770558178769917	0.913015885599044	0.174	0.092	1	3	CHAF1A
0.00214625953150031	0.913015885599044	0.174	0.098	1	3	NCKAP5L
0.000349241997874605	0.912506908687471	0.315	0.205	1	3	LAMB2
0.00667913767294901	0.912506908687471	0.125	0.068	1	3	RASGRP4
0.00251930501223354	0.911459580118144	0.163	0.091	1	3	ARFGAP1
0.000110597916721874	0.910998286735832	0.408	0.281	1	3	PTPRB
0.00139571650239759	0.910811614672314	0.185	0.105	1	3	ARHGAP24
0.00217880585504472	0.910811614672314	0.185	0.107	1	3	SLC66A1
0.0003090385127902	0.91037116434348	0.239	0.137	1	3	N4BP2
0.000679120224937416	0.91037116434348	0.207	0.116	1	3	GRK3
0.00451533777958259	0.91037116434348	0.283	0.203	1	3	DDR2
0.00102765272655621	0.910052301475371	0.25	0.157	1	3	HERC2
0.0011221757095504	0.909469198049087	0.196	0.111	1	3	LETM1
0.000926870025736516	0.90806100365628	0.239	0.146	1	3	NUMBL
0.00227620567256129	0.908061003656279	0.185	0.108	1	3	SUCO
0.000306610080113636	0.908061003656279	0.228	0.129	1	3	TRAF7
0.00169307598194396	0.907145297474544	0.255	0.166	1	3	MAMLD1
0.000947700724691908	0.906833700272277	0.217	0.127	1	3	EP300
0.00103755708830787	0.906833700272277	0.217	0.129	1	3	DPF2
0.00202391784960753	0.906582074730367	0.185	0.107	1	3	VIRMA
0.00351952975291714	0.906200661630752	0.152	0.084	1	3	GNG7
0.000222021146226225	0.905925259312288	0.25	0.145	1	3	ZNF583
0.00293019150316459	0.905026943566646	0.174	0.1	1	3	AEBP1
0.00240395358340723	0.904218937361885	0.201	0.121	1	3	CHD2
0.00935230141578966	0.904218937361885	0.19	0.123	1	3	TOR1AIP1
0.000700712683918061	0.903628757341018	0.234	0.139	1	3	ZMYM3
0.00703708026074084	0.901366351082272	0.185	0.116	1	3	CTDSP1
0.000841962382608731	0.900503043380011	0.342	0.241	1	3	ABCB5
0.000154455514478515	0.899840496851311	0.234	0.129	1	3	FOXK1
0.000263208207031463	0.899840496851311	0.299	0.187	1	3	CHCHD3
0.000286717530015104	0.899840496851311	0.413	0.299	1	3	PXDN
0.00177100237949621	0.899840496851311	0.147	0.076	1	3	KCNAB2
0.00842876308772766	0.899840496851311	0.13	0.073	1	3	TRIM29
0.000101361213480673	0.899840496851311	0.212	0.108	1	3	LRCH2
0.0011252156991782	0.898241942625833	0.196	0.111	1	3	LOC138528557
0.00011898108749641	0.897913048280196	0.299	0.182	1	3	CLCN3
0.000188721814870187	0.89656536481845	0.201	0.104	1	3	XPO6
0.000984154452525135	0.896133355520151	0.234	0.143	1	3	ARMC6
0.00161535749500834	0.896133355520151	0.234	0.145	1	3	MYO1A
8.17205638462747e-05	0.896071206553338	0.402	0.263	1	3	HYAL2
0.00263269880512312	0.895871594648365	0.163	0.091	1	3	FAM210A
0.000247130641846072	0.894023170255997	0.223	0.122	1	3	CARM1
0.000570730720828251	0.893705710679209	0.272	0.171	1	3	CLEC2L
0.000504947867066695	0.893425657287883	0.234	0.136	1	3	NUMA1
0.00286520250819424	0.892407739344794	0.196	0.117	1	3	GRAMD2B
0.00140339394855793	0.891992635028626	0.223	0.135	1	3	LAMA4
0.00555030364364712	0.891992635028626	0.13	0.07	1	3	EDC3
0.000243656476820621	0.891187185091883	0.299	0.189	1	3	USO1
0.00330823767471811	0.890719106882763	0.19	0.114	1	3	PRKDC
0.000221793133355282	0.890502632271975	0.239	0.134	1	3	ARHGEF18
0.000112916149963282	0.890333411106935	0.261	0.147	1	3	PHKB
0.0001480076825453	0.889845767012082	0.337	0.22	1	3	FXR1
0.00323602726456109	0.888952180708575	0.245	0.162	1	3	SETDB1
0.00484381549646097	0.888952180708575	0.168	0.099	1	3	MLLT1
0.00603038897843162	0.88813594586876	0.408	0.321	1	3	TTN
0.00438307504609787	0.887101385020633	0.179	0.107	1	3	RAMP2
0.00618219508487044	0.885654590608	0.12	0.063	1	3	LZTR1
0.00862985743005135	0.885654590608	0.12	0.065	1	3	PLEKHA4
0.000332785576298963	0.885160601546201	0.207	0.111	1	3	FBXO9
0.00168513597670057	0.885160601546201	0.19	0.109	1	3	ABCC4
0.00171629803771472	0.884492532517875	0.174	0.096	1	3	INTS1
0.00510545511987208	0.884214261701912	0.304	0.228	1	3	ARHGAP20
0.00821023140988647	0.882065795123335	0.158	0.095	1	3	ARHGAP45
0.000328015394062347	0.881224818683964	0.234	0.133	1	3	VANGL2
0.000135736843536796	0.880722295065769	0.353	0.237	1	3	LOC138569465
0.000289534363140687	0.879491851459508	0.315	0.207	1	3	RASGRP2
0.000430521044373368	0.879491851459508	0.326	0.217	1	3	NUFIP2
0.00108226160647644	0.879491851459508	0.223	0.133	1	3	PALM
0.000218800025349165	0.878958211712019	0.255	0.148	1	3	MAPKAPK5
0.00867505069915288	0.878958211712019	0.207	0.136	1	3	FOXP1
0.00623606291289679	0.877828802236864	0.261	0.184	1	3	ST3GAL4
0.00387861682407635	0.877317480225171	0.136	0.072	1	3	SHROOM2
0.00628323006723973	0.87675688373827	0.152	0.088	1	3	GTF2IRD1
0.00111305812666492	0.876352143928941	0.185	0.102	1	3	ZDHHC13
0.0063925546153248	0.876352143928941	0.163	0.097	1	3	SETBP1
0.000517740961394217	0.876046196511637	0.207	0.114	1	3	FAM83H
0.00023117083347927	0.875738175151324	0.451	0.34	1	3	SSBP3
0.00160465201562182	0.873845288318367	0.179	0.1	1	3	STX4
9.13521541497372e-05	0.873845288318366	0.293	0.174	1	3	WASF2
0.000235701060002137	0.873845288318366	0.239	0.135	1	3	ABCB1
0.000361496470783256	0.873845288318366	0.266	0.16	1	3	BTBD9
0.00118579618829262	0.873845288318366	0.158	0.082	1	3	KIFAP3
0.00171233941572497	0.873845288318366	0.207	0.123	1	3	ZDHHC8
0.00248862600682063	0.873845288318366	0.207	0.126	1	3	BCORL1
0.0031837354511198	0.873845288318366	0.152	0.083	1	3	SPOP
0.000180742768037138	0.871195709904417	0.299	0.185	1	3	MAPK8
0.00307485964622064	0.871195709904417	0.163	0.092	1	3	TPCN2
0.00407798207080103	0.871195709904417	0.163	0.094	1	3	AVL9
0.000266138622549941	0.870985634179126	0.283	0.173	1	3	KANSL1
0.000391800338226105	0.870739377450545	0.261	0.157	1	3	PRIM2
9.81278427843044e-05	0.870093153457259	0.239	0.129	1	3	ZNF598
0.00108567664952293	0.869657491354933	0.201	0.115	1	3	MAN1A2
0.00257996881145441	0.869107369311704	0.174	0.099	1	3	LMO7
0.00325236689087973	0.867419019158934	0.239	0.157	1	3	NUP160
0.00253956254155368	0.867419019158933	0.196	0.117	1	3	TBC1D23
0.000400991853384197	0.866925874378576	0.277	0.171	1	3	KDM2A
0.000173580507965283	0.866790530784416	0.245	0.137	1	3	EEIG2
0.00321735938239771	0.866790530784416	0.217	0.138	1	3	LACTB
0.00089624173626054	0.865832768266982	0.337	0.233	1	3	NAV2
0.0020776587500819	0.865416666247786	0.163	0.089	1	3	DENND1B
0.00029840278111525	0.864856505091112	0.234	0.133	1	3	CSNK1G3
0.00207563369361468	0.863861199745745	0.234	0.147	1	3	SNED1
0.000173868428710397	0.863861199745744	0.31	0.196	1	3	CERT1
0.00242639920715363	0.863861199745744	0.179	0.103	1	3	LOC138526876
0.00337088672716622	0.863861199745744	0.136	0.071	1	3	SLC2A13
0.000402287079345271	0.86284628936911	0.234	0.133	1	3	DPP9
0.00234407669609265	0.861021247960783	0.174	0.098	1	3	ERGIC3
0.00234407669609265	0.861021247960783	0.174	0.098	1	3	OPHN1
0.000104602405481144	0.860503751079205	0.321	0.199	1	3	PKN2
0.0003311185843484	0.85909870294918	0.299	0.191	1	3	MARK1
0.00493982715157462	0.858894946852395	0.152	0.086	1	3	FAM91A1
0.00700789021146477	0.858894946852395	0.147	0.084	1	3	LPIN2
0.00700789021146477	0.858894946852395	0.147	0.084	1	3	ORAI2
0.000576322192932526	0.858578531665056	0.223	0.128	1	3	GABPA
0.000322505661544068	0.857543475989266	0.255	0.151	1	3	CAMSAP1
0.000127404360748015	0.857037000631812	0.332	0.211	1	3	DNM2
0.000647498662093622	0.856310629025856	0.223	0.128	1	3	SMC6
0.000168489513967088	0.855697941608107	0.332	0.211	1	3	AFF1
0.00207721477499233	0.855309336880939	0.152	0.081	1	3	ACAP3
0.000181767191297818	0.855309336880939	0.342	0.225	1	3	ADGRA2
9.58035568606394e-05	0.85484432638831	0.293	0.174	1	3	NHSL1
0.00104115142250153	0.854479963451436	0.19	0.106	1	3	TYRO3
0.00873979882735235	0.854479963451436	0.174	0.108	1	3	ASCC2
0.00164293071762193	0.854186762547898	0.185	0.105	1	3	LRRC8E
0.00187548492535632	0.854186762547898	0.201	0.119	1	3	USP5
0.00202720514081498	0.853744082261857	0.223	0.138	1	3	LIMD1
0.000674079888566939	0.851477475289912	0.386	0.277	1	3	B3GNT2
0.00360151395715643	0.851477475289912	0.179	0.106	1	3	SMARCA4
0.00368185951540155	0.851477475289912	0.19	0.115	1	3	ZNF362
0.00960907549203987	0.851477475289912	0.168	0.105	1	3	USP33
0.00964547356389721	0.851477475289912	0.125	0.07	1	3	IFFO1
0.000123541234171085	0.851477475289912	0.245	0.134	1	3	TASOR
0.000233040104039391	0.849717017425475	0.283	0.172	1	3	CSE1L
0.00396711543794425	0.848898931188136	0.201	0.124	1	3	YES1
0.00141114011103811	0.848634725521087	0.19	0.108	1	3	TANGO2
0.00160446303573087	0.848634725521087	0.19	0.108	1	3	ZC3H6
0.00492333540761322	0.847902021066084	0.152	0.086	1	3	MBTPS1
0.00177479593915443	0.847655764337504	0.255	0.165	1	3	STARD8
0.00129526092631229	0.846660458992136	0.212	0.124	1	3	KMT2E
0.000119920552410186	0.846487172697905	0.408	0.282	1	3	MYO10
0.00215964722563899	0.846202533249238	0.207	0.124	1	3	NLRP3
0.00255543548982341	0.846202533249238	0.196	0.117	1	3	RTKN
0.0032651989529415	0.846202533249238	0.196	0.119	1	3	SF3B3
0.00553661395082169	0.845648396487714	0.163	0.095	1	3	CENPF
0.00127905903604801	0.844964168331237	0.179	0.098	1	3	PRPSAP1
0.000291507222001361	0.842258945260533	0.234	0.132	1	3	NBEAL1
0.00680870818237277	0.841423810625989	0.158	0.093	1	3	BCR
0.00974059226173633	0.841423810625989	0.158	0.095	1	3	KLHDC3
0.000998176555473639	0.83971950441374	0.223	0.132	1	3	USP3
0.00156880412105301	0.839199145511475	0.185	0.104	1	3	ZDHHC9
0.00199165789200327	0.839199145511475	0.185	0.106	1	3	MTA1
0.0051354481405849	0.839199145511475	0.174	0.104	1	3	CCNK
0.000112061388300655	0.838798341219166	0.283	0.166	1	3	ADNP
0.0037054772566847	0.838630595734308	0.19	0.115	1	3	CPNE8
0.00416319365823412	0.838630595734308	0.196	0.12	1	3	ANO10
0.00200632598183257	0.837671675764881	0.168	0.093	1	3	RCE1
0.00486515271804639	0.837319412293252	0.174	0.103	1	3	MTMR10
0.000621475317477912	0.837074410162938	0.228	0.133	1	3	UBE2D4
0.00090599750476571	0.835710159431595	0.255	0.158	1	3	GCN1
0.00347898530857218	0.835710159431595	0.217	0.137	1	3	FXYD5
0.00120124967205562	0.835710159431595	0.185	0.102	1	3	INTS4
0.00168175625637587	0.835710159431595	0.179	0.1	1	3	ZCCHC2
0.00196619809566142	0.835710159431595	0.179	0.101	1	3	ACAD9
0.00653793153432802	0.834316924131729	0.201	0.128	1	3	ARHGAP29
0.00729592536399785	0.834060422212502	0.179	0.111	1	3	MTREX
0.00065707178685075	0.832653600998257	0.326	0.224	1	3	MTMR1
8.44290087440081e-05	0.831753954829333	0.37	0.246	1	3	UBE3A
0.00970567801096145	0.831753954829333	0.326	0.247	1	3	NDEL1
0.000731606703863088	0.830381639834404	0.228	0.133	1	3	PRELID2
0.000361258761505871	0.830103824497345	0.288	0.179	1	3	SCARF1
0.00227542307552172	0.83001904735374	0.299	0.21	1	3	PARVB
0.000853282690215002	0.829795446503818	0.397	0.3	1	3	RFTN1
0.00209123234179633	0.829451168959913	0.228	0.142	1	3	SMCHD1
0.000305805874999517	0.828757398789828	0.288	0.178	1	3	FOXN3
0.00180842729449207	0.828626536161875	0.239	0.15	1	3	PALS2
0.00124825521576567	0.82843482862842	0.212	0.124	1	3	FBXO3
0.00150875698725477	0.827890654972296	0.25	0.158	1	3	WDR45B
0.00395528076579852	0.827551636044431	0.212	0.133	1	3	PTPA
0.000219891901760059	0.827229929043235	0.277	0.163	1	3	SLAMF8
0.000128127901917638	0.825482266756967	0.266	0.151	1	3	CTDP1
0.00388121556956414	0.825293543486257	0.196	0.12	1	3	FAM222A
0.00449600354667692	0.82493568783742	0.152	0.085	1	3	TRMT1L
0.00766933096624889	0.82493568783742	0.141	0.081	1	3	PAOX
0.000827958311413276	0.824601769298517	0.223	0.13	1	3	TBC1D2B
0.00437928631028811	0.823996738867804	0.163	0.094	1	3	ZNF462
0.000563644440318119	0.823735861550397	0.565	0.529	1	3	ESAM
0.000740835356064512	0.822564783374673	0.266	0.167	1	3	SHKBP1
0.00127490058630903	0.822006356798748	0.207	0.12	1	3	SPRYD7
0.00200224950020396	0.821524253188284	0.212	0.128	1	3	CLPX
0.00129660552487726	0.820113304380577	0.25	0.156	1	3	BCLAF3
0.000409525904222928	0.819612976634661	0.283	0.176	1	3	RLF
0.00165652946453328	0.819612976634661	0.163	0.087	1	3	MBD6
0.00418648558646249	0.819201072266156	0.174	0.102	1	3	CPSF1
0.00584866471050126	0.819201072266156	0.168	0.1	1	3	SESTD1
0.00910950450039923	0.819201072266156	0.163	0.099	1	3	PPA2
0.00373310992212639	0.819021263573845	0.288	0.203	1	3	ZNF208
0.00593243847730621	0.818856053720714	0.179	0.109	1	3	SMARCD3
0.00128415740682224	0.818562852817177	0.207	0.12	1	3	ORC4
0.00247145881594602	0.818562852817177	0.196	0.116	1	3	TTF1
0.00741821818588513	0.818091306795365	0.201	0.13	1	3	ZBTB33
0.00054493681189775	0.817898883315135	0.239	0.14	1	3	PPP1R12C
0.00233287499618102	0.817318613808714	0.266	0.178	1	3	MYO9B
0.00205260699095117	0.817106483968472	0.272	0.178	1	3	ARHGEF26
0.00618595184523603	0.81701406572169	0.277	0.199	1	3	TBC1D1
0.000364434281676584	0.814951599264798	0.255	0.15	1	3	CRYBG1
0.000981119035220672	0.814951599264798	0.25	0.154	1	3	CUL4B
0.00554526170065618	0.814951599264798	0.255	0.173	1	3	TMEM150A
0.00939165120993883	0.814951599264798	0.147	0.086	1	3	ERCC6
0.000935118252077001	0.814951599264798	0.174	0.092	1	3	INTS3
0.00398365817710294	0.814951599264798	0.201	0.123	1	3	GIT1
0.00728137356450978	0.814951599264798	0.163	0.097	1	3	STAU1
0.000247420364010116	0.812626546318554	0.288	0.175	1	3	MEF2C
0.000546433342000805	0.812232097911206	0.255	0.154	1	3	PTEN
0.000942377867442539	0.811885296217015	0.223	0.131	1	3	KLF3
0.00485151129003729	0.811676467231937	0.207	0.131	1	3	STK26
0.00014931275873888	0.808692608793116	0.375	0.249	1	3	EML4
0.005157394842596	0.80825694669079	0.201	0.125	1	3	SKIL
0.000395954425194306	0.80825694669079	0.342	0.234	1	3	BAIAP2
0.000133340430486538	0.807756097860594	0.348	0.225	1	3	LIMS1
9.59305990515275e-05	0.807598932977723	0.451	0.334	1	3	PLEKHG5
0.00747132967997018	0.804683263810971	0.147	0.084	1	3	LOC138569515
0.00420297742654964	0.803724343841544	0.261	0.181	1	3	PHRF1
0.0062225504843916	0.802978957598722	0.179	0.109	1	3	HPRT1
0.000109683153318914	0.802835312948741	0.342	0.217	1	3	ZC3H13
0.00952621970428697	0.801145799739767	0.277	0.196	1	3	MEOX2
0.000403643497030731	0.800103834857484	0.516	0.424	1	3	COL5A1
0.000151335576337707	0.799659947312207	0.429	0.308	1	3	TEK
0.000703289372297284	0.79935474421378	0.223	0.128	1	3	MAFK
0.00287818999654345	0.79935474421378	0.217	0.134	1	3	CYTH2
0.00274696501036352	0.798557161014129	0.158	0.086	1	3	NFATC1
0.00300182849597448	0.797029691267536	0.201	0.121	1	3	EP400
0.000184154715529526	0.797029691267536	0.299	0.183	1	3	SPTLC1
0.00374757723267705	0.797029691267535	0.125	0.064	1	3	ITGB5
0.000695849819149543	0.797029691267535	0.239	0.141	1	3	DIS3L2
0.000256068919785867	0.796500747158626	0.391	0.276	1	3	FNBP1L
0.000369889571360287	0.796154003810672	0.277	0.17	1	3	UVRAG
0.00125523215245043	0.795586274397867	0.185	0.102	1	3	RBMS2
0.00290170893903557	0.794487496705083	0.266	0.178	1	3	CDC42EP2
0.00175322040214237	0.794487496705082	0.212	0.126	1	3	TPR
0.00217783002230017	0.793623089824286	0.223	0.137	1	3	ERLEC1
0.00128267662023805	0.792051197154719	0.304	0.209	1	3	OTUD4
0.000135076688876251	0.790631920069385	0.397	0.272	1	3	FMNL2
0.00636180049479705	0.79052812532558	0.196	0.123	1	3	RNF111
0.00788496565742755	0.78941650715766	0.293	0.213	1	3	CHSY3
0.00849553819627018	0.788956390731853	0.163	0.098	1	3	ZC3H11A
0.00113789128849051	0.788357389253085	0.217	0.127	1	3	ARFGAP2
0.00221577421832707	0.787984551664529	0.179	0.101	1	3	SEMA3A
0.00692713468306688	0.786382447068027	0.174	0.106	1	3	MTM1
0.000224565969443256	0.786382447068027	0.332	0.214	1	3	DIPK2B
0.00359704784493984	0.786382447068027	0.217	0.135	1	3	FXR2
0.000651430270538933	0.784894365408618	0.261	0.159	1	3	JAK2
0.00187410960143374	0.784235579051483	0.321	0.226	1	3	AGFG1
0.00597938248636624	0.783732868654078	0.163	0.095	1	3	NFS1
0.000463557395442682	0.78292274507216	0.245	0.143	1	3	TEP1
0.000309531539320979	0.782801075661092	0.321	0.204	1	3	ATP2B4
0.000689845761405648	0.782036976792063	0.201	0.11	1	3	RALGPS1
0.000184298996210476	0.781843287452859	0.272	0.158	1	3	NAA25
0.000274670601547458	0.781843287452859	0.272	0.161	1	3	EHD4
0.000911824436558486	0.781399039553772	0.239	0.143	1	3	HNRNPUL2
0.00127661005392621	0.781399039553772	0.245	0.15	1	3	DCAF8
0.00407621764951462	0.781399039553771	0.277	0.193	1	3	GLS
0.00782148119775928	0.781399039553771	0.168	0.102	1	3	TMTC2
0.00772435741855212	0.780541568478966	0.12	0.064	1	3	GALR1
0.000898044323158622	0.779991760910998	0.255	0.157	1	3	RLIM
0.00176796355899416	0.779991760910998	0.25	0.158	1	3	EPN2
0.000234815045699284	0.779991760910998	0.457	0.335	1	3	PCDH1
0.00043981617006336	0.779327689534077	0.283	0.175	1	3	LRRFIP1
0.00441159528377472	0.779327689534076	0.223	0.143	1	3	ADK
0.000174633073597506	0.778688055278026	0.266	0.151	1	3	CCDC120
0.000900252182733157	0.777920868319831	0.239	0.143	1	3	CASTOR1
0.000454731307463105	0.777849972472701	0.413	0.306	1	3	KLF7
0.000478376033597134	0.777476893846135	0.332	0.222	1	3	DIP2B
0.000361541676999907	0.777130133829831	0.293	0.182	1	3	ZMIZ1
0.00014185446109072	0.776623480605698	0.255	0.143	1	3	SH2D3C
0.00537747703018557	0.776623480605698	0.223	0.146	1	3	LTBP3
0.00882774615232788	0.776623480605698	0.136	0.077	1	3	PPM1D
0.000693623064682314	0.775589166994024	0.234	0.136	1	3	CDC73
0.000504404442747758	0.775042877828162	0.337	0.228	1	3	CASK
0.00026446732442801	0.774309614767452	0.337	0.215	1	3	KDM2B
0.00160318146027278	0.773131423570171	0.245	0.152	1	3	AFTPH
0.00815019630576261	0.772307261856304	0.152	0.089	1	3	AAK1
0.00437517514449598	0.772043007795507	0.239	0.157	1	3	FAM98A
0.00183032241194909	0.771698401310914	0.228	0.14	1	3	NLK
0.00220422494851901	0.77123022183548	0.196	0.114	1	3	LRP6
0.00112043110175611	0.770557479906344	0.288	0.187	1	3	EVI5
0.009548954159955	0.770557479906344	0.158	0.095	1	3	ABCB7
0.00205595959311123	0.769508628503631	0.234	0.146	1	3	AFF4
0.00355843865679765	0.769508628503631	0.217	0.137	1	3	SH3TC1
0.000235935765184613	0.769308933709085	0.348	0.229	1	3	CASKIN2
0.00212047443762379	0.767645884486441	0.245	0.156	1	3	TLK1
0.0050927129412804	0.766815078220528	0.245	0.163	1	3	NUP153
0.00376629419530588	0.765747601264028	0.228	0.146	1	3	DPY19L4
0.000247169048772444	0.76562388690123	0.31	0.192	1	3	MVB12B
0.00019597260056768	0.765320831540197	0.337	0.214	1	3	TNK2
0.00871238327188192	0.764325526194829	0.196	0.125	1	3	EXTL3
0.000305658199852675	0.763421298624716	0.272	0.161	1	3	PRDM2
0.00565053238364091	0.763421298624715	0.168	0.099	1	3	RUFY1
0.00228791405242466	0.762755388139369	0.255	0.164	1	3	KIAA0232
0.000319132906122838	0.761840262805235	0.375	0.261	1	3	NKAIN1
0.00281091739866257	0.761840262805235	0.228	0.144	1	3	SUGP1
0.00735978175166447	0.761840262805235	0.217	0.144	1	3	ATG2A
0.000644271587350297	0.761145155569004	0.25	0.149	1	3	TMEM248
0.00226756274973848	0.761145155569004	0.239	0.15	1	3	SPPL3
0.0010704025545116	0.761012792153994	0.283	0.182	1	3	ZBTB46
0.000325254436614381	0.760503815242421	0.261	0.153	1	3	RNF14
0.000506828343290005	0.760503815242421	0.255	0.152	1	3	PRKAR2A
0.00523874303946335	0.759013427670941	0.207	0.13	1	3	PHTF2
0.000655623012640373	0.757501327080898	0.293	0.187	1	3	USP19
0.000605056848197224	0.755450587516136	0.37	0.259	1	3	SLC12A4
0.00587328859783698	0.754904215594859	0.196	0.121	1	3	MAEA
0.00624491374647109	0.754106044044271	0.261	0.18	1	3	GAB2
0.00188571575936934	0.753057065538856	0.304	0.21	1	3	OGDH
0.00646395258393854	0.751686705806781	0.152	0.087	1	3	NUDT3
0.00819106818155322	0.750821261845082	0.168	0.102	1	3	MTA2
0.000679841523030694	0.750636785783084	0.304	0.196	1	3	MAN2A1
0.00241595728962388	0.749597861270698	0.207	0.123	1	3	PIP4K2C
0.00160539915773468	0.747736519168543	0.283	0.184	1	3	TGFBR2
0.000253554639986346	0.74698900876794	0.353	0.235	1	3	DENND4C
0.00930874650624551	0.7445622713734	0.359	0.286	1	3	VWCE
0.000551331874107563	0.7445622713734	0.228	0.13	1	3	DCTN2
0.000701488006229704	0.7445622713734	0.304	0.196	1	3	GOLGB1
0.00306220181571337	0.7445622713734	0.163	0.091	1	3	DSP
0.00731881472322815	0.7445622713734	0.152	0.088	1	3	SLC25A26
0.00273564960368848	0.7445622713734	0.228	0.143	1	3	ATG13
0.0004518678905461	0.742139609106544	0.359	0.244	1	3	PAK2
0.00321171592023764	0.742139609106544	0.337	0.24	1	3	LDB1
0.000385114805580951	0.742020076810947	0.348	0.234	1	3	PUM2
0.0003039275846258	0.741489437323777	0.31	0.195	1	3	ELF2
0.00180100650804691	0.740362282844114	0.234	0.144	1	3	PTPN23
0.000665265400011957	0.739989541583576	0.234	0.135	1	3	ALG1
0.00388972527049599	0.738685705036731	0.179	0.105	1	3	WDR5
0.000219485329782491	0.738453461790754	0.397	0.274	1	3	SVIL
0.00681612260022976	0.737929179040953	0.158	0.092	1	3	CTDSPL
0.00785023076008192	0.737929179040953	0.158	0.093	1	3	ZFTRAF1
0.00150104227447575	0.737472846587081	0.342	0.246	1	3	SMURF1
0.00657313802108275	0.735629146603392	0.223	0.146	1	3	NRDC
0.00033757839071924	0.733977520732234	0.391	0.272	1	3	FAR1
0.00304651643594522	0.733364064768536	0.245	0.157	1	3	ANKRD50
0.00108134630857669	0.732832978791293	0.31	0.205	1	3	SRPK2
0.00017329992124003	0.731738231015816	0.304	0.184	1	3	STXBP5
0.00700522002180314	0.730887334476323	0.299	0.216	1	3	TNS2
0.000206328719382153	0.73041808905313	0.25	0.142	1	3	STON2
0.00489111256458301	0.728794955515083	0.277	0.191	1	3	RANBP2
0.00796395290881918	0.727947557522504	0.185	0.115	1	3	FNBP4
0.00844507981476453	0.725066095747603	0.201	0.13	1	3	TRAPPC11
0.00402578208479328	0.72396180177914	0.408	0.314	1	3	ENTPD1
0.000285852863923304	0.721842194873316	0.348	0.228	1	3	TOX2
0.000363868694822049	0.721842194873316	0.272	0.161	1	3	USPL1
0.0088617538214307	0.721842194873316	0.179	0.111	1	3	DYNC2I1
0.00680849115055092	0.72079410544045	0.201	0.127	1	3	TSHZ2
0.000652060275480041	0.720039952239331	0.245	0.144	1	3	KCNQ1
9.0315381668255e-05	0.717927144869933	0.31	0.183	1	3	DCHS1
0.00187205660402956	0.716547895203804	0.25	0.158	1	3	NAA15
0.00235491956370959	0.714646693469112	0.326	0.229	1	3	PPP2R2A
0.000716613905779695	0.713835755741137	0.332	0.222	1	3	RSRC2
0.00530946993529275	0.71238186562425	0.19	0.116	1	3	OPA1
0.00408109719249637	0.709156935242201	0.223	0.141	1	3	HCFC1
0.00482680207124611	0.709018154515733	0.266	0.182	1	3	SEMA6A
0.00014895748627432	0.707195418908915	0.495	0.38	1	3	DAAM1
0.00082815074837265	0.703920286876054	0.467	0.365	1	3	ADGRL2
0.00727008940705077	0.702057542858865	0.207	0.133	1	3	EFR3A
0.00184125345920858	0.700780579345487	0.25	0.157	1	3	NCSTN
0.000321349171220343	0.69970803558914	0.391	0.268	1	3	RPS6KA3
0.00685982884264518	0.699021487463215	0.228	0.15	1	3	USP12
0.000348524158861888	0.697768059894459	0.315	0.199	1	3	ACO1
0.00363755013168157	0.697768059894459	0.201	0.121	1	3	ZNF148
0.00626702443238876	0.697768059894459	0.196	0.121	1	3	PRR14L
0.00841016858339484	0.697411178002499	0.25	0.172	1	3	NR6A1
0.00208280855626916	0.693093256391698	0.272	0.178	1	3	SLMAP
0.000758066203044344	0.692094851479265	0.272	0.167	1	3	GTF2F2
0.00574848727585857	0.692094851479265	0.25	0.168	1	3	GLB1
0.00970635433889596	0.689420717180939	0.283	0.206	1	3	GATAD2A
0.00953394702945639	0.686846773517113	0.25	0.174	1	3	GNA11
0.00588638255474573	0.685183724294468	0.239	0.158	1	3	ITGA4
0.00248173086693783	0.683161726709256	0.293	0.201	1	3	XPO1
0.0032059569334163	0.682811260281956	0.239	0.152	1	3	USP25
0.00919583073285496	0.682620885075598	0.402	0.321	1	3	PLPP3
0.00212068797251932	0.682225215776735	0.261	0.168	1	3	RUFY3
0.000260633522187435	0.681863366002857	0.446	0.327	1	3	ARRB1
0.00696271104655426	0.6815524738476	0.277	0.195	1	3	UQCC1
0.00327960663580858	0.681045820623467	0.332	0.236	1	3	SLC16A2
0.00295752940791213	0.679924805807076	0.245	0.156	1	3	LDLRAD4
0.00167444560910256	0.678787003723161	0.38	0.282	1	3	GNA12
0.00188726954740033	0.677448075514863	0.342	0.243	1	3	HECTD1
0.00750894575527165	0.677448075514863	0.217	0.142	1	3	CSTF3
0.00336419222569505	0.675188568332738	0.266	0.177	1	3	YME1L1
0.00597342739455023	0.674401199955999	0.217	0.139	1	3	PTPN1
0.00543893916864809	0.672211427148716	0.315	0.232	1	3	SRPK1
0.00561264084240721	0.671993645422755	0.304	0.221	1	3	CDK4
0.00156935014394343	0.670905229648091	0.283	0.182	1	3	HDLBP
8.41584350382845e-05	0.670561689929623	0.5	0.363	1	3	RASIP1
0.0017155719675379	0.669972954952716	0.315	0.213	1	3	UBE2Q2
0.00645912215658874	0.669274144069163	0.158	0.091	1	3	EVL
0.00413275747792562	0.66739441085094	0.25	0.164	1	3	MIER1
0.00966133346533473	0.666559759372127	0.304	0.222	1	3	WDFY1
0.00437269889164759	0.663562549259913	0.234	0.149	1	3	SLC44A1
0.0021477865786266	0.662100111181427	0.245	0.152	1	3	THSD1
0.000684634842417536	0.660769334368233	0.37	0.255	1	3	PLSCR1
0.00022255263400646	0.659422818898989	0.402	0.277	1	3	THOC2
0.000136899679252713	0.659287290947655	0.745	0.629	1	3	FLI1
0.0011436671979777	0.658832397347516	0.413	0.304	1	3	KALRN
0.00743335000189902	0.658832397347516	0.283	0.201	1	3	LOC138497172
0.00322388657930114	0.65766223340885	0.543	0.461	1	3	COL4A2
0.00383250823961366	0.655753004415544	0.261	0.172	1	3	MARCHF7
0.00514844275923894	0.653796807450218	0.283	0.196	1	3	CMIP
0.000372650420853843	0.652222099226689	0.315	0.198	1	3	PDPK1
0.00116206677241572	0.652222099226689	0.321	0.213	1	3	PIP4K2B
0.00462550981553091	0.651452866981919	0.326	0.234	1	3	NHERF2
0.0026907397213549	0.651452866981918	0.326	0.231	1	3	FNDC3B
0.00688834050583048	0.649472502853678	0.288	0.206	1	3	ATP6V0D1
0.000683616367247191	0.64716550857882	0.386	0.272	1	3	PTPN12
0.00423436863963933	0.646522393747967	0.5	0.432	1	3	ITGA6
0.000656017963855035	0.646083904605528	0.397	0.276	1	3	ASPH
0.00510409582369118	0.641378820807341	0.326	0.234	1	3	TP53BP2
0.00484107697458911	0.640453868032662	0.283	0.196	1	3	AP2A2
0.00923663217041289	0.640453868032661	0.212	0.138	1	3	BMAL1
0.000645257770521834	0.638172926781423	0.283	0.173	1	3	STK17A
0.00200562580582057	0.638118228480308	0.446	0.347	1	3	DBNL
0.00699474957285044	0.637647067456888	0.25	0.169	1	3	CSNK2A2
0.0023455753371402	0.636730456267394	0.598	0.529	1	3	ENG
0.00482765410735577	0.636614358006285	0.266	0.18	1	3	CMTM4
0.000191328268636299	0.636309380721376	0.467	0.349	1	3	XYLT1
0.00468942671753951	0.635111128957403	0.277	0.188	1	3	TNRC6A
0.0064835592686796	0.632535653639289	0.223	0.143	1	3	MBD2
0.00764622304983359	0.629321697116611	0.293	0.209	1	3	UBL3
0.00346899008772589	0.629199114517297	0.446	0.349	1	3	MYH10
0.0053201650670939	0.626944238839028	0.315	0.228	1	3	VCL
0.0092366300986686	0.624767758838685	0.288	0.208	1	3	FLOT2
0.00307912890572576	0.624673535866318	0.293	0.198	1	3	FRAS1
0.00423687361656784	0.62381011191279	0.326	0.233	1	3	SMAP1
0.00607116254318418	0.62330182666777	0.565	0.499	1	3	COL4A1
0.00557372045643017	0.622306521322402	0.397	0.31	1	3	ST3GAL2
0.00112475190856235	0.620629943515018	0.326	0.214	1	3	SLC4A11
0.00894099010113603	0.620629943515018	0.217	0.142	1	3	PLEKHO1
0.000563752122516664	0.620417130478484	0.462	0.348	1	3	TNRC6C
0.00986678750950939	0.619935616859655	0.201	0.129	1	3	MED4
0.000561384014275266	0.618554386461295	0.353	0.234	1	3	FRMD8
0.000911217879962843	0.616197944763267	0.435	0.325	1	3	RBM25
0.0047445412183334	0.609402688091764	0.299	0.208	1	3	RANBP9
0.00800866192884964	0.60801175550193	0.272	0.19	1	3	SMC3
0.00272924774243665	0.607315432090095	0.321	0.222	1	3	PPP1R13B
0.000371378545065447	0.603606670442505	0.587	0.499	1	3	NFIB
0.00121799296465895	0.602741452508686	0.315	0.206	1	3	COPB1
0.00249661521602213	0.601198096202223	0.451	0.369	1	3	ROBO4
0.00185669421176323	0.599364355833464	0.364	0.259	1	3	AKAP7
0.00700637079095722	0.597399963225012	0.462	0.388	1	3	CAMK1
0.00101756102103461	0.595184647335173	0.44	0.329	1	3	PSMD14
0.000442867581843505	0.59458365823374	0.56	0.439	1	3	PEA15
0.000418792325924387	0.589839676574758	0.44	0.312	1	3	NR3C1
0.00252127922237517	0.582961208659573	0.44	0.337	1	3	MRC1
0.00227482159416533	0.582548812084667	0.451	0.355	1	3	NCK1
0.0069334834291879	0.580373639480232	0.299	0.21	1	3	CUL3
0.00388272423230327	0.577912401963949	0.277	0.184	1	3	GALNT2
0.000269708158444207	0.57419864080701	0.647	0.569	1	3	COL5A2
0.00514988048113075	0.570295722745859	0.332	0.24	1	3	PMEPA1
0.00177457729828989	0.566416763126119	0.473	0.371	1	3	RBFOX2
0.00895864958559314	0.560137700235972	0.228	0.15	1	3	CPEB4
0.00552065139758373	0.551917193431004	0.402	0.298	1	3	MGAT4D
0.00850394546192874	0.551917193431004	0.293	0.208	1	3	DENND2C
0.00422705559990698	0.548385502460751	0.391	0.292	1	3	DAB2
0.000491907245964566	0.539093153073421	0.505	0.379	1	3	ITGA5
0.00648720166989192	0.538370661593056	0.266	0.179	1	3	FLII
0.00255979050402387	0.534977331009292	0.457	0.348	1	3	LRRC32
0.00548641034051205	0.534344563983054	0.397	0.301	1	3	STIM2
0.00526735990404288	0.531453090871288	0.326	0.232	1	3	CD164
0.00177480270335403	0.530855577903175	0.326	0.217	1	3	VPS35
0.00210970084571029	0.520553022521669	0.413	0.303	1	3	AP3D1
0.00361419322778836	0.512388829244367	0.043	0.013	1	3	LOC138472549
0.00682295609983243	0.505623541157069	0.245	0.159	1	3	MAP2K4
0.0056932440240982	0.484040675208157	0.62	0.57	1	3	KDR
0.0038674225099118	0.476866488169743	0.435	0.325	1	3	TCF12
0.00756149351978302	0.473914681429731	0.397	0.302	1	3	MAP7D3
0.00935145700771338	0.4536151198192	0.353	0.262	1	3	PARP12
0.000788474929517123	0.447675852240788	0.897	0.865	1	3	KRT5
0.00984923593841146	0.429626763627576	0.418	0.332	1	3	ADD3
0.00833295128084261	0.424537886954776	0.484	0.399	1	3	EIF5B
8.32954964409428e-05	0.419740549730043	0.359	0.226	1	3	LOC138472551
0.000251777320976862	0.412094223778111	0.87	0.825	1	3	LTBP1
0.0052017394622847	0.363331716235864	0.734	0.664	1	3	ICAM1
0.000405424618587501	0.162482279185365	0.652	0.542	1	3	S100P
0.00446814729004504	-0.176117150616437	0.766	0.891	1	3	CD63
0.00953474872300381	-0.179458100196976	0.495	0.617	1	3	HNRNPM
0.000901589194876796	-0.186236292972663	0.913	0.965	1	3	SUGP2
0.00466766186058073	-0.239648842822468	0.315	0.441	1	3	CD93
0.0088127291568764	-0.240184423110919	0.505	0.614	1	3	CD81
0.000644531705528464	-0.245542662120954	0.728	0.822	1	3	FSTL1
0.00192184855112905	-0.252323436989008	0.592	0.75	1	3	LMNA
0.000915825156816615	-0.281287854044497	0.81	0.906	1	3	MSN
0.00950619194379291	-0.316838273290743	0.516	0.601	1	3	RAP1A
0.000976173600437936	-0.33059508819534	0.571	0.697	1	3	ARF1
0.00488340914012321	-0.330725855930837	0.533	0.654	1	3	CTNNB1
0.00886705457366683	-0.342589677721682	0.321	0.428	1	3	DDX21
0.000120456003545372	-0.345234398977246	0.598	0.768	1	3	DDX5
0.000316894675789971	-0.348148102441374	0.571	0.72	1	3	FSCN1
0.00189457500716666	-0.351471713465962	0.402	0.532	1	3	SAFB
0.000707704264431864	-0.380789693981652	0.342	0.485	1	3	KDELR2
0.00549275185576991	-0.392941252376535	0.196	0.306	1	3	TSPAN13
0.00643983012215496	-0.39392703652209	0.386	0.5	1	3	PPP1CB
0.000585939171700047	-0.39561538667486	0.495	0.623	1	3	TARDBP
0.000782704231065476	-0.404493538021313	0.511	0.628	1	3	ITM2A
0.00108494959837692	-0.405125605957333	0.402	0.536	1	3	LAPTM5
0.00854701573423703	-0.41318801612281	0.283	0.383	1	3	YWHAH
0.00167210592506509	-0.413624940273921	0.527	0.636	1	3	GNB1
0.00161769038542984	-0.414608102017908	0.402	0.54	1	3	VCP
0.00330690904152615	-0.416650298732339	0.342	0.457	1	3	FUS
0.00388639385321878	-0.41711300254142	0.511	0.608	1	3	SPARC
0.000178677937881363	-0.421898874765341	0.467	0.621	1	3	TMED2
0.00331116618821688	-0.422816047958566	0.283	0.406	1	3	PSMB7
0.00100750434181753	-0.423652767748438	0.245	0.39	1	3	SERPINB6
0.00461644065569606	-0.424205704551056	0.37	0.479	1	3	FAM174B
0.000258543182422921	-0.427904924631366	0.364	0.53	1	3	CAP1
0.00014045602149421	-0.429504010409011	0.424	0.583	1	3	MATR3
0.00753194998211962	-0.435143750861498	0.234	0.33	1	3	NMRK2
0.000634332286844332	-0.440263302109697	0.565	0.684	1	3	RALB
0.00576963329279016	-0.440993381782677	0.212	0.315	1	3	CCT2
0.00345449203404733	-0.445826832628628	0.31	0.435	1	3	LSP1
0.00152259273163487	-0.446055125222014	0.332	0.466	1	3	BSG
0.00300293857480265	-0.45611118032493	0.429	0.537	1	3	PTBP1
0.00317527787556135	-0.462157991780719	0.386	0.504	1	3	ATP6V0C
0.0035246312653192	-0.463033148034968	0.315	0.426	1	3	RAP1B
0.00354623268722228	-0.463285213212666	0.245	0.361	1	3	AHCY
0.00588519212103177	-0.473617898676133	0.277	0.385	1	3	KRAS
0.0054185648249849	-0.478604751345892	0.332	0.433	1	3	UBE2D1
0.00102704662286679	-0.479109702189621	0.375	0.509	1	3	ACTR3
0.000114525169498781	-0.479791666296334	0.473	0.609	1	3	SFPQ
0.00241413203278388	-0.485837728564414	0.261	0.38	1	3	MACROH2A2
0.00847868156111037	-0.488008990981755	0.217	0.318	1	3	KARS1
0.00252687784642656	-0.492026154156593	0.397	0.504	1	3	EHD2
0.0005204002761237	-0.498139132363387	0.413	0.537	1	3	SPACA4
0.00373654044735054	-0.499429686569216	0.299	0.409	1	3	TMED7
0.000527107274129214	-0.499826381662994	0.342	0.484	1	3	EIF3J
0.000416976042280358	-0.500279017694425	0.37	0.512	1	3	EIF5
0.00179434799318135	-0.509194320872383	0.207	0.324	1	3	NOP56
0.000561475354418922	-0.509483351233139	0.391	0.518	1	3	PRKAR1A
0.000227356884452794	-0.511092604094796	0.353	0.509	1	3	LMNB2
0.00529568733338672	-0.512904807625238	0.321	0.421	1	3	HNRNPD
0.00991243018542549	-0.520032648448011	0.201	0.294	1	3	SH3GLB1
0.00647800720757068	-0.528648287872664	0.163	0.258	1	3	AKR1B1P5
0.000105183032809272	-0.530085319437844	0.429	0.581	1	3	ARPC2
0.000646108444157275	-0.533186374945413	0.293	0.433	1	3	SEC61A1
0.00620828889948899	-0.536270802416603	0.386	0.478	1	3	GPX1
0.000349186583007166	-0.539340551474066	0.255	0.409	1	3	DCDC2B
0.00992058409500932	-0.540906839573752	0.255	0.345	1	3	ADAMTS1
0.00392109762929723	-0.555212681275412	0.239	0.352	1	3	ANP32E
0.00971606410109676	-0.556212707063866	0.239	0.333	1	3	SFT2D1
0.00682989402178861	-0.558768604636632	0.245	0.34	1	3	ZFP36L1
0.000364254203793173	-0.559004620643325	0.245	0.39	1	3	GCA
0.000835816990655	-0.560557535827409	0.337	0.457	1	3	CAPZA2
0.000826603122750557	-0.561424279644941	0.348	0.471	1	3	UBE2D2
0.000549468465436748	-0.565348858738745	0.31	0.448	1	3	HMGB3
0.00384255781549257	-0.567254507546674	0.201	0.31	1	3	STIP1
0.00807845886255909	-0.573613688652855	0.147	0.236	1	3	SCPEP1
0.000259243626919969	-0.587146844306548	0.255	0.404	1	3	ELAVL1
0.000514731409869308	-0.587485863234413	0.272	0.406	1	3	H3-3B
0.00359722298963115	-0.58763415896779	0.201	0.304	1	3	ATF5
0.00266324126773642	-0.587807570235609	0.272	0.379	1	3	RAB1B
0.00497146468691261	-0.590262817528404	0.152	0.251	1	3	UBE2A
0.00184939808398729	-0.598108250573604	0.261	0.38	1	3	GSTP1
0.00552785996014357	-0.599024704643736	0.158	0.253	1	3	TXNDC9
0.00332609757985066	-0.600477883453732	0.217	0.323	1	3	CS
0.000204280900784804	-0.605462554692194	0.332	0.473	1	3	RAB1A
0.00778426016663535	-0.606512169173479	0.125	0.211	1	3	SUPT4H1
0.000314401673078004	-0.6093946777066	0.234	0.373	1	3	LOC138528606
0.000102663748227405	-0.611218642348669	0.304	0.453	1	3	ILF2
0.00340179129526696	-0.6113131554373	0.228	0.335	1	3	VPS29
0.00285902759922329	-0.613420538515656	0.152	0.256	1	3	COPZ1
0.00502882310814446	-0.614593143598544	0.185	0.285	1	3	JUN
0.00114302993112654	-0.615682755065065	0.332	0.441	1	3	PPP2CA
0.00242600048313834	-0.618007808011308	0.201	0.318	1	3	SMAD6
0.0013337479116706	-0.618007808011308	0.245	0.367	1	3	ITM2B
0.00308574314826067	-0.622009738568804	0.179	0.285	1	3	DAPL1
0.000909103403148893	-0.622220059298223	0.125	0.234	1	3	WIF1
0.00994670055467974	-0.627991896583931	0.152	0.238	1	3	CNPY3
0.00806098136813026	-0.628655052210817	0.141	0.228	1	3	EIF3D
0.000543561346595262	-0.630444911249531	0.337	0.466	1	3	PGAM1
0.00068160279662613	-0.632363100988378	0.348	0.474	1	3	TFPI2
0.00923583220660169	-0.63295814947728	0.158	0.245	1	3	AIMP1
0.00133920073823609	-0.633437848580914	0.283	0.401	1	3	HABP4
0.000997467668692824	-0.636965965715193	0.179	0.303	1	3	CCND1
0.00732376260027742	-0.644480019372499	0.25	0.338	1	3	PSMA1
0.00332186693104791	-0.652441305075182	0.092	0.184	1	3	PWP1
0.00617406149274561	-0.653197236473608	0.179	0.272	1	3	CDC37
0.00294889042416773	-0.654707912047127	0.136	0.238	1	3	CCN1
9.3951112592664e-05	-0.656277824939026	0.255	0.409	1	3	SPCS2
0.000368116064859422	-0.658300513959342	0.239	0.373	1	3	PDCD6
0.000306805704844733	-0.660627441949097	0.283	0.418	1	3	SRSF1
0.00314453449886116	-0.661430088302437	0.185	0.289	1	3	LOC138497270
0.00945077516552619	-0.663095697539847	0.136	0.22	1	3	ANP32A
0.00013600401515739	-0.665606188383708	0.245	0.395	1	3	CCT8
0.00265130974523035	-0.671731383875869	0.196	0.303	1	3	GSPT1
0.000415150454793534	-0.678863013398163	0.201	0.34	1	3	SRSF10
0.0019087530928722	-0.67981309248478	0.152	0.261	1	3	ETFB
0.000543346375825859	-0.68005618383024	0.391	0.513	1	3	PMP22
0.00734255546986785	-0.682858952361276	0.147	0.234	1	3	EIF2S1
0.00137161543284996	-0.683058357343057	0.25	0.366	1	3	GSN
0.00304639152349967	-0.685122003869845	0.228	0.33	1	3	ASS1
0.00116519071569802	-0.689840552772375	0.174	0.291	1	3	TKTL1
0.000828347019930936	-0.689922990133667	0.245	0.365	1	3	CCT4
0.00101277298836627	-0.708318579050116	0.212	0.331	1	3	IDH2
0.0093705382151648	-0.709348119549734	0.174	0.259	1	3	HDAC2
0.00125254404307384	-0.710401412318203	0.207	0.322	1	3	SNX3
9.71211009468213e-05	-0.716016011815629	0.212	0.364	1	3	RHEB
0.000128979195425244	-0.716117893461156	0.25	0.396	1	3	PSMA7
0.00163675411853837	-0.722116211352047	0.223	0.336	1	3	GSTM4
0.000768278118146163	-0.72225777000799	0.212	0.333	1	3	METAP2
0.00716584292124818	-0.724207211843234	0.163	0.251	1	3	GNG10
0.00109532681860975	-0.725241031336336	0.158	0.274	1	3	MRPL20
0.00365893825681711	-0.730482537269721	0.185	0.283	1	3	CNIH4
0.000168258903878337	-0.731875772569587	0.212	0.356	1	3	CALU
0.000266415749585908	-0.732624485566249	0.196	0.331	1	3	PKLR
0.00025832025546862	-0.733485025431244	0.185	0.323	1	3	U2AF1L4
0.000708391019945344	-0.733485025431244	0.125	0.243	1	3	NASP
0.000202211597778861	-0.735294696000259	0.413	0.534	1	3	SGK1
0.00764890926091977	-0.73632777520007	0.13	0.215	1	3	EMC7
0.0022009677721325	-0.738475328023251	0.163	0.267	1	3	SAT1
0.00218561320239994	-0.739494474933294	0.207	0.313	1	3	CSRP1
0.00433331857977827	-0.749252341289561	0.141	0.234	1	3	YAF2
0.000117966898660565	-0.752937388097417	0.239	0.384	1	3	AP2M1
0.000729815254843994	-0.753428017260754	0.158	0.278	1	3	UBE2D3
0.000458051891950948	-0.753891236093081	0.168	0.293	1	3	SCP2
0.00916140010835129	-0.755511331761243	0.098	0.175	1	3	LOC138491841
0.00749532880151225	-0.756205101931328	0.098	0.178	1	3	CCDC25
0.00602905956794624	-0.756298829073858	0.228	0.326	1	3	RHAG
0.000125148881511034	-0.760360731422639	0.207	0.35	1	3	CISD1
0.000696444427836403	-0.760360731422639	0.217	0.335	1	3	PSMB5
0.00154575326599784	-0.760673036877022	0.13	0.237	1	3	NR4A1
0.00179481253338257	-0.765027493942103	0.141	0.247	1	3	NDUFS7
9.12841587940023e-05	-0.767233816785785	0.245	0.393	1	3	HNRNPC
0.00277996085979841	-0.770010901456358	0.087	0.178	1	3	CSNK2B
0.00984210532794591	-0.770010901456358	0.12	0.198	1	3	CHMP2B
0.00194938276259917	-0.770010901456358	0.196	0.3	1	3	PFDN6
0.00450517447123054	-0.770010901456358	0.174	0.269	1	3	DNASE1L3
0.00718223741363756	-0.770010901456359	0.13	0.215	1	3	FKBP11
0.00857423791488644	-0.770010901456359	0.103	0.183	1	3	NFYB
0.000563220765607815	-0.774977154349708	0.125	0.241	1	3	LOC138515919
0.00143458065722482	-0.775549084997789	0.12	0.225	1	3	CLNS1A
0.000457610826085585	-0.778310224674845	0.245	0.37	1	3	SDCBP2
0.000407917070571426	-0.780041266593623	0.201	0.33	1	3	FKBP3
0.000501574647676322	-0.781983543122434	0.174	0.297	1	3	CAPZA1
9.59599662941715e-05	-0.784366194433428	0.255	0.4	1	3	DEK
0.00388480824500405	-0.787220191488581	0.12	0.211	1	3	NDUFA12
0.00234829685752526	-0.787932809453621	0.168	0.27	1	3	NDUFA2
0.00610705419104454	-0.788507245073748	0.13	0.218	1	3	LOC138527613
0.000836256445246866	-0.789376226323289	0.19	0.307	1	3	EIF3I
8.8862162317962e-05	-0.797375800627539	0.223	0.368	1	3	UBE2I
0.000714798704799707	-0.797794057969896	0.174	0.292	1	3	CDKN2AIPNL
0.000139161743612206	-0.79796496302736	0.223	0.363	1	3	TMEM109
0.000346556111491678	-0.798580053653129	0.228	0.354	1	3	FAM168B
0.000282655801517335	-0.800068135312538	0.174	0.306	1	3	XRN2
0.000404398948252488	-0.801337235650264	0.196	0.32	1	3	ATP6V0E1
0.00399887583695169	-0.803287056330657	0.152	0.246	1	3	EIF4EBP2
0.00812199386122638	-0.805634811187079	0.092	0.169	1	3	LAMTOR4
0.00308848676656768	-0.808830150346886	0.098	0.188	1	3	ARF6
0.000150769045031951	-0.809539265642996	0.255	0.392	1	3	EIF6
0.00102020542511754	-0.810652885953704	0.13	0.241	1	3	DPM1
0.000191440772604869	-0.821541202096441	0.255	0.386	1	3	GIMAP7
0.000415413137582957	-0.823122237915921	0.152	0.276	1	3	TIMM13
0.000210674055939227	-0.823591941661202	0.174	0.308	1	3	AK2
0.00107468978283527	-0.823591941661202	0.185	0.297	1	3	HEBP2
0.000219348879697613	-0.82734407652231	0.179	0.312	1	3	EIF2S3
0.00010382874161546	-0.831997788352059	0.196	0.338	1	3	NDUFA13
0.00204993479197319	-0.837410186741945	0.261	0.381	1	3	SELE
0.00318283552025197	-0.838029324885009	0.152	0.247	1	3	SNRPA
0.00340278421731254	-0.840400229347756	0.114	0.206	1	3	DNTT
0.00144047821357719	-0.84207486104001	0.217	0.323	1	3	MGST3
0.00572925064054622	-0.843667943181667	0.103	0.186	1	3	CUTA
0.0011682788508402	-0.845299028760596	0.141	0.249	1	3	PRELID1
0.00042858303537619	-0.847253900388819	0.201	0.323	1	3	DCUN1D5
0.00686691783410962	-0.848013413457632	0.082	0.158	1	3	COMMD5
0.000155391733146937	-0.851206984304339	0.179	0.313	1	3	FUBP1
0.00875658272717043	-0.854075166244832	0.065	0.135	1	3	GNL3
0.00231798823874687	-0.854075166244833	0.12	0.217	1	3	NDUFV2
0.00433894860953083	-0.856888352136325	0.13	0.221	1	3	PHLDA1
0.0052207735663921	-0.859896404973553	0.06	0.133	1	3	LOC138513954
0.00012360977807129	-0.860681260396422	0.179	0.318	1	3	GPI
0.00077593446802748	-0.869546575007273	0.136	0.248	1	3	LAMTOR5
0.00688570043935675	-0.87129423729354	0.114	0.196	1	3	MYDGF
0.00863840061000748	-0.872109089075094	0.071	0.142	1	3	LOC138481523
0.00198758192991056	-0.878717160898858	0.114	0.212	1	3	NDUFB9
0.00732960863813461	-0.879132623836471	0.147	0.229	1	3	TUBB2B
0.00696280653438198	-0.891026302417724	0.076	0.151	1	3	MRPL13
0.000340646541477234	-0.892867649241892	0.125	0.247	1	3	EIF3G
0.0029389032478739	-0.895541783540217	0.152	0.248	1	3	KLF2
0.000214916520109899	-0.895808924554014	0.234	0.359	1	3	PDAP1
0.00849905802062313	-0.899293918401325	0.082	0.155	1	3	EIF4EBP3
0.00660161538475285	-0.900595011266503	0.098	0.177	1	3	EIF4E2
0.000205153556669614	-0.903651785573894	0.168	0.298	1	3	ARPC1A
0.00108867554036048	-0.91275107357244	0.114	0.22	1	3	CNN3
0.00616877866354971	-0.914782425670333	0.092	0.171	1	3	RIDA
0.000368637834638363	-0.917568089870216	0.12	0.237	1	3	MTLN
0.00303376784439632	-0.919951528444516	0.109	0.199	1	3	LXN
0.00104229591701985	-0.925492166135349	0.147	0.255	1	3	NDUFB5
0.00140235772404714	-0.92681498116523	0.141	0.245	1	3	DPY30
0.000381486745541558	-0.927552178442838	0.12	0.236	1	3	ARPC5L
0.000445012395802712	-0.928514723818845	0.158	0.277	1	3	PPP1CA
0.00170471207779227	-0.929209496305612	0.125	0.224	1	3	LSM4
0.00276275076405658	-0.929209496305612	0.087	0.175	1	3	LOC138468101
0.00374777225718695	-0.929209496305612	0.087	0.171	1	3	BUD31
0.00714926260248906	-0.930475573649605	0.087	0.163	1	3	ATP6V1D
0.00190489483397159	-0.933509633739238	0.13	0.229	1	3	PPID
0.00298322989610612	-0.933509633739238	0.065	0.146	1	3	CARHSP1
0.000149022244455021	-0.935348633403019	0.13	0.259	1	3	EIF3M
0.00123159674687937	-0.937018419516376	0.109	0.21	1	3	ATOX1
0.00886878006881853	-0.942071647242662	0.076	0.147	1	3	LOC138569992
0.000826446815209877	-0.946888663540438	0.114	0.222	1	3	CHCHD1
0.0011226020286624	-0.946888663540438	0.114	0.218	1	3	CHMP5
0.000170053631229347	-0.953077002586737	0.174	0.304	1	3	VBP1
0.00248228853812158	-0.953077002586737	0.082	0.17	1	3	ATIC
0.0010659574281511	-0.957943852049433	0.114	0.218	1	3	LOC138467971
0.00069982022954901	-0.965141242788349	0.147	0.259	1	3	IFRD2
0.00782320765213495	-0.966811608890065	0.06	0.129	1	3	RAB33B
0.00634380281158957	-0.971644762626009	0.065	0.138	1	3	MDP1
0.000277324591125413	-0.974369399962545	0.098	0.216	1	3	DDT
0.00306722212058302	-0.975329809433865	0.082	0.167	1	3	DCTN6
0.00440836298738802	-0.979464267085308	0.082	0.162	1	3	MED31
0.00100325526829563	-0.986706592623282	0.12	0.223	1	3	TCIM
0.00909099241636569	-0.98945603874247	0.071	0.14	1	3	IK
0.000801936202678043	-0.992403322792806	0.103	0.209	1	3	CENPW
0.00302292249814562	-0.992403322792806	0.087	0.173	1	3	PCNP
0.0027121329812611	-0.998279889129476	0.092	0.182	1	3	SNAI2
0.00377844668131237	-1.00447615509338	0.082	0.164	1	3	YEATS4
0.0017517643367477	-1.00607825968988	0.087	0.18	1	3	BRIX1
0.000250867096796859	-1.00777854867972	0.114	0.234	1	3	SURF6
0.00204054042404348	-1.01286742535252	0.087	0.178	1	3	MRPL30
0.00134554109528347	-1.01393648434245	0.092	0.189	1	3	ADH5
0.0073794113735696	-1.01442962912281	0.054	0.122	1	3	LOC138488246
0.000136999511108561	-1.01576731585832	0.147	0.276	1	3	MCTS1
0.00566740277002933	-1.01576731585832	0.071	0.146	1	3	CHTOP
0.000360323487995961	-1.01727799143184	0.109	0.224	1	3	PDHA1
9.50140086849618e-05	-1.01744845223913	0.158	0.292	1	3	NDUFA3
0.00113287777032647	-1.02154966845232	0.109	0.209	1	3	MRPL23
0.00928225616872957	-1.02299164262623	0.06	0.126	1	3	DDX18
0.000269829835494761	-1.02339513725643	0.125	0.246	1	3	LOC138566743
0.00582406103221204	-1.02500798822473	0.076	0.152	1	3	COMMD8
0.000501545869615937	-1.02635065471614	0.082	0.186	1	3	NDUFA8
0.000131636126125169	-1.02858565909945	0.141	0.271	1	3	UQCRC1
0.00285229692832192	-1.03304530729015	0.06	0.14	1	3	PPARD
0.00456457137021781	-1.03826301656117	0.109	0.194	1	3	HES4
0.00417984245733634	-1.04103809804368	0.076	0.156	1	3	MPHOSPH6
0.00479419273269201	-1.04103809804368	0.076	0.154	1	3	LLPH
0.00141510724015786	-1.04712049250187	0.082	0.175	1	3	UBR7
0.000830180899656246	-1.05096721528741	0.103	0.207	1	3	PIN1
0.00498234426792772	-1.05215413023786	0.087	0.167	1	3	SQSTM1
0.00119164741056875	-1.05294486472786	0.087	0.184	1	3	DCTN3
0.000121235724483761	-1.05410692281798	0.217	0.356	1	3	CKB
0.000343319675326663	-1.05410692281798	0.071	0.177	1	3	PEF1
0.00203260459734679	-1.05541312031861	0.082	0.171	1	3	COPE
0.000206963334284626	-1.05689204924452	0.092	0.21	1	3	C11H11orf58
0.00171255893344521	-1.05689204924452	0.071	0.159	1	3	C10H22orf39
0.00906928577310905	-1.06505570219277	0.136	0.211	1	3	ATP6V1G1
0.00568412859263152	-1.06546678498253	0.049	0.118	1	3	EBAG9
0.00811044095162072	-1.06546678498253	0.054	0.12	1	3	LOC138515773
0.00337370646314935	-1.07257367147679	0.054	0.131	1	3	MESD
0.000442990373410474	-1.07257367147679	0.136	0.252	1	3	PIM1
0.00289984267490288	-1.07535611214812	0.071	0.153	1	3	NAA10
0.0019840379649758	-1.07743942664861	0.082	0.171	1	3	MRPL35
0.00024528449729624	-1.07813319681869	0.103	0.221	1	3	NHP2
0.00631232210315469	-1.08668327089223	0.054	0.123	1	3	C2PH11orf98
0.00492089518225369	-1.08749309131253	0.065	0.14	1	3	MGARP
0.000936586525008089	-1.09193899634372	0.103	0.206	1	3	LOC138582919
0.000946347643471381	-1.09497305643335	0.098	0.198	1	3	DHFR
0.000251736688492725	-1.09717564470987	0.103	0.221	1	3	GAR1
0.0021064031374124	-1.09717564470987	0.103	0.196	1	3	SNX10
0.000581783658222071	-1.09833676754187	0.092	0.197	1	3	THOP1
0.00110625700226044	-1.1020869517198	0.087	0.184	1	3	UFC1
0.0014226966765206	-1.10629428932079	0.076	0.168	1	3	LSM8
0.00337788745986154	-1.10759226065521	0.049	0.123	1	3	TEF
0.00663973466735651	-1.11104781929143	0.038	0.101	1	3	MRPL18
0.00083445427626295	-1.1190185304	0.098	0.199	1	3	UNC119B
0.00420034335323191	-1.12050814854049	0.076	0.155	1	3	DDIT4
0.0066484582600635	-1.13839830743638	0.054	0.122	1	3	AP3S1
0.00235367862635223	-1.1405737715946	0.071	0.155	1	3	TMEM141
0.000722867437790627	-1.14156976406832	0.076	0.175	1	3	TXNL1
0.00602113918268893	-1.14852252471009	0.038	0.102	1	3	BLOC1S6
0.00183770509895833	-1.14852252471009	0.071	0.158	1	3	PIGP
0.000573636399891419	-1.17054883104009	0.071	0.171	1	3	NDUFB10
0.000315216427803284	-1.17169884707618	0.098	0.209	1	3	NDUFB8
0.000370625875924527	-1.18883997989758	0.098	0.208	1	3	YIPF5
0.00231714178620222	-1.19403718396246	0.06	0.141	1	3	PRDX3
0.00632198377868865	-1.19702104240128	0.043	0.108	1	3	POLE4
0.00156631247070623	-1.2070747070652	0.065	0.152	1	3	AK6
0.000604354585908735	-1.20963403901348	0.082	0.183	1	3	NOP16
0.000124493885141426	-1.21236900673471	0.082	0.2	1	3	MRPL51
0.00155553585950032	-1.2152486385109	0.065	0.152	1	3	SDHAF4
0.000121346568586192	-1.22480610997294	0.082	0.2	1	3	C8H9orf78
0.00132689054885621	-1.22944252009366	0.054	0.14	1	3	NOL7
0.00742103549418325	-1.2424986729191	0.038	0.099	1	3	MRGBP
0.000409403460826811	-1.24855134304136	0.076	0.18	1	3	TIMM8A
0.0020484890632564	-1.2554377286266	0.038	0.113	1	3	RTCA
0.00335268027325543	-1.2554377286266	0.049	0.122	1	3	MPLKIP
0.00309228842004343	-1.2554377286266	0.033	0.101	1	3	SEPHS2
0.00366582205977644	-1.26570606408043	0.049	0.121	1	3	TAF9B
0.00308020825916546	-1.26826176898418	0.033	0.101	1	3	ZNF593
0.00667143857829896	-1.27350930154862	0.082	0.156	1	3	LFNG
0.000209317722864349	-1.29177957569032	0.065	0.173	1	3	SDHD
0.000272993771163363	-1.30274344340496	0.076	0.184	1	3	S100A1
0.00101650207427834	-1.30606380169657	0.06	0.149	1	3	MRPS33
0.0033607834274813	-1.31158080666413	0.043	0.115	1	3	VPS26B
0.000376483332648877	-1.31315322648289	0.071	0.173	1	3	WDR83OS
0.00991297234650236	-1.33885373681424	0.027	0.081	1	3	BRCC3
0.000140508038485051	-1.34854713301808	0.076	0.19	1	3	MRPS16
0.000489957595838314	-1.38953062421388	0.054	0.149	1	3	NDUFA7
0.00353253584622349	-1.39059731190824	0.038	0.107	1	3	MRPS12
0.00453750691460275	-1.39561538667486	0.033	0.096	1	3	TMEM106B
0.00271978593412336	-1.39709887785019	0.043	0.117	1	3	KIAA1143
0.00451987138115834	-1.40891220928832	0.033	0.096	1	3	SFT2D2
0.000350210354289363	-1.42536273006891	0.06	0.159	1	3	LOC138513412
0.00680184416177557	-1.43297591417879	0.027	0.084	1	3	LOC138567501
0.0026136046609755	-1.448082806569	0.033	0.102	1	3	CDC123
0.00968595030360389	-1.448082806569	0.027	0.081	1	3	SOX17
0.00155052611581056	-1.45931006199225	0.038	0.115	1	3	RPP25L
0.0083767438804128	-1.48370671629972	0.022	0.074	1	3	SLC25A6
0.00110435256254818	-1.48621793545577	0.027	0.103	1	3	NDUFS8
0.00159543892965822	-1.48621793545577	0.027	0.099	1	3	CHCHD10
0.000520921631586455	-1.48761117075563	0.043	0.133	1	3	LOC138566014
0.00467948128650481	-1.49247692592745	0.027	0.088	1	3	MIA
0.0069514768293778	-1.50119414302856	0.022	0.076	1	3	LOC138467972
0.000316307622906881	-1.50697649562256	0.06	0.16	1	3	LOC138459848
0.003367242521883	-1.52337093387323	0.033	0.099	1	3	GSTM2
0.000558934556315379	-1.53554564781934	0.043	0.133	1	3	LOC138450108
0.00384961627922021	-1.54962083303106	0.027	0.09	1	3	BANF1
0.000241524298186488	-1.55241946638373	0.049	0.148	1	3	PLAC9
0.00628662998245124	-1.55241946638373	0.022	0.077	1	3	DOHH
0.00519597305228845	-1.58558633031893	0.022	0.079	1	3	CFAP20
0.0001213138298724	-1.61800780801131	0.049	0.155	1	3	BOLA2
0.000308680153917302	-1.64072788451139	0.027	0.115	1	3	COPZ2
0.00904204389844473	-1.65753617219795	0.016	0.065	1	3	BOD1
0.000154884107036548	-1.67304917156927	0.049	0.152	1	3	SERF2
0.000558414186937784	-1.67415088604884	0.033	0.117	1	3	NIP7
0.000670662758568878	-1.67415088604884	0.033	0.115	1	3	MED28
0.0082101712493828	-1.67690149706488	0.016	0.066	1	3	H2BC15
0.000140734800341796	-1.67903724140887	0.043	0.146	1	3	CCDC86
0.000103737342070511	-1.70442255982878	0.043	0.148	1	3	GPA33
0.00558430523814181	-1.73348502543124	0.016	0.07	1	3	TMA16
0.00554732234831009	-1.78793280945362	0.016	0.07	1	3	COX7A1
0.00711658603288159	-1.79385764341073	0.005	0.049	1	3	CCL19
0.00637362927421825	-1.88548811887629	0.011	0.059	1	3	COA6
0.00577245374955739	-1.90751442520629	0.011	0.06	1	3	METTL6
0.000549063598189106	-1.92057057803174	0.022	0.1	1	3	MEPCE
0.000668335264314393	-1.93350963373924	0.022	0.098	1	3	LOC138488383
0.000272462043966457	-1.93993590289867	0.027	0.115	1	3	POLR2E
0.00471169066445481	-2.01286742535252	0.011	0.062	1	3	PIGBOS1
0.00094436786345991	-2.0627926506842	0.016	0.086	1	3	LOC138497360
0.00103902287169082	-2.07743942664861	0.016	0.085	1	3	FZD2
0.00286422573746574	-2.11104781929143	0.011	0.067	1	3	SMDT1
0.00752733866496257	-2.20297030873247	0.005	0.048	1	3	EBP
0.00752733866496257	-2.20297030873247	0.005	0.048	1	3	PAM16
0.00615781466386782	-2.22944252009366	0.005	0.05	1	3	LOC138527279
0.00680009082825122	-2.2554377286266	0.005	0.049	1	3	LAT2
0.00680009150042587	-2.28097282073374	0.005	0.049	1	3	LOC138503271
0.00411346980750483	-2.33072585593084	0.005	0.054	1	3	TIMM10B
0.00749659225309559	-2.33072585593084	0.005	0.048	1	3	CKS2
0.00411029197145504	-2.35497340217751	0.005	0.054	1	3	HTRA2
0.000632138959559237	-2.38668226190485	0.011	0.081	1	3	MRPL46
0.000996533426745201	-2.63790736544901	0.005	0.067	1	3	MRPL32
0.00978442154104225	-2.77001090145636	0	0.035	1	3	LYRM2
0.00798544401437948	-2.80563481118708	0	0.037	1	3	SH3BGRL2
0.00978525032169048	-2.80563481118708	0	0.035	1	3	LOC138521639
0.00978525032169048	-2.80563481118708	0	0.035	1	3	TDRKH
0.0043480422467663	-3.00267165824663	0	0.043	1	3	GAS1
0.00393057973967409	-3.09193899634372	0	0.044	1	3	ING1
0.00193526920218958	-3.2554377286266	0	0.05	1	3	SMIM27
0.000702007841148286	-3.53554564781934	0	0.059	1	3	LOC138549858
0.000123080239395668	-3.82312223791592	0	0.075	1	3	SMIM11
1.11714050831308e-24	0.611223789980571	1	0.967	1.37330082686927e-20	4	RPS8
2.9778032853083e-23	0.74759005868953	0.977	0.869	3.66061357862949e-19	4	RPL37A
5.86082378200625e-21	0.686638252055496	0.983	0.933	7.20471067522028e-17	4	NME2
1.88676310073752e-19	0.614046383519065	1	0.915	2.31939787973664e-15	4	RPS17
2.09474532676847e-19	0.588740752847388	1	0.917	2.57507043019648e-15	4	RPL38
3.82135620766271e-18	0.542987746851622	1	0.938	4.69759318607977e-14	4	RPL17
1.02521231952719e-17	0.575334132624557	1	0.924	1.26029350439477e-13	4	RPS29
3.12480277358332e-17	0.529126722583009	0.994	0.952	3.84132004956597e-13	4	EEF1G
3.72009802161459e-16	0.47113290042523	1	0.963	4.57311649797081e-12	4	RPL13
9.91137960284283e-16	0.458947441630409	1	0.969	1.21840589457747e-11	4	RPL26L1
1.02600565543872e-15	0.463021492352024	1	0.963	1.26126875223082e-11	4	RPL36A
1.6543832873799e-15	0.557154254253789	0.989	0.917	2.03373337517611e-11	4	RPS24
1.78276625935515e-15	0.606059359347462	1	0.993	2.19155456262528e-11	4	Fth1
2.78614992423566e-15	0.405684546670379	1	0.971	3.4250141018629e-11	4	RPL35
6.52591103627129e-15	0.540812245037369	0.994	0.887	8.02230243688829e-11	4	RPS25
7.05823525820554e-14	0.655322083529652	0.983	0.956	8.67668860291207e-10	4	S100A10
6.56745837883462e-13	0.416809892149792	1	0.956	8.07337658510139e-09	4	RPS26
9.3842610116296e-13	0.458224467402857	0.994	0.93	1.15360720615963e-08	4	RPL34
1.03761457387768e-12	0.40810575821201	1	0.936	1.27553959566783e-08	4	RPL31
2.68952147832805e-12	0.505666705330534	0.972	0.867	3.30622875330867e-08	4	RPL27A
6.27054139631452e-12	0.584338575584488	0.938	0.745	7.70837653848944e-08	4	RPL6
1.62655614726374e-11	0.488525188956649	0.989	0.834	1.99952547183132e-07	4	RPS5
3.26230588697158e-11	0.436739225790881	0.989	0.897	4.01035262685416e-07	4	RPL18
3.71679553948115e-11	0.42617701223955	1	0.934	4.56905675668417e-07	4	RPL28
4.93821629942191e-11	0.423507955672365	0.994	0.952	6.07054929687935e-07	4	EEF1A1
6.84585129183912e-11	0.379341939475319	1	0.991	8.41560499305783e-07	4	S100A11
8.76544571236952e-11	0.378186563984548	1	0.955	1.07753624142159e-06	4	RPL36
9.52066606728292e-11	0.427198614397982	0.989	0.938	1.17037547965109e-06	4	RPS6
9.79465072706768e-11	0.2977339738949	1	0.996	1.20405641387843e-06	4	LOC138582460
1.04264669394458e-10	0.367749279343488	1	0.97	1.28172558086607e-06	4	RPL21
1.59819132881779e-10	0.346265869713394	1	0.995	1.96465660051571e-06	4	COX2
3.11064837175528e-10	0.311335981399809	1	0.969	3.82392004339876e-06	4	RPS14
5.2195490664694e-10	0.66313823553758	0.864	0.687	6.41639166741083e-06	4	PPDPF
7.64792573357912e-10	0.366644991970721	1	0.952	9.40159510428881e-06	4	RPS19
8.58222319556375e-10	0.309561078154322	1	0.978	1.05501269743065e-05	4	RPL23
9.02312963868205e-10	0.474006862105349	0.938	0.813	1.10921332648318e-05	4	RPL23A
1.08672316247294e-09	1.01620701356172	0.369	0.167	1.33590878362798e-05	4	HMOX1
1.44497264209989e-09	0.289142683840845	1	0.985	1.7763048689334e-05	4	RPS15A
1.4823713320327e-09	0.353406655316206	0.994	0.941	1.8222790784678e-05	4	RPS10
3.63761821792753e-09	0.330709415397771	0.989	0.92	4.47172407529831e-05	4	RPL35A
3.7390826553963e-09	0.282632555210776	1	0.997	4.59645430827867e-05	4	FKBP2
3.82123798090747e-09	0.386972305748062	0.977	0.921	4.69744784992955e-05	4	RPS11
3.93715725521723e-09	0.328321938702186	1	0.968	4.83994741383854e-05	4	RPS9
3.97184594904317e-09	0.338433956442365	1	0.96	4.88259022515876e-05	4	RPL14
4.10909586008751e-09	0.497583245004729	0.903	0.815	5.05131154080557e-05	4	LOC138516040
5.69050074746687e-09	0.397570607174509	0.972	0.883	6.99533256886102e-05	4	RPL30
5.70902434384384e-09	0.322766707025877	1	0.955	7.01810362588724e-05	4	RPL19
5.86403013848158e-09	0.361083952404604	0.977	0.915	7.20865224923541e-05	4	RPS27A
6.44410574956334e-09	0.387070633136295	0.983	0.92	7.92173919793821e-05	4	RPS21
1.39184449417078e-08	0.353256386746704	0.983	0.915	0.000171099443668414	4	RPL15
1.44631001945945e-08	0.394010376008606	0.989	0.925	0.00017779489069215	4	RPL11
1.51392250887958e-08	0.335309397433129	0.994	0.946	0.000186106494016567	4	RPS7
1.84074838992825e-08	0.386803535198822	0.989	0.942	0.000226283199573879	4	LGALS4
2.66597799162895e-08	0.314919710357054	1	0.974	0.000327728674510947	4	RPS27
3.35667779281452e-08	0.749975981291746	0.625	0.444	0.00041263640107069	4	LOC138566164
3.37809599162965e-08	1.17457778837595	0.341	0.168	0.000415269340251033	4	PDIA3
4.7442056325864e-08	0.334328621485158	0.994	0.938	0.000583205198413847	4	RPL37
4.77833482338348e-08	0.279417753687793	1	0.972	0.000587400699838531	4	RPLP1
7.3072490117948e-08	0.415483799192476	0.915	0.774	0.000898280121019934	4	RACK1
7.35611393763916e-08	0.397917398944485	0.943	0.851	0.000904287086353982	4	RPS3
8.01824870326973e-08	0.577765896133318	0.688	0.459	0.000985683313092948	4	LOC138580806
9.2837452206773e-08	0.308930233585913	1	0.961	0.00114125079997786	4	RPL24
9.55893711593233e-08	0.346422557321478	0.972	0.888	0.00117508013966156	4	RPS16
1.02085404480851e-07	0.35649985079401	0.972	0.862	0.0012549358772831	4	EEF1B2
1.03810363920659e-07	0.26936153444675	1	0.983	0.00127614080367666	4	RPL32
1.36878606994516e-07	0.302102827736853	1	0.941	0.00168264871578359	4	RPS20
1.80455319071617e-07	0.307778999664173	1	0.938	0.00221833723734739	4	RPL13A
3.10184890177258e-07	-0.688782379162833	0.773	0.558	0.00381310285494904	4	HBB
3.51555621674637e-07	0.624740419509498	0.784	0.649	0.00432167325724632	4	TMEM176B
4.80940069427928e-07	0.261286164696273	1	0.979	0.00591219627347752	4	RPLP2
5.08361746725061e-07	-1.05123390728978	0.432	0.606	0.00624929095249118	4	INSR
5.20812651577281e-07	0.315200470266948	0.994	0.951	0.00640234992583952	4	RPL10
5.25034850790845e-07	0.316976965108177	0.983	0.925	0.00645425342077186	4	RPS13
5.28390064544971e-07	0.281295078163486	0.994	0.926	0.00649549906345133	4	RPL12
6.06353410490523e-07	0.280073974948049	1	0.994	0.00745390247515999	4	TMSB4X
6.405624078863e-07	0.522713875132476	0.699	0.486	0.00787443368014628	4	CST3
7.38253814248445e-07	0.598837812957068	0.597	0.396	0.00907535413855613	4	TUSC3
9.29646804233247e-07	0.270838359101665	1	0.97	0.0114281481644393	4	RPS28
1.11136881384884e-06	0.350946692935576	0.926	0.81	0.0136620568286437	4	RPL18A
1.38867336604076e-06	0.316628933591064	0.938	0.895	0.0170709616887391	4	RPS4X
1.82291798925684e-06	0.36740947327094	0.932	0.806	0.0224091308419344	4	RPL22L1
1.83056193592626e-06	0.977325377173085	0.318	0.167	0.0225030978783415	4	GPX3
2.48944328622357e-06	0.313944826776245	0.983	0.877	0.0306027263175464	4	RPS3A
2.49349480877656e-06	1.18929929408271	0.216	0.095	0.0306525316842902	4	LOC138582574
2.61454691882567e-06	0.524342888760334	0.699	0.521	0.032140625273124	4	EEF1D
2.73587004703089e-06	0.495872802349559	0.812	0.625	0.0336320504881507	4	ATP5IF1
4.1428826666052e-06	0.39859853385917	0.926	0.832	0.0509284566205777	4	RPL9
5.14020690948008e-06	0.334984247712809	0.955	0.88	0.0631885635382386	4	RPL22
5.17395259573904e-06	-0.632638951119328	0.597	0.406	0.0636033992594201	4	HBBP1
6.26509176311004e-06	0.256563246053648	0.994	0.966	0.0770167730439118	4	CYTB
6.36316589210874e-06	0.238150279909583	1	0.953	0.0782223983116927	4	RPS12
7.20208826667545e-06	0.53511275436776	0.847	0.714	0.0885352710622413	4	CAPG
8.54116307240259e-06	0.601467314890989	0.347	0.189	0.104996517649045	4	CLCA1
8.6752979363113e-06	2.62670460639001	0.051	0.008	0.106645437531075	4	FBLN5
8.88244979021171e-06	0.223591420407518	1	0.983	0.109191955271073	4	RPS2
9.02967949552045e-06	1.52361111342591	0.136	0.05	0.111001850038433	4	COX7A1
9.55193692514449e-06	0.426583004311543	0.955	0.882	0.117421960620801	4	PFN1
9.69764904304712e-06	0.303312589468477	0.966	0.863	0.119213199686178	4	RPL2
1.03680227714755e-05	1.14996736192591	0.432	0.274	0.127454103929749	4	LOC138472538
1.07547746063785e-05	1.57012107802364	0.131	0.047	0.132208444236211	4	TSSC4
1.0932626758241e-05	0.408845127883998	0.801	0.667	0.134394780739057	4	RPL4
1.11662975862496e-05	0.30755805807295	0.96	0.883	0.137267296227767	4	RPL3
1.17517824136857e-05	0.91210682525226	0.278	0.143	0.144464661211439	4	SRGN
1.29308560218857e-05	0.359193639347532	0.801	0.7	0.158959013077041	4	CSTB
1.30210855676436e-05	0.241417719376384	1	0.97	0.160068204883043	4	RPS18
1.35252537195895e-05	-0.878823426836739	0.261	0.429	0.166265943974913	4	USP9X
1.47461298875542e-05	1.11086646632368	0.449	0.299	0.181274174707703	4	LOC138472541
1.59690352420335e-05	0.948632701277374	0.21	0.098	0.196307350230318	4	MAFB
1.70984563535745e-05	0.857317534531428	0.21	0.098	0.210191323954492	4	ITGB3
1.81774994873874e-05	0.470538932632597	0.693	0.518	0.223456001198453	4	GSTM1
1.94222251890799e-05	3.94863270127737	0.023	0.001	0.238757414249359	4	LOC138491739
1.98736193245454e-05	0.496416577185044	0.648	0.481	0.244306402356636	4	SSR2
2.08646000630658e-05	0.271034086022988	1	0.925	0.256488528575268	4	RPS15
2.12014385738924e-05	0.323984620106047	0.949	0.862	0.26062928438886	4	ATP5MC2
2.24994333636548e-05	0.440906693843891	0.727	0.569	0.276585534339408	4	RPL5
2.32968676938889e-05	0.784320466313458	0.494	0.357	0.286388394560976	4	LOC138487737
2.3865594931098e-05	0.353491796535678	0.92	0.868	0.293379758487988	4	RAC1
2.65956263727726e-05	0.212432947000589	0.994	0.972	0.326940035000493	4	FAU
3.05547332340338e-05	0.243451266039489	1	0.983	0.375609335645978	4	ANXA1
3.2552451498407e-05	1.13193991464043	0.176	0.078	0.400167286269918	4	SNX17
3.32276092188858e-05	0.386306396999248	0.705	0.534	0.408467000127763	4	S100P
3.5213524791094e-05	0.557865730062014	0.682	0.52	0.432879860256919	4	KRT19
3.5430386612563e-05	0.889739012223806	0.136	0.053	0.435545742628237	4	TCN1
3.5805576592874e-05	-0.760318516719235	0.438	0.575	0.440157953056201	4	CRIM1
3.6748348102683e-05	1.58406026898152	0.165	0.072	0.451747443226282	4	LOC138472543
3.8662194952501e-05	0.320875735577401	0.972	0.904	0.475274362551095	4	ANXA2
4.83163775143006e-05	2.12420426586083	0.062	0.015	0.593953228783298	4	METTL13
4.89475178673858e-05	-0.560783855945312	0.398	0.556	0.601711837143773	4	GRB10
4.99718726655645e-05	0.862771964623536	0.205	0.098	0.614304230677784	4	SEMA3A
5.01471017199641e-05	-0.671848980123542	0.352	0.506	0.616458321443519	4	NOS3
5.04923365307371e-05	0.534258357625417	0.352	0.213	0.620702292972352	4	FN1
5.53596722885151e-05	0.593073828508732	0.494	0.338	0.680536451442716	4	EIF3K
5.64021896035183e-05	0.599809379326952	0.364	0.223	0.69335211679605	4	SELENOP
5.9089320621611e-05	-0.958257894331144	0.222	0.374	0.726385018401464	4	PCDH1
6.38390907346781e-05	0.501609386408479	0.591	0.422	0.784773942401398	4	GMFG
6.42273957323712e-05	-0.873560729755863	0.182	0.331	0.789547375738039	4	BICD2
6.44061411866454e-05	0.441411203524495	0.648	0.468	0.791744693607432	4	ATP5MG
6.74129744995676e-05	0.528140771906422	0.455	0.298	0.828707695523185	4	GSTM4
6.83773144749466e-05	0.622702675832516	0.438	0.286	0.840562326840519	4	NSA2
7.2383644162477e-05	2.47470151294496	0.045	0.008	0.889812137689329	4	SULT1B1
7.3612352375318e-05	0.654011952385747	0.375	0.232	0.904916647749784	4	PERP
7.55065602780519e-05	-0.6547754667646	0.398	0.559	0.928202145498092	4	ARL15
7.68608476799478e-05	2.08613622502731	0.057	0.013	0.944850400529599	4	BLOC1S3
0.000440821551684262	4.21166710711117	0.011	0	1	4	CCDC112
0.000440821551684262	4.21166710711117	0.011	0	1	4	ZSWIM2
0.00041433861449277	3.94863270127737	0.017	0.001	1	4	LOC138581006
0.000416129721658533	3.62670460639001	0.017	0.001	1	4	PRTN3
0.000931015511794266	3.21166710711117	0.023	0.003	1	4	FABP1
0.00833727654221191	3.21166710711117	0.011	0.001	1	4	LOC138525629
0.00833727654221191	3.21166710711117	0.011	0.001	1	4	LOC138580183
0.00833727654221191	3.21166710711117	0.011	0.001	1	4	LOC138481608
0.00290116787641835	3.04174210566886	0.017	0.002	1	4	LOC138521247
0.00290116787641835	3.04174210566886	0.017	0.002	1	4	TNNC1
0.00290116787641835	3.04174210566886	0.017	0.002	1	4	ZFAND1
0.00290116787641835	3.04174210566886	0.017	0.002	1	4	ZNF488
0.00290116787641835	3.04174210566886	0.017	0.002	1	4	GCKR
0.000298985884053319	2.88973901222381	0.028	0.004	1	4	ANKEF1
0.000296102875654165	2.43405952844762	0.034	0.006	1	4	GAS2
0.0024459219444443	2.40431218505356	0.028	0.006	1	4	LOC138513678
0.00803515557052315	2.36367020055622	0.023	0.005	1	4	FAM107A
0.00803515557052315	2.36367020055622	0.023	0.005	1	4	KIF26B
0.00803515557052315	2.36367020055622	0.023	0.005	1	4	LOC138534214
0.00803515557052315	2.36367020055622	0.023	0.005	1	4	SLC41A1
0.000530430007465835	2.33719798919503	0.04	0.008	1	4	C8H10orf88
0.00350888607919398	2.21166710711117	0.045	0.014	1	4	CYP26B1
0.00534535099816078	2.21166710711117	0.028	0.006	1	4	EPCIP
0.00534535099816078	2.21166710711117	0.028	0.006	1	4	FAHD1
0.00110048579491667	2.16727298775271	0.04	0.009	1	4	IL17RD
0.00338218223418967	2.11213143356025	0.034	0.008	1	4	ADAMTS2
0.00540041158681852	2.04174210566886	0.028	0.006	1	4	OSGEP
0.00618969603801067	1.97462790981032	0.034	0.009	1	4	TTCF
0.00369044748028048	1.92626488824892	0.04	0.011	1	4	IER5
0.000461609730705101	1.916211223585	0.057	0.016	1	4	STOML1
0.00212737758963419	1.88973901222381	0.04	0.01	1	4	C13H1orf162
0.00948718866391374	1.88973901222381	0.04	0.013	1	4	NEIL1
0.00130005340268883	1.86116986002703	0.051	0.015	1	4	ACOT8
9.77481145528149e-05	1.84909702772646	0.074	0.021	1	4	SARS2
0.00207934792372262	1.83820871158372	0.051	0.016	1	4	RAB11FIP4
0.000454936198959847	1.81934968433241	0.062	0.018	1	4	HSD17B14
0.000454936198959847	1.81934968433241	0.062	0.018	1	4	LOC138516243
0.00373446340400259	1.81934968433241	0.04	0.011	1	4	GNMT
0.00613577567314662	1.81934968433241	0.04	0.012	1	4	CDK5RAP1
0.000361837781772607	1.79662960783232	0.045	0.01	1	4	ABTB3
0.00359071853828709	1.79662960783232	0.045	0.014	1	4	SGSM1
0.000149360460940832	1.67561420687096	0.08	0.025	1	4	ALG2
0.000113312370857906	1.66147002455069	0.102	0.037	1	4	CZIB
0.00492526101576062	1.62670460639001	0.051	0.017	1	4	MIIP
0.00568970905439946	1.62670460639001	0.045	0.015	1	4	PRLR
0.00846634220562613	1.62670460639001	0.045	0.016	1	4	PLA2G4C
0.00846634220562613	1.62670460639001	0.045	0.016	1	4	RPUSD3
0.000281950752745346	1.62670460639001	0.085	0.029	1	4	MPST
0.00113606397374801	1.62670460639001	0.062	0.02	1	4	LOC138520867
0.00278832155620484	1.57607853332004	0.068	0.026	1	4	KLRD1
0.00248323692011829	1.55270402494624	0.085	0.036	1	4	ASRGL1
0.00855936030461352	1.54870209438874	0.045	0.016	1	4	FOXP4
0.00627236117981662	1.53924176513967	0.04	0.012	1	4	ALOX15B
0.00350075660369442	1.51122738897008	0.062	0.023	1	4	SDHAF3
0.00424742355006859	1.50117372430615	0.057	0.02	1	4	B3GNT7
0.0086721694197393	1.48920108264008	0.062	0.026	1	4	C1QC
0.000175028573371181	1.47986321806074	0.074	0.022	1	4	ALOX5AP
0.0016995917210469	1.47986321806074	0.074	0.028	1	4	ASPHD2
0.00486676764115526	1.46916332940353	0.062	0.024	1	4	IGFBP2
0.0001478463249307	1.44228003525258	0.114	0.044	1	4	CERS2
0.00828551369994516	1.44228003525258	0.057	0.022	1	4	OXLD1
0.000359928833098715	1.43405952844762	0.142	0.067	1	4	CLU
0.000414823045276959	1.42507074522036	0.097	0.037	1	4	BBC3
0.00141827012566901	1.41440100267715	0.125	0.061	1	4	LOC138577431
0.00669003317975496	1.40431218505356	0.062	0.025	1	4	ZMYM1
0.0074313048849971	1.36367020055622	0.051	0.018	1	4	BNC1
0.00494883031351579	1.35821577046411	0.097	0.046	1	4	LOC138472546
0.00677473517202718	1.3536861119836	0.062	0.025	1	4	ZNF343
0.000465636250388547	1.33124872286384	0.114	0.048	1	4	TMEM205
0.00618890586747487	1.33124872286384	0.057	0.021	1	4	COX4I2
0.000467610602004779	1.31858231102768	0.108	0.044	1	4	PACRGL
0.00016783124463498	1.31636448577786	0.119	0.048	1	4	DPP4
0.00909546044418927	1.30477651150265	0.062	0.026	1	4	BEND5
0.000288795716732431	1.29110157460557	0.114	0.046	1	4	MCM5
0.000936951027388992	1.28275020517265	0.119	0.054	1	4	CTSS
0.0080070491311502	1.27306765177531	0.142	0.081	1	4	LOC138472542
0.000813257459290236	1.24819298313628	0.108	0.046	1	4	MRPS7
0.00452371383612161	1.24819298313628	0.08	0.034	1	4	DHRS13
0.00444033231166955	1.24204075615469	0.085	0.038	1	4	FLRT3
0.00050116138005715	1.22815522989974	0.119	0.052	1	4	MARS1
0.000124072836606408	1.22616667680628	0.233	0.126	1	4	LOC138472547
0.00440396472238384	1.22460616281867	0.074	0.03	1	4	CCDC138
0.00944689162674832	1.22460616281867	0.074	0.033	1	4	SLC25A33
0.000208462081062278	1.20770038742524	0.438	0.299	1	4	LOC138472539
0.00446663595086651	1.18613201500403	0.074	0.03	1	4	MFAP2
0.00208417659560491	1.17924562941879	0.057	0.018	1	4	FYB1
0.00466035668487114	1.16727298775271	0.085	0.038	1	4	SNRNP40
0.000575995757656315	1.16304840189099	0.205	0.111	1	4	LOC138472540
0.00191927316714263	1.15026656244703	0.119	0.057	1	4	BTBD1
0.00305867012982846	1.13193991464043	0.114	0.055	1	4	ANKS3
0.0096215231505993	1.12920494691919	0.074	0.033	1	4	VWA7
0.00549006216699168	1.12420426586083	0.097	0.046	1	4	METTL6
0.000445608169009498	1.11890996619132	0.159	0.078	1	4	UTP11
0.0003425240874271	1.10964617017066	0.153	0.073	1	4	MVB12A
0.0086441567702752	1.09327240630894	0.091	0.044	1	4	THSD4
0.00703442964548989	1.0823840901662	0.062	0.025	1	4	PARM1
0.00920455911915313	1.06598965191553	0.102	0.052	1	4	CD59
0.00166507802087294	1.06376841199886	0.119	0.056	1	4	GALNT11
0.00898569233347395	1.06280372119669	0.114	0.061	1	4	LOC138452633
0.0091226447980114	1.04174210566886	0.114	0.061	1	4	ASF1A
0.0023178049091157	1.03060154806366	0.159	0.086	1	4	AVD
0.000469739796254319	1.02580056179983	0.165	0.082	1	4	MRPL21
0.000573741113662165	1.01665112470603	0.17	0.087	1	4	SEMA5B
0.00378239718108312	0.998673383776969	0.119	0.06	1	4	TRAPPC4
0.00320327400783125	0.979006350320893	0.119	0.059	1	4	PLAUR
0.000792052332794775	0.973029355584841	0.199	0.11	1	4	MRPS18B
0.000982882771890684	0.962670534677657	0.25	0.154	1	4	HMGA1
0.00990873949254738	0.943894782270711	0.102	0.052	1	4	ANKMY2
0.00113207522887962	0.942206432117941	0.205	0.118	1	4	IK
0.00755982186503539	0.940813196818075	0.119	0.063	1	4	DPHD
8.39233015856936e-05	0.933365944624064	0.227	0.118	1	4	STEAP1
0.00990736555079082	0.931559187918432	0.114	0.061	1	4	NAPA
0.00447747655667265	0.930096749839947	0.142	0.077	1	4	KLF5
0.000800814271172561	0.92626488824892	0.17	0.088	1	4	PRKCSH
0.00433959062966488	0.920989946208246	0.199	0.122	1	4	ZCCHC9
0.0096982819290833	0.894900717339584	0.142	0.082	1	4	SCOC
0.00295498363506746	0.894400389593669	0.159	0.087	1	4	LOC138521139
0.000148237444149641	0.892106026767722	0.29	0.173	1	4	MRPL52
0.00405347389624797	0.886856503690685	0.188	0.112	1	4	ELN
0.00146073827148655	0.885400076499468	0.449	0.349	1	4	GSTP1
0.000407166716879139	0.881961661632086	0.205	0.109	1	4	RABAC1
0.00654789508789236	0.876682859398359	0.165	0.098	1	4	TTLL12
0.00203865180589859	0.871817104226543	0.165	0.089	1	4	TREX2
0.00250131590623051	0.858520281613086	0.17	0.095	1	4	PSME2
0.00342202651555535	0.853861975895209	0.352	0.257	1	4	APCS
0.00563832140024821	0.851410893564706	0.142	0.078	1	4	TMEM106B
0.00112883560768822	0.841209118296147	0.205	0.116	1	4	PPARD
0.00104023030265114	0.839008210102876	0.307	0.198	1	4	LOC138562538
0.000998427103325565	0.836157972018961	0.199	0.11	1	4	POP4
0.00103368389757825	0.829197470288755	0.176	0.094	1	4	SNCA
0.00790622793414893	0.826474118765789	0.153	0.089	1	4	COX14
0.00734087516477831	0.822624816365269	0.205	0.132	1	4	SLC7A8
0.00270665531888542	0.819349684332408	0.188	0.109	1	4	LOC138450108
0.00447429490117962	0.813117730620893	0.159	0.09	1	4	CD209
0.00330776362069246	0.812260259546089	0.159	0.087	1	4	ABTB1
0.00814259904209723	0.806525643974824	0.165	0.098	1	4	MTRFR
0.00198152492817783	0.804702908368006	0.25	0.156	1	4	TYROBP
0.000319879319294271	0.804163280517732	0.273	0.162	1	4	PUM3
0.00655284231998401	0.774803245379146	0.193	0.12	1	4	ALDH5A1
0.00978638827857285	0.77426179480387	0.176	0.109	1	4	CNDP2
0.00954048874236306	0.76872361126244	0.17	0.104	1	4	C2PH11orf98
0.00119157076310327	0.768723611262439	0.216	0.124	1	4	MYCBP
0.00124952409709126	0.766107663055429	0.205	0.116	1	4	CERS3
0.00131817856954922	0.752235488473871	0.239	0.144	1	4	ATIC
0.00827830285631947	0.748695130768622	0.188	0.117	1	4	ANKZF1
0.00340074415668816	0.741163330974927	0.267	0.175	1	4	TKT
0.00156847222075666	0.738125889058435	0.205	0.117	1	4	PGM3
0.00717166103751757	0.735410865832512	0.17	0.101	1	4	LOC138515773
0.00150686640556135	0.732573241496835	0.267	0.169	1	4	C8H9orf78
0.00958884975457269	0.730540417374552	0.097	0.048	1	4	SEMA3D
0.00188791022974853	0.721341480528087	0.295	0.197	1	4	PRDX4
0.00579458290649261	0.719814010781493	0.193	0.118	1	4	FKBP14
0.000256551807926873	0.717068634042676	0.335	0.213	1	4	PTP4A2
0.0007777470460411	0.715971944487099	0.267	0.162	1	4	SLC25A20
9.48251501722695e-05	0.698043388110274	0.301	0.173	1	4	PSME1
0.00236646927532441	0.695967268827125	0.239	0.148	1	4	SDR16C5
0.000435645709412501	0.687246148325063	0.33	0.21	1	4	CD53
0.00861267441829894	0.686647146846294	0.216	0.139	1	4	CCDC85B
0.00733936615483361	0.682661012364027	0.233	0.153	1	4	TMEM248
0.00872440549648138	0.681846160582473	0.205	0.131	1	4	NDUFV3
0.00483957017575439	0.681447570984444	0.244	0.159	1	4	GCSH
0.00968317295197852	0.676745288889607	0.216	0.141	1	4	NIFK
0.00624487198888215	0.670647953977609	0.244	0.162	1	4	SLC3A2
0.0095729004075073	0.667346590887358	0.193	0.121	1	4	LOC138481523
0.00016047183175475	0.666232970576649	0.722	0.631	1	4	LGALS1
0.0039547351110333	0.661470024550688	0.227	0.142	1	4	MAPKAPK2
0.0002345174446708	0.660213868580263	0.438	0.308	1	4	NDUFB7
0.00113845463953741	0.65055134834438	0.295	0.19	1	4	CNN3
0.00918029537362921	0.649424682890095	0.244	0.165	1	4	NOP53
0.00196974826358803	0.64895741323714	0.256	0.159	1	4	PHF14
0.00900673804148014	0.647463166556809	0.17	0.102	1	4	CDH1
0.00130812990223917	0.647463166556809	0.318	0.208	1	4	CCNG1
0.000332560164104502	0.644626514387274	0.381	0.251	1	4	DAPL1
0.000869079318245331	0.637675724211015	0.33	0.213	1	4	DPY30
0.00285438040856085	0.63735185058952	0.318	0.219	1	4	TMEM128
0.00135669877298881	0.63531773669472	0.375	0.264	1	4	MDH2
0.00870888802146385	0.634398998180013	0.239	0.159	1	4	SDHB
0.000222368081605376	0.633337698722459	0.466	0.325	1	4	PSMA6
0.000124578732229945	0.612537274463418	0.625	0.484	1	4	CSF1
0.00476219001873527	0.61175426492404	0.25	0.162	1	4	PRKRA
0.00587801520806478	0.611107751338994	0.318	0.226	1	4	POLR2L
0.00921612122037018	0.610402794060911	0.307	0.222	1	4	SNRPA
0.000743083288954605	0.607845579138696	0.307	0.191	1	4	ANP32A
0.000798576626495802	0.604968676738717	0.58	0.466	1	4	CTSL
0.00543059729409918	0.599737558789743	0.273	0.183	1	4	ATOX1
0.00540751151542093	0.592058463583121	0.341	0.248	1	4	RALBP1
0.00539501030777406	0.585363811009112	0.239	0.153	1	4	CSNK2B
0.00310543713073595	0.583818793536836	0.273	0.178	1	4	LOC138582919
0.0023761276221243	0.581658126613077	0.494	0.387	1	4	LOC138521839
0.00310235631034572	0.580410954116077	0.335	0.234	1	4	ARL6IP5
0.00567540486480601	0.576078533320044	0.25	0.164	1	4	BTBD9
0.00509819574041391	0.574448369258588	0.301	0.207	1	4	MTLN
0.000351433558903097	0.570121078023645	0.443	0.31	1	4	OSTC
0.000322716718142185	0.568601651826444	0.364	0.232	1	4	ATP6V1B2
0.0096054381382359	0.566923378064595	0.312	0.227	1	4	TXNDC9
0.00764723069408421	0.550937098772047	0.267	0.18	1	4	COMMD10
0.000706241128261356	0.537173384798443	0.409	0.28	1	4	GPI
0.00196342418981647	0.535074130924444	0.318	0.208	1	4	SCPEP1
0.000541857515185184	0.531636348960474	0.67	0.581	1	4	SPARC
0.00396369457001261	0.531021258334704	0.528	0.421	1	4	FCN1
0.00273854216661555	0.530780186391477	0.386	0.278	1	4	EIF2S3
0.000145159865740851	0.52654044446458	0.568	0.412	1	4	CTSB
0.00511724683350507	0.525343891430771	0.352	0.256	1	4	TMEM65
0.00877808601275075	0.507868376880161	0.386	0.295	1	4	C2PH19orf33
0.00780777197233167	0.506610760899706	0.335	0.241	1	4	FAM32A
0.0048186492358283	0.50237647138781	0.369	0.269	1	4	EIF3H
0.000501306243205578	0.501577218936357	0.568	0.443	1	4	CNIH1
0.00382257000655782	0.500440833743839	0.398	0.291	1	4	HINT1
0.000720937998711464	0.499731750132246	0.534	0.397	1	4	SOD1
0.000514357569311451	0.495577103737732	0.545	0.413	1	4	ANXA4
0.0098188140567289	0.493679187759229	0.239	0.157	1	4	ALDH9A1
0.00164902986200996	0.483746652547969	0.102	0.045	1	4	LOC138528541
0.00498734838969028	0.479322173598788	0.415	0.306	1	4	PHF5A
0.00346325147495612	0.477389884622986	0.398	0.292	1	4	DAB2
0.00434905855401616	0.47204636160101	0.438	0.323	1	4	ATP5PB
0.000312335505810744	0.469072881139129	0.722	0.618	1	4	TPM2
0.000227841645452842	0.462728871278886	0.778	0.642	1	4	B2M
0.0017458076875069	0.460346219967892	0.545	0.425	1	4	CCT5
0.000362333293410119	0.459697088329994	0.619	0.493	1	4	TMEM258
0.000241110676398852	0.438295866516225	0.489	0.33	1	4	MRC1
0.00563513580551922	0.435434702549344	0.562	0.484	1	4	SEC61G
0.00220803208718981	0.428955922723379	0.648	0.525	1	4	MIF
0.000134285021746507	0.424253701426252	0.807	0.703	1	4	SNRPE
0.00488682337941185	0.420039058132681	0.489	0.372	1	4	MICOS10
0.000177680215421427	0.413460567267749	0.727	0.588	1	4	FTH1
0.00267193768388771	0.403837380033353	0.528	0.418	1	4	MMRN1
0.00681952080056149	0.393691069296991	0.392	0.283	1	4	MDFIC
0.00925587559582874	0.392470572409047	0.392	0.291	1	4	SNX3
0.00927637768495816	0.391799573740015	0.506	0.407	1	4	SSR4
0.00989953972296521	0.390098325833863	0.432	0.337	1	4	ATP6V1A
0.00260061241697896	0.387737960518048	0.335	0.222	1	4	EPB41L2
0.00478998835239946	0.384503703973384	0.375	0.269	1	4	LOC138488268
0.00135183504744988	0.383049216414328	0.659	0.533	1	4	UQCR10
0.00884672495822399	0.382082237670098	0.5	0.394	1	4	ATP5F1C
0.00713876707397977	0.381397793105562	0.233	0.149	1	4	GPNMB
0.00243989353272268	0.379650130819295	0.426	0.3	1	4	GSTT1
0.000150953845566072	0.374485483314054	0.409	0.262	1	4	S100A13
9.59404699446691e-05	0.371010209902736	0.801	0.672	1	4	LOC138510586
0.00985619319578992	0.365037036320124	0.403	0.305	1	4	SFT2D1
0.00703668289886831	0.364482757626917	0.597	0.486	1	4	CAPRIN1
0.00392651275181826	0.353328256334759	0.574	0.454	1	4	EIF1B
0.00554125681267383	0.352473253533946	0.528	0.409	1	4	COX7A2L
0.000205578414386256	0.350537043909939	0.938	0.862	1	4	DBI
0.00393253045799362	0.341302387527764	0.517	0.396	1	4	DDX21
0.000195513765954537	0.338893673062489	0.983	0.938	1	4	S100G
0.000696276856258552	0.330039422674938	0.756	0.644	1	4	UQCRH
0.00632268016418182	0.320505625959132	0.625	0.498	1	4	ATP5F1D
0.00572621202602948	0.310282987809193	0.705	0.582	1	4	LOC138488548
0.00400586265809361	0.309256934485319	0.773	0.669	1	4	SNRPD1
0.00652268683122638	0.300239730905877	0.574	0.439	1	4	EDF1
0.0028871540454345	0.29250688369292	0.795	0.689	1	4	NDUFA4
0.0039362079833662	0.276981406560907	0.83	0.715	1	4	COX6A1
0.00026847046637466	0.266003023957054	0.932	0.868	1	4	GAPDH
0.000235808152535158	0.265957262612121	0.955	0.859	1	4	CD63
0.00948574822714827	0.26547530165152	0.955	0.918	1	4	TXN
0.00744221152087326	0.265213177553412	0.756	0.638	1	4	YBX3
0.00266242959449997	0.265034243305676	0.824	0.782	1	4	UBC
0.000276086578030557	0.263789095412395	0.983	0.929	1	4	HSP90AB1
0.000711308147557649	0.250023131556857	0.989	0.974	1	4	VIM
0.0081672125316314	0.242148843440063	0.727	0.642	1	4	JPT1
0.00826177418738949	0.236805784413895	0.722	0.589	1	4	RBX1
0.000901004301870446	0.228484725171442	0.903	0.854	1	4	NACA
0.00362118924575863	0.218935107575207	0.966	0.925	1	4	MYL6P1
0.000231925669385791	0.214975043849964	1	0.937	1	4	UBA52
0.00306178508080219	0.213685064336213	0.295	0.189	1	4	HAPLN3
0.000506619907443774	0.212516286474447	1	0.973	1	4	TPT1
0.00628362490890522	0.201300391552909	0.966	0.889	1	4	SLC25A5
0.00420348020997646	0.194223427357578	0.875	0.797	1	4	RPL10A
0.00233587200718145	0.192500472149381	0.994	0.931	1	4	RPL39
0.000102731538116853	0.191318461719366	0.119	0.045	1	4	LOC138580932
0.00177949956197477	0.189299294082714	0.983	0.925	1	4	EEF2
0.000883008162162022	0.185820286886426	1	0.946	1	4	RPL27
0.000276894932260398	0.184358663642139	1	0.999	1	4	COX3
0.00139189093334783	0.171682976027712	0.989	0.929	1	4	RPLP0
0.00136934804573778	0.16543982989376	0.977	0.957	1	4	YWHAQ
0.0015807324942351	0.15787981099257	1	0.974	1	4	RPS23
0.00500000710689966	0.106997397725708	0.92	0.861	1	4	KRT5
0.00347860960598399	-0.196677727213594	0.983	0.972	1	4	HNRNPK
0.00552727603005501	-0.272094576864959	0.92	0.914	1	4	HMGN1
0.00449669351108022	-0.303269602331548	0.693	0.749	1	4	RAN
0.00818792356175072	-0.323769770554169	0.83	0.875	1	4	CAV1
0.00690069388869336	-0.344966670551494	0.46	0.57	1	4	KIAA1217
0.00496274493678095	-0.350742460137478	0.415	0.535	1	4	SPACA4
0.00972692527187285	-0.369533474813789	0.534	0.633	1	4	ADCY4
0.00760997626757201	-0.376328178079557	0.875	0.86	1	4	CRIP1
0.00233625060684568	-0.413778571281932	0.705	0.77	1	4	PLVAP
0.00998131957452048	-0.426864075148951	0.307	0.414	1	4	CAMK1
0.00443702895037759	-0.443684721501386	0.295	0.414	1	4	ITGA5
0.00111688909561416	-0.452729861104393	0.392	0.529	1	4	GNAI2
0.00178139556455004	-0.463553253572892	0.631	0.74	1	4	SHANK3
0.000968387031089479	-0.465923636156658	0.466	0.595	1	4	KDR
0.0086183577514958	-0.475097674132847	0.364	0.475	1	4	ARHGEF9
0.00528665541530444	-0.477632053424723	0.392	0.494	1	4	RBMS1
0.00128286499098989	-0.48283447525654	0.392	0.524	1	4	GDPD5
0.00268073466107518	-0.507539640425459	0.438	0.556	1	4	ENG
0.00413474906326336	-0.51200166444158	0.449	0.542	1	4	DYNC1H1
0.00715107045066878	-0.518900715856887	0.466	0.56	1	4	AQP1
0.00167147422686689	-0.526488899721885	0.619	0.705	1	4	PTPRM
0.00448645120066188	-0.54703200900232	0.335	0.443	1	4	DGKZ
0.00796802070770319	-0.550744245434113	0.364	0.454	1	4	ERG
0.000316626458217623	-0.573893314304679	0.443	0.563	1	4	PTGS2
0.00594089675633005	-0.574929254779639	0.239	0.337	1	4	TNFAIP8L1
0.00118299333619539	-0.579199692157867	0.432	0.551	1	4	ESAM
0.00931611828821884	-0.579608075278574	0.352	0.445	1	4	SCHIP1
0.000408893453549595	-0.597463439836287	0.318	0.445	1	4	HMGB3
0.00575226834168816	-0.608147031673073	0.307	0.403	1	4	PREX2
0.00586705619486217	-0.608856873849461	0.318	0.412	1	4	SPNS2
0.00636741733723937	-0.612434889783589	0.267	0.364	1	4	EPHX1
0.00827933523547554	-0.613291633417354	0.392	0.461	1	4	DLK1
0.000191189402933834	-0.633201761889966	0.489	0.615	1	4	RAMP3
0.00463747460166287	-0.638885504347538	0.222	0.328	1	4	FMNL3
0.00793777966961715	-0.638885504347538	0.222	0.313	1	4	CD200
0.000212207416922936	-0.651451086468445	0.33	0.468	1	4	NRP1
0.0045432813510623	-0.655559270923835	0.273	0.374	1	4	SKI
0.00554113366562816	-0.661540362241062	0.244	0.343	1	4	TANC1
0.000148418600928516	-0.661582591375694	0.631	0.718	1	4	LOC138504630
0.0095813553073801	-0.662273066696064	0.295	0.377	1	4	ARHGEF2
0.00333596185409122	-0.668751277136159	0.21	0.316	1	4	ARHGEF7
0.000105670484454031	-0.672086989699416	0.352	0.488	1	4	RAPGEF2
0.000168245638995869	-0.679357083038329	0.386	0.528	1	4	COL4A1
0.00870741412139416	-0.680723918802236	0.148	0.236	1	4	OGDH
0.000294876593957405	-0.700428647628611	0.318	0.462	1	4	ITGA6
0.00728092748706701	-0.700556932800391	0.278	0.362	1	4	PLEKHG5
0.00626030932463646	-0.704704541508236	0.273	0.371	1	4	TACR1
0.0046588502898874	-0.708047528854934	0.369	0.46	1	4	XIRP2
0.00375157466710224	-0.711165032366372	0.273	0.37	1	4	SSBP3
0.00533007738955498	-0.719070230451718	0.21	0.307	1	4	MED13L
0.00221379598653227	-0.739789040930795	0.256	0.361	1	4	PRKAA1
0.00770823863714278	-0.741027178110475	0.159	0.247	1	4	ITPR1
0.000651424017958192	-0.752938986353638	0.369	0.489	1	4	COL4A2
0.00715743948583611	-0.757210375393051	0.188	0.282	1	4	SMURF2
0.00478149157612837	-0.768155010951202	0.227	0.329	1	4	RASGRP3
0.00462971169670397	-0.796085168613019	0.153	0.247	1	4	NPEPPS
0.00133094473143767	-0.801795152695395	0.295	0.402	1	4	PDE2A
0.00110995393697422	-0.815517722215062	0.227	0.344	1	4	RASA3
0.00806406112039785	-0.818080236282884	0.148	0.233	1	4	UBL3
0.000154866906301818	-0.824875591286027	0.312	0.443	1	4	LPP
0.00104480755902444	-0.835922351407092	0.17	0.284	1	4	EFNB2
0.000161793614684256	-0.836174313865754	0.176	0.315	1	4	SCAF8
0.000790834727647674	-0.838070333321595	0.25	0.365	1	4	ARAP3
0.00287948455724939	-0.842780676911208	0.125	0.224	1	4	DLC1
0.0059193329163466	-0.849028824576386	0.136	0.228	1	4	LHX6
0.00998607228646675	-0.849028824576386	0.125	0.205	1	4	LRBA
0.00129830198324758	-0.852027568206222	0.119	0.227	1	4	NSD2
0.0036940350766149	-0.860960692976229	0.114	0.205	1	4	HECW2
0.00106721883730111	-0.918944970306318	0.165	0.275	1	4	SMURF1
0.00962606032347357	-0.938080012393514	0.097	0.172	1	4	STAT3
0.000735765611511354	-0.94694258110331	0.562	0.427	1	4	HBA2
0.0051480654171537	-0.951916367457317	0.102	0.187	1	4	TCERG1
0.00154420216086893	-0.952521524782	0.102	0.203	1	4	ADCY9
0.00988399978218891	-0.958257894331145	0.08	0.152	1	4	BPTF
0.00226377816913998	-0.962703799362336	0.131	0.23	1	4	HEG1
0.000604496720843156	-0.962874522401514	0.222	0.345	1	4	ENTPD1
0.00600144993659866	-0.965752430878069	0.08	0.158	1	4	RBM27
0.00431855938166613	-0.979952965430463	0.108	0.196	1	4	TRIM71
0.000207445655333948	-0.981447521703034	0.159	0.291	1	4	PCDH17
0.004122165565512	-0.989554024820683	0.102	0.19	1	4	PPP3CC
0.00296333114105742	-0.990679372023522	0.114	0.207	1	4	NFATC3
0.00124508381452362	-1.01715158338471	0.114	0.217	1	4	EBF1
0.00835024589990542	-1.04572073558148	0.062	0.132	1	4	AMACR
0.00888478048480039	-1.06445729816307	0.062	0.132	1	4	KIAA0825
0.00962127869646742	-1.06445729816307	0.062	0.131	1	4	KBTBD2
0.00842693292085588	-1.07373511175108	0.045	0.11	1	4	ARFGAP1
0.00758227170305017	-1.1174564891804	0.051	0.119	1	4	NCKAP5L
0.00197016767837793	-1.1174564891804	0.08	0.17	1	4	MAP4K5
0.00242739486400286	-1.13883013997297	0.074	0.161	1	4	AATK
0.00459525147588587	-1.15090297227354	0.062	0.14	1	4	GRK3
0.00920801090063262	-1.18065031566759	0.068	0.138	1	4	KCNN3
0.00246774746791805	-1.18799229100876	0.074	0.16	1	4	MAML2
0.00625645584353954	-1.19091865112142	0.051	0.121	1	4	PCCA
0.00609219630781412	-1.21459764759093	0.08	0.155	1	4	UBTD1
0.00372925302478071	-1.22573820519613	0.04	0.111	1	4	CHM
0.00665903226966124	-1.23127638873756	0.051	0.12	1	4	MLXIP
0.00117254489874039	-1.24650286296222	0.119	0.222	1	4	SH3RF3
0.00596771919052266	-1.46075823486033	0.028	0.089	1	4	CCM2L
0.00457701916418265	-1.47483342007205	0.028	0.092	1	4	LRP5
0.00135166773899863	-1.60211408410587	0.04	0.121	1	4	TGFBR3
0.00442084885444104	-1.60595615040026	0.023	0.084	1	4	URB1
0.00681611285000354	-1.65128014090975	0.023	0.079	1	4	TINF2
0.0035025019812157	-1.81386798499597	0.034	0.102	1	4	BRIP1
0.00714707466997048	-1.8544220833466	0.011	0.061	1	4	NCAPH2
0.00855047979852281	-1.93808001239351	0.011	0.059	1	4	KIFC1
0.000816114220980943	-2.15465510713465	0.017	0.091	1	4	KNTC1
0.00969353082775645	-2.15465510713465	0.006	0.048	1	4	NCAPG
0.00884591405242773	-2.79956014831209	0	0.038	1	4	DSCC1
0.00803063665200695	-2.83272701224729	0	0.039	1	4	KIZ
0.00450128032852652	-3.15465510713465	0	0.044	1	4	CDCA2
0.00252225051983486	-3.18065031566759	0	0.05	1	4	ACSF2
1.80127608682393e-41	2.2938353802086	0.556	0.13	2.21430869353266e-37	5	RELN
1.59449331921669e-37	2.35191592335826	0.556	0.149	1.96011063731307e-33	5	HAPLN3
1.27105307419132e-28	1.9926737854936	0.485	0.133	1.5625055441034e-24	5	UNC5B
1.33793108409676e-26	-1.53197319262263	0.734	0.904	1.64471868168014e-22	5	PMP2
5.07680055570131e-26	1.76346494022786	0.456	0.129	6.24091092312362e-22	5	NFIX
1.09494423626223e-25	1.94016991411593	0.379	0.09	1.34601494963716e-21	5	GAS7
1.14902197495656e-24	2.18833219917333	0.42	0.122	1.4124927138141e-20	5	SRGN
2.95163998630653e-23	2.16240696805495	0.385	0.104	3.62845103516662e-19	5	FGF10
1.11853526048555e-22	2.18952339049263	0.367	0.097	1.37501539571488e-18	5	PROX1
1.26130928222788e-21	2.43445474720787	0.308	0.071	1.55052750064274e-17	5	LRG1
1.47167811425318e-21	2.12535694191211	0.402	0.121	1.80913390585143e-17	5	FGL2
2.89965077316139e-21	1.65469826839699	0.562	0.245	3.5645406954473e-17	5	NRP2
3.9368446406312e-21	-0.743762152698998	0.988	0.974	4.83956311672793e-17	5	RPLP1
1.01929225010956e-20	-0.685936584983446	0.988	0.971	1.25301596305968e-16	5	RPS14
4.6670510815478e-20	-0.518552280542686	1	0.996	5.73720589454671e-16	5	LOC138582460
6.57604264121254e-20	-0.767969257895982	0.959	0.973	8.08392921884258e-16	5	RPS8
3.48553298434263e-19	1.48310931067654	0.882	0.71	4.28476569765239e-15	5	PRSS23
5.12761600471992e-19	1.77926636900515	0.592	0.315	6.3033783546022e-15	5	MRC1
9.74300905392684e-19	1.88312715121761	0.379	0.12	1.19770810299923e-14	5	PDGFC
2.61930164442324e-18	2.25272735962584	0.296	0.077	3.21990751148949e-14	5	STAB2
4.36148384698605e-18	1.94396902007124	0.414	0.148	5.36157209309996e-14	5	NR6A1
1.15101275076998e-17	-0.76663494092846	0.929	0.941	1.41493997452153e-13	5	RPL34
1.98259288223033e-17	1.88546036922177	0.379	0.127	2.43720143012574e-13	5	GPNMB
3.29888196853832e-17	-0.744055427229261	0.976	0.957	4.05531560392416e-13	5	RPS12
3.8905295456466e-17	1.30759223677657	0.734	0.507	4.78262797046336e-13	5	FAM107B
4.32409615853232e-17	-0.78313189006815	0.941	0.948	5.31561140768379e-13	5	RPL17
5.29375802716672e-17	1.72604874160721	0.68	0.452	6.50761674279605e-13	5	CTSL
1.25825062629103e-16	1.75771141299757	0.456	0.195	1.54676749489956e-12	5	SERPINE2
1.77907918362571e-16	-0.816739468049761	0.852	0.91	2.18702204043108e-12	5	RPS25
2.60689069791307e-16	-0.782139437995486	0.893	0.932	3.20465073494454e-12	5	RPS24
2.66700153207378e-16	-0.682952071861075	0.953	0.96	3.2785449833783e-12	5	RPS19
5.0580729986319e-16	-0.576011355870346	0.988	0.972	6.21788913721819e-12	5	RPS28
5.08835036498877e-16	1.76851816795415	0.314	0.093	6.25510910368069e-12	5	PDPN
5.17840276257545e-16	-0.676261256461252	0.947	0.96	6.365810516034e-12	5	EEF1G
5.43538964095827e-16	-0.6083839758476	0.982	0.972	6.68172448563e-12	5	RPL26L1
7.29374504934555e-16	-0.798457793066009	0.953	0.933	8.96620078916049e-12	5	RPL12
8.42773543677226e-16	2.11442084096103	0.325	0.104	1.03602151724241e-11	5	VEGFA
1.12643947893617e-15	-0.7274590489937	0.923	0.948	1.38473205145624e-11	5	RPL31
1.51081937363957e-15	-0.606412446296931	1	0.984	1.85725025601512e-11	5	RPS2
1.82020164886627e-15	-0.668239746433025	0.988	0.972	2.2375738869513e-11	5	RPL21
2.71636649385305e-15	-0.593993725339245	0.988	0.963	3.33922933089356e-11	5	RPL14
4.91928252190062e-15	1.47770619743722	0.627	0.403	6.04727400417244e-11	5	MMRN1
6.3568252213013e-15	-0.619558763697594	0.935	0.965	7.81444524454569e-11	5	RPL36
6.7974400878279e-15	1.33287978182104	0.503	0.234	8.35609309996684e-11	5	APCS
7.19150439970923e-15	-0.558518283532464	0.988	0.98	8.84051635856256e-11	5	RPL23
7.24921256123076e-15	-0.74530301369836	0.888	0.935	8.91145700152097e-11	5	RPL38
8.17345035389869e-15	-0.872113091438527	0.71	0.845	1.00476225200477e-10	5	RPL18A
8.81852199025374e-15	-0.603785820225639	0.988	0.973	1.08406090826189e-10	5	RPL35
8.97684733878052e-15	-0.718608298548294	0.917	0.937	1.10352384335629e-10	5	RPS29
1.09814367547419e-14	2.21647028970573	0.337	0.121	1.34994802026042e-10	5	GAS6
1.21827721865108e-14	-0.738441820765734	0.899	0.931	1.49762818488777e-10	5	RPS17
1.37170525075927e-14	-0.732802868080186	0.917	0.925	1.68623726475837e-10	5	RPS27A
2.0556244133924e-14	1.84949224648671	0.249	0.066	2.52697909138328e-10	5	DOCK5
2.47344814636763e-14	-0.976788581549374	0.716	0.853	3.04060980632972e-10	5	KRT18
2.55146813956958e-14	-1.13002034722059	0.355	0.705	3.13651978397289e-10	5	CD34
3.32875981648607e-14	1.12312710536274	0.615	0.345	4.09204444240632e-10	5	SMAD1
3.94399476411317e-14	0.966889856923502	0.793	0.622	4.84835276352432e-10	5	MARCKS
5.16727028269795e-14	2.10955508578922	0.231	0.06	6.3521253585206e-10	5	NINJ1
5.19234746905856e-14	-0.60758553002074	0.982	0.966	6.38295274371368e-10	5	RPL13
6.10509247971997e-14	1.58262470643947	0.491	0.251	7.50499018531976e-10	5	CADM1
6.64592261520987e-14	-0.537875450913615	0.982	0.973	8.16983267087749e-10	5	RPS18
1.44834839885518e-13	2.13920835980359	0.249	0.071	1.78045468671268e-09	5	ESM1
1.77232290311155e-13	-0.820727872258551	0.828	0.86	2.17871654479503e-09	5	RPS5
2.10257775081869e-13	-0.605816697535027	0.97	0.955	2.58469882908141e-09	5	RPL10
2.50788608204304e-13	-0.594301824275821	0.97	0.961	3.08294436065551e-09	5	RPS26
2.64899067470731e-13	-0.64466712005585	0.976	0.967	3.25640423641769e-09	5	RPL36A
2.69750075092107e-13	1.53697630952389	0.408	0.178	3.31603767310727e-09	5	KLF6
4.25834997604737e-13	-0.56349104650871	0.97	0.96	5.23478962555503e-09	5	RPL19
5.31757252104205e-13	-0.650333097432619	0.917	0.947	6.53689190011699e-09	5	RPL28
5.37735339010044e-13	-0.557076667689341	0.982	0.964	6.61038052245048e-09	5	RPL24
5.55541848663975e-13	-0.606614069771309	0.935	0.948	6.82927594562624e-09	5	RPL37
6.343781505876e-13	-0.662653273715316	0.976	0.944	7.79841060517337e-09	5	RPS10
8.01400068784946e-13	1.46145824012207	0.302	0.103	9.85161104557335e-09	5	ENPP2
9.38706482387555e-13	1.699535661277	0.402	0.181	1.15395187879902e-08	5	CLCA1
1.29014714479624e-12	-0.720386521335628	0.864	0.884	1.58597788509802e-08	5	RPL27A
1.72142424994519e-12	-0.987140635976737	0.32	0.617	2.11614683045763e-08	5	KDR
2.02048772257034e-12	1.34033529261838	0.402	0.176	2.48378555735572e-08	5	FLT4
2.0457382304066e-12	-0.60768410353298	0.947	0.945	2.51482600663884e-08	5	RPS6
2.08796462427125e-12	-0.59424364444179	0.923	0.931	2.56673491261664e-08	5	RPL35A
2.82680244118751e-12	-0.664387156172961	0.882	0.914	3.47498824095181e-08	5	RPL18
2.91598056566682e-12	1.73674582189967	0.225	0.063	3.58461490937422e-08	5	PGF
3.13663975405363e-12	-0.651826411836087	0.929	0.929	3.85587124965813e-08	5	RPS11
3.16753475336197e-12	1.3638722745219	0.538	0.314	3.89385047230786e-08	5	ADD3
3.45384332304285e-12	-0.463348469721159	1	0.983	4.24580959701657e-08	5	RPL32
4.49343530244043e-12	2.15394920514767	0.166	0.037	5.52378001729002e-08	5	CYGB
4.9790570709749e-12	-0.621243671455489	0.905	0.932	6.12075485734945e-08	5	RPS21
5.24410851710266e-12	1.96547890811579	0.266	0.09	6.4465826000743e-08	5	ITGB3
5.47201496821779e-12	-1.27410199884985	0.201	0.499	6.72674800043013e-08	5	ARHGEF9
5.52186301206859e-12	2.78198042776071	0.142	0.027	6.78802620073592e-08	5	C1S
5.69567717297422e-12	1.90792122461957	0.195	0.05	7.00169594873721e-08	5	ABLIM2
6.85908605709375e-12	-1.02909845399681	0.249	0.579	8.43187448998535e-08	5	ESAM
7.33153351456701e-12	2.53101885422749	0.13	0.023	9.01265414945722e-08	5	C7PH3orf52
8.00164946959018e-12	-0.627998044545114	0.947	0.921	9.83642769296721e-08	5	RPL15
9.07695368662819e-12	1.20367726315377	0.438	0.206	1.1158299166972e-07	5	LBR
1.11268190104811e-11	-1.25084715691278	0.231	0.524	1.36781986095844e-07	5	NOS3
1.25744251895716e-11	-0.796577990746562	0.769	0.84	1.54577408855404e-07	5	RPL23A
2.15491435151256e-11	2.76163178236891	0.107	0.016	2.6490362123144e-07	5	OSR1
2.39677048852452e-11	-1.13049600204374	0.243	0.548	2.9463499615432e-07	5	JAG2
3.47569633485088e-11	-0.451838943793536	0.994	0.975	4.27267350443218e-07	5	RPS27
3.64823788406744e-11	-0.709204599540638	0.84	0.867	4.4847788308841e-07	5	RPS3
4.10296905240368e-11	-0.521603384564511	0.994	0.969	5.04377985611984e-07	5	RPS9
4.31301100942354e-11	2.27948008723153	0.13	0.025	5.30198443388436e-07	5	ANO7
5.01138100349509e-11	2.36078018933338	0.178	0.047	6.16049066759652e-07	5	CLEC
5.77549123996667e-11	-0.425170588008824	1	0.972	7.09981138129103e-07	5	FAU
5.83066751234218e-11	-1.22604794599522	0.219	0.49	7.16763957292225e-07	5	SLC29A1
1.38527742071555e-10	-1.52568062141316	0.219	0.47	1.70292153328563e-06	5	FCN1
1.40706251963928e-10	-1.29313402106198	0.331	0.58	1.72970195539256e-06	5	AQP1
1.54606906549206e-10	-0.542995698087599	0.964	0.931	1.90058270220938e-06	5	RPS15
1.65172719792931e-10	-0.837872719630456	0.343	0.636	2.0304682444145e-06	5	RAMP3
1.75138600955239e-10	-0.730840098032396	0.675	0.812	2.15297882154276e-06	5	RACK1
1.75351003201673e-10	-1.44612185330774	0.154	0.416	2.15558988235817e-06	5	APLNR
1.76912994130951e-10	-0.404300149707543	0.994	0.98	2.17479143685178e-06	5	RPLP2
2.19969244851737e-10	1.81133125149312	0.189	0.054	2.70408192696241e-06	5	GALR1
2.58435203660279e-10	-0.429358655470454	0.994	0.975	3.1769439585958e-06	5	RPS23
2.63702414458951e-10	2.12892041065615	0.136	0.029	3.24169378094388e-06	5	P2RY4
2.67423123692634e-10	2.47212516517392	0.124	0.025	3.28743245955354e-06	5	KCNC1
2.90025025289758e-10	-0.68306655677513	0.84	0.883	3.565277635887e-06	5	EEF1B2
4.26617258823025e-10	1.912109021583	0.183	0.052	5.24440596271145e-06	5	LOC138577431
5.0604816060731e-10	1.49398459913766	0.243	0.084	6.22085003834566e-06	5	SNCA
5.29296551859792e-10	1.84073832736142	0.249	0.091	6.50664251201242e-06	5	SEMA3A
5.48234919809763e-10	1.45978117507894	0.396	0.197	6.73945186922141e-06	5	LGALS9
7.2449145479409e-10	-0.394487419548373	1	0.985	8.90617345378375e-06	5	RPS15A
7.31812972370615e-10	0.692346487468745	0.864	0.8	8.99617686935197e-06	5	FSTL1
8.79589569282264e-10	-0.727703634714409	0.811	0.87	1.08127945751869e-05	5	CRIP1
9.45461815221259e-10	0.615668747211908	0.882	0.836	1.16225620945149e-05	5	ITGBL1
1.14860835886531e-09	-0.744137624112826	0.805	0.881	1.41198425555312e-05	5	KRT8
1.41844722741322e-09	-1.00202295347104	0.337	0.589	1.74369717665907e-05	5	KIAA1217
1.71120848238078e-09	-0.497255770505886	0.994	0.995	2.1035885873907e-05	5	TMSB4X
1.75460434817626e-09	1.90792122461957	0.178	0.052	2.15693512521307e-05	5	DKK3
1.97374348453267e-09	1.72051279504332	0.29	0.123	2.42632286553601e-05	5	PIM3
2.46546532938006e-09	2.44940508867384	0.107	0.02	3.03079652940691e-05	5	HPX
2.48212087570221e-09	1.64267865499075	0.201	0.065	3.05127119250072e-05	5	RNF152
2.51341173425851e-09	0.953622725164806	0.68	0.52	3.08973704492398e-05	5	CD9
2.53877534375005e-09	-0.492385750107451	0.947	0.936	3.12091653007193e-05	5	RPLP0
2.67184853362073e-09	-1.09989827983973	0.219	0.496	3.28450340237996e-05	5	PLCB1
2.67394384322131e-09	3.48301348131666	0.071	0.008	3.28707916647196e-05	5	TNFRSF9
2.90471861822693e-09	-0.512219025683927	0.935	0.951	3.57077059738637e-05	5	LGALS4
3.37466332413508e-09	1.1462498857699	0.491	0.293	4.14847362435925e-05	5	RCAN1
3.55852651750088e-09	-0.692337144997763	0.769	0.832	4.37449664796384e-05	5	RPL22L1
3.83363510518374e-09	-1.08269446232455	0.254	0.506	4.71268763480237e-05	5	COL4A2
3.85089268998781e-09	0.950738779960674	0.497	0.283	4.73390238380202e-05	5	IQSEC1
4.25750740125874e-09	1.13199247490897	0.414	0.214	5.23375384836737e-05	5	LGMN
4.69775254667544e-09	-0.564429335468821	0.905	0.899	5.77494720562812e-05	5	RPS16
4.87021035091453e-09	-0.968020782695451	0.296	0.553	5.98694958437923e-05	5	SPACA4
5.3966136101105e-09	-0.42831470695168	0.964	0.957	6.63405711090884e-05	5	EEF1A1
5.73205561857462e-09	-0.708606591224971	0.787	0.811	7.04641597191378e-05	5	RPL10A
6.39995734621193e-09	4.01644568139774	0.047	0.003	7.86746756569833e-05	5	TOR3A
6.82933109703585e-09	-1.24223580966011	0.219	0.454	8.39529671758617e-05	5	CD93
7.37392596758442e-09	1.25523254098485	0.308	0.135	9.06476719195153e-05	5	CCN2
7.60086266800362e-09	1.66898249440323	0.148	0.039	9.34374047777685e-05	5	ARHGEF25
7.96884644668634e-09	-1.23227256653585	0.201	0.435	9.79610293691152e-05	5	EZR
8.19748905563619e-09	-0.694595215466493	0.598	0.786	0.000100771732960936	5	PLVAP
9.66577999225171e-09	1.06224937101086	0.592	0.42	0.00011882143344475	5	STAB1
1.15475617368084e-08	1.56281190729855	0.254	0.102	0.000141954176430585	5	ELN
1.24057331035311e-08	1.24013919559936	0.396	0.213	0.000152503677041708	5	EPB41L2
1.48726406884854e-08	2.19975289476079	0.112	0.025	0.000182829371983552	5	MEIS2
1.50121580354161e-08	-0.495550081270841	0.941	0.948	0.00018454445872937	5	RPL13A
1.60179907029129e-08	1.88716266445277	0.172	0.054	0.000196909159710909	5	ERRFI1
1.62692667838936e-08	-0.599714836586199	0.817	0.849	0.000199998096574404	5	RPL9
1.76214713624154e-08	4.50187250856798	0.036	0.001	0.000216620747458173	5	FAM110C
1.78685368093577e-08	-0.968447426212057	0.391	0.609	0.000219657922997435	5	PODXL
1.81939910204013e-08	1.95755199234417	0.136	0.036	0.000223658731613793	5	ANKRD6
1.86323913578637e-08	0.919355668783216	0.716	0.589	0.000229047986962219	5	RHOB
1.87467597555903e-08	-0.971236321418243	0.237	0.482	0.000230453917675471	5	NRP1
2.07911418509242e-08	-0.539428278963821	0.876	0.903	0.000255585506773411	5	SLC25A5
2.23994477340836e-08	1.28144160356481	0.361	0.184	0.00027535641099509	5	PHLDA1
2.37890235327886e-08	1.36828935418938	0.296	0.134	0.000292438466288571	5	ARHGAP6
2.50911104307853e-08	-0.534417680692848	0.805	0.888	0.000308445020525644	5	GAPDH
2.54544271187174e-08	-0.814255351034341	0.237	0.484	0.000312911272570393	5	DLK1
2.60406042245833e-08	-0.447952190132912	0.953	0.949	0.000320117147732803	5	RPS20
2.6158217469362e-08	-1.07881252060656	0.308	0.539	0.000321562967350867	5	COL4A1
2.64681166463872e-08	-0.518048390985913	0.959	0.937	0.000325372557934038	5	NME2
2.82168349108737e-08	-1.39294525473997	0.118	0.329	0.000346869551559371	5	SMAD6
3.19433488770181e-08	-0.451277612475817	0.982	0.948	0.000392679587745183	5	RPS7
3.43045514699269e-08	0.563414760201953	0.905	0.801	0.000421705851219812	5	VWF
4.57456074849177e-08	1.60525024841329	0.207	0.077	0.000562350752812093	5	CRABP2
4.77462513128175e-08	1.5859931297322	0.166	0.052	0.000586944667388466	5	ZBTB20
5.09843878107055e-08	1.41440966731764	0.225	0.087	0.000626751079357003	5	GNPDA1
5.50761795752424e-08	-0.524169402475643	0.852	0.9	0.000677051475518455	5	RPL3
5.77880707000043e-08	0.834695244558632	0.509	0.312	0.000710388753115152	5	FCHSD2
6.01454609310674e-08	-1.16809910931735	0.414	0.608	0.000739368151225611	5	INSR
7.20793873285212e-08	1.55958800642426	0.225	0.09	0.000886071908429511	5	RALGDS
7.67466042042005e-08	1.69451758651037	0.148	0.044	0.000943446005482236	5	DPP4
8.00011085889633e-08	1.78631006242986	0.231	0.095	0.000983453627884126	5	MAFB
8.43853613328291e-08	1.61434723782639	0.172	0.057	0.00103734924686447	5	MERTK
8.77919852438711e-08	0.710845756414372	0.746	0.62	0.00107922687460291	5	CTNNB1
1.00674668874004e-07	-0.409956196409403	0.982	0.949	0.00123759370446814	5	RPL27
1.09302541852663e-07	1.18952339049263	0.32	0.156	0.00134365614699478	5	CLEC11A
1.26346432660308e-07	1.0454247483695	0.325	0.157	0.00155317669669317	5	KSR1
1.26654086377508e-07	-1.1908398475485	0.207	0.414	0.00155695868383871	5	PINLYP
1.27444245565611e-07	-0.782153311677336	0.473	0.652	0.00156667211073806	5	CAVIN1
1.29729125774689e-07	-0.974681451378816	0.373	0.557	0.00159476014314825	5	RPL8
1.38461103714239e-07	0.683157724345825	0.71	0.574	0.00170210234795914	5	SEPT2
1.48005858801019e-07	1.26605957146921	0.343	0.176	0.00181943602224092	5	EXOC6
1.6268745812206e-07	-0.832177259031603	0.314	0.54	0.00199991692269448	5	GNAI2
1.6791553438104e-07	0.869850116209527	0.497	0.315	0.00206418566414612	5	ZNF521
1.88663608057818e-07	1.98402420370536	0.112	0.028	0.00231924173385475	5	CFD
1.91953552264892e-07	1.0378193321903	0.379	0.203	0.00235968501799232	5	CD53
2.00010305246043e-07	2.07980774239516	0.142	0.044	0.00245872668238961	5	DRAM1
2.24529858910809e-07	1.35571567305861	0.254	0.112	0.00276014555559057	5	EMILIN1
2.27969084933858e-07	-1.20905265080654	0.107	0.306	0.00280242396109192	5	PTGIS
2.28829486046339e-07	1.17850243950671	0.237	0.098	0.00281300087196765	5	PLEKHG4B
2.59775910777603e-07	-0.46160161540691	0.893	0.896	0.00319342527118908	5	RPL30
2.73524817275131e-07	-0.557003191657222	0.864	0.888	0.00336244057876319	5	RPL37A
3.22565989961074e-07	0.901313152795802	0.544	0.378	0.00396530371459148	5	WSB1
3.35003498034384e-07	-0.366337012946377	0.964	0.936	0.00411819800133668	5	RPL39
3.44252033361357e-07	0.910685387306192	0.45	0.264	0.00423189024611116	5	ATF5
3.46713421593547e-07	-0.740110641126352	0.444	0.63	0.00426214809164948	5	TIE1
3.65374177186768e-07	-1.26563290088306	0.166	0.364	0.00449154476015694	5	LHFPL7
4.01872678798513e-07	2.01099125130563	0.136	0.042	0.00494022084047012	5	GPR17
4.16889286291106e-07	-1.22577571370063	0.148	0.337	0.00512481999637657	5	RHAG
4.2124465310332e-07	-0.45922634653229	0.959	0.931	0.00517836052059911	5	RPL11
4.47284397681155e-07	1.72622644623771	0.13	0.038	0.00549846710069444	5	ING2
4.75217093487494e-07	1.63038724909066	0.16	0.055	0.00584184373024177	5	PIK3R3
4.85751700606915e-07	-1.06865788697868	0.201	0.402	0.0059713456555608	5	ACVRL1
5.52291702517664e-07	-1.43990873371055	0.13	0.318	0.00678932189904965	5	PTGS1
5.80541122758646e-07	-0.861532222295545	0.148	0.353	0.00713659202207203	5	MCAM
5.81677725283102e-07	0.75262054107394	0.574	0.389	0.00715056427690517	5	CLDN11
6.08306873234457e-07	-0.903955200617025	0.296	0.496	0.00747791639267118	5	LOC138566164
6.10375655662445e-07	-0.479477079240987	0.876	0.878	0.00750334793505844	5	RPL2
6.18638415084442e-07	-0.900713249664611	0.26	0.47	0.00760492203663305	5	ITGA6
6.38143632538872e-07	1.44355601297715	0.201	0.08	0.00784469967480036	5	PLCE1
6.65807041801546e-07	1.03238722526676	0.391	0.216	0.00818476596486641	5	MARCHF3
6.91040560222934e-07	2.59498191295946	0.071	0.013	0.00849496160682052	5	FGF7
8.11479285102424e-07	-1.04694939989077	0.207	0.407	0.00997551485176409	5	ADGRL2
8.2149600905109e-07	1.59830227125107	0.148	0.049	0.010098650439265	5	MYO7A
8.47292544127282e-07	1.53013076860949	0.148	0.049	0.0104157672449567	5	MARCHF2
9.62832959607127e-07	-0.682486780773884	0.663	0.772	0.0118361055724504	5	PRDX1
1.11377707471562e-06	0.940873251197536	0.373	0.207	0.0136916615794791	5	ATRNL1
1.11451456165046e-06	1.43148318067658	0.225	0.099	0.0137007275063691	5	TPTE2
1.11844874188007e-06	1.09772965039243	0.349	0.192	0.0137490903839317	5	IL13RA1
1.12223933369187e-06	1.17555264456346	0.325	0.172	0.0137956881290742	5	ANGPT2
1.12501637626854e-06	0.806005520216708	0.55	0.39	0.0138298263134691	5	ECE1
1.1724960273318e-06	0.997444719467679	0.337	0.178	0.0144134936639898	5	SPTLC1
1.22383769320564e-06	0.631507788984572	0.734	0.574	0.0150446367625769	5	NPC2
1.22829497566977e-06	-0.348024091926719	1	0.993	0.0150994301359085	5	Fth1
1.33828729423729e-06	3.05708766589508	0.047	0.005	0.016451565708059	5	KCND3
1.37233117751425e-06	-1.02137578403723	0.237	0.424	0.0168700671651827	5	CAMK1
1.45363661151551e-06	-1.2596787238765	0.136	0.319	0.0178695548653602	5	F8
1.46271186411615e-06	2.51009301537295	0.089	0.021	0.0179811169455799	5	PARM1
1.4664502305513e-06	-0.476630556201381	0.852	0.909	0.0180270726841671	5	RPS4X
1.61008291261896e-06	2.50187250856798	0.071	0.014	0.0197927492448249	5	LOC138493361
1.76647352897746e-06	1.09913846984388	0.367	0.209	0.0217152590917199	5	CTSC
2.13159926619849e-06	-1.11043883949872	0.195	0.381	0.0262037497793781	5	EPAS1
2.21655245041178e-06	-1.16014305032559	0.142	0.322	0.027248079272912	5	CSRP1
2.24647062369414e-06	0.845077263085754	0.45	0.284	0.027615863377072	5	DAB2
2.27625660714082e-06	-0.367418809887755	0.947	0.945	0.0279820224715821	5	UBA52
2.28858230239548e-06	-1.54918534107149	0.095	0.259	0.0281335422433477	5	LAMA5
2.41550906807677e-06	0.754837055784184	0.473	0.296	0.0296938529738678	5	KALRN
2.52485434206497e-06	1.72366393216989	0.112	0.033	0.0310380344270046	5	TC2N
2.63658440570233e-06	0.800747912635295	0.497	0.324	0.0324115320992988	5	VAV3
2.89563216321402e-06	1.77252009851165	0.107	0.03	0.0355960061823899	5	NPNT
2.90262208231867e-06	-0.727620969143616	0.456	0.615	0.0356819332579434	5	SH3BGRL3
2.9155155516506e-06	-0.433109380846721	0.917	0.935	0.0358404326764408	5	RPS13
2.91567442324069e-06	1.97462550570311	0.083	0.019	0.0358423856848978	5	ENPP3
3.09434047243622e-06	0.856653785991623	0.479	0.324	0.0380387274276584	5	SERPING1
3.14116887566542e-06	-1.18268132416134	0.101	0.269	0.0386143889885551	5	SELP
3.16769597757824e-06	1.05441353159676	0.337	0.188	0.0389404866523693	5	LMNB1
3.30021388901517e-06	0.992061522770775	0.296	0.152	0.0405695293376634	5	RLIM
3.31326172609912e-06	-0.638830317668094	0.568	0.704	0.0407299263989365	5	RPL4
3.4250419630062e-06	1.64205016661624	0.13	0.043	0.0421040408512352	5	CXADR
3.82011837168324e-06	1.31600596325664	0.166	0.063	0.0469607151431021	5	PLEKHA5
3.92018184711176e-06	0.580209016413058	0.722	0.565	0.0481907954465449	5	GASK1B
3.93499835828889e-06	-2.57601135587035	0.018	0.146	0.0483729348184454	5	RIMBP2
4.02402996244242e-06	-1.12527443878545	0.148	0.324	0.0494674003283047	5	CD200
4.10471588194365e-06	-0.330758934928292	0.994	0.992	0.0504592723367333	5	S100A11
4.25713912052138e-06	1.20623110520089	0.29	0.15	0.0523330112085693	5	LOC138492940
4.28015917553448e-06	0.826248284929161	0.45	0.292	0.0526159967448454	5	PTPN2
4.34738991286568e-06	2.19975289476079	0.095	0.026	0.0534424641988578	5	PODN
4.36760247588336e-06	1.39195481648994	0.166	0.064	0.0536909372360341	5	LMBR1L
4.46477463381585e-06	0.801432790426884	0.503	0.348	0.0548854745734983	5	SERPINB6
4.64080807156579e-06	0.891890232989753	0.467	0.324	0.0570494536237582	5	PTPRE
4.8956913966767e-06	1.15236816932819	0.266	0.133	0.0601827343393467	5	TFE3
5.35869742687387e-06	1.15236816932819	0.26	0.13	0.0658744674685605	5	FNDC1
5.54762586280558e-06	0.597348927503374	0.722	0.594	0.068196964731469	5	ITM2A
5.59699989972863e-06	1.33543649320554	0.195	0.084	0.0688039197673641	5	PDGFA
6.07110784805234e-06	-1.10545780518163	0.112	0.277	0.0746321287761075	5	DNASE1L3
6.28087311771303e-06	1.46289188539589	0.296	0.165	0.0772107732360463	5	SNX10
6.36133131297631e-06	-0.542811105130947	0.467	0.641	0.0781998458304178	5	PECAM1
7.75546109274761e-06	0.821123902889941	0.473	0.32	0.0953378832131463	5	AFDN
7.76073061662671e-06	-0.883355489424465	0.26	0.431	0.0954026614701921	5	ATP5F1C
7.81406148774258e-06	-1.09879639706954	0.231	0.405	0.0960582578688196	5	ID3
8.07096139701159e-06	1.59936035347003	0.118	0.038	0.0992163284534635	5	APOH
8.50475368234582e-06	2.2584184717037	0.077	0.018	0.104548937017077	5	LTBP4
8.61468121651401e-06	1.72489123555389	0.124	0.042	0.105900276194607	5	HDGFL3
9.00064036355379e-06	-1.32583105888143	0.101	0.259	0.110644871989167	5	ADAM15
9.13617222138165e-06	-0.461368274298046	0.373	0.573	0.112310965117445	5	PTGS2
9.43049319287853e-06	0.541466403632456	0.645	0.488	0.115929052820056	5	RTN4
9.54326569718123e-06	-0.843728415303754	0.278	0.457	0.117315365215449	5	DYSF
1.17871628620584e-05	4.01644568139774	0.024	0.001	0.144899593063284	5	LOC138579568
1.17871628620584e-05	4.01644568139774	0.024	0.001	0.144899593063284	5	MASP1
1.17871628620584e-05	4.01644568139774	0.024	0.001	0.144899593063284	5	PCDH15
1.23789697974084e-05	1.6356238974568	0.124	0.043	0.152174675719541	5	CITED4
1.33622125793322e-05	1.07836046418562	0.278	0.149	0.16426167923773	5	UAP1L1
1.35871061166156e-05	1.23508596787307	0.325	0.197	0.167026295491556	5	CEMIP2
1.37135374175029e-05	1.64721187173202	0.142	0.054	0.168580515473363	5	NUBP1
1.37382215269278e-05	3.37258949162301	0.036	0.004	0.168883957230524	5	LRFN1
1.45601241877971e-05	2.82004846859423	0.047	0.007	0.17898760664059	5	IGLON5
1.48326837758972e-05	2.45350948700658	0.047	0.007	0.182338181657105	5	CRYBA4
1.52216362849588e-05	-0.330043698579779	0.97	0.931	0.187119574850999	5	HSP90AB1
1.56014602775487e-05	-0.725021305003412	0.201	0.377	0.191788751191906	5	PCDH1
1.57231053821033e-05	2.40501096931539	0.047	0.007	0.193284134462196	5	LOC138473540
1.59713451409165e-05	1.07370988684249	0.249	0.125	0.196335745817286	5	CTSZ
1.62776731348883e-05	-0.521931695460045	0.491	0.676	0.200101435847181	5	ATP5IF1
1.63020059867877e-05	2.94605635350634	0.059	0.012	0.200400559595582	5	TFR2
1.73884075932506e-05	1.59142409354627	0.124	0.044	0.21375569454383	5	SEMA3D
1.74111855553005e-05	-0.419044972312828	0.746	0.832	0.214035704031309	5	COX6B1
1.75518623089497e-05	1.00372217377709	0.355	0.213	0.215765043363918	5	FN1
1.85493346597551e-05	0.91171280378194	0.473	0.338	0.22802697097237	5	AP1B1
2.03888806045275e-05	0.952408689068206	0.361	0.226	0.250640509271457	5	SCARB2
2.04096489441777e-05	0.931556783811221	0.308	0.174	0.250895814470776	5	ARHGEF26
2.06850143611314e-05	1.09661603008172	0.207	0.096	0.254280881541388	5	PRCC
2.19967266477783e-05	-0.58885066184595	0.485	0.64	0.270405760681139	5	CD2
2.25033548009051e-05	0.599752683349638	0.71	0.6	0.276633740567527	5	MYADM
2.27490427482228e-05	-1.32614188405572	0.207	0.356	0.279653982503903	5	CKB
2.2967718209521e-05	-0.464329887976733	0.763	0.837	0.282342159949641	5	LOC138516040
2.35658125981062e-05	1.13340182774358	0.266	0.144	0.28969453426852	5	RBPJ
2.4019206337162e-05	-0.772232729069609	0.521	0.634	0.295268103502733	5	ADCY4
2.44507353308579e-05	-0.739469015569462	0.355	0.515	0.300572889422236	5	ATP5MG
2.45202409219386e-05	1.35212538906329	0.148	0.059	0.301427321653392	5	MAP3K6
2.51405447547477e-05	-1.01284154557051	0.118	0.276	0.309052716670113	5	MECOM
2.57825800257041e-05	0.868546986285421	0.296	0.162	0.316945256255981	5	GLB1
2.59451515978318e-05	-1.82904436954664	0.041	0.165	0.318943748592147	5	BCAM
2.66848205319449e-05	2.17994441368061	0.071	0.017	0.328036498799198	5	LOC138525751
2.7850943846217e-05	2.56898670442651	0.053	0.01	0.342371652701545	5	PCBD1
2.81524948501199e-05	1.18550393902251	0.207	0.099	0.346078619192524	5	KCNE5
2.96919213142686e-05	1.33903693191198	0.172	0.075	0.365002788716304	5	KLHDC10
2.99303992803156e-05	-1.76643827425591	0.166	0.316	0.367934398352919	5	HS3ST1
3.00647562814927e-05	0.884488530154443	0.361	0.222	0.36958604896839	5	CAT
3.046934093727e-05	1.80143279042688	0.077	0.02	0.37455960814186	5	UROS
3.09157394099644e-05	-0.708838107720836	0.272	0.45	0.380047184566693	5	COX7A2L
3.26586022834181e-05	1.85498225870362	0.095	0.029	0.401472197870059	5	TM6SF1
3.50816003468895e-05	-0.672678723515523	0.349	0.517	0.431258113064313	5	LOC138567840
3.62705870194419e-05	-1.5084224721599	0.059	0.188	0.445874326229999	5	NDUFA8
3.75408319784127e-05	0.625199997950193	0.663	0.524	0.461489447510627	5	IGFBP1
3.88021549882712e-05	0.950356490939962	0.296	0.167	0.476994891270817	5	UNC119B
3.96816300482292e-05	2.69451758651037	0.047	0.008	0.487806278182881	5	PHYHD1
4.16767575534977e-05	1.21452464539076	0.189	0.088	0.512332380605148	5	SYNJ2
4.18124105828837e-05	1.22885401416156	0.272	0.156	0.513999963295389	5	MPEG1
4.21667036178485e-05	-1.02734111526563	0.183	0.335	0.518355287574212	5	ASS1
4.27058510599939e-05	0.919390997350575	0.361	0.228	0.524983027080505	5	HAPLN1
4.28853023814026e-05	3.27948008723153	0.03	0.003	0.527189022174583	5	NFE2
4.3729829845557e-05	0.938855898634261	0.302	0.171	0.537570798291432	5	GPX3
4.62995187379809e-05	1.05145213122565	0.314	0.187	0.569159983845999	5	CNN3
4.99739132971779e-05	1.85606144716503	0.254	0.14	0.614329316162207	5	SQSTM1
5.13859878081898e-05	2.86444258795268	0.041	0.006	0.631687948126077	5	C1R
5.21650281511796e-05	1.06446719626068	0.219	0.109	0.64126469106245	5	RALGPS1
5.23510132708774e-05	2.69451758651037	0.041	0.006	0.643551006138895	5	CDH10
5.34979359134129e-05	1.16844877484278	0.118	0.043	0.657650126183585	5	RARRES1
5.41897787017738e-05	1.44659007306679	0.136	0.054	0.666154949580905	5	MFSD12
5.50452261845607e-05	0.705744841933626	0.479	0.346	0.676670965486804	5	LRRC32
5.50562375185407e-05	-0.217927851877949	0.97	0.984	0.676806327815421	5	PTMA
5.5264917523951e-05	1.14432050394989	0.231	0.119	0.679371631121929	5	LOC138498142
5.66941881850253e-05	1.03310302535134	0.231	0.118	0.696941655358516	5	ASAP3
5.68465932691356e-05	2.91691000784682	0.036	0.005	0.698815171057483	5	DHRS3
5.82909163679015e-05	0.42530545920333	0.787	0.69	0.716570234910613	5	PFN2
6.1651117295584e-05	0.77093070202954	0.462	0.325	0.757877184914614	5	ADD1
6.16857217007879e-05	-0.402751206108616	0.87	0.895	0.758302576867786	5	RPS3A
6.44115461576495e-05	1.08833859987952	0.231	0.12	0.791811136915985	5	DXO
6.51948355617373e-05	0.418414578429157	0.817	0.721	0.801440113560436	5	CALM2
6.63088469667181e-05	-0.46956653634288	0.657	0.762	0.815134655761866	5	SNRPF
6.69062335920549e-05	0.82239240906253	0.278	0.154	0.822478329547131	5	OSBPL10
6.88948631818417e-05	1.41888314389694	0.101	0.034	0.84692455309438	5	ECE2
7.34467531396025e-05	-1.14917918261095	0.112	0.254	0.902880936345134	5	VEGFC
7.38898235625374e-05	1.74342718699132	0.083	0.025	0.908327601054272	5	CLDN5
7.44419505219774e-05	1.24973274383748	0.178	0.082	0.915114897766669	5	RELB
7.48646370366271e-05	1.15686080056757	0.308	0.185	0.920310983091257	5	ARHGAP28
7.6469174147099e-05	-0.498340564829991	1	0.999	0.940035557790289	5	unassigned-gene-4
7.69495366799664e-05	2.27948008723153	0.059	0.014	0.945940654406827	5	GAL3ST4
7.78297712892553e-05	0.581306976062381	0.438	0.284	0.956761378458815	5	TSC22D2
7.94751561876586e-05	-0.657588657042015	0.414	0.559	0.976988095014887	5	ENG
7.98997163586227e-05	1.48301348131666	0.107	0.037	0.982207213196549	5	MSANTD2
8.03385325466038e-05	-1.28276233698954	0.089	0.219	0.9876015805954	5	LOC138511292
8.09407688812632e-05	-2.48539150350456	0.012	0.108	0.995004871857368	5	MEOX1
0.000320747694066781	4.27948008723153	0.012	0	1	5	DAO
0.000320747694066781	4.27948008723153	0.012	0	1	5	NUDT14
0.000320747694066781	4.27948008723153	0.012	0	1	5	PPP1R14C
0.000122760176836756	3.43148318067658	0.024	0.002	1	5	CD83
0.000122760176836756	3.43148318067658	0.024	0.002	1	5	H6PD
0.0066924918407682	3.27948008723153	0.012	0.001	1	5	RHEBL1
0.0066924918407682	3.27948008723153	0.012	0.001	1	5	C13H1orf74
0.0066924918407682	3.27948008723153	0.012	0.001	1	5	IFT27
0.0066924918407682	3.27948008723153	0.012	0.001	1	5	LOC138472977
0.0066924918407682	3.27948008723153	0.012	0.001	1	5	LOC138566259
0.0066924918407682	3.27948008723153	0.012	0.001	1	5	LOC138569698
0.00761027749822621	3.27948008723153	0.03	0.007	1	5	LOC138513758
0.00217094707208401	3.10955508578922	0.018	0.002	1	5	LOC138504121
0.00217094707208401	3.10955508578922	0.018	0.002	1	5	LOC138510893
0.00217094707208401	3.10955508578922	0.018	0.002	1	5	LOC138582402
0.00217094707208401	3.10955508578922	0.018	0.002	1	5	PAPPA
0.00217094707208401	3.10955508578922	0.018	0.002	1	5	SAMD5
0.00217094707208401	3.10955508578922	0.018	0.002	1	5	TMEM45A
0.00217094707208401	3.10955508578922	0.018	0.002	1	5	TMEM116
0.00824524311620667	3.01644568139774	0.018	0.003	1	5	AXIN2
0.00824524311620667	3.01644568139774	0.018	0.003	1	5	GARNL3
0.000193405560529076	2.95755199234417	0.03	0.004	1	5	SMTNL2
0.0022637091967889	2.95755199234417	0.024	0.004	1	5	HLA-DRB1
0.00109178448476287	2.84652067995542	0.036	0.007	1	5	SHISAL1
0.000182753640369297	2.69451758651037	0.036	0.005	1	5	ADHFE1
0.000182753640369297	2.69451758651037	0.036	0.005	1	5	WNK4
0.00168613039387561	2.69451758651037	0.03	0.005	1	5	ERICH6B
0.00831487950124664	2.69451758651037	0.018	0.003	1	5	ADRB3
0.00831487950124664	2.69451758651037	0.018	0.003	1	5	CNTNAP4
0.00831487950124664	2.69451758651037	0.018	0.003	1	5	CSPG4
0.00831487950124664	2.69451758651037	0.018	0.003	1	5	DENND2D
0.00831487950124664	2.69451758651037	0.018	0.003	1	5	LOC138521948
0.00831487950124664	2.69451758651037	0.018	0.003	1	5	LOC138525669
0.000642822128787572	2.69451758651037	0.03	0.005	1	5	ST14
0.00228866519060523	2.69451758651037	0.024	0.004	1	5	FGFR3
0.00228866519060523	2.69451758651037	0.024	0.004	1	5	STAG3
0.000140687425232215	2.65144886461849	0.083	0.027	1	5	LOC138488375
0.000487606783514891	2.52459258506806	0.036	0.006	1	5	WDR86
0.00171055045020676	2.47212516517392	0.03	0.005	1	5	LOC138549202
0.00171055045020676	2.47212516517392	0.03	0.005	1	5	RPUSD1
0.0060464296893342	2.43148318067658	0.024	0.005	1	5	GPR89B
0.0060464296893342	2.43148318067658	0.024	0.005	1	5	HOXD10
0.0060464296893342	2.43148318067658	0.024	0.005	1	5	KIF26B
0.0060464296893342	2.43148318067658	0.024	0.005	1	5	PSTPIP1
9.74185255331926e-05	2.40501096931539	0.047	0.009	1	5	F3
0.00227479194348194	2.40501096931539	0.036	0.008	1	5	HAMP
0.0022883953387069	2.37258949162301	0.036	0.008	1	5	SFRP1
0.00113085965203932	2.33194750712566	0.036	0.007	1	5	LOC138451688
0.00113085965203932	2.33194750712566	0.036	0.007	1	5	SUSD3
0.000269416851643703	2.33194750712566	0.083	0.028	1	5	PRDX2
8.19321931619499e-05	2.2959682100201	0.065	0.016	1	5	ALAS2
0.0013462076202918	2.27948008723153	0.041	0.01	1	5	TGFB2
0.00385138187079626	2.27948008723153	0.03	0.006	1	5	LOXL1
0.00385138187079626	2.27948008723153	0.03	0.006	1	5	GUCY1A1
0.000131254993617525	2.20909075934013	0.053	0.012	1	5	INPP5D
0.00233004402592211	2.17994441368061	0.036	0.008	1	5	MAMDC2
0.000147088634488541	2.17994441368061	0.059	0.015	1	5	LOC138527766
0.00136231468924205	2.15394920514767	0.047	0.013	1	5	BACE2
0.000253512429345665	2.14702979120788	0.059	0.016	1	5	GCNT2
0.0013763973343277	2.10955508578922	0.047	0.013	1	5	EPS8L2
0.00389301531727761	2.10955508578922	0.03	0.006	1	5	LOC138581074
0.00762400669231473	2.10955508578922	0.03	0.007	1	5	CDK14
0.00762400669231473	2.10955508578922	0.03	0.007	1	5	DNA2
0.00762400669231473	2.10955508578922	0.03	0.007	1	5	MDFI
0.00762400669231473	2.10955508578922	0.03	0.007	1	5	SNX20
0.00751489797206325	2.05708766589508	0.036	0.01	1	5	PPDPFL
0.00235837074490157	2.04244088993068	0.036	0.008	1	5	NCKAP1L
0.00436867678112903	2.04244088993068	0.036	0.009	1	5	TAFA5
0.00436867678112903	2.04244088993068	0.036	0.009	1	5	ZSWIM7
0.000696023241659392	2.04244088993068	0.059	0.017	1	5	SLC37A2
0.000461254030629283	2.01644568139773	0.053	0.014	1	5	LOC138526072
0.000788500687193101	1.98402420370536	0.053	0.015	1	5	MAPT
0.000150841411074487	1.95755199234417	0.065	0.017	1	5	CEBPG
0.00367452261527328	1.9289828401474	0.047	0.015	1	5	SPATS2L
0.00116118803624631	1.91691000784682	0.036	0.007	1	5	RYR2
0.00757815056801578	1.91691000784682	0.036	0.01	1	5	LOC138492006
0.00757815056801578	1.91691000784682	0.036	0.01	1	5	SRRD
0.00569076836473888	1.90602169170408	0.047	0.016	1	5	CFB
0.000103614942453387	1.86854698628542	0.095	0.032	1	5	SORCS2
0.0023580759924022	1.86444258795268	0.047	0.014	1	5	PLEKHH2
0.00311832479454659	1.83202111026031	0.053	0.017	1	5	SEPTIN12
0.00679494396556801	1.78762699090185	0.041	0.013	1	5	HAP1
0.000185354579973481	1.77940648409689	0.089	0.03	1	5	HEMGN
0.00376526601160912	1.77697974670235	0.047	0.015	1	5	TMPRSS2
0.00376526601160912	1.77697974670235	0.047	0.015	1	5	UNC13C
0.00256976387493111	1.75591813117452	0.059	0.02	1	5	B3GNT7
0.000362721603678726	1.75110111487674	0.071	0.022	1	5	GRPEL2
0.000362721603678726	1.75110111487674	0.071	0.022	1	5	TCEA2
0.000131981920653456	1.74698500640451	0.077	0.023	1	5	LTB4R
0.00401185814198803	1.74342718699132	0.065	0.025	1	5	NT5DC1
0.000202809439719638	1.69451758651037	0.077	0.024	1	5	PDGFRL
0.000361536230199488	1.69451758651037	0.083	0.028	1	5	PRSS12
0.00118359045406647	1.69451758651037	0.059	0.018	1	5	ADAMTS17
0.00144521402728096	1.69451758651037	0.047	0.013	1	5	ANK1
0.00178301982769984	1.69451758651037	0.059	0.019	1	5	ZNF485
0.00209346578599007	1.69451758651037	0.053	0.016	1	5	LOC138540565
0.00686894550390063	1.69451758651037	0.041	0.013	1	5	BEND7
9.05875875366452e-05	1.65704288109171	0.101	0.035	1	5	PTPRD
0.000461019343846939	1.6438915134404	0.077	0.026	1	5	EXPH5
0.000823514363176218	1.6438915134404	0.071	0.024	1	5	GBA1
0.00950790772553687	1.640069802488	0.059	0.024	1	5	POLR3F
0.0014780826639123	1.6356238974568	0.065	0.022	1	5	BACH1
0.0045159874896092	1.59498191295946	0.036	0.009	1	5	LOC138488005
0.000839352361162765	1.58760238259386	0.071	0.024	1	5	AQP3
0.000839352361162765	1.58760238259386	0.071	0.024	1	5	LOC138583265
0.00381547769042667	1.57904036909044	0.059	0.021	1	5	DOCK2
0.000420152810427394	1.57252706213176	0.089	0.032	1	5	RACGAP1
0.00095925518591428	1.55701406276044	0.077	0.027	1	5	HLF
0.00683903050868174	1.55701406276044	0.053	0.019	1	5	ABHD12
0.00034942917815027	1.51618034525186	0.095	0.035	1	5	CMKLR1
0.000391410857399584	1.51394534086855	0.083	0.028	1	5	ORMDL1
0.00561668727957149	1.50187250856798	0.065	0.026	1	5	LINGO2
8.75857656698727e-05	1.49812037370687	0.189	0.093	1	5	MRGPRH
0.00308692073130691	1.47212516517392	0.065	0.024	1	5	ADGRG2
0.00423004558548662	1.47212516517392	0.065	0.025	1	5	LRP11
0.000219088735130524	1.46005233287335	0.089	0.03	1	5	LPAR1
0.00243107778819899	1.44076099426459	0.071	0.027	1	5	STEAP3
0.00756867586217785	1.44076099426459	0.065	0.027	1	5	BLM
0.00756867586217785	1.44076099426459	0.065	0.027	1	5	ZNF622
0.00700089624368925	1.43148318067658	0.053	0.019	1	5	RMND1
0.00969825350922413	1.43148318067658	0.053	0.02	1	5	BMP2
0.000123385382187052	1.41440966731764	0.118	0.046	1	5	LMTK2
0.00254163234310685	1.41440966731764	0.077	0.03	1	5	CASP9
0.000279411467542536	1.41072462050978	0.107	0.041	1	5	COL23A1
0.00398312153039703	1.3990617029842	0.059	0.021	1	5	COX4I2
0.000156350045528156	1.38966300498195	0.089	0.029	1	5	PRR5
0.00425170092563971	1.37258949162301	0.083	0.036	1	5	LOC138453542
0.0072432771621376	1.35348066867531	0.077	0.034	1	5	PRR11
0.000787135041802567	1.35056318529301	0.112	0.048	1	5	IFIT5
0.0001212427448959	1.3383737762851	0.136	0.057	1	5	RNPEP
0.0078157269117958	1.32528377684465	0.065	0.027	1	5	CDIP1
0.0078157269117958	1.32528377684465	0.065	0.027	1	5	YIPF2
0.000294710074783296	1.32105919098293	0.118	0.048	1	5	LOC138453101
0.000820394074891246	1.31600596325664	0.083	0.03	1	5	PRKD1
0.00991579488322271	1.31600596325664	0.053	0.02	1	5	EPB41L4B
0.00771324198410925	1.30749446340113	0.071	0.03	1	5	MUC5B
0.00771324198410925	1.30749446340113	0.071	0.03	1	5	VPS33B
8.90575708313048e-05	1.30405810995219	0.178	0.084	1	5	CEACAM4
0.000186782681664261	1.30220016373161	0.101	0.037	1	5	HSPB6
0.000324396558650663	1.29965796916916	0.13	0.057	1	5	MYLIP
0.00231428445501722	1.29858891017923	0.101	0.045	1	5	ENTPD8
0.00847114124247365	1.29012733143104	0.083	0.038	1	5	PEX2
0.00069180802214289	1.27001975798246	0.107	0.044	1	5	ZNF438
0.00235996942117631	1.26155817923427	0.101	0.045	1	5	KIFC1
0.00252768769881218	1.2584184717037	0.095	0.041	1	5	DOLPP1
0.00202777738115491	1.25639647411849	0.136	0.069	1	5	TANK
0.00784941745381037	1.25215948123202	0.219	0.149	1	5	IRF1
0.0003928301691865	1.24200538181287	0.101	0.038	1	5	STK33
0.000916730864471539	1.24079961906747	0.124	0.057	1	5	LY96
0.00010416321350695	1.23508596787307	0.136	0.056	1	5	SULT1C2
0.00879235437604287	1.23508596787307	0.083	0.038	1	5	POLD2
0.00153149669709732	1.22321186758478	0.118	0.055	1	5	TMEM220
0.00180111546062627	1.20909075934013	0.107	0.048	1	5	RFWD3
0.00254051722243937	1.20419195992729	0.112	0.053	1	5	SMIM14
0.00790209187336154	1.20419195992729	0.101	0.05	1	5	TP53INP1
0.00015697530940731	1.19809176039087	0.148	0.065	1	5	TRPV4
0.00197420431990371	1.19201724598119	0.101	0.044	1	5	USP44
0.00087530478644434	1.19201724598119	0.148	0.073	1	5	MGST1
0.000283372304473443	1.17994441368061	0.201	0.106	1	5	RAB33B
0.000539048362409398	1.17994441368061	0.118	0.05	1	5	PDLIM5
0.00902200891804556	1.17514342741679	0.083	0.038	1	5	NR2F6
0.00059206860146662	1.17368542320893	0.13	0.059	1	5	GGH
0.00549006295483905	1.17095563045336	0.089	0.04	1	5	TUT1
0.00200837165897319	1.16400286981159	0.101	0.044	1	5	LOC138529514
0.00382923997325421	1.16400286981159	0.101	0.047	1	5	CEP131
0.0023406321208324	1.1610853864293	0.107	0.048	1	5	DBN1
0.000165389935954627	1.1594803111209	0.219	0.117	1	5	FAM43A
0.00696366598734262	1.15019707028656	0.118	0.062	1	5	USP37
0.00771434206148153	1.15019707028656	0.118	0.063	1	5	TRIM23
0.00422190918207278	1.14854921740508	0.124	0.064	1	5	TMEM167B
0.000372105577123483	1.14310764550024	0.148	0.069	1	5	OSBPL3
0.000390533096815392	1.13812423798599	0.095	0.035	1	5	CHAD
0.00924152146436184	1.13652213338949	0.095	0.047	1	5	PPIL3
0.00292418072937116	1.13509017789635	0.107	0.049	1	5	KCTD3
0.000402879456838867	1.13061670131705	0.13	0.057	1	5	SERINC5
0.00275123469976599	1.12623382693585	0.142	0.074	1	5	KLF8
0.000832988560799971	1.12420186175362	0.249	0.152	1	5	RND3
0.000702188291697729	1.1169725573517	0.254	0.161	1	5	EFNA1
0.00703438831284036	1.10955508578922	0.101	0.049	1	5	DHX33
0.00053111048095925	1.10955508578922	0.16	0.079	1	5	USP22
0.00118995396858068	1.10955508578922	0.154	0.079	1	5	VNN1
0.00625981857368574	1.10955508578922	0.13	0.07	1	5	LOC138521045
0.000173807080187823	1.10024734356299	0.331	0.215	1	5	SLC4A11
0.00425361434114414	1.08683500928913	0.107	0.051	1	5	TMEM26
0.00453444124717966	1.08154070961962	0.154	0.087	1	5	ANGPTL4
0.00145157117912476	1.07784622606188	0.154	0.08	1	5	CFDP1
0.00102586662111995	1.07436565732692	0.148	0.073	1	5	EMILIN2
0.00029558081724113	1.0730292097641	0.189	0.097	1	5	SEC14L1
0.00129479855904248	1.0715872355902	0.136	0.066	1	5	MEX3A
0.00115690859050378	1.05510730176684	0.142	0.069	1	5	WBP1
0.0054101299379359	1.05405997319751	0.095	0.044	1	5	CLN3
0.00964905692850377	1.05405997319751	0.095	0.047	1	5	LRRC3
0.00524486589685453	1.0454247483695	0.118	0.06	1	5	LOC138452633
0.00315625590376865	1.04470394143925	0.148	0.08	1	5	UBN2
0.00128459622233832	1.04359182341086	0.331	0.229	1	5	SELENOP
0.00460278967941311	1.03916575789782	0.107	0.051	1	5	APCDD1L
0.000171643515100625	1.03602605036725	0.231	0.126	1	5	HIVEP1
0.00368543232036072	1.03555450434544	0.107	0.05	1	5	SMS
0.0088045083213117	1.03155257378794	0.101	0.05	1	5	ATAD3A
0.0098697468473674	1.02825498368737	0.118	0.064	1	5	WDR82
0.00207577724393256	1.02613907760158	0.148	0.077	1	5	ENAH
0.00601374289093142	1.02314033397174	0.136	0.074	1	5	KLHL5
0.000148555755114519	1.01947974148737	0.379	0.256	1	5	CEBPD
0.00562745547760544	1.01170776239107	0.107	0.052	1	5	ANKMY2
0.0079920076244238	1.01170776239107	0.107	0.054	1	5	ARHGAP42
0.00339288609611984	1.00862617693844	0.124	0.062	1	5	ATAD5
0.000899590825950409	1.00827174995203	0.231	0.137	1	5	LARP6
0.00239458969389015	1.00362164104015	0.172	0.096	1	5	LAYN
0.00267941942885217	1.00362164104015	0.154	0.082	1	5	LRP1
0.00699144636670171	1.00062071423605	0.089	0.041	1	5	POU6F2
0.000575699424398643	0.999930594614718	0.189	0.101	1	5	GSAP
0.000527914017081666	0.997192720333259	0.284	0.182	1	5	HMOX1
0.00213704489571139	0.990502414145453	0.16	0.086	1	5	ZNF410
0.00264900468434915	0.989260852071504	0.13	0.065	1	5	SQOR
0.00811083307325204	0.988248789567083	0.107	0.054	1	5	NIF3L1
0.00332928563047336	0.986698338003682	0.154	0.084	1	5	JOSD2
0.00209043634258597	0.985980400670683	0.189	0.11	1	5	ASF1B
0.00152473872201939	0.980821771667014	0.142	0.07	1	5	RELA
0.00164062600282922	0.979674803242306	0.213	0.126	1	5	FOXO1
0.00159885212444401	0.978310552510963	0.178	0.098	1	5	ADA
0.00206465582529073	0.974625505703107	0.178	0.099	1	5	MED15
0.000950329363797476	0.973233614576436	0.29	0.19	1	5	PLIN3
0.00226122389701666	0.972051562039281	0.154	0.081	1	5	CD274
0.000802319371785061	0.967747759450054	0.272	0.171	1	5	LGALS3BP
0.00213078808361804	0.966597131947173	0.166	0.09	1	5	EIF2AK3
0.00119248638326896	0.965819608327767	0.183	0.1	1	5	TAF9B
0.00500101869211275	0.962213369714029	0.16	0.091	1	5	BDH2
0.00938841419254946	0.961163245896545	0.183	0.117	1	5	LRP6
0.00519831264371624	0.957551992344166	0.148	0.082	1	5	ABR
0.0097585204426368	0.957551992344166	0.083	0.038	1	5	FLRT3
0.00199256741948581	0.957551992344166	0.195	0.113	1	5	UBE2H
0.00803900914115477	0.957551992344166	0.13	0.071	1	5	ISCA1
0.00835010653405523	0.953050600109225	0.154	0.09	1	5	NDC1
0.00447448579422652	0.951293001872484	0.13	0.068	1	5	NAF1
0.000344332376161697	0.951293001872483	0.207	0.11	1	5	TIAM1
0.00875172065792317	0.950356490939962	0.112	0.059	1	5	DPM3
0.000593876990020192	0.94909041359597	0.201	0.11	1	5	ADAM8
0.00329846084162701	0.948274178756155	0.16	0.088	1	5	SLC25A26
0.00954376516740052	0.946056353506337	0.201	0.133	1	5	CCDC71L
0.00593127132410661	0.94449583951872	0.124	0.065	1	5	LRIG2
0.000547069068176377	0.942445099953958	0.237	0.138	1	5	LOC138498143
0.00263071807479512	0.941610448475144	0.148	0.078	1	5	MFN1
0.00671161927522893	0.937087889784451	0.118	0.061	1	5	MLLT3
0.00671161927522893	0.937087889784451	0.118	0.061	1	5	TRIP4
0.000270682321037064	0.936718488927	0.272	0.159	1	5	CTBP1
0.00295471153240416	0.935525686014167	0.231	0.146	1	5	RIOK3
0.00453270737838771	0.935525686014167	0.136	0.072	1	5	LOC138530138
0.00180814056056844	0.932016900237028	0.16	0.084	1	5	THOC1
0.000429678803386525	0.928982840147395	0.243	0.141	1	5	MBD2
0.0029484463626296	0.925130514651789	0.207	0.126	1	5	SH3BP5
0.0022784608600826	0.92399943263314	0.172	0.095	1	5	MLANA
0.00421830490257119	0.923141961558335	0.154	0.085	1	5	NKRF
0.00036313545359992	0.921109996376106	0.231	0.129	1	5	MAN2B1
0.000455627346128486	0.920793442334048	0.172	0.085	1	5	WDR59
0.00380873423839609	0.918732743453638	0.172	0.098	1	5	AGPAT5
0.00017231941942979	0.91691000784682	0.272	0.158	1	5	PRSS16
0.00341454716939836	0.91691000784682	0.118	0.058	1	5	PDZD2
0.00199539289568784	0.913830614914848	0.189	0.108	1	5	EEIG1
0.00211377900177785	0.910246277565809	0.154	0.08	1	5	GET4
0.0050817898517989	0.907246910496101	0.166	0.095	1	5	NIP7
0.00623620219128393	0.904440655884604	0.13	0.069	1	5	SLC16A10
0.00123072273247071	0.903970952139322	0.195	0.109	1	5	LGALS8
0.00241076211240163	0.90310420832179	0.148	0.077	1	5	BTN2A1
0.00143601521796357	0.900101720160266	0.172	0.091	1	5	TPCN2
0.00570844814191047	0.895430280436369	0.142	0.078	1	5	NAGA
0.00567715649352924	0.894287098886149	0.154	0.087	1	5	SLC25A42
0.00546090971040324	0.893826394733779	0.166	0.096	1	5	PARP3
0.000847343338364003	0.887162664452768	0.195	0.106	1	5	SNTB2
0.0053856961668723	0.880930710741254	0.16	0.091	1	5	COL24A1
0.0086343483158554	0.87822953968276	0.13	0.071	1	5	MCRS1
0.00180706847026209	0.875089832152193	0.166	0.089	1	5	SEMA5B
0.00451381363848173	0.874599202988856	0.219	0.138	1	5	SH3TC1
0.000692050061705539	0.874067006841085	0.225	0.129	1	5	EPHA2
0.00110885511722717	0.871395348594451	0.207	0.117	1	5	DCTN5
0.000506101910979598	0.870547950601872	0.207	0.112	1	5	HPS5
0.000653758066916615	0.869604293068464	0.296	0.187	1	5	LYN
0.0010949210706173	0.862640345318699	0.243	0.146	1	5	ASAH1
0.00877267642152749	0.860527537949302	0.13	0.071	1	5	TMED1
0.00157119688149788	0.860195616852499	0.26	0.165	1	5	NUCB1
0.00529326285484523	0.859941195717744	0.237	0.156	1	5	SP140
0.00695375944019852	0.858016318793251	0.178	0.108	1	5	GADD45G
0.0076913972865867	0.854298030547142	0.16	0.093	1	5	ATF6
0.000898444461568581	0.853215332529431	0.201	0.111	1	5	AMACR
0.000931950493204189	0.851757328321569	0.237	0.14	1	5	SGCB
0.000262077812331006	0.851022072190363	0.379	0.252	1	5	ARRDC2
0.0019308534581428	0.850168456970567	0.219	0.131	1	5	COMT
0.000302600630166989	0.841358974839643	0.296	0.183	1	5	RAB31
0.000102075563679423	0.838907495845547	0.302	0.177	1	5	CCDC50
0.00449067172615969	0.8365365913828	0.172	0.099	1	5	MAPKBP1
0.00420479201803933	0.824578127074745	0.16	0.089	1	5	PLEKHM2
0.00472988687003209	0.824578127074745	0.166	0.094	1	5	XPO4
0.00100556192367164	0.823250900632575	0.213	0.121	1	5	MMP14
0.00101966980342968	0.820048468594232	0.219	0.125	1	5	KLHL29
0.00251977934651194	0.820048468594231	0.243	0.153	1	5	UBE2G2
0.00203211137192745	0.811331251493123	0.225	0.136	1	5	PARP9
0.0089084976752953	0.811031595236797	0.16	0.094	1	5	VPS9D1
0.00817203546014464	0.801432790426884	0.154	0.089	1	5	ACER1
0.00951949907590337	0.800010715357686	0.195	0.123	1	5	APPL1
0.00683692074951103	0.799789629610431	0.355	0.265	1	5	PLAT
0.00237835039194206	0.795446495361153	0.178	0.099	1	5	ADAMTSL3
0.000218266375704486	0.795280563445289	0.314	0.192	1	5	SLC43A2
0.000192466451675924	0.790377601917889	0.337	0.213	1	5	PSMC6
0.00675960381337909	0.789865463097853	0.213	0.136	1	5	BORCS6
9.20659130010412e-05	0.779849640310135	0.349	0.216	1	5	TRAF2
0.0019274324826245	0.778909773800745	0.225	0.135	1	5	SOCS7
0.00649086415070212	0.778909773800745	0.207	0.13	1	5	TENT5B
0.0035996938404206	0.77543758189394	0.26	0.171	1	5	CBR1
0.000499709267107362	0.773952054004777	0.379	0.253	1	5	JUN
0.00617067969462751	0.772520098511646	0.183	0.11	1	5	SALL4
0.00399144022041152	0.768518167954149	0.26	0.171	1	5	SGPP1
0.00180365886751695	0.768518167954149	0.201	0.114	1	5	FGD6
0.00723944187939096	0.768518167954149	0.16	0.092	1	5	ACS1
0.00680625963141352	0.765290660923753	0.213	0.135	1	5	MTSS2
0.000358956669821389	0.762332970737944	0.272	0.159	1	5	SAMD4B
0.0040558017407198	0.758908173780327	0.29	0.2	1	5	TM9SF1
0.000206433869450758	0.758838567477229	0.396	0.268	1	5	SYNGR2
0.000580236587948177	0.758647923930088	0.325	0.212	1	5	SUCLG1
0.00653700702276198	0.755918131174516	0.166	0.096	1	5	NEO1
0.000554065347875051	0.75422383263464	0.343	0.226	1	5	C5PH6orf62
0.00500286064441465	0.75422383263464	0.201	0.122	1	5	RAVER2
0.00081164916785552	0.752233084366659	0.243	0.143	1	5	EML1
0.00873000190185105	0.75110111487674	0.148	0.084	1	5	ZNF383
0.00855306705599869	0.748965370532749	0.154	0.089	1	5	PMM2
0.00903322480145102	0.746985006404508	0.225	0.148	1	5	SLC38A9
0.00229930827501107	0.745501515229178	0.201	0.116	1	5	DHX57
0.0086980507669976	0.745501515229178	0.195	0.122	1	5	IFNAR2
0.00010796314285789	0.743602367009856	0.444	0.315	1	5	TSPAN18
0.00726993882599264	0.742346111600987	0.225	0.145	1	5	SLC4A7
0.000267698471497026	0.732991734325008	0.355	0.23	1	5	USP32
0.00837396294560489	0.732585627343892	0.231	0.154	1	5	IL1R1
0.00618092073183712	0.727684450445572	0.29	0.204	1	5	HERC1
0.00534284196447508	0.725950094347029	0.272	0.187	1	5	HIPK1
0.000430129131544469	0.725411594456156	0.296	0.18	1	5	PLSCR3
0.0018930318910046	0.724061862124387	0.195	0.11	1	5	GAB3
0.000463563196728465	0.723663932169889	0.325	0.209	1	5	CHSY3
0.00344338804814772	0.722531962679969	0.237	0.149	1	5	PGM5
0.00544418895167111	0.721824932506107	0.207	0.128	1	5	POR
0.00750276685539113	0.721484634110642	0.148	0.083	1	5	PLXNA2
0.00494040777173443	0.720989797871563	0.266	0.178	1	5	NCOA4
0.00172763832302793	0.718765132757049	0.296	0.193	1	5	LAMP3
0.000213190919431159	0.718765132757049	0.444	0.315	1	5	LOC138503155
0.00171922102722017	0.713626409458077	0.343	0.245	1	5	SUPT16H
0.00976095108775057	0.710284902368689	0.231	0.153	1	5	GTF2H1
0.00229611240426638	0.706795916288809	0.29	0.191	1	5	NFE2L2
0.000469943926728119	0.70672664420559	0.385	0.261	1	5	LTA4H
0.00326547765340803	0.699754234876519	0.325	0.228	1	5	PPP2R5A
0.00127326250723561	0.698717575039658	0.385	0.276	1	5	ERLIN2
0.00278529906599259	0.694517586510373	0.207	0.122	1	5	PIK3C3
0.007161688077826	0.694517586510372	0.243	0.16	1	5	OTUD1
0.000141960471178777	0.690424831876489	0.408	0.267	1	5	SERINC1
0.000481904384424181	0.690424831876489	0.385	0.267	1	5	CDC42BPA
8.24249713892157e-05	0.689063156418264	0.337	0.198	1	5	TBX1
0.00717107404709585	0.688312436983664	0.284	0.199	1	5	YTHDF2
0.00441017913576639	0.68820381257817	0.272	0.181	1	5	TMEM87A
0.000703902494926986	0.687760220335064	0.598	0.516	1	5	SSUH2
0.0043642153453189	0.687728420847733	0.402	0.306	1	5	GJC2
0.00524006627362678	0.685528803283117	0.213	0.132	1	5	SETD1B
0.00872817686931586	0.684802431677161	0.195	0.122	1	5	PROS1
0.000243721075984878	0.683428407848566	0.544	0.456	1	5	LAMP1
0.00773813472056535	0.679567245044401	0.136	0.074	1	5	PIEZO2
0.00157674007820051	0.677030159781531	0.231	0.135	1	5	DPP9
0.00286154897909171	0.67659567851311	0.296	0.198	1	5	VPS13A
0.00229447250854583	0.675658559259056	0.284	0.186	1	5	WWTR1
0.000498676295587183	0.675408763562668	0.331	0.214	1	5	VPS13C
0.0047050297947836	0.674618029072668	0.201	0.121	1	5	DAG1
0.000316936316619183	0.672602810081931	0.408	0.282	1	5	MDFIC
0.00832424540320614	0.669855532276103	0.272	0.189	1	5	PRKCI
0.00245830847296815	0.669571229380141	0.231	0.139	1	5	ZNF644
0.00540239639426746	0.668982494403235	0.266	0.178	1	5	SH3BP2
0.00341132838386593	0.667849636048292	0.32	0.222	1	5	PTP4A1
0.00250411951457219	0.666683378313647	0.337	0.236	1	5	RNF213
0.00657949569779162	0.66435561600012	0.302	0.216	1	5	SYT16
0.00663616292607078	0.663755332739685	0.284	0.196	1	5	IFI44
0.00100986904995507	0.662947507509502	0.414	0.298	1	5	LBH
0.00348859701037818	0.662096108817995	0.391	0.299	1	5	TAOK3
0.00376910249148027	0.662096108817995	0.272	0.179	1	5	NHSL1
0.00922170164275683	0.658893676779651	0.225	0.147	1	5	CMKLR2
0.0010631433307021	0.658893676779651	0.308	0.197	1	5	GOLGB1
0.00108729184243203	0.658175739446652	0.272	0.166	1	5	GAK
0.00568328183645946	0.652206781652408	0.225	0.142	1	5	EEIG2
0.00713505492828573	0.651015947873786	0.331	0.249	1	5	RAPGEF5
0.00193063572267273	0.650890654110114	0.29	0.188	1	5	SPECC1L
0.00460994273082162	0.650484818447706	0.379	0.273	1	5	HSP90AA1
0.00977906936490246	0.648505188753536	0.266	0.185	1	5	LOC138566285
0.000143201660863262	0.648395540640933	0.538	0.438	1	5	TSPAN14
0.00157773774543234	0.643338862584809	0.385	0.273	1	5	IGF1R
0.000241070097564563	0.640785602572583	0.467	0.332	1	5	ATP6V1A
0.00384524334134882	0.640522696869643	0.272	0.176	1	5	FLRT2
0.00130882166147937	0.638664351776855	0.337	0.227	1	5	PEAK1
0.00164483251117323	0.635623897456804	0.314	0.207	1	5	RANBP9
0.000976732871395787	0.630387249090657	0.391	0.277	1	5	SVIL
0.00262959266069533	0.626540792694366	0.302	0.199	1	5	EWSR1
0.000692857407111349	0.624976653257295	0.385	0.264	1	5	HEBP2
0.00534024474580519	0.622726903442362	0.402	0.306	1	5	SFT2D1
0.000376499408400308	0.609060810530032	0.462	0.348	1	5	MYH10
0.000871962753373212	0.607054745260033	0.337	0.22	1	5	MAN1A1
0.000732318007437536	0.602399384521941	0.396	0.271	1	5	GALNT1
0.000603973250821764	0.599037277656144	0.438	0.314	1	5	YLPM1
0.00283956705296354	0.598470899039337	0.32	0.218	1	5	LGALS3
0.00744485726710591	0.59297956004831	0.266	0.179	1	5	GLRX2
0.00676203671402164	0.591706780926597	0.237	0.153	1	5	PBX1
0.00823040536504663	0.591599273564806	0.325	0.236	1	5	TP53BP2
0.00488745966837915	0.590616720398056	0.343	0.251	1	5	UBE3A
0.000304788506140794	0.586558338374453	0.391	0.253	1	5	ATP6V1E1
0.00728195736786757	0.585506964591667	0.379	0.288	1	5	ZFAND5
0.00321666178485129	0.584334668759949	0.32	0.219	1	5	NUFIP2
0.000874401335162229	0.582126348964179	0.456	0.335	1	5	SDCBP2
0.00520562677167829	0.581925760134012	0.337	0.243	1	5	ABCB5
0.00442614194357255	0.581716984034246	0.385	0.282	1	5	HM13
0.000140417587971485	0.580031571493487	0.479	0.321	1	5	NCOA2
0.00184257748504997	0.577942009660994	0.355	0.248	1	5	IGF2
9.06719145334839e-05	0.572527062131762	0.686	0.616	1	5	AHNAK
0.000545843743058209	0.572289327099356	0.556	0.449	1	5	FAM174B
0.00249818030969624	0.572033579985377	0.367	0.258	1	5	RABGAP1
0.00161424775104546	0.566624672490578	0.42	0.303	1	5	RPN2
0.00904544825211698	0.565234569565406	0.361	0.27	1	5	ECPAS
0.000677188384514161	0.565033511096557	0.609	0.526	1	5	PSAP
0.0058862214517092	0.562489192826588	0.314	0.218	1	5	CAND1
0.00188832788323173	0.562250711126584	0.515	0.402	1	5	RSRP1
0.00189141451010265	0.55986805981559	0.479	0.374	1	5	RAPGEF6
0.00702609728416743	0.557014062760437	0.225	0.142	1	5	CUL2
0.00520108078938835	0.54985934367849	0.325	0.228	1	5	ADAR
0.00670010257436143	0.538241646579911	0.308	0.213	1	5	RALGAPB
0.00147682367733852	0.53546449063163	0.527	0.42	1	5	CTSB
0.000303750032456801	0.534904959504198	0.497	0.357	1	5	LOC138487737
0.000421805131857212	0.531430015121613	0.444	0.309	1	5	PDCD6IP
0.000256032268370461	0.526917638014304	0.544	0.43	1	5	ANXA11
0.00346682852672336	0.520187405948059	0.598	0.511	1	5	ARL6IP1
0.00547017179599272	0.519591904009693	0.308	0.21	1	5	CCN1
0.00562203604237085	0.513023196355923	0.337	0.239	1	5	DENND4C
0.0066585470089303	0.508651041199038	0.373	0.278	1	5	RC3H1
0.00265636751348937	0.505856022486474	0.462	0.357	1	5	EIF4B
0.00135710770673969	0.487396289454673	0.663	0.572	1	5	ZFP36L2
0.00281185724172094	0.482562333648141	0.485	0.374	1	5	CYB5R3
0.00603719703140304	0.480842382275033	0.396	0.297	1	5	MICU2
0.00498449539885748	0.476926151437746	0.402	0.301	1	5	LALBA
0.00163101065606168	0.47483954987096	0.509	0.383	1	5	PSPC1
0.0060350357309114	0.473788214396568	0.32	0.22	1	5	PDS5B
0.00322180816521498	0.471046514625816	0.604	0.544	1	5	ARHGDIA
0.00356010683002209	0.470869009203499	0.379	0.267	1	5	GNAL
0.0036433484507164	0.470769885561913	0.515	0.419	1	5	TXNIP
0.00711553852560491	0.470587930035526	0.343	0.241	1	5	SBF1
0.00578397419404602	0.466040402712947	0.586	0.51	1	5	VCP
0.00300205676543598	0.465698896014491	0.426	0.314	1	5	CAMK2G
9.10093356121611e-05	0.450187519135508	0.663	0.583	1	5	SPARC
0.00599225751716458	0.442330562913571	0.598	0.504	1	5	SGK1
0.00747141602668271	0.439703687481547	0.473	0.373	1	5	SPCS2
0.00587323654325419	0.436561820714339	0.408	0.303	1	5	PPP2R5C
0.0089483975105451	0.436033720790845	0.574	0.502	1	5	CBX3
0.00793019511560049	0.435023538381827	0.396	0.296	1	5	SLC12A6
0.00962481551952617	0.429173019989377	0.284	0.193	1	5	SETD1A
0.000729631677312541	0.427798687470587	0.734	0.65	1	5	APP
0.00992141693456524	0.427413516367532	0.32	0.223	1	5	DAP
0.00732763469370759	0.42423509717371	0.408	0.312	1	5	KDM6B
0.00688588244009244	0.412253709196526	0.497	0.391	1	5	USP9X
0.00737572811326885	0.407384857059547	0.645	0.573	1	5	ASAP1
0.00639356745368202	0.394122653172651	0.562	0.452	1	5	CANX
0.00252151450248352	0.368559614586857	0.604	0.484	1	5	PRKAR1A
0.0082881896445944	0.350094853835923	0.55	0.45	1	5	PICALM
0.00484496233142325	0.348840888850401	0.698	0.631	1	5	IFITM1
0.00771625781366191	0.335114786204347	0.391	0.282	1	5	MYCBP2
0.000274923462364624	0.327888412243351	0.982	0.976	1	5	COX1
0.00424722592826093	0.302399307225736	0.817	0.749	1	5	NONO
0.000576568504453847	0.289117101731407	0.787	0.693	1	5	LOC138504630
0.00127071241047918	0.273545031914393	0.893	0.873	1	5	RAC1
0.000252570068187444	0.233584984514978	0.964	0.975	1	5	HNRNPK
0.00916766801167507	0.212248794255043	0.734	0.674	1	5	TRIM39
0.00404844506462444	-0.170939590463369	1	1	1	5	CIRBP
0.000267042198437448	-0.198717985038675	0.331	0.475	1	5	LOC138580807
0.00915095454941753	-0.23254513314178	0.911	0.9	1	5	TAGLN2
0.000642764935692515	-0.244255134308295	0.988	0.975	1	5	TPT1
0.00234275320814694	-0.267301529490073	1	0.995	1	5	COX2
0.00538499559806028	-0.269579866504622	0.929	0.941	1	5	HMGB2
0.00877827542813728	-0.285018310929912	0.491	0.621	1	5	CALR
0.0021217920810125	-0.299395083610713	0.953	0.98	1	5	VIM
0.000881390147793826	-0.310189416167155	0.905	0.94	1	5	DYNLL1
0.000190528962378184	-0.324431516290618	0.817	0.867	1	5	NACA
0.0014280004194374	-0.331017505596765	0.592	0.72	1	5	TUBA1A
0.00531164044789151	-0.334329479137842	0.598	0.707	1	5	PTPRM
0.000319668924300086	-0.33674237632833	0.923	0.886	1	5	RPL22
0.000249715655397709	-0.340687361393421	0.941	0.91	1	5	HSPA8
0.00214880438710816	-0.341429109896019	0.657	0.742	1	5	COX6A1
0.00339239289607195	-0.346069947418347	0.657	0.711	1	5	NDUFA4
0.00642408709456777	-0.352550667146407	0.124	0.221	1	5	MEOX2
0.000329654589535995	-0.363946984443397	0.953	0.927	1	5	MYL6P1
0.00065908976499254	-0.372745640394306	0.864	0.897	1	5	PFN1
0.00260368788428155	-0.383843047632715	0.521	0.65	1	5	TPM2
0.00828995907812931	-0.398499429226159	0.249	0.346	1	5	TTN
0.00251162096342239	-0.399610125196182	0.775	0.806	1	5	TUBA1C
0.000861767779369852	-0.407284694012487	0.834	0.857	1	5	HSPG2
0.0052920543459059	-0.415106904664126	0.337	0.446	1	5	UQCRB
0.00440210805150697	-0.425905453514366	0.444	0.558	1	5	GSTM1
0.00953174783128665	-0.427710672900644	0.172	0.271	1	5	NPDC1
0.00568951198990013	-0.433559667689197	0.444	0.56	1	5	EGFL7
9.34149059341135e-05	-0.433725899917019	0.71	0.782	1	5	RPL6
0.0030243498284958	-0.443310539567603	0.456	0.559	1	5	EEF1D
0.000854831902958869	-0.451925981592777	0.497	0.616	1	5	LOC138567164
0.001352541187076	-0.458252693892873	0.432	0.548	1	5	ATP5F1A
0.00478835892635315	-0.461986899169618	0.195	0.308	1	5	B3GNT2
0.00180452631835664	-0.466165262627091	0.355	0.485	1	5	FLNA
0.00119946631857372	-0.468712762357932	0.491	0.612	1	5	SNRPB
0.00214032401342181	-0.469023798141086	0.592	0.668	1	5	RSL24D1
0.00206154978774445	-0.47540741493194	0.337	0.47	1	5	ANXA7
9.3588828434594e-05	-0.477187421377226	0.574	0.708	1	5	LOC138510586
0.000840475795139108	-0.490273724884308	0.438	0.573	1	5	SEMA3F
0.00447477117900982	-0.494625330476081	0.26	0.378	1	5	NDUFA6
0.000635653256096661	-0.49479132512252	0.432	0.581	1	5	S100A4
0.00279690618871887	-0.497102486031259	0.402	0.509	1	5	NEDD8
0.000292408565829446	-0.50312817249039	0.467	0.611	1	5	RPL5
0.00393490541048139	-0.51318882224612	0.278	0.394	1	5	NOTCH1
0.00012919782857015	-0.52195000086897	0.479	0.618	1	5	LOC138488548
0.000627487974862119	-0.522625483828256	0.402	0.558	1	5	ARL15
0.00272876035304427	-0.525929190511106	0.254	0.372	1	5	TPI1
0.00050920858471351	-0.5264019454272	0.432	0.559	1	5	MIF
0.000419515399475041	-0.531617236511892	0.586	0.676	1	5	CAVIN2
0.000301133848338569	-0.533652555967894	0.367	0.506	1	5	ADGRL4
0.00120418658290313	-0.547557200687776	0.148	0.266	1	5	SLC16A2
0.00146333520314513	-0.549206601102006	0.462	0.573	1	5	S100P
0.00240895800421764	-0.553409926933213	0.29	0.409	1	5	CAPZB
8.60535436432061e-05	-0.559877350691525	0.55	0.684	1	5	ATP5MC3
0.000903240313696994	-0.570254557688252	0.414	0.552	1	5	GRB10
0.00148106415613543	-0.584555029415193	0.148	0.264	1	5	LOC138510069
0.00933603496895676	-0.585590332682363	0.172	0.264	1	5	MINK1
0.00659600200707278	-0.587517781253477	0.219	0.321	1	5	MGST3
0.00418094912384033	-0.591533472048394	0.296	0.399	1	5	SNRNP27
0.00795260695748106	-0.596478648825099	0.172	0.268	1	5	NDUFA2
0.00794025107471633	-0.597747530647176	0.615	0.648	1	5	LGALS1
9.15207279837972e-05	-0.59932796640895	0.355	0.509	1	5	EHD2
0.00169501536374601	-0.604140729054143	0.355	0.463	1	5	GLRX
0.00136665882248241	-0.605467955496313	0.231	0.359	1	5	SHE
0.000920632515266687	-0.619896454719683	0.231	0.368	1	5	PDGFD
0.00166749751552942	-0.623506053921074	0.136	0.253	1	5	SUSD1
0.00294251610949986	-0.630924992553227	0.166	0.279	1	5	LOC138471710
0.000534514815640506	-0.632743952680031	0.237	0.38	1	5	DBNL
0.00393189146918512	-0.638755481970999	0.195	0.303	1	5	AK2
0.0078523359409098	-0.639383150043066	0.189	0.285	1	5	NDUFA3
0.00128940512906187	-0.639901452560187	0.213	0.34	1	5	TNFAIP8L1
0.00344932651954366	-0.644284326941386	0.136	0.239	1	5	RAPGEF4
0.00633619656044078	-0.650011937314122	0.207	0.305	1	5	MICOS13
0.000393975840398053	-0.661669909313201	0.491	0.576	1	5	TUBA1B
0.00132776299061595	-0.665963749146383	0.183	0.307	1	5	ARHGEF28
0.00693209110754883	-0.667250772908781	0.118	0.208	1	5	LPAR4
0.000278206307163426	-0.677041276101591	0.373	0.501	1	5	ATP5PD
0.0070866451134967	-0.680521844836552	0.059	0.134	1	5	PRICKLE1
0.000102841258192031	-0.707825554453654	0.598	0.709	1	5	ACTG1
0.000593981788522658	-0.73479404375059	0.225	0.356	1	5	ATP5PB
0.000847179806076248	-0.736010994510972	0.26	0.388	1	5	RALGAPA1
0.0091820324340398	-0.739303388447887	0.13	0.218	1	5	ATP2A3
0.000221317762422803	-0.744714417781264	0.225	0.378	1	5	TACR1
0.00567509941236459	-0.746709436749335	0.154	0.25	1	5	GNG2
0.00962789292153754	-0.757609231503692	0.083	0.161	1	5	SLC44A2
0.00225641715881436	-0.768109371286732	0.172	0.283	1	5	EFNB2
0.0052759186074944	-0.773828756934673	0.201	0.3	1	5	SLC12A2
0.00122126749019814	-0.774967696790848	0.112	0.225	1	5	DLC1
0.00917711777497514	-0.785475354609241	0.089	0.167	1	5	STK10
0.00670394082520167	-0.785914330739477	0.178	0.27	1	5	LOC138526320
0.000687660494659439	-0.798584056016561	0.272	0.399	1	5	EXOC3L2
0.00317308403761917	-0.799220154164245	0.189	0.292	1	5	NDUFB4
0.00148533600108503	-0.801908239609127	0.13	0.241	1	5	NAV1
0.00685835639733708	-0.807982754018811	0.089	0.172	1	5	TSPAN6
0.00870311663942367	-0.810476609507369	0.089	0.168	1	5	IST1
0.0097631207950998	-0.816444332767007	0.112	0.194	1	5	MRPL51
0.000720636620549925	-0.835101880367009	0.142	0.264	1	5	PTPRG
0.000783342404712118	-0.846855645663101	0.142	0.262	1	5	LBHD2
0.000993066374628765	-0.849802929713438	0.178	0.295	1	5	MDH2
0.00424412450275092	-0.85391903818567	0.107	0.198	1	5	LXN
0.00350075515034655	-0.879473796389781	0.095	0.189	1	5	SPRY3
0.00128735328297327	-0.89431792335799	0.142	0.253	1	5	PPP1R16B
0.00112877316093916	-0.894890819241976	0.118	0.231	1	5	HEG1
0.000850381895137862	-0.900861530156122	0.095	0.205	1	5	ENPP1
0.00274584817873657	-0.912139985310103	0.101	0.197	1	5	TRIM71
0.000583943170978257	-0.921741044700322	0.189	0.314	1	5	VWCE
0.000142390187766596	-0.924392246134122	0.166	0.309	1	5	PLPP1
0.00328122763815729	-0.931921550186943	0.089	0.181	1	5	SNAI2
0.00041687714255587	-0.958189520846618	0.112	0.236	1	5	MCTP2
0.000212467011980692	-0.963201256646099	0.148	0.282	1	5	FCRL5
0.00223873277842552	-0.970444236276004	0.101	0.198	1	5	GNA11
0.00330726815462213	-0.972907074402757	0.089	0.179	1	5	PLP2
0.00110727431863228	-0.976994946167218	0.148	0.262	1	5	NHERF2
0.000106074647681402	-0.983554318602265	0.136	0.278	1	5	SEMA3G
0.000158309078799514	-0.989980587761698	0.101	0.233	1	5	LHX6
0.00209975806664115	-0.995314032064739	0.107	0.206	1	5	CENPE
0.00058739341860788	-1.00974384258313	0.107	0.223	1	5	SH3RF3
0.00995852419822142	-1.04244800765583	0.065	0.135	1	5	LOC138539772
0.000911272777534021	-1.05367526307909	0.059	0.154	1	5	ABLIM1
0.00048605196891088	-1.0603699156531	0.095	0.211	1	5	PDGFB
0.00335887527587472	-1.06703364593411	0.083	0.171	1	5	FRY
0.00506254244329068	-1.0802694730908	0.089	0.172	1	5	NOS1AP
0.00221892278704182	-1.08445553417741	0.03	0.105	1	5	KANK4
0.00125414070626083	-1.0955593441154	0.095	0.197	1	5	AOC3
0.00997278443037484	-1.0955593441154	0.053	0.121	1	5	LOC138582574
0.0046290690660035	-1.10175383641822	0.231	0.332	1	5	LOC138472539
0.00706607069524489	-1.10343863754498	0.053	0.124	1	5	CTF1
0.00409210004851562	-1.11283733554723	0.071	0.154	1	5	GPR182
0.000133931412039566	-1.12991084890617	0.112	0.244	1	5	MAST4
0.00941949457811079	-1.14067154374396	0.059	0.128	1	5	NBEA
0.00403089373097466	-1.14917918261095	0.071	0.154	1	5	ARHGAP7
0.00508892093096021	-1.16797888973969	0.047	0.12	1	5	EPO
0.00986007096233495	-1.1904898911997	0.13	0.217	1	5	MMP9
0.000268308411224841	-1.23148183204585	0.071	0.184	1	5	LOC138567585
0.00336987955983342	-1.25544173099003	0.059	0.14	1	5	TSPAN2
0.000254378360355888	-1.26573623469687	0.112	0.235	1	5	WIF1
0.00194862876542755	-1.26741437265611	0.065	0.154	1	5	LDHB
0.000208588645026043	-1.26786812168985	0.077	0.196	1	5	GPR68
0.00557150844935538	-1.31190868264906	0.065	0.142	1	5	RASA4
0.00101787595613794	-1.35859374994919	0.225	0.335	1	5	LOC138472541
0.000511172184120866	-1.3623136360863	0.077	0.183	1	5	CCSER1
0.000302202664308617	-1.36267781507117	0.071	0.183	1	5	CRTAC1
0.00224036215554253	-1.38229801054046	0.036	0.112	1	5	TMEM63B
0.000181445793911222	-1.3864024088732	0.065	0.18	1	5	PYGL
0.00029001685625618	-1.41590640318328	0.053	0.159	1	5	LOC138513412
0.00491719037805543	-1.42649781445099	0.053	0.127	1	5	RAPGEF3
0.00432885125521226	-1.43476543043459	0.024	0.088	1	5	ANO8
0.00411816613584967	-1.44064199677126	0.036	0.105	1	5	XPNPEP2
0.00134142375575751	-1.47540741493194	0.201	0.311	1	5	LOC138472538
9.23079424511625e-05	-1.48155964191354	0.071	0.194	1	5	ANXA6
0.00737358943167506	-1.51493577911858	0.077	0.151	1	5	LOC138472547
0.00146955522375633	-1.53430110398551	0.041	0.124	1	5	VAMP5
0.00297339392917244	-1.58160681876387	0.036	0.109	1	5	EVA1C
0.000741899405731774	-1.59088463235188	0.041	0.132	1	5	SDR9C7
0.00097669059180466	-1.60560613805864	0.047	0.137	1	5	LOC138531582
0.0052510618412862	-1.62741050837699	0.024	0.085	1	5	PLAAT3
0.0030013060097535	-1.65125725033136	0.03	0.1	1	5	DISP3
0.000110144092538526	-1.67704127610159	0.053	0.167	1	5	DUSP9
0.000599156060420406	-1.67803658144696	0.036	0.125	1	5	BTBD6
0.00814362377803755	-1.68052184483655	0.018	0.071	1	5	L3MBTL3
0.00693552307060575	-1.69014626372495	0.036	0.1	1	5	TGFBI
0.00878039934361869	-1.74288772579693	0.024	0.08	1	5	NPPC
0.000125821639422177	-1.85237687337726	0.041	0.149	1	5	COL18A1
0.00352335349416499	-1.91034447164849	0.006	0.06	1	5	RASD2
0.00302676340036328	-1.92019225760484	0.018	0.081	1	5	SOX17
0.000103489577727224	-2.1634634086172	0.024	0.124	1	5	FXYD6
0.00799341943303236	-2.7973355098193	0	0.04	1	5	RMI2
0.00114718303552349	-3.45522953299431	0	0.059	1	5	P3H2
4.84049258705194e-28	1.05532307075686	1	0.999	5.95041753726294e-24	6	unassigned-gene-4
1.42146497981478e-25	0.671598256472293	1	0.999	1.7474068996863e-21	6	COX3
7.80591067540553e-24	0.692792441410867	1	0.996	9.59580599327602e-20	6	COX2
3.69239236877609e-22	0.686398417091874	1	0.966	4.53905793893644e-18	6	CYTB
1.54523465205862e-19	1.28583868890803	0.985	0.866	1.89955695777566e-15	6	unassigned-gene-2
2.31375179553762e-13	0.558840948286631	1	0.974	2.8442950822544e-09	6	COX1
3.44713708267508e-13	0.62740933352794	0.97	0.852	4.23756561573247e-09	6	ND2
1.01490123548414e-12	1.2696349919194	0.948	0.86	1.24761808878066e-08	6	KRT5
3.50857697127527e-12	1.07879210156704	0.748	0.544	4.31309367078869e-08	6	KRT1
2.88050895320188e-11	-0.43228676929153	1	1	3.54100965617107e-07	6	CIRBP
2.24403151369908e-10	-0.454983221834282	1	0.998	2.75858793979027e-06	6	ACTB
3.31409871419384e-10	1.32607012896346	0.704	0.541	4.07402154935849e-06	6	S100P
6.10905300511124e-10	1.22180224131558	0.526	0.293	7.50985885918325e-06	6	LOC138472539
6.14576581156155e-10	1.04824475275097	0.696	0.466	7.55498991215262e-06	6	LOC138580806
2.67642651504353e-09	1.25418539471273	0.741	0.54	3.29013111494302e-05	6	S100A4
8.33320005031556e-09	-0.658858813318383	0.793	0.904	0.000102440028218529	6	MSN
1.08078064766211e-08	0.564120156421181	0.919	0.816	0.000132860365017103	6	ND1
1.87208362593358e-08	-0.55902310136177	0.852	0.908	0.000230135240136015	6	TAGLN2
3.65271237500192e-08	-0.479664340073111	1	0.995	0.000449027932258986	6	TMSB4X
3.66874210375663e-08	1.2784644464034	0.511	0.297	0.000450998466814803	6	LOC138472541
5.15870501561621e-08	-0.938193516852211	0.4	0.64	0.000634159607569701	6	MYADM
7.66842623135547e-08	3.23266075679027	0.059	0.006	0.000942679636620528	6	ZNF483
7.79209697346663e-08	-0.403212700826618	0.993	0.976	0.000957882480948253	6	RPS23
1.01122533590704e-07	-0.781399015984402	0.704	0.814	0.00124309930543053	6	TUBA1C
2.33611469077362e-07	1.57444927403848	0.207	0.074	0.00287178578936801	6	RN18S
5.08795682237775e-07	4.38466385023533	0.03	0.001	0.00625462532174896	6	GFPT2
5.46699549407279e-07	5.06273575534796	0.022	0	0.00672057756086368	6	ZNF613
7.14324719391447e-07	-0.703149627799069	0.444	0.679	0.00878119377547906	6	JPT1
7.90307043343017e-07	-0.694897123554323	0.615	0.748	0.0097152444838157	6	CALM2
7.94103466857537e-07	-0.342242712886494	1	0.98	0.0097619139180797	6	RPLP2
8.13969269072292e-07	-0.34612595309269	1	0.973	0.0100061242247057	6	FAU
8.37620517095059e-07	1.27265882472219	0.363	0.198	0.0102968690166496	6	TGM3
1.38304830365783e-06	1.07432372962317	0.593	0.43	0.0170018127968656	6	XIRP2
1.41640987312355e-06	-0.749762469985601	0.615	0.762	0.0174119265703079	6	PRX
1.6161313999271e-06	2.64769825606912	0.074	0.013	0.0198671032993038	6	LOC138580894
1.8489806414807e-06	0.996718582613449	0.607	0.438	0.0227295190257222	6	LOC138580807
2.28563351476268e-06	-0.510745941369539	0.911	0.933	0.0280972927969776	6	MYL6P1
4.45853240242137e-06	0.457922018159109	0.837	0.69	0.0548087388229659	6	LOC138504630
4.9220218774733e-06	-0.820586369122151	0.615	0.747	0.0605064149397792	6	PRSS23
5.81240456186122e-06	-0.503759996714386	0.956	0.96	0.07145188927896	6	S100A10
5.82741521631701e-06	0.331762672563449	1	0.991	0.0716364152541849	6	ATP6
6.6794481240042e-06	-0.577832506815731	0.489	0.688	0.0821104557883836	6	RALB
7.47010021871892e-06	0.582224418591838	0.681	0.526	0.0918299419887117	6	KRT19
9.10548173659941e-06	0.411188779736545	0.933	0.854	0.111933686988017	6	ND4
9.57931624644039e-06	1.23097948980022	0.43	0.265	0.117758534617492	6	S100A13
1.06690288162125e-05	-0.988855977089309	0.311	0.517	0.131154371237701	6	LOC138567840
1.14930461666497e-05	-0.351900583001541	0.993	0.94	0.141284016526624	6	UBA52
1.33594903328115e-05	1.19612875520479	0.452	0.277	0.164228214661251	6	LOC138472538
1.41363230316633e-05	-1.10123997976316	0.163	0.35	0.173777819028236	6	SF3B6
1.53930540608257e-05	-2.01255237195628	0.044	0.195	0.18922681356973	6	EMC6
1.62992073875051e-05	-0.550969130359212	0.822	0.877	0.2003661564146	6	KRT8
1.76731207378629e-05	-0.945333674627923	0.37	0.563	0.217255673230549	6	IGFBP1
1.99199257934e-05	-0.436739928320131	0.889	0.901	0.244875647778266	6	SLC25A5
2.13650727069371e-05	0.707893037987865	0.607	0.452	0.262640838786378	6	RAPGEF2
2.34583499417875e-05	-0.52286951439291	0.778	0.841	0.288373495834393	6	KRT18
2.42883104394564e-05	-0.355523147306458	0.993	0.977	0.298576200232238	6	CFL2
2.46991916834581e-05	0.87709252015872	0.393	0.235	0.303627163364751	6	PERP
2.55325788962665e-05	-0.89382498338714	0.363	0.522	0.313871992371804	6	BTF3
2.55651428193759e-05	-0.652270878157965	0.867	0.862	0.314272300678588	6	CRIP1
3.03530693426158e-05	1.51841523912415	0.156	0.059	0.373130281428776	6	RUNX1T1
3.42954892423439e-05	-0.876576317952933	0.252	0.436	0.421594449256133	6	LSP1
3.48807547045483e-05	1.32668936799265	0.37	0.236	0.428789117583013	6	SLC16A2
4.15683275003649e-05	1.72713272356352	0.126	0.043	0.510999449961986	6	EEF2K
4.35613902498126e-05	4.64769825606912	0.015	0	0.535500170340946	6	ISM1
5.38629245074183e-05	-0.551278422897836	0.563	0.719	0.662136930969693	6	ATP5MK
5.59786248633154e-05	0.794508680293846	0.474	0.316	0.688145235444736	6	CYLD
5.63690665968245e-05	-0.247249065412401	1	0.997	0.692944935674764	6	FKBP2
5.83563275377711e-05	-1.63214443745123	0.067	0.211	0.71737433442182	6	ATOX1
5.97304732819095e-05	-0.789380617716391	0.378	0.548	0.734266708054514	6	PSMA4
6.93973139985911e-05	-0.461781100936447	0.719	0.827	0.853101180984681	6	EIF4A1
7.51649565699717e-05	-0.566509618632129	0.593	0.716	0.924002811114662	6	PFN2
7.62377685304051e-05	-0.344556511398335	0.941	0.955	0.93719088854427	6	RPL27
7.84016471328848e-05	-0.601154952010582	0.548	0.683	0.963791448204553	6	COX7B
7.87903586434465e-05	0.87774737450849	0.593	0.474	0.968569878803887	6	COL1A2
0.00169496645227246	3.64769825606912	0.015	0.001	1	6	ZNF554
0.00179816615071841	3.06273575534796	0.022	0.003	1	6	LOC138453694
0.00179816615071841	3.06273575534796	0.022	0.003	1	6	NXPE4
0.00179816615071841	3.06273575534796	0.022	0.003	1	6	FAS
0.00257174937173981	3.06273575534796	0.03	0.005	1	6	AP1M2
0.000477926972936088	2.87009067740557	0.037	0.006	1	6	BCAS1
0.00257174937173981	2.84034333401151	0.03	0.005	1	6	LOC138567381
0.00019161481926435	2.82172765584417	0.052	0.011	1	6	LOC138569270
0.00101214263841895	2.79970134951417	0.03	0.004	1	6	ZNF35
0.00101214263841895	2.79970134951417	0.03	0.004	1	6	ZNF770
0.00577651854769825	2.7408076604606	0.022	0.004	1	6	LOC138516016
0.00577651854769825	2.7408076604606	0.022	0.004	1	6	MYL10
0.00577651854769825	2.7408076604606	0.022	0.004	1	6	NLRX1
0.00577651854769825	2.7408076604606	0.022	0.004	1	6	NRXN3
0.000907941221968043	2.64769825606912	0.044	0.01	1	6	C3QH17orf67
0.00261335349519192	2.57730892817772	0.03	0.005	1	6	LOC138520815
0.0056705434407173	2.38466385023533	0.03	0.006	1	6	CCDC27
0.0056705434407173	2.38466385023533	0.03	0.006	1	6	RAB25
0.000124713495395295	2.28512817668441	0.074	0.02	1	6	FAM229A
0.00264155438825053	2.21473884879301	0.03	0.005	1	6	BR3
0.00572488880407352	2.21473884879301	0.03	0.006	1	6	EPM2A
0.0043210589892593	2.18826663743182	0.037	0.009	1	6	LOC138491518
0.00122040501916196	2.06273575534796	0.052	0.013	1	6	FGF1
0.00299954864109726	2.06273575534796	0.044	0.012	1	6	NGRN
0.00486474708161393	1.96320008179705	0.044	0.012	1	6	LARGE2
0.00583489647491002	1.92523223159803	0.03	0.006	1	6	LOC138569070
0.000534389746306182	1.92523223159803	0.067	0.019	1	6	TOMM40L
0.00751757139546761	1.87009067740557	0.044	0.013	1	6	AFAP1L2
0.00751757139546761	1.87009067740557	0.044	0.013	1	6	PHACTR1
0.0056499333940938	1.79970134951417	0.059	0.02	1	6	NPHP4
0.000786245851597477	1.79739118882697	0.178	0.09	1	6	HIFy
0.00318894889027147	1.7408076604606	0.052	0.015	1	6	PTRH1
0.00681806839753835	1.7408076604606	0.052	0.017	1	6	LOC138468305
0.00963040490490914	1.6704183325692	0.052	0.018	1	6	CDC37L1
0.000948944878700117	1.64769825606912	0.081	0.027	1	6	SLC41A2
0.00129036839648954	1.63389245654409	0.081	0.028	1	6	UNKL
0.00388703288516357	1.62977634807186	0.104	0.046	1	6	CASTOR2
0.00590528961846075	1.58880456701555	0.059	0.02	1	6	CDYL2
0.000989925992286016	1.56704059272389	0.17	0.086	1	6	ANKFN1
0.00646649164076043	1.52668285510775	0.067	0.025	1	6	ENTREP1
0.000243243619088207	1.50814690367033	0.111	0.04	1	6	FZR1
0.0022879392147067	1.50814690367033	0.096	0.039	1	6	LOC138582043
0.00138331250373031	1.47777325462681	0.104	0.042	1	6	PLCL1
0.00514971922957901	1.47777325462681	0.074	0.028	1	6	DPY19L3
0.00314600081914725	1.47777325462681	0.119	0.055	1	6	NEU3
0.00850829676260259	1.47777325462681	0.067	0.026	1	6	EFHD1
0.00144934428080484	1.37684434577603	0.133	0.061	1	6	RAB40B
0.00193044782027238	1.35646695840467	0.119	0.052	1	6	CWC27
0.00069281968449178	1.34391750789202	0.215	0.119	1	6	GRK3
0.00359637190904974	1.31066326879155	0.119	0.055	1	6	LOC138527074
0.00839033481983886	1.29014625145104	0.081	0.035	1	6	SH3GL2
0.00126599076441288	1.2784644464034	0.163	0.081	1	6	LOC138472542
0.00195454870745521	1.27613939345716	0.119	0.052	1	6	CLDN3
0.00521345980041856	1.27132237715938	0.089	0.037	1	6	UBE2J2
0.00186743138900266	1.26555263834765	0.222	0.131	1	6	LOC138472547
0.00518371889642772	1.24644770852035	0.104	0.047	1	6	LOC138521057
0.000794874848754325	1.23830731993142	0.156	0.073	1	6	SHROOM2
0.00140617613196165	1.22623448763084	0.163	0.082	1	6	NAA16
0.0028838546347634	1.21628101360142	0.207	0.122	1	6	RASA4
0.00599579055951913	1.15584515973944	0.111	0.052	1	6	RNF25
0.00514452002721128	1.14134559004433	0.17	0.096	1	6	LOC138521056
0.00267654547966633	1.1298499512065	0.126	0.059	1	6	LOC138472545
0.00064542443207752	1.12592958183516	0.2	0.105	1	6	MGAT3
0.000369670139771327	1.12413630001211	0.415	0.285	1	6	KRT15
0.00803538673009438	1.11631679555281	0.193	0.116	1	6	LOC138472540
0.00125123573113129	1.09926163137308	0.178	0.09	1	6	SERPINB5
0.000454481996225905	1.0966830872713	0.244	0.137	1	6	MAML2
0.00196444363354921	1.09188210100748	0.163	0.082	1	6	MTUS1
0.00788811377926043	1.09075013151756	0.111	0.053	1	6	SCIN
0.000583727704055588	1.06273575534796	0.23	0.125	1	6	GAB1
0.00353602488244771	1.06273575534796	0.133	0.065	1	6	LOC138521299
0.00762180107732986	1.06273575534796	0.119	0.059	1	6	PCYT1B
0.00241123331847143	1.05216651363778	0.185	0.101	1	6	EPO
0.00760248061046377	1.0448138473507	0.133	0.069	1	6	NVL
0.00112772738744233	1.03170885972734	0.141	0.064	1	6	AGR2A
0.00931965206516186	1.01437273378656	0.133	0.07	1	6	SORBS2
0.00473970924748266	1.00688252061445	0.207	0.123	1	6	ITGB4
0.00863188960504749	0.996064715702675	0.2	0.123	1	6	PTPN14
0.000325095033159054	0.98796798694599	0.274	0.154	1	6	BBS12
0.00224303162420343	0.983008562877229	0.156	0.077	1	6	AGTPBP1
0.00159545500544258	0.973468417250875	0.259	0.158	1	6	CCSER1
0.000500872111228705	0.955207291043517	0.267	0.152	1	6	RAD54L2
0.00640662536520804	0.940745230969352	0.311	0.222	1	6	LGALS3
0.00199856324306756	0.923184402949169	0.207	0.115	1	6	DNMBP
0.000509109079235805	0.922254531798132	0.259	0.146	1	6	SLC38A9
0.00431837395880614	0.900464326449085	0.141	0.07	1	6	CLU
0.0058464283178918	0.898760020236837	0.178	0.1	1	6	MAPKBP1
0.000141524890530449	0.89281075390565	0.378	0.238	1	6	GSE1
0.00449338847128793	0.868725135381337	0.207	0.121	1	6	LOC138513586
0.00930512230553083	0.865434314974345	0.17	0.098	1	6	CENPF
0.0062745208210354	0.842288978326484	0.252	0.158	1	6	CRTAC1
0.00708029749672196	0.837022975719904	0.193	0.113	1	6	LPGAT1
0.000477870428037516	0.836227225539283	0.356	0.234	1	6	NHERF2
0.0080901567778957	0.831410209241507	0.163	0.09	1	6	LOC138467158
0.00123134940201105	0.827519293653931	0.259	0.151	1	6	TP53I11
0.00281168619985731	0.821727655844168	0.215	0.122	1	6	MPDZ
0.00189324951621359	0.813507149039199	0.452	0.346	1	6	TACR1
0.00660231080405234	0.807478700105889	0.2	0.118	1	6	KMT5B
0.0016430819610151	0.804001486947794	0.311	0.199	1	6	RABGAP1L
0.006290886163005	0.794246919422061	0.259	0.168	1	6	SOS1
0.00641466483711465	0.781165398076741	0.2	0.117	1	6	ZNF362
0.00232060468607674	0.753407697240234	0.289	0.182	1	6	SH3GLB2
0.00745988053949698	0.727551563758333	0.326	0.233	1	6	RASAL2
0.00956544097152263	0.719327933050149	0.244	0.159	1	6	CCDC120
0.00866330460794349	0.715932991821571	0.415	0.319	1	6	TANC1
0.00581391447876956	0.713151317557735	0.207	0.121	1	6	SBSPON
0.00184566200415908	0.705325073651174	0.659	0.559	1	6	DOCK9
0.00940151566821535	0.695364689699433	0.178	0.102	1	6	CEP250
0.000186801916874862	0.684682785743268	0.563	0.432	1	6	VWA5A
0.00139372858766746	0.684224132094233	0.504	0.384	1	6	PLCG1
0.00737103156391545	0.665845602779378	0.274	0.181	1	6	METTL
0.00638505442223615	0.664541766232533	0.363	0.268	1	6	NCOR1
0.00568141778666058	0.634235996262556	0.348	0.246	1	6	CELF1
0.00858664906634663	0.633892456544088	0.259	0.167	1	6	GSK3B
0.00365560519757491	0.612932837908442	0.407	0.302	1	6	MGAT4D
0.00606648510126035	0.568594482423018	0.489	0.409	1	6	RSRP1
0.00654247783142854	0.524315840563837	0.281	0.18	1	6	TRPM7
0.00589296279381795	0.522284785585804	0.541	0.449	1	6	PLCB1
0.00734301473115678	0.509737594262885	0.659	0.614	1	6	ADCY4
0.00578255574386178	0.465078181778439	0.548	0.443	1	6	NPR1
0.00957446815284072	0.464476432013349	0.556	0.448	1	6	ARHGEF9
0.00291019713950904	0.449284697667111	0.622	0.535	1	6	EGFL7
0.00744790656091367	0.395737485760795	0.43	0.321	1	6	TSPAN18
0.000707669271889205	0.384278566472616	0.822	0.713	1	6	SHANK3
0.0040575620523671	0.35988551861619	0.659	0.574	1	6	ASAP1
0.00312238406764476	0.32319621751793	0.459	0.325	1	6	ZNF521
0.00601386965411943	-0.166445831651125	0.919	0.935	1	6	EEF2
0.00298383407588223	-0.177791078522742	1	0.996	1	6	LOC138582460
0.000243030254194993	-0.206300646289288	1	0.997	1	6	CIRP
0.00907060867662852	-0.227098709829546	0.422	0.578	1	6	ATP5F1B
0.00325808826476803	-0.22933635538014	0.993	0.971	1	6	RPS14
0.00103729242942639	-0.23657778877106	0.993	0.975	1	6	TPT1
0.00962177851666032	-0.247383037249767	0.985	0.944	1	6	LGALS4
0.000222241431976724	-0.254144492913942	1	0.983	1	6	RPL32
0.00293709845652158	-0.255259501917473	0.948	0.939	1	6	RPL39
0.00454026074017296	-0.259760217933226	0.763	0.865	1	6	SET
0.000169266705438434	-0.265629759921753	1	0.986	1	6	RPS15A
0.0073336866587346	-0.265901142772204	0.726	0.801	1	6	RACK1
0.0027360478123585	-0.267185130292931	1	0.965	1	6	RPL13
0.00195234561584595	-0.26782264468284	0.978	0.924	1	6	RPL35A
0.00237236497504851	-0.27146196734913	0.83	0.872	1	6	CALM1
0.000252832597782457	-0.27540957518088	0.993	0.972	1	6	RPS28
0.000223279982979335	-0.278091038871148	1	0.979	1	6	RPL23
0.000128999909983656	-0.283014470734035	1	0.971	1	6	RPS18
0.00207107677048437	-0.289191700076243	0.963	0.945	1	6	RPL13A
0.00338513146059439	-0.290499789590033	0.985	0.949	1	6	RPS7
0.00543925858961474	-0.29516691446307	0.97	0.944	1	6	RPL17
0.000348793914946263	-0.295212085515555	1	0.991	1	6	S100A11
0.00219289358509015	-0.296791732313128	0.504	0.661	1	6	MARCKS
0.00162375978663686	-0.298683390556567	0.911	0.914	1	6	ANXA2
0.00822480513938493	-0.305619701145487	0.607	0.715	1	6	HNRNPA1
0.00017177858657501	-0.307696151670036	0.993	0.976	1	6	RPS27
0.000430595946850014	-0.308426680788774	0.97	0.966	1	6	RPL24
0.00107561489336835	-0.310994769773968	0.689	0.788	1	6	NAP1L1
0.00433569352632274	-0.31625551384831	0.867	0.895	1	6	RPS3A
0.00625544534096394	-0.320465656808876	0.422	0.561	1	6	PTGS2
0.00589577163141246	-0.32187082576718	0.822	0.848	1	6	MYL12B
0.0034174938416179	-0.325223489040437	0.993	0.994	1	6	Fth1
0.00853082574486883	-0.343256604327874	0.593	0.689	1	6	ARF1
0.00864433683336033	-0.353040640254787	0.311	0.449	1	6	NDUFS5
0.000624984274069135	-0.361045003835404	0.911	0.898	1	6	RPS16
0.00614588191776289	-0.362668459489141	0.178	0.3	1	6	SDC3
0.000963112454992335	-0.363528999354135	0.556	0.707	1	6	EIF2S2
0.0024551934460234	-0.367391080053821	0.844	0.876	1	6	DBI
0.00183141987769747	-0.369110031617435	0.585	0.718	1	6	NDUFA4
0.000208962885045925	-0.369302096457083	0.985	0.957	1	6	RPS12
0.000300336527424818	-0.37026885693029	0.97	0.95	1	6	RPL7
0.00281322080074663	-0.377305750060775	0.578	0.719	1	6	SSR3
0.00507552005591728	-0.38390592986942	0.319	0.452	1	6	LOC138582805
0.00534006580835617	-0.383947370547347	0.304	0.441	1	6	ARPC3
0.00534767692590497	-0.387019803940294	0.348	0.485	1	6	EIF1B
0.000488650451583148	-0.396326367822879	1	0.973	1	6	VIM
0.00175466473730976	-0.396695863289335	0.474	0.637	1	6	GNB1
0.00831142929191179	-0.400886701503931	0.57	0.668	1	6	RSL24D1
0.00219298163750089	-0.405939707532954	0.474	0.611	1	6	SNRPB
0.000807586218296316	-0.407224270476508	0.667	0.795	1	6	COX7A2
0.00432169784327447	-0.416494805858373	0.481	0.598	1	6	GASK1B
0.00261479842253289	-0.4175293667065	0.467	0.601	1	6	ENO1
0.00335868489143348	-0.419218879915474	0.622	0.72	1	6	ABRACL
0.00794903179550148	-0.434682227499236	0.467	0.588	1	6	ELOC
0.000475293542071135	-0.434805648167095	0.659	0.772	1	6	ANP32B
0.00186374607099056	-0.446037182196751	0.659	0.739	1	6	COX6A1
0.000561018660854347	-0.448925822061892	0.778	0.823	1	6	VAT1
0.0024164170688028	-0.449083889900513	0.289	0.449	1	6	UQCRB
0.000119953276916495	-0.461283981147887	0.526	0.708	1	6	ATP5MF
0.000223888868623906	-0.46306467290505	0.748	0.812	1	6	SNRPG
0.00243262682238779	-0.464457908204916	0.593	0.675	1	6	ATP5MC3
0.00476207501853055	-0.465440719281616	0.437	0.569	1	6	SEMA3F
0.00304093675930188	-0.46741386074381	0.57	0.66	1	6	ATP5IF1
0.00547812182420338	-0.470387813853576	0.459	0.565	1	6	COX5B
0.00213487785110489	-0.47380961632249	0.467	0.607	1	6	SEPT2
0.00290966179520641	-0.476078284569304	0.23	0.367	1	6	SEPTIN9
0.000230680561579129	-0.48195774304982	0.785	0.824	1	6	COX6B1
0.00425997002655616	-0.482334018249681	0.385	0.523	1	6	COL4A1
0.00399058769772138	-0.485700869348079	0.267	0.403	1	6	PTGES3
0.00033325544816258	-0.485963201386422	0.437	0.625	1	6	VDAC2
0.00639011267454339	-0.488326338754903	0.333	0.461	1	6	PGAM1
0.00878957811313918	-0.48843843191691	0.311	0.43	1	6	EIF1AX
0.00091654073699415	-0.488674185662167	0.615	0.717	1	6	COX6C
0.00488845965197426	-0.489059881437994	0.237	0.363	1	6	TIMP2
0.00775121727218218	-0.500853094580626	0.304	0.423	1	6	RAP1B
0.00156647820825679	-0.501616465697907	0.467	0.62	1	6	BZW1
0.00505557499247029	-0.502597938624261	0.207	0.33	1	6	RRBP1
0.000271237394874396	-0.503378430739827	0.956	0.919	1	6	TXN
0.00184688769660408	-0.506927608990311	0.326	0.469	1	6	SLC29A1
0.00393637209746108	-0.508588743360232	0.341	0.475	1	6	CNIH1
0.000451217440978762	-0.513791359107653	0.756	0.816	1	6	TUBB4A
0.00869069663690291	-0.51821368286657	0.163	0.275	1	6	S1PR1
0.000406559625398985	-0.518973767578106	0.622	0.713	1	6	TUBA1A
0.000846406155484772	-0.519217995500855	0.43	0.566	1	6	FKBP1A
0.00654885287096081	-0.522226745373193	0.156	0.27	1	6	TIMM9
0.00136155449855895	-0.524536906060394	0.289	0.439	1	6	BRK1
0.00637940821600128	-0.525306138305166	0.156	0.263	1	6	CYR61
0.00705671568945372	-0.525758436343447	0.341	0.463	1	6	PKM
0.00739770132195931	-0.525865322436542	0.2	0.316	1	6	PSME3
0.0012779814395746	-0.532350962646901	0.326	0.477	1	6	LYVE1
0.000231938043450692	-0.533257782497486	0.4	0.569	1	6	CAPNS1
0.00489337138641721	-0.537177086839165	0.289	0.413	1	6	SUMO2
0.000248938686283458	-0.538250007503354	0.452	0.626	1	6	FTH1
0.00107650526876284	-0.541266788313692	0.356	0.499	1	6	ATP5PD
0.00615437660950075	-0.541831303312705	0.415	0.515	1	6	SSR2
0.000282943748849786	-0.543921816472512	0.43	0.615	1	6	NPC2
0.00156480606289936	-0.551974088767246	0.267	0.412	1	6	PGK1
0.00647723739552645	-0.552815065206616	0.193	0.31	1	6	CSRP1
0.00551320951438259	-0.554126829839481	0.23	0.356	1	6	TXNRD3
0.00181929446603888	-0.559425363327443	0.37	0.51	1	6	NEDD8
0.00703600510181028	-0.562780843723828	0.215	0.332	1	6	TMEM204
0.00188034715588399	-0.565178890557741	0.393	0.534	1	6	SPACA4
0.00289992409159949	-0.573138698765288	0.244	0.375	1	6	PLAU
0.00210560108921556	-0.573515974070048	0.563	0.669	1	6	CD34
0.00348746370409479	-0.582402260402592	0.244	0.377	1	6	MACROH2A2
0.00765915005010199	-0.588140862104535	0.252	0.368	1	6	SKP1
0.00115392771183357	-0.590272132796292	0.43	0.56	1	6	CYCS
0.00920520566556396	-0.594795371323839	0.178	0.29	1	6	UCHL1
0.00485820822065902	-0.59777777838037	0.178	0.301	1	6	ARPP19
0.00956531484019238	-0.599112187987732	0.393	0.508	1	6	PMP22
0.000473964917555309	-0.599754608565813	0.422	0.569	1	6	UBE2L3
0.000962107913566572	-0.609689586623533	0.178	0.321	1	6	HINT1
0.00191491465283391	-0.61304190855886	0.326	0.464	1	6	GLRX
0.00981325900645719	-0.615336149764675	0.319	0.426	1	6	CLDN11
0.0016597103770269	-0.615826112425485	0.252	0.402	1	6	SPCS2
0.00314047500962184	-0.620528818984998	0.244	0.373	1	6	EIF3K
0.00531977043995401	-0.622628642331031	0.237	0.351	1	6	SNU13
0.00049054218279752	-0.633510078906938	0.304	0.463	1	6	GMFG
0.0042533913820158	-0.63770396279313	0.178	0.298	1	6	VBP1
0.00272300214046441	-0.642049433069093	0.311	0.437	1	6	TUSC3
0.000570023225158361	-0.658799798248637	0.267	0.426	1	6	LOC138527383
0.00265016798290135	-0.664095461684531	0.141	0.264	1	6	PFDN2
0.000107307650299494	-0.667343453233004	0.326	0.509	1	6	TMEM167A
0.00326207381716223	-0.667997885106729	0.17	0.293	1	6	SH3GLB1
0.00344635248664796	-0.671221088945905	0.311	0.442	1	6	ADAMTS4
0.000117089595157807	-0.676632329033548	0.459	0.614	1	6	CD81
0.00264751389876224	-0.67672739484851	0.459	0.577	1	6	TUBA1B
0.00603046704318363	-0.679524138487757	0.23	0.34	1	6	SH3BGRL
0.00507540968224243	-0.680772684685016	0.207	0.324	1	6	PGLS
0.00816089831131918	-0.681425340222448	0.163	0.269	1	6	MCTS1
0.00917776649506854	-0.687564477319854	0.2	0.308	1	6	SPRED1
8.23944195372044e-05	-0.691303352177185	0.356	0.512	1	6	SEC61G
0.00129172008636807	-0.693677601046466	0.207	0.348	1	6	LOC138520967
0.000410431188309988	-0.693722454690733	0.393	0.53	1	6	ATP5F1D
0.00486147535401084	-0.697313451931284	0.185	0.301	1	6	DKC1
0.00984364730395878	-0.700563986631706	0.119	0.215	1	6	PIN4
0.000516851273629781	-0.712410585799306	0.326	0.465	1	6	MANF
0.00745396528609389	-0.71708014311136	0.193	0.301	1	6	LARP4
0.00248567463440518	-0.733123527871812	0.17	0.296	1	6	EIF3H
0.000647035536294351	-0.734968996675922	0.341	0.488	1	6	COL4A2
0.00631733226751503	-0.735630383482387	0.148	0.255	1	6	BAG6
0.000987057851090535	-0.744619166709641	0.281	0.425	1	6	WLS
0.00203454075014791	-0.764115342335439	0.259	0.388	1	6	PSMA7
0.00391038462574526	-0.767983159775152	0.178	0.296	1	6	LOC138488268
0.0036890135295199	-0.774833779756649	0.178	0.294	1	6	GRB2
0.00819382151099327	-0.774833779756649	0.178	0.28	1	6	CNN2
0.00355862435951797	-0.78002450284084	0.126	0.235	1	6	CCN1
0.00228166374099689	-0.783351561198356	0.126	0.245	1	6	AIMP1
0.00999101714591966	-0.785261151206988	0.067	0.15	1	6	NFKBIA
0.00137400085805324	-0.796849125482199	0.2	0.333	1	6	OLA1
0.00144848820598306	-0.808277803931959	0.104	0.226	1	6	TENT4B
0.00227528254947208	-0.822621678710914	0.185	0.308	1	6	CCT3
0.00304386706727246	-0.830349040735525	0.126	0.239	1	6	SUCLG1
0.00249812099932482	-0.830827308613563	0.193	0.315	1	6	ATP6V0E1
0.00736630605469118	-0.833994974040334	0.126	0.225	1	6	NUDT5
0.000985521827047186	-0.837936317525398	0.207	0.343	1	6	TSPO
0.00526986085172311	-0.856512046780538	0.178	0.288	1	6	YPEL1
0.00599328799002597	-0.857210993086002	0.148	0.252	1	6	VCL
0.00181920339002141	-0.858333775430318	0.185	0.31	1	6	RAB18
0.00835854720506459	-0.858510133237626	0.141	0.238	1	6	LOC138566743
0.00263565025432952	-0.860785514804677	0.126	0.243	1	6	SLC7A3
0.000285173157280418	-0.861315391418739	0.244	0.399	1	6	ARF4
0.00279475711176696	-0.864913400427353	0.141	0.258	1	6	DYRK3
0.00574324477654956	-0.882122690459576	0.089	0.184	1	6	ZYX
0.0098693628056243	-0.894559793697799	0.081	0.169	1	6	TMEM92
0.000410602465832137	-0.894861802290254	0.193	0.344	1	6	ENTPD1
0.00651686560136421	-0.896106919895278	0.133	0.234	1	6	PARVB
0.00259888178285623	-0.91301669840536	0.222	0.345	1	6	ADAMTS1
0.00378188098289954	-0.931617681510895	0.104	0.209	1	6	NDUFB9
0.00694534404509443	-0.93195044475557	0.119	0.215	1	6	PABPC4
0.00613836516469783	-0.941551603055135	0.141	0.242	1	6	EXT1
0.00771991060341534	-0.94326298527348	0.104	0.197	1	6	GOLGA7
0.00506200887845047	-0.946724573901103	0.126	0.229	1	6	SELENOH
0.00253039729083494	-0.954072532338591	0.096	0.207	1	6	GDI1
0.00022145912476884	-0.964555936319777	0.23	0.379	1	6	CD276
0.00524579035663612	-0.971752621037328	0.163	0.274	1	6	IGF2
0.00116380948109659	-0.972888154382759	0.119	0.245	1	6	CHN1
0.000202421120174988	-0.981658364010491	0.163	0.316	1	6	PCMT1
0.000666696164533246	-0.983957480100079	0.111	0.244	1	6	PTP4A2
0.00471196923094156	-0.991712028674414	0.081	0.178	1	6	NT5C3A
0.0030166490177438	-0.996157933705606	0.067	0.167	1	6	RIPK2
0.00912136887998364	-0.996157933705606	0.081	0.168	1	6	UBL4A
0.00176644126282057	-0.99856042392091	0.163	0.291	1	6	PLAT
0.00202388649511225	-1.00191720299429	0.089	0.2	1	6	EPRS1
0.00793766930006349	-1.01699143712277	0.067	0.152	1	6	NAA40
0.00120258905542386	-1.03412578390463	0.119	0.241	1	6	TMPO
0.00219437798816822	-1.03529632761256	0.104	0.215	1	6	PSMD8
0.000136527827522141	-1.06512518652781	0.185	0.342	1	6	MCAM
0.00779871767587683	-1.07028966328282	0.067	0.152	1	6	GCLC
0.00342832444359349	-1.08294169984767	0.052	0.145	1	6	EHD1
0.00636015898540107	-1.08516293976435	0.074	0.163	1	6	MAPKAPK2
0.00653967925495269	-1.09825612132434	0.052	0.135	1	6	IFRD1
0.000589656463056307	-1.10718924609435	0.215	0.345	1	6	TANB
0.00302467632077198	-1.10718924609435	0.081	0.184	1	6	C2CD2
0.000608271838071895	-1.12990932259443	0.081	0.207	1	6	NDUFB8
0.00269294916573432	-1.15965666598849	0.074	0.176	1	6	PFDN1
0.0057683401810604	-1.15965666598849	0.059	0.145	1	6	LMAN2
0.00828227364242027	-1.16333232413188	0.037	0.111	1	6	MED28
0.000205456397800543	-1.17566898397712	0.104	0.246	1	6	NDUFS7
0.00227251991641402	-1.18519175809562	0.067	0.168	1	6	MYO1A
0.00823775570573532	-1.18519175809562	0.059	0.14	1	6	RNASEH2C
0.00543452015805544	-1.20405078534694	0.044	0.127	1	6	MAIP1
0.00768854006664363	-1.20672491964526	0.037	0.112	1	6	ZBED1
0.00670023981918258	-1.22266646351429	0.03	0.103	1	6	VPS25
0.00670004284125343	-1.22794140555496	0.037	0.113	1	6	GNPDA1
0.00327474672714416	-1.23738796922105	0.067	0.162	1	6	AP1M1
0.000876647841586394	-1.25437532324162	0.089	0.209	1	6	AGO3
0.0029019704675469	-1.27965644209912	0.03	0.114	1	6	LOC138580619
0.00483679213709664	-1.28599239888311	0.052	0.137	1	6	DNAJC9
0.0085509673547111	-1.29983432403675	0.044	0.12	1	6	MYBBP1A
0.00646091798125638	-1.3295816674308	0.059	0.143	1	6	THBD
0.000230220646629168	-1.33485660947147	0.089	0.224	1	6	CLNS1A
0.00368159332296104	-1.34325660432787	0.015	0.087	1	6	LOC138583165
0.00760726226853981	-1.38572474546833	0.037	0.111	1	6	KDM4A
0.00463378886790784	-1.38729716528709	0.044	0.128	1	6	EEF1E1
0.00110653132771948	-1.41299767561844	0.044	0.147	1	6	MRPS33
0.0030643696511019	-1.42911734098171	0.03	0.113	1	6	PTRH2
0.00424591758177914	-1.43369007077154	0.044	0.129	1	6	BOLA3
0.00204488656515701	-1.45713171715131	0.111	0.219	1	6	SH3RF3
0.00704450571000534	-1.47331714489225	0.03	0.101	1	6	MRPL21
0.00094001322732288	-1.48415870453967	0.044	0.149	1	6	CLINT1
0.00188832182083315	-1.48415870453967	0.052	0.149	1	6	SCAMP1
0.00980122555057858	-1.49797919912652	0.03	0.097	1	6	MCM3AP
0.00350991047032479	-1.53221083394582	0.037	0.121	1	6	EMC1
0.0028429021639926	-1.56175510955983	0.037	0.123	1	6	SRRT
0.000460765324692999	-1.56453755023116	0.037	0.147	1	6	NDUFA7
0.000255794196038677	-1.58831593583097	0.044	0.165	1	6	CDK2AP1
0.0084900360725222	-1.60022925737447	0.007	0.064	1	6	CD300C
0.00907471713276415	-1.60402083653684	0.03	0.098	1	6	NOX4
0.00719912696744502	-1.62842614920512	0.037	0.111	1	6	PCSK9
0.00667572346148239	-1.65150976231816	0.022	0.09	1	6	PANK2
0.0055319914244814	-1.67061858526586	0.03	0.104	1	6	ANGPTL4
0.0011777959522322	-1.77520748654306	0.03	0.123	1	6	C2PH11orf98
0.00155902725071045	-1.77520748654306	0.03	0.12	1	6	SNTA1
0.00326018338802453	-1.79524523977961	0.022	0.099	1	6	SPR
0.00603701033217296	-1.92215735226183	0.015	0.08	1	6	IPO9
0.00561634933336179	-1.93726424465204	0.015	0.081	1	6	CCND2
0.00856965874239453	-2.10718924609435	0.007	0.063	1	6	REX1BD
8.28706744510841e-05	-2.11163515112554	0.052	0.186	1	6	TNC
0.00856339069938734	-2.12708880353205	0.007	0.063	1	6	KCTD3
0.00989343129976419	-2.12708880353205	0.007	0.061	1	6	PTGR1
0.00268007666781574	-2.21028273905845	0.015	0.09	1	6	JMY
0.00812518096721114	-2.77015425881678	0	0.05	1	6	NR2F6
0.00563713643436085	-2.91454416815195	0	0.054	1	6	NCS1
1.54129628008468e-40	0.872243572398983	1	0.998	1.8947155171081e-36	7	ACTB
4.95526945099862e-29	0.774898038258061	1	0.976	6.09151273611261e-25	7	CFL2
8.64314261463495e-24	0.938497910350042	0.97	0.883	1.06250152161707e-19	7	MSN
2.92440150778251e-20	0.779645317570544	0.992	0.847	3.59496677351704e-16	7	CRIP1
4.77955112158304e-20	0.994424657132168	0.962	0.858	5.87550219376204e-16	7	CAV1
1.44823627607733e-18	-0.815950029750697	0.939	0.964	1.78031685418186e-14	7	RPL19
8.61936422903574e-18	0.77802795356096	0.97	0.876	1.05957844467536e-13	7	EIF5A2
2.61500663816143e-17	-0.797817720248121	0.97	0.961	3.21462766029185e-13	7	RPS26
2.72244821558151e-17	1.02814386689706	0.902	0.63	3.34670559141435e-13	7	CD34
4.67291185512584e-17	-0.958882855681982	0.886	0.934	5.7444105435062e-13	7	RPL38
7.07194855315415e-17	0.657498271513388	1	0.955	8.6935463563924e-13	7	YWHAQ
4.05147027513894e-16	0.92522202689466	0.879	0.737	4.9804724092283e-12	7	YWHAE
5.53979124331802e-16	-0.760312042458891	0.977	0.971	6.81006537541084e-12	7	RPS8
1.09276659466436e-15	-0.979164753175267	0.917	0.948	1.34333797482089e-11	7	S100G
1.10496709892369e-15	0.767302720877031	0.985	0.916	1.35833605470689e-11	7	TXN
1.30881928588515e-15	0.920552593333537	0.977	0.87	1.60893154813861e-11	7	PMP2
2.12464052262072e-15	0.688938134629502	0.992	0.93	2.61182059445766e-11	7	HNRNPAB
7.64441117919667e-15	0.931540823481267	0.947	0.739	9.39727466258646e-11	7	PLVAP
1.5489413797718e-14	-0.672013957106749	0.977	0.973	1.90411363815348e-10	7	RPL21
2.7208772570186e-14	0.857001050428559	0.977	0.95	3.34477441205297e-10	7	RPL7
4.93041277124883e-14	-0.793794103240322	0.886	0.934	6.06095641969619e-10	7	RPS11
5.02354314998231e-14	-0.651653846190982	0.992	0.973	6.17544159427325e-10	7	RPL35
8.31664995465071e-14	-0.805368234231629	0.894	0.927	1.02236577892521e-09	7	RPS27A
9.74638834991296e-14	0.802795372884802	0.909	0.77	1.1981235198548e-09	7	CDC42
1.80652051729977e-13	-0.879971764351703	0.606	0.852	2.22075567191661e-09	7	RPL18A
7.4064739771927e-13	0.824265209207404	0.909	0.743	9.10477846016299e-09	7	ANP32B
8.01428130324857e-13	-0.942946862536047	0.697	0.846	9.85195600608346e-09	7	RPL23A
1.02493812263081e-12	-0.738065697037049	0.947	0.947	1.25995643415005e-08	7	RPL17
1.22349441486437e-12	1.05938716296602	0.864	0.732	1.50404168419278e-08	7	PRX
1.76179469821676e-12	1.19935605316114	0.72	0.483	2.16577422251786e-08	7	JAG2
1.79174468110734e-12	-0.652980924149807	0.947	0.971	2.20259173648525e-08	7	RPL13
2.03874545384751e-12	0.765789887408984	0.894	0.742	2.50622978641474e-08	7	NONO
2.49718422671116e-12	-0.605333622487345	1	0.973	3.06978856989603e-08	7	RPLP1
2.93249718093813e-12	0.705507738718971	0.917	0.703	3.60491878452724e-08	7	HNRNPH1
3.55667337652048e-12	-0.643882323626877	0.955	0.958	4.37221858175663e-08	7	EEF1G
3.69827044788255e-12	0.767367603540161	0.886	0.748	4.54628386158202e-08	7	HNRNPL
3.93345480266573e-12	-0.80215458498761	0.758	0.876	4.83539598891698e-08	7	RPS3
7.31355903844173e-12	0.762705706766935	0.909	0.764	8.99055812595642e-08	7	RHOA
9.40388106326714e-12	-2.72674435674109	0.083	0.384	1.15601909910743e-07	7	MRC1
1.55000958443668e-11	-0.667905663218042	0.947	0.944	1.90542678214801e-07	7	RPL31
1.76727102701727e-11	-0.727115206074741	0.879	0.943	2.17250627351234e-07	7	RPL12
1.95150966068994e-11	0.520229318121833	1	0.979	2.39899082588614e-07	7	ZA20D3
2.58623102001558e-11	0.806071042787246	0.886	0.769	3.17925379290515e-07	7	COX7A2
2.58815872285803e-11	0.533324343656359	0.97	0.894	3.18162351800938e-07	7	TAGLN2
3.03360138807182e-11	-0.694560027901207	0.871	0.934	3.72920618635669e-07	7	RPS24
4.18086597556603e-11	-0.669805980895197	0.902	0.944	5.13953854376332e-07	7	NME2
7.0509774258382e-11	0.823855211222946	0.848	0.749	8.6677665495829e-07	7	TPM3
7.16847198895496e-11	0.408029207943311	0.992	0.984	8.81220261602234e-07	7	ANXA1
8.02468118789625e-11	-1.02333637160116	0.72	0.826	9.86474058428086e-07	7	VWF
8.57811439629896e-11	0.520927095816221	0.992	0.972	1.05450760273703e-06	7	HNRNPK
8.91386730279137e-11	-0.669381636895723	0.932	0.95	1.09578170753214e-06	7	RPS10
1.02548252521255e-10	0.882565631089163	0.803	0.598	1.26062566824378e-06	7	CD2
1.17129067628767e-10	-0.755280408939113	0.758	0.896	1.43986762836043e-06	7	RPL27A
1.18391635677353e-10	-0.649010008866692	0.932	0.935	1.4553883773817e-06	7	RPS29
1.40139818925974e-10	0.723750539423327	0.955	0.863	1.722738794057e-06	7	DBI
1.57709797627143e-10	0.621526773016041	0.955	0.791	1.93872654223046e-06	7	FSTL1
1.6691919493055e-10	-0.584777236813335	0.962	0.958	2.05193766328125e-06	7	RPS19
2.93975243204809e-10	-0.624998645536629	0.924	0.945	3.61383766471672e-06	7	RPL28
3.05537496729954e-10	1.00660069366007	0.712	0.469	3.75597244730132e-06	7	LOC138567840
3.09203017606111e-10	-0.605817467678856	0.985	0.957	3.80103269543193e-06	7	RPS12
3.16102957066818e-10	-0.625966481865422	0.932	0.94	3.88585365122239e-06	7	RPL34
3.30022355021906e-10	-0.500161379152972	0.985	0.972	4.05696481028429e-06	7	RPS14
4.60767826242877e-10	0.441731459875237	1	0.991	5.66421888800369e-06	7	ATP6
5.9732263316167e-10	0.612893269053177	0.924	0.712	7.34288712945641e-06	7	CALM2
6.27876434339755e-10	0.876240144183778	0.795	0.644	7.71848500733861e-06	7	LDHA
7.32982998301239e-10	0.444590273897278	0.992	0.975	9.01055999811713e-06	7	COX1
8.1462701128125e-10	0.592611283814097	0.962	0.831	1.00142098496804e-05	7	MYL12B
9.0057275152256e-10	-0.647360113149526	0.856	0.907	1.10707408344668e-05	7	RPS25
2.02283968349952e-09	0.334927153548108	1	1	2.48667682292596e-05	7	CIRBP
2.25530363060196e-09	-1.64445406360604	0.326	0.585	2.77244475309899e-05	7	S100P
2.31345889510123e-09	0.666203182038999	0.871	0.723	2.84393501974795e-05	7	LOC138504591
2.3511553269892e-09	-0.521567770863139	0.917	0.949	2.89027524346783e-05	7	RPS6
2.76394476543691e-09	0.818881175438632	0.75	0.56	3.3977173001516e-05	7	PODXL
3.11911086985035e-09	1.03222008241867	0.485	0.243	3.83432299230704e-05	7	EFNB2
3.14491748542276e-09	-0.567864586323825	0.902	0.939	3.8660470648302e-05	7	RPS15
3.40023897560771e-09	-0.628574089173738	0.909	0.929	4.17991377271456e-05	7	RPS17
3.62622365673506e-09	0.655070475365394	0.848	0.686	4.45771674122441e-05	7	PFN2
3.67384849646186e-09	-0.591431867684734	0.947	0.971	4.51626195670056e-05	7	RPL36A
4.3231335492656e-09	-0.551505170331885	0.955	0.946	5.31442807211221e-05	7	RPL13A
5.03300474126937e-09	4.68395159535252	0.038	0.001	6.18707272844243e-05	7	LOC138580245
5.53387974377203e-09	1.00193441058421	0.538	0.294	6.80279836901896e-05	7	PAM
6.30671181679475e-09	-0.45617161212711	1	0.984	7.75284083638578e-05	7	RPS2
7.25811700625061e-09	0.72269065714739	0.803	0.647	8.92240323578388e-05	7	CAVIN2
9.41652033648478e-09	-1.86679519003072	0.114	0.366	0.000115757284496407	7	ZNF521
1.05323103343239e-08	0.408765381058344	1	0.997	0.000129473690939844	7	FKBP2
1.06164241524701e-08	0.832674974955004	0.826	0.679	0.000130507702106314	7	ACTG1
1.15411541429445e-08	0.640666246414385	0.848	0.796	0.000141875407879216	7	SRI
1.17621567713002e-08	0.836532807435199	0.765	0.584	0.000144592193189593	7	BZW1
1.6331792592616e-08	-0.599461613487566	0.848	0.917	0.000200766726341029	7	RPL18
1.74225613215154e-08	-0.342596214509925	1	0.996	0.000214175546325389	7	LOC138582460
1.80973407809028e-08	0.777060999744005	0.758	0.604	0.000222470610219639	7	GNB1
1.92958656131654e-08	-0.661823241489207	0.742	0.869	0.000237204075982642	7	RPS5
2.01184307004956e-08	0.929723912565243	0.742	0.576	0.000247315868601192	7	SH3BGRL3
2.26720180875862e-08	-0.887714082755175	0.447	0.694	0.000278707118350697	7	TMEM176B
2.58221508255473e-08	-2.17785111072746	0.25	0.48	0.000317431700098453	7	LOC138580807
2.80060570888351e-08	-0.522475172704883	0.917	0.931	0.00034427845979305	7	RPL35A
2.97855773201898e-08	0.808445238883623	0.659	0.424	0.000366154101997093	7	NRP1
3.45051897336077e-08	-0.484593496811093	0.932	0.96	0.00042417229739524	7	RPL10
4.17571221876907e-08	0.318494856725819	1	0.997	0.000513320303053282	7	CIRP
4.21308231410364e-08	-3.38555920107507	0.053	0.268	0.000517914208872761	7	LOC138472551
4.92508425102768e-08	-3.93443390690608	0.023	0.225	0.000605440606978833	7	HAPLN3
8.84995323213733e-08	-4.35015955074407	0.015	0.207	0.00108792475082664	7	RELN
9.37195926970936e-08	0.806207345403521	0.735	0.572	0.00115209495302537	7	SFPQ
9.66483190809491e-08	-0.404823918548916	1	0.979	0.00118809778646211	7	RPL23
1.04788604653562e-07	-0.509872241241039	0.917	0.95	0.00128816631700624	7	RPL37
1.3361715318728e-07	-0.416426691893651	1	0.975	0.00164255566413123	7	RPS27
1.4582982028043e-07	-0.565551905435848	0.894	0.9	0.00179268598070732	7	RPS16
1.66543981838011e-07	1.14704122403751	0.394	0.203	0.00204732516873467	7	CCN1
1.84101335364713e-07	-1.27378135322156	0.811	0.887	0.00226315771563841	7	unassigned-gene-2
2.05007583611413e-07	0.739555848407478	0.75	0.618	0.0025201582253351	7	RHOC
2.08916510678521e-07	1.43365317744619	0.318	0.151	0.00256821066577106	7	SNAI2
2.4597466126439e-07	0.779594266489527	0.606	0.39	0.00302376651092315	7	SEC61A1
2.50873235594682e-07	0.728102577921929	0.697	0.498	0.00308398468516543	7	SPACA4
2.53071519086099e-07	0.702582783784728	0.795	0.726	0.00311100818412541	7	MYH9
2.5861338012578e-07	0.164280554883087	0.235	0.475	0.00317913428188621	7	CTSK
2.69906401453624e-07	1.10807983070222	0.492	0.273	0.0033179593930694	7	HS3ST1
2.78543461652365e-07	3.26891409607368	0.053	0.005	0.00342413477409253	7	LOC138566491
3.00967447355186e-07	0.498840190095535	0.939	0.859	0.00369979283033731	7	CALM1
3.20443845111243e-07	0.858334466902191	0.652	0.47	0.00393921618795251	7	TMEM167A
4.07930239617119e-07	-0.462131412334035	0.909	0.927	0.00501468643561325	7	RPL15
5.00387626739766e-07	0.781506904775197	0.591	0.382	0.00615126509551194	7	EZR
5.32883373263363e-07	-0.497318379683798	0.864	0.897	0.00655073530752652	7	RPL3
5.85912908305706e-07	0.522667864204209	0.871	0.726	0.00720262738180205	7	RAN
6.37944010337093e-07	-1.02841907469316	0.273	0.492	0.00784224571907388	7	LOC138566164
7.65200614526811e-07	-1.5879943430303	0.386	0.582	0.00940661115437809	7	S100A4
7.98050531246827e-07	0.565588651339184	0.902	0.794	0.00981043518061724	7	SNRPG
8.52868079664259e-07	0.839267422838409	0.561	0.362	0.0104843073033127	7	ARF4
1.09252595405614e-06	0.73689056126847	0.689	0.534	0.0134304215532122	7	UBL5
1.10512153917359e-06	0.654204251958471	0.689	0.495	0.013585259081061	7	EIF4G2
1.11342603480649e-06	0.951606661840143	0.47	0.285	0.0136873462458761	7	LSM6
1.34366868891141e-06	0.646747854200549	0.773	0.654	0.016517719192788	7	RALB
1.35546096654544e-06	-0.715952914164498	0.992	1	0.0166626816617431	7	unassigned-gene-4
1.44270841770438e-06	-1.85318238027802	0.136	0.332	0.0177352145788399	7	IQSEC1
1.59472158676413e-06	0.665168119673108	0.712	0.537	0.0196039124660914	7	SEMA3F
2.13410137637386e-06	-0.701910805288938	0.545	0.702	0.0262345082197638	7	RPL4
2.13818441108244e-06	-5.25856290998672	0	0.149	0.0262847009654364	7	PROX1
2.20580923743375e-06	0.527554978754858	0.894	0.775	0.0271160129557731	7	ND3
2.38285811228132e-06	-2.76608132528252	0.03	0.198	0.0292924747742743	7	UNC5B
2.54473482169131e-06	0.638790696788728	0.659	0.442	0.0312824251630512	7	GPX1
2.65813799770308e-06	-2.69356882549816	0.045	0.216	0.0326764904057639	7	EXOC6
2.80388117453745e-06	-2.54846933182355	0.053	0.225	0.0344681112785889	7	FLT4
2.89210354163974e-06	-4.90663545456251	0	0.145	0.0355526288373773	7	ENPP2
2.95954427634704e-06	0.561494940484191	0.894	0.781	0.0363816777891341	7	SRSF3
3.1838533238246e-06	0.809204635347726	0.576	0.402	0.0391391089097758	7	LITAF
3.33815881436767e-06	-3.01475307141782	0.015	0.171	0.0410359863050217	7	PDGFC
3.39968012465746e-06	-4.95085945481919	0	0.143	0.0417922677724142	7	GAS7
3.55292026634154e-06	0.617262014571516	0.788	0.65	0.0436760488341365	7	ILF3
3.69677458805707e-06	0.714845603298307	0.705	0.568	0.0454444500109856	7	YWHAB
3.73645173598813e-06	-0.362572783818426	1	0.991	0.0459322011905021	7	S100A11
3.78797732466541e-06	1.00157659297342	0.394	0.218	0.0465656052521119	7	LAMA5
3.81266996809737e-06	-3.33062686957037	0.03	0.189	0.0468691519178209	7	NFIX
4.12878750826218e-06	-3.26733311961445	0.023	0.178	0.050755184839067	7	SRGN
4.21163928917548e-06	-1.64584474286818	0.114	0.298	0.0517736817818342	7	ATP8B2
4.65711072403263e-06	0.718846385798709	0.629	0.473	0.0572498621305331	7	ACTR3
4.75263313813901e-06	0.671358654277143	0.735	0.567	0.0584241191671429	7	ZFP36L2
4.96634864814438e-06	-0.708365827426237	0.341	0.569	0.0610513239316388	7	EEF1D
5.84763779504824e-06	0.491942721719534	0.917	0.798	0.071885011414528	7	TUBB4A
5.8602660402794e-06	-1.94053926955527	0.061	0.23	0.0720402504331546	7	PABPC1
5.92184249430858e-06	-4.92337871839709	0	0.137	0.0727972097825353	7	PDPN
6.16121515718921e-06	2.0483630215614	0.098	0.025	0.0757398179273269	7	LOC138582447
6.28840557246332e-06	-0.716927840929661	0.356	0.564	0.0773033697022916	7	GSTM1
6.45032314605604e-06	4.32138151596781	0.03	0.002	0.0792938224344669	7	ACBD7
6.62026845908998e-06	0.579851229869802	0.818	0.797	0.0813829601675931	7	ANXA5
6.63260342213997e-06	-0.943994075919379	0.379	0.55	0.0815345938683666	7	RPL8
6.73334016212928e-06	0.944412057522491	0.439	0.269	0.0827729506130553	7	SDC3
7.21178810283457e-06	0.936368893812288	0.47	0.296	0.0886545111481454	7	GOT2
8.28589474738416e-06	0.627905465460048	0.667	0.49	0.101858504129594	7	COL4A1
8.41957096032667e-06	0.891282685874875	0.583	0.438	0.103501785815296	7	UBE2D2
8.49261978446348e-06	-0.397751558557769	0.902	0.941	0.10439977501041	7	HSP90AB1
9.85787767411808e-06	0.85362333689058	0.485	0.312	0.121182890247934	7	SF3B6
1.00379694351297e-05	0.518640269223343	0.826	0.708	0.123396758266049	7	SLC25A3
1.0500033731726e-05	0.54028678454343	0.697	0.538	0.129076914664108	7	KIAA1217
1.10355633077202e-05	-0.351313211690373	0.962	0.958	0.135660179741804	7	EEF1A1
1.12445875057058e-05	-0.330844211658019	0.992	0.97	0.138229714207641	7	RPS9
1.19360443438602e-05	0.449290336682811	0.97	0.926	0.146729793119074	7	MYL6P1
1.22838633585614e-05	0.474181258385181	0.909	0.809	0.151005532266796	7	SRSF2
1.32287688845885e-05	0.496800179799615	0.795	0.663	0.162621255898247	7	PCBP2
1.32618731612858e-05	0.653974248762944	0.735	0.6	0.163028206771686	7	MYADM
1.38117265680393e-05	0.707051278496262	0.682	0.562	0.169787554700907	7	ELOC
1.39106757797185e-05	0.860416746239485	0.523	0.364	0.171003937360079	7	ROBO4
1.49467005240395e-05	-0.407616020936887	0.879	0.893	0.183739789542018	7	RPS3A
1.72644115134948e-05	-4.36861645545163	0	0.125	0.212231410735391	7	LOC138582574
1.74752441534499e-05	-0.677114893441797	0.432	0.616	0.21482317637836	7	PPIB
1.8374808240424e-05	-1.44404272562387	0.106	0.277	0.225881517699532	7	LOC138549408
1.85713464423938e-05	-2.13196534020851	0.061	0.216	0.228297561816347	7	PDE7B
1.89339688030699e-05	0.692527489532337	0.583	0.416	0.232755278496139	7	IVNS1ABP
1.98057209043327e-05	0.92145090907918	0.447	0.285	0.243471727076962	7	PFDN4
2.11845164911078e-05	-2.39286400169831	0.03	0.172	0.260421261225189	7	LTBP3
2.30836929340088e-05	1.69971891121084	0.212	0.095	0.283767837237771	7	CXCL12
2.35576653748261e-05	-1.73195264774385	0.091	0.252	0.289594380452737	7	USP48
2.40395663674293e-05	4.09898909463137	0.023	0.001	0.295518389354808	7	AGXT2
2.42817688211279e-05	-1.54073920952068	0.091	0.256	0.298495784118125	7	ADGRE5
2.57995046665243e-05	0.872074114604225	0.47	0.31	0.317153310865583	7	HPSE
2.64297996320466e-05	-0.506995421407883	0.636	0.788	0.324901526876749	7	RPL6
2.64304927132642e-05	0.649840449255931	0.621	0.467	0.324910046924157	7	PPP1CB
2.65346975171513e-05	0.873568980597351	0.492	0.348	0.326191036578342	7	RAB1B
2.71852958957471e-05	-0.312278314835117	0.992	0.972	0.334188842446419	7	RPS18
2.80881249079679e-05	0.623422787330478	0.689	0.581	0.345287319493649	7	SEPT2
2.82624627532617e-05	0.563566054711526	0.689	0.544	0.347430454625846	7	RBM4B
2.86560917944962e-05	-2.56634682255381	0.023	0.157	0.352269336429742	7	KDM4C
2.94080996701367e-05	-3.29332832814739	0.023	0.156	0.361513769244991	7	FGF10
2.97497907296706e-05	-1.6558984075321	0.098	0.258	0.36571417743984	7	PEAK1
3.03437200933997e-05	-0.444860260569023	0.856	0.88	0.373015351108163	7	EEF1B2
3.0888171990152e-05	-0.632540204574134	0.561	0.696	0.379708298274939	7	TRIM39
3.19045948407375e-05	-0.529694783519107	0.758	0.798	0.392203184377186	7	RACK1
3.28203358477058e-05	-1.29860327018807	0.295	0.46	0.403460388575847	7	STAB1
3.48185903241305e-05	4.68395159535252	0.015	0	0.428024930854536	7	LOC138569433
3.53546539385932e-05	-1.057050380556	0.152	0.333	0.434614760867126	7	RFTN1
3.54561768536852e-05	-0.45196451392489	0.818	0.884	0.435862782062352	7	RPL2
3.695844343692e-05	-1.50304691944873	0.106	0.276	0.454330145170057	7	HSPA1A
3.82231216113852e-05	0.58938027591358	0.553	0.362	0.469876833968758	7	ID3
3.99997165587265e-05	-1.18196721919969	0.152	0.323	0.491716515656425	7	LYST
4.10312068190081e-05	0.825970600224951	0.432	0.268	0.504396625426067	7	VBP1
4.49960259552311e-05	-0.308946288962263	0.992	0.971	0.553136147067656	7	RPL26L1
4.79002067630981e-05	0.991605559257768	0.318	0.175	0.588837241738765	7	YWHAG
5.16529553423044e-05	-1.0651995372618	0.167	0.343	0.634969780022948	7	KDM6B
5.19733782856369e-05	-1.41671074365268	0.205	0.363	0.638908739265334	7	VAV3
5.24322139730879e-05	0.747347694619626	0.652	0.509	0.64454920637117	7	NID2
5.28212303021199e-05	3.09898909463137	0.03	0.003	0.64933138410396	7	LOC138582452
5.39273524590498e-05	0.690564418424176	0.561	0.412	0.6629289437791	7	HNRNPUL1
5.63816160495384e-05	-1.87501569683569	0.061	0.211	0.693099206096976	7	HMOX1
5.90831206677797e-05	0.386507893835849	0.932	0.853	0.726308802369016	7	RBMX
6.26882348249155e-05	-1.91223816079189	0.053	0.193	0.770626470702686	7	MAP4K3
6.62262519881244e-05	-1.44697927447393	0.152	0.316	0.814119315690014	7	KRT15
6.66106055134252e-05	0.859698148721551	0.47	0.324	0.818844173576536	7	TMED9
6.73438780121448e-05	0.809482477436382	0.477	0.325	0.827858292403296	7	IQGAP1
6.8219640571771e-05	-0.69275362839163	0.371	0.562	0.83862404154878	7	MIF
6.83446809733883e-05	-1.37549686972822	0.076	0.227	0.840161163205862	7	ELF2
6.86228126081841e-05	-0.30501918471768	1	0.993	0.843580235392408	7	Fth1
6.89168810627084e-05	-0.377207406485336	0.917	0.935	0.847195218903875	7	RPS13
6.89785917831092e-05	-1.76890736936129	0.061	0.203	0.847953828789762	7	GPX3
7.64530962108176e-05	-0.644162299481133	0.326	0.513	0.93983791171958	7	ATP5MG
7.8912754572055e-05	1.47095787201832	0.189	0.085	0.970074491954272	7	HMGCS1
7.97918582678483e-05	-2.35222201720096	0.023	0.146	0.980881313686659	7	RAVER2
8.05752081525442e-05	-1.29012944648007	0.242	0.398	0.990511033819225	7	EXOC3L2
0.00145372365996873	3.68395159535252	0.015	0.001	1	7	LOC138526885
0.000246627013824358	3.09898909463137	0.03	0.004	1	7	LOC138582216
0.00151481455596172	3.09898909463137	0.023	0.003	1	7	BCS1L
0.00151481455596172	3.09898909463137	0.023	0.003	1	7	CABCOCO1
0.0096731625129974	3.09898909463137	0.015	0.002	1	7	LOC138535973
0.0096731625129974	3.09898909463137	0.015	0.002	1	7	EPHA1
0.0096731625129974	3.09898909463137	0.015	0.002	1	7	LOC138577737
0.0096731625129974	3.09898909463137	0.015	0.002	1	7	LOC138467698
0.000139446425079973	2.87659667329492	0.038	0.005	1	7	MVK
0.00218026473571012	2.61356226746113	0.03	0.005	1	7	LOC138583062
0.000912181437672551	2.51402659391021	0.038	0.007	1	7	DUOXA1
0.005026443361138	2.51402659391021	0.023	0.004	1	7	TFAP2B
0.005026443361138	2.51402659391021	0.023	0.004	1	7	ZNF177
0.0048076497161702	2.42091718951873	0.03	0.006	1	7	AKAP12
0.00399086703610198	1.99945342108045	0.045	0.012	1	7	CD109
0.00399086703610198	1.99945342108045	0.045	0.012	1	7	LOC138453100
0.00099821837082488	1.94698600118632	0.061	0.017	1	7	ERCC8
0.00823662132380537	1.92906409318906	0.061	0.022	1	7	HRH2
0.00913860615917416	1.74535214001667	0.045	0.014	1	7	RASGRF2
0.00562422452313071	1.70667167185261	0.053	0.017	1	7	SVIP
0.00468469227199595	1.68395159535252	0.061	0.02	1	7	BEND3
0.000243198356956143	1.68395159535252	0.098	0.033	1	7	CCDC85A
0.000104424781787844	1.46155917401607	0.129	0.047	1	7	WDR13
0.00305426671993792	1.4071113899937	0.091	0.036	1	7	HLA-DMA
0.0081946774122846	1.2410080995038	0.106	0.05	1	7	GLTP
0.00532310305782805	1.18145125482334	0.121	0.058	1	7	HPF1
0.00759835266250677	1.17007219269285	0.152	0.083	1	7	FDFT1
0.00139776898518833	1.15276035107235	0.326	0.219	1	7	MCM3
0.00329910339279115	1.13963107912871	0.159	0.083	1	7	AMOTL2
0.00637430210126752	1.13963107912871	0.121	0.059	1	7	TMEM185A
0.00250685907886844	1.11547721741994	0.152	0.075	1	7	CCDC22
0.000547639350883678	1.07565659080074	0.258	0.148	1	7	FRY
0.000143825240601671	1.05459497527291	0.364	0.233	1	7	HSPD1
0.00648738848417512	1.05007949415042	0.174	0.099	1	7	AAMP
0.00258063152545639	1.04652167473723	0.174	0.092	1	7	VKORC1
0.00179168907711551	1.03597929710557	0.189	0.101	1	7	GALE
0.00735544257564187	1.03485875721165	0.136	0.071	1	7	DLL1
0.00967626390734834	1.02859976673997	0.136	0.073	1	7	DAXX
0.00666380511624322	1.02069456865462	0.227	0.141	1	7	APLN
0.00116943438842136	1.00910359111417	0.22	0.121	1	7	GMNN
8.79982794748498e-05	1.00838654585046	0.318	0.182	1	7	C1QBP
0.000488759371270989	0.995895601667264	0.303	0.184	1	7	PYCR1
0.00444786883431316	0.995895601667264	0.174	0.095	1	7	TMEM35A
0.000351143529697225	0.992538153000724	0.447	0.317	1	7	TANB
0.00110551126148702	0.964688002919776	0.258	0.152	1	7	AKTIP
0.000287598439199791	0.951235474187675	0.303	0.179	1	7	GHITM
0.00134308170053533	0.921796092725016	0.265	0.157	1	7	EXOC5
0.000136412283871582	0.912412852638891	0.356	0.216	1	7	SLC7A3
0.00213979447977334	0.890589945374419	0.235	0.137	1	7	DYNLL2
0.00174202979079726	0.866328337841092	0.258	0.154	1	7	CHMP6
0.000256666078147785	0.865929748243063	0.371	0.234	1	7	LOC138510069
9.53193368876866e-05	0.86438072358528	0.53	0.403	1	7	LSP1
0.000331064867122022	0.857100497669122	0.364	0.228	1	7	IFRD2
0.000159965614641401	0.851624145063457	0.545	0.436	1	7	PGAM1
0.00962653772910924	0.851061581187782	0.318	0.229	1	7	TIA1
8.17517011731135e-05	0.835954688797573	0.394	0.241	1	7	TIMM9
0.00979243476513661	0.834285868436955	0.227	0.143	1	7	CDK2AP1
0.000817373149995342	0.828899931263623	0.227	0.122	1	7	MPPED2
0.000268189212577884	0.81460536860414	0.485	0.369	1	7	HNRNPA2B1
0.00340439817468291	0.814535705162668	0.258	0.159	1	7	TRIR
0.0095982128923568	0.811008331667342	0.258	0.172	1	7	STRAP
0.00173954287621926	0.800739996213515	0.417	0.309	1	7	SRSF10
0.00587944201000766	0.790866799269035	0.265	0.172	1	7	PPP1R11
0.00124573947339815	0.789391801654724	0.303	0.186	1	7	KPNA4
0.00473463323562963	0.780813134605112	0.386	0.282	1	7	TPM1
0.00483045393555307	0.768840492939036	0.235	0.142	1	7	GTPBP4
0.00677615596299453	0.767145530878921	0.205	0.12	1	7	SNRPB2
0.0012899297741406	0.766005811235009	0.409	0.289	1	7	MPC1
0.00383493542497647	0.765331707161897	0.303	0.202	1	7	SNX12
0.000165692607674346	0.757630469795103	0.538	0.397	1	7	DYNLT1
0.000253630167276626	0.752032205252482	0.447	0.299	1	7	NUDT21
0.00974773324866682	0.751823708244982	0.227	0.143	1	7	AP1M1
0.000412943526168804	0.750378957091499	0.424	0.286	1	7	CCT2
0.00467176756340194	0.744846374878835	0.333	0.226	1	7	ADAM15
0.00198825617118801	0.734416662335511	0.341	0.228	1	7	MCM6
0.00966605674628538	0.729755284965648	0.227	0.142	1	7	DUSP6
0.00691235386996736	0.72915101478262	0.386	0.287	1	7	FBL
0.0015299847652014	0.724446373580583	0.348	0.231	1	7	UPP1
0.000383568762967401	0.720477471377637	0.5	0.37	1	7	SYPL1
0.000300600116259664	0.719141023814823	0.47	0.318	1	7	PPP2CB
0.00858109061316761	0.719055396308439	0.25	0.16	1	7	FARSB
0.00416005672835876	0.715985422992236	0.394	0.297	1	7	TMOD3
0.00102193447629508	0.707443785888103	0.47	0.349	1	7	EIF3B
0.00549694117715169	0.706671671852607	0.318	0.215	1	7	CACYBP
0.00278225874877761	0.703997537554281	0.394	0.289	1	7	ALYREF
0.000867486038786058	0.702788237365379	0.341	0.213	1	7	TMBIM4
0.000352623996544737	0.701591754488254	0.538	0.409	1	7	BRK1
0.0019121868439314	0.701553911817959	0.402	0.288	1	7	PCMT1
0.000142411924800278	0.698809554079636	0.591	0.449	1	7	GDI2
0.0073344480415006	0.697626532249599	0.318	0.224	1	7	SNRPA
0.00301204227323725	0.696024427653098	0.303	0.194	1	7	PEDS1
0.000239053145093336	0.695591510908398	0.659	0.538	1	7	POMP
0.00147762047416461	0.693732616145109	0.492	0.388	1	7	LSM3
0.000909856428933847	0.689876429309628	0.515	0.42	1	7	PDLIM4
0.00542929764466159	0.687562848904902	0.477	0.382	1	7	LOC138570017
0.00145911936482381	0.68717549622681	0.356	0.235	1	7	G3BP2
0.000851136662815644	0.685093419742074	0.455	0.312	1	7	DYNLRB1
0.000222887916449029	0.680998277963176	0.561	0.424	1	7	ARPC5
0.00244811294445114	0.673171756599281	0.424	0.307	1	7	VPS29
0.00129007653660525	0.66369144528606	0.545	0.454	1	7	FAM174B
0.00312495211728707	0.663220153768437	0.455	0.363	1	7	EIF6
0.0042774484707251	0.661252547093389	0.379	0.272	1	7	SUMO1
0.000140866888052003	0.651530117660146	0.538	0.369	1	7	PINLYP
0.000935978393474155	0.644610703720355	0.348	0.218	1	7	AMOT
0.000185223102015827	0.643309610855177	0.333	0.194	1	7	MEOX2
0.00103375965621489	0.641516329032127	0.417	0.279	1	7	POLR2J
0.00634650645292011	0.635421701424865	0.462	0.365	1	7	FUBP3
0.00102332951540034	0.633325522282555	0.462	0.332	1	7	TMEM50A
0.000265203082049639	0.629307379300312	0.545	0.393	1	7	LOC138527383
0.00345299380715375	0.628890550942214	0.477	0.383	1	7	TMED7
0.00255870653642893	0.624027777700465	0.462	0.344	1	7	SELENOT
0.000258863364657992	0.623410053417472	0.561	0.409	1	7	PPP2CA
0.000273969926593345	0.622960965463375	0.644	0.541	1	7	ARHGDIA
0.00437955199520113	0.620017289598425	0.447	0.335	1	7	UBE2I
0.000158058127231088	0.619379594056439	0.629	0.491	1	7	SERBP1
0.00613820639418897	0.616698941089042	0.568	0.498	1	7	BTF3
0.00380385280299456	0.615056514141455	0.409	0.295	1	7	CS
0.000406257595403083	0.612744644860103	0.538	0.409	1	7	CD93
0.000654679458011078	0.612076739571963	0.538	0.403	1	7	EIF1AX
0.000141569654934383	0.611454604499134	0.659	0.548	1	7	MATR3
0.000992407339906405	0.608418964185166	0.341	0.21	1	7	PARVB
0.00049551980075392	0.606472842674806	0.629	0.508	1	7	VCP
0.000433453214047047	0.605449621673806	0.621	0.511	1	7	SRSF4
0.00355010461545288	0.603504914025938	0.455	0.345	1	7	EPAS1
0.00308627379724385	0.599320344885346	0.47	0.356	1	7	YWHAH
0.00534565045248461	0.597737300299443	0.402	0.293	1	7	MBNL1
0.000300569532879598	0.594903374776832	0.568	0.424	1	7	CAPZA2
0.000184896666902004	0.592803707294328	0.697	0.588	1	7	HNRNPM
0.000449431395809264	0.582841786303498	0.629	0.503	1	7	SGK1
0.00322878540926055	0.581755683775239	0.591	0.508	1	7	GNG5
0.000139133565228608	0.581713401421785	0.591	0.454	1	7	GLUD1
0.00162023260645015	0.580813685121413	0.402	0.276	1	7	ATF5
0.000849575701414158	0.577714508976528	0.742	0.657	1	7	ATP5PF
0.00132430383086457	0.577291487368227	0.523	0.388	1	7	CDC42BPB
0.00287964027506421	0.577154572475675	0.523	0.413	1	7	ATP2A2
0.000214744128218365	0.568474377932587	0.636	0.524	1	7	CCT6A
0.000313903829389778	0.565446685235019	0.568	0.437	1	7	MANF
0.000853522529223969	0.554395625036032	0.644	0.549	1	7	ARPC2
0.000400843915933617	0.55389105478815	0.659	0.541	1	7	SNRPD2
0.00375383898942141	0.54973065559189	0.455	0.333	1	7	UQCRFS1
9.89745605013528e-05	0.548960384019598	0.742	0.622	1	7	SPTBN1
0.00425086012622069	0.54803548607511	0.5	0.389	1	7	QKI
0.00285536196265802	0.547579153621237	0.583	0.485	1	7	PMP22
0.00664727158113896	0.544887557614972	0.394	0.284	1	7	NCBP2
0.00260258556314978	0.544021334208048	0.462	0.34	1	7	LOC138528606
0.0085101091855423	0.543388653541554	0.477	0.373	1	7	HABP4
0.000784619585634736	0.543388653541554	0.667	0.592	1	7	MOB1A
0.00334247947574825	0.534957251779812	0.455	0.337	1	7	TIMP2
0.00205830469041902	0.526626630689845	0.561	0.449	1	7	CNIH1
0.00700541491132879	0.524518967727853	0.538	0.436	1	7	BSG
0.00389829555943042	0.52111601869653	0.53	0.41	1	7	SRP9
0.00153460244469789	0.52048161604751	0.576	0.436	1	7	FLNB
0.000461142662777283	0.515247664690586	0.674	0.571	1	7	LOC138515939
0.00105619390321167	0.512119528145552	0.614	0.477	1	7	EIF5
0.00752462012501944	0.511200549831447	0.455	0.355	1	7	STT3B
0.000458098972883156	0.510713859869375	0.591	0.438	1	7	SLC29A1
0.00498811872328076	0.508509588942645	0.485	0.365	1	7	ND5
0.0014769939734321	0.507200717515976	0.712	0.679	1	7	ALDOA
0.00294582350730753	0.500637216683032	0.598	0.517	1	7	MYEF2
0.00160423024125822	0.50044818740967	0.629	0.498	1	7	CBX3
0.00821069622615766	0.50022079438518	0.515	0.422	1	7	ABI1
0.000495569727957818	0.495741240882461	0.72	0.645	1	7	NCOA5
0.0051426957313137	0.495001768228455	0.553	0.456	1	7	CANX
0.000191512933021148	0.492652943117644	0.78	0.669	1	7	LIFR
0.00674816765303428	0.491009941185239	0.553	0.471	1	7	MTPN
9.08465958118469e-05	0.483893589108412	0.712	0.593	1	7	RHOB
0.00379914258066918	0.476728052487235	0.606	0.499	1	7	GNAI2
0.00664105803627574	0.474926774221271	0.5	0.386	1	7	SELENOF
0.00451092496172369	0.473547524555141	0.477	0.356	1	7	GCA
0.00138775078138512	0.468797339917213	0.674	0.573	1	7	ZNF706
0.00114187565050976	0.464868763426656	0.75	0.683	1	7	BTF3L4
0.00821144519386585	0.460284370503873	0.53	0.424	1	7	RAB6A
0.00882436649711698	0.458744158409021	0.591	0.511	1	7	ACTR2
0.00698479846993084	0.458719222231114	0.606	0.55	1	7	HNRNPDL
0.00887095958720275	0.455132904856642	0.462	0.347	1	7	EHD3
0.00606899802588976	0.452250396323521	0.636	0.572	1	7	SNRPD3
0.00104222364263481	0.451513287878993	0.727	0.645	1	7	GNGT1
0.00136177216472551	0.451049160859884	0.606	0.474	1	7	ADGRL4
0.00104695776790746	0.447300480109398	0.712	0.585	1	7	TMED2
0.000354539413660196	0.447060770041406	0.758	0.65	1	7	APP
0.00925021742433992	0.446912398051674	0.492	0.382	1	7	ATP1B1
0.000141219884813206	0.444692661882955	0.894	0.809	1	7	VAT1
0.00269773851929943	0.439644397587635	0.553	0.44	1	7	PDIA4
0.00034625271225187	0.432441228144764	0.894	0.812	1	7	COX6B1
0.00103427588178734	0.431037229239179	0.614	0.456	1	7	COL4A2
0.00428620771541972	0.425297675315879	0.621	0.518	1	7	PSMA2
0.00654474112777644	0.42223411799072	0.606	0.511	1	7	PTBP1
0.00129260535190219	0.403801912780929	0.788	0.7	1	7	ABRACL
0.00335943680295801	0.39281300694113	0.788	0.709	1	7	ZNF326
0.00198242704813397	0.37900919009463	0.659	0.534	1	7	AQP1
0.00327763416761513	0.368863245945624	0.689	0.565	1	7	SRSF5
0.000532425975904639	0.363539732912541	0.674	0.521	1	7	ARL15
0.000178527838426445	0.349271053731165	0.955	0.851	1	7	ND4
0.000241636859029109	0.346726464769683	0.939	0.863	1	7	KRT8
0.000147701159571024	0.331279977034053	0.909	0.835	1	7	ITGBL1
0.00666889795111745	0.318601220174032	0.773	0.717	1	7	YWHAZ
0.00142124813229384	0.281953031667462	0.955	0.883	1	7	RPL22
0.00746557320728392	0.280897787836002	0.864	0.81	1	7	EIF4A1
0.0053918241373918	0.240692606910588	0.939	0.856	1	7	ND2
0.00763348900765246	0.194175814055457	0.674	0.52	1	7	TCF4
0.00759775686622475	0.180476579381325	0.992	0.953	1	7	SUGP2
0.00401729743437123	-0.147007136795364	1	0.983	1	7	RPL32
0.0016212187275955	-0.260614066072298	0.955	0.935	1	7	RPLP0
0.0085334984953542	-0.270378825658747	0.886	0.903	1	7	RPS4X
0.0015609663832579	-0.270951201129566	0.932	0.935	1	7	RPL11
9.23643695987347e-05	-0.277665927332256	0.992	0.981	1	7	RPLP2
0.000273795621445951	-0.278992288478854	0.985	0.973	1	7	RPS28
9.46793215166295e-05	-0.325465399700918	0.985	0.965	1	7	RPL24
0.000120999968970145	-0.328342260141328	0.977	0.959	1	7	RPL36
0.00439746328692704	-0.334191093889472	0.523	0.665	1	7	HNRNPA0
0.000701400217819035	-0.356045735716302	0.727	0.817	1	7	RPL10A
0.0032005260461025	-0.386255008830077	0.621	0.729	1	7	SNRPE
0.00148740630613719	-0.45639476177289	0.735	0.794	1	7	UBC
0.000237728156310431	-0.481156389792013	0.614	0.746	1	7	CAPG
0.000304947360812264	-0.48893886456635	0.917	0.881	1	7	RPL37A
0.00858782350819687	-0.497062584751595	0.333	0.443	1	7	ILF2
0.00202589587615067	-0.515119751749306	0.235	0.391	1	7	PPP1R12A
0.00104551172193003	-0.527936699193481	0.47	0.606	1	7	RPL5
0.00461210353519529	-0.530081758379687	0.28	0.413	1	7	NFX1
0.00323082058639289	-0.544867095143358	0.295	0.435	1	7	SSR4
0.00911372559778011	-0.554144908731369	0.318	0.441	1	7	DGKZ
0.00142693828657904	-0.559973987533566	0.311	0.461	1	7	MYOF
0.00992494395220989	-0.563975918091062	0.152	0.259	1	7	MCUB
0.00595901767867464	-0.565826713779004	0.212	0.332	1	7	KALRN
0.0049107544137787	-0.576575954870696	0.205	0.331	1	7	DST
0.00154879685596675	-0.584275479701593	0.227	0.375	1	7	EIF3K
0.000223165060056191	-0.584559625811839	0.598	0.728	1	7	CSTB
0.00194819960993088	-0.593864129037918	0.258	0.401	1	7	SNRNP27
0.00856637766910263	-0.599630187885356	0.28	0.387	1	7	LOC138487737
0.00643122123697993	-0.601450623509725	0.121	0.227	1	7	FLT1
0.00537194379574962	-0.60480963559964	0.182	0.304	1	7	CDK13
0.0062600586948586	-0.60480963559964	0.212	0.332	1	7	AP3D1
0.00546305650036759	-0.607778243481736	0.197	0.323	1	7	SLC12A6
0.000594366896690569	-0.612730548375728	0.409	0.558	1	7	KRT19
0.00658399599985757	-0.623001655567302	0.288	0.397	1	7	GNAS
0.00552651830556548	-0.632329936393697	0.197	0.315	1	7	MDH1
0.00710534670079964	-0.633159483237064	0.25	0.368	1	7	ITPR2
0.00340377678657924	-0.638620416100266	0.447	0.57	1	7	H1-1
0.000337655315127867	-0.641082410402661	0.348	0.508	1	7	PA2G4
0.00125025832244515	-0.651032652360286	0.394	0.528	1	7	NRK
0.00868073755806802	-0.659802861988018	0.258	0.367	1	7	CUL9
0.00315957706142952	-0.674856565235986	0.167	0.289	1	7	GKAP1
0.00902083273262799	-0.675007230479806	0.167	0.272	1	7	RALBP1
0.00794693975410673	-0.677114893441798	0.182	0.291	1	7	NCOR2
0.0086184530491175	-0.681229697488723	0.144	0.247	1	7	UBAP2L
0.00348258651986208	-0.682370618893293	0.265	0.391	1	7	ELMO1
0.00913566995168129	-0.704396925223291	0.159	0.263	1	7	MOB2
0.000694820173490044	-0.706702778203593	0.326	0.477	1	7	LYVE1
0.00405880811893053	-0.71130710273836	0.212	0.334	1	7	RGL3
0.00998243765572443	-0.71304231463571	0.129	0.227	1	7	TBX1
0.00570102191314216	-0.714242393762906	0.212	0.332	1	7	PARG
0.00932264242204884	-0.716927840929661	0.144	0.248	1	7	LBR
0.00390774900276862	-0.725092913831686	0.311	0.424	1	7	ECE1
0.00059805538429847	-0.725800420762258	0.258	0.413	1	7	PLCG1
0.00374445332076609	-0.732888146560306	0.152	0.271	1	7	CCT7
0.00724005337296962	-0.74428540168118	0.098	0.198	1	7	BAZ1A
0.00491289538390501	-0.749007811923583	0.152	0.266	1	7	FAM32A
0.00811391661834075	-0.753453716954775	0.106	0.205	1	7	RNGTT
0.00829455356372168	-0.755160038905178	0.182	0.286	1	7	CD99
0.00436519384861057	-0.755671542204594	0.189	0.309	1	7	DOCK1
0.00120479079620345	-0.758991900496205	0.144	0.281	1	7	PDE8A
0.00448091797269541	-0.765197050022913	0.083	0.187	1	7	GSK3B
0.00678445101248861	-0.766825557974236	0.114	0.217	1	7	SERPINH1
0.00548916667236348	-0.771375624952038	0.152	0.263	1	7	MINK1
0.0050873958431551	-0.77445501788401	0.212	0.324	1	7	SLCO3A1
0.00591341718438783	-0.775480023284774	0.136	0.244	1	7	AMMECR1
0.00647447683943294	-0.776650566992712	0.182	0.289	1	7	NCOR1
0.00276171369963351	-0.777527851933633	0.22	0.341	1	7	PRRC2A
0.00595993381082331	-0.784314680659536	0.227	0.339	1	7	PLEC
0.00397299933842152	-0.784496896642208	0.189	0.308	1	7	SCAF8
0.00889613647552794	-0.78481788786411	0.144	0.244	1	7	PAN3
0.00451943293908952	-0.785091618069065	0.091	0.193	1	7	ARHGEF11
0.000506194333299608	-0.787354123573066	0.197	0.35	1	7	ACTN4
0.00329062357755672	-0.788036195151867	0.227	0.356	1	7	KLHL4
0.00401852737541338	-0.789077626685497	0.242	0.358	1	7	VMP1
0.00860725549891212	-0.791436899559419	0.303	0.398	1	7	RAPGEF6
0.00886991059371407	-0.799864181911733	0.114	0.21	1	7	ATF3
0.00959441225423796	-0.803523060466577	0.152	0.251	1	7	ERI3
0.00300984264921046	-0.803888438470528	0.152	0.27	1	7	SETD2
0.000296214263405985	-0.807901500977151	0.227	0.393	1	7	FGR
0.00880854358720312	-0.807901500977152	0.091	0.183	1	7	TGFBRAP1
0.00981818955583804	-0.812702487240973	0.136	0.233	1	7	IDE
0.00299806121286747	-0.813548064118294	0.22	0.342	1	7	CAMK2G
0.00474601700643804	-0.813718827572466	0.212	0.325	1	7	MGAT4D
0.00634107874250135	-0.817179314565162	0.174	0.284	1	7	CEBPD
0.00175409910627671	-0.821107039776419	0.174	0.307	1	7	DIP2C
0.00696654623684235	-0.824389623765721	0.174	0.281	1	7	JUN
0.000209237664943567	-0.832563555211421	0.318	0.476	1	7	PIEZO1
0.00377632026120187	-0.836470653173923	0.129	0.241	1	7	PXN
0.00331221216399764	-0.837648844371204	0.205	0.324	1	7	ZZEF1
0.00638993611467902	-0.83961036070449	0.114	0.216	1	7	GRK5
0.00425626818401837	-0.84245872301352	0.197	0.315	1	7	AGAP1
0.00433093980657217	-0.84245872301352	0.159	0.271	1	7	NDUFC2
0.0029702153080665	-0.845869351176172	0.121	0.238	1	7	EYA3
0.00393673077355355	-0.846720749867679	0.129	0.24	1	7	DOCK4
0.00571548202983194	-0.851622878406469	0.068	0.161	1	7	CWF19L2
0.00136940339695971	-0.851879198037754	0.189	0.321	1	7	CORO1B
0.000717113179982269	-0.852989390505689	0.121	0.261	1	7	SMAP1
0.0094316043370325	-0.855207215755508	0.121	0.217	1	7	NCOA3
0.00214769940313161	-0.85722921334072	0.144	0.268	1	7	SBF1
0.00653223822550675	-0.860368920871287	0.106	0.207	1	7	MED13
0.00639532175063652	-0.861264726575876	0.167	0.271	1	7	ATXN2
0.00106904581422613	-0.862942864535114	0.22	0.356	1	7	NCOA2
0.000600980703295607	-0.863208872656249	0.197	0.341	1	7	NDUFB7
0.0036987469831166	-0.863729889289173	0.295	0.401	1	7	EPPK1
0.00530961563950429	-0.867844041433434	0.144	0.252	1	7	TRAPPC9
0.00776033471939681	-0.868830499619483	0.114	0.211	1	7	TP53
0.00559631580045573	-0.869101657413889	0.136	0.242	1	7	CHD1
0.00913786561029946	-0.877294836394825	0.159	0.257	1	7	OSBPL8
0.00345509762028857	-0.87829082886855	0.121	0.234	1	7	RASGRP2
0.00894474463124473	-0.87829082886855	0.068	0.155	1	7	PALM
0.00305034244416333	-0.88127468730737	0.159	0.276	1	7	CREBBP
0.00129576700774668	-0.882326342103706	0.22	0.353	1	7	CDK17
0.00247527997059418	-0.882863558658374	0.235	0.355	1	7	PTPRE
0.000129061200729944	-0.891698871852944	0.371	0.519	1	7	CSF1
0.00722129677343236	-0.894555883231333	0.091	0.186	1	7	NOP53
0.0094980964783997	-0.894555883231333	0.083	0.172	1	7	UBE4B
0.00366952777473836	-0.89649542424614	0.129	0.24	1	7	DNM2
0.00386974168097543	-0.896710767935007	0.144	0.256	1	7	GIGYF1
0.00423010168605197	-0.901010905368633	0.136	0.245	1	7	PRELID1
0.00909477813575145	-0.901010905368633	0.106	0.2	1	7	TRERF1
0.00145622184996629	-0.901010905368633	0.197	0.327	1	7	ICAM5
0.00557579775833667	-0.909999688595888	0.136	0.24	1	7	AKAP9
0.00472260994443476	-0.910994993941255	0.121	0.227	1	7	PPFIBP1
0.00146819128521284	-0.912724325932423	0.136	0.265	1	7	PERP
0.00172803670965584	-0.913834945726216	0.129	0.254	1	7	KDM4B
0.00420316021942122	-0.918084418727575	0.129	0.239	1	7	SYT16
0.000396445922275363	-0.920480769566858	0.144	0.293	1	7	GNB2
0.00142827606278097	-0.922321411614045	0.121	0.248	1	7	ZC3H13
0.00491180077953954	-0.923378718397087	0.136	0.243	1	7	USP34
0.00475412188604541	-0.923378718397088	0.348	0.459	1	7	XIRP2
0.00854572746263849	-0.925596543646906	0.242	0.343	1	7	TSPAN18
0.00379850892204922	-0.92849164179074	0.068	0.168	1	7	LAMTOR4
0.00442772961805032	-0.932489136841801	0.106	0.211	1	7	NCOA1
0.000157024750095917	-0.933209727756781	0.189	0.355	1	7	FCHSD2
0.0044418620097046	-0.939146034255404	0.083	0.184	1	7	SLC3A2
0.000385263838154015	-0.939691373532693	0.136	0.285	1	7	DAPL1
0.00372645578526949	-0.940539269555271	0.114	0.223	1	7	LRSAM1
0.0051096486144202	-0.942038173628688	0.076	0.172	1	7	TAF4
0.00245850239883666	-0.944079627260519	0.174	0.296	1	7	HYAL2
0.00711937683589952	-0.945405024727086	0.083	0.177	1	7	BBS12
0.00983876677456199	-0.949373926930032	0.068	0.152	1	7	STOML2
0.00236268480617565	-0.951636978438601	0.136	0.255	1	7	ADGRA2
0.000926683953770106	-0.952115246316639	0.159	0.295	1	7	TNRC6B
0.00477264871365285	-0.953099416517087	0.114	0.218	1	7	KMT2D
0.00487369143644592	-0.954122241828196	0.098	0.2	1	7	MRPL52
0.00220180732969866	-0.955919246471023	0.197	0.319	1	7	DAB2
0.00347975907702953	-0.957842127965309	0.083	0.187	1	7	ELF1
0.000967652910366273	-0.959904594422202	0.129	0.261	1	7	MTMR3
0.0085661754815062	-0.964020702894433	0.098	0.19	1	7	CSNK2A2
0.00850392002293357	-0.965141242788349	0.061	0.145	1	7	GAB1
0.000198280487233198	-0.970894999481136	0.189	0.35	1	7	CYLD
0.007601545300146	-0.974259887399272	0.076	0.165	1	7	SUGP1
0.00529844836771174	-0.975358246828714	0.076	0.172	1	7	IER2
0.000447616397064282	-0.978648316762899	0.152	0.297	1	7	GNAL
0.00273124781544425	-0.979013417369906	0.121	0.234	1	7	CSNK2A1
0.00854065221163371	-0.981384321832653	0.068	0.155	1	7	SNX25
0.00310522304453524	-0.988473746618972	0.114	0.224	1	7	GOLGB1
0.00349220415466969	-0.988473746618972	0.076	0.176	1	7	CRYBG1
0.00963008603788857	-0.988473746618972	0.091	0.179	1	7	TNPO3
0.00015201455263726	-0.991397141825739	0.174	0.337	1	7	GSTM4
0.000241697727227559	-0.993053734722232	0.227	0.382	1	7	ARHGEF2
0.00218377529658922	-0.993457154133228	0.114	0.229	1	7	SURF6
0.0042884838458423	-0.993457154133228	0.121	0.226	1	7	UBE2V1
0.00556933771802151	-0.994120309760115	0.106	0.205	1	7	MRPL23
0.00393361869692649	-1.00534756518337	0.098	0.202	1	7	WASF2
0.0031994710369548	-1.00721030920056	0.121	0.232	1	7	AFAP1L1
0.00171627578635845	-1.00881419490315	0.197	0.321	1	7	C2PH19orf33
0.00887211734317015	-1.01648812278857	0.076	0.163	1	7	EXD3
0.000151124257239814	-1.01744450004659	0.174	0.336	1	7	GJC2
0.00897649019907882	-1.02202630633	0.098	0.189	1	7	GTF2I
0.00178697425104039	-1.02300142974724	0.114	0.232	1	7	CNOT4
0.00711166109879338	-1.02786718491906	0.121	0.218	1	7	PHF21A
0.00425449930145617	-1.02829156940245	0.492	0.575	1	7	KRT1
0.00527555936328339	-1.0302939223136	0.114	0.214	1	7	SENP6
0.00805342852401699	-1.03714759335466	0.083	0.172	1	7	GSR
0.00293705881975477	-1.03977497532448	0.083	0.188	1	7	TTC31
0.00336447315869312	-1.04149212891846	0.061	0.158	1	7	VANGL2
0.000368365093261598	-1.04633393357787	0.152	0.297	1	7	ECPAS
0.000284060737481323	-1.05157058194401	0.159	0.309	1	7	RAI1
0.00933667214933879	-1.0523202286436	0.083	0.171	1	7	TDRD7
0.000717268179258265	-1.05558794247751	0.136	0.271	1	7	ARHGEF1
0.00458444013730909	-1.05628913084654	0.068	0.163	1	7	PLEKHO1
0.00158970420656272	-1.05751539104862	0.121	0.241	1	7	NF1
0.00632071452501284	-1.06289858774553	0.053	0.139	1	7	ALDH5A1
0.00313492905461648	-1.06558267231674	0.106	0.213	1	7	EVI5
0.00178583581413207	-1.07093590681095	0.144	0.265	1	7	GSE1
0.00310782410650918	-1.07093590681095	0.068	0.169	1	7	KCNQ1
0.00725913777843513	-1.07093590681095	0.053	0.136	1	7	DLG5
0.00276102979785851	-1.07759963709196	0.076	0.179	1	7	ADSS2
0.00728528110286912	-1.07892869756448	0.061	0.146	1	7	STAT6
0.000177155384822034	-1.07949792031437	0.159	0.317	1	7	ARHGAP27
0.00180365042092075	-1.0842327294244	0.068	0.175	1	7	SNX14
0.00554622417104061	-1.08687745067997	0.106	0.204	1	7	ZMYM4
0.000129914772499029	-1.09412553418283	0.144	0.305	1	7	IGF1R
0.00278963097767483	-1.0943188342489	0.114	0.224	1	7	NSD2
0.00122964932812722	-1.09576775979088	0.106	0.227	1	7	KDM3B
0.00761199830298705	-1.09740811817214	0.053	0.135	1	7	ZNF618
0.00225925211584811	-1.10691520391651	0.061	0.164	1	7	MAP1LC3A
0.000102988223075925	-1.10920592373866	0.197	0.361	1	7	ADD1
0.000455493262853339	-1.10941005462558	0.235	0.378	1	7	GSTP1
0.00418711066174302	-1.11046427099758	0.061	0.154	1	7	SRP72
0.00381460549501682	-1.11694830456778	0.076	0.174	1	7	IL1R1
0.00547973365759806	-1.11694830456778	0.083	0.178	1	7	TRIM3
0.00259531909127845	-1.1182416215893	0.182	0.295	1	7	CADM1
0.00277352516088177	-1.11943442450214	0.083	0.188	1	7	EPN1
0.008927561765401	-1.12105938623678	0.076	0.161	1	7	VTI1A
0.000998410233571141	-1.12211463073651	0.129	0.256	1	7	RASAL2
0.00938395736564275	-1.12538369083332	0.083	0.17	1	7	PGM5
0.00142452267340141	-1.12769068510818	0.129	0.248	1	7	RPTOR
0.00514531566010084	-1.12982959586451	0.083	0.179	1	7	ALDH9A1
0.00453143481722939	-1.13130852479043	0.091	0.189	1	7	DENND5A
0.00440224791262726	-1.13367166215891	0.061	0.153	1	7	TRAF7
0.00092820908288192	-1.13547615900566	0.114	0.24	1	7	ZFPM1
0.00229365283359989	-1.14132523470234	0.053	0.153	1	7	ACVR2A
0.00973190117893571	-1.14893841881222	0.091	0.181	1	7	SERPINE1
0.00182730722669425	-1.14893841881222	0.061	0.166	1	7	SEC24C
0.00205783978180977	-1.14893841881222	0.098	0.21	1	7	PSMC2
0.00206736491639677	-1.1539916465385	0.098	0.21	1	7	BCAS3
0.00107440163278137	-1.1597451737688	0.083	0.202	1	7	TRIO
0.00180588722911543	-1.1597451737688	0.091	0.203	1	7	MLLT6
0.00456658502069451	-1.16571413156305	0.053	0.142	1	7	PHLPP2
0.00224478961120728	-1.17153984774935	0.129	0.243	1	7	FOSB
0.0029882947139087	-1.17153984774935	0.061	0.158	1	7	MBTD1
0.0059194404013638	-1.17402939977505	0.083	0.176	1	7	VPS54
0.00662557263797414	-1.17402939977505	0.053	0.137	1	7	GRAMD2B
0.00238770728789581	-1.1789956526684	0.129	0.241	1	7	SERPINE2
0.00522560412626185	-1.1789956526684	0.068	0.159	1	7	CSK
0.00250682952175684	-1.18023454930176	0.083	0.188	1	7	PUM3
0.0043105001077945	-1.18111882456137	0.03	0.111	1	7	TPCN2
0.00738287269142699	-1.1897721363208	0.068	0.155	1	7	MTSS2
0.00197298299957094	-1.19010760778862	0.121	0.239	1	7	SEMA7A
0.00395937263695456	-1.19051752256362	0.053	0.144	1	7	PPIP5K2
0.00156336303908603	-1.19051752256362	0.129	0.247	1	7	HDAC5
0.00367555274424896	-1.19256535121248	0.083	0.183	1	7	ATP9B
0.000722706904954769	-1.1949246240864	0.076	0.198	1	7	ARMC8
0.00609185832603234	-1.1949246240864	0.091	0.184	1	7	SH3PXD2A
0.0047913694250801	-1.20843943056088	0.061	0.151	1	7	DENND1A
0.000443437501455273	-1.20934993550804	0.114	0.248	1	7	CEP170
0.000335534247721046	-1.21328883022228	0.098	0.235	1	7	ATP2B4
0.00430157309046339	-1.21389386065299	0.045	0.133	1	7	DNM1L
0.000328751193096252	-1.21490168119058	0.106	0.244	1	7	ATRNL1
0.00607663847292811	-1.21570743102492	0.068	0.156	1	7	RBM27
0.00111446166277666	-1.21812198395822	0.091	0.209	1	7	AGO3
0.000391912813285992	-1.222939000256	0.114	0.25	1	7	MAN1A1
0.00122292230924898	-1.22694093081349	0.121	0.242	1	7	VPS13C
0.00141538642000347	-1.22717599314247	0.121	0.24	1	7	DNAAF9
0.00291991402589636	-1.22847718379743	0.076	0.178	1	7	SP140
0.00278619464362121	-1.22893774087744	0.083	0.187	1	7	CIC
0.00482403912504353	-1.2301345016602	0.068	0.16	1	7	INPP5B
0.00278691207311554	-1.23371883900924	0.114	0.225	1	7	LOC138562538
0.00657590785951079	-1.23428397385	0.106	0.201	1	7	NFATC2
0.00292052964896358	-1.23729429323307	0.068	0.167	1	7	ABHD17A
0.00436456406949272	-1.24247918665164	0.076	0.171	1	7	ATG9A
0.00870008804329992	-1.24441872766645	0.068	0.151	1	7	PREX1
0.00317370077474141	-1.24678574221036	0.045	0.136	1	7	NRARP
0.00542601125378726	-1.24678574221036	0.061	0.149	1	7	ZNF391
0.00519746071136459	-1.24893420878894	0.076	0.168	1	7	PHLDA2
0.001635066455658	-1.2504197366781	0.083	0.195	1	7	CELF2
0.000619693534858508	-1.25150815245277	0.106	0.234	1	7	LAMB2
0.0015093056476991	-1.25536047794837	0.076	0.186	1	7	SAMD4B
0.00115347916020997	-1.25585362272873	0.091	0.208	1	7	ANKRD52
0.00705223494981761	-1.25856290998672	0.045	0.126	1	7	ROBO3
0.00124885619489839	-1.26175824914652	0.068	0.179	1	7	CTDP1
0.00379934035686803	-1.26358098475334	0.03	0.113	1	7	XPR1
0.000350188189816265	-1.26636128054712	0.114	0.252	1	7	EPB41L2
0.00650395516547572	-1.26733311961445	0.053	0.136	1	7	TTF1
0.00643455121472199	-1.27798036381396	0.061	0.146	1	7	TDRD10
0.00655681708278674	-1.27798036381396	0.061	0.146	1	7	KMT2E
0.00431998690741385	-1.28567475560396	0.053	0.142	1	7	FAM162A
0.00117966464138461	-1.28841283773328	0.098	0.216	1	7	TTC17
8.56288768584865e-05	-1.28902819071377	0.098	0.253	1	7	NFIC
0.000116334359355656	-1.29761568655049	0.098	0.249	1	7	TRAF2
0.00444043979475684	-1.30094151225727	0.061	0.151	1	7	VAV2
0.00447672848285749	-1.30310934893998	0.038	0.121	1	7	MED23
0.00605513671078797	-1.31604840464748	0.03	0.106	1	7	MBD6
0.00153182794240002	-1.31809623329634	0.076	0.185	1	7	PLK5
0.00319157529797569	-1.31886342025453	0.053	0.146	1	7	NLRP3
0.00413531901847216	-1.31886342025453	0.053	0.142	1	7	ZCCHC9
0.00706825102725218	-1.3235429411944	0.053	0.135	1	7	GRIA3
0.0070218919127176	-1.3290404248668	0.129	0.225	1	7	TGM3
0.000528320603492793	-1.32985420417251	0.083	0.21	1	7	KIF1C
0.00134373922530877	-1.33099874611345	0.053	0.158	1	7	IKBKG
0.00143524486135725	-1.33594796208518	0.174	0.295	1	7	S100A13
0.000714036616534881	-1.34395440121736	0.068	0.187	1	7	ITPR3
0.000968044306747494	-1.34395440121736	0.083	0.2	1	7	ZNF25
0.00436353445200471	-1.34395440121736	0.053	0.141	1	7	CNNM4
0.00489710725081932	-1.34395440121736	0.053	0.14	1	7	ARHGAP39
0.00642127885558254	-1.34947140618493	0.03	0.105	1	7	RECQL5
0.00510229938659556	-1.35104382600368	0.045	0.129	1	7	COA5
0.00510229938659556	-1.35104382600368	0.045	0.129	1	7	RNF115
0.00847002811846119	-1.35104382600368	0.045	0.122	1	7	ABCC5
0.00741288482462036	-1.36044252400593	0.023	0.092	1	7	NUP85
0.00491806105273534	-1.36044252400593	0.053	0.14	1	7	ANO10
0.00493784215136392	-1.36044252400593	0.03	0.109	1	7	TTC27
0.00983531067108617	-1.36044252400593	0.038	0.11	1	7	CAPN5
0.00563339638300641	-1.36771052446997	0.053	0.139	1	7	SACS
0.000613665990766931	-1.36978038858527	0.091	0.216	1	7	EBF1
0.000138557443431847	-1.37739259293587	0.189	0.35	1	7	TTN
0.00255128277274839	-1.38482668263289	0.053	0.149	1	7	KIAA0753
0.000965740994030846	-1.38643773253887	0.061	0.172	1	7	LOC138569657
0.00133224460332812	-1.3875107672041	0.083	0.195	1	7	FHOD1
0.0038712048716968	-1.40653893859538	0.045	0.133	1	7	DDX10
0.00388577557961414	-1.40653893859538	0.045	0.133	1	7	USP31
0.00186443027900611	-1.41056600343177	0.061	0.163	1	7	ZFR
0.000180155895947433	-1.42108387534577	0.083	0.225	1	7	CLCA1
0.00966254907911284	-1.42457286142565	0.03	0.099	1	7	MOSPD1
0.00748948053774033	-1.42457286142565	0.038	0.113	1	7	TSNARE1
0.00641234131830894	-1.42457286142565	0.045	0.126	1	7	GATAD2B
0.00746546882803562	-1.43498947737098	0.038	0.113	1	7	NEO1
0.00812940337727322	-1.44016971647666	0.015	0.079	1	7	INPP5K
0.00314725733682369	-1.44238413754211	0.045	0.135	1	7	ZNF362
0.000468754962267154	-1.44533142159244	0.083	0.209	1	7	AHDC1
0.00179814464919151	-1.44790536525627	0.053	0.153	1	7	GOLIM4
0.00961162910950953	-1.44944753006467	0.03	0.099	1	7	RPF1
0.00264861439226724	-1.45559975704627	0.053	0.148	1	7	URGCP
0.0066187760424312	-1.45559975704627	0.015	0.081	1	7	ESCO1
0.000728526097304235	-1.45997819755685	0.03	0.134	1	7	RALGPS1
0.00263707084672539	-1.46325332958971	0.053	0.148	1	7	PI4KB
0.00784547790959448	-1.48597340608979	0.03	0.102	1	7	RANBP10
0.000705529247625251	-1.48597340608979	0.068	0.185	1	7	ASXL1
0.00183782539112209	-1.48597340608979	0.045	0.142	1	7	IFNAR2
0.00782465473170858	-1.49794604775586	0.03	0.102	1	7	KHDC4
0.000194500874617458	-1.50191494995881	0.083	0.221	1	7	EMID1
0.00308806288594617	-1.51150849819693	0.045	0.135	1	7	CTDSP1
0.0054143446143769	-1.51992073801313	0.038	0.118	1	7	HELZ2
0.000740861812054541	-1.52123073087612	0.174	0.301	1	7	NRP2
0.000425533241188473	-1.52159731582051	0.068	0.191	1	7	SOS1
0.00116210360844226	-1.52159731582051	0.068	0.178	1	7	OSBPL5
0.00214531773087025	-1.52550177027643	0.03	0.119	1	7	MORC3
0.00422153173363266	-1.52550177027643	0.061	0.15	1	7	NFKBIA
0.000151658601637725	-1.53036752544824	0.083	0.223	1	7	TBC1D4
0.00517631491201481	-1.53327912086815	0.023	0.096	1	7	LOC138481675
0.00405137487788973	-1.53521692510964	0.038	0.121	1	7	USP8
0.00495240015830923	-1.53521692510964	0.038	0.118	1	7	WFDC1
0.000227612057282614	-1.53763552591228	0.106	0.245	1	7	SLC4A11
0.00423167554122683	-1.54486709514336	0.023	0.099	1	7	RPRD1A
0.00636187293646855	-1.54486709514336	0.03	0.104	1	7	NUDT3
0.00156926602541484	-1.54486709514336	0.045	0.144	1	7	SIN3A
0.00203173422881624	-1.54486709514336	0.038	0.131	1	7	GAB3
0.00430903134050945	-1.54486709514336	0.038	0.12	1	7	GHR
0.00234930291793245	-1.55308760194833	0.045	0.139	1	7	EIF4G3
0.00556287426209949	-1.55636273398119	0.03	0.106	1	7	LOC138467158
0.00161380494179542	-1.55838190161784	0.121	0.235	1	7	LGALS9
8.34118219951754e-05	-1.55922238812043	0.068	0.213	1	7	EHBP1
0.000945619415154534	-1.55922238812043	0.053	0.161	1	7	DOCK7
0.00592555351610108	-1.56776749725344	0.03	0.105	1	7	ACER1
0.000974712410600564	-1.57747176057529	0.045	0.15	1	7	CLUH
0.000117718349224722	-1.57908281048127	0.068	0.207	1	7	COMMD10
0.00476604464890948	-1.5855090796407	0.045	0.129	1	7	CRISP3
0.00906203524250978	-1.58751143255185	0.023	0.088	1	7	CLN8
0.00632789617749011	-1.59031006590452	0.03	0.104	1	7	DOK1
0.00453392235493912	-1.59031006590452	0.068	0.159	1	7	GAS6
0.000133708539611333	-1.5952720485806	0.053	0.187	1	7	PHF14
0.000448494882775622	-1.59808377241133	0.364	0.496	1	7	CTSL
0.0044644004907596	-1.60145062350973	0.03	0.11	1	7	DSP
0.00483567041622784	-1.60145062350973	0.03	0.108	1	7	LOC138570040
0.00516611250327322	-1.60145062350973	0.03	0.107	1	7	GMEB1
0.00904322993926173	-1.60145062350973	0.023	0.088	1	7	WWP2
0.00358359163648304	-1.61525642303476	0.008	0.076	1	7	DKK3
0.000218765256583534	-1.6209029861759	0.091	0.229	1	7	CEMIP2
0.0018666456665186	-1.62503744382734	0.045	0.141	1	7	PTPN14
0.00201579067520441	-1.62503744382734	0.045	0.141	1	7	NFATC4
0.00177259134125899	-1.62893135993183	0.038	0.132	1	7	MFSD1
0.00736672876150883	-1.62893135993183	0.023	0.091	1	7	RBBP9
0.00842333467896583	-1.62893135993183	0.023	0.089	1	7	LPCAT2
0.00842333467896583	-1.62893135993183	0.023	0.089	1	7	ZFAT
0.00900558653035318	-1.62893135993183	0.023	0.088	1	7	CPPED1
0.00042907380183119	-1.63281479441906	0.023	0.127	1	7	PLEKHG4B
0.00229557873234566	-1.63281479441906	0.045	0.139	1	7	SCARF2
0.00587796088722087	-1.63436524598246	0.03	0.105	1	7	SHARPIN
0.00715515561881484	-1.63436524598246	0.03	0.103	1	7	SNX24
0.000174911887489801	-1.63633614115358	0.068	0.202	1	7	FLRT2
0.000199845980471273	-1.63977874216882	0.068	0.2	1	7	SYNE3
0.0038895332659172	-1.64055044319867	0.038	0.122	1	7	ITGB3
0.0014953884624979	-1.64517200093904	0.023	0.112	1	7	ACADL
0.0018311823771361	-1.6558984075321	0.023	0.11	1	7	CDK5RAP2
0.0078450153885195	-1.6558984075321	0.023	0.09	1	7	SETDB2
0.00960678351971274	-1.6558984075321	0.023	0.088	1	7	GLYR1
0.00446533049950471	-1.66654565173161	0.03	0.109	1	7	RCBTB1
0.00542946248353695	-1.66654565173161	0.03	0.106	1	7	DDIT3
0.00784501941796805	-1.66919523014556	0.023	0.09	1	7	TASP1
0.00143095339012785	-1.67360040926556	0.038	0.134	1	7	NBR1
0.00835298055661524	-1.68237061889329	0.023	0.089	1	7	WDR48
0.00206967212815737	-1.68237061889329	0.03	0.119	1	7	EPO
0.00277576253526705	-1.68760726725944	0.03	0.115	1	7	TOLLIP
0.00586475585951351	-1.6910878359944	0.008	0.07	1	7	ODF2
0.00492306535873218	-1.69542677171874	0.015	0.085	1	7	TANK
0.00162024518463959	-1.69975269712153	0.038	0.133	1	7	DMPK
0.000421385701364292	-1.70836582742624	0.03	0.14	1	7	THADA
0.00519379395218868	-1.70836582742624	0.023	0.095	1	7	EI24
0.0018251128692292	-1.72882992998595	0.03	0.12	1	7	WIPF2
0.005920490692306	-1.73390091953337	0.023	0.094	1	7	NDRG2
0.00294473395762527	-1.73895414725966	0.03	0.114	1	7	PDZD8
0.00617538308179867	-1.73895414725966	0.03	0.104	1	7	CDKL5
0.000411456499046936	-1.74650095631301	0.053	0.171	1	7	SLC38A9
0.00563087657067524	-1.74650095631301	0.015	0.083	1	7	TGM2
0.00438090529586513	-1.74900781192358	0.03	0.109	1	7	COL24A1
0.00106749044744523	-1.7506766322842	0.038	0.138	1	7	PHLPP1
0.000453190030833638	-1.75186746606282	0.045	0.159	1	7	ATG14
0.00223110981582073	-1.7589919004962	0.03	0.118	1	7	GPATCH8
0.00239349321175165	-1.7589919004962	0.03	0.117	1	7	DCAF6
0.00301741794279457	-1.75899190049621	0.015	0.091	1	7	NINJ1
0.0044976472350436	-1.75899190049621	0.023	0.097	1	7	PNPLA7
0.00482343447167613	-1.77137562495204	0.023	0.096	1	7	BARD1
0.00105693733045507	-1.77548002328477	0.038	0.138	1	7	STK25
0.00205703396489591	-1.78853617611022	0.03	0.118	1	7	SRPK3
0.00390116082994043	-1.79582866867658	0.023	0.099	1	7	MTUS1
0.00207386620609556	-1.79825133094343	0.03	0.118	1	7	MAPKAP1
0.00395256833074728	-1.81987414264323	0.015	0.088	1	7	KIF2C
0.00868401842189597	-1.82384304484617	0.015	0.077	1	7	NF2
0.000891420827086464	-1.83647065317392	0.03	0.129	1	7	ZNF219
0.00658175598930606	-1.83961036070449	0.015	0.08	1	7	AMMECR1L
0.00239463988677691	-1.84352541070787	0.023	0.105	1	7	OCIAD1
0.00320642527775314	-1.84352541070787	0.015	0.09	1	7	SLCO2B1
0.000191416687965696	-1.8485434854745	0.038	0.16	1	7	FNDC1
0.000593745908520434	-1.85520721575551	0.038	0.145	1	7	RASA2
0.00443187259764511	-1.86679519003072	0.023	0.097	1	7	PDE10A
0.0075341373371556	-1.87063725632511	0.015	0.079	1	7	FLOT1
0.00442244264455579	-1.87829082886855	0.023	0.097	1	7	AFG2A
0.00233543928167761	-1.88286355865837	0.03	0.117	1	7	RALGDS
0.00168001044885027	-1.8896955921408	0.023	0.11	1	7	RIC3
0.000188289776105577	-1.89536434222749	0.045	0.171	1	7	STON2
0.00220750887899818	-1.92337871839709	0.023	0.106	1	7	RNASEH2B
0.00046232431858937	-1.92781096471235	0.03	0.137	1	7	FGD6
0.00860774721972645	-1.93075824876269	0.015	0.077	1	7	ADGRG1
0.00205160618641163	-1.93443390690608	0.023	0.107	1	7	PLEKHM2
0.0023502497202549	-1.94540502472709	0.023	0.105	1	7	MICU1
0.00567402117651514	-1.94540502472709	0.015	0.082	1	7	MEX3A
0.00747902087064525	-1.94540502472709	0.015	0.079	1	7	NCALD
0.000625495656675067	-1.9599045944222	0.038	0.144	1	7	RihA
0.00921967850756522	-1.9599045944222	0.015	0.076	1	7	DTNB
0.000651661348936251	-1.96278710295532	0.03	0.133	1	7	DDHD2
0.00236512105103282	-1.96710009582641	0.023	0.105	1	7	RXRA
0.00608049447380183	-1.97425988739927	0.015	0.081	1	7	WDPCP
0.00198985596686232	-1.98847374661897	0.03	0.118	1	7	ADAMTSL3
0.000397967974004396	-1.98847374661897	0.038	0.149	1	7	KLHL29
0.00428000519710672	-1.98847374661897	0.015	0.086	1	7	ZNF512B
0.00527896389305923	-1.98847374661897	0.015	0.083	1	7	ELP1
0.00138855750506802	-2.00054657891955	0.045	0.144	1	7	VEGFA
0.00694998904703655	-2.0025489318307	0.015	0.08	1	7	FAM83G
0.00371797149455083	-2.01648812278857	0.015	0.088	1	7	SRF
0.000580386983202871	-2.05075802487332	0.015	0.111	1	7	IRAK2
0.000701564171018195	-2.05075802487332	0.023	0.12	1	7	STAM
0.00967110004026863	-2.09083546424865	0.008	0.063	1	7	BLOC1S5
0.0011175406213616	-2.09478264876531	0.023	0.115	1	7	SNCA
0.00298920879180523	-2.09740811817214	0.015	0.09	1	7	KLHL5
0.0034278354757857	-2.11046427099758	0.015	0.088	1	7	SLC2A13
0.00368616079300517	-2.11046427099758	0.015	0.088	1	7	RN28S
0.00966395513668047	-2.11046427099758	0.008	0.063	1	7	OXNAD1
0.00966395513668047	-2.11046427099758	0.008	0.063	1	7	PLEKHA2
0.000691743442931853	-2.12017942583079	0.023	0.12	1	7	NEK1
0.00278301841790199	-2.12340332670508	0.015	0.091	1	7	EVA1B
0.00130776448052697	-2.14893841881222	0.008	0.088	1	7	PRR5L
0.0031873649251973	-2.14893841881222	0.015	0.089	1	7	PPP2R3A
0.00317805187624122	-2.17402939977505	0.015	0.089	1	7	JMY
0.000221533650531724	-2.18641312423088	0.015	0.123	1	7	AHRR
0.00676864282608833	-2.18641312423088	0.008	0.067	1	7	ARHGAP42
0.00168558233949107	-2.18641312423088	0.015	0.097	1	7	ANKRD27
0.00055214185376652	-2.19563165426026	0.023	0.123	1	7	GSAP
0.000108493304690323	-2.20113462993765	0.03	0.154	1	7	ANTXR2
0.000605082468778286	-2.2021804400892	0.045	0.154	1	7	SLC7A8
0.00779084919033453	-2.20479165354574	0.008	0.065	1	7	PDLIM5
0.00897206975950228	-2.20479165354574	0.008	0.064	1	7	STARD13
0.00022425278692459	-2.21570743102492	0.03	0.145	1	7	ASAP3
0.00629724522937698	-2.222939000256	0.008	0.068	1	7	MIPOL1
0.00629724567660207	-2.24086090825326	0.008	0.068	1	7	LOC138527074
0.00675402514203589	-2.24086090825326	0.008	0.067	1	7	ZNF276
0.000274165926766179	-2.24530681328445	0.053	0.173	1	7	GPNMB
0.00274302829795191	-2.25856290998672	0.015	0.091	1	7	RNF152
0.00440514859194296	-2.29332832814739	0.008	0.073	1	7	CCNYL1
0.00723795814873831	-2.29332832814739	0.008	0.066	1	7	GPR176
0.000286276606074928	-2.29332832814739	0.008	0.107	1	7	SPTY2D1
0.000225322635642006	-2.30700326504447	0.023	0.134	1	7	ELN
0.00893761315549184	-2.31040184150633	0.008	0.064	1	7	DPP4
0.00472276236377008	-2.32727566007073	0.008	0.072	1	7	REM2
0.0047260723866545	-2.32727566007073	0.008	0.072	1	7	TRAF6
0.00506626166594688	-2.34395440121736	0.008	0.071	1	7	BEND2
0.000565732275564076	-2.34947140618493	0.015	0.111	1	7	BDH2
0.00409174159453148	-2.36044252400593	0.008	0.073	1	7	DENND2A
0.00438986874157357	-2.37674433633503	0.008	0.073	1	7	PAK3
0.00100247484412814	-2.38213759510525	0.015	0.103	1	7	CTTNBP2NL
0.00165479233001677	-2.38213759510525	0.015	0.097	1	7	RN18S
0.00230480055052978	-2.44016971647666	0.008	0.08	1	7	JADE1
0.00214142594575273	-2.48597340608979	0.008	0.081	1	7	SQOR
0.00172443746110974	-2.53036752544824	0.008	0.084	1	7	GABPB1
0.0002868757733861	-2.54486709514336	0.015	0.118	1	7	AVEN
0.000308639343500048	-2.55445314397256	0.015	0.118	1	7	ATP8
0.000486310293894272	-2.58751143255185	0.023	0.124	1	7	MAFB
0.00171909217902427	-2.58751143255185	0.008	0.084	1	7	PRDM15
0.00229438532225037	-2.58751143255185	0.008	0.08	1	7	ITGB5
0.00304580099044554	-2.64247789176978	0.008	0.077	1	7	ABLIM2
0.000960593137850978	-2.70836582742624	0.008	0.091	1	7	TBC1D30
0.000576120815616154	-2.73390091953337	0.008	0.097	1	7	COQ7
0.000193836208621053	-2.74021469346558	0.015	0.124	1	7	SEMA3A
0.000665295595892014	-2.78365395473047	0.008	0.095	1	7	PACS2
0.00672781163490769	-2.83174824293152	0	0.053	1	7	FBXO33
0.00583217661050842	-2.90101090536863	0	0.055	1	7	LRP10
0.00583494875109155	-2.96710009582641	0	0.055	1	7	ERMARD
0.00438120942454142	-3.0095353621468	0	0.058	1	7	CLOCK
0.00470718825192454	-3.0095353621468	0	0.057	1	7	LOC138529514
0.00379567331153143	-3.0302939223136	0	0.06	1	7	DCAF17
0.00543385695527912	-3.0302939223136	0	0.056	1	7	NECTIN1
0.00583744068259123	-3.05075802487332	0	0.055	1	7	ANKRD6
0.00963103807309503	-3.09083546424865	0	0.049	1	7	TC2N
0.000454221080481286	-3.12017942583079	0.008	0.1	1	7	DOCK5
0.000760492396007106	-3.13941564469371	0.008	0.094	1	7	PGF
0.00380107656377729	-3.222939000256	0	0.06	1	7	CYGB
0.00185060639357964	-3.25856290998672	0	0.069	1	7	WDR55
0.00353985875211262	-3.25856290998672	0	0.061	1	7	CXADR
0.00265426450973275	-3.27605033671556	0	0.065	1	7	BCL2
0.000251427513396881	-3.28471519784269	0.008	0.107	1	7	PLCE1
0.00029036707881959	-3.46325332958971	0.008	0.105	1	7	ANKFN1
0.000722024312054256	-3.53036752544824	0	0.08	1	7	LOC138521299
0.000726162830655831	-3.8896955921408	0	0.08	1	7	GALR1
0.000104940564030438	-4.09083546424865	0.008	0.118	1	7	STAB2
