p_val	avg_log2FC	pct.1	pct.2	p_val_adj	cluster	gene
2.55476929759496e-134	8.91035929642263	0.908	0.004	3.05908075694021e-130	1	RELN
1.51356919746165e-127	7.82843125153136	0.908	0.026	1.81234775704058e-123	1	HAPLN3
2.88961732852463e-114	4.44200902925734	0.966	0.188	3.46002778917539e-110	1	MRC1
8.448358987478e-96	4.17350468306658	0.861	0.129	1.01160650516062e-91	1	NRP2
2.06374376757934e-91	5.03503334696872	0.718	0.035	2.4711267872995e-87	1	UNC5B
1.07351011744394e-89	6.06282845191047	0.693	0.021	1.28542101462737e-85	1	NFIX
8.22817605919554e-88	3.67995629272175	0.933	0.335	9.85241801328074e-84	1	CTSL
1.60768050015131e-81	6.41287018300674	0.613	0.013	1.92503663088117e-77	1	PROX1
2.98935485868668e-78	6.09291811231666	0.613	0.015	3.57945350779143e-74	1	FGF10
5.20783821522574e-78	-5.32334909432146	0.034	0.809	6.2358654789113e-74	1	CD34
3.03496299437272e-76	6.99034065813507	0.576	0.006	3.6340646894619e-72	1	PDPN
1.04744688082437e-73	4.93503281927174	0.622	0.028	1.2542128950991e-69	1	SRGN
1.11671930574823e-71	-3.06300192515264	0.513	0.945	1.33715969670293e-67	1	PMP2
3.1604922401542e-70	4.30426662893746	0.613	0.043	3.78437340836064e-66	1	GPNMB
2.16869423612586e-67	2.75945838619079	0.861	0.31	2.5967944783371e-63	1	MMRN1
6.42241263721689e-66	8.90880466799538	0.504	0.002	7.6901968918035e-62	1	STAB2
1.86981861969592e-65	3.78683173928267	0.668	0.083	2.23892081522389e-61	1	FLT4
1.18326256652317e-62	-5.1755395397474	0.042	0.724	1.41683859715485e-58	1	RAMP3
2.4455977120343e-60	2.27702131052123	0.899	0.425	2.92835870038987e-56	1	FAM107B
1.7669136164485e-58	5.22902073447645	0.504	0.018	2.11570236433543e-54	1	SEMA3A
5.78113861842681e-57	4.91454844450813	0.492	0.026	6.92233538170426e-53	1	GAS7
1.34167470836829e-56	3.67548268650067	0.601	0.076	1.6065212958002e-52	1	NR6A1
2.84912568484357e-55	-7.22017305891074	0.004	0.668	3.4115430950317e-51	1	ESAM
1.0241814133382e-54	5.08048231647434	0.445	0.017	1.22635482433117e-50	1	SNCA
3.53433707151738e-53	3.88888632460986	0.534	0.057	4.23201520943492e-49	1	FGL2
5.12133354423864e-53	2.97154794492118	0.71	0.162	6.13228478587135e-49	1	CADM1
1.21886096319934e-52	1.76640514072926	0.903	0.474	1.45946411733489e-48	1	SPARC
4.73522747805962e-52	2.15636319276526	0.962	0.652	5.66996138222859e-48	1	PRSS23
1.1061393603304e-48	-4.68798509783813	0.038	0.606	1.32449127005962e-44	1	JAG2
5.48944933950863e-48	2.51770887998033	0.735	0.234	6.57306663912764e-44	1	ADD3
6.27090716089707e-48	3.60830543716686	0.525	0.056	7.50878423445815e-44	1	PDGFC
7.40525419141135e-48	5.25805207395464	0.403	0.012	8.86705136879595e-44	1	DOCK5
9.93165989267709e-48	2.55300227631605	0.714	0.198	1.18921695554915e-43	1	IQSEC1
6.95188093325614e-46	4.30426662893746	0.412	0.019	8.3241822294809e-42	1	ITGB3
8.63845185631344e-46	-1.86140342657955	0.521	0.896	1.03436822527497e-41	1	KRT18
1.64088085811634e-45	-5.484451703753	0.021	0.59	1.96479073950851e-41	1	NOS3
6.44045649655833e-45	-3.45472664876422	0.109	0.68	7.71180260897895e-41	1	KDR
1.87503844091164e-44	-5.47946829623874	0.017	0.555	2.2451710291476e-40	1	SLC29A1
3.22558376049686e-44	2.90786571902576	0.634	0.154	3.86231399481894e-40	1	APCS
3.72264728543463e-43	-6.61009773889123	0.008	0.571	4.45749785957942e-39	1	PLCB1
6.70662465384634e-43	3.19469001295721	0.555	0.103	8.0305123605156e-39	1	EXOC6
2.05938919753606e-42	-5.09135675735483	0.021	0.557	2.46591262512968e-38	1	NRP1
2.65105349555798e-42	-4.18565657441316	0.109	0.649	3.17437145558112e-38	1	AQP1
5.08862808406281e-42	2.27451928554341	0.782	0.35	6.09312326785681e-38	1	STAB1
1.15034440922174e-41	5.04028588325938	0.382	0.014	1.37742239560211e-37	1	PLCE1
1.84225310906068e-41	2.79499305981285	0.588	0.128	2.20591387278926e-37	1	SERPINE2
4.38411706913685e-41	-3.23462283671847	0.122	0.648	5.24954177858446e-37	1	KIAA1217
5.05480313533153e-41	2.95275542254659	0.538	0.109	6.05262127424597e-37	1	CLCA1
1.49619277217221e-40	3.69268030159136	0.454	0.052	1.79154122539901e-36	1	VEGFA
1.71958977558584e-40	-1.98830752494942	0.387	0.832	2.05903679728648e-36	1	PLVAP
3.86050892142778e-40	3.76988222738849	0.437	0.045	4.62257338251762e-36	1	ENPP2
1.34981057194467e-39	4.18420457172379	0.391	0.031	1.61626317884655e-35	1	MAFB
3.24936449595896e-39	1.59635737481335	0.861	0.557	3.89078904746126e-35	1	MARCKS
5.4111599646431e-39	6.22152619792952	0.328	0.004	6.47932294166365e-35	1	ABLIM2
9.54993715197641e-39	-4.32522798337947	0.034	0.547	1.14350947457766e-34	1	ARHGEF9
1.45200348907317e-38	-3.39402462262505	0.097	0.592	1.73862897781621e-34	1	COL4A1
1.6574037205575e-38	4.93424424584905	0.353	0.014	1.98457521499555e-34	1	PGF
1.72637778709533e-37	-4.50298765519043	0.029	0.516	2.06716476226795e-33	1	CD93
2.08880945038281e-37	-1.49905960336277	0.634	0.902	2.50114043588838e-33	1	KRT8
8.56353253568188e-37	-2.86275071260197	0.168	0.668	1.02539738582255e-32	1	PODXL
1.47185054954563e-36	2.84548283026654	0.534	0.126	1.76239384802594e-32	1	CEMIP2
6.70159946254861e-36	-7.59992892117293	0	0.465	8.0244951964557e-32	1	APLNR
1.01736236680116e-35	-3.1953135439833	0.197	0.659	1.21818969800771e-31	1	INSR
1.49426165499589e-35	-1.53996722149361	0.643	0.899	1.78922890569208e-31	1	CRIP1
1.71750435368249e-35	3.44036079985278	0.437	0.061	2.05653971309941e-31	1	GAS6
5.10152137322004e-35	3.66129078311075	0.416	0.046	6.10856169229368e-31	1	EMILIN1
5.11084854685474e-35	-3.12163653899594	0.097	0.602	6.11973005000387e-31	1	SPACA4
1.14526260108727e-34	4.08187420760101	0.366	0.028	1.3713374385419e-30	1	LRG1
1.60418192980164e-34	5.43097956355847	0.294	0.01	1.92084744274449e-30	1	LOC138577431
2.25855948749346e-34	1.78143732659531	0.697	0.251	2.70439913032467e-30	1	VAV3
4.36147511114152e-34	2.32325608489335	0.576	0.142	5.22243029808086e-30	1	EPB41L2
7.39626140737891e-34	2.37098709681212	0.504	0.131	8.8562834091955e-30	1	LGALS9
4.01199847758546e-33	1.0337058440803	0.979	0.749	4.80396697706083e-29	1	VWF
4.75936261657237e-33	-3.00633037513097	0.16	0.618	5.69886079708376e-29	1	ARL15
6.66961699512733e-33	6.18731048259161	0.269	0.003	7.98619938996547e-29	1	CXADR
7.29936129457419e-33	-3.56193045643071	0.076	0.543	8.74025521412313e-29	1	COL4A2
1.18300681116139e-32	3.31757288540056	0.391	0.042	1.41653235568465e-28	1	PLEKHG4B
3.5282221217403e-32	4.98823913548978	0.294	0.012	4.22469316857184e-28	1	GALR1
1.55059219632099e-31	1.7232753304017	0.706	0.288	1.85667909587476e-27	1	SMAD1
6.55727248262033e-31	1.09181032227585	0.937	0.788	7.85167807068959e-27	1	ITGBL1
7.08441089675201e-31	-3.40829053857589	0.071	0.514	8.48287360777086e-27	1	FCN1
1.65651086487938e-30	-2.28668860206483	0.256	0.679	1.98350610960657e-26	1	CD2
3.49718593232362e-30	6.50281230831954	0.248	0.002	4.1875304353643e-26	1	CYGB
7.26345516062498e-30	-6.25825406609957	0.004	0.431	8.69726120933236e-26	1	PCDH1
2.26448535780282e-29	1.83592514988948	0.592	0.209	2.7114947674331e-25	1	GALNT1
4.03296980139841e-29	1.89620751384139	0.639	0.248	4.82907804019446e-25	1	ZNF521
5.63672690954384e-29	-4.88699825884864	0.013	0.394	6.74941680148779e-25	1	MCAM
1.51813518209908e-28	2.05075029994772	0.584	0.187	1.81781506704543e-24	1	CEBPD
3.29102903980097e-28	5.0877748090407	0.252	0.008	3.94067817225769e-24	1	DPP4
3.72836280258841e-28	-4.82548862158806	0.017	0.406	4.46434161981936e-24	1	LHFPL7
5.50623805079716e-28	-4.80704295426725	0.017	0.425	6.59316944202452e-24	1	EPAS1
1.00192500967529e-27	1.78206522471146	0.643	0.256	1.19970500658519e-23	1	ADD1
1.23818669043576e-27	-4.37540894445771	0.034	0.424	1.48260474312778e-23	1	PDGFD
3.80904690293743e-27	-2.85057960255089	0.113	0.533	4.56095276157728e-23	1	DLK1
4.22226966448644e-27	2.64654778578099	0.349	0.062	5.05574569625607e-23	1	ELN
4.84261080387753e-27	-3.21809693962759	0.071	0.47	5.79854217656295e-23	1	EZR
1.69956656910418e-26	3.22152619792952	0.336	0.04	2.03506100984534e-22	1	RALGDS
2.82996202550743e-26	1.99748592371159	0.496	0.145	3.3885965293426e-22	1	CD53
3.63158067224942e-26	2.27399361782366	0.378	0.093	4.34845469695145e-22	1	ARHGAP6
6.92759031474256e-26	3.14796959095944	0.353	0.058	8.29509664287275e-22	1	ADAM8
8.1109744782226e-26	1.97367819591041	0.466	0.146	9.71208084022374e-22	1	FN1
8.66369244034026e-26	-7.13690523069683	0	0.366	1.03739053280634e-21	1	SMAD6
9.40183112910875e-26	1.78717355535355	0.613	0.25	1.12577525939948e-21	1	SERPING1
1.12268957269764e-25	-4.82122756304767	0.025	0.436	1.34430849434815e-21	1	TACR1
2.22548791154627e-25	7.00288591145418	0.21	0.001	2.66479922528551e-21	1	TC2N
2.23010752277904e-25	6.8164727872233	0.21	0.001	2.67033074777563e-21	1	CHAD
3.4499510352934e-25	-2.58582872412808	0.16	0.561	4.13097136966032e-21	1	LOC138567840
4.80565158381164e-25	0.792817595654635	0.992	0.961	5.75428720645605e-21	1	COX1
6.42231697146572e-25	-2.21553760767932	0.113	0.501	7.69008234163305e-21	1	DYSF
7.94238863549063e-25	1.95849179209573	0.613	0.276	9.51021615213649e-21	1	GSTP1
9.59499796472316e-25	5.84113484145757	0.218	0.003	1.14890505629595e-20	1	ANKRD6
1.79112364892098e-24	2.76347580969059	0.361	0.072	2.14469145721798e-20	1	SLC7A8
2.10790546996474e-24	3.45491761821523	0.277	0.027	2.52400600973578e-20	1	RNF152
3.18669958165971e-24	-3.12647287529941	0.067	0.448	3.81575407907933e-20	1	ADGRL2
5.79671900099462e-24	4.93577171559565	0.218	0.008	6.94099133179096e-20	1	SEMA3D
1.23551760616429e-23	2.0917583229592	0.441	0.115	1.47940878162113e-19	1	GPX3
1.64148874326305e-23	1.92554137029444	0.605	0.262	1.96551862118318e-19	1	TSPAN18
1.66211584022041e-23	-2.99052427918546	0.067	0.443	1.99021750707992e-19	1	ACVRL1
2.15036137810007e-23	2.58527446851151	0.353	0.067	2.57484271413702e-19	1	ASAP3
3.89958583222494e-23	6.51308064377337	0.185	0.001	4.66936407550615e-19	1	NPNT
4.69036536744097e-23	-5.91187292748767	0.004	0.355	5.61624349097382e-19	1	ARHGEF28
4.9113526996767e-23	-2.21543513990408	0.13	0.497	5.88085372259288e-19	1	ITGA6
4.91173813656411e-23	3.19412004058887	0.261	0.032	5.88131524472187e-19	1	NINJ1
5.85865519935086e-23	3.98085960512419	0.239	0.016	7.01515373570272e-19	1	MYO7A
6.27517119372779e-23	5.17350468306658	0.21	0.006	7.51388998736965e-19	1	ARHGEF25
6.70146377016711e-23	-1.7120464403315	0.227	0.612	8.0243327183981e-19	1	PTGS2
8.38316705972269e-23	2.60430949820374	0.437	0.118	1.0038004237312e-18	1	HMOX1
9.30068075858535e-23	5.28041988698309	0.189	0.004	1.11366351403301e-18	1	P2RY4
1.01965593583948e-22	3.20903525374633	0.248	0.029	1.2209360175742e-18	1	CLU
1.22435060118351e-22	-1.66638507817648	0.349	0.676	1.46603740985714e-18	1	PECAM1
1.57956513235841e-22	1.44554053628996	0.66	0.339	1.89137128948596e-18	1	ECE1
2.08264666965813e-22	2.36858007540284	0.353	0.071	2.49376112224865e-18	1	CTSZ
3.73210457725119e-22	1.33684862804811	0.756	0.446	4.46882202080058e-18	1	CD9
4.75156980197885e-22	1.5846769555434	0.584	0.242	5.68952968088947e-18	1	KALRN
4.80805483762607e-22	1.73319948025349	0.483	0.159	5.75716486257346e-18	1	LBR
4.9179193478266e-22	2.78049349011774	0.319	0.054	5.88871662708758e-18	1	ADAMTSL3
5.25694802806884e-22	-6.6414210500914	0	0.31	6.29466956880963e-18	1	MECOM
8.16517951683829e-22	-5.1535132334174	0.008	0.333	9.77698595346217e-18	1	PCDH17
2.39340926010526e-21	-4.62312726555106	0.029	0.36	2.86586824805004e-17	1	HS3ST1
2.71913334088175e-21	2.17845747603764	0.471	0.159	3.2558902623718e-17	1	SELENOP
3.83855857802835e-21	2.90726646874056	0.286	0.042	4.59629004133115e-17	1	SEMA5B
5.4019923186078e-21	-4.0250200851157	0.042	0.365	6.46834560230098e-17	1	RHAG
7.24664286616943e-21	1.4715613743351	0.471	0.169	8.67713016795128e-17	1	MARCHF3
7.67501465270402e-21	-3.77282723892933	0.029	0.36	9.1900625451478e-17	1	F8
9.28490486068391e-21	-1.87800947562139	0.197	0.566	1.11177450801829e-16	1	GNAI2
9.37153367532497e-21	1.51418969831169	0.613	0.29	1.12214744228341e-16	1	LOC138487737
1.09333200154638e-20	1.87360289450922	0.475	0.168	1.30915573865163e-16	1	LGMN
1.43171608008987e-20	-6.50093982654157	0	0.29	1.71433683429961e-16	1	SUSD1
1.62916756920067e-20	2.10624541253942	0.378	0.102	1.95076524736088e-16	1	TYROBP
1.88289508502839e-20	-0.663506571442715	0.933	0.968	2.25457857481299e-16	1	RPLP1
3.28108982410723e-20	1.67753547826467	0.542	0.232	3.92877695538599e-16	1	DAB2
4.94903079163896e-20	6.76584671415334	0.16	0.001	5.92596946990849e-16	1	HPX
5.39623368666797e-20	1.47306496492549	0.529	0.254	6.46145021641623e-16	1	RCAN1
5.48004320662374e-20	2.43765962879429	0.277	0.063	6.56180373561127e-16	1	TIAM1
5.48123033327294e-20	-2.88616167138485	0.059	0.385	6.56322520106102e-16	1	TNFAIP8L1
8.38641555146289e-20	3.69545738626194	0.185	0.014	1.00418939813217e-15	1	COL23A1
1.38090434808332e-19	-1.77708592794623	0.235	0.596	1.65349486639497e-15	1	GRB10
1.43306817170542e-19	-4.94839880351279	0.008	0.314	1.71595582880007e-15	1	DNASE1L3
1.54108409754458e-19	-1.22628633744094	0.517	0.777	1.84529409839988e-15	1	PRDX1
1.74698028302929e-19	1.51144389791427	0.609	0.284	2.09183419089927e-15	1	LRRC32
1.89602342950927e-19	3.01989233675987	0.29	0.045	2.2702984544944e-15	1	PDGFA
2.09828779437953e-19	-1.39312534252058	0.319	0.665	2.51248980499005e-15	1	TIE1
2.94936804428292e-19	1.47026994621292	0.584	0.257	3.53157329622437e-15	1	FCHSD2
3.01840154930189e-19	1.02232340396497	0.819	0.566	3.61423401513409e-15	1	CTNNB1
3.92027428955174e-19	-4.09317032772676	0.021	0.336	4.69413643430925e-15	1	PTGIS
4.40290204687503e-19	2.42797707539695	0.336	0.09	5.27203491092816e-15	1	PIM3
5.68440916723912e-19	3.07038467216663	0.231	0.032	6.80651153685212e-15	1	PIEZO2
7.67596971046975e-19	-3.54930284810297	0.029	0.321	9.19120613131648e-15	1	SEMA3G
7.72003616454371e-19	2.69545738626194	0.248	0.044	9.24397130342463e-15	1	CRABP2
7.96819037532824e-19	1.7872203649459	0.416	0.132	9.54111115541804e-15	1	CCDC50
8.49290569198521e-19	-3.58925962952835	0.034	0.349	1.01694052755831e-14	1	CD200
9.15705952027171e-19	1.88659887361395	0.445	0.128	1.09646630695733e-14	1	ANGPT2
1.65983358967389e-18	7.31604379671381	0.147	0	1.98748474027552e-14	1	PARM1
1.71401563159053e-18	3.1879736382185	0.223	0.028	2.05236231726651e-14	1	DKK3
2.1450097458543e-18	1.3039883581215	0.693	0.423	2.56843466968593e-14	1	CSF1
2.90084925471742e-18	4.92811814305221	0.172	0.005	3.47347689759864e-14	1	PRR5
2.99020299704851e-18	-3.58730011134475	0.025	0.295	3.58046906866589e-14	1	PTPRG
3.07563026081681e-18	1.42618824064714	0.542	0.248	3.68275967430205e-14	1	GJC2
4.83114435572401e-18	-2.2672864440801	0.122	0.438	5.78481225154392e-14	1	ID3
4.98379141595797e-18	3.04338068968224	0.256	0.031	5.96759184146807e-14	1	PRR5L
5.34075681536117e-18	7.28041988698309	0.143	0	6.39502221071346e-14	1	OSR1
5.60920557192225e-18	1.88294075908855	0.324	0.097	6.7164627518197e-14	1	SH3TC1
5.86553899814306e-18	-3.7771851061019	0.025	0.297	7.0233963963765e-14	1	LOC138510069
7.14316545281004e-18	2.21433069652532	0.273	0.07	8.55322631319474e-14	1	TPTE2
7.46836070119375e-18	3.85157658817922	0.181	0.014	8.9426151036094e-14	1	STK33
7.69673015915227e-18	-1.46419927972655	0.315	0.614	9.21606469256893e-14	1	SH3BGRL3
8.60431636329073e-18	-5.43382563068303	0.004	0.261	1.03028084134043e-13	1	LHX6
9.81371638613881e-18	-0.466716934491159	0.996	0.995	1.17509440007626e-13	1	LOC138582460
1.9973666341767e-17	-2.93522341476505	0.038	0.308	2.39164680776318e-13	1	FCRL5
1.99945042966646e-17	3.0091178651657	0.218	0.028	2.39414194448261e-13	1	PLEKHA5
3.543207951272e-17	1.35053764874835	0.508	0.225	4.2426372008531e-13	1	MDFIC
4.15883361819867e-17	2.18292335870578	0.382	0.103	4.97978737443109e-13	1	UAP1L1
4.34026876278189e-17	-1.18388688246092	0.466	0.694	5.19703781655504e-13	1	ALDOA
5.25427933335552e-17	5.06282845191047	0.155	0.004	6.2914740737599e-13	1	ANO7
6.24921636832405e-17	-2.83158513853004	0.059	0.339	7.48281167943121e-13	1	PTGS1
6.68315227682241e-17	1.7549583980106	0.336	0.105	8.00240653626715e-13	1	EML1
7.09231391422479e-17	-4.25485548963771	0.017	0.284	8.49233668089276e-13	1	VEGFC
7.95855701100887e-17	-3.53336130423394	0.034	0.316	9.52957616498202e-13	1	EFNB2
8.79586440832651e-17	-4.61136381623522	0.008	0.253	1.05321680425302e-12	1	FLT1
8.80283826519691e-17	-4.39023636213535	0.017	0.301	1.05405185387468e-12	1	SELP
1.08440750549309e-16	1.88710715885897	0.408	0.139	1.29846954707743e-12	1	PHLDA1
1.09167156592841e-16	-1.6464844982213	0.5	0.706	1.30716753304268e-12	1	ACTG1
1.18190851424924e-16	-0.575717408160791	0.962	0.959	1.41521725496204e-12	1	RPS14
1.23492002431971e-16	3.08402267417959	0.265	0.058	1.47869323712042e-12	1	MRGPRH
1.27867463952807e-16	1.70158348905878	0.391	0.144	1.53108501337092e-12	1	CNN3
1.4348617226141e-16	2.55323531360947	0.282	0.052	1.71810342665812e-12	1	LAYN
1.49132469446568e-16	4.40327663476863	0.164	0.009	1.78571218915321e-12	1	C1S
1.49306596307282e-16	1.31094475399655	0.563	0.282	1.78779718418339e-12	1	PTPRE
1.60137150493103e-16	-0.942980002998269	0.723	0.876	1.91748224000442e-12	1	HSPG2
1.76849854124841e-16	1.28767570298589	0.655	0.385	2.11760015329084e-12	1	TSPAN14
3.40414492499538e-16	-0.690784042086723	0.819	0.902	4.07612313318947e-12	1	TAGLN2
4.46789158082854e-16	-3.48208079929025	0.025	0.271	5.34985337888409e-12	1	MAST4
5.49762707974827e-16	2.11461099401301	0.282	0.07	6.58285866529058e-12	1	RAMP2
7.46764439561008e-16	3.60619004816485	0.164	0.013	8.94175739930351e-12	1	ECE2
1.06372969768526e-15	-1.84886312996187	0.151	0.443	1.27370994000833e-11	1	CAMK1
1.11756442780433e-15	1.34057886957329	0.634	0.376	1.33817164585291e-11	1	CTSK
1.31802108892186e-15	-0.665171930601857	0.828	0.916	1.57819845187504e-11	1	RPL15
1.40087155078372e-15	-6.2214172979192	0	0.249	1.67740359490842e-11	1	LOC138511292
1.4594527320647e-15	-4.07859752663949	0.017	0.253	1.74754870137427e-11	1	MEOX2
1.65702486649439e-15	-3.96275409648986	0.017	0.281	1.98412157514038e-11	1	LAMA5
1.68250042170666e-15	1.07569300299812	0.676	0.453	2.01462600495155e-11	1	SSUH2
1.73793906148851e-15	-0.571157823153042	0.895	0.96	2.08100823222634e-11	1	RPL36
1.89335557400238e-15	2.20360428993226	0.349	0.105	2.26710396431045e-11	1	MPEG1
2.13629930944472e-15	1.63339641812969	0.336	0.109	2.55800479312911e-11	1	SLC38A9
2.71239697116403e-15	2.27451928554341	0.235	0.05	3.2478241332718e-11	1	CEACAM4
2.92517891332268e-15	1.96759399920298	0.395	0.149	3.50260923081257e-11	1	ARHGAP28
3.3282498043371e-15	1.95849179209573	0.319	0.094	3.98524631571324e-11	1	FNDC1
3.79682281303091e-15	2.24629410307847	0.311	0.078	4.54631563632321e-11	1	STEAP1
5.37042425658096e-15	3.99802015628237	0.139	0.009	6.43054600483004e-11	1	CFD
6.51254375921219e-15	-2.13922114584837	0.134	0.424	7.79811989728068e-11	1	NOTCH1
6.64060135174399e-15	-3.69358490448396	0.021	0.251	7.95145605857825e-11	1	SH3RF3
8.89919463142843e-15	0.734039848580989	0.933	0.827	1.06558956516724e-10	1	CD63
8.93511352927937e-15	5.54345429281689	0.13	0.002	1.06989049399591e-10	1	ENPP3
9.01797261832755e-15	1.59703533302173	0.433	0.171	1.07981204131854e-10	1	ATRNL1
9.32960876977047e-15	4.62145680481816	0.143	0.005	1.11712735409232e-10	1	MEIS2
9.94032225942016e-15	-1.03033313234759	0.429	0.705	1.19025418734297e-10	1	CAVIN2
1.09740270340364e-14	-0.655634383851021	0.836	0.909	1.31402999705552e-10	1	RPS27A
1.12669062907979e-14	1.72145259479488	0.37	0.132	1.34909935926014e-10	1	KSR1
1.35119343198996e-14	1.26962048613057	0.55	0.28	1.61791901546478e-10	1	AP1B1
1.44050415471805e-14	1.16901436076838	0.618	0.356	1.7248596748594e-10	1	CTSB
1.85228643239062e-14	3.13536955417981	0.168	0.023	2.21792777414453e-10	1	GPR17
2.32478967845323e-14	1.86829398312415	0.319	0.094	2.7837031609799e-10	1	FOXP1
2.51005864473149e-14	1.3578476691423	0.424	0.177	3.00554422120148e-10	1	MAN1A1
2.52305018074105e-14	-2.96145495633823	0.042	0.306	3.02110028641933e-10	1	NPDC1
2.76448041645222e-14	-4.43382563068303	0.008	0.227	3.31018885065988e-10	1	GPR68
2.95034067865035e-14	3.95849179209573	0.139	0.009	3.53273792861593e-10	1	KCNC1
2.96213654580552e-14	-2.16044928062778	0.092	0.354	3.54686229994753e-10	1	ASS1
3.35991525863112e-14	-0.547090213672945	0.971	0.979	4.0231625306849e-10	1	RPS2
3.42223134712545e-14	-3.51099349120549	0.046	0.291	4.09777981504801e-10	1	SLC16A2
3.96191124423752e-14	-0.612338751377423	0.92	0.952	4.74399252385001e-10	1	RPS26
4.13576531525198e-14	-0.463062452968638	0.983	0.992	4.95216538848272e-10	1	Fth1
4.1871640325134e-14	1.22809885185301	0.567	0.304	5.01371021253155e-10	1	MYH10
4.3886894546504e-14	1.23575758377018	0.504	0.256	5.25501675299839e-10	1	PTPN2
4.49520966859783e-14	-1.3008140293159	0.336	0.589	5.38256405717904e-10	1	ENG
5.33571191868726e-14	3.88449121065195	0.143	0.009	6.38898145143613e-10	1	LPAR1
5.81139918051097e-14	-0.661022437307033	0.899	0.932	6.95856937874384e-10	1	RPL17
6.71802710383047e-14	1.45925916540046	0.366	0.143	8.0441656541266e-10	1	SH3BP2
7.22233313332163e-14	-3.19801269358426	0.029	0.258	8.64802169383932e-10	1	WIF1
8.02892829628376e-14	1.68405262298969	0.345	0.122	9.61383874197017e-10	1	OSBPL10
8.68916836974692e-14	-3.28309419447403	0.021	0.215	1.0404410205935e-09	1	CXCL16
9.30260936247333e-14	-0.562472273029598	0.853	0.922	1.11389444506256e-09	1	RPS15
9.53762766029643e-14	2.23533199745455	0.252	0.053	1.14203553604389e-09	1	CD82
1.05629153297581e-13	2.3656671736016	0.235	0.049	1.26480348158524e-09	1	ENAH
1.43062671555501e-13	3.88449121065195	0.139	0.01	1.71303242920557e-09	1	PRKD1
1.47428664703071e-13	-0.47254399533584	0.954	0.963	1.76531083115457e-09	1	RPS18
1.5926483817968e-13	-0.474322802629098	0.975	0.979	1.90703717236349e-09	1	RPL32
1.62882919942146e-13	-2.54276000223619	0.067	0.314	1.95036008338725e-09	1	LOC138471710
1.66772559529677e-13	2.35582728964112	0.206	0.04	1.99693462780835e-09	1	TRPV4
1.66919978671595e-13	-0.613103484887596	0.933	0.951	1.99869982461368e-09	1	RPS12
1.74447073962711e-13	6.8164727872233	0.105	0	2.08882926362951e-09	1	GCNT2
2.05090770354231e-13	-0.474674839403784	0.958	0.972	2.45575688422156e-09	1	RPS23
2.47505325751412e-13	-1.7748625485181	0.147	0.428	2.9636287705474e-09	1	ROBO4
2.48662128858185e-13	1.68967503366793	0.311	0.103	2.9774803309479e-09	1	EEIG2
2.51077378045906e-13	-1.66041804054876	0.189	0.468	3.00640052472168e-09	1	PDLIM4
2.52026004766421e-13	-0.552331812139992	0.912	0.937	3.01775938107313e-09	1	RPL37
2.87612137211629e-13	3.83296091001187	0.13	0.009	3.44386773097204e-09	1	PRSS12
3.06310945903204e-13	2.99243912401907	0.172	0.022	3.66776726624496e-09	1	DBN1
3.28291917509906e-13	-0.594512887619335	0.849	0.911	3.93096742026362e-09	1	RPS11
3.35899150733091e-13	1.38788458435164	0.349	0.144	4.02205643087803e-09	1	ARHGEF26
3.5148405494693e-13	1.41792341073303	0.441	0.192	4.20867007393454e-09	1	SCARB2
3.87459777483487e-13	1.5833470199404	0.315	0.108	4.63944337558728e-09	1	CCN2
4.35205248888565e-13	-2.67198536787779	0.042	0.284	5.21114765019168e-09	1	ADAM15
4.45821348060298e-13	0.773745466124969	0.84	0.622	5.33826482167401e-09	1	ICAM1
4.64682022213622e-13	3.20641930553932	0.151	0.015	5.56410253398591e-09	1	APOH
4.84293921281834e-13	-0.529045253777523	1	0.995	5.79893541342867e-09	1	TMSB4X
5.49111528730647e-13	-1.91597732582041	0.139	0.426	6.57506144502077e-09	1	PINLYP
6.05327240475917e-13	-0.48866845932501	0.966	0.954	7.24818837745864e-09	1	RPS28
6.29258349369447e-13	-2.20339589028116	0.109	0.363	7.53473947534976e-09	1	ENTPD1
6.40406329715023e-13	-0.596944756322254	0.899	0.934	7.66822539200769e-09	1	RPL31
6.71728076428251e-13	1.60093978747765	0.382	0.159	8.04327198715188e-09	1	KLF6
6.75574481881049e-13	1.40650661382085	0.387	0.168	8.08932884604368e-09	1	IL13RA1
6.88039391616946e-13	1.71641700489758	0.357	0.123	8.23858367522131e-09	1	CLEC11A
6.90640778074629e-13	-6.25339650245027	0.004	0.188	8.26973267666561e-09	1	APLN
8.03710883376909e-13	1.13414615360543	0.496	0.272	9.6236341175551e-09	1	GALNT18
8.19352106696669e-13	-0.421631708079342	0.954	0.963	9.81092212558592e-09	1	FAU
8.28771432878761e-13	-3.50639425663367	0.021	0.23	9.92370913729028e-09	1	MCF2L
1.04623753102991e-12	-2.09574051958797	0.122	0.387	1.25276481965521e-08	1	CETP
1.078218794516e-12	-0.638749038403862	0.824	0.932	1.29105918455346e-08	1	RPS24
1.2688323390829e-12	-1.75771524190368	0.109	0.33	1.51929984281787e-08	1	CSRP1
1.31940500124964e-12	5.7133792942592	0.105	0.001	1.57985554849632e-08	1	FGF7
1.33561078516913e-12	-4.00729249256636	0.013	0.225	1.59926035416152e-08	1	ENPP1
1.51093057918549e-12	-0.859520861569404	0.756	0.896	1.80918827551671e-08	1	CAV1
1.52302518137043e-12	1.457724418791	0.424	0.191	1.82367035217295e-08	1	DAB2IP
1.66342635742527e-12	0.417256012574069	1	0.999	1.99178672038102e-08	1	COX3
1.80327777849762e-12	4.105333180425	0.118	0.005	2.15924481197305e-08	1	PDGFRL
1.98252281977177e-12	1.94141827873679	0.265	0.075	2.37387282439472e-08	1	EPHB1
2.10153107158363e-12	-0.635068045794529	0.891	0.915	2.51637330511423e-08	1	RPL12
2.31546898801565e-12	-2.35539898372621	0.042	0.284	2.77254256624994e-08	1	UPP1
2.4279703521285e-12	2.31604379671381	0.16	0.029	2.90725169963866e-08	1	TMEM26
2.50028083117075e-12	-5.04713275709815	0.004	0.201	2.99383626724386e-08	1	CRTAC1
2.76600310019993e-12	2.45230640475869	0.235	0.051	3.3120121121794e-08	1	PLXNA2
2.90485226313174e-12	-0.496313558603395	0.941	0.956	3.47827009987394e-08	1	RPL24
3.36061294982753e-12	-4.78297519430542	0.004	0.206	4.02399794612348e-08	1	LOC138567585
3.82072822437379e-12	-0.544422461803352	0.87	0.936	4.57493997586518e-08	1	HSP90AB1
4.13109686997421e-12	3.58652301470877	0.126	0.011	4.94657539210712e-08	1	C7PH3orf52
4.48251977558196e-12	-0.92334743145742	0.5	0.722	5.36736917928184e-08	1	PTPRM
4.60690006707855e-12	-0.51585599890804	0.895	0.948	5.51630214031986e-08	1	RPS19
5.04981494780947e-12	1.14635180747275	0.513	0.243	6.04664841850706e-08	1	SLC22A23
5.06612141819728e-12	-0.653408136659079	0.803	0.885	6.06617378614942e-08	1	SLC25A5
5.11832760147235e-12	-0.485176712583216	0.958	0.964	6.128685470003e-08	1	RPL26L1
5.77820361236896e-12	-2.15552446819592	0.05	0.278	6.91882100545059e-08	1	ARHGAP20
5.89968639900186e-12	-0.587718305329297	0.887	0.917	7.06428449416483e-08	1	RPL34
5.90710704164529e-12	-0.705860332234994	0.739	0.881	7.07316997166607e-08	1	GAPDH
6.29300734142151e-12	1.33754999426901	0.395	0.186	7.53524699061811e-08	1	VPS13C
6.60778278664105e-12	1.15475718571682	0.37	0.179	7.91215910872399e-08	1	SYT16
6.94172548258214e-12	1.36010877561225	0.387	0.148	8.31202209284385e-08	1	LMNB1
7.09069942197291e-12	1.7329320916806	0.235	0.076	8.49040348787037e-08	1	SEC14L1
7.63935919133738e-12	-0.521222221845378	0.912	0.959	9.14736869570738e-08	1	RPL14
9.95536888202878e-12	-1.11797903376434	0.399	0.605	1.19205586993413e-07	1	LOC138515939
1.06685111087009e-11	-5.54930284810297	0	0.176	1.27744752015584e-07	1	BCAM
1.28464839334913e-11	5.0173854811493	0.097	0.002	1.53823798619625e-07	1	LOC138493361
1.34445287765417e-11	-1.04040142224133	0.433	0.637	1.60984787570311e-07	1	ADCY4
1.43747752415979e-11	1.01617610092905	0.723	0.552	1.72123558742893e-07	1	RHOB
1.64504321987093e-11	1.94034444538547	0.282	0.076	1.96977475147345e-07	1	GAB3
1.88058755213148e-11	1.77485079753639	0.235	0.058	2.25181553492224e-07	1	ESM1
1.8920206749224e-11	-1.70927101367794	0.256	0.49	2.26550555615209e-07	1	XIRP2
1.90790847308004e-11	2.7133792942592	0.181	0.034	2.28452960566604e-07	1	ZBTB20
1.92505472106077e-11	-0.490201591961651	0.861	0.933	2.30506052299817e-07	1	RPS6
2.06165767900236e-11	-3.11297057046089	0.029	0.23	2.46862890483742e-07	1	PDGFB
2.13750916754655e-11	1.79901357808853	0.261	0.085	2.55945347722024e-07	1	FAM162A
2.148379238285e-11	-0.555060576841643	0.941	0.962	2.57246929992246e-07	1	RPL21
2.48697943325591e-11	1.31999989495778	0.349	0.154	2.97790917338062e-07	1	RAB31
2.51850602119085e-11	-1.9219265921516	0.084	0.286	3.01565910977393e-07	1	NEURL1B
2.72130662661115e-11	0.836973972518495	0.731	0.515	3.25849255470419e-07	1	SEPT2
2.90283754325326e-11	1.73609937075928	0.294	0.101	3.47585767429146e-07	1	MTSS2
2.99458473316581e-11	-4.70684412508945	0.004	0.192	3.58571575949274e-07	1	THSD7A
3.21360529382288e-11	1.13298952332787	0.437	0.212	3.84797097882352e-07	1	HSD3B7
3.25140485112415e-11	1.55728656599646	0.374	0.151	3.89323216873606e-07	1	PDE7B
3.69208739634318e-11	3.08248050937118	0.164	0.031	4.42090544838132e-07	1	CLEC
3.81224718422892e-11	3.86538238770425	0.118	0.008	4.56478477839571e-07	1	REEP1
4.28422594975944e-11	2.036494304097	0.193	0.053	5.12993215224195e-07	1	SLCO2B1
4.34906289070914e-11	1.95849179209573	0.223	0.061	5.20756790533512e-07	1	SYNJ2
4.58713261046285e-11	1.4095985460821	0.366	0.139	5.49263258776821e-07	1	FLRT2
4.82508217213508e-11	0.819680590902185	0.735	0.563	5.77755339291454e-07	1	AHNAK
4.87799663291833e-11	-1.59124222031444	0.134	0.357	5.84091316825641e-07	1	LDB2
5.03849367781981e-11	-5.56507016396128	0	0.157	6.03309232982144e-07	1	LOC138531582
5.15381058354509e-11	0.39947056503032	1	0.992	6.17117279273689e-07	1	COX2
5.25541391855281e-11	-1.69112366696768	0.122	0.358	6.29283262607513e-07	1	RASGRP3
5.45425019536151e-11	1.32106187148044	0.395	0.178	6.53091918392588e-07	1	CHSY3
5.64206623497927e-11	2.01989233675987	0.315	0.109	6.75581010976418e-07	1	LOC138498143
5.80581712264132e-11	3.15113687003813	0.122	0.013	6.95188542265072e-07	1	ARHGEF40
5.90483223041913e-11	-0.489509763260707	0.937	0.963	7.07044611270386e-07	1	RPS9
6.28933399214334e-11	-1.84886312996187	0.101	0.325	7.53084852219244e-07	1	PLPP1
6.48327914489396e-11	1.42371504854279	0.29	0.115	7.76307844809603e-07	1	IL1R1
6.55331570919386e-11	-2.07272693851499	0.067	0.28	7.84694023018873e-07	1	PPP1R16B
6.5572710856607e-11	1.93773323192893	0.244	0.072	7.85167639797012e-07	1	SLC66A1
7.35969543228451e-11	-1.78952899057947	0.155	0.368	8.81249931061747e-07	1	CKB
7.84209328715933e-11	-3.30454261373806	0.017	0.183	9.39012250204459e-07	1	STK10
9.12324408825007e-11	-0.648487929716605	0.752	0.864	1.09241724712706e-06	1	RPS3
9.92092933743733e-11	1.23412623470916	0.265	0.111	1.18793207886475e-06	1	FXYD5
1.00865445744479e-10	-2.24835977834494	0.055	0.258	1.20776284734439e-06	1	MMRN2
1.10340305391604e-10	3.74276310104029	0.113	0.009	1.32121481675907e-06	1	LINGO2
1.10625617719965e-10	-3.63396524517235	0.013	0.182	1.32463114657886e-06	1	AATK
1.20114556797763e-10	0.743268866178125	0.706	0.522	1.43825170309642e-06	1	NPC2
1.24276220767027e-10	5.41792341073303	0.088	0.001	1.48808346746438e-06	1	UNC13C
1.38794103717175e-10	-4.47613643554099	0.004	0.17	1.66192059790946e-06	1	ITGA7
1.60649350004534e-10	1.16285029060192	0.391	0.189	1.92361531695429e-06	1	CAT
1.68221033321368e-10	2.10659043108486	0.155	0.039	2.01427865299006e-06	1	SLC17A5
1.79398035625082e-10	-1.56038151816765	0.218	0.428	2.14811207857473e-06	1	EXOC3L2
1.89007800484783e-10	-4.59609705958191	0.004	0.178	2.26317940300479e-06	1	GULP1
1.90909768710611e-10	-0.512146771747903	0.929	0.943	2.28595357054086e-06	1	RPL10
1.9166618064694e-10	-1.09030750638272	0.328	0.579	2.29501084706646e-06	1	SEMA3F
1.98797796587207e-10	-2.95439754413423	0.029	0.212	2.38040481633521e-06	1	SPRY3
2.11621315399982e-10	1.63325096316753	0.286	0.106	2.53395363059938e-06	1	LARP6
2.52087041082542e-10	1.29518323965483	0.45	0.246	3.01849022992236e-06	1	TIMP1
2.56325529900312e-10	-4.72800873508749	0.004	0.159	3.06924189502634e-06	1	RASA4
2.87652798271797e-10	1.36394324254538	0.357	0.152	3.4443546065065e-06	1	SIPA1L3
3.07634364783646e-10	2.04868960106731	0.13	0.031	3.68361388391938e-06	1	PDLIM5
3.20153730641055e-10	1.28298619962106	0.412	0.228	3.83352077069599e-06	1	PLAT
3.26245464876116e-10	-0.50975469128161	0.815	0.895	3.90646319642661e-06	1	RPS25
3.46980271767614e-10	-4.65621805201948	0.004	0.169	4.15474177414541e-06	1	BEGAIN
3.48679594548863e-10	1.67308957323348	0.256	0.079	4.17508946512808e-06	1	SNTB2
3.52208004540576e-10	1.36636949980171	0.248	0.104	4.21733864636886e-06	1	ABI2
3.61909257474335e-10	-1.88616167138485	0.113	0.323	4.33350144899769e-06	1	SLC12A2
3.81005423555755e-10	-0.632130563043794	0.769	0.839	4.56215894165662e-06	1	RPS5
3.91004891511382e-10	-0.505587739930807	0.916	0.951	4.68189257095729e-06	1	EEF1G
4.19263208248023e-10	-2.00600952668288	0.071	0.261	5.02025765556182e-06	1	NAV1
4.21069194064004e-10	1.20914247347369	0.416	0.184	5.04188252972239e-06	1	PERP
4.53011037500461e-10	0.975074676291335	0.693	0.494	5.42435416303052e-06	1	HSP90B1
4.69461393139223e-10	1.04404323621094	0.5	0.28	5.62133072144906e-06	1	SDCBP2
4.72151594022807e-10	0.837432405858949	0.714	0.535	5.65354318682909e-06	1	ASAP1
4.88792716791537e-10	1.59592171271102	0.256	0.089	5.85280399086187e-06	1	SBSPON
4.94365582134558e-10	5.20641930553932	0.076	0.001	5.91953348047919e-06	1	TMPRSS2
5.00317527411967e-10	1.60406105752104	0.265	0.097	5.99080207323089e-06	1	CCDC71L
5.11285031468022e-10	-0.475487805675077	0.891	0.932	6.1221269667981e-06	1	RPL28
5.1992089006282e-10	-1.28943572134785	0.16	0.381	6.22553273761221e-06	1	PLEKHG5
5.53478273527678e-10	1.35240599980882	0.387	0.163	6.62734884722042e-06	1	TBX1
5.6450280050233e-10	-0.939982788831199	0.45	0.661	6.7593565332149e-06	1	CAVIN1
5.74595108033441e-10	1.30313996348318	0.45	0.236	6.88020182359242e-06	1	HYAL2
5.80015401467678e-10	-2.32975317653534	0.042	0.226	6.94510441717397e-06	1	DLL4
5.82371806534085e-10	-2.80232054402484	0.034	0.216	6.97332001143913e-06	1	TRIM71
6.20258322604079e-10	1.20763175627114	0.487	0.292	7.42697315486124e-06	1	AFDN
6.53612527985404e-10	3.42797707539695	0.122	0.013	7.82635641009722e-06	1	PODN
7.99450232568715e-10	0.972341770856755	0.429	0.206	9.57261708477779e-06	1	IGF2
8.1787655210983e-10	1.34096142891814	0.256	0.104	9.79325383496311e-06	1	KLHL29
8.51719477547391e-10	-2.33918875654495	0.046	0.225	1.01984890241525e-05	1	LPAR4
8.57590323282101e-10	1.13781549154029	0.286	0.139	1.02687865309799e-05	1	GLB1
8.66587454927317e-10	0.30764379257332	0.987	0.983	1.03765181852997e-05	1	ANXA1
8.66761755679954e-10	0.935087187760787	0.571	0.385	1.03786052625118e-05	1	ANXA11
9.59858315567479e-10	1.48257205066986	0.315	0.119	1.1493343470605e-05	1	SLC4A7
9.84482818411245e-10	0.46907631145618	0.903	0.83	1.17881972676562e-05	1	RAC1
1.01192336374783e-09	-2.40608064020013	0.038	0.202	1.21167703575165e-05	1	AOC3
1.06662585072432e-09	0.629184166842771	0.849	0.77	1.2771777936573e-05	1	FSTL1
1.11870596343413e-09	-0.532944881936092	0.908	0.928	1.33953852061603e-05	1	RPS10
1.24193509703466e-09	-0.593627451938408	0.639	0.792	1.4870930851893e-05	1	RACK1
1.249558302476e-09	0.569047692395587	0.887	0.799	1.49622111138476e-05	1	LTBP1
1.27657107089113e-09	-1.65200580073256	0.16	0.395	1.52856620028504e-05	1	APBB2
1.30911067127454e-09	-0.49583561285674	0.87	0.924	1.56752911778413e-05	1	RPS29
1.36820771283332e-09	-0.431412194982125	0.966	0.971	1.63829191534662e-05	1	RPL35
1.40178354914428e-09	-1.66599907281206	0.122	0.334	1.67849562174536e-05	1	VWCE
1.44378045817307e-09	1.04464843584545	0.445	0.245	1.72878272061643e-05	1	SVIL
1.51372902680357e-09	-1.29602338138261	0.16	0.372	1.81253913669459e-05	1	VASP
1.56749477134689e-09	1.41349569869222	0.227	0.091	1.87691823921076e-05	1	OTULIN
1.6134830959372e-09	-0.581605904769342	0.807	0.903	1.9319846590752e-05	1	MSN
1.65510585348577e-09	1.16242267758464	0.374	0.181	1.98182374896387e-05	1	LGALS3
1.66571009532116e-09	-1.95404536665393	0.063	0.241	1.99452126813756e-05	1	DLC1
1.7165193432413e-09	-3.35620473356056	0.017	0.198	2.05536026159714e-05	1	PYGL
1.75422819263082e-09	2.59592171271102	0.113	0.018	2.10051283785614e-05	1	PTPRD
1.82178363426757e-09	-0.416232661619416	0.958	0.959	2.18140372367199e-05	1	RPL13
1.93132446681489e-09	1.62986904463436	0.298	0.109	2.31256791656415e-05	1	TFE3
2.03437504316119e-09	2.66476058903902	0.118	0.019	2.43596067668121e-05	1	GPSM1
2.246922978307e-09	-3.89117393481984	0.008	0.16	2.6904655742248e-05	1	RIMBP2
2.28043202342948e-09	-3.69495044650819	0.008	0.155	2.73058930485446e-05	1	LOC138539772
2.46051817457932e-09	1.33649191205005	0.382	0.191	2.94622446224127e-05	1	HAPLN1
2.81496100083389e-09	1.98886544113925	0.16	0.045	3.3706343023985e-05	1	MERTK
2.881251462257e-09	0.701012404935211	0.739	0.557	3.45001050090653e-05	1	MYADM
2.94230083089108e-09	2.85157658817922	0.139	0.022	3.52311101490898e-05	1	FLRT3
2.96227191552581e-09	0.961963984002536	0.513	0.348	3.54702439165061e-05	1	WSB1
3.00338556305081e-09	-2.96434034738181	0.021	0.172	3.59625387319703e-05	1	ARHGAP7
3.30714906405663e-09	1.21930837267971	0.357	0.181	3.95998028930141e-05	1	SLC4A11
3.32885102387615e-09	1.99802015628237	0.139	0.036	3.9859662159893e-05	1	APCDD1L
3.34338830152091e-09	-0.503056767553667	0.878	0.918	4.00337315224113e-05	1	RPS17
3.38718218229856e-09	1.2055846540605	0.349	0.171	4.05581194508429e-05	1	EPS15L1
3.44164507163898e-09	0.802987680804218	0.718	0.518	4.12102580878052e-05	1	GASK1B
3.97833685540682e-09	1.89837079965816	0.181	0.052	4.76366055066413e-05	1	KLF5
4.05310504007873e-09	1.33852284154666	0.336	0.145	4.85318797499027e-05	1	MUC2
4.19868155413517e-09	-0.524350612031816	0.777	0.871	5.02750129292146e-05	1	RPL2
4.2526980835758e-09	1.11696438087034	0.483	0.253	5.09218068527366e-05	1	LALBA
4.25900630833672e-09	-3.46777296260637	0.013	0.162	5.09973415360239e-05	1	MPPED2
4.75943215084443e-09	-2.87077790639031	0.025	0.188	5.69894405742112e-05	1	FRY
5.23102017840819e-09	-1.37206660793507	0.197	0.395	6.26362356162597e-05	1	RALGAPA1
5.50093966606619e-09	1.8164727872233	0.227	0.068	6.58682515614765e-05	1	KCNE5
5.73378035165647e-09	-3.17079122484924	0.013	0.137	6.86562859307346e-05	1	VAMP5
5.78266310986664e-09	1.2784820827416	0.294	0.143	6.92416080775432e-05	1	SEMA6C
5.8412007817182e-09	1.55513609786452	0.239	0.085	6.99425381602938e-05	1	PDIA5
5.94489316465764e-09	-1.71393354987576	0.067	0.241	7.11841507536106e-05	1	FAM129B
6.18357557767261e-09	3.21224838434151	0.113	0.012	7.40421339670519e-05	1	RENBP
6.27260033018534e-09	2.18088421343218	0.164	0.036	7.51081163536392e-05	1	MFSD12
6.56151581963698e-09	-0.484419251917137	0.937	0.948	7.85675904243332e-05	1	RPL36A
6.86779929422636e-09	-4.2214172979192	0.004	0.142	8.22350287490664e-05	1	EGFL8
7.08477745549069e-09	0.913482057178165	0.437	0.262	8.48331252520455e-05	1	TAOK3
8.49496891555311e-09	-0.501109485510526	0.916	0.939	0.000101718757794833	1	RPS7
9.89715051699567e-09	-4.22473003196004	0.008	0.176	0.000118508480290506	1	TESPA1
1.05798172347025e-08	-2.67086482798388	0.046	0.238	0.000126682731568328	1	ATP2A3
1.07036932728855e-08	-5.30829474859917	0	0.142	0.000128166023249531	1	RAPGEF3
1.11705820214545e-08	3.95849179209573	0.071	0.004	0.000133756549124896	1	GPR174
1.12782477466857e-08	4.92811814305221	0.084	0.005	0.000135045738518814	1	WNT9A
1.15106343137899e-08	0.950629674322761	0.525	0.286	0.00013782833527332	1	KLHL4
1.1802050187541e-08	1.25383422498363	0.559	0.386	0.000141317748945616	1	PDIA4
1.18203391519128e-08	0.741310013140069	0.697	0.536	0.000141536741005004	1	ITM2A
1.19109015827147e-08	0.976792608838675	0.416	0.221	0.000142621135551425	1	HEBP2
1.23313402121842e-08	3.0173854811493	0.101	0.011	0.000147655467700694	1	KIF21A
1.23526377152241e-08	1.60382691079637	0.21	0.074	0.000147910484002093	1	ABCA1
1.31560026532155e-08	0.900277178150436	0.315	0.171	0.000157529975769603	1	TM9SF1
1.33376050495344e-08	-0.449203119267832	0.912	0.937	0.000159704482863125	1	RPL13A
1.34485538367069e-08	-0.395791676104017	0.912	0.934	0.000161032983640728	1	UBA52
1.38690514714757e-08	1.73108129599266	0.168	0.05	0.00016606802231945	1	KLF10
1.42294882638814e-08	-5.16044928062778	0	0.136	0.000170383892471716	1	HLX
1.45430797455078e-08	6.04595463334607	0.063	0	0.000174138836872711	1	GPR83
1.45703218844742e-08	1.53528036137119	0.164	0.061	0.000174465034244695	1	EVA1B
1.48542351972094e-08	-0.642366431559699	0.71	0.824	0.000177864612251385	1	RPL18A
1.52081078245117e-08	1.84113484145757	0.214	0.066	0.000182101883090703	1	NEO1
1.58083494002631e-08	0.690502504319172	0.58	0.381	0.00018928917571875	1	SIK3
1.62738961306624e-08	2.95849179209573	0.109	0.014	0.000194863632268552	1	CHST15
1.64308539678507e-08	-1.86209895711857	0.105	0.297	0.000196743045411044	1	UCHL1
1.69007740138513e-08	-0.607361885677721	0.727	0.796	0.000202369868041856	1	RPL10A
1.80534425075677e-08	3.67469882609514	0.088	0.006	0.000216171920585615	1	B3GNT7
1.8288255589607e-08	3.09599531584567	0.088	0.01	0.000218983572429954	1	CCDC3
1.89822853440158e-08	-0.392040421360776	0.891	0.935	0.000227293884709245	1	RPL39
1.96841498083852e-08	1.62591645300886	0.193	0.07	0.000235698009805604	1	RXRA
2.12311571231255e-08	1.15963166420358	0.256	0.124	0.000254221875392305	1	LTBP3
2.14320152947424e-08	1.5032971663449	0.244	0.085	0.000256626951139246	1	RALGPS1
2.1500986435993e-08	1.24799840929072	0.303	0.141	0.00025745281158458	1	B4GALT3
2.15133885921668e-08	-2.74194792604536	0.017	0.149	0.000257601315002605	1	KREMEN1
2.28409310208134e-08	1.07266281201504	0.336	0.171	0.00027349730804322	1	CAPN2
2.38983507049503e-08	1.54345429281689	0.206	0.075	0.000286158851341075	1	SPHK2
2.41137667805137e-08	-0.493825801332295	0.79	0.87	0.000288738243429872	1	RPL27A
2.5329645401377e-08	-3.12897104915461	0.013	0.142	0.000303297174036088	1	SDR9C7
2.83539460025017e-08	1.75038359676553	0.214	0.071	0.000339510149433956	1	MAPKBP1
2.86481978923861e-08	-1.20377963680315	0.155	0.355	0.000343033521563431	1	ADAMTS1
2.89551809134319e-08	1.105333180425	0.332	0.17	0.000346709336257434	1	LAMP3
2.97212703897623e-08	-4.2214172979192	0.004	0.135	0.000355882491647013	1	EPO
3.18852119254401e-08	0.723736869741564	0.647	0.446	0.00038179352759522	1	NFIB
3.19482809271563e-08	1.33700341534946	0.252	0.103	0.000382548715821769	1	PROS1
3.23537822289757e-08	-1.6835016536618	0.109	0.329	0.000387404188409755	1	B3GNT2
3.29474849185825e-08	1.13406335667919	0.34	0.17	0.000394513184415107	1	SPECC1L
3.43925255482331e-08	3.25805207395464	0.08	0.012	0.000411816100914543	1	TF
3.52221166275855e-08	-1.26949031093635	0.168	0.351	0.000421749624498709	1	RGS3
3.58259138915383e-08	3.54345429281689	0.08	0.006	0.00042897949293728	1	LOC138497151
3.75820534813748e-08	-0.840990286190584	0.311	0.495	0.000450007508385982	1	RAPGEF2
3.77337709188185e-08	1.81512761692455	0.227	0.078	0.000451824172981932	1	GSAP
3.95113893164508e-08	-4.1183238049551	0.004	0.119	0.000473109375675181	1	MEOX1
3.98878042268171e-08	2.11049488554078	0.164	0.039	0.000477616567811909	1	ERRFI1
4.06586539813333e-08	-0.744509465154877	0.576	0.765	0.000486846722772485	1	PRX
4.12133432871666e-08	-2.42617205813959	0.034	0.19	0.000493488572520533	1	EGFLAM
4.12900897306837e-08	-0.499076395101354	0.857	0.896	0.000494407534435207	1	HSPA8
4.2922072813187e-08	-0.378359914353176	0.966	0.972	0.000513948899865101	1	RPL23
4.4558141468272e-08	-0.609675466082447	0.555	0.728	0.000533539185941089	1	SLC25A3
4.47791044295582e-08	5.95849179209573	0.059	0	0.00053618499643953	1	AQP8
4.48055386183074e-08	6.35080921487449	0.059	0	0.000536501519415613	1	CRYBA4
4.58543606221387e-08	-5.18105956030306	0	0.116	0.000549060114089489	1	KANK4
4.59959478836424e-08	1.11300174115136	0.252	0.116	0.000550755479958734	1	DPP9
4.96920714909082e-08	0.935222012772884	0.42	0.229	0.000595012864032134	1	SLC12A4
5.14500454091009e-08	2.17422048315117	0.13	0.032	0.000616062843728574	1	DRAM1
5.71142088845843e-08	2.30244619331309	0.134	0.027	0.000683885537184012	1	LRRC3
5.73977268862936e-08	1.35945410616285	0.248	0.104	0.00068728038173648	1	ANTXR2
5.7821932533378e-08	0.972847085072801	0.357	0.188	0.000692359820154668	1	TRAF2
6.00560907430743e-08	1.07667321844404	0.29	0.135	0.000719111630557572	1	DEPP1
6.11015096398188e-08	-0.471340788262059	0.815	0.89	0.000731629476427191	1	RPL3
6.18472852562743e-08	1.03028247516374	0.378	0.185	0.000740559393658628	1	ZFPM1
6.42952263455139e-08	1.37352929137458	0.168	0.065	0.000769871040261183	1	BDH2
6.54176705641803e-08	1.05499977294908	0.324	0.149	0.000783311187335495	1	PLSCR3
6.68050436906742e-08	0.885735449660417	0.374	0.222	0.000799923593152133	1	ABCB5
6.78982392939058e-08	0.77943577890129	0.458	0.272	0.000813013517305228	1	BIRC6
6.79041750827934e-08	1.43382980164239	0.214	0.081	0.000813084592441368	1	INPP4B
6.84527814672056e-08	-2.15950541730272	0.042	0.181	0.00081965360528832	1	S1PR2
6.973240429233e-08	0.872861720570035	0.45	0.268	0.000834975808996359	1	PDCD6IP
7.07416186363541e-08	-2.30621143409868	0.034	0.169	0.000847060141551704	1	SYNPO
7.36082688934663e-08	0.933313229099734	0.454	0.271	0.000881385411730365	1	LOC138503155
7.4072595326077e-08	-2.17536395463906	0.034	0.158	0.000886945256434446	1	LDHB
7.59956057092775e-08	-0.314930504948142	0.962	0.977	0.000909971382762889	1	PTMA
7.71110723734043e-08	0.504506881356499	0.866	0.737	0.000923327980599143	1	ND3
7.82566004163448e-08	-0.415543473782432	0.891	0.912	0.000937044533385313	1	RPL35A
8.08020176726696e-08	-4.67086482798388	0	0.097	0.000967523359612546	1	KLHL6
8.11958387927832e-08	-2.99570451829114	0.013	0.126	0.000972238973704786	1	FXYD6
8.20077414628189e-08	-0.462812465585472	0.845	0.898	0.000981960696275794	1	RPL18
8.4117398335621e-08	1.7520409146283	0.155	0.048	0.00100722172767073	1	PLA2G15
9.38602008469005e-08	1.17219848556596	0.265	0.119	0.00112388204494079	1	SDR16C5
9.61265507760492e-08	-0.457072911662171	0.79	0.879	0.00115101931899241	1	RPS3A
9.9882300892899e-08	-0.313183303962938	0.958	0.975	0.00119599067089157	1	RPLP2
1.00498059686555e-07	-1.02526756689706	0.332	0.512	0.0012033637666868	1	PMP22
1.01780712645514e-07	-0.31373295594487	0.899	0.956	0.00121872225321739	1	EEF1A1
1.02909769909753e-07	1.19016202702019	0.29	0.136	0.00123224158489938	1	LOC138497215
1.04999353278251e-07	5.20641930553932	0.063	0.001	0.00125726225615377	1	DMTN
1.05380734236739e-07	3.76584671415334	0.076	0.005	0.00126182891175072	1	ETV1
1.08369828981091e-07	-1.77986034234144	0.101	0.275	0.00129762033221958	1	NHERF2
1.11380453202773e-07	-0.424706446132336	0.933	0.933	0.00133366954665	1	RPL7
1.12616835107737e-07	-0.44810534438246	0.887	0.922	0.00134847398358004	1	RPL11
1.15764244722577e-07	-0.954941649379559	0.261	0.449	0.00138616106630814	1	SCHIP1
1.16889505060912e-07	1.23003769778504	0.294	0.155	0.00139963493359936	1	MMP18
1.19924351152297e-07	2.62591645300886	0.101	0.017	0.0014359741806976	1	HLF
1.24313678700716e-07	1.30448764694492	0.261	0.109	0.00148853198876237	1	PRCP
1.27994170854991e-07	1.71748369259194	0.164	0.054	0.00153260220181766	1	TNFRSF14
1.29512844449933e-07	-2.75116645607474	0.021	0.151	0.0015507867994435	1	COL18A1
1.37777095223915e-07	5.86538238770425	0.055	0	0.00164974293821116	1	C1R
1.42824533370642e-07	1.43492983603872	0.189	0.069	0.00171018096258007	1	TPCN2
1.43956518320658e-07	1.84301457467579	0.239	0.082	0.00172373535037156	1	EEIG1
1.44230619000706e-07	-5.1395402908648	0	0.119	0.00172701743191446	1	EVA1C
1.51517456676093e-07	0.642989966367801	0.681	0.506	0.00181427002623954	1	ADAM10
1.53883038111303e-07	-1.89948920303184	0.071	0.229	0.00184259549834474	1	DCHS1
1.61947371544897e-07	1.30244619331309	0.252	0.105	0.0019391578268786	1	SHC1
1.72787578505986e-07	-1.42756664021135	0.126	0.307	0.00206895846503067	1	RIN2
1.74368949646656e-07	1.10786941613396	0.231	0.109	0.00208789380306906	1	ACVR2A
1.74407372586637e-07	-0.420422593595257	0.832	0.884	0.00208835387935239	1	RPL30
1.74721355257555e-07	-1.95639159426632	0.046	0.175	0.00209211350785397	1	DUSP9
1.75752075145002e-07	-0.426948953710813	0.878	0.934	0.00210445534778626	1	RPLP0
1.77369151585251e-07	1.49010486822395	0.223	0.08	0.0021238182210818	1	ADAMTS15
1.79420612837471e-07	1.13945506499049	0.361	0.201	0.00214838241811588	1	USP48
1.86060665066769e-07	0.668727020647415	0.618	0.466	0.00222789040350949	1	PSAP
1.91782906458488e-07	4.54345429281689	0.067	0.003	0.00229640852193394	1	TNFRSF9
1.92136312951417e-07	-2.06070177313758	0.046	0.2	0.00230064021128027	1	SNAI2
1.93473684574729e-07	1.10144974593777	0.328	0.185	0.0023166538990978	1	MFSD11
1.96152875519316e-07	-1.10275539673081	0.189	0.375	0.00234873453146829	1	ARPC1B
2.009420475384e-07	1.35515076205972	0.189	0.075	0.0024060800772248	1	ARHGAP26
2.17834320750709e-07	1.09834945567869	0.336	0.17	0.00260834815666898	1	SLC43A2
2.1993975477402e-07	1.62918416684277	0.147	0.051	0.00263355862366412	1	IL1RAP
2.24303806633908e-07	1.02037123968241	0.412	0.234	0.00268581378063441	1	LTA4H
2.31093087260836e-07	-2.55457779014364	0.021	0.129	0.00276710862686125	1	PLOD2
2.32934332428994e-07	-4.21143320934658	0.008	0.131	0.00278915569650478	1	CXCL12
2.49156210837691e-07	-3.27032689840015	0.013	0.131	0.00298339646857051	1	EPS8
2.51837974028969e-07	-0.365846318037206	0.916	0.936	0.00301550790102288	1	RPL27
2.53864239455815e-07	1.07878602581344	0.349	0.183	0.00303977040324393	1	SCPEP1
2.55667982766484e-07	1.21194014910033	0.303	0.142	0.00306136842564588	1	CELF2
2.57211111799147e-07	-0.528701295645604	0.752	0.828	0.00307984585268299	1	RPL9
2.58948634724965e-07	-1.20094083552894	0.176	0.338	0.00310065095219673	1	MEF2A
2.60808105579346e-07	1.77791954645391	0.218	0.09	0.00312291625620709	1	MDM2
2.65883761771772e-07	0.43691523152821	0.929	0.818	0.0031836921634552	1	ND2
2.69524679226812e-07	0.86202895259444	0.353	0.202	0.00322728850906185	1	RALA
2.70298879633312e-07	2.25805207395464	0.155	0.04	0.00323655878472928	1	PIK3R3
2.70863856529854e-07	1.01434502682925	0.273	0.13	0.00324332381808847	1	PGM5
2.88194212376873e-07	0.742692048069712	0.626	0.457	0.00345083749900068	1	NRK
2.91366877477542e-07	1.67977576402967	0.21	0.077	0.00348882699091609	1	WFDC1
2.9178484244751e-07	-0.901856217575758	0.231	0.44	0.00349383170346648	1	NHSL2
3.04046827209333e-07	1.28565653534924	0.256	0.11	0.00364065670900455	1	KLF3
3.17757757576334e-07	3.54345429281689	0.071	0.005	0.00380483138921902	1	GAL3ST4
3.3460851970346e-07	-1.70777081072727	0.088	0.249	0.00400660241492923	1	HEG1
3.40341746940017e-07	-0.283843621070226	1	1	0.00407525207785977	1	CIRBP
3.59513232476576e-07	-1.65817956835276	0.059	0.183	0.00430481144567452	1	PLP2
3.61149055249145e-07	2.105333180425	0.118	0.029	0.00432439878755326	1	LOC138529514
4.02326052565141e-07	2.78856679065342	0.118	0.016	0.004817452153415	1	SORCS2
4.07479444977189e-07	1.1484627357398	0.286	0.138	0.00487915887415687	1	CTBP1
4.10450367248365e-07	2.19949989159953	0.105	0.022	0.00491473269743192	1	KBTBD11
4.23756410819504e-07	3.44391861926597	0.05	0.004	0.00507405926315274	1	PLCB3
4.23852540935674e-07	4.95849179209573	0.05	0.001	0.00507521032516376	1	SCML4
4.26791643972153e-07	-0.611786662868312	0.71	0.803	0.00511040314492256	1	TUBA1C
4.46071996390819e-07	3.35080921487449	0.076	0.008	0.00534126608478366	1	CFB
4.76023338417033e-07	1.15113687003813	0.273	0.136	0.00569990345420555	1	RBPJ
5.06858642920323e-07	0.948905743266533	0.265	0.148	0.00606912539032795	1	SGPP1
5.29124586868871e-07	-3.78297519430542	0.004	0.108	0.00633573780316787	1	KITLG
5.51149641254495e-07	1.18253206631366	0.261	0.126	0.00659946580438132	1	SLC12A9
5.61776246505612e-07	-0.931574180871429	0.168	0.317	0.00672670877565819	1	PGLS
5.82239647094081e-07	-3.32691042676652	0.008	0.121	0.00697173753430453	1	XPNPEP2
5.84027455138234e-07	0.914097672737277	0.403	0.237	0.00699314474782522	1	IGF1R
5.84520843374836e-07	1.61638581527074	0.206	0.085	0.00699905257857029	1	GADD45G
6.42555370596008e-07	0.650757578791123	0.475	0.317	0.00769395800751661	1	IGF2BP2
6.69942620210816e-07	1.07632828238959	0.206	0.093	0.00802189293440431	1	LOC138569198
6.99422429713106e-07	-3.82286792142893	0.004	0.103	0.00837488417338473	1	CEACAM5
7.00949110751659e-07	-3.8096925326812	0.004	0.105	0.00839316465214036	1	DISP3
7.13961255100081e-07	2.44391861926597	0.084	0.015	0.00854897206856837	1	TCEA2
7.46615815073784e-07	1.20484745678289	0.286	0.143	0.00893997776969348	1	LGALS3BP
7.7676350757445e-07	0.315719384799085	0.987	0.959	0.00930096623969646	1	CYTB
7.77999061789006e-07	0.926430582863432	0.324	0.175	0.00931576076586155	1	ZEB1
7.78539729192031e-07	-0.432259469819011	0.853	0.919	0.00932223471734538	1	RPL38
7.82655862490548e-07	1.12199052437861	0.252	0.125	0.00937152129746182	1	ARHGAP17
7.90407897652081e-07	2.54345429281689	0.088	0.016	0.00946434416648602	1	TM6SF1
7.90874698906998e-07	-0.30063961623787	0.975	0.966	0.0094699336447124	1	RPS27
8.05224841140196e-07	-0.972043388241169	0.387	0.557	0.00964176224781271	1	TCF4
8.14574659864543e-07	-0.860163671089169	0.244	0.461	0.00975371697721804	1	ADAMTS4
8.18633316171682e-07	-0.79676932007653	0.597	0.744	0.00980231532783972	1	SHANK3
8.34648148229804e-07	0.876306036740486	0.433	0.262	0.00999407692690367	1	ZZEF1
8.35459991845087e-07	0.913673288253885	0.508	0.333	0.0100037979423531	1	RAPGEF6
8.51091686940694e-07	1.44391861926597	0.181	0.07	0.0101909718594279	1	RELB
8.88844984841624e-07	-2.53793403402377	0.025	0.149	0.0106430298484936	1	TMCC3
9.00106800964176e-07	2.42415536444454	0.092	0.019	0.010777878834745	1	LHFPL6
9.18032612612323e-07	1.54345429281689	0.193	0.068	0.01099252250342	1	GNPDA1
9.33759491047129e-07	2.46099213262491	0.067	0.012	0.0111808361457983	1	EFHD1
9.52040962162692e-07	1.44604179115894	0.239	0.096	0.0113997384809361	1	FAM43A
9.76355386939784e-07	0.75685793092608	0.345	0.197	0.011690879403217	1	NUFIP2
9.99311599705632e-07	1.21773461876715	0.286	0.132	0.0119657570948752	1	MTMR8
1.0083196367916e-06	0.892903450468154	0.294	0.184	0.0120736193309426	1	ATP11B
1.14467895141236e-06	-2.14770761173619	0.034	0.142	0.0137063857642115	1	THBD
1.14778384147486e-06	-0.637421008185966	0.517	0.651	0.0137435637178199	1	RSL24D1
1.23455504629505e-06	-1.27628435369655	0.118	0.261	0.0147825621243369	1	LBHD2
1.24750179414195e-06	-1.48137756016305	0.088	0.253	0.0149375864830557	1	MCTP2
1.2718746092299e-06	-0.977943079126803	0.324	0.486	0.0152294265709188	1	CDH5
1.29670578212101e-06	-0.375906483843425	0.941	0.959	0.015526755035117	1	RPS8
1.30425057083889e-06	7.63091713406723	0.046	0	0.0156170963352248	1	LOC138513758
1.33979235125052e-06	-0.85849183115965	0.227	0.388	0.0160426736138737	1	JAM3
1.3416402306004e-06	0.958491792095731	0.349	0.185	0.0160648001212092	1	CTSC
1.37636223056817e-06	-2.56507016396128	0.017	0.114	0.0164805613488233	1	SLC16A1
1.39463125231653e-06	-0.455235952176324	0.836	0.877	0.0166993146152382	1	RPS16
1.48151477032379e-06	0.978669674033361	0.37	0.206	0.017739657859857	1	BRD4
1.51079817745984e-06	-0.913860384808309	0.197	0.386	0.0180902973769041	1	DBNL
1.56558615463115e-06	0.691584377114731	0.483	0.341	0.0187463286155534	1	CYB5R3
1.60376695206512e-06	2.34551491520498	0.13	0.026	0.0192035054840278	1	GJC1
1.66960754824143e-06	1.58652301470877	0.202	0.07	0.0199918807826429	1	PARP3
1.67945866837532e-06	2.32106187148044	0.143	0.036	0.0201098380951261	1	MARCHF2
1.68281706648156e-06	1.61056848867542	0.147	0.05	0.0201500515540502	1	LRP1
1.71125329095114e-06	1.06282845191047	0.277	0.133	0.0204905469058489	1	TP53I11
1.74341968473994e-06	3.39906438348171	0.076	0.005	0.0208757073050761	1	COX4I2
1.80413579521195e-06	2.23859971128847	0.118	0.029	0.0216027220118679	1	NHSL3
1.80737891053955e-06	-0.963599325720395	0.361	0.555	0.0216415550748006	1	RPL8
1.81817614080814e-06	-3.06387602093272	0.013	0.116	0.0217708411100367	1	KCNMA1
1.82076808359497e-06	1.17750157403753	0.269	0.123	0.0218018770329661	1	ASAH1
1.86299616368297e-06	2.95849179209573	0.08	0.012	0.0223075160639399	1	LTBP4
1.98591489783966e-06	-0.278772738284981	0.958	0.971	0.0237793449867321	1	TPT1
2.0186406641991e-06	-2.61136381623522	0.021	0.154	0.02417120331312	1	KCNN3
2.0512019834327e-06	1.43303030312324	0.227	0.09	0.0245610925496232	1	SALL4
2.07451765871655e-06	-1.33218536880719	0.113	0.238	0.0248402744454719	1	RIN3
2.12356732029579e-06	0.884491210651954	0.45	0.282	0.0254275950932218	1	RGL3
2.26182630402757e-06	-0.436101175383326	0.891	0.921	0.0270831081644261	1	DYNLL1
2.28458112144889e-06	1.02735365024054	0.357	0.202	0.0273555743482291	1	PEAK1
2.36420435518439e-06	0.60619004816485	0.496	0.326	0.0283089829489779	1	CYFIP1
2.46033370017914e-06	-1.00086622340692	0.239	0.416	0.029460035725945	1	PREX2
2.47376164545589e-06	-2.68536439767899	0.013	0.103	0.0296208219426889	1	LPAR6
2.51727646604035e-06	1.00824482729283	0.366	0.213	0.0301418684043672	1	RNF213
2.58892268016675e-06	-0.670097641025683	0.349	0.516	0.0309997601723166	1	BTF3
2.60424785043437e-06	1.1182722361325	0.218	0.109	0.0311832637611012	1	LMBRD2
2.64269477976919e-06	-1.99992910415287	0.042	0.172	0.0316436272929563	1	C1QH1orf21
2.64789064591012e-06	3.62145680481816	0.063	0.004	0.0317058425941278	1	SLC37A2
2.71093012976078e-06	-0.825779516848832	0.399	0.562	0.0324606773737555	1	EGFL7
2.72704095129652e-06	3.63656369720837	0.063	0.004	0.0326535883508245	1	LOC138567786
2.72704095129652e-06	2.05160119648721	0.063	0.015	0.0326535883508245	1	HOXD8
2.80113117393841e-06	1.62918416684277	0.151	0.051	0.0335407446767385	1	P2RX4
2.88249600633262e-06	-3.62647070862543	0.004	0.094	0.0345150071798268	1	SORBS2
2.95902589803282e-06	1.10051079696816	0.252	0.117	0.035431376103045	1	TNIP1
3.0119061554633e-06	3.33700341534946	0.05	0.004	0.0360645643055175	1	INPP5D
3.02216251817448e-06	-2.66599907281206	0.021	0.144	0.0361873739926213	1	NBEA
3.02607737476392e-06	0.958491792095731	0.391	0.223	0.0362342504854231	1	EPS15
3.07699177164941e-06	-2.28943572134785	0.029	0.147	0.0368438994737301	1	PRICKLE1
3.12401515297882e-06	0.936796720996412	0.349	0.198	0.0374069574417684	1	AP3B1
3.23733465815335e-06	0.715448861449403	0.563	0.41	0.0387638451967282	1	PICALM
3.28226370711758e-06	1.16098465599447	0.269	0.131	0.039301825629026	1	STON2
3.39648704571433e-06	1.19455915032926	0.206	0.093	0.0406695358853833	1	FGD6
3.67332926265581e-06	1.16331158398423	0.248	0.118	0.0439844445910407	1	MAGI3
3.79646368419417e-06	-3.83592407425437	0.004	0.098	0.045458856154541	1	DACH2
3.89196400060662e-06	0.831282772052635	0.504	0.338	0.0466023769432637	1	NFX1
3.99217830169162e-06	0.638318800880898	0.643	0.504	0.0478023429844554	1	IGFBP1
4.01093100731516e-06	5.41792341073303	0.042	0	0.0480268878815917	1	DHRS3
4.01225599563177e-06	5.65893151023682	0.042	0	0.0480427532916949	1	IGLON5
4.07716754447653e-06	1.20580184563651	0.239	0.107	0.048820004177562	1	LOC138498142
4.07883413415435e-06	-0.990524279185464	0.197	0.324	0.0488399599223642	1	PXDN
4.22351149197038e-06	-4.45089914404197	0	0.085	0.0505723266048534	1	PRKD3
4.33759299320601e-06	1.50868887465621	0.155	0.057	0.0519383385006488	1	N4BP1
4.48194691620061e-06	0.51080705891704	0.609	0.455	0.0536668323745861	1	RTN4
4.77449724915135e-06	-0.764594213064269	0.462	0.578	0.0571698300613382	1	CLIC1
5.01124239014643e-06	-1.94839880351279	0.034	0.139	0.0600046163796133	1	CRISP3
5.03474894015114e-06	-3.68536439767899	0.004	0.095	0.0602860838093697	1	PHEX
5.04734475289035e-06	-3.93632597121221	0.004	0.117	0.0604369060711091	1	MAP3K5
5.04965750558552e-06	0.79721088506267	0.345	0.211	0.060464598971881	1	VAPA
5.0993723905367e-06	0.857046528536185	0.42	0.278	0.0610598850042864	1	VASH2
5.17924790996263e-06	3.28041988698309	0.055	0.005	0.0620163144738925	1	MST1
5.22040894426351e-06	0.797337000281151	0.378	0.241	0.0625091766986113	1	SYNGR2
5.22649867895082e-06	0.875236288446379	0.345	0.215	0.0625820951817572	1	AKR1A1
5.31196495060262e-06	1.05986881247081	0.395	0.223	0.0636054683185158	1	JUN
5.32547114626903e-06	3.76584671415334	0.055	0.003	0.0637671915054254	1	TAFA5
5.34606693663793e-06	0.743752943302718	0.294	0.181	0.0640138054993025	1	CUL5
5.4701475614619e-06	1.95849179209573	0.147	0.044	0.0654995469009448	1	MYLIP
5.53173581627097e-06	2.51791920070975	0.101	0.019	0.0662370046640286	1	BMP6
5.55247455043984e-06	-1.90657862781816	0.055	0.182	0.0664853302669667	1	TMEM92
5.55841055604553e-06	1.07187359151347	0.311	0.159	0.0665564079980892	1	LOC138566285
5.60291764839361e-06	0.752743126879155	0.454	0.285	0.067089335921865	1	GNAQ
5.70691892253964e-06	-0.346327880593758	0.92	0.935	0.0683346471784896	1	RPS20
5.77117824289962e-06	2.54345429281689	0.08	0.014	0.06910408828048	1	ERP29
5.84444965628932e-06	2.12841679353804	0.101	0.025	0.0699814401844083	1	PIM2
5.87989864287545e-06	2.8209882683458	0.08	0.011	0.0704059063497906	1	EXPH5
5.89774982485859e-06	-2.5102776911209	0.025	0.144	0.0706196564028568	1	HMCN1
5.95267591057781e-06	2.678383872903	0.092	0.017	0.0712773413532586	1	LOC138504513
5.98990040828725e-06	-0.367192624529174	0.824	0.891	0.0717230674888316	1	RPS4X
6.07240977819238e-06	0.382462416144583	0.92	0.835	0.0727110346840755	1	ND4
6.19453664015983e-06	-1.80527386141419	0.042	0.154	0.0741733817292737	1	INPP4A
6.30260178908994e-06	1.18378410393797	0.273	0.139	0.075467353822563	1	EFNA1
6.30374498462258e-06	1.07654755361744	0.269	0.132	0.0754810424458708	1	FAM234A
6.31072837426194e-06	1.0245809825535	0.239	0.13	0.0755646615534125	1	KCNQ1
6.49317447458192e-06	1.42052677091174	0.269	0.145	0.0777492711586439	1	SNX10
6.50497387680188e-06	-0.475635080379337	0.504	0.648	0.0778905572008257	1	ATP5IF1
6.62036613963192e-06	2.22152619792952	0.084	0.018	0.0792722641559527	1	ETNPPL
6.68747945152637e-06	0.791484274035713	0.408	0.238	0.0800758789525768	1	SEPTIN10
6.70900144603462e-06	1.11049488554078	0.193	0.092	0.0803335833148185	1	ASGR1
7.25734949863133e-06	1.25805207395464	0.16	0.067	0.0868995028966116	1	ACER1
7.3034997089163e-06	-1.53147419468968	0.059	0.185	0.0874521055145637	1	NOS1AP
7.3281661845104e-06	-0.46878930293786	0.731	0.848	0.0877474618933276	1	MYL12B
7.34339095818025e-06	-3.02640131551406	0.008	0.094	0.0879297633332503	1	ANO8
7.42770757086345e-06	1.55888433338649	0.168	0.065	0.0889393704535189	1	ATF6
7.59855144586703e-06	-1.45009068504581	0.08	0.206	0.0909850550128119	1	LRRC8C
7.87929877754082e-06	1.53222703739363	0.122	0.045	0.0943467235622737	1	GALC
7.90103537816426e-06	1.57382794186041	0.143	0.043	0.0946069976181389	1	NOTCH3
7.98656025014676e-06	-0.910721600368915	0.269	0.437	0.0956310724352573	1	SOX18
8.00206094050364e-06	-0.826836823631874	0.223	0.372	0.0958166777015906	1	CFL1
8.03187522800219e-06	-0.96555935467097	0.134	0.276	0.0961736739800982	1	RGCC
8.51022518872567e-06	0.923302363633431	0.311	0.162	0.101901436409801	1	SPTLC1
8.579718449114e-06	0.513352261027468	0.744	0.618	0.102733548709691	1	TMEM176B
8.78250128008248e-06	-3.6414210500914	0.004	0.091	0.105161670327708	1	CNMD
8.87657030184424e-06	1.8209882683458	0.118	0.034	0.106288052794283	1	CITED4
8.90396060069982e-06	1.0721485738913	0.231	0.129	0.10661602423278	1	MAP1LC3A
9.06407517444782e-06	1.34378194798052	0.218	0.093	0.108533236138838	1	SMTN
9.10477461292934e-06	0.958491792095731	0.303	0.176	0.109020571215216	1	BRI3
9.10608661340392e-06	3.86538238770425	0.046	0.003	0.109036281108899	1	RYR2
9.14019849960673e-06	4.07396900951567	0.046	0.002	0.109444736834291	1	BACE2
9.17410979489655e-06	4.54345429281689	0.046	0.001	0.109850790684091	1	CDH10
9.17410979489655e-06	3.95849179209573	0.046	0.002	0.109850790684091	1	AVPR2
9.2509647153246e-06	1.07013714792464	0.315	0.169	0.110771051501297	1	TBC1D4
9.28762961326848e-06	0.805539869257132	0.286	0.16	0.111210076989277	1	NHSL1
9.28926123461806e-06	0.723174804669792	0.437	0.282	0.111229614023317	1	TNFRSF1A
9.41185807118692e-06	-2.67377642340378	0.017	0.118	0.112697588544392	1	MYLK
9.9777888056792e-06	-2.74194792604536	0.013	0.107	0.119474043159203	1	LOC138525662
1.01258133120833e-05	0.912395377506277	0.294	0.157	0.121246488598885	1	SGK3
1.02661447580058e-05	1.06398492094304	0.273	0.146	0.122926817332361	1	CBR1
1.04232938364891e-05	2.63656369720837	0.063	0.01	0.124808520398121	1	DUSP10
1.04916133516813e-05	0.427335735070368	0.731	0.623	0.125626578273032	1	TRIM39
1.0615251800192e-05	0.750896372687364	0.164	0.096	0.127107025055499	1	WDR47
1.08996978627403e-05	-0.8817277638675	0.214	0.369	0.130512982208452	1	SHE
1.09339355859936e-05	-0.838416342526757	0.332	0.511	0.130922944706688	1	ADGRL4
1.1009263992944e-05	1.63656369720837	0.109	0.037	0.131824927051512	1	CASP8
1.10943873920565e-05	-1.65817956835276	0.059	0.174	0.132844194632484	1	AR
1.13016993214404e-05	0.994411366350674	0.235	0.12	0.135326547674927	1	MBD2
1.14131245726959e-05	-3.82286792142893	0.004	0.084	0.136660753633461	1	NPPC
1.14427898907119e-05	-1.60509705783286	0.067	0.197	0.137015966151384	1	DENND5A
1.16606295402051e-05	-3.19125532740895	0.004	0.074	0.139624378114416	1	BAG2
1.18429089753913e-05	1.25805207395464	0.214	0.091	0.141806992071336	1	IL10RA
1.1883195938058e-05	0.895066411954097	0.319	0.187	0.142289388162306	1	IDE
1.19922365412756e-05	0.790220309505932	0.345	0.202	0.143595040345234	1	MTMR3
1.21188358512373e-05	-1.54400854843345	0.046	0.163	0.145110940482715	1	GPR182
1.2294723989352e-05	0.657982680843274	0.349	0.214	0.1472170250485	1	TP53BP2
1.23619331940012e-05	5.28041988698309	0.038	0	0.148021788064971	1	GAS2
1.23619331940012e-05	2.69545738626194	0.038	0.005	0.148021788064971	1	SIAE
1.24705667852387e-05	0.718626550716118	0.538	0.417	0.149322566686448	1	FOS
1.26015863337265e-05	2.87602963190376	0.067	0.009	0.150891394760042	1	ADAMTS17
1.29703193825086e-05	0.654430118001882	0.424	0.278	0.155306604286158	1	KDM6B
1.30680467867725e-05	-1.40225555168216	0.08	0.216	0.156476792224814	1	ST3GAL4
1.32706230024442e-05	-2.19993757050875	0.025	0.114	0.158902439831267	1	RNF220
1.33342323553835e-05	1.19295704573275	0.16	0.069	0.159664098223362	1	CREBRF
1.33774693344687e-05	-0.60199881045529	0.374	0.509	0.160181817810929	1	ARHGDIB
1.37798990204254e-05	1.1205485502047	0.273	0.132	0.165000510870574	1	OSBPL5
1.38172841107063e-05	1.95849179209573	0.151	0.043	0.165448159941597	1	TANK
1.43334066075992e-05	-0.929783125345441	0.197	0.336	0.171628210719393	1	TMEM204
1.45451700412808e-05	-2.65621805201948	0.021	0.108	0.174163866074297	1	CXCR4
1.47332207951243e-05	-1.2918830417666	0.101	0.231	0.176415585800818	1	TCIM
1.48415293276282e-05	1.06085350972541	0.265	0.134	0.177712472169021	1	TBC1D5
1.52838762169355e-05	1.49906017345843	0.097	0.034	0.183009133821585	1	HOXD3
1.5284182053065e-05	-3.61136381623522	0.004	0.085	0.1830127959034	1	GJA4
1.53504753193211e-05	-3.71393354987576	0.004	0.096	0.183806591473551	1	CILP
1.54325552657157e-05	2.62145680481816	0.076	0.012	0.184789416751679	1	LTB4R
1.54964797330634e-05	-0.633525466159376	0.534	0.659	0.185554848323702	1	ATP5MC3
1.55808703310754e-05	0.973288794023811	0.197	0.097	0.186565341344297	1	VAC14
1.5822350541126e-05	-0.487764437793833	0.597	0.715	0.189456825379443	1	SNRPE
1.58535475981356e-05	0.755132562921885	0.408	0.243	0.189830378940076	1	ERLIN2
1.59893669445035e-05	0.736099370759283	0.349	0.211	0.191456679793485	1	OSBPL8
1.61667131115441e-05	2.35080921487449	0.084	0.016	0.193580222797629	1	LOXL3
1.63810666630785e-05	0.958491792095731	0.315	0.175	0.196146892223702	1	GOLGB1
1.68928785462225e-05	-4.43382563068303	0	0.085	0.202275327712469	1	SOX17
1.69633087089066e-05	-4.76942866246747	0	0.071	0.203118658480447	1	RGS5
1.73048365107365e-05	-2.484451703753	0.013	0.09	0.207208112379559	1	PDE4C
1.80979003957913e-05	2.00288591145418	0.113	0.034	0.216704259339205	1	LOC138583127
1.81312410248781e-05	1.43492983603872	0.16	0.071	0.217103480031891	1	BMP1
1.8603828771258e-05	-0.829410767295701	0.202	0.349	0.222762245707044	1	TANB
1.88962117889734e-05	0.577981975945158	0.37	0.264	0.226263239961167	1	SCAF8
1.91463871824733e-05	0.534401044564001	0.462	0.325	0.229258840122936	1	JAK1
1.92375966243799e-05	-0.459028526550957	0.534	0.701	0.230350981980325	1	TUBA1A
1.92602242294341e-05	-1.56507016396128	0.034	0.11	0.230621924923244	1	CBFB
2.01568692389037e-05	-1.42397784472668	0.046	0.149	0.241358352266633	1	USP43
2.01831788078008e-05	1.33556144117555	0.181	0.076	0.241673383044606	1	DNAJB2
2.03054309325977e-05	0.981211868595815	0.324	0.186	0.243137229986924	1	AMFR
2.04163000482188e-05	2.05470710735503	0.113	0.028	0.244464776777372	1	SNAI1
2.05024720749496e-05	1.91409767273728	0.109	0.03	0.245496600625447	1	RARRES1
2.11229860528539e-05	0.785655195233516	0.374	0.227	0.252926634996872	1	DNAJC13
2.11987274829384e-05	1.11895646428898	0.315	0.162	0.253833562880704	1	LYN
2.17544278853995e-05	0.828431251531359	0.21	0.115	0.260487519499773	1	IKBKG
2.18690025676139e-05	0.557069664674386	0.525	0.365	0.261859436744609	1	RSRP1
2.19540183264952e-05	-3.10040189695784	0.008	0.096	0.262877415441454	1	ITGA8
2.27582221966215e-05	-1.46974520493797	0.067	0.175	0.272506952582345	1	STOM
2.31951140292868e-05	1.22698062802163	0.202	0.089	0.27773829538668	1	CNDP2
2.35591388504463e-05	1.19767945597516	0.143	0.063	0.282097128595244	1	MARCHF8
2.4054019557176e-05	-1.84886312996187	0.055	0.194	0.288022830177626	1	ANXA6
2.41548231744487e-05	0.716734045892352	0.471	0.321	0.289229852690849	1	SERPINB6
2.42143361016951e-05	1.79343254582523	0.126	0.039	0.289942460481697	1	LOC138515867
2.43384442581729e-05	0.972991361790846	0.202	0.097	0.291428531547362	1	NDFIP2
2.47670157995184e-05	1.10763523140154	0.21	0.107	0.296560247183434	1	DXO
2.48025166608101e-05	-0.402902278816747	0.739	0.808	0.29698533449654	1	COX6B1
2.48346454196983e-05	0.926782932368392	0.185	0.093	0.297370044255468	1	ATM
2.62214985024366e-05	0.434929836038718	0.798	0.694	0.313976223068176	1	LOC138504591
2.66559726413354e-05	0.818170503698316	0.298	0.189	0.31917861640735	1	PARP14
2.69370329277284e-05	-2.28943572134785	0.021	0.115	0.32254403227662	1	SOX13
2.71058048361677e-05	-1.83852118574041	0.038	0.142	0.324564907108272	1	FAM222A
2.7918138857874e-05	4.41792341073303	0.042	0.001	0.334291794684183	1	FGF14
2.7918138857874e-05	3.41792341073303	0.042	0.003	0.334291794684183	1	ST3GAL5
2.7918138857874e-05	3.41792341073303	0.042	0.003	0.334291794684183	1	KCND3
2.81689823255401e-05	-2.28943572134785	0.017	0.088	0.337295394366018	1	CADM3
2.86514224690983e-05	0.735084460382648	0.546	0.415	0.343072132644983	1	LAMP1
2.87032919808857e-05	-2.1790117316542	0.017	0.085	0.343693218179126	1	RFLNB
2.88176853412848e-05	-0.423653825625738	0.647	0.768	0.345062964276545	1	RPL6
2.91169412006597e-05	0.561769190196969	0.395	0.282	0.348646253936699	1	AP3D1
2.9131679129426e-05	0.940113262780876	0.286	0.152	0.348822725895747	1	GON4L
3.03450531650249e-05	0.851576588179219	0.282	0.162	0.363351666598008	1	TMEM87A
3.12706254350198e-05	-0.660079101268245	0.319	0.468	0.374434468958927	1	PLS3
3.18195971239583e-05	1.31137281531201	0.235	0.132	0.381007855962277	1	IRF1
3.201346816122e-05	0.742763101040294	0.353	0.198	0.383329267762449	1	PDS5B
3.21934838784673e-05	-1.45244130885038	0.071	0.198	0.385484775960768	1	HES4
3.26661370872807e-05	1.79499305981285	0.092	0.029	0.391144325483099	1	ARHGEF10
3.29667975059548e-05	1.46099213262491	0.134	0.049	0.394744433336303	1	SULT1C2
3.33512893137296e-05	2.15113687003813	0.097	0.021	0.399348338242598	1	LOX
3.34168551224619e-05	0.709232764906601	0.395	0.248	0.400133423236359	1	CDC42BPA
3.34173698245773e-05	-0.948398803512788	0.21	0.358	0.400139586279488	1	IQGAP2
3.34762255266473e-05	3.38298962062364	0.08	0.015	0.400844324456074	1	STEAP4
3.4238366364327e-05	2.78856679065342	0.063	0.009	0.409970198846452	1	HSD17B14
3.461717432295e-05	-0.424346884794964	0.782	0.875	0.414506045343004	1	EEF1B2
3.56356800300459e-05	-0.923786249031174	0.256	0.419	0.42670163267977	1	MXRA7
3.57352356237925e-05	0.669514119009655	0.42	0.289	0.427893711359292	1	TMEM109
3.62120032520729e-05	0.934244245849054	0.227	0.117	0.433602526940321	1	ASXL2
3.68307007186601e-05	1.95849179209573	0.088	0.024	0.441010810405236	1	GPR137B
3.71901997608146e-05	0.606385548543344	0.424	0.276	0.445315451935994	1	SRSF10
3.72778744237558e-05	-0.35211770162851	0.857	0.919	0.446365268350052	1	RPS13
3.78456677920037e-05	3.04595463334607	0.067	0.008	0.453164026141452	1	PLEKHH2
3.81877651560656e-05	5.12841679353804	0.034	0	0.45726029997873	1	HSD17B11
3.81877651560656e-05	5.12841679353804	0.034	0	0.45726029997873	1	KIF26B
3.81877651560656e-05	4.12841679353804	0.034	0.001	0.45726029997873	1	HOXD10
3.86117705698477e-05	-4.19125532740895	0	0.074	0.462337340803357	1	TTC9
3.92261517978215e-05	2.39906438348171	0.071	0.014	0.469693941627115	1	CPT1B
3.93234736263318e-05	1.13536955417981	0.155	0.072	0.470859273201698	1	PDPR
3.93543600574006e-05	2.18088421343218	0.08	0.017	0.471229107327315	1	PAK1
4.01254938255903e-05	1.06367402878779	0.231	0.112	0.480462663067618	1	EPHA2
4.06422078792913e-05	2.2995287099308	0.076	0.015	0.486649797146634	1	LOC138489243
4.06422078792913e-05	2.20641930553932	0.076	0.016	0.486649797146634	1	PRKAR2B
4.16151978807208e-05	-1.08764998954899	0.189	0.336	0.49830037942375	1	RASA3
4.21058295406531e-05	1.52553238481963	0.08	0.027	0.50417520291978	1	KIF11
4.2979319888474e-05	1.68095781656682	0.109	0.041	0.514634376344588	1	MMP3
4.36019665737179e-05	0.781406999080552	0.412	0.271	0.522089947753699	1	SFT2D1
4.4708358895116e-05	0.970982736278928	0.218	0.11	0.53533788941012	1	CRAMP1
4.53805132618151e-05	-1.91187292748767	0.029	0.11	0.543386265796974	1	BLNK
4.59809358766187e-05	2.00740139257668	0.105	0.03	0.550575726186632	1	CEBPB
4.60293261777973e-05	4.18088421343218	0.046	0.002	0.551155151652945	1	WDR86
4.63434727759257e-05	3.33700341534946	0.046	0.004	0.554916743018934	1	RGS18
4.79785322799638e-05	0.695457386261937	0.282	0.188	0.574494945520287	1	OTUD4
4.80541062830146e-05	0.785160189210169	0.416	0.285	0.575399868632817	1	PARD3
4.83161399113441e-05	-0.469058318496662	0.676	0.748	0.578537459298434	1	TPM3
4.84381567797162e-05	0.972166728992808	0.206	0.106	0.579998489280321	1	XYLB
5.00520632459399e-05	0.911186077317375	0.282	0.176	0.599323405306885	1	ATF3
5.08353769573793e-05	1.03124813453105	0.244	0.119	0.60870280368766	1	DPP3
5.16251777527657e-05	0.984487000628675	0.248	0.132	0.618159878411616	1	HMGA1
5.21089012004409e-05	1.61453739087837	0.105	0.035	0.623951982974079	1	CEP131
5.25271603024444e-05	-0.814097711801197	0.189	0.335	0.628960217461469	1	CSRNP1
5.67350246236001e-05	-1.25096157353322	0.08	0.185	0.679345184842988	1	S100A1
5.74227134834445e-05	0.415593350941119	0.639	0.498	0.687579571250765	1	JCAD
5.79291272581022e-05	0.879057324601326	0.21	0.115	0.693643369788515	1	GANAB
6.11297271987751e-05	-3.25096157353322	0.004	0.071	0.731967353478133	1	ADGRG1
6.26750642025058e-05	-1.37449149130063	0.05	0.13	0.750471218760804	1	CTF1
6.37215945741327e-05	-1.06444501918143	0.143	0.268	0.763002373430664	1	RASAL2
6.42372940279536e-05	0.325443266907321	0.92	0.901	0.769177358690716	1	ANXA2
6.44073344569854e-05	2.95849179209573	0.05	0.006	0.771213422787943	1	EPS8L2
6.48485245197775e-05	1.15940448602173	0.189	0.093	0.776496232599815	1	PKD1
6.50079935519908e-05	1.55639334852438	0.097	0.037	0.778405714791538	1	LOC138526789
6.59556106603327e-05	0.774891853756342	0.273	0.158	0.789752482046824	1	POU2F1
6.65805654086631e-05	0.900388837532163	0.256	0.144	0.797235690203332	1	RNF216
6.68969571028723e-05	-3.62647070862543	0	0.051	0.801024164349793	1	GPR132
6.69303945222451e-05	-3.71393354987576	0	0.053	0.801424544009363	1	DACH1
6.71039019393063e-05	0.995017668120845	0.235	0.119	0.803502121821254	1	CHERP
6.74115573583453e-05	0.382989620623641	0.475	0.355	0.807185987808827	1	PLCG1
7.45569935950806e-05	1.52408896794996	0.139	0.052	0.892745441307495	1	MAP3K6
7.5122008452796e-05	-1.58340198673354	0.067	0.185	0.89951092921378	1	CCSER1
7.6035924435637e-05	0.718177462762021	0.298	0.189	0.910454159192318	1	RANBP9
7.6586491304687e-05	0.880489280094458	0.218	0.106	0.917046646882322	1	MMP14
7.9000746496519e-05	1.71970493250861	0.176	0.062	0.945954938549318	1	CD209
7.90216276227701e-05	0.748456577279266	0.412	0.261	0.946204969155049	1	TSC22D2
7.95406184652551e-05	3.28041988698309	0.055	0.005	0.952419365502965	1	CYP2G1P
7.99902131131922e-05	-0.893409568915135	0.168	0.283	0.957802811817364	1	CAV2
8.03751360270303e-05	0.682160563648479	0.311	0.199	0.962411878787661	1	ZNRF1
8.16170945044092e-05	0.788566790653419	0.231	0.135	0.977283089595796	1	FAM98A
8.17243389415903e-05	2.63656369720837	0.055	0.009	0.978567234486603	1	EPB41L4B
8.28759012552919e-05	1.47909504702051	0.248	0.143	0.992356041630865	1	SERPINE1
0.000369080859168809	4.95849179209573	0.025	0	1	1	ADRA1D
0.000369057689577723	4.76584671415334	0.025	0	1	1	EBI3
0.00115999796340098	4.76584671415334	0.021	0	1	1	LOC138450189
0.00115994899296062	4.54345429281689	0.021	0	1	1	VGLL3
0.00115994899296062	4.54345429281689	0.021	0	1	1	ASIC2
0.00115994899296062	4.54345429281689	0.021	0	1	1	DNAH2
0.00115994899296062	4.54345429281689	0.021	0	1	1	DUSP3
0.00115994899296062	4.54345429281689	0.021	0	1	1	LOC138491739
0.00115994899296062	4.54345429281689	0.021	0	1	1	LOC138579568
0.00115994899296062	4.54345429281689	0.021	0	1	1	LRRC9
0.00115994899296062	4.54345429281689	0.021	0	1	1	MASP1
0.00115994899296062	4.54345429281689	0.021	0	1	1	VSTM2L
0.00115994899296062	4.54345429281689	0.021	0	1	1	NR1I2
0.00369228159617064	4.28041988698309	0.017	0	1	1	KCNQ4
0.000118403054713217	4.12841679353804	0.029	0.001	1	1	LRFN1
0.000118392708407462	3.95849179209573	0.029	0.001	1	1	SMTNL2
0.000394381658017191	3.95849179209573	0.038	0.002	1	1	LOC138569070
0.000369057689577723	3.76584671415334	0.025	0.001	1	1	FGFR3
0.000369057689577723	3.76584671415334	0.025	0.001	1	1	NRG4
0.000369057689577723	3.76584671415334	0.025	0.001	1	1	TRPV1
0.00238534597896238	3.76584671415334	0.025	0.001	1	1	IL18R1
0.0072294779400215	3.76584671415334	0.021	0.001	1	1	LOC138566937
0.00025715308096814	3.69545738626194	0.034	0.002	1	1	SFRP1
0.000136081655488767	3.54345429281689	0.042	0.003	1	1	SHISAL1
0.000781704125760346	3.54345429281689	0.029	0.002	1	1	ERICH6B
0.00115994899296062	3.54345429281689	0.021	0.001	1	1	ANKRD22
0.00115994899296062	3.54345429281689	0.021	0.001	1	1	CSPG4
0.00115994899296062	3.54345429281689	0.021	0.001	1	1	ELOVL4
0.00725494367217752	3.54345429281689	0.021	0.001	1	1	FAM110C
0.00725494367217752	3.54345429281689	0.021	0.001	1	1	FAM131A
0.00725494367217752	3.54345429281689	0.021	0.001	1	1	H6PD
0.00725494367217752	3.54345429281689	0.021	0.001	1	1	IGF1
8.45890115583706e-05	3.41792341073303	0.038	0.003	1	1	LOC138473540
0.000136992232994822	3.41792341073303	0.042	0.003	1	1	LOC138492289
0.000784560391674552	3.37352929137457	0.029	0.002	1	1	PKNOX2
0.000784560391674552	3.37352929137457	0.029	0.002	1	1	TWIST2
0.000182110976042286	3.33700341534946	0.046	0.004	1	1	CELSR1
0.000182110976042286	3.33700341534946	0.046	0.004	1	1	HAMP
8.49025295082244e-05	3.28041988698309	0.038	0.003	1	1	MDFI
0.00369228159617064	3.28041988698309	0.017	0.001	1	1	SLPI
0.00115999796340098	3.18088421343218	0.021	0.002	1	1	ST6GALNAC2
0.00238534597896238	3.18088421343218	0.025	0.002	1	1	LOC138569608
0.00238534597896238	3.18088421343218	0.025	0.002	1	1	MAMDC2
0.000352421945545538	2.98085960512419	0.097	0.031	1	1	LOC138580932
0.00141635639509929	2.95849179209573	0.038	0.004	1	1	FBLN5
0.0023767865906671	2.95849179209573	0.025	0.003	1	1	SRGAP3
0.00331335850931919	2.95849179209573	0.029	0.003	1	1	EPCIP
0.00725494367217752	2.95849179209573	0.021	0.002	1	1	LAMA3
0.00725494367217752	2.95849179209573	0.021	0.002	1	1	WNK4
9.18031709172509e-05	2.86538238770425	0.059	0.008	1	1	KIAA0040
0.00062990336927927	2.85157658817922	0.05	0.006	1	1	HOXD9
0.009371632320814	2.76584671415334	0.025	0.003	1	1	LOC138581157
0.000524778308413466	2.73609937075928	0.042	0.005	1	1	LOC138488005
8.49025295082244e-05	2.69545738626194	0.038	0.005	1	1	LOC138513697
0.00369228159617064	2.69545738626194	0.017	0.002	1	1	TRIM2
0.00996658068902535	2.63656369720837	0.029	0.014	1	1	LOC138472947
0.00331335850931919	2.63656369720837	0.029	0.004	1	1	C2
0.000253586189694569	2.54345429281689	0.059	0.01	1	1	FOXP4
0.000781704125760346	2.54345429281689	0.029	0.005	1	1	ARID5A
0.00725494367217752	2.54345429281689	0.021	0.003	1	1	GFRA1
0.00725494367217752	2.54345429281689	0.021	0.003	1	1	TRIM15
0.00725494367217752	2.54345429281689	0.021	0.003	1	1	LOXL1
0.00725494367217752	2.54345429281689	0.021	0.003	1	1	RGS1
0.000182110976042286	2.48900650879451	0.046	0.009	1	1	SEPTIN12
0.00238534597896238	2.44391861926597	0.025	0.004	1	1	PSMB9
0.00893063987985711	2.41792341073303	0.042	0.008	1	1	LOC138572102
0.000190208980312347	2.37352929137457	0.046	0.008	1	1	SPATS2L
0.000784560391674552	2.37352929137457	0.029	0.005	1	1	HMMR
0.0070496182117762	2.30641509551604	0.05	0.011	1	1	PHF21B
0.000102577315930078	2.2995287099308	0.076	0.014	1	1	LOC138566042
0.000574806182662166	2.2995287099308	0.063	0.014	1	1	AXL
0.000625549712640241	2.28041988698309	0.059	0.012	1	1	LOC138453595
0.00369228159617064	2.28041988698309	0.017	0.003	1	1	SMIM29
0.000101319736140689	2.22152619792952	0.071	0.015	1	1	VSTM4
0.00365515491297775	2.22152619792952	0.046	0.012	1	1	PRRT1B
0.00160462925976386	2.22152619792952	0.046	0.01	1	1	LOC138526072
0.00824052001540929	2.22152619792952	0.046	0.009	1	1	FAM83D
0.009371632320814	2.18088421343218	0.025	0.005	1	1	IL17RD
0.000149019031797658	2.12841679353804	0.088	0.025	1	1	HCST
0.00141635639509929	2.11049488554078	0.038	0.008	1	1	TNFRSF18
0.00240634038093375	2.11049488554078	0.063	0.018	1	1	NFKBIE
0.00399653371086056	2.09599531584567	0.042	0.01	1	1	CKAP2
0.000544963245226056	2.0409539522877	0.067	0.017	1	1	LOC138580471
0.000220402636328181	2.036494304097	0.076	0.018	1	1	PAQR6
0.000242515001020046	1.95849179209573	0.055	0.014	1	1	LOC138497456
0.00320898426896786	1.95849179209573	0.055	0.014	1	1	BMP2
0.00115636439937728	1.95849179209573	0.034	0.009	1	1	ADRB2
0.00137570388604363	1.95849179209573	0.059	0.016	1	1	NT5DC1
0.00262563308494422	1.95849179209573	0.063	0.015	1	1	CPVL
0.00315671139602155	1.95849179209573	0.055	0.015	1	1	SYBU
0.00380604368199698	1.95849179209573	0.046	0.012	1	1	ECRG4
0.00725494367217752	1.95849179209573	0.021	0.005	1	1	RNF166
0.00893063987985711	1.95849179209573	0.042	0.011	1	1	CCDC200
0.00893063987985711	1.95849179209573	0.042	0.011	1	1	LOC138569225
0.00969373273773466	1.95849179209573	0.038	0.01	1	1	CDK6
0.00969373273773466	1.95849179209573	0.038	0.01	1	1	GLOD5
0.00680020177433514	1.89959810304216	0.08	0.024	1	1	RASGEF1B
0.000509799444998215	1.88048928009446	0.071	0.018	1	1	VWA7
0.00113082950676451	1.88048928009446	0.067	0.018	1	1	LOC138468335
0.00245331512824551	1.88048928009446	0.063	0.019	1	1	GGA2
0.000605546041086287	1.87602963190376	0.063	0.016	1	1	CECR2
0.00320898426896786	1.85895611854482	0.055	0.015	1	1	CHEK2
0.00137998659440449	1.85157658817922	0.038	0.014	1	1	IRF7
0.00497020660990683	1.82724725881748	0.063	0.015	1	1	MDGA1
0.000273717915862939	1.82522526123227	0.122	0.036	1	1	HDGFL3
0.00214974957541164	1.81410188276056	0.067	0.022	1	1	ITGA2
0.000249779996288247	1.78856679065342	0.059	0.018	1	1	LOC138520093
0.00127954350073016	1.78856679065342	0.063	0.018	1	1	LRP11
0.00981238500608851	1.77791954645391	0.059	0.017	1	1	MUC5B
0.00150380511600094	1.76584671415334	0.055	0.016	1	1	DYRK4
0.00150380511600094	1.76584671415334	0.055	0.016	1	1	IRS4
0.000590073051326748	1.73609937075928	0.046	0.014	1	1	MTFMT
0.00725494367217752	1.73609937075928	0.021	0.005	1	1	CCDC106
0.0022403121702561	1.72402653845871	0.067	0.021	1	1	STEAP3
0.00710221694288525	1.72402653845871	0.067	0.021	1	1	CYBRD1
0.000457347144118372	1.71748369259194	0.076	0.024	1	1	LOC138487731
0.00377801798899901	1.71748369259194	0.034	0.013	1	1	USP13
0.000317140961506761	1.7133792942592	0.105	0.034	1	1	CIPC
0.000253586189694569	1.69545738626194	0.059	0.018	1	1	OBSCN
0.000412627105360966	1.69545738626194	0.101	0.031	1	1	LSAMP
0.00369228159617064	1.69545738626194	0.017	0.004	1	1	LTA
9.83068104846227e-05	1.6828573494823	0.076	0.022	1	1	CMKLR1
0.000283199877228418	1.67469882609514	0.092	0.029	1	1	CNPY1
0.000317140961506761	1.66898517490075	0.105	0.035	1	1	GBE1
0.000544963245226056	1.66898517490075	0.067	0.023	1	1	ID2
0.000134508445163191	1.66688823406517	0.244	0.122	1	1	SQSTM1
0.00352873653185074	1.65893151023682	0.05	0.016	1	1	CEBPG
0.00352873653185074	1.65893151023682	0.05	0.016	1	1	CITED1
0.00352873653185074	1.65893151023682	0.05	0.016	1	1	LOC138504791
0.00716050971648989	1.65893151023682	0.05	0.016	1	1	GRPEL2
0.000793872339618004	1.6453339068361	0.118	0.043	1	1	GALNS
0.00048893237222303	1.63656369720837	0.071	0.026	1	1	NRIP1
0.000564581257359581	1.62145680481816	0.063	0.022	1	1	JPH1
0.00212195142364235	1.61056848867542	0.084	0.029	1	1	ZC3H12B
0.00893063987985711	1.61056848867542	0.042	0.014	1	1	ZNF503
0.00912489178260321	1.61056848867542	0.042	0.013	1	1	PCDHAC2
0.000616465598924406	1.59076000759524	0.113	0.042	1	1	TNFRSF21
0.000335454564941594	1.58925798243001	0.088	0.026	1	1	LOC138511556
0.00250108768978278	1.58652301470877	0.063	0.023	1	1	CEACAM6
0.00106428733188986	1.58234330621048	0.122	0.053	1	1	LOC138521045
0.00413132482156814	1.579980168842	0.038	0.012	1	1	TMT1A
0.00969373273773466	1.579980168842	0.038	0.013	1	1	CYP2U1
0.000132306422500116	1.57662115675209	0.126	0.045	1	1	LPCAT2
0.000520779570902456	1.57516315254423	0.092	0.031	1	1	MEAK7
0.00716050971648989	1.57146866898648	0.05	0.017	1	1	MAN2B2
0.000392712292013975	1.56421285298368	0.134	0.049	1	1	LOC138452633
0.00169532574527926	1.56256311576459	0.076	0.026	1	1	PCYOX1
0.000182349707016932	1.56115629455035	0.139	0.055	1	1	FERMT3
0.000163327617192721	1.55513609786452	0.122	0.043	1	1	TMEM220
0.000239311527379398	1.54345429281689	0.055	0.021	1	1	LOC138569807
0.000737257969348852	1.52964849329186	0.097	0.037	1	1	NETO2
0.000342491805422595	1.52785743776587	0.088	0.027	1	1	THSD4
0.000322198332118809	1.52677555167026	0.155	0.059	1	1	CD274
0.000293827745025861	1.52239267728906	0.168	0.068	1	1	THRA
0.00320898426896786	1.51791920070975	0.055	0.019	1	1	HYAL1
0.00074288387421537	1.51791920070975	0.097	0.039	1	1	SNX8
0.000159262365978604	1.51103281512451	0.164	0.063	1	1	DCBLD2
0.000239089619282645	1.51103281512451	0.071	0.026	1	1	TIMP3
0.00155914282801805	1.51103281512451	0.042	0.015	1	1	PTPRF
0.00893063987985711	1.51103281512451	0.042	0.015	1	1	QRSL1
0.000400192242203368	1.50281230831954	0.113	0.043	1	1	IFIT5
0.00209156519663884	1.50281230831954	0.134	0.051	1	1	ACAP1
0.00538906913968686	1.49906017345843	0.059	0.022	1	1	KIAA0513
0.000638605903848729	1.49454469233594	0.113	0.042	1	1	ARHGAP42
0.00235429204850521	1.48900650879451	0.092	0.037	1	1	NHEJ1
0.00808377666663355	1.47306496492549	0.076	0.029	1	1	MMP28
0.00947172036737349	1.47306496492549	0.059	0.023	1	1	IL6
0.000929138518842621	1.47306496492549	0.118	0.042	1	1	DAGLB
0.000102422110605552	1.46750543958359	0.13	0.053	1	1	ME3
0.000782726384406529	1.45599145156655	0.097	0.036	1	1	ENTPD8
0.00160462925976386	1.45599145156655	0.046	0.017	1	1	CBFA2T3
0.000909447266790903	1.45153180337585	0.076	0.028	1	1	SLC9B2
0.00254966367232066	1.43492983603872	0.063	0.024	1	1	AASDH
0.000240677553886898	1.41792341073303	0.109	0.046	1	1	MMP19
0.000627081813164189	1.41792341073303	0.088	0.031	1	1	FCHSD1
0.00151920912422764	1.41417127587192	0.092	0.035	1	1	TXNRD2
0.000454470585006748	1.41305765556121	0.13	0.056	1	1	TMEM37
0.00716050971648989	1.41100399679324	0.05	0.019	1	1	LOC138525649
0.00321469602720552	1.41100399679324	0.097	0.039	1	1	FLNC
0.000142226719821291	1.40829470953525	0.113	0.042	1	1	RAB11FIP5
0.000625549712640241	1.40595076906695	0.059	0.022	1	1	IQCE
8.46700966655294e-05	1.40390294041809	0.126	0.048	1	1	MLLT3
0.00409728562779822	1.40209844357135	0.067	0.026	1	1	LOC138498117
0.000759684535125919	1.39289461624151	0.097	0.039	1	1	ULK4
0.00145437396563592	1.38912614642559	0.126	0.049	1	1	LY96
0.00215630458099758	1.37352929137458	0.097	0.037	1	1	ING2
0.000183785210001731	1.37352929137457	0.046	0.017	1	1	TNFAIP3
0.000590073051326748	1.37352929137457	0.046	0.018	1	1	ARHGAP4
0.00076004976897319	1.37352929137457	0.08	0.035	1	1	FBXO8
0.00293592130240506	1.37352929137457	0.076	0.031	1	1	GINS2
0.00409777262707244	1.37352929137457	0.122	0.046	1	1	PDZD2
0.00514637726232401	1.37352929137457	0.113	0.048	1	1	NISCH
0.000223303733483257	1.35442046842687	0.101	0.039	1	1	TNKS1BP1
0.00242354052193884	1.35442046842687	0.092	0.039	1	1	LOC138491604
0.00331311554272121	1.35442046842687	0.097	0.04	1	1	CERS2
0.00649419579356763	1.35277073120778	0.092	0.036	1	1	LRP10
0.000186124708904911	1.34283249415166	0.206	0.091	1	1	IFI27
0.00548873394702289	1.34182043164724	0.059	0.024	1	1	SH3BGRL2
0.00223401043808647	1.33400092718794	0.097	0.038	1	1	VCPKMT
0.00378769535555494	1.33400092718794	0.067	0.031	1	1	PMAIP1
0.00134716904227102	1.33288730687723	0.126	0.056	1	1	ZRANB3
0.00251149517039536	1.33288730687723	0.122	0.052	1	1	DTNB
0.0010770884101965	1.33046056948269	0.088	0.036	1	1	GTPBP10
0.00126966737731461	1.33046056948269	0.084	0.034	1	1	MAP3K14
0.0040938188761404	1.33046056948269	0.042	0.016	1	1	PLAG1
0.000187859986492947	1.32106187148044	0.13	0.056	1	1	CYP3A4
0.00267993312574572	1.32106187148044	0.101	0.042	1	1	GPC4
0.00285345544393518	1.31694576300821	0.101	0.041	1	1	KCTD3
0.000848613041622227	1.30782604432375	0.252	0.138	1	1	LOC138492940
0.00320898426896786	1.30641509551604	0.055	0.023	1	1	ACSF3
0.00629520104826852	1.30641509551604	0.055	0.022	1	1	LOC138583265
0.00695323760870627	1.2995287099308	0.067	0.031	1	1	TRMT11
0.00819458376778888	1.2995287099308	0.063	0.03	1	1	TOGARAM1
0.00611965597920872	1.2955267793733	0.092	0.039	1	1	KAT2B
0.00380604368199698	1.2955267793733	0.046	0.018	1	1	KLRD1
0.000381680140152603	1.29367598368536	0.143	0.067	1	1	ABR
0.000298777224005037	1.2910671311826	0.13	0.056	1	1	LMBR1L
0.00840467058768123	1.2910671311826	0.063	0.025	1	1	PITPNM3
0.00113939256455876	1.2896977005711	0.139	0.063	1	1	CYP4V2
0.000485543258275274	1.28041988698309	0.122	0.05	1	1	GNS
0.00053457714832481	1.28041988698309	0.118	0.051	1	1	TJAP1
0.00144301404422715	1.28041988698309	0.059	0.023	1	1	NCKIPSD
0.00347632523304674	1.28041988698309	0.05	0.025	1	1	FIGNL1
0.000297326891730785	1.27568196797643	0.151	0.065	1	1	SGCD
0.000358777399994773	1.27496545689099	0.126	0.052	1	1	C2CD2L
0.000674374550835981	1.27399361782366	0.176	0.09	1	1	NAV3
0.00192795295715128	1.27043579841047	0.126	0.057	1	1	LOC138530138
0.00351575799683436	1.27043579841047	0.071	0.03	1	1	WDR76
0.00602017181760749	1.27043579841047	0.071	0.03	1	1	MRS2
0.00332520757141728	1.26661408745806	0.097	0.043	1	1	NUSAP1
0.000702064351462926	1.26105456211616	0.134	0.056	1	1	KIF22
0.00249460515309065	1.25805207395464	0.092	0.041	1	1	RHBDD1
0.00650721746929389	1.25805207395464	0.092	0.039	1	1	RHOBTB2
0.00918234523895572	1.25805207395464	0.092	0.041	1	1	ZNF76
0.000138491430600543	1.25683306666548	0.248	0.142	1	1	RND3
0.00217892808669916	1.25488479487596	0.134	0.058	1	1	MGST1
0.00126859461493688	1.2539476756219	0.109	0.046	1	1	ICAM4
0.000897328785665182	1.24995460625604	0.143	0.067	1	1	LOC138481675
0.00399578399142263	1.24799840929072	0.038	0.017	1	1	LOC138471906
0.00694780054629403	1.24479597725237	0.088	0.04	1	1	PLK3
0.0076394814520404	1.24479597725237	0.097	0.043	1	1	C9orf72
0.0070496182117762	1.24228475809632	0.05	0.024	1	1	ENTPD2
0.00710221694288525	1.23859971128847	0.067	0.029	1	1	CCSAP
0.000283199877228418	1.23412623470916	0.092	0.04	1	1	CENPV
0.00795177309426773	1.22152619792953	0.122	0.049	1	1	FANCC
0.000178055879851908	1.22152619792952	0.155	0.066	1	1	CFDP1
0.000800381317114201	1.22152619792952	0.139	0.061	1	1	NPL
0.00126859461493688	1.22152619792952	0.109	0.048	1	1	MAFG
0.00206479606921993	1.22152619792952	0.109	0.045	1	1	RDH16
0.00835336817895853	1.22152619792952	0.084	0.042	1	1	TMTC3
0.00985930633012135	1.22152619792952	0.071	0.031	1	1	F2RL1
0.0025308310161493	1.2112578624757	0.113	0.05	1	1	ST3GAL3
0.00570676847203772	1.2112578624757	0.113	0.049	1	1	NSMCE2
0.000434667928931448	1.21003055909169	0.097	0.044	1	1	E4F1
0.000254484582120923	1.20929989559627	0.172	0.081	1	1	ADA
0.00315526819207849	1.20847004510408	0.088	0.038	1	1	FAM219B
0.00336268725237971	1.20641930553932	0.139	0.066	1	1	TBC1D30
0.00827847846066898	1.20641930553932	0.076	0.034	1	1	LRWD1
0.000793140873633867	1.20106209536981	0.164	0.075	1	1	GLIPR1
0.0022403121702561	1.1879736382185	0.067	0.03	1	1	SMIM26
0.00710221694288525	1.1879736382185	0.067	0.029	1	1	TRIM59
0.0005101719141133	1.18731048259161	0.202	0.125	1	1	TNFAIP2
0.00582224141862361	1.18088421343218	0.084	0.038	1	1	MTHFR
0.0038941854421123	1.18088421343218	0.126	0.063	1	1	SNX5
0.000122002115019725	1.16629667720913	0.164	0.069	1	1	DSP
0.000197680193869411	1.16494266956316	0.176	0.083	1	1	ERI2
0.00115023945636798	1.16494266956316	0.122	0.055	1	1	WDR82
0.000139706213990763	1.16331158398423	0.139	0.062	1	1	PRSS
9.8807170145991e-05	1.16202518618086	0.214	0.103	1	1	DAG1
0.00230660664359221	1.15879044258156	0.105	0.05	1	1	CTSO
0.00900175257519252	1.15879044258156	0.101	0.05	1	1	CYP20A1
0.00396621270271123	1.15113687003813	0.092	0.044	1	1	HEBP1
0.000275143902483046	1.1465641402483	0.185	0.078	1	1	AVL9
0.000686894865588758	1.1465641402483	0.168	0.081	1	1	UBE2E2
0.00656739118793997	1.14404744525181	0.118	0.054	1	1	PLEKHM1
0.00814304681552999	1.14404744525181	0.113	0.049	1	1	ITGB5
0.000207636699593572	1.14135584924554	0.168	0.079	1	1	BCL2L13
0.000934577603290149	1.13536955417981	0.151	0.074	1	1	CRYL1
0.00169871751720497	1.12841679353804	0.101	0.05	1	1	HMCN2
0.00401225405310777	1.12841679353804	0.067	0.034	1	1	WDR74
0.000795331471881541	1.12560177793099	0.13	0.061	1	1	NXT2
0.00989595355002385	1.12560177793099	0.122	0.061	1	1	EIF4ENIF1
0.00208648136948635	1.12024286209234	0.126	0.062	1	1	TEX264
0.00179597760015245	1.11049488554078	0.109	0.056	1	1	ANTXRL
0.0028849351269845	1.11049488554078	0.134	0.065	1	1	USP46
0.00430091746818876	1.11049488554078	0.08	0.038	1	1	TUT1
0.00370428142605447	1.11049488554078	0.084	0.029	1	1	HSPB6
0.00326381705007594	1.105333180425	0.118	0.056	1	1	FANCI
0.000583423795872729	1.10123196421181	0.252	0.129	1	1	CORO7
0.0030403135261757	1.09866945014399	0.109	0.051	1	1	ZNF568
0.000633657115420178	1.0917583229592	0.134	0.066	1	1	DTWD1
0.00137237472326232	1.09094208811938	0.206	0.107	1	1	MOB3A
0.00111053749028349	1.08722510621793	0.155	0.078	1	1	BRD10
0.00611965597920872	1.08402267417959	0.092	0.045	1	1	SULT1A1
0.00891413103934093	1.08402267417959	0.118	0.058	1	1	FUT8
0.000298901366687724	1.08097579862073	0.151	0.08	1	1	ZNF451
0.00766803850711185	1.07979808831786	0.122	0.057	1	1	DBF4
0.00352873653185074	1.07396900951567	0.05	0.023	1	1	OMA1
8.73315490543324e-05	1.07396900951567	0.202	0.098	1	1	PLXNB2
0.00151408009560577	1.07096652135414	0.08	0.036	1	1	GLCE
0.00256223681805052	1.07096652135414	0.08	0.039	1	1	HPS4
0.00694533264990689	1.07096652135414	0.08	0.039	1	1	NUDT1
0.00353365805464984	1.06952310448448	0.105	0.052	1	1	NFATC2IP
0.0011143391218989	1.06867470984615	0.13	0.065	1	1	VCPIP1
0.00113595536393568	1.06811628327023	0.147	0.076	1	1	BANP
0.00125769287266773	1.06540699601224	0.084	0.041	1	1	UTP14A
0.00316138026475961	1.06540699601224	0.126	0.062	1	1	NCAPD2
0.00179222178917913	1.06540699601224	0.113	0.052	1	1	WBP1
0.00603213723404084	1.06199636784959	0.218	0.115	1	1	HIVEP1
0.00511433748793111	1.06158528505983	0.105	0.057	1	1	WBP1L
0.000202952779721095	1.05802746564665	0.118	0.056	1	1	FKBP8
0.000140608496597188	1.05578899345065	0.185	0.09	1	1	RNF170
0.000351654985413623	1.05470710735503	0.218	0.116	1	1	FOXO1
0.00077005086080751	1.05335097843717	0.206	0.105	1	1	ATXN3
0.000696023640831982	1.04828846244638	0.218	0.114	1	1	SELENON
0.000258515119853113	1.04422166612161	0.189	0.097	1	1	CORO6
0.000190612115741404	1.03834509978495	0.244	0.118	1	1	PIK3R2
0.00977035887769238	1.03792625959014	0.109	0.053	1	1	QSOX1
0.00169532574527926	1.036494304097	0.076	0.038	1	1	LRRCC1
0.00827847846066898	1.036494304097	0.076	0.036	1	1	LMAN2L
0.00419456080527995	1.03444064532903	0.143	0.074	1	1	RHBDF2
0.000529388961557089	1.03377991939997	0.21	0.115	1	1	SH3BP5
0.00221503182572802	1.03249237353951	0.155	0.081	1	1	GLMP
0.0094238415019041	1.03249237353951	0.071	0.039	1	1	SHF
0.00121494331862324	1.0310042918801	0.185	0.092	1	1	MTMR10
0.00611612019910483	1.03004505312076	0.118	0.061	1	1	TBC1D8B
0.000116983407126	1.02888111998713	0.218	0.124	1	1	PDLIM7
0.000393978170635755	1.02168561858293	0.139	0.065	1	1	PAOX
0.000121593000569315	1.01989233675987	0.218	0.116	1	1	COMT
0.00123940046541535	1.01819803822	0.147	0.075	1	1	TRMT1L
0.00010702788771167	1.0165947466593	0.155	0.075	1	1	DHX29
0.00173200075513677	1.01193105105719	0.197	0.107	1	1	LOC138513586
0.00320898426896786	1.01095921198987	0.055	0.028	1	1	CNNM2
0.000915940684263132	1.00503437803276	0.227	0.119	1	1	ADAM9
0.000179811572977465	1.00488469758018	0.265	0.145	1	1	ARID5B
0.00169020035411022	1.00429548170886	0.122	0.061	1	1	OSBPL3
0.00121725186782874	1.00156051398762	0.13	0.066	1	1	KNTC1
0.00204923257659814	1.00156051398762	0.139	0.067	1	1	GEMIN6
0.00711913071921812	1.00156051398762	0.122	0.069	1	1	KLHL5
0.0022943676945875	1.00031196779036	0.113	0.069	1	1	TSC22D3
0.0031002949904611	0.996965939910366	0.076	0.038	1	1	ACOXL
0.00310375260425674	0.995966497514394	0.286	0.194	1	1	SEMA7A
0.00719905071612302	0.995017668120845	0.143	0.077	1	1	CTTNBP2NL
8.35300327664359e-05	0.993257210256408	0.21	0.122	1	1	ANO6
0.0075763699470347	0.98886544113925	0.088	0.048	1	1	CARF
0.00945418645989638	0.98886544113925	0.092	0.048	1	1	WTIP
0.000378407743249092	0.988239135489783	0.176	0.092	1	1	DAPK2
0.00653558094943305	0.987250785077155	0.193	0.12	1	1	FTL
0.00377882343195437	0.986506168265328	0.105	0.052	1	1	TRIP4
0.00439041131212221	0.984487000628675	0.109	0.056	1	1	USP37
0.000141066683989187	0.984026884202868	0.214	0.117	1	1	PLCD1
0.00686575897152409	0.97619379382919	0.134	0.079	1	1	EGR1
0.000197104543951681	0.975365610660127	0.168	0.088	1	1	USP8
0.00102836692712666	0.9749799148843	0.172	0.089	1	1	LATS2
0.0048106553072194	0.9749799148843	0.16	0.09	1	1	NFKB2
0.000957063728558917	0.972991361790846	0.189	0.097	1	1	URI1
0.000189786978593916	0.972705651315432	0.193	0.102	1	1	RECK
0.001451918831001	0.971202843845285	0.206	0.115	1	1	EPB41L1
0.00071670440240888	0.967424916865739	0.361	0.262	1	1	PLIN2
0.000697362220954684	0.958491792095731	0.252	0.143	1	1	ABHD17B
0.00111367501543799	0.958491792095731	0.101	0.052	1	1	NIF3L1
0.00210708040324962	0.958491792095731	0.155	0.086	1	1	EPB41L3
0.00324001307436691	0.958491792095731	0.139	0.079	1	1	SPOP
0.00508013485946062	0.958491792095731	0.139	0.072	1	1	GNG7
0.00509287723455861	0.958491792095731	0.076	0.04	1	1	C9H2orf76
0.00852061017944874	0.958491792095731	0.143	0.072	1	1	TAPBPL
0.000132960466454188	0.958491792095731	0.185	0.096	1	1	CTDSP1
0.00029963350811936	0.958491792095731	0.193	0.109	1	1	NFATC4
0.000890966429909179	0.958491792095731	0.118	0.063	1	1	EI24
0.00100913837251909	0.958491792095731	0.16	0.084	1	1	RUFY1
0.00157840461932748	0.958491792095731	0.05	0.027	1	1	SHISA4
0.00347005385499141	0.958491792095731	0.16	0.088	1	1	MYD88
0.00398351599872625	0.958491792095731	0.185	0.097	1	1	LAMTOR1
9.02729973452014e-05	0.949389584988479	0.29	0.157	1	1	CORO1C
0.000578193048246625	0.94100436536689	0.164	0.088	1	1	HEXB
0.00415765365600725	0.940569884098469	0.151	0.081	1	1	USP42
0.00621208725741332	0.940569884098469	0.164	0.082	1	1	CDK5RAP2
0.000607873453543825	0.940113262780876	0.143	0.081	1	1	ZNF410
0.0035006992368607	0.940113262780876	0.147	0.077	1	1	SNX24
0.00588082880645914	0.9391264672288	0.134	0.079	1	1	VCF1
0.00149492107235134	0.938027689536016	0.134	0.072	1	1	PBK
0.00423669592328347	0.938027689536016	0.134	0.075	1	1	GLA
0.0093106927852613	0.938027689536016	0.13	0.075	1	1	ARHGAP12
0.0035372854283058	0.936123979067276	0.122	0.069	1	1	SFT2D2
0.0036714505475199	0.93540817898269	0.122	0.063	1	1	FTO
0.00253683293597888	0.933829737861462	0.113	0.062	1	1	CCZ1
8.67886266709253e-05	0.932019580734539	0.109	0.057	1	1	GDAP2
0.000401236521327607	0.931524744495462	0.206	0.108	1	1	SLC25A22
0.00438971415878184	0.931011055673624	0.101	0.055	1	1	SLC25A13
0.00194088143737499	0.931011055673624	0.206	0.103	1	1	SNX29
0.00578896065376618	0.92992263989896	0.185	0.105	1	1	CLIP1
0.0013142071366004	0.929345446436214	0.189	0.105	1	1	THADA
0.00112657617344556	0.928744448701679	0.172	0.095	1	1	DPY19L1
0.000651733144564462	0.926070314403353	0.088	0.043	1	1	GAS2L3
0.0090396602143615	0.924544460172394	0.084	0.045	1	1	SPRTN
0.000645453538702547	0.922271604182978	0.214	0.115	1	1	TENT5B
0.00029190248795058	0.92165502391536	0.214	0.117	1	1	P2RX7
0.000178476614797632	0.921017086677068	0.21	0.109	1	1	LOC138566346
0.000931415412168896	0.921017086677068	0.218	0.117	1	1	RAB21
0.00315983768982204	0.920017644281096	0.143	0.076	1	1	JOSD2
0.00010914975616126	0.918227921882004	0.21	0.111	1	1	CLUH
0.00944671374142465	0.917849807598385	0.139	0.075	1	1	SEC23A
0.00390696914971362	0.915847454687237	0.181	0.108	1	1	ATP6AP1
0.00530698530700282	0.915423070203845	0.13	0.07	1	1	BTN2A1
0.00835947308042047	0.914097672737277	0.063	0.035	1	1	B3GALT4
0.000245606725804884	0.913167801586241	0.189	0.104	1	1	IFNAR2
0.00952644383350377	0.913167801586241	0.155	0.089	1	1	SLC9A9
0.00917069027370514	0.912688102482606	0.126	0.066	1	1	WASHC5
0.00182182531117954	0.911186077317375	0.122	0.064	1	1	EMILIN2
0.00811435728848977	0.911186077317374	0.16	0.095	1	1	TBC1D10A
0.00138160005804631	0.909582191614784	0.118	0.064	1	1	GAA
0.000671452135105862	0.909023115831431	0.282	0.173	1	1	PLIN3
0.00629520104826852	0.907865719025764	0.055	0.03	1	1	CREBL2
0.00551538975433522	0.907865719025763	0.113	0.061	1	1	CDIPT
0.00182320949688957	0.906652860576113	0.151	0.09	1	1	PCCA
8.67174723844097e-05	0.905052533134271	0.206	0.111	1	1	STAT6
0.00545006941540847	0.904044008073355	0.151	0.081	1	1	MAP1S
0.000472680349101781	0.902638557362213	0.151	0.079	1	1	PLEKHM2
0.00129102037610541	0.900776294239443	0.197	0.107	1	1	FOCAD
0.000836044766278742	0.894361454676015	0.13	0.069	1	1	POLK
0.00153825629302679	0.894361454676015	0.21	0.119	1	1	LOC138569353
0.0010770884101965	0.894361454676015	0.088	0.049	1	1	TPST1
0.00886655369915961	0.890320289454151	0.126	0.069	1	1	NAGA
0.00260845900654078	0.888102464204333	0.122	0.065	1	1	ARMH3
0.000153250239039612	0.885242810065093	0.181	0.107	1	1	PHYH
0.00190144059190812	0.885242810065093	0.181	0.104	1	1	SMYD2
0.000516592616608115	0.88502963015471	0.223	0.142	1	1	EMP1
0.0018146758156276	0.884491210651954	0.155	0.084	1	1	INO80C
0.00317619417251752	0.884491210651954	0.151	0.08	1	1	DCAF6
0.000715304486983058	0.880489280094458	0.147	0.074	1	1	PCBP3
0.000374746383642137	0.878321443411748	0.139	0.076	1	1	SRC
0.00584479791848212	0.878321443411748	0.143	0.074	1	1	PTPN3
8.77771510962308e-05	0.877571796712163	0.197	0.11	1	1	DUS2
0.000102583400289395	0.876029631903758	0.21	0.111	1	1	ENOPH1
0.00442557343103659	0.875075783908094	0.16	0.088	1	1	MORC3
0.00890936293094704	0.875075783908094	0.168	0.089	1	1	CHAF1B
0.00231615305638617	0.873206604150762	0.378	0.27	1	1	MARCKSL1
0.00018420500712279	0.872077040278258	0.282	0.172	1	1	SYNE2
0.00106896491550612	0.871028950845392	0.181	0.103	1	1	ZNF729
0.00835947308042047	0.871028950845392	0.063	0.034	1	1	NPHP1
0.000296186901591081	0.869682525137875	0.235	0.134	1	1	COG3
0.000981662554696382	0.869682525137875	0.227	0.136	1	1	PPP1R12B
0.00944833415277244	0.867343904037535	0.092	0.051	1	1	TBKBP1
0.00972732013925147	0.867343904037535	0.092	0.051	1	1	TRAPPC13
9.24500582821654e-05	0.865382387704249	0.214	0.124	1	1	ZNF644
0.00109129473074909	0.865382387704249	0.176	0.093	1	1	PHF19
0.000101729658845568	0.865382387704249	0.273	0.16	1	1	VMA21
0.000983833388238106	0.864515643886717	0.21	0.115	1	1	MAN2B1
0.000184504218092485	0.863334559055391	0.244	0.138	1	1	ATG9A
0.00777186805256504	0.86333455905539	0.088	0.049	1	1	FBH1
0.00119723193663357	0.8627328092903	0.181	0.11	1	1	GAB1
0.00392957396853104	0.8627328092903	0.193	0.108	1	1	RCN2
0.00419468349629416	0.858956118544817	0.08	0.048	1	1	POLRMT
0.00399127953445412	0.858956118544816	0.218	0.123	1	1	TMED5
0.00439041131212221	0.858956118544816	0.109	0.063	1	1	XNDC1N
0.000462697374705681	0.856953765633669	0.172	0.103	1	1	SIK2
0.00166420986950436	0.856612178076517	0.265	0.175	1	1	PARD3B
0.000945488688032607	0.856130074466053	0.248	0.146	1	1	PRSS16
0.00472389167861801	0.854155132280995	0.155	0.089	1	1	ZDHHC6
0.00911838958209782	0.853138791949503	0.126	0.071	1	1	PEAR1
0.00286565506534003	0.850432046238278	0.181	0.098	1	1	NMT2
0.00113262074710572	0.848867300921233	0.147	0.085	1	1	ZBTB44
0.00643235911093799	0.848867300921233	0.139	0.082	1	1	RBM23
0.00547880016232313	0.848308874345308	0.223	0.141	1	1	SLC3A2
0.00458239875455433	0.846598912024834	0.118	0.068	1	1	USP1
0.00542125911160765	0.84528118164774	0.189	0.109	1	1	MINPP1
0.00793338857042016	0.84528118164774	0.189	0.107	1	1	DHX57
8.78176360273365e-05	0.843014574675795	0.231	0.133	1	1	SNX1
0.00287644377958227	0.840655301801873	0.185	0.107	1	1	EAF2
0.00608931343955835	0.840310365747417	0.155	0.089	1	1	CEP250
0.00160096498606649	0.839192863723387	0.113	0.066	1	1	CCDC134
0.00038605144709994	0.838910176343058	0.282	0.173	1	1	NFAT5
0.00256752724287141	0.838197558378019	0.092	0.052	1	1	DOP1B
0.00021136197820851	0.837185495873598	0.231	0.13	1	1	NLK
0.000449311875887993	0.836501267717121	0.244	0.142	1	1	LOC138528830
0.00650629991751506	0.836501267717121	0.189	0.114	1	1	GPHN
0.00172224028703067	0.835635044310197	0.181	0.099	1	1	HAUS6
0.00198435336222558	0.835635044310197	0.168	0.098	1	1	EIF4G3
0.0016581851102715	0.835109376590449	0.113	0.063	1	1	VAMP7
0.000112454175051847	0.832960910011872	0.134	0.074	1	1	TMCO3
0.000548858446119139	0.832960910011872	0.164	0.094	1	1	TBL1X
0.00280076050488146	0.832960910011872	0.172	0.096	1	1	ZNF362
0.00285920983677612	0.831379874192391	0.147	0.082	1	1	KAT8
0.0097795045986277	0.831379874192391	0.147	0.082	1	1	SUPT3H
0.00147651928865447	0.828095154840056	0.151	0.085	1	1	XPO4
0.00305628319920482	0.828095154840056	0.151	0.08	1	1	MGAT4B
0.00558009541062985	0.828095154840056	0.143	0.084	1	1	ZNF462
0.00563357386114799	0.820988268345796	0.059	0.034	1	1	HSPBAP1
0.00565706027575048	0.820988268345796	0.122	0.065	1	1	PITPNA
0.00584479791848212	0.820988268345796	0.143	0.082	1	1	SUPT5H
0.00297798779906212	0.818767028429118	0.21	0.133	1	1	RIOK3
0.00347901343411192	0.817629256255881	0.256	0.158	1	1	SMC4
0.000581959547695341	0.817135942850189	0.256	0.15	1	1	EIF4A2
0.000137453455455894	0.816197909630609	0.303	0.172	1	1	XPO1
0.00362453157485584	0.813061352574167	0.13	0.072	1	1	DTX2
0.000579554162907341	0.81165040376646	0.252	0.15	1	1	ASXL1
0.00370050565678692	0.81165040376646	0.168	0.093	1	1	ANGEL2
0.00662844040029754	0.81165040376646	0.109	0.065	1	1	HTATIP2
0.000350521598827694	0.811150076020544	0.324	0.205	1	1	LOC138526850
0.00233820196286983	0.810738171652039	0.206	0.116	1	1	PHTF2
0.00421070583467842	0.810393153106597	0.151	0.084	1	1	TOLLIP
8.67437578247663e-05	0.809628406181248	0.328	0.196	1	1	VPS35
0.00151466739876136	0.809114168057504	0.197	0.123	1	1	GCLM
0.00739200437563503	0.809114168057504	0.202	0.12	1	1	TYMS
0.000834180801771976	0.806488698650681	0.185	0.096	1	1	MUC17
0.00720080109210467	0.806488698650681	0.168	0.102	1	1	LOC138510456
0.0002121092204949	0.80564030401236	0.466	0.332	1	1	GBP1
0.000171858209361269	0.805412462091342	0.265	0.155	1	1	NUP58
0.000544504358254381	0.805245531800049	0.21	0.119	1	1	TMTC1
0.000399061964473973	0.803981843040106	0.366	0.241	1	1	TNPO2
0.000422064259138293	0.802922083630489	0.328	0.213	1	1	ADGRA2
0.00459792683505764	0.802697119488307	0.218	0.131	1	1	RIPK2
0.000994330846483793	0.799588196744671	0.235	0.139	1	1	SP140
0.00277791667882825	0.798027119902485	0.202	0.115	1	1	PIK3C2A
0.004967792594679	0.797028369401615	0.155	0.083	1	1	AGPAT5
0.000335164119247193	0.791594483350987	0.197	0.117	1	1	FN3K
0.000560793391169045	0.791594483350987	0.21	0.121	1	1	HVCN1
0.00184590905074964	0.791381806260472	0.206	0.134	1	1	SLC38A10
0.000340113245624516	0.790764346357665	0.252	0.154	1	1	HDAC8
0.000266328238965833	0.790369033287404	0.328	0.195	1	1	WDFY1
0.00836289220995388	0.788566790653419	0.097	0.053	1	1	CCDC32
0.0073161628960876	0.788566790653419	0.273	0.177	1	1	BCAS3
0.00125048134358277	0.788566790653419	0.172	0.097	1	1	CERS3
0.00646791677855701	0.788566790653419	0.168	0.101	1	1	HPS5
0.00444595162262957	0.788566790653418	0.202	0.115	1	1	NADK
0.000131421916978082	0.786948512255036	0.336	0.194	1	1	MBOAT2
0.00016051476736846	0.785655195233516	0.214	0.124	1	1	LIMD1
0.00378212738304251	0.784843704610701	0.176	0.099	1	1	DCLK2
0.000293533192238568	0.782641956696313	0.34	0.229	1	1	UBE3A
0.00218772552372827	0.780154550837219	0.286	0.169	1	1	SERPINH1
0.0094126602119915	0.780154550837219	0.151	0.089	1	1	UFL1
0.00564379588644405	0.779521651050412	0.197	0.121	1	1	COX20
0.00385811907440484	0.777162027381169	0.214	0.125	1	1	LAMA4
0.000263540342148112	0.774779838923343	0.294	0.176	1	1	SETD1A
0.00089570547452154	0.774067220958304	0.214	0.121	1	1	FOXK1
0.00130808868674604	0.774067220958303	0.256	0.157	1	1	MFSD13A
0.000151580706706157	0.771288799221583	0.311	0.191	1	1	ATP6V0D1
0.00236306096734975	0.77086478891996	0.134	0.068	1	1	ASPM
0.0035387336112481	0.77004670268262	0.168	0.097	1	1	TTLL4
0.00412783223253711	0.77004670268262	0.172	0.103	1	1	UBE2H
0.000355536688906818	0.767549009384336	0.206	0.118	1	1	FAM135A
0.00447665581884603	0.767065721442497	0.269	0.169	1	1	UGGT1
0.00184826604562344	0.765846714153335	0.445	0.352	1	1	EPPK1
0.00243001700464308	0.765846714153335	0.197	0.115	1	1	PIK3C3
0.00630122763832416	0.765846714153335	0.143	0.079	1	1	EEF2KMT
0.00680350724276516	0.764319244406741	0.218	0.136	1	1	SERINC3
0.00081494319988186	0.757958804723022	0.227	0.132	1	1	FAM98B
0.000174362343921278	0.757794441858602	0.261	0.152	1	1	CTR9
0.0022946733022228	0.75685793092608	0.16	0.092	1	1	HERPUD2
0.00474446982707673	0.754133293589545	0.088	0.055	1	1	STX6
0.000689789734648863	0.754133293589545	0.265	0.157	1	1	BTN1A1
0.0045430345757199	0.753022673795751	0.189	0.115	1	1	CHD8
0.00256199286714899	0.752040914628304	0.105	0.059	1	1	MEX3A
0.00605079401772324	0.752040914628304	0.21	0.12	1	1	RFC1
0.00565493605180893	0.750896372687364	0.164	0.098	1	1	ODR4
0.000663348302431377	0.750383596765531	0.378	0.254	1	1	MMP2
0.00642744273284337	0.749038426466782	0.185	0.111	1	1	PIP5K1A
0.000391571151659048	0.749038426466781	0.277	0.184	1	1	CMIP
0.00764825861192063	0.749038426466781	0.122	0.07	1	1	JMY
0.00419803104951218	0.748456577279266	0.244	0.16	1	1	RAB5C
0.00974918971769373	0.748274084705385	0.193	0.118	1	1	NOMO1
0.00242747319891999	0.745187243587242	0.311	0.199	1	1	RALGPS2
0.000929350683936218	0.744712501063991	0.248	0.16	1	1	HOMER3
0.00247295675790687	0.744048123874774	0.273	0.171	1	1	ZMYM4
0.00570676847203772	0.74347890112488	0.113	0.066	1	1	GSS
0.00033455784820436	0.740900357023104	0.311	0.191	1	1	SRGAP1
0.0010528292131372	0.739851505620391	0.223	0.133	1	1	TMEM181
0.00142923443823719	0.739482010153935	0.235	0.141	1	1	MAP3K1
0.00229291891397952	0.739323271633569	0.235	0.142	1	1	ATG4B
0.00186400252627725	0.736099370759283	0.273	0.175	1	1	PPP1R15A
0.00119913668559589	0.736099370759283	0.122	0.074	1	1	SPNS1
0.0046377862325245	0.736099370759283	0.197	0.124	1	1	PTTG1IP
0.00585931324027174	0.736099370759283	0.122	0.072	1	1	RNF8
0.00745899683460387	0.736099370759283	0.214	0.15	1	1	EPB41L5
0.00651413950246308	0.736099370759283	0.172	0.109	1	1	ITPRIP
0.00985930633012135	0.736099370759283	0.071	0.043	1	1	LPIN3
0.00235555961857142	0.733525427095457	0.298	0.191	1	1	APBB1
0.00165427083210132	0.7329320916806	0.244	0.155	1	1	DERL1
0.00364134348869461	0.732423712615885	0.197	0.13	1	1	MAGT1
0.00419665859023095	0.73142288354981	0.181	0.107	1	1	KCNK6
8.64964250047207e-05	0.728486186649408	0.303	0.183	1	1	FKBP15
0.000102594422943037	0.727812759574322	0.353	0.231	1	1	ARRDC2
0.000162728903169944	0.727537357255859	0.286	0.166	1	1	HIPK1
0.00408211275150763	0.727166245989276	0.092	0.057	1	1	TUBGCP2
0.00143209476066045	0.727166245989275	0.185	0.107	1	1	PUS7
0.00180693658342425	0.726545064046034	0.176	0.106	1	1	TLE1
0.000582362412607987	0.721452594794882	0.261	0.162	1	1	RUFY3
0.00149020203362905	0.721452594794882	0.193	0.129	1	1	STAT1
0.00816445797307363	0.720332054900966	0.155	0.094	1	1	CCDC93
0.000103096356008872	0.718664777423263	0.345	0.212	1	1	ATP6V1B2
0.00431836255028173	0.715635268199568	0.206	0.145	1	1	CRTC1
0.000321025124012288	0.715635268199567	0.319	0.204	1	1	KDM2B
0.00667456270428432	0.714566209209642	0.155	0.092	1	1	CHMP1A
0.000610329394149	0.714303447157938	0.361	0.262	1	1	DPYSL3
0.00198405099065095	0.707359475318229	0.261	0.165	1	1	CHD3
0.00888585530801516	0.706953025099767	0.239	0.152	1	1	PHF14
0.00375644644063358	0.705725721715764	0.181	0.114	1	1	MAN1B1
0.0017980132033987	0.704735199849948	0.168	0.096	1	1	AHRR
9.30871821005888e-05	0.704735199849948	0.256	0.155	1	1	DGCR8
0.00501377591178138	0.703918965010133	0.21	0.136	1	1	ZFC3H1
0.000871331123213984	0.703234736853657	0.248	0.148	1	1	RARS1
0.000610231629168943	0.703059108995275	0.378	0.236	1	1	NCOR2
0.000418271615239293	0.701583489058779	0.227	0.145	1	1	NUCB1
9.83519533590871e-05	0.701333952598606	0.311	0.19	1	1	RALGAPB
0.000354958804785418	0.701333952598606	0.307	0.196	1	1	KPNA3
0.00156208583190886	0.699105163277081	0.252	0.155	1	1	AP2S1
0.00231266839716064	0.699105163277081	0.235	0.155	1	1	LMBR1
0.00853160757014735	0.69825601961461	0.168	0.103	1	1	PRKDC
0.00588193947993748	0.697964241872512	0.176	0.111	1	1	PXDC1
0.00524365105894725	0.697531714499796	0.218	0.137	1	1	PC
0.00125657981468005	0.696999551070343	0.282	0.174	1	1	LYL1
0.0069036234574438	0.695457386261937	0.193	0.118	1	1	ZNF391
0.00130303880904361	0.694076155863577	0.311	0.209	1	1	CD164
0.000354847926135881	0.693788565901319	0.286	0.168	1	1	WWTR1
0.000454476079315618	0.691890771241745	0.307	0.203	1	1	FOSB
0.000373619429024564	0.690719467255274	0.282	0.177	1	1	IGF2R
0.00357431442835629	0.690719467255274	0.286	0.181	1	1	MAN2A1
0.00258709054189212	0.690386396714515	0.261	0.17	1	1	ANKRD52
0.00905340130035407	0.689305159280342	0.147	0.092	1	1	ABCC5
0.000123751117521929	0.687637881802638	0.328	0.206	1	1	TRAPPC9
0.00381282862201316	0.687637881802638	0.164	0.115	1	1	PBX2
0.00310841359770226	0.684843712237085	0.282	0.186	1	1	ATP6AP2
0.00334285928953209	0.683484744595861	0.303	0.225	1	1	CDKAL1
0.000153403755324549	0.683150490810324	0.37	0.232	1	1	RABGAP1
0.000603475143229761	0.681887687717859	0.332	0.222	1	1	CYTH1
0.00194447327570639	0.681651586736907	0.21	0.126	1	1	UBXN4
0.00439094663359032	0.681263504679183	0.231	0.143	1	1	DICER1
0.00566113358358265	0.681263504679183	0.218	0.142	1	1	PTPN23
0.00681943721967748	0.679956292721749	0.193	0.13	1	1	NDE1
0.00304833739855128	0.679775764029668	0.214	0.152	1	1	DENND6A
0.00214446712745398	0.679632419100254	0.269	0.162	1	1	PLOD3
0.00554739102742216	0.678383872902996	0.256	0.166	1	1	PYCR1
0.00156051354215725	0.674395770734108	0.319	0.208	1	1	NT5C1B
0.00351314935649733	0.672582920009351	0.269	0.183	1	1	YTHDF2
0.00408595000851151	0.672582920009351	0.265	0.181	1	1	ADAM17
0.00257526088956969	0.67161064430757	0.265	0.173	1	1	KDM5A
0.00241884943625392	0.668985174900746	0.303	0.196	1	1	CACYBP
0.00388123221420302	0.66797664983983	0.223	0.149	1	1	CH25H
0.000654208437934756	0.667590592828993	0.189	0.116	1	1	ABCA5
0.000912777432345405	0.667443010092341	0.273	0.188	1	1	DVL1
0.000283173393817549	0.666465182922231	0.286	0.186	1	1	NEDD4L
0.00439376606116138	0.665710042867885	0.349	0.232	1	1	PARP12
0.000464208654969177	0.662181231387639	0.403	0.263	1	1	LYST
0.0019890050484071	0.661225751442638	0.231	0.15	1	1	GOSR1
0.00419315493788391	0.660811243455046	0.445	0.362	1	1	LOC138521839
0.000165402992054013	0.660811243455046	0.382	0.265	1	1	WDR26
0.00245716691025209	0.660150517525985	0.256	0.184	1	1	NFE2L2
0.00107872956981398	0.65952484565168	0.282	0.189	1	1	PPM1F
0.000726980073322145	0.658931510236823	0.21	0.129	1	1	CNOT7
0.00458950026031573	0.658931510236823	0.197	0.132	1	1	CSK
0.000179561675492068	0.65753782630211	0.332	0.229	1	1	ZFAND3
0.00528690372480276	0.657322257375166	0.105	0.071	1	1	WDR48
0.00635928244960155	0.656601450444914	0.202	0.134	1	1	CHUK
0.00273417855894211	0.6559290220753	0.181	0.116	1	1	YTHDF3
0.00621681314810548	0.6559290220753	0.176	0.107	1	1	KMT5B
0.00167080933457744	0.655505260861829	0.324	0.212	1	1	USP32
0.00194921276769722	0.655099648645796	0.319	0.219	1	1	PRP4K
0.00395075377303185	0.654338398936344	0.185	0.117	1	1	KMT2E
0.000230474638263859	0.65363721056731	0.206	0.122	1	1	CRTC2
0.00492467386289322	0.65363721056731	0.202	0.122	1	1	SART3
0.0036771360230822	0.652683362571646	0.147	0.094	1	1	SDF4
0.00190584965451414	0.650110229046316	0.328	0.219	1	1	NAV2
0.000238075476858264	0.648470463892543	0.513	0.364	1	1	CYSLTR1
0.00102569993249513	0.646547785780991	0.227	0.141	1	1	SNX14
0.00182220385957208	0.644383201667668	0.286	0.188	1	1	ACO1
0.00260385919395288	0.643289560396682	0.168	0.108	1	1	RAB3GAP1
0.00134150401097016	0.64223244729506	0.185	0.13	1	1	ZNF292
0.00129521573790541	0.641634686755791	0.223	0.143	1	1	LRPPRC
0.00210014236773517	0.641462496621208	0.206	0.135	1	1	NFKB1
0.00199283692306106	0.641079178330862	0.382	0.277	1	1	OSBPL9
0.000188263969641069	0.638837448728489	0.412	0.271	1	1	PARG
0.00184378043170735	0.636563697208369	0.332	0.211	1	1	USP14
8.85134536865908e-05	0.636563697208369	0.399	0.245	1	1	MARK2
0.000817132055469659	0.636563697208369	0.315	0.221	1	1	PUM2
0.00088535265651451	0.636563697208369	0.332	0.227	1	1	UPF1
0.000961268988154007	0.636563697208369	0.134	0.089	1	1	LOC138538430
0.00301173492706332	0.636563697208369	0.218	0.138	1	1	B3GALT5
0.00595421146087606	0.636563697208369	0.218	0.149	1	1	SYAP1
0.000183671648645476	0.636563697208368	0.433	0.32	1	1	TIMP2
0.000533252932332418	0.636563697208368	0.29	0.198	1	1	STAG2
0.000780993996931222	0.636563697208368	0.298	0.188	1	1	AP2A2
0.000353101622061951	0.634395860525659	0.395	0.277	1	1	MGAT4D
0.00153985698311154	0.634099657256888	0.374	0.254	1	1	GNAL
0.0010620979998119	0.633818320469551	0.37	0.251	1	1	GARRE1
0.000596672622931392	0.632388021237176	0.248	0.165	1	1	ZNF91
8.39016529480397e-05	0.632198504646967	0.429	0.299	1	1	TCF12
0.0053485080976283	0.631129811157741	0.206	0.134	1	1	CAB39L
0.00672960004847386	0.628786346616649	0.265	0.179	1	1	TPD52
0.000971872563580278	0.62622175298691	0.441	0.305	1	1	ATP6V1A
0.00388032434193787	0.62591645300886	0.218	0.143	1	1	FAM3C
8.80813755415322e-05	0.623951421286243	0.542	0.364	1	1	CLDN11
0.000302178570507189	0.622888760311292	0.307	0.204	1	1	ADAR
0.00224294908169522	0.622669255549988	0.374	0.259	1	1	MCC
0.00363814935297011	0.62145680481816	0.227	0.142	1	1	MROH1
0.00874016128381481	0.62145680481816	0.218	0.141	1	1	LENG8
0.00243514971702284	0.620746991745594	0.416	0.309	1	1	ARL1
0.00775545779061558	0.620622153339347	0.139	0.091	1	1	RNF157
0.0033220231013051	0.619106500131822	0.378	0.28	1	1	RRBP1
0.000441999905322452	0.618416350498109	0.294	0.199	1	1	DPM1
0.00453147320155667	0.617454874260664	0.223	0.149	1	1	NEK6
0.00732142547734669	0.617454874260664	0.223	0.152	1	1	GAK
0.000129757231748818	0.617454874260664	0.466	0.342	1	1	XPO5
0.00839621219485261	0.617454874260664	0.168	0.114	1	1	PDCD11
0.000217369924397747	0.616385815270738	0.261	0.179	1	1	EDEM1
0.00226737265461478	0.614949884102306	0.361	0.253	1	1	ZFAND5
0.000745960166686969	0.614904816078595	0.374	0.258	1	1	MCL1
0.00381182917612886	0.61453739087837	0.16	0.105	1	1	DNAJC5G
0.00474240520669744	0.612995226069964	0.324	0.214	1	1	BAG6
0.000986107873617482	0.6120413780743	0.261	0.169	1	1	KIF1C
0.00231637576256778	0.611220849093905	0.298	0.198	1	1	PAN3
0.000541788027132808	0.610568488675424	0.311	0.214	1	1	PPP1R13B
0.00472362338585508	0.609342228473345	0.172	0.108	1	1	DSTYK
0.00251714043974144	0.607994545011598	0.277	0.196	1	1	FNBP1
0.0018881014109897	0.606816353814317	0.324	0.219	1	1	TANC2
0.00206838821512311	0.605975377374945	0.214	0.138	1	1	SCAPER
0.000985029730571393	0.60485483748103	0.286	0.184	1	1	IFI44
0.00107317193962392	0.604208323895983	0.349	0.231	1	1	DIAPH1
0.00226323540151713	0.599698403456506	0.303	0.209	1	1	NF1
0.00471420852026139	0.597155312650133	0.231	0.159	1	1	UBE3C
0.00161004713451784	0.595921712711023	0.282	0.184	1	1	WAPL
0.00668386526194851	0.594217406498774	0.332	0.229	1	1	CBX5
0.00398502752211858	0.593727499298111	0.286	0.186	1	1	AKIRIN1
0.00803676617897538	0.591709461424108	0.227	0.145	1	1	LMBRD1
0.00150952863147173	0.590104386115709	0.21	0.138	1	1	PLD2
0.000480721809970947	0.58891832497326	0.378	0.308	1	1	SLC38A2
0.00725807672272061	0.588542182345425	0.239	0.163	1	1	DDHD1
0.00606087915141044	0.588380163698404	0.193	0.141	1	1	WASHC2C
0.00215603881000209	0.587397640404484	0.273	0.189	1	1	KDM3B
0.0048254639953952	0.58704356136457	0.235	0.164	1	1	MAF1
0.00029149384930717	0.586523014708773	0.315	0.21	1	1	ERI3
0.0019562552139693	0.586073926754676	0.261	0.182	1	1	SEMA6A
0.00117402829627817	0.585033396568287	0.248	0.161	1	1	G6PD
0.00528848407003381	0.582624890097565	0.172	0.116	1	1	MPV17L2
0.00391707053547919	0.58177122436799	0.252	0.161	1	1	MARCHF7
0.000169388321354449	0.581771224367989	0.399	0.264	1	1	MICAL3
0.00490792951569671	0.579980168842001	0.139	0.094	1	1	USP33
0.000375156203445082	0.578903128821177	0.366	0.263	1	1	SPIN1
0.00113302326047225	0.578219710977564	0.248	0.165	1	1	PLAA
0.00125443252978787	0.577981975945158	0.399	0.274	1	1	RPN2
0.00150907636154121	0.577887789880761	0.218	0.139	1	1	PPP2R1A
0.00113959277416384	0.577297747788681	0.42	0.286	1	1	CD151
0.00387647985863142	0.576022155273318	0.294	0.209	1	1	C5PH6orf62
0.00771427448715991	0.576022155273318	0.105	0.074	1	1	SLC2A13
0.000101017489255379	0.572838099597981	0.475	0.356	1	1	SELENOF
0.00143905760067039	0.572309155489072	0.353	0.236	1	1	ARID2
0.00702464197144597	0.572213285798311	0.202	0.144	1	1	RNF145
0.0054514832331589	0.571468668986484	0.357	0.252	1	1	CHD9
0.000487629484634882	0.571272236956649	0.487	0.385	1	1	ODC1
0.00739200437563503	0.569926504178079	0.202	0.139	1	1	UBE4B
0.000121808440158491	0.569850027460369	0.45	0.315	1	1	NDFIP1
0.00986300133595899	0.569449501349832	0.244	0.162	1	1	YIPF5
0.000303678724049534	0.568032315537553	0.261	0.194	1	1	UBL3
0.00112009232673777	0.568032315537553	0.366	0.252	1	1	ATF5
0.00290675528467374	0.566982828313128	0.29	0.21	1	1	HDAC4
0.00611839780154267	0.566174369316971	0.265	0.187	1	1	CNOT3
0.00253626318561227	0.566174369316971	0.282	0.198	1	1	FARP2
0.00883570710236191	0.566174369316971	0.126	0.084	1	1	FRS2
0.00319551179597721	0.565010436183335	0.227	0.156	1	1	HERC2
0.00388202871616119	0.565010436183335	0.218	0.157	1	1	DHX38
0.00305426771533926	0.563353850254592	0.29	0.198	1	1	CCDC6
0.003348290921675	0.563353850254592	0.277	0.195	1	1	EWSR1
0.00104580478910105	0.563190510878149	0.408	0.312	1	1	HOOK3
0.00082191864667921	0.561601639527147	0.408	0.296	1	1	PRRC2A
0.000368286975863698	0.560668848169086	0.441	0.314	1	1	PRKAA1
0.00144802356264402	0.560460718122577	0.361	0.245	1	1	FIP1L1
0.00653342223078217	0.559942415605456	0.176	0.116	1	1	PLEKHO2
0.0083311511818697	0.559942415605456	0.319	0.226	1	1	DNAJB6
0.000913062070426389	0.559942415605456	0.239	0.164	1	1	MAP4K3
0.00508305327477904	0.559221608675204	0.252	0.174	1	1	TTC17
0.0006179189258317	0.558561185207095	0.441	0.324	1	1	MACROH2A2
0.000117402185187057	0.557953862512002	0.353	0.249	1	1	TSPAN3
0.00488802414966991	0.556975432470506	0.248	0.168	1	1	ZNF25
0.00116073942445969	0.556393348524385	0.298	0.221	1	1	AGFG1
0.00459699082888858	0.556393348524385	0.21	0.147	1	1	CUL4B
0.00566812466815268	0.554769606044721	0.189	0.131	1	1	SRP68
0.00579502082981297	0.553235313609473	0.143	0.098	1	1	RBCK1
0.00215636026727985	0.552852990819137	0.273	0.19	1	1	HERC1
0.00754613803860575	0.551866532633087	0.16	0.117	1	1	PBDC1
0.000198254528008509	0.551637497064915	0.555	0.427	1	1	LYVE1
0.000264056801061957	0.550614084389753	0.361	0.246	1	1	ECPAS
0.000136270989643571	0.548996731600084	0.5	0.36	1	1	USP9X
0.000913533833703657	0.548472367583512	0.647	0.533	1	1	ZFP36L2
0.000336590501288611	0.548403508788621	0.294	0.194	1	1	ZNF420
0.00803000700371954	0.547296359111281	0.189	0.126	1	1	NDST1
0.000207425616012027	0.547296359111281	0.437	0.304	1	1	NCOA2
0.000429155017533128	0.547216211613086	0.475	0.345	1	1	LIMA1
0.00267574974572872	0.543454292816887	0.332	0.246	1	1	PLSCR1
0.00276444168405943	0.543454292816887	0.332	0.225	1	1	SBF1
0.00167927427737814	0.54108338835414	0.294	0.201	1	1	CAND1
0.00833901680523816	0.54108338835414	0.273	0.2	1	1	DENND2C
0.00953449772403137	0.540986037226137	0.269	0.198	1	1	SCCPDH
0.00201738223241946	0.538383303269465	0.252	0.189	1	1	RBBP6
0.00484912460649067	0.534892279313463	0.248	0.168	1	1	LAMTOR3
0.00882055720457643	0.534684083189155	0.307	0.216	1	1	ARL6IP5
0.000104611262065766	0.53335841508138	0.332	0.222	1	1	SSH2
0.00742507880263309	0.5328850511067	0.197	0.135	1	1	ATG13
0.000148154538061058	0.532227037393633	0.395	0.272	1	1	LOC138472955
9.64846360337133e-05	0.53208547873769	0.609	0.465	1	1	CST3
0.000140854968166612	0.530810083564664	0.458	0.335	1	1	SNX2
0.00673938851639006	0.530630252459303	0.303	0.223	1	1	FOXK2
0.00989975613583224	0.527562920046996	0.298	0.211	1	1	CHMP3
0.00304486800429684	0.527152480487787	0.345	0.24	1	1	ROCK1
0.00339734009730697	0.526380779457945	0.416	0.311	1	1	PSMD14
0.00788113330487075	0.525532384819625	0.164	0.109	1	1	STX7
0.00629685945761936	0.524260727583576	0.277	0.208	1	1	HDAC5
0.000920175038261292	0.521558797697673	0.5	0.424	1	1	PDIA6
0.00236561196489271	0.51791920070975	0.311	0.227	1	1	RASA1
0.00161079062083193	0.515781874332332	0.269	0.191	1	1	HAPSTR1
0.00975409651203351	0.515257400986235	0.231	0.159	1	1	TSG101
0.00985496837505602	0.511808666200422	0.231	0.164	1	1	ARMC8
0.00574528887797805	0.511539112740125	0.303	0.214	1	1	PIM1
0.0013774693856337	0.51103281512451	0.387	0.261	1	1	MYCBP2
0.00943475203654078	0.509184390732141	0.202	0.136	1	1	LACTB
0.0051458045513081	0.508458871460683	0.378	0.285	1	1	WWC3
0.00386411424577654	0.507030884567013	0.433	0.337	1	1	EIF4B
0.00642132077257445	0.506795822238039	0.265	0.176	1	1	NCOA1
0.00163526692558568	0.501490999713196	0.513	0.428	1	1	NPR1
0.00607315220750129	0.501362959327854	0.391	0.288	1	1	ACTN4
0.00460285361386289	0.500385570925001	0.345	0.255	1	1	SMARCA2
0.00739165792496962	0.495701161368519	0.29	0.209	1	1	WTAP
0.00944622942794904	0.49326853564867	0.391	0.292	1	1	ZNF850
0.00907523568260519	0.491710717722889	0.319	0.234	1	1	SETD2
0.00880165393811961	0.490712830744914	0.193	0.124	1	1	MFGE8
0.00581504952864145	0.490342956357324	0.227	0.163	1	1	DGKD
0.00265727685489568	0.489587420838151	0.265	0.186	1	1	SRRM1
0.00232544961255871	0.4894953094229	0.294	0.211	1	1	MIA3
0.00376096089226534	0.487186073170142	0.172	0.124	1	1	ERAP1
0.00162290325580528	0.482622148596457	0.315	0.245	1	1	RAPGEF5
0.000617648353291206	0.482276954626599	0.332	0.244	1	1	LARP4B
0.00808610101525438	0.482053748152744	0.265	0.188	1	1	CERT1
0.00234313444286824	0.480189399358871	0.475	0.364	1	1	LOC138566687
0.00915180652656361	0.477686522665867	0.252	0.177	1	1	PRKD2
0.00516789466209428	0.477365102359115	0.324	0.237	1	1	ZNF407
0.00245371505070553	0.476622784338678	0.349	0.236	1	1	ATP6V1E1
0.00226637675924582	0.475827867220717	0.395	0.291	1	1	YLPM1
0.00042416737734076	0.474223290994048	0.706	0.623	1	1	APP
0.0057688975685014	0.473064964925489	0.336	0.242	1	1	WIZ
0.00255040484570526	0.469106951356806	0.298	0.21	1	1	UBAP2L
0.00421816802171804	0.466095410110647	0.223	0.148	1	1	TDRD7
0.000741902609897344	0.462681669111357	0.332	0.237	1	1	ATXN2
0.00192185445653836	0.461445881658656	0.63	0.543	1	1	TMED2
0.00976931728041214	0.461372640352529	0.303	0.224	1	1	FRMD8
0.00243086502717068	0.460464928145856	0.227	0.157	1	1	TKT
0.00728319728184404	0.458565395230374	0.336	0.259	1	1	ANKRD10
0.00228080081162854	0.458418188961088	0.261	0.192	1	1	USP11
0.00537400832076975	0.454260563487432	0.189	0.135	1	1	VTI1A
0.000922185055803574	0.453256483845309	0.105	0.037	1	1	LOC138528541
0.000903703040977642	0.452600862365774	0.374	0.275	1	1	SNX3
0.00795441248418306	0.451008044052292	0.357	0.27	1	1	PRKACA
0.000128657450352072	0.450491273189459	0.303	0.204	1	1	KDM4B
0.000556245351683572	0.449478144607873	0.214	0.148	1	1	NCSTN
0.00707334745233034	0.449478144607873	0.324	0.242	1	1	HP1BP3
0.00118419684705552	0.448735635563749	0.378	0.278	1	1	MICU2
0.00159943412737181	0.447529872818352	0.529	0.437	1	1	PPP1CB
0.00505052480988338	0.44567907713041	0.298	0.223	1	1	GIGYF1
0.000249201043379932	0.44491392461134	0.5	0.356	1	1	PSPC1
0.00381078372085673	0.44456862830643	0.403	0.293	1	1	CTTN
0.00647684944034029	0.442902994415237	0.277	0.192	1	1	PKN2
0.00438313267110659	0.441618281216744	0.559	0.452	1	1	CAPRIN1
0.000438113743542127	0.441273898010409	0.395	0.279	1	1	UBR2
0.0020524250978006	0.439117633002151	0.269	0.204	1	1	PELI1
0.00407671716985828	0.43765962879429	0.307	0.25	1	1	PDE8A
0.00416326964492956	0.434115444235614	0.487	0.376	1	1	CLTC
0.00739174959991518	0.433400747351973	0.134	0.093	1	1	IL1B
0.00824196647806991	0.432422980428143	0.286	0.208	1	1	ITSN2
0.00509875771395219	0.432205198702182	0.328	0.237	1	1	MAP4
0.00277097344267584	0.42941531202378	0.546	0.452	1	1	EIF5
0.000231715941504234	0.42209819164355	0.634	0.533	1	1	SOCS3
0.00441215712596662	0.420526770911744	0.391	0.284	1	1	PPP4R1
0.00234263807741197	0.419126157814685	0.462	0.349	1	1	HLA-A
0.00999745139158132	0.417923410733028	0.206	0.147	1	1	MPRIP
0.00741369556917396	0.417345523667064	0.298	0.218	1	1	AP1S2
0.000181936989330552	0.416726980775677	0.588	0.469	1	1	DYNC1H1
0.005057428235378	0.413812886839923	0.58	0.509	1	1	ARHGDIA
0.00957343838059507	0.410366059554946	0.412	0.318	1	1	ITM2B
0.00371904681940443	0.409153201105296	0.403	0.317	1	1	ROCK2
0.000238972306633219	0.406506613820848	0.395	0.261	1	1	ARHGAP27
0.00438826481682997	0.404226088597491	0.345	0.253	1	1	ZSWIM8
0.000710758763088568	0.395483770015884	0.714	0.588	1	1	IFITM1
0.0027633684981756	0.394824069737803	0.349	0.253	1	1	NFIA
0.000755365068552173	0.393446018949692	0.731	0.665	1	1	CSTB
0.00934439272162218	0.391907820689429	0.298	0.225	1	1	ZMYND8
0.00474440490531559	0.388176067338976	0.429	0.302	1	1	CYLD
0.00458623725661	0.387743150594276	0.134	0.093	1	1	SDC4
0.00903006835325992	0.38560212367515	0.298	0.208	1	1	DOCK4
0.00075332739045742	0.382142421679283	0.517	0.404	1	1	MYOF
0.00435227303360826	0.373529291374575	0.248	0.186	1	1	SENP6
0.00595263951090404	0.373529291374575	0.172	0.125	1	1	ZBTB33
0.00355244772519924	0.371251950663509	0.559	0.475	1	1	GDPD5
0.000580618661330626	0.368232562007237	0.857	0.792	1	1	ND1
0.00760675955102644	0.360413791584317	0.277	0.21	1	1	HUWE1
0.00933309013877228	0.360323752575307	0.45	0.347	1	1	MAP4K4
0.00557123876461879	0.351834220275256	0.391	0.318	1	1	NIPBL
0.00611035364257974	0.344770298393151	0.475	0.385	1	1	NAA50
0.00163286264486907	0.319758034933594	0.517	0.413	1	1	CAPN1
0.0022243848058279	0.313586750918293	0.21	0.158	1	1	COBLL1
0.000620218892716091	0.307195985949657	0.773	0.662	1	1	LOC138504630
0.0046052601703367	0.302350527052595	0.441	0.345	1	1	APC
0.00170032487175054	0.298450174580068	0.567	0.472	1	1	SGK1
0.00146087991250679	0.258052073954639	0.954	0.942	1	1	S100A10
0.00711009072702421	0.255473529852862	0.441	0.334	1	1	PPP1R12A
0.00555238545948101	0.250930836498314	0.731	0.681	1	1	PFN2
0.0016418815717305	0.250146875869293	0.395	0.298	1	1	WNK1
0.00303107132468464	0.247757739502704	0.731	0.635	1	1	PCDHGC3
9.27612859099658e-05	0.235777860580317	1	0.987	1	1	ATP6
0.00813587139567117	0.235082521405431	0.475	0.39	1	1	VWA5A
0.00260716185671387	0.233894755359943	0.798	0.705	1	1	NONO
0.00379399813391812	0.155571313692782	0.954	0.933	1	1	S100G
0.000593517433777023	0.140311805026134	0.941	0.834	1	1	KRT5
0.00196532976952749	-0.205206634981694	0.559	0.675	1	1	ATP5MF
0.00992735892026766	-0.218057599657833	0.475	0.569	1	1	ZNF706
0.000178587546066986	-0.228196209727844	0.992	0.975	1	1	RPS15A
0.00465974921706703	-0.23630787798561	0.744	0.772	1	1	TUBB4A
0.00138231755553703	-0.238392382898003	0.92	0.933	1	1	HNRNPA3
0.00796311275153352	-0.24490791389767	0.866	0.931	1	1	HMGB2
0.00591272859306318	-0.257957489874686	0.639	0.723	1	1	MYH9
0.00163656252283279	-0.263548881088081	0.983	0.966	1	1	CFL2
0.00208630107188212	-0.273238493820053	0.592	0.675	1	1	EIF2S2
0.00202681121605251	-0.27794840372635	0.777	0.87	1	1	EIF5A2
0.00196438704285648	-0.296008375271341	0.845	0.865	1	1	PFN1
0.00749324860583259	-0.296958917820013	0.458	0.547	1	1	FKBP1A
0.00454461998807797	-0.301773282907827	0.601	0.682	1	1	ATP5MK
0.000368261845912076	-0.308251073580901	0.895	0.939	1	1	LGALS4
0.000112269866997271	-0.316701541806475	0.937	0.943	1	1	RPL19
0.000404701246284023	-0.320416978959735	0.878	0.914	1	1	MYL6P1
0.00119478149611221	-0.329523667301501	0.773	0.851	1	1	NACA
0.000556424474648264	-0.338148813353628	0.836	0.874	1	1	RPL22
0.000166785687867555	-0.344375568877144	0.861	0.911	1	1	RPS21
0.00697282602562276	-0.346261158983499	0.248	0.339	1	1	TTN
0.000732494074155263	-0.349953073428009	0.815	0.848	1	1	CALM1
0.00059768651358935	-0.352195589329479	0.718	0.794	1	1	ANXA5
0.000601737921040274	-0.361665037939439	0.483	0.581	1	1	SNRPB
0.00817256336616981	-0.363436302791631	0.042	0.092	1	1	LOC138487739
0.0083606420360511	-0.365047352697617	0.504	0.596	1	1	RPL5
0.000455349394312642	-0.368143305469159	0.643	0.744	1	1	SNRPF
0.000180714075935691	-0.381980840396283	0.811	0.868	1	1	RPL37A
0.000120773002579341	-0.393153754753245	0.718	0.805	1	1	RPL22L1
0.000205566212118072	-0.394169430331239	0.748	0.818	1	1	RPL23A
0.00471424962105139	-0.397383634714969	0.311	0.381	1	1	TCP1
0.00667922803867297	-0.411672488444479	0.34	0.406	1	1	PLXND1
0.000428535169683904	-0.421225593903396	0.601	0.682	1	1	NPM1
0.000898841501035835	-0.42361181782103	0.332	0.456	1	1	FLNB
0.00298145945569875	-0.424768146056162	0.45	0.543	1	1	POMP
0.00259088255353636	-0.44163103317183	0.492	0.6	1	1	VDAC2
0.00533547293518027	-0.442606516225239	0.286	0.376	1	1	NDUFB3
8.97037775381952e-05	-0.447078480087075	0.622	0.715	1	1	COX6A1
0.0035909214725693	-0.461248326148401	0.441	0.548	1	1	ARPC2
0.000462464896216679	-0.475209551448149	0.55	0.68	1	1	RPL4
0.00375955863758528	-0.494300629178531	0.353	0.442	1	1	PGAM1
0.000573922815854324	-0.500939826541566	0.202	0.29	1	1	MICOS13
0.00819343821652795	-0.519230975399055	0.164	0.256	1	1	LOC138472551
0.0029915222528318	-0.525943832671461	0.332	0.455	1	1	GLRX
0.00447346694037569	-0.541414938672653	0.559	0.639	1	1	STMN1
0.000591038645877079	-0.549194995148787	0.454	0.573	1	1	ENO1
0.00336434941778532	-0.564314232562856	0.298	0.404	1	1	MYO1C
0.000469199949271275	-0.57400328873129	0.181	0.281	1	1	INPPL1
0.00736088148116032	-0.577926856667388	0.366	0.485	1	1	SLC2A1
0.00524608458887455	-0.582076589266972	0.21	0.291	1	1	NKAIN1
0.0036846641729698	-0.585828724128079	0.139	0.215	1	1	EBF1
0.00146872259487832	-0.596097059581906	0.286	0.394	1	1	PDE2A
0.0019117753659014	-0.599928921172933	0.235	0.346	1	1	ATP5PB
0.000515749740290027	-0.599998497264234	0.378	0.496	1	1	ATP5PD
0.001855741120388	-0.614975069787596	0.239	0.344	1	1	BLOC1S1
0.000166574711558812	-0.637359024768161	0.462	0.602	1	1	CD81
0.00913908805906963	-0.641421050091397	0.181	0.262	1	1	MOB2
0.000460075967392555	-0.64637026606313	0.298	0.434	1	1	TOMM20
0.00760226225010032	-0.653951445047532	0.097	0.161	1	1	PLEKHH3
0.000733403942808671	-0.654485084795022	0.189	0.281	1	1	PALM2AKAP2
0.000850125372389483	-0.655039860822196	0.168	0.288	1	1	AOPEP
0.00108035086356588	-0.668596184298102	0.168	0.263	1	1	BAIAP2
0.000159330275811678	-0.686413249081707	0.193	0.314	1	1	NMRK2
0.00379536022860482	-0.687670865062163	0.206	0.297	1	1	PPP1R18
0.0063166588802755	-0.692871934347935	0.164	0.266	1	1	MYO18A
0.000149375600131004	-0.693909506812003	0.324	0.478	1	1	FLNA
0.00728737612607331	-0.70632401631464	0.147	0.24	1	1	TNK2
0.000128276019473375	-0.711755896570395	0.361	0.501	1	1	EHD2
0.0045640581200994	-0.716668517597003	0.126	0.202	1	1	SHKBP1
0.00126529073003201	-0.717969063110921	0.109	0.186	1	1	MRPL51
0.00426285832618704	-0.725324095551711	0.181	0.282	1	1	NDUFB4
0.00118569116034444	-0.740065740467385	0.223	0.316	1	1	ICAM5
0.00326805141601452	-0.741947926045361	0.118	0.212	1	1	HYCC1
0.00010927461489714	-0.743827659263584	0.214	0.344	1	1	IQGAP1
0.00015623665605605	-0.745642409603103	0.218	0.342	1	1	KLF7
0.00853551180465017	-0.757715241903678	0.353	0.449	1	1	GPX1
0.00018368754075851	-0.766704025130932	0.458	0.566	1	1	TUBA1B
0.00147803602998028	-0.767038907008192	0.164	0.268	1	1	CYR61
0.00652812195053711	-0.769428662467468	0.113	0.2	1	1	GYPC
0.00455085417445835	-0.770061562254275	0.16	0.258	1	1	PMEPA1
0.000871933442125243	-0.77232157508888	0.319	0.446	1	1	PKM
0.000686697563164847	-0.778473802070475	0.105	0.197	1	1	GPR4
0.00671255721329949	-0.778473802070475	0.134	0.211	1	1	HSPA12B
0.000146063941423928	-0.782265381232849	0.206	0.338	1	1	HPSE
0.00106411479882969	-0.798937904630191	0.151	0.248	1	1	LOC138550342
0.0014422633338392	-0.805579032233073	0.214	0.349	1	1	SEPTIN6
0.00129857719165376	-0.806323584997348	0.193	0.303	1	1	ITIH5
0.000548382865926192	-0.808221145464527	0.143	0.226	1	1	PLCL2
0.000237292760457702	-0.808411086224579	0.105	0.205	1	1	UVRAG
0.00276017515588882	-0.809062121903898	0.08	0.147	1	1	LSM1
0.000325669954304458	-0.809692532681196	0.118	0.223	1	1	PSMD7
0.00921567859229191	-0.814097711801196	0.092	0.168	1	1	MYO1A
0.00475578467974208	-0.824410086237334	0.067	0.123	1	1	PRKRIP1
0.000861242073661171	-0.826610323114745	0.214	0.333	1	1	PAM
0.00955282376111453	-0.848863129961873	0.071	0.145	1	1	NCCRP1
0.000351838787922702	-0.848863129961873	0.147	0.243	1	1	ETS2
0.00353147867586328	-0.848863129961873	0.122	0.218	1	1	EPB41
0.00090197344901345	-0.854912174634678	0.13	0.227	1	1	SCRIB
0.00294173530865953	-0.858881885786864	0.164	0.23	1	1	STIM1
0.000513836166246165	-0.8591314654157	0.071	0.144	1	1	PLXNA1
0.00778711303564232	-0.86747880812922	0.122	0.211	1	1	INPP5A
0.0076506003210732	-0.876084598696897	0.059	0.106	1	1	RASSF2
0.00025007221993457	-0.883326539530095	0.235	0.382	1	1	SSBP3
0.00283601787329314	-0.921213974186557	0.101	0.19	1	1	MRPS18C
0.00032542455352191	-0.921926592151596	0.122	0.226	1	1	S100A16
0.00791877913299813	-0.948398803512788	0.088	0.155	1	1	SNX25
0.00862464684312862	-0.974394012045732	0.042	0.086	1	1	GPATCH2
0.00615840304316869	-0.977943079126803	0.105	0.206	1	1	BMPR2
0.00169412739810687	-0.990109055397625	0.097	0.186	1	1	PLEKHG1
0.000902938833756466	-0.992598607423322	0.059	0.121	1	1	BTBD6
0.00815655498820796	-1.01551299937132	0.055	0.115	1	1	FBP1
0.0070114851971651	-1.02133032596664	0.034	0.076	1	1	DNTTIP2
0.00403092243020258	-1.03246306830126	0.067	0.141	1	1	SLC8A1
0.00048574522843747	-1.04150820790427	0.05	0.109	1	1	ARHGAP22
0.00488647392201734	-1.06387602093272	0.063	0.133	1	1	RCN1
0.00567880467246332	-1.07713211763499	0.055	0.125	1	1	ERF
0.00850414978226972	-1.08590232726272	0.029	0.069	1	1	SSH3
0.00713673772125358	-1.08987122946567	0.038	0.089	1	1	NT5DC2
0.00493320075220009	-1.12397036809624	0.063	0.141	1	1	LDLR
0.000199383825790604	-1.12397036809624	0.13	0.264	1	1	CASKIN2
0.000143054953370952	-1.13772352316357	0.113	0.222	1	1	SMOX
0.00358897513911752	-1.13836974715686	0.029	0.081	1	1	LRP5
0.00444567801719752	-1.13836974715686	0.034	0.082	1	1	SLC39A9
0.000912236126752835	-1.1569854253242	0.071	0.15	1	1	LOC138471647
0.00895440379297073	-1.15698542532421	0.029	0.081	1	1	SIGMAR1
0.000379813669677894	-1.15950541730272	0.088	0.186	1	1	TDRP
0.000762356145703608	-1.16349873228288	0.067	0.143	1	1	PRAG1
0.000375510671021763	-1.16620395535358	0.067	0.154	1	1	ABCG2
8.40865048208975e-05	-1.16761697705409	0.088	0.213	1	1	GAB2
0.004059923883723	-1.1790117316542	0.059	0.133	1	1	HRAS
0.00611660775088055	-1.18105956030306	0.059	0.136	1	1	ARHGAP40
0.00142047389558291	-1.1871856630999	0.071	0.172	1	1	KIAA1671
0.00548096192162683	-1.19351130134932	0.034	0.082	1	1	ATP11A
0.000523863239629839	-1.19608524501314	0.076	0.179	1	1	NUMBL
0.00752436923763469	-1.21143320934658	0.055	0.123	1	1	INKA1
0.00241062787042544	-1.21143320934658	0.063	0.171	1	1	CDC42EP3
0.00843078184687167	-1.21143320934658	0.029	0.071	1	1	INSIG1
0.00253375914415226	-1.23133276678429	0.063	0.141	1	1	TSPAN2
0.000419079428298767	-1.23944758551618	0.067	0.154	1	1	ARHGAP29
0.00204773711740439	-1.24164782239359	0.08	0.177	1	1	RIN1
0.00422743157318853	-1.2479590853717	0.05	0.116	1	1	LMO7
0.00287077609242875	-1.25096157353322	0.046	0.112	1	1	PRKAG2
0.00466092601570182	-1.25096157353322	0.042	0.104	1	1	NFATC1
0.000162078105183543	-1.25652109887512	0.113	0.232	1	1	B4GALT1
0.00523766984375429	-1.28358299510242	0.05	0.119	1	1	TGFBR3
0.00085628738003591	-1.28943572134785	0.063	0.156	1	1	FAM110D
0.0028607442016077	-1.28943572134785	0.059	0.141	1	1	PIK3R6
0.0027990855609568	-1.28943572134785	0.046	0.112	1	1	PGBD5
0.00054369956341472	-1.32036758089975	0.067	0.168	1	1	JAM2
0.00545735284645754	-1.32354357566812	0.042	0.105	1	1	CERK
0.00658074715474861	-1.32691042676652	0.029	0.074	1	1	COL12A1
0.000450217723803985	-1.3440709779247	0.059	0.145	1	1	EFCAB14
0.00663896744753418	-1.34528895608137	0.029	0.081	1	1	MYO1D
0.00424987134766309	-1.34636278943269	0.067	0.144	1	1	GRK3
0.00658072726542686	-1.36343630279163	0.029	0.079	1	1	NEDD9
0.00702873900208025	-1.3777915957687	0.038	0.105	1	1	MAP1B
0.000451147465410431	-1.40715768022095	0.05	0.135	1	1	ITGB4
0.000151343355549739	-1.47149604864908	0.071	0.182	1	1	THSD1
0.00146043340771637	-1.48896718487549	0.038	0.12	1	1	TMEM63B
0.0064325698205172	-1.50093982654157	0.008	0.035	1	1	VAV1
0.00010456318919197	-1.51062237993891	0.109	0.252	1	1	RBPMS
0.00221236951102028	-1.53549704857793	0.059	0.146	1	1	TMEM100
0.000444663935299799	-1.55457779014364	0.046	0.135	1	1	DBNDD2
0.00687791757167657	-1.55808373364518	0.034	0.107	1	1	ENC1
0.00370640814367603	-1.56507016396128	0.021	0.07	1	1	PCYT1B
0.00396987616610682	-1.56507016396128	0.008	0.049	1	1	PTMS
0.00224108732562192	-1.57756110814448	0.038	0.121	1	1	TBL2
0.000132583467672623	-1.57947322908826	0.046	0.136	1	1	HHIP
0.00837412970684508	-1.58582872412808	0.008	0.036	1	1	TRAIP
0.000213081290941065	-1.61843338956001	0.055	0.159	1	1	DMD
0.0078272028216455	-1.65621805201948	0.013	0.052	1	1	SLC2A4
0.00193292242398215	-1.66041804054876	0.025	0.089	1	1	ZEB2
0.00329212267408991	-1.67377642340378	0.017	0.066	1	1	SMIM13
0.000317045753589575	-1.67709678169539	0.021	0.088	1	1	KLF17
0.000643125722227075	-1.70826479978907	0.038	0.116	1	1	NHS
0.0060034823981929	-1.76942866246747	0.013	0.054	1	1	OCLN
0.00973015987716826	-1.79639571006774	0.021	0.081	1	1	BAMBI
0.00874459275025277	-1.82810456979508	0.017	0.067	1	1	JUP
0.000543214569610216	-1.84886312996187	0.017	0.071	1	1	CYP2C9
0.00421056770124293	-1.84886312996187	0.017	0.07	1	1	DCHS2
0.00468610609153228	-1.84886312996187	0.013	0.058	1	1	NBEAL2
0.0064325698205172	-1.84886312996187	0.008	0.044	1	1	KIT
0.00156061727301881	-1.87439822206901	0.029	0.102	1	1	UCK2
0.000132900369149132	-1.88699825884864	0.029	0.111	1	1	REPS2
0.000359134548860095	-1.88699825884864	0.029	0.112	1	1	ISYNA1
0.000700105290722797	-1.90940467189692	0.017	0.075	1	1	TRIM16
0.00837412970684508	-1.94839880351279	0.008	0.043	1	1	KCNN4
0.00641132775503925	-1.98010766324013	0.008	0.046	1	1	PPARGC1B
0.00968923103638185	-1.99570451829114	0.013	0.042	1	1	TRBC1
0.00221381288331949	-2.01113455886075	0.008	0.044	1	1	IGFBP4
0.00221381144055593	-2.04150820790427	0.008	0.049	1	1	FHOD3
0.00246583317105114	-2.05943011590153	0.017	0.072	1	1	NTF4
0.00629370375018245	-2.08590232726272	0.004	0.034	1	1	LOC138521639
0.000170788802276115	-2.11475718993491	0.021	0.098	1	1	PRDM1
0.00222861005862647	-2.12897104915461	0.008	0.052	1	1	SMAD7
0.000760826132752992	-2.15698542532421	0.008	0.049	1	1	ADAMTS6
0.0037522361654199	-2.18446616174631	0.008	0.053	1	1	PIK3AP1
0.00150769860617837	-2.2273747532156	0.017	0.074	1	1	MEGF11
0.00278291065498361	-2.25096157353322	0.004	0.036	1	1	PPP1R9A
0.0047971075499107	-2.25096157353322	0.004	0.038	1	1	NOS2
0.00013443251062632	-2.2767246695983	0.021	0.106	1	1	PBXIP1
0.000959941443977969	-2.28943572134785	0.021	0.079	1	1	GRIN2A
0.00629370375018245	-2.32691042676652	0.004	0.04	1	1	DAAM2
0.0022212209670181	-2.387283044746	0.008	0.058	1	1	PLCL1
0.00366334397588611	-2.39906021252235	0.004	0.042	1	1	C4QH1orf115
0.00025800349811617	-2.41654763925119	0.013	0.083	1	1	VWA1
0.00699528055849797	-2.43382563068303	0	0.022	1	1	RAB39B
0.00212161587967089	-2.46777296260637	0.004	0.041	1	1	LOC138452803
0.000583702758159732	-2.47891352021157	0.008	0.068	1	1	CHD5
0.000197509621661913	-2.484451703753	0.013	0.083	1	1	COL13A1
0.00222861005862647	-2.50093982654157	0.008	0.068	1	1	KCNJ2
0.00625943056972381	-2.50093982654157	0.004	0.036	1	1	PRDM16
0.00629370375018245	-2.50093982654157	0.004	0.043	1	1	SLC6A9
0.000317412111306901	-2.56507016396128	0.004	0.049	1	1	LOC138527279
0.00922062613512461	-2.56507016396128	0	0.024	1	1	PHGDH
0.00477982354376745	-2.62647070862543	0.004	0.046	1	1	KCNK5
0.00699528055849797	-2.68536439767899	0	0.026	1	1	SAMD11
0.0047971075499107	-2.71393354987576	0.004	0.05	1	1	APCDD1
0.00531167974285677	-2.74194792604536	0	0.027	1	1	LOC138481711
0.00922147825681656	-2.74194792604536	0	0.026	1	1	NOXA1
0.00010633187305408	-2.89948920303184	0.004	0.059	1	1	STARD13
0.00531167974285677	-2.89948920303184	0	0.029	1	1	VOPP1
0.00699528055849797	-2.89948920303184	0	0.03	1	1	PLEK2
0.000114946118051797	-2.93227913814951	0.008	0.085	1	1	ITGA1
0.00699666105465061	-2.94839880351279	0	0.027	1	1	FAM229A
0.00531167974285677	-2.99570451829114	0	0.032	1	1	SEMA4F
0.00306910285760482	-3.04150820790427	0	0.03	1	1	BANK1
0.00283912034641136	-3.10040189695784	0.008	0.063	1	1	SCIN
0.000316904042052835	-3.10759739836204	0.004	0.066	1	1	IGFBP6
0.00531232298047854	-3.12897104915461	0	0.032	1	1	HRH2
0.000717247500226774	-3.12897104915461	0.004	0.064	1	1	PALMD
0.00531167974285677	-3.17079122484924	0	0.035	1	1	KCNMB2
0.000106172966027601	-3.19125532740895	0.004	0.074	1	1	EDNRA
0.00403613881991224	-3.21143320934658	0	0.036	1	1	SMIM3
0.000596178606909553	-3.28943572134785	0	0.04	1	1	SLC51A
0.00135158245922919	-3.28943572134785	0	0.039	1	1	TMEM150C
0.00403669150895432	-3.28943572134785	0	0.039	1	1	CMTM8
0.000182069506913263	-3.39906021252235	0.004	0.067	1	1	SDK2
0.000262986956033857	-3.43382563068303	0	0.043	1	1	MS4A4A
0.000596343399961104	-3.46777296260637	0	0.043	1	1	ADORA2A
0.00233446925006168	-3.53336130423394	0	0.046	1	1	PADI3
0.000345433695555589	-3.56507016396128	0	0.046	1	1	FAM19A1
0.00403669150895432	-3.56507016396128	0	0.046	1	1	CCDC85A
0.000200312055861569	-3.62647070862543	0	0.046	1	1	LRRN1
0.000200118035781434	-3.71393354987576	0	0.053	1	1	PAQR9
0.000345546208214579	-3.71393354987576	0	0.053	1	1	TAS1R3
0.00275107956554361	-3.72333224787801	0.008	0.066	1	1	NCAM1
0.000263151518789449	-3.74194792604536	0	0.045	1	1	MFSD4A
0.000115797020635537	-3.79639571006774	0	0.056	1	1	LOC138521149
0.000200188517762304	-3.89948920303184	0	0.055	1	1	CCL19
0.000596343399961104	-3.92415125726611	0	0.059	1	1	ZNF366
0.000115887832799791	-3.94839880351279	0	0.054	1	1	HEY1
0.000200188517762304	-4.01878813140419	0	0.062	1	1	RASD2
0.000200464597264491	-4.65621805201948	0	0.058	1	1	SLC26A10P
1.2382672720337e-13	-1.25177187959834	0.636	0.825	1.48270123153316e-09	2	VWF
1.58252971045123e-12	-1.4837050681444	0.33	0.595	1.8949210752943e-08	2	DOCK9
6.32154312911248e-12	-1.08057446196571	0.42	0.614	7.56941574279929e-08	2	RAMP3
9.82715537405301e-12	-1.91681540862574	0.136	0.39	1.17670358448911e-07	2	TACR1
1.55653171526818e-11	0.48785689757236	1	1	1.86379107586212e-07	2	ACTB
1.8772166796976e-11	-1.0304379732311	0.494	0.753	2.24777925226991e-07	2	SHANK3
2.32565536802756e-11	-1.53959358737907	0.239	0.494	2.7847397376762e-07	2	PLCB1
2.81840928254687e-11	-2.59998818543124	0.08	0.343	3.37476327492163e-07	2	IQSEC1
8.84926324200249e-11	-1.91245595106953	0.091	0.321	1.05961078059738e-06	2	SVIL
1.83800154746836e-10	-1.55409618467183	0.239	0.478	2.20082305293862e-06	2	XIRP2
2.31254774744311e-10	-2.01502568471008	0.114	0.355	2.76904467278837e-06	2	GALNT18
3.34944438751943e-10	0.522525969752528	1	0.965	4.01062470961576e-06	2	CFL2
5.21046626657454e-10	-5.7932961143115	0.006	0.222	6.23901230759636e-06	2	RELN
7.48811907572973e-10	-3.3349555867006	0.119	0.388	8.96627378127878e-06	2	MRC1
1.01190748651118e-09	-1.92123720521033	0.125	0.364	1.21165802434848e-05	2	ZNF521
1.06770696870221e-09	0.661540145977793	0.955	0.89	1.27847232432403e-05	2	TXN
2.99939664812137e-09	-1.71561720955841	0.17	0.424	3.59147754646053e-05	2	EXOC3L2
4.40036261790929e-09	-1.54521396288707	0.148	0.374	5.26899419868458e-05	2	PTPRE
4.51957772193417e-09	-0.885657116423977	0.466	0.702	5.41174236424397e-05	2	ICAM1
6.53136331052205e-09	-5.08743418023813	0.028	0.238	7.8206544280191e-05	2	HAPLN3
7.32978218029071e-09	-2.01175797087617	0.057	0.258	8.7766811826801e-05	2	MAN1A1
8.02137263533298e-09	0.521826160609878	0.915	0.84	9.60479159354771e-05	2	EIF5A2
2.4831038672923e-08	-1.52633114370593	0.148	0.377	0.000297326857069581	2	VAV3
3.00311619995197e-08	-4.42341787034691	0.011	0.184	0.000359593133782249	2	NFIX
3.3790919596182e-08	-0.898179036678649	0.335	0.563	0.000404612471244683	2	EGFL7
3.48473304286404e-08	-5.72684446498167	0	0.16	0.00041726193455254	2	PROX1
5.79738038310112e-08	-1.05114913023519	0.267	0.475	0.000694178327072528	2	ARHGAP21
8.22025362670773e-08	-2.59147668557572	0.023	0.149	0.000984293169261983	2	KDM4C
9.27591776702691e-08	-1.09285639617041	0.205	0.429	0.0011106983934238	2	SPNS2
9.81754177168344e-08	-2.44541114832236	0.051	0.246	0.00117555245174138	2	SLC4A11
1.1448010682922e-07	-1.9291720963214	0.068	0.245	0.00137078479917308	2	SYT16
1.35775879367098e-07	-1.10320149609645	0.324	0.551	0.00162578037954164	2	LOC138472433
1.74709927392021e-07	-1.36170044193313	0.159	0.367	0.00209197667059206	2	ADD1
2.02040479928785e-07	-2.75199127887629	0.04	0.223	0.00241923270666727	2	EXOC6
2.11952692338595e-07	0.401979126293007	0.983	0.94	0.00253792153806234	2	RPL36
2.43229920156955e-07	-1.54536860086792	0.239	0.474	0.00291243506395938	2	STAB1
2.93463842715856e-07	-4.7170964884301	0.006	0.161	0.00351393605267966	2	FGF10
5.04010957187548e-07	0.598569805683944	0.972	0.836	0.00603502720136369	2	PMP2
5.07270685098369e-07	-1.27333768030147	0.159	0.358	0.00607405918336788	2	CYLD
5.38327953682957e-07	-0.910117709000334	0.159	0.35	0.00644593891739973	2	NR3C1
5.78912995057969e-07	-4.3828900637643	0.006	0.144	0.00693190420282412	2	PDPN
6.24021254904094e-07	-0.914142327697422	0.33	0.521	0.00747203050622163	2	NRK
6.55940267677542e-07	-1.938790098883	0.045	0.198	0.00785422876517089	2	CIC
6.86914082237143e-07	-1.65691525351607	0.091	0.265	0.00822510922070755	2	DAB2IP
7.12354168511318e-07	-1.43102723015971	0.256	0.453	0.00852972881375452	2	MMRN1
7.43459545014841e-07	-1.06786267579278	0.182	0.372	0.0089021845920077	2	PPP3CA
8.21166145928316e-07	-1.58687268564098	0.131	0.316	0.00983264343134565	2	ARHGAP27
8.38241011616024e-07	-1.75411133075066	0.051	0.205	0.0100370978730903	2	PSD
8.82979453386396e-07	-1.48406889813167	0.08	0.226	0.0105727959748487	2	GOLGB1
9.11753221925622e-07	-1.25043976774065	0.165	0.341	0.0109173330793374	2	FBXL7
9.42693659619175e-07	-0.718976221648326	0.375	0.607	0.01128781388028	2	ASAP1
1.12175854744162e-06	-0.829149407208335	0.358	0.569	0.013431936847066	2	ENG
1.25784901868473e-06	-1.46427017557368	0.102	0.264	0.015061484149731	2	ZMYND8
1.32446640584012e-06	-1.48980526768082	0.091	0.253	0.0158591607435296	2	VPS13C
1.32565623029569e-06	-0.786198270461041	0.284	0.48	0.0158734077015606	2	PIEZO1
1.37297106845149e-06	-1.00121413866669	0.312	0.465	0.0164399555736382	2	ARHGEF9
1.37570341623485e-06	-1.49115169338833	0.074	0.233	0.0164726727059961	2	TBX1
1.50201588458558e-06	-1.20642221645522	0.153	0.324	0.0179851382020278	2	SLC22A23
1.54748878012277e-06	-1.23935656121339	0.114	0.265	0.01852963065319	2	RASAL2
1.58042902352821e-06	-1.2302017672473	0.153	0.35	0.0189240571277267	2	GNAQ
1.66802221080714e-06	-1.20578746024894	0.142	0.318	0.0199728979522047	2	LYST
1.70456278522864e-06	-1.67958501192882	0.125	0.36	0.0204104347903277	2	FCHSD2
1.73685165588072e-06	-1.74577628099204	0.114	0.309	0.0207970617275157	2	HYAL2
1.82923950879051e-06	-0.807660593181718	0.426	0.588	0.0219033138782576	2	KDR
2.00423923194145e-06	-1.08516757326619	0.199	0.412	0.0239987605632669	2	PREX2
2.03867511157334e-06	-3.08743418023813	0.028	0.183	0.0244110957859792	2	GPNMB
2.09025305584336e-06	-1.94834440559625	0.068	0.223	0.0250286900906684	2	ARHGAP28
2.29453660717391e-06	-1.17232307782465	0.159	0.357	0.0274747813343004	2	TANC1
2.31848471290466e-06	-0.585774326211538	0.716	0.835	0.0277615359523204	2	LTBP1
2.43759522699176e-06	-1.13401372092717	0.131	0.291	0.0291877652479993	2	CD99
2.47002514550695e-06	-2.92756284345974	0.011	0.119	0.0295760810923002	2	MORC3
2.67354936694633e-06	-1.22258306488359	0.114	0.266	0.0320130801198154	2	SCARB2
2.79052253087657e-06	-0.942977895846431	0.142	0.302	0.0334137167847161	2	ATF7IP
2.99019524374561e-06	-0.90484276695966	0.17	0.361	0.0358045978486099	2	ARRB1
3.18238468008468e-06	-0.559488823151487	0.761	0.859	0.0381058741593339	2	HSPG2
3.30973274848162e-06	-1.59188313579418	0.097	0.271	0.0396307399303189	2	HDAC7
3.33307900501286e-06	-2.13050290213002	0.04	0.18	0.039910288006024	2	STON2
3.46537055642627e-06	-3.76991318687355	0.006	0.127	0.0414943470426482	2	ADAMTSL3
3.46830396750154e-06	-1.90025549746401	0.068	0.252	0.0415294717068635	2	ATRNL1
3.6637412682506e-06	-1.11291788547166	0.131	0.302	0.0438696379460326	2	TJP2
3.68824862925918e-06	-1.19642969459569	0.119	0.289	0.0441630890867494	2	PACS1
3.7525429702906e-06	-2.83044037656164	0.04	0.199	0.0449329495262597	2	UNC5B
3.78366004817483e-06	-1.39167094930651	0.045	0.181	0.0453055454168454	2	HYCC2
3.82370395467357e-06	-1.37547259220182	0.097	0.243	0.0457850311532613	2	MAST4
3.86667418776522e-06	-1.26295319815367	0.102	0.272	0.0462995567243007	2	SNX9
4.10029845551546e-06	-1.03608730023791	0.17	0.351	0.0490969737063422	2	ITGA9
4.10288343708863e-06	-1.29493390910827	0.131	0.295	0.0491279262756993	2	ECPAS
4.18229107901706e-06	-2.2320458038877	0.136	0.304	0.0500787533801503	2	NRP2
4.83510499572982e-06	-1.64497564020455	0.068	0.207	0.0578955472188689	2	TRERF1
5.00760596136516e-06	-1.52250943275352	0.091	0.25	0.0599610737813865	2	HDAC4
5.15258253313724e-06	-1.97922496328224	0.068	0.235	0.0616970232517853	2	CEMIP2
5.22335893490963e-06	-1.04915659481606	0.17	0.334	0.0625444998866079	2	RASGRP3
5.69269595779988e-06	-0.895298994288789	0.267	0.449	0.0681643413986958	2	SIK3
5.69593556149248e-06	-3.26071819377036	0.017	0.14	0.068203132413311	2	GAS7
5.72008175660658e-06	-6.05555716443614	0	0.124	0.0684922589536072	2	STAB2
5.8405517695107e-06	-2.21296506232199	0.028	0.143	0.0699347668881212	2	TBCD
5.94075301655233e-06	-0.897189194416224	0.097	0.253	0.0711345766201976	2	PDS5B
6.05917862164549e-06	-1.35298857805044	0.182	0.359	0.0725526048155831	2	TSPAN18
6.16381873084242e-06	-1.34392574020515	0.074	0.217	0.0738055654831072	2	PHF21A
6.2965015283399e-06	-1.21296506232199	0.091	0.249	0.0753943093003419	2	LBR
6.30285714314942e-06	-0.684992540185665	0.386	0.59	0.0754704114320712	2	GASK1B
6.70486782233968e-06	-2.00146095712828	0.051	0.219	0.0802840873046953	2	PARD3B
6.95154928017592e-06	-1.36597668082796	0.097	0.25	0.0832378510808265	2	LRRK2
7.46555916398441e-06	-2.38699446209704	0.028	0.167	0.0893926054295493	2	SYNJ1
7.47196456739282e-06	-1.66780356965881	0.051	0.174	0.0894693037299616	2	LOC138569657
7.49849882963953e-06	-1.5060703220436	0.074	0.209	0.0897870249861038	2	MYO6
7.66584813853971e-06	-1.33525549212542	0.108	0.248	0.0917908656108745	2	USP34
7.732330000885e-06	-2.7793118848758	0.017	0.146	0.092586919430597	2	MPP7
7.81943707524089e-06	-0.873861823626497	0.443	0.622	0.0936299395389345	2	ADCY4
7.89408448621701e-06	-0.879896409829429	0.216	0.389	0.0945237676379625	2	ITPKA
8.19062460925053e-06	-0.954254961084738	0.33	0.505	0.0980745390711658	2	CSF1
8.41195228450088e-06	0.366929655188669	0.949	0.929	0.100724716654614	2	RPS20
9.26710461357107e-06	-2.21296506232199	0.028	0.15	0.1109643106429	2	CLEC16A
9.39000931687792e-06	-1.30508326431042	0.057	0.179	0.112435971560296	2	TAF4
9.52677873543566e-06	-1.87817481649758	0.068	0.219	0.114073648578107	2	ADAMTS20
9.94355687525748e-06	-1.64695166440183	0.085	0.253	0.119064150024333	2	UBAP2L
1.00464147872671e-05	0.370068701426215	0.92	0.832	0.120295770662736	2	RAC1
1.01404455859802e-05	-2.2050163092065	0.034	0.168	0.121421695446527	2	SLC44A2
1.0251129008191e-05	-2.06272242674138	0.028	0.153	0.122747018744079	2	TRAF7
1.06491899831733e-05	-1.60650149238991	0.062	0.207	0.127513400858517	2	SH3GLB2
1.10811917427791e-05	-1.28229708343035	0.114	0.287	0.132686189928037	2	RABGAP1
1.14318420491722e-05	-1.54000608060301	0.125	0.284	0.136884876696787	2	RAPGEF5
1.19168713074744e-05	-1.24635123081654	0.108	0.265	0.142692617035699	2	TP53BP2
1.20392032600057e-05	-0.991023694620886	0.205	0.364	0.144157419835308	2	PRKAA1
1.23276127798005e-05	0.255570404505676	1	1	0.147610835425331	2	CIRBP
1.2692997858111e-05	-2.37050633930847	0.034	0.173	0.151985956353021	2	PDGFC
1.30875933137107e-05	-1.18155210969053	0.131	0.277	0.156710842338372	2	PPP6R3
1.31279920143471e-05	-1.38042180817355	0.097	0.257	0.157194576379792	2	CASK
1.36146558961862e-05	-0.782267218871126	0.278	0.475	0.163021889700934	2	NPR1
1.38030060508663e-05	-1.38465052162874	0.125	0.282	0.165277194453073	2	HSD3B7
1.40413773581856e-05	-2.23134359163685	0.028	0.153	0.168131452486915	2	PHTF2
1.42824521934791e-05	-0.631989010782471	0.494	0.629	0.171018082564718	2	PECAM1
1.43750326437048e-05	-0.935431086793083	0.148	0.308	0.172126640875721	2	RBMS3
1.44844376562202e-05	-2.88756477552782	0.017	0.151	0.173436656495581	2	KMT2E
1.45259098629146e-05	-2.44798509198619	0.023	0.142	0.17393324469854	2	ARHGAP39
1.48947535665627e-05	-1.53932540352461	0.045	0.156	0.178349779206022	2	ARHGEF18
1.57890295899633e-05	-1.13979864976002	0.136	0.296	0.189057840310221	2	ZSWIM8
1.58746635094534e-05	-1.07261317626303	0.182	0.359	0.190083220862195	2	AFDN
1.62151884076676e-05	-1.37698067346902	0.125	0.287	0.194160665993411	2	KMT2C
1.65873423087207e-05	0.324175131191828	0.989	0.973	0.198616836804621	2	ZA20D3
1.70492208040226e-05	-1.3198802662385	0.114	0.264	0.204147369907367	2	TOX2
1.72504040511633e-05	-1.08238095251185	0.119	0.247	0.20655633810863	2	MIA3
1.73316680320088e-05	-1.45738378998844	0.074	0.201	0.207529393015274	2	MLLT6
1.75127145245765e-05	-1.55355261244095	0.068	0.198	0.209697243717279	2	MAP3K3
1.84418352078818e-05	0.430127540121669	0.926	0.844	0.220822534779176	2	RPL37A
1.91373884435655e-05	-0.522589027525597	0.455	0.619	0.229151089223253	2	TIE1
1.94201921081841e-05	-1.14957635605051	0.17	0.335	0.232537380303397	2	BIRC6
1.94998993965415e-05	-1.58577432621154	0.085	0.267	0.233491795374187	2	BRD4
1.96741737516502e-05	-2.73491776551735	0.017	0.145	0.23557855650226	2	ENPP2
2.00128193883519e-05	-1.46982089322666	0.08	0.215	0.239633499356126	2	EVI5
2.01817569788091e-05	-1.10548063565559	0.136	0.295	0.241656358064261	2	IGF1R
2.09662796376073e-05	-2.39788277823978	0.034	0.17	0.25105023238071	2	SRGN
2.10680668525721e-05	-1.58447518605991	0.057	0.177	0.252269032492699	2	BRD9
2.16947660162747e-05	0.44446593546775	0.955	0.828	0.259773128278873	2	CRIP1
2.18729584769776e-05	0.765833735769064	0.761	0.646	0.26190680480333	2	ACTG1
2.35449962241462e-05	-1.23395008745133	0.085	0.234	0.281927784787926	2	PARP14
2.3604647124866e-05	-1.54227268757495	0.057	0.181	0.282642044673146	2	YTHDC2
2.43535774827307e-05	-2.01805337740765	0.034	0.156	0.291609736778218	2	IPO8
2.50621027204727e-05	-1.00822050680497	0.108	0.245	0.30009361797494	2	ADGRE5
2.55191754142635e-05	-1.00651418485457	0.148	0.298	0.305566606410391	2	GARRE1
2.55555020000535e-05	-1.33695377959745	0.097	0.238	0.306001580948641	2	STAG2
2.60720197715199e-05	-1.5125253441809	0.091	0.25	0.312186364744179	2	DNAAF9
2.6920612463967e-05	-0.996724867967139	0.199	0.381	0.32234741364354	2	JAK1
2.70445151602029e-05	0.25039522776182	1	0.994	0.323831024528269	2	LOC138582460
2.73583631710173e-05	-1.28259925015904	0.057	0.176	0.327589040609761	2	ARHGAP35
2.75618119957996e-05	-1.15851727829962	0.131	0.278	0.330025136837705	2	CAMK2D
2.77762888724194e-05	-1.1691488300295	0.062	0.196	0.33259328295835	2	RASSF8
2.87925627944388e-05	-1.11156303011378	0.136	0.319	0.34476214690061	2	MICAL3
2.9365138317022e-05	-1.19642969459569	0.119	0.273	0.351618166208021	2	GSE1
2.94642591805919e-05	-1.5829146720723	0.051	0.153	0.352805039428408	2	MTMR12
2.99742606961337e-05	-1.52449798584698	0.08	0.216	0.358911797575505	2	NFAT5
3.00856804445363e-05	-1.20284084504828	0.108	0.245	0.360245937642878	2	USP4
3.18978881476999e-05	0.533021249282406	0.784	0.713	0.381945312680559	2	NONO
3.20691252677035e-05	-2.43988004234913	0.034	0.156	0.383995705955482	2	GAS6
3.21031246194363e-05	-1.03840861214803	0.114	0.271	0.38440281419313	2	STRN3
3.21652076818528e-05	0.773525714377866	0.261	0.131	0.385146196782505	2	APLN
3.21708611960886e-05	-1.0167565727892	0.222	0.398	0.385213891961965	2	PDE2A
3.25752130084826e-05	-0.800506107144924	0.176	0.329	0.390055600563571	2	RASA3
3.28606730873272e-05	0.409377232792439	0.972	0.909	0.393473699547656	2	HNRNPAB
3.2889034007704e-05	0.234777402386001	0.989	0.977	0.393813293208248	2	RPS15A
3.357461228344e-05	-1.09039842011574	0.153	0.315	0.40202240748191	2	VWCE
3.38062464860852e-05	-0.971956962818197	0.085	0.206	0.404795995424384	2	ADCY9
3.40887819918047e-05	-1.91340478046308	0.034	0.155	0.408179075569869	2	P2RX7
3.42714031693119e-05	-1.00372400863685	0.199	0.386	0.410365781549341	2	ELMO1
3.55176200283755e-05	-1.35687447372071	0.114	0.267	0.425287982219768	2	RASA1
3.69128963153313e-05	-1.45112479951676	0.08	0.217	0.441995020479777	2	EBF3
3.72630882887697e-05	-1.03335750748234	0.091	0.219	0.446188219169729	2	EBF1
3.72909145761782e-05	-1.12438307196512	0.153	0.31	0.446521411135158	2	MYCBP2
3.8967659471547e-05	-0.888034479273106	0.165	0.303	0.466598754512304	2	MCL1
3.97542379499057e-05	-1.83445343906826	0.034	0.145	0.476017245212171	2	MAML3
4.00496591476595e-05	-1.42474938409246	0.091	0.23	0.479554618634074	2	RABGAP1L
4.05220813101165e-05	-1.3828900637643	0.08	0.212	0.485211401607334	2	HECTD4
4.13694640735551e-05	-1.35735497165717	0.097	0.242	0.495357962816749	2	AKAP9
4.13879403890537e-05	-2.84344222229552	0.017	0.121	0.495579198218529	2	SNCA
4.20962985373032e-05	-1.04145380998773	0.176	0.325	0.504061078685668	2	SLCO3A1
4.31158766367231e-05	-1.59102731785962	0.097	0.258	0.516269506848122	2	USP48
4.33986524058371e-05	-2.04857824442111	0.023	0.116	0.519655463907493	2	LOC138527531
4.35485838171384e-05	-1.2534928689046	0.131	0.296	0.521450742626415	2	TNRC6B
4.42814172991392e-05	-1.04965931981144	0.102	0.235	0.530225690739893	2	FARP2
4.57959515504798e-05	-1.18809039368296	0.08	0.208	0.548360723865445	2	ST3GAL4
4.69624930088052e-05	-1.03859415584849	0.125	0.253	0.562328891287433	2	NFIC
4.73194891807396e-05	-0.702079152372144	0.307	0.453	0.566603563450177	2	ERG
4.86655315226081e-05	-1.11659666784976	0.119	0.256	0.582721074451709	2	AKT3
4.939481578443e-05	-0.914623787752245	0.256	0.432	0.591453524202765	2	ECE1
4.9490723361964e-05	-1.09748784490206	0.159	0.334	0.592601921536157	2	GJC2
5.15154925589069e-05	-0.658337889506404	0.557	0.698	0.616846507900351	2	PTPRM
5.31971930055467e-05	-0.848808732045332	0.227	0.368	0.636983189048416	2	APBB2
5.33842116927985e-05	-1.55066047306767	0.068	0.201	0.639222550809569	2	KSR1
5.4752258611729e-05	-1.04686177183209	0.125	0.284	0.655603544616843	2	ARID2
5.47906853643298e-05	-1.05919936017768	0.153	0.326	0.656063666552485	2	PARG
5.51680206034325e-05	-0.700729079341521	0.239	0.42	0.660581878705501	2	PLXND1
5.55245117777461e-05	-0.933989112619177	0.136	0.304	0.664850504026732	2	GNAL
5.64787399107956e-05	-0.850755251397362	0.199	0.332	0.676276431691866	2	KALRN
5.75665567619972e-05	-1.46672165456777	0.074	0.197	0.689301950668155	2	NKTR
5.78130930874439e-05	-1.07195275279492	0.08	0.209	0.692253976629054	2	UGGT1
5.79687500440019e-05	-0.769913186873551	0.125	0.265	0.694117813026879	2	FAF1
5.84907745230726e-05	-0.921916280318602	0.188	0.369	0.700368534139272	2	SH2B3
5.86109631750525e-05	-1.02523175586055	0.142	0.285	0.701807673058079	2	UBR4
5.88632410768917e-05	-1.41941593978942	0.097	0.226	0.704828448654701	2	NSD2
5.93982921225022e-05	-1.04256163439846	0.142	0.303	0.711235149874841	2	ZNF436
6.07163224278126e-05	-0.991994716054742	0.108	0.234	0.727017244750628	2	PRKCE
6.07405427805375e-05	-1.03125414650197	0.119	0.26	0.727307259254156	2	TRAPPC8
6.29968080545498e-05	-1.19984956253173	0.085	0.207	0.754323779645179	2	LRRFIP1
6.47106199024062e-05	0.361085982194888	0.977	0.94	0.774844962711412	2	RPL36A
6.54779675989124e-05	-1.26295319815367	0.125	0.256	0.784033184029377	2	PPP1R16B
6.54958209114854e-05	-1.58687268564098	0.068	0.193	0.784246959594127	2	B4GALT3
6.59085374752036e-05	-2.34541535834564	0.017	0.108	0.789188827728088	2	MGAT4B
6.70091361656787e-05	-1.68245034562321	0.068	0.207	0.802367396447837	2	FLRT2
6.88465480276224e-05	-2.11879835114747	0.074	0.226	0.824368566082751	2	FLT4
6.89453186386834e-05	-1.12438307196512	0.159	0.313	0.825551245379595	2	DOCK1
6.93235445038117e-05	-1.88507951213823	0.062	0.221	0.830080121888641	2	PDE7B
6.93712145559879e-05	-1.18752004576453	0.114	0.253	0.830650923093399	2	HIP1
6.9497077467697e-05	-0.811316940270327	0.199	0.334	0.832158005598204	2	RGS3
7.03517772826866e-05	-3.63146641690441	0.006	0.107	0.84239218118289	2	DOCK5
7.12521009460442e-05	-1.2925038273072	0.102	0.239	0.853172656727933	2	PAN3
7.18076529967517e-05	0.523435397003448	0.869	0.745	0.859824836983105	2	ND3
7.18658127569203e-05	-0.855245240673313	0.273	0.451	0.860521241951364	2	BCL6B
7.23673847692232e-05	-0.865779773262167	0.159	0.302	0.866527065226679	2	ITIH5
7.23910900990871e-05	-1.30260227480667	0.085	0.212	0.866810912846469	2	INPP5A
7.61421228391539e-05	-1.33050138199508	0.119	0.295	0.911725778876029	2	CEBPD
7.74085136041292e-05	-1.11108544830278	0.188	0.35	0.926889541895843	2	TMCC1
7.7575027493561e-05	-1.76802607732929	0.051	0.154	0.928883379207899	2	ABLIM1
7.79560755245991e-05	-0.897189194416224	0.097	0.231	0.933446048331549	2	GRK4
8.02442966649716e-05	-0.70629708757758	0.17	0.306	0.96084520826637	2	DIP2C
8.14872869268836e-05	-1.17203479826711	0.108	0.245	0.975728773662505	2	EXOC6B
8.24140799112981e-05	-1.20182450471679	0.102	0.239	0.986826192857883	2	KPNA3
8.3139959431604e-05	-1.09175147535291	0.102	0.225	0.995517874234026	2	LRSAM1
0.00348063506202352	4.4874746558191	0.017	0	1	2	MADCAM1
0.00581641687535274	4.07243715654026	0.023	0.001	1	2	ROR1
0.000733273599931643	3.22444024998531	0.023	0.002	1	2	LOC138582219
0.00348070682699777	3.22444024998531	0.017	0.002	1	2	CAMKK1
0.00584315956951959	3.22444024998531	0.023	0.002	1	2	ATP6V0D2
0.00348063506202352	2.90251215509794	0.017	0.002	1	2	TMEM45B
0.00348063506202352	2.90251215509794	0.017	0.002	1	2	TNNI1
0.0060001923304287	2.75050906165289	0.028	0.004	1	2	SLC7A11
0.00521924323821738	2.70986707715555	0.034	0.005	1	2	CXCL14
0.000733273599931643	2.4874746558191	0.023	0.004	1	2	LOC138497778
0.00133276184965669	2.26508223448265	0.028	0.006	1	2	CAPN9
0.00348063506202352	1.90251215509794	0.017	0.001	1	2	SCUBE3
0.00742936526287553	1.85944343320606	0.057	0.016	1	2	GINS3
0.0012088751562687	1.80940275070646	0.045	0.015	1	2	MED8
0.0060001923304287	1.75050906165289	0.028	0.009	1	2	GUF1
0.00122543529830089	1.4874746558191	0.045	0.016	1	2	RDH13
0.00523622276727816	1.4874746558191	0.062	0.023	1	2	N4BP2L1
0.0018277888247442	1.44016894104074	0.08	0.03	1	2	PAM16
0.000138733701696779	1.27657787332048	0.205	0.106	1	2	MDK
0.00946300922687937	1.09515723304034	0.085	0.041	1	2	COA7
0.0026824637264816	1.05451524854299	0.188	0.101	1	2	ARL14EP
0.00849813512793903	0.934933632790321	0.08	0.044	1	2	MND1
0.0063191800235274	0.902512155097944	0.125	0.079	1	2	ATP23
0.00589598367859923	0.755170439022757	0.386	0.277	1	2	TRMT112
0.000257683877485414	0.674145832716863	0.619	0.507	1	2	POMP
0.000158998813432704	0.66945280870964	0.614	0.51	1	2	ACTN1
0.000279767397187362	0.643563004878929	0.585	0.46	1	2	LOC138567840
0.00910976440525526	0.592172034485794	0.244	0.169	1	2	GHITM
0.00836305452733408	0.584922995934919	0.443	0.358	1	2	PGK1
9.59471174095034e-05	0.573587950008532	0.812	0.719	1	2	TPM3
8.42927841745196e-05	0.57290024404562	0.744	0.611	1	2	B2M
0.0019452719212663	0.558888989111263	0.58	0.485	1	2	MYEF2
0.00580218128279367	0.557600742209743	0.528	0.435	1	2	GDI2
0.00202580056811755	0.550239451214586	0.688	0.612	1	2	LDHA
0.00414141022351676	0.527424035866808	0.483	0.387	1	2	LITAF
0.00011788336940172	0.509310457059573	0.864	0.781	1	2	COX6B1
0.000872347811770615	0.48841667024427	0.79	0.769	1	2	SRI
0.000356324618870978	0.486256677662429	0.699	0.644	1	2	LOC138510586
0.000654418223365937	0.469474287180574	0.983	0.924	1	2	RPL7
0.00271930108534134	0.469162777542159	0.716	0.657	1	2	ATP5MK
0.000543854954075632	0.460917694705145	0.915	0.844	1	2	DBI
0.000206784166030456	0.455053178126723	0.818	0.702	1	2	CALM2
0.00694071253382303	0.440168941040744	0.722	0.69	1	2	HNRNPH1
0.00630152711031066	0.438800809083411	0.636	0.545	1	2	SEPT2
0.000271595043139166	0.432893959636614	0.972	0.895	1	2	MYL6P1
0.00175937911989549	0.424567904258908	0.807	0.726	1	2	ANP32B
8.88977137719994e-05	0.396930936721906	0.96	0.944	1	2	YWHAQ
0.00313743641300037	0.362733642378508	0.909	0.878	1	2	MSN
0.000836662003489984	0.36139094136027	0.955	0.795	1	2	KRT18
0.000582827224314441	0.351544745007787	0.972	0.908	1	2	HMGB2
0.000302428965144059	0.347646792630598	0.915	0.883	1	2	HSPA8
0.00177484280912235	0.340385083239968	0.812	0.621	1	2	CD34
0.00632490689026332	0.338050106475827	0.858	0.773	1	2	FSTL1
0.00882862881718082	0.335606148412759	0.733	0.684	1	2	PFN2
0.00046910912915117	0.321151891056984	0.847	0.781	1	2	NCL
0.00252434113486697	0.303556382297288	0.909	0.852	1	2	PFN1
0.00325197774454407	0.297340797032754	0.909	0.858	1	2	RPL22
0.000259689460822751	0.2755494657719	0.989	0.99	1	2	ATP6
0.00676289924938161	0.273210115366053	0.881	0.846	1	2	ATP5MC2
0.00403906826711146	0.259877287545333	0.994	0.957	1	2	RPL26L1
0.00728197719899095	0.258368109317879	0.898	0.886	1	2	HMGN1
0.00654857980517221	0.257252120060228	0.778	0.708	1	2	RAN
0.000532750639553425	0.248742459991094	0.994	0.963	1	2	COX1
0.00958402635674215	0.238868477984369	0.943	0.908	1	2	RPS29
0.00875320510211222	0.219557495581847	0.943	0.904	1	2	RPS17
0.00549175906671229	0.217697842982845	1	0.992	1	2	FKBP2
0.00411091478389713	0.21494104450859	0.994	0.996	1	2	TMSB4X
0.00252202160482561	0.207649855482261	0.972	0.959	1	2	FAU
0.00522781655335183	0.206927091631072	0.994	0.945	1	2	RPL24
0.00563879281416976	0.196770562633713	1	0.997	1	2	CIRP
0.00314395133450852	-0.184609824948001	0.5	0.635	1	2	SPTBN1
0.00685444930565898	-0.204008168553097	0.392	0.51	1	2	SGK1
0.00538258567882033	-0.217646607936454	0.455	0.578	1	2	COL5A2
0.00674108076986143	-0.296316794467824	0.324	0.435	1	2	HMGB3
0.00229277898517096	-0.310622298377407	0.284	0.378	1	2	RASIP1
0.0056142766100166	-0.311612650254903	0.301	0.404	1	2	IL6ST
0.000384287700426527	-0.329661287031089	0.517	0.662	1	2	APP
0.000264470661001608	-0.335725791786531	0.938	0.937	1	2	S100G
0.00421992650654019	-0.339688747318684	0.352	0.471	1	2	CDH5
0.00183321424060935	-0.343025602886365	0.392	0.542	1	2	GNAI3
0.00776277686783507	-0.344034127947281	0.432	0.511	1	2	SSUH2
0.00924150208461026	-0.344175853478205	0.477	0.542	1	2	ESAM
0.00403434636960667	-0.350253915282022	0.432	0.556	1	2	CRIM1
0.00707073751518017	-0.365805471542658	0.233	0.327	1	2	TMEM14A
0.00322995200419118	-0.371995035179798	0.46	0.61	1	2	RHOB
0.00641104141488453	-0.372873353852388	0.188	0.285	1	2	NDUFS4
0.000225642528026327	-0.376408360701927	0.438	0.612	1	2	H2AC1
0.00824487296556976	-0.377920878471578	0.386	0.503	1	2	LAPTM5
0.00590267990646475	-0.388389044168794	0.21	0.308	1	2	MBNL1
0.00136108809452934	-0.3889078510259	0.341	0.46	1	2	FOS
0.00596234993721613	-0.391359654658443	0.205	0.295	1	2	PTPN12
0.00279461547730119	-0.394305107365058	0.511	0.68	1	2	PCDHGC3
0.00495274413302691	-0.397262797550868	0.318	0.406	1	2	ATRX
0.00967336232394153	-0.402591317148059	0.222	0.298	1	2	FNBP1L
0.00101809460852506	-0.403474395920396	0.347	0.494	1	2	EHD2
0.00482082462625451	-0.406656709074077	0.233	0.334	1	2	TM9SF2
0.00877644261140368	-0.40805607762487	0.295	0.379	1	2	ACVRL1
0.00365014007745845	-0.415037499278844	0.176	0.267	1	2	APOLD1
0.00675587357348665	-0.428133156890527	0.091	0.153	1	2	PIK3R2
0.00848405516413555	-0.428133156890527	0.21	0.3	1	2	PTPRA
0.000426969647318841	-0.436798018017655	0.324	0.48	1	2	ZFP36
0.00539734507690175	-0.438524762737123	0.222	0.316	1	2	ARID1A
0.00883343657032572	-0.440375558425064	0.17	0.276	1	2	SAMD9
0.00440284514524234	-0.446637408524442	0.199	0.297	1	2	PLIN2
0.00202785304318402	-0.448539654760993	0.545	0.647	1	2	FLI1
0.0092393548445455	-0.45503984952014	0.136	0.225	1	2	ACAP2
0.00702121819925138	-0.455598276096064	0.182	0.273	1	2	CNOT1
0.00644488654579931	-0.463869538236783	0.21	0.334	1	2	CTTN
0.00370523798500733	-0.468444275716783	0.386	0.493	1	2	DUSP1
0.000922829620778266	-0.472996979994262	0.318	0.455	1	2	CAPN1
0.00587794073164404	-0.47445730334738	0.182	0.295	1	2	TEAD1
0.00806680175419625	-0.475999468155786	0.182	0.279	1	2	PLSCR1
0.000262905547513363	-0.483648266890763	0.33	0.48	1	2	ELOVL1
0.00803258416395376	-0.488042658981556	0.21	0.293	1	2	SLC12A2
0.00925789148425802	-0.493909666013553	0.301	0.414	1	2	NHSL2
0.008215899646084	-0.495247352749064	0.182	0.291	1	2	RC3H1
0.00890687322766449	-0.499004204527281	0.29	0.399	1	2	KANK3
0.00639268423959112	-0.501664351549133	0.233	0.328	1	2	CD151
0.00121065902285694	-0.502063405362275	0.443	0.539	1	2	ARL15
0.000227322025952088	-0.503880452892539	0.557	0.707	1	2	LOC138504630
0.00437848444746492	-0.5041131043647	0.199	0.304	1	2	DYNC1I2
0.00664883079637179	-0.505572583539133	0.131	0.195	1	2	PGRMC1
0.000618106358036253	-0.510605590017534	0.358	0.516	1	2	GDPD5
0.00830713754416516	-0.525822166794357	0.125	0.199	1	2	CDC42EP2
0.0049952246307744	-0.531061295618327	0.125	0.225	1	2	CALCRL
0.00958198258475737	-0.531384371432215	0.165	0.258	1	2	RNF213
0.00442910869742991	-0.534220415280219	0.148	0.234	1	2	TNK2
0.000840842082847365	-0.535365320539011	0.216	0.326	1	2	KTN1
0.0036821101946189	-0.538677632036868	0.182	0.291	1	2	NKAIN1
0.00720338397303413	-0.539325403524615	0.085	0.153	1	2	SEC24C
0.000871177131537585	-0.539492391781169	0.21	0.343	1	2	CDK17
0.00587329356528658	-0.53959358737907	0.17	0.252	1	2	FRMD8
0.00373133429807301	-0.540006080603007	0.165	0.272	1	2	MAP4
0.00033228944044817	-0.540933759366654	0.193	0.311	1	2	SPAG9
0.00158615756454782	-0.543287597951587	0.256	0.385	1	2	RBFOX2
0.000528756681990704	-0.543821474670438	0.233	0.388	1	2	FGR
0.00013555106458274	-0.543889515090235	0.33	0.516	1	2	NFIB
0.00163675430481495	-0.544724166569048	0.33	0.455	1	2	RIPOR1
0.00690825373831232	-0.545540401408863	0.222	0.331	1	2	MICAL2
0.000609095782351475	-0.546795246265646	0.216	0.358	1	2	ERBIN
0.00333227840038394	-0.547459134290287	0.239	0.333	1	2	CAMK2G
0.00141363126471832	-0.550000049599562	0.153	0.265	1	2	NDEL1
0.00544010767265649	-0.550660473067671	0.239	0.338	1	2	PLPP3
0.00333810260983092	-0.550999491995536	0.153	0.256	1	2	TANC2
0.00995872151708639	-0.552053708367537	0.119	0.196	1	2	NFATC3
0.00104684934977318	-0.552749821790398	0.324	0.461	1	2	TSPAN14
0.00439603735813177	-0.555299367871191	0.239	0.376	1	2	NCK1
0.00275588234860682	-0.555594066072786	0.17	0.246	1	2	AP1S2
0.00412201496654274	-0.556919463539353	0.159	0.236	1	2	CHST3
0.00946375420868883	-0.556919463539353	0.085	0.158	1	2	ACVR1
0.00984133796765357	-0.559488823151486	0.148	0.228	1	2	HEG1
0.000422275199784549	-0.561768863200749	0.233	0.384	1	2	CYFIP1
0.00629241659408824	-0.562373893631461	0.148	0.245	1	2	PPP2R5A
0.00563779990495133	-0.563629685128906	0.205	0.33	1	2	LDB2
0.00762541588933099	-0.563629685128906	0.227	0.354	1	2	ROCK2
0.00610062839494056	-0.563704068106463	0.188	0.281	1	2	PCDH17
0.00696444087018139	-0.563704068106463	0.216	0.296	1	2	B3GNT2
0.00128157649236261	-0.563953582987903	0.25	0.372	1	2	ARHGEF2
0.00389736302076901	-0.564187464003393	0.114	0.191	1	2	LXN
0.00926115659564381	-0.565636680640462	0.142	0.226	1	2	ANKRD17
0.00119735045168353	-0.568173373730814	0.335	0.487	1	2	TNS1
0.00709661069786653	-0.572936860876721	0.176	0.284	1	2	UBAP2
0.00363565904837619	-0.576028286487058	0.108	0.198	1	2	HIF3A
0.00660129453392252	-0.579356852659108	0.131	0.211	1	2	EPB41
0.00911935948828765	-0.580696846822479	0.148	0.248	1	2	TWF2
0.0030867993150154	-0.581420425391967	0.091	0.175	1	2	LOC138528830
0.00806273950937581	-0.583987706737524	0.148	0.24	1	2	FXR1
0.00605939817385798	-0.593445339564467	0.108	0.2	1	2	PTPN9
0.00565354621907837	-0.593688197075501	0.244	0.368	1	2	TNRC6C
0.00684626433519924	-0.593913671021554	0.131	0.216	1	2	CMIP
0.00982391463347224	-0.593913671021554	0.148	0.229	1	2	CCDC6
0.00649777980790244	-0.596293701873497	0.119	0.185	1	2	REPS1
0.00856086402819745	-0.598181428725608	0.216	0.338	1	2	HSD17B12
0.00684155664346839	-0.598549088014267	0.284	0.387	1	2	GNAS
0.0012841771791662	-0.599988185431239	0.136	0.25	1	2	MTMR1
0.0056931314580067	-0.599988185431239	0.125	0.196	1	2	TNRC6A
0.00810126471797713	-0.599988185431239	0.142	0.216	1	2	SPECC1L
0.000105946403096194	-0.60090041754566	0.352	0.519	1	2	DYNC1H1
0.000439739456084886	-0.602279996939229	0.159	0.268	1	2	UBE3A
0.00211774702236376	-0.603519876401492	0.199	0.31	1	2	ADAM12
0.00929179929490957	-0.604447833621939	0.097	0.155	1	2	DERL2
0.00404433297591301	-0.606037230104044	0.131	0.224	1	2	OSBP
0.00475557741470869	-0.606501492389913	0.114	0.202	1	2	LPAR4
0.00923989268825243	-0.606852726729053	0.17	0.264	1	2	CHD7
0.00969101848381123	-0.60704294296519	0.119	0.194	1	2	TFG
0.00874153078701748	-0.608740659440203	0.142	0.227	1	2	TM9SF4
0.00439750112365389	-0.608893738653131	0.176	0.285	1	2	TSPAN9
0.00619059294916117	-0.608893738653131	0.193	0.275	1	2	PALM2AKAP2
0.00178829582629187	-0.610136140807322	0.21	0.337	1	2	WNK1
0.00122491501205614	-0.610557427141426	0.267	0.411	1	2	ITGA5
0.00535844867905745	-0.611514438812267	0.205	0.32	1	2	UBR2
0.00167460193022114	-0.612985525960112	0.125	0.211	1	2	TRIP12
0.00371519338107504	-0.614063370642962	0.17	0.274	1	2	RB1
0.00742911834558643	-0.614546281121409	0.244	0.341	1	2	LHFPL7
0.00152917255351219	-0.617878344327128	0.153	0.264	1	2	HECTD1
0.00199756490371994	-0.618320008203497	0.227	0.36	1	2	NAP1L4
0.00400958393410402	-0.620484592316819	0.188	0.292	1	2	NDUFB11
0.00570381357606212	-0.622149835355398	0.074	0.155	1	2	FXYD5
0.00102480714279327	-0.624418224251797	0.153	0.247	1	2	VPS26A
0.00740103680831428	-0.626267510230088	0.159	0.257	1	2	SMAP1
0.000872577809106687	-0.629208324346233	0.216	0.354	1	2	NIPBL
0.00558818412666039	-0.629791396350648	0.153	0.242	1	2	AP3B1
0.00431958838116536	-0.630522553579351	0.102	0.181	1	2	GLB1
0.000273179476828487	-0.63092004498313	0.17	0.305	1	2	ASPH
0.000269271591852736	-0.632819577898611	0.222	0.335	1	2	TNFAIP8L1
0.000713111645590093	-0.63451586855951	0.159	0.262	1	2	SBF1
0.00146574689954646	-0.640015079302815	0.08	0.179	1	2	CH25H
0.00360570080195771	-0.643056907323125	0.142	0.253	1	2	ATRN
0.00853976683388002	-0.643229035825493	0.148	0.241	1	2	PACSIN2
0.00218025108402225	-0.643456214007348	0.108	0.2	1	2	SCAF4
0.000614251172849146	-0.645924469598098	0.176	0.301	1	2	GNA12
0.00614874577655832	-0.650028867930835	0.068	0.127	1	2	ITGB4
0.00956372085837025	-0.652076696579693	0.062	0.122	1	2	EFCC1
0.00322990728704018	-0.653387880020749	0.193	0.309	1	2	SASH1
0.00893044249874239	-0.653881193426441	0.244	0.348	1	2	HOOK3
0.00830646195095815	-0.654299305309063	0.108	0.193	1	2	PPP3CC
0.000725425437233521	-0.654544349053327	0.125	0.229	1	2	OGDH
0.000287236594306091	-0.654705355140308	0.159	0.285	1	2	NOVA2
0.00167698849124569	-0.657575676984183	0.102	0.209	1	2	CRIP2
0.00770791641636653	-0.657575676984183	0.131	0.204	1	2	TGFBR2
0.000729116917551941	-0.657575676984183	0.312	0.45	1	2	CTSK
0.00122145548182429	-0.657848372390134	0.193	0.326	1	2	TEK
0.0086589478808843	-0.658202799376535	0.091	0.164	1	2	PLD2
0.00348663706166551	-0.659730269123129	0.25	0.39	1	2	RAPGEF6
0.0060105298813454	-0.661616842206046	0.165	0.249	1	2	AGFG1
0.00200026762427265	-0.662272463685581	0.25	0.364	1	2	EHD3
0.000101012562229056	-0.663239741657377	0.17	0.317	1	2	SGMS1
0.000410000506568767	-0.665655103080234	0.199	0.349	1	2	MACF1
0.000126342499309716	-0.669394192797765	0.312	0.464	1	2	PICALM
0.00287355600324023	-0.670954706785383	0.21	0.307	1	2	JARID2
0.00290901480636151	-0.671723939030154	0.142	0.232	1	2	PAFAH1B1
0.00913824416708593	-0.673988766875016	0.097	0.16	1	2	SMCHD1
0.0023512224297547	-0.676271770694088	0.119	0.216	1	2	GRK5
0.00405104204223288	-0.676501079292025	0.119	0.223	1	2	STK3
0.000520877700112992	-0.678535295619829	0.188	0.307	1	2	ARHGEF7
0.00352403656342572	-0.678961359543332	0.205	0.328	1	2	SIPA1L1
0.000610718093024951	-0.68001951936845	0.273	0.414	1	2	MAGI1
0.00844078045001346	-0.682450345623212	0.08	0.152	1	2	IP6K2
0.00806007876036316	-0.682450345623212	0.182	0.265	1	2	ABCB5
0.00133322702967915	-0.682450345623212	0.097	0.184	1	2	RGL2
0.00158640394932068	-0.682450345623212	0.381	0.49	1	2	NOS3
0.00372156525394516	-0.682450345623212	0.102	0.179	1	2	PKP4
0.00701230366516295	-0.689114075904223	0.119	0.208	1	2	NDUFB9
0.00303924940215814	-0.689718346087251	0.102	0.186	1	2	SNX27
0.000931442842754463	-0.69346333834563	0.125	0.24	1	2	TNKS
0.00138903678275748	-0.693855108895461	0.199	0.324	1	2	DST
0.00657923384384533	-0.69521764169709	0.114	0.215	1	2	PCDH12
0.00542778760356867	-0.69574716823667	0.114	0.2	1	2	GLG1
0.00736041951166675	-0.696125282520289	0.165	0.27	1	2	PLA2G4A
0.000786759465301999	-0.696525530834935	0.165	0.268	1	2	DEDD2
0.000575704282114544	-0.697781999379203	0.222	0.356	1	2	PLEKHG5
0.000536766569149279	-0.698391889492234	0.188	0.318	1	2	MICU2
0.000472847029136834	-0.703389683315575	0.188	0.305	1	2	THOC2
0.00174596283186403	-0.70629708757758	0.193	0.326	1	2	PPP4R1
0.00181566665375287	-0.706535964147525	0.159	0.248	1	2	ADAM15
0.00526437382191361	-0.707872942503119	0.114	0.207	1	2	PRKD2
0.000420327130584271	-0.708076153298706	0.136	0.253	1	2	USP7
0.00130693626749259	-0.708312408935178	0.176	0.302	1	2	MCC
0.00703051324581313	-0.708922556984403	0.085	0.156	1	2	EEIG2
0.000765155037728804	-0.70948055159236	0.193	0.32	1	2	AGAP1
0.00161530264465862	-0.710464721792808	0.239	0.364	1	2	ARAP3
0.000807944321583625	-0.710794971317174	0.256	0.393	1	2	NFX1
0.00837860466495389	-0.715240280740881	0.148	0.238	1	2	KDM4B
0.00270473240630579	-0.718429642728779	0.097	0.188	1	2	TGFBRAP1
0.00367100808067347	-0.721978709809849	0.142	0.23	1	2	NPTN
0.000964866594860798	-0.722743051571245	0.244	0.369	1	2	KIF1B
0.0072357313108465	-0.723235960469712	0.142	0.234	1	2	CNOT2
0.00382297107453522	-0.723673008349725	0.108	0.199	1	2	SGK3
0.00109238910294025	-0.723673008349725	0.21	0.343	1	2	TCF3
0.00190288084117455	-0.724575821295889	0.125	0.242	1	2	ZC3H13
0.000762221270078941	-0.72753823515175	0.188	0.321	1	2	FMNL3
0.0029706432558621	-0.728562270477524	0.301	0.45	1	2	MYOF
0.00918000580299711	-0.728843251107663	0.085	0.153	1	2	SRP68
0.00258931216401734	-0.729181395968203	0.125	0.227	1	2	TNS3
0.00213324848438399	-0.732203380820311	0.08	0.168	1	2	MFF
0.00183043796783788	-0.732855299060455	0.227	0.35	1	2	NCOA2
0.000209817782250635	-0.733008175508716	0.341	0.478	1	2	RAPGEF2
0.000268051163349942	-0.733980646263294	0.244	0.389	1	2	PTK2
0.00496149884902969	-0.734917765517347	0.085	0.158	1	2	DOCK7
0.00157471669931209	-0.734917765517347	0.131	0.23	1	2	DLG1
0.00858106826141185	-0.734917765517348	0.125	0.206	1	2	RAB31
0.000802724084573935	-0.735889604584673	0.216	0.368	1	2	ITPR2
0.00312916529654072	-0.737491709181174	0.085	0.173	1	2	ATG9A
0.00565376143957211	-0.738593423660746	0.131	0.221	1	2	EPS15L1
0.000392551609278192	-0.738801200004576	0.222	0.38	1	2	PPP1R12A
0.00173117264047697	-0.739594252726821	0.136	0.262	1	2	DENND4A
0.0002403291505746	-0.740966810190152	0.227	0.371	1	2	CD276
0.00122230224390873	-0.742007190303667	0.136	0.235	1	2	LGALS3
0.00126999875196395	-0.742259740858516	0.199	0.34	1	2	PRRC2A
0.00481009792678696	-0.742822963602694	0.176	0.291	1	2	FRYL
0.00138011602527978	-0.743091696963048	0.193	0.325	1	2	MEF2A
0.00492835132446309	-0.743850890287355	0.108	0.202	1	2	WASHC4
0.00365703590901763	-0.745186100971175	0.091	0.171	1	2	NOS1AP
0.00708936718826877	-0.747741805874931	0.119	0.215	1	2	AP2B1
0.000249652613378854	-0.74841360800157	0.188	0.326	1	2	AP3D1
0.0053311703646943	-0.748723565042378	0.125	0.222	1	2	FKBP15
0.00391739705072889	-0.749564541481749	0.142	0.236	1	2	PARP4
0.0037475566479732	-0.749564541481749	0.176	0.271	1	2	LOC138473015
8.65286008498721e-05	-0.750389174279788	0.227	0.377	1	2	RALGAPA1
0.00659555281088261	-0.750514620568366	0.114	0.199	1	2	DNTT
0.00944026481702109	-0.753085888216272	0.159	0.255	1	2	GIGYF2
0.000467403163504987	-0.755979381045177	0.153	0.287	1	2	CLASP2
0.00101450598410797	-0.756832541945788	0.085	0.181	1	2	EDC4
0.0090767600245319	-0.757147712900813	0.125	0.207	1	2	CHMP5
0.00614597392817992	-0.760452857624485	0.125	0.219	1	2	DLC1
0.000733371308149713	-0.760452857624485	0.239	0.404	1	2	PLCG1
0.0021280523263716	-0.760452857624486	0.102	0.184	1	2	KMT2B
0.00965572900650302	-0.765866353810849	0.142	0.239	1	2	NPEPPS
0.00447002046818118	-0.766766631556687	0.131	0.206	1	2	RALGAPA2
9.80762886524928e-05	-0.766766631556688	0.21	0.36	1	2	SHE
0.00856946074247631	-0.767339243209725	0.051	0.103	1	2	VPS35L
0.00113181166885322	-0.768423568733065	0.142	0.279	1	2	JUN
0.00749531418600189	-0.773790657161638	0.085	0.154	1	2	MBD2
0.0031834030229043	-0.774747192943994	0.176	0.308	1	2	PRKACA
0.00487171643796293	-0.775214235693586	0.25	0.372	1	2	SELE
0.00275379931182616	-0.775559750014693	0.114	0.218	1	2	KMT2D
0.00114688632498618	-0.775559750014694	0.193	0.304	1	2	GALNT1
0.000489316044389164	-0.779629414323741	0.256	0.394	1	2	SMAD1
0.00243454917772866	-0.780005655045886	0.131	0.235	1	2	SRPK2
0.00556569890760003	-0.78056043107306	0.148	0.25	1	2	USP32
0.00248836137773679	-0.781986019174126	0.142	0.252	1	2	DGCR2
0.00464732460847722	-0.782330707992129	0.159	0.253	1	2	OSBPL8
0.00624698487777628	-0.785543838587315	0.17	0.299	1	2	MMP2
0.000420826529653696	-0.785543838587316	0.136	0.254	1	2	CGNL1
0.000110456944102858	-0.787319463477167	0.239	0.387	1	2	NOTCH1
0.00591074343280904	-0.787319463477167	0.125	0.242	1	2	ZFPM1
0.00582587046400777	-0.790510091480665	0.097	0.182	1	2	DHX38
0.00108966120076016	-0.79456071194475	0.159	0.268	1	2	MEF2D
0.00253998861570676	-0.79456071194475	0.091	0.171	1	2	SP140
0.00466907435050845	-0.79456071194475	0.108	0.199	1	2	KANSL1
0.00511623202005519	-0.797927563043148	0.08	0.151	1	2	ALG1
0.000494996055501714	-0.799688020907586	0.176	0.318	1	2	ZZEF1
0.00854916059904169	-0.800101934277485	0.17	0.278	1	2	ROCK1
0.00462312582770228	-0.802431766017736	0.205	0.313	1	2	ICAM5
0.000327604189640546	-0.803202505083822	0.125	0.239	1	2	RALGPS2
0.00757280003268834	-0.803756641845345	0.097	0.175	1	2	MAP2K4
0.00111989464531188	-0.804291468558009	0.131	0.24	1	2	EXT1
0.00733400521214688	-0.805307093408746	0.068	0.141	1	2	ARHGAP32
0.000639165789658562	-0.80625654723761	0.148	0.264	1	2	OGT
0.00137486566902223	-0.806439062898666	0.125	0.224	1	2	PLCL2
0.0029430710579312	-0.806708448585358	0.097	0.188	1	2	CNKSR3
0.00122285212798403	-0.806829191359909	0.244	0.408	1	2	LRCH1
0.00231015623474777	-0.806889169497643	0.824	0.842	1	2	unassigned-gene-2
0.000473520275622107	-0.808379927458369	0.25	0.444	1	2	DGKZ
0.000955471752492532	-0.810205892821585	0.097	0.219	1	2	ELF2
0.000262466901962226	-0.810994466244273	0.142	0.271	1	2	HIBADH
9.19010268577231e-05	-0.811602499940225	0.261	0.429	1	2	DIAPH2
0.00632491473379897	-0.812085626039808	0.057	0.123	1	2	SETX
0.00907533087564543	-0.816306092358003	0.108	0.205	1	2	TNFRSF3
0.00683790078730253	-0.81737992570932	0.091	0.161	1	2	UBQLN1
0.00263486927794112	-0.818912588172484	0.125	0.23	1	2	PSME4
0.00268034229964662	-0.819953869373147	0.097	0.183	1	2	GSK3B
0.00169063860178759	-0.82286546479305	0.119	0.211	1	2	BCAS3
0.0067651987420634	-0.82286546479305	0.125	0.206	1	2	EHBP1
0.000121010805493702	-0.824111494846803	0.193	0.333	1	2	PARD3
0.000999310990088594	-0.824352849099292	0.182	0.301	1	2	ARHGEF28
0.000944554530484532	-0.825215232212924	0.227	0.36	1	2	CUL9
0.00843647042344984	-0.827567053483022	0.114	0.19	1	2	SLAMF8
0.00034343719192923	-0.829636422770486	0.142	0.264	1	2	PTPN11
0.000202613562721767	-0.829792061698399	0.142	0.277	1	2	STAT5B
0.000634216623986893	-0.829937957945769	0.153	0.28	1	2	AKAP7
0.00479049898586684	-0.834453439068262	0.085	0.163	1	2	DPY19L4
0.00176471643416801	-0.834453439068262	0.102	0.205	1	2	LARP1
0.00416148193079596	-0.834453439068262	0.097	0.198	1	2	ZNF91
0.00489638947907397	-0.834453439068262	0.102	0.171	1	2	TBC1D5
0.00722529468433648	-0.834453439068262	0.051	0.107	1	2	GLE1
0.000172870155991891	-0.837455927229786	0.21	0.377	1	2	PKN1
0.000290671512640644	-0.838455369625758	0.165	0.311	1	2	ASAP2
0.0043337284086522	-0.842026658773062	0.102	0.174	1	2	EPB41L5
0.005980285804658	-0.842446229821793	0.097	0.172	1	2	PINX1
0.00506864533019042	-0.842915017816458	0.08	0.163	1	2	SYNRG
0.00973035368372998	-0.84403948789746	0.068	0.14	1	2	NBAS
0.000102658627513727	-0.845300821305254	0.244	0.412	1	2	DAAM1
0.00093771438134803	-0.845949077906091	0.114	0.226	1	2	LAMB2
0.00290106802327416	-0.845949077906091	0.131	0.237	1	2	TLE5
0.00445483294560114	-0.848128375965338	0.102	0.194	1	2	TBL1XR1
0.00617922293681235	-0.850394982937283	0.08	0.167	1	2	RIC1
0.00107772230356259	-0.853993625463907	0.108	0.2	1	2	NHSL1
0.000520320461420795	-0.856479745398261	0.176	0.319	1	2	TAOK3
0.00330617096833409	-0.859328107707291	0.119	0.215	1	2	KAT7
0.00121200072788465	-0.859482233559784	0.176	0.32	1	2	OSBPL9
0.00297192240520466	-0.859690730567285	0.08	0.166	1	2	RAD54L2
0.000272031663672975	-0.860925650429453	0.125	0.248	1	2	SMARCAD1
0.00503968628504911	-0.861253498411977	0.08	0.155	1	2	RNF123
0.00839523576136568	-0.861674907803287	0.108	0.197	1	2	PPFIA1
0.00941577282630643	-0.863022591265032	0.051	0.1	1	2	PYM1
0.00181004966112024	-0.863022591265033	0.068	0.145	1	2	USP6NL
0.00212744711759678	-0.864200782462314	0.119	0.219	1	2	CUL5
0.00149419904267291	-0.86687491676064	0.108	0.215	1	2	NUP188
0.000444624952379481	-0.868005998779288	0.08	0.169	1	2	SPPL3
0.000216910699899135	-0.868224175723506	0.176	0.313	1	2	PTPRB
0.00351365872182394	-0.8684007709916	0.108	0.197	1	2	CLEC2L
0.00924028898073351	-0.868669154406175	0.131	0.231	1	2	SBF2
0.0010438882585007	-0.869359054016464	0.222	0.356	1	2	KLHL4
0.00192793662540039	-0.870077348798984	0.097	0.202	1	2	GSTK1
0.000666097852488261	-0.87121198907838	0.136	0.272	1	2	KIF13A
8.68340917811136e-05	-0.871380008066619	0.125	0.247	1	2	CAMTA2
0.00261676235877247	-0.871606437485728	0.119	0.222	1	2	PHF20
0.00604374319689124	-0.87327268795879	0.045	0.108	1	2	UBE2E2
0.00608359191067338	-0.87327268795879	0.051	0.112	1	2	AGGF1
0.0060689012215399	-0.875930075044421	0.114	0.218	1	2	DGKH
0.0025502860978673	-0.877706637022146	0.114	0.216	1	2	PPFIBP1
0.00175481141750734	-0.87817481649758	0.136	0.239	1	2	HUWE1
0.00823550011157866	-0.87817481649758	0.068	0.128	1	2	MTREX
0.00501914614306031	-0.881759153846618	0.085	0.17	1	2	PHLDB1
9.15518669519594e-05	-0.881759153846619	0.159	0.31	1	2	RAI1
0.00162658937098295	-0.881759153846619	0.102	0.199	1	2	CORO1C
0.00538012224642086	-0.881759153846619	0.051	0.118	1	2	POLR3B
0.00806504053146771	-0.884084206792863	0.102	0.194	1	2	CPT1A
0.00749531418600189	-0.884494121567857	0.085	0.163	1	2	USP24
0.00930506553285035	-0.887564775527824	0.074	0.155	1	2	PFKP
0.00343563633614825	-0.888392246179066	0.108	0.201	1	2	VPS41
0.000573190250043259	-0.888901223090638	0.119	0.238	1	2	NDST2
0.0034340866966676	-0.889494802626224	0.097	0.184	1	2	RPE
0.0048724576204584	-0.889494802626224	0.085	0.171	1	2	RELCH
0.000148987696995073	-0.892297513640546	0.097	0.202	1	2	BMPR2
0.00101208055231824	-0.892297513640546	0.114	0.209	1	2	SIPA1L3
0.0025700281324842	-0.892668053013558	0.08	0.165	1	2	TTC7B
0.00502324271107302	-0.893347128121831	0.125	0.225	1	2	PKN2
0.00950553261691493	-0.895653595505	0.148	0.249	1	2	PEAK1
0.00439277319234319	-0.895853983732405	0.125	0.222	1	2	RAB3D
0.000740669013409629	-0.897718332526278	0.136	0.263	1	2	CYTH1
0.00240319758563355	-0.89795638137442	0.091	0.198	1	2	POU2F1
0.00310001774748527	-0.89795638137442	0.102	0.191	1	2	SMAD4
0.000863892471677382	-0.899106397410516	0.125	0.229	1	2	PXN
0.0094462031159827	-0.899548467290147	0.068	0.125	1	2	URI1
0.000325321715676759	-0.900255497464008	0.176	0.301	1	2	PTGS1
0.00760419084318946	-0.900795933896958	0.085	0.166	1	2	CRYBG1
0.00296423006045117	-0.902984820739078	0.193	0.324	1	2	AHR
0.00322586944496742	-0.90484276695966	0.068	0.149	1	2	ESYT1
0.00389799129189534	-0.90484276695966	0.051	0.1	1	2	KLHDC3
0.000161683447526269	-0.906517398651914	0.193	0.338	1	2	RGL3
0.00519552641232919	-0.908110480793571	0.102	0.204	1	2	ANKRD52
0.00360855927953478	-0.910117709000335	0.068	0.132	1	2	ITPRIP
0.00288495160788055	-0.911074720671174	0.051	0.109	1	2	GPATCH8
0.00055219471020641	-0.911475859292107	0.136	0.247	1	2	HAPLN1
0.000348664255822865	-0.912902536753611	0.165	0.313	1	2	DOCK6
0.00281596381037489	-0.918517703856737	0.074	0.155	1	2	FXR2
0.00489848988553615	-0.918517703856737	0.074	0.145	1	2	LOC138471647
0.000134604583266072	-0.919489542924061	0.142	0.266	1	2	CREBBP
0.00510329902853742	-0.920029170774336	0.097	0.179	1	2	GORASP2
0.00991371519019899	-0.920029170774336	0.091	0.178	1	2	CTDP1
0.00365847975542682	-0.920610082817976	0.068	0.136	1	2	FOCAD
0.00885136914214011	-0.920610082817976	0.057	0.129	1	2	MED12
0.00215425861656178	-0.921107821322444	0.097	0.2	1	2	ZNF25
0.00948709400137557	-0.921916280318601	0.04	0.085	1	2	ATRIP
0.0051713717844475	-0.923458445127007	0.051	0.116	1	2	APIP
0.00019030187044804	-0.924338942585457	0.125	0.246	1	2	LOC138550342
0.00411861497335836	-0.924338942585457	0.074	0.141	1	2	FBRSL1
0.000887401130807701	-0.925827792088996	0.131	0.245	1	2	KDM2B
0.00764912631504409	-0.925827792088996	0.131	0.241	1	2	XRN1
9.91062367209178e-05	-0.926153273205072	0.136	0.293	1	2	GIT2
0.00189001244443136	-0.927562843459743	0.091	0.177	1	2	CAMSAP1
0.000798361747216785	-0.927562843459744	0.114	0.234	1	2	ITGAV
0.00171001579194607	-0.930377859066797	0.068	0.155	1	2	NSD1
0.00401943117061228	-0.930377859066797	0.08	0.152	1	2	SNX25
0.00102262619689926	-0.931477893463127	0.114	0.223	1	2	NEDD4L
0.00159830378391781	-0.931477893463127	0.108	0.224	1	2	KDM3B
0.00932067209703021	-0.932857143129256	0.08	0.17	1	2	FBXO11
0.0012556172061322	-0.933989112619176	0.051	0.132	1	2	THBD
0.00327473766023503	-0.935057380006667	0.091	0.183	1	2	PUM3
0.00066880348511189	-0.93531511918393	0.142	0.263	1	2	ARHGEF1
0.0021754406495918	-0.935736774905444	0.119	0.213	1	2	ITCH
0.0089609763316678	-0.936551626686998	0.057	0.121	1	2	AHRR
0.00421976841561733	-0.938790098882998	0.068	0.154	1	2	EXD3
0.000712008566361756	-0.940386883817327	0.091	0.211	1	2	SPTLC1
0.00410857713805554	-0.941836974441861	0.114	0.206	1	2	ZMYM4
0.00323392579363164	-0.942513184925715	0.085	0.172	1	2	THSD1
0.00369937435176805	-0.943575161448374	0.068	0.142	1	2	CNNM4
0.00752740317089802	-0.945484751457006	0.097	0.165	1	2	MPEG1
0.000985487169675728	-0.947153571817624	0.074	0.158	1	2	RAPGEF1
0.0058163180038571	-0.947153571817624	0.085	0.165	1	2	CEP85L
0.000120285575990439	-0.948820464020262	0.17	0.33	1	2	PALD1
8.94532429755051e-05	-0.949930656488198	0.193	0.377	1	2	IGF2BP2
0.000421069665814829	-0.949930656488198	0.108	0.233	1	2	RERE
0.00554044207903262	-0.951098357920532	0.097	0.184	1	2	ASXL1
0.00107932638890027	-0.951636978438601	0.131	0.256	1	2	MAP4K2
0.00917141266873448	-0.951636978438601	0.062	0.129	1	2	NBEA
0.00497920435721667	-0.952148481738017	0.102	0.194	1	2	WNK3
0.00216267380034314	-0.953097935566881	0.057	0.131	1	2	NRARP
0.00167187085399638	-0.954362902803459	0.148	0.282	1	2	PDE8A
0.00572084589154994	-0.954747672785974	0.125	0.226	1	2	AP2A2
0.000708435519729483	-0.955468840029628	0.114	0.232	1	2	AMFR
0.00259638746999536	-0.955468840029628	0.119	0.233	1	2	SETD5
0.00146551198819128	-0.956443963446872	0.085	0.174	1	2	ZNF583
0.000511249141105924	-0.957835854573544	0.131	0.272	1	2	MINK1
0.00106613961121677	-0.958781574070464	0.091	0.206	1	2	CLTCL1
0.00156929825366701	-0.958781574070464	0.085	0.203	1	2	LPCAT4
0.00137592502631529	-0.959208470076209	0.159	0.287	1	2	ARHGEF3
0.00456862721865517	-0.959984321152121	0.045	0.116	1	2	CHAF1B
0.00855988550666542	-0.961832745544489	0.057	0.14	1	2	NUP205
0.00927417019870374	-0.961832745544489	0.062	0.134	1	2	RIT1
0.0017826022348308	-0.962208986266635	0.131	0.239	1	2	MBOAT2
0.00411860886347782	-0.962558264815947	0.074	0.148	1	2	SHMT1
0.0020622059377527	-0.962558264815947	0.125	0.239	1	2	RAPGEF4
0.00421351063827122	-0.963736456013228	0.08	0.163	1	2	IL1R1
0.00562522900715073	-0.964652162194963	0.085	0.172	1	2	MPRIP
0.000298636227429282	-0.965215384939142	0.182	0.322	1	2	MGAT4D
0.00064625380822794	-0.965697972346514	0.102	0.206	1	2	HECW2
0.00136748087025963	-0.965697972346514	0.097	0.214	1	2	TCF7L2
0.00132285951249982	-0.966903735091912	0.119	0.24	1	2	HDAC5
0.000102565871624245	-0.967427304337683	0.136	0.292	1	2	GNB2
0.000111139091254684	-0.967852564485461	0.148	0.287	1	2	ATP8B2
0.000332803368397391	-0.971956962818197	0.102	0.212	1	2	OXR1
0.000344108911363723	-0.971956962818197	0.136	0.264	1	2	STAG1
0.00125379755662233	-0.971956962818197	0.091	0.191	1	2	UBR5
0.00144096596597566	-0.971956962818197	0.085	0.175	1	2	LMBRD1
0.00176682216839332	-0.971956962818197	0.074	0.166	1	2	NR3C2
0.00496408285039902	-0.971956962818197	0.08	0.164	1	2	KIF3A
0.0094037402233891	-0.971956962818197	0.04	0.087	1	2	POLR1A
0.000127917108605368	-0.971956962818197	0.176	0.334	1	2	RCAN1
0.000458565852826432	-0.971956962818197	0.114	0.219	1	2	FLT1
0.00666207032018924	-0.971956962818197	0.062	0.133	1	2	BRAF
0.000396499175195748	-0.976181548679922	0.136	0.257	1	2	NHERF2
0.00103730894345836	-0.977648074896053	0.119	0.227	1	2	RABEP1
0.000908461489449799	-0.977906229149383	0.114	0.216	1	2	SETD1A
0.00202500964334741	-0.978188916529712	0.091	0.18	1	2	DEPP1
0.000727167947043223	-0.978499808684969	0.091	0.204	1	2	ATXN2L
0.00410409251781952	-0.978499808684969	0.102	0.196	1	2	PPP1R37
0.000962687533095825	-0.979651354608198	0.068	0.171	1	2	SLC38A9
0.000120217082198413	-0.980130894263897	0.159	0.298	1	2	CCDC80
0.00237502881772221	-0.980130894263897	0.068	0.166	1	2	ZFC3H1
0.00281217612376545	-0.980130894263897	0.062	0.164	1	2	MAP3K11
0.00405934260563986	-0.981294827397533	0.074	0.146	1	2	ANKRD12
0.00129003811242072	-0.982845278960933	0.051	0.125	1	2	LOC138513380
0.00822465877939716	-0.987304927151633	0.085	0.161	1	2	NFKB1
0.000135202615483154	-0.98792791972998	0.216	0.391	1	2	FGD5
9.96917168796415e-05	-0.988258775147298	0.114	0.243	1	2	ITSN2
0.00192324028387409	-0.988258775147298	0.125	0.228	1	2	IL13RA1
0.00150317919676222	-0.988781585459556	0.148	0.286	1	2	NCOR2
0.000135539823128671	-0.989339041046434	0.142	0.275	1	2	ZNF407
0.00594893352099403	-0.989339041046434	0.074	0.156	1	2	CUL2
0.00196868017574037	-0.989731664546173	0.114	0.231	1	2	APBB1
0.000188797735158873	-0.990572640985544	0.131	0.279	1	2	ATXN2
0.0016578952612833	-0.991359494040713	0.193	0.305	1	2	TIMP1
0.00186830463297929	-0.991994716054742	0.057	0.138	1	2	MEGF8
0.00796823530173841	-0.993652033917516	0.085	0.182	1	2	CSNK1G1
0.0016184962790795	-0.994587937317765	0.125	0.23	1	2	CHD1
0.00170809364138842	-0.994918111261508	0.085	0.175	1	2	NUP160
0.00481566721986441	-0.996341121445156	0.08	0.165	1	2	WWP1
0.00402465599984279	-0.997952171351141	0.102	0.19	1	2	FHOD1
0.00141875719332789	-0.998840256969144	0.131	0.25	1	2	PIM1
0.00507653373214425	-0.999025206016368	0.102	0.224	1	2	DVL1
0.00188241983497942	-0.999307450963152	0.097	0.201	1	2	MRPL23
0.00516671601071884	-0.999307450963152	0.085	0.182	1	2	OSBPL10
0.00400255652586484	-1.00249133096631	0.085	0.181	1	2	PHKB
0.0022148473335601	-1.00285097076398	0.102	0.218	1	2	ZMYM2
0.00693514992254355	-1.00285097076398	0.108	0.201	1	2	RNF38
0.00472921122908162	-1.00437844051057	0.057	0.125	1	2	CTDSP1
0.00100095312357234	-1.00577167581044	0.119	0.237	1	2	KAT6A
0.00994559467628832	-1.00729003593048	0.045	0.112	1	2	NEMF
0.00338871110255689	-1.0089511703004	0.051	0.131	1	2	MAP3K15
0.00342815209550658	-1.0089511703004	0.074	0.152	1	2	GOLM1
0.00842654340315453	-1.0089511703004	0.062	0.146	1	2	FN3K
0.000175699482164085	-1.01502568471008	0.097	0.221	1	2	NCOA3
0.00929330972376022	-1.01502568471008	0.045	0.099	1	2	FAM210A
0.00231873793889207	-1.01805337740765	0.062	0.144	1	2	LMBRD2
0.00643755819565257	-1.01887801020569	0.057	0.121	1	2	PHACTR4
0.000315850143682911	-1.01973268738761	0.125	0.249	1	2	EPB41L2
0.00982403238180867	-1.02153899166876	0.068	0.139	1	2	SLC25A22
0.00204236332992895	-1.02208044224403	0.08	0.189	1	2	ANKRD28
0.000769451005236984	-1.02348726345828	0.091	0.194	1	2	MYO1E
0.000200297334033232	-1.02463727949437	0.108	0.225	1	2	SCRIB
0.00523445524100721	-1.02559492642027	0.062	0.131	1	2	FAM222A
0.000480801238690835	-1.02614906318179	0.08	0.198	1	2	GON4L
0.00266260911087597	-1.02614906318179	0.097	0.202	1	2	WASF2
0.000533637512849378	-1.02802302523896	0.188	0.33	1	2	RFTN1
0.00134919211822282	-1.02822518246494	0.08	0.176	1	2	USP25
0.000661995343137881	-1.03076173110124	0.25	0.361	1	2	PDGFD
0.000756200948435774	-1.03125414650197	0.057	0.141	1	2	DUS2
0.0067540771276264	-1.03125414650197	0.062	0.142	1	2	CHD8
0.00453443663419857	-1.03189950327448	0.068	0.159	1	2	ZFR
0.000736812330065857	-1.03278215551424	0.08	0.178	1	2	DOCK11
0.000208445867190257	-1.03406246476042	0.153	0.294	1	2	ETS1
0.000228570467739668	-1.03608730023791	0.062	0.181	1	2	TDRD7
0.00491372028406513	-1.03608730023791	0.057	0.134	1	2	COP1
0.00787126495769131	-1.03608730023791	0.04	0.09	1	2	XKR8
0.00668295070060041	-1.04026297620911	0.068	0.16	1	2	VTI1A
0.0002714569653297	-1.04234629070959	0.097	0.213	1	2	ARFGEF1
0.000509860339747713	-1.04234629070959	0.097	0.207	1	2	TTC17
0.00236085446072854	-1.04359483690685	0.131	0.249	1	2	TRAPPC9
0.00122126772507465	-1.04502042500792	0.114	0.224	1	2	ZNF208
0.00314802085054114	-1.04857824442111	0.102	0.203	1	2	NEDD4
0.000520313977026512	-1.04995947481947	0.08	0.184	1	2	COBLL1
0.00455914704263545	-1.0530937255436	0.057	0.124	1	2	HDAC6
0.00342815209550658	-1.05389857635437	0.074	0.158	1	2	CCM2
0.00103521552959473	-1.05441912301017	0.085	0.184	1	2	GOLGA4
0.00835327387199699	-1.05441912301017	0.085	0.174	1	2	CCSER1
0.00070459835625419	-1.05684586040471	0.08	0.184	1	2	BICRA
0.00185709652462391	-1.05684586040471	0.091	0.193	1	2	TLK2
0.000179969438181534	-1.05684586040471	0.136	0.259	1	2	CDKAL1
0.00325039135276393	-1.06001313948339	0.062	0.137	1	2	FAM43A
0.00696907066457007	-1.06272242674138	0.074	0.157	1	2	ZNF282
0.00775532793189253	-1.06272242674138	0.074	0.154	1	2	VANGL2
0.00278914530015619	-1.06432098096686	0.057	0.129	1	2	ATP2C1
0.0031726466461675	-1.06432098096686	0.045	0.124	1	2	ZNF362
0.000235829184499301	-1.06455395553997	0.193	0.34	1	2	GGT5
0.00152961018942868	-1.06711419585854	0.08	0.178	1	2	RNF14
0.00343408199231518	-1.06711419585854	0.057	0.135	1	2	OGA
0.00582174370375567	-1.06711419585854	0.062	0.127	1	2	MAN1A2
0.00856349596607584	-1.06711419585854	0.062	0.131	1	2	ZNF236
0.001878720298599	-1.07149263636911	0.142	0.278	1	2	DNAJC13
0.000426156475936857	-1.07324029865538	0.108	0.222	1	2	FRAS1
0.000217790038210386	-1.07546153857206	0.119	0.236	1	2	BCL9
0.0076442622213155	-1.08020985347022	0.034	0.081	1	2	ATE1
0.000144674183303395	-1.08064983366298	0.25	0.42	1	2	CYSLTR1
0.00980533174516601	-1.08238095251185	0.034	0.09	1	2	EVA1B
0.00103802436209037	-1.0847767931525	0.091	0.206	1	2	RNGTT
0.000220337153825645	-1.08580603985442	0.165	0.307	1	2	SCAF8
0.000583477131853008	-1.08699547108441	0.108	0.233	1	2	BAZ2B
0.00743038815315851	-1.08743418023813	0.062	0.136	1	2	SIN3A
0.00288372570324972	-1.08821003131405	0.062	0.15	1	2	GGNBP2
0.00346207804693707	-1.08821003131405	0.068	0.145	1	2	ABI2
0.00190260781349885	-1.09748784490206	0.057	0.128	1	2	TAF12
0.00793270729427277	-1.09748784490206	0.051	0.119	1	2	SLC30A5
0.00821083551462768	-1.09748784490206	0.051	0.124	1	2	EIF4G3
0.000774991536439276	-1.09748784490206	0.108	0.217	1	2	VPS13A
0.000913670433975691	-1.10064818579538	0.165	0.256	1	2	SELP
0.00104620833969897	-1.10228883116588	0.125	0.249	1	2	GNAO1
0.00112645620117445	-1.10228883116588	0.125	0.256	1	2	ADGRA2
0.00147160199952476	-1.10454260243601	0.074	0.189	1	2	ATP9B
0.000620839667859229	-1.10498238144898	0.085	0.179	1	2	DENND6A
0.00119140039826742	-1.10604985840548	0.068	0.157	1	2	PDLIM7
0.00652061002066128	-1.10747193347468	0.062	0.141	1	2	USP5
0.000421571803869143	-1.10889260817431	0.097	0.218	1	2	RARA
0.000256343291130116	-1.11078466751551	0.074	0.199	1	2	ARHGEF11
0.000350048541492672	-1.11342938877108	0.068	0.161	1	2	AATK
0.00141505309488921	-1.11854946042989	0.085	0.189	1	2	FAR2
0.00324546297251392	-1.12020792140214	0.108	0.231	1	2	CNOT4
0.00290768488841278	-1.12133458685642	0.045	0.117	1	2	HERPUD2
0.000563532283050187	-1.12133458685642	0.097	0.217	1	2	SENP6
0.00113770863624058	-1.12257882586489	0.091	0.203	1	2	ARHGEF26
0.00411860886347782	-1.12302293700919	0.074	0.162	1	2	SLC38A10
0.00957083630498121	-1.12496858132416	0.068	0.148	1	2	TARBP1
0.00081716542681536	-1.12658075642238	0.148	0.265	1	2	HSPA1A
0.00458086901142276	-1.12723518829611	0.04	0.097	1	2	WDFY2
0.0060180663033168	-1.12990932259443	0.051	0.13	1	2	USP16
0.00033685094944592	-1.13143517682539	0.108	0.24	1	2	AMMECR1
0.00189567769666715	-1.13311175463278	0.051	0.12	1	2	GUSB
0.000462528642528771	-1.13457716363728	0.08	0.183	1	2	BTBD9
0.000599382552692313	-1.13457716363728	0.085	0.174	1	2	ATG4B
0.00352985053929862	-1.13457716363728	0.074	0.187	1	2	PHF14
0.000186524814212662	-1.13701620908869	0.068	0.171	1	2	IER2
0.0014659043234454	-1.13701620908869	0.057	0.143	1	2	KIAA0753
0.00231892970956839	-1.13701620908869	0.04	0.105	1	2	TTC27
0.00468997603113631	-1.13701620908869	0.04	0.103	1	2	SYNJ2
0.00942903468610412	-1.13701620908869	0.057	0.135	1	2	SBSPON
0.00112042844442964	-1.13930802059668	0.08	0.199	1	2	RAB35
0.000617003588965618	-1.13979864976002	0.062	0.159	1	2	MAML2
0.000151086224991717	-1.14111477730231	0.074	0.209	1	2	AHDC1
0.0024605139704708	-1.14350024265889	0.085	0.196	1	2	MAD1L1
0.00638837847303942	-1.14479355968041	0.011	0.06	1	2	SSH1
0.00222374564175081	-1.14673136392191	0.062	0.147	1	2	MED4
0.00496605843805305	-1.14673136392191	0.057	0.143	1	2	MAEA
0.00620230316326041	-1.14673136392191	0.062	0.137	1	2	LOC138513586
0.000132020098257614	-1.14724088009916	0.097	0.216	1	2	STXBP5
0.00324894640426549	-1.14811391797202	0.108	0.233	1	2	EYA3
0.00621390717355111	-1.14811391797202	0.034	0.083	1	2	ABL2
0.00911268231248766	-1.14995526479619	0.045	0.104	1	2	SUPT3H
0.00920269486692375	-1.14995526479619	0.045	0.104	1	2	KAT8
0.000552724034579989	-1.15112580850413	0.051	0.133	1	2	VPS50
0.000303448911590938	-1.15252920846002	0.205	0.36	1	2	ADD3
0.000779702793933122	-1.15252920846002	0.074	0.173	1	2	SNX14
0.000485233230004633	-1.15298295749376	0.08	0.2	1	2	LRRFIP2
0.00291667269657794	-1.15638153395562	0.085	0.185	1	2	KPNA6
0.00323218915994283	-1.15638153395562	0.074	0.165	1	2	SUGP1
0.00825984949008973	-1.16022360025002	0.08	0.152	1	2	TNFAIP2
0.000826227452547369	-1.16161818232177	0.04	0.122	1	2	CLCF1
0.00542694973634506	-1.16277930515378	0.045	0.106	1	2	EVI5L
0.00222341113341698	-1.16357703535983	0.085	0.194	1	2	RAB10
0.0024222628065133	-1.16460204076059	0.085	0.194	1	2	TRBC2
0.00273373876060418	-1.16596758278482	0.057	0.135	1	2	CPNE8
0.000192223579726856	-1.16596758278482	0.125	0.26	1	2	PRP4K
0.00162715214158363	-1.16787717279345	0.08	0.181	1	2	CTIF
0.00384118359999449	-1.16963763065789	0.057	0.154	1	2	CRTC2
0.00565432736699884	-1.17073682693269	0.034	0.098	1	2	SRC
0.000152691945010902	-1.17148842634583	0.085	0.204	1	2	SWT1
0.000729163864876855	-1.17148842634583	0.102	0.215	1	2	SIRT1
0.00127411864021661	-1.17203479826711	0.057	0.13	1	2	OTULIN
0.00352333849497914	-1.17203479826711	0.051	0.136	1	2	TPR
0.00505983948790791	-1.17203479826711	0.051	0.133	1	2	RAB3GAP1
0.00983253677552232	-1.17203479826711	0.051	0.133	1	2	ZC3H6
0.000607399914796278	-1.17549035690333	0.068	0.179	1	2	TP53I11
0.00389962691262755	-1.17549035690333	0.074	0.184	1	2	LOC138497215
0.0032617620284426	-1.17549035690333	0.045	0.111	1	2	ALDH16A1
0.00877754698784494	-1.17549035690333	0.062	0.145	1	2	YES1
0.000518305160701482	-1.17786126136608	0.085	0.188	1	2	TMEM150A
0.0075452547288313	-1.18237674248857	0.057	0.133	1	2	DOT1L
0.00305787971057147	-1.1849506861524	0.04	0.096	1	2	BCAR1
0.00806384138730873	-1.1849506861524	0.034	0.095	1	2	MAP3K20
0.000827558298348432	-1.18712505738673	0.062	0.158	1	2	DPP9
0.00291409299119773	-1.18712505738673	0.068	0.156	1	2	LIMD1
0.00106216763365845	-1.18809039368296	0.045	0.113	1	2	HEXB
0.00335376021904877	-1.18809039368296	0.04	0.11	1	2	VANGL1
0.00472689487813581	-1.18809039368296	0.04	0.104	1	2	ARHGEF15
0.00031150746451085	-1.1894103343431	0.097	0.231	1	2	ATP2B4
0.000665035229944482	-1.19059724929354	0.108	0.231	1	2	ABHD2
0.000691145992485788	-1.1926450779424	0.051	0.135	1	2	KLHL12
0.00924092311021688	-1.19702351845297	0.034	0.09	1	2	PIK3CG
0.000498769289462042	-1.19775196837548	0.114	0.252	1	2	ERI3
0.00914264222435588	-1.20284084504828	0.057	0.136	1	2	SNCAIP
0.00856347522005554	-1.20368724873398	0.062	0.149	1	2	SMC6
0.00287360570000751	-1.20440304881857	0.068	0.154	1	2	TUT4
0.000211927295921019	-1.20554759075951	0.074	0.184	1	2	COQ8A
0.000119289262024653	-1.20740553698009	0.091	0.23	1	2	EXOC4
0.000140874955749188	-1.21296506232199	0.097	0.226	1	2	ATP11B
0.00348156401876324	-1.21296506232199	0.045	0.125	1	2	ASGR1
0.000261092260100793	-1.21296506232199	0.068	0.173	1	2	BBS12
0.00535760883041417	-1.21296506232199	0.057	0.135	1	2	PPP6R2
0.00661054960184209	-1.21296506232199	0.045	0.116	1	2	BPNT1
0.00918211910802629	-1.21296506232199	0.028	0.082	1	2	CLU
0.00106996842696321	-1.21911728930359	0.085	0.206	1	2	GAB2
0.00057727251234175	-1.22087026040734	0.074	0.169	1	2	PPP1R12B
0.00168031940996256	-1.22147656217751	0.062	0.16	1	2	TNFSF12
0.00110937916433876	-1.22524339210043	0.04	0.113	1	2	INTS6
0.00553699420089492	-1.22524339210043	0.045	0.116	1	2	INTS4
0.00924092311021688	-1.22873237818031	0.034	0.091	1	2	TMEM132A
0.00127803901814184	-1.22993814092571	0.068	0.16	1	2	BRWD1
0.00742214929566327	-1.22993814092571	0.057	0.141	1	2	TMEM100
0.00273435116758976	-1.23134359163685	0.023	0.075	1	2	RBM47
0.00705430501322735	-1.23134359163685	0.028	0.071	1	2	LIN7A
0.000466775814232761	-1.23241742498816	0.08	0.191	1	2	CELF2
0.000209564969085454	-1.23300281555854	0.051	0.139	1	2	RANBP3
0.000520187889841029	-1.23362453288809	0.08	0.196	1	2	RLF
0.000228143733755334	-1.23499136865199	0.091	0.234	1	2	FNBP1
0.000225184248990339	-1.23499136865199	0.08	0.191	1	2	SEC63
0.00100746868178414	-1.23499136865199	0.08	0.187	1	2	PRR12
0.00251930208594434	-1.23835038074191	0.068	0.161	1	2	UBE2E3
0.00307931415505553	-1.2388436941476	0.085	0.189	1	2	SEMA6C
0.000128158570880264	-1.2404457987441	0.068	0.195	1	2	FGD3
0.00102082009636742	-1.2404457987441	0.023	0.099	1	2	CPSF6
0.000729883988675936	-1.24949093834711	0.091	0.21	1	2	KDM5A
0.000321889741796882	-1.24949093834711	0.08	0.183	1	2	WDFY3
0.00757570242462438	-1.24949093834711	0.045	0.108	1	2	RNF125
0.00907529892675542	-1.25399233058205	0.04	0.097	1	2	RPRD2
0.00187419584253171	-1.25668643975131	0.051	0.129	1	2	RCOR3
0.00224874605237042	-1.25668643975131	0.051	0.129	1	2	CCDC90B
0.00720865924361367	-1.25668643975131	0.045	0.131	1	2	MADD
0.00983607980100142	-1.25668643975131	0.023	0.067	1	2	MAFG
0.00322818932609424	-1.25847972157436	0.051	0.154	1	2	GGA1
0.000703855925211323	-1.25975927380093	0.074	0.177	1	2	NAA15
0.00193812718532084	-1.25975927380093	0.068	0.177	1	2	HMGXB3
0.0090960715250243	-1.25975927380093	0.034	0.09	1	2	ANKRD27
0.00838319255342422	-1.26146358001318	0.04	0.112	1	2	USP45
0.00644334955818727	-1.26329673787214	0.068	0.156	1	2	ZNF644
0.00389799129189534	-1.26741284634437	0.051	0.13	1	2	TTC21B
0.000104633876445725	-1.26741284634437	0.068	0.193	1	2	UBE3C
0.00178028920688641	-1.26741284634437	0.04	0.103	1	2	LOC138570040
0.00453925587879793	-1.26741284634437	0.04	0.106	1	2	TMEM161B
0.00554344810089286	-1.26741284634437	0.04	0.107	1	2	BCL2L13
0.00772761923518507	-1.27333768030147	0.045	0.118	1	2	CCDC93
0.000312841852253641	-1.27502603045424	0.068	0.175	1	2	GRAMD4
0.00921784329512066	-1.27806009054388	0.051	0.131	1	2	BTBD8
0.00983607980100142	-1.27806009054388	0.023	0.068	1	2	ZNF777
0.000297000358028359	-1.27806009054388	0.097	0.224	1	2	KLF6
0.000669258635661414	-1.28304349805813	0.08	0.201	1	2	TRIO
0.000888314561185023	-1.28511484807783	0.045	0.121	1	2	NSMAF
0.00232226610214883	-1.28511484807783	0.04	0.116	1	2	AVEN
0.00733847080895123	-1.28511484807783	0.062	0.153	1	2	HIRA
0.00867895195589451	-1.28511484807783	0.028	0.078	1	2	IL1RAP
0.00867895517563136	-1.28511484807783	0.028	0.077	1	2	PPP2R5B
0.000740107450462016	-1.28862933225406	0.051	0.131	1	2	EHBP1L1
0.00093234622703202	-1.28862933225406	0.045	0.132	1	2	LETM1
9.62195497749898e-05	-1.29096757432326	0.085	0.213	1	2	LYN
0.000674151420778385	-1.29149846486868	0.051	0.138	1	2	TSPAN2
0.00163586694815518	-1.29149846486868	0.051	0.134	1	2	FAM110B
0.00658962545895414	-1.29149846486868	0.057	0.145	1	2	CLUH
0.0046267936746183	-1.29590140330406	0.062	0.154	1	2	FOXP1
0.00186172561298868	-1.29679665312546	0.045	0.12	1	2	LOC138526876
0.000271271342241791	-1.29762745939138	0.068	0.182	1	2	DCAF8
0.00622457261243192	-1.29912170607171	0.017	0.063	1	2	PNPLA2
0.00813322410247839	-1.29912170607171	0.023	0.069	1	2	LOC138521781
0.00983607980100142	-1.29912170607171	0.023	0.068	1	2	ACLY
0.000369089493813242	-1.30102123898719	0.051	0.142	1	2	KDM5B
0.00219497737773448	-1.30102123898719	0.057	0.142	1	2	PPIP5K2
0.00181266215344613	-1.30260227480667	0.062	0.158	1	2	VPS13D
0.00730501326189639	-1.30260227480667	0.028	0.081	1	2	FAM13A
0.000569440291800612	-1.3077055522924	0.08	0.21	1	2	CCDC50
0.000917117198924267	-1.30953832201704	0.102	0.234	1	2	MFSD11
0.00332685677098087	-1.31048156823625	0.051	0.138	1	2	PRKCH
0.0062145373270429	-1.31048156823625	0.057	0.137	1	2	SDR39U1
0.000323583168183736	-1.3112671359338	0.057	0.157	1	2	MED14
0.000202931586180374	-1.31193151312301	0.062	0.165	1	2	LACTB
0.000101783007135816	-1.3198802662385	0.08	0.198	1	2	MAP4K3
0.00544403461131353	-1.3198802662385	0.04	0.108	1	2	VPS9D1
0.00554344810089286	-1.3198802662385	0.04	0.112	1	2	RABGGTB
0.00720418407902214	-1.3198802662385	0.028	0.08	1	2	ABCC3
0.00930055980311843	-1.3198802662385	0.017	0.068	1	2	NCKAP5
0.000305888343461055	-1.3198802662385	0.08	0.182	1	2	RNF216
0.00117600373605906	-1.3198802662385	0.034	0.097	1	2	MOSPD1
0.00752316201136454	-1.3198802662385	0.034	0.094	1	2	KIF16B
0.000619677902879615	-1.33014860169233	0.051	0.138	1	2	EP400
0.00530809893304427	-1.33014860169233	0.051	0.13	1	2	PDE7A
8.62218866692732e-05	-1.33452704220291	0.108	0.247	1	2	DOCK4
0.00605771277441141	-1.33695377959745	0.028	0.085	1	2	MMS19
0.00977932877816479	-1.34034436879822	0.023	0.07	1	2	SPG7
0.000439261928937775	-1.34179504266694	0.068	0.179	1	2	SLC39A11
0.0032617620284426	-1.34260034273859	0.045	0.125	1	2	PKD1
0.0044930962871019	-1.34260034273859	0.045	0.12	1	2	RB1CC1
0.000955099415816787	-1.34902661189802	0.068	0.182	1	2	DIP2A
0.00641704784449655	-1.34902661189802	0.034	0.099	1	2	METAP1
0.00290368643005387	-1.35046858607193	0.045	0.135	1	2	RAB3GAP2
0.000816110978959925	-1.35382759816184	0.108	0.243	1	2	CHSY3
0.000773008009968988	-1.35382759816184	0.04	0.128	1	2	ZNF219
0.00137265942163252	-1.35801539512527	0.028	0.105	1	2	WDR59
0.00350422719734843	-1.36052225073585	0.074	0.174	1	2	PGM5
0.00362451179176002	-1.36338190487509	0.028	0.097	1	2	SCMH1
0.00258821987920057	-1.37050633930847	0.04	0.11	1	2	BOD1L1
0.00399716503289827	-1.37050633930847	0.023	0.085	1	2	AFG1L
0.00113713138848417	-1.37502182043096	0.051	0.148	1	2	MAST2
0.000964282789869288	-1.37759576409479	0.074	0.187	1	2	DENND5A
0.0090960715250243	-1.37759576409479	0.034	0.095	1	2	PABIR2
0.00930055980311843	-1.38042180817355	0.017	0.072	1	2	ANAPC13
0.000205778000843548	-1.38151933203089	0.091	0.228	1	2	HERC1
0.000599840923544904	-1.38699446209704	0.045	0.124	1	2	GALNT10
0.00501808199630913	-1.38699446209704	0.028	0.088	1	2	TRADD
0.0071135010671005	-1.38699446209704	0.023	0.082	1	2	ANKS1A
0.00715403923028207	-1.38699446209704	0.028	0.085	1	2	SHROOM2
0.000104746139957056	-1.38699446209704	0.074	0.184	1	2	ITPR3
0.00260482671943909	-1.3902695941299	0.051	0.134	1	2	STK25
0.004451464229019	-1.3902695941299	0.051	0.133	1	2	METTL15
8.60361456138654e-05	-1.39167094930651	0.062	0.184	1	2	ATG2B
0.00873699646702201	-1.39516839354274	0.017	0.058	1	2	FOXJ2
0.00216802738741655	-1.39516839354274	0.04	0.113	1	2	KIF2A
0.00361759952406222	-1.39516839354274	0.062	0.164	1	2	C2CD5
0.0053458287785554	-1.39516839354274	0.04	0.11	1	2	ADA
0.00030648578686587	-1.39660605688133	0.085	0.219	1	2	TBC1D4
0.000415334918088964	-1.40182187977468	0.057	0.151	1	2	POR
0.000659358389470082	-1.40182187977468	0.051	0.151	1	2	FAM135A
0.00284730167572199	-1.40329627442614	0.057	0.162	1	2	MGAT4C
0.00370247180157484	-1.40561014026439	0.028	0.101	1	2	LPCAT3
0.00246092714780868	-1.40653464849269	0.074	0.196	1	2	SYNE3
0.00183534756874816	-1.40734310748884	0.034	0.111	1	2	MAPKAP1
0.00102053336398987	-1.41064573016169	0.057	0.15	1	2	ITGA7
0.000416019024801793	-1.41159643533012	0.159	0.255	1	2	SLC16A2
0.000738776940211595	-1.41252955420418	0.068	0.181	1	2	BAHCC1
0.000136946239801951	-1.41406270529521	0.091	0.232	1	2	ATF7
0.00309624345975052	-1.41941593978942	0.057	0.157	1	2	BPTF
0.00453925587879793	-1.41941593978942	0.04	0.116	1	2	USP8
0.00207319644789835	-1.41941593978942	0.034	0.104	1	2	LOC138467158
0.0024981491701704	-1.41941593978942	0.028	0.099	1	2	DSP
0.0073947078141304	-1.41941593978942	0.011	0.045	1	2	PRDM4
0.0090392152017857	-1.41941593978942	0.011	0.045	1	2	PDLIM2
8.45424330213859e-05	-1.42626961083048	0.068	0.197	1	2	COMMD10
0.00758471653713899	-1.43309087668649	0.028	0.09	1	2	LOC138447888
0.00039361988079569	-1.43852476273712	0.051	0.139	1	2	SYTL3
0.000616284241803098	-1.44063242569911	0.028	0.112	1	2	ITGB3
0.00564861487300779	-1.44063242569911	0.045	0.132	1	2	DYNC2I1
0.000569886795618109	-1.44326268174379	0.04	0.118	1	2	SOS2
0.00899442589303029	-1.44326268174379	0.04	0.113	1	2	FBXO42
0.000157663447619857	-1.44326268174379	0.062	0.17	1	2	CASTOR1
0.000738669844289567	-1.44483853666933	0.08	0.203	1	2	TBC1D2
0.00115490324826451	-1.45594181581453	0.068	0.167	1	2	EML1
0.0037674630389472	-1.45738378998844	0.023	0.077	1	2	ZNF75A
0.00977932877816479	-1.45738378998844	0.023	0.074	1	2	BLTP2
0.00640067522612026	-1.46005792428676	0.028	0.105	1	2	CD82
0.00024104248786815	-1.46154141546209	0.04	0.137	1	2	MECP2
0.00231457542097749	-1.46313731721874	0.068	0.168	1	2	PRKCA
0.000257337907591214	-1.46672165456777	0.074	0.197	1	2	ARMC8
0.0024458300590298	-1.46672165456777	0.04	0.108	1	2	CD74
0.00302938492696573	-1.47830962884299	0.04	0.113	1	2	ARSG
0.000166817603770141	-1.48215169513738	0.074	0.206	1	2	TRPM7
0.00035002089214359	-1.48215169513738	0.04	0.134	1	2	FAM193A
0.00494800180107733	-1.48215169513738	0.028	0.089	1	2	LOC138581304
0.00601557495992388	-1.48215169513738	0.028	0.093	1	2	RARG
0.000152983444906261	-1.48653013564796	0.108	0.242	1	2	SERPINE2
0.00050865694017572	-1.48772195318033	0.057	0.156	1	2	MTSS1
0.00103642043850487	-1.48980526768082	0.04	0.123	1	2	PFKL
0.00046611775649354	-1.49603722139233	0.045	0.156	1	2	DENND1A
0.00056616563606917	-1.49603722139233	0.045	0.151	1	2	KLHL29
0.00184848728720601	-1.49603722139233	0.051	0.138	1	2	LOC138531582
0.00340863172742139	-1.49741845179069	0.028	0.093	1	2	TYW1
0.0040364013595307	-1.49741845179069	0.028	0.091	1	2	STRADA
0.00481444279723508	-1.4995862884734	0.023	0.103	1	2	SNX24
0.000789074553275056	-1.5125253441809	0.045	0.149	1	2	MKLN1
0.0083336354974428	-1.5125253441809	0.057	0.13	1	2	ADAM8
0.00604689417484305	-1.5125253441809	0.011	0.048	1	2	MITF
0.00715130177177616	-1.5125253441809	0.017	0.061	1	2	VPS26C
0.00750057812412422	-1.52250943275352	0.045	0.118	1	2	EPS8
0.00439932391074505	-1.52534938453848	0.034	0.108	1	2	LOC138516963
0.000185175014167508	-1.53044725217816	0.051	0.155	1	2	PITPNC1
0.00423261274346504	-1.53044725217816	0.017	0.079	1	2	TYK2
0.00977932877816479	-1.53044725217816	0.023	0.08	1	2	VPS11
0.000836234811304624	-1.5324249016186	0.034	0.138	1	2	AHCTF1
0.000250764601024576	-1.53489315720935	0.062	0.165	1	2	MAST3
0.00101689393961649	-1.53489315720935	0.04	0.127	1	2	BCLAF1
0.00374558213973393	-1.53489315720935	0.04	0.122	1	2	PI4KA
0.000170378031303086	-1.53690950280786	0.051	0.164	1	2	INPP5B
0.00209043207143659	-1.53806043628804	0.034	0.112	1	2	SCLY
0.000631213176698616	-1.53932540352461	0.045	0.148	1	2	CRAMP1
0.00489860761312031	-1.54227268757495	0.023	0.094	1	2	ZYG11B
0.00593175808690084	-1.54227268757495	0.028	0.093	1	2	DCBLD2
0.00208779638212906	-1.54594834571835	0.04	0.121	1	2	INPP4B
0.00207319644789835	-1.55066047306767	0.034	0.109	1	2	ACACB
0.00376463982602324	-1.55293961262681	0.051	0.128	1	2	MDM2
0.00018784974488564	-1.55355261244095	0.068	0.187	1	2	ADGRF5
0.000245218241065356	-1.55355261244095	0.062	0.181	1	2	DIAPH3
0.00524901443129056	-1.55691946353935	0.011	0.065	1	2	LOC138488678
0.00873699646702201	-1.55691946353935	0.017	0.064	1	2	LOC138515867
0.00106599528178936	-1.55691946353935	0.028	0.096	1	2	TMCO3
0.00127701561011208	-1.56176886320075	0.04	0.138	1	2	CEP112
0.00212558125050018	-1.56176886320075	0.045	0.135	1	2	GPD2
0.000790679450594869	-1.56315141725087	0.034	0.113	1	2	UHRF2
0.00308291806561448	-1.56563668064046	0.023	0.082	1	2	JADE1
0.0045727958253031	-1.56563668064046	0.023	0.082	1	2	APPL2
0.000855941285458209	-1.56780777968209	0.034	0.127	1	2	TANGO2
0.00039452296885857	-1.57141903323447	0.045	0.14	1	2	LOC138567561
0.00415258166103137	-1.57141903323447	0.028	0.097	1	2	GLA
0.00554540959442426	-1.5829146720723	0.023	0.084	1	2	TMUB1
0.00593175115126021	-1.58577432621154	0.028	0.097	1	2	IKBKB
0.000151220764448748	-1.58687268564098	0.057	0.189	1	2	ARID5B
0.00100721867569517	-1.58934094123173	0.04	0.129	1	2	TMEM269
0.000230356441017475	-1.59225253665163	0.057	0.169	1	2	KAT6B
0.0058252395649758	-1.59594135236854	0.102	0.214	1	2	CLCA1
0.000685311037216436	-1.59998818543124	0.04	0.126	1	2	SUZ12
0.00597358760076026	-1.59998818543124	0.028	0.1	1	2	CRYL1
0.00119602284933405	-1.61055742714143	0.04	0.127	1	2	FCHO2
0.000126209947699533	-1.61686200399564	0.051	0.163	1	2	DGKQ
0.00925776685244828	-1.61686200399564	0.017	0.081	1	2	ARHGAP44
0.000385375038616424	-1.62104980095907	0.04	0.132	1	2	VAC14
0.000815363022261847	-1.62104980095907	0.04	0.133	1	2	CEP350
0.00327792953102315	-1.62104980095907	0.017	0.069	1	2	FGD1
0.00487087908055894	-1.62104980095907	0.017	0.068	1	2	DOP1B
0.000441934581051754	-1.62403365939789	0.034	0.12	1	2	TMEM94
0.000543861849498687	-1.62800256160084	0.045	0.141	1	2	RASA2
0.000826411209729143	-1.63052255357935	0.057	0.168	1	2	ARHGAP6
0.000135013009707876	-1.63354074514227	0.045	0.161	1	2	ATG14
0.00171095035648001	-1.63354074514227	0.023	0.086	1	2	SMAD5
0.00725450617340623	-1.64180836112587	0.028	0.099	1	2	DOK1
0.00223944267606025	-1.64638109091569	0.045	0.153	1	2	PALM
0.000944630292375791	-1.64866203216693	0.062	0.178	1	2	OSBPL5
0.00449224950396105	-1.65002886793083	0.023	0.085	1	2	RBL2
0.00454589520681122	-1.65002886793083	0.023	0.086	1	2	PIGN
0.000324996739793021	-1.66227246368558	0.034	0.136	1	2	MARCHF6
0.00990096671441366	-1.66227246368558	0.04	0.107	1	2	LRG1
0.00157947863911004	-1.66633068025993	0.04	0.135	1	2	ELN
0.00664059442044867	-1.66633068025993	0.023	0.084	1	2	FTO
0.000673585795752547	-1.68245034562321	0.045	0.149	1	2	ANTXR2
0.000307202483107723	-1.69132849696966	0.045	0.145	1	2	PTPN14
0.000249543391011388	-1.69243443419583	0.04	0.134	1	2	LIN52
0.00418813569832108	-1.69385510889546	0.034	0.107	1	2	FRMD4B
0.00030795057345687	-1.69574716823667	0.023	0.105	1	2	MINDY3
0.000766898600525181	-1.69839188949223	0.023	0.089	1	2	KCNAB2
0.00169045593030964	-1.69839188949223	0.023	0.088	1	2	CEP290
0.000226461324453763	-1.70015234735667	0.045	0.154	1	2	EP300
0.00426875102666426	-1.70015234735667	0.045	0.14	1	2	ASAP3
0.00718468034909122	-1.70234990306092	0.017	0.072	1	2	NCAPG2
0.0005294624495017	-1.7051704221233	0.034	0.122	1	2	MYRIP
0.00734597015936399	-1.7089225569844	0.011	0.053	1	2	MTMR2
0.000271212040630436	-1.7089225569844	0.04	0.146	1	2	LOC138566346
0.000856413670780423	-1.72197870980985	0.028	0.104	1	2	FBXL20
0.00156502303699493	-1.72197870980985	0.028	0.106	1	2	TRIM37
0.00873699646702201	-1.72197870980985	0.017	0.073	1	2	ZNF665
0.000478731295647787	-1.73491776551735	0.028	0.106	1	2	DCAF6
0.000875410998290115	-1.73491776551735	0.028	0.11	1	2	IFNGR1
0.00900946932502688	-1.73491776551735	0.011	0.055	1	2	CIPC
0.000553535602332813	-1.74134403467678	0.04	0.139	1	2	SNX29
0.000895759236437702	-1.74134403467678	0.04	0.119	1	2	TIAM1
0.00140373889836423	-1.74518610097117	0.023	0.091	1	2	CHST14
0.000570822914166669	-1.75093008350598	0.034	0.133	1	2	GAB3
0.00107405660960883	-1.75093008350598	0.04	0.117	1	2	PDE4A
0.000173867919177774	-1.75199127887629	0.045	0.159	1	2	USP3
0.00105058298000391	-1.76045285762449	0.028	0.11	1	2	PPA2
0.00333637596484474	-1.76045285762449	0.028	0.104	1	2	PIK3CB
0.00582149215745388	-1.76045285762449	0.017	0.07	1	2	ITGB5
0.00897965524825312	-1.76045285762449	0.011	0.054	1	2	RNPC3
0.000434476766965301	-1.76045285762449	0.034	0.13	1	2	DCLK2
0.000862725073722734	-1.77305289440412	0.028	0.111	1	2	CDK5RAP2
0.00014195671759652	-1.77379065716164	0.074	0.203	1	2	NR6A1
0.00268631329840136	-1.7793118848758	0.017	0.077	1	2	WDR25
0.00877745827002902	-1.7793118848758	0.017	0.076	1	2	EIF2B3
0.00185962231521576	-1.78554383858732	0.028	0.104	1	2	DGKA
0.00409428753733515	-1.78554383858732	0.028	0.111	1	2	PUDP
0.0073947078141304	-1.78554383858732	0.011	0.058	1	2	PGAP1
0.00218973358151993	-1.79792756304315	0.017	0.077	1	2	DHRS7B
0.00336037750955184	-1.81020589282158	0.028	0.111	1	2	SETBP1
0.00159140289066106	-1.816306092358	0.062	0.171	1	2	FGL2
0.000370724611414448	-1.81995386937315	0.045	0.142	1	2	RASA4
0.000224155924350881	-1.83445343906826	0.023	0.094	1	2	SCYL2
0.000236686039211239	-1.83445343906826	0.034	0.133	1	2	RALGPS1
0.00331186774398024	-1.84642608073434	0.023	0.102	1	2	SORL1
0.000119258992382263	-1.85039498293728	0.045	0.161	1	2	SH3TC1
8.64004606229907e-05	-1.85491754162798	0.034	0.138	1	2	THADA
0.000306087870768398	-1.85830018102263	0.023	0.117	1	2	ABCB7
0.00492643061693845	-1.85830018102263	0.011	0.055	1	2	PLCL1
0.00494267543124146	-1.85830018102263	0.011	0.061	1	2	GPKOW
0.00395991205003598	-1.87007734879898	0.017	0.08	1	2	EDC3
0.00587648712863602	-1.87007734879898	0.017	0.08	1	2	DPHD
0.00328731088342554	-1.88175915384662	0.011	0.06	1	2	VPS37A
0.0049151153301955	-1.88175915384662	0.006	0.062	1	2	MTFR1
0.00734597426104733	-1.88175915384662	0.011	0.056	1	2	LOC138526789
0.00157056710019745	-1.88756477552782	0.04	0.122	1	2	ADAMTS15
0.00324734424123931	-1.88756477552782	0.017	0.08	1	2	TSC2
0.000512577036948728	-1.89103696743463	0.023	0.098	1	2	LOC138534787
0.000647864364598263	-1.89622963665495	0.023	0.108	1	2	ANKFN1
0.00571007712328938	-1.90484276695966	0.006	0.041	1	2	EXOSC5
0.00860504465533835	-1.90484276695966	0.006	0.041	1	2	LOC138503107
0.00494267543124146	-1.90484276695966	0.011	0.063	1	2	SPG11
0.0037674630389472	-1.91851770385674	0.023	0.103	1	2	SPOP
0.0002024424123024	-1.9219162803186	0.04	0.158	1	2	MIDEAS
0.00180055198010776	-1.9219162803186	0.017	0.084	1	2	ACSS2
0.00218973285268954	-1.92756284345974	0.011	0.062	1	2	ATPSCKMT
0.000931299056428082	-1.93206423569468	0.023	0.101	1	2	BARD1
0.00267377154532956	-1.938790098883	0.017	0.084	1	2	ETFDH
0.00267377154532956	-1.938790098883	0.017	0.082	1	2	FANCL
0.00402512943540347	-1.9499306564882	0.011	0.064	1	2	VPS45
0.000254891039207301	-1.9719569628182	0.017	0.103	1	2	ZNF773
0.000430840936214427	-1.9719569628182	0.017	0.084	1	2	ZNF512B
0.00401183286168144	-1.9719569628182	0.011	0.064	1	2	ALS2
0.00734597015936399	-1.9719569628182	0.011	0.064	1	2	LOC138567600
0.00119244903782669	-1.9882587751473	0.017	0.082	1	2	CDC14B
0.00176686535852421	-1.9882587751473	0.017	0.084	1	2	SETDB2
0.00715130177177616	-1.9882587751473	0.017	0.084	1	2	ECD
0.000561725777789918	-1.99365203391752	0.017	0.101	1	2	PCBP3
0.00403838196583714	-1.99365203391752	0.011	0.065	1	2	LOC138527462
0.0073947078141304	-1.99365203391752	0.011	0.067	1	2	ING4
0.000134254656753029	-2.00437844051057	0.023	0.126	1	2	PHF19
0.000386019106650073	-2.00437844051057	0.028	0.127	1	2	TTLL4
0.000692304158042442	-2.00437844051057	0.028	0.123	1	2	GSAP
0.00791915012148782	-2.02980103739048	0.051	0.146	1	2	SLC7A8
0.000253152043757928	-2.03608730023791	0.017	0.118	1	2	SLC9A9
0.00269236015961433	-2.03608730023791	0.011	0.069	1	2	RP2
0.00604689417484305	-2.03608730023791	0.011	0.068	1	2	WDR55
0.00120368792967769	-2.05168415528893	0.017	0.09	1	2	CPPED1
0.00399849282045791	-2.05684586040471	0.011	0.066	1	2	IL5RA
0.000341547439747795	-2.06096196887694	0.023	0.108	1	2	RXRA
0.000627213876076176	-2.06096196887694	0.023	0.107	1	2	ZNF451
0.00178974818374456	-2.06096196887694	0.017	0.078	1	2	SHISA6
0.000208886881259576	-2.06711419585854	0.028	0.131	1	2	DDHD2
0.00403838196583714	-2.07730996296443	0.011	0.069	1	2	EXOC3L1
0.00600705164284818	-2.07730996296443	0.011	0.067	1	2	MLST8
0.00602700067401123	-2.07730996296443	0.011	0.07	1	2	TXLNG
0.000350797068210608	-2.08238095251185	0.017	0.09	1	2	RUSC2
0.00145889646544123	-2.08238095251185	0.017	0.092	1	2	STX2
9.3326073201691e-05	-2.08743418023813	0.028	0.135	1	2	ANO10
0.000863506749822402	-2.09748784490206	0.045	0.15	1	2	VEGFA
0.0073947078141304	-2.09748784490206	0.011	0.072	1	2	ST3GAL3
0.00402512943540347	-2.11738740233976	0.011	0.072	1	2	RBM42
0.00491013620547045	-2.11738740233976	0.011	0.071	1	2	CDPK5
0.0090392152017857	-2.11738740233976	0.011	0.071	1	2	STX6
0.00216915955441991	-2.12723518829611	0.017	0.092	1	2	TBC1D30
0.00119244837277957	-2.14188196426051	0.017	0.088	1	2	PRR5L
0.00494267543124146	-2.15638153395562	0.011	0.074	1	2	TJAP1
0.00686700735052354	-2.19200544368635	0.04	0.132	1	2	SEMA3A
0.00862020496720356	-2.21296506232199	0.006	0.052	1	2	CYB561
0.000531287723446405	-2.21296506232199	0.017	0.103	1	2	SZT2
0.00217533503422401	-2.21296506232199	0.011	0.071	1	2	MYO7A
0.00569022418701979	-2.2404457987441	0.006	0.049	1	2	P2RY4
0.00602700067401123	-2.26741284634437	0.011	0.077	1	2	ACBD6
0.000292530828908938	-2.27629099769082	0.028	0.129	1	2	EPHB1
0.00179178585957384	-2.28511484807783	0.011	0.081	1	2	ANAPC4
0.00858975798350743	-2.29388505770556	0.006	0.052	1	2	LOC138489829
0.00219688700189661	-2.30260227480667	0.011	0.08	1	2	METAP1D
0.00249457391877569	-2.3198802662385	0.006	0.054	1	2	LOC138467135
0.00307155502593821	-2.3198802662385	0.006	0.053	1	2	STX3
0.00175654161283938	-2.37050633930847	0.011	0.072	1	2	TTC7A
0.00203243213633685	-2.37050633930847	0.006	0.057	1	2	GBE1
0.00463901890930561	-2.37050633930847	0.006	0.055	1	2	ZNF366
0.00249877709129721	-2.39516839354274	0.006	0.058	1	2	CLOCK
0.0030767194678398	-2.39516839354274	0.006	0.057	1	2	DTNBP1
0.000109670791374655	-2.411378620724	0.028	0.146	1	2	GRK3
0.0046469844346017	-2.41941593978942	0.006	0.06	1	2	ARL6IP6
0.00877958375457681	-2.41941593978942	0	0.029	1	2	LOC138514015
0.000272840894956481	-2.48215169513738	0.006	0.079	1	2	DKK3
0.00117871583380651	-2.48215169513738	0.011	0.089	1	2	PPP2R3A
0.00203243213633685	-2.5125253441809	0.006	0.062	1	2	IRF5
0.00701592996599159	-2.57861453463867	0.006	0.066	1	2	ARHGAP42
0.00877958375457681	-2.64180836112587	0	0.034	1	2	CALCOCO1
0.00462285518892983	-2.66227246368558	0.006	0.065	1	2	TMEM26
0.00170830383704959	-2.66902982986089	0.011	0.08	1	2	GALR1
0.00713054317858784	-2.68245034562321	0	0.035	1	2	KIZ
0.00713177513670784	-2.72197870980985	0	0.035	1	2	NKD1
0.00020595606584913	-2.72197870980985	0.006	0.074	1	2	AMMECR1L
0.00579300906140359	-2.76045285762449	0	0.037	1	2	MMAA
0.00877958375457681	-2.76045285762449	0	0.037	1	2	RARS2
0.0087809511620672	-2.76045285762449	0	0.036	1	2	NOS2
0.00108319425643554	-2.7793118848758	0.006	0.067	1	2	CXADR
0.00877958375457681	-2.83445343906826	0	0.04	1	2	RAP2B
9.56946141039777e-05	-2.83445343906826	0.017	0.131	1	2	PLEKHG4B
0.000719810252248054	-2.83445343906826	0.006	0.074	1	2	RAB40B
0.000586322876860813	-2.88756477552782	0.006	0.078	1	2	PRDM15
0.00713054317858784	-2.90484276695966	0	0.042	1	2	SPSB1
0.000501924249501056	-2.9499306564882	0.011	0.096	1	2	PGF
0.000384558401132094	-3.00437844051057	0.006	0.087	1	2	TEX264
0.00382763077993299	-3.00437844051057	0	0.042	1	2	LST1
0.000473107797375743	-3.0203199843796	0.006	0.077	1	2	MARCHF1
0.0047093346896232	-3.03608730023791	0	0.043	1	2	BMP6
0.00579411390215305	-3.03608730023791	0	0.043	1	2	FBXO10
0.000409495203827648	-3.04650391618325	0.011	0.103	1	2	PLCE1
0.00311062959458317	-3.06711419585854	0	0.046	1	2	KBTBD11
0.00470844187841958	-3.06711419585854	0	0.042	1	2	ANO7
0.00310985154899683	-3.09748784490206	0	0.048	1	2	RNFT2
0.000251486996621262	-3.14188196426051	0.006	0.082	1	2	ABLIM2
0.000896905471920348	-3.2404457987441	0	0.052	1	2	FOXRED2
0.00205489075565256	-3.39516839354274	0	0.059	1	2	MRPS7
0.00470933896167714	-3.39516839354274	0	0.052	1	2	CHAD
0.000480491780418947	-3.53489315720935	0	0.065	1	2	FAM124B
0.00135761551398048	-3.53489315720935	0	0.065	1	2	MRE11
0.00471151372146487	-3.57861453463867	0	0.052	1	2	TC2N
0.00110411881958871	-3.62104980095907	0	0.06	1	2	BCL2
0.000897540995743762	-3.64180836112587	0	0.06	1	2	SEMA3D
0.00167219892749599	-3.68245034562321	0	0.062	1	2	CYGB
1.05379223025363e-33	2.298666567812	0.591	0.14	1.26181081650569e-29	3	EMID1
3.71249831550159e-33	2.44566787356547	0.744	0.278	4.4453454829816e-29	3	PDGFD
1.79657269892414e-28	1.63251367623448	0.896	0.511	2.15121614969176e-24	3	INSR
7.82798021413065e-28	1.24173949972717	0.976	0.823	9.37322350840004e-24	3	HSPG2
6.49587376580245e-27	1.99620055477768	0.634	0.225	7.77815924717186e-23	3	ARHGEF28
1.13946016504265e-26	2.75725635770816	0.451	0.101	1.36438960162207e-22	3	APLN
1.8552785712909e-26	1.43330604231883	0.835	0.434	2.22151056126372e-22	3	COL4A1
2.03723867349917e-22	1.3960960095814	0.787	0.391	2.4393895876479e-18	3	COL4A2
3.48279128758911e-19	1.90718379651206	0.537	0.183	4.1702942877592e-15	3	ST8SIA4
7.94237673482724e-19	1.48542068191022	0.64	0.295	9.51020190228213e-15	3	PCDH1
5.23183811400667e-18	1.24506493926308	0.817	0.494	6.26460295771159e-14	3	KIAA1217
5.57130195829232e-18	1.6255011234365	0.616	0.277	6.67107696485922e-14	3	TMCC1
1.31162379652727e-17	-2.15966802770127	0.195	0.541	1.57053833396175e-13	3	SGK1
1.48863975913681e-17	1.37061993888488	0.817	0.582	1.78249724759042e-13	3	TJP1
3.20522566122628e-17	1.24726769274674	0.866	0.646	3.83793720675235e-13	3	PTPRM
4.43537155780356e-17	1.80556872728883	0.439	0.148	5.31091390331399e-13	3	PDGFB
8.40977778331242e-17	1.40439946648551	0.756	0.477	1.00698679177383e-12	3	LOC138472433
2.57304186534775e-16	2.21048792647708	0.457	0.162	3.0809603295674e-12	3	SH3RF3
2.90257130356007e-16	1.86630878483189	0.518	0.213	3.47553887888283e-12	3	LOC138473015
8.30326225671292e-16	2.17140271850369	0.329	0.1	9.94232622618805e-12	3	PHF24
9.94964118945872e-16	2.21976574006509	0.293	0.08	1.19137003602579e-11	3	TGFB1
1.90883705096033e-15	1.82988452363798	0.561	0.243	2.2856414848199e-11	3	ARHGAP27
2.12194381637809e-15	1.6574149362443	0.396	0.147	2.54081552573112e-11	3	GPR68
3.13774172792102e-15	1.47381499790491	0.567	0.263	3.75713194501263e-11	3	RASA3
3.26480657801685e-15	1.6633723915407	0.549	0.22	3.90927939651738e-11	3	PCDH17
4.77356018613406e-15	1.30864702115134	0.634	0.3	5.71586096687692e-11	3	PDE4B
6.05286809824587e-15	-1.30097582821426	0.433	0.705	7.2477042608396e-11	3	ICAM1
6.90859875355554e-15	1.46992215031132	0.646	0.351	8.27235614750741e-11	3	MAGI1
1.54215687581663e-14	1.16141528552453	0.774	0.48	1.84657864310283e-10	3	GRB10
2.18614344562586e-14	0.900250302759636	0.811	0.603	2.61768816179241e-10	3	FLI1
2.37407383178575e-14	1.42773284997989	0.555	0.264	2.84271600618026e-10	3	MEF2A
2.403284442452e-14	1.40369699779682	0.616	0.326	2.87769279139203e-10	3	PTK2
1.14289377216899e-13	1.64949331412857	0.463	0.192	1.36850100279515e-09	3	SUSD1
2.81652050139912e-13	-0.856027775882366	0.744	0.888	3.37250164837531e-09	3	CAV1
3.07708001991658e-13	1.43967887733908	0.598	0.305	3.68449561584812e-09	3	APBB2
6.06219727432404e-13	1.23239334839284	0.567	0.289	7.25887501627561e-09	3	VASP
8.33058622950735e-13	1.17246002528673	0.646	0.36	9.9750439512121e-09	3	CLDN11
8.40161625889335e-13	2.32299589717374	0.262	0.062	1.00600953083989e-08	3	CXCR4
8.40975611765886e-13	-0.657717597134207	0.829	0.949	1.00698419752847e-08	3	RPS20
8.55242747709391e-13	1.29936033798209	0.543	0.251	1.02406766610723e-08	3	JARID2
1.07561838370581e-12	1.75511161013144	0.402	0.14	1.28794545264934e-08	3	FHOD1
1.13509326913701e-12	1.58240470454738	0.409	0.152	1.35916068046465e-08	3	DLL4
1.24168838482605e-12	3.05039551464995	0.183	0.022	1.48679767199071e-08	3	KCNE3
1.37953745667161e-12	1.40910819533464	0.518	0.262	1.65185815061858e-08	3	PXDN
1.7509389840531e-12	0.918913783031338	0.793	0.489	2.09657433950518e-08	3	ESAM
2.07313549256909e-12	1.54708261705007	0.506	0.217	2.48237243880223e-08	3	HSD3B7
3.08004417876997e-12	1.47805554905213	0.543	0.261	3.68804489965916e-08	3	AGAP1
3.92750997680365e-12	-1.77508177216931	0.146	0.448	4.70280044622469e-08	3	TXNIP
4.01499388126967e-12	1.35424683115818	0.463	0.211	4.8075536734323e-08	3	MECOM
4.64821482473248e-12	1.00406492328884	0.774	0.498	5.56577243113468e-08	3	ENG
4.71466834465292e-12	2.12946708564115	0.226	0.064	5.64534387588741e-08	3	UCK2
9.16097346215169e-12	1.11839962214823	0.573	0.312	1.09693496235804e-07	3	CD276
9.59329590575056e-12	1.68925102336631	0.421	0.173	1.14870125175457e-07	3	LHX6
1.29755899255753e-11	1.40397198017465	0.494	0.208	1.55369713768839e-07	3	NDEL1
1.40665230271021e-11	1.41775503878432	0.463	0.201	1.68432546726521e-07	3	PMEPA1
1.66955892840685e-11	0.907631198828524	0.793	0.551	1.99912986087436e-07	3	RAMP3
1.70860246752119e-11	-0.850009756352194	0.774	0.906	2.04588059460987e-07	3	HMGN1
1.797875315518e-11	1.39292051414443	0.445	0.202	2.15277590280125e-07	3	CASKIN2
1.83266734397565e-11	-3.0521742189906	0.159	0.378	2.19443587767644e-07	3	MRC1
1.99503058541831e-11	1.53830912529157	0.36	0.136	2.38884962297988e-07	3	STARD9
2.02458486877779e-11	-5.55560246558257	0.024	0.236	2.42423792187453e-07	3	HAPLN3
2.13275613081418e-11	1.07285036547765	0.726	0.488	2.5537621910369e-07	3	TCF4
2.3053945885023e-11	1.32181190445986	0.433	0.187	2.76047948027265e-07	3	NAV1
3.9009832145658e-11	-5.67398190695627	0.006	0.219	4.67103730112108e-07	3	RELN
5.94481093290443e-11	1.0450337536145	0.64	0.385	7.11831661105977e-07	3	DYSF
6.41018825413069e-11	-1.01196705737305	0.463	0.679	7.67555941549609e-07	3	CAVIN2
6.68554194417081e-11	1.0126663631677	0.598	0.331	8.00526792395013e-07	3	RAPGEF6
8.94201782735438e-11	0.981347293098108	0.659	0.393	1.07071721464741e-06	3	PEA15
1.02504866644299e-10	-2.14809863898913	0.183	0.462	1.22739327319883e-06	3	MMRN1
1.13450461782924e-10	0.96372340788961	0.555	0.333	1.35845582938873e-06	3	APC
1.53191854372272e-10	1.40975201611478	0.402	0.173	1.83431926425358e-06	3	LUZP1
1.5730354411697e-10	1.79943394111673	0.287	0.097	1.8835526372566e-06	3	CSGALNACT2
1.60267334190003e-10	1.08212687272099	0.732	0.49	1.9190410595911e-06	3	ARL15
1.66330728217718e-10	1.43536651334552	0.439	0.197	1.99164413967896e-06	3	ARHGAP20
1.82437829548802e-10	1.07073596293412	0.61	0.336	2.18451057101736e-06	3	BDKRB2
1.89511946967687e-10	-1.01327346596929	0.567	0.8	2.26921605299108e-06	3	HMGN2
2.55456813547301e-10	0.889490302464205	0.854	0.691	3.05883988541538e-06	3	SHANK3
2.55753007651429e-10	1.80842272434399	0.256	0.071	3.06238651361821e-06	3	ARHGAP22
2.6227502455015e-10	1.31880810021031	0.53	0.252	3.1404811439635e-06	3	TSC22D2
3.27714060442346e-10	0.989557558980838	0.75	0.65	3.92404815973665e-06	3	ACTG1
3.51934956407366e-10	0.96813849155919	0.628	0.411	4.2140691680218e-06	3	ARHGEF9
3.99329670048995e-10	-0.5467080964806	0.915	0.989	4.78157346916667e-06	3	RPS15A
5.13027741599863e-10	1.12270971946584	0.549	0.31	6.14299417791676e-06	3	PROM1
5.77434848597826e-10	2.05577369437652	0.207	0.059	6.91420487711037e-06	3	LRCH4
5.84214887862158e-10	1.06045902205624	0.61	0.349	6.99538906726148e-06	3	WLS
5.91280978185925e-10	2.3886086931248	0.226	0.055	7.07999843279827e-06	3	ADAP1
7.02777169072066e-10	0.444848306188286	0.915	0.683	8.41505382246892e-06	3	PRSS23
8.16113211034228e-10	1.06143821835204	0.591	0.349	9.77213958892385e-06	3	LRCH1
8.60163873463259e-10	1.15824556067977	0.53	0.279	1.02996022208491e-05	3	MICAL2
9.62313732842768e-10	-0.399662550777578	0.988	0.999	1.15227446370593e-05	3	CIRP
1.04118685562965e-09	1.65925628306847	0.28	0.091	1.24671714093094e-05	3	HHIP
1.07666479392156e-09	3.23482008578738	0.098	0.009	1.28919842424167e-05	3	RASGRP1
1.32816843339232e-09	1.40097932603349	0.372	0.146	1.59034888214396e-05	3	MYO1E
1.42369247536765e-09	1.39433924508547	0.415	0.179	1.70472937000523e-05	3	SEMA7A
1.45307235454374e-09	1.26214069178689	0.476	0.261	1.73990883733067e-05	3	MICAL3
1.73589302656811e-09	1.28486076828697	0.433	0.186	2.07855831001265e-05	3	TNK2
1.98177380721308e-09	0.969119312122334	0.713	0.457	2.37297595675694e-05	3	DYNC1H1
2.59303197092508e-09	2.17710458793109	0.226	0.058	3.10489648198569e-05	3	ACKR3
2.59322820904143e-09	1.1609891101248	0.5	0.268	3.10513145750621e-05	3	FMNL3
2.6884141004977e-09	1.25243929059459	0.415	0.192	3.21910704393594e-05	3	EXT1
2.71754986853427e-09	-1.04496634147291	0.39	0.59	3.25399421258294e-05	3	SPARC
2.91791031079527e-09	-0.434918315062558	0.823	0.948	3.49390580614625e-05	3	HNRNPA3
3.16805000368991e-09	1.28772042242621	0.445	0.218	3.7934230744183e-05	3	CHD7
3.5347699964748e-09	-0.471907206756069	0.866	0.975	4.23253359377893e-05	3	HNRNPK
4.47184259159187e-09	0.951816641205436	0.604	0.378	5.35458431917211e-05	3	SCHIP1
5.30706598897265e-09	1.53774721874468	0.402	0.184	6.35468081519585e-05	3	PRKCE
5.84683737802918e-09	-1.01602034279391	0.494	0.669	7.00100307645214e-05	3	TMEM176B
6.81713402817848e-09	1.76485370940659	0.274	0.085	8.16283628534091e-05	3	ROBO3
6.82513364309738e-09	1.24689291808795	0.293	0.135	8.1724150242448e-05	3	RIN1
6.88958635910542e-09	-0.823355528494718	0.439	0.652	8.24959070639282e-05	3	YBX3
8.55460574779605e-09	1.40131974487436	0.256	0.1	0.00010243284922411	3	KREMEN1
9.91227992635503e-09	0.943269713690382	0.683	0.418	0.000118689639838175	3	PLCB1
1.05031939426237e-08	2.28486076828697	0.134	0.027	0.000125765244268976	3	FAM78A
1.11224375788186e-08	0.93628072419713	0.707	0.435	0.000133180067568773	3	NOS3
1.16923432637689e-08	1.35402279279437	0.409	0.196	0.000140004118240369	3	DOCK4
1.3499269218742e-08	-3.34352401272531	0.024	0.225	0.000161640249625217	3	CLCA1
1.40948769046459e-08	0.841254116811357	0.549	0.34	0.00016877205605623	3	ADGRL2
1.60568467911029e-08	1.77389884900959	0.189	0.053	0.000192264683476666	3	SLC9A7
1.64553046101894e-08	2.42991110109026	0.122	0.023	0.000197035817402408	3	LRRN1
1.7046808988006e-08	-4.30410366299168	0.012	0.182	0.000204118490822384	3	NFIX
1.73194178778364e-08	1.36879958678687	0.384	0.182	0.000207382709669213	3	GRK4
1.91697498467217e-08	1.62406685460617	0.226	0.072	0.000229538584664646	3	BLNK
2.03384611018941e-08	-0.468108804830597	0.976	0.996	0.00024353273323408	3	FKBP2
2.07644759624924e-08	1.64668159029785	0.262	0.096	0.000248633835174884	3	HMCN1
2.14444604539079e-08	-0.605195817822162	0.86	0.95	0.000256775969475094	3	S100G
2.4854656262888e-08	0.765946285807411	0.598	0.354	0.000297609654091821	3	EZR
2.6570856796063e-08	0.955330950666272	0.64	0.379	0.000318159439276058	3	ADAMTS4
2.91440803813077e-08	-0.456060407083311	0.921	0.983	0.000348971218485778	3	PTMA
3.05897585855184e-08	1.04991866948253	0.494	0.284	0.000366281769302997	3	RGS3
3.22568375594059e-08	1.04288797798101	0.354	0.169	0.000386243372936326	3	TUBB6
3.25795217858601e-08	0.917030172441569	0.585	0.361	0.000390107193863888	3	PLXND1
3.34478495061329e-08	1.65318176865879	0.366	0.135	0.000400504549986435	3	SH3PXD2A
3.90021327933403e-08	0.852768104828398	0.646	0.412	0.000467011538067457	3	NPR1
4.96620911620187e-08	1.04930709887529	0.476	0.252	0.000594653879574011	3	B3GNT2
5.34471495439466e-08	1.0374232175042	0.329	0.162	0.000639976168639217	3	PTPN9
5.90996753295428e-08	1.17068974836766	0.518	0.277	0.000707659512395945	3	ENTPD1
6.08619799721734e-08	-0.502136525193695	0.841	0.965	0.000728761348186804	3	RPS12
6.67243985251685e-08	1.70463618657248	0.299	0.109	0.000798957947940367	3	ITGA7
6.82026442216336e-08	0.809702276570558	0.738	0.53	0.000816658461909841	3	GASK1B
7.09446825698937e-08	0.737163039914836	0.689	0.467	0.000849491629091907	3	SPACA4
7.25161182404101e-08	1.39177597220348	0.372	0.168	0.000868307999810671	3	DCHS1
7.8634728202167e-08	-5.26972808339067	0	0.143	0.000941572235492748	3	PDPN
8.14329381946876e-08	0.696491666122567	0.549	0.317	0.00097507800194319	3	PLAU
8.69140180388017e-08	-0.442931078995393	0.89	0.984	0.00104070845199661	3	RPL23
9.37890901458667e-08	1.19175136389549	0.366	0.158	0.00112303056540661	3	GAB2
9.44665376949344e-08	1.66690985561191	0.238	0.085	0.00113114232235914	3	PLOD2
9.51006863598363e-08	-0.339053014873663	0.939	0.991	0.00113873561847268	3	ANXA1
1.00215204249955e-07	0.514932342092935	0.811	0.62	0.00119997685568897	3	RALB
1.01006163177939e-07	2.26862012727976	0.177	0.049	0.00120944779789264	3	GRIN2A
1.11838951758871e-07	1.55129375058263	0.256	0.098	0.00133915960836072	3	ARHGAP40
1.13064146962036e-07	-0.531496291390271	0.841	0.963	0.00135383009572342	3	RPL36A
1.16197150236673e-07	1.22636511897683	0.421	0.238	0.00139134467693393	3	SMURF2
1.23753397554014e-07	0.646488986994592	0.701	0.456	0.00148182318231177	3	GNAI2
1.29520501554427e-07	0.380720783694488	0.72	0.452	0.00155087848561271	3	JAG2
1.40512449984544e-07	1.22308457070028	0.311	0.148	0.00168249607611493	3	TTC28
1.52304093061001e-07	-0.491488097159417	0.817	0.944	0.00182368921031243	3	RPL39
1.54043311314743e-07	1.02182636245318	0.537	0.328	0.00184451460968274	3	ELMO1
1.55800399150442e-07	1.2301435985779	0.463	0.252	0.00186555397942739	3	SPRED1
1.57544660344563e-07	-1.51753927182787	0.152	0.386	0.0018864397629658	3	SELE
1.64030757788914e-07	-0.410523246777122	0.927	0.983	0.00196410429376445	3	ZA20D3
1.72603180942e-07	1.26283446195697	0.36	0.165	0.00206675048859951	3	AGO3
1.79103046459231e-07	-0.634797123395424	0.707	0.875	0.00214457987830283	3	ATP5MC2
1.81442474934293e-07	0.610801925680958	0.768	0.583	0.00217259219486323	3	PECAM1
1.86867520616708e-07	-0.881875955524293	0.47	0.658	0.00223755169186446	3	B2M
1.89865059077338e-07	-0.475086367160948	0.884	0.976	0.00227344421739204	3	RPL26L1
1.98550352472703e-07	1.56098517356121	0.293	0.12	0.00237744192050815	3	DEPTOR
2.02771468894606e-07	0.862749886733342	0.713	0.503	0.00242798556854401	3	IGFBP1
2.14187780204838e-07	0.762675391106613	0.799	0.631	0.00256468448017273	3	PCDHGC3
2.20051020750283e-07	1.5335398811437	0.256	0.094	0.00263489092246388	3	DBNDD2
2.51762647322101e-07	1.02637028759813	0.415	0.243	0.00301460593903483	3	YPEL1
2.55211261205871e-07	-0.444197658377431	0.872	0.959	0.0030558996416791	3	YWHAQ
2.6034778996664e-07	-1.01716776916269	0.323	0.504	0.00311740443706055	3	CSF1
2.74797027843145e-07	0.65098866708487	0.732	0.572	0.00329041961139382	3	TIE1
3.22321698083884e-07	-0.429304139404248	0.878	0.983	0.00385948001285643	3	RPS27
3.27901525153586e-07	-0.602840924960599	0.799	0.934	0.00392629286218904	3	DYNLL1
3.40044324322139e-07	1.30193428164591	0.262	0.115	0.0040716907394333	3	ZNF423
3.40612391942669e-07	-0.487486041515533	0.793	0.949	0.00407849278112152	3	RPL31
3.42062252702992e-07	1.03370046274147	0.476	0.266	0.00409585341386563	3	LBH
3.67269934754363e-07	-2.60699042785741	0.049	0.205	0.00439769019874874	3	NR6A1
3.71217583494356e-07	1.36974966587349	0.226	0.093	0.00444495934476142	3	GALNT10
3.7704882202156e-07	-1.68783188571729	0.098	0.266	0.00451478259488615	3	SELP
3.88189114985386e-07	1.16881455261833	0.396	0.222	0.00464817646283502	3	CYR61
3.99974669029375e-07	1.3328661411978	0.305	0.127	0.00478929668695774	3	MYO1A
4.04613467075823e-07	1.28486076828697	0.335	0.139	0.0048448416547659	3	SH3PXD2B
4.33743195512054e-07	-0.374400834973334	0.97	0.999	0.00519364102306133	3	LOC138582460
4.43950364179195e-07	-0.49195923039055	0.835	0.912	0.00531586166068169	3	RPS21
4.55680596562744e-07	1.12538255427978	0.378	0.19	0.0054563194632423	3	MMRN2
4.65724232430331e-07	1.69118105046471	0.232	0.075	0.00557658195912078	3	COL24A1
4.65799996446935e-07	-0.443199272657342	0.86	0.971	0.00557748915745559	3	RPS8
4.73637253980551e-07	-1.83946736671523	0.079	0.252	0.00567133247916312	3	KLF2
4.87636893421865e-07	2.74429238692427	0.116	0.019	0.00583896416183342	3	CNDP1
4.98600184586018e-07	0.749264344886795	0.884	0.782	0.00597023861023298	3	VWF
4.98847265319416e-07	3.69425170442467	0.073	0.006	0.00597319715493468	3	HS3ST5
5.00590535463786e-07	1.00150637807358	0.421	0.234	0.00599407107164337	3	INPPL1
5.22256847516949e-07	1.12463716803695	0.329	0.153	0.00625350349216794	3	HOMER3
5.60313199894719e-07	2.78366662525841	0.128	0.022	0.00670919025553937	3	RELT
5.84482989033405e-07	-2.06820583840929	0.03	0.181	0.00699859931068599	3	GPNMB
5.97661442883011e-07	0.851096060939223	0.598	0.422	0.00715639811708117	3	DLK1
6.0726346480257e-07	1.12616302226791	0.384	0.205	0.00727137272754598	3	GNAO1
6.36043367483906e-07	-0.577737302628174	0.799	0.955	0.00761598328225229	3	RPL7
7.35756927563198e-07	-0.571104097995253	0.78	0.857	0.00880995345064173	3	H2AZ1
7.791240631098e-07	1.16866775078245	0.445	0.253	0.00932923153167675	3	ITIH5
7.95017195371847e-07	-2.88506423315534	0.037	0.197	0.0095195358973825	3	UNC5B
7.99433606427218e-07	1.35742939423762	0.25	0.105	0.00957241800335951	3	SLC8A1
8.12804240376037e-07	0.997871630301456	0.524	0.323	0.00973251797426267	3	TACR1
8.90062109813743e-07	0.892191082036583	0.476	0.308	0.0106576037029098	3	HOOK3
9.14044060533735e-07	0.839766035151949	0.634	0.423	0.0109447635808309	3	CDH5
9.71417725011772e-07	1.62406685460617	0.213	0.075	0.011631755839291	3	CBFB
9.98628120062519e-07	1.00547836836569	0.476	0.298	0.0119575731096286	3	TCF3
1.01289577422831e-06	1.09433886223755	0.366	0.185	0.0121284140006098	3	ATP2B4
1.01481616462648e-06	0.921299486499214	0.451	0.262	0.0121514087552375	3	ARHGEF7
1.04936226444072e-06	1.16736720526853	0.305	0.154	0.0125650637544131	3	RASSF8
1.05542399358792e-06	0.846459275942618	0.439	0.237	0.0126376468992218	3	SLC20A1
1.11459671188822e-06	1.97673847292464	0.207	0.062	0.0133461810281495	3	PRDM1
1.12679736628711e-06	0.899835838074568	0.341	0.199	0.0134922716639219	3	AFF1
1.1453045006277e-06	1.33314078331569	0.293	0.139	0.0137138760905161	3	TNC
1.18146697605508e-06	-0.550482751186895	0.732	0.876	0.0141468855712835	3	EEF1B2
1.18771548159362e-06	2.24421878378963	0.098	0.023	0.014221705176602	3	COBL
1.2194030687609e-06	1.57116495344361	0.22	0.072	0.0146011323453431	3	EVL
1.27532455549351e-06	1.96042581778904	0.134	0.032	0.0152707362274793	3	PHLDB2
1.32105605672262e-06	0.896868092022357	0.555	0.333	0.0158183252231966	3	NOTCH1
1.40569472142905e-06	1.30193428164591	0.195	0.078	0.0168317885943915	3	MPP1
1.41188720133707e-06	1.31133297964816	0.287	0.124	0.0169059373488101	3	CRLF3
1.42489115683061e-06	0.815375484985752	0.476	0.289	0.0170616467118898	3	MCAM
1.4356593701976e-06	-0.552643764450335	0.738	0.887	0.0171905852987461	3	RPL22
1.45131447079568e-06	0.987060944292502	0.567	0.355	0.0173780394733075	3	EXOC3L2
1.51095686433401e-06	-0.497201868083201	0.616	0.757	0.0180921974935355	3	PRMT1
1.52385142248111e-06	1.12813526459952	0.305	0.157	0.0182465969327888	3	NKTR
1.54170571316383e-06	-3.10057026890655	0.012	0.135	0.0184603842094237	3	SEMA3A
1.57470948756107e-06	1.21809175607427	0.354	0.181	0.0188555714040563	3	FAM129B
1.71032868388641e-06	-0.387200302746876	0.884	0.984	0.0204794756608559	3	RPL35
1.75954811118386e-06	-4.9323699479337	0.006	0.121	0.0210688290833155	3	STAB2
1.85801191650636e-06	-1.56813681932634	0.189	0.37	0.0222478346882472	3	GSTP1
1.87313696195287e-06	1.11493576684466	0.329	0.16	0.0224289419824237	3	TBC1D2
1.8743678886293e-06	-0.362103958419242	0.89	0.981	0.0224436810984472	3	TPT1
1.90123498291543e-06	-2.87863796399591	0.024	0.162	0.0227653876854294	3	LFNG
1.91168374419452e-06	1.51564097511614	0.232	0.093	0.0228905011529852	3	KIF3C
1.92351035382116e-06	-0.378842846537428	0.89	0.982	0.0230321129766546	3	RPS23
1.95919914980764e-06	0.792091965775563	0.512	0.287	0.0234594506197966	3	TANB
1.9864252906548e-06	0.801651766366549	0.616	0.431	0.0237854564303006	3	RAPGEF2
2.0338912886522e-06	-0.429301214901872	0.915	0.989	0.0243538142903215	3	RPL32
2.0946108418725e-06	-0.675930269474939	0.555	0.669	0.0250808702205813	3	LOC138510586
2.10725289688454e-06	-0.443144896264262	0.787	0.953	0.0252322461872954	3	UBA52
2.16225571832355e-06	1.00037325278686	0.439	0.234	0.0258908499712062	3	UBR4
2.2085867864683e-06	-0.432006386996381	0.811	0.952	0.0264456181811714	3	RPL37
2.2330996884253e-06	0.808422724343985	0.524	0.327	0.0267391356692045	3	JAM3
2.29272747721652e-06	2.14735724453704	0.134	0.031	0.0274531188121906	3	IL16
2.36289406165236e-06	1.60678886317433	0.067	0.022	0.0282932934942254	3	ERICH6
2.38691579692176e-06	-0.760384247610974	0.488	0.64	0.0285809297523412	3	CTNNB1
2.40842706122615e-06	-2.05617614954809	0.14	0.301	0.0288385056311219	3	NRP2
2.61225023813311e-06	1.05701579091548	0.409	0.198	0.0312790843514058	3	LOC138550342
2.77957637396203e-06	0.974520647674822	0.5	0.286	0.0332826475018213	3	KLF7
2.82649511239887e-06	0.843929490857402	0.494	0.316	0.033844452475864	3	SH2B3
3.08641260908364e-06	-0.374382126386505	0.957	0.995	0.0369567045811675	3	S100A11
3.14659814114939e-06	1.79121343431176	0.14	0.042	0.0376773661421228	3	KCNJ2
3.17162974315507e-06	0.937434175162806	0.396	0.221	0.0379770945445388	3	SNX9
3.18118121368818e-06	-0.426247050234694	0.829	0.949	0.0380914638527022	3	RPL27
3.42460444340218e-06	1.30193428164591	0.189	0.076	0.0410062136052977	3	CERK
3.58561448198126e-06	-0.711234777257112	0.494	0.698	0.0429341478072436	3	LIFR
3.61048165283401e-06	1.08806006085327	0.421	0.237	0.0432319073110344	3	LOC138471710
3.67061554885111e-06	-0.39660971328753	0.866	0.974	0.0439519505819431	3	RPL13
3.71585628856052e-06	1.60678886317434	0.165	0.059	0.0444936631992236	3	ECD
3.83341810433826e-06	1.15090631161811	0.348	0.175	0.0459013483813464	3	SMOX
3.90560168379165e-06	1.07627414647555	0.311	0.145	0.0467656745617212	3	NT5C3A
3.91657602837322e-06	-3.26603989636055	0.024	0.154	0.0468970813637409	3	PROX1
3.93976755012041e-06	-0.517057217782757	0.738	0.876	0.0471747766451418	3	RPL37A
3.96129085021267e-06	-1.23314330994306	0.335	0.477	0.0474324966404465	3	CTSL
4.03597845693717e-06	0.758791956619384	0.524	0.3	0.0483268060433657	3	ARRB1
4.10626378837854e-06	0.876486999289139	0.634	0.468	0.0491684026020446	3	NRK
4.1252782959451e-06	-2.11202938428161	0.049	0.181	0.0493960823156466	3	TP53I11
4.15508830885762e-06	-1.31377666933126	0.195	0.408	0.0497530274102612	3	LSM5
4.39052444141896e-06	0.970379597034502	0.433	0.264	0.0525721396615506	3	MED13L
4.4511760756467e-06	0.75198677871427	0.713	0.551	0.0532983823297936	3	CD81
5.09580700332585e-06	-0.455983785498974	0.774	0.864	0.0610171930578238	3	EIF5A2
5.15498344288742e-06	-0.390524325679201	0.89	0.983	0.061725771745134	3	CFL2
5.19110583517216e-06	0.756929212602195	0.518	0.339	0.0621583012703515	3	FGD5
5.27540062156856e-06	1.00164848051555	0.341	0.176	0.063167647042662	3	EBF1
5.35130085763285e-06	-2.71513923171303	0.018	0.129	0.0640764764692957	3	PLEKHG4B
5.43875875919267e-06	-0.383580156250783	0.89	0.973	0.0651236973825731	3	FAU
6.00827632046404e-06	0.32362710295121	0.829	0.621	0.0719431006612364	3	CD34
6.1284597816606e-06	-0.405494444701849	0.829	0.958	0.073382177425604	3	RPL10
6.37578786642531e-06	1.30910831453365	0.238	0.1	0.0763436839125766	3	NRARP
6.58454160801587e-06	0.873032825484019	0.53	0.341	0.078843301214382	3	MAP4K4
6.58512676780997e-06	-0.393956908380597	0.848	0.98	0.0788503079177566	3	RPS18
6.60444094192803e-06	-0.448270154615982	0.787	0.928	0.0790815758386462	3	RPL35A
6.68079289708531e-06	0.779853572147214	0.524	0.338	0.0799958141496995	3	FGR
6.73115588521941e-06	1.20625093359061	0.262	0.121	0.0805988605696172	3	LOC138516031
7.01684987353657e-06	1.03400107639928	0.47	0.279	0.0840197603857268	3	PALD1
7.13441857969647e-06	0.881345138903348	0.421	0.254	0.0854275280732855	3	FMNL2
7.13547313324589e-06	1.01682568139481	0.433	0.252	0.0854401552974862	3	CDC42BPA
7.2291345679022e-06	-0.432447944392124	0.817	0.92	0.086561657316061	3	RPL38
7.31316285818601e-06	-2.765765304783	0.03	0.155	0.0875678120639193	3	FGF10
7.43604385534702e-06	1.34164679437855	0.238	0.121	0.0890391891239253	3	DMD
7.68104928069524e-06	-0.393590743469321	0.86	0.928	0.0919728840870448	3	RPS6
7.87053479765687e-06	-2.58698288022235	0.024	0.136	0.0942417836671434	3	ELN
7.94693239085173e-06	-0.421424738990315	0.811	0.926	0.0951565684480586	3	RPL12
8.04603169599859e-06	-0.719748484965617	0.463	0.608	0.0963431835278871	3	RHOB
8.16147466095556e-06	1.25720442538411	0.317	0.142	0.0977254975902818	3	EDC4
8.23680254104684e-06	0.583705250061293	0.713	0.514	0.0986274736264949	3	ADAM10
8.54184210146352e-06	-0.401960072315257	0.86	0.974	0.102280017322924	3	RPS9
8.63560597630074e-06	2.60678886317433	0.073	0.014	0.103402745960225	3	LOC138516907
8.72040291307018e-06	-0.762444946491385	0.445	0.59	0.104418104481102	3	ITM2A
9.40334339640293e-06	-0.38962976541873	0.854	0.962	0.112595633828529	3	RPL36
9.54139817345134e-06	3.60678886317433	0.055	0.005	0.114248701728906	3	RASSF4
9.73521724764547e-06	3.31728224597935	0.055	0.009	0.116569491323307	3	MMP11
1.00505692640618e-05	1.29052951837366	0.268	0.123	0.120345516367876	3	VPS13D
1.02717402795588e-05	0.793201987405216	0.53	0.365	0.122993818107437	3	USP9X
1.03146020027798e-05	2.16318221169872	0.201	0.077	0.123507044381285	3	ESM1
1.04428968379773e-05	-0.398942948262258	0.78	0.937	0.12504324673794	3	RPL11
1.04467106062344e-05	0.959090607105216	0.409	0.237	0.125088912799051	3	SEMA3G
1.05059006690827e-05	-0.840349479271533	0.348	0.524	0.125797654611596	3	SSUH2
1.0883846161679e-05	1.56796961428381	0.25	0.109	0.130323173939944	3	MMP14
1.09248759404708e-05	1.24833489226186	0.22	0.094	0.130814464511197	3	TRIM24
1.10955349762537e-05	0.914593139128151	0.415	0.273	0.132857935805662	3	ADAM12
1.11798524120278e-05	-0.68271775402065	0.36	0.542	0.133867552781621	3	UBL5
1.12066465455645e-05	1.37971995462841	0.22	0.088	0.134188385736589	3	ARHGAP24
1.1253131612314e-05	0.813763309887532	0.677	0.505	0.134744997925848	3	EGFL7
1.2572504302965e-05	1.15015045942872	0.274	0.117	0.150543166523703	3	RBM27
1.29754520489259e-05	0.717978722191173	0.482	0.288	0.155368062833838	3	CTTN
1.30022537610321e-05	1.29912146141214	0.305	0.135	0.155688986534599	3	THSD1
1.33252604864235e-05	2.10428852264515	0.128	0.032	0.159556669064434	3	P3H2
1.33938252448951e-05	1.99381198628358	0.091	0.021	0.160377663482374	3	STC1
1.41669644584144e-05	0.908252855501982	0.573	0.396	0.169635232425054	3	SIK3
1.42287550319757e-05	1.96042581778904	0.104	0.033	0.170375112752877	3	BMP7
1.42473708383656e-05	-0.490183537494599	0.72	0.876	0.17059801841859	3	RPL27A
1.45106238952145e-05	-3.56313613826798	0.006	0.115	0.173750210521298	3	ITGB3
1.45378880564962e-05	-0.515439396236681	0.854	0.928	0.174076671588485	3	HMGB2
1.57133935901741e-05	-0.386660864320604	0.841	0.971	0.188152174848744	3	RPL24
1.62753472427542e-05	1.01140974650784	0.262	0.13	0.194881007884739	3	SLC38A10
1.64484072831812e-05	-3.14809863898913	0.012	0.12	0.196953228808811	3	SNCA
1.67166180001897e-05	1.77671386461665	0.104	0.029	0.200164783934271	3	FILIP1
1.67554953958005e-05	1.47433856715069	0.134	0.053	0.200630301869315	3	ATP8A1
1.70205340343518e-05	0.919576304205228	0.335	0.167	0.203803874527329	3	INF2
1.71847829354998e-05	2.0636465381478	0.14	0.049	0.205770590869674	3	RIPOR2
1.72871250726094e-05	1.24604151939644	0.22	0.106	0.206996035619425	3	CCDC9
1.75150251137875e-05	-0.370491060325582	0.866	0.957	0.209724910712491	3	EEF1G
1.76965685330456e-05	2.34375445734054	0.085	0.016	0.211898711614687	3	P2RY8
1.77244304505914e-05	4.41414378523194	0.037	0.001	0.212232330215381	3	BBS5
1.77244304505914e-05	4.41414378523194	0.037	0.001	0.212232330215381	3	WHRN
1.82871162069699e-05	0.915892917704113	0.402	0.279	0.218969929462258	3	ZNF609
1.8620729004168e-05	-0.698006081909835	0.518	0.699	0.222964609095907	3	PPDPF
1.937742510401e-05	0.994984750234538	0.341	0.18	0.232025288195415	3	FLT1
1.95041589250052e-05	-0.432233623018252	0.793	0.927	0.233542798968013	3	RPS15
1.9536905233155e-05	0.984593456254203	0.268	0.148	0.233934903261797	3	ZFYVE28
1.99981222708844e-05	-0.397936640693148	0.89	0.969	0.23945751607157	3	RPL21
2.06825068830518e-05	1.32385489990284	0.171	0.069	0.247652337417662	3	KHDC4
2.08304654258789e-05	-0.878637963995907	0.232	0.412	0.249423993009474	3	LOC138566687
2.20248500601055e-05	1.4064902126885	0.244	0.101	0.263725554619704	3	DMPK
2.23826111330846e-05	1.01604400985917	0.372	0.2	0.268009385707555	3	CHST3
2.26017888395823e-05	-0.31876557669922	0.677	0.81	0.270633819565158	3	NCL
2.28137193542264e-05	1.64331473919945	0.11	0.036	0.273171475547507	3	KIF21B
2.29629970923615e-05	-0.453006228620766	0.622	0.735	0.274958927183936	3	RAN
2.44834752808503e-05	1.20945336562895	0.378	0.192	0.293165133012901	3	PAFAH1B1
2.4586645844571e-05	1.25886555975403	0.177	0.075	0.294400497342893	3	ALPK1
2.65858746606304e-05	-0.410380268890958	0.793	0.891	0.318339263186388	3	RPS4X
2.6630412983133e-05	2.04288797798101	0.128	0.032	0.318872565060034	3	OCLN
2.70385966736928e-05	0.595125945648755	0.616	0.411	0.323760156570798	3	TSPAN14
2.74020138785669e-05	0.723745009520184	0.5	0.349	0.328111714181961	3	ROBO4
2.77771568139827e-05	0.981080020109869	0.482	0.328	0.332603675690629	3	KIF1B
2.96747803075678e-05	1.86982326900813	0.116	0.033	0.355325819402817	3	PLEKHA2
3.0225708056538e-05	3.30722858131543	0.073	0.006	0.361922628268986	3	ROBO1
3.0244618419899e-05	1.10089793344438	0.274	0.132	0.362149060959871	3	NR3C2
3.02592892274395e-05	0.956238020825602	0.415	0.242	0.362324729209361	3	CLASP2
3.0297965851232e-05	-0.365759683723345	0.866	0.975	0.362787843102652	3	RPS14
3.06164499216858e-05	0.913766616595726	0.555	0.388	0.366601371362266	3	COL5A1
3.07378474715369e-05	2.02182636245318	0.104	0.026	0.368054985624183	3	IGFBP4
3.08391570275737e-05	1.33261389973534	0.226	0.095	0.369268066248168	3	EGFL8
3.09046696476309e-05	-0.839755071380833	0.36	0.537	0.370052514360733	3	KRT19
3.14962378073538e-05	-0.721886064153613	0.5	0.676	0.377135951505254	3	ATP5MF
3.17512946071235e-05	-0.561902538328867	0.5	0.645	0.380190001625697	3	HSBP1
3.18706536136925e-05	1.03209469790701	0.244	0.129	0.381619206370354	3	ZFR
3.18822361618161e-05	1.76725353536758	0.104	0.033	0.381757895801586	3	ADCY6
3.19298889992659e-05	-4.52249415377063	0	0.107	0.38232849087721	3	DOCK5
3.19790646456534e-05	0.832348563589466	0.317	0.18	0.382917320067054	3	PCDH12
3.22142320923779e-05	0.96293267339961	0.226	0.119	0.385733215074133	3	TBC1D2B
3.23649623807422e-05	1.48224376523603	0.262	0.122	0.387538059547007	3	CBL
3.29830244039846e-05	-0.612302195071862	0.506	0.662	0.394938734213312	3	GNGT1
3.33570849567851e-05	-0.35260462509214	0.805	0.943	0.399417735272545	3	RPS10
3.36884740793684e-05	-0.413271686875158	0.768	0.934	0.403385788626357	3	RPL34
3.46222938815367e-05	3.77671386461665	0.043	0.003	0.41456734693752	3	CRISPLD2
3.50123811596519e-05	0.716971780924758	0.506	0.349	0.419238252005672	3	GNAS
3.52949009550914e-05	1.19175136389549	0.244	0.108	0.422621144036265	3	PRAG1
3.57017434415922e-05	0.795822687564351	0.476	0.317	0.427492675969625	3	CUL9
3.63410069745458e-05	1.30128631620008	0.262	0.121	0.435147217513212	3	MTSS1
3.66398616727105e-05	-0.369485347464437	0.848	0.974	0.438725703669036	3	RPS28
3.80727257861359e-05	-0.434621397745297	0.732	0.882	0.455882818563191	3	RPS3A
3.86290788400483e-05	1.22431922635192	0.262	0.122	0.462544590030738	3	UBTD1
3.88318110522088e-05	-4.07971166400888	0	0.092	0.464972105539148	3	NINJ1
4.05217586446884e-05	1.19729380267869	0.402	0.222	0.485207538011498	3	HSPA1A
4.08718298969835e-05	0.756929212602195	0.402	0.265	0.489399291186481	3	CSRP1
4.12467503040655e-05	1.06364653814781	0.201	0.099	0.493888588140881	3	APPBP2
4.22023236340285e-05	1.74429238692427	0.122	0.036	0.505330623193857	3	ZNF516
4.36599984696451e-05	1.59324233133639	0.238	0.098	0.522784821675531	3	CRISP3
4.38950750688712e-05	0.966038584267431	0.415	0.248	0.525599628874664	3	SDC3
4.39010064617555e-05	-0.405090988741202	0.756	0.848	0.52567065137306	3	NACA
4.49640223985525e-05	1.00412436071972	0.268	0.151	0.538399204200267	3	PLEKHG1
4.57320645297272e-05	-1.99807319498453	0.03	0.141	0.547595740678954	3	ALDH6A1
4.60003025277045e-05	-0.772983306285312	0.402	0.563	0.550807622466733	3	NUCKS1
4.62092229969289e-05	-0.360403447100226	0.774	0.928	0.553309236165226	3	RPS13
4.6336042571203e-05	1.9287169580617	0.055	0.015	0.554827773747585	3	ACAD6
4.66921712703945e-05	-1.11062393357047	0.311	0.477	0.559092058791704	3	JUNB
4.90423838229863e-05	-0.406035177183249	0.732	0.843	0.587233503896437	3	SET
4.92611308859154e-05	1.09832449992722	0.348	0.184	0.589852781227951	3	SCRIB
5.22981128236229e-05	0.779853572147214	0.457	0.324	0.626217602950061	3	PPP3CA
5.36703517855327e-05	0.626966745111965	0.604	0.421	0.642648792279969	3	NRP1
5.63370132362764e-05	1.05659178061386	0.311	0.148	0.674579396491174	3	RGL2
5.73963653388344e-05	0.804820487663789	0.506	0.321	0.687264078567203	3	DBNL
5.78025672173731e-05	0.818886303782903	0.293	0.158	0.692127939860826	3	TRBC2
5.8032854643493e-05	-0.369098680708857	0.848	0.966	0.694885401501185	3	RPL14
5.82521244772508e-05	-0.427398099185712	0.817	0.929	0.697510938490601	3	RPS29
5.83288214306115e-05	-0.411133044822928	0.787	0.859	0.698429307810142	3	CD63
5.90558745829311e-05	0.95697521810321	0.311	0.167	0.707135042256017	3	TACC1
5.91929266108255e-05	-0.381595722106883	0.835	0.948	0.708776103238025	3	RPL13A
6.08687169065387e-05	0.57598281639316	0.585	0.413	0.728842016238894	3	PLS3
6.09390424461254e-05	0.960425817789035	0.25	0.125	0.729684094249906	3	GULP1
6.14053252654362e-05	1.14444564911713	0.244	0.111	0.735267364728333	3	SACM1L
6.14276093609819e-05	1.16866775078245	0.177	0.074	0.735534194488397	3	RPRD2
6.17859827453114e-05	1.28056063085335	0.305	0.145	0.739825357392359	3	ITPR3
6.23480179360894e-05	0.610787096793556	0.72	0.538	0.746555166766735	3	KDR
6.2371384508718e-05	1.08791555291095	0.317	0.179	0.746834958107389	3	IGF2R
6.23973171061103e-05	0.750911433485139	0.274	0.146	0.747145475028565	3	SERPINE1
6.30103820534256e-05	1.73889239918168	0.171	0.071	0.754486314707718	3	NOX4
6.38568922489671e-05	1.24221643087848	0.207	0.096	0.764622427789132	3	RCSD1
6.44550548805207e-05	0.857439544552296	0.524	0.383	0.771784827139355	3	DIAPH2
6.84231014900924e-05	2.02182636245318	0.104	0.026	0.819298217242367	3	KIT
6.8477234087315e-05	1.41123805405653	0.159	0.065	0.81994640096151	3	NT5DC2
7.02441230788494e-05	-0.411133044822928	0.701	0.775	0.841103129746143	3	RHOA
7.03150726398785e-05	2.09221569034458	0.104	0.026	0.841952679789905	3	DLG4
7.06614717036462e-05	1.67091920059405	0.122	0.042	0.846100462179459	3	MEX3B
7.17630316893107e-05	0.957696025033463	0.25	0.128	0.859290541447807	3	C1QH1orf21
7.24759460687347e-05	0.463053385712885	0.805	0.714	0.867826978227029	3	PRX
7.43772461814341e-05	-0.819475891527763	0.159	0.277	0.890593145776492	3	TOMM22
7.5390921976284e-05	1.40748005495093	0.146	0.058	0.902730899744024	3	BAHD1
7.55109952794619e-05	1.64985758506622	0.171	0.057	0.904168657476277	3	CADM3
7.66427252105975e-05	-0.324455516119406	0.848	0.935	0.917719991671695	3	RPLP0
7.67493919727372e-05	0.947825781009402	0.427	0.277	0.918997219481555	3	SLC22A23
7.80069860267407e-05	0.898090994030934	0.36	0.192	0.934055650684193	3	SRGAP1
7.82838283426993e-05	0.920897453602398	0.348	0.195	0.937370560575482	3	AFAP1L1
7.99457801185234e-05	-1.41705787878003	0.085	0.212	0.957270771139199	3	CNN3
8.11277839253797e-05	-1.520323054729	0.11	0.24	0.971424084722497	3	SERPINE2
9.05575583759776e-05	5.77671386461665	0.03	0	1	3	RPS6KA2
9.05508438182113e-05	5.19175136389549	0.03	0	1	3	GRPR
9.05508438182113e-05	5.19175136389549	0.03	0	1	3	NR1I3
0.00402716432278033	4.19175136389549	0.024	0.001	1	3	SYT5
0.000468182946610741	3.9287169580617	0.024	0.001	1	3	KIAA1210
0.0040470268081105	3.9287169580617	0.024	0.001	1	3	DHPS
0.0040470268081105	3.9287169580617	0.024	0.001	1	3	LOC138528722
0.0040470268081105	3.9287169580617	0.024	0.001	1	3	TEKT2
0.0008288883695296	3.82918128451078	0.03	0.002	1	3	KIF25
0.00247121028362427	3.60678886317433	0.018	0.001	1	3	PDZD7
0.000468182946610741	3.34375445734054	0.024	0.002	1	3	BCAR3
0.000468182946610741	3.34375445734054	0.024	0.002	1	3	LOC138525818
0.0040470268081105	3.34375445734054	0.024	0.002	1	3	SALL2
0.000833115778324324	3.19175136389549	0.03	0.003	1	3	LOC138491858
0.00402716432278033	3.19175136389549	0.024	0.003	1	3	SEL1L3
0.0008288883695296	3.09221569034458	0.03	0.004	1	3	VGF
0.00328712143567698	3.02182636245318	0.037	0.005	1	3	SNX33
0.00247121028362427	3.02182636245318	0.018	0.002	1	3	CDH2
0.00247121028362427	3.02182636245318	0.018	0.002	1	3	CCDC171
0.0025235467216805	2.96935894255904	0.043	0.006	1	3	AMDHD2
0.0040470268081105	2.9287169580617	0.024	0.003	1	3	ADHFE1
0.0040470268081105	2.9287169580617	0.024	0.003	1	3	ITIH6
0.0040470268081105	2.9287169580617	0.024	0.003	1	3	LOC138453264
0.0040470268081105	2.9287169580617	0.024	0.003	1	3	LOC138516153
0.0040470268081105	2.9287169580617	0.024	0.003	1	3	PEBP4
0.000170600501608456	2.82918128451078	0.037	0.005	1	3	LOC138447763
0.000915348737187457	2.82918128451078	0.037	0.005	1	3	CMTM3
0.000915348737187457	2.82918128451078	0.037	0.005	1	3	LOC138473617
0.000204388753541149	2.60678886317434	0.073	0.012	1	3	ST6GAL2
0.000204269152119713	2.60678886317433	0.043	0.006	1	3	CASZ1
0.00399472860818549	2.38439644183789	0.03	0.006	1	3	LOC138529510
0.000144460354694169	2.38439644183789	0.091	0.019	1	3	PPP1R9A
0.000468182946610741	2.34375445734054	0.024	0.005	1	3	LOC138492659
0.0061574398235738	2.25886555975403	0.055	0.013	1	3	TBXA2R
0.000108358798219031	2.19175136389549	0.067	0.015	1	3	MIER2
0.00399472860818549	2.19175136389549	0.03	0.007	1	3	GRIP2
0.000681711582002075	2.16621627178835	0.079	0.017	1	3	CYP27B1
0.00210875905770173	2.15932988620311	0.061	0.014	1	3	SAMD11
0.000650809636031543	2.13285767484192	0.079	0.021	1	3	LOC138526580
0.00139774337393739	2.12136203600409	0.055	0.012	1	3	TENT5A
0.0040470268081105	2.12136203600409	0.024	0.006	1	3	LOC138498633
0.0040470268081105	2.12136203600409	0.024	0.006	1	3	TTC8
0.00105470466252031	2.08322690711732	0.091	0.021	1	3	PLPPR4
0.0042153570372001	2.06622048181163	0.061	0.015	1	3	INKA2
0.00636370853969235	2.06622048181163	0.043	0.015	1	3	DNAJA4
0.00316523930025873	2.02182636245318	0.055	0.013	1	3	RUNDC1
0.00399472860818549	2.02182636245318	0.03	0.008	1	3	TCF15
0.00919880241672198	2.02182636245318	0.049	0.014	1	3	ST8SIA2
0.000144437954366379	2.02182636245318	0.079	0.02	1	3	LARGE1
0.00188827494477789	1.96935894255904	0.049	0.012	1	3	EPHA5
0.000565575526425656	1.96293267339961	0.091	0.023	1	3	FJX1
0.00936443577242855	1.95471216659464	0.037	0.009	1	3	LOC138488444
0.000453482605273629	1.95471216659464	0.073	0.021	1	3	TMEM63A
0.00256887312689923	1.9287169580617	0.043	0.008	1	3	SLC6A4
0.000130910531515903	1.91164344470275	0.104	0.03	1	3	ADAMTS6
0.00480957547109658	1.90052006623105	0.067	0.025	1	3	RBFOX1
0.00210875905770173	1.89629548036932	0.061	0.017	1	3	PDE1C
0.00778281271944308	1.89629548036932	0.061	0.017	1	3	PRICKLE3
0.00268672492493686	1.89058182917493	0.067	0.022	1	3	SMIM3
0.000323204615114432	1.86982326900813	0.079	0.023	1	3	DPF3
0.000287192803008404	1.86982326900813	0.11	0.033	1	3	PIK3AP1
0.00937032817911604	1.86982326900813	0.049	0.014	1	3	TERF2
0.006286151847076	1.84125411681136	0.055	0.016	1	3	CAB39
0.00918332125615251	1.82918128451078	0.037	0.011	1	3	PNCK
0.00918332125615251	1.82918128451078	0.037	0.011	1	3	TLE4
0.00229719372594036	1.82918128451078	0.079	0.022	1	3	ADAMTSL5
0.00127040504307027	1.81323974064176	0.079	0.024	1	3	SPRY4
0.00937032817911604	1.77671386461665	0.049	0.015	1	3	MYO1G
0.000371462343077241	1.75879195661939	0.116	0.032	1	3	BNC2
0.00222941909007769	1.75879195661939	0.079	0.026	1	3	MED26
0.00013499759257159	1.74696652122259	0.134	0.048	1	3	PAK3
0.000836692181583439	1.74429238692427	0.159	0.057	1	3	GAS2L1
0.00778540266997586	1.73231974525819	0.061	0.02	1	3	IGSF9B
0.000481976717470848	1.72226608059427	0.073	0.022	1	3	NARS2
0.000219147789523774	1.70632453672525	0.085	0.027	1	3	PLEKHM3
0.000677864755724301	1.68925102336631	0.049	0.016	1	3	KRCC1
0.00295081210786097	1.68078944461811	0.098	0.035	1	3	NALCN
0.006286151847076	1.68078944461811	0.055	0.018	1	3	CHCHD5
9.68893450064942e-05	1.67091920059405	0.195	0.078	1	3	KCNMA1
0.00517927497023783	1.66818940783848	0.067	0.022	1	3	C11H15orf39
0.000465353145844857	1.6633723915407	0.073	0.023	1	3	NKD1
0.00869762599281843	1.6633723915407	0.067	0.024	1	3	CPT2
0.000841335194581236	1.63995572710953	0.116	0.042	1	3	PLEKHG2
0.00311915699691853	1.63995572710953	0.122	0.041	1	3	AP4E1
0.000148941537521234	1.62449086490779	0.146	0.056	1	3	SHISA6
0.00918332125615251	1.60678886317434	0.037	0.013	1	3	LARGE2
0.00229719372594036	1.60678886317434	0.079	0.027	1	3	ASPHD2
0.00577566621971985	1.60678886317434	0.073	0.027	1	3	CCAR2
0.000139811001466655	1.60678886317433	0.061	0.02	1	3	TTF2
0.000515635496289329	1.60678886317433	0.055	0.019	1	3	BANK1
0.00247121028362427	1.60678886317433	0.018	0.007	1	3	PPP1R35
0.000106392648020558	1.60678886317433	0.116	0.04	1	3	UBXN2A
0.00129051548868182	1.57704151978028	0.122	0.047	1	3	MOB3C
0.000557577587980735	1.57576196755371	0.122	0.046	1	3	GCH1
0.00411040624619716	1.57576196755371	0.11	0.046	1	3	GAN
0.000326732602748005	1.572841531251	0.116	0.042	1	3	ABCD1
0.00174992804923798	1.56496868747971	0.091	0.033	1	3	ARHGEF6
8.99811107452276e-05	1.56372014128245	0.171	0.061	1	3	KLF12
0.000219147789523774	1.55948314839598	0.085	0.03	1	3	MRM1
0.00271532998815155	1.55948314839598	0.085	0.028	1	3	THEMIS2
0.0001323179257877	1.55787926269339	0.165	0.057	1	3	SRF
0.001898089903089	1.55616279010437	0.073	0.023	1	3	JPH1
0.00133569234592707	1.55234107915196	0.128	0.05	1	3	RNF24
0.00973017087857402	1.55234107915196	0.073	0.026	1	3	BBS7
0.00459285433204913	1.5396746673158	0.116	0.043	1	3	SYDE1
0.000114512462305329	1.53639953528294	0.159	0.061	1	3	DYRK1B
0.00228388618286492	1.52878635117306	0.104	0.034	1	3	ATG16L2
0.000377286577274663	1.52432670298236	0.098	0.035	1	3	FBXO33
0.000454392420170258	1.51564097511614	0.11	0.047	1	3	CTNNAL1
0.000948413460447995	1.50143586302811	0.152	0.065	1	3	CILP
0.00344895119280958	1.49987365925782	0.073	0.025	1	3	SLC7A5
0.00282527602466704	1.4913116457544	0.067	0.025	1	3	TRIB2
0.00616183055258996	1.4913116457544	0.134	0.049	1	3	TNFRSF12A
0.00124734201737244	1.48125798109048	0.152	0.078	1	3	PCBP3
0.00432276824051637	1.47750584622937	0.085	0.032	1	3	LOC138581801
0.00665052982817085	1.47750584622937	0.085	0.034	1	3	CDC42EP4
0.000403643099818341	1.47433856715069	0.128	0.052	1	3	ABCA2
0.000535583765871178	1.46239895383916	0.11	0.039	1	3	ELL2
0.00188827494477789	1.45478576972928	0.049	0.019	1	3	PMS2
0.000129071803538593	1.45066966125705	0.177	0.07	1	3	BACH2
0.0099713907151137	1.44924758618785	0.073	0.027	1	3	CDKN1C
0.00079464188492167	1.44632419098109	0.085	0.037	1	3	GPATCH1
0.00148209586440937	1.44451743427546	0.122	0.045	1	3	SLC38A6
0.000212581277390134	1.43686386173202	0.085	0.035	1	3	VAMP2
0.000229696879662531	1.43686386173202	0.183	0.078	1	3	HIVEP3
0.00105470466252031	1.43686386173202	0.091	0.034	1	3	IL17RA
0.00107438738094377	1.43686386173202	0.159	0.071	1	3	ATP11C
0.00464093915395657	1.43686386173202	0.104	0.041	1	3	CYP7B1
0.00459285433204913	1.42991110109026	0.116	0.051	1	3	TFRC
0.00383689601151114	1.42621661753251	0.079	0.031	1	3	PRDM10
0.00778281271944308	1.42236429203691	0.061	0.024	1	3	C1PH19orf12
0.000154283551301372	1.420922317863	0.195	0.087	1	3	TTYH2
0.00683598711256549	1.40515500200468	0.091	0.037	1	3	MBLK1
0.000145279864971918	1.40131974487436	0.238	0.107	1	3	TBCD
0.00215329871249905	1.40033798570691	0.116	0.056	1	3	COL12A1
0.00973017087857402	1.40033798570691	0.073	0.029	1	3	SPSB1
0.00972675234248855	1.39528475798062	0.098	0.043	1	3	CD300C
0.00128998675518066	1.39177597220348	0.146	0.061	1	3	IPO13
0.00190637722591038	1.38439644183789	0.159	0.064	1	3	KLHL6
0.00892543101189885	1.38439644183789	0.067	0.027	1	3	CEP164
0.00317660381274322	1.37730701705157	0.159	0.067	1	3	DYNC2H1
0.000125566685568079	1.37546331706788	0.122	0.051	1	3	SERINC5
0.00716494264262376	1.37232360953731	0.098	0.039	1	3	GCFC2
0.00406906766834716	1.36974966587349	0.079	0.03	1	3	FAM19A1
0.00408356969581964	1.36800200358722	0.128	0.055	1	3	FAM83G
8.47308556209167e-05	1.36393233927817	0.165	0.066	1	3	PCGF3
0.00255884469494092	1.35886134973075	0.043	0.017	1	3	TLR5
0.00344895119280958	1.35303227092855	0.073	0.029	1	3	PRKX
0.00973017087857402	1.35303227092855	0.073	0.029	1	3	POLI
0.00027941398273261	1.35044910991455	0.091	0.04	1	3	PTPN18
0.00433795142988334	1.34375445734054	0.085	0.035	1	3	TTL
0.00338376410147148	1.33115442056091	0.11	0.044	1	3	MTFR1
0.00480906317210408	1.33115442056091	0.104	0.042	1	3	FHL3
0.000192988090071999	1.32925488764543	0.183	0.074	1	3	CDC27
0.00918332125615251	1.3266809439816	0.037	0.016	1	3	IRGQ
0.00314970949221357	1.3266809439816	0.116	0.05	1	3	TBKBP1
0.00335454546710377	1.3266809439816	0.073	0.032	1	3	ARMC9
0.00146372713132849	1.31990771538617	0.14	0.058	1	3	ATN1
0.00779902197213808	1.31990771538617	0.128	0.059	1	3	MEX3A
0.00887660443913406	1.31728224597935	0.116	0.058	1	3	MARCHF1
0.000160541473246006	1.31400711394649	0.11	0.048	1	3	SPECC1
0.000954739864093094	1.31400711394649	0.116	0.047	1	3	PAAF1
0.00191762354494892	1.30722858131543	0.128	0.061	1	3	SLC16A10
0.0075006317336457	1.3042260931539	0.061	0.031	1	3	TIMP3
8.38045914380399e-05	1.29585976723623	0.335	0.177	1	3	RARA
0.00314087268064844	1.28486076828697	0.11	0.048	1	3	AMPD2
0.00710665560296085	1.28486076828697	0.098	0.042	1	3	RHOBTB2
0.00665052982817085	1.28486076828697	0.085	0.038	1	3	NT5DC3
0.000209753512934764	1.276640261482	0.177	0.077	1	3	NFATC1
0.00058376308876311	1.27558295469896	0.171	0.073	1	3	LOC138534787
0.00100251474423904	1.27336512944914	0.146	0.062	1	3	AREL1
0.0041389624566378	1.27336512944914	0.146	0.061	1	3	APPL2
0.00428482033545771	1.27336512944914	0.14	0.058	1	3	PPP2R5B
0.000544203227379639	1.2711858313899	0.116	0.05	1	3	TMEM241
0.00661204482719275	1.2711858313899	0.122	0.051	1	3	TXLNG
0.00198311060562048	1.26975387589676	0.104	0.046	1	3	MTHFD1L
0.00684251867976734	1.26798694972258	0.091	0.042	1	3	VWA8
0.00769762634533581	1.26283446195697	0.134	0.064	1	3	NFXL1
0.00783195840890406	1.26283446195697	0.134	0.059	1	3	ITGA1
0.00796930511159387	1.25886555975403	0.061	0.026	1	3	OSER1
0.000804885542155996	1.25427244845355	0.244	0.135	1	3	AR
0.00175246706074957	1.24923685855625	0.091	0.04	1	3	CAP2
0.00460601781300066	1.24923685855625	0.091	0.04	1	3	ELL3
0.00222890430662706	1.24000653250271	0.11	0.047	1	3	VPS45
0.000291083922667676	1.23905707867385	0.177	0.072	1	3	TSKU
0.000692410539609476	1.23595116780603	0.171	0.069	1	3	ZYG11B
0.000300570104143153	1.23482008578738	0.091	0.039	1	3	KLHL25
0.000473667024862143	1.23482008578738	0.183	0.087	1	3	ARHGAP45
0.0006147699511136	1.23397959928479	0.201	0.088	1	3	CACNB2
0.00198732633526192	1.23333046764689	0.201	0.101	1	3	NR5A2
0.00222941909007769	1.2282772399206	0.079	0.037	1	3	B4GALT7
0.0032078944055312	1.22212501293901	0.104	0.046	1	3	ALKBH8
0.00973017087857402	1.21976574006509	0.073	0.033	1	3	MTRF1
0.00971886118094893	1.21774657242843	0.122	0.052	1	3	AGPAT4
0.000598803186227937	1.21632938661616	0.195	0.093	1	3	TBC1D16
0.00246059796894758	1.21599891014217	0.238	0.112	1	3	TOX4
0.000138624574176665	1.21447144039557	0.207	0.097	1	3	LPCAT1
0.00428293766240818	1.21447144039557	0.128	0.061	1	3	TSSK4
0.00665052982817085	1.21447144039557	0.085	0.041	1	3	PROSER1
0.00045067456699042	1.2108601868432	0.104	0.048	1	3	CDC14A
0.000497902408306603	1.20823948668406	0.177	0.085	1	3	XPNPEP2
0.00126648108369446	1.20469041960299	0.079	0.034	1	3	FHOD3
0.00318388185673245	1.202398608095	0.098	0.042	1	3	EDEM2
0.00148574290134761	1.19961348166846	0.128	0.057	1	3	ANTXRL
0.00937032817911604	1.19175136389549	0.049	0.022	1	3	PIBF1
0.000952137241901811	1.18645706422598	0.177	0.087	1	3	CAPON
0.00107650705170348	1.18357743244979	0.128	0.055	1	3	ETHE1
0.00247490569248053	1.17654895725182	0.262	0.138	1	3	TMEM92
0.000300429979582606	1.17382945589823	0.165	0.076	1	3	DOK1
8.71589138687476e-05	1.17068974836766	0.189	0.084	1	3	PGBD5
0.00045874127196108	1.16972505756549	0.274	0.16	1	3	GRAMD1A
0.00918332125615251	1.16621627178835	0.037	0.018	1	3	PWP2
0.00616532916703899	1.16318221169872	0.128	0.063	1	3	DUSP16
0.000236431103354438	1.15932988620311	0.189	0.078	1	3	WDR59
0.00278934781608014	1.15803074605149	0.183	0.09	1	3	LEF1
0.00911622614761941	1.15612745416477	0.159	0.079	1	3	SNX17
0.000527471013931884	1.15072409563544	0.189	0.101	1	3	RGS2
0.000676587931424791	1.14735724453704	0.195	0.094	1	3	MYRIP
0.00229174727503167	1.14735724453704	0.201	0.101	1	3	TLL1
0.00599199520655163	1.14735724453704	0.201	0.097	1	3	LRRC8E
0.00220518406353069	1.14735724453704	0.116	0.053	1	3	BTBD10
0.00517927497023783	1.14735724453704	0.067	0.032	1	3	ERCC4
0.000611450358637023	1.14112529082552	0.122	0.055	1	3	GOLGA1
0.00100290810906883	1.14112529082552	0.122	0.055	1	3	DENND2A
0.00325978532328766	1.13823585456849	0.22	0.115	1	3	NPC1
0.00593987250753842	1.13730357987311	0.073	0.035	1	3	ENTPD6
0.0042380086498404	1.13430109171159	0.201	0.108	1	3	DOT1L
0.00500044836041517	1.13285767484192	0.104	0.046	1	3	TTLL7
0.000126734585563912	1.13076073400634	0.28	0.14	1	3	PTP4A3
0.00399315302777637	1.12566217343772	0.25	0.129	1	3	DGKQ
0.000112303105046332	1.12400675725966	0.22	0.104	1	3	IFRD1
0.00229203097775925	1.12136203600409	0.159	0.078	1	3	LOC138528761
0.00219786705228753	1.11646323659125	0.22	0.113	1	3	USP43
0.00326465211175259	1.11646323659125	0.122	0.057	1	3	FBXW5
0.00150280938817266	1.11202417142476	0.262	0.149	1	3	ANXA6
0.00105254778024881	1.10995727273184	0.213	0.111	1	3	HIVEP2
0.00128107181483896	1.10231628031355	0.22	0.111	1	3	RASA2
0.00136332406679864	1.09433886223755	0.177	0.088	1	3	FAM118B
0.00849402855705928	1.08595669987289	0.134	0.062	1	3	ARL8A
0.000581826692515008	1.08525174259481	0.171	0.081	1	3	SLC16A1
0.00708449074914557	1.08322690711732	0.091	0.045	1	3	EEFSEC
0.000168783716073305	1.0827086046002	0.421	0.261	1	3	RBMS3
0.00545708838188314	1.08072005150675	0.14	0.07	1	3	MAP7D1
0.00690018342604293	1.07840989081955	0.146	0.072	1	3	MAP2K5
0.00817649725881844	1.07786039736751	0.177	0.097	1	3	MED23
0.00690565716167539	1.07627414647556	0.098	0.051	1	3	RRP9
0.00345284480301625	1.07506838373016	0.238	0.118	1	3	FBXL17
0.000342429462781105	1.07391487360163	0.256	0.131	1	3	PLEKHO1
0.00349720938111318	1.07335666309326	0.11	0.049	1	3	GPR176
0.00702334484847675	1.07335666309326	0.11	0.054	1	3	TLE3
0.000698639416161732	1.07201211962139	0.213	0.107	1	3	KLHL12
0.00253534572009679	1.07073596293412	0.165	0.077	1	3	BMP1
0.00727513873421783	1.07073596293412	0.159	0.085	1	3	TRIM28
0.00485188667526731	1.06541563100086	0.268	0.151	1	3	CSNK1G1
0.00469726177796645	1.06426162877358	0.134	0.064	1	3	TBC1D25
0.00100114256866365	1.06246834695052	0.134	0.066	1	3	OSBPL11
0.00143538524124134	1.06246834695052	0.067	0.032	1	3	RCOR1
0.00207668803714712	1.06246834695052	0.134	0.069	1	3	BRD8
0.00214857925723422	1.06082049406904	0.146	0.071	1	3	ETV6
0.000149692321459669	1.05930106787184	0.268	0.139	1	3	PHLDB1
0.000270219588858801	1.05930106787184	0.213	0.104	1	3	LRCH2
0.000154387392196496	1.0581682095169	0.293	0.162	1	3	UGCG
0.00015225243406465	1.0553789221642	0.28	0.149	1	3	GTF2I
0.000424202063504317	1.05268732615794	0.299	0.17	1	3	ST3GAL4
0.00908274199074745	1.05039551464995	0.256	0.146	1	3	TRIM3
0.000443808848318672	1.04200424439081	0.14	0.069	1	3	CNTLN
0.00151522374809732	1.0352468782155	0.189	0.1	1	3	LGALS8
0.000270833319281346	1.03255276904624	0.232	0.127	1	3	MED14
0.000947234900126757	1.03255276904624	0.232	0.129	1	3	RNF123
0.00155509931503867	1.02182636245318	0.183	0.092	1	3	ATL3
0.00255884469494092	1.02182636245318	0.043	0.022	1	3	FASTKD1
0.00543522685643366	1.02182636245318	0.171	0.085	1	3	LCLAT1
0.00630989912455299	1.02182636245318	0.244	0.14	1	3	ABCC1
0.000473557823983656	1.01497269141212	0.311	0.173	1	3	ANGPT2
0.000283301871392086	1.01433182590625	0.305	0.167	1	3	RNF38
0.000881952417719854	1.01093804631044	0.22	0.126	1	3	SERTAD2
0.000230889359498807	1.01068580484798	0.226	0.118	1	3	SUPV3L1
0.000989289215380666	1.01068580484798	0.232	0.122	1	3	NIBAN1
0.00105831429536105	1.0098537207871	0.226	0.119	1	3	WDR33
0.0046526937872363	1.00533823966461	0.152	0.083	1	3	LRRC20
0.00566499947110438	1.00533823966461	0.159	0.086	1	3	KDM4A
0.00161008696305598	1.00412436071972	0.268	0.154	1	3	DENND5A
0.00431937915213234	1.00192680501547	0.134	0.068	1	3	PPP2R3A
0.000141529195908133	1.00060987654348	0.256	0.128	1	3	SYNJ1
0.00143666644954268	1.00060987654348	0.232	0.128	1	3	PFKP
0.0063535366774172	1.00013129135386	0.226	0.128	1	3	VANGL2
0.00545343800083529	0.999106285953095	0.189	0.112	1	3	ZDHHC14
0.00148209586440937	0.999106285953095	0.122	0.062	1	3	ANAPC4
0.00115655893918613	0.997979620498811	0.207	0.118	1	3	TRAK1
0.000513559530054502	0.993811986283582	0.177	0.097	1	3	B4GALT5
0.00232647239701313	0.99011750272584	0.317	0.197	1	3	PSME4
0.00743145333598583	0.989036427335509	0.159	0.088	1	3	IFNGR1
0.00304548995688053	0.987659759301987	0.311	0.205	1	3	CCN1
0.000698550762369427	0.986636933990878	0.329	0.192	1	3	WIF1
0.00377924577136674	0.985300486428065	0.152	0.079	1	3	FAM91A1
0.00825982224252463	0.983352214638543	0.183	0.106	1	3	SIK2
0.00292474746033913	0.982297998266541	0.201	0.101	1	3	KBTBD2
0.00450246743591506	0.982297998266541	0.14	0.07	1	3	NARF
0.00877025688134814	0.980603699726666	0.134	0.067	1	3	SHROOM2
0.00490006416090919	0.97673847292464	0.116	0.06	1	3	CCDC186
0.00661204482719275	0.97673847292464	0.122	0.063	1	3	XRCC1
0.00205981726791005	0.976022672840054	0.171	0.091	1	3	ZDHHC5
0.00495352509072678	0.974520647674822	0.116	0.06	1	3	ACCS
0.0012634362030566	0.974520647674822	0.238	0.14	1	3	THSD7A
0.00577908077807301	0.973327844761988	0.189	0.111	1	3	REL
0.000348829111057937	0.969358942559043	0.207	0.106	1	3	FRMD6
0.00654582344659289	0.969358942559043	0.146	0.083	1	3	SIAH1
0.00145641940707999	0.967887555342374	0.189	0.101	1	3	SKAP2
0.00319582198930668	0.967887555342374	0.183	0.103	1	3	NPLOC4
0.00716494264262376	0.966331249861475	0.098	0.05	1	3	ODF2
0.000125263932096545	0.965683284415645	0.226	0.121	1	3	ARHGAP29
0.000959404456465592	0.965242834086811	0.14	0.077	1	3	FPGS
0.00464901522006552	0.96293267339961	0.177	0.092	1	3	AVEN
0.00829950626033545	0.960425817789035	0.128	0.071	1	3	LOC138580609
0.000118212120454937	0.959898613309977	0.183	0.101	1	3	EFCC1
0.00200724963614571	0.959090607105216	0.238	0.128	1	3	SEC24A
0.00756749553930897	0.955553143034012	0.305	0.213	1	3	DNAAF9
0.001508817115255	0.954712166594642	0.28	0.157	1	3	KDM2A
0.00293095519755952	0.954712166594641	0.244	0.144	1	3	ARFGEF2
0.00280202086848327	0.953346624570412	0.22	0.133	1	3	DENND2B
0.000968542707186006	0.953113612369164	0.232	0.117	1	3	EPB41L1
0.00160351902674386	0.952563700016065	0.293	0.16	1	3	TRIM71
0.00550529778225611	0.952285429200102	0.146	0.081	1	3	CNOT6L
0.00475925752820404	0.950743264391696	0.177	0.096	1	3	AEBP1
0.00205753815798582	0.948894839999328	0.22	0.128	1	3	TNKS2
0.0015022190864559	0.94857738042254	0.311	0.182	1	3	MARK1
0.00999606431237955	0.947825781009402	0.098	0.056	1	3	ZNF335
0.00033122981052944	0.947279409088124	0.25	0.125	1	3	SEC24C
0.000522919729143709	0.943823850451905	0.256	0.153	1	3	KLHL3
0.00142187451154107	0.943823850451905	0.201	0.103	1	3	CC2D1A
0.000691684645498549	0.941656013769195	0.195	0.101	1	3	A4GNT
0.0009556101415248	0.941207902244894	0.299	0.17	1	3	CLCN3
8.53496790395149e-05	0.941014316865081	0.372	0.223	1	3	RASA1
0.00458215737928108	0.939364202261206	0.091	0.05	1	3	CARF
0.0092478150492341	0.936937464866666	0.177	0.098	1	3	PI4KA
0.00274325619963372	0.935853139343326	0.189	0.115	1	3	LOC138567561
0.00371277675095639	0.935411610635705	0.152	0.083	1	3	WIPI2
0.00277522264313349	0.934363521202839	0.183	0.098	1	3	GSK3A
0.00422467735990109	0.932189149968502	0.14	0.077	1	3	PABIR2
0.00141549608118596	0.93141106723096	0.305	0.178	1	3	ADAMTS20
0.00620606887457472	0.930678474394983	0.238	0.134	1	3	MAP3K11
0.00674143877066678	0.928716958061697	0.11	0.061	1	3	SH3RF1
0.000603759200774908	0.928716958061697	0.305	0.162	1	3	TRRAP
0.000202917275931695	0.927048137701079	0.293	0.155	1	3	CNKSR3
0.007835862177004	0.924964823200589	0.134	0.075	1	3	RNF40
0.00130780043995654	0.923979039055034	0.226	0.114	1	3	KIAA0753
0.000295143763078259	0.920543026615997	0.293	0.154	1	3	UBE3C
0.00277522264313349	0.920288335991116	0.183	0.096	1	3	ZNF618
0.00222726281422194	0.91647336230695	0.238	0.133	1	3	BLTP3B
0.0019469272398045	0.915474381280845	0.293	0.175	1	3	KDM5A
0.000879044695792941	0.914911158536666	0.256	0.145	1	3	HYCC2
0.000157307015506013	0.913450201408386	0.262	0.146	1	3	TMX3
0.00796993916837301	0.913450201408386	0.226	0.142	1	3	SCAPER
0.00019556626498467	0.912891990900015	0.348	0.199	1	3	NSD3
0.00540429128235393	0.912003084500427	0.28	0.17	1	3	TRPM7
0.00370346463042485	0.910795050064435	0.256	0.152	1	3	GAK
0.0069881010748766	0.909058432291229	0.207	0.125	1	3	PTK7
0.000105492259703757	0.906349145033243	0.305	0.164	1	3	CORO1C
0.000510401934014998	0.906349145033242	0.22	0.114	1	3	SCARF2
0.00956859252936171	0.906349145033242	0.116	0.064	1	3	HECTD3
0.00133497929709151	0.90398987215932	0.244	0.144	1	3	TPST2
0.000745184421977406	0.900520066231045	0.104	0.057	1	3	GSTCD
0.00142359497484869	0.900520066231045	0.189	0.107	1	3	SMTN
0.00301039361170288	0.900520066231045	0.195	0.115	1	3	PPP1R9B
0.00386384762159431	0.899835838074568	0.195	0.107	1	3	GGA3
0.00406444110764945	0.899835838074568	0.171	0.099	1	3	DAPK2
0.00167448353717543	0.894914249970959	0.287	0.181	1	3	SMAD3
0.000740723624087563	0.892349838024737	0.36	0.212	1	3	MTMR1
0.00565845569283537	0.892191082036583	0.195	0.115	1	3	DHRSX
0.000173904547067845	0.890581829174926	0.305	0.168	1	3	ADCY9
0.00983267097911212	0.890581829174926	0.25	0.15	1	3	MYO9A
0.000602046886919171	0.889376066429529	0.28	0.155	1	3	ANKRD28
0.00556334832487117	0.889376066429529	0.25	0.151	1	3	SPSB4
0.00640837303611544	0.888559831589714	0.177	0.1	1	3	CPSF1
0.00274098755941388	0.885253309577734	0.25	0.144	1	3	RAP1GDS1
0.006899421598488	0.885090025661439	0.256	0.17	1	3	LRBA
0.00309263059379655	0.884322838703244	0.165	0.097	1	3	NCKAP5L
0.000240774330981464	0.883306498371751	0.213	0.127	1	3	DENND1A
0.00545899233243908	0.882998657755862	0.323	0.196	1	3	RERE
0.0014628125284509	0.882762324715627	0.28	0.176	1	3	FOXN3
0.000611732963002609	0.879554807025902	0.433	0.297	1	3	PLEC
0.00708449074914557	0.878868408611136	0.091	0.051	1	3	ARHGAP42
9.43237318314621e-05	0.878868408611135	0.457	0.287	1	3	LDB2
0.00159948861088149	0.878090884991729	0.201	0.113	1	3	FOCAD
0.000269761850652847	0.877436453118004	0.421	0.255	1	3	GNAL
0.000960109412708044	0.875605621602135	0.36	0.221	1	3	GIGYF2
0.00023912441107966	0.873434522560508	0.238	0.121	1	3	EP300
0.00492486409253699	0.872312821033826	0.287	0.177	1	3	PHRF1
0.000904621843289901	0.86861142933932	0.39	0.264	1	3	PTGS1
0.00103608615430098	0.867950854675358	0.378	0.226	1	3	HNRNPLL
0.000182286372705447	0.86760544375831	0.372	0.203	1	3	R3HDM2
0.00314126375104955	0.863280423141356	0.299	0.196	1	3	ATF7
0.00490217991685596	0.862045918416409	0.207	0.116	1	3	PLXNA1
0.000641256836827078	0.861830478254598	0.293	0.167	1	3	MID1
0.00119141995661323	0.861361690259932	0.323	0.208	1	3	KDM4B
0.00228601919617316	0.861361690259932	0.329	0.202	1	3	NDST2
0.00360738869613677	0.860834485780874	0.25	0.145	1	3	ANKRD50
0.000792680320891398	0.859975483051781	0.323	0.203	1	3	CNOT2
0.00994200158891543	0.858327630170299	0.25	0.15	1	3	LDLRAD4
0.00530326493895101	0.857850627342053	0.195	0.116	1	3	CEP192
0.00830055455453352	0.855176493043727	0.232	0.154	1	3	DIP2A
0.00222890430662706	0.85471637661792	0.11	0.057	1	3	RTEL1
0.0055197904320854	0.85471637661792	0.201	0.117	1	3	NBAS
0.000498668052641551	0.851901361010866	0.372	0.213	1	3	USP7
0.00598533239184893	0.851901361010866	0.128	0.076	1	3	LOC138471985
0.00753107171878055	0.850060014186699	0.165	0.095	1	3	MED15
0.00171869574334254	0.848761653480299	0.177	0.104	1	3	ELMO2
0.00531703690104577	0.848761653480299	0.177	0.111	1	3	FAM222A
0.000934035316467445	0.846739655895087	0.183	0.098	1	3	ASCC2
0.00534735457909245	0.846739655895087	0.177	0.101	1	3	SENP5
0.00129314556693807	0.845976527053761	0.201	0.112	1	3	TRIM33
0.000675073541877313	0.845575722761451	0.305	0.188	1	3	LOC138497172
0.000949122871424791	0.843023209664413	0.274	0.153	1	3	ERGIC1
0.000359839392483272	0.84271803884553	0.299	0.175	1	3	HYCC1
0.000112973937628133	0.842342532586021	0.372	0.211	1	3	PEAK1
0.000688669399916664	0.841254116811357	0.311	0.181	1	3	CCDC88A
0.00712267555500802	0.841254116811357	0.293	0.183	1	3	MVB12B
0.000120252003854391	0.838796373387504	0.366	0.2	1	3	ETS2
0.000546574754432423	0.838496934814223	0.445	0.287	1	3	RASGRP3
0.000120422054772932	0.837722425841104	0.488	0.329	1	3	PKN1
0.000102499240905082	0.837401791315751	0.457	0.301	1	3	CDK17
0.00807253940356188	0.836908646535393	0.207	0.124	1	3	TARBP1
0.000114017849062472	0.83654711413383	0.421	0.267	1	3	ASAP2
9.0922044351972e-05	0.836428148598932	0.537	0.391	1	3	LPP
0.00716494264262376	0.836270709297102	0.098	0.055	1	3	RBM19
0.00129603548110883	0.836270709297102	0.195	0.11	1	3	ITPRIP
0.0034140854316709	0.835413238222297	0.165	0.093	1	3	FXYD6
0.00233110645784204	0.835413238222297	0.293	0.175	1	3	KMT2A
0.00659194651793042	0.835413238222297	0.28	0.186	1	3	TET3
0.00685439656030288	0.834740809852683	0.311	0.201	1	3	NPTN
0.000760254119004654	0.827557542031119	0.378	0.222	1	3	SSH2
0.00064421079223109	0.826570071054245	0.317	0.209	1	3	USP4
0.00618120452578496	0.82388698484127	0.201	0.115	1	3	HGS
0.00934547886536788	0.82388698484127	0.177	0.107	1	3	U2SURP
0.00122091462438747	0.820619271007359	0.274	0.159	1	3	REPS1
0.00197938169946649	0.819197195938161	0.201	0.131	1	3	SNX25
0.00192122008292195	0.818292968368046	0.244	0.14	1	3	SENP1
0.00604683808396208	0.817467863946992	0.213	0.149	1	3	ARHGAP35
0.00419007146092665	0.814781905450166	0.28	0.165	1	3	PPP1R37
0.00699266066874325	0.814593748287737	0.213	0.134	1	3	TNFSF12
0.00268398174843645	0.812792323971749	0.305	0.195	1	3	RABEP1
0.00546060366181093	0.811608655062833	0.256	0.163	1	3	UBR5
0.00820221427954619	0.806558375550112	0.293	0.183	1	3	TBC1D1
0.00454849495043167	0.803480774179433	0.262	0.163	1	3	ACBD3
0.00110524921343971	0.799433941116731	0.329	0.205	1	3	RASGRP2
0.00153769046806584	0.796450082677909	0.323	0.204	1	3	MAST4
0.00225227895496489	0.794158999076056	0.22	0.128	1	3	DDAH2
0.000197448084352761	0.793201987405216	0.421	0.278	1	3	OSBPL9
0.00140323056863769	0.791820757006855	0.28	0.171	1	3	CKAP5
0.0052367920270764	0.791820757006855	0.146	0.088	1	3	TRIP11
0.00639295204956597	0.791528743031384	0.268	0.169	1	3	PPFIA1
0.0031205883671666	0.790500816346723	0.134	0.078	1	3	MRPL34
9.51939462567072e-05	0.790235004270266	0.372	0.209	1	3	HIP1
0.00247211054929069	0.789652920324145	0.402	0.261	1	3	AP1G1
0.00249936982211288	0.788992194395084	0.287	0.177	1	3	INPP5A
0.002752695418415	0.788235734511866	0.28	0.168	1	3	NFATC3
0.00746136123714585	0.786338283505047	0.232	0.155	1	3	TDRP
0.00357974360765226	0.786198113960037	0.323	0.19	1	3	PLCL2
0.000585561548591075	0.784992428728245	0.329	0.205	1	3	MBOAT2
9.12923836978347e-05	0.783666625258414	0.329	0.207	1	3	NPEPPS
0.00682293124383496	0.783666625258414	0.201	0.121	1	3	ARRB2
0.00944348081114407	0.782819227265835	0.183	0.126	1	3	ERLEC1
0.00680632212723772	0.782360427757789	0.25	0.155	1	3	SOS1
0.000179017089196533	0.778157281486316	0.488	0.348	1	3	RSU1
0.000619646266859507	0.778123434871318	0.396	0.264	1	3	MCC
0.00539303555087327	0.775388467150079	0.183	0.113	1	3	RIT1
0.00585554606405675	0.771175681075217	0.335	0.21	1	3	UBAP2L
0.000827907098580319	0.771018258952644	0.354	0.246	1	3	WIZ
0.000819385887852933	0.769341875960295	0.317	0.204	1	3	AMMECR1
0.00332591575541547	0.769341875960295	0.329	0.196	1	3	DLG1
0.000356153876658536	0.769219328069723	0.299	0.182	1	3	NUP188
0.00351219370400885	0.769060292073212	0.244	0.147	1	3	CCSER1
0.00164837431606976	0.766267077181531	0.244	0.14	1	3	PPP1R12B
0.00163682878329864	0.765050947091067	0.335	0.24	1	3	PLA2G4A
0.00437850995792291	0.763190420516902	0.348	0.235	1	3	SETD2
0.00218818064737316	0.762439733634529	0.244	0.148	1	3	NAA15
0.00120843978584212	0.760085273640905	0.317	0.199	1	3	SETD5
0.00454433937855725	0.758791956619385	0.341	0.216	1	3	DIP2B
0.00885755634548901	0.758791956619385	0.329	0.221	1	3	ATRN
0.00526115893287635	0.758791956619385	0.189	0.116	1	3	ANKIB1
0.00197907276768017	0.757826620323154	0.36	0.246	1	3	LARP4B
0.000848061501901081	0.756166487212562	0.317	0.199	1	3	SBF2
0.00740162228690479	0.755932302480144	0.28	0.174	1	3	MED13
0.00599534388338741	0.755932302480144	0.159	0.099	1	3	ZNF384
0.00429950660072795	0.752639729637789	0.25	0.168	1	3	MAP4K3
0.000270251808906491	0.751178772509509	0.402	0.293	1	3	RFTN1
0.000264070880391242	0.747832744629518	0.445	0.298	1	3	VMP1
0.00327359410923928	0.746191919839751	0.11	0.068	1	3	MAP2K2
0.00257674058153994	0.74566268467575	0.524	0.43	1	3	ARHGAP21
0.00716793275762441	0.741718443260443	0.159	0.092	1	3	USP45
0.0015189305644815	0.740806211146022	0.183	0.11	1	3	ORC4
0.00144429255127057	0.739624545881427	0.268	0.177	1	3	HECW2
0.00478290057696926	0.739624545881427	0.287	0.181	1	3	TCF7L2
0.000280258693920213	0.738578735729876	0.293	0.191	1	3	DVL1
0.00321738126672543	0.732319745258194	0.165	0.099	1	3	HLX
0.00506506483748301	0.732319745258194	0.177	0.108	1	3	ATP2C1
0.00734957204342193	0.732319745258194	0.104	0.063	1	3	TTC39B
0.00789121238120303	0.730660521336503	0.341	0.258	1	3	ECPAS
0.000212036301904262	0.729162862071011	0.39	0.251	1	3	TNRC6B
0.00878187751353353	0.729044613225333	0.226	0.134	1	3	ABCB1
0.00246020226867578	0.727379003987923	0.268	0.175	1	3	LPAR4
0.000422222468781563	0.724714587737025	0.402	0.275	1	3	SPAG9
0.00715908721104693	0.724440451828608	0.39	0.256	1	3	EHMT1
0.00274806396632941	0.724145813812494	0.329	0.207	1	3	EXOC6B
0.000334355166882071	0.722637191860854	0.341	0.225	1	3	LOC138510069
0.0011884581701601	0.722109546655975	0.567	0.406	1	3	GPX1
0.00394737893839901	0.718210145842758	0.201	0.131	1	3	EGLN2
0.0090431375064834	0.717492327580554	0.238	0.155	1	3	ARB2A
0.00867493579067688	0.716413354348833	0.207	0.138	1	3	MMP16
0.00497363501003495	0.711971099866392	0.28	0.201	1	3	RIN3
0.00419291616564205	0.709548437599536	0.213	0.139	1	3	GRK2
0.00322328528606959	0.709236132145152	0.323	0.203	1	3	PIK3CA
0.00646761709294324	0.706953025099767	0.232	0.139	1	3	TTC7B
0.00810798827420193	0.706953025099767	0.201	0.146	1	3	SOAT1
0.00108965557080956	0.706784653151056	0.287	0.178	1	3	LYN
0.00393698314875136	0.706784653151056	0.311	0.184	1	3	KMT2D
0.00980337983119053	0.705352697657924	0.287	0.18	1	3	ARFGEF1
0.00433770219620773	0.705251502060023	0.348	0.223	1	3	TANC2
0.00635660954254412	0.704636186572479	0.274	0.198	1	3	RABGAP1L
0.00124448258168656	0.70314392706947	0.421	0.254	1	3	TEAD1
0.00327170028495237	0.701648049515776	0.299	0.188	1	3	CERT1
0.00293196556381198	0.699898267565816	0.354	0.225	1	3	DENND4A
0.00554914594367128	0.698084697193885	0.262	0.175	1	3	NEDD4
0.00638365223772471	0.697152890826999	0.329	0.237	1	3	MINK1
0.000171017307829301	0.688472660768043	0.457	0.322	1	3	CFL1
0.00745089905514354	0.68792562589974	0.177	0.112	1	3	RAB3GAP2
0.00739664005350777	0.687407323382619	0.268	0.163	1	3	TSC22D1
0.00726610938230437	0.68622333066874	0.213	0.149	1	3	DENND5B
0.00519193053577721	0.684791375175608	0.299	0.204	1	3	LRCH3
0.00202894634077137	0.682737716407633	0.348	0.249	1	3	PACS1
0.000869150821983921	0.67893864893017	0.232	0.146	1	3	EGFLAM
0.00564110379349484	0.676690876404491	0.366	0.244	1	3	PDE8A
0.00717651708267314	0.674604247401906	0.25	0.168	1	3	ARHGEF11
0.00326058948815006	0.670091445082853	0.427	0.321	1	3	ERBIN
0.00576354219151166	0.669982689661529	0.348	0.23	1	3	STRN3
0.00378557893370998	0.667049387991809	0.293	0.192	1	3	ATP11B
0.00037036972023042	0.66274526914835	0.274	0.162	1	3	ITFG1
0.00497335610625819	0.661531827768767	0.244	0.166	1	3	TLK2
0.00093849234249396	0.660030884451314	0.354	0.227	1	3	MYO18A
0.000870193224926432	0.658783500812596	0.494	0.333	1	3	PPP1R12A
0.00475554173505911	0.65682954567393	0.329	0.223	1	3	TAOK2
0.000752612617274045	0.656257539438635	0.378	0.278	1	3	F8
0.00284350751480332	0.65585690581028	0.579	0.455	1	3	AKAP13
0.00287135345211709	0.652592552787459	0.268	0.17	1	3	STK17A
0.00180113512196073	0.649573729671131	0.354	0.226	1	3	HDAC7
0.00908435189902803	0.648609038868961	0.195	0.124	1	3	SH3BP5
0.00517147973123626	0.648208790554315	0.287	0.18	1	3	PHF21A
0.000242362210709256	0.645959460455012	0.482	0.322	1	3	ITPR2
0.00362450239407872	0.641222360238209	0.293	0.185	1	3	ELF2
0.000300771862049998	0.637485660397251	0.445	0.321	1	3	MBNL2
0.00893605561160044	0.634374694846234	0.323	0.235	1	3	CREBBP
0.000714524168933959	0.630504932148142	0.262	0.166	1	3	EPRS1
0.000180149150511219	0.628418879145877	0.39	0.272	1	3	WDR26
0.00217516511980795	0.622908528537612	0.433	0.301	1	3	HSD17B12
0.000577828153419854	0.617649855806102	0.463	0.33	1	3	IGF2BP2
0.00153550206864518	0.613130390048161	0.305	0.201	1	3	UBE2Q2
0.00690013921465549	0.612263993240486	0.348	0.229	1	3	PTPN11
0.00124664917545	0.611140887714042	0.439	0.283	1	3	BICD2
0.00133920111331059	0.610847079748688	0.39	0.285	1	3	PARG
0.00277825699762142	0.609482972343598	0.433	0.327	1	3	VAV3
0.00134048890744313	0.606788863174335	0.433	0.311	1	3	TLN1
0.000415881503677441	0.606788863174335	0.39	0.261	1	3	RPS6KA3
0.00229663274157741	0.602915854027128	0.457	0.312	1	3	PSMD14
0.00463406224321088	0.602786932616838	0.396	0.293	1	3	KDM6B
0.00496007616475833	0.602342958143143	0.409	0.289	1	3	PPP4R1
0.00615887459014906	0.600125132893324	0.293	0.187	1	3	DGKH
0.00142742093896434	0.58773052735865	0.427	0.309	1	3	MACF1
0.0097575874027715	0.587423538307404	0.348	0.259	1	3	ZSWIM8
0.00769312248648051	0.585727247646505	0.274	0.18	1	3	PARD3B
0.000418803263008581	0.585186608689124	0.53	0.363	1	3	DAAM1
0.00473069763942896	0.581842506044104	0.238	0.164	1	3	PRDM2
0.00111397662551422	0.581253771067197	0.311	0.194	1	3	MSI2
0.00317363309808773	0.580120912712255	0.341	0.242	1	3	STAT5B
0.000130863254742888	0.576780987943748	0.689	0.513	1	3	CRIM1
0.00466955074981544	0.575310631701167	0.451	0.327	1	3	ARAP3
0.00211459587178772	0.567260498987697	0.341	0.244	1	3	EFNB2
0.00350982781535123	0.566524992960607	0.274	0.196	1	3	FKBP15
0.00342930023092901	0.563903050321158	0.317	0.216	1	3	PPP2R5A
0.00456708292348679	0.562394743815881	0.335	0.229	1	3	CELF1
0.00361457523628973	0.555360624367332	0.305	0.223	1	3	USP32
0.000433576848012263	0.550804253397163	0.579	0.425	1	3	ARHGAP31
0.00853968914263553	0.550406393276816	0.341	0.25	1	3	AOPEP
0.00633041052057015	0.540699672716562	0.25	0.162	1	3	SPRY3
0.00715684315563969	0.538922832893191	0.457	0.347	1	3	ITPKA
0.00440990466231189	0.533539881143696	0.268	0.187	1	3	UBA3
0.000117218315004811	0.525531171450703	0.713	0.59	1	3	TPM2
0.00564632294107717	0.524639821820463	0.348	0.243	1	3	PAK2
0.00193028979285097	0.518278693354668	0.628	0.51	1	3	ARPC2
0.000318332646647426	0.514031722254482	0.671	0.505	1	3	SEMA3F
0.000182689233539816	0.512952477139408	0.47	0.322	1	3	TIMP2
0.00634975136409502	0.505988222386843	0.226	0.148	1	3	PHF6
0.00531830949707075	0.505386830966121	0.378	0.304	1	3	FBXL7
0.00780652911162794	0.498729117316882	0.262	0.175	1	3	WASHC4
0.00102017365085979	0.493578252726344	0.494	0.34	1	3	PGGHG
0.000768341749708732	0.49309693869462	0.72	0.572	1	3	CD2
0.000523462545515243	0.492832673877249	0.415	0.28	1	3	SSU72
0.00024395327373003	0.480201116903583	0.701	0.536	1	3	COL5A2
0.00395958204042464	0.479676945270995	0.378	0.272	1	3	RAI1
0.0012460662960285	0.479676945270995	0.506	0.37	1	3	ITGA5
0.000661628355370428	0.478871388253598	0.573	0.43	1	3	PIEZO1
0.00858422110279469	0.476728322609962	0.47	0.356	1	3	NFX1
0.00807353739546505	0.475992441420383	0.677	0.535	1	3	DOCK9
0.000657840308016148	0.475909061295039	0.518	0.377	1	3	NHSL2
0.000115892815788728	0.473738105431031	0.744	0.662	1	3	FSCN1
0.000655591288011057	0.472793718880047	0.579	0.443	1	3	ACTR3
0.000990286600712716	0.463830909332292	0.524	0.412	1	3	COTL1
0.00435088916312026	0.460268466066966	0.591	0.455	1	3	ADGRL4
0.00239464229767071	0.425892743911019	0.512	0.398	1	3	DGKZ
0.00303765643607158	0.395892080675716	0.482	0.378	1	3	LSP1
0.00520485933368515	0.389736466593085	0.634	0.535	1	3	ENO1
0.00265497707648197	0.385117248768139	0.585	0.473	1	3	PTBP3
0.00677186972265629	0.363614879701384	0.524	0.438	1	3	EIF4G1
0.00402813664504571	0.306447630495118	0.677	0.555	1	3	ASAP1
0.00226187744329669	0.281733537927625	0.878	0.886	1	3	TAGLN2
0.00589074115021481	0.203263681385115	0.89	0.882	1	3	MSN
0.00853419445284776	-0.16144933739846	0.994	0.994	1	3	COX2
0.00639462506826161	-0.191916782132186	0.939	0.935	1	3	SUGP2
0.00992624931862663	-0.206247283666477	0.939	0.969	1	3	CYTB
0.00190937182090149	-0.207956299789673	1	1	1	3	CIRBP
0.000207054342599266	-0.220399957199748	0.841	0.931	1	3	HNRNPAB
0.00275093758113899	-0.223646403843432	1	0.999	1	3	COX3
0.000875326785342881	-0.244019923788014	0.738	0.863	1	3	RAC1
0.00578439770177894	-0.258617481262203	0.774	0.896	1	3	RPS25
0.00165180077491157	-0.261033580396002	0.823	0.924	1	3	RPS17
0.00711514705121917	-0.26515585332626	0.866	0.929	1	3	NME2
0.00315676812954203	-0.265469650913942	0.811	0.908	1	3	RPS27A
0.00213990317526674	-0.273295226717528	0.841	0.909	1	3	EEF2
0.00550295608191836	-0.279816752673816	0.841	0.963	1	3	RPS26
0.000592906296532382	-0.288172487597364	0.884	0.938	1	3	LGALS4
0.000274907612808034	-0.297809920926194	0.902	0.97	1	3	RPLP1
0.00532163290896417	-0.299604777712039	0.963	0.968	1	3	COX1
8.55539410894872e-05	-0.299859038339762	0.915	0.988	1	3	RPS2
0.0047154704539048	-0.300101732434184	0.61	0.723	1	3	AKAP8L
0.00253936452359744	-0.304173423639409	0.756	0.893	1	3	RPL30
0.000271547053520452	-0.307410280446232	0.909	0.982	1	3	RPLP2
0.000768971458317066	-0.309487328069781	0.689	0.819	1	3	RPL18A
0.00383265773294634	-0.318643792443588	0.665	0.797	1	3	SNRPG
0.000603060145722283	-0.321671551607356	0.817	0.925	1	3	RPS24
0.000290132761210693	-0.32334959723554	0.854	0.951	1	3	RPS19
0.000655540566542777	-0.330674835329875	0.701	0.784	1	3	SRI
0.0044528024485409	-0.332575339086871	0.799	0.848	1	3	RPS3
0.000389192198733598	-0.339290998008168	0.835	0.959	1	3	RPL19
0.000399158135818124	-0.339470937809817	0.75	0.856	1	3	CALM1
0.000768753687427091	-0.339728806554895	0.78	0.918	1	3	RPS11
0.00116053280531902	-0.340372605664946	0.768	0.919	1	3	RPL15
0.00962005064932476	-0.346691291803996	0.53	0.627	1	3	NCOA5
0.00618776583360185	-0.34740744721254	0.53	0.632	1	3	CAVIN1
0.000145676117224791	-0.350313178387952	0.884	0.954	1	3	S100A10
0.000193958479812045	-0.350915521988821	0.628	0.757	1	3	ANP32B
0.00728406750073118	-0.352493931647842	0.707	0.801	1	3	RPL22L1
0.00283566600571104	-0.35507231492794	0.787	0.904	1	3	RPL18
0.00705324048994397	-0.35584428436118	0.402	0.489	1	3	ATP5MG
0.00658940098559764	-0.356353454211948	0.677	0.78	1	3	SRSF3
8.89981911937968e-05	-0.356750044250612	0.829	0.952	1	3	RPS7
0.00383596136938889	-0.358282803522713	0.585	0.679	1	3	NPM1
0.000594754974521486	-0.359032060896546	0.829	0.941	1	3	RPL17
0.000180316794072668	-0.36405092916173	0.835	0.938	1	3	RPL28
0.00143782833807792	-0.371516065726346	0.317	0.42	1	3	TOMM20
0.00620471614738361	-0.372115301370157	0.579	0.689	1	3	SSR3
0.000570237687489401	-0.373916447472024	0.64	0.737	1	3	SNRPF
0.00585544432977983	-0.374395514781498	0.598	0.707	1	3	PFN2
0.00307025506320758	-0.376723014037096	0.402	0.508	1	3	SAFB
0.00132901659157999	-0.377077049631729	0.713	0.829	1	3	RPL9
0.000582316373378564	-0.377564530067074	0.659	0.765	1	3	NAP1L1
0.00335933480217735	-0.377568159073165	0.744	0.799	1	3	H3F3A
0.00932218843519304	-0.377781096256059	0.244	0.319	1	3	RWDD1
0.000536402313427839	-0.378013305859305	0.683	0.848	1	3	RPS5
0.00455710849374106	-0.379053073829006	0.646	0.744	1	3	HNRNPH3
0.000248531776539275	-0.386706220629042	0.744	0.889	1	3	RPS16
0.00326695047597307	-0.390556683379687	0.506	0.632	1	3	IFITM1
0.000525637415857839	-0.39545657703131	0.756	0.868	1	3	RPL2
0.00201545086442154	-0.396989476063101	0.549	0.643	1	3	UQCRH
0.00119703020184898	-0.399392653241973	0.671	0.8	1	3	RPL10A
0.00890133312447864	-0.405855346077888	0.323	0.425	1	3	HNRNPUL1
0.00320986505686237	-0.406843002413432	0.518	0.653	1	3	ATP5MC3
0.000419730547833311	-0.413610935267304	0.244	0.374	1	3	LOC138487737
0.00371414040433064	-0.426513111976493	0.39	0.539	1	3	EEF1D
0.00996455979148126	-0.429486523217215	0.274	0.375	1	3	TXNDC17
0.000181998372963547	-0.43234238161733	0.72	0.868	1	3	CRIP1
0.000484339907695679	-0.444258742416058	0.732	0.795	1	3	FSTL1
0.000290085618213331	-0.444446739264153	0.646	0.759	1	3	RPL6
0.00546731875160518	-0.446849100427739	0.341	0.442	1	3	SEPTIN7
0.000520234365708372	-0.449364263130436	0.738	0.815	1	3	RPL23A
0.000317181795562551	-0.449794665192033	0.5	0.628	1	3	HNRNPA0
0.0023086261808287	-0.453312860315227	0.64	0.748	1	3	HNRNPL
0.00308299733351026	-0.453415771031581	0.549	0.636	1	3	RSL24D1
0.00769398365698356	-0.458684974302947	0.482	0.573	1	3	BZW1
0.000192331064349458	-0.45949314510043	0.72	0.877	1	3	DBI
0.00961766072669577	-0.463231063859613	0.427	0.506	1	3	CST3
0.000851980011207713	-0.469709274299709	0.482	0.588	1	3	LOC138567164
0.00704605338494699	-0.470454135758126	0.128	0.195	1	3	LYPLA2
0.00809560285591814	-0.471470150746165	0.348	0.475	1	3	LOC138580477
0.00911736778240189	-0.472965882940741	0.811	0.863	1	3	KRT5
0.000211672816592965	-0.480183348912667	0.622	0.731	1	3	LOC138504591
0.000308566989710737	-0.48292525818052	0.506	0.589	1	3	RPL5
0.00676852601494886	-0.487929794078804	0.36	0.426	1	3	BSG
0.00966357042680095	-0.494188784550486	0.268	0.367	1	3	HNRNPC
0.000401260720841924	-0.495826203308552	0.518	0.694	1	3	COX6C
0.00314226473097618	-0.50096099222099	0.482	0.599	1	3	RBX1
0.000117570231663987	-0.501208389124776	0.482	0.624	1	3	COX4I1
0.00629156273849068	-0.501735593603834	0.195	0.302	1	3	CS
0.00591271650124777	-0.514840581227197	0.262	0.362	1	3	MACROH2A2
0.000312144186275321	-0.520159065522703	0.439	0.588	1	3	LOC138488548
0.000332177733426511	-0.524142006652114	0.573	0.688	1	3	H3-3A
0.00134697608229145	-0.525435429082754	0.293	0.39	1	3	CMPK1
0.00186557331814718	-0.527066883560456	0.549	0.607	1	3	RHOC
0.000762667556808049	-0.527696469012686	0.384	0.51	1	3	CBX3
0.00365384090589812	-0.529700225956828	0.439	0.553	1	3	MATR3
0.000308608171572423	-0.534281275595793	0.463	0.597	1	3	VDAC2
0.00185290776041972	-0.535391147785074	0.348	0.454	1	3	KDELR2
0.00633911546305186	-0.548489362303576	0.555	0.634	1	3	STMN1
0.00850506140062919	-0.552165020446974	0.232	0.311	1	3	SFT2D1
0.0064003058736532	-0.55323767720174	0.341	0.45	1	3	NDUFAB1
0.00642970138746459	-0.557782903773771	0.311	0.423	1	3	VWA5A
0.00788566972541754	-0.563136138267978	0.098	0.172	1	3	NCSTN
0.00129910834796865	-0.565850522965014	0.268	0.414	1	3	COX7A2L
0.00939851337639616	-0.567985537929373	0.128	0.22	1	3	LGALS9
0.00978218024374051	-0.578566178837584	0.165	0.258	1	3	PDCD5
0.00124406012834072	-0.581564975142454	0.543	0.627	1	3	SPTBN1
0.00256779516885425	-0.584352624177674	0.323	0.439	1	3	UBE2N
0.000253428985229882	-0.595097902727472	0.506	0.647	1	3	SRSF9
0.00258468266734442	-0.602664502454615	0.189	0.289	1	3	XRN2
0.00931568215535452	-0.608224027796516	0.159	0.242	1	3	PPM1G
0.0030270322737614	-0.615298645333991	0.451	0.547	1	3	S100A4
0.000241004130947473	-0.622220269542256	0.457	0.576	1	3	SEPT2
0.000106295606383366	-0.636458370281668	0.512	0.646	1	3	ATP5PF
0.000152837005388745	-0.638967551227624	0.36	0.502	1	3	SUMO3
0.00499669706239629	-0.641138650269251	0.232	0.338	1	3	ATP5PB
0.000110373003411378	-0.647249184778579	0.518	0.673	1	3	PCBP2
0.00082344191292749	-0.651132619265807	0.274	0.397	1	3	SELENOF
0.00860020595156861	-0.658183346900952	0.177	0.258	1	3	FAM32A
0.00200071394719069	-0.663608931072946	0.317	0.423	1	3	ANXA4
0.00892954025687238	-0.675246504589515	0.177	0.274	1	3	HEBP2
0.00831009097793281	-0.675764993378883	0.14	0.23	1	3	CACYBP
0.00278425212543327	-0.679262195384431	0.274	0.412	1	3	DYNLT1
0.000145359194271871	-0.692478634301856	0.409	0.54	1	3	UQCR10
0.00198803737156771	-0.692771418684573	0.207	0.317	1	3	NUDT21
0.0051517284266643	-0.695330750632847	0.122	0.206	1	3	PIN4
0.00520918621433182	-0.696030408765323	0.195	0.314	1	3	LOC138472955
0.00123432357899138	-0.699371915854711	0.232	0.335	1	3	ANP32E
0.000632719486853204	-0.699872475059717	0.299	0.426	1	3	TUSC3
0.00183177479346014	-0.704544116473829	0.213	0.35	1	3	ARL1
0.00657996004409771	-0.70662773185751	0.195	0.306	1	3	PSME3
0.00264084584782919	-0.711126169206404	0.189	0.306	1	3	RBBP7
0.00218448597573406	-0.717228580435755	0.317	0.438	1	3	PDIA4
0.00523675002416154	-0.723359738517996	0.201	0.298	1	3	PYCARD
0.000174477150590556	-0.724546684968726	0.488	0.602	1	3	H2AC1
0.00411320397363391	-0.732013050277424	0.091	0.165	1	3	B3GALT5
0.00633204211214565	-0.739801285947297	0.165	0.263	1	3	UQCRC2
0.000431237905875111	-0.743708383909799	0.274	0.388	1	3	CA5A
0.000380193089862663	-0.750044846661229	0.207	0.356	1	3	KLHL4
0.00356647118564372	-0.76666953235311	0.061	0.11	1	3	C2PH11orf98
0.00664780701298482	-0.769272668846506	0.201	0.292	1	3	BCCIP
0.000414091023579373	-0.769587015735404	0.213	0.353	1	3	PFDN5
0.00565217400828301	-0.775680773648078	0.11	0.196	1	3	PSME1
0.00665959642271559	-0.780941290108774	0.177	0.281	1	3	NDUFA3
0.00714875551257057	-0.785528559604426	0.091	0.176	1	3	TCOF1
0.000184123067267705	-0.788388213743666	0.232	0.365	1	3	EHD3
0.00309076232519939	-0.823198977570481	0.104	0.189	1	3	GLRX2
0.00795280399116061	-0.826170544101771	0.055	0.106	1	3	EIF4EBP1
0.00481798645125666	-0.831216197651636	0.177	0.283	1	3	CEBPD
0.0049177059345341	-0.832322771083367	0.073	0.133	1	3	PHPT1
0.000331623627189126	-0.84459048316823	0.256	0.39	1	3	DEK
0.00541727181608715	-0.856867341324688	0.171	0.301	1	3	POLR2J
0.000593595644477241	-0.860337147252964	0.232	0.351	1	3	FBLN2
0.00701452330926434	-0.861980620042299	0.079	0.146	1	3	PLCD1
0.00354563080092477	-0.862696420126886	0.128	0.239	1	3	MKI67
0.00941119201084563	-0.867990719796399	0.091	0.173	1	3	ALDH9A1
0.00342370035043427	-0.868944567792063	0.079	0.159	1	3	TFE3
0.0013099123270304	-0.873421247725296	0.323	0.461	1	3	FOS
0.00379623206342956	-0.874337826562281	0.098	0.184	1	3	DHFR
0.000284026734136392	-0.882313622139306	0.195	0.345	1	3	SNU13
0.00384909299500935	-0.886098052648442	0.171	0.303	1	3	LOC138480899
0.00647516634317761	-0.904173056103045	0.043	0.106	1	3	MATN2
0.000364442788885383	-0.904617030576741	0.177	0.319	1	3	RHAG
0.0042866646757795	-0.921990802153698	0.134	0.234	1	3	LGALS3
0.00489727647637272	-0.935738371226425	0.134	0.239	1	3	TMEM128
0.00158232969693873	-0.946464777819483	0.122	0.223	1	3	CCNG1
0.00749008245376974	-0.961494896400191	0.152	0.253	1	3	NHERF2
0.00272154928952264	-0.978173637546822	0.207	0.306	1	3	HS3ST1
0.000639485124276742	-0.98328052797991	0.226	0.349	1	3	TSPAN18
0.00749554802020636	-0.99147046016028	0.049	0.104	1	3	MED28
0.000976474615229336	-0.992528930523892	0.146	0.267	1	3	TMEM59
0.00382983647307342	-0.995247150905763	0.067	0.138	1	3	TMEM100
0.00166631065022533	-1.01144979242112	0.134	0.23	1	3	MCM3
0.00566383041635747	-1.02180056994708	0.11	0.22	1	3	TMEM14C
0.00383920267760841	-1.02879971061679	0.079	0.154	1	3	PIK3R2
0.000811017131889509	-1.04601628332787	0.207	0.336	1	3	GGT5
0.00833201577967948	-1.05142261957746	0.043	0.092	1	3	CD209
0.00190999906589139	-1.05947373964867	0.226	0.316	1	3	IQSEC1
0.00197347429191028	-1.06158964573446	0.073	0.166	1	3	TINAGL1
0.00285638477860054	-1.09980308194835	0.104	0.204	1	3	CCDC50
0.000105435400502361	-1.10470604347575	0.232	0.389	1	3	PINLYP
0.000104246154171169	-1.10823417811119	0.226	0.397	1	3	ID3
0.000638186750564016	-1.1128231642416	0.104	0.221	1	3	TCIM
0.000435082691088917	-1.11983478677041	0.122	0.245	1	3	DUT
0.00643809590811657	-1.1404450664457	0.037	0.085	1	3	CYP4V2
0.000366377434489623	-1.14123191950087	0.207	0.343	1	3	CKB
0.00150200189519733	-1.14495208367227	0.085	0.181	1	3	LOC138497215
0.000158109358359661	-1.16139546160259	0.152	0.268	1	3	IGF2
0.00626628227829988	-1.16993444022961	0.085	0.145	1	3	TOP2A
0.00952694474357908	-1.17081871548922	0.037	0.094	1	3	PHF10
0.0078818388308257	-1.17218425751345	0.061	0.135	1	3	TSPAN2
0.00014989437584506	-1.17457085035033	0.11	0.252	1	3	PIM1
0.00603160505994859	-1.17658719594883	0.067	0.152	1	3	FOXP1
0.000445574487202378	-1.20056605888327	0.146	0.269	1	3	APCS
0.00833199516283439	-1.20056605888327	0.043	0.102	1	3	SYNJ2
0.000860632286854064	-1.20847125696862	0.067	0.172	1	3	PPIC
0.00706362781755155	-1.21339009924085	0.037	0.105	1	3	B3GNT5
0.000293153654744516	-1.22103016144299	0.11	0.228	1	3	FN1
0.00627254292661931	-1.24120804338061	0.049	0.116	1	3	EPS8
0.00457163075775376	-1.24287686374123	0.067	0.146	1	3	KLHL29
0.000145684635560233	-1.27313468483391	0.098	0.21	1	3	PHLDA1
0.000382123388718469	-1.27807542610418	0.122	0.232	1	3	SLC4A11
0.00149074190049221	-1.29133152280645	0.061	0.153	1	3	PRCP
0.000334154663040166	-1.32255658326188	0.098	0.222	1	3	S100A16
0.00448664899798767	-1.36283748778215	0.049	0.127	1	3	CORO6
0.00126259953263611	-1.37303325488804	0.049	0.121	1	3	MGAT3
0.00478610933512985	-1.40443839224892	0.037	0.101	1	3	FBN1
0.00274024344782228	-1.41311069426337	0.049	0.138	1	3	MINPP1
0.00014565892107513	-1.41759529545262	0.055	0.154	1	3	FNDC1
0.000416603296091335	-1.42563261451804	0.061	0.165	1	3	IL1R1
0.001604387169903	-1.43760525618412	0.024	0.098	1	3	GLOD4
0.00177011287849087	-1.44849357232685	0.043	0.121	1	3	PHF19
0.0031466961997858	-1.45930032728344	0.037	0.098	1	3	PLCE1
0.000912498201667044	-1.46169087470843	0.049	0.135	1	3	PRICKLE1
0.00915348873214209	-1.46360046471706	0.024	0.082	1	3	KLF10
0.00363605632208303	-1.49602194240944	0.055	0.133	1	3	EMILIN1
0.00211117464454047	-1.50173559360383	0.012	0.064	1	3	APCDD1L
0.000523461989948159	-1.5086883542456	0.073	0.162	1	3	SRGN
0.000231904484399122	-1.51422653778703	0.104	0.242	1	3	SELENOP
0.000478597524892161	-1.53616909066771	0.067	0.18	1	3	CH25H
0.00992964337357145	-1.53616909066771	0.018	0.076	1	3	NPPC
0.00777361967666314	-1.58303569570568	0.018	0.071	1	3	GNL2
0.00934105893722508	-1.58303569570568	0.018	0.072	1	3	LOC138467972
0.00428992677171825	-1.59484499799532	0.024	0.08	1	3	KIF22
0.00181092348616361	-1.59708347019131	0.03	0.112	1	3	RALGDS
0.00517669981567799	-1.61044185304633	0.024	0.081	1	3	PIEZO2
0.000465886904004368	-1.63161587615074	0.037	0.131	1	3	GAB3
0.00511293619650852	-1.64113865026925	0.012	0.053	1	3	SULT2A1
0.000115512983702328	-1.64113865026925	0.043	0.146	1	3	CCDC71L
0.000238731245139774	-1.67576499337888	0.067	0.205	1	3	FLRT2
0.00140421595547053	-1.69699188500277	0.073	0.168	1	3	FGL2
9.77794021680484e-05	-1.70662773185751	0.098	0.22	1	3	FLT4
0.00631519041076737	-1.75076314144375	0.018	0.071	1	3	ZBTB20
0.000620493627092412	-1.78552855960443	0.055	0.151	1	3	GAS6
0.00748900769936475	-1.80824863610451	0.012	0.062	1	3	PRPF19
0.00363803831534545	-1.87433782656228	0.049	0.109	1	3	MRGPRH
0.00233254916731232	-1.89571147735485	0.03	0.106	1	3	PDGFA
0.00275533448805887	-1.92718970882802	0.03	0.113	1	3	GADD45B
0.00553307153062742	-1.9477999885033	0.006	0.046	1	3	TMEM70
0.000208996074316212	-1.98673565105025	0.03	0.117	1	3	MAFB
0.00014565506842651	-2.01118869477479	0.043	0.139	1	3	ENPP2
0.00117382101143144	-2.02879971061679	0.03	0.129	1	3	UBE2C
0.00239497446488729	-2.07503517679941	0.012	0.072	1	3	GAMT
0.000708084470713787	-2.11431032553285	0.037	0.117	1	3	CXCL12
0.000622162197931332	-2.25119213195324	0.024	0.109	1	3	LRG1
0.000915175564636838	-2.26768025474181	0.012	0.083	1	3	PPP1R14A
0.000307786265179368	-2.40443839224892	0.018	0.125	1	3	AP3S1
0.00455260371804447	-2.480673978076	0.006	0.065	1	3	LOC138515867
0.00454480780253658	-2.54295825633035	0.006	0.06	1	3	CYGB
0.00010008241043238	-2.54295825633035	0.03	0.136	1	3	GAS7
0.00937937706522157	-2.64113865026925	0	0.035	1	3	SULF2
0.00171292440020501	-2.64113865026925	0.006	0.066	1	3	DPP4
0.00307024526932395	-2.65999767752057	0.006	0.066	1	3	CXADR
0.00157833943753516	-2.69089168546635	0.012	0.077	1	3	LOC138577431
0.00771920350653162	-2.75076314144375	0	0.035	1	3	PARM1
0.00771919668856068	-2.81947589152776	0	0.04	1	3	HLF
0.00134193571564513	-2.9477999885033	0	0.041	1	3	CCNB1
0.00430632663143965	-2.9477999885033	0	0.041	1	3	ANO7
0.00523036847359807	-2.97817363754682	0	0.045	1	3	NPNT
0.00772231282590767	-3.22610115099041	0	0.039	1	3	HPX
0.00291965775349001	-3.27585418618751	0	0.051	1	3	CHAD
0.00134235141643665	-3.34740744721254	0	0.055	1	3	ANKRD6
0.00198095896463695	-3.45930032728344	0	0.051	1	3	TC2N
0.00134305510175571	-3.54295825633035	0	0.056	1	3	ARHGEF25
0.00110372057684035	-3.60266450245462	0	0.069	1	3	COX7A1
0.0016331201828584	-4.00792098094087	0	0.054	1	3	SLC26A10P
0.000128064537663445	-4.03706732660039	0	0.082	1	3	ABLIM2
6.95623925484212e-38	2.00791651095378	0.877	0.372	8.32940088374795e-34	4	XIRP2
7.17542831613604e-31	1.66323317788334	0.846	0.393	8.59185786574129e-27	4	PLCB1
1.15486011412177e-27	1.61998916843002	0.858	0.552	1.38282950064941e-23	4	ADCY4
4.19148502516018e-24	-0.745091682574226	1	1	5.0188841691268e-20	4	ACTB
8.6140268917901e-24	1.11016641767698	0.951	0.675	1.03144358002295e-19	4	SHANK3
7.22746577601063e-23	-2.76342493438001	0.407	0.765	8.65416752019512e-19	4	PRSS23
1.2616748373338e-22	1.28064477006343	0.901	0.533	1.5107294502235e-18	4	RAMP3
1.11785073960849e-20	1.49560024540025	0.796	0.515	1.33851447560721e-16	4	DOCK9
1.93848505581298e-19	1.39308525136835	0.679	0.352	2.32114200583046e-15	4	NHSL2
5.55863956230907e-18	-0.563828883162981	1	1	6.65591501190888e-14	4	CIRBP
1.42232989134016e-16	2.48854855125405	0.364	0.089	1.7030978118907e-12	4	RASA4
1.53286575897811e-16	1.46566507522111	0.673	0.3	1.83545345980039e-12	4	TACR1
3.95454188019791e-15	-1.01247151714641	0.815	0.913	4.73516844734897e-11	4	TXN
5.10395796677165e-15	1.8392319378596	0.525	0.195	6.11147926941237e-11	4	SLC16A2
8.39780069803181e-15	2.20323654956527	0.346	0.089	1.00555265558233e-10	4	LOC138531582
1.44782110602449e-14	2.87530376939495	0.296	0.063	1.73362099235373e-10	4	ANKFN1
2.41181197346691e-14	-1.11961531932016	0.623	0.81	2.88790365702928e-10	4	TUBA1C
2.71555694245146e-14	2.28857434249961	0.302	0.075	3.25160788289138e-10	4	EPS8
5.35722504165101e-14	1.78067266641794	0.519	0.191	6.41474126487291e-10	4	PPP1R16B
1.31539728376819e-13	0.913203795098587	0.994	1	1.57505670758403e-09	4	unassigned-gene-4
2.21076670259453e-13	1.63091661365662	0.574	0.277	2.6471720496867e-09	4	GGT5
2.51798711675251e-13	1.70722956364058	0.463	0.209	3.01503777359945e-09	4	HDAC7
3.01481256622091e-13	1.46622146413679	0.475	0.205	3.60993656679292e-09	4	RASAL2
4.2132924669906e-13	1.65512124643427	0.469	0.181	5.04499639997454e-09	4	MAST4
6.59972551336512e-13	-1.29945733148666	0.401	0.662	7.9025113297034e-09	4	JPT1
7.78299893539411e-13	1.83260139414295	0.519	0.198	9.3193629252409e-09	4	SELP
2.4032412378735e-12	1.456514135255	0.58	0.286	2.87764105822973e-08	4	LHFPL7
2.8513646583702e-12	1.16171268360256	0.654	0.336	3.41422404193248e-08	4	PREX2
2.90568365935653e-12	1.98204113725073	0.438	0.167	3.47926561371351e-08	4	MEOX2
5.25992340923167e-12	-0.594708215252445	1	0.995	6.298232290214e-08	4	TMSB4X
5.90811452439938e-12	-0.820869817724099	0.907	0.95	7.07437633151581e-08	4	S100A10
2.77948657378151e-11	1.09450226637867	0.574	0.304	3.32815722344598e-07	4	EPAS1
4.03156016458323e-11	-0.743255030511675	0.975	0.974	4.82739014107196e-07	4	VIM
4.23563342973379e-11	-1.10958933821484	0.395	0.66	5.07174746876324e-07	4	LDHA
5.22267856152059e-11	0.91186377145148	0.741	0.499	6.25363530956475e-07	4	ESAM
5.26144670870462e-11	1.27779181816114	0.519	0.254	6.30005628900292e-07	4	VWCE
5.53215395154043e-11	-0.723120991132765	0.827	0.919	6.62420114157451e-07	4	MYL6P1
5.66898818469657e-11	1.29579799103029	0.543	0.293	6.78804645235568e-07	4	CYLD
6.97533998290269e-11	0.872315841335978	0.809	0.523	8.35227209552768e-07	4	KDR
7.73279691165781e-11	-0.819647058917527	0.5	0.75	9.25925102201907e-07	4	LOC138504591
7.74343426824991e-11	-0.734997364654403	0.636	0.819	9.27198819280244e-07	4	COX6B1
8.6918048448138e-11	-0.412085225453639	0.994	0.998	1.040756712118e-06	4	CIRP
1.02755137747205e-10	1.60429264283833	0.333	0.11	1.23039001938503e-06	4	ARHGAP7
1.05730131863928e-10	0.771189951583072	0.858	0.656	1.26601259893867e-06	4	LOC138504630
1.21856100347397e-10	0.953480026809925	0.648	0.377	1.45910494555973e-06	4	DGKZ
1.2335175538472e-10	1.17302799683039	0.944	0.822	1.47701391897664e-06	4	unassigned-gene-2
1.51818367913862e-10	2.3319203724252	0.222	0.052	1.81787313740059e-06	4	SORBS2
2.03470929656787e-10	-1.37591882361021	0.346	0.634	2.43636091171036e-06	4	MYADM
8.6437260215716e-10	0.93916432052236	0.79	0.579	1.03499975382298e-05	4	PECAM1
8.807498551824e-10	0.515547654213298	0.815	0.654	1.05460987659541e-05	4	PTPRM
1.42799590748063e-09	1.34571203127773	0.457	0.216	1.7098822996173e-05	4	GSE1
1.48568812753669e-09	1.1445279728829	0.623	0.368	1.77896296391243e-05	4	DIAPH2
1.55912249051341e-09	1.20772212860215	0.512	0.248	1.86689327014075e-05	4	CD200
1.63080822687551e-09	-5.65339451417923	0.006	0.219	1.95272977086073e-05	4	RELN
1.7118734859912e-09	-0.780708482685708	0.642	0.826	2.04979731212587e-05	4	VAT1
1.79889603096677e-09	0.997744705896484	0.654	0.408	2.15399810747961e-05	4	ARHGEF9
2.21285775280503e-09	1.09686153925259	0.679	0.441	2.64967587320874e-05	4	NOS3
2.28742078463654e-09	-1.40798889760596	0.278	0.547	2.73895764752379e-05	4	CD9
2.45149518789527e-09	-0.802426813399638	0.784	0.873	2.93542033798579e-05	4	PFN1
2.46315571996266e-09	1.12680594252059	0.623	0.358	2.94938265908329e-05	4	SPNS2
2.76546834181965e-09	2.43473117800897	0.154	0.03	3.31137179249485e-05	4	ZNF366
3.1903841895906e-09	-0.758794182492242	0.611	0.791	3.82016602861578e-05	4	TUBB4A
3.45353581803752e-09	2.00722432676791	0.247	0.071	4.13526378851812e-05	4	MEOX1
3.46746684080004e-09	1.42268583634838	0.389	0.155	4.15194479517397e-05	4	MCF2L
3.71927315639103e-09	-5.79888849875073	0.025	0.236	4.45345767746262e-05	4	HAPLN3
5.38416339005278e-09	0.80241031805176	0.549	0.284	6.4469972432492e-05	4	TTN
7.06480717859118e-09	1.20029341501193	0.593	0.336	8.45940011564508e-05	4	PDE2A
7.13133205546317e-09	1.15388904209265	0.537	0.293	8.5390570032116e-05	4	TANC1
7.49739163142337e-09	-1.63997793969514	0.309	0.556	8.97737673946634e-05	4	FAM107B
8.6678619522768e-09	1.69247128417325	0.309	0.107	0.000103788979016562	4	BEGAIN
9.28718870641403e-09	1.21471356386043	0.574	0.355	0.000111204797570602	4	EXOC3L2
1.00177046914255e-08	1.69776558384277	0.235	0.076	0.000119951995975129	4	ACACB
1.02271979320534e-08	-0.726887821055684	0.722	0.84	0.000122460468038408	4	MYL12B
1.24905970004894e-08	1.11367243840003	0.407	0.189	0.00014956240848386	4	MCTP2
1.35586997342977e-08	0.803517492818983	0.741	0.507	0.00016235187061848	4	KIAA1217
1.49305915206055e-08	3.43473117800897	0.08	0.007	0.00017877890286773	4	FGF1
1.58405695333784e-08	1.15977070586837	0.352	0.159	0.000189674979592672	4	TRERF1
2.11788330576806e-08	1.9299390259718	0.198	0.058	0.000253595347032667	4	PPP2R3A
2.12893906118399e-08	3.79730125739368	0.099	0.007	0.000254919163186171	4	OTULINL
2.20636147764948e-08	1.02330493228251	0.401	0.199	0.000264189723333748	4	USP34
2.2295221418747e-08	0.806179408740134	0.617	0.401	0.000266962981268077	4	ERG
2.42736617664924e-08	-4.88832358233267	0.006	0.202	0.00029065282599198	4	UNC5B
2.47949212719043e-08	-1.59501616538508	0.333	0.564	0.000296894387309782	4	IGFBP1
2.56937962027823e-08	-0.611430387042434	0.735	0.864	0.000307657515732115	4	H2AZ1
2.63916453267563e-08	1.00138648697016	0.512	0.271	0.000316013561142579	4	AHR
2.67390965564779e-08	0.972511742000056	0.704	0.54	0.000320173942167266	4	LOC138515939
2.68863168578968e-08	1.65434330355164	0.278	0.098	0.000321936758056456	4	PRICKLE1
2.73057122469343e-08	1.5684825668978	0.278	0.104	0.000326958598444791	4	GRK3
2.81708605706209e-08	1.84310494700681	0.259	0.084	0.000337317884472614	4	EPO
2.92564772313252e-08	-1.08790804374035	0.444	0.647	0.000350317058367888	4	MARCKS
3.32600729569482e-08	1.11876464136033	0.426	0.209	0.000398256113586498	4	NHERF2
3.41225999950857e-08	1.70399753755428	0.278	0.099	0.000408584012341156	4	PIK3R6
3.41995672458724e-08	1.61901278301674	0.346	0.131	0.000409505618202077	4	CRTAC1
3.65188260952858e-08	1.1014581095276	0.463	0.253	0.000437276423664953	4	PTGS1
3.78015092929325e-08	0.880142326331335	0.636	0.413	0.000452635272273574	4	ARHGAP21
4.1352336297876e-08	2.71144052073984	0.167	0.033	0.000495152874830767	4	SCIN
4.34379667631956e-08	-0.82060534194239	0.679	0.803	0.000520126214022504	4	FSTL1
6.08742248130347e-08	1.60090404459018	0.34	0.134	0.000728907967911278	4	TP53I11
6.16224688598145e-08	-0.624574650753409	0.735	0.86	0.000737867442127419	4	RBMX
6.21622502861265e-08	-0.580106483717738	0.66	0.808	0.000744330784926078	4	EIF4A1
6.32456224250891e-08	-0.606324655924258	0.735	0.863	0.000757303082918017	4	RAC1
6.45960717876932e-08	1.8169936411962	0.414	0.209	0.000773473363585839	4	LOC138472551
8.07932630016539e-08	-0.543119093409378	0.772	0.865	0.000967418531181803	4	GAPDH
8.8741257565231e-08	-0.368266461845195	0.975	0.975	0.00106258781808608	4	ZA20D3
9.20150165471503e-08	-0.690206368660029	0.512	0.72	0.00110178780813558	4	PFN2
9.61321568466358e-08	0.837461781836204	0.494	0.285	0.00115108644608162	4	RGS3
9.6802582917872e-08	-0.935910348118285	0.346	0.576	0.0011591141278586	4	TUBA1B
1.00747155032613e-07	-0.477731486212502	0.87	0.926	0.00120634643436051	4	HNRNPAB
1.01902166898262e-07	1.06017022603437	0.469	0.263	0.00122017654643979	4	LYST
1.06882119814103e-07	1.32698132261365	0.284	0.122	0.00127980650265407	4	MAML2
1.07061133975434e-07	0.750704549758714	0.531	0.295	0.00128195001822185	4	ZNF521
1.07932382939911e-07	-0.637080224951623	0.574	0.742	0.0012923823533225	4	RAN
1.14448499223388e-07	0.805579821505279	0.352	0.202	0.00137040632970085	4	CHSY3
1.25522507716941e-07	-0.772416287389538	0.488	0.683	0.00150300650740265	4	SNRPD1
1.31443516562408e-07	-0.49325344923417	0.79	0.861	0.00157390466731827	4	EIF5A2
1.46498575600486e-07	2.02330493228251	0.136	0.036	0.00175417394424022	4	PITPNM1
1.6977021287256e-07	1.12041626723149	0.395	0.192	0.00203282852893604	4	AKAP9
1.70790016228127e-07	-4.46538088496848	0.006	0.173	0.00204503965431559	4	SRGN
1.92135343311333e-07	-0.487455604696057	0.809	0.897	0.0023006286008099	4	TAGLN2
2.02234062294031e-07	-0.667891470412372	0.623	0.803	0.00242155066190873	4	SNRPG
2.15971652168142e-07	1.25653856058306	0.327	0.132	0.00258604456306133	4	NOS1AP
3.38730783117373e-07	1.48401208078019	0.327	0.134	0.00405596239704743	4	CCSER1
3.46995339482299e-07	1.37416091114802	0.389	0.167	0.00415492219496105	4	LOC138511292
3.71044048947271e-07	-0.852888866103094	0.549	0.747	0.00444288144209462	4	CALM2
3.78922294075531e-07	-0.356803226566232	0.938	0.975	0.00453721554926041	4	CFL2
4.20603829212928e-07	-0.691624489184471	0.549	0.719	0.0050363102509956	4	COX6A1
4.50478254260523e-07	1.88544440889181	0.253	0.09	0.0053940266165155	4	RAPGEF3
4.55962767754016e-07	0.861841509588392	0.636	0.429	0.00545969818108658	4	RAPGEF2
4.66959467078113e-07	0.945905774376866	0.531	0.284	0.00559137265879333	4	TNFAIP8L1
4.82784029890708e-07	2.26480617656666	0.142	0.033	0.00578085597391134	4	PLCL1
5.46081692799325e-07	-0.765922258358495	0.506	0.692	0.00653878218957912	4	TUBA1A
5.46750440718217e-07	1.34358328995078	0.259	0.101	0.00654678977715993	4	CEP112
6.70498731616769e-07	-0.882096045185524	0.383	0.588	0.00802855181237919	4	NPC2
6.792056424378e-07	-0.887425173352387	0.34	0.551	0.00813280836255022	4	CYCS
7.5237226292718e-07	-0.55486481005107	0.815	0.894	0.00900890547629005	4	MSN
7.53434575771372e-07	-1.50296329347647	0.21	0.432	0.0090216256102864	4	CLDN11
7.6343671260881e-07	0.984698257373925	0.42	0.248	0.00914139119677789	4	PTGIS
8.03528629965018e-07	0.973372110800561	0.358	0.191	0.00962145181520113	4	EYA3
8.25353798389069e-07	1.14229411759913	0.574	0.404	0.00988278638191072	4	LOC138580807
9.19439921140589e-07	1.88415167131348	0.204	0.069	0.0110093736157374	4	CDKL5
9.19500490002316e-07	1.18229993029114	0.389	0.204	0.0110100988672877	4	VEGFC
9.36521952568192e-07	1.47412999565569	0.278	0.115	0.0112139138600515	4	TMTC1
9.77588275405273e-07	-0.791125098631047	0.463	0.663	0.0117056420097027	4	COX7B
1.01447815353504e-06	-3.98733358816384	0.012	0.158	0.0121473614104285	4	FGF10
1.04932730488476e-06	-0.708982707231496	0.63	0.776	0.0125646451486902	4	COX7A2
1.25601805776655e-06	1.03210874683847	0.42	0.238	0.0150395602236966	4	PACS1
1.26071504597909e-06	1.23833396520547	0.327	0.151	0.0150958019605536	4	FGD3
1.29644385676989e-06	0.368641987551201	0.994	0.96	0.0155236187409627	4	CYTB
1.29699652340475e-06	1.00028827955754	0.265	0.127	0.0155302363712485	4	BRWD1
1.34007449423012e-06	-1.09404848731906	0.222	0.427	0.0160460519939114	4	SRP9
1.42305923680326e-06	1.03530686873595	0.475	0.283	0.0170397113014822	4	RASGRP3
1.49007217635461e-06	-2.42230731036208	0.302	0.483	0.0178421242396701	4	CTSL
1.5706465052928e-06	0.677925198114804	0.802	0.647	0.018806921254376	4	LIFR
1.6130018959588e-06	-2.14521324794556	0.105	0.276	0.0193140847022107	4	APCS
1.74766483532657e-06	-0.839982278457557	0.321	0.506	0.0209265387382004	4	ATP5F1D
2.06445980045866e-06	-0.585543412764797	0.636	0.786	0.024719841650692	4	SRSF3
2.15946862693919e-06	1.05818107108853	0.401	0.232	0.0258574773389699	4	CAMK2D
2.20110118487836e-06	-1.08837748522975	0.475	0.651	0.0263559855877334	4	LGALS1
2.27050410491345e-06	1.67628585643232	0.16	0.051	0.0271870161522337	4	MYZAP
2.52623815407812e-06	1.49999694947514	0.284	0.128	0.0302491756569314	4	MAST3
2.53813033838485e-06	1.45152642055195	0.16	0.06	0.0303915726718202	4	AREL1
2.57895123817936e-06	0.733085697122484	0.586	0.383	0.0308803621259597	4	PDLIM4
2.60205320008978e-06	-0.750097830370992	0.457	0.631	0.0311569850178751	4	TPM2
2.60693471381129e-06	1.64623528320268	0.272	0.122	0.0312154362631763	4	LFNG
2.73527132370801e-06	1.08750164475875	0.333	0.165	0.0327521388300797	4	AHDC1
2.75588854574083e-06	-2.13284469051514	0.049	0.216	0.0329990094467006	4	ANGPT2
2.76343687302891e-06	1.89802384589504	0.154	0.056	0.0330893931176481	4	TGM2
2.89125431188859e-06	1.90609228401743	0.204	0.056	0.034619879130554	4	ANO8
2.95807543828105e-06	2.6004092083511	0.154	0.041	0.0354199952979773	4	RGS5
3.16018739076674e-06	1.10191476697887	0.34	0.169	0.0378400838170409	4	TGFBR2
3.17083993330085e-06	0.91425740373953	0.315	0.17	0.0379676373613443	4	TNFRSF3
3.49373152963744e-06	1.0058878792051	0.444	0.268	0.0418339413358787	4	KRT15
3.53264798734112e-06	1.39564597003558	0.265	0.122	0.0422999270004226	4	TESPA1
3.73588816610443e-06	1.14675041504495	0.222	0.113	0.0447335249009345	4	PHLPP1
3.80982216093884e-06	0.600601703720231	0.772	0.649	0.0456188105550817	4	ICAM1
3.90325904816906e-06	1.75743679651574	0.142	0.051	0.0467376238427763	4	CLIP2
4.01680512761501e-06	1.7317129157661	0.216	0.075	0.0480972245980621	4	REPS2
4.04513002548014e-06	1.69608900603538	0.198	0.071	0.0484363869250992	4	RN18S
4.48309272886057e-06	0.792540597471658	0.488	0.297	0.0536805523353765	4	ITGA9
4.76952772869006e-06	1.22365406990036	0.259	0.121	0.0571103250233348	4	MCU
4.82045954713451e-06	-0.467518917345248	0.864	0.911	0.0577201826173887	4	ANXA2
5.46124301616735e-06	-1.21342514919938	0.253	0.454	0.0653929238755879	4	LOC138582805
5.54733123423623e-06	1.28057349242498	0.383	0.197	0.0664237441987447	4	RBPMS
5.74777194297756e-06	1.23389490003897	0.29	0.131	0.0688238212452132	4	PRKCA
6.21721673295165e-06	1.64940256228137	0.185	0.063	0.0744449531603631	4	EML3
6.28425944933926e-06	0.935079711118891	0.37	0.192	0.0752477226463883	4	SLC4A11
6.39451661911677e-06	1.87530376939495	0.191	0.058	0.0765679419973042	4	PHEX
6.4274550689573e-06	-0.539134081078179	0.525	0.692	0.0769623469956947	4	NDUFA4
6.5757181408581e-06	-0.874624795754389	0.389	0.586	0.0787376490186349	4	SEPT2
7.14164554924422e-06	1.10654409264993	0.34	0.169	0.0855140638066503	4	INPP5A
7.19590326639166e-06	1.56597571128723	0.21	0.073	0.0861637457117737	4	KANK4
7.2287194898067e-06	-2.90956472990684	0.031	0.175	0.0865566871709455	4	FGL2
7.48466774027676e-06	0.817479139331311	0.401	0.236	0.0896214115220739	4	CNOT1
7.97787353504437e-06	-0.94187864063868	0.586	0.676	0.0955270577086213	4	ACTG1
8.06398046027399e-06	-3.65184738798175	0.012	0.141	0.0965581020313207	4	PDPN
8.10449743611692e-06	0.875303769394954	0.451	0.27	0.097043252300064	4	SGMS1
8.45059924841701e-06	1.62737625595137	0.191	0.073	0.101187475400545	4	VPS53
8.76472609035926e-06	-0.840358666417138	0.327	0.491	0.104948830205962	4	TMEM167A
8.96996927605094e-06	0.678139369633256	0.438	0.27	0.107406412111434	4	ADAM12
9.06167809746568e-06	1.99934503333833	0.062	0.016	0.108504533539054	4	ZNF319
9.29813812824537e-06	0.956944413040863	0.333	0.195	0.11133590594761	4	BAZ2B
9.40697559404828e-06	1.12195252021542	0.364	0.199	0.112639125763134	4	RAPGEF4
9.44492812502535e-06	2.98101321056607	0.093	0.017	0.113093569369054	4	PLCH2
9.72255858282655e-06	1.10165295860489	0.278	0.145	0.116417916470765	4	TDRD7
9.95649696436162e-06	-0.49452379747491	0.772	0.859	0.119219094651266	4	KRT8
1.02148491453156e-05	1.74473320658953	0.173	0.055	0.122312603666009	4	ARHGAP44
1.03738618231107e-05	-0.465733148440113	0.605	0.76	0.124216621469927	4	ANP32B
1.05915557723267e-05	-0.998332587113097	0.173	0.339	0.12682328881784	4	TMEM109
1.11041279755836e-05	-0.310937404010952	0.889	0.943	0.132960828379638	4	SUGP2
1.11167137525149e-05	-0.542548745490944	0.537	0.72	0.133111530472614	4	HNRNPH1
1.12502568153651e-05	1.06989449165232	0.296	0.144	0.134710575107181	4	CTDP1
1.13703006355917e-05	1.5684825668978	0.185	0.069	0.136147979810575	4	PDE10A
1.26584547326851e-05	0.739850985209781	0.451	0.256	0.151572336969172	4	ARHGEF28
1.26762260379989e-05	-3.24545250358352	0.025	0.154	0.151785130578999	4	PROX1
1.33361723580294e-05	1.65652260161089	0.136	0.048	0.159687327815044	4	EXOC3L1
1.35213553106687e-05	-0.681172809134794	0.296	0.467	0.161904708489948	4	EIF3J
1.48458577865629e-05	0.960963941610471	0.475	0.313	0.177764301136304	4	KLHL4
1.4898154565413e-05	-0.491892540630941	0.654	0.734	0.178390502766255	4	SNRPF
1.49386623018192e-05	-0.321182882362168	0.981	0.991	0.178875542401983	4	S100A11
1.52841776149635e-05	0.940163696982262	0.296	0.164	0.183012742761572	4	TRIO
1.53692301000539e-05	0.826280324365447	0.432	0.275	0.184031161218045	4	ZNF609
1.58748270386728e-05	1.53116094069207	0.167	0.058	0.190085178961068	4	ZCCHC24
1.6269854613368e-05	1.05087533397841	0.327	0.154	0.194815239140468	4	MAP3K3
1.64884869097305e-05	-0.878976410073421	0.364	0.549	0.197433142257113	4	POMP
1.6747651779992e-05	0.940683868266387	0.364	0.204	0.200536382413624	4	HDAC4
1.68662793316098e-05	1.46387752366849	0.253	0.1	0.201956828716696	4	FAM110B
1.69123269338264e-05	1.48535725107894	0.167	0.057	0.202508202705638	4	CDC14B
1.80256380750645e-05	1.98352006617664	0.08	0.023	0.215838990310822	4	ADAMTS16
1.84844661847898e-05	1.35174181333794	0.111	0.045	0.221332998096673	4	ZBTB17
1.84878828296598e-05	1.07447496446251	0.426	0.236	0.221373909002347	4	KMT2C
1.88430371296744e-05	1.32071491771732	0.204	0.086	0.225626526590721	4	USP36
1.98195464691868e-05	1.55208812864713	0.154	0.057	0.237319249422042	4	MYO1D
2.00719079764303e-05	0.386368156447574	0.926	0.831	0.240341026109776	4	HSPG2
2.03027938885024e-05	1.08038160542923	0.352	0.19	0.243105654020927	4	RIN3
2.19473574980719e-05	1.27068274290333	0.216	0.098	0.262797658681913	4	MARK4
2.22199828582146e-05	1.10952795108875	0.37	0.204	0.266062074744262	4	LRRK2
2.33503977640662e-05	-0.909651767706085	0.216	0.414	0.279597662826929	4	WLS
2.36451007068798e-05	-0.29526935627258	0.988	0.983	0.283126435864179	4	ANXA1
2.37422288676141e-05	1.16342915619158	0.296	0.15	0.284289448460812	4	DENND5A
2.39218131006366e-05	-4.41701786340709	0	0.097	0.286439790067022	4	PGF
2.42680079028424e-05	2.06549736834325	0.117	0.03	0.290585126628635	4	TAS1R3
2.45230241599284e-05	1.00696491922592	0.327	0.172	0.293638691290982	4	EHBP1
2.46676908047564e-05	2.62737625595137	0.074	0.012	0.295370929696153	4	FAM13C
2.50297048613641e-05	0.725072929838502	0.537	0.365	0.299705686009974	4	IL6ST
2.64152935875932e-05	1.44517292473062	0.259	0.11	0.316296725417842	4	KMT2E
2.66808620039874e-05	1.17806885458778	0.265	0.117	0.319476641635745	4	DMD
2.7253111923233e-05	0.969845129279568	0.395	0.228	0.326328762168792	4	KIF13A
2.7860952522635e-05	-0.493136551365866	0.735	0.814	0.333607045506032	4	LOC138516040
2.80040815471015e-05	1.20416482522682	0.228	0.111	0.335320872444993	4	PSIP1
2.8992218374942e-05	0.452205084943097	0.772	0.624	0.347152822821555	4	TRIM39
3.02268651995003e-05	1.29905038986586	0.247	0.107	0.361936483898817	4	MPP7
3.0338640535585e-05	1.31703613533922	0.142	0.059	0.363274881773095	4	TSC2
3.06257640100201e-05	3.79730125739368	0.043	0.003	0.366712898255981	4	EPM2A
3.06257640100201e-05	3.21233875667253	0.043	0.005	0.366712898255981	4	FAM168A
3.10207404653085e-05	0.888085608838919	0.34	0.185	0.371442346331603	4	KDM3B
3.132089037254e-05	-1.02385946418895	0.191	0.375	0.375036341320794	4	CD276
3.16642772962954e-05	0.904604543367917	0.543	0.358	0.379148056345842	4	CAMK1
3.19852367460876e-05	1.20842370666914	0.235	0.119	0.382991224797653	4	ANKRD12
3.24138132732596e-05	-0.709130303858885	0.481	0.673	0.388123000134011	4	RALB
3.28607860641158e-05	1.01544670762994	0.265	0.142	0.393475052331722	4	MPRIP
3.37888589193465e-05	-2.84835717501503	0.043	0.177	0.404587796700256	4	NFIX
3.42958003338165e-05	1.41056486687822	0.185	0.083	0.410657913197119	4	TSNARE1
3.45533650263313e-05	0.595667396224031	0.481	0.304	0.41374199282529	4	CUX1
3.48964004206966e-05	-0.744440714728353	0.259	0.415	0.417849498637421	4	DYNLT1
3.50605071843271e-05	0.969657412794898	0.302	0.168	0.419814513025133	4	ATXN2L
3.51257032402098e-05	2.82002133389376	0.099	0.02	0.420595170598272	4	GRIK2
3.53840843988098e-05	-4.91178255515666	0.006	0.121	0.423689026591348	4	STAB2
3.63067867295369e-05	-0.770654818021785	0.241	0.407	0.434737464299475	4	LOC138527383
3.68272615017146e-05	-0.452275993268997	0.679	0.78	0.440969629221531	4	OAZ1
3.70996257813107e-05	0.820021333893765	0.389	0.228	0.444230919105414	4	MINK1
3.79754368053008e-05	-0.766501680815008	0.414	0.584	0.454717880306671	4	TMED2
3.96142040286546e-05	-0.811037581416846	0.37	0.561	0.47434047903911	4	HSP90B1
3.9919593201693e-05	-0.889199269789537	0.247	0.402	0.477997208997072	4	SELENOF
4.18772456818941e-05	1.05621955475524	0.191	0.098	0.501438139795	4	TDRD3
4.2050843306898e-05	0.609705229624313	0.593	0.424	0.503516797756797	4	ARHGAP31
4.22113429624048e-05	1.25100037704163	0.265	0.121	0.505438620631835	4	SNX25
4.30198485570079e-05	1.30544816106401	0.185	0.077	0.515119666621612	4	SESN1
4.31246077635539e-05	0.720807367344047	0.648	0.509	0.516374053360794	4	EGFL7
4.36407376977043e-05	1.6989295169764	0.148	0.056	0.522554193192311	4	CHKA
4.45643388226668e-05	-0.599982418278429	0.543	0.709	0.533613393062613	4	TRA2B
4.68590777812978e-05	0.776519695257178	0.451	0.312	0.56109059735326	4	NCOA2
4.7911345762712e-05	-2.53249508082702	0.019	0.132	0.573690454162713	4	IL10RA
4.85823477273202e-05	0.756769777667627	0.494	0.299	0.581725031686932	4	MACF1
4.93277175150481e-05	1.4397492527756	0.204	0.073	0.590650089525186	4	SNX24
4.93551909690719e-05	0.853968665817103	0.241	0.131	0.590979056663667	4	MGAT4C
4.96546992561166e-05	-0.579074621516058	0.722	0.834	0.59456536889274	4	ITGBL1
5.00312827498104e-05	1.11891189270426	0.352	0.181	0.599074579646229	4	DLC1
5.07184780381171e-05	-0.52224306136154	0.593	0.724	0.607303056028415	4	MYH9
5.13058341960806e-05	0.523425291912461	0.525	0.326	0.614336058663869	4	SELE
5.22972674440946e-05	1.62737625595137	0.117	0.038	0.626207480375588	4	SHLD2
5.30398302028775e-05	-1.07306346218972	0.204	0.366	0.635098926849256	4	TIMP2
5.36063289487828e-05	-1.02254168661056	0.204	0.385	0.641882182832725	4	ETF1
5.46278050215298e-05	-3.58207710967758	0.006	0.112	0.654113337327798	4	LRG1
5.5150323867972e-05	-0.979178775264145	0.451	0.579	0.660369977995097	4	SPARC
5.52776186195806e-05	0.942472317356306	0.383	0.234	0.661894205350858	4	ANKRD11
5.62829324585586e-05	0.645754785266223	0.407	0.262	0.67393183325878	4	GNA12
5.64626827942407e-05	-0.909194760667507	0.253	0.428	0.676084163778239	4	NAA50
5.70656155690844e-05	0.581572566338244	0.34	0.201	0.683303680824216	4	CNOT2
5.71529728337219e-05	0.826460005278341	0.901	0.848	0.684349696710986	4	KRT5
5.72353664647384e-05	0.926936537810277	0.383	0.223	0.685336278048778	4	ARHGEF1
5.76232581234573e-05	1.0058878792051	0.333	0.181	0.689980892770278	4	KMT2D
5.78235101134673e-05	1.24886463269764	0.216	0.096	0.692378710098658	4	TBC1D8
5.87548918696918e-05	1.40030734740545	0.241	0.098	0.70353107524769	4	ITGB4
6.21544684313541e-05	1.26059392527975	0.204	0.089	0.744237604997034	4	TGFBR3
6.24731315343548e-05	-0.801227372606769	0.185	0.341	0.748053276992364	4	TANB
6.41412504077967e-05	1.28857434249961	0.191	0.081	0.768027332382957	4	SMC5
6.43005945634381e-05	0.99200880179297	0.37	0.204	0.769935319302607	4	LAMA5
6.46510378354603e-05	-0.753757428334716	0.364	0.533	0.774131527041802	4	PSMA2
6.67380246128699e-05	0.644306651901246	0.593	0.394	0.799121106714504	4	DYSF
6.72140695128699e-05	-0.674160050104816	0.278	0.437	0.804821268347105	4	UQCRB
6.72288941480907e-05	1.07931333804174	0.309	0.166	0.804998778529238	4	SWT1
6.87474246621578e-05	1.08680787458867	0.241	0.116	0.823181662904678	4	ARAP1
7.00506884377011e-05	1.74285347337131	0.074	0.023	0.838786943353033	4	STEAP3
7.06258035374735e-05	1.16025024552407	0.204	0.091	0.845673371557708	4	TMEM94
7.08819934848748e-05	1.03428587434681	0.302	0.16	0.848740989987891	4	WNK3
7.12681396238621e-05	1.30544816106401	0.228	0.101	0.853364703856125	4	NBEA
7.57462660973935e-05	-0.970475756527663	0.309	0.444	0.906985790250189	4	TFPI2
7.70140546105081e-05	-0.808828810828392	0.37	0.517	0.922166289906224	4	PSMA4
7.91151226138548e-05	1.89041066178516	0.142	0.049	0.947324478178297	4	MEGF11
7.94028478880385e-05	1.60090404459018	0.142	0.051	0.950769700611374	4	RAB40B
7.98867653288123e-05	-0.725657439176855	0.364	0.518	0.956564128047198	4	PSAP
8.04764123832814e-05	-1.12983255812222	0.123	0.275	0.963624561877412	4	TIMM9
8.06422673322166e-05	1.29439297255501	0.265	0.12	0.965610509035961	4	BCAM
8.19184385972968e-05	2.84976867728782	0.031	0.005	0.980891383764032	4	WDR31
0.00232310467846205	5.21233875667252	0.019	0	1	4	LOC138468031
0.00378747095371544	3.94930435083873	0.025	0.001	1	4	EVPL
0.000153805553378951	3.84976867728782	0.037	0.002	1	4	EPDR1
0.0037118096853216	3.62737625595137	0.031	0.002	1	4	LOC138516300
0.00376865539562738	3.62737625595137	0.025	0.002	1	4	TEAD4
0.00232305074978999	3.62737625595137	0.019	0.001	1	4	CCDC192
0.00232305074978999	3.62737625595137	0.019	0.001	1	4	DYNC2I2
0.0037118096853216	3.21233875667253	0.031	0.003	1	4	PIP5K1B
0.00227364999199056	3.14194942878113	0.043	0.006	1	4	PLCB4
0.000828024394772385	3.04241375523021	0.037	0.004	1	4	LOC138514142
0.00232305074978999	3.04241375523021	0.019	0.002	1	4	AIRIM
0.00378747095371544	2.94930435083873	0.025	0.003	1	4	PLEK
0.000765343753600864	2.89041066178516	0.031	0.004	1	4	ARMC2
0.00595158122793177	2.82002133389376	0.043	0.006	1	4	ADCY5
0.00171089382633182	2.79730125739368	0.049	0.007	1	4	ABHD14B
0.00057842699226332	2.74285347337131	0.068	0.011	1	4	IL31RA
0.00080682906138706	2.72048566034285	0.062	0.013	1	4	SLC6A2
0.00306408117803859	2.62737625595137	0.037	0.006	1	4	EFEMP1
0.00378747095371544	2.62737625595137	0.025	0.004	1	4	MFSD9
0.00057010980018202	2.53426685155989	0.068	0.014	1	4	FAM229A
0.000600010305360808	2.48987273220143	0.049	0.01	1	4	CACNA1D
0.00824652489409344	2.37944874250778	0.074	0.017	1	4	RCBTB2
0.00572393328702726	2.36434185011758	0.056	0.011	1	4	DFFB
0.00548807275369795	2.30544816106401	0.056	0.014	1	4	SNAPC3
0.000183060975774897	2.30544816106401	0.043	0.009	1	4	CYP51A1
0.00232305074978999	2.30544816106401	0.019	0.004	1	4	MAPK13
0.00107864484056284	2.2863393381163	0.08	0.018	1	4	CCDC117
0.00853372667399796	2.26480617656666	0.037	0.008	1	4	OGG1
0.00171089382633182	2.21233875667253	0.049	0.01	1	4	AP4M1
0.0037118096853216	2.21233875667253	0.031	0.007	1	4	FBXO25
0.000594788306108256	2.18680366456539	0.08	0.017	1	4	ANKRD55
0.0067360217901141	2.15789097265015	0.062	0.017	1	4	AGR2
0.000431739258863096	2.14194942878113	0.025	0.006	1	4	THAP4
0.00378747095371544	2.14194942878113	0.025	0.006	1	4	LOC138491518
0.00411863125886591	2.14194942878113	0.049	0.011	1	4	EPB41L4A
0.00306408117803859	2.11280308312161	0.037	0.009	1	4	NUDT7
0.00121987062384885	2.04241375523021	0.056	0.014	1	4	LOC138468305
0.00232305074978999	2.04241375523021	0.019	0.005	1	4	LOC138526844
0.00233869069902952	2.04241375523021	0.043	0.011	1	4	ALMS1
0.00517381497648867	2.04241375523021	0.074	0.02	1	4	NOA1
0.00275095481282417	2.04241375523021	0.056	0.016	1	4	CEP63
0.000126886860995088	1.98352006617664	0.093	0.024	1	4	MXD4
0.00572393328702726	1.94930435083873	0.056	0.015	1	4	LOC138580894
0.00167626897436149	1.9354985513137	0.074	0.02	1	4	PPM1L
0.00595158122793177	1.92693653781028	0.043	0.012	1	4	ZNF33A
0.00861030524723573	1.89041066178516	0.049	0.014	1	4	MKRN2OS
0.00189035311920523	1.83888036114508	0.062	0.018	1	4	TTC32
0.00252586737824601	1.82002133389376	0.068	0.02	1	4	INTU
0.00689853993979212	1.82002133389376	0.062	0.02	1	4	SLFN13
0.000123933890184918	1.79730125739368	0.142	0.047	1	4	PCYT1B
0.000833957577102821	1.79087498823425	0.074	0.024	1	4	RPAP3
0.000112799482577532	1.75290713803523	0.105	0.032	1	4	SHB
0.000687822683696306	1.74602075244999	0.105	0.032	1	4	TMCO4
0.00853372667399796	1.73429145986788	0.037	0.012	1	4	MICAL1
0.00196747011289515	1.72691192950228	0.08	0.027	1	4	WIPF3
0.00889156469543034	1.72467345730628	0.093	0.039	1	4	LPO
0.000255687294744969	1.72048566034285	0.093	0.029	1	4	ZNF839
0.00224131715182142	1.72048566034285	0.086	0.028	1	4	MTX3
0.000177325829342844	1.68395978431774	0.074	0.024	1	4	DPY19L3
0.00246226959421607	1.6798436758455	0.068	0.026	1	4	ADAM19
0.000855173749839722	1.62737625595137	0.062	0.021	1	4	MLYCD
0.000519950042354176	1.62737625595137	0.099	0.039	1	4	LOC138503522
0.00110832448587957	1.62737625595137	0.117	0.035	1	4	SLC26A10P
0.00306408117803859	1.62737625595137	0.037	0.012	1	4	WWC2
0.00532343758280027	1.62737625595137	0.074	0.024	1	4	TMEM150C
0.00572393328702726	1.62737625595137	0.056	0.019	1	4	JMJD4
0.00876703738003917	1.62737625595137	0.074	0.025	1	4	NFRKB
0.00391697393586239	1.58555608025674	0.093	0.033	1	4	ZNF514
0.00371598376127118	1.5684825668978	0.062	0.024	1	4	KIF7
0.000250624417687984	1.56597571128723	0.117	0.047	1	4	ACSS3
0.000345979708743674	1.56324591853165	0.062	0.022	1	4	SGF29
0.000212658140493382	1.56026206009283	0.105	0.041	1	4	CYP7B1
0.00845030969830037	1.55698692805997	0.049	0.02	1	4	METTL25B
0.000290774505195153	1.54396024776373	0.185	0.081	1	4	HIFy
0.00853372667399796	1.52784058240045	0.037	0.014	1	4	NDUFAF6
0.00161388681937641	1.51189903853143	0.099	0.038	1	4	ZNF395
0.00363610819143446	1.51189903853143	0.117	0.051	1	4	DTD1
0.000855173749839722	1.50184537386751	0.062	0.023	1	4	CYP4F22
0.000228321084470744	1.49492595992772	0.148	0.056	1	4	LOC138471924
0.00572393328702726	1.48987273220143	0.056	0.021	1	4	GPAM
0.00827772752832307	1.48987273220143	0.074	0.03	1	4	KCNN4
0.00845030969830037	1.48987273220143	0.049	0.021	1	4	TRUB2
0.000574101078276246	1.4805348676221	0.08	0.03	1	4	NRDE2
0.000247563131087636	1.47713362037076	0.198	0.079	1	4	RNF220
0.000885699757868833	1.46983497896489	0.074	0.025	1	4	PRIMPOL
0.00133993117076157	1.46691158375812	0.086	0.035	1	4	CASTOR2
0.00465830749690014	1.45745125450906	0.068	0.026	1	4	DCP1B
0.00300642228891778	1.45152642055195	0.154	0.059	1	4	RUNX1T1
0.0010625833873045	1.44903901469286	0.105	0.042	1	4	ANAPC7
0.00340538954443662	1.44680401030955	0.08	0.032	1	4	AP3B2
0.00383741535591267	1.44680401030955	0.086	0.033	1	4	MSTO1
0.0093844985588563	1.44680401030955	0.086	0.032	1	4	ACSF2
0.00403690471402251	1.4397492527756	0.093	0.036	1	4	CCL19
0.00603636303196751	1.4397492527756	0.093	0.038	1	4	LOC138521057
0.0014746190768858	1.42943687833946	0.093	0.037	1	4	SARAF
0.00572393328702726	1.42574239478172	0.056	0.022	1	4	PAQR4
0.00876703738003917	1.42092537848394	0.074	0.028	1	4	PRPF40B
0.00167010587923528	1.40498383461492	0.099	0.04	1	4	STARD13
0.00807281169847464	1.40498383461492	0.068	0.027	1	4	POLR3GL
0.00014048382372664	1.39471549916109	0.111	0.044	1	4	RIPK1
0.00178277800134041	1.39174800745823	0.167	0.068	1	4	HLCS
0.00036351186599967	1.39033705865052	0.148	0.063	1	4	FTO
0.00751973942043076	1.39033705865052	0.148	0.062	1	4	OCRL
0.00184129821188782	1.38858939636425	0.13	0.055	1	4	WDPCP
0.000882494510139811	1.37944874250778	0.093	0.037	1	4	POC1B
0.000581528924272631	1.35728709258362	0.099	0.039	1	4	CHCHD6
0.000211099694639362	1.35435776154495	0.136	0.057	1	4	ESCO1
0.00388210485761111	1.35174181333794	0.099	0.043	1	4	EEF2K
0.00260397590302134	1.34726833675863	0.111	0.048	1	4	FAXDC2
9.97834321610398e-05	1.33786963875638	0.148	0.06	1	4	DUSP16
0.000249325668676397	1.33786963875638	0.148	0.059	1	4	RFLNB
0.00017002436836183	1.33647505668463	0.235	0.107	1	4	TSPAN2
0.000123061303160605	1.3319203724252	0.13	0.05	1	4	DCUN1D3
0.00741222120267561	1.3319203724252	0.062	0.024	1	4	KIAA0513
0.00125627133627371	1.31804819784364	0.13	0.055	1	4	INPP5K
0.000138873418276617	1.31421837069174	0.173	0.075	1	4	FCHO1
0.00152636325655797	1.30544816106401	0.148	0.068	1	4	LOC138567558
0.00294543024226771	1.29553269219892	0.142	0.069	1	4	NAA16
0.00261887177044128	1.29395252222618	0.123	0.059	1	4	FKBP5
0.00532335876608921	1.28160141910964	0.123	0.054	1	4	NCALD
0.00456032355364232	1.28092584192994	0.185	0.083	1	4	MATN2
0.000861715982584354	1.27945295253106	0.173	0.08	1	4	LOC138480882
0.00124856784247642	1.27945295253106	0.123	0.053	1	4	TRIM16
0.000419735158566792	1.27630181540449	0.247	0.116	1	4	LOC138471647
0.000983695725046439	1.27590388544999	0.154	0.071	1	4	MTUS1
0.00409295953478587	1.27373930133667	0.049	0.022	1	4	OTOA
0.006456119416233	1.27373930133667	0.105	0.04	1	4	RASD2
0.00645466268956538	1.26982425133329	0.093	0.039	1	4	CARMIL2
0.00939991712101004	1.26982425133329	0.093	0.04	1	4	ELL3
0.000317312457775541	1.26480617656666	0.228	0.105	1	4	GRIA3
0.00870442970788348	1.26480617656666	0.037	0.015	1	4	NIPAL2
0.00807281169847464	1.25814244628565	0.068	0.029	1	4	MS4A4A
0.00269230173765955	1.25540747856441	0.099	0.043	1	4	ADARB1
0.00584469560869374	1.25391786042392	0.13	0.054	1	4	SLC9A8
0.000699569381907984	1.24886463269764	0.235	0.109	1	4	KCNN3
0.00115839023000728	1.24550562060772	0.179	0.082	1	4	CDH18
0.00250367796164597	1.24550562060772	0.179	0.074	1	4	PBXIP1
0.000181037724940436	1.24490661912896	0.167	0.07	1	4	RNF40
0.000382837856143144	1.24271240571604	0.105	0.046	1	4	OBI1
0.000365396668481321	1.22527781238002	0.16	0.07	1	4	TECPR1
0.00555267902329889	1.22527781238002	0.154	0.07	1	4	CEP97
0.000763452252536858	1.22322707281526	0.364	0.246	1	4	S100A13
0.00592181251088905	1.22020087444549	0.117	0.055	1	4	AGR2A
0.00766465566921966	1.22020087444549	0.117	0.059	1	4	ACBD6
0.00110495774039833	1.21233875667252	0.154	0.071	1	4	GTF2IRD1
0.000489538214531386	1.21233875667252	0.167	0.074	1	4	GMEB1
0.00803424153817296	1.21233875667252	0.111	0.053	1	4	MAP2K7
0.00652331002764816	1.20514325526832	0.13	0.065	1	4	ZNF512B
0.000969326727581542	1.19441684867526	0.198	0.102	1	4	DNMBP
0.00358772185067085	1.19441684867526	0.167	0.078	1	4	FANCA
0.00687880658855465	1.19441684867526	0.148	0.074	1	4	DISP3
0.000149187796959806	1.18443276010264	0.173	0.081	1	4	WDTC1
0.00675784787195781	1.1767148469418	0.16	0.078	1	4	BARD1
0.00717954290317896	1.17365828850846	0.13	0.062	1	4	VPS11
0.000105323297309443	1.17281039248589	0.154	0.068	1	4	SLC2A13
0.000464520444363517	1.16969441926403	0.327	0.175	1	4	ADAMTS20
0.000600160613467851	1.16794463731407	0.136	0.061	1	4	PRMT3
0.00119891722001934	1.16794463731407	0.136	0.064	1	4	ETFDH
0.00257405497406565	1.16794463731407	0.105	0.054	1	4	ZFR2
0.00417998792608544	1.16794463731407	0.111	0.051	1	4	UBASH3B
0.000454610745710963	1.16440427960882	0.198	0.097	1	4	WDR70
0.000329439903543367	1.16171268360256	0.123	0.055	1	4	DENND2A
0.00118754980885034	1.16025024552407	0.173	0.085	1	4	VSIR
0.0016757894987955	1.16025024552407	0.099	0.044	1	4	ZBP1
0.00953474814570831	1.16025024552407	0.099	0.045	1	4	MNT
0.00879884215174544	1.15344506761896	0.049	0.022	1	4	IGSF9B
0.00394604651385736	1.15093821200838	0.123	0.06	1	4	BAMBI
0.00869264919505917	1.14738331483175	0.105	0.051	1	4	MKRN2
0.000391644817890376	1.14694433870152	0.315	0.164	1	4	SH3GLB2
0.00466450249520671	1.13638990343923	0.204	0.098	1	4	TANGO2
0.000266138883271529	1.13552315962169	0.093	0.042	1	4	HYOU1
0.00157573568236423	1.13552315962169	0.179	0.088	1	4	DHX35
0.00536420156028991	1.13552315962169	0.173	0.087	1	4	ZNF592
0.000272464727395693	1.13477777337887	0.222	0.109	1	4	PRKCH
0.00026682318732082	1.12912538842354	0.21	0.106	1	4	ZNF236
0.00167051250290576	1.12487591542219	0.228	0.115	1	4	TRAPPC11
0.00288234653287524	1.12487591542219	0.105	0.049	1	4	HAUS8
0.000346854396653136	1.12041626723149	0.204	0.102	1	4	PRKDC
0.0011574389519651	1.12041626723149	0.198	0.1	1	4	RihA
0.0005041280962957	1.11836260846351	0.142	0.067	1	4	KLHL6
0.0017166043472033	1.11547721741994	0.16	0.07	1	4	PACS2
0.00499793850348326	1.11492625501458	0.167	0.093	1	4	TMEM63B
9.25423479117072e-05	1.1113611089477	0.265	0.13	1	4	DUSP9
0.000190261663909711	1.1113611089477	0.253	0.136	1	4	CWF19L2
0.000842077546762765	1.11031781973202	0.29	0.152	1	4	LMBR1
0.000713082176143709	1.11031781973202	0.167	0.079	1	4	LOC138570801
0.00543264807273113	1.11031781973202	0.167	0.078	1	4	RNF217
0.000221873685231091	1.10997703904285	0.278	0.128	1	4	STK10
0.00988804964301638	1.10800209685779	0.086	0.036	1	4	BCAS4
0.00179317146384412	1.10654409264993	0.13	0.062	1	4	BRF1
0.00334346761204408	1.10542355275601	0.198	0.105	1	4	PDE7A
0.000449383495468701	1.10381429989436	0.179	0.087	1	4	BOD1L1
0.00608358096189529	1.10381429989436	0.043	0.021	1	4	GK5
0.000175344544193575	1.10228521120761	0.185	0.092	1	4	PDE4A
0.00522199792650639	1.10130744428378	0.136	0.065	1	4	RN28S
0.00894447158878539	1.10130744428378	0.136	0.066	1	4	GLYR1
0.000777026261322385	1.09686153925259	0.148	0.076	1	4	ERICH1
0.00258814964700807	1.08680787458867	0.185	0.094	1	4	COMMD1
9.90007407422289e-05	1.0854824771221	0.198	0.094	1	4	OPHN1
0.00835523908787917	1.08305573972756	0.13	0.064	1	4	AGPAT1
0.0035089474581391	1.08194211941685	0.204	0.099	1	4	LOC138513380
0.0094470206937104	1.07848300993773	0.154	0.078	1	4	XIAP
0.000519587128010859	1.07717917339089	0.154	0.076	1	4	TRIM62
0.000110193571263867	1.07547204380951	0.407	0.252	1	4	FRYL
0.00610981131019176	1.07483523292259	0.086	0.043	1	4	DDX41
0.00148072762262852	1.07377792613955	0.179	0.085	1	4	NT5C2
0.00164658494197037	1.07278740427373	0.179	0.092	1	4	PDS5A
0.00012232557596812	1.07042813139981	0.284	0.133	1	4	THSD7A
0.00098690971090674	1.06259163716784	0.247	0.126	1	4	GULP1
0.00926615848278181	1.06102943339756	0.148	0.067	1	4	FAM167B
0.00025439902181446	1.05909249637684	0.173	0.084	1	4	WIPF2
0.000544841376539176	1.05801061028123	0.284	0.149	1	4	LOC138497215
0.000228713767734912	1.05752064762042	0.179	0.09	1	4	INTS6
0.00958183872195456	1.05752064762042	0.179	0.087	1	4	MAPKAP1
0.000356871294819475	1.05684082586549	0.29	0.169	1	4	FLRT2
0.000289801368927454	1.05364101065347	0.228	0.119	1	4	TRAF7
0.00145866043771773	1.05340995969129	0.617	0.519	1	4	S100A4
0.0013592676163792	1.04948233889985	0.568	0.45	1	4	LOC138580806
0.00110584438129164	1.04241375523021	0.105	0.051	1	4	L3MBTL3
0.00114697897298028	1.04241375523021	0.105	0.049	1	4	RHBDF1
0.00836340302457472	1.04241375523021	0.117	0.057	1	4	SSBP2
0.00200941078015888	1.04241375523021	0.222	0.114	1	4	RIMBP2
0.000345521813977317	1.03501530290905	0.636	0.51	1	4	S100P
0.000856592934572629	1.03428587434681	0.241	0.151	1	4	DOCK11
0.000112089314129306	1.03263273443763	0.265	0.141	1	4	EGFLAM
0.000706132303159662	1.03221798812432	0.247	0.133	1	4	C2CD5
0.000636298177603246	1.03044111356414	0.222	0.114	1	4	PLXNA1
0.000959372141686671	1.03044111356414	0.21	0.109	1	4	LOC138581099
0.000295255323624861	1.02819989601051	0.426	0.252	1	4	TJP2
0.00419935013186428	1.0279141855351	0.173	0.091	1	4	ARSG
0.000219950017119825	1.02471175349675	0.29	0.149	1	4	SOS1
0.000274617855413705	1.01969367873013	0.296	0.182	1	4	STXBP5
0.000430487185157161	1.01914397590737	0.241	0.121	1	4	IPO8
0.00126564990844098	1.01914397590737	0.216	0.115	1	4	POGZ
0.000713489881158599	1.01796071150567	0.204	0.111	1	4	ARHGAP39
0.00315512589898515	1.01796071150567	0.216	0.112	1	4	ADAMTS7
0.000550045658645406	1.01699115835031	0.333	0.202	1	4	ETV2
0.000970501161010185	1.01266641183616	0.179	0.089	1	4	USP45
0.00853369590989989	1.00962382011254	0.167	0.084	1	4	EPG5
0.000266894196508733	1.00846642330687	0.154	0.079	1	4	LOC138528761
0.00183217046169755	1.00177177073287	0.191	0.103	1	4	ABCC4
0.00202437032394983	1.00028827955754	0.241	0.128	1	4	VPS13B
0.000109394694659264	0.998559465640785	0.438	0.274	1	4	ICAM5
0.00615603457181701	0.995108040451856	0.16	0.091	1	4	ZC3H7B
0.00727270342846157	0.995108040451856	0.173	0.09	1	4	UHRF2
0.000357125505487373	0.993915237539023	0.21	0.111	1	4	GAB1
0.000598837502476156	0.993170236210363	0.247	0.131	1	4	AATK
0.00239939699954081	0.986918642638509	0.179	0.093	1	4	DSG2
0.0025269254292796	0.983520066176644	0.204	0.111	1	4	TMCC3
0.00167073801343364	0.982292762792642	0.247	0.134	1	4	LACTB
0.00783232268638965	0.981013210566069	0.123	0.069	1	4	POLR2B
0.00452655325233176	0.97967799988225	0.142	0.088	1	4	THRB
0.00138803610491626	0.978283417810497	0.235	0.122	1	4	PDE3B
0.00361085187834397	0.977122294978493	0.204	0.107	1	4	FAM222A
0.00516707690251091	0.975299559371676	0.154	0.085	1	4	UBXN7
0.00446468812921859	0.975299559371675	0.222	0.115	1	4	KDM4C
0.00846642455275778	0.975299559371675	0.123	0.062	1	4	RMND5A
0.00518485256938069	0.972511742000057	0.222	0.13	1	4	PRKCZ
0.000189587106818688	0.969482232776361	0.265	0.134	1	4	REXO1
0.00935571571416637	0.967451697548991	0.136	0.074	1	4	RPRD1A
0.00578358133718811	0.96745169754899	0.247	0.147	1	4	TAF4
0.00966976606909261	0.964411243228939	0.136	0.07	1	4	NDRG2
0.000680465472184964	0.964411243228939	0.173	0.09	1	4	TBC1D9B
0.000235310163796541	0.962560447540998	0.222	0.119	1	4	MAST2
9.60136324438311e-05	0.960420383032905	0.278	0.161	1	4	SYNE3
0.00278095346338011	0.95995159503824	0.099	0.051	1	4	SELENOO
0.000250461290752571	0.954417274232384	0.284	0.154	1	4	ATP9B
0.00262183808912435	0.954186572218477	0.204	0.109	1	4	AHCTF1
0.0080072633087736	0.953604488272357	0.117	0.064	1	4	P2RX4
0.000112971945447263	0.949304350838731	0.228	0.117	1	4	DENND4B
0.00229168577581858	0.949304350838731	0.21	0.1	1	4	DDHD2
0.00288134168381654	0.949304350838731	0.222	0.112	1	4	TRANK1
0.00962077451030185	0.949304350838731	0.21	0.115	1	4	MAML3
0.00989073842826806	0.949304350838731	0.179	0.108	1	4	HRAS
0.000794369681725766	0.947635530478113	0.265	0.153	1	4	COBLL1
0.0030890484187666	0.947256522189872	0.259	0.134	1	4	DIS3L2
0.000937723709437475	0.946654772424782	0.198	0.099	1	4	EIF4G3
0.00015848393540348	0.945116553875298	0.247	0.131	1	4	N4BP2
0.0088484023717722	0.944566431832067	0.099	0.059	1	4	PFKFB4
0.000793201638418994	0.942878081679298	0.222	0.123	1	4	TSHZ2
0.000117820494049198	0.942011858272375	0.216	0.106	1	4	KMT5B
0.0012257980158616	0.939320262266109	0.16	0.077	1	4	ATXN7
0.00456474765174174	0.938305351889474	0.247	0.143	1	4	VPS54
0.000520039515005399	0.937716376563519	0.173	0.092	1	4	GHR
0.006616791830484	0.933479383677049	0.198	0.105	1	4	MADD
0.000208678557788507	0.93223083747979	0.222	0.124	1	4	VAV2
0.00820876141509809	0.93223083747979	0.123	0.064	1	4	ATP11A
0.00526553374309772	0.93176969154622	0.247	0.136	1	4	CARMIL1
0.0023159991905881	0.929645825068263	0.228	0.129	1	4	FXR2
0.000489000357241535	0.928756973434645	0.346	0.184	1	4	PHF20
0.00807281169847464	0.926936537810276	0.068	0.036	1	4	FHOD3
0.00713518052272507	0.9243579937085	0.222	0.129	1	4	ZDHHC20
0.00301953187483332	0.923769258731594	0.191	0.11	1	4	SCAP
0.0046647008408442	0.923769258731594	0.179	0.098	1	4	CLCF1
0.000386773445225147	0.92283213947754	0.154	0.084	1	4	TBC1D15
0.00201301901613047	0.922119521512501	0.123	0.07	1	4	ARAF
0.00450090193053019	0.921107459008079	0.111	0.059	1	4	LOC138521299
0.00550214644179497	0.916882873146354	0.167	0.099	1	4	RBM10
0.00504802376811242	0.916882873146353	0.235	0.132	1	4	VTI1A
0.00161388681937641	0.91465820803184	0.099	0.057	1	4	INO80
0.000180061066951804	0.91368044110801	0.272	0.151	1	4	JADE2
0.00061681044181891	0.913130738285246	0.185	0.086	1	4	NHS
0.00715306911978151	0.913130738285246	0.167	0.099	1	4	RB1CC1
0.00447467105690216	0.91116922195196	0.123	0.064	1	4	FANCL
0.00535427261543441	0.909147224366749	0.179	0.1	1	4	NEURL4
0.00888035505865449	0.908558008495422	0.142	0.076	1	4	OCIAD1
0.00453965265415328	0.907484175144104	0.191	0.107	1	4	CEP350
0.00218845732554464	0.906898784573732	0.222	0.133	1	4	RAPGEF1
0.00954940969821203	0.904910231480277	0.259	0.156	1	4	PLK5
0.00597369747805534	0.903586050532896	0.191	0.098	1	4	AGAP3
0.00275261325971475	0.903010698564796	0.136	0.07	1	4	GCNT4
0.00345842236029783	0.902483494085737	0.204	0.115	1	4	NUP205
0.000202921171165648	0.901551219390363	0.204	0.114	1	4	NFATC4
0.00924360453272569	0.900752606006622	0.216	0.129	1	4	TUT4
0.000651317949152428	0.900060831818882	0.247	0.135	1	4	SNED1
0.00208454060331802	0.899455801388169	0.265	0.149	1	4	DCAF8
0.00341646214749683	0.89892216164068	0.272	0.149	1	4	ATG2B
0.004042853199459	0.896983315708649	0.13	0.071	1	4	TGS1
0.000842197607287017	0.896193014379169	0.265	0.149	1	4	LOC138567585
0.00105421355482492	0.895072039155026	0.29	0.174	1	4	PITPNM2
0.00586395507860845	0.894021915337541	0.198	0.122	1	4	CRAMP1
0.000337256051617094	0.892310194700644	0.321	0.222	1	4	AKT3
9.29206993939914e-05	0.890410661785163	0.346	0.186	1	4	LHX6
0.000848439080535154	0.890410661785163	0.296	0.182	1	4	KIRREL1
0.00270043816067984	0.890410661785162	0.185	0.104	1	4	TMEM269
0.000271087269900682	0.887344358737379	0.272	0.149	1	4	CTIF
0.000556763889175478	0.8835569907441	0.309	0.188	1	4	SPTLC3
0.000722742224517859	0.883215160380959	0.315	0.185	1	4	CNOT3
0.00121047188684757	0.882633311193443	0.21	0.119	1	4	KANSL3
0.00411006158694811	0.880142326331335	0.16	0.083	1	4	RASSF3
0.00373695291523777	0.879355473276167	0.222	0.123	1	4	TMEM131
0.00824676437517809	0.878915022947333	0.148	0.083	1	4	CYRIB
0.00132177360489541	0.876055368808093	0.173	0.097	1	4	DCP2
0.000393970797945963	0.874469117916141	0.364	0.234	1	4	MEF2D
0.00375066072859605	0.874016223534494	0.191	0.109	1	4	TRIM47
0.0035642455369567	0.8724887537879	0.142	0.077	1	4	WIPI1
0.00183678478079619	0.871301838837458	0.241	0.137	1	4	KIAA1671
0.00521248675399217	0.871045336918231	0.204	0.122	1	4	ZNF250
0.00013067430513024	0.869577158367997	0.278	0.166	1	4	PPP1R37
0.00153279640531929	0.869349046257333	0.198	0.106	1	4	SUCO
0.00683633213559146	0.869349046257333	0.191	0.107	1	4	LCORL
0.00259561895907488	0.867639354126504	0.241	0.133	1	4	MMP16
0.00326133643904245	0.865535993146133	0.247	0.137	1	4	S1PR2
0.00111255710294989	0.863816451773449	0.241	0.136	1	4	SMCHD1
0.00377275649799264	0.861841509588392	0.142	0.08	1	4	BRCA2
0.0062064273795157	0.861841509588392	0.148	0.082	1	4	MED25
0.00778833578363503	0.85982234195174	0.21	0.123	1	4	KLHL29
0.000658500768742258	0.858260138181456	0.37	0.218	1	4	HTT
0.00361060598101593	0.856000630999331	0.173	0.097	1	4	NSUN2
0.00073004440042201	0.854786752054441	0.241	0.153	1	4	EMC4
0.00863147233398995	0.854786752054441	0.179	0.108	1	4	GAB3
0.00899979065572278	0.854786752054441	0.191	0.115	1	4	LOC138567561
0.000643068346211856	0.853257663367696	0.34	0.214	1	4	ERI3
0.00018216045149757	0.851693554212309	0.494	0.332	1	4	RALGAPA1
0.00505379574996221	0.851591412894634	0.191	0.107	1	4	BTBD8
0.000407196608025282	0.849768677287817	0.21	0.116	1	4	FKBP4
0.00867481306649498	0.849768677287817	0.16	0.091	1	4	USP40
9.44767052378259e-05	0.849768677287816	0.309	0.169	1	4	ST3GAL4
0.00819146614379304	0.848732630535292	0.302	0.183	1	4	QSER1
0.000746935288283018	0.848590486090536	0.278	0.164	1	4	PPP3CC
0.0064179852259692	0.844967691023995	0.136	0.085	1	4	PEX13
0.00946834838839471	0.844474377618304	0.167	0.102	1	4	MGAT3
0.00160066465879502	0.843104947006806	0.302	0.172	1	4	USP19
0.00878243552641011	0.841501061304216	0.16	0.094	1	4	CAMSAP2
0.00415326041835375	0.840779894060562	0.117	0.066	1	4	ARL6
0.000143780178948002	0.839679859664233	0.438	0.284	1	4	DST
0.00115395392080315	0.838880361145081	0.352	0.237	1	4	DEDD2
0.00752922490577042	0.838880361145081	0.13	0.072	1	4	CEP89
0.00984183967746733	0.838880361145081	0.185	0.108	1	4	MTREX
0.000253088420416941	0.838504512493511	0.383	0.24	1	4	RAPGEF5
0.00771563287284443	0.835369298227201	0.259	0.166	1	4	MAD1L1
0.00247367397793417	0.83518114106477	0.216	0.135	1	4	PIP5K1C
0.000262586546823893	0.833827133418795	0.358	0.227	1	4	MYO18A
0.00457862225643522	0.831516972731594	0.198	0.115	1	4	ANKIB1
0.0019448623218039	0.830363278115223	0.222	0.129	1	4	KDM6A
0.000296740305939808	0.829869119850112	0.235	0.131	1	4	CNOT10
0.000551212600108639	0.829869119850112	0.241	0.14	1	4	PNISR
0.00155943969519595	0.829010117121019	0.302	0.182	1	4	ATP2A3
0.000104900300344374	0.826476356031064	0.321	0.18	1	4	EBF1
0.00889953656366869	0.826280324365447	0.198	0.11	1	4	MECP2
0.000226758332152687	0.825315633563278	0.222	0.115	1	4	PKDCC
0.000279607787282917	0.825315633563278	0.228	0.121	1	4	ABCG2
0.000180082055455428	0.823403973288417	0.463	0.326	1	4	ITPR2
0.000219689561187029	0.823011376499576	0.34	0.21	1	4	DIPK2B
0.000109556950766814	0.822506597283359	0.395	0.249	1	4	GIT2
0.00803522712940355	0.822192432935392	0.401	0.275	1	4	PTPRB
0.00233933984810417	0.820021333893765	0.235	0.134	1	4	ARMC6
0.00863100939625466	0.820021333893765	0.142	0.093	1	4	XPO7
0.000196878451343005	0.813167662852702	0.315	0.19	1	4	FKBP15
0.000647146464596774	0.813167662852702	0.296	0.187	1	4	DGKH
0.00540781968681493	0.812679358552596	0.278	0.181	1	4	RALGAPA2
0.00131337871615508	0.811088209123757	0.136	0.075	1	4	ATP11C
0.00102070728316582	0.808823127288901	0.272	0.17	1	4	NFATC3
0.0096098743291273	0.808616570621515	0.185	0.115	1	4	ATP9A
0.000161963532632501	0.807708072454913	0.426	0.287	1	4	TEK
0.00279960846503477	0.801405655726418	0.235	0.143	1	4	IER2
0.00715956244496119	0.799557231334049	0.228	0.127	1	4	ARID1B
0.000121911551464772	0.797995027563766	0.333	0.202	1	4	NDST2
0.00918357896039253	0.797301257393681	0.154	0.085	1	4	DDIT3
0.00029670040215547	0.795499014759695	0.278	0.161	1	4	TLK2
0.00585595024610863	0.794129800761741	0.34	0.223	1	4	TRAPPC8
0.000845417827579692	0.79402612536082	0.296	0.179	1	4	MAPK8
0.00545266208478104	0.793386207390298	0.265	0.157	1	4	KMT2B
0.0044754211108797	0.79279986515874	0.173	0.101	1	4	JAZF1
0.00162177572164344	0.792006957724168	0.259	0.166	1	4	DDHD1
0.00724957622827736	0.790874988234248	0.167	0.094	1	4	RNF19A
0.00954764168410627	0.785255915733088	0.204	0.131	1	4	EXD3
0.00752922490577042	0.783027126411563	0.13	0.076	1	4	PRPF4
0.00831636304550727	0.781886205006994	0.185	0.109	1	4	DLG5
0.006071608944478	0.779379349396419	0.111	0.067	1	4	CIB2
0.00673241460463705	0.77751660537923	0.235	0.146	1	4	BLTP1
0.00452751261483363	0.773227122414823	0.148	0.089	1	4	ABHD4
0.00275062563119351	0.769395260823797	0.142	0.081	1	4	SPTLC2
0.00831636304550727	0.769395260823797	0.185	0.11	1	4	LNPEP
0.0022981309204069	0.768420137406552	0.235	0.147	1	4	SP140
0.00407326338282188	0.768420137406552	0.253	0.163	1	4	INPP5F
0.00971758635595985	0.767974586124169	0.198	0.121	1	4	CLEC16A
0.00326697037459638	0.766352669100179	0.247	0.157	1	4	ADGRF5
0.00318114826652334	0.765573549871388	0.272	0.159	1	4	CELF2
0.000636309273370991	0.765159398859246	0.488	0.366	1	4	KANK3
0.00601619663110153	0.763437805527397	0.34	0.214	1	4	ARHGAP20
0.00027298341413002	0.762839673246487	0.278	0.166	1	4	MLLT6
0.00345712403250803	0.761561603345766	0.327	0.215	1	4	SUSD1
0.0025954721924545	0.761393603923056	0.173	0.103	1	4	SUZ12
0.00568970965268374	0.760642786814833	0.185	0.111	1	4	GPD2
0.000182686212653079	0.75916612850691	0.327	0.203	1	4	PIK3CA
0.0038627714207087	0.758620789229621	0.216	0.148	1	4	RIN1
0.00306767181870334	0.757960365761513	0.278	0.167	1	4	ZNF91
0.0044778489386689	0.757960365761513	0.154	0.093	1	4	LOC138527531
0.00946361574298591	0.756659272896335	0.198	0.113	1	4	COL18A1
0.00483727789999411	0.75492630567188	0.315	0.219	1	4	HIP1
0.00010184525890442	0.752907138035228	0.37	0.236	1	4	ZNF407
0.00385124232644836	0.750233003736902	0.29	0.17	1	4	SHKBP1
0.00184936810949773	0.749750254848045	0.395	0.251	1	4	TNRC6B
0.00873181406376306	0.748230650825755	0.167	0.098	1	4	TMTC2
0.000100523407639917	0.746523521244374	0.241	0.141	1	4	ACSL1
0.00240721600360048	0.744733206589527	0.179	0.11	1	4	FAM193A
0.00773403114315516	0.744733206589527	0.247	0.155	1	4	KLHL3
0.00955852054070157	0.744733206589527	0.179	0.106	1	4	CORO6
0.0030034923304352	0.744021174803639	0.457	0.288	1	4	LDB2
0.000309143115387285	0.74397401326522	0.519	0.346	1	4	APLNR
0.000766817297582611	0.743890264677794	0.407	0.268	1	4	RAI1
0.00853369590989989	0.743890264677794	0.167	0.103	1	4	NUP93
0.000698791327993932	0.740385217780555	0.364	0.237	1	4	PPP6R3
0.0087088253522702	0.738797538619792	0.191	0.127	1	4	FAM135A
0.000654975079447458	0.738407568340113	0.16	0.091	1	4	RNF157
0.0064944605327123	0.738260362070826	0.364	0.267	1	4	SLC12A2
0.0005589531450877	0.737559173701791	0.34	0.22	1	4	CGNL1
0.000437069401226463	0.737096623187766	0.407	0.284	1	4	MGAT4D
0.00292314368851519	0.737000747125867	0.222	0.142	1	4	SLC35E2A
0.00674591873279671	0.736605325706127	0.136	0.084	1	4	DHX40
0.00515808538068025	0.735132436307251	0.309	0.208	1	4	HDAC5
0.00607553476175117	0.734291459867881	0.228	0.148	1	4	PGM5
0.00867481306649498	0.734291459867881	0.16	0.101	1	4	NSMAF
0.000487441554288946	0.731212066935909	0.204	0.122	1	4	MKLN1
9.39010850937807e-05	0.730880831705229	0.333	0.207	1	4	ADGRE5
0.0020317698959476	0.729255869970582	0.284	0.187	1	4	PPFIBP1
0.000127759529076766	0.726911929502283	0.259	0.151	1	4	TDRP
0.00111120359565391	0.725302676640626	0.37	0.26	1	4	ANKRD10
0.00063000215826966	0.724237795203958	0.377	0.241	1	4	ARID2
0.000483162586209681	0.72048566034285	0.333	0.209	1	4	DNAAF9
0.0027099011458626	0.72048566034285	0.346	0.21	1	4	CAMTA2
0.00110212276155476	0.72048566034285	0.253	0.154	1	4	COQ8A
0.000876276083117612	0.719237114145592	0.37	0.244	1	4	ROCK1
0.000813917473430995	0.717318381264167	0.636	0.523	1	4	KRT1
0.00263203918075883	0.716427443768497	0.358	0.236	1	4	FCRL5
0.00026328909811707	0.715912930553026	0.346	0.202	1	4	ITPR1
0.000772293967683386	0.711315074451265	0.488	0.335	1	4	PPP1R12A
0.000869297857658821	0.709838416143342	0.278	0.175	1	4	MED13
0.00929520774866833	0.709838416143342	0.278	0.186	1	4	ITCH
0.000761669678603605	0.70921454800783	0.352	0.231	1	4	CREBBP
0.00376447451733774	0.708990021505021	0.272	0.172	1	4	ZBTB46
0.00452726273982075	0.708513018676774	0.179	0.107	1	4	MAN1A2
0.00340424967055245	0.704544116473829	0.235	0.147	1	4	STON2
0.00028357503143248	0.703207668911015	0.414	0.266	1	4	SVIL
0.00388151312271057	0.702783658609391	0.29	0.188	1	4	NCOA3
0.00218311497073259	0.701376837395146	0.284	0.19	1	4	FLT1
0.0074852953805614	0.700439718141092	0.358	0.262	1	4	EHMT1
0.0024108248253438	0.699269174433154	0.216	0.127	1	4	ARHGEF18
0.00341852701882936	0.698459354012851	0.284	0.177	1	4	HECTD4
0.00576687720229223	0.698259742107879	0.377	0.242	1	4	AKAP7
0.00572651061307099	0.697765583842767	0.123	0.079	1	4	MTMR14
0.00077788921914973	0.69519164017894	0.278	0.164	1	4	ARHGEF11
0.000140168388472123	0.692829317439985	0.34	0.203	1	4	NAV1
0.00128526540035252	0.692642027417537	0.506	0.364	1	4	LRCH1
0.00160107309100265	0.690941384728835	0.309	0.195	1	4	FER
0.00252273702711734	0.690678837859887	0.407	0.304	1	4	WNK1
0.000211599236655612	0.688776800615512	0.426	0.263	1	4	DIP2C
0.000373811664792451	0.687169340793626	0.488	0.343	1	4	ITPKA
0.000330335213303508	0.685343854222593	0.444	0.276	1	4	RHAG
0.0075144829121792	0.683085688537656	0.185	0.122	1	4	DMXL1
0.00615095002373337	0.682119220545801	0.247	0.156	1	4	BICRA
0.0067241502940688	0.676657158722587	0.34	0.213	1	4	GNAO1
0.00669501321479155	0.676285856432315	0.253	0.154	1	4	CSNK1G1
0.00358551009317223	0.675204781041984	0.34	0.23	1	4	STAG1
0.00211145200391589	0.67402634925019	0.302	0.191	1	4	USP11
0.00915569406397576	0.673179945564494	0.315	0.22	1	4	CASK
0.00504154047614775	0.673179945564493	0.296	0.181	1	4	BCAS3
0.00948962837051808	0.671770375309822	0.185	0.121	1	4	PHLPP2
0.00544114357881362	0.670444977843255	0.198	0.124	1	4	RSRC1
0.00493135854328789	0.670161122448165	0.358	0.257	1	4	ASH1L
0.000276950506268515	0.669604491340666	0.556	0.401	1	4	ITGA6
0.000586357374874156	0.669196431645996	0.438	0.297	1	4	PLEC
0.00216842911668241	0.668598918677882	0.352	0.229	1	4	SNX9
0.00296221680337381	0.668598918677882	0.37	0.252	1	4	GNB2
0.000641395700299783	0.667122434744125	0.253	0.162	1	4	TGFBRAP1
0.000123701813397984	0.666806400779907	0.5	0.332	1	4	NCK1
0.00690146087598175	0.665559449839257	0.346	0.228	1	4	CELF1
0.00530755984695358	0.664657272030829	0.265	0.166	1	4	MAP4K3
0.00521961426964726	0.664438350172914	0.327	0.234	1	4	STRN3
0.00185319158589263	0.663176977379215	0.265	0.173	1	4	TRPM7
0.00682343725125799	0.661235059967405	0.444	0.309	1	4	IQGAP2
0.000492477095167477	0.658627189935808	0.358	0.235	1	4	NPDC1
0.00372314807119476	0.65594540814814	0.272	0.176	1	4	ZC3H3
0.00776847383663963	0.652643014561799	0.327	0.225	1	4	DAB2IP
0.00216964691195393	0.652179646951941	0.247	0.156	1	4	ITGA4
0.00284916133951094	0.651806294771927	0.506	0.425	1	4	RIPOR1
0.00703985065123137	0.649402562281368	0.315	0.228	1	4	PRP4K
0.00478320379098164	0.647554137888999	0.216	0.133	1	4	PPP1R12C
0.00104445758054769	0.646153462981997	0.302	0.196	1	4	ATF7
0.000145707937582328	0.645896343922166	0.432	0.289	1	4	RFTN1
0.00284005141044802	0.644654247383204	0.346	0.224	1	4	PTPRK
0.00556863621790608	0.644250074515765	0.228	0.158	1	4	BTBD9
0.00304530294079571	0.633022819092511	0.333	0.219	1	4	USP32
0.00948571932797987	0.632465132624169	0.321	0.218	1	4	PIM1
0.000889780645950107	0.630335631431913	0.5	0.36	1	4	PLCG1
0.000434098417327431	0.627376255951369	0.401	0.259	1	4	GNAL
0.00667305860901849	0.627376255951369	0.265	0.185	1	4	LYL1
0.00788658936712778	0.627376255951369	0.185	0.125	1	4	KDM7A
0.00910428087481401	0.627376255951369	0.21	0.133	1	4	CEP95
0.000251680870899876	0.627376255951369	0.34	0.219	1	4	USP7
0.00229583295040556	0.622443960409138	0.333	0.249	1	4	RABGAP1
0.00573528254078598	0.60391728312738	0.321	0.22	1	4	GNG2
0.00324214684258634	0.600708305489289	0.352	0.215	1	4	USP48
0.00196759156290312	0.599895519529262	0.481	0.352	1	4	ADGRL2
0.000266351405410928	0.596012085042034	0.438	0.285	1	4	RASA3
0.00773210657866387	0.587847891764731	0.204	0.126	1	4	ESYT1
0.00470632619582246	0.58696198750546	0.438	0.302	1	4	NR3C1
0.00231285181026976	0.58589961997521	0.34	0.218	1	4	SBNO2
0.0049214738443207	0.581861596699	0.401	0.267	1	4	SCAF8
0.000107212225597475	0.579441778887667	0.395	0.239	1	4	INPPL1
0.000518361546462281	0.57729102451506	0.438	0.285	1	4	PALD1
0.00186435146638394	0.577164809997601	0.5	0.376	1	4	PLXND1
0.0056597380712751	0.575120018819945	0.309	0.219	1	4	TRAPPC9
0.00250641429228603	0.574908836057233	0.284	0.2	1	4	TNS3
0.00293141867433935	0.574026831358435	0.37	0.258	1	4	CHD9
0.00437088417347456	0.570621477654135	0.37	0.25	1	4	PCDH17
0.00699418366091229	0.565600058364679	0.216	0.151	1	4	ATG9A
0.00599795937647366	0.558663505867354	0.228	0.161	1	4	PHF14
0.00119105224921314	0.553375674507592	0.481	0.346	1	4	FGD5
0.00041246301358374	0.551025369821254	0.512	0.333	1	4	ELMO1
0.00500698089485486	0.54871931207637	0.321	0.213	1	4	NF1
0.000830941793011089	0.544914095759396	0.302	0.195	1	4	OSBP
0.00277283492529512	0.540468190728204	0.537	0.405	1	4	FCN1
0.000699481825548487	0.537920588757886	0.673	0.547	1	4	INSR
0.00208405919647282	0.537394889113703	0.463	0.334	1	4	SSBP3
0.00247377925115346	0.536522825500255	0.284	0.195	1	4	RAB3D
0.0015579142536469	0.536001902930635	0.333	0.226	1	4	CDKAL1
0.00126274628857068	0.534473674732901	0.5	0.345	1	4	ACVRL1
0.00246745355709665	0.534413236323941	0.556	0.434	1	4	PIEZO1
0.000732606530718564	0.528522869025083	0.494	0.36	1	4	COL1A1
0.000233802280591955	0.526492898938708	0.716	0.574	1	4	TIE1
0.00775498067301155	0.525838229489306	0.253	0.185	1	4	NCOA1
0.00762459336515216	0.525714281292066	0.512	0.391	1	4	VWA5A
0.00460716159696436	0.525680858882018	0.407	0.297	1	4	ND4L
0.00182785815068255	0.5219856968699	0.673	0.516	1	4	AQP1
0.00805728066167369	0.518539763908463	0.346	0.248	1	4	PDE8A
0.00626805829081433	0.511899038531433	0.34	0.236	1	4	ZFAND3
0.000773949633657843	0.51001930531321	0.414	0.286	1	4	IQSEC1
0.00197814908532724	0.508798134509277	0.58	0.456	1	4	AKAP13
0.000176234806806165	0.506895880043748	0.586	0.445	1	4	TNS1
0.00313884098362842	0.506189909431311	0.438	0.33	1	4	ARAP3
0.00357090396947017	0.498589949302543	0.414	0.305	1	4	HSD17B12
0.0074783352057028	0.496248753299089	0.525	0.387	1	4	TXNIP
0.000297429340682235	0.492533713664502	0.698	0.551	1	4	ASAP1
0.00323019287225538	0.491599476920902	0.444	0.317	1	4	FBLN2
0.00696279281740695	0.486513720111519	0.358	0.265	1	4	TEAD1
0.00160998033217946	0.483540483377717	0.352	0.236	1	4	CLK4
0.000872878043718908	0.481019725647461	0.469	0.319	1	4	PTPRE
0.00507034881849539	0.473570919872333	0.414	0.304	1	4	PRRC2A
0.00577796435469547	0.461567362981288	0.593	0.475	1	4	GNAI2
0.0067266214477479	0.457451254509056	0.228	0.155	1	4	DENND6A
0.000362433038393785	0.455740886743953	0.673	0.5	1	4	ARL15
0.00517493480142814	0.455423573162074	0.401	0.281	1	4	TAOK3
0.00249978562262892	0.447826835620657	0.389	0.297	1	4	SIPA1L1
0.00382656812449037	0.443457982429557	0.302	0.228	1	4	GIGYF1
0.006656787393061	0.408366474009573	0.333	0.243	1	4	DIAPH1
0.00954618524967832	0.397641859273753	0.426	0.322	1	4	ERBIN
0.00295135726471806	0.381604432174291	0.969	0.932	1	4	S100G
0.00888550701588377	0.340890990731621	0.685	0.546	1	4	PODXL
0.00621430239335839	0.336144958286923	0.426	0.363	1	4	GNAS
0.00637215774577213	0.31823431601985	0.586	0.474	1	4	PTBP3
0.000448412697201674	0.273950104065415	1	0.993	1	4	COX2
0.000311548268225379	0.243488380085942	1	0.999	1	4	COX3
0.00410244367670313	0.211561651864676	0.451	0.327	1	4	PDGFD
0.00483130153449795	-0.134834994060419	0.975	0.967	1	4	TPT1
0.0079996432427603	-0.144636285314038	1	0.994	1	4	LOC138582460
0.00790999782188091	-0.146020079262874	0.846	0.878	1	4	RPL30
0.0080268732220413	-0.159337785701393	0.914	0.933	1	4	HNRNPA3
0.0060674047207801	-0.172984912938989	0.969	0.96	1	4	RPS18
0.00810561872805686	-0.178722267036264	0.981	0.978	1	4	RPL32
0.00683525926056928	-0.178864185524826	0.963	0.969	1	4	RPS27
0.000764986333576536	-0.192011600315272	0.969	0.98	1	4	RPS15A
0.00267808208549963	-0.199276415852383	0.963	0.961	1	4	FAU
0.00177127529335	-0.200156548043866	0.901	0.937	1	4	RPL27
0.00605246637229656	-0.200547505320023	0.957	0.973	1	4	RPL23
0.00187642263534319	-0.219811997398582	0.951	0.961	1	4	HNRNPK
0.00014070935404684	-0.222904057309921	0.988	0.994	1	4	FKBP2
0.00933058577580774	-0.265517188577904	0.506	0.631	1	4	IFITM1
0.000123092739878195	-0.267130615201317	0.914	0.928	1	4	RPL39
0.00280829387387866	-0.269517672604632	0.907	0.953	1	4	YWHAQ
0.000116115122355269	-0.271130571453957	0.988	0.969	1	4	RPLP2
0.0089277120505036	-0.284948225707778	0.42	0.545	1	4	RBM4
0.000146897653750974	-0.286462316819366	0.969	0.969	1	4	RPS23
0.000871491932977475	-0.303628800977805	0.778	0.835	1	4	SET
0.00401691380670753	-0.30714433028104	0.716	0.788	1	4	ANXA5
0.00126393917820492	-0.312422673808276	0.901	0.935	1	4	LGALS4
0.0020733707890698	-0.313347934733025	0.753	0.855	1	4	CALM1
0.0032477762671267	-0.317112534171719	0.92	0.935	1	4	RPL7
0.00817302284320164	-0.320873369418207	0.605	0.655	1	4	HNRNPU
0.0065033993358228	-0.322583061549036	0.451	0.585	1	4	TARDBP
0.00301742603527188	-0.331842496551912	0.537	0.638	1	4	HSBP1
0.000281681145167451	-0.348443931553504	0.864	0.892	1	4	HSPA8
0.000612031256975917	-0.365244213683034	0.667	0.763	1	4	NAP1L1
0.00771268997075359	-0.365580467044511	0.358	0.46	1	4	ERH
0.00128405098864531	-0.366266248531752	0.636	0.748	1	4	HNRNPL
0.00487754864884135	-0.374356711273087	0.5	0.555	1	4	SRSF5
0.000436950196968644	-0.375859696898889	0.784	0.862	1	4	ATP5MC2
0.000268426073155531	-0.377286280246458	0.932	0.912	1	4	DYNLL1
0.000569206984773757	-0.378023731791221	0.444	0.542	1	4	SNRPD2
0.00555699352860361	-0.383262264494979	0.568	0.69	1	4	SSR3
0.008336282056722	-0.386086003855194	0.352	0.494	1	4	CAPRIN1
0.00617842750337949	-0.393008470797984	0.815	0.82	1	4	KRT18
0.0034092278391563	-0.396028348383575	0.426	0.582	1	4	SNRPB
0.001932863012764	-0.400308620985791	0.648	0.747	1	4	TPM3
0.00260493602335201	-0.400529740618516	0.315	0.418	1	4	ATP5PO
0.00136101457786201	-0.4006945096353	0.994	0.99	1	4	Fth1
0.00192574272906538	-0.402133626321105	0.71	0.804	1	4	H3F3A
0.00258694160026461	-0.402176089126391	0.562	0.682	1	4	ATP5MK
0.00192280204149258	-0.404193823049501	0.475	0.598	1	4	KHDRBS1
0.00344636833118362	-0.405943817248658	0.469	0.561	1	4	ENO1
0.000602867059284119	-0.407498785327091	0.673	0.819	1	4	SRSF2
0.000134115257475164	-0.40873970529875	0.556	0.674	1	4	EIF2S2
0.00166825568516765	-0.419723521343105	0.778	0.867	1	4	DBI
0.00443935620855242	-0.424610441856119	0.63	0.722	1	4	CAPG
0.00450612675598924	-0.426085008562839	0.574	0.659	1	4	ALDOA
0.000391086007811744	-0.430726698612199	0.5	0.66	1	4	ILF3
0.00133243797948697	-0.432080326219325	0.704	0.783	1	4	SRI
8.42156349305704e-05	-0.435389830737004	0.747	0.787	1	4	RPL10A
0.0003948428759408	-0.44032698842179	0.772	0.861	1	4	CD63
0.00166476986570038	-0.441571097766123	0.512	0.674	1	4	BTF3L4
0.00183514531870021	-0.443830694541051	0.463	0.571	1	4	ZFP36L2
0.000241105349755082	-0.448426568126393	0.63	0.784	1	4	CDC42
0.000490857226534006	-0.454705396512989	0.556	0.687	1	4	COX6C
0.000155937117431318	-0.462625201193994	0.562	0.691	1	4	FSCN1
0.00820174106234587	-0.466359182314501	0.272	0.381	1	4	SNRNP27
0.00642097462785014	-0.466951126596785	0.352	0.481	1	4	ACTR3
0.000729539927253884	-0.473850475862622	0.914	0.918	1	4	HMGB2
0.00267067528119855	-0.476053333704037	0.37	0.473	1	4	P4HB
0.00639634075934337	-0.476459555033171	0.302	0.431	1	4	ARPC5
0.000372791825244662	-0.480427033583146	0.543	0.718	1	4	YWHAZ
0.0058273498830575	-0.485965217124576	0.451	0.554	1	4	NUCKS1
0.00131024922652685	-0.486794763967942	0.383	0.5	1	4	GNG5
0.00397711380722855	-0.487319224770551	0.34	0.445	1	4	GLRX
0.0022584751933973	-0.48948750173953	0.191	0.3	1	4	PYCARD
0.000685774184205667	-0.490026352173253	0.87	0.89	1	4	HMGN1
0.00121754125144801	-0.490907762044341	0.617	0.721	1	4	AKAP8L
0.00360893010675105	-0.491564816772139	0.525	0.581	1	4	CD81
0.00212259047694632	-0.493375903509241	0.296	0.417	1	4	ARPC3
0.00104773796826633	-0.495020375408358	0.481	0.63	1	4	HNRNPA0
0.00117118299168227	-0.496056911318676	0.877	0.842	1	4	CRIP1
0.00177882190365905	-0.502865044018461	0.401	0.502	1	4	SRSF4
0.00053258900102987	-0.505074040072281	0.407	0.551	1	4	COX5B
0.000758455991532452	-0.505074040072281	0.444	0.59	1	4	HNRNPM
0.0016459709361802	-0.506479490783422	0.5	0.614	1	4	RHOC
0.000699494776614841	-0.507001166811847	0.469	0.593	1	4	FTH1
0.00249164912864152	-0.507109076235651	0.438	0.54	1	4	ARPC2
0.000172865373269744	-0.511037772745726	0.617	0.741	1	4	NONO
0.00843832700802126	-0.511521849870319	0.444	0.542	1	4	UBE2L3
0.000637619721958158	-0.516406330688713	0.407	0.568	1	4	SNRPD3
0.000362600591207284	-0.516670113665338	0.444	0.578	1	4	BZW1
0.00521064150813925	-0.517013653383806	0.302	0.418	1	4	SNRPC
0.00283107334914938	-0.517886691256674	0.321	0.424	1	4	COX5A
0.0060562293615681	-0.518301199244266	0.506	0.6	1	4	RHOB
0.0003431525009304	-0.523565642123371	0.71	0.81	1	4	VWF
0.00310712041466032	-0.525656966092171	0.469	0.586	1	4	MOB1A
0.00998945244264068	-0.52755957127149	0.414	0.546	1	4	HBA1
0.000137539052033497	-0.528742945965913	0.463	0.613	1	4	GNB1
0.00176823728383316	-0.529740969190323	0.389	0.536	1	4	UBL5
0.00985068176963327	-0.5402236925447	0.352	0.459	1	4	GLUD1
0.00378307792131212	-0.542548745490944	0.247	0.348	1	4	MAGOH
0.00020526130888333	-0.558490289359965	0.617	0.747	1	4	YWHAE
0.000378279282744644	-0.567454087253764	0.512	0.645	1	4	ATP5PF
0.000597077668328586	-0.570977153817461	0.34	0.46	1	4	CNIH1
0.00827879856183408	-0.572763358537951	0.235	0.339	1	4	SNU13
0.00057406930693195	-0.573386149413537	0.358	0.501	1	4	SUMO3
0.000644513147089054	-0.57471206892999	0.358	0.478	1	4	REEP5
0.00540260180257301	-0.588352435104069	0.327	0.444	1	4	KRTCAP2
0.0034959174811394	-0.59267222491678	0.123	0.195	1	4	C11H11orf58
0.00678019194215583	-0.596791790274931	0.265	0.416	1	4	CSNK1A1
0.00548867467074923	-0.597590109048906	0.309	0.425	1	4	TUSC3
0.000297073585143207	-0.602921363470425	0.302	0.448	1	4	MANF
0.000440614353967612	-0.60418781128333	0.272	0.423	1	4	LITAF
0.00222877193698065	-0.605874680859773	0.278	0.396	1	4	SRSF1
9.5980430867456e-05	-0.607088997685654	0.469	0.59	1	4	EIF1
0.00674073972011372	-0.612536264428097	0.364	0.506	1	4	RTN4
0.00089184068377385	-0.617427412805339	0.296	0.438	1	4	HMGB3
0.000241372944389512	-0.61969784425178	0.401	0.556	1	4	DAD1
0.000438643596430735	-0.622039339151626	0.426	0.575	1	4	CLIC1
0.000120087627365336	-0.623922041831456	0.414	0.571	1	4	ELOC
0.00284828794701147	-0.626164863955744	0.278	0.383	1	4	RSU1
0.000692672300262421	-0.627620830817007	0.586	0.691	1	4	ABRACL
0.00682173435038145	-0.637123558886924	0.222	0.334	1	4	LOC138520967
0.00254769339144688	-0.644876679911804	0.346	0.474	1	4	PPP1CB
0.00133191465759645	-0.648954972495883	0.204	0.341	1	4	TMED9
0.000431878036003405	-0.657077133517331	0.352	0.516	1	4	PTBP1
0.0038450492034904	-0.658780707914171	0.259	0.377	1	4	PSMB6
0.000673613519546577	-0.660200334145217	0.253	0.398	1	4	LOC138570017
0.000597964896238425	-0.674856037595074	0.29	0.446	1	4	PGAM1
0.00113286071010844	-0.678685433476973	0.321	0.459	1	4	PDIA6
0.00678072578624063	-0.682060894752797	0.309	0.426	1	4	CTSB
0.000972191456005288	-0.682479006635419	0.173	0.3	1	4	PDLIM1
0.000560202051083975	-0.684391972715772	0.284	0.444	1	4	CCT5
0.00995414206286329	-0.689198604441787	0.148	0.24	1	4	DAP
0.00478511866956602	-0.690647384480078	0.198	0.318	1	4	VPS29
0.00164901960532591	-0.70822677583307	0.222	0.334	1	4	BASP1
0.00209091523614567	-0.712473746933256	0.259	0.383	1	4	SPCS2
0.00974494796668084	-0.716578145265993	0.136	0.241	1	4	PSMC6
0.00119853241848136	-0.720257553128469	0.389	0.504	1	4	ARL6IP1
0.000690712074055447	-0.722276321880949	0.346	0.49	1	4	NEDD8
0.00316323483681073	-0.72369818459551	0.278	0.405	1	4	LOC138566687
0.00275243974202616	-0.725140158769416	0.154	0.244	1	4	DYRK3
0.00815450353450797	-0.725770569546714	0.327	0.436	1	4	PKM
0.000198742667505246	-0.727466461408729	0.222	0.339	1	4	BLOC1S1
0.00700068452483272	-0.730175748666715	0.13	0.226	1	4	LOC138515919
0.00115045256733442	-0.733811269383221	0.154	0.258	1	4	UBE2G1
0.000251939645564723	-0.740648253525447	0.525	0.638	1	4	STMN1
0.000451156074707362	-0.74185755371435	0.401	0.545	1	4	ACTN1
0.00612648843982434	-0.74185755371435	0.117	0.2	1	4	NDUFB8
0.00849674106918196	-0.744592521435589	0.093	0.163	1	4	ASAH1
0.00709202250934279	-0.746082139576075	0.185	0.299	1	4	ATP6V0E1
0.00286303361489204	-0.748262425680761	0.154	0.261	1	4	IFRD2
0.00178570993387327	-0.749242480469404	0.21	0.339	1	4	ANP32E
0.0084675228374181	-0.75827743654638	0.173	0.273	1	4	CNN2
0.000115941432131143	-0.7610472507229	0.272	0.413	1	4	LSP1
0.00142146849613781	-0.766615798519646	0.204	0.342	1	4	PSMB3
0.00111867438300496	-0.770021084191745	0.278	0.399	1	4	WSB1
0.000693504726356683	-0.789463485961461	0.265	0.429	1	4	BRK1
0.00721069297138394	-0.798888498750729	0.049	0.124	1	4	SLC35C1
0.00367840761118676	-0.803673561316106	0.148	0.222	1	4	WIF1
0.00406823951498781	-0.818879973938196	0.21	0.344	1	4	SDCBP2
0.000460398539698067	-0.834966958105832	0.228	0.37	1	4	PSMA7
0.00454060886233084	-0.846554932381044	0.093	0.166	1	4	TMEM92
0.000756019515157989	-0.855706630750574	0.185	0.311	1	4	TRMT112
0.00920134957829262	-0.860069738855525	0.13	0.235	1	4	CCN1
0.000312025941592072	-0.873194057479415	0.21	0.354	1	4	TUBB
0.00234079635657058	-0.875124084577815	0.136	0.244	1	4	EIF4EBP2
0.000302542661596656	-0.878730824058548	0.241	0.402	1	4	LOC138521839
0.000479572257902396	-0.888121425106688	0.179	0.315	1	4	LBH
0.00109774814452421	-0.888323582332674	0.383	0.491	1	4	PMP22
0.00301079684127758	-0.890949051739497	0.13	0.246	1	4	LOC138526850
0.000155511918273119	-0.898507012015765	0.142	0.284	1	4	ERP44
0.00466679654361648	-0.89891033744218	0.117	0.22	1	4	B4GALT6
0.0010397124693463	-0.905658452725927	0.198	0.331	1	4	CALU
0.00926098698598281	-0.908676644288841	0.049	0.111	1	4	ZDHHC6
0.00384221819665367	-0.91805788058315	0.185	0.3	1	4	RBMS3
0.000314522686150449	-0.919844150778236	0.302	0.45	1	4	GPX1
0.00185242802309757	-0.929257521711293	0.167	0.289	1	4	SDC3
0.000355981300196239	-0.934502631656746	0.309	0.477	1	4	LYVE1
0.00499443329295073	-0.934502631656746	0.111	0.211	1	4	LMNB1
0.00618887445187482	-0.957586244769788	0.062	0.139	1	4	NAA10
0.00186995561779823	-0.964641002303738	0.204	0.331	1	4	PSMB2
0.00662259463285579	-0.979954057798242	0.093	0.184	1	4	SNAP23
0.000160571930663563	-0.980775872141677	0.198	0.358	1	4	ATF4
0.00416376820615885	-0.986679156290114	0.148	0.264	1	4	HSPA1A
0.00480832492321422	-0.98733358816384	0.043	0.095	1	4	POLE4
0.00800295875373716	-0.98733358816384	0.037	0.095	1	4	IMP3
0.00268741023836246	-0.999406420464414	0.099	0.183	1	4	MYL9
0.00458293476849444	-1.00821231783976	0.08	0.156	1	4	DYNLL2
0.0011547362337417	-1.01507173943055	0.222	0.372	1	4	LRRC32
0.00341700801937731	-1.02032200011775	0.08	0.178	1	4	TRIR
0.00408575327976933	-1.04504908602013	0.093	0.179	1	4	GABARAPL2
0.00960066088263103	-1.05274347781013	0.056	0.136	1	4	SCAMP2
0.00936704509248197	-1.08157496204524	0.074	0.161	1	4	PLEKHO1
0.00128224451549072	-1.09508976851972	0.086	0.178	1	4	ABHD17B
0.00865174014118854	-1.10442763309906	0.037	0.085	1	4	LOC138583165
0.00970998090694455	-1.10958933821484	0.012	0.039	1	4	CPLANE2
0.00236423866034929	-1.11338091737721	0.093	0.212	1	4	TUBB6
0.00659396874234463	-1.11678483961904	0.253	0.373	1	4	LOC138487737
0.000291825026173866	-1.1190496674639	0.142	0.286	1	4	PLAT
0.00258963699224424	-1.11985767366866	0.074	0.164	1	4	ARHGAP6
0.00751600993411987	-1.13978957599054	0.074	0.164	1	4	WDR83OS
0.000139371109786594	-1.17528697078151	0.093	0.222	1	4	EMID1
0.00874338810927613	-1.17997866610624	0.056	0.134	1	4	RBM45
0.00330428713803137	-1.20044276866595	0.056	0.135	1	4	SNRPB2
0.00909113589391951	-1.2174533715249	0.111	0.22	1	4	KLF6
0.00244651067867266	-1.22607508069569	0.13	0.247	1	4	LGMN
0.000520885102509027	-1.2513174478265	0.16	0.314	1	4	MARCKSL1
0.00368061628924784	-1.28910038848635	0.043	0.13	1	4	SALL4
0.000188292755610908	-1.29318927655423	0.08	0.199	1	4	PSMD12
0.00225157515461706	-1.29743624765441	0.093	0.211	1	4	CNN3
0.00101964251634635	-1.35868455309076	0.13	0.279	1	4	HSD3B7
9.29588556749167e-05	-1.40237108744268	0.136	0.271	1	4	IGF2
0.000763339561662287	-1.40237108744268	0.086	0.197	1	4	GPX3
0.00694466387181515	-1.4387129345064	0.117	0.217	1	4	FLT4
0.00074003196578583	-1.44178576855603	0.062	0.171	1	4	HMGA1
0.00441890284609817	-1.44178576855603	0.167	0.292	1	4	CADM1
0.00174970731160701	-1.44301307194003	0.056	0.143	1	4	DLGAP5
0.00805872744467275	-1.46008658529897	0.012	0.05	1	4	OPA3
0.00361676502496426	-1.49236298832273	0.068	0.142	1	4	SLC7A8
0.00119024989285297	-1.51012726779857	0.019	0.085	1	4	RAD51
0.00563717779962427	-1.51558169789067	0.031	0.101	1	4	POLR2E
0.00487818678998752	-1.54254874549094	0.025	0.087	1	4	WARS1
0.000533768371780572	-1.5558455681044	0.105	0.23	1	4	SEMA7A
0.00348740046871238	-1.62812447719702	0.056	0.151	1	4	OAZ2
0.00454152519006743	-1.6313580124488	0.031	0.102	1	4	DOCK5
0.00398446025509039	-1.63941028474353	0.019	0.066	1	4	MMP19
0.000501110188871994	-1.6737932787692	0.037	0.126	1	4	ITPRIPL2
0.000185086476185353	-1.68550669933299	0.043	0.15	1	4	SELENON
0.002783263659791	-1.69455183893599	0.025	0.093	1	4	ANGPTL4
0.000674619206268815	-1.69455183893599	0.043	0.143	1	4	MMP14
0.00329854723378445	-1.70890713191306	0.025	0.088	1	4	ADAP1
0.00118021229734081	-1.74418260666059	0.056	0.154	1	4	PIM3
0.0010246279018295	-1.75575199537273	0.062	0.181	1	4	SERPINE1
0.0065488837368321	-1.77701399912797	0.093	0.198	1	4	HMOX1
0.00134404168179625	-1.79888849875073	0.043	0.15	1	4	TENT5B
0.00803226818010633	-1.81002905635593	0.012	0.063	1	4	BUD23
0.000842561301347996	-1.83205536268593	0.049	0.146	1	4	PHF24
0.00104562201397765	-1.86447684037831	0.062	0.166	1	4	LOC138498143
0.00261497432842606	-1.87724413645218	0.179	0.295	1	4	NRP2
0.00333569423146357	-1.96614825827321	0.037	0.116	1	4	MAFB
0.00800027407948478	-1.96955888643586	0.025	0.103	1	4	SEMA5B
0.0037202714514509	-1.99711460895642	0.012	0.065	1	4	CNTF
0.000339047572463313	-2.04761844563226	0.049	0.178	1	4	GPNMB
0.000577124039269602	-2.04908459925528	0.037	0.15	1	4	GPM6B
0.000614170767358221	-2.05912427123185	0.019	0.098	1	4	ENAH
0.00862636722597065	-2.07306346218972	0.006	0.049	1	4	B4GALT7
0.00862636722597065	-2.07306346218972	0.006	0.049	1	4	SNRNP40
0.00864142318838684	-2.15398345757329	0.006	0.053	1	4	ZDHHC16
0.00312073249521452	-2.19024700156006	0.025	0.112	1	4	ITGB3
0.00859587076177287	-2.20551375821337	0.006	0.051	1	4	KCNE3
0.0094853686605703	-2.2306047391762	0.012	0.063	1	4	SLC45A4
0.00326553754202253	-2.2306047391762	0.019	0.097	1	4	CRABP2
0.00332155386231778	-2.25526679341047	0.006	0.058	1	4	CENPV
0.000161641355753848	-2.28750713041068	0.031	0.133	1	4	ADAM8
0.00192971633245785	-2.29318927655423	0.037	0.135	1	4	GAS7
0.0071387554572234	-2.32682005443551	0.006	0.061	1	4	LOC138566283
0.00584550980365925	-2.34990366754855	0.006	0.056	1	4	COL23A1
0.000837090925778269	-2.37262374404863	0.025	0.118	1	4	SNCA
0.000583708887629942	-2.3875740855146	0.031	0.137	1	4	EMILIN1
0.00217694964434529	-2.4811482008268	0.019	0.101	1	4	PLCE1
0.00331048585175498	-2.4811482008268	0.006	0.065	1	4	TNFRSF21
0.00153618666398525	-2.52237086355331	0.006	0.064	1	4	TMEM26
0.00304989353764167	-2.52912822972862	0.012	0.079	1	4	GALR1
0.00287594535143225	-2.55004328203787	0.062	0.165	1	4	APLN
0.000262849428200115	-2.56244830292865	0.031	0.151	1	4	VEGFA
0.00225236241941158	-2.95758624476979	0.006	0.085	1	4	CLU
9.94144829029083e-05	-3.07998287612951	0.019	0.134	1	4	SEMA3A
0.00809981769734374	-3.25526679341047	0	0.051	1	4	CHAD
0.00551189346681514	-3.5019067609936	0	0.059	1	4	SEMA3D
0.00551089272483614	-3.54254874549094	0	0.061	1	4	CYGB
0.000547921377993326	-3.65802596291088	0	0.067	1	4	CXADR
0.000207641979447443	-4.01647993382336	0	0.082	1	4	ABLIM2
0.000252585379784078	-4.27951433965715	0	0.079	1	4	LOC138577431
0.000208687431027146	-6.25220699366141	0	0.11	1	4	ESM1
1.11131189858704e-21	1.6395061019047	0.781	0.432	1.33068486736812e-17	5	PMP22
4.02704045564339e-21	0.993811203931745	0.966	0.83	4.8219782415874e-17	5	KRT8
1.33324325074253e-17	0.900651181154459	0.952	0.8	1.5964254684391e-13	5	KRT18
1.3170710553667e-15	1.02089911049692	0.863	0.52	1.57706088169609e-11	5	KDR
1.75453903628297e-13	1.23535465749287	0.651	0.325	2.10088504204523e-09	5	ACVRL1
2.16935276275664e-13	1.84969159910256	0.548	0.256	2.5975829981248e-09	5	HS3ST1
3.54092612398404e-12	0.888506587989218	0.801	0.532	4.23990494085849e-08	5	PODXL
1.4348867088497e-11	-0.728602379978331	0.932	0.972	1.71813334517663e-07	5	COX1
2.01414111858899e-11	0.825905212652977	0.753	0.434	2.41173257539846e-07	5	NOS3
3.71087269186304e-11	1.19301823714755	0.527	0.259	4.44339896123681e-07	5	F8
1.33196750293687e-09	0.835728240981773	0.74	0.464	1.5948978880166e-05	5	SPACA4
1.34464131359844e-09	1.07128766868325	0.493	0.263	1.61007350890277e-05	5	SMAD6
1.35224934791853e-09	1.22535657623289	0.719	0.512	1.61918336919765e-05	5	AQP1
2.68956216663606e-09	0.531504732783175	0.986	0.922	3.22048173833001e-05	5	LGALS4
2.8260830953392e-09	0.445376258068877	1	0.883	3.38395189835916e-05	5	RPL15
8.68471964634723e-09	-6.36462752169821	0.014	0.234	0.000103990833045362	5	HAPLN3
9.09481536070408e-09	0.873793329293728	0.61	0.339	0.000108901319129071	5	ID3
1.21237494370237e-08	1.23042379664653	0.336	0.159	0.000145169775758922	5	ENPP1
1.38258043391972e-08	0.718302102810873	0.664	0.467	0.000165550181157548	5	SGK1
1.46743770452983e-08	-1.67365178335493	0.164	0.403	0.000175710990740401	5	SMAD1
1.59925380398343e-08	-5.48049136515312	0.007	0.215	0.000191494650488976	5	RELN
1.85026346039788e-08	1.32590776631624	0.466	0.21	0.000221550546748042	5	SELP
1.94608516476243e-08	0.430425214721302	0.973	0.918	0.000233024237628653	5	RPL17
1.98342802291262e-08	0.549243303731562	0.952	0.838	0.000237495671463557	5	GAPDH
2.00525181412141e-08	0.896590148146348	0.74	0.503	0.000240108852222898	5	PTGS2
2.35696209588567e-08	0.723463807926652	0.623	0.351	0.00028222264136135	5	EXOC3L2
3.45148418735219e-08	0.385113440203224	1	0.995	0.000413280716593552	5	TMSB4X
3.60469397450587e-08	0.463187709103734	0.938	0.858	0.000431626056507333	5	SLC25A5
4.14030523212241e-08	0.838959873141543	0.651	0.434	0.000495760148494338	5	SLC2A1
4.31600353271585e-08	0.342210748218496	1	0.952	0.000516798263007395	5	RPL21
4.39874030584944e-08	0.421857137583983	1	0.897	0.000526705164222412	5	RPS24
4.603660168697e-08	0.824047570910433	0.589	0.338	0.000551242268599779	5	APLNR
4.92882145871655e-08	0.328173744228855	1	0.975	0.00059017708146672	5	RPL32
5.13823974868673e-08	1.18412228265273	0.37	0.162	0.000615252827507749	5	LPAR4
5.35845751033619e-08	0.388107239393029	0.993	0.954	0.000641621702287655	5	RPL13
5.65507479345948e-08	0.394655321849875	1	0.938	0.000677138655768838	5	RPS26
6.72942000393979e-08	-5.71935684786573	0	0.2	0.000805780751271751	5	UNC5B
8.87007169784329e-08	0.558504118515492	0.911	0.717	0.00106210238509976	5	PLVAP
9.22886960526985e-08	0.363862886468807	0.973	0.94	0.00110506484653501	5	EEF1A1
1.1485451147087e-07	0.382984327110102	0.979	0.934	0.0013752679203522	5	RPL10
1.16898694479842e-07	0.821444014975525	0.829	0.624	0.00139974496770163	5	CD34
1.21206432411995e-07	0.774744312870345	0.596	0.4	0.00145132582170123	5	TFPI2
1.35064759767116e-07	0.401137080381065	0.973	0.902	0.00161726543345145	5	RPL34
1.35965337388209e-07	0.353476155224224	1	0.954	0.00162804894988641	5	RPS14
1.6825993846802e-07	1.40435072864634	0.226	0.076	0.00201474450321607	5	EVA1C
1.87640661644805e-07	-0.433128393656996	0.993	1	0.00224680928253489	5	COX3
1.93700334434185e-07	1.29908526194892	0.342	0.15	0.00231936780451493	5	SPRY3
2.58856488090176e-07	0.417464437620621	0.959	0.878	0.00309954758839176	5	HSPA8
2.60685327245325e-07	0.461656813493541	0.966	0.902	0.00312144610843552	5	RPL12
3.09478238778231e-07	0.410097094384914	0.979	0.928	0.00370569243113054	5	RPS7
3.85804670141916e-07	-1.82993417683857	0.096	0.293	0.00461962512027931	5	CEBPD
3.97022149297638e-07	-0.799362991048784	0.658	0.779	0.00475394321568991	5	ND3
4.59753210989207e-07	0.462936970700157	0.911	0.763	0.00550508494838477	5	RPL10A
5.19344401210747e-07	0.428285011783831	0.966	0.884	0.00621862986009748	5	RPS27A
5.43092421956511e-07	-1.86584594863827	0.11	0.335	0.00650298866050726	5	VASH2
5.6841026387674e-07	0.388203394171327	0.952	0.904	0.00680614449966008	5	RPS17
7.83506921228659e-07	0.455054690178983	0.952	0.842	0.00938171187479197	5	EEF1B2
8.7150439487362e-07	0.322054272112103	0.959	0.917	0.0104353936242167	5	HSP90AB1
8.82093512147342e-07	1.20349146885954	0.363	0.182	0.0105621877144523	5	TCIM
9.6171694451409e-07	0.331810201716328	1	0.903	0.0115155986936117	5	RPL11
1.33817522467777e-06	0.306996523606708	1	0.974	0.0160233101402916	5	RPS2
1.93114899776981e-06	0.388853159251018	0.945	0.826	0.0231235780992957	5	RPS3
3.07852395225904e-06	0.375140074937027	0.959	0.839	0.0368622458043497	5	RPL27A
3.3369501847752e-06	0.39015624135856	0.986	0.938	0.0399566415124983	5	S100A10
3.53032276851167e-06	2.06331381081128	0.192	0.05	0.0422720848301587	5	NPPC
3.64182863494817e-06	0.409364699898813	0.938	0.865	0.0436072560748694	5	RPL3
3.82079686737501e-06	1.04663506966465	0.418	0.203	0.0457502216899483	5	VEGFC
3.87062943755829e-06	0.338563922016507	1	0.955	0.0463469168853229	5	RPLP1
4.16910025749931e-06	-3.7022209355517	0.014	0.169	0.0499208064832968	5	SRGN
4.18339262219127e-06	-1.62118436346079	0.123	0.324	0.0500919432581183	5	PXDN
4.64225076253881e-06	-3.69157369135219	0.021	0.178	0.0555863106306397	5	NFIX
4.68945472218815e-06	0.307610689079742	1	0.988	0.0561515308434809	5	S100A11
4.76261924410864e-06	-0.553400629949593	0.76	0.865	0.0570276028289568	5	ND4
5.05593463980228e-06	-2.46650713571742	0.11	0.303	0.0605397613769925	5	NRP2
5.34699807224886e-06	0.294057076136072	1	0.936	0.0640249549171079	5	EEF1G
5.62239911331282e-06	0.692855821996256	0.61	0.431	0.0673226069828078	5	LYVE1
5.62535358012653e-06	0.183814938886357	1	0.989	0.067357983768435	5	Fth1
7.29418529711536e-06	0.315926411158559	1	0.946	0.0873405747476593	5	RPL24
7.39264390523639e-06	0.90836737284495	0.548	0.366	0.0885195181213005	5	EZR
7.76671558333348e-06	0.774562234869108	0.541	0.342	0.0929986523948351	5	PINLYP
8.01611932779446e-06	0.706412481513261	0.473	0.291	0.0959850128310109	5	ADAMTS1
8.24038352113245e-06	-1.51050813230468	0.082	0.223	0.09867035228204	5	ZEB1
8.30743169048084e-06	-3.32900361196748	0.007	0.134	0.0994731870618176	5	SEMA3A
9.67869651137212e-06	-5.74275241527776	0	0.12	0.11589271202717	5	STAB2
1.04562354205167e-05	0.464611253463818	0.904	0.854	0.125202962925267	5	PFN1
1.05568071988743e-05	0.373628070284445	0.973	0.92	0.12640720939932	5	RPL31
1.07291428897302e-05	0.332370339065271	0.986	0.924	0.12847075696163	5	RPL13A
1.10849984521986e-05	0.829723182869965	0.445	0.27	0.132731771466626	5	MARCKSL1
1.21912280311533e-05	0.304070403838381	0.993	0.951	0.14597776444503	5	RPS28
1.27397083599142e-05	0.431334683588633	0.925	0.81	0.152545267901613	5	RPS5
1.39147430889166e-05	-5.07623754158752	0	0.141	0.166615133746688	5	PDPN
1.45892982242186e-05	0.763442636797112	0.459	0.292	0.174692256936793	5	PSMB2
1.49077716323844e-05	0.298034702801213	1	0.912	0.178505657526171	5	RPLP0
1.51993965010544e-05	0.511572729605537	0.836	0.621	0.181997573703625	5	CAVIN2
1.53529471853929e-05	0.883937334024392	0.411	0.235	0.183836189597895	5	C3PH5orf15
1.5398474709136e-05	-1.28718343627286	0.144	0.335	0.184381336167194	5	ZFP36L1
1.54382197876781e-05	0.291265757489626	0.993	0.965	0.184857243737658	5	RPS27
1.6239317263027e-05	0.705122171937143	0.466	0.294	0.194449584907486	5	MCAM
1.65573977862163e-05	-0.73188883057381	0.699	0.798	0.198258281092154	5	FSTL1
1.68889364672666e-05	0.502249577787485	0.753	0.569	0.202228125259051	5	CD2
1.70708053748789e-05	0.667208127542809	0.562	0.395	0.2044058235588	5	ADAMTS4
1.71778507533183e-05	1.77279866855538	0.226	0.1	0.205687584920234	5	LEP
1.74008298886146e-05	0.28208082178412	0.986	0.968	0.208357537086271	5	RPL35
1.77103141753212e-05	0.34048452433628	0.986	0.914	0.212063301935296	5	RPL28
1.96179725036471e-05	0.259630804812963	1	1	0.23490560275867	5	CIRBP
1.9622922572787e-05	0.558420509293526	0.801	0.696	0.234964874886551	5	CAPG
1.97712031086865e-05	1.10638253270316	0.301	0.146	0.236740386023412	5	LOC138567585
2.24346376917228e-05	-1.31328315384572	0.158	0.348	0.268632351720688	5	FCHSD2
2.50416034849063e-05	0.943925081620946	0.452	0.277	0.299848160128268	5	RHAG
2.57821861539995e-05	1.08242263375898	0.363	0.208	0.308715897007991	5	LOC138550342
2.67033879364814e-05	0.835383205933399	0.329	0.161	0.319746367151428	5	GPR68
2.73098713975151e-05	-1.94118758142366	0.048	0.197	0.327008400113846	5	STARD8
2.87406483484778e-05	0.331229783778588	0.973	0.899	0.344140523324673	5	RPS15
2.87673676588583e-05	1.21531690425633	0.205	0.088	0.344460460347169	5	FXYD6
3.0886929469975e-05	2.04539190281401	0.089	0.026	0.369840093473481	5	MSMO1
3.13054586576534e-05	0.746876781703143	0.493	0.333	0.374851561966741	5	SELE
3.2139642008107e-05	1.11746958085818	0.24	0.1	0.384840073405073	5	CRISP3
3.27056883232096e-05	-3.81932923855056	0.014	0.153	0.391617911982111	5	PROX1
3.29196887534498e-05	0.823205801826991	0.404	0.246	0.394180353133808	5	PLAT
3.38077795475748e-05	0.291771196222069	0.979	0.925	0.40481435230266	5	RPL37
3.49490957402963e-05	1.12958703023044	0.315	0.142	0.418480472394308	5	S100A1
3.58342691760806e-05	1.03474465861451	0.253	0.111	0.42907953911439	5	RIMBP2
3.65212801180907e-05	0.381372673719583	0.945	0.849	0.437305808134018	5	RPS3A
3.69123937164576e-05	0.988300456394431	0.596	0.398	0.441989002360863	5	FCN1
3.93410793073111e-05	-1.62598534972462	0.164	0.324	0.471070083625743	5	IQSEC1
3.93475711988879e-05	0.293181352709871	1	0.964	0.471147817535484	5	TPT1
4.09351377310895e-05	-2.25655181761919	0.041	0.168	0.490157339192066	5	PDGFC
4.13840411443462e-05	-4.33927194742131	0	0.102	0.495532508662401	5	PLCE1
4.14347984620705e-05	-4.32900361196748	0	0.105	0.496140276784832	5	DOCK5
4.40347108128243e-05	-0.349000753934595	0.925	0.971	0.527271627272758	5	CYTB
4.54661536933471e-05	-1.00707551708012	0.226	0.423	0.544411724324138	5	RSRP1
4.54692722128459e-05	0.330794121676262	0.959	0.918	0.544449065476616	5	RPS10
4.92693859230636e-05	0.503720965004153	0.767	0.621	0.589951627042763	5	GNGT1
5.06360200863345e-05	-1.2740679364826	0.137	0.31	0.606315704513769	5	ARHGAP27
5.06400089029046e-05	-2.46442382121693	0.055	0.224	0.60636346660338	5	FLT4
5.08524959799823e-05	0.275288959297408	0.986	0.921	0.608907786864308	5	UBA52
5.13356185825851e-05	-1.07746484497152	0.164	0.333	0.614692696907874	5	ND4L
5.33166345578161e-05	0.481578817120516	0.692	0.535	0.63841338219529	5	CLIC1
5.62777195629887e-05	-1.25861428407609	0.144	0.308	0.673869414047227	5	GALNT1
5.87471566392211e-05	0.992924482919879	0.418	0.26	0.703438453598033	5	PLPP1
5.97388235272623e-05	0.33621633760854	0.884	0.774	0.715312672915439	5	EIF4A1
6.02604537862341e-05	0.707630117011808	0.479	0.301	0.721558673636367	5	PLPP3
6.10367684847303e-05	0.702169319527635	0.575	0.393	0.730854265836161	5	CD93
6.40714464966666e-05	0.299128396215539	0.986	0.93	0.767191500351085	5	RPS19
6.43874025849587e-05	-1.64115578436597	0.041	0.15	0.770974758552296	5	TOP2A
6.46048802469472e-05	0.352146058259319	0.945	0.899	0.773578836076946	5	ANXA2
6.52562380131513e-05	-2.27010992291392	0.027	0.14	0.781378193969474	5	ASAP3
6.53896561549992e-05	-0.59756247903884	0.555	0.703	0.78297574279996	5	LOC138504630
6.81926938752717e-05	0.33391922193094	0.979	0.839	0.816539316462503	5	PMP2
6.95592499228476e-05	0.277360634755987	0.993	0.95	0.832902458576177	5	RPS8
7.12092895830755e-05	0.475754198604081	0.534	0.348	0.852660033467746	5	EPPK1
7.15531928274957e-05	0.240557139373135	0.986	0.96	0.856777930916433	5	RPL26L1
7.23697436631096e-05	-2.00133914753098	0.055	0.2	0.866555310622075	5	GPX3
7.35061535185383e-05	2.00673028244491	0.089	0.025	0.880162682230977	5	DAAM2
7.37621470568097e-05	0.328840573590508	0.959	0.867	0.88322794885824	5	RPS25
7.59293644302409e-05	1.65343801664821	0.089	0.029	0.909178209687705	5	ZC3HC1
8.0866046645595e-05	-0.817698152971636	0.288	0.47	0.968290042534354	5	ARHGAP31
8.24016874304468e-05	0.284501231535601	1	0.952	0.98667780529217	5	RPS9
0.00133594272055651	3.21531690425633	0.021	0.002	1	5	LOC138471561
0.00888281420581921	2.80027940497748	0.014	0.002	1	5	MEIS1
0.00209332309742493	2.53724499914369	0.027	0.005	1	5	LOC138562812
0.00133594272055651	2.47835131009012	0.021	0.004	1	5	ENOX1
0.00669398450018749	2.38524190569864	0.034	0.007	1	5	LOC138522502
0.00888281420581921	2.38524190569864	0.014	0.003	1	5	LOC138497916
0.00888281420581921	2.38524190569864	0.014	0.003	1	5	MCF2L2
0.00888281420581921	2.38524190569864	0.014	0.003	1	5	SLC25A44
0.00888281420581921	2.38524190569864	0.014	0.003	1	5	AGAP2
0.00888281420581921	2.38524190569864	0.014	0.003	1	5	LAPTM4B
0.00180352045140731	2.2697646882787	0.055	0.012	1	5	TRIB1
0.00669398450018749	2.21531690425633	0.034	0.008	1	5	FDXR
0.00961646674766171	2.12220749986485	0.027	0.006	1	5	LOC138569646
0.00888281420581921	2.06331381081128	0.014	0.004	1	5	POGLUT3
0.00888281420581921	2.06331381081128	0.014	0.004	1	5	TRMO
0.00133594272055651	1.99292448291988	0.021	0.006	1	5	KCNA3
0.000300193897582763	1.93778292872742	0.068	0.019	1	5	FAM241B
0.00253048857376438	1.80027940497748	0.062	0.017	1	5	V2R116
0.00888281420581921	1.80027940497748	0.014	0.005	1	5	CCDC51
0.000813653091586839	1.67828888059887	0.11	0.033	1	5	SMAD7
0.000166966456557095	1.60763432703509	0.089	0.03	1	5	COX19
0.00538977737800569	1.59082603934853	0.089	0.033	1	5	APCDD1
0.00888281420581921	1.57788698364103	0.014	0.006	1	5	SLC2A3
0.000275506999477292	1.56761864818721	0.123	0.04	1	5	HOXB6
0.00472664752984169	1.56581415134046	0.103	0.038	1	5	OAF
0.00486461428452093	1.53724499914369	0.062	0.023	1	5	ILVBL
0.00756406634622882	1.51487718611524	0.096	0.037	1	5	LOC138521149
0.00547624475802442	1.47835131009012	0.089	0.033	1	5	TSFM
0.000399070727664828	1.42176778172375	0.096	0.037	1	5	ARL16
0.00182346383124042	1.40435072864634	0.116	0.047	1	5	KCNJ2
0.000443398135439937	1.38524190569864	0.075	0.03	1	5	TRBC1
0.00522459591345184	1.37143610617361	0.068	0.033	1	5	CLEC2D
0.00398185339981256	1.34656143753458	0.116	0.053	1	5	NTF4
0.00351042388495667	1.33079412167626	0.082	0.032	1	5	PPARGC1B
0.00885836802846364	1.33079412167626	0.082	0.034	1	5	LOC138473319
0.00252881875132762	1.31485257780724	0.123	0.052	1	5	TNFRSF12A
0.00438444203260695	1.3099537783944	0.137	0.057	1	5	DNTTIP2
0.00919465182547869	1.30673993201992	0.178	0.09	1	5	GADD45B
0.000514105662504932	1.2893174857001	0.123	0.048	1	5	CNTF
0.000137577629387544	1.21531690425633	0.212	0.097	1	5	VAMP5
0.0052830191408972	1.21531690425633	0.089	0.046	1	5	MMD
0.00685040468399345	1.21531690425633	0.11	0.048	1	5	CFAP20
9.61486278009321e-05	1.21531690425633	0.171	0.076	1	5	LOC138525662
0.00888281420581921	1.21531690425633	0.014	0.008	1	5	LOC138566482
0.000418550507680052	1.17409424152981	0.151	0.067	1	5	CCND3
0.000348231402439814	1.16284948436219	0.164	0.073	1	5	DISP3
0.00563137071302478	1.14820270839779	0.089	0.038	1	5	APLP2
0.000586352112083039	1.11989733917764	0.212	0.106	1	5	THBD
0.00978096533203086	1.1099639041101	0.144	0.068	1	5	DNAJC1
0.00192202847884737	1.08756135705795	0.11	0.057	1	5	GNL2
0.00186209770577142	1.05611830940707	0.13	0.059	1	5	LOC138583049
0.00258161423129755	1.04355055598985	0.158	0.088	1	5	RAB15
0.000118132074888227	1.04198530137076	0.26	0.14	1	5	FRY
0.000903785642529356	1.03731860227833	0.192	0.098	1	5	HBEGF
0.0011549377091707	1.02066947340278	0.192	0.098	1	5	BLVRB
0.000153829304034271	1.01845957502702	0.315	0.159	1	5	TRIM71
0.0042900682256857	1.01020247435171	0.158	0.079	1	5	NUDT3
0.0066511320688758	1.00509919686598	0.11	0.054	1	5	BCL9L
0.00410056088243031	1.00057805546331	0.171	0.088	1	5	LOC138549397
0.00133594272055651	0.992924482919879	0.021	0.011	1	5	PAG1
0.00434584469370284	0.98470397611491	0.158	0.076	1	5	CLDN7
0.00473145262287176	0.979249546022802	0.199	0.095	1	5	LOC138526121
0.000575740582825449	0.975850969560937	0.158	0.081	1	5	SAMM50
0.00865187812609315	0.975850969560937	0.151	0.079	1	5	EIF2AK3
0.00918913859182411	0.974308804752532	0.068	0.037	1	5	LOC138453408
0.00650213151867952	0.966289356416412	0.151	0.079	1	5	MRPL21
0.00547624475802442	0.963778137260362	0.089	0.048	1	5	WDR77
9.90176036552389e-05	0.958977150996541	0.336	0.194	1	5	WIF1
0.00111691783753376	0.954789354033108	0.205	0.1	1	5	EGFL8
0.003029699359285	0.942298409849911	0.192	0.11	1	5	IFRD1
0.000113674306954152	0.938985675809075	0.192	0.096	1	5	IFFO2
0.000803022937331201	0.925810287061342	0.233	0.128	1	5	SYNPO
0.0081547163295923	0.925810287061342	0.205	0.112	1	5	RRAS2
0.00272139872182473	0.899057559455656	0.219	0.121	1	5	VARS1
0.00335022261686396	0.893388809368964	0.075	0.041	1	5	CHKB
0.00514482410467535	0.88881607957914	0.13	0.073	1	5	EVA1A
0.000531244591047827	0.863844533754949	0.178	0.106	1	5	SDR9C7
0.00545853324621135	0.838753552792118	0.123	0.069	1	5	ZEB2
0.00453680334993218	0.835044823138159	0.137	0.078	1	5	ZNF593
0.000219885517900848	0.827046314540268	0.356	0.217	1	5	ADAM15
0.00233040318593195	0.822597784401078	0.452	0.306	1	5	CKB
0.00519049067355166	0.814778974672598	0.158	0.09	1	5	EBAG9
0.00174013390925943	0.812352237278058	0.199	0.109	1	5	FAM222A
0.000345388657453225	0.800279404977483	0.171	0.088	1	5	HK2
0.00594199487342955	0.800279404977483	0.233	0.136	1	5	PLEKHH3
0.000395367223219715	0.791060874948104	0.24	0.142	1	5	AHSA1
0.00969770267941027	0.788306763311406	0.164	0.102	1	5	PTHLH
0.000189091553534672	0.783600663830853	0.37	0.229	1	5	CYR61
0.000958289641287447	0.777911591949028	0.212	0.122	1	5	PGM1
0.00920335449322469	0.771328031281354	0.212	0.139	1	5	SLC44A2
0.000374887622908987	0.732816437198744	0.281	0.166	1	5	LRRC8C
0.000450426418681447	0.732302611161476	0.329	0.198	1	5	HSPA5
0.000260022793352166	0.729259941657465	0.459	0.29	1	5	ENTPD1
0.000364203774833814	0.72382734453961	0.671	0.512	1	5	IGFBP1
0.0078057182023405	0.69981922319827	0.301	0.192	1	5	FAM129B
0.00421900666478733	0.69852590617675	0.356	0.237	1	5	NPDC1
0.000378324207551342	0.696328440938575	0.397	0.264	1	5	SLC12A2
0.00518395626606796	0.695410287123528	0.315	0.208	1	5	RAPGEF4
0.000935938339883095	0.684802187557547	0.322	0.186	1	5	FLT1
0.00953083537487871	0.684802187557547	0.233	0.147	1	5	NUMBL
0.0028535897257968	0.683171101978619	0.349	0.237	1	5	DNASE1L3
0.0039659350473012	0.680980476605138	0.185	0.102	1	5	RAPGEF3
0.000404935117040796	0.66439597689571	0.432	0.29	1	5	TMEM204
0.000684294862353844	0.648276311532433	0.425	0.282	1	5	ASS1
0.00112417623090541	0.645343577754624	0.438	0.315	1	5	GSN
0.00114200792434545	0.641581658958425	0.432	0.287	1	5	CSRNP1
0.000145414391670498	0.631942400438363	0.479	0.327	1	5	APBB2
0.000771156362913958	0.63035440353517	0.397	0.267	1	5	B3GNT2
0.000260181445584788	0.603882192173979	0.39	0.268	1	5	RBMS3
0.00933048671789749	0.601925995208653	0.308	0.227	1	5	LOC138472551
0.000181092288646509	0.600853670463062	0.63	0.47	1	5	JAG2
0.00459756329485949	0.59488005455434	0.521	0.412	1	5	LOC138582805
0.00150039533096972	0.587416047616435	0.671	0.62	1	5	LGALS1
8.67330862877116e-05	0.575598807045765	0.644	0.447	1	5	EHD2
0.00545915125492614	0.57247348745467	0.103	0.062	1	5	LOC138521045
0.00339295184559742	0.570648157410903	0.384	0.256	1	5	PTGIS
0.00412217817227862	0.544440500547893	0.377	0.271	1	5	PYCARD
0.00838609002096792	0.539014091996744	0.212	0.138	1	5	AATK
0.00229949684014485	0.534385345004448	0.137	0.094	1	5	ATOSB
0.000699549752546837	0.534139088275867	0.37	0.244	1	5	CAV2
0.00924505668949655	0.531344397704005	0.336	0.248	1	5	CNN2
0.00374726678198906	0.527260910571067	0.301	0.204	1	5	ITGAV
0.00247059702240058	0.521512072879093	0.452	0.309	1	5	LHFPL7
0.000420634654503458	0.518508436562103	0.507	0.344	1	5	NOTCH1
0.00196198395189531	0.516825457904756	0.233	0.147	1	5	CMKLR2
0.00593538199622419	0.510060169817459	0.432	0.292	1	5	RASGRP3
0.00816917079403058	0.504424821700014	0.397	0.268	1	5	CSRP1
0.000160944349179749	0.503886402197258	0.671	0.507	1	5	SEMA3F
0.00997657133079912	0.49173033989132	0.377	0.273	1	5	PGLS
0.0024477151415429	0.485865363747427	0.452	0.314	1	5	TMED10
0.00843587400957191	0.485156487995235	0.473	0.383	1	5	CYSLTR1
0.00570136510714642	0.47835131009012	0.267	0.183	1	5	BCL2L10
0.00250642228041321	0.474703533074976	0.425	0.323	1	5	ATF4
0.00113151906014678	0.464412119132247	0.555	0.402	1	5	CCT5
0.00362636874120815	0.46167256894349	0.438	0.327	1	5	CFL1
0.00522114029254375	0.453476641451091	0.151	0.097	1	5	CACNB2
0.00617209878785128	0.446136685224951	0.589	0.455	1	5	ATP5PD
0.00070967757030611	0.446050818186811	0.568	0.412	1	5	ANXA7
0.0032443248117073	0.436225834417444	0.466	0.335	1	5	NDUFA6
0.00191717288954714	0.434019203456682	0.61	0.418	1	5	ARHGEF9
0.00938148475537674	0.425736683926699	0.637	0.505	1	5	ATP5F1B
0.00214585772120969	0.41780976815507	0.651	0.529	1	5	TUBA1B
0.0046872215409919	0.410179807448541	0.582	0.462	1	5	ATP5MG
0.00317625771863731	0.409364699898813	0.61	0.501	1	5	RPL8
0.000144331136488165	0.40877044119488	0.705	0.555	1	5	EIF1
0.00471330505555717	0.407961982198723	0.719	0.557	1	5	RPL5
0.000464562799323508	0.397912694437709	0.863	0.773	1	5	TUBA1C
0.0082342816024097	0.397766215092834	0.5	0.379	1	5	COX7A2L
0.000270074035713141	0.395463167746713	0.829	0.731	1	5	RPL6
0.00291598754649486	0.394726155042028	0.61	0.496	1	5	ATP5F1A
0.00417291224091752	0.393570889893101	0.452	0.339	1	5	HNRNPC
0.00193769345499456	0.391316420108323	0.527	0.393	1	5	SCHIP1
0.00304499466950949	0.390150706082262	0.521	0.393	1	5	COX5A
0.000260698181641472	0.388194359670518	0.699	0.517	1	5	KIAA1217
0.00115375905639739	0.386477618871308	0.432	0.31	1	5	PSMA6
0.000926577243116057	0.384660291080446	0.637	0.505	1	5	CYCS
0.00136248107425934	0.374118527226929	0.856	0.705	1	5	PRDX1
0.000171431280686485	0.370237481083671	0.829	0.681	1	5	LMNA
0.00904328615944224	0.369975149045329	0.514	0.417	1	5	GPX1
0.000181303732600922	0.369969272020307	0.959	0.89	1	5	RPS11
0.000426063234245505	0.362108940151115	0.644	0.504	1	5	GRB10
0.0011387046109832	0.36085774707168	0.671	0.51	1	5	CAPNS1
0.000155870870692469	0.358844215634032	0.788	0.566	1	5	TIE1
0.00326422306686771	0.356179440096176	0.493	0.368	1	5	LOC138527383
8.35181585314698e-05	0.350421362175787	0.945	0.911	1	5	DYNLL1
0.00310429555746559	0.348152586963419	0.705	0.596	1	5	HNRNPA0
0.00841065057406725	0.345140247230311	0.678	0.563	1	5	VDAC2
0.00113394368351423	0.343611570788665	0.747	0.606	1	5	RSL24D1
0.00862475458367512	0.343110837848755	0.575	0.467	1	5	TSPAN4
0.00157581592205244	0.338443294048775	0.76	0.68	1	5	SNRPE
0.000179193311717427	0.337266726852173	0.952	0.832	1	5	CRIP1
0.00330606957563553	0.335425570407908	0.678	0.535	1	5	SH3BGRL3
0.000391894173276938	0.333217345215808	0.781	0.658	1	5	PPDPF
0.00838051222698226	0.327389712620403	0.76	0.641	1	5	SNRPD1
0.000279982232308805	0.32020942630772	0.952	0.856	1	5	RPS16
0.00283415807805694	0.318694644101636	0.521	0.399	1	5	UQCRB
0.00467799073392345	0.31311683060662	0.521	0.392	1	5	ILF2
0.00897623733152567	0.312439371154431	0.397	0.298	1	5	PSMB5
0.00442971803091544	0.308426308647808	0.438	0.323	1	5	PSMB4
0.000311352379084	0.307164660083897	0.897	0.813	1	5	MYL12B
0.000111961964957624	0.302008681889945	0.979	0.91	1	5	RPS6
0.00965897325136397	0.297376919486563	0.767	0.655	1	5	NDUFA4
0.00419616767567272	0.297359004744971	0.699	0.596	1	5	PECAM1
0.00106598002112085	0.294807497917009	0.973	0.932	1	5	S100G
0.00717926841539539	0.288779066197348	0.74	0.6	1	5	CAVIN1
0.000131213835745442	0.287176811765514	1	0.942	1	5	RPL14
0.00130166108174452	0.284799795218329	0.877	0.775	1	5	RPL22L1
0.00350288497179399	0.282880188068961	0.548	0.413	1	5	GLRX
0.00526914887586954	0.282271342067982	0.938	0.84	1	5	RPL2
8.62692766643403e-05	0.28205951092005	1	0.956	1	5	RPS18
0.00127173998416619	0.278596692433404	0.952	0.908	1	5	RPS29
0.00727846399528296	0.275130325503099	0.856	0.747	1	5	RACK1
0.0025920128759872	0.271301514033498	0.904	0.746	1	5	OAZ1
0.00276144125318377	0.271039717120765	0.979	0.925	1	5	RPL27
0.00106740646115243	0.265690426771446	0.74	0.634	1	5	ALDOA
0.000167720041656758	0.265131299399033	0.979	0.936	1	5	RPL19
0.00230807984659475	0.261374925300853	0.938	0.877	1	5	TAGLN2
0.00369313293885226	0.256179332644527	0.945	0.879	1	5	RPL18
0.00120800201147193	0.252342761239794	0.87	0.73	1	5	UBC
0.00383244322145174	0.244119395274679	0.89	0.792	1	5	RPL23A
0.00631853484297364	0.228921501813008	0.959	0.901	1	5	RPL35A
0.000715908486280164	0.226657631138581	0.938	0.902	1	5	MYL6P1
0.00423802463841379	0.22556093575313	0.719	0.613	1	5	JPT1
0.00331498822398364	0.215316904256327	1	0.94	1	5	RPS12
0.00154400398178366	0.214636868872117	1	0.965	1	5	RPS23
0.00277616459783	0.208141851963624	0.966	0.92	1	5	RPL39
0.00481041740281896	0.204834233492162	0.986	0.97	1	5	RPLP2
0.00217939615257701	0.203802916239286	0.747	0.573	1	5	ADCY4
0.00287404673855103	0.202782550512553	1	0.967	1	5	RPL23
0.00244113058263629	0.202307843694464	0.966	0.913	1	5	NME2
0.0028623390508562	0.196480262243471	0.986	0.958	1	5	FAU
0.00487745130092108	0.163654784433834	0.877	0.84	1	5	HSPG2
0.00276301949316631	0.157388701737709	1	0.994	1	5	LOC138582460
0.00186125947218533	-0.232953236903768	0.979	0.974	1	5	ZA20D3
0.000556574631288586	-0.289238158630893	0.986	0.995	1	5	COX2
0.000299496079158781	-0.355608073496755	0.986	0.99	1	5	ATP6
0.00136891685600848	-0.401904578235397	0.719	0.818	1	5	ND1
0.00114695523272149	-0.404014892427703	0.301	0.462	1	5	XIRP2
0.0090356210643762	-0.412656820995415	0.829	0.817	1	5	ITGBL1
0.000416986392761787	-0.469074042319319	0.781	0.85	1	5	ND2
0.00767497808699202	-0.505529024546602	0.247	0.357	1	5	TIMP2
0.00425878763536824	-0.536295465874281	0.288	0.392	1	5	ZNF182
0.00961606903784066	-0.566893705807826	0.548	0.628	1	5	CTNNB1
0.00523881328266346	-0.572274762979848	0.199	0.306	1	5	KRT15
0.00514115183241856	-0.621547259964	0.329	0.42	1	5	TUSC3
0.00687506974163677	-0.633707197102351	0.158	0.238	1	5	MAN1A1
0.00155061956088557	-0.649156596024369	0.438	0.557	1	5	ADAM10
0.00079124746104724	-0.659152213659814	0.342	0.485	1	5	LMNB2
0.00734221158445388	-0.659152213659815	0.205	0.299	1	5	RAI1
0.00566165833977789	-0.664388862025962	0.151	0.249	1	5	BAG6
0.00210977444988455	-0.674063923063743	0.226	0.325	1	5	RBM39
0.00437191717947386	-0.675454025988915	0.205	0.324	1	5	RFTN1
0.0099028206088654	-0.67692691538779	0.144	0.224	1	5	ZNF420
0.00934148119829263	-0.677767891827162	0.158	0.245	1	5	USP48
0.00978461737151766	-0.678888431721076	0.185	0.268	1	5	JUN
0.00237850052888482	-0.688656207969897	0.096	0.211	1	5	LMNB1
0.0046505362449	-0.692395505695627	0.212	0.314	1	5	AGAP1
0.00482571599476879	-0.69254487620266	0.322	0.463	1	5	NPR1
0.00795213634539929	-0.7022209355517	0.137	0.237	1	5	KDM4B
0.00170836750118053	-0.719321432573769	0.507	0.569	1	5	SPARC
0.0040276978929979	-0.729244109318247	0.253	0.388	1	5	LIMA1
0.00821756173204266	-0.734309573228554	0.103	0.177	1	5	JADE2
0.00630109932592478	-0.734851939791667	0.158	0.258	1	5	ARHGEF1
0.00182481881183181	-0.740739748156076	0.123	0.228	1	5	PRKCE
0.00414862240485659	-0.747621001522129	0.137	0.234	1	5	PARP4
0.00132841756288652	-0.75929777732376	0.219	0.385	1	5	DDX17
0.00499066765459763	-0.760435549496996	0.329	0.443	1	5	CTSK
0.00660523086128847	-0.765646315693334	0.356	0.454	1	5	FOS
0.00410185267151693	-0.778659308115903	0.116	0.215	1	5	ACP7
0.00579793013294975	-0.780921176947474	0.158	0.27	1	5	ARRDC2
0.00290565175316081	-0.784683095743673	0.13	0.238	1	5	ZFPM1
0.00423925529736747	-0.784683095743673	0.158	0.275	1	5	AKAP7
0.00440374674492712	-0.789900805014693	0.26	0.372	1	5	ELMO1
0.00436332979385885	-0.801171218532243	0.192	0.302	1	5	RAB5B
0.00674151631426479	-0.804582653181378	0.205	0.312	1	5	SLC22A23
0.000749358250886687	-0.809774076706504	0.116	0.206	1	5	ARFGEF1
0.00337357381192531	-0.817698152971636	0.103	0.199	1	5	VPS41
0.00883954438545483	-0.818630427667011	0.13	0.23	1	5	CACYBP
0.00126378020306857	-0.819384186848676	0.356	0.532	1	5	CD9
0.00620034684868234	-0.821772414478893	0.068	0.164	1	5	EML1
0.00125626797355646	-0.824211459930311	0.158	0.294	1	5	ERLIN2
0.0018521504371019	-0.83198881052203	0.151	0.261	1	5	OGT
0.00856555884954469	-0.835309168813641	0.185	0.297	1	5	ARHGEF28
0.00413283838626689	-0.836159313234759	0.226	0.351	1	5	ADD1
0.00343891000301046	-0.841437874040907	0.158	0.293	1	5	HELZ
0.00343752268326857	-0.854631973306238	0.226	0.313	1	5	LOC138472541
0.0070046245755771	-0.857662541100779	0.288	0.417	1	5	CLDN11
0.0086428603132952	-0.862685607744946	0.055	0.108	1	5	ACIN1
0.00187870347546142	-0.865603091127241	0.164	0.281	1	5	CLASP2
0.00370944206065283	-0.868451453436271	0.26	0.384	1	5	RAPGEF6
0.00205654614122881	-0.871097847561147	0.171	0.28	1	5	TNPO2
0.00347995944794594	-0.872145936994013	0.158	0.26	1	5	SBF1
0.00724167956206359	-0.884947219217102	0.137	0.25	1	5	G3BP2
0.000515135789683327	-0.885143277522886	0.281	0.424	1	5	TXNIP
0.00705264805584458	-0.886221122205735	0.185	0.307	1	5	TSC22D2
0.00277234818285928	-0.887493901327449	0.226	0.331	1	5	GGT5
0.00569789974446437	-0.896456344400191	0.164	0.3	1	5	MDFIC
0.00494572199585765	-0.900160313163609	0.144	0.249	1	5	USP14
0.00263772513191849	-0.908671813019127	0.075	0.155	1	5	MUC5AC
0.00617201557671314	-0.927641049585716	0.096	0.189	1	5	TLK2
0.00243424721058319	-0.931524484072944	0.13	0.243	1	5	AP3B1
0.00388335726173619	-0.931524484072945	0.089	0.176	1	5	PRPF39
0.000594450539687166	-0.940288425868919	0.192	0.325	1	5	LOC138503155
0.00676439122203013	-0.946954524642551	0.13	0.238	1	5	XRN1
0.0032599306482818	-0.950491988713754	0.068	0.16	1	5	SDR16C5
0.00731469720469003	-0.954608097185986	0.075	0.153	1	5	RAB22A
0.00958785631343464	-0.954608097185986	0.041	0.096	1	5	G2E3
0.00531695761762301	-0.987120910704476	0.164	0.294	1	5	CDC42BPA
0.000686370801295316	-0.987623154413948	0.075	0.188	1	5	HDAC8
0.0076402756048778	-1.00707551708012	0.089	0.178	1	5	PRIM2
0.00516368115319477	-1.01769663283669	0.171	0.27	1	5	HSD3B7
0.00242990666517943	-1.02753961963984	0.082	0.193	1	5	SEC31A
0.000925135555258946	-1.04102284900346	0.11	0.239	1	5	CHSY3
0.00711117878554673	-1.04521064596689	0.041	0.108	1	5	ZHX2
0.0017739127856614	-1.04982516453946	0.096	0.225	1	5	CCNG1
0.00152539049413622	-1.05438123185848	0.075	0.181	1	5	SH3PXD2A
0.00842355415360594	-1.06221707127258	0.068	0.143	1	5	ANTXR2
0.000682081932749047	-1.06347468725304	0.212	0.361	1	5	VAV3
0.000246626656956228	-1.06533491505252	0.158	0.29	1	5	FRYL
0.00951413792501308	-1.07120585449984	0.068	0.139	1	5	PTPN14
0.00686121326452428	-1.07418971293866	0.068	0.153	1	5	ZNF644
0.00792430503062248	-1.07623754158752	0.103	0.198	1	5	ARHGEF26
0.00442573327152851	-1.08424337760258	0.082	0.166	1	5	SLC38A9
0.000106254698904328	-1.08472807273259	0.185	0.344	1	5	SERPING1
9.46258956419513e-05	-1.09049152526776	0.219	0.394	1	5	NFX1
0.000155388365990746	-1.09557714035606	0.192	0.347	1	5	ZNF521
0.00108292183315257	-1.0997248050458	0.082	0.187	1	5	BUB3
0.00612898868497531	-1.10661119063104	0.068	0.142	1	5	SMC2
0.00643022664178928	-1.10661119063104	0.068	0.15	1	5	SLF2
0.00526802903619268	-1.11300896182919	0.082	0.188	1	5	CELF2
0.00266417704776635	-1.1134648616721	0.082	0.179	1	5	EFNA1
0.00340538288176137	-1.11725843483054	0.11	0.221	1	5	EPS15L1
0.00273498962752475	-1.12255273450006	0.075	0.161	1	5	SNED1
0.00133944169011865	-1.1245330986283	0.103	0.216	1	5	MAN2A1
0.000407297385444037	-1.12572001357874	0.13	0.26	1	5	SCARB2
0.00116186943234788	-1.14169364978648	0.329	0.437	1	5	MMRN1
0.005098621197664	-1.14457904083006	0.062	0.142	1	5	MAFK
0.0054174607129345	-1.15391690540939	0.048	0.114	1	5	HERPUD2
0.00951409143151994	-1.16655373108732	0.068	0.156	1	5	EEIG2
0.00111796741209363	-1.17356143455566	0.425	0.536	1	5	FAM107B
0.00169140517394864	-1.17700051852243	0.103	0.212	1	5	TBC1D4
0.000159496901668846	-1.18216222363821	0.185	0.362	1	5	PTPRE
0.00317125526366935	-1.19110746471781	0.137	0.254	1	5	DAB2IP
9.77358358583448e-05	-1.20592574454923	0.315	0.456	1	5	STAB1
0.00229638183109757	-1.22525568712966	0.089	0.186	1	5	SEMA6C
0.000416774711243867	-1.22946793841657	0.123	0.273	1	5	ZNF407
0.00257722845208566	-1.24074786328257	0.082	0.194	1	5	CPT1A
0.00641621887957859	-1.26273039254832	0.041	0.107	1	5	EXT2
0.00632761987149231	-1.26580978548029	0.048	0.125	1	5	SNTB2
0.00773859655942053	-1.28718343627286	0.062	0.142	1	5	CCDC71L
0.000567857504822258	-1.29713309668046	0.11	0.242	1	5	LBR
0.000594481417289227	-1.30824505180069	0.068	0.173	1	5	UAP1L1
0.00496447518370696	-1.30824505180069	0.034	0.109	1	5	ITGB3
0.000699626755201771	-1.31811529582475	0.123	0.249	1	5	ST8SIA4
0.00446371268663031	-1.32900361196748	0.048	0.121	1	5	EDA
0.000241336788793302	-1.33357634175731	0.11	0.248	1	5	EPB41L2
0.000105072081020918	-1.34881209304766	0.178	0.368	1	5	PROM1
0.00531807679291984	-1.3494677145272	0.048	0.124	1	5	EEIG1
0.00111957991620722	-1.36964559646483	0.116	0.225	1	5	FN1
0.00765386756112346	-1.37763838721836	0.062	0.155	1	5	SH3TC1
0.000217472803925462	-1.38774740284014	0.137	0.286	1	5	YPEL1
0.00471167195262341	-1.39611780782602	0.034	0.102	1	5	KLHDC2
0.00470349511499761	-1.41146577215946	0.075	0.166	1	5	FGL2
0.000148895777719414	-1.41294243046738	0.192	0.357	1	5	ADD3
0.00146010958737289	-1.42211301635896	0.055	0.147	1	5	ZNF423
0.00752490744625913	-1.42211301635897	0.034	0.105	1	5	ATP2B1
0.00958819807532042	-1.4285392855184	0.021	0.072	1	5	PIAS3
0.00699373672262632	-1.43311201530822	0.123	0.222	1	5	CEMIP2
0.00657160333068788	-1.43493705671655	0.027	0.102	1	5	RELB
0.000982081136135376	-1.4476481084661	0.068	0.191	1	5	DGCR8
0.00954401579995606	-1.4476481084661	0.021	0.072	1	5	INPP5K
0.0018824239203152	-1.46918127001574	0.027	0.111	1	5	CDCA7
0.0061808130852186	-1.47770534232228	0.027	0.088	1	5	PAOX
0.00740853641930532	-1.48512281388477	0.041	0.124	1	5	PLEKHG4B
0.00282864288552646	-1.49434134391414	0.048	0.146	1	5	PROS1
0.00856373593837096	-1.52164868990988	0.027	0.088	1	5	LOC138481234
0.00948664545146701	-1.52565062046738	0.068	0.162	1	5	CCN2
0.00625433804698212	-1.53600398288695	0.027	0.092	1	5	DTX2
0.0033483923088814	-1.53957059790714	0.048	0.141	1	5	CTSZ
8.77187140346089e-05	-1.57949276448216	0.068	0.202	1	5	PYCR1
0.00808405452009832	-1.59203801780128	0.021	0.08	1	5	CCZ1
0.00960373438257776	-1.60393660104785	0.144	0.267	1	5	APCS
0.00320260182323592	-1.60411085010185	0.096	0.211	1	5	CLCA1
0.000157706538254268	-1.61065369596862	0.068	0.207	1	5	LOC138566285
0.00705570552660202	-1.68084728475913	0.034	0.108	1	5	CENPF
0.00128587114424794	-1.68622045685799	0.068	0.21	1	5	ANGPT2
0.0042925749143602	-1.7022209355517	0.014	0.066	1	5	TMUB2
0.000173108785950343	-1.70524862824927	0.123	0.296	1	5	CADM1
0.000508762546461967	-1.71629612076342	0.048	0.174	1	5	TYROBP
0.00604704386098941	-1.74404111124633	0.014	0.067	1	5	SIRT5
0.00255953268475807	-1.76450521380604	0.014	0.067	1	5	RFX3
0.00103244874048778	-1.78038295831005	0.089	0.21	1	5	EXOC6
0.00201560178761317	-1.78468309574367	0.034	0.121	1	5	TGFB1
0.000297478945301574	-1.81216383216578	0.082	0.225	1	5	LGALS9
0.000568611943195463	-1.85507242363507	0.027	0.108	1	5	ARHGAP26
0.0026844497615146	-1.86268560774495	0.034	0.117	1	5	TIAM1
0.00191826146949985	-1.86647718690732	0.027	0.118	1	5	SLC39A10
0.00984511205126178	-1.87214593699401	0.007	0.048	1	5	SGSH
0.00359107643122691	-1.88154463499626	0.014	0.072	1	5	WBP1
0.00940428170759464	-1.9070797271034	0.048	0.153	1	5	PIM3
0.00677974392066026	-1.91396611268864	0.021	0.095	1	5	ATF6
0.000881622278996094	-1.94118758142366	0.021	0.098	1	5	SAV1
0.00148815046509206	-1.94118758142366	0.021	0.102	1	5	PEX13
0.00151316011064375	-1.95308062743939	0.253	0.361	1	5	MRC1
0.00302262027915251	-1.95460809718599	0.014	0.077	1	5	PPHLN1
0.000333879890393747	-1.96348624853244	0.034	0.125	1	5	EPHB1
0.000114907966516876	-1.98544550110858	0.062	0.201	1	5	NR6A1
0.00344948447937604	-2.00707551708012	0.007	0.051	1	5	ZNF827
0.00400730731969889	-2.01734385253395	0.062	0.174	1	5	GPNMB
0.000881622278996094	-2.04521064596689	0.021	0.106	1	5	CDH18
0.00196597648561144	-2.05770159015009	0.034	0.11	1	5	MRGPRH
0.00018048043366766	-2.11990801324449	0.315	0.478	1	5	CTSL
0.00695192801957327	-2.1304579325854	0.007	0.059	1	5	ARID3B
0.000207094224117371	-2.13832005035837	0.034	0.155	1	5	FNDC1
0.00211788026338666	-2.19972059502252	0.014	0.084	1	5	IQGAP3
0.00220872035403278	-2.21467093648849	0.034	0.135	1	5	EMILIN1
0.00707887784798663	-2.21467093648849	0.014	0.078	1	5	LRP1
0.00355564643628709	-2.25861428407609	0.014	0.087	1	5	PRR5L
0.00710250923956373	-2.27296957705316	0.014	0.088	1	5	NINJ1
0.00110632301614705	-2.3494677145272	0.034	0.134	1	5	GAS7
0.00494485797052174	-2.35622508070251	0.014	0.078	1	5	GALR1
0.00999348063346466	-2.36964559646483	0	0.033	1	5	DSCC1
0.000200811301716751	-2.38954515390253	0.034	0.148	1	5	VEGFA
0.00339579174082642	-2.38954515390253	0.021	0.108	1	5	LRG1
0.00704062609875535	-2.48512281388477	0	0.035	1	5	MELK
0.00582111862280203	-2.50350134319962	0.007	0.07	1	5	MYO7A
0.000622824141356056	-2.52164868990988	0.014	0.111	1	5	LAYN
0.00999348063346466	-2.5572725996406	0	0.039	1	5	RAB11FIP2
0.00838829020574184	-2.59203801780128	0	0.039	1	5	FAM171A1
0.0059085891911691	-2.62598534972462	0	0.04	1	5	POP7
0.00246254671504784	-2.69157369135219	0	0.043	1	5	EFCAB7
0.00704212000385382	-2.75430944670016	0	0.042	1	5	DTX3
0.00704466534146944	-2.81443043913773	0	0.042	1	5	SORCS2
0.00485640532783817	-2.82907721510213	0.007	0.08	1	5	ABLIM2
0.00545344095525528	-2.88466397684044	0.021	0.105	1	5	ESM1
0.00084205369530607	-2.91396611268864	0.007	0.088	1	5	RNF152
0.00349636790493448	-2.92764104958572	0	0.048	1	5	FAM78A
0.00838990936160405	-2.92764104958572	0	0.049	1	5	APOH
0.00703899657461626	-2.95460809718599	0	0.048	1	5	P2RY4
0.000145900552482363	-2.95460809718599	0.014	0.118	1	5	SNCA
0.00704212000385382	-3.03261060918726	0	0.046	1	5	C1S
0.000508444318037635	-3.04938632193809	0.014	0.118	1	5	MAFB
9.94891073016879e-05	-3.06761705901517	0.027	0.153	1	5	FGF10
0.00496134350087416	-3.08236364438436	0	0.056	1	5	XPNPEP3
0.00838991640175896	-3.1304579325854	0	0.05	1	5	ECE2
0.00349834675568348	-3.15391690540939	0	0.054	1	5	ANKRD6
0.00173417968850738	-3.22208840805097	0	0.062	1	5	C9orf72
0.00416610827592491	-3.36964559646483	0	0.06	1	5	CYGB
0.00173557955740662	-3.38954515390253	0	0.067	1	5	GALNS
0.00122157428121565	-3.4476481084661	0	0.069	1	5	PHF1
0.00206956888985669	-3.46650713571742	0	0.066	1	5	DPP4
0.00145620298931146	-3.48512281388477	0	0.066	1	5	CXADR
0.000423873356790281	-3.65915221365981	0	0.076	1	5	DTNB
0.000174657005778322	-4.24411471438097	0	0.095	1	5	PGF
1.31184321280015e-14	1.20982480662817	0.755	0.416	1.5708010630069e-10	6	DLK1
9.39572619715531e-14	0.835114900029065	0.962	0.835	1.12504425484738e-09	6	CRIP1
1.54529896101786e-13	0.472241936147745	1	1	1.85034097592279e-09	6	CIRBP
1.87884420781077e-13	0.571092229483805	1	0.995	2.24972805443261e-09	6	TMSB4X
1.90566720992276e-13	0.677185975734366	1	0.972	2.28184591716152e-09	6	VIM
2.81490546604333e-13	0.538585328657474	1	0.966	3.37056780504028e-09	6	RPS23
3.38923060514145e-13	0.751985529046032	0.962	0.763	4.05826472659637e-09	6	RPL10A
8.66490997693183e-13	0.617281055394995	1	0.942	1.03753632063782e-08	6	RPS12
1.41629758888974e-12	0.766118129843404	0.915	0.705	1.69587473293657e-08	6	PRDX1
2.01733755462182e-12	0.559301023645722	1	0.975	2.41555998790417e-08	6	RPS2
1.80009288504696e-11	0.637974019883795	0.962	0.811	2.15543122055523e-07	6	RPS5
2.51319423828844e-11	0.430507325655995	1	0.994	3.00929878092657e-07	6	LOC138582460
2.61047997652213e-11	-0.637705074214515	1	0.999	3.1257887238876e-07	6	COX3
1.34768733485586e-10	-4.2880106603755	0.075	0.375	1.6137208147564e-06	6	MRC1
3.4028576403362e-10	0.505740523674404	1	0.934	4.07458173853857e-06	6	RPL10
4.66667442459889e-10	-0.857119535066407	0.896	0.974	5.58787595601471e-06	6	COX1
5.1202556349452e-10	0.82242829107662	0.849	0.612	6.13099409728339e-06	6	ATP5MC3
5.66785025165136e-10	0.457113279503791	1	0.989	6.78668389132734e-06	6	S100A11
7.06816957829397e-10	0.545087556809333	1	0.916	8.4634262530492e-06	6	RPS10
8.80915642616899e-10	0.455090003050004	1	0.976	1.05480839046948e-05	6	RPL32
1.66795417151133e-09	-0.704179946673487	0.925	0.969	1.99720832496766e-05	6	CYTB
2.35492146176777e-09	1.47653695283854	0.453	0.187	2.81978295832072e-05	6	WIF1
2.65600402252519e-09	0.518818768027404	0.981	0.921	3.18029921657166e-05	6	RPL39
2.91386287054616e-09	0.540397693772333	0.981	0.827	3.48905940119198e-05	6	RPS3
3.00037100092369e-09	0.491868606594533	1	0.936	3.59264423650602e-05	6	RPL19
3.12350762177267e-09	0.457619044641623	1	0.956	3.7400880263106e-05	6	RPS14
3.22956214657085e-09	0.487857456818264	1	0.956	3.86707771430394e-05	6	RPLP1
4.52443189106943e-09	0.64379645729177	0.991	0.832	5.41755474636653e-05	6	H2AZ1
5.91008205251482e-09	0.589959441411756	0.991	0.902	7.07673224968124e-05	6	RPL12
6.25413081255983e-09	0.455007259101592	1	0.922	7.48869623495914e-05	6	UBA52
6.71665322431315e-09	2.36674880730043	0.132	0.026	8.04252057079256e-05	6	LAT2
8.32519446606131e-09	0.455055533182367	1	0.952	9.96858785366181e-05	6	RPS28
8.3660211215022e-09	0.454571533724636	1	0.957	0.000100174736908867	6	RPS18
1.64937937396605e-08	0.539029882946179	0.981	0.89	0.000197496686238695	6	RPS11
1.65380148316224e-08	0.617032063478166	0.991	0.907	0.000198026189593847	6	DYNLL1
1.88154676489669e-08	0.531769417152696	0.991	0.888	0.00022529640962873	6	RPL15
1.96933117480294e-08	0.52458843917183	0.991	0.916	0.000235807714870904	6	RPLP0
2.1655332084458e-08	0.467156853097779	1	0.968	0.0002593009463793	6	RPL23
2.49845502312828e-08	0.501956013380495	1	0.899	0.00029916500446938	6	RPL35A
2.53976903474057e-08	0.603054154445418	0.943	0.799	0.000304111944219836	6	RPL9
2.83246537248141e-08	0.468312806306394	1	0.954	0.000339159403700924	6	RPL21
3.02174490028393e-08	0.522780055560655	0.962	0.859	0.000361823734359998	6	SLC25A5
3.48548818243443e-08	0.455148172381489	1	0.976	0.000417352354964699	6	RPS15A
3.77457184809678e-08	0.493041112406733	0.934	0.808	0.000451967233091108	6	KRT18
4.61527944136709e-08	0.286473719477458	1	0.99	0.000552633560309296	6	Fth1
5.22065280951201e-08	0.466574586430623	0.821	0.539	0.000625120967410968	6	INSR
5.44839398152771e-08	-2.11956610548781	0.189	0.447	0.000652390695348128	6	MMRN1
7.29978165572657e-08	-7.43370485226961	0	0.227	0.000874075855456699	6	HAPLN3
7.35766181079662e-08	1.00263697512043	0.575	0.335	0.000881006425224787	6	PSMA5
8.87076505894576e-08	0.422017236215869	1	0.954	0.00106218540815817	6	RPS9
9.37219833447741e-08	-3.33423748976021	0.057	0.301	0.00112222702857033	6	NRP2
1.01120847856604e-07	0.453671882422336	0.991	0.932	0.00121082103223497	6	RPS19
1.0584186077243e-07	0.458298064564744	0.991	0.941	0.00126735044088908	6	RPS26
1.07868929860576e-07	0.505404367397527	0.962	0.851	0.00129162256615054	6	RPS3A
1.09236534955924e-07	0.532821717908027	0.972	0.834	0.00130799826956223	6	KRT8
1.1172050577868e-07	0.455039225173507	1	0.967	0.00133774133619391	6	RPL35
1.1174263654536e-07	0.365703595313019	1	0.957	0.00133800632999414	6	FAU
1.44210418838021e-07	0.511352332345762	0.981	0.893	0.00172677555516646	6	RPS21
1.54084222294528e-07	0.82689204147147	0.736	0.466	0.00184500447775467	6	COL4A1
1.58898005865341e-07	-5.96524914620452	0	0.208	0.00190264472223159	6	RELN
1.64097093329082e-07	0.77035141151699	0.708	0.421	0.00196489859552243	6	NRP1
1.64337180510228e-07	0.440778974599075	1	0.901	0.00196777339942947	6	RPS17
2.25489017267117e-07	0.430160734947787	0.981	0.912	0.00270000549275646	6	RPS6
3.239172707207e-07	0.746365665774645	0.83	0.616	0.00387858539960966	6	COX7B
3.29317699255844e-07	0.877266615433503	0.651	0.395	0.00394325013088947	6	HMGB3
3.34967979357739e-07	0.457058220437681	0.991	0.917	0.00401090658482957	6	RPL28
3.73706446296905e-07	0.419216227194566	1	0.925	0.00447476098795915	6	RPL13A
4.15779642086111e-07	0.365435721128243	1	0.969	0.00497854543433909	6	RPLP2
4.61461979861554e-07	0.588253143018875	0.896	0.646	0.00552554574686224	6	COX6C
4.77098014979233e-07	0.422448015652511	0.991	0.91	0.00571277163136134	6	HMGB2
5.24974053096429e-07	0.414971547582185	1	0.965	0.00628603931177665	6	RPS27
5.76340006954797e-07	-0.490321265115921	0.981	0.995	0.00690109524327674	6	COX2
6.02029415289183e-07	0.483072254319893	0.925	0.781	0.00720870021867267	6	COX6B1
6.15772793193099e-07	0.399040420171043	0.991	0.939	0.00737326342569417	6	EEF1A1
8.45283270049175e-07	-0.696861144169187	0.764	0.861	0.0101214218755688	6	ND4
1.2429941149074e-06	0.4858947055499	0.877	0.755	0.0148836115319012	6	OAZ1
1.32451787358489e-06	0.615272739786098	0.887	0.774	0.0158597770183054	6	TUBA1C
1.32615414906763e-06	0.405372825661561	1	0.941	0.0158793697809358	6	RPL36
1.58871142478531e-06	0.38060400221497	0.991	0.956	0.0190232306003793	6	RPL13
1.6751678281489e-06	0.660509728766487	0.792	0.565	0.0200584595742549	6	H2AC1
1.72497778933787e-06	0.57802217960757	0.925	0.745	0.0206548840495316	6	RACK1
1.95798022331505e-06	-1.69252750873878	0.113	0.326	0.0234448551939744	6	PTPN2
2.08486939162297e-06	0.452039477744781	0.962	0.841	0.0249642260952934	6	RPL2
2.28977317315399e-06	0.432574885903849	0.962	0.903	0.0274177439753459	6	RPS15
2.44853702011583e-06	0.395736924346945	0.981	0.917	0.0293187822788669	6	HSP90AB1
2.86428006774243e-06	0.474406520261067	0.934	0.787	0.0342968895311479	6	RPL18A
2.9286788225502e-06	0.947381218004463	0.425	0.241	0.0350680002212161	6	UCHL1
3.03218716506319e-06	0.69334834191169	0.698	0.455	0.0363074091144667	6	ATP5MG
3.96497373439373e-06	0.522605957474097	0.981	0.843	0.0474765954956305	6	EEF1B2
4.01140603959497e-06	1.50155115999187	0.198	0.065	0.0480325759181101	6	CILP
4.24113973035959e-06	0.398115796163399	0.962	0.877	0.0507834071313258	6	TAGLN2
4.42030177566305e-06	0.472761497518331	0.962	0.859	0.0529286934617893	6	RPS16
4.69132979110822e-06	0.682888570266651	0.679	0.448	0.0561739829187298	6	NEDD8
5.07830249746568e-06	0.899774014843072	0.575	0.349	0.0608075941046541	6	APLNR
5.5645259050029e-06	-1.41008124774372	0.255	0.457	0.0666296331865047	6	STAB1
6.76581033225531e-06	0.543889494688425	0.849	0.675	0.0810138129184251	6	SNRPE
6.81140369892307e-06	0.679153130233767	0.708	0.514	0.0815597478909048	6	COX5B
7.35286170795036e-06	-0.977731829761056	0.434	0.586	0.0880431660909976	6	ASAP1
8.42374403839445e-06	0.586872353274721	0.858	0.71	0.100865911115735	6	SNRPF
9.0178111044077e-06	-2.0397127977986	0.123	0.322	0.107979270164178	6	IQSEC1
9.20320120214924e-06	0.356377997590721	1	0.959	0.110199131194535	6	RPL26L1
9.82072928519467e-06	0.440705541924492	0.972	0.869	0.117593412460921	6	RPS25
9.84620344223388e-06	0.836381281852188	0.528	0.304	0.117898440017308	6	SNU13
1.00138422425459e-05	0.385611151685596	0.991	0.877	0.119905747012245	6	RPL18
1.00432062697248e-05	0.400356546489419	0.972	0.943	0.120257351873685	6	RPL36A
1.05322097717246e-05	0.337454327382803	1	0.944	0.12611267980663	6	RPL14
1.0717063458706e-05	0.765427278242126	0.66	0.423	0.128326117854546	6	SLC29A1
1.07644074421988e-05	0.883210979182759	0.5	0.28	0.128893014712888	6	FKBP3
1.15181494219898e-05	1.27053349204113	0.264	0.111	0.137918321178906	6	PHPT1
1.18977009417175e-05	0.424754410735996	1	0.884	0.142463071076125	6	RPS27A
1.26297616091397e-05	0.549430565002397	0.83	0.636	0.151228765507839	6	RPL4
1.29419694712898e-05	0.533680859942151	0.84	0.681	0.154967142449224	6	COX6A1
1.44626316817447e-05	-4.04848300742633	0.009	0.169	0.173175551757211	6	FGL2
1.50468888714649e-05	1.06302530779066	0.377	0.187	0.18017144734692	6	TMEM14C
1.50494507208503e-05	-1.01230939487285	0.557	0.729	0.180202122931462	6	SHANK3
1.59052708400094e-05	0.364889348658397	0.972	0.921	0.190449713038272	6	RPL17
1.62366772419516e-05	0.442580220260076	0.811	0.651	0.194417973295129	6	ATP5MK
1.65905023173312e-05	0.42912080434272	0.981	0.899	0.198654674747724	6	RPS13
1.685981681588e-05	0.375300112113329	0.991	0.898	0.201879446553348	6	MYL6P1
1.98042973874064e-05	-0.405462712662056	0.953	0.993	0.237136656916805	6	ATP6
2.03338572225997e-05	3.90280170754064	0.047	0.003	0.243477606383409	6	ZNF385C
2.05277373469721e-05	0.376268184952336	0.981	0.925	0.245799126992644	6	HNRNPA3
2.0904132195925e-05	0.430708510346257	1	0.92	0.250306078914006	6	RPL31
2.27610678965114e-05	0.60786412653159	0.698	0.477	0.272541026992828	6	PSMA4
2.31602358773081e-05	0.744372344936157	0.519	0.303	0.277320664394888	6	BLOC1S1
2.51758841724581e-05	-0.707847436844166	0.613	0.779	0.301456037081014	6	ND3
2.59594766876564e-05	1.27681193855943	0.236	0.095	0.310838773857998	6	PLPBP
3.02133659411031e-05	-4.18200668026372	0.009	0.173	0.361774843778769	6	NFIX
3.06367782618719e-05	0.353583479889199	1	0.948	0.366844782907654	6	RPL24
3.10182809030313e-05	-0.598182400541163	0.519	0.652	0.371412895532897	6	APP
3.13824808360673e-05	-3.08730225631686	0.028	0.199	0.37577382553107	6	NR6A1
3.4269375385912e-05	0.431315058971254	0.953	0.847	0.41034150087091	6	PMP2
3.88866051171103e-05	-3.1846611337097	0.019	0.163	0.465628209672279	6	SRGN
3.95385220759014e-05	1.0890205163236	0.292	0.131	0.473434263336844	6	C1QH1orf21
4.36712952464582e-05	0.948605397153765	0.434	0.238	0.52292008928109	6	NDUFA11
4.44593996325393e-05	0.427270916512898	0.925	0.723	0.532356851200026	6	PLVAP
4.62397917784003e-05	0.530401566705742	0.896	0.795	0.553675266754565	6	RPL23A
4.90584911116224e-05	0.368240511563716	0.981	0.927	0.587426372570566	6	RPL27
5.1588763264022e-05	0.305893911971103	1	0.972	0.617723851323399	6	PTMA
5.31299315421651e-05	0.368234590172111	0.972	0.928	0.636177800285885	6	RPS20
5.59045946813918e-05	0.303450225298684	0.972	0.904	0.669401616714985	6	RPS24
5.83376463664155e-05	-4.55867773974552	0	0.135	0.698534977591459	6	PDPN
7.13733883076839e-05	0.673400227684829	0.594	0.403	0.854624951596207	6	PKM
7.22416680347696e-05	1.37298076101195	0.179	0.069	0.865021733048331	6	TSR2
7.45918694649582e-05	-2.55662991109666	0.019	0.156	0.89316304497341	6	DPP9
7.57037830124308e-05	-1.69114957640777	0.123	0.289	0.906477097790846	6	CADM1
8.24140270808241e-05	0.759108247671507	0.33	0.183	0.986825560265787	6	NDUFB6
8.28155458598368e-05	-3.443712025625	0.009	0.132	0.991633346125686	6	GAS7
0.000224690624290216	4.63976730170685	0.038	0.001	1	6	LOC138569361
0.00242190423800176	4.31783920681948	0.028	0.001	1	6	MMP7
0.00242190423800176	3.73287670609833	0.028	0.002	1	6	LOC138526991
0.0021338379093938	3.31783920681948	0.019	0.002	1	6	AADAT
0.00242190423800176	3.31783920681948	0.028	0.003	1	6	CXCL10
0.000224690624290216	3.05480480098569	0.038	0.005	1	6	GPAT3
0.0021338379093938	2.90280170754064	0.019	0.003	1	6	GMIP
0.0021338379093938	2.90280170754064	0.019	0.003	1	6	ITGB8
0.0021338379093938	2.90280170754064	0.019	0.003	1	6	NIPA1
0.0021338379093938	2.90280170754064	0.019	0.003	1	6	LOC138582745
0.00146214170116951	2.83241237964924	0.038	0.005	1	6	VGF
0.00242190423800176	2.73287670609833	0.028	0.005	1	6	LOC138580355
0.000224690624290216	2.63976730170685	0.038	0.007	1	6	VPS52
0.00242190423800176	2.51048428476188	0.028	0.006	1	6	AP4B1
0.00554384859858409	2.46984230026453	0.038	0.008	1	6	SHPRH
0.00643065802651449	2.20236198939955	0.047	0.011	1	6	COA1
0.00103864172455244	2.14791420537717	0.075	0.023	1	6	SHISAL2B
0.00602433807639866	2.12519412887709	0.057	0.014	1	6	GCHFR
0.00111151760886171	2.03773128762675	0.057	0.015	1	6	AK1
0.00242190423800176	1.99591111193212	0.028	0.008	1	6	LOC138488487
0.00629745465898793	1.91928983032921	0.094	0.026	1	6	DNAL4
0.00602433807639866	1.8772666154335	0.057	0.017	1	6	LCMT2
0.00602433807639866	1.8772666154335	0.057	0.017	1	6	SLC26A11
0.00920968805257491	1.85840758818219	0.066	0.02	1	6	MED20
0.000884046640149133	1.84835392351826	0.113	0.033	1	6	LOC138526453
0.00382069763024589	1.84835392351826	0.094	0.031	1	6	LRRN1
0.00100415893862994	1.83241237964924	0.085	0.026	1	6	LOC138525707
0.0024906829922355	1.8153388662903	0.047	0.015	1	6	TFDP2
0.00278672991772947	1.80326603398973	0.057	0.018	1	6	MRM2
0.00405641197507313	1.68980798420644	0.094	0.031	1	6	KIT
0.00269783179957868	1.67398301704476	0.066	0.021	1	6	AGTRAP
0.00100415893862994	1.63976730170685	0.085	0.029	1	6	PMF1
0.00685019611733027	1.58087361265328	0.104	0.037	1	6	RBM15
0.00405641197507313	1.56781745982783	0.094	0.034	1	6	LOC138527279
0.00987406434279172	1.54524970292256	0.104	0.038	1	6	MSH6
0.00227163050813022	1.53356789787492	0.075	0.028	1	6	FBXL14
0.00461848620325181	1.51048428476188	0.104	0.039	1	6	CYB561
0.00242190423800176	1.51048428476188	0.028	0.012	1	6	ACTR5
0.0021338379093938	1.44337008890334	0.019	0.009	1	6	ALOX15B
0.00142770266616051	1.37442273518585	0.113	0.045	1	6	AKR7A3
0.00602433807639866	1.31783920681948	0.057	0.025	1	6	LOC138521365
0.00133506781357299	1.29547139379103	0.142	0.06	1	6	LMO2
0.00496343234921946	1.23691921143592	0.113	0.051	1	6	DONSON
0.00540698354103909	1.16403387074045	0.179	0.082	1	6	VPS28
0.00629745465898793	1.16256098134157	0.094	0.045	1	6	SLC31A2
0.00348462931917561	1.09941568768598	0.217	0.106	1	6	IL10RA
0.00624804248293895	1.07391362393339	0.17	0.08	1	6	LOC138497472
0.000557408543544883	1.06630043982352	0.189	0.089	1	6	VPS26B
0.00356856746231783	0.995911111932121	0.142	0.072	1	6	NT5DC2
0.000153684793769463	0.958758113514656	0.453	0.249	1	6	YPEL1
0.000312131934713084	0.952842390040235	0.283	0.149	1	6	SF3B5
0.00584532877265033	0.936410100183459	0.17	0.089	1	6	MED28
0.00232181177825754	0.919289830329209	0.198	0.105	1	6	BCLAF1
0.00485043016720136	0.899986691933586	0.283	0.154	1	6	NDUFA8
0.00287489502636749	0.897507407871127	0.274	0.158	1	6	AOC3
0.00453633032374607	0.89462777609494	0.198	0.104	1	6	ASGR1
0.00967970882717202	0.888995908015609	0.189	0.113	1	6	NRARP
0.000257929048871113	0.860884318474399	0.462	0.246	1	6	NOVA2
0.000100392308010298	0.844903323832439	0.406	0.225	1	6	LOC138510069
0.00875335434933985	0.839791910014839	0.189	0.103	1	6	ERF
0.000195170798697145	0.815338866290301	0.425	0.259	1	6	AK2
0.00572980909033951	0.812603898569062	0.264	0.161	1	6	EMC6
0.00475928429075436	0.810879218099601	0.16	0.094	1	6	CHST6
0.00012386550241354	0.809838687913212	0.547	0.345	1	6	ACP1
0.00114262855622524	0.792748162075726	0.358	0.209	1	6	PPA1
0.000976081274424054	0.788586138684615	0.387	0.234	1	6	HSPA1A
0.00801248482819989	0.785693404541776	0.368	0.233	1	6	NEURL1B
0.00956148686876207	0.77035141151699	0.292	0.178	1	6	DLL4
0.000263090310926317	0.768375387319714	0.396	0.247	1	6	TOMM22
0.000167091705790486	0.754618485252394	0.528	0.361	1	6	ATP5F1C
0.00222124769187702	0.751492384265675	0.33	0.201	1	6	LOC138515919
0.00433060804170919	0.751024052808587	0.321	0.176	1	6	PDGFB
0.00152553066295361	0.747749982579858	0.425	0.253	1	6	LOC138488268
0.00848581075817379	0.743847823919331	0.16	0.083	1	6	CXCR4
0.0055480307632403	0.740914025163746	0.264	0.158	1	6	CTPS1
0.000185689526866704	0.725608705634288	0.472	0.3	1	6	MCAM
0.0022063465193566	0.718801520886605	0.311	0.181	1	6	CLNS1A
0.00201075122934906	0.711181634999008	0.292	0.179	1	6	CHD4
0.00187336810729042	0.708423662373789	0.311	0.188	1	6	SMOX
0.000260021051581432	0.69334834191169	0.425	0.272	1	6	PGLS
0.000163169345123617	0.692294895321701	0.679	0.461	1	6	ATP5F1D
0.00531813267283411	0.689375067461741	0.387	0.259	1	6	ARPC1A
0.0097355904790332	0.68778881656979	0.34	0.225	1	6	AKR1B1P5
0.0020159811366763	0.686226612799506	0.613	0.465	1	6	LOC138567840
0.00796317115645123	0.681529826098108	0.208	0.128	1	6	COMMD7
0.00181667269134921	0.674995790017828	0.443	0.298	1	6	PHF5A
0.000202232997156646	0.667739075887901	0.623	0.393	1	6	NDUFS5
0.000222287879639684	0.666962589366987	0.491	0.329	1	6	PCDH1
0.000230937874304244	0.661323445073294	0.491	0.298	1	6	HYPK
0.000709603647520059	0.658876124654551	0.462	0.295	1	6	PSMA1
0.000977278809222858	0.65108261493468	0.585	0.391	1	6	ILF2
0.00459361404338897	0.645081101603314	0.425	0.303	1	6	ADAMTS1
0.00498106072375951	0.64360936800124	0.406	0.254	1	6	GNB2
0.00760076654543863	0.641134137470752	0.283	0.172	1	6	GYPC
0.000333477108832219	0.619162097377651	0.472	0.307	1	6	PSMB3
0.000106342099322303	0.616511949406543	0.632	0.429	1	6	COL4A2
0.00378802275118639	0.615383143079887	0.434	0.296	1	6	ELOB
0.00725060442998577	0.613577777725983	0.434	0.301	1	6	TMEM14A
0.00190529853578743	0.610290100630013	0.651	0.467	1	6	GNG5
0.00521403480036009	0.605121158899955	0.33	0.21	1	6	UBE2K
0.00938352373129417	0.599020959363537	0.481	0.322	1	6	EIF3K
0.00164123273632388	0.591044011685368	0.66	0.516	1	6	UBE2L3
0.000109588644874367	0.584675182813134	0.792	0.605	1	6	STMN1
0.00816096459465401	0.583363164678975	0.396	0.305	1	6	PSMB2
0.00341692981925454	0.580873612653277	0.34	0.224	1	6	TES
0.000401716811148486	0.570605277199451	0.679	0.499	1	6	RPL8
0.00462772174997157	0.570062093819205	0.698	0.512	1	6	FKBP1A
0.000722510184963721	0.566773415608424	0.66	0.508	1	6	ATP5F1B
0.00124965831201696	0.559811997125448	0.406	0.282	1	6	PSMB1
0.000715292798633582	0.551472696212719	0.425	0.282	1	6	LSM7
0.000440951816459248	0.551382315943878	0.349	0.189	1	6	SH3RF3
0.000657121115782707	0.550673374877578	0.698	0.529	1	6	TUBA1B
0.00320430647529588	0.541735218746319	0.434	0.285	1	6	PXDN
0.00811353998069153	0.539470913642715	0.585	0.391	1	6	TUSC3
0.00120430609858758	0.534579960379343	0.528	0.376	1	6	GLO1
0.00140508436711639	0.526425828630901	0.434	0.295	1	6	CISD1
0.00357911235988752	0.519281232999039	0.406	0.279	1	6	IDH2
0.00345186851535293	0.51048428476188	0.67	0.509	1	6	POMP
0.00129574765686538	0.509146598026368	0.726	0.613	1	6	RSL24D1
0.000509142988491134	0.509043750402665	0.774	0.587	1	6	COX4I1
0.000979172769662266	0.508103599335698	0.774	0.635	1	6	ALDOA
0.000702494232199888	0.504848750092447	0.575	0.386	1	6	ATP5PO
0.00154009215475001	0.503742706882824	0.491	0.344	1	6	NDUFB3
0.00168954312160541	0.501646921502703	0.632	0.465	1	6	TMEM258
0.00571461099416482	0.49785667643413	0.491	0.359	1	6	SUMO2
0.000540936311531159	0.496809347864803	0.387	0.268	1	6	PPP1R18
0.000382338006022383	0.496008962246	0.585	0.414	1	6	GLRX
0.000930842845703839	0.495109058874964	0.604	0.418	1	6	NDUFAB1
0.00659060293725733	0.487764208261796	0.594	0.454	1	6	LMNB2
0.007887805717049	0.487193634775661	0.547	0.412	1	6	PGAM1
0.000541786806505007	0.478455430569242	0.849	0.718	1	6	HNRNPH3
0.00300876024253732	0.473958408736766	0.566	0.413	1	6	KRTCAP2
0.000719624739114823	0.473490077279678	0.783	0.601	1	6	CAVIN1
0.00193464539132925	0.471249121478779	0.679	0.52	1	6	DAD1
0.000227145116699703	0.470683276703905	0.821	0.598	1	6	ATP5IF1
0.00333387878728062	0.455679848234439	0.698	0.51	1	6	SNRNP70
0.00300336730905081	0.455342730569419	0.613	0.468	1	6	BTF3
0.00309737620025173	0.453416752351423	0.679	0.563	1	6	CD81
0.000872867474073189	0.451782328719543	0.566	0.401	1	6	CD93
0.00492151545797184	0.450674889526576	0.462	0.318	1	6	ARL1
0.000235024703364335	0.446450999401773	0.906	0.765	1	6	SNRPG
0.00119894553460916	0.445910791128915	0.849	0.759	1	6	HMGN2
0.00192677667808586	0.444923043887404	0.802	0.656	1	6	NDUFA4
0.000599161246771642	0.444631737467254	0.792	0.634	1	6	HNRNPU
0.000294232596004492	0.441741764756568	0.811	0.636	1	6	BTF3L4
0.00129578620338296	0.440662835264308	0.67	0.482	1	6	SPACA4
0.00109897753270047	0.440011076813428	0.708	0.546	1	6	SNRPB
0.00266742637932204	0.437727942326565	0.434	0.282	1	6	LBH
0.00169026265865101	0.437180152784145	0.557	0.4	1	6	UQCRB
0.00472454010643119	0.427413212628698	0.783	0.666	1	6	ABRACL
0.00217871415495556	0.427068276574242	0.849	0.631	1	6	ATP5MF
0.00111706723037421	0.426630233443235	0.557	0.387	1	6	SOX18
0.008786236634077	0.425988010675106	0.623	0.457	1	6	ATP5PD
0.00254767143979901	0.423493864530079	0.764	0.61	1	6	HSBP1
0.000957019910488339	0.420986133922777	0.698	0.553	1	6	TARDBP
0.000190221252241271	0.420177863651359	0.717	0.565	1	6	PPIB
0.00176166989041104	0.415731407581063	0.717	0.519	1	6	ENG
0.000744187838041381	0.409856074209953	0.84	0.677	1	6	SLC25A3
0.000146087153971324	0.408780774528255	0.774	0.576	1	6	TIE1
0.00377813927620786	0.408279424434981	0.547	0.377	1	6	DYNLT1
0.000111066129279596	0.388101542497351	0.981	0.864	1	6	RPL3
0.000347720000070582	0.38796795581721	0.972	0.904	1	6	RPL34
0.00731289543529733	0.38069923065806	0.642	0.51	1	6	GRB10
0.000469827044347034	0.380251813988049	0.821	0.651	1	6	TUBA1A
0.00915353215475085	0.378840278951409	0.745	0.615	1	6	ATP5PF
0.0020704140133197	0.369945637085591	0.783	0.614	1	6	UQCRH
0.000261516772427114	0.369869909579699	0.953	0.857	1	6	RPL22
9.73150852148584e-05	0.368121516425266	1	0.925	1	6	RPL37
0.000172072894364887	0.36763187268509	0.991	0.877	1	6	HMGN1
0.00440390374457344	0.367592242016583	0.491	0.353	1	6	SNRNP27
0.000241828191999216	0.365667731910098	0.991	0.929	1	6	RPS7
0.000307175545975467	0.359340194045922	0.896	0.728	1	6	RPL6
0.000957802737582776	0.351954564253917	0.906	0.776	1	6	EIF4A1
0.00704535989041743	0.350194580131869	0.5	0.364	1	6	CMPK1
0.000822403949767867	0.343525850483134	0.962	0.84	1	6	ATP5MC2
0.00763606356723478	0.341091937946585	0.613	0.47	1	6	ACTR2
0.000216693871966964	0.339843838206522	0.896	0.781	1	6	H3F3A
0.000227921353566273	0.332988401399755	0.934	0.884	1	6	HSPA8
0.00987546799111626	0.330944194442846	0.858	0.746	1	6	COX7A2
0.00922248565271359	0.328592263116358	0.689	0.513	1	6	SNRPD2
0.00156159476771043	0.326373946400419	0.943	0.902	1	6	RPL38
0.00852168412902421	0.326290871534668	0.689	0.558	1	6	RAP1A
0.000239113407274503	0.325834106777832	1	0.906	1	6	RPL11
0.000111810156612937	0.321493143025699	0.991	0.939	1	6	EEF1G
0.00173583106055875	0.318844219079485	0.943	0.87	1	6	RPS4X
0.00572137872880162	0.316258171000004	0.708	0.563	1	6	FTH1
0.00162593551742391	0.314987090488492	0.962	0.865	1	6	RPL30
0.00191595430672409	0.305674269912751	0.925	0.845	1	6	GAPDH
0.000403256806666453	0.290663451075503	1	0.965	1	6	TPT1
0.00151112180399441	0.288512535549972	0.868	0.756	1	6	TUBB4A
0.00666355680101624	0.287816723720033	0.868	0.755	1	6	SRSF3
0.00590813215913564	0.286419948716483	0.925	0.847	1	6	RPL27A
0.007847482386513	0.28033147304627	0.925	0.834	1	6	RBMX
0.00628453152602127	0.278920217527182	0.764	0.612	1	6	JPT1
0.00386995548579789	0.278880177699781	0.972	0.809	1	6	MYL12B
0.00213989980810197	0.270389861691973	0.991	0.905	1	6	RPS29
0.00305563670335977	0.257808866109018	0.906	0.856	1	6	PFN1
0.00680028306655103	0.255936179518884	0.981	0.928	1	6	RPL7
0.00387098471346607	0.249099259320412	1	0.951	1	6	RPS8
0.00916145153148185	0.248281163906942	0.745	0.596	1	6	HNRNPA0
0.000415835794173021	0.232474540796731	1	0.997	1	6	CIRP
0.00187974836652666	0.21201646469405	0.981	0.925	1	6	LGALS4
0.00973696525024318	0.195219920155528	0.953	0.9	1	6	ANXA2
0.00418565166064146	0.173792837202777	1	0.992	1	6	FKBP2
0.00149576409672359	0.122456802406939	0.802	0.563	1	6	RAMP3
0.000583983375282678	-0.281593475902409	1	0.999	1	6	unassigned-gene-4
0.00251154171589829	-0.416506216034645	0.792	0.862	1	6	KRT5
0.000751327222057379	-0.461576173471678	0.745	0.851	1	6	ND2
0.00551878795320098	-0.487674368413953	0.406	0.497	1	6	SRSF4
0.000830723213519222	-0.491060632438285	0.783	0.855	1	6	CD63
0.00136155430348011	-0.504466056704092	0.708	0.816	1	6	ND1
0.00578683606955119	-0.524921051369319	0.613	0.735	1	6	NONO
0.000340945375471746	-0.536821430016477	0.547	0.681	1	6	LIFR
0.0043815307343454	-0.548482357948547	0.566	0.676	1	6	ICAM1
0.00104542534271579	-0.555829969273618	0.509	0.607	1	6	AHNAK
0.00199990658214645	-0.559478273405688	0.755	0.825	1	6	ITGBL1
0.00908718442510695	-0.575995235963588	0.274	0.405	1	6	ATRX
0.00738709180699704	-0.586300777773	0.274	0.396	1	6	PSPC1
0.00628089274510757	-0.594240944891598	0.245	0.377	1	6	FGD5
0.0037780197400982	-0.608646868864272	0.245	0.394	1	6	PREX2
0.00199972986107002	-0.642730648351978	0.368	0.504	1	6	GDPD5
0.00869199505192995	-0.665555886076435	0.368	0.486	1	6	PMP22
0.00102490987182009	-0.705000769538628	0.292	0.466	1	6	PIEZO1
0.00717748351727361	-0.716430695265262	0.094	0.191	1	6	RFTN2
0.00967238948449577	-0.72655491253897	0.151	0.244	1	6	USP7
0.00453538013800195	-0.734138083958034	0.34	0.456	1	6	NPR1
0.00807768040154304	-0.734628213074652	0.208	0.335	1	6	ITGA9
0.000211803409730953	-0.736027665159252	0.33	0.505	1	6	PTBP3
0.00515941775459932	-0.736456770495656	0.358	0.448	1	6	TSPAN14
0.00992508219690068	-0.741984953108576	0.226	0.357	1	6	ITPR2
0.00264927679043802	-0.750371371539948	0.434	0.571	1	6	GASK1B
0.00128274577914523	-0.75491713561583	0.217	0.373	1	6	ND5
0.00513899032275072	-0.760662766859234	0.142	0.243	1	6	USP48
0.00534193657652137	-0.779873731124613	0.274	0.406	1	6	ATP2A2
0.00408043895375826	-0.782620974959729	0.208	0.327	1	6	RGL3
0.0041096389570325	-0.787856989807867	0.283	0.406	1	6	SPNS2
0.00356834140188984	-0.794552030726709	0.208	0.35	1	6	UTRN
0.00355027125994937	-0.794860925929878	0.226	0.369	1	6	PPP1R12A
0.00583668290905051	-0.801101865904024	0.208	0.319	1	6	SND1
0.00828762123337812	-0.823757071564334	0.151	0.248	1	6	NHERF2
0.00826988679528	-0.830552633073187	0.132	0.224	1	6	SBF2
0.00755519997882528	-0.831907912685198	0.085	0.175	1	6	RNF216
0.00420331579813359	-0.836655754053223	0.34	0.509	1	6	DYNC1H1
0.00213929098843	-0.837627741929138	0.292	0.456	1	6	PICALM
0.00611644566507582	-0.857086475681195	0.142	0.24	1	6	ERI3
0.0030322199797044	-0.864058436288905	0.434	0.548	1	6	CRIM1
0.00429131701420706	-0.864364124401265	0.226	0.364	1	6	SERPINB6
0.00281848718632897	-0.867272198437505	0.17	0.306	1	6	SPAG9
0.00420101431852171	-0.873302280532524	0.113	0.233	1	6	WDFY1
0.00894404153361189	-0.874179565473445	0.142	0.256	1	6	SNX9
0.00392003483452529	-0.874281540737024	0.349	0.476	1	6	TNS1
0.00907581805476651	-0.884716798862795	0.151	0.256	1	6	SBF1
0.00730319314557502	-0.893469715387948	0.179	0.289	1	6	GNAL
0.00664104693878738	-0.89847870010728	0.151	0.265	1	6	ANKRD11
0.0053991314856435	-0.898972182253665	0.292	0.427	1	6	DGKZ
0.0037303014712334	-0.902209274048665	0.17	0.304	1	6	LYST
0.00941085502806371	-0.912727145962664	0.17	0.31	1	6	TAOK3
0.000203861631178194	-0.914571970341955	0.557	0.697	1	6	LOC138504630
0.00446590427871192	-0.926086376066606	0.17	0.282	1	6	NCOR1
0.00857800534377593	-0.930088306624101	0.151	0.267	1	6	STAT5B
0.00167130944849964	-0.936231800822747	0.292	0.434	1	6	SIK3
0.00233818533027627	-0.939958550648163	0.198	0.33	1	6	FAM120C
0.00767656994326545	-0.940895061580685	0.123	0.227	1	6	CCSER2
0.000173404194070872	-0.951027644316465	0.368	0.526	1	6	KRT19
0.00107692977111066	-0.95224995654826	0.151	0.269	1	6	RB1
0.00189003290436279	-0.952412853295556	0.208	0.371	1	6	XYLT1
0.00579412281106259	-0.952689735561234	0.085	0.167	1	6	STAT3
0.00478099188930129	-0.953623821084891	0.132	0.252	1	6	LOC138569465
0.00509553950579301	-0.956641725665418	0.472	0.57	1	6	SPARC
0.00995198968168113	-0.956954912476784	0.123	0.223	1	6	AMFR
0.00884749634031038	-0.976074511898282	0.113	0.216	1	6	SBNO1
0.000725948310187401	-0.983748439783703	0.189	0.372	1	6	CTNNA1
0.00854747084591179	-0.99605156900246	0.075	0.157	1	6	MAP1LC3A
0.00824542110780812	-0.998529362725978	0.113	0.216	1	6	LRSAM1
0.00713443127660438	-1.0013118033973	0.208	0.325	1	6	FBXL7
0.00403304048387732	-1.00832588095435	0.132	0.275	1	6	KMT2C
0.00864642380236765	-1.0088898743317	0.123	0.25	1	6	GIGYF1
0.00343177984044767	-1.01094255910894	0.189	0.307	1	6	DAB2
0.0064024813590834	-1.01844418104495	0.132	0.245	1	6	CCNY
0.000721229918146204	-1.02455299062759	0.236	0.404	1	6	USP9X
0.00214689975334254	-1.02962398017502	0.123	0.245	1	6	DIP2B
0.00384933576395668	-1.03265804026465	0.132	0.251	1	6	BRD4
0.00695853581314039	-1.03579774779522	0.075	0.167	1	6	ZFAND6
0.0076755930212729	-1.03579774779522	0.075	0.164	1	6	LOC138504634
0.003725769762242	-1.05526761199344	0.151	0.286	1	6	CDK13
0.00125326135198785	-1.05946564510425	0.198	0.345	1	6	HOOK3
0.00302829896488324	-1.06298257712145	0.198	0.349	1	6	ADD1
0.00611523027238476	-1.0638701163933	0.113	0.226	1	6	UBE2Q2
0.000452109308811978	-1.09087265420995	0.208	0.34	1	6	ZNF521
0.000178079593872282	-1.09381300727472	0.387	0.535	1	6	FAM107B
0.00295336633274796	-1.09578872220469	0.123	0.269	1	6	MAP4
0.0079607974804809	-1.10469282900628	0.066	0.16	1	6	USP47
0.0019752928519364	-1.10842554788261	0.113	0.278	1	6	UBR4
0.00550265496875341	-1.11019031267868	0.17	0.293	1	6	SPRED1
0.00135504611131484	-1.11512020045662	0.17	0.309	1	6	ZZEF1
0.00854744878367924	-1.11956610548781	0.075	0.172	1	6	RNF14
0.00486080742910069	-1.1227333845665	0.123	0.253	1	6	FBXW7
0.00634878527645684	-1.12359598252397	0.085	0.187	1	6	SMC4
0.00422631225104273	-1.12589372545983	0.179	0.332	1	6	WNK1
0.00524248750840847	-1.12961977015174	0.094	0.202	1	6	ITSN1
0.000258821999683505	-1.13146819454411	0.085	0.227	1	6	BAZ2B
0.00611790933276532	-1.13219371381556	0.057	0.138	1	6	DMXL1
0.0012122945307162	-1.15164607648174	0.104	0.235	1	6	TRAF2
0.000232468632642753	-1.15609198151293	0.217	0.389	1	6	SMAD1
0.00744252040454928	-1.15609198151293	0.075	0.174	1	6	DENND6A
0.00135657713668174	-1.1566467575401	0.113	0.244	1	6	SPTAN1
0.00460219822740047	-1.16113259821346	0.075	0.195	1	6	PLOD3
0.000456134784286153	-1.17044727449	0.123	0.293	1	6	TEAD1
0.00164210709127191	-1.1710964061279	0.094	0.202	1	6	KDM5A
0.00254890405592353	-1.17401388951019	0.123	0.241	1	6	MARCHF3
0.00862030326651861	-1.18041166070834	0.085	0.196	1	6	WASF2
0.00710610270792554	-1.18041166070834	0.028	0.1	1	6	TRAK2
0.00520108119464352	-1.1846611337097	0.075	0.179	1	6	GLB1
0.000380370504228793	-1.18678118558407	0.17	0.311	1	6	SLC22A23
0.00550067166700423	-1.19673396601027	0.057	0.143	1	6	MTF2
0.0081279532789261	-1.19898641774165	0.236	0.353	1	6	VAV3
0.000578654522986378	-1.21073211205127	0.208	0.38	1	6	APC
0.00953399691180318	-1.22353402535399	0.057	0.138	1	6	KMT2E
0.00355892605548343	-1.25418423819417	0.113	0.227	1	6	SLC4A11
0.00302207387854311	-1.27173992197204	0.113	0.242	1	6	GNAO1
0.00845131044820149	-1.27909593556775	0.038	0.111	1	6	PDS5A
0.00725633200632339	-1.28419680726061	0.047	0.152	1	6	CHERP
0.000481585617521298	-1.29302515734443	0.198	0.374	1	6	MYH10
0.000718291474925358	-1.29954477159405	0.085	0.231	1	6	COPB1
0.000426322049067412	-1.30176943670856	0.104	0.241	1	6	ERC1
0.00770587665898976	-1.30421261263689	0.057	0.166	1	6	SLC38A9
0.00481283192347226	-1.30665165808831	0.066	0.168	1	6	PGM5
0.00577259219858278	-1.30815056216173	0.113	0.242	1	6	EPB41L2
0.000720783673472946	-1.31313569165851	0.047	0.182	1	6	ARID5B
0.00286925821009221	-1.31548631546307	0.17	0.333	1	6	GALNT18
0.00708549269344741	-1.33423748976021	0.057	0.161	1	6	TMEM181
0.00421710671078587	-1.33751262179307	0.028	0.109	1	6	FBRS
0.000880022922842447	-1.34685048637241	0.094	0.232	1	6	AFF1
0.00449796640820934	-1.34891738506532	0.038	0.116	1	6	DDI2
0.00011906822165962	-1.39181904135099	0.16	0.327	1	6	KALRN
0.00354675299642327	-1.4032599818877	0.066	0.169	1	6	UAP1L1
0.00261545164473321	-1.43704829534398	0.047	0.143	1	6	RNF114
0.00650044816890298	-1.44769553954349	0.038	0.12	1	6	SETX
0.00939119900745896	-1.45034511795744	0.028	0.1	1	6	SLC35A5
0.0072835721665526	-1.46352050670518	0.028	0.098	1	6	TULP4
0.00369612167194417	-1.46726290839099	0.057	0.166	1	6	PBX1
9.43132302362218e-05	-1.47802007640029	0.075	0.211	1	6	IGF2R
0.00945947691026784	-1.47917377101666	0.038	0.12	1	6	TBC1D8
0.00501809284407391	-1.48951571523812	0.038	0.124	1	6	LOC138569198
0.00951545537709226	-1.49978405069195	0.038	0.122	1	6	A4GNT
0.00121362406041603	-1.50489094112504	0.085	0.218	1	6	DVL1
0.0043779186474319	-1.50870928047143	0.066	0.194	1	6	RUFY3
0.000217302820220024	-1.51082622148353	0.104	0.269	1	6	PLA2G4A
0.00439682873474103	-1.51505080734526	0.028	0.105	1	6	RAB27B
0.00934772151696049	-1.54014178830809	0.038	0.127	1	6	OTULIN
0.00493475872252017	-1.54014178830809	0.028	0.103	1	6	SMC5
0.000176281186527524	-1.55428597062836	0.057	0.181	1	6	TNPO3
0.00452450349730718	-1.55990504312952	0.038	0.134	1	6	SPRYD7
0.0026415989834702	-1.5696860639221	0.038	0.129	1	6	ZNF236
0.00383324770357075	-1.58905138878903	0.047	0.157	1	6	DOCK7
0.000143938231707675	-1.58905138878903	0.104	0.255	1	6	NAV2
0.000111128440476409	-1.58905138878903	0.075	0.227	1	6	ANKRD17
0.00823421480480844	-1.58905138878904	0.028	0.11	1	6	ACAD9
0.00428623743467326	-1.59704417954257	0.047	0.147	1	6	TMTC1
0.000293278791492442	-1.60102403045511	0.066	0.218	1	6	WAPL
0.00674200200749128	-1.60499293265806	0.019	0.079	1	6	OSBPL3
0.00386518034213512	-1.60816021173674	0.038	0.131	1	6	CCDC9
0.00132703381662714	-1.6128981307434	0.047	0.155	1	6	RAPGEF1
0.0072835721665526	-1.62467529851976	0.028	0.109	1	6	CHORDC1
0.00207238578052992	-1.6456349171554	0.038	0.139	1	6	PHLPP2
0.00298857531933019	-1.6456349171554	0.038	0.132	1	6	LOC138581099
0.00386515778010833	-1.6456349171554	0.038	0.138	1	6	KPNA1
0.000217769915048255	-1.6479450778426	0.066	0.202	1	6	MED13
0.0072835721665526	-1.6479450778426	0.028	0.112	1	6	LUC7L
0.00135671706146357	-1.651787144137	0.047	0.163	1	6	TTC7B
0.00805667056421565	-1.65485344718478	0.038	0.135	1	6	PPP1R9B
0.00934780398154072	-1.67084547995268	0.028	0.114	1	6	CCDC93
0.000228829446094648	-1.67714271841389	0.075	0.231	1	6	CD53
0.000978440023261923	-1.68666218541546	0.085	0.219	1	6	LGALS9
0.00386219696266211	-1.69338804860377	0.028	0.119	1	6	NEURL4
0.00177015786635453	-1.72655491253897	0.132	0.264	1	6	APCS
0.00229977920701402	-1.72655491253897	0.047	0.17	1	6	GRAMD4
0.00141978293234767	-1.73842901282726	0.085	0.208	1	6	CLCA1
0.00879272832165796	-1.74105448223408	0.019	0.092	1	6	TECL2
0.00997174646795912	-1.74105448223408	0.019	0.083	1	6	PRR5L
0.00139654199172352	-1.74824998363829	0.047	0.171	1	6	ATG9A
0.00458796526249292	-1.76962363443086	0.019	0.093	1	6	ACER1
0.000570494497210244	-1.76962363443086	0.057	0.203	1	6	LOC138566285
0.00121516990482285	-1.78369881964258	0.019	0.096	1	6	XIAP
0.00310159271387696	-1.81144381012548	0.019	0.096	1	6	SPTY2D1
0.0051959415550177	-1.82511874702256	0.019	0.095	1	6	PTPN3
0.000270625021476744	-1.83326192033117	0.113	0.281	1	6	PLAT
0.00674201146526253	-1.85208579462283	0.019	0.092	1	6	PDE10A
0.0048890081088634	-1.85208579462283	0.028	0.124	1	6	DNMBP
0.00167024217395541	-1.87198535206053	0.038	0.144	1	6	VEGFA
0.00379204357328406	-1.87198535206053	0.028	0.124	1	6	SIN3B
0.00105864755423334	-1.87855800598402	0.019	0.1	1	6	GLIPR1
0.000978438411436006	-1.89161415880947	0.085	0.224	1	6	FN1
0.000588770688157382	-1.90712715818079	0.038	0.15	1	6	FOXP1
0.00913067550335804	-1.9109794836764	0.028	0.114	1	6	EPS8
0.00138008319958826	-1.91482154997079	0.038	0.163	1	6	ZFC3H1
0.00174327893533506	-1.9300883066241	0.038	0.15	1	6	MTSS2
0.00309210203005865	-1.94268834340373	0.019	0.103	1	6	UBA6
0.00873604977508977	-2.00408888806788	0.019	0.104	1	6	NEO1
0.00399874400873452	-2.01606152973395	0.019	0.108	1	6	AVL9
0.000702433350446282	-2.02793563002225	0.019	0.11	1	6	TPCN1
0.00290116063347238	-2.03579774779522	0.075	0.194	1	6	HMOX1
0.0098890030518352	-2.0397127977986	0.009	0.077	1	6	SLC31A1
0.00100211686807305	-2.04848300742633	0.028	0.143	1	6	NADK
0.000664960010492096	-2.07447821595928	0.028	0.144	1	6	FN3K
0.000298716588364462	-2.09578872220469	0.066	0.208	1	6	EXOC6
0.00413551456472738	-2.10842554788261	0.028	0.113	1	6	MAFB
0.000749808202848448	-2.11367888110058	0.368	0.466	1	6	CTSL
0.00405253337904503	-2.17401388951019	0.038	0.134	1	6	ENPP2
0.0073708568207657	-2.21613936518287	0.019	0.096	1	6	PLCE1
0.000700421130328786	-2.22648130940433	0.019	0.122	1	6	EIF4G3
0.00500845324560776	-2.25706962923775	0.019	0.108	1	6	ITGB3
0.0044585255803667	-2.26712329390167	0.009	0.08	1	6	CLU
0.00660953684804584	-2.29687063729572	0.019	0.105	1	6	LRG1
0.00354415524759986	-2.29687063729572	0.028	0.132	1	6	EMILIN1
0.00665618708669724	-2.38260051132161	0.009	0.092	1	6	MCM3AP
0.000395319604148772	-2.42811517057398	0.019	0.123	1	6	PLEKHG4B
0.00174974247500743	-2.43704829534398	0.019	0.114	1	6	SNCA
0.00109306661746329	-2.43704829534399	0.028	0.149	1	6	GAS6
0.00847874588536675	-2.43704829534399	0.009	0.076	1	6	GALR1
0.00577600085725566	-2.51505080734526	0	0.05	1	6	ZNF827
0.000616364443803947	-2.52513962496884	0.038	0.172	1	6	GPNMB
0.000244836795441086	-2.56480384254236	0.028	0.165	1	6	PDGFC
0.00444418103651033	-2.56480384254236	0.009	0.094	1	6	CRABP2
0.00977496656120401	-2.56480384254236	0	0.052	1	6	GJC1
0.00658623318673702	-2.63635710356739	0	0.057	1	6	CASP8
0.00857109654546426	-2.63635710356739	0	0.052	1	6	ANKRD6
0.00340862185981291	-2.70452860620897	0	0.059	1	6	SLC7A1
0.00296622394696915	-2.71558379471797	0.009	0.091	1	6	PGF
0.00857109654546426	-2.76962363443086	0	0.061	1	6	ACP3
0.00492170592394914	-2.79068524995869	0.019	0.109	1	6	MRGPRH
0.000891541727002795	-2.79068524995869	0.009	0.114	1	6	CACNB2
0.00227627778222067	-2.81144381012548	0.009	0.104	1	6	PDGFA
0.00751243368260764	-2.81144381012548	0	0.063	1	6	GALNT11
0.00577367816829279	-2.8319079126852	0	0.064	1	6	NHERF1
0.00752413693773335	-2.85208579462283	0	0.058	1	6	CYGB
0.000144810824938751	-2.8640584362889	0.038	0.188	1	6	UNC5B
0.00978283357720504	-2.96756301204276	0	0.063	1	6	CXADR
0.00298751421379913	-3.00408888806788	0	0.071	1	6	FAF2
0.00340699016935514	-3.05720022452744	0	0.077	1	6	PLA2G15
0.00659325649230343	-3.09155172931822	0	0.071	1	6	COL12A1
0.00340526574225461	-3.10842554788261	0	0.078	1	6	TSC2
0.00444430308360743	-3.17401388951019	0	0.068	1	6	MFSD12
0.00506691271165556	-3.23674964485815	0	0.071	1	6	ERRFI1
0.000283466675940082	-3.29687063729572	0.019	0.149	1	6	FGF10
0.000280522938311067	-3.30176943670856	0.019	0.148	1	6	PROX1
0.00261919741532757	-3.32601698295524	0	0.078	1	6	ABLIM2
0.000508235736568956	-3.4032599818877	0.009	0.129	1	6	SEMA3A
0.0006895672701528	-3.81144381012548	0	0.101	1	6	DOCK5
0.000205074542763501	-5.22519261343575	0	0.115	1	6	STAB2
1.23778039289624e-17	1.52093890441062	0.784	0.368	1.48211824245396e-13	7	SOX18
1.74575339124275e-17	4.35116367665554	0.186	0.012	2.09036511067407e-13	7	SOX6
9.10739667905485e-17	2.94711696129467	0.299	0.048	1.09051967835003e-12	7	GJA4
2.59109553443942e-14	1.265289770778	0.897	0.598	3.10257779293777e-10	7	STMN1
3.62700448496172e-14	3.33254799848819	0.165	0.017	4.34297517029316e-10	7	PRDM16
6.99401583139837e-14	2.1525763335978	0.392	0.104	8.37463455651641e-10	7	TMEM100
3.78785511212021e-13	4.29458014828917	0.155	0.012	4.53557771125274e-09	7	KCNK16
5.1596472948478e-13	-2.24538430016544	0.412	0.743	6.17816167085076e-09	7	PRSS23
4.03836127843486e-12	1.23059398998445	0.67	0.339	4.8355337947979e-08	7	ACVRL1
9.51248923822172e-12	3.48722522623157	0.227	0.03	1.13902546138467e-07	7	SLC26A10P
1.07268471352659e-11	1.21567397509901	0.918	0.753	1.28443267597674e-07	7	HMGN2
2.01639553058087e-11	0.753248179595402	0.938	0.838	2.41443200831753e-07	7	H2AZ1
4.83253384029424e-11	1.36227329382105	0.691	0.344	5.78647602036832e-07	7	ID3
1.41285831274631e-10	0.90048378683791	0.866	0.538	1.69175654368243e-06	7	PODXL
1.6680458456787e-10	-2.25648613549885	0.227	0.56	1.99731809561567e-06	7	IGFBP1
5.37736013769391e-10	1.21550857729797	0.557	0.25	6.43885102887469e-06	7	TJP2
5.58845678599192e-10	0.537613611812472	0.99	0.856	6.69161815554673e-06	7	CAV1
6.42006521313282e-10	2.96057922110123	0.165	0.018	7.68738608620524e-06	7	CCNB3
6.59161795265033e-10	2.93201006890446	0.186	0.03	7.8928033365035e-06	7	HEY1
7.59645198378819e-10	4.0430413812932	0.124	0.008	9.09599160538798e-06	7	ALOX12
8.29454874417115e-10	2.00846823274578	0.392	0.114	9.93189266627053e-06	7	TOP2A
1.63850418420611e-09	1.36410273236303	0.567	0.266	1.96194491016839e-05	7	SMAD6
2.07508631521838e-09	2.28120111848797	0.216	0.044	2.48470835384249e-05	7	PLK1
2.31234888913e-09	0.829046134113933	0.948	0.915	2.76880655984426e-05	7	HMGB2
2.61458783687277e-09	2.035845879889	0.237	0.058	3.13070747587145e-05	7	AURKB
3.94367228234545e-09	1.39438420525466	0.485	0.217	4.72215319088044e-05	7	NHERF2
4.4823248356222e-09	1.62157761285493	0.454	0.186	5.36713575817402e-05	7	B4GALT1
8.48522702658717e-09	0.710901586084253	0.948	0.882	0.000101602108416355	7	HMGN1
1.07996807870263e-08	1.35316387036236	0.608	0.31	0.000129315377743853	7	FBLN2
1.16532999878076e-08	1.18688476817846	0.711	0.47	0.000139536614054009	7	JAG2
3.59782425266612e-08	0.996691064969425	0.691	0.422	0.000430803476014242	7	SLC29A1
3.86378797377053e-08	2.37354537036038	0.32	0.097	0.000462649971979283	7	UBE2C
5.34774827254802e-08	1.09550880118734	0.536	0.262	0.0006403393781549	7	CD200
5.52097263883927e-08	1.28815387912974	0.423	0.168	0.000661081263774614	7	EMP2
6.44788229367415e-08	2.83004765795901	0.206	0.04	0.000772069425844543	7	SDK2
9.016955492662e-08	-1.12280244333729	0.423	0.651	0.00107969025069135	7	FLI1
1.04453169835996e-07	2.14548865026402	0.247	0.068	0.00125072225561621	7	CDK1
1.08761640456381e-07	1.88188658947862	0.278	0.09	0.00130231188282471	7	CXCL12
1.63193088003375e-07	0.882766549884611	0.753	0.525	0.00195407403575242	7	TUBA1B
1.75284164840143e-07	2.23066838446898	0.258	0.077	0.00209885258979587	7	FBN1
2.1043767981322e-07	0.960959728828847	0.567	0.314	0.00251978077808349	7	PLEKHG5
2.44769802871056e-07	2.72111328640584	0.144	0.025	0.00293087361957802	7	CCNB1
2.47267201078095e-07	2.11927696712029	0.165	0.039	0.00296077746570911	7	MTFR2
2.73461639846596e-07	-3.00135273806525	0.124	0.368	0.00327442967552314	7	MRC1
3.83922260728071e-07	-5.82500947245195	0	0.206	0.00459708514995792	7	RELN
4.12816081176181e-07	1.55429419583135	0.289	0.092	0.00494305975600359	7	EPO
4.33344161787576e-07	0.434755358081072	0.99	0.958	0.00518886299324443	7	RPLP1
4.35445516751311e-07	0.568012907604889	0.773	0.51	0.0052140246175802	7	ESAM
5.36594042878225e-07	1.44781054511822	0.299	0.117	0.00642517706942386	7	SMC2
5.46597835384788e-07	1.66800194994628	0.216	0.063	0.00654496248089746	7	KIF2C
5.56266710638103e-07	5.26543380262965	0.062	0.001	0.00666073759318064	7	LOC138453898
5.71396885749001e-07	1.37061603932171	0.433	0.196	0.00684190630995853	7	HEG1
6.87727926663774e-07	1.0710557574628	0.515	0.258	0.00823485419387203	7	PLPP1
1.16228642299621e-06	1.67380757162749	0.258	0.081	0.0139172176289567	7	SOX13
1.74713881066068e-06	-1.84204484399697	0.134	0.355	0.0209202401188509	7	ADD3
1.87804004659883e-06	2.55118828496353	0.134	0.026	0.0224876515179744	7	SLC6A9
1.95233019095728e-06	0.416486205475683	0.99	0.834	0.0233772017065225	7	KRT8
2.59807620436985e-06	1.52317390879393	0.278	0.105	0.0311093644711245	7	THBD
2.8281990816563e-06	0.372145019972351	1	0.972	0.0338648558037525	7	PTMA
2.86438297379805e-06	0.968932167264693	0.588	0.319	0.0342981217282579	7	EPAS1
3.66251258275047e-06	0.469506227769861	0.979	0.909	0.0438549256658541	7	DYNLL1
3.79153207852331e-06	1.07908060019079	0.515	0.28	0.0453998051082381	7	RHAG
3.81655084908838e-06	0.661105977041565	0.887	0.709	0.0456993798669843	7	PRDX1
4.68414959996001e-06	0.773914702143787	0.66	0.394	0.0560880073099211	7	CD93
5.3655757280321e-06	3.45807888057205	0.041	0.004	0.0642474037674564	7	IRX3
5.44750236066253e-06	2.05368862549271	0.155	0.041	0.0652283932665731	7	SHCBP1
5.5590999920059e-06	2.08884507090633	0.113	0.025	0.0665646633042787	7	ACR
5.57104941757195e-06	0.512210116866589	0.897	0.743	0.0667077457260065	7	COX7A2
5.69187472295401e-06	-2.49028835101263	0.031	0.203	0.0681545079326513	7	SH3BP2
5.72676952588171e-06	0.390133556383703	0.99	0.967	0.0685723383029076	7	RPS23
5.90294703852612e-06	3.26543380262965	0.062	0.007	0.0706818878393118	7	STK36
7.2531736711856e-06	0.84336903645684	0.474	0.272	0.0868495015387763	7	NMRK2
7.79534862913963e-06	1.84032644473322	0.237	0.076	0.093341504485318	7	CCNA2
7.9429415963199e-06	-2.3311286947753	0.299	0.472	0.0951087826743344	7	CTSL
8.05037496592648e-06	-1.17157511043325	0.381	0.575	0.0963951898420037	7	GASK1B
8.07036611820357e-06	1.25765179073239	0.412	0.178	0.0966345638993695	7	LOC138511292
8.1712568870003e-06	0.416272246287329	0.99	0.944	0.0978426299649415	7	RPS12
8.28916562043158e-06	1.40496754411249	0.371	0.183	0.0992544691390478	7	ATP2A3
9.35105316850583e-06	0.696166929275611	0.722	0.523	0.111969510639689	7	NUCKS1
9.64215215710687e-06	2.2356864592356	0.155	0.038	0.115455129929198	7	SULT2A1
9.91189628189566e-06	-2.15073036210348	0.093	0.291	0.118685046079419	7	CADM1
9.93975657669087e-06	0.597803644238662	0.794	0.655	0.119018645249296	7	TUBA1A
1.01822241822207e-05	1.80600218399236	0.186	0.058	0.12192195235791	7	BAMBI
1.08549152537368e-05	1.0329455035577	0.505	0.294	0.129976755248245	7	ENTPD1
1.11352745327048e-05	2.21015136712846	0.155	0.035	0.133333777254607	7	OPA3
1.11453070794897e-05	-5.75624024022872	0	0.164	0.133453906969809	7	APLN
1.12287337255963e-05	0.584871411219818	0.814	0.607	0.13445285763029	7	HSBP1
1.21814740876075e-05	0.300287634765591	0.969	0.961	0.145860970725013	7	FAU
1.24063910475308e-05	0.597578293560151	0.845	0.707	0.148554126403134	7	RAN
1.27207902056092e-05	-2.53370061262298	0.093	0.295	0.152318741921965	7	NRP2
1.28122347489852e-05	-0.961051373340679	0.237	0.448	0.153413698884349	7	ERG
1.31311384516422e-05	0.330757995595752	1	0.994	0.157232251819963	7	LOC138582460
1.39045242487315e-05	1.73015842600885	0.144	0.048	0.16649277335431	7	GFOD2
1.41442484557371e-05	1.36693099251385	0.216	0.086	0.169363231008996	7	RNASEH2B
1.43022184461817e-05	1.72111328640584	0.165	0.053	0.17125476367458	7	TRIM16
1.50408259373732e-05	1.64179083374444	0.216	0.072	0.180098849774107	7	RAD51AP1
1.50918479072562e-05	1.11876870745645	0.289	0.141	0.180709786841486	7	STOM
1.65368444957721e-05	0.358827977566695	0.959	0.956	0.198012175992375	7	RPS28
1.70491301939232e-05	0.717321707243468	0.649	0.45	0.204146284942036	7	LMNB2
1.95875503350808e-05	0.4214204099932	0.959	0.903	0.234541327712257	7	RPL35A
1.9621942395305e-05	2.10444192595735	0.155	0.039	0.234953138241382	7	KIFC1
2.15854931911868e-05	-4.75624024022872	0	0.148	0.258464695471271	7	PROX1
2.29559323196402e-05	1.29301963430155	0.289	0.128	0.274874333595371	7	LSM8
2.61223000036535e-05	0.590456928052182	0.773	0.516	0.312788420243747	7	ENG
2.69747096927636e-05	1.87311637985089	0.175	0.053	0.322995173861151	7	PLCG2
2.82059191826531e-05	0.585383204847126	0.753	0.584	0.337737676293088	7	RHOC
2.83006811932693e-05	1.70517174253682	0.216	0.069	0.338872356608207	7	ASPM
2.8416355318717e-05	0.632108280347097	0.691	0.425	0.340257438586317	7	NRP1
2.85582498451703e-05	0.349753567288003	0.99	0.977	0.341956483646069	7	RPS2
2.88497621262826e-05	2.18506038616563	0.113	0.026	0.345447051700108	7	DHRS4
2.94484679952562e-05	-1.78138705412334	0.072	0.248	0.352615955775197	7	ST8SIA4
3.08254480944085e-05	-1.71850985115127	0.155	0.359	0.369103915482448	7	VAV3
3.15959465357567e-05	-3.6346782603478	0.01	0.162	0.378329863819151	7	SRGN
3.23160829522013e-05	0.424936078865634	0.979	0.918	0.386952777269659	7	RPL28
3.25126059364048e-05	1.50388257018517	0.216	0.083	0.389305943482511	7	INCENP
3.39841784560123e-05	0.785349397134076	0.629	0.412	0.406926552832291	7	GLRX
3.42513693710828e-05	2.13615078568469	0.155	0.042	0.410125896849346	7	PALMD
3.47211501919493e-05	-1.22697194455562	0.247	0.458	0.415751052398401	7	TSPAN14
3.61156529968261e-05	-1.44345848054226	0.175	0.341	0.432448828983996	7	ZNF521
3.66580784061654e-05	-3.4367388827359	0.01	0.165	0.438943830835424	7	PDGFC
3.86050924879995e-05	1.47201807152992	0.258	0.094	0.462257377451306	7	LOC138566014
4.16293277870963e-05	0.383976647196512	1	0.967	0.498469570922691	7	RPL35
4.26726207174625e-05	1.79065421965892	0.165	0.05	0.510961960470896	7	TMUB2
4.30773119917572e-05	0.767934143158836	0.567	0.332	0.515807733789301	7	TACR1
4.37608458194023e-05	1.8466441684897	0.165	0.049	0.523992367841523	7	MASTL
4.41193395511453e-05	1.085092185242	0.639	0.475	0.528284971785414	7	ARL6IP1
4.46370272750714e-05	-1.65739833684789	0.103	0.298	0.534483764591705	7	SPRED1
5.13676427615662e-05	1.6100819740171	0.186	0.063	0.615076154426993	7	CKS1B
5.22801918039739e-05	1.45807888057205	0.186	0.07	0.626003016660783	7	LOC138481234
5.25975550499737e-05	0.786030763087181	0.536	0.338	0.629803124168385	7	RALGAPA1
5.3650588859749e-05	-4.04176700651116	0.01	0.172	0.642412151006634	7	NFIX
5.54567005457457e-05	0.554334840280394	0.711	0.472	0.664038532334759	7	SGK1
6.19485676822226e-05	0.912581134547389	0.608	0.403	0.741772149426933	7	PKM
6.45181493105905e-05	1.95557854004287	0.113	0.03	0.772540319845011	7	PADI3
6.4683329960168e-05	0.800101582552671	0.505	0.301	0.774518192943052	7	TNFAIP8L1
6.67054057257546e-05	2.87311637985089	0.072	0.01	0.798730528160185	7	NTM
6.95853094534692e-05	2.37561672038008	0.155	0.029	0.833214495395841	7	CKS2
7.55645085002746e-05	-1.26984157399115	0.268	0.454	0.904809424782288	7	STAB1
7.6394837975241e-05	3.45807888057205	0.082	0.009	0.914751789915535	7	CLIC5
7.65617480177023e-05	1.66161227465718	0.175	0.058	0.916750370763967	7	SOX17
7.69568381691707e-05	0.784165456941144	0.557	0.371	0.92148118023765	7	MXRA7
7.71689666542148e-05	0.981265183706514	0.443	0.263	0.924021206717568	7	PTTG1
8.30311288005133e-05	0.574015745315109	0.897	0.774	0.994214736257347	7	TUBA1C
0.00132601111706199	5.0430413812932	0.021	0	1	7	KIF5A
0.00132601111706199	5.0430413812932	0.021	0	1	7	PSRP
0.00132601111706199	5.0430413812932	0.021	0	1	7	TLR2
0.000106448196831332	4.19504447473826	0.041	0.002	1	7	PTPRV
0.000778970321165872	4.19504447473826	0.041	0.002	1	7	CLCN2
0.00132601111706199	4.0430413812932	0.021	0.001	1	7	LOC138540856
0.00132601111706199	4.0430413812932	0.021	0.001	1	7	LOC138581006
0.00141723139285045	3.87311637985089	0.031	0.002	1	7	IGSF3
0.00141723139285045	3.87311637985089	0.031	0.002	1	7	COL6A6
0.00783749863135266	3.87311637985089	0.031	0.002	1	7	VWA3B
0.000356244515438735	3.6804713019085	0.052	0.005	1	7	LOC138569646
0.00132601111706199	3.45807888057205	0.021	0.002	1	7	CAPS
0.00132601111706199	3.45807888057205	0.021	0.002	1	7	KHK
0.00132601111706199	3.45807888057205	0.021	0.002	1	7	LOC138472210
0.00141723139285045	3.45807888057205	0.031	0.003	1	7	NSL1
0.00783749863135266	3.45807888057205	0.031	0.003	1	7	KLHL21
0.00783749863135266	3.45807888057205	0.031	0.003	1	7	LOC138468343
0.000362842128392616	3.45807888057205	0.052	0.005	1	7	PSMC3IP
0.00129607125129827	3.2356864592356	0.052	0.006	1	7	HEY2
0.00141723139285045	3.13615078568469	0.031	0.004	1	7	TUBB3
0.00783749863135266	3.13615078568469	0.031	0.004	1	7	LOC138453387
0.000182430731136609	3.11704196273698	0.082	0.016	1	7	PI16
0.000518249819490713	3.09550880118734	0.062	0.008	1	7	LOC138514207
0.00132601111706199	3.0430413812932	0.021	0.003	1	7	MYO3B
0.00132601111706199	3.0430413812932	0.021	0.003	1	7	SIK1
0.000362842128392616	2.87311637985089	0.052	0.008	1	7	LOC138581119
0.00129607125129827	2.87311637985089	0.052	0.008	1	7	GALM
0.00927824953410887	2.78000697545941	0.041	0.007	1	7	WDR83
0.000206305293755789	2.75763916243096	0.072	0.011	1	7	NLN
0.00132601111706199	2.72111328640584	0.021	0.004	1	7	LOC138521159
0.00356805911717487	2.72111328640584	0.052	0.008	1	7	TMEM186
0.0032168402380896	2.6100819740171	0.041	0.008	1	7	CEP170B
0.00356805911717487	2.58360976265591	0.052	0.009	1	7	GUCD1
0.00110432074277797	2.51466240893842	0.113	0.036	1	7	APOC1
0.000282059168141544	2.49872086506939	0.103	0.03	1	7	MFSD4A
0.00138448267872766	2.45807888057205	0.062	0.012	1	7	CKAP2
0.00132601111706199	2.45807888057205	0.021	0.005	1	7	SWSAP1
0.00783749863135266	2.45807888057205	0.031	0.007	1	7	LOC138467891
0.00783749863135266	2.45807888057205	0.031	0.007	1	7	LOC138497606
0.000156934931574381	2.39394854315233	0.103	0.021	1	7	YBEY
0.00129607125129827	2.34260166315211	0.052	0.011	1	7	ZIM3
0.00812455388935062	2.34260166315211	0.052	0.011	1	7	ROPN1L
0.000742321559878721	2.33254799848819	0.093	0.02	1	7	HRH2
0.000397743404748453	2.32057535682211	0.093	0.02	1	7	PLK4
0.0032168402380896	2.32057535682211	0.041	0.009	1	7	CRYBB3
0.00758673611441862	2.28815387912974	0.072	0.019	1	7	SLCO2A1
0.00783749863135266	2.28815387912974	0.031	0.008	1	7	POT1
0.00129607125129827	2.2356864592356	0.052	0.012	1	7	ATAT1
0.000397743404748453	2.19504447473825	0.093	0.022	1	7	LOC138582523
0.0032168402380896	2.19504447473825	0.041	0.01	1	7	LIMK2
0.00927824953410887	2.19504447473825	0.041	0.01	1	7	PEX12
0.00138448267872766	2.17797096137931	0.062	0.015	1	7	NEPRO
0.000310496285876413	2.16262299704588	0.103	0.024	1	7	SPC25
0.00123499854917698	2.13615078568469	0.072	0.018	1	7	PRXL2B
0.00141723139285045	2.13615078568469	0.031	0.008	1	7	CDK5RAP1
0.00393935690349843	2.11015557715174	0.093	0.024	1	7	H2BC3
0.00138448267872766	2.09550880118734	0.062	0.016	1	7	MGAT5B
0.00316099853920954	2.09550880118734	0.062	0.016	1	7	RHBDL3
0.00637814380221709	2.09550880118734	0.062	0.016	1	7	LOC138570265
0.00927824953410887	2.07956725731832	0.041	0.011	1	7	PIGA
0.00475266699634082	2.06576145779329	0.072	0.018	1	7	PLXNA3
0.00475266699634082	2.06576145779329	0.072	0.019	1	7	NECTIN3
0.000156934931574381	2.05952950408177	0.103	0.026	1	7	SPX
0.00132601111706199	2.0430413812932	0.021	0.007	1	7	ULK3
0.000147692115276449	2.00741747156248	0.144	0.038	1	7	CDC20
0.00244933588406039	1.98414769223964	0.072	0.023	1	7	LOC138580660
0.000156453558410989	1.95557854004287	0.103	0.027	1	7	CDCA2
0.000518249819490713	1.94350570774229	0.062	0.018	1	7	LOC138510046
0.00178725509059726	1.94350570774229	0.113	0.037	1	7	SMAD7
0.000775331889883688	1.92202598033184	0.093	0.026	1	7	KIF14
0.00118746640117069	1.90788179801157	0.113	0.033	1	7	ZNF385D
0.000778970321165872	1.87311637985089	0.041	0.012	1	7	RPS6KB2
9.82495552165957e-05	1.87311637985089	0.124	0.035	1	7	TPX2
0.000218701580560788	1.87311637985089	0.082	0.023	1	7	KCNMB2
0.000483349629263577	1.87311637985089	0.082	0.023	1	7	LOC138583265
0.00609485156109658	1.87311637985089	0.113	0.036	1	7	EML6
0.000799648263081973	1.87311637985089	0.134	0.042	1	7	CCDC12
0.000201301413581312	1.84608617388174	0.423	0.257	1	7	KPNA2
0.000661540730920133	1.84140752012355	0.144	0.038	1	7	UBE2S
0.000310496285876413	1.83004765795901	0.103	0.031	1	7	ACAA1
0.00909903587806396	1.83004765795901	0.093	0.031	1	7	LOC138492526
0.00555863114862602	1.82581066507254	0.082	0.028	1	7	PCBD2
0.00343885925744359	1.82064895995676	0.082	0.025	1	7	PEX3
0.00123499854917698	1.81422269079732	0.072	0.023	1	7	ACOT11
0.00637814380221709	1.80600218399236	0.062	0.02	1	7	NSMCE4A
0.00812455388935062	1.79511386784962	0.052	0.017	1	7	PEX11B
0.00887775886098439	1.78000697545941	0.082	0.028	1	7	KYAT1
0.00421553995049226	1.77218747100011	0.175	0.063	1	7	KIF22
0.00397446546607422	1.75025963206536	0.113	0.043	1	7	RASD2
0.00275806883267221	1.74758549776703	0.103	0.031	1	7	CENPA
0.00284098074507197	1.74758549776703	0.103	0.032	1	7	CDKN2C
0.00641189016495438	1.74758549776703	0.103	0.033	1	7	CDCA5
0.000833770638064632	1.74588119155478	0.268	0.127	1	7	ABLIM1
0.000523031537395515	1.74187184657264	0.144	0.048	1	7	SLC45A4
0.000518249819490713	1.74187184657264	0.062	0.02	1	7	LOC138471709
0.00637814380221709	1.74187184657264	0.062	0.021	1	7	GPR19
0.00141575744391607	1.73561285610096	0.093	0.03	1	7	SNUPN
0.00998403606335166	1.73561285610096	0.093	0.028	1	7	NEK2
0.00131739608266743	1.71084495095202	0.134	0.043	1	7	CYB5D2
9.20178136083429e-05	1.69254413420907	0.144	0.046	1	7	PRIM1
0.00332183751465182	1.6804713019085	0.062	0.015	1	7	PDE3A
0.00637814380221709	1.6804713019085	0.062	0.022	1	7	FBXO34
0.000715058128517872	1.67148251868124	0.175	0.064	1	7	FAM13A
0.00188700100947266	1.66452975803947	0.134	0.046	1	7	TSEN2
0.00176127240825049	1.65072395851444	0.155	0.052	1	7	BOLA1
0.00108347594683093	1.62800388201436	0.165	0.058	1	7	PKIG
0.000775331889883688	1.6100819740171	0.093	0.031	1	7	MEDAG
0.00951594942130525	1.6100819740171	0.093	0.032	1	7	MRPL2
0.000151051834025953	1.59134541143551	0.268	0.108	1	7	JAG1
0.00188699122528289	1.58360976265591	0.113	0.04	1	7	ACBD5
0.00812455388935062	1.58360976265591	0.052	0.02	1	7	AP5S1
0.00427746196695171	1.55995849459126	0.103	0.037	1	7	TAS1R3
0.00909903587806396	1.55995849459126	0.093	0.038	1	7	EDN2
0.00298655400007948	1.55118828496353	0.113	0.039	1	7	SFXN5
0.000399460750934014	1.54554172182239	0.155	0.055	1	7	SUV39H1
0.00192525589849508	1.54054104076402	0.082	0.03	1	7	C4QH1orf115
0.00024073169312397	1.53207946201583	0.144	0.053	1	7	POLR2G
0.00273310937167083	1.53207946201583	0.144	0.052	1	7	NRBP2
0.00629707560231025	1.53207946201583	0.093	0.035	1	7	C11H1orf216
0.000425006207758264	1.53207946201582	0.196	0.083	1	7	PIK3CB
0.00932136242233558	1.52519307643059	0.103	0.038	1	7	DIS3
0.000491217151171524	1.52164400934951	0.237	0.086	1	7	CENPF
0.00129602874990358	1.51947942523619	0.093	0.041	1	7	MAML1
0.00298655400007948	1.51947942523619	0.113	0.041	1	7	INIP
0.00812455388935062	1.51947942523619	0.052	0.02	1	7	MED17
0.000131167928109893	1.51697256962562	0.216	0.084	1	7	B3GNT5
0.00408233573056544	1.51054630046618	0.134	0.049	1	7	CHD5
0.0088721726950113	1.50590740566266	0.134	0.062	1	7	NPPC
0.00174858029223318	1.50388257018517	0.144	0.056	1	7	ANAPC13
0.00951594942130525	1.49460475659716	0.093	0.036	1	7	CDC42EP1
0.00431677726323546	1.48609325674164	0.124	0.045	1	7	NOL6
0.0054707294006799	1.47718770351975	0.144	0.065	1	7	KIF23
0.00427746196695171	1.45807888057205	0.103	0.039	1	7	LOC138521149
0.00932136242233558	1.45807888057205	0.103	0.039	1	7	MBOAT7
0.00637814380221709	1.45807888057205	0.062	0.025	1	7	ABT1
0.00827034261825582	1.45807888057205	0.072	0.028	1	7	MMAB
0.000867948002851632	1.43571106754359	0.155	0.06	1	7	SAYSD1
0.000898925205434003	1.41625870487742	0.165	0.063	1	7	SNX19
0.00571082459966739	1.41625870487742	0.155	0.061	1	7	BIRC5
0.00817886317809567	1.40363109654967	0.124	0.05	1	7	HLTF
0.00974760424090914	1.38768955268065	0.093	0.037	1	7	ARHGEF6
0.00343885925744359	1.38007636857078	0.082	0.033	1	7	MIS18A
0.00593093975346068	1.38007636857078	0.082	0.033	1	7	CTHRC1
0.00798488174463528	1.38007636857078	0.072	0.033	1	7	FBXO10
0.00184564827433937	1.37715888518848	0.113	0.05	1	7	BOD1
0.00253402206630652	1.37061603932171	0.072	0.031	1	7	TMEM39B
0.000550136099798439	1.36121734131946	0.175	0.069	1	7	EXOC3
0.00998403606335166	1.35374222075731	0.093	0.038	1	7	LOC138492443
0.00105308294987191	1.3470475681833	0.216	0.092	1	7	LMO7
0.00244142888788473	1.34260166315211	0.155	0.062	1	7	TACC3
0.00906782399536864	1.34260166315211	0.113	0.047	1	7	PGGT1B
0.0099453067938154	1.33469646506677	0.134	0.056	1	7	URM1
0.00529987097662585	1.32057535682211	0.134	0.058	1	7	QSOX1
0.000848153618286648	1.31759765702222	0.175	0.081	1	7	PBXIP1
0.000412221318371288	1.30833176106737	0.155	0.064	1	7	RRP15
0.004189297241103	1.30053760358557	0.124	0.053	1	7	LOC138472144
0.000140386634065507	1.29514030944584	0.227	0.094	1	7	C8H10orf143
0.000204325197826346	1.28815387912974	0.247	0.113	1	7	GPR146
0.000616385039167356	1.28815387912974	0.155	0.065	1	7	PKD2
0.000137582264727922	1.28443079308702	0.34	0.155	1	7	CDCA8
0.001265426908649	1.27875518112749	0.165	0.069	1	7	LOC138497699
0.00431491899416577	1.26168166776855	0.113	0.05	1	7	NAB1
0.00883359060243197	1.26168166776855	0.113	0.051	1	7	ATR
0.000359397623908025	1.25240385418053	0.278	0.121	1	7	LOC138471647
0.00951594942130525	1.22541812378177	0.093	0.043	1	7	DOLPP1
0.000400696844330705	1.21861294587666	0.175	0.074	1	7	MTUS1
0.000204822136972233	1.21415329768596	0.485	0.299	1	7	FBXL7
0.000683961046374039	1.21015136712846	0.186	0.086	1	7	FARP1
0.00827034261825582	1.21015136712846	0.072	0.035	1	7	NELFE
0.00107534593812367	1.19504447473825	0.175	0.082	1	7	G2E3
0.00163420562342372	1.19504447473825	0.196	0.086	1	7	VPS35L
0.00062000506878771	1.18959004464615	0.103	0.043	1	7	PLCL1
0.0090987532298205	1.18506038616563	0.103	0.052	1	7	ACVR1B
0.0002121798269553	1.1760435128082	0.206	0.098	1	7	NCKAP5L
0.0048789867477224	1.17514491730055	0.237	0.122	1	7	MPPED2
0.00792740472182878	1.17050229047546	0.155	0.071	1	7	SPDL1
0.00400851320302128	1.1652971313442	0.093	0.044	1	7	HSPA14
0.00951594942130525	1.1652971313442	0.093	0.044	1	7	UBLCP1
0.00652448255492382	1.15429813239495	0.155	0.07	1	7	GPATCH2
0.00366200009310795	1.13615078568469	0.144	0.069	1	7	SLU7
0.00458834496978494	1.13615078568469	0.186	0.086	1	7	EVA1C
0.00879289467430765	1.13615078568469	0.258	0.126	1	7	FAM110D
0.00143659143566064	1.1262353168196	0.268	0.125	1	7	COMT
9.85643284761511e-05	1.11493429977499	0.268	0.121	1	7	LSM1
0.00478571216416183	1.11325038357461	0.227	0.114	1	7	SNRPB2
0.00307384409645902	1.11127611704566	0.227	0.105	1	7	SDR9C7
0.000501814164570174	1.11015557715174	0.258	0.127	1	7	OAZ2
0.00909903587806396	1.11015557715174	0.093	0.051	1	7	SLC30A6
0.000194788926538108	1.10685647889065	0.34	0.174	1	7	NDUFB8
0.000585368181750883	1.09070781492352	0.237	0.095	1	7	EPS8
0.00398839387812084	1.08611010318509	0.165	0.081	1	7	RCC1
0.000340223842458916	1.08170300166231	0.247	0.121	1	7	PIK3C2B
0.00298744963724131	1.07765513637454	0.258	0.13	1	7	IP6K2
0.00882223257313995	1.0710557574628	0.113	0.056	1	7	LOC138521178
0.000393873192369204	1.05368862549271	0.134	0.05	1	7	RGS5
0.0064667743089307	1.04779491126384	0.186	0.094	1	7	RABGGTB
0.00685679626035082	1.04626528216749	0.258	0.136	1	7	MED31
0.0016030962796292	1.0430413812932	0.227	0.116	1	7	LYRM4
0.000859676078312321	1.03912633128982	0.216	0.098	1	7	BUB1
0.00314492367940752	1.03912633128982	0.216	0.11	1	7	RCN1
0.000986591000927302	1.037235759612	0.268	0.136	1	7	AATK
0.00158600172352374	1.03661511213377	0.258	0.119	1	7	DLGAP5
0.000182875344181695	1.03181412586995	0.309	0.147	1	7	PYGL
0.000438130115664023	1.01896724631435	0.402	0.225	1	7	PTPRG
0.00129828079539798	1.00638291071436	0.155	0.08	1	7	MAP3K20
0.0077760402964184	0.984147692239636	0.258	0.131	1	7	NDUFB10
0.00949027469079714	0.984147692239636	0.175	0.092	1	7	POLDIP2
0.00699243690605959	0.978609508698206	0.216	0.127	1	7	TRAF7
0.00192705027544572	0.97568611349144	0.309	0.168	1	7	GOLGA7
0.000192468779377993	0.972652053401806	0.433	0.235	1	7	DNASE1L3
0.000180376681073946	0.970813053738025	0.402	0.23	1	7	RRM1
0.000951430540998543	0.959273023600606	0.227	0.115	1	7	LAMTOR2
0.000137737012002804	0.953947454463937	0.423	0.22	1	7	PPP1R16B
0.00349106146599109	0.946179842040615	0.247	0.137	1	7	DERL2
0.000158885356104638	0.93282262597516	0.34	0.163	1	7	SMC4
0.000172366061980783	0.931533066076214	0.536	0.298	1	7	GALNT18
0.00215974460094635	0.93121933441446	0.299	0.174	1	7	FILIP1L
0.00431491899416577	0.913758364348238	0.113	0.063	1	7	PRORSD1
9.15753932686153e-05	0.912264117667908	0.649	0.511	1	7	H1-1
0.000495411155689734	0.911335702081382	0.402	0.249	1	7	NDUFB4
0.0026251507194214	0.907881798011569	0.371	0.239	1	7	CBX5
0.000814298813652012	0.888546420420498	0.361	0.19	1	7	TCIM
0.00983178827478461	0.873116379850892	0.144	0.077	1	7	CEACAM5
0.00398140053207841	0.866061622316941	0.309	0.184	1	7	PIN4
0.00377784213845026	0.865621843303968	0.299	0.175	1	7	GSTK1
0.00581093454172969	0.864554366347468	0.247	0.143	1	7	KIAA1671
0.000358515481594179	0.857849623197582	0.423	0.242	1	7	RTRAF
9.19642179598152e-05	0.851421308751573	0.495	0.318	1	7	CETP
0.0082045677075886	0.851421308751573	0.206	0.119	1	7	MRPS33
0.00112944487594851	0.842954409340639	0.515	0.321	1	7	SHE
0.00569898909147511	0.840326444733223	0.278	0.151	1	7	NUP160
0.00377901911414961	0.840326444733222	0.381	0.247	1	7	EFNB2
0.00848211345775828	0.837492470120171	0.196	0.098	1	7	PLOD2
0.00502803662863351	0.832474395353546	0.309	0.174	1	7	BMPR2
0.000909486426573953	0.81835057642	0.423	0.26	1	7	FRYL
0.0061307171711522	0.810959903788322	0.433	0.27	1	7	PFDN4
0.00903728459300316	0.804944877209312	0.268	0.174	1	7	LOC138582769
0.00540574104568397	0.804403629766878	0.361	0.216	1	7	DUT
0.000855011373028636	0.798822597503578	0.371	0.228	1	7	NDUFA2
0.00794196038477287	0.791816277749044	0.216	0.127	1	7	NAA40
0.00144889317717878	0.791586494354293	0.371	0.227	1	7	SKA2
0.00318932186256785	0.789700371663255	0.247	0.146	1	7	FRY
0.00424889523341219	0.786701628033419	0.258	0.153	1	7	ZNF330
0.00348751981662916	0.776608398997545	0.402	0.271	1	7	PDLIM1
0.0028099923171847	0.775650570415275	0.278	0.162	1	7	VGLL4
0.00813665830406595	0.774814306239088	0.258	0.139	1	7	DUSP9
9.78840355849053e-05	0.773892000948049	0.608	0.401	1	7	HMGB3
0.00010535310558672	0.773028055444383	0.485	0.3	1	7	HYPK
0.000912883588606725	0.769368455013063	0.351	0.208	1	7	TMPO
0.00252806580937417	0.768560448808302	0.443	0.27	1	7	LOC138480899
0.00106941835253096	0.765056633993439	0.278	0.154	1	7	CH25H
0.000151718726300218	0.76329310189814	0.485	0.283	1	7	ASS1
0.00116987746137091	0.757639162430956	0.175	0.105	1	7	SECISBP2
0.00825241700160666	0.757639162430956	0.155	0.094	1	7	CDK2AP2
0.00988302643876217	0.753206916115695	0.247	0.136	1	7	DYNLL2
8.42314536002755e-05	0.751371107498523	0.454	0.291	1	7	METAP2
0.00868251640661474	0.731097374978464	0.423	0.285	1	7	ICAM5
0.00985527813213206	0.72915060547126	0.268	0.152	1	7	ALDH9A1
0.000464406144865503	0.727953031886305	0.536	0.364	1	7	LSM5
0.000571741073811804	0.724060570456179	0.423	0.261	1	7	NKAIN1
0.00803531765881075	0.715114545784399	0.32	0.2	1	7	SELENOH
0.00246197339063261	0.711652957156776	0.351	0.214	1	7	WTAP
0.00605375539544298	0.710844950952015	0.196	0.118	1	7	TSPAN2
0.00474341194826468	0.703191378408579	0.268	0.164	1	7	DEGS1
0.000138877130879282	0.702616942788453	0.608	0.387	1	7	TXNIP
0.0015485140453927	0.698098719933838	0.68	0.51	1	7	ARL15
0.000512238761214777	0.689894555795122	0.639	0.454	1	7	NEDD8
0.00822987723280758	0.687560726694815	0.474	0.334	1	7	GIMAP7
0.00511428383877015	0.678468948997348	0.299	0.183	1	7	DCTN1
0.000741090666723556	0.661241830428443	0.392	0.246	1	7	UCHL1
0.00988446525231866	0.660571744470791	0.464	0.308	1	7	ANP32E
0.0051000777752687	0.660571744470791	0.371	0.237	1	7	LDB1
0.0093886549686904	0.650723958514444	0.361	0.242	1	7	NPDC1
0.000763266156016923	0.647903439452065	0.505	0.359	1	7	DEK
0.00405534899615925	0.625705498477604	0.402	0.285	1	7	LSM7
0.00657718068116144	0.618543552765294	0.351	0.234	1	7	TIMM13
0.00222533408294445	0.61577545025607	0.639	0.5	1	7	KRT19
0.00059202732149965	0.615179841656777	0.526	0.349	1	7	ACP1
0.00183284592370043	0.613983411699426	0.371	0.229	1	7	SLC16A2
0.000927863010040182	0.608219229999909	0.392	0.216	1	7	SUSD1
0.00488621273307803	0.605954088394422	0.711	0.523	1	7	AQP1
0.000309938156078339	0.600097885444476	0.412	0.227	1	7	SELP
0.00112601906998972	0.596276174492068	0.454	0.293	1	7	SUB1
0.00286319150113595	0.588139421136421	0.278	0.159	1	7	SNAI2
0.00432319457142384	0.574974537827895	0.485	0.32	1	7	PFDN5
0.000821554067931289	0.571989603685802	0.794	0.621	1	7	COX7B
0.000187995775179587	0.56786702611016	0.845	0.656	1	7	H3-3A
0.00325263542051262	0.56499408448856	0.454	0.298	1	7	PHF5A
0.00835045069306428	0.561583456325908	0.505	0.366	1	7	LOC138570017
0.00348439424903674	0.560947251425858	0.649	0.466	1	7	ARHGDIB
0.00148158419013843	0.55705461037796	0.701	0.532	1	7	SNRPD3
0.00681551868284361	0.554892253726948	0.433	0.317	1	7	SEC11A
0.00997976689510799	0.554508643255141	0.289	0.188	1	7	USO1
0.00268466892725808	0.54247106786242	0.351	0.219	1	7	VEGFC
0.00643563259144142	0.529814634170963	0.546	0.386	1	7	PPP2CA
0.00678657684983149	0.526250383213627	0.546	0.388	1	7	SNRPC
0.00707660274512149	0.523173908793933	0.454	0.311	1	7	ATP5PB
0.00959399432526834	0.521644009349514	0.289	0.183	1	7	GAR1
0.00123248375591508	0.519909118475671	0.753	0.615	1	7	SRSF9
0.000370398749178445	0.515159975779315	0.784	0.602	1	7	CAVIN1
0.000369404455995121	0.511570287336406	0.897	0.781	1	7	H3F3A
0.000699419692764047	0.508393345222743	0.526	0.366	1	7	SRSF1
0.00140791243937285	0.503139334353533	0.856	0.78	1	7	FSTL1
0.00171308354495679	0.496553028386684	0.67	0.508	1	7	UQCR10
9.32517884477183e-05	0.494271532195429	0.784	0.54	1	7	SNRPB
0.00119738196682218	0.493754612176045	0.619	0.459	1	7	EHD2
8.89029576830327e-05	0.489201398067829	0.814	0.633	1	7	CAVIN2
0.00694425447849474	0.487655460511928	0.722	0.618	1	7	ATP5PF
0.00675597836779589	0.486407603630543	0.608	0.469	1	7	ATP5F1D
0.000479035579995617	0.47737356992569	0.814	0.715	1	7	SNRPF
0.00814043727447025	0.472578450267163	0.515	0.377	1	7	EZR
0.00235299737992324	0.471884680097079	0.649	0.538	1	7	SRSF5
0.00167859929830098	0.465122157576168	0.536	0.437	1	7	ERH
0.00575933590485625	0.461551072478853	0.66	0.523	1	7	DAD1
0.00219907590803774	0.459998634735414	0.639	0.498	1	7	PSMA2
0.00632992883796201	0.454476643891852	0.68	0.512	1	7	MIF
0.00124644081762442	0.449904949126348	0.639	0.461	1	7	PMP22
0.000718448655535537	0.435607837244749	0.866	0.756	1	7	SRSF3
0.00212685450911363	0.429612225269988	0.505	0.369	1	7	PREX2
0.00493197433176441	0.428690639865821	0.845	0.672	1	7	TRA2B
0.00879197857337382	0.422454970841327	0.567	0.435	1	7	FLNA
0.000199397845233492	0.414782046569498	0.897	0.838	1	7	RBMX
0.000245457058500456	0.399679349783591	0.959	0.935	1	7	RPS19
0.0033657610587299	0.395638305796141	0.577	0.409	1	7	UBE2N
0.00178158163510144	0.393566119017319	0.887	0.768	1	7	SNRPG
0.000567797847784016	0.391817438303327	0.794	0.602	1	7	ATP5IF1
0.00248891065617993	0.390661119211941	0.639	0.452	1	7	TMEM167A
0.00187191275590459	0.383912861935167	0.567	0.413	1	7	LOC138582805
0.00724233364592148	0.381892045806562	0.845	0.759	1	7	TUBB4A
0.0084588744952969	0.381367040940866	0.701	0.568	1	7	PPIB
0.00014917735676448	0.379288617170012	0.938	0.801	1	7	RPL9
0.0067875815481469	0.377571378412417	0.804	0.662	1	7	HNRNPA1
0.000714196936066956	0.375893125216803	0.959	0.902	1	7	RPS13
0.000570910098155204	0.36830640697337	0.918	0.79	1	7	RPL18A
0.000888210046873579	0.36751167074302	1	0.99	1	7	Fth1
0.000515979544657937	0.365820372720059	0.67	0.483	1	7	SPACA4
9.03104820713899e-05	0.353779212463598	0.99	0.959	1	7	RPS18
0.00984966748979283	0.34892096822239	0.794	0.644	1	7	SNRPD1
0.000717770200247653	0.346908689082039	0.979	0.918	1	7	RPS10
0.00241294981260844	0.346731697319361	0.763	0.657	1	7	NPM1
0.000520412483530693	0.343547796123538	0.948	0.906	1	7	RPL12
0.00998627997365518	0.33904258988059	0.639	0.56	1	7	TARDBP
0.000318147674320666	0.338934310416665	0.969	0.887	1	7	RPS27A
0.000409634778705038	0.33740899393179	0.866	0.725	1	7	PRMT1
0.0054904269757149	0.332665410088733	0.979	0.922	1	7	RPL31
0.00153166823311007	0.330408714595383	0.938	0.862	1	7	RPS16
0.000503591198700478	0.326572341418294	0.99	0.893	1	7	RPS21
8.52896706162918e-05	0.318665947338209	0.99	0.969	1	7	RPL23
0.00192774789471127	0.317037220234942	0.979	0.902	1	7	RPS15
0.000357790941300328	0.315882544823918	0.938	0.844	1	7	GAPDH
0.000923722327077874	0.31207076176839	0.938	0.895	1	7	RPS11
0.00194580661619393	0.309888397303635	0.969	0.846	1	7	PMP2
0.00399310447686283	0.309178661614662	0.845	0.734	1	7	RPL6
0.000290237422344253	0.30801918495502	0.99	0.946	1	7	RPL14
0.000218847976319681	0.307711447162985	0.99	0.966	1	7	RPS27
0.000137237550555238	0.305451291773815	1	0.969	1	7	RPLP2
0.00244547344823417	0.304019718061628	0.969	0.918	1	7	RPLP0
0.0047864254460302	0.303568931516423	0.969	0.865	1	7	RPL30
0.0028086919158753	0.30219301976363	0.918	0.788	1	7	SRSF2
0.00912221145897968	0.301260867771213	0.629	0.482	1	7	NDUFB1
0.00158446293096437	0.29625619763383	0.959	0.923	1	7	RPL39
0.00151687529806816	0.291866646799254	0.979	0.938	1	7	RPL19
0.00159253316387154	0.290609530856048	0.887	0.755	1	7	OAZ1
0.000299912856277198	0.288153879129736	0.928	0.833	1	7	CALM1
0.000248457532915615	0.287203263452077	1	0.977	1	7	RPL32
0.00216098433206293	0.286845905295004	0.959	0.93	1	7	RPL37
0.00731066270518727	0.286720144809612	0.959	0.906	1	7	RPL34
0.00175955979533211	0.283040600412125	0.959	0.927	1	7	UBA52
0.00470919092385062	0.281051490999418	0.969	0.951	1	7	RPL24
0.00815655458482935	0.278262204857223	0.928	0.855	1	7	RPS3A
0.00431720263484759	0.274063130948656	0.99	0.942	1	7	RPS26
0.00293701961017612	0.270178938108186	0.99	0.956	1	7	RPL13
0.000827980017895643	0.260503235976751	0.99	0.943	1	7	RPL36
0.00705960743715048	0.259007533470219	0.825	0.68	1	7	SLC25A3
0.00277065656129854	0.258851152239684	0.959	0.93	1	7	RPS20
0.00862376992564267	0.255955056741587	0.969	0.875	1	7	MSN
0.00760884564574164	0.253474618249265	0.928	0.84	1	7	CRIP1
0.00363853992118438	0.237784925119598	0.948	0.944	1	7	EEF1G
0.00815150176568787	0.236159241491474	0.979	0.907	1	7	RPS29
0.00683784313172939	0.234553285141298	1	0.977	1	7	RPS15A
0.00665782085879721	0.233198558435783	0.979	0.936	1	7	RPL10
0.000641502629204271	0.23102948016355	1	0.973	1	7	ZA20D3
0.00732052298181706	0.221538626745267	0.979	0.931	1	7	RPS7
0.00719158072790347	0.22139621238234	1	0.989	1	7	S100A11
0.00550026124705013	0.217897145792072	0.969	0.927	1	7	HNRNPA3
0.00212993631885695	0.20359530668282	0.99	0.942	1	7	RPL36A
0.00222047155017948	0.190218212457063	1	0.997	1	7	CIRP
0.00734912940391522	-0.220181912538008	0.948	0.966	1	7	CYTB
0.00756467830247996	-0.33022329888774	0.351	0.485	1	7	CAPRIN1
0.00625158229306937	-0.47777003366942	1	0.999	1	7	unassigned-gene-4
0.00837296002963398	-0.478237828969688	0.454	0.513	1	7	NID2
0.00580349844260295	-0.491456052444964	0.113	0.241	1	7	MARCHF3
0.00633294897689895	-0.54559677757135	0.381	0.497	1	7	NFIB
0.00805167858636416	-0.657398336847888	0.175	0.297	1	7	CS
0.00125371183787929	-0.664484938088252	0.753	0.865	1	7	KRT5
0.000114962632219024	-0.669844599560303	0.515	0.629	1	7	MARCKS
0.000262411156783854	-0.673725596451207	0.412	0.538	1	7	JCAD
0.00509044441310569	-0.687853265248468	0.443	0.583	1	7	ASAP1
0.00401549617193401	-0.688538747378195	0.392	0.486	1	7	CSF1
0.00584116209954808	-0.693230442702917	0.34	0.453	1	7	ARHGAP21
0.00054598942836787	-0.698964829573532	0.412	0.553	1	7	ADAM10
0.00530813622230911	-0.709079686578888	0.196	0.361	1	7	PDE4B
0.000253644967722788	-0.720043273836884	0.216	0.393	1	7	COL1A1
0.00837232661866109	-0.720724272216717	0.237	0.34	1	7	NCOA2
0.00634123155157743	-0.721356340152737	0.34	0.47	1	7	RBMS1
0.00476394813708565	-0.747825417975831	0.495	0.608	1	7	AHNAK
0.00943022512778115	-0.778960316728801	0.186	0.302	1	7	JARID2
0.00409768812153193	-0.780325858753031	0.134	0.256	1	7	LOC138526320
0.000845775427811888	-0.784576444656905	0.443	0.576	1	7	INSR
0.00166277291315242	-0.789848632871537	0.155	0.288	1	7	ERLIN2
0.00239421703717773	-0.803075792043523	0.34	0.463	1	7	LYVE1
0.000558069363340097	-0.812676562325799	0.289	0.444	1	7	PEA15
0.00650133408929577	-0.813629858827579	0.165	0.287	1	7	CCDC80
0.000108171737620721	-0.822832455159181	0.474	0.628	1	7	TJP1
0.00981843536388934	-0.828802267216113	0.206	0.326	1	7	PLEC
0.00523489646518994	-0.833152417092398	0.165	0.293	1	7	GNA12
0.00511486451663369	-0.841287059663222	0.227	0.37	1	7	ELMO1
0.000617775983677644	-0.850967923018582	0.33	0.507	1	7	NRK
0.000602953871258856	-0.853507270093855	0.227	0.381	1	7	MAP4K4
0.00632643565111389	-0.860960934990488	0.216	0.346	1	7	ADD1
0.00839018864808165	-0.905325850291473	0.113	0.192	1	7	SWT1
0.00621365277521434	-0.924390756250365	0.196	0.32	1	7	SIPA1L1
0.00523428912344329	-0.928944242537199	0.113	0.231	1	7	PTP4A2
0.00171029954904244	-0.931946730698722	0.443	0.565	1	7	DOCK9
0.000824311648841889	-0.93852590060981	0.155	0.283	1	7	SCP2
0.0093438647289315	-0.951312055565654	0.113	0.21	1	7	BRI3
0.00138761531945166	-0.963384887866229	0.113	0.242	1	7	TRAPPC9
0.00333545708780381	-0.97932643173525	0.124	0.244	1	7	USP48
0.00695535964469343	-0.97932643173525	0.082	0.174	1	7	CTIF
0.00704583199627045	-0.991228520791542	0.113	0.233	1	7	RASGRP2
0.00985055903651794	-0.995877607999098	0.113	0.207	1	7	RARA
0.00050037406413652	-0.998355240537964	0.784	0.844	1	7	unassigned-gene-2
0.00770505616017504	-1.00135273806525	0.144	0.265	1	7	DIAPH1
0.00574086251869354	-1.01006995516636	0.144	0.255	1	7	SNX9
0.000535956936800003	-1.01562686904737	0.258	0.436	1	7	SIK3
0.00985842273651195	-1.01945454444056	0.165	0.294	1	7	MDFIC
0.00624837319780644	-1.02431388650856	0.144	0.288	1	7	MBNL3
0.00613388960025644	-1.02734794659819	0.093	0.192	1	7	HIF3A
0.00710100339870698	-1.03020760073743	0.082	0.177	1	7	TTC31
0.00649715182716066	-1.03377421575763	0.113	0.223	1	7	EYA3
0.00715635439560198	-1.04971575962665	0.186	0.318	1	7	VASH2
0.00900455116627075	-1.05849664516886	0.082	0.166	1	7	MPRIP
0.00690393940693362	-1.07030009178274	0.124	0.233	1	7	EXT1
0.00542365868655955	-1.07284378043622	0.165	0.289	1	7	GNAL
0.00338972898668856	-1.08107993053598	0.113	0.226	1	7	AFAP1L1
0.000127222449396618	-1.08678390028543	0.289	0.477	1	7	SLC2A1
0.000672641660848191	-1.09108289872126	0.144	0.302	1	7	WDR26
0.00137640387192108	-1.09343713705597	0.175	0.325	1	7	KALRN
0.00232272077219414	-1.12688362014911	0.072	0.172	1	7	AFTPH
0.00501765447948244	-1.13202692342507	0.258	0.431	1	7	ADAMTS4
0.00373575198618382	-1.13885626181518	0.186	0.322	1	7	RCAN1
0.00968329697738905	-1.14678317758681	0.082	0.188	1	7	BTN1A1
0.0004373529117046	-1.1475430907152	0.237	0.407	1	7	MAGI1
0.00660689516045909	-1.17239827940148	0.124	0.238	1	7	VPS13C
0.000383771305304491	-1.18916789840345	0.144	0.31	1	7	DAB2
0.00017166640753528	-1.20488613215038	0.124	0.314	1	7	SLC22A23
0.00284352750346544	-1.21600951062209	0.155	0.322	1	7	KDM6B
0.00387388155144234	-1.2392748576953	0.144	0.31	1	7	LBH
0.00382025263024863	-1.24236083756904	0.113	0.232	1	7	SERPINE2
0.000235540444447118	-1.26553715993514	0.165	0.356	1	7	PTPRE
0.00168386859882128	-1.26681388129358	0.082	0.203	1	7	SPTLC1
0.00361235867070433	-1.28027325386512	0.227	0.368	1	7	LOC138487737
0.00128154295691938	-1.28734829234235	0.165	0.319	1	7	PALD1
0.00259631329544929	-1.28787549682141	0.103	0.242	1	7	EPB41L2
0.00177001927158837	-1.32851748131876	0.093	0.227	1	7	SRGAP1
0.00582572981605508	-1.33987734348331	0.093	0.209	1	7	ARHGAP28
0.00108017705790134	-1.35954437693938	0.144	0.28	1	7	CEBPD
0.00134012561708062	-1.36111765413007	0.113	0.22	1	7	FN1
0.0069045091332241	-1.371190817914	0.062	0.158	1	7	NFKB1
0.000557074588607435	-1.37986436131898	0.134	0.306	1	7	TSC22D2
0.00469495997836235	-1.3811249075249	0.062	0.173	1	7	DOCK11
0.00566739333659454	-1.38322337340889	0.103	0.231	1	7	CCN1
0.000192681560805041	-1.3854583777922	0.412	0.532	1	7	FAM107B
0.00780778580253817	-1.38741117037233	0.072	0.194	1	7	CORO1C
0.00471852903542653	-1.3899180259829	0.041	0.124	1	7	DBNDD2
0.000902267698361767	-1.39367016084401	0.072	0.188	1	7	HOMER3
0.00764657914028158	-1.39990211455552	0.041	0.122	1	7	TLL1
0.00895250766186222	-1.39990211455552	0.062	0.174	1	7	C2CD2
0.0074775897527635	-1.42805315486967	0.062	0.161	1	7	PRKCA
0.00118561535572097	-1.43066436832621	0.062	0.197	1	7	NHSL1
0.00510356324195734	-1.44881171503647	0.062	0.176	1	7	SH3PXD2B
0.00239526158914978	-1.45945895923598	0.082	0.203	1	7	ANGPT2
0.00420973271231435	-1.46248665193355	0.062	0.169	1	7	UAP1L1
0.00225736905502333	-1.48443562476719	0.072	0.218	1	7	TENT4B
0.00476981942918716	-1.48443562476719	0.021	0.108	1	7	EDEM3
0.00169984901053653	-1.48945369953382	0.062	0.182	1	7	CBR1
0.00147128164083338	-1.49611742981483	0.072	0.203	1	7	KMT2A
0.00710580965349324	-1.49611742981483	0.031	0.114	1	7	NUP54
0.00169861166253076	-1.50642243820657	0.082	0.219	1	7	EPS15L1
0.000504643047830202	-1.51154747038443	0.082	0.224	1	7	IL13RA1
0.00803181238316549	-1.51920104292787	0.052	0.164	1	7	FAM98A
0.000776763360839821	-1.53287597982494	0.093	0.258	1	7	SSH2
0.00524856481831887	-1.53287597982494	0.041	0.137	1	7	GIPC3
0.0016998851269487	-1.54192111942795	0.062	0.182	1	7	LGALS3BP
0.000710873224619478	-1.54754566862183	0.072	0.205	1	7	LYN
0.00453085538448732	-1.56428893245641	0.041	0.148	1	7	TBFA
0.00780526973320716	-1.57901043816317	0.052	0.149	1	7	TNFAIP2
0.000596374893268861	-1.61231044731935	0.031	0.134	1	7	ASAP3
0.00172506662881312	-1.61517010145859	0.093	0.22	1	7	CEMIP2
0.0027142811185372	-1.61517010145859	0.052	0.169	1	7	SLC4A7
0.00604832485071732	-1.61873671647878	0.031	0.108	1	7	ABCA1
0.00434191134473033	-1.62938396067829	0.031	0.117	1	7	TIPARP
0.00733911868462181	-1.63995320238848	0.031	0.098	1	7	DOCK5
0.00386556574751542	-1.67120413637292	0.031	0.125	1	7	KIDINS220
0.00803436279088783	-1.7396292773838	0.093	0.191	1	7	HMOX1
0.00199345539564456	-1.78984863287154	0.041	0.149	1	7	MTSS2
0.00526448833208474	-1.7993089621206	0.031	0.12	1	7	EFCC1
0.00293108877815719	-1.80244866965117	0.021	0.102	1	7	SPIN4
0.000151820574750249	-1.80401596479813	0.155	0.317	1	7	IQSEC1
0.000549573237921519	-1.86835060655026	0.072	0.216	1	7	EMID1
9.42235604794217e-05	-1.91115492909367	0.206	0.412	1	7	CYSLTR1
0.00118076655606028	-1.92043274268168	0.041	0.162	1	7	EML1
0.00411922114353932	-1.92993840477309	0.072	0.193	1	7	NR6A1
0.00973335840379165	-1.93423854220671	0.021	0.1	1	7	FXYD3
0.00123715550649119	-1.95554904845212	0.072	0.206	1	7	EXOC6
0.000864548019392951	-1.98486461527668	0.031	0.146	1	7	FOXO1
0.00476672774178905	-2.01224105420799	0.021	0.108	1	7	RALGDS
0.00710098504475573	-2.04971575962665	0.01	0.08	1	7	ECD
0.00370736222211321	-2.07886210528616	0.062	0.163	1	7	FGL2
0.00386634901057293	-2.09035774412399	0.041	0.14	1	7	SLC7A8
0.00310239303437676	-2.11682995548519	0.052	0.17	1	7	GPNMB
0.00587464294075781	-2.15663096354316	0.031	0.13	1	7	EMILIN1
0.00758037153132147	-2.15663096354316	0.021	0.104	1	7	LRG1
0.00706631038413486	-2.20013260217975	0.01	0.083	1	7	PRR5L
0.00157202860734833	-2.20488613215038	0.021	0.13	1	7	DMPK
0.00121259604761554	-2.23308302398103	0.021	0.124	1	7	NR5A2
0.00148050191648707	-2.25616663709407	0.093	0.25	1	7	LOC138472551
0.00319717520563054	-2.39158684634352	0.021	0.113	1	7	MAFB
0.000566741516948395	-2.39990211455552	0.021	0.146	1	7	ZNF423
0.000111101238901783	-2.40404184491645	0.052	0.217	1	7	FLT4
0.00488830194933342	-2.41228583901136	0.01	0.096	1	7	RTP3
0.000758016305568156	-2.4367388827359	0.01	0.106	1	7	CAPN5
0.00179887121339203	-2.71184612087026	0.01	0.108	1	7	ITGB3
0.00028884510761982	-2.7513744850569	0.021	0.144	1	7	VEGFA
0.0014080103727846	-2.80870766012285	0.01	0.114	1	7	MOV10
0.00573564996522079	-2.80870766012285	0	0.063	1	7	DPP4
0.00824998935322441	-2.8273233382902	0	0.07	1	7	DENND2A
0.00123454498367644	-2.89064927365903	0.01	0.114	1	7	SNCA
0.000449282180189661	-2.925625411902	0.01	0.123	1	7	EPHB1
0.0024334076508164	-3.00135273806525	0	0.076	1	7	APEH
0.00083545125017602	-3.26302030813514	0.01	0.128	1	7	SEMA3A
0.00389822279095668	-3.41228583901136	0.021	0.101	1	7	ESM1
0.000262364911125749	-3.41228583901136	0.01	0.133	1	7	PDPN
0.0057411814438006	-3.44881171503647	0	0.074	1	7	LOC138577431
0.00131654548265686	-3.58631523878641	0	0.091	1	7	PGF
0.00102603416653098	-3.68147247182675	0	0.098	1	7	PLCE1
0.000286516776237773	-4.11682995548519	0.082	0.218	1	7	HAPLN3
0.000105123331939518	-4.7513744850569	0	0.15	1	7	FGF10
0.000487658743970448	-5.08495293968319	0	0.114	1	7	STAB2
2.95394262155478e-19	1.05561381451367	1	0.859	3.53705089504969e-15	8	CAV1
6.1647829766671e-19	-2.29381835758429	0.378	0.825	7.38171113626118e-15	8	VWF
1.69220603336498e-17	2.47334251341212	0.405	0.085	2.02624750435123e-13	8	CXCL12
1.0683758887677e-16	1.17909089404775	1	0.847	1.27927328921045e-12	8	PMP2
1.4380258094613e-14	0.866382910418433	0.986	0.837	1.72189210424897e-10	8	CRIP1
1.28247006265464e-13	1.20244988292576	0.919	0.542	1.53562965302267e-09	8	PODXL
4.81091327298114e-12	1.59393265422571	0.716	0.343	5.76058755306762e-08	8	PINLYP
5.14802623724312e-12	-2.50724618014166	0.405	0.736	6.16424661647491e-08	8	PRSS23
8.37153707808436e-11	0.961975330881453	0.905	0.633	1.00240784972982e-06	8	CD34
3.75668640904576e-10	0.959413760488504	0.878	0.633	4.4982563061914e-06	8	CAVIN2
5.52803497132049e-09	4.46429737380911	0.068	0.003	6.61926907465915e-05	8	GPR137
1.1679369624576e-08	0.693413471408971	0.959	0.844	0.000139848771884673	8	EIF5A2
1.26941340744752e-08	0.534020240735404	0.878	0.515	0.000151999561407766	8	AQP1
3.54796084919901e-08	1.55071212562659	0.419	0.143	0.00042483283208309	8	CRTAC1
3.64887286912552e-08	0.539872767653091	1	0.968	0.00043691603734909	8	CFL2
7.28990462491503e-08	0.867362231421881	0.851	0.599	0.000872893179787326	8	SPTBN1
1.62919337994832e-07	0.971115217006919	0.851	0.616	0.00195079615315012	8	B2M
1.67619160815552e-07	0.759241027597651	0.986	0.846	0.00200707183160542	8	DBI
1.80858178467001e-07	0.872066872623918	0.824	0.579	0.00216559582896387	8	ECM1
2.30363385341708e-07	1.17306607614467	0.649	0.352	0.00275837117608161	8	ROBO4
2.94397842287028e-07	1.12821518461189	0.662	0.32	0.00352511976354487	8	EPAS1
3.00581138588571e-07	2.11852253696738	0.189	0.053	0.00359915855345955	8	KCTD12
3.08241576586588e-07	-2.64073809688918	0.108	0.404	0.00369088463804781	8	EXOC3L2
3.14682648925789e-07	0.9407354177521	0.797	0.547	0.0037680100382374	8	LOC138515939
5.85318614630883e-07	1.08688395796801	0.811	0.535	0.00700860509159019	8	SH3BGRL3
6.37025650153675e-07	0.546061804606585	0.946	0.815	0.0076277451349401	8	MYL12B
8.03675294937097e-07	2.2324446232236	0.216	0.043	0.00962320798157679	8	NCAM1
8.24300073863193e-07	-4.04992353554902	0.095	0.365	0.00987016908443787	8	MRC1
1.22922575877363e-06	1.17741622602095	0.554	0.309	0.0147187492355554	8	CKB
1.26202717771767e-06	1.48910076480969	0.365	0.14	0.0151115134259914	8	FRY
1.54739819101803e-06	0.660654043818957	0.986	0.929	0.0185285459392499	8	RPL7
1.60969029428369e-06	0.45787110464968	1	0.993	0.019274431583753	8	FKBP2
2.38808509824073e-06	1.82044118403439	0.216	0.062	0.0285949309663345	8	RFLNB
2.74645609906343e-06	1.7000111736434	0.203	0.065	0.0328860653301855	8	KLF17
5.38886894763399e-06	0.79238645332315	0.878	0.659	0.0645263167789694	8	PPDPF
5.99633758236993e-06	0.682063564504374	0.838	0.726	0.0718001462112975	8	TPM3
6.87279561213846e-06	3.65694245175151	0.108	0.018	0.0822948546597459	8	ACTC1
1.10960463848388e-05	0.751276728191286	0.77	0.545	0.13286405941206	8	BZW1
1.24953872599548e-05	1.05915591067277	0.527	0.268	0.149619767050699	8	PYCARD
1.75755711372628e-05	-1.27778235205374	0.189	0.471	0.210449888797585	8	LYVE1
1.76580609124417e-05	1.07992870414584	0.486	0.242	0.211437621365577	8	EFNB2
1.86805108788867e-05	-5.40375347993604	0	0.202	0.22368043726379	8	RELN
2.05247614196078e-05	0.437356830990834	1	0.943	0.245763493238384	8	YWHAQ
2.48109368818761e-05	3.3647617002582	0.068	0.008	0.297086158223584	8	LOC138546248
3.20512647393625e-05	-4.64030137975526	0	0.186	0.383781843989126	8	UNC5B
3.57290935566209e-05	-5.87137211313699	0.014	0.219	0.427820166246979	8	HAPLN3
3.61143435707102e-05	2.05336427286301	0.135	0.035	0.432433149915684	8	TIMM10B
3.6352154528957e-05	0.544350625375148	0.878	0.657	0.435280698329731	8	H3-3A
4.00601203827245e-05	-0.653784026827373	0.824	0.863	0.479679881462744	8	PFN1
4.78962735899019e-05	-1.1231000558291	0.473	0.637	0.573509979965485	8	LGALS1
4.9362575924522e-05	1.63540929020187	0.216	0.075	0.591067484120227	8	HACD4
4.98423800340333e-05	0.834940753729504	0.527	0.32	0.596812658527515	8	PFDN5
5.613567770839e-05	-2.16287168703273	0.108	0.358	0.672168604880261	8	VAV3
5.89563645878634e-05	0.862261359729016	0.514	0.273	0.705943509575077	8	TALDO1
7.95399953384678e-05	2.87933487308796	0.054	0.006	0.952411904182813	8	ISG15
0.000237285702644469	5.46429737380911	0.027	0	1	8	ALKBH6
0.000237285702644469	5.46429737380911	0.027	0	1	8	CFAP300
0.000237285702644469	5.46429737380911	0.027	0	1	8	LOC138526054
0.000237285702644469	5.46429737380911	0.027	0	1	8	LOC138569433
0.00948175291027745	4.87933487308796	0.014	0	1	8	ANKRD66
0.00948175291027745	4.87933487308796	0.014	0	1	8	ARMC5
0.00948175291027745	4.87933487308796	0.014	0	1	8	ERAL1
0.00948175291027745	4.87933487308796	0.014	0	1	8	LOC138448901
0.00948175291027745	4.87933487308796	0.014	0	1	8	LOC138488341
0.00948175291027745	4.87933487308796	0.014	0	1	8	LOC138492549
0.00948175291027745	4.87933487308796	0.014	0	1	8	LOC138498149
0.00948175291027745	4.87933487308796	0.014	0	1	8	LOC138516076
0.00948175291027745	4.87933487308796	0.014	0	1	8	LOC138523007
0.00948175291027745	4.87933487308796	0.014	0	1	8	LOC138563694
0.00948175291027745	4.87933487308796	0.014	0	1	8	LOC138579435
0.00948175291027745	4.87933487308796	0.014	0	1	8	LOC138581093
0.00948175291027745	4.87933487308796	0.014	0	1	8	MAPRE3
0.00948175291027745	4.87933487308796	0.014	0	1	8	PON2
0.00948175291027745	4.87933487308796	0.014	0	1	8	SAC3D1
0.00948175291027745	4.87933487308796	0.014	0	1	8	SOX11
0.00948175291027745	4.87933487308796	0.014	0	1	8	TMEM177
0.00948175291027745	4.87933487308796	0.014	0	1	8	TMEM80
0.0015704841656207	4.33876649172525	0.041	0.006	1	8	PVALB
0.00541505835984597	3.87933487308796	0.027	0.002	1	8	KCTD6
0.00162138323042268	3.87933487308796	0.041	0.003	1	8	GRB7
0.00948175291027745	3.87933487308796	0.014	0.001	1	8	C10H3orf33
0.00948175291027745	3.87933487308796	0.014	0.001	1	8	C3PH12orf57
0.00948175291027745	3.87933487308796	0.014	0.001	1	8	LOC138467859
0.00948175291027745	3.87933487308796	0.014	0.001	1	8	LOC138472643
0.00948175291027745	3.87933487308796	0.014	0.001	1	8	LOC138491365
0.00948175291027745	3.87933487308796	0.014	0.001	1	8	LOC138567615
0.00948175291027745	3.87933487308796	0.014	0.001	1	8	MOGAT2
0.00948175291027745	3.87933487308796	0.014	0.001	1	8	NUDT15
0.00948175291027745	3.87933487308796	0.014	0.001	1	8	PRKAR1B
0.00948175291027745	3.87933487308796	0.014	0.001	1	8	ZSWIM2
0.00163565229010594	3.61630046725416	0.054	0.005	1	8	LOC138504147
0.00162138323042268	3.55740677820059	0.041	0.004	1	8	TGIF2
0.00162138323042268	3.55740677820059	0.041	0.004	1	8	VSNL1
0.000237285702644469	3.46429737380911	0.027	0.003	1	8	SENP8
0.00541505835984597	3.46429737380911	0.027	0.003	1	8	LOC138582177
0.00541505835984597	3.46429737380911	0.027	0.003	1	8	TMEM212
0.00969205187341452	3.2943723723668	0.054	0.007	1	8	LOC138566491
0.0064851929160271	3.2943723723668	0.041	0.005	1	8	FGL1
0.00948175291027745	3.2943723723668	0.014	0.002	1	8	CHI3L1
0.00948175291027745	3.2943723723668	0.014	0.002	1	8	LOC138526372
0.00948175291027745	3.2943723723668	0.014	0.002	1	8	LYRM9
0.0064851929160271	3.07197995103035	0.041	0.006	1	8	ATG101
0.0064851929160271	3.07197995103035	0.041	0.006	1	8	PPP1R3G
0.00163565229010594	3.03133796653301	0.054	0.007	1	8	FBXO25
0.0011554363624407	2.87933487308796	0.068	0.01	1	8	P4HTM
0.00162138323042268	2.87933487308796	0.041	0.006	1	8	FBXO27
0.0011554363624407	2.76385765566802	0.068	0.011	1	8	C16orf89
0.00163565229010594	2.74183134933802	0.054	0.009	1	8	METTL18
0.00162138323042268	2.70940987164564	0.041	0.007	1	8	SLC25A32
0.00435096310501241	2.65694245175151	0.054	0.012	1	8	TFCP2L1
0.0004478859439352	2.61630046725416	0.054	0.01	1	8	NR4A2
0.00997426044270834	2.61630046725416	0.054	0.01	1	8	FITM2
0.00948175291027745	2.55740677820059	0.014	0.002	1	8	LOC138492280
0.00948175291027745	2.55740677820059	0.014	0.004	1	8	CACNG4
0.00948175291027745	2.55740677820059	0.014	0.004	1	8	LOC138567381
0.0004478859439352	2.50082324983423	0.054	0.011	1	8	LOC138581113
0.0064851929160271	2.41990325445066	0.041	0.009	1	8	LOC138581091
0.00941677041546078	2.3647617002582	0.054	0.017	1	8	IGFBP2
0.00268264216255968	2.2943723723668	0.068	0.016	1	8	ERCC8
0.00948175291027745	2.2943723723668	0.014	0.005	1	8	LOC138527838
0.00948175291027745	2.2943723723668	0.014	0.005	1	8	RADIL
0.00948175291027745	2.2943723723668	0.014	0.005	1	8	TOX3
0.00948175291027745	2.2943723723668	0.014	0.005	1	8	HOMER1
0.00948175291027745	2.2943723723668	0.014	0.005	1	8	ZNF892
0.00997426044270834	2.2943723723668	0.054	0.013	1	8	SLC46A1
0.0007171386547012	2.22725817650826	0.081	0.019	1	8	DHX58
0.00111767757455504	2.22725817650826	0.068	0.019	1	8	PTCH1
0.00997426044270834	2.20126296797532	0.054	0.014	1	8	CTSH
0.00216731424179683	2.15686884861687	0.108	0.028	1	8	ASPHD1
0.00541505835984597	2.14236927892175	0.027	0.008	1	8	LOC138492529
0.00998906082410497	2.14236927892175	0.068	0.017	1	8	LOC138566896
0.00445152982762317	2.12444737092449	0.095	0.024	1	8	MAT1A
0.00948175291027745	2.07197995103035	0.014	0.006	1	8	DUSP4
0.000241789855787894	2.03133796653301	0.122	0.032	1	8	SIVA1
0.00997426044270834	2.03133796653301	0.054	0.016	1	8	TERF2IP
0.00270556992014203	2.02135387796039	0.095	0.026	1	8	FN3KRP
0.00545421139366382	2.00486575517182	0.068	0.019	1	8	MSL2
0.000107106455912234	1.99481209050789	0.149	0.043	1	8	WBP2
0.00292801352013196	1.98625007700447	0.081	0.023	1	8	PLA2G7
0.00140497229179828	1.96179703327993	0.108	0.03	1	8	CCDC127
0.000837769425899262	1.92513856270108	0.095	0.028	1	8	RNF13
0.00257294343080096	1.9199768575853	0.095	0.029	1	8	CYREN
0.00150076641236052	1.87933487308796	0.081	0.025	1	8	PRICKLE2
0.00229548371997471	1.87933487308796	0.108	0.032	1	8	AAR2
0.00545421139366382	1.87933487308796	0.068	0.021	1	8	MVD
0.00948175291027745	1.87933487308796	0.014	0.006	1	8	ALDH1A3
0.00997426044270834	1.87933487308796	0.054	0.017	1	8	JMJD8
0.00270556992014203	1.8349407537295	0.095	0.029	1	8	EMG1
0.00697967968434166	1.79187203183762	0.095	0.03	1	8	OST4
0.000238766436812053	1.75595245758268	0.162	0.052	1	8	XAF1
0.00806247765614755	1.7538039910041	0.135	0.043	1	8	POLR3A
0.00160168668041242	1.75005185614299	0.095	0.03	1	8	ASRGL1
0.00149281310974684	1.72958775358328	0.176	0.062	1	8	VWA1
0.00359601328340175	1.72733177964291	0.108	0.035	1	8	CSDC2
0.000287172008397203	1.70940987164564	0.176	0.061	1	8	FKBP5
0.00998906082410497	1.70940987164564	0.068	0.023	1	8	NEXN
0.00185187421285992	1.70940987164564	0.122	0.038	1	8	CACHD1
0.00550357238494907	1.69713154186721	0.149	0.052	1	8	NHERF1
0.00229548371997471	1.69170786991219	0.108	0.037	1	8	CCDC61
0.00292801352013196	1.68668979514556	0.081	0.028	1	8	SLC51A
0.00998906082410497	1.65694245175151	0.068	0.025	1	8	SINHCAF
0.00596569167053551	1.63832677358416	0.135	0.047	1	8	GLTP
0.00229548371997471	1.62299511982817	0.108	0.039	1	8	HS6ST1
0.000154732643973097	1.61630046725416	0.189	0.063	1	8	SNX19
0.00997426044270834	1.61630046725416	0.054	0.021	1	8	POLR3G
0.0041515713274497	1.58165432444727	0.135	0.052	1	8	RAB29
0.00234234418681059	1.55740677820059	0.149	0.052	1	8	TTC9
0.00783965953517712	1.53356003624623	0.149	0.053	1	8	EDNRA
0.000133238575660736	1.53141156966765	0.135	0.048	1	8	TSEN2
0.0014944069791738	1.53141156966765	0.135	0.05	1	8	SMIM14
0.00432916735246589	1.53141156966765	0.135	0.051	1	8	SMIM13
0.000119997012476359	1.47334251341212	0.243	0.09	1	8	ADA
0.000314127096675574	1.45483704456005	0.23	0.084	1	8	MAP3K5
0.00153527143149741	1.41990325445066	0.216	0.089	1	8	MRTO4
0.00208240182906443	1.41118603734955	0.176	0.073	1	8	SDHAF1
0.00804128029323324	1.40128757628331	0.176	0.071	1	8	RNF2
0.00827937073072501	1.36148656822534	0.135	0.054	1	8	NEU3
0.00113370676366801	1.35996071399438	0.176	0.076	1	8	MAT2B
0.00949804816177313	1.34328197284775	0.176	0.076	1	8	PTGR3
0.00350314376223875	1.32679385005918	0.176	0.079	1	8	ZNF593
0.00423762213953135	1.31861991861348	0.122	0.051	1	8	POLR3E
0.000403879709543378	1.31049203773008	0.176	0.078	1	8	LPAR6
0.000135896361912057	1.30708342411635	0.243	0.096	1	8	LOC138450108
0.00358179540900146	1.2943723723668	0.203	0.092	1	8	COPZ2
0.00126011261515082	1.27843082849778	0.189	0.081	1	8	COX14
0.00292484098359756	1.27729885900786	0.176	0.075	1	8	SC5D
0.00317348012965121	1.26462502897275	0.189	0.089	1	8	RTCA
0.00107932973195369	1.26334547674618	0.243	0.111	1	8	THBD
0.000425066709968688	1.26042504044346	0.176	0.076	1	8	XKR8
0.00520093033859574	1.26042504044346	0.081	0.039	1	8	SAMD8
0.0089358533266025	1.25689766694814	0.216	0.097	1	8	TGFBR3
0.00132000821362225	1.24706665758844	0.297	0.138	1	8	MAPKAPK2
0.000862488117187239	1.22112339033616	0.203	0.091	1	8	TMEM263
0.00213089306816811	1.21636986036553	0.257	0.116	1	8	LOC138539772
0.00262897438381672	1.18901937222057	0.122	0.06	1	8	AGFG2
0.00568993233271851	1.17151562458127	0.176	0.073	1	8	DACH2
0.00988397231034262	1.16508935542183	0.189	0.095	1	8	CTDSP2
0.000211899096302174	1.16094138495817	0.378	0.193	1	8	TCIM
0.00114860698210957	1.15444211122233	0.216	0.087	1	8	MEOX1
0.000607807889072595	1.15141441852476	0.284	0.13	1	8	BCAM
0.00934568340879284	1.15141441852476	0.203	0.096	1	8	HSD17B10
0.00969432557157126	1.15141441852476	0.149	0.075	1	8	LOC138487902
0.00323377843350316	1.14753098403753	0.176	0.081	1	8	MTHFD2
0.0043033919935474	1.14236927892175	0.149	0.072	1	8	CIBAR1
0.00946348092411283	1.14236927892175	0.284	0.159	1	8	DEPP1
0.00075786311659755	1.13683109538032	0.378	0.193	1	8	MEOX2
9.07903723916692e-05	1.13210094346792	0.27	0.115	1	8	TSPAN2
0.00106785047334953	1.13210094346792	0.257	0.123	1	8	WBP11
0.000639338860814902	1.12444737092449	0.203	0.094	1	8	LOC138521914
0.00240763050731428	1.12190517636204	0.257	0.118	1	8	EFCAB14
0.000921567232529636	1.11928566580871	0.338	0.157	1	8	SNAI2
0.0035745413554138	1.10994780122937	0.135	0.056	1	8	NTF4
0.000682657064975955	1.09327472939358	0.405	0.215	1	8	LAMA5
0.000314808419825086	1.08519557053452	0.432	0.226	1	8	NHERF2
0.000247526841484995	1.07197995103035	0.284	0.121	1	8	MPPED2
0.000473330728819429	1.04925987453027	0.486	0.299	1	8	HPSE
0.000417944890354281	1.04283360537084	0.392	0.233	1	8	COQ10B
0.000842359423374807	1.04034834198124	0.473	0.308	1	8	JUND
0.0043033919935474	1.03803261910702	0.149	0.077	1	8	SLC48A1
0.00227471861531648	1.03606037677541	0.216	0.108	1	8	LOC138513954
0.000842485480958241	1.02428320899906	0.203	0.101	1	8	PARP16
0.0013336387631641	1.01919253667092	0.405	0.23	1	8	LOC138510069
0.000788664259460639	1.01683839683789	0.365	0.194	1	8	DLC1
0.00167391075875379	1.01308626197678	0.27	0.152	1	8	PDHB
0.000863856256183856	1.00486575517182	0.243	0.123	1	8	INPP4A
0.00237125686566748	1.00486575517182	0.216	0.113	1	8	TBC1D23
0.000538461277785377	1.00050056261041	0.392	0.224	1	8	UPP1
0.000105899976614501	0.99891648884063	0.365	0.184	1	8	HSPA12B
0.00050029891084105	0.983671532902693	0.446	0.238	1	8	DNASE1L3
0.00189272575809891	0.979330663064679	0.324	0.17	1	8	MYO1B
0.00353862063400577	0.96422377067447	0.338	0.229	1	8	GNG12
0.00739658109793922	0.96372706037833	0.257	0.145	1	8	RNASEK
0.00123939757701116	0.953335454531734	0.473	0.303	1	8	SF3B6
0.00287060600931487	0.951685717312641	0.257	0.127	1	8	BEGAIN
0.00274152884310386	0.949989426651743	0.365	0.198	1	8	CCNG1
0.00893487486081636	0.93788705544307	0.27	0.15	1	8	CSNK2B
0.000751303745094576	0.931117415190503	0.432	0.252	1	8	CCDC43
0.0072730859226389	0.915860749113071	0.189	0.089	1	8	RNF220
0.00166006662267847	0.914438674043873	0.311	0.168	1	8	ACBD3
0.0047718994511871	0.903582419334635	0.189	0.104	1	8	GUSB
0.00614376600736294	0.902054949588041	0.351	0.208	1	8	SCPEP1
0.00308473742515453	0.899512755025587	0.378	0.227	1	8	HSPD1
0.0043033919935474	0.894441765478165	0.149	0.084	1	8	MARF1
0.00156939182457383	0.894031384294659	0.446	0.239	1	8	S1PR1
0.00061811671332625	0.893951969160139	0.541	0.342	1	8	RALGAPA1
0.00119941870936228	0.879334873087957	0.473	0.301	1	8	RPN1
0.00875052793859142	0.879334873087957	0.149	0.081	1	8	NUDCD2
0.0095188638696715	0.879334873087957	0.338	0.197	1	8	B4GALT6
0.000757408481404891	0.875803182117704	0.459	0.268	1	8	ITIH5
0.00679464330682721	0.858675402521864	0.311	0.153	1	8	DOCK11
0.0059012345357875	0.856002369257333	0.27	0.163	1	8	OTUD1
0.00997395809318366	0.850537608780522	0.365	0.214	1	8	RPL7L1
0.00033155937246171	0.849172902577705	0.608	0.398	1	8	PDLIM4
0.000301240242858486	0.847689246471492	0.568	0.349	1	8	H3-3B
0.00189437834044926	0.838307604827902	0.311	0.176	1	8	PYCR1
0.000130858435917541	0.832152936357884	0.514	0.277	1	8	HS3ST1
0.000394309228405848	0.827906634280954	0.378	0.209	1	8	TMBIM4
0.00115524014832444	0.827672753265465	0.473	0.308	1	8	TNFAIP8L1
0.00129120481948906	0.825258200332164	0.405	0.223	1	8	ADAM15
0.000531970535870043	0.824426531985568	0.541	0.36	1	8	TMED7
0.0012224730680125	0.820441184034389	0.311	0.171	1	8	GOLGA7
0.00771847658742607	0.817325210812532	0.365	0.237	1	8	NEURL1B
0.00342089582350021	0.811837684569843	0.446	0.312	1	8	TTN
0.00151523516067252	0.81043979187689	0.297	0.16	1	8	AOC3
0.000184479642210304	0.803670603155885	0.581	0.38	1	8	DYNLT1
0.00802913428370879	0.802983986957842	0.27	0.162	1	8	ITGA4
0.00453260492448247	0.802519276037126	0.378	0.221	1	8	SMARCE1
0.000752279847109262	0.800677929212959	0.473	0.279	1	8	SMAD6
0.000110206799710306	0.795794177545254	0.784	0.586	1	8	RHOC
0.00088584587662696	0.79461219418253	0.351	0.185	1	8	EBF3
0.000202328065520695	0.793759141381883	0.541	0.312	1	8	UQCRFS1
0.00127510856642352	0.777187986080505	0.5	0.32	1	8	CCT4
0.00550117139661569	0.771806408783512	0.23	0.15	1	8	FARSB
0.00118655001452974	0.766440816682023	0.432	0.28	1	8	FOSL2
0.00719641399893165	0.761337663689506	0.284	0.167	1	8	SEC63
0.000570389569594537	0.748260800617003	0.486	0.309	1	8	LAPTM4A
0.0001670471931375	0.74788401946028	0.703	0.476	1	8	JAG2
0.00157328398504535	0.742576735580844	0.446	0.296	1	8	BTG2
0.00391773327606262	0.733657417892322	0.459	0.28	1	8	HADHB
0.0011712582020286	0.733095401897334	0.595	0.432	1	8	FOS
0.000192750350690206	0.733016484597979	0.662	0.515	1	8	HNRNPDL
0.00127277414769812	0.73076374960603	0.662	0.463	1	8	PMP22
0.00261528764722184	0.709409871645645	0.486	0.312	1	8	PPP2CB
0.00153163000730728	0.703892866678079	0.365	0.211	1	8	AMOT
0.00491143868545055	0.695831465145104	0.486	0.325	1	8	LOC138528606
0.00529960390683963	0.69491030195053	0.392	0.247	1	8	NDUFA11
0.00282462724486747	0.691901221790903	0.595	0.444	1	8	JUNB
0.000716665828411523	0.682597040511678	0.662	0.465	1	8	SERBP1
0.0094821549516966	0.667031269375093	0.446	0.299	1	8	MTURN
0.00471498864252382	0.666341149753759	0.446	0.313	1	8	SEPTIN6
0.00804679436173211	0.656942451751509	0.432	0.281	1	8	PSME3
0.00186038174575211	0.650088780710447	0.5	0.326	1	8	ITM2B
0.00135398339694258	0.648829805964189	0.662	0.58	1	8	H2AC1
0.00938617494447107	0.647253395583075	0.554	0.376	1	8	QKI
0.000285184707783648	0.645100839106992	0.797	0.66	1	8	LIFR
0.000675896663362188	0.64464607865444	0.797	0.605	1	8	CAVIN1
0.00362434209428403	0.633461018412346	0.405	0.279	1	8	TMOD3
0.000794070466420316	0.627796106091993	0.473	0.298	1	8	PAM
0.000328596003832595	0.625578280842174	0.554	0.343	1	8	XYLT1
0.000515733331308428	0.624520974059132	0.5	0.303	1	8	MCAM
0.00103642404825375	0.621705271694967	0.473	0.293	1	8	SSB
0.000242670781078431	0.619309217126502	0.568	0.368	1	8	ANXA3
0.00226465710813888	0.616300467254163	0.608	0.433	1	8	GLUD1
0.00250653663692118	0.615823464425917	0.608	0.404	1	8	BSG
0.000672462602559889	0.612947032144353	0.865	0.772	1	8	ANXA5
0.00664519304381363	0.611107798033841	0.527	0.334	1	8	EHD3
0.000692085224446648	0.610033708851804	0.581	0.405	1	8	CD93
0.00259333171547868	0.596604665913244	0.716	0.584	1	8	GNB1
0.00462904701891484	0.594453764955914	0.595	0.476	1	8	ACTR2
0.000344018684324333	0.59277711148	0.824	0.663	1	8	SSR3
0.000558161178325869	0.586309815816548	0.784	0.642	1	8	PCBP2
0.00018898561614746	0.581654324447272	0.919	0.779	1	8	RPL22L1
0.00585027813501111	0.575273198994109	0.432	0.29	1	8	RHAG
0.00189503342827445	0.561752248476559	0.838	0.681	1	8	PFN2
0.00932258453309955	0.557406778200595	0.514	0.394	1	8	SNRPC
0.00123467906903801	0.551938565561082	0.635	0.432	1	8	SLC29A1
0.00621780400158834	0.545911139362765	0.473	0.364	1	8	HNRNPA2B1
0.00195964358868286	0.544350625375148	0.595	0.448	1	8	SEC61G
0.00494855600409094	0.542975909905092	0.824	0.751	1	8	COX7A2
0.000232251488952284	0.541960750407504	0.986	0.858	1	8	RPL22
0.00044086472888618	0.540024699972358	0.676	0.468	1	8	SUMO3
0.000119952097777715	0.535532278577832	0.649	0.408	1	8	FCN1
0.000153104689016313	0.528565650314285	0.946	0.827	1	8	NACA
0.000613157511986888	0.51995609387836	0.946	0.85	1	8	RPL37A
0.00742637008105998	0.519792486400817	0.541	0.378	1	8	IL6ST
0.000948570793529262	0.513082609388393	0.865	0.636	1	8	ATP5MF
0.00514642923756204	0.512552542416334	0.743	0.622	1	8	UQCRH
0.00974496118457702	0.511310363611141	0.649	0.521	1	8	FKBP1A
0.00806337507518734	0.509472301136893	0.649	0.478	1	8	SRSF4
0.00989349837821473	0.507685499792387	0.608	0.487	1	8	CST3
0.00821963568237595	0.505454698565873	0.595	0.433	1	8	CNIH1
0.000853467724562393	0.492626096867608	0.689	0.513	1	8	ARL15
0.000608480262358248	0.490164005626061	0.878	0.741	1	8	NAP1L1
0.00135428104488775	0.483810747408875	0.77	0.613	1	8	RSL24D1
0.0026365302407763	0.476337963151538	0.932	0.88	1	8	MSN
0.00028562484902638	0.448680459177851	0.986	0.866	1	8	RPL30
0.00150730840671263	0.438518932618007	0.662	0.447	1	8	SLC2A1
0.00218342874466745	0.429887343023282	0.865	0.758	1	8	RHOA
0.00398322548338547	0.426915151806033	0.865	0.756	1	8	CDC42
0.00346633315929093	0.423054391577232	0.797	0.685	1	8	SLC25A3
0.000152819799669656	0.416130091348603	1	0.927	1	8	RPS20
0.000108648056120876	0.411271036762813	1	0.921	1	8	RPL39
0.00339368517534036	0.402871444109278	0.919	0.729	1	8	PLVAP
0.00627261216792005	0.396251986386015	0.649	0.433	1	8	COL4A2
0.0034550421187193	0.3959932766138	0.743	0.582	1	8	CD2
0.00130751526123822	0.391048391778475	0.811	0.687	1	8	HNRNPH1
0.00531092899380247	0.382699154621992	0.959	0.916	1	8	RPS6
0.00182667325270741	0.364062889374645	0.959	0.862	1	8	SLC25A5
0.00370268262775289	0.362256950601143	0.959	0.923	1	8	RPL17
0.000274033402384945	0.352501783592988	1	0.893	1	8	EEF2
0.0010134635386813	0.345515289511151	1	0.927	1	8	RPL27
0.00379822386194665	0.331261934966695	1	0.927	1	8	RPL13A
0.00806641986036441	0.328462561159685	1	0.961	1	8	RPL26L1
0.00835555976345483	0.31207437410026	0.716	0.559	1	8	ITM2A
0.00159402201160251	0.302208211780905	1	0.966	1	8	TPT1
0.00277663864481195	0.297732304797869	1	0.959	1	8	FAU
0.00655971720346662	0.293269815919643	0.973	0.911	1	8	RPL11
0.00145044815116049	0.278054526440704	0.986	0.971	1	8	RPLP2
0.00791524697037782	0.238399169716962	1	1	1	8	ACTB
0.00591739836558494	0.209868039634195	0.784	0.571	1	8	RAMP3
0.00662503949305783	0.197864391513454	0.73	0.586	1	8	ADCY4
0.00612338897870443	0.184184866365988	1	0.997	1	8	CIRP
0.00978961511466234	-0.356368804524011	0.743	0.822	1	8	LTBP1
0.00763767805897269	-0.449858860787954	0.905	0.939	1	8	S100G
0.000439112419932651	-0.492810628330024	0.973	0.974	1	8	VIM
0.00447249138160659	-0.590635105343268	0.284	0.43	1	8	PKM
0.00473617215009603	-0.621822050786848	0.595	0.717	1	8	CAPG
0.00928270452131737	-0.657883527450639	0.351	0.446	1	8	TSPAN14
0.00813782098037042	-0.768637425158999	0.122	0.264	1	8	CAMK2D
0.0072470686059581	-0.902024840436703	0.108	0.25	1	8	CDKAL1
0.00407618403037371	-0.915845335023544	0.189	0.333	1	8	SERPING1
0.00191944923027091	-0.921823783005741	0.243	0.411	1	8	CLDN11
0.00230051063955122	-0.933733700164041	0.162	0.339	1	8	CYLD
0.00811998708367833	-0.953555141076784	0.189	0.328	1	8	VMP1
0.00846024537179444	-0.957166394629163	0.068	0.177	1	8	EMC6
0.00862693408572315	-0.978646122039615	0.149	0.286	1	8	ERLIN2
0.0015016116903425	-0.99030432722399	0.176	0.351	1	8	CUL9
0.000610835189334265	-1.03466260901482	0.486	0.628	1	8	MARCKS
0.00445640155061034	-1.03554851327409	0.122	0.302	1	8	IDH2
0.00848831086927913	-1.04349726638958	0.108	0.235	1	8	R3HDM2
0.000707906341484344	-1.06317963225128	0.23	0.424	1	8	COL5A1
0.00161356062195886	-1.0670840867072	0.378	0.532	1	8	FAM107B
0.00235193607325156	-1.07486143729892	0.203	0.364	1	8	ARHGEF2
0.00305099582637291	-1.11244462010707	0.122	0.271	1	8	WIZ
0.00519269122042622	-1.11268706948852	0.189	0.352	1	8	SH2B3
0.00237514159891868	-1.12066512691204	0.243	0.393	1	8	LRCH1
0.00531031498538036	-1.12388183959559	0.176	0.315	1	8	RASA3
0.00927109121303577	-1.13649009407373	0.189	0.32	1	8	ENTPD1
0.00985641384322036	-1.15880025579881	0.149	0.309	1	8	SLC22A23
0.00964276900263173	-1.15958411620434	0.081	0.216	1	8	FKBP15
0.00122368556509391	-1.16193314528378	0.162	0.347	1	8	ATF4
0.00767639505323344	-1.20812796816238	0.081	0.208	1	8	SMC3
0.00184392777877963	-1.2134222678319	0.068	0.201	1	8	ANGPT2
0.00603858765050126	-1.22686453074397	0.108	0.243	1	8	USP32
0.00591026884585976	-1.22918958369021	0.108	0.248	1	8	DAB2IP
0.00557025619695698	-1.23812270846022	0.068	0.185	1	8	SMC4
0.000731058773818385	-1.25866536095812	0.365	0.549	1	8	ENG
0.00677769855509935	-1.28657706584773	0.122	0.28	1	8	ECPAS
0.0053594620684213	-1.29559080941272	0.095	0.241	1	8	CEP170
0.00516072648154152	-1.29725385863537	0.149	0.301	1	8	MICAL3
0.00264243304872333	-1.30147844449709	0.122	0.298	1	8	MYCBP2
0.00776723420713776	-1.32360518558232	0.068	0.19	1	8	PLAA
0.00486058891527594	-1.36097945624575	0.041	0.155	1	8	TFE3
0.00678016238742267	-1.38275997228222	0.176	0.312	1	8	IQSEC1
0.000383138193050794	-1.38745166760694	0.162	0.364	1	8	LRRC32
0.00636285750446027	-1.38745166760694	0.041	0.138	1	8	LOC138566320
0.000549263436659243	-1.39545924620831	0.149	0.34	1	8	ZNF521
0.00566233356691151	-1.43536165256833	0.054	0.174	1	8	GOSR1
0.00180529802012803	-1.44259322179941	0.108	0.29	1	8	GNAL
0.00380465653973238	-1.46051512979667	0.149	0.283	1	8	CADM1
0.00567126259053699	-1.48698734115786	0.041	0.141	1	8	ANKRD12
0.00416349869392069	-1.5186962008852	0.068	0.208	1	8	IGF2R
0.00849225121061486	-1.54692988161414	0.041	0.15	1	8	MACO1
0.00138235485600278	-1.55807043921934	0.068	0.216	1	8	ATP11B
0.00521576094515854	-1.57187623874437	0.041	0.151	1	8	RNF123
0.00747784720601205	-1.61251822324172	0.027	0.114	1	8	RBMS2
0.00533238333940531	-1.6252855193156	0.041	0.176	1	8	SH3PXD2A
0.000166817491188703	-1.64294639487706	0.365	0.544	1	8	IGFBP1
0.00406061311489787	-1.67525397858968	0.041	0.189	1	8	MAP4K3
0.000869489973365138	-1.75487114665305	0.068	0.206	1	8	PDE7B
0.00745111903352329	-1.84469166537075	0.081	0.19	1	8	HMOX1
0.0025059150194902	-1.8673086349806	0.162	0.287	1	8	NRP2
0.00487375680275816	-1.88088607337855	0.054	0.202	1	8	AGO3
0.00274896889740492	-1.88443078042196	0.027	0.136	1	8	NBAS
0.0093192235016032	-1.96364395870037	0.054	0.167	1	8	GPNMB
0.000210773840060564	-1.97366271452536	0.054	0.235	1	8	HUWE1
0.00745089976980409	-1.98926723779619	0.081	0.219	1	8	CEMIP2
0.00823306138393932	-2.12066512691204	0.014	0.109	1	8	SRPK3
0.0061318412427627	-2.1430329399405	0.014	0.11	1	8	AVEN
0.00815703584385475	-2.15408812844949	0.014	0.107	1	8	SPHK2
0.00270690349254895	-2.20812796816238	0.027	0.14	1	8	PHF24
0.0067327832851276	-2.22918958369021	0.014	0.114	1	8	CSPP1
0.00176619287354402	-2.24994814385701	0.054	0.213	1	8	FLT4
0.00388223666976311	-2.28346249407215	0.338	0.466	1	8	CTSL
0.00503045077457664	-2.29059012835436	0.014	0.12	1	8	CC2D1B
0.0072164770444093	-2.33011849254099	0.027	0.141	1	8	VEGFA
0.00901870018700862	-2.3780529696047	0.014	0.115	1	8	ADAMTSL3
0.000290463340644252	-2.46496103482786	0.041	0.215	1	8	EMID1
0.00250549832313785	-2.49570455825897	0.014	0.137	1	8	MMP14
0.00493755370575119	-2.61251822324172	0.041	0.166	1	8	NFIX
0.00286260452126739	-2.62316546744123	0.027	0.158	1	8	SRGN
0.00658107830521172	-2.64422708296906	0	0.084	1	8	ATRIP
0.00548282725098292	-2.65982393802007	0.014	0.128	1	8	ELN
0.00726348174056742	-2.84858558147524	0	0.088	1	8	PRDM1
0.00597917404232225	-2.9020248404367	0	0.087	1	8	SLCO2B1
0.000811374650029606	-3.01548289021999	0.014	0.162	1	8	PDGFC
0.00332572929883827	-3.05140246447493	0	0.106	1	8	LAYN
0.00973008161593896	-3.06317963225128	0	0.062	1	8	CLEC
0.000152809134410411	-3.08259708607852	0.027	0.208	1	8	CLCA1
0.00368363654291573	-3.09794505041196	0	0.096	1	8	SORL1
0.00150261870396771	-3.21869720987257	0	0.117	1	8	LUC7L3
0.00883951643474664	-3.26021647931084	0	0.096	1	8	PLCE1
0.00225375218100939	-3.30057421692698	0	0.107	1	8	ITGB3
0.00248647632703692	-3.46939328114312	0	0.121	1	8	PLEKHG4B
0.00225925501794088	-3.57187623874437	0	0.112	1	8	MAFB
0.0020490996971824	-3.88884945168897	0	0.129	1	8	GAS7
0.00168117866520679	-3.95986891500899	0	0.134	1	8	ENPP2
0.00351269912165365	-3.99718207347704	0.014	0.1	1	8	ESM1
0.000334423093034326	-4.33011849254099	0	0.147	1	8	FGF10
0.000411446065284359	-4.33498424771281	0	0.145	1	8	PROX1
0.00371089376182216	-4.66369694716728	0	0.112	1	8	STAB2
