p_val	avg_log2FC	pct.1	pct.2	p_val_adj	cluster	gene	direction
9.81640589229989e-89	-3.92104837469976	0.205	0.747	1.84244122192577e-84	1	LOC138562538	down
2.93829988672061e-65	-3.50727316747619	0.177	0.651	5.51489505738592e-61	1	EPCAM	down
7.38297457707848e-58	-3.18949098926629	0.544	0.825	1.38571049837186e-53	1	S100P	down
8.14990511122296e-58	-3.59117579196416	0.09	0.541	1.52965569032544e-53	1	CLDN7	down
1.07359477495227e-57	-3.71778659582681	0.162	0.634	2.01503003310792e-53	1	PINLYP	down
8.50761755751837e-55	-3.88363356506716	0.082	0.544	1.59679473937062e-50	1	DSP	down
1.58129801542987e-54	-3.03632977412662	0.543	0.833	2.96793824516033e-50	1	KRT1	down
3.34338395446439e-54	-2.50248217346257	0.255	0.698	6.27519734413421e-50	1	C2PH19orf33	down
1.2421316107502e-53	-2.14265696168901	0.318	0.712	2.33135682021704e-49	1	S100A13	down
1.12710628542558e-51	-2.51012619187424	0.675	0.885	2.11546578711527e-47	1	PMP2	down
7.43451760792258e-51	-3.29918735484515	0.129	0.556	1.39538460983099e-46	1	RihA	down
5.04671447647584e-49	-3.43910226381655	0.069	0.459	9.4721784008975e-45	1	FXYD3	down
7.66606913664321e-49	-3.5236344421213	0.209	0.626	1.43884451625656e-44	1	TGM3	down
9.61766489279302e-49	-3.2604497306315	0.095	0.5	1.80513952372832e-44	1	SERPINB1	down
2.96319119563808e-47	-3.62376339299936	0.557	0.812	5.56161355509311e-43	1	S100A4	down
4.57203122362541e-46	-4.55622444283391	0.028	0.395	8.58124540362253e-42	1	OTOA	down
3.83655025194176e-44	-3.82676148355651	0.401	0.726	7.20082116786949e-40	1	LOC138580807	down
4.61297501343026e-44	-3.20001696850159	0.136	0.539	8.65809280270726e-40	1	DSG2	down
1.13372054149121e-43	-4.265437037846	0.065	0.433	2.12788008432485e-39	1	TTN	down
1.4359207231141e-43	-3.10776146503975	0.084	0.479	2.69507960521285e-39	1	SERPINB5	down
1.69911914278542e-42	-3.0357963600001	0.11	0.504	3.18907671909395e-38	1	LOC138582574	down
8.17710993095654e-41	-2.50199022416469	0.247	0.628	1.53476176294123e-36	1	TCHH	down
4.58350160061645e-40	-3.51143520009951	0.055	0.433	8.60277415419702e-36	1	TRIM29	down
6.5188046381581e-40	-4.82179501499721	0.053	0.431	1.22351444253589e-35	1	LPO	down
5.07440676533215e-39	-2.3869344680411	0.155	0.511	9.52415405785191e-35	1	PGD	down
2.01634555048084e-38	-3.63201977720607	0.113	0.504	3.78447896369748e-34	1	MPEG1	down
2.64665291209192e-37	-2.33732442849843	0.149	0.485	4.96750285070533e-33	1	FGFBP1	down
4.68060022568348e-36	-3.80521695893051	0.074	0.418	8.78501856358532e-32	1	FABP2	down
1.21381099737416e-35	-3.33785163329761	0.245	0.61	2.27820186097155e-31	1	LOC138472551	down
1.31052588782171e-35	-3.36253119387198	0.054	0.385	2.45972603885257e-31	1	PKP1	down
2.51030306876733e-35	-2.11664262220787	0.345	0.634	4.71158782976941e-31	1	GSTM4	down
7.35026610332678e-35	-2.81876632699853	0.117	0.484	1.3795714449334e-30	1	SPINT2	down
1.03982744632055e-34	-2.11926918910107	0.146	0.492	1.95165213399905e-30	1	GSTA4	down
4.23030125760888e-34	-2.35311713154739	0.215	0.568	7.9398524304061e-30	1	MGST3	down
6.75869079181221e-34	-3.96097997241315	0.023	0.3	1.26853867471523e-29	1	LOC138570219	down
7.86097065838901e-33	-4.6245394386231	0.047	0.405	1.47542558287303e-28	1	LOC138511169	down
3.54670073047006e-32	-1.41575561476569	0.624	0.842	6.65680260101926e-28	1	CAPG	down
1.06662254656778e-31	-2.87418337376714	0.202	0.547	2.00194385765307e-27	1	EPPK1	down
1.85512358152473e-31	-3.77971952935225	0.042	0.339	3.48188145016377e-27	1	WFDC5	down
3.67711590537092e-31	-4.31102348379483	0.047	0.355	6.90157884279068e-27	1	AVR4	down
3.89059945293507e-31	-3.20268521047346	0.084	0.412	7.30226611321383e-27	1	IFI27	down
5.14573438200046e-31	-2.71326884699028	0.07	0.347	9.65802886157667e-27	1	FAM162A	down
7.5964783186891e-31	-2.72786149055481	0.049	0.312	1.42578301563476e-26	1	SYTL2	down
1.18885565290829e-30	-3.03309809211668	0.071	0.362	2.23136317494357e-26	1	TREX2	down
2.79540472117607e-30	-4.31667894180378	0.047	0.341	5.24669512117537e-26	1	PLAUR	down
3.43942567101365e-30	-3.79895926933557	0.028	0.307	6.45545804192553e-26	1	SCEL	down
5.5499071868135e-30	-4.34791756104956	0.022	0.313	1.04166207989303e-25	1	CLDN4	down
5.55994850569591e-30	-5.14973815564988	0.009	0.238	1.04354673503407e-25	1	A4GNT	down
1.13676583343333e-29	-2.42164400989605	0.086	0.39	2.13359579277101e-25	1	NCCRP1	down
2.53408593397635e-29	-2.82059924008729	0.134	0.479	4.7562258894802e-25	1	CA5A	down
3.83698374289248e-29	-4.34373833311935	0.045	0.289	7.2016347870349e-25	1	LOC138487720	down
7.13197407198845e-29	-4.2825871553601	0.09	0.368	1.33860021357151e-24	1	LOC138521056	down
7.70100443785424e-29	-3.52859835578658	0.039	0.293	1.44540152294086e-24	1	TXNRD1	down
1.24050677552553e-28	-3.77364140419628	0.019	0.223	2.32830716698386e-24	1	CFP	down
2.2303347524987e-28	-2.6573321470716	0.064	0.337	4.18611529696481e-24	1	EFHD2	down
2.88064414650218e-28	-3.41560498345326	0.066	0.299	5.40668099856994e-24	1	LOC138521299	down
4.78226526923049e-28	-2.93295069269996	0.073	0.366	8.97583368381871e-24	1	LOC138528712	down
4.99737393741066e-28	-3.87209365481884	0.022	0.27	9.37957114312607e-24	1	MBP	down
3.2180702435686e-27	-4.07485491211796	0.03	0.263	6.03999604015391e-23	1	UPK1A	down
4.65254645011238e-27	-4.18378066065953	0.016	0.249	8.73236443221592e-23	1	SOX19	down
7.41560576376089e-27	-4.34845952382632	0.033	0.298	1.39183504580028e-22	1	PSCA	down
1.33422293507682e-26	-4.06618746430479	0.019	0.233	2.50420302684569e-22	1	ALOX15B	down
1.46573312153575e-26	-4.9975185247412	0.01	0.245	2.75103449581045e-22	1	FAM83B	down
2.6479806164843e-26	-3.03170329136817	0.049	0.283	4.96999481907939e-22	1	RBM47	down
3.94317237494506e-26	-3.33655362803851	0.079	0.375	7.40094023053438e-22	1	A2M	down
9.9980062399614e-26	-4.59918229630807	0.015	0.267	1.87652579117835e-21	1	EVPL	down
1.1347319390951e-25	-3.02895163545607	0.321	0.593	2.12977837648759e-21	1	KRT15	down
1.68068401128156e-25	-3.75644160168459	0.018	0.233	3.15447582077436e-21	1	ESRP2	down
2.75471473389482e-25	-2.61415028662466	0.075	0.303	5.17032408404719e-21	1	CLDN3	down
3.11991943944313e-25	-3.20882396446509	0.038	0.292	5.85577679589082e-21	1	TSPAN13	down
3.35792076712003e-25	-2.6118284863927	0.094	0.366	6.30248148780758e-21	1	DSC2	down
4.17588816025283e-25	-1.39429402825642	0.293	0.601	7.83772448797853e-21	1	ZFP36	down
8.69211785768811e-25	-5.17707548092463	0.011	0.221	1.63142360070948e-20	1	LOC138472418	down
1.06633667226627e-24	-1.57067852224167	0.337	0.581	2.00140730017656e-20	1	LGALS3	down
1.25286125917899e-24	-4.31230213599521	0.012	0.214	2.35149529735304e-20	1	ARAP2	down
1.87551747301703e-24	-2.22703903736093	0.081	0.349	3.52015874510566e-20	1	KLF5	down
3.22543093730541e-24	-4.93049986614302	0.016	0.229	6.05381132622852e-20	1	SHA	down
3.7183747931903e-24	-3.61847686179166	0.031	0.257	6.97901764933887e-20	1	ELF3	down
4.17357925737364e-24	-3.47441422536726	0.045	0.301	7.83339090816459e-20	1	UPP1	down
4.80672591694872e-24	-4.52221917951172	0.014	0.247	9.02174387352105e-20	1	BAIAP2L1	down
4.94398726621108e-24	-4.08189473878128	0.02	0.23	9.27936969995158e-20	1	TP63	down
7.80712561033374e-24	-4.25878506273524	0.052	0.299	1.46531940580354e-19	1	FCGBP	down
9.141598128628e-24	-3.28431733950982	0.029	0.246	1.71578655276219e-19	1	FGD4	down
9.75956374638297e-24	-3.87640723060619	0.08	0.379	1.83177251955862e-19	1	AGR2A	down
1.6530104987901e-23	-3.33899172191094	0.071	0.324	3.10253540517913e-19	1	ITGA6	down
4.79699643580168e-23	-3.10850896812511	0.089	0.36	9.00348261035618e-19	1	MUC2	down
5.63122022839974e-23	-3.49994297304735	0.029	0.23	1.05692372466835e-18	1	CLDN1	down
1.40119240662391e-22	-2.76748869296268	0.088	0.401	2.62989802799241e-18	1	ASS1	down
3.38894745099158e-22	-4.04345713070416	0.024	0.228	6.36071547076609e-18	1	LOC138569270	down
8.24150787376644e-22	-4.71688198657065	0.028	0.268	1.54684861282722e-17	1	WFDC3	down
8.8687771985956e-22	-3.3890669568136	0.039	0.243	1.66458079240441e-17	1	VWA7	down
2.16112416062567e-21	-2.27016447260861	0.081	0.3	4.05621393707831e-17	1	PRKCD	down
3.23094808553307e-21	-1.90043568826938	0.243	0.524	6.06416646173703e-17	1	B2M	down
4.21149604560773e-21	-3.70331724199822	0.108	0.308	7.90455692800115e-17	1	COL17A1	down
9.34353840524717e-21	-1.58875866588651	0.131	0.337	1.75368872328084e-16	1	GPA33	down
1.28534055106932e-20	-2.99880429396833	0.053	0.285	2.41245568030201e-16	1	URGCP	down
2.04612257883619e-20	-2.04606741487378	0.32	0.539	3.84036746821765e-16	1	GSTP1	down
2.1816750343899e-20	-2.29148448171348	0.073	0.295	4.09478587204641e-16	1	FLNB	down
3.52732786740621e-20	-2.77579882325404	0.059	0.271	6.62044167433472e-16	1	APBB1IP	down
6.92352074531917e-20	-2.81974225390283	0.298	0.561	1.29947560868896e-15	1	LOC138472539	down
3.47348176529298e-161	4.63188360391344	0.989	0.232	6.51937792527839e-157	1	COL3A1	up
6.41202997776324e-149	4.20772182460317	0.936	0.111	1.20347390652638e-144	1	LUM	up
6.85589522694084e-148	4.29813650186445	0.974	0.258	1.28678297514453e-143	1	FSTL1	up
2.17153706806118e-146	3.87363127537168	0.952	0.135	4.07575792304403e-142	1	FBN2	up
7.1201830152304e-146	3.66819750328691	0.974	0.253	1.33638715012859e-141	1	COL5A2	up
7.17523264008161e-136	3.83961992154488	0.943	0.179	1.34671941421692e-131	1	COL5A1	up
2.16645417028148e-128	4.47226778250752	0.855	0.075	4.06621783220131e-124	1	COL6A1	up
4.27389764935703e-126	4.94404458047502	0.841	0.087	8.02167849807821e-122	1	COL6A3	up
5.05254092141627e-121	4.3173396746491	0.82	0.061	9.48311405540619e-117	1	BGN	up
9.02669504471772e-118	4.23355526006945	0.844	0.122	1.69422039294307e-113	1	LTBP1	up
7.26158780763667e-115	3.27445823685816	0.876	0.128	1.36292741561533e-110	1	FN1	up
7.10052110103873e-107	4.31539760747489	0.729	0.059	1.33269680545396e-102	1	COL6A2	up
1.25728319408831e-104	3.56027890544413	0.797	0.122	2.35979482698435e-100	1	PFN2	up
7.83116044417406e-104	2.18133963755827	0.978	0.532	1.46983050376703e-99	1	SPARC	up
1.02566695268697e-101	3.64344751767547	0.821	0.117	1.92507430349817e-97	1	VCAN	up
4.38487327397219e-101	3.21828748308595	0.836	0.167	8.22996864791841e-97	1	THBS2	up
4.14414329508628e-100	3.30329636924052	0.821	0.136	7.77814255054745e-96	1	MDK	up
5.87810126579393e-100	4.10148479003045	0.842	0.179	1.10326082657686e-95	1	POSTN	up
1.70875250367067e-94	5.08813083925127	0.668	0.043	3.20715757413949e-90	1	DPT	up
2.2034972453959e-91	2.03164332441733	0.987	0.604	4.13574397988356e-87	1	COL1A2	up
2.2437918321042e-91	2.7915805824353	0.857	0.222	4.21137288967637e-87	1	DCN	up
8.89103431450307e-86	4.24382176867279	0.663	0.054	1.66875823048908e-81	1	AEBP1	up
1.71243104683537e-80	2.82183831786722	0.801	0.218	3.21406183180531e-76	1	KRT18	up
8.53418887420563e-80	3.33242620194345	0.693	0.116	1.60178190979966e-75	1	COL12A1	up
1.22492133820576e-79	3.54254234428846	0.664	0.085	2.29905485967839e-75	1	CTSG	up
3.99967942704366e-79	2.1794908329098	0.889	0.329	7.50699831661825e-75	1	ITGBL1	up
1.5051309191392e-78	3.13744483036622	0.72	0.175	2.82498022213237e-74	1	CALD1	up
8.35813158684797e-78	4.00457986144604	0.584	0.035	1.5687377175355e-73	1	CDH11	up
1.0183316705032e-77	1.86073159386416	0.979	0.527	1.91130671236746e-73	1	COL1A1	up
1.1129450624087e-76	5.7214002373536	0.597	0.037	2.08888658763489e-72	1	FBN1	up
1.23733414736627e-76	4.47349960852856	0.553	0.03	2.32235246119174e-72	1	PRRX1	up
2.94330030199911e-75	4.01682710754653	0.581	0.044	5.52428033682213e-71	1	OGN	up
1.79300713109208e-74	3.62181584788697	0.607	0.056	3.36529508434673e-70	1	MMP2	up
2.98994969984409e-74	4.37870708003795	0.592	0.064	5.61183659163737e-70	1	RARRES1	up
2.9939019372135e-74	2.44584748963781	0.748	0.237	5.61925454595602e-70	1	CALM2	up
6.76578133083008e-74	2.62246006295644	0.743	0.248	1.2698694979835e-69	1	LOC138487902	up
8.17949769432333e-73	4.28752729018798	0.591	0.048	1.53520992224755e-68	1	CD2	up
3.75687204655063e-71	3.34468240075882	0.549	0.066	7.05127314417087e-67	1	RBMS3	up
8.71225020473283e-70	2.3244675169451	0.757	0.17	1.6352022409263e-65	1	TGFBI	up
3.91413593694386e-69	3.32663339168736	0.584	0.076	7.34644174004994e-65	1	LOXL2	up
9.52290305060176e-69	2.29761555568223	0.803	0.318	1.78735367356744e-64	1	MARCKS	up
2.15668594694287e-68	2.69091281548702	0.756	0.22	4.04788385381707e-64	1	LRP1	up
5.90131229772209e-68	1.53530945323472	0.913	0.43	1.10761730515946e-63	1	LGALS1	up
2.60671892521987e-66	3.06122576424816	0.645	0.129	4.89255075074517e-62	1	TNC	up
1.10080954162727e-63	3.50882741275105	0.571	0.072	2.06610942868023e-59	1	TNS1	up
2.6962838291224e-63	3.86103416558746	0.514	0.04	5.06065511887983e-59	1	NID2	up
2.02018183548755e-60	3.65670637180032	0.439	0.033	3.79167928702659e-56	1	TBX5	up
1.0871835524601e-59	4.19976312927185	0.49	0.036	2.04053480961236e-55	1	GLIS3	up
1.35641783730395e-59	4.40005328004627	0.472	0.043	2.54586063883578e-55	1	SPINK1	up
4.60464929758753e-59	4.44946822583778	0.532	0.062	8.64246626664204e-55	1	PTX3	up
5.59513037712051e-59	3.75969308958147	0.498	0.043	1.05015002048175e-54	1	CCDC80	up
7.93071065510562e-58	3.71101346577681	0.446	0.038	1.48851508285677e-53	1	ROBO1	up
2.78203667664531e-57	2.44428320285819	0.624	0.158	5.22160463839558e-53	1	CALU	up
7.78092828740853e-57	3.10862387392538	0.549	0.121	1.46040243026371e-52	1	CAV1	up
8.45949814532574e-56	3.71573103628033	0.476	0.038	1.58776320689619e-51	1	EMILIN1	up
3.33617210784958e-54	5.22124893554941	0.388	0.019	6.26166142922288e-50	1	GRIN2A	up
3.44951776958327e-54	2.16329764685934	0.679	0.191	6.47439990173083e-50	1	FKBP10	up
5.01854050515403e-54	3.27236672975103	0.455	0.045	9.41929867412359e-50	1	CDH13	up
8.46145174234571e-54	2.72562435145402	0.591	0.135	1.58812987752087e-49	1	MYADM	up
6.19506791720044e-52	3.74675141245843	0.436	0.035	1.16275229737935e-47	1	FBLN1	up
9.6151137741453e-52	3.73781863041943	0.455	0.037	1.80466070426933e-47	1	LSAMP	up
3.1602157189302e-51	2.16203942968668	0.708	0.282	5.9314088828601e-47	1	TPM2	up
4.43849562497967e-51	2.84179125716334	0.488	0.081	8.33061243852434e-47	1	DENND2B	up
5.92853211829373e-51	3.50713155535528	0.446	0.045	1.11272619328255e-46	1	SERPING1	up
7.07897225073958e-51	3.85087192122669	0.456	0.031	1.32865230174131e-46	1	TNFAIP6	up
1.57173062206132e-50	1.70428025286178	0.805	0.418	2.94998120454689e-46	1	KDELR2	up
3.58317616034984e-50	1.38995522432954	0.826	0.37	6.72526333536061e-46	1	KRT8	up
5.54690357266707e-50	1.36540597877085	0.851	0.61	1.04109833155388e-45	1	TAGLN2	up
1.18998242231364e-49	3.58736610893151	0.472	0.048	2.23347800844048e-45	1	PXDN	up
1.39259544263842e-49	2.89310488838507	0.525	0.092	2.61376238628806e-45	1	RCN3	up
9.52473180231578e-49	3.36899748811357	0.396	0.038	1.78769691197665e-44	1	TRABD2B	up
1.62457138428006e-46	3.07549136503753	0.425	0.058	3.04915803115524e-42	1	ENAH	up
4.39698787055626e-46	2.19418387795296	0.54	0.175	8.25270653424705e-42	1	TPM1	up
1.04818645113366e-45	3.68610841506685	0.408	0.036	1.96734115013277e-41	1	GPM6B	up
2.86102399353581e-45	4.36110057851402	0.359	0.024	5.36985593346736e-41	1	HAS2	up
3.37048848573733e-45	3.69052047348305	0.385	0.032	6.32606983888039e-41	1	FERMT2	up
6.25470478589577e-45	1.66908133226912	0.657	0.294	1.17394554126478e-40	1	SEPT2	up
2.23629993880722e-44	3.30160259787688	0.38	0.043	4.19731135514727e-40	1	APOH	up
1.50085673398514e-43	3.20098765310776	0.391	0.047	2.8169580040167e-39	1	MGP	up
1.64235736422026e-43	4.02782977969097	0.345	0.028	3.082540536905e-39	1	CLCF1	up
2.34249249293007e-43	2.02598081565438	0.568	0.16	4.39662415998046e-39	1	SERPINH1	up
2.49722849871822e-43	2.16159760490859	0.561	0.118	4.68704816924422e-39	1	CTHRC1	up
3.46700035663919e-43	4.05801542573923	0.38	0.024	6.5072129693761e-39	1	BICC1	up
3.55895601353633e-43	3.07094829290278	0.416	0.051	6.67980454180633e-39	1	PDZRN3	up
5.26914435726278e-43	1.08516151268791	0.618	0.198	9.88965704414652e-39	1	CTSK	up
7.82657088490596e-43	3.13502995792369	0.406	0.056	1.468969089388e-38	1	FZD2	up
2.31639728370324e-42	3.74158306329362	0.37	0.045	4.34764606178261e-38	1	ABCA9	up
2.54063100564512e-42	2.67039867957442	0.466	0.09	4.76851033449533e-38	1	PTPRD	up
3.58598572863328e-42	4.1321070822324	0.392	0.035	6.7305366140718e-38	1	PHLDA1	up
3.69488017193758e-42	1.89844894582391	0.567	0.183	6.93492059470964e-38	1	P4HA1	up
4.10639808109958e-42	4.15783640785608	0.368	0.029	7.70729855841579e-38	1	SFRP2	up
4.20763561389257e-42	3.80355658196035	0.395	0.035	7.89731128371497e-38	1	TANB	up
4.82458493477555e-42	3.94333145715566	0.386	0.028	9.05526346408024e-38	1	MRC2	up
5.4723378279496e-42	5.35945306594772	0.353	0.017	1.02710308692786e-37	1	ELN	up
6.74600155427606e-42	1.83585736059539	0.66	0.242	1.26615703172207e-37	1	RRBP1	up
9.85223957876696e-42	2.75094106376509	0.421	0.071	1.84916684653877e-37	1	DDR2	up
1.8415849240726e-41	1.72368238597346	0.578	0.239	3.45647074399185e-37	1	ASPH	up
5.7244541795449e-41	2.52123338913067	0.512	0.108	1.07442280495878e-36	1	FSCN1	up
8.29515493841488e-41	3.8199477858664	0.321	0.028	1.55691763039109e-36	1	NFATC4	up
2.07906257757356e-40	2.00392610513882	0.593	0.171	3.90219255184782e-36	1	SDC2	up
5.72251744118698e-39	-4.78650660157147	0.138	0.527	1.07405929853638e-34	2	VIM	down
7.93787109626297e-33	-3.00014891922436	0.088	0.411	1.4898590260576e-28	2	MSN	down
1.00185031071242e-32	-6.34372906691403	0.014	0.269	1.88037284817614e-28	2	TGFBI	down
1.34096193633733e-31	-4.01241029509768	0.182	0.525	2.51685145831153e-27	2	LGALS1	down
2.21975926884289e-30	-5.58827864273422	0.016	0.32	4.16626617169122e-26	2	BASP1	down
1.22491217437818e-28	-5.10176504482648	0.095	0.351	2.2990376600904e-24	2	COL3A1	down
1.27180566905167e-27	-4.75444732230533	0.042	0.298	2.38705206024307e-23	2	COL5A1	down
4.07758524280695e-27	-6.00830791806569	0.136	0.449	7.65321974222436e-23	2	HBB	down
8.37691971879013e-27	-5.69685847612887	0.012	0.225	1.57226406201972e-22	2	VCAN	down
1.23958475354617e-24	-5.54232865292997	0.011	0.226	2.32657662393081e-20	2	PFN2	down
3.16537367852079e-24	-5.28012030927682	0.033	0.24	5.94108985721567e-20	2	FN1	down
2.87617273709737e-23	-3.05325680019979	0.067	0.316	5.39828861025805e-19	2	ANXA5	down
4.36748189547518e-23	-4.51708631567935	0.037	0.24	8.19732676961737e-19	2	MDK	down
2.07299999262896e-22	-5.07568966024673	0.038	0.257	3.89081368616529e-18	2	FBN2	down
2.34572897538489e-22	-2.39968741691719	0.106	0.322	4.4026987138999e-18	2	CALM2	down
3.01485335144175e-22	-3.14468965548622	0.059	0.304	5.65857825532103e-18	2	LSP1	down
3.46880116347979e-22	-3.83145195084421	0.101	0.369	6.51059290373521e-18	2	COL5A2	down
4.59900733408984e-22	-4.14198907362789	0.07	0.282	8.63187686535322e-18	2	POSTN	down
6.33220260807408e-22	-4.23148378507897	0.054	0.271	1.18849110750942e-17	2	THBS2	down
9.27043248792086e-22	-5.85608251492894	0.124	0.415	1.73996747365787e-17	2	HBA1	down
2.35309124831746e-21	-2.09940215378399	0.176	0.423	4.41651696396705e-17	2	ITGBL1	down
6.00950668929961e-21	-3.12204948487748	0.054	0.298	1.12792431051464e-16	2	LITAF	down
6.89179675737768e-21	-6.50742981091421	0.077	0.335	1.29352133339222e-16	2	HBBP1	down
2.0498937046696e-20	-3.64242846929194	0.144	0.369	3.84744549429437e-16	2	FSTL1	down
1.60032718052108e-18	-6.73000638081557	0.078	0.35	3.00365408512001e-14	2	HBA2	down
4.80838134914605e-18	-2.93733706438952	0.101	0.307	9.02485095421222e-14	2	LRP1	down
9.24457570475417e-18	-5.60078255673475	0.017	0.23	1.73511441402531e-13	2	LGALS9	down
7.54995984064622e-17	-3.29884873067301	0.095	0.312	1.41705196249089e-12	2	KRT18	down
5.05427532157008e-15	-1.81959351186228	0.17	0.378	9.48636935105487e-11	2	PKM	down
1.24351057078051e-13	-3.7099906767045	0.206	0.45	2.33394499029794e-09	2	CTSL	down
1.93545408328281e-09	-2.4259781717374	0.128	0.33	3.63265376891351e-05	2	ATP6V1A	down
2.01790232146359e-70	1.45694775564152	1	0.766	3.78740086715501e-66	2	S100P	up
2.49907307745982e-62	1.18592260269866	0.993	0.625	4.69051025908434e-58	2	S100A13	up
3.13563963843872e-61	1.29903325017449	0.978	0.529	5.88528203738564e-57	2	PINLYP	up
1.60342966739745e-59	1.3910723293648	0.984	0.651	3.00947714273827e-55	2	LOC138580807	up
2.99758419474677e-57	1.77882101201749	0.802	0.26	5.62616577512021e-53	2	AVR4	up
1.96733787373136e-49	1.37058992152139	0.901	0.457	3.69249645520639e-45	2	RihA	up
1.84813108191368e-47	1.12927466810379	0.957	0.713	3.46875722764378e-43	2	SNRPF	up
1.12467683511664e-46	1.05303331866425	0.994	0.756	2.11090595183043e-42	2	S100A4	up
1.33806129242833e-44	1.23598292031606	0.886	0.482	2.51140723975874e-40	2	MGST3	up
7.12225628983304e-43	1.16850102294828	0.945	0.714	1.33677628303876e-38	2	HMGN2	up
6.96054495269925e-42	1.45906087469885	0.836	0.361	1.30642468217212e-37	2	FXYD3	up
8.01271024212743e-41	1.5066434494872	0.786	0.311	1.5039055853449e-36	2	LOC138511169	up
4.22851356222802e-39	1.31773555013147	0.859	0.471	7.93649710494577e-35	2	GSTP1	up
1.95828069827038e-38	1.15962321292367	0.981	0.776	3.67549704258368e-34	2	KRT1	up
1.90362886914936e-37	1.38141622453326	0.759	0.331	3.57292102450644e-33	2	EMP2	up
5.96140547528709e-36	1.20753711701128	0.825	0.384	1.11889619365663e-31	2	SERPINB5	up
1.33796080029e-35	1.69348997030875	0.613	0.194	2.5112186260643e-31	2	WFDC3	up
1.08202930857509e-33	1.28205013619265	0.618	0.237	2.03086080926459e-29	2	CLDN4	up
4.81077606121739e-27	1.00044038448676	0.771	0.398	9.02934558929892e-23	2	CA5A	up
5.1147250220079e-27	1.03663578481132	0.872	0.44	9.59982739380662e-23	2	CLDN7	up
1.4536152417759e-26	1.02083236395552	0.85	0.445	2.72829044728918e-22	2	DSP	up
3.53586283991204e-26	1.25448274811303	0.69	0.287	6.63646096423091e-22	2	LOC138528712	up
7.30033815875183e-26	1.70309219917281	0.529	0.164	1.37020046901613e-21	2	SHA	up
1.29014677184634e-24	1.0565125494421	0.873	0.582	2.4214764760784e-20	2	LOC138488548	up
4.90870010650974e-24	1.2650028118564	0.567	0.241	9.21313922990813e-20	2	CLDN3	up
5.59222220671193e-21	1.14573179330743	0.74	0.401	1.04960418597776e-16	2	STMN1	up
2.89599972365793e-20	1.00336956673109	0.685	0.374	5.43550188133357e-16	2	HMGB3	up
2.07761981237327e-19	1.06562131341512	0.508	0.232	3.89948462584339e-15	2	TSPAN13	up
3.16580939980845e-19	1.23239263906425	0.779	0.534	5.94190766250048e-15	2	KRT15	up
3.80205331041436e-19	1.13503709274147	0.428	0.179	7.13607385831672e-15	2	CLDN1	up
7.47939422514658e-19	1.37560560024103	0.538	0.239	1.40380750211776e-14	2	LOC138521299	up
1.1462958229257e-18	1.03478316310881	0.661	0.313	2.15148263004925e-14	2	OTOA	up
4.18938169035625e-18	1.01883209182327	0.716	0.399	7.86305049462964e-14	2	GSTT1	up
5.71424027529279e-18	1.25843168466496	0.404	0.165	1.0725057572697e-13	2	PCSK9	up
1.55616890711779e-17	1.39731327575912	0.38	0.138	2.92077342176938e-13	2	LOC138528711	up
2.72664853105481e-17	1.35413775492711	0.467	0.192	5.11764662793677e-13	2	NDRG2	up
7.61916670914798e-17	1.53918451610444	0.327	0.112	1.43004139963998e-12	2	LOC138569271	up
4.00360205089913e-15	1.13488238410215	0.417	0.178	7.51436068933257e-11	2	LOC138569270	up
1.05898631531246e-14	1.95729430388709	0.312	0.098	1.98761141520995e-10	2	GMNN	up
2.29716438045539e-13	1.25638502215633	0.42	0.169	4.31154782567672e-09	2	HAS1	up
6.07923984982948e-13	1.17855514548641	0.441	0.194	1.14101252741449e-08	2	SOX19	up
3.76065343043020e-12	1.06547265652731	0.457	0.233	7.05837042357445e-08	2	DUT	up
3.25978011936799e-11	1.02536831404634	0.473	0.239	6.11828130604179e-07	2	ATF3	up
3.43895305889335e-81	-2.34942035168761	0.619	0.906	6.45457099623693e-77	3	HMGN1	down
2.99413180325304e-79	-3.27721193931167	0.434	0.833	5.61968598152563e-75	3	S100P	down
2.78133398038402e-76	-3.17489809177588	0.204	0.718	5.22028574778277e-72	3	S100A13	down
1.03316022754033e-72	-3.74342324594666	0.147	0.646	1.93913843107044e-68	3	EPCAM	down
2.12297259381479e-71	-3.63194084912705	0.346	0.792	3.98460726133098e-67	3	LOC138580806	down
3.17479730698261e-68	-4.2216493768523	0.16	0.635	5.95877706547567e-64	3	SPARC	down
3.43521950257226e-68	-4.09868486316636	0.056	0.548	6.44756348437788e-64	3	CDH1	down
8.75259346548677e-67	-4.46791195181169	0.067	0.556	1.64277426753721e-62	3	EPPK1	down
1.61755818446777e-66	-3.81747619868624	0.074	0.584	3.03599495642756e-62	3	PERP	down
2.63956630819467e-62	-3.75107964375938	0.151	0.627	4.95420200385057e-58	3	PINLYP	down
3.50765279987807e-62	-3.82972733640056	0.068	0.489	6.58351354009115e-58	3	FGFBP1	down
4.12816167016604e-62	-3.23988732571259	0.523	0.83	7.74814663873464e-58	3	KRT1	down
7.96453666608816e-62	-3.76723152535545	0.448	0.82	1.49486388685809e-57	3	S100A4	down
1.61384928775941e-59	-4.11957184499886	0.064	0.538	3.02903372819564e-55	3	DSP	down
5.92963797236728e-56	-3.48957713316034	0.113	0.55	1.11293375103362e-51	3	RihA	down
7.42818653781064e-56	-3.68649805183065	0.092	0.537	1.39419633128168e-51	3	DSG2	down
1.78803798277742e-55	-3.37374846200833	0.067	0.474	3.35596848987494e-51	3	SERPINB5	down
3.92176565296349e-55	-3.40547155744965	0.095	0.532	7.36076195404718e-51	3	CLDN7	down
5.30262706399391e-55	-4.5785997596358	0.273	0.694	9.95250073641018e-51	3	COL1A2	down
9.04323616278902e-54	-4.05199606450503	0.032	0.418	1.69732499539387e-49	3	EMP2	down
7.6781545220701e-51	-3.6546137567714	0.06	0.484	1.44111282224734e-46	3	LIMA1	down
1.3212137660457e-50	-3.1905987164984	0.088	0.499	2.47978611749117e-46	3	LOC138582574	down
2.39148356681997e-50	-3.65923327676368	0.196	0.62	4.48857550656439e-46	3	TGM3	down
3.7668254935401e-50	-3.35334036318813	0.109	0.522	7.06995476882541e-46	3	MYO10	down
4.5180805389182e-50	-4.38620234322118	0.233	0.622	8.47998536349556e-46	3	COL1A1	down
2.37865983266569e-48	-3.96485349356891	0.233	0.635	4.46450663993023e-44	3	KRT19	down
1.21411770567955e-47	-4.7975545331694	0.042	0.399	2.27877752178994e-43	3	LOC138511169	down
1.93335522617817e-47	-1.82440420888396	0.386	0.701	3.6287144240138e-43	3	VWA5A	down
3.75193274272981e-47	-3.56787914444281	0.061	0.453	7.04200256482957e-43	3	FXYD3	down
1.30558904134565e-46	-3.37890495816705	0.083	0.494	2.45046007170166e-42	3	SERPINB1	down
5.59280869355639e-44	-3.55290695907434	0.393	0.721	1.0497142636936e-39	3	LOC138580807	down
9.82317975399187e-43	-3.49470659835689	0.079	0.482	1.84371260802673e-38	3	SPINT2	down
2.1376247218344e-42	-3.22451728184233	0.217	0.607	4.01210784041099e-38	3	LOC138472551	down
5.33213874031626e-41	-4.2935387221179	0.031	0.388	1.00078912016996e-36	3	OTOA	down
4.65636316259356e-39	-3.65353847558102	0.051	0.426	8.73952801987185e-35	3	TRIM29	down
1.05125383691643e-38	-4.05378998697848	0.037	0.368	1.97309832650844e-34	3	DSC2	down
1.28211806358098e-38	-2.01284645620049	0.237	0.588	2.40640739353515e-34	3	LGALS3	down
4.19820717241832e-38	-3.05655189167019	0.075	0.366	7.87961504191194e-34	3	UGDH	down
3.16056089421189e-37	-3.99451605111669	0.026	0.307	5.9320567423463e-33	3	CLDN4	down
7.45573205437525e-37	-3.30303011620094	0.035	0.288	1.39936634928569e-32	3	TSPAN13	down
1.44516704531638e-36	-3.81661343113829	0.025	0.303	2.71243402735431e-32	3	SCEL	down
2.33901332320591e-36	-2.16367706153568	0.218	0.584	4.39009410632518e-32	3	SDC1	down
2.7365417797669e-36	-3.23603863968217	0.058	0.362	5.1362152664445e-32	3	LOC138528712	down
5.50462568668194e-36	-4.65062008886847	0.051	0.327	1.03316319513333e-31	3	DCN	down
6.23257744351856e-36	-4.05717215506586	0.05	0.373	1.169792460374e-31	3	A2M	down
3.02923782883692e-35	-4.0526518599917	0.022	0.297	5.68557648094402e-31	3	CRYBG1	down
1.03379544283389e-34	-4.00543485899323	0.024	0.272	1.94033066665492e-30	3	EGFR	down
1.2052344349335e-34	-3.80173550385505	0.075	0.375	2.26210451092669e-30	3	AGR2A	down
1.22271124392819e-34	-3.20792371390182	0.036	0.283	2.29490673372881e-30	3	CTNND1	down
2.24896460658008e-34	-3.95756357677278	0.028	0.314	4.22108167009015e-30	3	CDC42BPA	down
2.96891389786257e-34	-3.919688346668	0.055	0.349	5.57235449489825e-30	3	AVR4	down
3.32978699265026e-34	-2.30807269470122	0.167	0.516	6.24967720650528e-30	3	CTNNB1	down
4.2941840198543e-34	-3.33884254833883	0.047	0.348	8.05975398686453e-30	3	KLF5	down
5.53175203009757e-34	-3.8065625012987	0.025	0.294	1.03825453852901e-29	3	LOC138570219	down
2.67140773882578e-33	-4.23451103974759	0.019	0.27	5.01396518500212e-29	3	PLEKHA5	down
2.70198090915529e-33	-2.86680623973038	0.137	0.473	5.07134796839356e-29	3	CA5A	down
3.63447177380241e-33	-2.89626002491168	0.085	0.442	6.82154007224974e-29	3	PLS3	down
2.11734629582032e-32	-3.76904774174914	0.027	0.283	3.97404726262516e-28	3	PPL	down
2.93289884560133e-32	-4.19674379456949	0.023	0.314	5.50475784330914e-28	3	NECTIN1	down
3.13765480367484e-32	-3.3512494303372	0.268	0.594	5.88906430101731e-28	3	KRT15	down
3.16008794447252e-32	-4.73015287581978	0.017	0.298	5.93116906298047e-28	3	PCDH7	down
7.54630265506913e-32	-3.82606954349784	0.03	0.31	1.41636554532992e-27	3	SYTL2	down
9.14910703160785e-32	-3.69422043047723	0.027	0.289	1.71719589876248e-27	3	AP1S3	down
9.77633199330629e-32	-3.71312570676099	0.026	0.273	1.83491975182366e-27	3	MYO1B	down
9.79848384468197e-32	-4.50592051544506	0.04	0.298	1.83907743280836e-27	3	COL5A1	down
1.30850272584548e-31	-3.26737757048808	0.061	0.378	2.45592876613938e-27	3	PKP1	down
1.97045833411552e-31	-2.33307018317784	0.208	0.509	3.69835324730143e-27	3	CAMP	down
2.92106516057061e-31	-1.93578737932859	0.16	0.436	5.48254719987499e-27	3	HMGB3	down
3.28011460955664e-30	-2.96198615257004	0.06	0.317	6.15644711067686e-26	3	ADCY4	down
5.08456987974793e-30	-4.3010128836851	0.077	0.365	9.54322920729889e-26	3	LOC138521056	down
5.16888097689279e-29	-1.33611281091446	0.506	0.766	9.70147270553008e-25	3	HMGN2	down
8.25741280954445e-29	-3.85164909132031	0.025	0.252	1.5498338102234e-24	3	MFAP2	down
8.65844340103043e-29	-3.13900130267081	0.034	0.238	1.6251032419394e-24	3	HIC2	down
1.19904704004098e-28	-2.57855803712127	0.09	0.38	2.25049138945292e-24	3	EZR	down
1.8373872029095e-28	-3.46819230333731	0.028	0.264	3.44859204114083e-24	3	RAB27B	down
2.38959373657418e-28	-3.15002985175483	0.109	0.367	4.48502848417608e-24	3	COL5A2	down
3.86826354307561e-28	-3.61076361285914	0.031	0.245	7.2603438439986e-24	3	LOC138527095	down
5.26389651421314e-28	-4.6728330937743	0.011	0.223	9.87980736752663e-24	3	KIF21A	down
1.42904653219247e-27	-4.76040509300565	0.01	0.24	2.68217743627205e-23	3	FAM83B	down
2.45399551186676e-27	-3.98796282207347	0.032	0.275	4.60590417622272e-23	3	FKBP10	down
3.09307325523375e-27	-2.08007650265254	0.126	0.376	5.80538919274823e-23	3	PDE4B	down
3.30515906759726e-27	-4.50543578909991	0.032	0.263	6.20345305397329e-23	3	WFDC3	down
6.1534133178218e-27	-3.7548786771537	0.024	0.256	1.15493414562197e-22	3	SYNE2	down
6.51476078013855e-27	-3.88163463360379	0.039	0.303	1.2227554508242e-22	3	CLDN3	down
7.45994858749399e-27	-4.54953948537278	0.013	0.224	1.40015775038675e-22	3	LOC138583127	down
1.17193409711137e-26	-3.78776705841233	0.051	0.297	2.19960310686833e-22	3	LOC138521299	down
1.52391275436089e-26	-4.72434418855666	0.014	0.217	2.86023184865996e-22	3	LOC138472418	down
1.90865674243332e-26	-3.05051952048811	0.167	0.455	3.58235783987309e-22	3	KRT8	down
1.97809360820702e-26	-3.38986591771454	0.03	0.241	3.71268389324376e-22	3	BAIAP2L1	down
2.76919571109883e-26	-3.97542984016133	0.022	0.261	5.1975034301614e-22	3	EVPL	down
3.39909459530193e-26	-4.14976487382801	0.114	0.371	6.3797606459222e-22	3	FSTL1	down
4.11488771230249e-26	-3.63603984239196	0.027	0.263	7.72323274722054e-22	3	PARD3	down
4.21592483698313e-26	-3.95083261286178	0.017	0.229	7.91286932653364e-22	3	ESRP2	down
7.08750416605281e-26	-3.96248818533013	0.023	0.231	1.33025365692645e-21	3	SERPINH1	down
1.60142740077026e-25	-3.14981534845658	0.09	0.317	3.00571908850569e-21	3	ITGA6	down
1.79774944800567e-25	-2.78372566165998	0.042	0.247	3.37419593896183e-21	3	TUFT1	down
2.55650449101971e-25	-4.22496542646654	0.05	0.295	4.79830327919489e-21	3	FCGBP	down
2.57083179220513e-25	-2.26006712420136	0.116	0.395	4.82519419078981e-21	3	PTGS2	down
4.65866944017096e-25	-3.63383009884445	0.078	0.313	8.74385667225687e-21	3	KRT18	down
5.97850232845897e-25	-4.06570415237485	0.05	0.284	1.12210510202846e-20	3	LOC138487720	down
2.0814113667866e-157	5.2465267403695	0.969	0.204	3.90660099432177e-153	3	LYZ	up
2.14872609740512e-157	7.08578103537024	0.879	0.014	4.03294401221967e-153	3	CSF1R	up
1.4714837189172e-155	3.99985354571756	0.973	0.374	2.76182779203569e-151	3	PSAP	up
3.17560974522746e-154	4.70957809370505	0.962	0.279	5.96030193081741e-150	3	CTSB	up
1.24272539967399e-148	3.83767315547409	0.948	0.164	2.33247130264812e-144	3	GRN	up
5.32495803240066e-146	4.16042972300485	0.925	0.191	9.9944137310128e-142	3	CTSC	up
1.61726387685916e-144	4.77419401239253	0.921	0.131	3.03544257047696e-140	3	LGMN	up
9.18930012896291e-144	7.12324009449453	0.827	0.014	1.72473974120505e-139	3	C1QC	up
4.16910257411617e-141	4.06726265176543	0.904	0.079	7.82498862135864e-137	3	TARM1	up
2.61495442720434e-140	7.04292948020317	0.83	0.02	4.90800796441982e-136	3	C1QB	up
6.06950006491923e-140	4.63922220958882	0.965	0.361	1.13918446718469e-135	3	CTSL	up
2.94657043846711e-139	4.47318279112892	0.899	0.122	5.53041805595893e-135	3	CTSZ	up
6.62692039207427e-137	3.58614048367087	0.925	0.182	1.24380668838842e-132	3	BPI	up
1.44505782860813e-134	6.08362735711649	0.841	0.056	2.71222903851459e-130	3	APOE	up
5.28355169396795e-131	3.53666381540489	0.979	0.427	9.91669817440844e-127	3	VIM	up
8.26912972969906e-129	7.58246477519982	0.809	0.032	1.55203295896722e-124	3	PLBD1	up
5.6715222851728e-126	3.65052283403682	0.824	0.077	1.06448801770408e-121	3	DOCK2	up
2.06222990901765e-125	4.88759205080135	0.794	0.039	3.87059931623523e-121	3	CD68	up
2.58469242669758e-125	3.18612452973805	0.958	0.452	4.85120921566868e-121	3	NPC2	up
3.57635516616978e-125	3.13330909057062	0.924	0.236	6.71246101138407e-121	3	ATP6V1A	up
1.19766926345627e-124	3.85377198670791	0.878	0.079	2.24790544058107e-120	3	SPACA4	up
8.1432929285798e-124	2.91372034931906	0.941	0.428	1.52841464976514e-119	3	ATP6V0C	up
1.89854346907442e-123	5.54129341390502	0.82	0.042	3.56337623710577e-119	3	CD300LF	up
5.30533560397054e-122	3.3959352386097	0.863	0.086	9.9575843950923e-118	3	CD53	up
2.3148888458951e-121	5.06468253536839	0.796	0.038	4.34481487486051e-117	3	AIF1	up
1.76846463778692e-120	5.23793616484945	0.781	0.047	3.31923127866228e-116	3	CLEC	up
6.74642504787606e-120	3.33217495774326	0.881	0.092	1.26623651723586e-115	3	CD209	up
1.3083769609885e-119	3.82575902071903	0.864	0.131	2.45569271807931e-115	3	LGALS9	up
9.76471160666354e-119	4.31698907860347	0.849	0.138	1.83273872145468e-114	3	RNASET2	up
3.59011406892239e-118	3.83070289067397	0.902	0.26	6.73828509596044e-114	3	LGALS3BP	up
3.52892059558345e-117	3.41387077586827	0.807	0.075	6.62343106585058e-113	3	FYB1	up
2.63560391143141e-116	4.2808099161391	0.798	0.088	4.94676498136561e-112	3	PRSS16	up
7.61414046784564e-115	4.95403433177863	0.758	0.057	1.42909802440995e-110	3	DNASE2	up
9.93171068647126e-115	3.57478429988261	0.808	0.067	1.86408277874379e-110	3	SRGN	up
3.56786897939658e-114	4.57294858234107	0.762	0.064	6.69653328742943e-110	3	SLC43A2	up
6.1941607151853e-114	3.99261614407486	0.812	0.113	1.16258202463313e-109	3	ASAH1	up
1.14217247451209e-113	4.30145807365647	0.757	0.064	2.14374351741175e-109	3	EVL	up
1.60961532947856e-113	3.8326623432333	0.763	0.075	3.02108701189832e-109	3	NRK	up
3.45347700052949e-113	3.1191844748194	0.78	0.069	6.48183098229379e-109	3	PTPRC	up
9.09607144262483e-113	4.12731189236425	0.822	0.089	1.70724164906625e-108	3	CMKLR1	up
8.04123556077219e-112	7.00708795980449	0.724	0.014	1.50925950240133e-107	3	MARCO	up
3.3695704212858e-110	3.68208290259699	0.839	0.151	6.32434672371131e-106	3	ATP6V1B2	up
5.21261784954044e-110	3.96186257141829	0.801	0.088	9.78356244180245e-106	3	TCIRG1	up
1.71804695143632e-109	5.27842092292075	0.775	0.057	3.22460232315083e-105	3	ACP5	up
4.75666358673971e-108	3.71425305248763	0.782	0.075	8.92778188595176e-104	3	LOC138503116	up
3.86714989824073e-105	5.08443465479484	0.752	0.067	7.25825364400802e-101	3	UCP2	up
8.65829109412756e-105	4.4524988250154	0.753	0.065	1.6250746554568e-100	3	SLC7A8	up
9.10648553656726e-103	5.29147466211268	0.692	0.025	1.70919627035831e-98	3	HCST	up
1.40438855252667e-102	2.8639296523133	0.898	0.352	2.63589687423731e-98	3	GPX1	up
2.29984303093167e-102	3.33760492721167	0.693	0.059	4.31657538475565e-98	3	NCKAP1L	up
3.06261420961822e-102	4.46740847529987	0.684	0.044	5.74822061003244e-98	3	WDFY4	up
3.68480192583148e-101	3.37144559516341	0.772	0.115	6.91600473459311e-97	3	EPB41L3	up
4.01421156304118e-101	2.43124749658811	0.916	0.214	7.534273682672e-97	3	BASP1	up
4.43498165555433e-101	2.94419915891369	0.755	0.077	8.32401706930992e-97	3	VSIR	up
7.30787308839536e-101	3.12191143807455	0.789	0.153	1.37161469996092e-96	3	ATP6AP2	up
1.73634784403199e-100	4.27238034326116	0.708	0.066	3.25895126846365e-96	3	CTSD	up
2.17628911635578e-99	3.4440300708668	0.722	0.059	4.08467704248816e-95	3	C5AR1	up
5.28328516187779e-99	2.98433971339452	0.797	0.118	9.91619792032842e-95	3	ARAP1	up
1.94429408396678e-98	3.06751264771715	0.685	0.061	3.64924556619724e-94	3	CYBB	up
4.70238471746714e-98	3.70453881261019	0.748	0.101	8.82590587621407e-94	3	RGS10	up
2.47982684841216e-96	2.9803192344692	0.822	0.204	4.65438701178478e-92	3	ATP6V0E1	up
3.0222682496402e-96	3.34443480693493	0.71	0.088	5.67249527774969e-92	3	SDR16C5	up
1.05907448996997e-95	5.51365509822819	0.642	0.026	1.98777691022465e-91	3	MITF	up
1.26036329914323e-95	2.85496006963693	0.792	0.113	2.36557587616192e-91	3	CYBA	up
1.72719520492906e-95	3.07210522367021	0.752	0.096	3.24177268013136e-91	3	ASGR1	up
4.71096217365651e-94	2.79415569666805	0.786	0.137	8.8420049037359e-90	3	STOM	up
4.80879074595314e-94	3.61990958371906	0.691	0.085	9.02561935107944e-90	3	SLAMF8	up
1.26673219077742e-93	2.73461783531432	0.939	0.436	2.37752964887015e-89	3	LGALS1	up
2.20739072468844e-93	3.52774694668709	0.69	0.06	4.14305165116773e-89	3	TYROBP	up
1.61661044638363e-91	2.78770638972433	0.695	0.099	3.03421614681744e-87	3	PLEKHA2	up
3.82571906270353e-90	3.24417695904206	0.708	0.09	7.18049210878826e-86	3	TSPAN36	up
3.28106806137336e-89	4.97315533757582	0.595	0.023	6.15823664439165e-85	3	TASL	up
2.91115075635737e-88	2.76617206670332	0.731	0.11	5.46393885460715e-84	3	FXYD5	up
1.76744654283945e-87	2.6162086155412	0.79	0.128	3.31732041625537e-83	3	S6C6	up
2.462845108954e-87	3.19755345645722	0.702	0.108	4.62251398499577e-83	3	MFSD1	up
3.79951348259414e-87	4.35788258267583	0.681	0.064	7.13130685548093e-83	3	PRCP	up
5.41380138031395e-87	4.43268157023003	0.639	0.039	1.01611638107112e-82	3	ANPEP	up
7.28505520567057e-87	2.25696281936432	0.712	0.084	1.36733201155231e-82	3	TNFRSF1B	up
1.19865368295277e-86	2.14780145813427	0.729	0.08	2.24975309753405e-82	3	LCP1	up
1.9061831429624e-86	7.42681770396331	0.59	0.007	3.57771514102612e-82	3	CD5L	up
3.20605787725739e-86	5.27274107920275	0.585	0.02	6.0174500298244e-82	3	MPP1	up
2.44310673464666e-85	3.33440326878302	0.75	0.131	4.58546703025831e-81	3	BRI3	up
4.15713426475381e-84	3.64033524826048	0.603	0.044	7.80252530151642e-80	3	MYO1F	up
1.09458579128002e-83	3.79689257914491	0.612	0.045	2.05442807165347e-79	3	INPP5D	up
1.16498286943783e-82	2.30804171374903	0.857	0.32	2.18655634764787e-78	3	SH3BGRL3	up
6.70016501306069e-82	2.67317420596698	0.715	0.104	1.25755397130136e-77	3	GAS7	up
1.21449355461438e-81	3.03706883597676	0.625	0.06	2.27948295265573e-77	3	ARHGAP30	up
1.36331902387608e-81	2.36854061255894	0.848	0.225	2.55881347591302e-77	3	ANXA5	up
9.50839954177434e-81	3.23232374900512	0.846	0.369	1.78463150999563e-76	3	SELENOP	up
7.30026100792361e-80	3.36085444040522	0.684	0.098	1.37018598857718e-75	3	ATP6V1H	up
1.14480384398803e-79	3.45388168457818	0.707	0.109	2.14868233478114e-75	3	CD22	up
3.40562542346552e-79	3.52368333299276	0.626	0.049	6.39201835730244e-75	3	RGS1	up
1.28534951938202e-78	2.72771253455411	0.629	0.092	2.41247251292811e-74	3	SKAP2	up
6.68651409427074e-77	1.33753295964405	0.85	0.243	1.25499183035368e-72	3	PLAUR	up
6.85458412525146e-77	2.96866179778426	0.702	0.123	1.28653689446845e-72	3	ATP6AP1	up
9.93781009458613e-77	4.08047278878929	0.562	0.048	1.86522757665287e-72	3	TMEM104	up
3.89670500137409e-76	4.40255918281143	0.595	0.032	7.31372561707904e-72	3	F13A1	up
6.97592048439312e-76	2.78720706027198	0.759	0.181	1.30931051571574e-71	3	ATP6V1E1	up
1.77517397363921e-75	3.37250713725777	0.612	0.052	3.33182403112343e-71	3	ITM2C	up
2.32829511379861e-75	3.0384590866654	0.754	0.206	4.36997709908861e-71	3	PLIN2	up
1.96275450173785e-43	-4.93880988010954	0.152	0.517	3.68389392431176e-39	4	VIM	down
4.86359821621167e-36	-5.27384541323359	0.029	0.333	9.12848749200769e-32	4	PLAUR	down
1.07011081859951e-31	-3.82151894461067	0.212	0.516	2.00849099542941e-27	4	LGALS1	down
1.46349294888091e-30	-4.50071210328691	0.037	0.312	2.74682991575459e-26	4	BASP1	down
3.01799490221975e-29	-4.34868643961006	0.038	0.261	5.66447463197624e-25	4	TGFBI	down
6.0314686488295e-28	-2.96066039099856	0.06	0.292	1.13204635069881e-23	4	LITAF	down
1.92403956034651e-26	-2.51857643594019	0.144	0.409	3.61122985081436e-22	4	LPO	down
7.12018564361302e-26	-5.71639946600492	0.019	0.226	1.33638764344973e-21	4	LGALS9	down
3.18786704669249e-25	-4.20482129932271	0.052	0.312	5.98330765993714e-21	4	KRT18	down
8.11452801501417e-24	-1.04645325216443	0.155	0.451	1.52301576313801e-19	4	KRT8	down
2.51010682108126e-22	-3.54884308695433	0.114	0.356	4.71121949248741e-18	4	LOC138521056	down
4.26049781794185e-21	-2.12795435127811	0.121	0.373	7.99652835449505e-17	4	GLRX	down
7.43265092452658e-21	-3.28367136421266	0.13	0.364	1.39503425202439e-16	4	AGR2A	down
3.88960640464694e-20	-3.69979704113591	0.203	0.446	7.30040226088184e-16	4	CTSL	down
1.09821671082019e-18	-7.85018350769347	0.136	0.339	2.06124294453841e-14	4	HBA2	down
2.84325372937501e-18	-3.76048534651619	0.075	0.278	5.33650292466395e-14	4	LOC138487720	down
6.44585842827917e-18	-3.78964278546737	0.081	0.288	1.20982316840372e-13	4	FCGBP	down
4.74917549721315e-17	-1.6376660004562	0.282	0.514	8.91372749071936e-13	4	TMEM176B	down
1.48428377536526e-154	3.61833921449092	0.983	0.216	2.78585221798306e-150	4	COL17A1	up
1.95569393611023e-136	2.81392260104789	0.999	0.721	3.67064194868529e-132	4	LOC138580806	up
2.34014363766757e-123	3.43577147245304	0.881	0.098	4.39221559353825e-119	4	ITGB4	up
2.78502466954357e-104	4.12998106130514	0.81	0.198	5.22721280226632e-100	4	HIFy	up
2.11448029924722e-101	2.64550125426341	0.896	0.234	3.9686680736571e-97	4	ITGA6	up
3.32633253596493e-99	3.37379927264759	0.712	0.083	6.24319353675258e-95	4	ECRG4	up
6.50615169679322e-99	2.9340264993553	0.764	0.141	1.22113961197112e-94	4	FCN2	up
4.46078501758264e-98	1.8401327469579	0.991	0.541	8.37244739950086e-94	4	COL1A1	up
6.66617115378219e-97	1.48413500563103	0.996	0.616	1.25117366385338e-92	4	COL1A2	up
2.31396871578875e-96	4.15762833981866	0.785	0.188	4.3430878826639e-92	4	TBFA	up
4.66426728407114e-96	2.97320850019615	0.77	0.125	8.75436326547313e-92	4	SRPX	up
7.51461558854085e-86	2.84098176418128	0.745	0.082	1.41041819981323e-81	4	COL7A1	up
2.28316936253516e-85	2.63006574351899	0.783	0.163	4.28528057654225e-81	4	VWA7	up
2.20540255850059e-84	1.71533473558533	0.937	0.453	4.13932006204975e-80	4	CDH1	up
7.09465618405914e-84	3.33622011228578	0.754	0.172	1.33159601918606e-79	4	LOC138521057	up
8.50775447470699e-84	1.36961683436228	0.991	0.546	1.59682043735775e-79	4	SPARC	up
6.15664181822615e-82	2.82933275083209	0.716	0.087	1.15554010286287e-77	4	VIT	up
9.03520490857482e-72	2.56048750929043	0.758	0.223	1.69581760929041e-67	4	LOC138521299	up
7.17906186721042e-68	1.29275877019639	0.994	0.779	1.34743812185672e-63	4	KRT1	up
4.63708804310689e-66	2.60733175891853	0.674	0.149	8.70335054810733e-62	4	SERPINF1	up
1.39329400557914e-63	2.83854008611586	0.65	0.118	2.61507351907149e-59	4	DST	up
4.96021072277852e-63	2.65439584311711	0.71	0.154	9.30981950558301e-59	4	LAMB3	up
7.97577401715006e-63	1.82577995623762	0.683	0.176	1.4969730252789e-58	4	THSD4	up
2.07996849301819e-62	1.69812552298021	0.823	0.408	3.90389286454584e-58	4	FGFBP1	up
1.9869970267701e-61	2.56519310880965	0.6	0.099	3.7293947195448e-57	4	COL5A3	up
2.16936623139509e-60	2.87069520193265	0.56	0.075	4.07168347970545e-56	4	ITGA2	up
3.26960253216044e-59	3.33393725651719	0.485	0.049	6.13671699261194e-55	4	IGFBP2	up
3.47046441043715e-56	3.10905656023495	0.516	0.057	6.51371465194948e-52	4	ITGA3	up
2.06514812760757e-54	2.17731420456446	0.546	0.099	3.87607652070664e-50	4	GALNT18	up
4.41326025286281e-53	3.32080778445375	0.412	0.037	8.28324816859821e-49	4	COL4A5	up
2.5066453870798e-52	1.36495580510309	0.87	0.41	4.70472272701007e-48	4	SERPINB1	up
1.30142340307278e-51	1.59999411397194	0.688	0.207	2.4426415852273e-47	4	FKBP10	up
4.29389285554294e-51	1.16204635729868	0.968	0.557	8.05920750056855e-47	4	EPCAM	up
4.69090149980236e-51	2.98591384028749	0.547	0.066	8.80435302497904e-47	4	COL28A1	up
1.17265196019234e-50	2.59092635961663	0.601	0.103	2.200950464085e-46	4	LAMA3	up
5.75115740174722e-50	2.95072317442543	0.586	0.15	1.07943473273394e-45	4	AREG	up
4.27402833335549e-49	2.550590840164	0.524	0.084	8.02192377887492e-45	4	COL18A1	up
2.70858039808412e-48	1.97403954258545	0.821	0.306	5.08373454916409e-44	4	MMP18	up
9.5224134479847e-48	3.12032003121733	0.452	0.052	1.78726178005225e-43	4	JAG2	up
2.51966426189534e-46	1.43160901801899	0.745	0.326	4.72915785315136e-42	4	FLNA	up
5.50602822693982e-46	2.11270837477088	0.529	0.131	1.03342643791434e-41	4	FHL2	up
2.02716867359651e-45	3.20652675682279	0.427	0.041	3.80479288347329e-41	4	COL14A1	up
8.84053287158833e-45	1.28341338862558	0.84	0.392	1.65927961466841e-40	4	SERPINB5	up
1.24635424778935e-43	1.83098908738724	0.585	0.172	2.33928228767584e-39	4	ECM1	up
7.89260250723105e-43	2.75906147685161	0.432	0.056	1.4813625645822e-38	4	C3QH17orf67	up
1.3656811664025e-40	2.94309658896615	0.437	0.068	2.56324698122084e-36	4	LAMC2	up
1.48607188897605e-40	2.49940929740347	0.508	0.101	2.78920832841914e-36	4	EREG	up
1.53366648600807e-39	1.15261161818265	0.785	0.358	2.87853862758856e-35	4	ITGBL1	up
1.71622303746749e-37	2.78420714631022	0.395	0.057	3.22117901902274e-33	4	LAMB4	up
2.10065790145189e-37	2.52965815758533	0.338	0.055	3.94272481523505e-33	4	AGRN	up
2.92510111552052e-37	1.96715873032768	0.493	0.12	5.49012228372046e-33	4	FGFR2	up
1.77933727453414e-36	1.9310591797878	0.453	0.119	3.33963813057313e-32	4	PAPLN	up
5.81624522878636e-36	3.20862996698336	0.301	0.03	1.09165106699091e-31	4	COL4A6	up
2.96661583789428e-34	3.08366004800216	0.291	0.033	5.56804126614377e-30	4	FERMT1	up
8.60181395092263e-34	2.02205820271644	0.525	0.135	1.61447446044867e-29	4	RHOD	up
2.61946687291636e-33	1.56881130645978	0.556	0.175	4.91647737377672e-29	4	SERPINH1	up
3.55451849846595e-33	1.23183139649514	0.876	0.514	6.67147576977075e-29	4	SDC1	up
1.951390219735e-32	2.4275714030719	0.324	0.052	3.66256430342062e-28	4	GRIP1	up
2.52322403438503e-32	2.20590135292596	0.415	0.079	4.73583919013726e-28	4	ECM2	up
3.57742481835549e-32	1.24778709515376	0.553	0.197	6.71446864157141e-28	4	MFAP2	up
8.58584109708537e-32	1.20525733482717	0.46	0.18	1.61147651551195e-27	4	CLDN1	up
1.17782156787963e-30	1.47109937509155	0.704	0.365	2.21065330075328e-26	4	SLC38A2	up
4.47285243388991e-29	1.06495500529352	0.765	0.452	8.39509673316797e-25	4	CTNNB1	up
1.51260951072163e-28	1.1164567015393	0.82	0.535	2.83901679067343e-24	4	KRT15	up
3.86581042278362e-28	2.22397229124123	0.429	0.085	7.25573958252258e-24	4	WNT7B	up
1.91358790989882e-27	2.72833244144586	0.362	0.055	3.59161314808909e-23	4	CYP2C9	up
4.91016450507511e-27	1.28134801105934	0.826	0.57	9.21588775957548e-23	4	KRT19	up
6.0426643636199e-27	1.30218468356014	0.585	0.249	1.13414767440782e-22	4	SMARCAD1	up
1.03143623523481e-26	1.58811144526298	0.324	0.108	1.93590266991221e-22	4	GPX8	up
1.03626861440771e-26	1.00289979305489	0.706	0.376	1.94497256238184e-22	4	IFITM1	up
2.97855742667452e-26	1.05996617494955	0.631	0.326	5.59045443412541e-22	4	NCCRP1	up
3.50445099117196e-26	3.22012113760942	0.296	0.03	6.57750406533065e-22	4	BCAM	up
8.08246498427799e-26	1.96809172386295	0.377	0.093	1.51699785289914e-21	4	TSPAN33	up
1.01555998994931e-25	2.15882427160024	0.433	0.102	1.90610454513586e-21	4	BNC1	up
1.18904475698816e-25	2.07675722166907	0.331	0.072	2.23171810439108e-21	4	DDAH1	up
2.1450800869758e-25	2.23607443368532	0.351	0.07	4.02610081524487e-21	4	EDARADD	up
3.14610160477369e-25	1.13565058755203	0.732	0.353	5.90491810199973e-21	4	TRIM29	up
3.73788163917333e-25	2.1006268118633	0.38	0.104	7.01563004856443e-21	4	PTHLH	up
7.3677318682209e-25	1.91976738558059	0.374	0.093	1.38284959434638e-20	4	CAVIN2	up
8.09149235529517e-25	1.86078901279999	0.397	0.117	1.51869220016535e-20	4	RRAS	up
9.25815126153562e-25	1.10760697112485	0.554	0.313	1.73766241027762e-20	4	H3-3B	up
1.56896912679261e-24	1.25288034329646	0.591	0.252	2.94479815407704e-20	4	ADH1A	up
1.79451235069066e-24	1.65939735021059	0.417	0.132	3.3681202310113e-20	4	RPS6KA1	up
2.00980466164618e-24	2.71162366003557	0.251	0.034	3.77220236944372e-20	4	UCMA	up
3.2978639191895e-24	2.03581232000471	0.341	0.079	6.18976078992677e-20	4	STAP1	up
1.09256051144685e-23	2.45152335104606	0.329	0.056	2.05062682393459e-19	4	PCSK5	up
1.8252826669717e-23	2.44666616404595	0.302	0.059	3.42587303763918e-19	4	TCIM	up
6.46008926891484e-23	1.06935077369134	0.566	0.239	1.21249415488263e-18	4	PCDH7	up
8.56543037031327e-23	3.02643661009562	0.224	0.021	1.6076456262041e-18	4	FGFBP2	up
9.40783870859727e-23	1.4260560620695	0.495	0.171	1.76575724721662e-18	4	PLCH2	up
1.26345943984956e-22	1.40618848117466	0.474	0.171	2.37138702265364e-18	4	CFP	up
9.80888775401617e-22	2.3010090285759	0.31	0.068	1.8410301425513e-17	4	TNS4	up
1.78984672648761e-21	1.4019931966056	0.428	0.165	3.35936332094459e-17	4	PDLIM1	up
2.54284986658168e-21	1.85451760188955	0.305	0.077	4.77267491458716e-17	4	NTF3	up
2.78775200520348e-21	1.27873536705687	0.488	0.177	5.23233173856641e-17	4	TP63	up
3.04527937954214e-21	2.16787665268488	0.267	0.06	5.71568486746264e-17	4	NBL1	up
3.21752482280669e-21	2.14825893190392	0.264	0.052	6.03897233992588e-17	4	EDA	up
3.35299302609536e-21	2.35070033153669	0.284	0.053	6.29323261067839e-17	4	APLP2	up
1.11295688536161e-20	1.37762828173191	0.46	0.181	2.0889087781352e-16	4	LOC138567840	up
1.93607406050678e-20	2.54684346503111	0.273	0.046	3.63381740416518e-16	4	LOC138471709	up
4.04103970413241e-35	-2.64199561119195	0.067	0.442	7.58462742068613e-31	5	HBB	down
1.88603114054115e-33	-1.15993434124394	0.451	0.757	3.53989184768168e-29	5	SSR3	down
9.08176055964412e-33	-2.85424162903259	0.085	0.399	1.7045556394396e-28	5	MSN	down
2.83297380771202e-31	-4.10152716032916	0.034	0.307	5.3172085396947e-27	5	BASP1	down
6.45175384081722e-30	-3.22774855923404	0.08	0.325	1.21092967838298e-25	5	LOC138487902	down
8.38783494747906e-29	-2.31139406868979	0.064	0.408	1.57431274129234e-24	5	HBA1	down
2.80393238734823e-26	-5.13541972237921	0.029	0.233	5.26270069781388e-22	5	FN1	down
1.76469379467925e-25	-1.04373929028318	0.432	0.67	3.31215378323348e-21	5	TUBA1C	down
6.68799795864253e-25	-5.40890095840193	0.022	0.258	1.25527033685762e-20	5	TGFBI	down
9.16459910101162e-25	-1.09602088962088	0.436	0.705	1.72010360526887e-20	5	COX6C	down
1.8057342176911e-24	-4.30830166770445	0.053	0.341	3.38918255318443e-20	5	HBA2	down
2.99825715692643e-24	-2.59149222387032	0.077	0.306	5.62742885783522e-20	5	ANXA5	down
4.54075193655756e-24	-1.11490379030327	0.458	0.726	8.52253730972489e-20	5	PPDPF	down
4.5496733409223e-24	-3.90627997481946	0.06	0.287	8.53928189357707e-20	5	COL5A1	down
1.45090671459552e-23	-1.17097565319259	0.366	0.644	2.72320681262433e-19	5	COX7B	down
3.36263213579284e-23	-1.31251895136687	0.335	0.62	6.31132425566958e-19	5	FTH1	down
4.73799047168841e-23	-3.44489972625863	0.043	0.296	8.89273431631198e-19	5	LSP1	down
4.89869725598426e-23	-1.39570831655465	0.37	0.634	9.19436487975686e-19	5	LDHA	down
5.16593349490258e-23	-1.21398355401004	0.267	0.533	9.69594057658265e-19	5	SEC61G	down
1.3362393889256e-22	-1.31083387252428	0.213	0.469	2.50798770907447e-18	5	TMEM167A	down
1.58849668525863e-22	-2.50572963140077	0.096	0.376	2.98144942856193e-18	5	PKM	down
6.39843137292736e-22	-1.01144517616507	0.56	0.766	1.20092158438474e-17	5	DBI	down
1.84793471951655e-21	-3.45429286121594	0.141	0.36	3.46838867506061e-17	5	FSTL1	down
2.48251501233762e-21	-2.204133096949	0.151	0.415	4.65943242665647e-17	5	ITGBL1	down
2.55784213322662e-21	-4.36630807720633	0.051	0.327	4.80081389985304e-17	5	HBBP1	down
2.59149353986528e-21	-3.28234231473274	0.284	0.5	4.86397422497314e-17	5	VIM	down
6.79728269458872e-21	-2.40038427620247	0.083	0.316	1.27578198894736e-16	5	CALM2	down
2.41223411853119e-20	-1.25072781683158	0.279	0.58	4.52752221707119e-16	5	DAD1	down
2.94891944667469e-20	-1.2650332919987	0.319	0.61	5.53482690946372e-16	5	LOC138504591	down
7.83132612102868e-19	-1.03976248096986	0.292	0.55	1.46986159965587e-14	5	NDUFB1	down
1.6851872202268e-18	-1.10146700630361	0.248	0.505	3.16292789364367e-14	5	ELOC	down
3.10321074381298e-18	-2.02425291430042	0.179	0.426	5.82441624506258e-14	5	GPX1	down
4.78019608407464e-18	-1.80981590951221	0.127	0.368	8.9719500301997e-14	5	GLRX	down
7.2086591868103e-18	-1.70634712722248	0.178	0.392	1.35299324277243e-13	5	SH3BGRL3	down
2.08668863300493e-17	-4.08485384960966	0.047	0.264	3.91650589528696e-13	5	THBS2	down
5.57405186318891e-17	-1.21463115947899	0.213	0.475	1.04619379420193e-12	5	UBL5	down
6.36859645879864e-17	-1.16565717034131	0.308	0.601	1.19532186935192e-12	5	SSR2	down
1.2468276237058e-16	-1.2374257094008	0.194	0.42	2.34017076693342e-12	5	TUSC3	down
1.39128558251768e-16	-1.51525518772028	0.448	0.686	2.61130390982744e-12	5	ALDOA	down
2.98810396453126e-15	-3.14892227447443	0.128	0.357	5.60837233102872e-11	5	COL5A2	down
4.415592733583e-15	-4.50585969814755	0.138	0.338	8.28762600166194e-11	5	COL3A1	down
7.10544381820544e-15	-2.62267483512973	0.13	0.33	1.33362075023898e-10	5	TIMP1	down
1.17819002486621e-14	-1.5468832779896	0.206	0.448	2.21134485767138e-10	5	ARPC5	down
1.3858907114167e-13	-1.13448809577662	0.262	0.496	2.60117827625801e-09	5	KRTCAP2	down
2.67684926022649e-11	-1.05106749996446	0.199	0.418	5.0241783765191e-07	5	LOC138516165	down
2.11020405057984e-10	-1.55561448838763	0.19	0.419	3.96064198253331e-06	5	GNG5	down
4.12865170647735e-10	-1.02030580481378	0.245	0.451	7.74906638788735e-06	5	ARPC3	down
4.843207061308e-10	-1.66568676317543	0.312	0.525	9.09021533336899e-06	5	ODC1	down
3.41220764744947e-09	-1.4375579300091	0.156	0.363	6.40437253349791e-05	5	PRDX6	down
1.05262468339382e-51	1.48559833515136	0.931	0.697	1.97567126826186e-47	5	LOC138504630	up
3.89853673948658e-47	1.48250970441547	0.835	0.452	7.31716360634235e-43	5	MYO10	up
1.76784078639008e-42	2.21460335448003	0.58	0.188	3.31806037197555e-38	5	FAM83B	up
3.4862161111976e-41	2.24808692467802	0.594	0.19	6.54327901910677e-37	5	BAIAP2L1	up
1.68812677012923e-37	2.42633424658476	0.546	0.175	3.16844513485556e-33	5	LOC138583127	up
2.03522763396134e-35	2.60587870351073	0.404	0.094	3.81991874618205e-31	5	CDH26	up
4.62195204453494e-34	1.81247886744868	0.636	0.307	8.67494179238763e-30	5	MEF2D	up
6.77746905819985e-34	1.18907249445022	0.836	0.464	1.27206316753353e-29	5	DSG2	up
1.89019914666785e-33	1.09137157001313	0.917	0.551	3.54771477838088e-29	5	PINLYP	up
4.96366199920798e-33	2.30859387004762	0.567	0.167	9.31629720631346e-29	5	LOC138472418	up
5.16029476052729e-33	2.64978264933618	0.464	0.101	9.68535723603368e-29	5	MUC3B	up
1.93790075296526e-32	1.6881072183362	0.477	0.178	3.6372459232405e-28	5	PLCH2	up
4.01672910418263e-32	2.22878940426072	0.529	0.178	7.53899885564039e-28	5	CGN	up
1.80934722113552e-31	1.09805940786974	0.813	0.463	3.39596379934926e-27	5	DSP	up
2.89613025671802e-31	1.17126566505351	0.786	0.526	5.43574687883404e-27	5	CAPN1	up
4.90174714713437e-31	1.90343606220586	0.554	0.22	9.20008922045651e-27	5	PLEKHA5	up
6.67803120432553e-31	2.20129178334254	0.517	0.164	1.25339967673986e-26	5	NR3C2	up
1.63088855472457e-30	2.17711472568496	0.504	0.176	3.06101472836255e-26	5	NPDC1	up
1.97162001081749e-30	1.87673752194908	0.531	0.215	3.70053359830335e-26	5	THRB	up
5.93022858694594e-30	1.69340550637849	0.709	0.364	1.11304460348388e-25	5	TTN	up
1.49785370257719e-29	2.01889991703299	0.489	0.149	2.81132161436713e-25	5	ADGRF5	up
1.98700488527805e-29	2.51721342272816	0.411	0.1	3.72940946917837e-25	5	NAALADL2	up
2.12088285548369e-29	1.71417431213825	0.706	0.405	3.98068503145734e-25	5	ACTN4	up
4.76968720951763e-29	2.04775089584582	0.441	0.144	8.95222592354364e-25	5	KANK1	up
4.77790472446989e-29	1.86522850793925	0.669	0.3	8.96764937735753e-25	5	MUC2	up
1.07126107727382e-28	1.64586440401878	0.616	0.314	2.01064991593524e-24	5	MYCBP2	up
1.61110263463346e-28	1.48362334803639	0.505	0.257	3.02387853494354e-24	5	ND4L	up
4.12922992442617e-28	1.63426889490551	0.537	0.247	7.75015164515547e-24	5	CRYBG1	up
4.55468226401065e-28	1.96646734552727	0.462	0.156	8.54868314132158e-24	5	PATJ	up
8.18198207682142e-28	2.10930671750275	0.429	0.127	1.53567621599861e-23	5	PIK3C2G	up
1.0647684791466e-27	1.68650086414257	0.601	0.26	1.99846395851026e-23	5	CDC42BPA	up
3.5074791474661e-27	2.0762795104252	0.526	0.183	6.58318761187912e-23	5	CAPN13	up
1.12163179914472e-26	1.50144099755114	0.681	0.402	2.10519072381473e-22	5	NFX1	up
4.11712681987125e-26	1.83838719400734	0.488	0.179	7.72743532821636e-22	5	KIF21A	up
1.20670856402499e-25	1.28243142547253	0.839	0.562	2.26487130381851e-21	5	TCHH	up
1.59816202833552e-25	1.60542284127566	0.567	0.269	2.99959031098294e-21	5	ADCY4	up
8.14603896611893e-25	1.83348082678023	0.495	0.212	1.52893005355086e-20	5	UGCG	up
3.37541260229363e-24	2.15743144326086	0.377	0.105	6.33531191324491e-20	5	FER1L4	up
1.11020612338136e-23	1.82226224031627	0.437	0.164	2.08374587297448e-19	5	SP140	up
1.96581239219176e-23	1.78344048917587	0.477	0.172	3.68963327890471e-19	5	SEMA4G	up
2.23835419361486e-23	1.89295492207224	0.424	0.152	4.20116698599574e-19	5	MAGI1	up
3.73285674967285e-23	1.26079411097286	0.51	0.286	7.00619883346098e-19	5	ZZEF1	up
4.10136434974953e-23	1.85131292836949	0.377	0.137	7.69785074804489e-19	5	CDKL5	up
8.68759834417357e-23	1.52273090082379	0.471	0.204	1.63057533321794e-18	5	LOC138527095	up
1.36387271911285e-22	1.41014125000083	0.6	0.329	2.55985270650292e-18	5	RNF213	up
1.55466124426462e-22	1.43434247881515	0.492	0.243	2.91794368936027e-18	5	NFATC3	up
1.7528182512473e-22	1.9796117955661	0.433	0.142	3.28986457576606e-18	5	GRAMD1C	up
2.76400337440786e-22	1.76758495339835	0.505	0.205	5.18775793342612e-18	5	MTSS1	up
3.59706331361783e-22	2.24700463503125	0.29	0.077	6.75132813332931e-18	5	CARD14	up
3.82473698097845e-22	1.61131138356757	0.441	0.186	7.17864883959845e-18	5	TP63	up
3.8881088892432e-22	2.49712280546582	0.302	0.066	7.29759157422056e-18	5	CAMK2B	up
4.44595724571378e-22	1.54843525527936	0.526	0.251	8.34461715448019e-18	5	STRN3	up
4.91215969388033e-22	1.96804240000852	0.487	0.167	9.21963252944399e-18	5	ARAP2	up
1.4929614193997e-21	1.6054501417082	0.528	0.224	2.8021392880713e-17	5	EGFR	up
1.52603754857892e-21	2.34804627410781	0.417	0.108	2.86421987492778e-17	5	NECTIN4	up
2.03150557337065e-21	2.2604055891126	0.355	0.095	3.81293281065938e-17	5	LOC138491116	up
2.05219413837717e-21	1.24544581615109	0.545	0.303	3.85176317832011e-17	5	ELF1	up
2.75867813918077e-21	2.05920867800377	0.367	0.11	5.17776299942839e-17	5	SYT2	up
2.81004647428323e-21	1.89183813101741	0.623	0.286	5.27417622758219e-17	5	HELZ2	up
4.11071299873623e-21	1.44779666702744	0.481	0.236	7.71539722732803e-17	5	VPS13A	up
5.1807430881159e-21	2.12417878239521	0.366	0.107	9.72373670208473e-17	5	GDPD2	up
5.23964467159162e-21	1.53526532128091	0.438	0.189	9.83428908411031e-17	5	ESRP2	up
7.36912217560129e-21	1.30613301326231	0.606	0.331	1.38311054113861e-16	5	OTOA	up
7.94694401689023e-21	1.52594885130697	0.547	0.268	1.49156192253013e-16	5	MCU	up
8.34534085909058e-21	1.37215798060617	0.486	0.217	1.56633702584271e-16	5	EVPL	up
8.70521509811811e-21	1.69516078082846	0.474	0.215	1.63388182176579e-16	5	EXT1	up
1.37333089751209e-20	1.15910292036955	0.548	0.328	2.57760476154044e-16	5	ITPKA	up
1.46103988504593e-20	1.81802239452479	0.492	0.193	2.74222576024271e-16	5	OSBPL3	up
2.73887246029732e-20	2.09350398139123	0.365	0.107	5.14058972073205e-16	5	EXPH5	up
2.84061283260028e-20	1.38740833624165	0.536	0.278	5.33154622550746e-16	5	NEDD4L	up
3.64539230149455e-20	1.57271880185398	0.579	0.293	6.84203681067512e-16	5	LRBA	up
4.16535035234576e-20	2.03132800170166	0.394	0.14	7.81794607631775e-16	5	NXPE4	up
5.6201444879142e-20	1.37574316774227	0.554	0.297	1.05484491893662e-15	5	PARG	up
6.44096369518493e-20	1.586516855473	0.43	0.181	1.20890447594926e-15	5	SPTBN2	up
9.8593008041948e-20	1.16291894718615	0.525	0.306	1.85049216793932e-15	5	ITPR2	up
1.06678865139915e-19	2.11888029586893	0.324	0.089	2.00225561981106e-15	5	ERBB3	up
1.09738200072253e-19	1.64195508437975	0.379	0.148	2.05967627715613e-15	5	FRY	up
1.37590966841374e-19	1.3004397716594	0.598	0.356	2.58244485664575e-15	5	STAT5B	up
1.4223121229727e-19	1.47505622649767	0.552	0.252	2.66953762360747e-15	5	SCEL	up
1.80579007921941e-19	1.19518974019089	0.601	0.36	3.38928739968691e-15	5	MYOF	up
1.86443719866307e-19	1.95070048888286	0.401	0.136	3.49936217817072e-15	5	NRG1	up
2.46890444002375e-19	2.14060732670086	0.352	0.109	4.63388674348057e-15	5	HERC6	up
2.81504539271752e-19	2.03838810275475	0.337	0.103	5.28355869759151e-15	5	PPP2R5B	up
3.13461289860729e-19	2.04987966822441	0.38	0.118	5.88335494939601e-15	5	SYTL4	up
4.99353510720102e-19	1.71524742620972	0.377	0.145	9.3723660427056e-15	5	ANK3	up
6.42379843252971e-19	1.8573674501393	0.396	0.141	1.2056827278015e-14	5	FAM3D	up
1.20875192625358e-18	1.28210022309696	0.505	0.279	2.26870649038534e-14	5	JARID2	up
1.59888765388086e-18	1.74609102868597	0.406	0.156	3.000952237569e-14	5	SEMA4B	up
1.69339212706747e-18	1.36518337588536	0.415	0.196	3.17832768329293e-14	5	PTPRF	up
2.17325186619717e-18	1.46342469719053	0.454	0.224	4.07897642766547e-14	5	MAST2	up
2.27957104061427e-18	1.4944693338351	0.377	0.141	4.27852688612891e-14	5	MUC16	up
2.45440614597391e-18	1.48953841774782	0.549	0.271	4.60667489537843e-14	5	PARP14	up
2.54490587998848e-18	1.48020339605211	0.443	0.21	4.77653384615039e-14	5	DOCK9	up
3.6517783525665e-18	2.01402048994801	0.402	0.148	6.85402278993207e-14	5	GFPT2	up
3.74374400561263e-18	2.4610357793	0.295	0.067	7.02663312413434e-14	5	ARHGEF28	up
3.78203763956948e-18	2.08456744588885	0.465	0.153	7.09850644570796e-14	5	MYO5B	up
4.03889845800491e-18	1.43413784495105	0.49	0.253	7.58060851582942e-14	5	CDKAL1	up
6.50640725066937e-18	1.05359058558356	0.496	0.289	1.22118757687813e-13	5	DIAPH2	up
7.78139986053444e-18	1.99851011099616	0.38	0.121	1.46049093982371e-13	5	JUP	up
8.83979380891977e-18	2.06284294400863	0.363	0.119	1.65914089999615e-13	5	RN18S	up
1.47334525843057e-48	-5.02991812898162	0.114	0.513	2.76532171554833e-44	6	VIM	down
1.05119333325363e-39	-3.82453560946887	0.052	0.401	1.97298476718373e-35	6	MSN	down
3.68459336755033e-38	-6.77656709002698	0.007	0.308	6.91561329155522e-34	6	BASP1	down
8.18198753712629e-38	-4.69847307146447	0.061	0.361	1.53567724084323e-33	6	COL5A2	down
1.11214825667807e-34	-5.82842533926254	0.02	0.29	2.08739106295907e-30	6	COL5A1	down
2.30285694717011e-33	-3.25483448984706	0.326	0.601	4.32223220414357e-29	6	COL1A1	down
8.91273170825391e-32	-3.77811978016936	0.039	0.309	1.67283061432218e-27	6	ANXA5	down
5.58968714447979e-31	-4.66717993792562	0.037	0.264	1.04912838014741e-26	6	THBS2	down
1.2170369384536e-29	-6.66905634141551	0.011	0.259	2.28425662978356e-25	6	TGFBI	down
9.56604723312448e-29	-4.63172032457657	0.02	0.236	1.79545140518513e-24	6	THSD4	down
1.28264942578652e-28	-4.48433495477847	0.056	0.317	2.40740470725872e-24	6	DCN	down
1.0337254918794e-27	-5.50256334663053	0.016	0.222	1.94019937570845e-23	6	LGALS9	down
2.99038152180995e-27	-3.68159984424474	0.215	0.509	5.6126470782851e-23	6	LGALS1	down
2.77333255457839e-26	-5.24078512272979	0.036	0.276	5.20526787168817e-22	6	POSTN	down
2.16700042827903e-25	-2.60692197068561	0.134	0.416	4.06724310383692e-21	6	ITGBL1	down
9.77530886099693e-25	-5.82369931212838	0.009	0.218	1.83472772012051e-20	6	PFN2	down
7.19933720783184e-24	-5.330062087782	0.035	0.249	1.35124360053796e-19	6	FBN2	down
2.54391551670167e-23	-2.98409707768306	0.459	0.665	4.77467503329737e-19	6	COL1A2	down
3.71791225771837e-23	-2.90846548226395	0.061	0.301	6.97814951651161e-19	6	ASAP1	down
5.06247913987788e-23	-3.67177608134594	0.063	0.302	9.50176709763679e-19	6	LRP1	down
7.39823179264033e-23	-6.08357926986429	0.011	0.216	1.38857412516066e-18	6	VCAN	down
8.2210940260971e-23	-2.8061602255372	0.048	0.26	1.54301713775816e-18	6	TLN1	down
2.6128690170298e-22	-3.65511939192909	0.136	0.36	4.90409385806324e-18	6	FSTL1	down
3.84839606091614e-22	-2.09772870681308	0.129	0.353	7.2230545667335e-18	6	APP	down
1.40513151641991e-21	-1.64645319533836	0.518	0.729	2.63729134316852e-17	6	LOC138504630	down
3.18297453691191e-21	-3.03239318044432	0.063	0.294	5.97412490832996e-17	6	LSP1	down
3.47904131376462e-20	-5.08286342973949	0.096	0.34	6.52981264180481e-16	6	COL3A1	down
1.4956141826805e-19	-1.83665049013176	0.161	0.399	2.80711825947303e-15	6	PICALM	down
2.73264137983821e-18	-2.96539736674372	0.063	0.264	5.12889460581834e-14	6	FKBP10	down
9.04253885341325e-17	-1.46011123219222	0.286	0.505	1.69719411739713e-12	6	B2M	down
9.63956804565722e-17	-2.64262722041407	0.108	0.323	1.8092505264894e-12	6	ATP6V1A	down
2.98763292512733e-16	-2.09215508882058	0.089	0.291	5.60748823717149e-12	6	ERBIN	down
1.26792555027866e-15	-2.14257656606532	0.093	0.3	2.37976946531801e-11	6	AKAP13	down
1.79656349540083e-135	3.75005930053072	0.984	0.456	3.37197002451782e-131	6	LOC138472541	up
8.36703231915344e-126	3.50470983705246	0.988	0.495	1.57040829598191e-121	6	LOC138472539	up
2.80014372683282e-120	3.87852494005814	0.952	0.416	5.25558976089253e-116	6	LOC138472538	up
5.02248136080976e-110	4.06397714127856	0.871	0.238	9.42669526610383e-106	6	LOC138472547	up
8.23697147866555e-106	4.21022377492561	0.866	0.2	1.54599717683074e-101	6	LOC138472542	up
3.8795270053913e-104	1.64935986135297	0.999	0.789	7.28148423641894e-100	6	PRDX1	up
7.08274957949436e-102	4.20382908620983	0.847	0.18	1.3293612685753e-97	6	LOC138472543	up
2.41587763656181e-96	3.90311259306103	0.782	0.147	4.53436073606287e-92	6	LOC138472545	up
9.93081730022534e-93	2.32812570776034	0.942	0.343	1.86391509907929e-88	6	LPO	up
1.18462556642854e-92	4.42929935821471	0.724	0.108	2.22342372562972e-88	6	LOC138472546	up
8.15288742556403e-90	2.07706351117736	0.974	0.469	1.53021544090411e-85	6	RihA	up
3.82723175461519e-89	2.32796361542311	0.895	0.287	7.18333128023724e-85	6	LOC138528712	up
8.26227168519868e-88	2.40115001608275	0.969	0.565	1.55074577259494e-83	6	KRT19	up
1.56422942315015e-87	1.57795759790758	0.996	0.765	2.93590220431052e-83	6	S100A4	up
2.18513008246225e-87	2.73682569975444	0.856	0.192	4.1012706517734e-83	6	WFDC3	up
8.2566731787704e-87	3.83909357988051	0.815	0.22	1.54969498892342e-82	6	LOC138472540	up
1.08054274420758e-86	1.79228511646012	0.995	0.544	2.0280706766032e-82	6	TGM3	up
1.71516820015456e-86	2.14154981699413	0.902	0.296	3.21919919487009e-82	6	A2M	up
3.91985034037593e-86	2.56873331103756	0.895	0.274	7.35716710385158e-82	6	AVR4	up
6.00684848405471e-81	1.69144405458024	0.996	0.664	1.12742539197223e-76	6	LOC138580807	up
5.84593417864508e-79	1.66757598886939	0.991	0.783	1.0972233859899e-74	6	KRT1	up
1.2337565413512e-77	3.56842045336013	0.73	0.155	2.31563765246207e-73	6	BR3	up
2.55868538116026e-77	2.93205443433931	0.794	0.184	4.8023965918997e-73	6	LOC138525707	up
2.04231036868187e-76	1.54288163963508	0.951	0.493	3.83321233097899e-72	6	MGST3	up
3.42780327809784e-76	1.7135462747792	0.959	0.661	6.43364397266183e-72	6	LOC138562538	up
1.94368026905494e-73	1.26229197952421	1	0.775	3.64809349698923e-69	6	S100P	up
3.14710047577442e-73	1.34044166761544	0.999	0.639	5.90679288298102e-69	6	S100A13	up
2.8084651004754e-72	2.55175074699026	0.851	0.34	5.27120814708228e-68	6	FABP2	up
3.27805532083223e-72	2.13999744853413	0.916	0.401	6.15258203167001e-68	6	CA5A	up
2.37015514360523e-67	2.05446594484793	0.956	0.572	4.44854418903266e-63	6	GSTM4	up
5.26474432837468e-67	1.55315715029643	0.915	0.45	9.88139862992643e-63	6	PRDX5	up
1.81810480072617e-64	1.59713995223647	0.912	0.374	3.41240090048295e-60	6	FXYD3	up
2.73193419355992e-61	1.80372509731603	0.834	0.328	5.12756728789262e-57	6	ASS1	up
9.02782863830493e-59	1.50682461335375	0.907	0.396	1.69443315712345e-54	6	SERPINB5	up
8.38250180543384e-54	1.57448867222345	0.906	0.483	1.57331176386188e-49	6	GSTP1	up
1.02253668118804e-53	2.62769901027234	0.617	0.13	1.91919909692183e-49	6	LOC138528711	up
4.15240045688122e-53	1.8180064768371	0.767	0.26	7.79364041752036e-49	6	ENDOU	up
2.25655613351819e-51	2.44264783770681	0.566	0.106	4.23533020700028e-47	6	DSG4	up
2.35266205114486e-51	1.29036149847565	0.903	0.422	4.41571140379378e-47	6	LOC138582574	up
1.82336273573725e-50	2.13118595167974	0.752	0.323	3.42226951870524e-46	6	METTL	up
3.33981836197121e-50	2.50558839262428	0.507	0.102	6.26850508358376e-46	6	MGST2	up
5.32950696165568e-50	1.15236375159512	0.91	0.556	1.00029516163316e-45	6	ATP5F1D	up
8.90495406316159e-50	1.0662153382333	0.957	0.626	1.6713708281148e-45	6	CAPNS1	up
1.38574872186885e-49	2.35492421147499	0.672	0.168	2.60091177607564e-45	6	LOC138569270	up
3.78394836655906e-49	4.73027596417796	0.511	0.092	7.1020926891947e-45	6	LOC138472549	up
6.40479353972761e-49	4.24051267055149	0.465	0.075	1.20211569947147e-44	6	EGF	up
6.88484536491873e-46	1.8587412135325	0.749	0.269	1.2922166265416e-41	6	WFDC5	up
1.95551256579178e-45	4.03146134493792	0.617	0.229	3.6703015347346e-41	6	AVD	up
2.36341929080513e-45	4.78822573955204	0.485	0.061	4.43590166691215e-41	6	LOC138472548	up
7.92435572213606e-44	1.29539553241395	0.907	0.417	1.48732232548772e-39	6	SERPINB1	up
2.59427877601259e-43	1.19260054691054	0.899	0.522	4.86920183469803e-39	6	AHCY	up
1.18229878017327e-42	1.63099676474553	0.733	0.281	2.21905658050721e-38	6	FAM162A	up
2.17963632303101e-42	1.94492750642297	0.684	0.217	4.09095941469691e-38	6	MALL	up
3.02072307961096e-42	1.59869642808624	0.734	0.317	5.66959514812181e-38	6	EMP1	up
6.40628370756061e-42	1.03039220605183	0.947	0.673	1.20239538907205e-37	6	ATP5MC3	up
3.76415917093685e-41	1.39438795091623	0.724	0.314	7.06495034793137e-37	6	AGR2A	up
6.79657038318365e-41	3.06336011037698	0.46	0.094	1.27564829521974e-36	6	PF4	up
2.39143327986451e-39	1.31525744834001	0.854	0.439	4.48848112297771e-35	6	PGD	up
2.31146917099786e-38	1.23265732267166	0.895	0.475	4.33839648704588e-34	6	EPPK1	up
6.70296699515929e-37	1.02712632196756	0.817	0.476	1.25807987532145e-32	6	COX5A	up
7.39872707410284e-36	1.58271593830489	0.792	0.453	1.38866708453836e-31	6	CAMP	up
9.85219852170255e-36	2.68603838511358	0.418	0.078	1.84915914053835e-31	6	LOC138521139	up
1.74104954222795e-34	2.95307977675788	0.424	0.062	3.26777588580764e-30	6	CRISP2	up
2.39764491735265e-34	1.87144991922226	0.529	0.188	4.50013974537919e-30	6	TGM1	up
2.75159970350153e-34	1.0919721242895	0.903	0.503	5.16447748350203e-30	6	PERP	up
2.02129584243884e-32	4.21623353614093	0.297	0.03	3.79377016667345e-28	6	TYR	up
5.06884568705785e-31	1.06466245730028	0.905	0.641	9.51371647003889e-27	6	YWHAZ	up
6.34628076046824e-31	2.68794863070266	0.338	0.076	1.19113343593228e-26	6	PRRT1B	up
1.07091351550423e-30	2.6519576211413	0.429	0.115	2.0099975772499e-26	6	PRG4	up
1.44081947060327e-29	2.57658682577385	0.397	0.091	2.70427406437529e-25	6	CDSN	up
4.61207138513703e-29	3.16363083491276	0.355	0.043	8.65639678276369e-25	6	LYPD3	up
5.06982310521206e-29	1.01111567727775	0.558	0.244	9.51555098617251e-25	6	PSCA	up
2.03911742064093e-28	1.36706906372798	0.765	0.518	3.82721948680097e-24	6	CRIP1	up
2.4964132109372e-28	1.18687213245451	0.631	0.251	4.68551795560804e-24	6	CLDN4	up
4.67095835894752e-28	1.70549136132743	0.512	0.173	8.7669217439086e-24	6	CLIC3	up
1.13766120133041e-27	1.16909608502844	0.672	0.308	2.13527630877704e-23	6	DSC2	up
6.80744460236155e-27	1.39882182777369	0.579	0.281	1.27768927741724e-22	6	AKR1B1P5	up
4.62741994157752e-25	1.15313002765157	0.635	0.307	8.68520448834685e-21	6	RAB11A	up
1.47536217908388e-23	1.12305495610717	0.68	0.319	2.76910727392253e-19	6	PKP1	up
2.69848193338135e-23	3.1682323902555	0.255	0.035	5.06478074076345e-19	6	LOC138492985	up
4.01939676416581e-23	1.94560027012448	0.403	0.112	7.54400578666281e-19	6	CD109	up
1.14595633854023e-22	1.49655353201121	0.401	0.141	2.15084545180616e-18	6	GMDS	up
1.90871164788434e-22	1.19621515383394	0.499	0.209	3.58246089191412e-18	6	ELF3	up
4.27416129528008e-22	1.10282979094259	0.536	0.214	8.02217333511118e-18	6	EVPL	up
1.32499533646908e-21	2.4995594667897	0.323	0.062	2.48688374701881e-17	6	TGM5	up
7.54620247148179e-21	1.12437931852802	0.562	0.264	1.41634674187242e-16	6	GCSH	up
3.33142301538925e-20	1.01499289671346	0.614	0.294	6.25274785758409e-16	6	KLF5	up
3.8724310684426e-20	1.42319477665084	0.543	0.199	7.26816587235992e-16	6	LOC138527095	up
3.19289530494522e-19	1.20371865942878	0.394	0.141	5.99274519785169e-15	6	NXPE4	up
4.32813464926256e-19	1.13457172752949	0.572	0.243	8.1234759232009e-15	6	LOC138570219	up
5.35340448268611e-18	1.13912113979799	0.386	0.16	1.00478048735536e-13	6	AQP3	up
4.98935265308522e-17	1.37336614714744	0.411	0.152	9.36451599457564e-13	6	MAL2	up
1.4818223411916e-16	1.50607406082687	0.42	0.163	2.78123235218251e-12	6	GJC1	up
3.46399168027487e-16	1.03016528033352	0.394	0.158	6.5015659847079e-12	6	CAPN9	up
5.81578737941471e-16	1.02959334070583	0.441	0.213	1.09156513324235e-11	6	HIGD1A	up
8.13938905783206e-16	1.6109519721422	0.359	0.118	1.5276819322645e-11	6	LOC138569271	up
1.39635626464373e-15	1.46967625261073	0.434	0.156	2.62082107310982e-11	6	GJB4	up
2.24425761983132e-14	1.23911693666377	0.574	0.284	4.2122471266614e-10	6	MAT2A	up
2.15981220622584e-13	1.74412754349518	0.295	0.086	4.05375152986529e-09	6	RAB25	up
1.1280816231418e-158	-4.21574932333155	0.401	0.987	2.11729639847485e-154	7	S100A11	down
1.82213248748668e-157	-3.87633608508914	0.378	0.985	3.41996046576375e-153	7	ANXA1	down
1.93527549739269e-130	-3.56524623672054	0.164	0.88	3.63231858105634e-126	7	RAC1	down
4.02281839943035e-129	-3.14784634006188	0.274	0.927	7.55042785389082e-125	7	HSPA8	down
2.38802251329812e-126	-2.94183914120142	0.482	0.965	4.48207945520924e-122	7	CFL2	down
2.2565013857917e-122	-3.97896779808094	0.176	0.86	4.23522745099245e-118	7	CAPG	down
1.22925654576453e-121	-3.83520052612781	0.185	0.856	2.30719161074545e-117	7	LOC138516040	down
1.34080522248563e-121	-3.24357433606606	0.386	0.941	2.51655732208328e-117	7	DYNLL1	down
6.04321142156281e-119	-3.04660650847422	0.327	0.928	1.13425035171312e-114	7	SUGP2	down
2.81726142213616e-118	-5.37676894092213	0.303	0.877	5.28771796320737e-114	7	S100G	down
4.75301379768634e-118	-2.51609878966967	0.557	0.969	8.92093159687749e-114	7	ZA20D3	down
1.19545976087281e-116	-3.15128961439695	0.385	0.939	2.24375842518218e-112	7	LGALS4	down
1.79480861376704e-116	-2.56768851622916	0.614	0.968	3.36867628717936e-112	7	PTMA	down
3.18566516210043e-110	-2.31516656763031	0.685	0.98	5.9791749427463e-106	7	YWHAQ	down
1.32700094886922e-108	-2.31872213664599	0.562	0.955	2.49064808093264e-104	7	HNRNPK	down
1.52803581925187e-108	-2.26092351383959	0.556	0.951	2.86797042915383e-104	7	HNRNPA3	down
7.03288524784199e-107	-3.29324218193591	0.293	0.893	1.32000223216746e-102	7	S100A10	down
3.79671772663289e-106	-3.05982661159927	0.205	0.827	7.12605950111726e-102	7	MYL12B	down
6.01218543548193e-104	-3.07465633467517	0.46	0.934	1.1284270843856e-99	7	TXN	down
3.46279165541412e-101	-3.50228205245418	0.443	0.927	6.49931365804676e-97	7	unassigned-gene-2	down
4.84206084027834e-101	-2.91636347312692	0.231	0.833	9.08806399111841e-97	7	CALM1	down
2.56061709500938e-99	-3.81728585885828	0.705	0.946	4.8060222256231e-95	7	KRT5	down
3.80678023725947e-99	-2.59405253160488	0.416	0.908	7.14494582731229e-95	7	MYL6P1	down
4.41308628836751e-99	-3.48214375602975	0.176	0.793	8.28292165463698e-95	7	ACTG1	down
6.23981363062848e-98	-3.50559779328548	0.37	0.879	1.17115062033266e-93	7	CSTB	down
7.16355798321111e-98	-2.93476978294753	0.249	0.809	1.34452819786889e-93	7	SRI	down
2.41848338445563e-97	-3.06957532423968	0.193	0.779	4.53925146428478e-93	7	SRSF2	down
8.15295011470493e-96	-2.87646515974625	0.484	0.903	1.53022720702897e-91	7	HMGN1	down
1.13691118878873e-95	-5.36260525034098	0.03	0.629	2.13386861023756e-91	7	AHNAK	down
1.38224773509984e-95	-2.53074616232938	0.387	0.874	2.59434077400889e-91	7	GAPDH	down
1.43980149737056e-92	-3.56028006782154	0.171	0.792	2.7023634304148e-88	7	DBI	down
1.48468975153376e-91	-4.22436515731461	0.086	0.736	2.78661419465372e-87	7	CD63	down
1.66507415452043e-90	-4.09824884172111	0.187	0.698	3.1251776806194e-86	7	S100A13	down
2.17081911320547e-90	-3.8713587214707	0.106	0.708	4.07441039357535e-86	7	VWA5A	down
9.29025877878807e-90	-4.20582201509868	0.098	0.737	1.74368867019073e-85	7	ANXA2	down
1.42706742086543e-88	-3.95840882326031	0.118	0.707	2.67846284222233e-84	7	ALDOA	down
1.6149884810375e-88	-5.22892014112921	0.063	0.613	3.03117188005929e-84	7	PINLYP	down
3.1155852116995e-88	-4.6851649966329	0.138	0.72	5.84764188383879e-84	7	LOC138562538	down
2.07739481948928e-87	-4.99414383937842	0.375	0.81	3.89906233669943e-83	7	S100A4	down
4.15682512113875e-87	-4.61440168652305	0.062	0.661	7.80194506986531e-83	7	CD9	down
6.36666051184192e-87	-5.60900667260849	0.043	0.619	1.19495851146761e-82	7	TCHH	down
1.67872983946454e-86	-4.09916678501583	0.424	0.817	3.150808035691e-82	7	S100P	down
1.08222640887937e-85	-2.51876576030721	0.313	0.822	2.03123074682569e-81	7	RBMX	down
2.4788865703107e-84	-2.33163462224591	0.461	0.885	4.65262220381616e-80	7	ATP5MC2	down
3.33980403344223e-84	-2.16275449465998	0.443	0.886	6.26847819036772e-80	7	HNRNPAB	down
4.56962956255531e-84	-2.61153342291121	0.292	0.823	8.57673772596005e-80	7	TRIM39	down
3.50766444495622e-83	-3.46245441445733	0.127	0.687	6.58353539673833e-79	7	CAPNS1	down
1.17819703861263e-82	-2.38057156710025	0.381	0.847	2.21135802177205e-78	7	COX6B1	down
1.67758691682392e-82	-3.30340344072474	0.202	0.75	3.14866288418682e-78	7	LOC138504630	down
6.01114837648628e-82	-6.10193654137728	0.087	0.6	1.12823243878271e-77	7	LOC138472551	down
6.2449489370457e-81	-2.36465138137788	0.582	0.919	1.17211446599411e-76	7	PFN1	down
2.06432391097971e-79	-3.64203023577226	0.101	0.672	3.87452954851783e-75	7	ENO1	down
3.32741400781867e-79	-2.48614727686283	0.306	0.768	6.24522335127486e-75	7	H2AZ1	down
6.81687316740128e-79	-5.29698983673039	0.038	0.57	1.27945892478955e-74	7	CRIP1	down
3.44180178569625e-78	-2.73173396099774	0.225	0.762	6.45991777157329e-74	7	SRSF3	down
3.94246872414956e-78	-4.63660579904663	0.058	0.58	7.39961954835631e-74	7	SDC1	down
5.22050721340558e-78	-3.18798359023514	0.13	0.698	9.79836998884093e-74	7	TRA2B	down
8.20776993237712e-78	-2.05979163451363	0.616	0.923	1.54051633860786e-73	7	HMGB2	down
3.13699113593914e-77	-5.82715975252423	0.032	0.538	5.88781866304417e-73	7	EPPK1	down
1.40164483606307e-76	-2.56879644603341	0.249	0.783	2.63074719280678e-72	7	H3F3A	down
2.45044709195479e-76	-3.66494742009929	0.453	0.822	4.59924414688994e-72	7	KRT1	down
3.3046445305941e-76	-3.20948098481085	0.276	0.772	6.20248731947206e-72	7	HMGN2	down
4.31862136259475e-75	-4.04673710710269	0.073	0.598	8.10562043545409e-71	7	ZFP36	down
4.38393049859058e-75	-3.67135599729869	0.104	0.677	8.22819915280465e-71	7	TAGLN2	down
9.6027610120348e-75	-2.82670523135108	0.23	0.77	1.80234221434881e-70	7	HNRNPH3	down
3.94002383484386e-74	-4.54650058141083	0.047	0.574	7.39503073561843e-70	7	LMNA	down
8.59077765434983e-74	-4.55882355352433	0.11	0.628	1.61240305794492e-69	7	EPCAM	down
1.68818391878852e-73	-2.72723522770104	0.286	0.771	3.16855239717417e-69	7	SNRPF	down
1.91217230486592e-73	-3.60747137464146	0.107	0.651	3.58895619900284e-69	7	LDHA	down
2.36406169864338e-73	-3.07564945151262	0.556	0.881	4.43710740218377e-69	7	PMP2	down
4.04125768299543e-71	-3.77942828545175	0.073	0.578	7.58503654521413e-67	7	CAPN1	down
4.78027828294404e-71	-5.02953916895402	0.038	0.52	8.97210430925767e-67	7	DSP	down
7.7704721291543e-71	-4.03493717501841	0.114	0.633	1.45843991392097e-66	7	GSTM4	down
1.25207571540369e-70	-2.77878562930696	0.18	0.693	2.35002091024118e-66	7	YWHAZ	down
1.93322280638329e-70	-4.34976769210896	0.059	0.564	3.62846588530079e-66	7	PERP	down
3.64604724578483e-70	-5.01317744052344	0.302	0.714	6.84326607561354e-66	7	LOC138580807	down
3.53546382313813e-69	-2.50560305225878	0.299	0.729	6.63571204964795e-65	7	GSTM1	down
1.37134033502435e-68	-3.46845229700987	0.116	0.647	2.5738686748072e-64	7	CALR	down
6.09600459032335e-68	-2.53214290879882	0.194	0.72	1.14415910155779e-63	7	ARF1	down
6.21399169201976e-68	-2.64164336209654	0.259	0.747	1.16630410067519e-63	7	COX6A1	down
9.32006520430782e-68	-3.05372635645724	0.117	0.64	1.74928303819654e-63	7	YWHAE	down
2.47672143733642e-67	-4.49238443307237	0.156	0.588	4.64855846573673e-63	7	KRT15	down
2.50516877514418e-67	-4.17577669185712	0.07	0.52	4.7019512740681e-63	7	DSG2	down
3.14292623079324e-67	-4.15192936137982	0.083	0.534	5.89895824257583e-63	7	RihA	down
1.69598004511595e-66	-3.43811819319664	0.106	0.6	3.18318494667812e-62	7	CYCS	down
2.7091118865702e-66	-2.5467224237793	0.519	0.823	5.0847320999036e-62	7	PRDX1	down
8.14564405708022e-66	-2.31901532801582	0.325	0.784	1.52885593307339e-61	7	COX7A2	down
1.67383733505985e-65	-3.81733965749665	0.085	0.557	3.14162529417383e-61	7	MGST3	down
2.68608505375826e-65	-4.61895756181122	0.051	0.509	5.04151303739888e-61	7	MYO10	down
7.09923191770488e-65	-1.82727313031022	0.45	0.825	1.33245483863403e-60	7	NCL	down
1.32311445388668e-64	-3.86365489374167	0.08	0.604	2.4833535184999e-60	7	HSP90B1	down
1.8526420487199e-64	-2.15444492015679	0.405	0.85	3.47722386124238e-60	7	ND2	down
4.451003600108e-64	-3.46015344793464	0.096	0.647	8.35408865704271e-60	7	ABRACL	down
4.73698012563725e-64	-3.75759024437324	0.088	0.584	8.89083799780856e-60	7	LGALS3	down
7.5252894216617e-64	-2.48225060499908	0.235	0.697	1.41242157155169e-59	7	RAN	down
9.2662014625719e-64	-4.57851704970635	0.044	0.524	1.73917335251012e-59	7	TMEM176B	down
1.81964619962833e-63	-3.97470044550971	0.058	0.55	3.4152939520824e-59	7	CAST	down
3.23495136265884e-63	-3.92652023696386	0.051	0.51	6.07168021257438e-59	7	JUNB	down
4.78370269213848e-63	-2.20910825124644	0.277	0.704	8.97853158287471e-59	7	ATP5MK	down
7.02862456321654e-63	-2.91108075923692	0.164	0.645	1.31920254427011e-58	7	LOC138488548	down
5.20013452600832e-174	5.11711541070462	0.978	0.033	9.76013249186502e-170	7	HEMGN	up
4.54844489084356e-173	6.64351841830952	0.998	0.273	8.53697621562429e-169	7	HBA2	up
4.72273608970761e-173	6.99832513156077	0.997	0.259	8.86410336677222e-169	7	HBBP1	up
3.89824491248132e-172	4.90264395084859	0.997	0.097	7.31661587623618e-168	7	FTL	up
3.25737470074548e-168	5.43221781046911	0.943	0.029	6.1137665758292e-164	7	ALAS2	up
9.82664492354957e-165	5.05761006485403	0.998	0.374	1.84436298570102e-160	7	HBB	up
2.58407121780918e-163	5.18172329415315	0.937	0.034	4.85004326870605e-159	7	PRDX2	up
1.21123183196947e-159	4.6529846994268	0.998	0.34	2.2733610254235e-155	7	HBA1	up
3.91432335641065e-120	3.4110506757421	0.879	0.142	7.34679350764715e-116	7	MTHFD2	up
5.34470564295624e-114	4.64828873090738	0.752	0.024	1.00314780212646e-109	7	ANK1	up
4.54323323517416e-112	2.02026715642157	0.98	0.573	8.52719445909837e-108	7	FTH1	up
2.06324231625102e-110	4.67057702214386	0.745	0.03	3.87249950337154e-106	7	LOC138488375	up
3.44847621505209e-107	5.42634041517125	0.745	0.018	6.47244500803127e-103	7	TFR2	up
1.25002348070385e-105	2.58380857919827	0.892	0.269	2.34616907093306e-101	7	TSPO	up
1.39496249486167e-97	4.58243363811059	0.648	0.025	2.61820510660586e-93	7	MAPT	up
1.41838263007846e-94	3.54863463016445	0.712	0.07	2.66216235839427e-90	7	LOC138527766	up
1.16959399509915e-84	3.9582427470375	0.612	0.048	2.1952109694016e-80	7	HMBS	up
9.79061478414597e-81	2.86164321707138	0.771	0.147	1.83760048883636e-76	7	NCOA4	up
4.76360932130319e-65	2.66809445506865	0.552	0.079	8.94081833515396e-61	7	CD274	up
7.2832097218946e-65	2.85005114376963	0.602	0.107	1.3669856327024e-60	7	EPB41	up
3.34164703569216e-64	3.90449896908015	0.529	0.037	6.27193732129062e-60	7	VIPR1	up
4.87330855773369e-64	4.69241994385162	0.443	0.016	9.14671283201036e-60	7	SLC4A1	up
1.44995571114051e-63	4.34213299234451	0.463	0.021	2.72142187423961e-59	7	SUSD3	up
6.55496889765269e-61	1.77256931365043	0.823	0.314	1.23030211240043e-56	7	PRDX6	up
5.14091262008244e-57	4.53376029102792	0.44	0.018	9.64897889663273e-53	7	RHAG	up
1.48347365262823e-54	1.6540161203119	0.75	0.279	2.78433169861792e-50	7	NMRK2	up
5.06353465225579e-39	4.38309086210082	0.359	0.016	9.5037481888189e-35	7	TACR1	up
5.46772624870024e-38	2.26862825035863	0.521	0.121	1.02623753961855e-33	7	BLVRB	up
1.48590730628664e-32	5.04940713604771	0.266	0.008	2.7888994231694e-28	7	SLC10A4	up
4.76471465723222e-32	3.03630167340205	0.373	0.046	8.94289294015915e-28	7	GYPC	up
2.724340929225e-31	2.87872673095384	0.354	0.05	5.1133154900624e-27	7	UROS	up
1.86141456057018e-29	2.36109635275905	0.36	0.077	3.49368898873417e-25	7	SLC25A37	up
5.69942172530806e-29	3.65724733330812	0.26	0.016	1.06972446362307e-24	7	GP1BB	up
2.06479008397102e-27	4.6268027039383	0.247	0.009	3.87540450860522e-23	7	SPTB	up
5.65596147510782e-27	2.79225048236489	0.315	0.047	1.06156740926299e-22	7	BLVRA	up
1.01306873558961e-26	3.54838616093371	0.282	0.022	1.90142870982814e-22	7	DEFB1	up
5.34223863685379e-26	1.26619524241645	0.614	0.294	1.00268476975109e-21	7	SF3B6	up
1.67476490258249e-21	1.11955076332256	0.473	0.236	3.14336624565708e-17	7	TMEM14C	up
5.88733961844278e-21	1.06214113325606	0.756	0.494	1.10499477298553e-16	7	H1-1	up
2.18429844759312e-20	2.30742212479787	0.32	0.068	4.09970975628753e-16	7	UROD	up
9.92785366102271e-20	1.37248484280392	0.361	0.158	1.86335885363735e-15	7	SGK1	up
1.49937884713628e-66	-2.92012331548367	0.111	0.623	2.81418415819009e-62	8	AHNAK	down
9.65074583126426e-59	-3.69555471120346	0.091	0.533	1.81134848506999e-54	8	EPPK1	down
1.56187286859485e-58	-2.09835735286242	0.686	0.889	2.93147918706568e-54	8	HMGN1	down
3.03773526427499e-58	-2.92507393733566	0.197	0.603	5.70152531751773e-54	8	PINLYP	down
2.70814957937219e-57	-3.27981821169669	0.092	0.515	5.08292594552367e-53	8	DSP	down
1.59945238569081e-53	-3.16574790076631	0.095	0.523	3.00201218270308e-49	8	CDH1	down
3.96109327647031e-53	-1.79663339192507	0.597	0.871	7.43457597060712e-49	8	S100A10	down
3.78173549584991e-52	-2.8751832464602	0.243	0.618	7.0979393521607e-48	8	EPCAM	down
3.94536808855899e-52	-2.27717170031077	0.483	0.825	7.40506136541638e-48	8	PRDX1	down
7.54507582242155e-50	-2.51995713277583	0.362	0.685	1.4161352811103e-45	8	S100A13	down
2.05520137561681e-49	-2.78576753124896	0.151	0.513	3.8574074618952e-45	8	DSG2	down
3.71649137261848e-49	-3.26264374816708	0.093	0.469	6.97548265726763e-45	8	FGFBP1	down
8.18473100786431e-49	-1.82659481754443	0.335	0.691	1.53619216286605e-44	8	VWA5A	down
2.36492031656568e-45	-1.78964694769435	0.424	0.76	4.43871894216213e-41	8	SNRPF	down
2.72805600509463e-45	-2.72423173551933	0.083	0.427	5.12028831596211e-41	8	PLS3	down
3.16140064765236e-45	-2.75590316028854	0.134	0.503	5.93363287557872e-41	8	MYO10	down
2.65684425661254e-44	-3.66348953832344	0.041	0.4	4.98663098523608e-40	8	EMP2	down
2.81959137569251e-44	-2.34352516452182	0.191	0.548	5.29209105303727e-40	8	MGST3	down
5.91720497811875e-44	-3.4131124394335	0.245	0.588	1.11060020234311e-39	8	LOC138472551	down
6.5263395687903e-44	-1.77207451078588	0.451	0.788	1.22492867366625e-39	8	SNRPG	down
1.09167370565695e-43	-3.00178792406197	0.057	0.399	2.04896237814752e-39	8	MYOF	down
3.0467171282567e-43	-2.58016764164292	0.156	0.557	5.71838337802501e-39	8	PERP	down
5.80922902281291e-43	-2.21320036673776	0.295	0.722	1.09033419529175e-38	8	ANXA2	down
8.52390521683375e-43	-2.9250987062712	0.165	0.536	1.59985177014753e-38	8	GSTP1	down
2.1631507494848e-42	-2.82948731827553	0.162	0.572	4.06001764170803e-38	8	SDC1	down
1.88673546056756e-41	-2.39202140292498	0.129	0.452	3.54121378593925e-37	8	SERPINB5	down
1.05901396404249e-40	-2.97590053325263	0.087	0.434	1.98766330911135e-36	8	FXYD3	down
1.70355033338047e-40	-1.96264885240584	0.354	0.716	3.19739362072181e-36	8	ATP5MC3	down
6.64333035590407e-40	-3.58505065662137	0.084	0.381	1.24688667449964e-35	8	LOC138511169	down
1.13479789078318e-39	-1.54453534203558	0.237	0.56	2.12990216121094e-35	8	PA2G4	down
7.0229678159192e-39	-3.27017393817703	0.034	0.301	1.31814082936987e-34	8	NECTIN1	down
1.19308831222543e-38	-2.74081432086165	0.086	0.408	2.23930745321591e-34	8	TRIM29	down
1.65125508547748e-38	-1.87006105958841	0.26	0.636	3.09924066993267e-34	8	CALR	down
8.51518690717937e-38	-2.71383304530163	0.102	0.462	1.5982154306085e-33	8	LIMA1	down
1.23889794310294e-37	-2.50265521858452	0.14	0.478	2.32528754940991e-33	8	LOC138582574	down
3.23136594991659e-37	-1.91152535942836	0.243	0.572	6.06495075139844e-33	8	LGALS3	down
4.25314695365781e-37	-2.66419495778612	0.134	0.473	7.98273151732035e-33	8	SERPINB1	down
9.60716088487274e-36	-1.65096244044727	0.347	0.705	1.80316802648177e-31	8	ATP5IF1	down
1.20476233488221e-35	-2.61127022570467	0.147	0.509	2.26121842634042e-31	8	CLDN7	down
1.57729885449514e-34	-2.74871541101717	0.071	0.383	2.96043222000194e-30	8	FLNA	down
1.89451538786642e-34	-4.04608679074541	0.022	0.302	3.55581593148648e-30	8	CDC42BPA	down
4.51546016495425e-34	-3.25853034402247	0.074	0.357	8.47506718360263e-30	8	A2M	down
5.58333689794795e-34	-3.41822095616843	0.036	0.295	1.04793650237585e-29	8	CLDN4	down
4.76924391534907e-33	-1.9946993638969	0.187	0.563	8.95139390471868e-29	8	LMNA	down
9.07033116521323e-32	-1.76919738535627	0.17	0.469	1.70241045639887e-27	8	GSTA4	down
1.4841521300415e-31	-2.94295530012898	0.051	0.307	2.7856051328749e-27	8	ADCY4	down
3.00318845316275e-31	-3.58489190406161	0.094	0.36	5.63668440774117e-27	8	AGR2A	down
6.71032012188031e-31	-3.28638612963291	0.135	0.445	1.25945998367571e-26	8	KRT8	down
1.20887493809089e-30	-3.28545700410387	0.029	0.272	2.26893737130279e-26	8	PPL	down
4.07398634520389e-30	-3.43227591164164	0.026	0.237	7.64646497131319e-26	8	SH3D19	down
4.54777757391059e-30	-4.29773371240268	0.021	0.286	8.53572372847278e-26	8	PCDH7	down
1.03775671090199e-29	-2.51330799035651	0.343	0.591	1.94776557069194e-25	8	TGM3	down
1.04614392908069e-29	-3.95858697730704	0.021	0.285	1.96350754049155e-25	8	CRYBG1	down
1.45814125871532e-29	-2.2602907907368	0.178	0.455	2.73678532848279e-25	8	CA5A	down
1.70623241856443e-29	-3.01126014981809	0.036	0.29	3.20242762640358e-25	8	SCEL	down
2.06430037891872e-29	-1.29918211468926	0.526	0.77	3.87448538119254e-25	8	COX7A2	down
2.43747962607725e-29	-3.52299481593579	0.041	0.292	4.57490551018439e-25	8	CLDN3	down
4.71918666854006e-29	-3.37430309061407	0.028	0.251	8.85744145818284e-25	8	EVPL	down
6.646439181416e-29	-2.6682065396144	0.05	0.305	1.24747016995997e-24	8	CAPN2	down
7.01224156479836e-29	-1.49974608728799	0.274	0.571	1.316127619297e-24	8	UQCR10	down
2.05997573395173e-28	-2.6683513413705	0.082	0.35	3.866368455054e-24	8	DSC2	down
2.17354266629882e-28	-2.59785360523514	0.079	0.363	4.07952223037626e-24	8	PKP1	down
2.21218302323889e-28	-3.39144912189699	0.068	0.308	4.15204631631708e-24	8	ITGA6	down
3.35669473268907e-28	-3.78763456768909	0.025	0.259	6.30018034378412e-24	8	PLEKHA5	down
3.73304554563814e-28	-4.67013010200978	0.01	0.23	7.00655318460822e-24	8	FAM83B	down
3.7841935675561e-28	-2.81568256443119	0.127	0.439	7.10255290694604e-24	8	SELENOP	down
6.00149193232749e-28	-3.4687955496224	0.072	0.335	1.12642002077855e-23	8	AVR4	down
6.09257436175492e-28	-3.23549855222021	0.03	0.262	1.14351528195778e-23	8	MYO1B	down
7.22427689137789e-28	-1.31255734367889	0.471	0.753	1.35592452974272e-23	8	HNRNPH3	down
1.3264739582005e-27	-1.29082046059669	0.545	0.751	2.48965897214653e-23	8	H2AZ1	down
1.42176733346227e-27	-2.67232826571891	0.087	0.352	2.66851510817534e-23	8	UGDH	down
1.94993147600762e-27	-2.90366782560837	0.048	0.296	3.65982638731871e-23	8	SYTL2	down
2.92380235371611e-27	-4.57560034829538	0.675	0.364	5.48768463768977e-23	8	HBA1	down
2.94868738134582e-27	-2.3770327308359	0.098	0.343	5.53439134604796e-23	8	MUC2	down
3.8309671545926e-27	-3.85817123524643	0.055	0.284	7.19034225245485e-23	8	FCGBP	down
4.2939420650153e-27	-3.38297830923505	0.024	0.234	8.05929986182722e-23	8	SOX19	down
5.80857013792884e-27	-1.66702419114196	0.148	0.398	1.09021052918786e-22	8	LMNB2	down
1.04535505800326e-26	-1.99532825387063	0.17	0.501	1.96202690836632e-22	8	KRTCAP2	down
1.08251634158252e-26	-3.15920932363936	0.041	0.248	2.03177492151623e-22	8	UPK1A	down
1.64204278710493e-26	-1.98307179689551	0.177	0.455	3.08195010711725e-22	8	STMN1	down
2.26281862100639e-26	-2.56329016539041	0.062	0.306	4.24708426976689e-22	8	TJP2	down
2.66717632883968e-26	-2.87080766957493	0.053	0.276	5.0060232515992e-22	8	TXNRD1	down
3.89576480077058e-26	-1.89895753038784	0.132	0.424	7.3119609545663e-22	8	IFITM1	down
8.96494720782348e-26	-1.67844232097779	0.214	0.498	1.68263094143639e-21	8	CTNNB1	down
1.27663891977452e-25	-2.69530834443637	0.051	0.28	2.39612358852479e-21	8	IGF1R	down
1.40998695052269e-25	-3.54755505283271	0.024	0.246	2.64640450743604e-21	8	SYNE2	down
1.42446522005625e-25	-1.74472885287557	0.144	0.422	2.67357877152357e-21	8	TUSC3	down
1.77302268641025e-25	-1.46735269381103	0.302	0.6	3.3277862801234e-21	8	ATP5F1D	down
1.80133634075969e-25	-2.85558447571285	0.048	0.313	3.38092817797186e-21	8	ENDOU	down
2.03524854018081e-25	-3.26494663156788	0.026	0.226	3.81995798506536e-21	8	FARP2	down
2.26125227721993e-25	-1.44762464103031	0.18	0.441	4.24414439911408e-21	8	HABP4	down
2.63376350669181e-25	-2.58279464757728	0.042	0.25	4.94331072570986e-21	8	NFIB	down
3.19066772139865e-25	-2.94716546164534	0.048	0.293	5.98856424629313e-21	8	PCDHGC3	down
5.23986939078085e-25	-3.48905130445106	0.024	0.233	9.83471085955657e-21	8	TANC2	down
6.17159299048331e-25	-2.38816863165445	0.064	0.277	1.15834628838381e-20	8	FOSB	down
1.62847936715573e-24	-3.2348775514991	0.035	0.282	3.05649292421459e-20	8	LOC138570219	down
1.6730830057578e-24	-2.53741632769812	0.047	0.259	3.14020949350682e-20	8	CTNNA1	down
3.32021284284493e-24	-1.35961764346093	0.278	0.567	6.23170748473565e-20	8	AHCY	down
4.42864198101777e-24	-1.13691943655973	0.517	0.728	8.31211813417225e-20	8	COX6A1	down
5.200054129104e-24	-2.57549875929269	0.071	0.333	9.75998159491529e-20	8	KLF5	down
7.40606301409267e-161	5.77777490599599	0.952	0.115	1.39004396711505e-156	8	TCN1	up
5.08035563375844e-153	5.81454582815856	0.906	0.112	9.53531948900122e-149	8	BTN1A1	up
3.98796413720341e-149	5.44636633666484	0.889	0.098	7.48500988911708e-145	8	CATHL1	up
2.11750002332471e-141	5.45413411160023	0.852	0.053	3.97433579377815e-137	8	LOC138580932	up
4.49023822674814e-141	6.3303712332691	0.864	0.048	8.42772812778359e-137	8	ARG1	up
4.36089914315268e-140	6.26043662299518	0.847	0.039	8.18497160178327e-136	8	CHIT1	up
7.95725123933385e-138	4.51359230388597	0.894	0.097	1.49349648511057e-133	8	LCP1	up
1.33295455600938e-136	7.37755239578624	0.816	0.015	2.50182240617401e-132	8	RasGEF	up
8.30607481316055e-136	4.40352908874805	0.887	0.1	1.5589671816821e-131	8	TNFRSF1B	up
1.50345845449342e-134	4.97759870879584	0.857	0.067	2.8218411732387e-130	8	ITGAX	up
2.32017275945976e-134	3.84021929715538	0.93	0.264	4.35473225223001e-130	8	PLAUR	up
7.08311603762256e-134	3.85052622749711	0.919	0.325	1.32943004910138e-129	8	TKT	up
8.673874607198e-131	4.34216849182816	0.874	0.125	1.62799952502499e-126	8	THEM5	up
1.64877143840737e-129	4.26645333113934	0.914	0.237	3.0945791127468e-125	8	MMP9	up
3.20697215751407e-125	2.60679637313963	0.96	0.649	6.01916604243816e-121	8	ALDOA	up
7.81230619386935e-125	3.30765209091997	0.891	0.126	1.46629174952734e-120	8	CD209	up
5.79109007565478e-124	5.94867385017737	0.784	0.027	1.08692969629965e-119	8	SLC44A5	up
1.10132976371516e-122	5.46071257579738	0.772	0.046	2.06708583351699e-118	8	SFTPD	up
6.21668636320514e-121	3.76817529520263	0.839	0.165	1.16680986350997e-116	8	TNIP1	up
1.61518362275537e-120	3.34713755913748	0.836	0.105	3.03153814154956e-116	8	FYB1	up
9.99118472206676e-120	3.77071421218302	0.844	0.176	1.87524546048471e-115	8	IL1R1	up
2.16655033528627e-119	5.30539795111289	0.779	0.043	4.0663983242988e-115	8	MAG	up
1.29732979405065e-118	2.90289459774738	0.906	0.245	2.43495829045367e-114	8	BASP1	up
1.81906812644517e-117	5.50439152678948	0.747	0.043	3.41420896652495e-113	8	TP53AIP1	up
2.36812099650631e-117	3.60257824723611	0.869	0.225	4.4447262983427e-113	8	TNFAIP8	up
7.36375769128524e-116	4.8778364107913	0.792	0.074	1.38210368107733e-111	8	TLR5	up
8.60881587680944e-114	3.61486300753502	0.816	0.097	1.61578865191836e-109	8	PTPRC	up
1.20344205510986e-113	3.58552952642337	0.842	0.154	2.25874039323571e-109	8	S6C6	up
1.13299843778113e-112	4.95110666674811	0.777	0.049	2.12652476787141e-108	8	RIPOR2	up
1.76717134337379e-112	4.74144880196673	0.733	0.054	3.31680389437828e-108	8	CORO1A	up
1.98573718245629e-111	3.36226835964601	0.835	0.14	3.72703011775222e-107	8	CYBA	up
1.98316083994259e-109	3.69062983395995	0.823	0.102	3.72219458048824e-105	8	VSIR	up
1.02979937807839e-108	4.03994952381614	0.738	0.072	1.93283045271533e-104	8	CCDC88B	up
2.95093862718713e-107	2.52369301434443	0.92	0.482	5.53861670936753e-103	8	ODC1	up
5.58927737696145e-106	8.13566358915767	0.692	0.007	1.04905147088189e-101	8	SCG2	up
9.67812167088444e-104	4.34863258739107	0.716	0.067	1.8164866564083e-99	8	CXCR2	up
5.5230746659194e-103	4.60354733228937	0.74	0.062	1.03662588404641e-98	8	NCF2	up
2.21939407623372e-101	3.71951191231581	0.783	0.179	4.16558074168307e-97	8	FBP1	up
7.55632109107321e-101	4.40754143832197	0.74	0.064	1.41824590558353e-96	8	C13H1orf162	up
3.93567030795925e-100	3.11952419469344	0.821	0.122	7.38685960100872e-96	8	CD53	up
1.00075294335465e-98	3.70333193355707	0.729	0.085	1.87831319938234e-94	8	CYBB	up
1.88636363593786e-98	4.07772254580662	0.706	0.074	3.54051590829176e-94	8	ALOX5AP	up
2.22179645794874e-98	3.66483939583266	0.736	0.077	4.17008977192399e-94	8	ARHGAP30	up
5.49393744496347e-98	5.85743927057595	0.639	0.028	1.03115711904519e-93	8	OVCH1	up
8.70935656104987e-98	2.49914271531087	0.853	0.163	1.63465913294345e-93	8	LGALS9	up
1.74566874152532e-97	2.67160153115448	0.829	0.241	3.27644566096888e-93	8	LSP1	up
3.30075334256676e-96	2.55857199398967	0.782	0.123	6.19518394866356e-92	8	TARM1	up
1.93757393027426e-95	5.88650212730949	0.646	0.025	3.63663250973177e-91	8	IL1R2	up
1.95324911628496e-95	3.36306240211741	0.746	0.161	3.66605326635523e-91	8	FAR2	up
4.85178303914633e-94	3.09192537712782	0.812	0.147	9.10631158617374e-90	8	ARAP1	up
2.49699672783058e-93	5.99945525450304	0.624	0.019	4.68661315846522e-89	8	SLC2A3	up
1.2031379962677e-91	5.25429705458873	0.681	0.044	2.25816970519485e-87	8	FGL2	up
1.09272287030119e-90	3.80398116857061	0.721	0.128	2.05093155526831e-86	8	DENND4A	up
2.03974741878421e-90	4.04707065420961	0.707	0.073	3.82840193031608e-86	8	FGR	up
3.18098927491327e-88	2.78654460694323	0.761	0.114	5.97039877008471e-84	8	DOCK2	up
4.71135141513206e-88	3.3902380421603	0.708	0.086	8.84273547106137e-84	8	NCKAP1L	up
5.24176969323419e-86	3.20785135219432	0.766	0.153	9.83827753723126e-82	8	RHOG	up
1.95872480971685e-85	3.34070459311111	0.695	0.116	3.67633059535756e-81	8	WIPF1	up
2.30105960854201e-85	3.20715839564654	0.719	0.124	4.3188587792725e-81	8	PLEKHA2	up
7.09581979238158e-85	4.27047947393369	0.672	0.061	1.3318144168321e-80	8	MS4A15	up
9.28013323841128e-85	2.9743469674461	0.731	0.129	1.74178820751741e-80	8	GAS7	up
2.24192009747923e-84	3.82838921458227	0.674	0.11	4.20785983095877e-80	8	ANGPTL4	up
1.16648158142605e-83	4.33604069921609	0.587	0.044	2.18936928017855e-79	8	SAMSN1	up
1.66854364732572e-83	1.93726135257622	0.932	0.576	3.13168957166565e-79	8	GSTM4	up
3.88861265525893e-83	4.49906909613216	0.634	0.046	7.29853709265549e-79	8	FMNL1	up
9.34376191638791e-83	3.18097449444777	0.748	0.125	1.75373067408685e-78	8	ASGR1	up
1.19410548280383e-82	3.05337945020954	0.712	0.164	2.24121658067451e-78	8	FAM107B	up
2.33451239323455e-82	3.20945394919102	0.71	0.156	4.38164631086193e-78	8	JAK2	up
1.30540411797254e-81	3.95578017312639	0.621	0.065	2.45011298902267e-77	8	HVCN1	up
1.5839667348044e-81	3.32844386001998	0.713	0.089	2.97294716455437e-77	8	C5AR1	up
5.22648143635867e-81	4.27098672987239	0.6	0.047	9.8095830079016e-77	8	PSTPIP1	up
6.52157388720941e-81	3.12122085681367	0.692	0.182	1.22403420289033e-76	8	BCL2L10	up
2.37658140193398e-80	2.68646202317842	0.706	0.111	4.46060563328989e-76	8	LOC138503116	up
3.70063214876346e-80	1.7660197972408	0.934	0.601	6.94571648001414e-76	8	CD9	up
5.69614571770178e-80	3.16349788211079	0.809	0.233	1.06910958975545e-75	8	NCK1	up
9.0174560646249e-80	1.86445145329094	0.896	0.617	1.69248632876945e-75	8	ENO1	up
1.10287733313563e-79	3.74449893066602	0.71	0.137	2.06999046656226e-75	8	PLIN3	up
1.20349404770042e-79	2.68813354081159	0.676	0.109	2.25883797812892e-75	8	SRGN	up
1.74513496064053e-79	5.29689753422589	0.624	0.031	3.27544380762622e-75	8	NCF1	up
4.19856818539469e-79	1.9341755129776	0.844	0.318	7.88029262716729e-75	8	MMP18	up
8.58835835579373e-79	3.04367222760031	0.739	0.138	1.61194897979893e-74	8	GNAI2	up
1.74234933479443e-78	3.58107240072499	0.705	0.126	3.27021546647567e-74	8	NADK	up
2.53995445704577e-78	2.24297372692177	0.826	0.415	4.76724052042921e-74	8	LOC138503155	up
5.18867293486886e-78	4.14028302631113	0.6	0.048	9.73862023145537e-74	8	ALOX5	up
2.18472792487754e-77	4.7077260284456	0.587	0.041	4.10051584220266e-73	8	ACOD1	up
5.12527528603853e-77	2.07792448459655	0.78	0.356	9.61962918436571e-73	8	ARHGDIB	up
1.04063154035811e-76	4.53154308814786	0.557	0.038	1.95316133809813e-72	8	CSF2RB	up
1.18767028344432e-76	2.13775884572937	0.834	0.406	2.22913835499665e-72	8	ACTR2	up
1.44140957122625e-76	3.56018757634317	0.65	0.105	2.70538162423454e-72	8	PFKFB4	up
2.69773275153146e-76	4.22347076614174	0.597	0.077	5.06337460134939e-72	8	LMNB1	up
3.90862474704234e-76	3.49318285391227	0.635	0.097	7.33609778772377e-72	8	LTB4R	up
5.13899723480315e-76	4.86835021583157	0.633	0.034	9.64538391000203e-72	8	SPN	up
8.30529726314633e-76	4.4325437560918	0.611	0.051	1.55882124331993e-71	8	USP2	up
3.04112236005918e-75	4.70535794532753	0.581	0.036	5.70788255759508e-71	8	ZNF831	up
3.81166767348642e-74	3.68617915378148	0.686	0.115	7.15411905636667e-70	8	ANO10	up
7.11507775332339e-73	2.79732117809347	0.724	0.207	1.33542894352127e-68	8	DGKZ	up
1.88116136662098e-72	4.06746075544925	0.583	0.046	3.53075176901091e-68	8	ADGRE1	up
3.50567298054024e-72	3.33310921367877	0.686	0.123	6.57979761717598e-68	8	SORL1	up
6.71323023861988e-72	2.50727629985775	0.749	0.212	1.26000618348656e-67	8	APBB1IP	up
1.00063013427269e-71	2.5830320443899	0.754	0.276	1.87808269901641e-67	8	GPI	up
1.16707058009105e-55	-4.54758700099398	0.311	0.669	2.1904747717729e-51	9	COL1A2	down
1.4245222454721e-54	-4.92784300673807	0.207	0.602	2.67368580252659e-50	9	COL1A1	down
5.65569748338172e-48	-3.52199745351093	0.283	0.602	1.06151786065592e-43	9	SPARC	down
1.94181475652501e-44	-3.79649492233303	0.065	0.414	3.64459211652179e-40	9	ITGBL1	down
8.79324897296686e-44	-4.97291477975435	0.024	0.396	1.65040489973615e-39	9	MSN	down
2.02215979213035e-43	-5.00446423247187	0.05	0.356	3.79539171384945e-39	9	COL5A2	down
2.66500431434444e-43	-4.80580027523843	0.067	0.36	5.00194659759307e-39	9	FSTL1	down
3.20411080396822e-41	-6.39628823810046	0.012	0.285	6.01379556796795e-37	9	COL5A1	down
5.12429995957782e-41	-5.36817899832222	0.114	0.505	9.61779859413162e-37	9	VIM	down
2.28103436624821e-40	-5.57068208418434	0.03	0.313	4.28127340201126e-36	9	DCN	down
2.47879478661183e-38	-4.59426485769468	0.021	0.262	4.65244993499174e-34	9	FKBP10	down
3.44560252622971e-37	-6.69223958629737	0.008	0.302	6.46705138148054e-33	9	BASP1	down
6.84779380515114e-36	-5.75617837333138	0.028	0.272	1.28526241928882e-31	9	POSTN	down
1.45538007527847e-35	-6.36266839863716	0.06	0.338	2.73160286329016e-31	9	COL3A1	down
4.7274832272043e-35	-5.02430380647337	0.017	0.292	8.87301326913975e-31	9	LSP1	down
4.8605747292249e-34	-7.0023167660195	0.009	0.254	9.12281270928222e-30	9	TGFBI	down
2.32116199725633e-32	-6.43288424105579	0.017	0.229	4.3565889526504e-28	9	FN1	down
4.23012826933548e-32	-5.35853610392817	0.025	0.26	7.93952774871577e-28	9	THBS2	down
1.57698546791205e-31	-4.44901064100877	0.015	0.22	2.95984402472412e-27	9	SERPINH1	down
5.8653333752684e-31	-4.0988404001525	0.032	0.304	1.10086442120413e-26	9	ANXA5	down
8.16798966339304e-31	-4.42818061762972	0.016	0.257	1.53304997992224e-26	9	TLN1	down
2.34336382132242e-30	-5.34098817074462	0.034	0.244	4.39825955624006e-26	9	FBN2	down
8.08149512402002e-30	-4.46484418426945	0.067	0.296	1.51681581982732e-25	9	COL17A1	down
1.66709049434832e-29	-4.05229826852205	0.046	0.298	3.12896214884237e-25	9	LRP1	down
1.79346584712724e-29	-5.8494099287329	0.009	0.214	3.36615604847311e-25	9	PFN2	down
4.77496803444986e-29	-4.29219347147563	0.029	0.252	8.96213750385893e-25	9	CALD1	down
1.39327472986114e-28	-2.51366055246588	0.112	0.37	2.61503734047637e-24	9	PKM	down
2.45395604811333e-28	-2.1248640379421	0.255	0.524	4.60583010670391e-24	9	ODC1	down
5.99156593541478e-27	-5.627501196849	0.027	0.229	1.124557010418e-22	9	MDK	down
1.26510955633673e-26	-5.16603939046135	0.014	0.232	2.3744841262884e-22	9	THSD4	down
2.39237786173633e-26	-5.97861903308808	0.011	0.212	4.49025400869291e-22	9	VCAN	down
1.90201620937652e-25	-2.70363821559355	0.068	0.296	3.56989422337879e-21	9	ASAP1	down
2.92781104821006e-25	-3.60005319752721	0.121	0.364	5.49520855638547e-21	9	MMP18	down
4.56500961987282e-24	-2.32190626683496	0.111	0.349	8.56806655553929e-20	9	APP	down
2.06752292052741e-23	-3.80872432006208	0.083	0.328	3.8805337695379e-19	9	TIMP1	down
4.7313649705222e-22	-6.32560819382887	0.012	0.218	8.88029891317312e-18	9	LGALS9	down
1.24852858654427e-20	-2.28787998703288	0.086	0.289	2.34336330408494e-16	9	RAPGEF6	down
1.47843830530044e-19	-4.33946898362589	0.035	0.258	2.7748808552184e-15	9	GRN	down
4.78522314348562e-19	-2.2109719528483	0.105	0.309	8.98138531800817e-15	9	CALM2	down
1.14696057339109e-18	-3.11672886522773	0.05	0.256	2.15273030019774e-14	9	APBB1IP	down
3.73192763046711e-17	-7.87066834180416	0.115	0.332	7.00445496962372e-13	9	HBA2	down
9.06781197290064e-16	-7.66125802979922	0.105	0.318	1.70193762919372e-11	9	HBBP1	down
4.73423137258381e-14	-7.62114539911719	0.162	0.396	8.88567886320255e-10	9	HBA1	down
4.71807847725633e-13	-7.34566046677359	0.207	0.427	8.85536149396241e-09	9	HBB	down
5.67209627694728e-12	-2.61324375037259	0.108	0.319	1.06459575022024e-07	9	ATP6V1A	down
2.27439932290382e-09	-3.5649016820231	0.232	0.435	4.26882008915818e-05	9	CTSL	down
1.68662947946638e-124	2.28261109262624	1	0.77	3.16563487001044e-120	9	S100A4	up
4.56587598926969e-102	2.16266933072593	0.94	0.302	8.56969264426027e-98	9	LOC138521056	up
2.85043343048902e-100	2.26803168100425	0.99	0.543	5.34997850568484e-96	9	LOC138472551	up
2.61921643829291e-99	2.1942863831888	0.946	0.31	4.91600733303197e-95	9	AGR2A	up
3.27298611032104e-98	1.45568689069216	0.998	0.793	6.14306763046156e-94	9	PRDX1	up
1.67545727575935e-96	1.88413703422577	0.872	0.226	3.14466576087272e-92	9	LOC138487720	up
2.33621597236237e-89	1.64575356265253	1	0.67	4.38484375852693e-85	9	LOC138580807	up
2.34171068306598e-88	1.44403436422938	1	0.78	4.39515678104654e-84	9	S100P	up
1.31339590555731e-83	1.64867464833221	0.955	0.429	2.46511277514052e-79	9	LOC138582574	up
2.60593846274755e-80	1.51068319010293	0.99	0.625	4.89108590073088e-76	9	C2PH19orf33	up
1.36884076313187e-76	1.53125589690723	0.934	0.458	2.56917722832221e-72	9	PRDX5	up
2.17268938972668e-76	1.43673771602523	0.968	0.528	4.077920715578e-72	9	LGALS3	up
2.58458288135253e-74	1.37191190748944	0.981	0.632	4.85100361001056e-70	9	CAPNS1	up
5.70902486750693e-72	2.40679660455917	0.737	0.172	1.07152687738238e-67	9	AGR2	up
1.82847090775357e-70	1.50357658395369	0.948	0.489	3.43185704676268e-66	9	GSTP1	up
5.08421864580231e-70	1.41683529406218	0.945	0.503	9.54256997630636e-66	9	MGST3	up
8.14209222692267e-70	1.27043793127346	0.998	0.646	1.52818929007112e-65	9	S100A13	up
8.61533347492768e-62	1.51258384235108	0.833	0.347	1.61701193990918e-57	9	IFI27	up
9.46275106960034e-62	1.35144924181033	0.812	0.24	1.77606374825329e-57	9	FCGBP	up
1.0563075561958e-59	1.37911092894231	0.895	0.385	1.9825836522239e-55	9	FXYD3	up
3.65117032021896e-58	1.25238054571298	0.958	0.48	6.85288157401896e-54	9	RihA	up
4.05368230123834e-53	2.1946749507079	0.586	0.124	7.60835631119425e-49	9	AGR3	up
1.83554375501239e-50	1.40240293376686	0.79	0.305	3.44513207378276e-46	9	LOC138528712	up
1.51085555533792e-49	1.76184371392201	0.688	0.243	2.83572479181374e-45	9	PSCA	up
2.14495694664879e-48	1.22493185589649	0.62	0.156	4.02586969316511e-44	9	LOC138569359	up
4.49319718340537e-47	1.42435901382816	0.68	0.211	8.43328179353354e-43	9	UPK1A	up
8.77233464884745e-43	1.32285578404141	0.766	0.355	1.64647949024218e-38	9	FABP2	up
2.99121862159059e-42	1.17371408499792	0.733	0.295	5.61421823086337e-38	9	AVR4	up
3.30091679354252e-41	1.49281786573454	0.73	0.29	6.19549072979996e-37	9	FAM162A	up
2.61517643169145e-40	1.05937601640921	0.9	0.564	4.90842464464168e-36	9	ATP5F1D	up
1.54683872465966e-39	1.02934247762833	0.594	0.174	2.90326160231372e-35	9	BR3	up
3.46000446949313e-38	1.59230789623361	0.584	0.152	6.49408238879166e-34	9	LY6E	up
9.836328865492e-38	1.15296480824608	0.791	0.413	1.84618056476419e-33	9	GSTT1	up
9.30297609026141e-37	1.06212498806728	0.644	0.298	1.74607558238116e-32	9	KLF5	up
1.05375573323462e-36	1.35677653857057	0.694	0.255	1.97779413570806e-32	9	CLDN4	up
6.69365107214357e-35	1.36154368698063	0.621	0.241	1.25633136973063e-30	9	TSPAN13	up
1.43605202657711e-32	1.65749305981952	0.559	0.153	2.69532604868258e-28	9	CAPN9	up
4.32715974731964e-32	1.68526487646375	0.531	0.16	8.12164612974423e-28	9	FAM3B	up
6.81242973058442e-32	1.05173856152665	0.82	0.482	1.27862493613339e-27	9	COX5A	up
1.15288670888694e-31	1.15194414452018	0.681	0.318	2.1638530639099e-27	9	LOC138487739	up
2.71668606903553e-31	1.33347630533972	0.542	0.185	5.09894808297279e-27	9	LOC138569270	up
6.03011355810736e-30	1.62714749434454	0.421	0.117	1.13179201372117e-25	9	BCAS1	up
2.00852727627227e-29	1.2055296447766	0.461	0.124	3.76980484483542e-25	9	UPK1B	up
2.43370881261612e-29	1.19696932473668	0.592	0.243	4.5678280703992e-25	9	AP1S3	up
7.12964995877507e-28	1.33531831667676	0.551	0.212	1.33816400076249e-23	9	ELF3	up
9.67993591287368e-28	1.45341477227355	0.544	0.203	1.81682717148726e-23	9	SOX19	up
4.57208832786266e-27	1.04677478812032	0.653	0.34	8.58135258256542e-23	9	NDUFB7	up
5.6024137710156e-26	1.22077761275174	0.601	0.248	1.05151704068192e-21	9	LOC138570219	up
6.12016861121604e-26	1.26101769802545	0.529	0.21	1.14869444663914e-21	9	LOC138525707	up
9.61566477040547e-26	1.27772793754113	0.52	0.219	1.8047641207574e-21	9	PEBP1	up
1.09623472334064e-25	1.06559560863919	0.536	0.181	2.05752295223805e-21	9	NPDC1	up
5.85629144081382e-25	1.06383515077475	0.668	0.356	1.09916734052635e-20	9	ARL1	up
7.39386968905805e-25	1.16386705394426	0.426	0.144	1.3877554019393e-20	9	MUC16	up
1.18119148470697e-24	1.07774753389452	0.766	0.356	2.21697829764651e-20	9	EMP2	up
1.91029018650573e-24	1.11675849847475	0.425	0.185	3.58542365105261e-20	9	CLIC3	up
3.87391198614822e-24	1.41924176056641	0.35	0.093	7.2709454068016e-20	9	UPK3B	up
7.44884950740087e-24	1.10205950068585	0.673	0.317	1.39807456404407e-19	9	UGDH	up
1.0342420198268e-23	1.18831476689232	0.569	0.218	1.94116884701292e-19	9	EVPL	up
1.18746686714768e-23	1.09460468015863	0.628	0.318	2.22875656294949e-19	9	LOC138549408	up
9.55401548161446e-23	1.52647652486902	0.4	0.123	1.79319316574422e-18	9	PRG4	up
1.67855059740244e-22	1.43571825865479	0.434	0.142	3.15047161626463e-18	9	CNFN	up
1.99016824355912e-22	1.24096468497123	0.603	0.268	3.73534677633611e-18	9	GCSH	up
3.62347614546591e-22	1.04266983183206	0.459	0.177	6.80090237742497e-18	9	LOC138472545	up
5.07142808622153e-22	1.33824649059849	0.437	0.159	9.51856337502919e-18	9	MEDAG	up
1.12378907065571e-21	1.28741424367309	0.522	0.218	2.10923970671371e-17	9	ALDOB	up
1.15216314135128e-21	1.6211109925607	0.436	0.144	2.16249500000222e-17	9	GMDS	up
2.08782213639562e-21	1.20540382677138	0.793	0.547	3.91863336780094e-17	9	KRT15	up
8.47231498001091e-20	1.115440227303	0.613	0.255	1.59016879859825e-15	9	SCEL	up
4.77875392813985e-19	1.14136785366404	0.51	0.207	8.96924324772569e-15	9	LOC138527095	up
5.95605810779419e-19	1.13515699100376	0.469	0.157	1.11789254625189e-14	9	ADGRF5	up
7.80909111952713e-19	1.50543933004529	0.373	0.115	1.46568831222405e-14	9	SYT2	up
2.75963536902557e-18	1.38126494612822	0.362	0.109	5.17955962412409e-14	9	UPK2	up
3.77566670506424e-18	1.10073351283282	0.403	0.146	7.08654883873508e-14	9	FAM3D	up
9.38904714146352e-18	1.57840664652406	0.317	0.117	1.76223025798129e-13	9	LOC138521058	up
1.12717724605264e-17	1.27095274242352	0.398	0.151	2.1155989731162e-13	9	LOC138528711	up
1.76653033240863e-17	1.48187389879847	0.432	0.159	3.31560078089776e-13	9	CASP6	up
8.90374580102535e-17	1.4328124589989	0.326	0.12	1.67114404939445e-12	9	MGST2	up
1.88691989081204e-16	1.17281379757156	0.46	0.182	3.54155994306512e-12	9	VILL	up
2.9338018184713e-16	1.05537561473576	0.521	0.27	5.50645263308878e-12	9	ADH1A	up
9.09137620863552e-16	1.17244587259967	0.464	0.213	1.7063604005988e-11	9	NANS	up
2.72702508101618e-15	1.10094981081166	0.423	0.198	5.11835337455928e-11	9	TMEM40	up
1.69065162472005e-14	1.33524133863152	0.451	0.182	3.17318403443706e-10	9	HAS1	up
1.03836361092533e-13	1.19076100563638	0.389	0.164	1.94890466134575e-09	9	GJB4	up
1.21719558715561e-13	1.05307015865243	0.435	0.191	2.28455439753237e-09	9	GOLM1	up
4.22665861951208e-13	1.10976082840136	0.363	0.16	7.93301556296222e-09	9	MAL2	up
5.03929634233948e-11	1.36491331355912	0.371	0.165	9.45825530493697e-07	9	NMRK1	up
4.15079881144074e-70	-3.85512977512172	0.195	0.707	7.79063428919312e-66	10	LOC138562538	down
7.03568465527339e-51	-3.45018713877054	0.177	0.598	1.32052765294826e-46	10	PINLYP	down
1.78124319790231e-49	-3.47437965689577	0.19	0.615	3.34321535814285e-45	10	EPCAM	down
1.5601064056869e-47	-2.88154897106472	0.569	0.81	2.92816371283373e-43	10	KRT1	down
1.04685222466225e-45	-2.19211173797541	0.311	0.662	1.96483694046858e-41	10	C2PH19orf33	down
2.44264104526488e-43	-3.25543935251779	0.108	0.506	4.58459297785765e-39	10	CLDN7	down
1.75102270484675e-42	-3.08464265802267	0.145	0.523	3.28649451472687e-38	10	RihA	down
1.69022456805648e-41	-3.60999465460053	0.096	0.509	3.1723824917852e-37	10	DSP	down
2.51265849325251e-41	-3.99537018028431	0.078	0.477	4.71600872598564e-37	10	MPEG1	down
3.96361516502902e-39	-3.1178914715897	0.075	0.403	7.43930930324296e-35	10	TRIM29	down
2.56385027689629e-38	-4.2724430322714	0.059	0.406	4.81209058470666e-34	10	TTN	down
1.06573849776608e-37	-1.65915904814839	0.394	0.682	2.00028458645716e-33	10	VWA5A	down
3.44692659982489e-37	-3.45467625242134	0.462	0.699	6.46953653521133e-33	10	LOC138580807	down
5.08357063063474e-37	-2.89373914680482	0.119	0.468	9.54135371663834e-33	10	SERPINB1	down
5.93557058010138e-37	-3.27417707848383	0.061	0.341	1.11404724217923e-32	10	TREX2	down
2.16993604989875e-36	-4.52646566909208	0.061	0.402	4.07275297205496e-32	10	LPO	down
1.17194126888784e-34	-3.5631868221134	0.089	0.391	2.19961656757559e-30	10	FABP2	down
1.81915273244406e-34	-3.16280490405837	0.139	0.509	3.41436776352425e-30	10	DSG2	down
2.59901315701919e-34	-2.4881091862691	0.253	0.599	4.87808779440931e-30	10	TCHH	down
3.13312279965961e-34	-4.00246097551706	0.039	0.367	5.88055818268112e-30	10	OTOA	down
3.39670950459899e-34	-2.83963094832697	0.104	0.449	6.37528406918185e-30	10	SERPINB5	down
4.68065771560253e-34	-3.29889297231833	0.252	0.592	8.78512646641439e-30	10	TGM3	down
5.20173862693676e-33	-2.73862183228897	0.157	0.507	9.76314322889761e-29	10	B2M	down
2.30516297088746e-32	-4.56220960369945	0.047	0.319	4.32656038005867e-28	10	PLAUR	down
2.9755465854265e-31	-3.94727554097957	0.03	0.291	5.58480338618699e-27	10	CLDN4	down
4.2265867922749e-31	-1.80934983708522	0.291	0.565	7.93288075042076e-27	10	LGALS3	down
4.43717109525426e-31	-3.037671260929	0.119	0.462	8.32812642868271e-27	10	FGFBP1	down
1.40246763845091e-30	-3.83287080226708	0.025	0.252	2.63229151060851e-26	10	MBP	down
4.33400243433788e-30	-2.97337005719501	0.068	0.359	8.13448916900877e-26	10	PKP1	down
1.25786925109816e-29	-2.67016405562959	0.109	0.427	2.36089479738613e-25	10	FXYD3	down
2.68155868358873e-29	-3.12839430192839	0.176	0.522	5.03301749322768e-25	10	EPPK1	down
6.43784810840908e-29	-3.84215157118242	0.056	0.332	1.2083197114673e-24	10	AVR4	down
3.41109725791693e-28	-2.55445471799354	0.147	0.455	6.40228844338428e-24	10	SPINT2	down
5.40039897646504e-28	-3.66981151260545	0.029	0.278	1.01360088389272e-23	10	LOC138570219	down
9.28290239744778e-28	-3.10199685302573	0.074	0.323	1.74230795097697e-23	10	HELZ2	down
1.68809641365235e-27	-3.47886018410432	0.038	0.274	3.1683881587841e-23	10	TXNRD1	down
1.72827196697855e-27	-3.06845805143705	0.314	0.579	3.24379365482204e-23	10	LOC138472551	down
7.46261698765676e-27	-1.9537062138686	0.162	0.465	1.4006585824133e-22	10	GSTA4	down
8.28812938769518e-27	-3.36119451811839	0.036	0.286	1.55559900477651e-22	10	SCEL	down
8.65833126410875e-27	-2.56554490333616	0.156	0.452	1.62508219496057e-22	10	CA5A	down
9.20988249164067e-27	-2.63226825147137	0.145	0.472	1.72860284485604e-22	10	LOC138582574	down
9.88022714241757e-27	-2.21485550456913	0.101	0.366	1.85441983236035e-22	10	NCCRP1	down
1.27843758568125e-26	-3.02001551368635	0.102	0.376	2.39949950456513e-22	10	TKT	down
3.60746258494426e-26	-1.73068637405505	0.223	0.481	6.77084652568188e-22	10	PGD	down
3.85185302231705e-26	-4.16205376976889	0.061	0.378	7.22954293758688e-22	10	LOC138511169	down
4.69898523489174e-26	-2.83909177459435	0.084	0.346	8.8195253873683e-22	10	DSC2	down
7.91741674566884e-26	-3.71419291455164	0.023	0.231	1.48601994899458e-21	10	SOX19	down
2.82065106613765e-25	-3.46821979930148	0.101	0.356	5.29407998603375e-21	10	AGR2A	down
3.51509923635673e-25	-3.61503871461168	0.032	0.248	6.59748975671794e-21	10	MOV10	down
4.10729318408762e-25	-2.73837174229949	0.047	0.317	7.70897857721406e-21	10	WFDC5	down
4.69533126390008e-25	-4.00007601525261	0.044	0.277	8.81266724921407e-21	10	PSCA	down
8.94227811260641e-25	-1.89002163168613	0.291	0.538	1.6783761789551e-20	10	MGST3	down
7.40792863132839e-24	-3.95036536803496	0.024	0.247	1.39039412481402e-19	10	EVPL	down
9.91340115039214e-24	-3.4391711899128	0.038	0.293	1.8606462619171e-19	10	SYTL2	down
1.46608593233433e-23	-3.28843918000043	0.042	0.266	2.75169668639831e-19	10	RBM47	down
1.61550516536363e-23	-2.60143520887631	0.11	0.348	3.03214164487099e-19	10	LOC138487739	down
2.23624802527281e-23	-4.24814396009583	0.017	0.229	4.19721391863454e-19	10	BAIAP2L1	down
5.41407136157049e-23	-2.59092325165876	0.065	0.317	1.01616705385317e-18	10	EFHD2	down
5.97339352629545e-23	-3.00842024018524	0.042	0.273	1.12114623095039e-18	10	AP1S3	down
8.08767491561949e-23	-3.34271439046954	0.042	0.268	1.51797570491262e-18	10	URGCP	down
1.38925296447964e-22	-2.92926321113533	0.065	0.329	2.60748888903184e-18	10	KLF5	down
2.66032362963384e-22	-3.24869841863477	0.037	0.273	4.99316142045975e-18	10	TSPAN13	down
3.18820620791633e-22	-1.98655433633093	0.132	0.376	5.98394423163817e-18	10	CLEC2B	down
3.23902067407501e-22	-2.70886280281908	0.119	0.386	6.07931790317138e-18	10	IFI27	down
4.14098455100535e-22	-3.24696565954959	0.03	0.234	7.77221390378193e-18	10	ALOXE3	down
4.60136047246641e-22	-2.9819090495634	0.096	0.339	8.63629347077221e-18	10	MUC2	down
5.10588121112991e-22	-2.21273899540712	0.098	0.324	9.58322844516972e-18	10	FAM162A	down
7.36533134780727e-22	-4.15683515728825	0.059	0.28	1.38239904066995e-17	10	FCGBP	down
8.28638754366159e-22	-3.0754033070623	0.062	0.287	1.55527207806984e-17	10	CLDN3	down
1.01066749620725e-21	-3.07390204589072	0.048	0.256	1.89692182363138e-17	10	APBB1IP	down
1.50140620984469e-21	-4.76996816816939	0.013	0.227	2.8179893152575e-17	10	FAM83B	down
1.9954571005835e-21	-2.39314564301266	0.104	0.342	3.74527343208517e-17	10	LOC138528712	down
3.13075967851923e-21	-1.93118918969288	0.119	0.376	5.87612284061273e-17	10	ASS1	down
3.29519051219712e-21	-3.19441969785611	0.054	0.308	6.18474307234277e-17	10	ENDOU	down
4.31687537665526e-21	-1.670150412485	0.191	0.446	8.10234339444425e-17	10	GSTT1	down
1.94709154925767e-20	-4.11405240201036	0.039	0.249	3.65449612880173e-16	10	WFDC3	down
1.24336563060875e-19	-2.87174052553909	0.344	0.571	2.33367295208956e-15	10	KRT15	down
1.28418732102679e-19	-2.49046454067886	0.066	0.266	2.41029118283519e-15	10	PPL	down
1.43453191357464e-19	-3.51156120811807	0.106	0.338	2.69247294858823e-15	10	LGALS3BP	down
1.88275548415268e-19	-3.86570688411338	0.119	0.346	3.53374376820617e-15	10	LOC138521056	down
1.9948920509782e-19	-4.35101226750575	0.014	0.22	3.74421289048099e-15	10	A4GNT	down
4.39902994746556e-19	-3.08119019861559	0.09	0.304	8.25653930839811e-15	10	ITGA6	down
7.91259747737444e-19	-2.60798200908753	0.072	0.302	1.48511542052841e-14	10	PARP14	down
9.73023525374999e-19	-3.12672850010904	0.049	0.281	1.82626785477634e-14	10	UPP1	down
1.3317105152069e-18	-2.2292881619824	0.087	0.289	2.49948746599182e-14	10	SAMD9	down
1.50344621996484e-18	-2.43835537187944	0.081	0.293	2.82181821025202e-14	10	ADH1A	down
1.74597842990739e-18	-1.49043889262635	0.273	0.488	3.27702691509317e-14	10	CAMP	down
4.11069555415439e-18	-4.10607787859769	0.053	0.27	7.71536448559238e-14	10	LOC138487720	down
2.57538302379459e-17	-2.55397188162761	0.108	0.361	4.83373639736006e-13	10	RNF213	down
5.09321041076272e-17	-1.29426202512137	0.345	0.555	9.55944661996055e-13	10	CAPN1	down
8.42618869003136e-17	-3.59168116358412	0.037	0.245	1.58151135523198e-12	10	UPK1A	down
1.56629124670699e-15	-3.14542509884912	0.081	0.281	2.93977204094436e-11	10	LOC138521299	down
1.98634148460615e-15	-3.18822640156456	0.058	0.26	3.72816433245729e-11	10	MALL	down
1.58272224774815e-14	-1.17678745050637	0.217	0.433	2.9706113867985e-10	10	ARPC1B	down
1.08327468234107e-13	-1.79489333667762	0.113	0.327	2.03319825128596e-09	10	IL1B	down
1.24581163466682e-13	-1.7839971652568	0.125	0.331	2.33826385710615e-09	10	ELF1	down
2.12958565308302e-12	-1.6088907428172	0.152	0.374	3.99701931227151e-08	10	NT5C1B	down
2.4332760306145e-139	4.58239257231553	0.934	0.154	4.56701578186035e-135	10	COL11A1	up
2.71789782030971e-104	3.75953827022863	0.891	0.207	5.10122241893929e-100	10	TGFBI	up
1.53057503364848e-97	2.62992163061703	0.902	0.199	2.87273628065484e-93	10	FBN2	up
1.12935232743338e-95	7.16774155115413	0.701	0.046	2.1196813833597e-91	10	COL2A1	up
1.7891743820141e-92	6.01592971618493	0.697	0.053	3.35810139760227e-88	10	THBS4	up
4.94123963602763e-92	2.98485895454544	0.859	0.185	9.27421267286026e-88	10	FN1	up
4.96305175145392e-88	2.54342938448088	0.883	0.258	9.31515183230386e-84	10	KRT18	up
1.13659117387277e-86	2.58783045502715	0.829	0.178	2.1332679742418e-82	10	LUM	up
1.89845060759745e-83	2.20908894588428	0.96	0.566	3.56320194539966e-79	10	SPARC	up
4.90003003393759e-83	3.07381560092017	0.771	0.155	9.19686637069746e-79	10	COL12A1	up
2.22387679807583e-82	6.54845985691333	0.607	0.017	4.17399436230853e-78	10	COL11A2	up
4.28051237179139e-81	2.87101119484761	0.852	0.217	8.03409367061526e-77	10	THBS2	up
1.81941847780982e-80	1.62922286846838	0.917	0.292	3.41486654100125e-76	10	COL3A1	up
4.36898540304348e-77	2.20512589664994	0.767	0.138	8.20014870297231e-73	10	COL6A1	up
6.47490695632836e-76	3.7881637056698	0.61	0.054	1.21527528663327e-71	10	PRELP	up
2.39600929669156e-73	1.31713895046568	0.922	0.314	4.49706984896039e-69	10	FSTL1	up
1.0447483119322e-69	2.22714535687583	0.789	0.173	1.96088810666555e-65	10	PFN2	up
7.82953211603588e-69	3.57382142171376	0.542	0.051	1.46952488285877e-64	10	PLCE1	up
8.42523352114709e-67	2.3800837931297	0.706	0.124	1.5813320795841e-62	10	BGN	up
1.95834259709743e-66	3.20707007762816	0.676	0.11	3.67561322049217e-62	10	NFIX	up
8.22291401804497e-66	2.37208693920706	0.683	0.112	1.54335873204686e-61	10	COL6A2	up
3.00371376122684e-65	2.86757732913612	0.758	0.275	5.63767035844665e-61	10	DCN	up
6.72209693999216e-65	4.1706751395264	0.545	0.045	1.26167037466713e-60	10	PCOLCE	up
3.2357869203506e-64	2.41117278140027	0.75	0.191	6.07324847080604e-60	10	MDK	up
8.26841679226949e-62	3.34380297551956	0.544	0.058	1.55189914774106e-57	10	TBX5	up
1.48854244515187e-61	2.52391144377222	0.895	0.638	2.79384531530555e-57	10	COL1A2	up
4.53139349533519e-59	4.01713324870161	0.586	0.083	8.50497245139461e-55	10	CCN2	up
9.20569379044566e-59	2.95097649575086	0.549	0.07	1.72781666752875e-54	10	SERPING1	up
6.25870025122965e-58	1.2117655983127	0.887	0.401	1.17469545015329e-53	10	KRT8	up
3.66537172781526e-57	3.71511061343304	0.652	0.147	6.87953619593646e-53	10	CTHRC1	up
3.93155970193462e-57	2.84884727225115	0.603	0.084	7.37914440456109e-53	10	OGN	up
7.37766059316021e-57	2.10464229580299	0.728	0.225	1.38471311673024e-52	10	FKBP10	up
4.52327634616355e-55	1.57984514187973	0.787	0.244	8.48973737411437e-51	10	COL5A1	up
1.45850439732389e-54	2.30691826020499	0.596	0.103	2.73746690333721e-50	10	AEBP1	up
3.32053120799458e-54	2.17782486622942	0.669	0.186	6.23230502428503e-50	10	SERPINH1	up
4.52048039654651e-54	3.06119917548025	0.493	0.074	8.48448965627815e-50	10	PDZRN3	up
5.05474063984981e-54	5.24821264433552	0.458	0.028	9.48724270693412e-50	10	COMP	up
7.2751690867209e-54	2.39436967709653	0.7	0.197	1.36547648588665e-49	10	SDC2	up
1.25994099014078e-53	2.41459529001884	0.638	0.17	2.36478324439523e-49	10	CRIM1	up
1.42857784138965e-53	6.59197560556585	0.417	0.019	2.68129775050424e-49	10	COL9A1	up
1.68565680116346e-53	2.18373980696784	0.743	0.285	3.16380925010369e-49	10	LOC138487902	up
2.44870691616197e-53	4.15009649406836	0.486	0.039	4.5959780109444e-49	10	MFAP4	up
9.63917670229542e-53	3.08588767851618	0.497	0.059	1.80917707525383e-48	10	PRDM16	up
2.79287904439356e-52	1.57774314720824	0.663	0.153	5.24195467842228e-48	10	COL6A3	up
3.12703614635722e-52	3.30063915684388	0.52	0.059	5.86913414309786e-48	10	TRABD2B	up
3.27750313776662e-51	2.69457929815613	0.533	0.098	6.15154563927417e-47	10	PDE3A	up
5.90786848065596e-51	2.70652368565394	0.565	0.1	1.10884783513432e-46	10	MMP2	up
7.40204862239585e-51	2.23831274136484	0.861	0.567	1.38929050593748e-46	10	COL1A1	up
7.39240627519607e-50	2.83289348789617	0.566	0.108	1.38748073379155e-45	10	DENND2B	up
1.01693597335178e-49	4.10425108973155	0.445	0.039	1.90868712838396e-45	10	LOXL3	up
1.37841968070007e-49	1.20941913471332	0.852	0.373	2.58715589870595e-45	10	ITGBL1	up
5.55700233208855e-49	3.07186538282251	0.495	0.062	1.0429937677097e-44	10	FBLN1	up
5.74820715654034e-49	2.9298130301624	0.472	0.061	1.07888100121106e-44	10	MXRA5	up
1.1766246827938e-48	1.85813546739674	0.745	0.269	2.20840686713568e-44	10	RRBP1	up
1.73687213077982e-48	3.56607112799814	0.435	0.071	3.25993530226065e-44	10	MGP	up
2.18402659890368e-48	2.83216666300209	0.477	0.082	4.09919952348232e-44	10	CDH11	up
4.51348275212061e-48	2.45418079162109	0.773	0.291	8.47135577745517e-44	10	TIMP1	up
2.59785923056967e-47	2.42897351317154	0.573	0.122	4.87592198985622e-43	10	RCN3	up
8.88668660448567e-47	7.56306572852527	0.355	0.013	1.66794220879592e-42	10	COL9A3	up
1.24950804796598e-46	2.32378218268341	0.605	0.149	2.34520165522735e-42	10	PLAC9	up
2.03199915117231e-46	3.54706724808365	0.426	0.043	3.81385920683531e-42	10	CHD5	up
2.0938040821993e-46	4.58136354792906	0.412	0.049	3.92986088187986e-42	10	COL27A1	up
2.16427072738166e-46	1.53272402430946	0.707	0.236	4.06211972822263e-42	10	POSTN	up
3.58078566824618e-46	2.40063724295926	0.552	0.116	6.72077662073126e-42	10	LOXL2	up
9.45480641094443e-46	6.75718133277186	0.384	0.016	1.77457261527016e-41	10	COL9A2	up
1.50539050058631e-45	2.25276752933481	0.534	0.098	2.82546743055045e-41	10	PTX3	up
1.63035759935945e-45	1.71140820407349	0.746	0.276	3.06001817823775e-41	10	CALM2	up
2.10810778590176e-45	2.56391668045954	0.496	0.077	3.95670750335902e-41	10	CCDC80	up
5.15560171339777e-45	2.92482424830555	0.477	0.067	9.67654885587628e-41	10	LSAMP	up
6.723274504186e-45	3.7549361192113	0.394	0.032	1.26189139169067e-40	10	PDGFRL	up
8.4914461820158e-45	5.58050675235316	0.385	0.017	1.59375953390254e-40	10	ACAN	up
1.27119306747921e-44	2.89528625649421	0.484	0.074	2.38590226835173e-40	10	CDH13	up
1.34534659074036e-44	1.43617882047285	0.822	0.315	2.52508101616059e-40	10	COL5A2	up
5.57460438597629e-44	2.71819749720666	0.385	0.055	1.04629749720389e-39	10	MRC2	up
1.81428672604478e-43	3.27196854297416	0.388	0.046	3.40523475611345e-39	10	CCDC88A	up
3.07786809575846e-43	2.91575274237009	0.424	0.063	5.77685062892905e-39	10	SORCS2	up
4.02731430751118e-43	1.46449220048744	0.764	0.26	7.55886622376773e-39	10	LRP1	up
5.1340953191643e-43	2.62875475529355	0.48	0.098	9.63618350453948e-39	10	BHMT	up
7.578930908518e-43	3.2470746754042	0.443	0.062	1.42248954221974e-38	10	LOC138453113	up
1.07534955979601e-42	2.14501479254673	0.652	0.207	2.01832358878114e-38	10	MFAP2	up
1.08667098337174e-42	2.15336671000669	0.579	0.133	2.03957276869042e-38	10	CTSG	up
1.54771503815435e-42	4.14329632122214	0.371	0.034	2.9049063551119e-38	10	ADGRA2	up
1.83293190138729e-42	2.91130989166066	0.482	0.071	3.44022988571381e-38	10	EMILIN1	up
1.86947455476854e-42	2.30268957884466	0.5	0.158	3.50881679184507e-38	10	CHSY3	up
6.43268434826907e-42	4.38299649266977	0.339	0.022	1.20735052532662e-37	10	CCN3	up
9.79891740749327e-42	1.5067714840713	0.817	0.446	1.83915880821241e-37	10	KDELR2	up
1.23344861130717e-41	2.14030983625119	0.63	0.213	2.31505969856243e-37	10	FKBP11	up
1.91806151557068e-41	5.55253038185126	0.388	0.011	3.60000965857461e-37	10	ASPN	up
2.82241856196628e-41	2.74488932395206	0.438	0.075	5.29739739895451e-37	10	LOX	up
7.84716614339306e-41	4.23136172314647	0.35	0.022	1.47283461345344e-36	10	FGFRL1	up
9.28067649792508e-41	3.17820576261685	0.447	0.062	1.74189017189556e-36	10	STEAP4	up
1.24924392451658e-40	2.34502918365337	0.556	0.16	2.34470592192516e-36	10	TRPS1	up
1.32602863980192e-40	5.24500238123216	0.359	0.015	2.48882315404421e-36	10	ADAMTS3	up
5.05256053650502e-40	2.49938875284226	0.457	0.089	9.48315087096628e-36	10	DAB2	up
5.56955505132688e-40	7.23205900318609	0.34	0.008	1.04534978758354e-35	10	MATN4	up
6.91943439676011e-40	6.93029813870388	0.319	0.005	1.29870864192791e-35	10	TNMD	up
7.64605500623722e-40	1.53194209246795	0.727	0.313	1.43508806412066e-35	10	TPM2	up
1.32626435746223e-39	1.53480466489923	0.636	0.22	2.48926557252085e-35	10	CALD1	up
1.41790876578936e-39	1.08142051856288	0.859	0.647	2.66127296251005e-35	10	PPIB	up
2.15417597927681e-39	3.24140656296348	0.408	0.041	4.04317289550465e-35	10	PRR16	up
1.3405314095569e-49	-4.37022890685828	0.038	0.392	2.51604340259734e-45	11	MSN	down
1.62179753951082e-49	-4.58351341038751	0.327	0.665	3.04395180190785e-45	11	COL1A2	down
2.13423533791958e-46	-3.92068927213284	0.224	0.602	4.00574630574127e-42	11	SPARC	down
1.78452136478979e-44	-4.67719511893507	0.234	0.597	3.34936814957396e-40	11	COL1A1	down
2.66246225462864e-39	-4.57641930493993	0.023	0.29	4.99717540571249e-35	11	LSP1	down
4.35781915895793e-38	-3.90296044145369	0.061	0.411	8.17919077944813e-34	11	ITGBL1	down
1.47708388035875e-37	-4.79381651294399	0.165	0.499	2.77233873504534e-33	11	VIM	down
2.25288095031785e-35	-5.72178815117349	0.015	0.299	4.22843225565156e-31	11	BASP1	down
2.91891959604634e-34	-4.7503789731827	0.029	0.297	5.47852018981938e-30	11	LRP1	down
4.34759150652717e-32	-6.20834864787827	0.071	0.335	8.15999449860085e-28	11	COL3A1	down
5.48049800961378e-31	-3.83022603236219	0.039	0.301	1.02863467142441e-26	11	ANXA5	down
9.86059904261278e-31	-4.17030710825359	0.048	0.319	1.85073583430799e-26	11	LOC138487902	down
1.21080770102364e-30	-6.14855847110348	0.019	0.251	2.27256497405126e-26	11	TGFBI	down
1.9638018097343e-30	-2.56532215871623	0.103	0.368	3.6858596166903e-26	11	PKM	down
7.51358626881044e-30	-4.46311431584142	0.071	0.352	1.41022500679303e-25	11	COL5A2	down
2.06473429398528e-29	-4.49600727999126	0.084	0.356	3.87529979638098e-25	11	FSTL1	down
1.09164259398933e-28	-5.53855040591755	0.024	0.282	2.04890398465858e-24	11	COL5A1	down
1.31230375620617e-28	-3.11677012965916	0.096	0.389	2.46306292002337e-24	11	MARCKS	down
2.07004847841632e-28	-3.98652967889512	0.023	0.238	3.8852739891396e-24	11	MFAP2	down
7.23429554825723e-28	-4.94422302098586	0.042	0.31	1.3578049314524e-23	11	DCN	down
1.47665165850731e-27	-4.68288828308599	0.013	0.255	2.77152749785237e-23	11	TLN1	down
1.72057579954135e-27	-3.74246590619045	0.087	0.364	3.22934871815915e-23	11	MMP18	down
3.25658727437604e-26	-4.55946089657791	0.018	0.256	6.11228865527639e-22	11	APBB1IP	down
9.41844819589364e-26	-2.18692091858151	0.234	0.522	1.76774854188728e-21	11	ODC1	down
7.44795093176754e-25	-4.74424115932699	0.038	0.257	1.39790591038345e-20	11	THBS2	down
7.80251039590379e-24	-3.55508635822684	0.064	0.281	1.46445317620718e-19	11	LOC138521299	down
1.19489092223961e-23	-5.29753486544179	0.013	0.23	2.24269077195153e-19	11	THSD4	down
7.96536448970614e-23	-2.97082355660472	0.099	0.325	1.49501926107295e-18	11	TIMP1	down
8.48876504956435e-23	-1.24978175041104	0.522	0.749	1.59325631215273e-18	11	HMGN2	down
1.17333207070679e-22	-4.43472097103069	0.016	0.218	2.20222696350958e-18	11	SERPINH1	down
1.88713839242517e-22	-5.07930919455772	0.041	0.269	3.5419700487428e-18	11	POSTN	down
5.10627278052273e-22	-4.09062368087166	0.029	0.26	9.58396338176311e-18	11	FKBP10	down
6.07276397165054e-22	-2.26411328420272	0.201	0.429	1.13979706983909e-17	11	SELENOP	down
1.34406084164029e-20	-3.83582213771597	0.04	0.249	2.52266779367467e-16	11	CALD1	down
4.57633002422698e-20	-1.64252179487671	0.16	0.376	8.58931382247162e-16	11	CBX3	down
7.45222585232638e-20	-2.40093283243506	0.071	0.274	1.39870827022314e-15	11	IGF1R	down
2.62826555190192e-18	-6.60768951187677	0.159	0.394	4.93299161436471e-14	11	HBA1	down
1.02108072685303e-17	-2.90875870675978	0.054	0.278	1.91646641623045e-13	11	PCDH7	down
7.91758098344702e-17	-7.0758676937109	0.183	0.426	1.48605077478317e-12	11	HBB	down
1.57404300931785e-16	-1.64869836938818	0.234	0.447	2.95432132418868e-12	11	STMN1	down
2.86409403620633e-16	-8.09513965156489	0.104	0.33	5.37561809655566e-12	11	HBA2	down
3.19644032798575e-15	-4.34022719889015	0.078	0.294	5.99939885159645e-11	11	COL17A1	down
3.51399532961016e-15	-2.34588420661594	0.083	0.298	6.59541783414531e-11	11	PCNA	down
9.9090561477912e-13	-7.63821867977781	0.102	0.317	1.85983074837893e-08	11	HBBP1	down
1.64126877205203e-173	6.01231248753464	0.984	0.116	3.08049735826445e-169	11	FIM-B. 1	up
2.23033286930197e-170	4.73765984275635	0.996	0.237	4.18611176239286e-166	11	FCGBP	up
5.70765480308416e-160	4.17086709417819	0.99	0.227	1.07126972999087e-155	11	LOC138487720	up
3.994891970171e-150	4.07330159921048	0.94	0.14	7.49801273881395e-146	11	LY6E	up
6.72502656078791e-147	5.36883162481773	0.913	0.129	1.26222023519428e-142	11	UMOD	up
1.28803617016036e-145	3.96238470445445	0.959	0.145	2.41751508777397e-141	11	LOC138569359	up
1.26691449057567e-142	4.58205644278304	0.899	0.108	2.37787180736148e-138	11	UPK1B	up
9.58704277899931e-141	5.27324786815931	0.924	0.118	1.79939205919038e-136	11	GP2	up
8.18062755890335e-140	3.97661220592053	0.919	0.17	1.53542198653057e-135	11	AGR2	up
8.28475119601503e-139	3.23877789217497	0.984	0.306	1.55496495198006e-134	11	LOC138521056	up
2.13218874217421e-138	3.29110979950211	0.974	0.315	4.00190505018678e-134	11	AGR2A	up
4.11093706217328e-128	3.51179893913438	0.921	0.204	7.71581777199302e-124	11	UPK1A	up
2.13669725514666e-124	4.37414050015448	0.816	0.075	4.01036707818478e-120	11	UPK3B	up
9.43614438890753e-120	2.82868485169505	0.941	0.347	1.77106994035405e-115	11	IFI27	up
1.15294668839896e-118	3.2393911445985	0.858	0.144	2.16396563945601e-114	11	CAPN9	up
1.14434980450848e-115	4.77002910726624	0.763	0.051	2.14783014808197e-111	11	LOC138492809	up
1.27308293794708e-115	3.71009161314381	0.822	0.127	2.38944936623287e-111	11	CNFN	up
2.69178660795539e-114	3.94255948179329	0.816	0.09	5.05221428447147e-110	11	UPK2	up
1.72387519800789e-111	3.24992489447042	0.833	0.143	3.23554135914101e-107	11	ADGRF5	up
1.3418746094376e-109	3.68613552556057	0.87	0.238	2.51856445445344e-105	11	PSCA	up
2.9020366806341e-108	2.19297116204093	1	0.772	5.44683264588215e-104	11	S100A4	up
1.79406918117285e-105	2.5820662727868	0.99	0.547	3.36728844614332e-101	11	LOC138472551	up
2.02327222663264e-104	2.25099874145177	0.922	0.473	3.7974796421668e-100	11	TMEM176B	up
7.18164763977357e-104	2.89448303668517	0.853	0.17	1.3479234455091e-99	11	NPDC1	up
5.04720410317318e-101	6.33510927025066	0.696	0.051	9.47309738124574e-97	11	LOC138569361	up
5.16739430714382e-100	5.12771860068284	0.691	0.035	9.69868237507824e-96	11	3FTX	up
2.50968027309836e-93	2.89121723651909	0.809	0.176	4.71041890457831e-89	11	GOLM1	up
4.437894997502e-93	3.19834187729061	0.837	0.198	8.32948512081151e-89	11	NANS	up
3.20743746599448e-92	2.36386855262208	0.924	0.436	6.02003937992504e-88	11	MPEG1	up
4.11386741114405e-92	2.00141111812464	0.954	0.417	7.72131774397626e-88	11	SPINT2	up
9.65778847454053e-90	4.02463212172294	0.625	0.073	1.81267031878651e-85	11	ITLN1	up
4.58659031166503e-89	2.97747237751506	0.737	0.122	8.60857135596409e-85	11	AGR3	up
8.4720659079447e-89	2.71567575439661	0.739	0.154	1.59012205026214e-84	11	FAM3B	up
1.50623895348358e-87	3.34553169913142	0.675	0.09	2.82705989179333e-83	11	FUT3	up
4.61941247281687e-86	3.26920380253881	0.73	0.133	8.67017527022997e-82	11	MUC16	up
1.67391665809393e-84	3.00425752982257	0.845	0.314	3.1417741755765e-80	11	LOC138487739	up
4.78551716758184e-83	2.64412030356957	0.763	0.171	8.98193717183436e-79	11	VILL	up
2.19060659288696e-82	1.81677910640342	0.925	0.435	4.11154951418954e-78	11	LOC138582574	up
3.23338173812762e-81	2.91782276010653	0.673	0.108	6.06873418429173e-77	11	BCAS1	up
1.09299168734512e-80	3.36279789548247	0.683	0.088	2.05143609797806e-76	11	B3GNT3	up
1.20063596091549e-80	3.32908652540251	0.626	0.09	2.25347363504228e-76	11	LOC138491116	up
5.3331828053608e-80	2.41820104264478	0.87	0.303	1.00098508073817e-75	11	MUC2	up
7.07369522119372e-80	5.52035489729115	0.58	0.042	1.32766185606585e-75	11	MOXD2	up
1.31785167643822e-79	1.42857658731291	0.949	0.636	2.4734758115069e-75	11	CAPNS1	up
3.6718550978535e-79	2.32450044472595	0.801	0.257	6.89170483316123e-75	11	SYTL2	up
7.2980451610599e-77	2.11783255290206	0.853	0.312	1.36977009627933e-72	11	UGDH	up
9.126395946135e-77	1.62532529972326	0.939	0.499	1.71293325513008e-72	11	CAST	up
1.43071213018127e-74	2.42400006901463	0.671	0.151	2.68530359713723e-70	11	MEDAG	up
1.64841646719031e-73	3.23125611645142	0.664	0.1	3.0939128672695e-69	11	FER1L4	up
5.81687293162677e-73	2.67815598472702	0.744	0.171	1.09176888053703e-68	11	LOC138472418	up
1.91075239202193e-72	1.74581547075792	0.892	0.464	3.58629116458595e-68	11	PRDX5	up
2.14057894178077e-71	2.78215270566019	0.71	0.134	4.01765261582833e-67	11	FAM3D	up
2.39916950661409e-71	2.59223047269206	0.823	0.369	4.50300124696399e-67	11	TTN	up
6.14759041817065e-71	1.91198465949437	0.763	0.244	1.15384124558645e-66	11	LOC138570219	up
7.12100155583894e-71	2.7605347058478	0.639	0.128	1.33654078201541e-66	11	SPATS2	up
1.17259746034736e-70	1.45094445441196	0.949	0.512	2.20084817332596e-66	11	PERP	up
1.63977518264741e-70	3.23517625908545	0.601	0.086	3.07769404031092e-66	11	TPRN	up
1.6697791246934e-70	1.5285628202985	0.944	0.533	3.13400843913704e-66	11	LGALS3	up
2.79904895868803e-70	2.48767909214704	0.79	0.225	5.25353499056157e-66	11	MALL	up
2.50887644587686e-69	3.75582151108617	0.565	0.053	4.70891020126629e-65	11	FUT6	up
1.0983216815428e-68	1.64412699454095	0.951	0.47	2.06143996408768e-64	11	DSG2	up
1.39866106813537e-68	1.7201319206115	0.819	0.305	2.62514695878328e-64	11	TREX2	up
3.32312406297537e-68	2.27537843750879	0.728	0.227	6.23717155379848e-64	11	HEXB	up
3.36257038420874e-68	2.16195942563301	0.75	0.213	6.31120835412138e-64	11	EVPL	up
6.76255393530042e-68	1.80025645190341	0.829	0.328	1.26926374811654e-63	11	EZR	up
1.41085609869827e-67	1.94241315309656	0.788	0.25	2.64803581164678e-63	11	SCEL	up
3.97273072040254e-66	1.47015600451612	0.952	0.63	7.45641828912353e-62	11	C2PH19orf33	up
4.34980130410952e-66	4.4569808885549	0.458	0.028	8.16414206768317e-62	11	MAL	up
5.47276506625669e-66	6.88903518033398	0.532	0.016	1.02718327528572e-61	11	LOC138503230	up
7.62752570282328e-65	1.29555275770292	1	0.673	1.4316102991629e-60	11	LOC138580807	up
2.78814899910259e-63	2.02748162611272	0.75	0.234	5.23307685641565e-59	11	PPL	up
1.78133842945507e-62	5.5699944331479	0.48	0.015	3.34339409824422e-58	11	LOC138568695	up
2.96053577935916e-61	2.19467422223558	0.724	0.233	5.55662960427921e-57	11	RBM47	up
1.08487065237445e-59	2.95531925846951	0.571	0.093	2.0361937274416e-55	11	ATP2C2	up
4.28261511198889e-59	1.48516353500305	0.931	0.459	8.03804030369195e-55	11	MYO10	up
6.53758563024332e-59	3.7176583136007	0.49	0.042	1.22703944694037e-54	11	VTCN1	up
1.4132187850397e-58	3.33465585317624	0.515	0.067	2.65247033764102e-54	11	LOC138515848	up
2.69573961446463e-58	2.3437181308847	0.609	0.139	5.05963368238866e-54	11	GMDS	up
1.24927471853091e-57	2.70658890522804	0.538	0.09	2.34476371921067e-53	11	EPS8L2	up
1.35085270881773e-57	5.92115078493742	0.43	0.016	2.53541544918e-53	11	PSRP	up
4.54712561237354e-57	1.70898749747884	0.927	0.566	8.5345000618639e-53	11	TCHH	up
7.24917909379796e-57	3.65830929712474	0.465	0.046	1.36059842411494e-52	11	MUC3A	up
1.32440804962208e-55	3.28331065383986	0.551	0.104	2.48578146833568e-51	11	ACLY	up
8.79719953214174e-55	1.27726391359235	0.757	0.307	1.65114638018768e-50	11	LGALS3BP	up
2.31592931770164e-54	4.93205161068946	0.424	0.017	4.3467677363942e-50	11	LOC138505094	up
2.35107346989807e-54	4.79231593950867	0.458	0.022	4.41272979565169e-50	11	OTOG	up
3.02871343197827e-54	2.78144935407999	0.545	0.097	5.68459224048002e-50	11	MGAT4C	up
4.78357225038982e-54	3.07812730957866	0.591	0.083	8.97828675675666e-50	11	ABCA12	up
5.13967614435882e-54	1.74595898251687	0.753	0.257	9.64665815534707e-50	11	CLDN4	up
1.04359625220146e-53	1.84291428619779	0.738	0.31	1.95872580575692e-49	11	TM9SF2	up
4.55343932828593e-53	2.9579674732682	0.603	0.106	8.54635027525986e-49	11	MUC3B	up
1.79888648437837e-52	3.19637409463352	0.47	0.061	3.37633004252977e-48	11	PARM1	up
2.85346727776779e-52	2.53146986322443	0.488	0.106	5.35567273364236e-48	11	NAALADL2	up
2.92969952830696e-52	1.81697798057254	0.711	0.241	5.49875304467934e-48	11	AP1S3	up
4.05092676119777e-51	1.68603737170962	0.736	0.294	7.60318443809209e-47	11	FAM162A	up
4.9034692103525e-51	2.5316157353085	0.625	0.152	9.20332136091061e-47	11	UAP1	up
7.13932147829205e-51	2.28926801440724	0.612	0.174	1.33997924826064e-46	11	ACSBG2	up
4.05850349687926e-50	1.92126684956482	0.686	0.254	7.61740521329269e-46	11	CSF1	up
4.77073064004435e-50	1.85582700782139	0.65	0.204	8.95418433829924e-46	11	LOC138527095	up
3.77154670427625e-49	4.09060089800464	0.398	0.027	7.07881600925609e-45	11	RHCG	up
1.24800630705446e-37	-2.88244919072091	0.037	0.314	2.34238303771052e-33	12	RAI1	down
2.36954628867322e-34	-1.9032281732349	0.088	0.394	4.44740142921076e-30	12	PICALM	down
2.40024376095466e-34	-2.69697952440256	0.046	0.314	4.5050175149358e-30	12	DIAPH2	down
1.20705263288596e-31	-1.98655320554111	0.05	0.265	2.26551708666367e-27	12	HELZ	down
2.2941434652146e-31	-2.47270880573323	0.046	0.305	4.30587786986127e-27	12	NCOR2	down
3.08174279406038e-31	-2.55714340946353	0.037	0.278	5.78412305017193e-27	12	SIK3	down
2.31990763863514e-30	-2.97249451649257	0.036	0.294	4.3542346469543e-26	12	ASAP1	down
2.98905085375502e-30	-1.5996865374769	0.136	0.433	5.61014954741279e-26	12	NFX1	down
1.24602066902029e-29	-1.79450915141272	0.089	0.384	2.33865619368418e-25	12	STAT5B	down
2.09223247340294e-29	-2.08984712260615	0.066	0.342	3.92691112932999e-25	12	PPP1R12A	down
4.27858787135916e-29	-1.98964008897839	0.048	0.273	8.030481575754e-25	12	PRRC2A	down
9.19450806518149e-29	-2.3849629021929	0.055	0.332	1.72571721875391e-24	12	ITPR2	down
1.00906436824968e-28	-3.05309793382149	0.026	0.257	1.89391291276782e-24	12	LOC138528830	down
1.01870634728611e-28	-2.20164185040633	0.05	0.286	1.9120099432213e-24	12	PCDHGC3	down
1.24456812414276e-28	-1.9982797191966	0.055	0.293	2.33592991220355e-24	12	TAOK3	down
1.36876919741661e-28	-2.28473820607551	0.043	0.273	2.56904290663124e-24	12	CUL9	down
2.73953306038526e-28	-1.76004194627896	0.081	0.35	5.14182960103709e-24	12	XPO5	down
3.95740651742824e-28	-1.43437291745615	0.118	0.415	7.42765629256107e-24	12	ZNF318	down
5.66743758119135e-28	-1.69596485196062	0.081	0.335	1.0637213596138e-23	12	RBFOX2	down
1.62313450672397e-27	-2.37494726202042	0.043	0.271	3.04646115567022e-23	12	VPS13C	down
2.41996296288083e-27	-2.41518766916486	0.032	0.235	4.54202848503102e-23	12	CASK	down
2.79390267123488e-27	-2.26152355244527	0.044	0.286	5.24387592364074e-23	12	ERBIN	down
3.58025215521713e-27	-2.18413469852677	0.05	0.251	6.71977527012703e-23	12	PLEKHA5	down
4.46630760979371e-27	-2.12352120414589	0.056	0.311	8.38281275282182e-23	12	ZZEF1	down
4.79200449387459e-27	-2.08370842204659	0.049	0.279	8.99411323455323e-23	12	STRN3	down
8.29432618713169e-27	-1.57934455144386	0.097	0.353	1.55676208206275e-22	12	ITPKA	down
8.30423002998486e-27	-2.40681560287272	0.041	0.27	1.55862093432786e-22	12	WNK1	down
1.05708380217336e-26	-2.58866156598639	0.03	0.235	1.98404058829919e-22	12	TRAPPC9	down
1.86620681884194e-26	-1.64788678240004	0.088	0.367	3.50268357828443e-22	12	ATRX	down
2.84587170188299e-26	-1.79436053828213	0.109	0.445	5.34141659726418e-22	12	VMP1	down
3.05717116897631e-26	-1.87846806197924	0.085	0.357	5.73800456705163e-22	12	SND1	down
4.28865744211901e-26	-2.30463074970674	0.06	0.341	8.04938115311316e-22	12	SKI	down
6.95673766937312e-26	-2.03896184322544	0.054	0.303	1.30571009316464e-21	12	NIPBL	down
9.91787595991408e-26	-2.7899219424886	0.035	0.305	1.86148613891627e-21	12	MED13L	down
2.16000046010713e-25	-2.38400096614634	0.036	0.238	4.05410486357508e-21	12	SIPA1L1	down
2.17290427274806e-25	-2.36119469252792	0.037	0.257	4.07832402952083e-21	12	ERI3	down
2.98015115016588e-25	-2.49178493254476	0.035	0.243	5.59344569374635e-21	12	FKBP15	down
3.04831057691335e-25	-2.30725281073909	0.038	0.26	5.72137412180866e-21	12	SCAF8	down
4.30033755692856e-25	-2.45886903286417	0.032	0.257	8.07130356059921e-21	12	KMT2C	down
5.28134650743039e-25	-2.01518277814078	0.052	0.28	9.91255925979609e-21	12	ARID1A	down
6.46076892270724e-25	-3.16530954959708	0.047	0.294	1.21262171910292e-20	12	LRP1	down
6.68593319993549e-25	-2.46026237923774	0.046	0.287	1.25488280229589e-20	12	RAPGEF6	down
9.42800063728094e-25	-2.1461291912847	0.056	0.306	1.76954143961126e-20	12	NEDD4L	down
1.00546654600695e-24	-2.59260342810366	0.031	0.245	1.88716016020045e-20	12	ASH1L	down
1.00807543442205e-24	-2.11572605890625	0.048	0.273	1.89205678286675e-20	12	BIRC6	down
1.18010166588871e-24	-2.95008571514406	0.023	0.224	2.21493281670651e-20	12	ARID2	down
1.28740812530095e-24	-2.46918842122782	0.03	0.232	2.41633631037736e-20	12	RABGAP1	down
1.36243436160146e-24	-1.96166836751096	0.066	0.332	2.55715305328977e-20	12	NCOA2	down
1.44751220728366e-24	-1.99892509085015	0.054	0.273	2.7168356618507e-20	12	ATP11B	down
1.48409166778672e-24	-1.95891290982588	0.054	0.283	2.78549165126889e-20	12	THOC2	down
1.48924934295175e-24	-2.403851770137	0.042	0.269	2.79517209178613e-20	12	NFATC3	down
1.62420321986541e-24	-1.92222788052669	0.06	0.285	3.04846702336538e-20	12	LPP	down
4.34024410978785e-24	-1.87042542235247	0.067	0.304	8.14620416966081e-20	12	JARID2	down
4.54918826784787e-24	-2.08075527659864	0.057	0.292	8.53837145992367e-20	12	ATXN1	down
5.74239147938257e-24	-1.75906777364862	0.076	0.339	1.07778945676531e-19	12	DYNC1H1	down
7.21049703248749e-24	-1.48548296014802	0.094	0.33	1.35333818802758e-19	12	ELF1	down
8.05332641461901e-24	-1.82381040608372	0.083	0.361	1.51152883475984e-19	12	MARK2	down
1.15404505642791e-23	-2.27875132774235	0.043	0.253	2.16602716640954e-19	12	PITPNM2	down
1.2545108250844e-23	-2.27199027926586	0.041	0.267	2.35459136760092e-19	12	AKAP9	down
1.3657059458605e-23	-2.76819056873682	0.083	0.316	2.56329348978557e-19	12	LOC138487902	down
1.48563856564681e-23	-1.78680413431116	0.067	0.295	2.78839502386249e-19	12	CAMK2G	down
1.58271968086042e-23	-2.3792124761107	0.04	0.255	2.97060656900691e-19	12	RALGAPA2	down
1.84436870707197e-23	-1.96659562717879	0.073	0.346	3.46169562630338e-19	12	MYCBP2	down
1.90374969312939e-23	-1.38751367253168	0.123	0.409	3.57314779903455e-19	12	EIF4G1	down
2.03793603229077e-23	-2.27358559696022	0.037	0.24	3.82500213900655e-19	12	OSBPL9	down
2.09577919725284e-23	-1.1386128255067	0.172	0.473	3.93356797532386e-19	12	PTBP3	down
2.19204683861579e-23	-3.13221548984053	0.021	0.23	4.11425271139799e-19	12	FRYL	down
2.92990046756876e-23	-2.51952748018315	0.041	0.274	5.4991301875798e-19	12	IGF1R	down
3.27254951505539e-23	-2.05005516922256	0.05	0.284	6.14224818480747e-19	12	BRD4	down
3.68537407769731e-23	-2.21550130941569	0.041	0.258	6.91707860643009e-19	12	ITCH	down
4.44523819628046e-23	-2.49689945885336	0.039	0.261	8.34326757059879e-19	12	KDM6B	down
4.57361078600232e-23	-1.68648175868263	0.072	0.302	8.58421008424775e-19	12	CADM1	down
5.51967141450774e-23	-1.66797991524254	0.078	0.322	1.03598712778896e-18	12	LRBA	down
6.09646446078334e-23	-1.704229664769	0.061	0.272	1.14424541464442e-18	12	NPEPPS	down
7.77753206508409e-23	-1.65540522247191	0.091	0.34	1.45976499329563e-18	12	MEF2D	down
9.05639278364426e-23	-2.0247483688271	0.06	0.324	1.69979436156219e-18	12	USP9X	down
1.04357101493997e-22	-2.9956890671236	0.025	0.253	1.95867843794082e-18	12	ZNF407	down
1.45159324449806e-22	-2.49660689503984	0.035	0.241	2.72449536059842e-18	12	GIT2	down
2.52409857103968e-22	-5.99848729714536	0.085	0.428	4.73748060798438e-18	12	HBB	down
2.95008965026395e-22	-1.99185909472626	0.097	0.319	5.5370232645804e-18	12	HELZ2	down
3.34305661775843e-22	-2.77224293064993	0.027	0.238	6.2745829658708e-18	12	HDAC4	down
3.60028711125048e-22	-2.69029544612579	0.03	0.237	6.75737887910603e-18	12	P4HA1	down
4.11516375957802e-22	-2.27113318476842	0.046	0.263	7.72375086035199e-18	12	ARHGEF1	down
4.73894281070698e-22	-1.34122507873892	0.138	0.433	8.89452176141593e-18	12	ADAM10	down
4.81005782938011e-22	-2.56074378888719	0.035	0.245	9.02799753996353e-18	12	MSI2	down
5.84494597359363e-22	-1.63035304787131	0.075	0.295	1.09703790978379e-17	12	EML4	down
9.73968912620128e-22	-2.41498169721701	0.037	0.261	1.82804225209672e-17	12	LYST	down
1.45160239345731e-21	-1.53774273561035	0.091	0.353	2.72451253228003e-17	12	HSD17B12	down
1.48833580047852e-21	-2.65455447460447	0.037	0.276	2.79345746391813e-17	12	MTMR3	down
1.5900702939006e-21	-3.38377730289908	0.021	0.222	2.98440293462203e-17	12	RASAL2	down
1.62479186517197e-21	-1.78177059147983	0.075	0.299	3.04957185174126e-17	12	ADCY4	down
1.82345633410529e-21	-1.86224566302082	0.055	0.266	3.42244519348222e-17	12	TNRC6B	down
1.87134390500972e-21	-1.65029894132094	0.081	0.325	3.51232537531275e-17	12	PARG	down
1.91617004162095e-21	-2.40015005769472	0.037	0.242	3.59645955111836e-17	12	PELI1	down
1.93080976490052e-21	-1.62529188947226	0.074	0.281	3.62393684774179e-17	12	PRKCD	down
3.10509277634503e-21	-6.03337876732117	0.081	0.395	5.82794863192198e-17	12	HBA1	down
3.72787199474953e-21	-2.19593003949684	0.044	0.254	6.99684294694539e-17	12	SPAG9	down
3.87125962606415e-21	-2.29924748257903	0.051	0.277	7.2659671921598e-17	12	PCDH7	down
4.00037721505424e-21	-1.39199683397096	0.153	0.438	7.5083079949353e-17	12	ACTN4	down
4.42400732412779e-21	-2.3523911354174	0.037	0.245	8.30341934665545e-17	12	MACF1	down
1.3385078464757e-68	1.51333533178089	0.93	0.552	2.51224537705024e-64	12	LOC138472551	up
9.86730008206531e-58	1.31104806812846	0.944	0.653	1.85199355240284e-53	12	S100A13	up
2.03522358488203e-55	2.26419341751888	0.509	0.102	3.81991114646508e-51	12	S100A6	up
4.76794082556903e-54	1.04613629798043	0.72	0.235	8.94894813551052e-50	12	HIFy	up
9.02655631138736e-50	1.19213455610525	0.953	0.632	1.69419435408429e-45	12	C2PH19orf33	up
1.26669237949535e-46	2.7071444876116	0.49	0.123	2.37745492707482e-42	12	RN18S	up
2.71766415803968e-44	2.38996011609272	0.387	0.049	5.10078385822468e-40	12	LOC138527547	up
1.71974660717809e-26	1.15970827328841	0.716	0.446	3.22779240701256e-22	12	LOC138582574	up
6.12212644319181e-17	1.02642397350355	0.395	0.181	1.14906191212267e-12	12	AREG	up
2.31282548711033e-78	-1.77461839567101	0.738	0.952	4.34094215675738e-74	13	RPL27	down
6.66255630536733e-76	-1.66696060323849	0.748	0.955	1.25049519295439e-71	13	RPL37	down
1.50057043062178e-70	-1.54036724307702	0.744	0.949	2.81642064123403e-66	13	RPS29	down
2.31298310922776e-70	-1.51209380335093	0.752	0.958	4.34123799770958e-66	13	RPS17	down
1.06706907413496e-69	-1.50663869718775	0.728	0.944	2.00278194524391e-65	13	RPS11	down
1.37028902273039e-69	-1.74231354750737	0.665	0.93	2.57189546676267e-65	13	RPL35A	down
5.33474824650924e-69	-1.59561457549021	0.648	0.923	1.00127889838732e-64	13	RPS21	down
1.19244818907431e-67	-1.573965183421	0.71	0.941	2.23810600607357e-63	13	RPS15	down
5.40456935188527e-67	-1.79218829190257	0.753	0.956	1.01438362165535e-62	13	RPL12	down
8.02844211544017e-67	-1.5877158441987	0.737	0.947	1.50685830064697e-62	13	RPL34	down
1.0546111043899e-66	-1.68659014284103	0.747	0.949	1.9793995818294e-62	13	UBA52	down
1.17470568468563e-66	-1.68529675296479	0.715	0.943	2.20480509958646e-62	13	RPS27A	down
1.45655761183136e-63	-1.6522875378627	0.731	0.939	2.73381298164628e-59	13	RPL39	down
1.53424646094112e-63	-1.55116103329385	0.682	0.928	2.87962718254039e-59	13	RPS3A	down
7.04609554447901e-63	-1.6013727061438	0.731	0.944	1.32248167274327e-58	13	RPL28	down
1.19657141880216e-62	-1.51908960079528	0.724	0.94	2.24584489594977e-58	13	RPS13	down
7.44616745070524e-61	-1.47833486164901	0.703	0.933	1.39757116882287e-56	13	RPS3	down
4.21355399352169e-60	-1.52102830058591	0.604	0.904	7.90841949044086e-56	13	RPL22	down
6.44000922157617e-60	-1.36655408325939	0.697	0.927	1.20872533079763e-55	13	RPL2	down
1.74673443765676e-56	-1.39332743249227	0.601	0.893	3.27844586603797e-52	13	RPL18A	down
4.75998739122829e-56	-1.57295777263645	0.603	0.894	8.93402033459637e-52	13	RPL9	down
5.49761307573364e-56	-1.45758268022287	0.63	0.899	1.03184699818445e-51	13	RPL30	down
5.67528157551987e-56	-1.57203417629709	0.585	0.888	1.06519359890932e-51	13	RPL23A	down
1.1314211805217e-55	-1.41860066870598	0.701	0.933	2.12356441372117e-51	13	RPL27A	down
2.17566944216797e-55	-1.51882877109349	0.707	0.926	4.08351397600506e-51	13	RPS16	down
4.55408833102293e-55	-1.32201551066849	0.708	0.917	8.54756838849694e-51	13	RPS25	down
6.01385462816043e-53	-1.49357227259022	0.607	0.889	1.12874037515943e-48	13	RPL37A	down
2.13859936464987e-50	-1.6216998117168	0.356	0.738	4.01393714751133e-46	13	RSL24D1	down
2.5569611513289e-50	-1.64824812449026	0.567	0.852	4.79916038492921e-46	13	RPL10A	down
5.43411468161805e-50	-1.45305171219911	0.693	0.917	1.01992898459289e-45	13	EEF1B2	down
3.20604321948598e-48	-1.47185095660736	0.653	0.896	6.01742251865324e-44	13	RPS5	down
5.34239956241484e-48	-1.37223935917872	0.65	0.899	1.00271497386964e-43	13	RACK1	down
4.15056445306302e-43	-1.25129270227174	0.65	0.865	7.79019442195399e-39	13	ATP5MC2	down
2.38606823823163e-41	-1.37388131074066	0.559	0.844	4.47841147633694e-37	13	RPL6	down
4.06739911064786e-38	-1.46818554699456	0.409	0.693	7.63410139077497e-34	13	ATP5IF1	down
1.97549900308381e-37	-1.337939247044	0.654	0.901	3.70781407888801e-33	13	EIF5A2	down
2.54484227908666e-37	-1.33524069567758	0.574	0.826	4.77641447361775e-33	13	COX6B1	down
2.91301209633399e-36	-1.38326160080284	0.504	0.813	5.46743240360926e-32	13	RPL22L1	down
6.28326851493621e-36	-1.27759667328189	0.49	0.784	1.17930666756838e-31	13	RPL4	down
1.49372936206574e-34	-1.50904998769426	0.27	0.584	2.80358063966119e-30	13	LOC138580477	down
4.98737615752394e-34	-1.64224990935822	0.476	0.761	9.36080631005669e-30	13	DBI	down
3.71476231838263e-33	-1.48019592139415	0.428	0.729	6.97223739537235e-29	13	COX4I1	down
4.2488007503552e-33	-1.72801105193275	0.396	0.704	7.97457412834168e-29	13	ATP5MC3	down
2.62510433223501e-32	-1.33645546212453	0.385	0.693	4.92705832117189e-28	13	LOC138510586	down
1.40605074504307e-31	-4.40714044322097	0.05	0.316	2.63901664337134e-27	13	PLAUR	down
2.06853264280058e-31	-1.45473517327521	0.472	0.709	3.88242891727241e-27	13	GSTM1	down
2.65979180284304e-31	-1.58441463727289	0.333	0.684	4.9921632347561e-27	13	UQCRH	down
8.09992502515343e-31	-1.62498159867474	0.369	0.697	1.52027492797105e-26	13	COX6C	down
2.25216015009676e-30	-1.55168437865625	0.293	0.588	4.2270793857166e-26	13	COX5B	down
4.55703354677732e-30	-1.4842470522757	0.356	0.703	8.55309626394636e-26	13	ATP5MF	down
5.85903343925169e-29	-1.42026269951867	0.467	0.724	1.09968198621315e-24	13	COX6A1	down
8.98535196902809e-29	-1.57178817271269	0.283	0.592	1.68646071106688e-24	13	ATP5F1D	down
2.19915768437732e-28	-1.35867976462027	0.527	0.782	4.12759905780779e-24	13	SRI	down
3.14595981686283e-28	-1.82612361358303	0.304	0.611	5.90465198026984e-24	13	FTH1	down
4.31119348687511e-28	-1.53992255768956	0.298	0.6	8.0916790555159e-24	13	RPL8	down
2.07331972606775e-27	-2.89263088194796	0.071	0.362	3.89141379385656e-23	13	GLRX	down
7.57317730497802e-27	-1.28685877365235	0.329	0.618	1.42140964837132e-22	13	EEF1D	down
2.75166751256815e-26	-1.30106415583521	0.646	0.849	5.16460475433916e-22	13	GAPDH	down
1.8020621863198e-25	-1.07007426697188	0.472	0.727	3.38229051750363e-21	13	YBX3	down
1.68728764395091e-24	-3.73086964889882	0.227	0.498	3.16687017893146e-20	13	LGALS1	down
1.71953089255949e-24	-3.85807390680706	0.049	0.296	3.22738753224491e-20	13	BASP1	down
1.87591235282195e-24	-1.15449640743249	0.505	0.781	3.52089989501152e-20	13	SLC25A3	down
1.88683128523445e-24	-1.30647992632022	0.447	0.746	3.54139363925653e-20	13	SSR3	down
1.5077739107454e-23	-4.06610084694304	0.248	0.494	2.82994085307804e-19	13	VIM	down
2.0096697102332e-23	-1.14201597999237	0.517	0.73	3.77194907913669e-19	13	NDUFA4	down
3.40086229557224e-23	-2.00162947325025	0.123	0.356	6.38307844255954e-19	13	PRDX6	down
3.59269046738228e-23	-1.1385208818364	0.353	0.605	6.7431207382298e-19	13	RPL5	down
1.19959228768248e-22	-1.33274205773371	0.458	0.717	2.25151476475125e-18	13	PPDPF	down
4.51063613829929e-22	-1.15228768563654	0.472	0.716	8.46601296797394e-18	13	NPM1	down
7.9425995809259e-22	-1.45704152259455	0.283	0.562	1.49074651534398e-17	13	UQCR10	down
1.01500729887423e-21	-1.45190004406075	0.279	0.569	1.90506719925704e-17	13	DAD1	down
1.07340267514565e-21	-2.35521859959066	0.278	0.522	2.01466948098088e-17	13	GSTP1	down
2.40461021724439e-21	-1.6100525626599	0.327	0.635	4.513212916746e-17	13	COX7B	down
2.80038102334626e-21	-1.28605548949038	0.297	0.552	5.25603514271859e-17	13	ATP5PD	down
3.72430398507096e-21	-1.66861769928787	0.198	0.497	6.99014614957969e-17	13	COX7A2L	down
3.78218461311087e-21	-2.6938165755013	0.1	0.311	7.0987823003478e-17	13	WFDC5	down
7.51672651623576e-21	-1.26553325676478	0.423	0.686	1.41081439983229e-16	13	ATP5MK	down
9.61318502561648e-21	-1.19732382686176	0.365	0.632	1.80429869745796e-16	13	SNRPE	down
2.18711268374328e-20	-1.10377775468942	0.313	0.56	4.10499179611776e-16	13	MIF	down
3.08078962639753e-20	-1.54154250092188	0.218	0.494	5.78233404978552e-16	13	BTF3	down
3.54749072175563e-20	-1.37627438661853	0.38	0.673	6.65828533566315e-16	13	ATP5PF	down
4.3510935331189e-20	-1.37516125889366	0.254	0.539	8.16656745231086e-16	13	LOC138566164	down
2.18923902890433e-19	-1.3743625039934	0.266	0.542	4.10898273335054e-15	13	NDUFB1	down
6.68795116456002e-19	-1.14001298180491	0.259	0.483	1.25526155407627e-14	13	SOD1	down
2.97165754821548e-18	-1.38953254818283	0.177	0.412	5.57750405224563e-14	13	EIF3K	down
9.42157483519829e-18	-1.41871415438005	0.171	0.393	1.76833538081837e-13	13	NDUFA6	down
1.12874772105979e-17	-1.14979319506928	0.401	0.653	2.11854659765712e-13	13	HSBP1	down
2.39695722174677e-17	-1.20321079209132	0.252	0.483	4.49884900949652e-13	13	NDUFS5	down
3.53428996905616e-17	-2.18711968838652	0.189	0.434	6.63350884292151e-13	13	KRT8	down
3.55436549815012e-17	-1.12777727299995	0.396	0.653	6.67118860347795e-13	13	VDAC2	down
3.97793066021995e-17	-1.52630373299768	0.25	0.524	7.46617805616683e-13	13	SEC61G	down
7.66940970216735e-17	-1.02645666675994	0.332	0.565	1.43947150699979e-12	13	RBX1	down
1.03051674109452e-16	-1.58533752620028	0.243	0.477	1.93417687136031e-12	13	PGD	down
1.17814393300957e-16	-1.57223851968372	0.134	0.342	2.21125834786565e-12	13	LOC138549408	down
1.41732921725386e-16	-1.32793283011427	0.291	0.573	2.66018520786377e-12	13	UBE2L3	down
1.43161817055383e-16	-1.25869292315977	0.259	0.493	2.68700414431248e-12	13	NDUFAB1	down
2.06052051744643e-16	-1.00314297531398	0.476	0.72	3.8673909591952e-12	13	BTF3L4	down
2.54242367195489e-16	-1.20645660044001	0.231	0.46	4.77187498989213e-12	13	EIF1B	down
1.20674610633082e-15	-1.57435914359928	0.128	0.351	2.26494176697231e-11	13	LOC138521839	down
1.5750843798213e-15	-1.1683627441155	0.334	0.592	2.9562758724866e-11	13	TMEM258	down
3.96669389021326e-153	4.33131595209266	0.937	0.111	7.44508776254126e-149	13	COL7A1	up
1.47117732375406e-130	3.63020326948952	0.91	0.14	2.761252718954e-126	13	ITGB4	up
7.11413573885482e-130	3.1663373254486	0.966	0.258	1.33525213682566e-125	13	COL17A1	up
1.15572285857378e-125	4.05497275675152	0.867	0.115	2.16917623325713e-121	13	VIT	up
4.71383541547817e-117	3.03127051807406	0.92	0.269	8.84739769131097e-113	13	ITGA6	up
3.69307016670683e-116	3.28997257105764	0.894	0.195	6.93152339589205e-112	13	THSD4	up
2.87843814411245e-110	3.61198045072066	0.8	0.114	5.40254055268466e-106	13	GALNT18	up
1.17353596752226e-109	3.63144505972626	0.821	0.122	2.20260965744253e-105	13	LAMA3	up
1.58156391451691e-98	3.75063163855818	0.671	0.077	2.96843731115679e-94	13	ITGA3	up
1.94391049191379e-98	2.51429673936836	0.847	0.247	3.648525602273e-94	13	PCDH7	up
4.34606864051071e-90	3.53887570743846	0.705	0.096	8.15713623137455e-86	13	ITGA2	up
1.47722785769478e-86	2.93197556573046	0.781	0.178	2.77260896610733e-82	13	PLCH2	up
1.24285663662839e-84	3.29212479435231	0.776	0.182	2.33271762128783e-80	13	LAMB3	up
1.29014368291519e-84	3.12122654931061	0.707	0.123	2.42147067846352e-80	13	COL5A3	up
4.64399918173262e-84	2.39186530916168	0.842	0.263	8.71632206419396e-80	13	CDC42BPA	up
6.38768319649166e-84	2.88033866241259	0.74	0.161	1.19890425914952e-79	13	SRPX	up
1.98494729919888e-77	2.56648360942759	0.73	0.184	3.72554758586638e-73	13	TP63	up
3.57778435931149e-76	2.70460004314872	0.743	0.176	6.71514346399174e-72	13	FCN2	up
2.40281089947395e-75	1.47241755862954	0.985	0.566	4.50983577722265e-71	13	COL1A1	up
5.24727061636948e-75	2.54026068783876	0.812	0.259	9.84860221986389e-71	13	SMARCAD1	up
7.17939007615017e-74	1.72054005265329	0.985	0.736	1.34749972339262e-69	13	LOC138580806	up
6.99676181645793e-73	2.90294393535912	0.665	0.13	1.31322222533099e-68	13	PAPLN	up
1.1644508468703e-72	3.41618441255347	0.661	0.095	2.18555779449086e-68	13	WNT7B	up
1.2939331795323e-72	3.3272151148804	0.623	0.089	2.42858318466417e-68	13	COL28A1	up
3.39089993313027e-72	3.34957173005863	0.649	0.098	6.3643800844922e-68	13	TSPAN33	up
2.57099681500563e-71	1.18531886869286	0.992	0.637	4.82550392208406e-67	13	COL1A2	up
7.87534717937667e-70	3.07982604430573	0.639	0.104	1.47812391209721e-65	13	COL18A1	up
1.19348984436106e-69	2.57291327375242	0.738	0.199	2.24006108888127e-65	13	VWA7	up
2.04404236426062e-69	1.64794667847677	0.895	0.481	3.83646311348075e-65	13	CDH1	up
2.69098374633434e-67	3.72031956241322	0.529	0.053	5.05070739349492e-63	13	COL4A5	up
4.25115256886453e-67	3.50146773690157	0.562	0.069	7.97898825650184e-63	13	LAMB4	up
6.58581978851016e-67	2.94899791185909	0.679	0.146	1.23609251610547e-62	13	DST	up
1.45556599047096e-66	2.93698040024692	0.588	0.106	2.73195180751494e-62	13	SHANK2	up
2.34751199488835e-66	2.37423297326367	0.759	0.226	4.40604526320595e-62	13	EGFR	up
3.66072927094171e-65	2.33817168384127	0.707	0.202	6.8708227686305e-61	13	FGD4	up
4.04463629750222e-65	3.83470310252489	0.554	0.058	7.59137786678192e-61	13	GRIP1	up
1.89826160519603e-64	3.10810147612556	0.565	0.087	3.56284720679244e-60	13	APBB2	up
6.47377873443864e-64	3.14391724040373	0.638	0.111	1.21506353066679e-59	13	INPP4B	up
7.31169654794698e-64	3.44831822532218	0.549	0.07	1.37233232508417e-59	13	JAG2	up
8.72739642964862e-63	3.34805434053953	0.518	0.063	1.63804503588075e-58	13	AGRN	up
3.71919707458994e-62	2.36908554207936	0.737	0.223	6.98056098929787e-58	13	TBFA	up
4.36889444480868e-62	2.29609377945918	0.719	0.234	8.19997798346141e-58	13	PC	up
8.11259404591366e-62	1.66912619522255	0.903	0.532	1.52265277647753e-57	13	SDC1	up
9.18028348628663e-61	2.67543706576202	0.649	0.136	1.72304740754114e-56	13	NRG1	up
2.03201322290123e-60	2.15275672809661	0.77	0.249	3.81388561806332e-56	13	CRYBG1	up
3.23649123958073e-60	3.20146996835868	0.567	0.09	6.07457040756906e-56	13	SCHIP1	up
3.49233311654354e-60	3.44961945732537	0.551	0.07	6.55476002644057e-56	13	IGFBP2	up
1.00066490015441e-59	2.12581722101853	0.714	0.226	1.87814795109981e-55	13	PLEKHA5	up
1.82020052211924e-59	1.99172968845268	0.745	0.273	3.41633435996561e-55	13	TJP2	up
7.57364137680385e-59	2.37130277081566	0.592	0.137	1.42149675001231e-54	13	BMP1	up
7.89877734737903e-59	3.27010302571329	0.555	0.078	1.48252152032957e-54	13	EDARADD	up
4.50719329486735e-58	2.07602037756095	0.806	0.334	8.45955109513653e-54	13	MMP18	up
5.76824949990447e-58	3.07201497154289	0.536	0.084	1.08264274863707e-53	13	COL23A1	up
3.5111672782887e-57	1.55617500840917	0.822	0.389	6.59010986462006e-53	13	PLS3	up
3.48170700166238e-56	2.37033519880699	0.56	0.134	6.53481587142013e-52	13	ATP13A4	up
3.54503189382896e-56	2.87726680423373	0.595	0.104	6.65367036152758e-52	13	AMOTL1	up
4.28952142048444e-56	2.44484077100171	0.607	0.15	8.05100275410724e-52	13	DENND5B	up
1.945577364254e-55	3.53378294184463	0.521	0.064	3.65165415496832e-51	13	PCSK5	up
2.94920152795808e-55	3.57459024619162	0.533	0.058	5.53535634782452e-51	13	COL14A1	up
4.13162895006529e-55	1.6202790208582	0.793	0.381	7.75465437637754e-51	13	ITGBL1	up
7.67814397454864e-55	2.29120804502569	0.689	0.22	1.44111084258303e-50	13	PDLIM5	up
1.34538349196415e-54	1.99907475930113	0.731	0.248	2.52515027606751e-50	13	IGF1R	up
1.416999855163e-54	2.44061399489717	0.592	0.136	2.65956702815544e-50	13	GALNT3	up
1.83746980782285e-54	2.84012253026436	0.475	0.085	3.4487470823027e-50	13	NOS1AP	up
1.5339480477522e-53	2.08599309886846	0.722	0.243	2.87906709082611e-49	13	NFATC3	up
2.27517582130865e-53	2.30507299381291	0.67	0.172	4.2702774990142e-49	13	ARAP2	up
3.18375536495167e-52	3.11933264416981	0.511	0.08	5.97559044447779e-48	13	DDAH1	up
4.09430310624584e-52	2.64564562254904	0.548	0.112	7.68459750011282e-48	13	DAB2IP	up
4.83752390279716e-52	2.03299079967647	0.723	0.235	9.07954861315998e-48	13	HIFy	up
9.95434808556435e-52	2.32081062860086	0.65	0.198	1.86833159217957e-47	13	EXOC4	up
1.44453406676901e-51	3.21884314363502	0.46	0.064	2.71124598991875e-47	13	ADCYAP1R1	up
3.5060087272909e-51	1.79371612140809	0.772	0.348	6.58042778025229e-47	13	FLNA	up
2.01750108795665e-50	2.8107502067747	0.573	0.121	3.78664779198584e-46	13	EREG	up
2.17522676550702e-50	3.37462644751916	0.484	0.086	4.08268311618013e-46	13	LAMC2	up
3.30436820907623e-50	3.15141395172034	0.545	0.08	6.20196869161518e-46	13	NTF3	up
2.55559735885103e-49	2.49004827729774	0.562	0.137	4.79660068282749e-45	13	FOXP1	up
6.34097178836124e-49	2.61490836826767	0.611	0.135	1.19013699495752e-44	13	DAPK2	up
2.71218158950797e-48	2.84885893124419	0.472	0.091	5.0904936253475e-44	13	SH2D5	up
1.94729027254432e-47	2.48134164848661	0.604	0.14	3.65486911253843e-43	13	RPS6KA1	up
2.83699726431711e-47	2.51442814008376	0.501	0.113	5.32476016539679e-43	13	JAG1	up
3.74334858987306e-47	2.40605762253289	0.539	0.131	7.02589096833275e-43	13	RIPK4	up
7.57696561899397e-47	2.96988052692963	0.472	0.074	1.42212067702898e-42	13	ITGB6	up
1.40855829351264e-46	3.70703547082763	0.424	0.04	2.64372306109387e-42	13	COL4A6	up
2.37241142735197e-46	2.11146771734174	0.516	0.144	4.45277900799692e-42	13	SLC12A4	up
3.43501021966719e-46	2.95215272219973	0.521	0.085	6.44717068129334e-42	13	UNC13B	up
3.55921199015785e-46	2.29976114641771	0.55	0.138	6.68028498432727e-42	13	PLEKHG5	up
4.40017270896117e-46	2.36443966298289	0.487	0.108	8.25868415744922e-42	13	KIRREL1	up
5.11225066014952e-46	2.33574529054842	0.528	0.12	9.59518326403463e-42	13	SH3PXD2A	up
5.66815914430464e-46	2.81731762274477	0.56	0.121	1.06385678979454e-41	13	DNMBP	up
9.91439730383733e-46	1.80685516320386	0.709	0.268	1.86083322995723e-41	13	NECTIN1	up
1.00909957347954e-45	1.82740588115299	0.643	0.24	1.89397898946374e-41	13	ASAP2	up
1.73366802297312e-45	1.21152444992637	0.956	0.705	3.25392151231824e-41	13	LOC138504630	up
3.08011165779667e-45	1.88419490431304	0.588	0.188	5.78106157051856e-41	13	SHA	up
4.0283143611853e-45	2.37078851957333	0.526	0.13	7.56074322450868e-41	13	MBOAT2	up
4.23181951925667e-45	2.38166419796427	0.603	0.149	7.94270205569284e-41	13	KANK1	up
4.4477053709497e-45	2.48273705195842	0.564	0.13	8.3478982107355e-41	13	KIAA1217	up
5.19882838354187e-45	2.94825373052463	0.524	0.088	9.75768099306973e-41	13	ARHGEF10	up
7.2856607989932e-45	2.0380115870215	0.531	0.152	1.36744567536303e-40	13	PTPRZ1	up
2.16183607348646e-44	2.90918539034224	0.438	0.088	4.05755012632673e-40	13	LOC138569251	up
3.11470554408961e-44	2.47436481769804	0.556	0.132	5.84599083570178e-40	13	CARMIL1	up
2.47399389687436e-68	-1.53464480646515	0.735	0.939	4.64343914504348e-64	14	RPS15	down
5.22003841651911e-66	-1.72792521215835	0.705	0.939	9.79749010396471e-62	14	RPL39	down
5.72079237784494e-65	-1.62836138627362	0.665	0.929	1.07373552139772e-60	14	RPL35A	down
2.60525253448569e-64	-1.55539989705118	0.741	0.946	4.8897984819762e-60	14	RPL34	down
2.80694000666347e-63	-1.56082115787939	0.738	0.954	5.26834569850666e-59	14	RPL37	down
1.61358670194559e-62	-1.56524229494585	0.666	0.921	3.02854088088168e-58	14	RPS21	down
1.95820935257546e-62	-1.57634156821691	0.602	0.903	3.67536313384889e-58	14	RPL22	down
3.66980067212258e-62	-1.61523380578542	0.74	0.948	6.88784888150686e-58	14	UBA52	down
5.20401836482454e-57	-1.56006331589881	0.62	0.898	9.76742206893917e-53	14	RPL30	down
2.74117199465231e-56	-1.48570649663436	0.705	0.925	5.14490571676291e-52	14	RPS16	down
2.01215555219787e-55	-1.56480794964837	0.599	0.886	3.77661475592017e-51	14	RPL23A	down
6.64547508905637e-54	-1.52354450736067	0.627	0.891	1.24728921946499e-49	14	RPL9	down
1.57874251442746e-53	-1.35535346526679	0.724	0.931	2.9631418253289e-49	14	RPS24	down
1.51743447769384e-51	-1.52694160329411	0.616	0.887	2.84807277118356e-47	14	RPL37A	down
5.06648122743406e-50	-1.51270875053143	0.605	0.849	9.509278615771e-46	14	RPL10A	down
7.78086540209622e-50	-1.441798150283	0.628	0.89	1.46039062731944e-45	14	RPL18A	down
1.66525453026444e-45	-1.30792566950932	0.582	0.842	3.12551622785333e-41	14	RPL6	down
1.41779930942036e-41	-1.56787272300515	0.509	0.812	2.66106752385107e-37	14	RPL22L1	down
3.6410988597587e-41	-1.2888957291601	0.698	0.917	6.8339784498811e-37	14	RPS25	down
1.71537364964781e-40	-1.78059449783798	0.38	0.718	3.21958480302398e-36	14	PPDPF	down
4.23144792373009e-37	-1.38426200083839	0.433	0.734	7.942004608049e-33	14	RSL24D1	down
2.67292056939218e-31	-1.35210797099436	0.387	0.691	5.01680461669219e-27	14	LOC138510586	down
1.17518130109427e-30	-1.74085690776419	0.24	0.523	2.20569778402383e-26	14	SEC61G	down
4.9933018740038e-30	-1.58240260306053	0.511	0.759	9.37192828731773e-26	14	DBI	down
4.37239881765996e-27	-1.50567121065402	0.321	0.598	8.20655534086598e-23	14	RPL8	down
1.75837640860768e-26	-4.79147398639194	0.029	0.295	3.30029668131575e-22	14	BASP1	down
1.81103448966972e-26	-5.53271977790703	0.026	0.248	3.3991306336611e-22	14	TGFBI	down
3.90616432153221e-26	-2.64523381735431	0.111	0.385	7.3314798150838e-22	14	MSN	down
4.32822419587756e-26	-1.18565947168424	0.429	0.679	8.12364399324259e-22	14	UQCRH	down
4.82613651941513e-26	-1.83205135893344	0.31	0.609	9.05817563329025e-22	14	FTH1	down
3.88374715576793e-25	-4.24467672400154	0.221	0.493	7.28940503666084e-21	14	VIM	down
5.2278152686484e-25	-4.21992749396994	0.057	0.278	9.81208647772619e-21	14	COL5A1	down
2.10697839076843e-23	-1.16801838568405	0.468	0.692	3.95458774163326e-19	14	COX6C	down
2.78716584940004e-22	-3.42032490567255	0.133	0.347	5.23123158273894e-18	14	COL5A2	down
6.57669825232148e-22	-1.34111826488006	0.307	0.559	1.23438049497822e-17	14	MIF	down
3.50747851411997e-19	-1.12541609562765	0.454	0.698	6.58318642315178e-15	14	ATP5MF	down
5.68720288541205e-19	-1.38219129803686	0.24	0.492	1.06743110956299e-14	14	BTF3	down
1.31693397560631e-18	-1.27026318599903	0.254	0.493	2.47175337881548e-14	14	COX7A2L	down
2.32979090429941e-18	-1.11442984781625	0.348	0.579	4.37278454827956e-14	14	LOC138580477	down
1.24385630708293e-17	-1.07380128807819	0.392	0.615	2.33459390276396e-13	14	EEF1D	down
4.3954761071532e-17	-2.75034986840869	0.079	0.297	8.24986910551583e-13	14	ANXA5	down
8.24568544120513e-17	-1.16561699568408	0.293	0.536	1.54763270045979e-12	14	LOC138566164	down
1.28229005364066e-16	-1.24785149702985	0.2	0.409	2.40673020167815e-12	14	LOC138516165	down
1.66789853572888e-16	-1.07164570791668	0.33	0.538	3.13047876170953e-12	14	NDUFB1	down
3.23769783883343e-15	-2.39093339020985	0.076	0.278	6.07683507370647e-11	14	LITAF	down
8.6679586956935e-14	-7.16448350072879	0.203	0.422	1.62688916759471e-09	14	HBB	down
1.31663745317279e-13	-1.04318558693201	0.425	0.631	2.47119683586e-09	14	COX7B	down
2.36439015409926e-12	-7.2015797290339	0.185	0.39	4.4377238802289e-08	14	HBA1	down
3.24878529142229e-12	-1.62369808395175	0.207	0.409	6.09764511347049e-08	14	GNG5	down
3.28270633556646e-12	-1.39488080686699	0.184	0.41	6.16131152122469e-08	14	EIF3K	down
5.24413429069733e-11	-1.10912589255369	0.349	0.559	9.84271565020982e-07	14	UQCR10	down
4.16084139514047e-124	2.72836564540463	0.995	0.562	7.80948321453914e-120	14	TGM3	up
2.94506056561925e-110	2.2858122964101	0.985	0.472	5.52758417561077e-106	14	DSP	up
1.15646647359443e-96	2.10498026280395	0.966	0.464	2.17057192428938e-92	14	MYO10	up
8.68248856542148e-95	2.89815338663444	0.918	0.32	1.62961627884396e-90	14	A2M	up
2.69249952573169e-93	2.4657149026351	0.966	0.49	5.0535523598458e-89	14	EPPK1	up
1.29872947769374e-90	2.15813712821293	0.965	0.475	2.43758535668338e-86	14	DSG2	up
6.1235102371178e-89	2.06453400319646	0.946	0.423	1.14932163640464e-84	14	SPINT2	up
7.6986919072945e-89	2.74289000634702	0.932	0.367	1.4449674840801e-84	14	LPO	up
9.97573440517002e-89	1.98366350888494	0.994	0.581	1.87234559050636e-84	14	EPCAM	up
1.05404864411537e-87	1.96549340154889	0.99	0.564	1.97834390014013e-83	14	PINLYP	up
1.97799241416329e-85	2.13623340353214	0.947	0.423	3.71249396214308e-81	14	LIMA1	up
5.39807722044526e-81	2.21564534767579	0.915	0.332	1.01316511350537e-76	14	OTOA	up
9.57811159626585e-80	1.8353361405368	0.959	0.517	1.79771576550314e-75	14	PERP	up
6.04574930873712e-75	2.41165273589962	0.892	0.315	1.13472668775687e-70	14	DSC2	up
6.16585419593152e-68	1.93906442017786	0.862	0.328	1.15726917403439e-63	14	PKP1	up
2.12648362993973e-67	1.77651187261078	0.956	0.471	3.99119712503389e-63	14	CLDN7	up
2.65731834347517e-67	2.28188520954088	0.764	0.219	4.98752079886854e-63	14	EVPL	up
5.57677950110752e-66	2.36563605860617	0.823	0.279	1.04670574456287e-61	14	ENDOU	up
1.20913900888618e-65	2.58798690168245	0.77	0.222	2.26943300577847e-61	14	WFDC3	up
6.7765925616613e-64	2.38174160365891	0.776	0.232	1.27189865789821e-59	14	MALL	up
7.99755104164794e-64	1.84076462104287	0.894	0.412	1.5010603550069e-59	14	ACTN4	up
3.88499124513422e-63	1.56850298412217	0.998	0.677	7.29174006799242e-59	14	LOC138580807	up
1.46204427384877e-62	1.75400907885673	0.903	0.422	2.74411089758676e-58	14	CA5A	up
4.66673793806269e-62	1.53266684427729	0.946	0.533	8.75900043594987e-58	14	SDC1	up
2.10703352845119e-60	1.4253749803785	0.934	0.532	3.95469122955004e-56	14	CAPN1	up
4.97180429793532e-60	2.04539679380514	0.675	0.196	9.3315794867948e-56	14	PTPRF	up
5.17938107230571e-60	1.74105968171648	0.788	0.301	9.72118033461059e-56	14	KLF5	up
6.72008795534188e-60	2.03565230110175	0.857	0.346	1.26129330833812e-55	14	LOC138511169	up
7.11449146694379e-60	1.44816473614871	0.94	0.579	1.33531890343068e-55	14	AHNAK	up
4.49557993606288e-59	2.12364094191657	0.835	0.26	8.43775398199642e-55	14	CLDN4	up
5.69559333521473e-59	1.43351737776524	0.901	0.506	1.06900591308645e-54	14	CAST	up
1.33051242082951e-57	2.18904108429275	0.791	0.32	2.4972387626549e-53	14	LOC138521056	up
1.74302987805156e-57	2.95469993830287	0.594	0.124	3.27149277811497e-53	14	DSG4	up
5.05583851295543e-57	2.78367755876858	0.656	0.142	9.48930330496604e-53	14	NXPE4	up
6.06457894815816e-57	2.29313808168325	0.716	0.179	1.13826082277981e-52	14	LOC138472418	up
1.0869298909694e-54	2.34778344541793	0.718	0.191	2.04005871236046e-50	14	CAPN13	up
2.38588021218429e-54	2.06804504816294	0.676	0.187	4.47805857024869e-50	14	CGN	up
2.88790733415043e-54	2.07006339737344	0.787	0.332	5.42031327546694e-50	14	EMP1	up
1.05066136629391e-53	2.03846840135083	0.703	0.2	1.97198631839705e-49	14	FAM83B	up
4.05010139188997e-53	1.47779781708948	0.905	0.436	7.60163530243828e-49	14	SERPINB1	up
6.59851121366554e-53	2.10692943982069	0.69	0.208	1.23847456969289e-48	14	LOC138527095	up
8.81540586694492e-53	1.9777619931264	0.8	0.312	1.65456352716689e-48	14	MUC2	up
2.90300185765882e-52	2.02031019467502	0.738	0.241	5.44864418663983e-48	14	PPL	up
9.84917121563689e-51	1.67229020699364	0.833	0.422	1.84859094546289e-46	14	ATP2A2	up
1.50681849656513e-49	2.07369801982643	0.579	0.145	2.8281476362031e-45	14	MUC16	up
5.30176803963696e-49	1.90171736125088	0.721	0.219	9.95088843359461e-45	14	UPK1A	up
5.88742743857007e-49	2.0141797266274	0.593	0.165	1.10501125594522e-44	14	PATJ	up
8.39425403118766e-49	1.65580556069537	0.808	0.363	1.57551753911361e-44	14	EMP2	up
8.81796376848224e-49	1.79204452193871	0.729	0.269	1.65504361970643e-44	14	NECTIN1	up
1.87194474720083e-48	2.0103489538075	0.651	0.192	3.51345309602123e-44	14	ESRP2	up
1.90827233301241e-48	1.69521616132044	0.762	0.265	3.58163634183099e-44	14	SYTL2	up
3.49208944049598e-48	2.20380642711177	0.648	0.189	6.55430267086691e-44	14	LOC138569270	up
1.48291733004315e-47	1.50348131750282	0.901	0.571	2.78328753675799e-43	14	TCHH	up
2.16390953559167e-47	1.48988232368817	0.836	0.391	4.061441807352e-43	14	PLS3	up
2.28354322969806e-47	2.0776002463151	0.669	0.189	4.28598228782028e-43	14	TP63	up
2.43909650213922e-47	1.40477099967768	0.82	0.373	4.5779402248651e-43	14	TRIM29	up
2.81488327419862e-47	1.69970886945429	0.914	0.583	5.28325441734339e-43	14	KRT19	up
4.9079231638666e-47	1.55870365804468	0.798	0.303	9.21168098626122e-43	14	AVR4	up
2.69291576551741e-46	1.71821883039251	0.722	0.251	5.05433360029962e-42	14	LOC138570219	up
3.74717284567038e-46	1.55433979052874	0.809	0.363	7.03306871403873e-42	14	MYOF	up
1.65591431593486e-45	1.49235111181614	0.851	0.444	3.10798557957813e-41	14	MPEG1	up
1.78672031469907e-45	1.73321343615743	0.748	0.276	3.35349535865868e-41	14	ADCY4	up
1.90669047104036e-45	2.22712571697383	0.604	0.156	3.57866734509565e-41	14	MAL2	up
7.30296222148234e-45	2.34803627353521	0.545	0.116	1.37069297935002e-40	14	NECTIN4	up
2.26654103163206e-44	2.09939809832729	0.628	0.179	4.25407086227021e-40	14	LOC138456727	up
2.73650174651332e-44	1.69607980231855	0.642	0.226	5.13614012803086e-40	14	RAB27B	up
3.6631311556237e-44	1.31040886469581	0.995	0.792	6.87533086599012e-40	14	KRT1	up
1.48207070759583e-43	1.7933070602653	0.693	0.247	2.78169851108661e-39	14	TSPAN13	up
5.8858258800641e-43	1.73169291229581	0.66	0.232	1.10471065942923e-38	14	EGFR	up
1.01653871705473e-42	2.15480076061248	0.617	0.194	1.90794151804001e-38	14	ALOX15B	up
1.72882928028693e-42	1.25479892531809	0.869	0.465	3.24483967617054e-38	14	CAMP	up
2.84082344490024e-42	1.9440461303547	0.731	0.228	5.33194152373326e-38	14	PLEKHA5	up
3.33478284314994e-42	1.45889390901473	0.707	0.277	6.25905391830813e-38	14	TJP2	up
3.45834996494192e-42	1.57827149593978	0.733	0.3	6.49097704919948e-38	14	LRBA	up
4.11871645192941e-42	1.69539726785365	0.66	0.244	7.7304189086263e-38	14	CTNND1	up
3.81325916512774e-41	1.32090010554721	0.798	0.41	7.15710612702825e-37	14	ADAM10	up
7.05367685005233e-41	1.19240553350508	0.82	0.471	1.32390460798632e-36	14	CLTC	up
7.38388296258775e-41	1.91846576764244	0.629	0.191	1.3858809932481e-36	14	TTC39B	up
1.10696274892592e-40	2.27441951806474	0.513	0.113	2.07765838345905e-36	14	GDPD2	up
3.49396935369515e-40	2.30782979432027	0.587	0.2	6.55783107995042e-36	14	TGM1	up
3.63669021845279e-40	1.61042485617466	0.751	0.322	6.82570387101403e-36	14	MYCBP2	up
3.65674665150166e-39	1.95199527467518	0.641	0.185	6.86334779020346e-35	14	NPDC1	up
1.84760589281463e-38	2.15138674976806	0.579	0.146	3.46777150022378e-34	14	FAM3D	up
2.08575217137979e-38	1.52218832534844	0.64	0.262	3.91474825046273e-34	14	MX2	up
2.10143381548901e-38	2.054311234437	0.571	0.152	3.94418112829132e-34	14	PTPRZ1	up
2.94302177991846e-38	1.5820482667807	0.647	0.256	5.52375757872895e-34	14	FLNB	up
6.62681594014769e-38	1.59692205848304	0.692	0.26	1.24378708380632e-33	14	SCEL	up
1.35736176419652e-37	1.92014897200819	0.604	0.159	2.54763229522044e-33	14	ADGRF5	up
1.73742126292967e-37	2.40226075165884	0.602	0.182	3.26096596839269e-33	14	BR3	up
2.33686453341715e-37	1.70458675430822	0.588	0.189	4.38606104277066e-33	14	LOC138583127	up
5.04126184522223e-37	1.90048173246879	0.613	0.176	9.4619443572976e-33	14	ARAP2	up
8.19516081464757e-37	2.00516326368203	0.62	0.192	1.5381497333012e-32	14	CLDN1	up
1.82592575298285e-36	1.19427897935479	0.885	0.484	3.42708004577351e-32	14	CDH1	up
5.85559909980352e-36	1.91566544035983	0.606	0.186	1.09903739504212e-31	14	SPTBN2	up
6.52608426494031e-36	1.99778296884742	0.543	0.151	1.22488075568665e-31	14	GRAMD1C	up
1.13335754054959e-35	1.70654411674726	0.61	0.186	2.12719876785752e-31	14	PLCH2	up
1.56547184405944e-35	1.98824883079495	0.577	0.161	2.93823410411516e-31	14	SEMA4B	up
1.91653027372806e-35	1.78433039964773	0.848	0.551	3.5971356707602e-31	14	KRT15	up
1.92527377281275e-35	1.65941156916868	0.572	0.168	3.61354634419225e-31	14	LOC138569359	up
3.59141022315843e-35	1.67769069784583	0.583	0.213	6.74071784784606e-31	14	CYB5R1	up
4.26454018174968e-93	-2.16796424335595	0.709	0.955	8.00411546712596e-89	15	S100A11	down
6.65102046130871e-90	-1.98799394925651	0.649	0.954	1.24833003038303e-85	15	ANXA1	down
4.07993621419946e-74	-1.63970145196099	0.506	0.895	7.65763228043097e-70	15	HSPA8	down
1.52217813424277e-62	-1.94368112744751	0.427	0.823	2.85697614016026e-58	15	LOC138516040	down
8.15671319212745e-62	-1.61371914487613	0.732	0.939	1.5309334990304e-57	15	CFL2	down
8.95793664088206e-61	-1.72130758560184	0.389	0.846	1.68131512812715e-56	15	RAC1	down
1.59598178363248e-60	-3.60462197404932	0.084	0.548	2.9954982096998e-56	15	CRIP1	down
2.54859850984305e-60	-1.39945930591979	0.665	0.937	4.78346454312442e-56	15	HNRNPK	down
1.561769517135e-59	-2.4793378566102	0.207	0.707	2.93128520671069e-55	15	CD63	down
1.28435532484557e-58	-1.71314709774194	0.574	0.912	2.41060650920264e-54	15	LGALS4	down
1.06954257551225e-57	-2.90907916164947	0.152	0.636	2.00742445997895e-53	15	CD9	down
6.53311203442257e-57	-2.47912747225529	0.506	0.849	1.22619979774077e-52	15	S100G	down
7.21503781802134e-57	-2.00139481304262	0.403	0.827	1.35419044806443e-52	15	CAPG	down
6.19631428801825e-56	-2.15921783359346	0.23	0.651	1.16298622871815e-51	15	TAGLN2	down
1.33455865576633e-55	-2.60886317394184	0.112	0.604	2.50483314100783e-51	15	AHNAK	down
4.14650738133966e-54	-1.69592327436279	0.657	0.911	7.78257970403641e-50	15	DYNLL1	down
8.9401723169608e-54	-1.5706266345774	0.521	0.899	1.67798094217037e-49	15	SUGP2	down
1.74495571315228e-53	-1.9556701471714	0.348	0.763	3.27510737801551e-49	15	DBI	down
7.48086536018826e-53	-1.39780200382837	0.722	0.949	1.40408361945373e-48	15	ZA20D3	down
4.97414843924596e-52	-1.61165693821636	0.576	0.862	9.33597920562074e-48	15	S100A10	down
4.95304835070443e-51	-2.51637025119685	0.222	0.708	9.29637644943714e-47	15	ANXA2	down
4.5046992650066e-50	-1.62003709340027	0.357	0.752	8.45487005049088e-46	15	SRSF2	down
1.3311227641935e-49	-2.63118470143236	0.135	0.594	2.49838431611478e-45	15	TCHH	down
1.07852789842815e-48	-1.5416957714939	0.42	0.783	2.02428901255979e-44	15	SRI	down
5.08088127203959e-48	-1.56732661693381	0.417	0.797	9.53630605949112e-44	15	MYL12B	down
8.4411772218112e-46	-2.47380760036477	0.163	0.581	1.58432455276174e-41	15	HSP90B1	down
1.27919287813779e-45	-2.19953008968168	0.21	0.647	2.40091711297682e-41	15	ENO1	down
5.60918109179309e-45	-1.6675222242327	0.414	0.762	1.05278719911864e-40	15	ACTG1	down
8.52753521881875e-45	-1.75117237513151	0.347	0.746	1.60053308522009e-40	15	HNRNPH3	down
4.64313092884842e-44	-1.25090080218427	0.643	0.848	8.7146924403556e-40	15	GAPDH	down
5.7731268279303e-44	-1.27707541627895	0.465	0.803	1.08355817433424e-39	15	CALM1	down
2.18883983129393e-43	-2.51789836024677	0.2	0.576	4.10823347935558e-39	15	LOC138472551	down
2.38894255698032e-43	-1.46580122379964	0.452	0.798	4.48380628519636e-39	15	RBMX	down
2.96036566723945e-43	-3.15495443350048	0.096	0.488	5.55631032084173e-39	15	CAMP	down
6.38881610329855e-43	-1.6423797968625	0.345	0.737	1.1991168944281e-38	15	SRSF3	down
2.68197515553634e-42	-2.78292698270523	0.12	0.551	5.03379916942615e-38	15	LMNA	down
4.20693700727553e-42	-2.0017685923608	0.253	0.68	7.89600006895545e-38	15	VWA5A	down
2.18770302626148e-41	-2.5001841573831	0.154	0.576	4.10609980999017e-37	15	ZFP36	down
7.65174973162866e-41	-2.10897930220216	0.192	0.623	1.43615690712938e-36	15	ABRACL	down
1.44779540905885e-40	-1.49574129759137	0.436	0.748	2.71736720326255e-36	15	SNRPF	down
2.171985453448e-40	-2.49924170258693	0.348	0.691	4.07659949757656e-36	15	LOC138562538	down
4.13503235254294e-40	-1.94839557348128	0.231	0.662	7.76104222248784e-36	15	CAPNS1	down
1.09543594785529e-39	-2.80899230464021	0.111	0.516	2.0560237305296e-35	15	EPPK1	down
2.40147833458074e-39	-2.73812823286773	0.107	0.481	4.50733468617459e-35	15	DUSP1	down
4.59241424243882e-39	-2.3040544606867	0.182	0.589	8.61950229163342e-35	15	PINLYP	down
7.133143488203e-39	-1.39493151401424	0.694	0.909	1.33881970130082e-34	15	HMGB2	down
1.90904230013822e-38	-2.09800493053692	0.315	0.679	3.58308149312943e-34	15	ALDOA	down
2.84896527783012e-38	-2.36445393059219	0.143	0.542	5.34722292995936e-34	15	PERP	down
4.09297890333624e-38	-1.2603046727095	0.595	0.823	7.68211210367178e-34	15	COX6B1	down
7.69589546308147e-38	-1.58232039305746	0.4	0.724	1.44444261946576e-33	15	COX6A1	down
8.47643360834225e-38	-2.56662304929448	0.084	0.448	1.59094182394976e-33	15	JUND	down
2.70873869918813e-37	-1.49323772693669	0.385	0.694	5.08403166450621e-33	15	COX6C	down
3.12415585664582e-37	-1.65543180788669	0.235	0.616	5.86372812733853e-33	15	YWHAE	down
5.38898135778448e-36	-2.31381997065066	0.119	0.466	1.01145791104257e-31	15	PDIA6	down
5.44450608742319e-36	-2.01464445155195	0.16	0.552	1.02187934754846e-31	15	TARDBP	down
5.73732747093579e-36	-1.68933855415089	0.373	0.71	1.07683899301994e-31	15	GSTM1	down
6.30773758717058e-36	-3.42033395067074	0.12	0.434	1.18389926773605e-31	15	KRT8	down
8.29649352886801e-36	-1.45800972114006	0.374	0.758	1.55716887043324e-31	15	H3F3A	down
1.05726730931373e-35	-2.97747809893676	0.098	0.51	1.98438501285094e-31	15	FOS	down
1.23592810014421e-35	-2.82972900489221	0.106	0.454	2.31971345116067e-31	15	FGFBP1	down
1.54491721526128e-35	-1.96355468718604	0.188	0.535	2.8996551213239e-31	15	MGST3	down
1.64361322599033e-35	-2.30949389350269	0.142	0.526	3.08489766386124e-31	15	MYH9	down
1.66199857785439e-35	-1.38808704661471	0.443	0.73	3.1194051307749e-31	15	NDUFA4	down
5.58475921824848e-35	-1.87843316090632	0.432	0.748	1.04820345767306e-30	15	HMGN2	down
7.48353597479207e-35	-1.86899420912507	0.257	0.622	1.40458486710872e-30	15	CALR	down
9.63580834243459e-35	-2.38213890711352	0.161	0.557	1.80854486779155e-30	15	SDC1	down
1.02490399409427e-34	-2.44194434920832	0.233	0.604	1.92364230651553e-30	15	EPCAM	down
2.11254071145584e-34	-2.40512983080987	0.098	0.491	3.96502766133147e-30	15	JUNB	down
3.06006986861077e-34	-2.55152253255284	0.108	0.504	5.74344513639556e-30	15	TMEM176B	down
4.17075649422459e-34	-1.44286341739062	0.428	0.799	7.82809286401013e-30	15	TRIM39	down
5.61805202598793e-34	-2.09572248691864	0.134	0.493	1.05445218475767e-29	15	RTN4	down
1.07948777079134e-33	-1.87717268945863	0.199	0.561	2.02609059699827e-29	15	LGALS3	down
2.45038601674891e-33	-1.57600150011198	0.675	0.901	4.59912951483604e-29	15	unassigned-gene-2	down
2.46491788678661e-33	-2.30247123628994	0.102	0.431	4.6264043817098e-29	15	ARPC1B	down
2.95197592879484e-33	-2.87760309717968	0.132	0.467	5.54056362075503e-29	15	MPEG1	down
6.3936114324869e-33	-2.03794973494829	0.146	0.489	1.20001692976347e-28	15	MYO10	down
6.90006722816312e-33	-1.62851975908365	0.233	0.522	1.29507361805394e-28	15	SEC61G	down
9.18249608686655e-33	-1.66109062917497	0.283	0.654	1.72346269054398e-28	15	HSBP1	down
1.74720273775171e-32	-1.86147586814969	0.174	0.555	3.27932481848619e-28	15	CAPN1	down
1.98162190786617e-32	-2.20302524965879	0.1	0.419	3.71930615887401e-28	15	CORO1B	down
3.10465262820446e-32	-2.23712697101876	0.081	0.387	5.82712251787695e-28	15	SSUH2	down
4.1578312868262e-32	-1.88778991208411	0.172	0.529	7.8038335422441e-28	15	CAP1	down
7.84846617953675e-32	-1.43628776547397	0.471	0.762	1.47307861723725e-27	15	COX7A2	down
8.00412829497687e-32	-2.45494759205298	0.073	0.354	1.50229483968421e-27	15	EMP1	down
8.54920815378526e-32	-2.05377005929321	0.145	0.492	1.60460087838395e-27	15	PRDX5	down
1.27435023560944e-31	-1.88139072492509	0.231	0.577	2.39182795721536e-27	15	CYCS	down
1.36083135410933e-31	-1.05088147552922	0.562	0.829	2.55414436852781e-27	15	SET	down
1.59239544178949e-31	-1.97237156205557	0.253	0.626	2.98876700469469e-27	15	LDHA	down
1.84577793605997e-31	-2.05892648332957	0.27	0.608	3.46434060819095e-27	15	GSTM4	down
3.21445347083982e-31	-2.40013060837772	0.124	0.499	6.03320771941925e-27	15	DSP	down
4.51455554526685e-31	-2.68717476722065	0.281	0.568	8.47336930291136e-27	15	KRT15	down
1.01094211034464e-30	-1.47682155391483	0.259	0.595	1.89743724690586e-26	15	NUCKS1	down
1.80842267595783e-30	-2.56326324126766	0.09	0.414	3.39422852050525e-26	15	IFITM1	down
4.23273371000072e-30	-1.94752624886326	0.376	0.672	7.94441790030035e-26	15	S100A13	down
4.76564068691038e-30	-1.59422460910328	0.456	0.746	8.94463100526209e-26	15	H2AZ1	down
4.87302976428464e-30	-2.46748729872999	0.098	0.445	9.14618956458585e-26	15	ATP2A2	down
6.18427756787246e-30	-2.24325359412486	0.088	0.414	1.16072705671398e-25	15	PLS3	down
6.30567526763084e-30	-2.45603101569434	0.128	0.461	1.18351219098163e-25	15	SERPINB1	down
8.07292689458917e-30	-2.33269983937727	0.073	0.386	1.51520764884544e-25	15	EMP2	down
1.89857067088763e-29	-2.56910707713044	0.067	0.386	3.563427292189e-25	15	MYOF	down
1.35781565108493e-126	4.08617848180414	0.925	0.368	2.54848419552131e-122	15	HBA1	up
2.08941860471348e-125	3.22877031009892	0.911	0.134	3.92162977918673e-121	15	FTL	up
4.98543804713196e-122	3.60250832457777	0.848	0.073	9.35716867066197e-118	15	HEMGN	up
1.45413934409594e-116	3.67447691944434	0.921	0.401	2.72927413493368e-112	15	HBB	up
2.0409148792083e-108	2.05792412205534	0.916	0.304	3.83059313678605e-104	15	HBA2	up
1.59346226625638e-95	3.21536991111345	0.741	0.07	2.99076932753659e-91	15	ALAS2	up
2.080880961555e-93	3.91928187549342	0.714	0.059	3.90560547674258e-89	15	LOC138488375	up
2.49662475268262e-92	3.31150810419862	0.744	0.075	4.68591499831001e-88	15	PRDX2	up
1.28251973610917e-91	1.5891362186595	0.875	0.291	2.40716129270331e-87	15	HBBP1	up
4.48973134541868e-86	2.77965949655176	0.811	0.296	8.42677676221633e-82	15	NMRK2	up
5.71276323652662e-85	2.74923483102852	0.767	0.174	1.07222853186368e-80	15	MTHFD2	up
4.29170364855783e-80	3.8227405939121	0.601	0.056	8.05509857797818e-76	15	ANK1	up
1.19924097445187e-73	3.73223624893587	0.589	0.051	2.25085538494872e-69	15	MAPT	up
1.49957770804006e-70	2.71732080153567	0.702	0.173	2.8145574002204e-66	15	NCOA4	up
3.68529880954842e-68	2.98883972677941	0.619	0.098	6.91693733564143e-64	15	LOC138527766	up
4.62588478270708e-61	2.93642169227037	0.578	0.096	8.68232314866292e-57	15	CD274	up
1.51104745870209e-59	2.046530759707	0.739	0.297	2.83608497523795e-55	15	TSPO	up
2.8541346768769e-51	3.08701329747643	0.46	0.055	5.35692537503025e-47	15	TFR2	up
2.44156385633341e-49	3.7583626918993	0.464	0.039	4.58257120195218e-45	15	SUSD3	up
3.71360838719474e-48	3.29597225508417	0.444	0.059	6.9700715819258e-44	15	VIPR1	up
4.61103885425335e-46	2.66166842431367	0.525	0.128	8.65445882554811e-42	15	EPB41	up
1.92080308577743e-43	4.15548051672981	0.381	0.022	3.60515531169565e-39	15	GP1BB	up
1.07622179659069e-40	3.37029739480396	0.367	0.036	2.01996069002107e-36	15	RHAG	up
2.05427959133213e-39	3.50322469713201	0.345	0.035	3.85567736497127e-35	15	SLC4A1	up
2.89458262363789e-38	1.6436095562896	0.725	0.337	5.43284212630596e-34	15	PRDX6	up
6.73760840251628e-37	2.63492424290492	0.422	0.076	1.26458172106828e-32	15	HMBS	up
1.03175205172901e-36	3.01897257788088	0.394	0.058	1.93649542589017e-32	15	GYPC	up
1.7292473085165e-33	1.1563833965846	0.86	0.592	3.24562427335462e-29	15	FTH1	up
2.39821033377826e-33	3.30525333254154	0.304	0.032	4.50120097546842e-29	15	DEFB1	up
3.58024257916206e-33	1.49341569146935	0.616	0.306	6.71975729682928e-29	15	SF3B6	up
9.89625497884898e-27	3.66933746779412	0.23	0.019	1.85742809698017e-22	15	SLC10A4	up
6.05737083194295e-21	2.25157074616934	0.328	0.078	1.13690793144737e-16	15	UROD	up
4.56445957628497e-19	1.71237625179735	0.396	0.14	8.56703417872925e-15	15	BLVRB	up
5.75937953118552e-18	2.4095669508993	0.302	0.064	1.08097794420821e-13	15	UROS	up
5.9593085810602e-18	2.57450632819428	0.295	0.058	1.11850262757919e-13	15	BLVRA	up
3.74291475369613e-17	2.51107424977813	0.262	0.052	7.02507670121226e-13	15	TRAF3IP3	up
8.33070917636152e-46	-3.69708652825225	0.074	0.392	1.56359080531129e-41	16	LPO	down
2.02387747971205e-42	-2.35919971998317	0.284	0.584	3.79861564167155e-38	16	PINLYP	down
4.5132010089204e-42	-2.1905265026302	0.176	0.513	8.4708269736427e-38	16	RihA	down
3.2690725159575e-40	-2.44184797940388	0.401	0.688	6.13572220520062e-36	16	LOC138562538	down
8.15401882480761e-40	-2.05234891018909	0.276	0.601	1.53042779322814e-35	16	EPCAM	down
2.1008105210877e-39	-1.86169988662161	0.125	0.458	3.9430112670295e-35	16	GSTA4	down
6.90234590990092e-39	-2.42935096278894	0.129	0.486	1.2955013038293e-34	16	CAMP	down
1.69242090916499e-37	-2.23309937361279	0.181	0.496	3.17650480441177e-33	16	DSP	down
1.93685050678231e-37	-2.31550754448617	0.191	0.497	3.63527471617971e-33	16	DSG2	down
3.45426992174174e-37	-2.24061835685856	0.093	0.394	6.48331921611707e-33	16	TRIM29	down
2.85733862610687e-36	-1.49294294983459	0.348	0.651	5.36293886733998e-32	16	C2PH19orf33	down
5.93058863585262e-36	-1.6010016962585	0.425	0.67	1.11311218106318e-31	16	S100A13	down
1.03078373748057e-35	-2.09110706199013	0.157	0.458	1.93467799687728e-31	16	SERPINB1	down
2.99575323758161e-35	-2.17450370658656	0.162	0.494	5.62272925161693e-31	16	CLDN7	down
5.93198211902829e-35	-3.27013836619146	0.107	0.465	1.11337372392042e-30	16	MPEG1	down
2.59543346519227e-34	-3.28665338307344	0.077	0.369	4.87136907081936e-30	16	LOC138511169	down
4.15943218817879e-34	-2.49096015677941	0.314	0.582	7.80683827399277e-30	16	TGM3	down
1.02559636995272e-33	-2.08273708148861	0.123	0.439	1.92494182676426e-29	16	SERPINB5	down
1.07478444093698e-33	-2.86598129776304	0.058	0.357	2.01726291719461e-29	16	OTOA	down
2.62577233238857e-33	-1.68946666868598	0.232	0.559	4.92831209066012e-29	16	LGALS3	down
1.84675329424299e-32	-3.19989548449391	0.035	0.272	3.46617125796467e-28	16	LOC138570219	down
2.07329451842776e-32	-2.70241538022829	0.062	0.301	3.89136648163706e-28	16	ENDOU	down
6.0536875557801e-32	-3.15975753330814	0.039	0.284	1.13621661734437e-27	16	CLDN4	down
2.27583999949814e-31	-1.22301970432909	0.395	0.675	4.27152409505806e-27	16	VWA5A	down
3.03067859172633e-31	-2.52672399371291	0.083	0.37	5.68828064881115e-27	16	ASS1	down
5.48895381963035e-31	-2.89295914469244	0.072	0.324	1.03022174240642e-26	16	AVR4	down
8.99420102730036e-31	-2.02795683699438	0.177	0.444	1.68812159081401e-26	16	CA5A	down
1.68383131397503e-30	-1.70120919195438	0.188	0.475	3.16038299319973e-26	16	PGD	down
2.81257024600754e-30	-2.36989562637198	0.079	0.339	5.27891309473155e-26	16	DSC2	down
3.84856480173723e-30	-3.87403270761442	0.06	0.312	7.22337127638061e-26	16	PLAUR	down
8.57713054328267e-30	-2.71080356835704	0.083	0.333	1.60984163166872e-25	16	MUC2	down
2.32758784645603e-29	-2.82246850900071	0.096	0.345	4.36864962901333e-25	16	A2M	down
3.38158718234424e-29	-2.43633664634162	0.085	0.333	6.34690098254191e-25	16	TREX2	down
4.93204858112166e-29	-1.8431788685372	0.183	0.463	9.25696198190725e-25	16	LOC138582574	down
7.225040885735e-29	-2.03906710290868	0.155	0.447	1.3560679238436e-24	16	SPINT2	down
1.02457705925504e-28	-3.35115786171032	0.089	0.332	1.92302868251579e-24	16	LGALS3BP	down
4.50709573024122e-28	-3.42900836577766	0.052	0.271	8.45936797608975e-24	16	PSCA	down
6.4300020016021e-28	-2.58589830923851	0.099	0.379	1.2068470756807e-23	16	IFI27	down
6.47125388103625e-28	-2.57169941362614	0.109	0.383	1.21458964093169e-23	16	FABP2	down
8.79967782582047e-28	-2.9470805094157	0.046	0.26	1.65161153112824e-23	16	RBM47	down
2.24328222043519e-26	-3.50238257481267	0.059	0.264	4.2104163995348e-22	16	LOC138487720	down
3.3142789557463e-26	-2.15250777226793	0.342	0.571	6.22057017204022e-22	16	LOC138472551	down
5.50966871949535e-26	-1.85223637360037	0.308	0.588	1.03410972196208e-21	16	TCHH	down
5.54311193801395e-26	-1.84124052803464	0.136	0.418	1.04038667964584e-21	16	FXYD3	down
7.55850801618541e-26	-2.84941059524388	0.118	0.349	1.41865636955784e-21	16	AGR2A	down
1.47222114406094e-25	-3.5187684797969	0.024	0.241	2.76321186528797e-21	16	EVPL	down
2.33243108076604e-25	-1.31256454175619	0.284	0.57	4.37773989548977e-21	16	ZFP36	down
2.63164957689308e-25	-3.73386187637394	0.064	0.274	4.93934309087063e-21	16	FCGBP	down
3.35564527921051e-25	-2.41826923449806	0.051	0.279	6.29821062455021e-21	16	SCEL	down
4.20931233802625e-25	-2.37147690989269	0.051	0.267	7.90045832724147e-21	16	AP1S3	down
4.4175142451534e-25	-2.80283809071701	0.096	0.369	8.29123248672841e-21	16	TKT	down
6.24792664613422e-25	-2.20796328072358	0.242	0.511	1.17267335221293e-20	16	EPPK1	down
7.99289267941077e-25	-1.63984309482407	0.277	0.537	1.50018602699861e-20	16	PERP	down
9.00454052591531e-25	-1.58464478096828	0.219	0.489	1.69006221130904e-20	16	PRDX5	down
3.35467067357834e-24	-2.39069467567822	0.065	0.267	6.29638138723919e-20	16	TXNRD1	down
4.24286916363402e-23	-1.83246888460828	0.12	0.335	7.96344113322469e-19	16	LOC138528712	down
5.75759738280018e-23	-1.6900020204411	0.133	0.395	1.08064345277777e-18	16	TTN	down
8.47526591328632e-23	-1.13668011185449	0.292	0.523	1.59072265926471e-18	16	CAST	down
1.15848944849049e-22	-1.97091168874995	0.09	0.326	2.17436884587181e-18	16	ELF1	down
1.19778430476169e-22	-2.2408941474091	0.061	0.266	2.24812136160722e-18	16	TSPAN13	down
1.21116518460933e-22	-1.66618511455291	0.108	0.359	2.27323593499324e-18	16	NCCRP1	down
1.5313538693857e-22	-1.912202825395	0.088	0.322	2.87419807745001e-18	16	KLF5	down
1.871758265916e-22	-1.80787027796772	0.14	0.34	3.51310308929775e-18	16	UGDH	down
2.33032820461793e-22	-2.38588436997415	0.364	0.565	4.37379300724739e-18	16	KRT15	down
4.34031024636329e-22	-3.4019737056754	0.118	0.34	8.14632830139926e-18	16	LOC138521056	down
4.39813204016479e-21	-1.59142620949233	0.134	0.383	8.25485402618529e-17	16	MYOF	down
4.57030146366038e-21	-2.33029925019553	0.108	0.342	8.57799881714418e-17	16	LOC138487739	down
1.09209165451797e-20	-1.03313968770003	0.451	0.654	2.04974682636478e-16	16	CAPNS1	down
2.57092488400675e-20	-2.02380308539756	0.067	0.275	4.82536891479227e-16	16	UPP1	down
2.75894641263425e-20	-2.0485004204221	0.197	0.424	5.17826652187323e-16	16	SELENOP	down
4.32526089257367e-20	-1.36224408579125	0.143	0.368	8.11808216927151e-16	16	NT5C1B	down
4.80739718292338e-20	-2.20350302018537	0.092	0.351	9.02300377262889e-16	16	PKP1	down
6.25392244906014e-20	-2.20335919735849	0.06	0.261	1.1737987044641e-15	16	PPL	down
2.2010812169378e-19	-1.55896220871345	0.248	0.449	4.13120933607056e-15	16	FGFBP1	down
6.16332891775537e-19	-1.22054668585299	0.272	0.525	1.15679520457351e-14	16	CAP1	down
8.66129377605487e-19	-1.25973967363977	0.163	0.369	1.62563822882774e-14	16	CLEC2B	down
3.08222344496582e-17	-2.01663008967019	0.079	0.31	5.78502518385634e-13	16	EFHD2	down
4.06767208646121e-16	-1.12282101139635	0.233	0.438	7.63461373907904e-12	16	GSTT1	down
1.02430698800346e-15	-4.27095211499061	0.668	0.409	1.9225217857837e-11	16	HBB	down
1.47988719879996e-15	-1.39818956469838	0.169	0.428	2.77760028342764e-11	16	ARPC1B	down
3.06344377044045e-15	-1.69784366022386	0.113	0.318	5.74977761273968e-11	16	FAM162A	down
5.17274338413846e-15	-2.29096356796586	0.097	0.308	9.70872205768948e-11	16	WFDC5	down
2.12847477701816e-14	-1.10270561019043	0.325	0.55	3.99493430898538e-10	16	CAPN1	down
5.20558604010432e-14	-1.77424934025425	0.086	0.287	9.7703644386718e-10	16	ADH1A	down
2.74526985722527e-13	-4.26829357351151	0.606	0.378	5.15259699502611e-09	16	HBA1	down
9.64026337231601e-12	-1.01730485854347	0.247	0.455	1.80938103234999e-07	16	LAPTM5	down
2.54087890626342e-11	-1.19551509331597	0.293	0.494	4.76897561916582e-07	16	B2M	down
2.23805706512178e-65	3.92229712204502	0.515	0.048	4.20060930552706e-61	16	COL4A1	up
4.28138366372074e-58	3.83820735291392	0.498	0.049	8.03572899843745e-54	16	COL4A2	up
9.67618286637966e-55	1.50706263353699	0.701	0.207	1.8161227621908e-50	16	MDK	up
1.86237078587352e-52	3.08440066220711	0.494	0.108	3.49548372800601e-48	16	BHMT	up
4.10673861109601e-49	3.09821811789383	0.596	0.182	7.70793769916611e-45	16	TNC	up
5.13347011905798e-49	2.08986206928923	0.685	0.29	9.63501006645991e-45	16	CALM2	up
2.61405654240261e-43	2.82560533846211	0.404	0.073	4.90632272443546e-39	16	SORCS2	up
8.18504894853697e-43	2.82761291433528	0.458	0.089	1.5362518371509e-38	16	NID2	up
9.27624084757991e-42	1.50191290689619	0.602	0.194	1.74105764468227e-37	16	PFN2	up
2.71045855893736e-38	2.5822764904858	0.447	0.086	5.08725966926953e-34	16	CDH13	up
1.9668240766611e-37	1.37154044710795	0.673	0.279	3.69153210948522e-33	16	KRT18	up
3.3638164586992e-35	6.25452409498745	0.273	0.005	6.31354711133252e-31	16	CACNA2D4	up
1.55157692745835e-33	2.26317943785266	0.442	0.117	2.91215473514659e-29	16	RBMS3	up
1.79455835058591e-33	2.25711689799839	0.38	0.094	3.3682065682147e-29	16	MYH10	up
4.61829224468206e-33	2.76485029671703	0.395	0.109	8.66807271404375e-29	16	ADAMTS6	up
3.85913588457143e-32	3.39852257177665	0.301	0.039	7.24321214175212e-28	16	ARHGAP24	up
5.24798226358656e-32	7.00234290023779	0.255	0.004	9.84993791052562e-28	16	AGBL1	up
2.51473318226244e-31	4.71025817563553	0.262	0.013	4.71990270978838e-27	16	ITGA7	up
1.99877653424737e-30	2.66146629023108	0.374	0.071	3.75150367712889e-26	16	TANB	up
8.34451486909705e-30	2.35986574966838	0.374	0.1	1.56618199578083e-25	16	AXL	up
1.03453836051078e-29	7.90063625870255	0.23	0.001	1.94172504884268e-25	16	LOC138473120	up
1.57208912521837e-28	2.92211957362601	0.292	0.051	2.95065407912235e-24	16	ADAMTS12	up
4.02090229236187e-28	2.5652756933588	0.344	0.075	7.54683151253399e-24	16	PIK3R3	up
6.86850426280968e-28	2.35427903976622	0.324	0.076	1.28914956508675e-23	16	GPM6B	up
8.10525596665591e-26	3.72855705715793	0.235	0.02	1.52127549238165e-21	16	CHRDL2	up
8.96935980296311e-25	3.81094096488267	0.233	0.018	1.68345914141815e-20	16	LAMA5	up
3.73172094267206e-24	1.51934549831671	0.44	0.166	7.00406703730119e-20	16	CAV1	up
6.56902528160869e-24	2.05913611275389	0.315	0.075	1.23294035510513e-19	16	PRDM16	up
1.01591054269578e-22	2.58435472695633	0.281	0.057	1.9067624975857e-18	16	PDLIM4	up
2.63686399589746e-22	1.4779789704921	0.456	0.222	4.94913003389993e-18	16	RUNX1	up
3.10353747057081e-22	1.10285959192022	0.562	0.328	5.82502947851435e-18	16	TPM2	up
1.82194095310534e-21	1.71173831411553	0.323	0.116	3.41960097488341e-17	16	PEA15	up
2.31122212341835e-21	1.21264311488258	0.613	0.3	4.3379328034439e-17	16	LOC138487902	up
8.36898195318129e-20	2.02138874143621	0.345	0.118	1.5707742227926e-15	16	COL18A1	up
1.2056861565012e-19	2.21753955171488	0.288	0.061	2.2629523471371e-15	16	LAMA2	up
3.97587799898509e-19	1.93066771276523	0.315	0.097	7.46232541629511e-15	16	ENAH	up
1.01524834232616e-18	1.73288421096246	0.304	0.093	1.90551961371197e-14	16	CCDC80	up
5.70627105007826e-18	1.54854619330493	0.386	0.153	1.07101001338919e-13	16	TCF4	up
9.02242551059983e-18	2.42460456763428	0.264	0.064	1.69341904408448e-13	16	PAK1	up
5.57268862381748e-16	1.8066606807737	0.32	0.118	1.0459379278043e-11	16	TNS3	up
9.47198107856436e-16	1.75769084569611	0.368	0.164	1.77779612863574e-11	16	LAMC1	up
1.00636969421937e-15	1.83365349307497	0.324	0.108	1.88885527908033e-11	16	PLPP3	up
6.21283164531033e-14	1.83163193087323	0.295	0.086	1.1660863715083e-09	16	GLIS3	up
2.85369735138859e-13	1.1444362755634	0.398	0.191	5.35610455882125e-09	16	CRABP2	up
5.83602289205461e-41	-4.25337920802259	0.07	0.508	1.09536313660973e-36	17	EPPK1	down
1.56186698082458e-39	-3.28712460325009	0.193	0.596	2.93146813630965e-35	17	EPCAM	down
1.0898788644679e-36	-3.77054480601391	0.07	0.447	2.0455936407198e-32	17	FGFBP1	down
2.07703599233402e-34	-2.39713264700297	0.345	0.666	3.89838885401171e-30	17	S100A13	down
5.6714933665219e-32	-3.31792313227067	0.095	0.491	1.06448258996249e-27	17	DSP	down
6.75279279866102e-32	-2.81194921175095	0.123	0.498	1.26743168038069e-27	17	CDH1	down
2.73817017118121e-31	-2.55574528020234	0.342	0.684	5.13927159429002e-27	17	LOC138562538	down
4.24459430034673e-31	-3.68986558624517	0.076	0.48	7.96667904232079e-27	17	CAMP	down
4.55363429040753e-31	-2.70587457622812	0.142	0.492	8.54671619966589e-27	17	DSG2	down
1.34433994337872e-30	-1.87749861302476	0.351	0.703	2.52319163972752e-26	17	GSTM1	down
5.09724462877789e-29	-2.72342295018174	0.155	0.548	9.56701844375322e-25	17	SDC1	down
5.97298420924706e-29	-2.66272547535878	0.127	0.489	1.12106940623358e-24	17	CLDN7	down
5.16728451397129e-28	-3.32157590418036	0.038	0.352	9.69847630427272e-24	17	OTOA	down
9.60570383670542e-28	-2.25472789684725	0.168	0.533	1.80289455311124e-23	17	PERP	down
9.61216506851372e-28	-4.25172602830854	0.06	0.387	1.80410726170934e-23	17	LPO	down
2.69222172177874e-26	-2.41191146439694	0.278	0.579	5.05303094960652e-22	17	PINLYP	down
4.10434798042028e-26	-2.86906369948285	0.149	0.515	7.70345072445081e-22	17	GSTP1	down
7.0219515671163e-26	-3.63106149986177	0.089	0.459	1.31795008963206e-21	17	MPEG1	down
1.2037074301436e-25	-4.02779596032855	0.047	0.368	2.25923847563652e-21	17	PTGS2	down
1.46643254990566e-25	-2.69214294817755	0.066	0.389	2.75234725291794e-21	17	TRIM29	down
1.62049124439934e-25	-1.98834463111576	0.212	0.553	3.04150001661313e-21	17	LGALS3	down
1.89573862034235e-25	-4.23961536604526	0.07	0.345	3.55811181652055e-21	17	AGR2A	down
3.53590994416034e-25	-2.13133958609689	0.19	0.481	6.63654937419454e-21	17	MYO10	down
3.74069773304111e-25	-2.81716202114283	0.304	0.567	7.02091557514487e-21	17	LOC138472551	down
6.56472754215693e-25	-1.64323050068072	0.354	0.697	1.23213371238744e-20	17	ANXA2	down
1.71383094627653e-24	-2.41694384082328	0.139	0.439	3.21668930306642e-20	17	CA5A	down
4.88912450198799e-24	-2.57588609175116	0.297	0.577	9.17639777778126e-20	17	TGM3	down
3.72503124510909e-23	-2.12372631862121	0.285	0.601	6.99151114394526e-19	17	GSTM4	down
4.20601811750125e-23	-2.56573824361343	0.085	0.407	7.89427540473809e-19	17	PLS3	down
5.81126174041591e-23	-2.37249945864096	0.111	0.414	1.09071571605866e-18	17	FXYD3	down
5.90917515675406e-23	-4.01409998148818	0.057	0.32	1.10909308517117e-18	17	AVR4	down
1.1182222454394e-22	-3.06185973090157	0.149	0.427	2.09879133246521e-18	17	KRT8	down
1.93652063330208e-22	-4.06994794704861	0.016	0.286	3.63465557664468e-18	17	NECTIN1	down
3.90714038549621e-22	-3.59733912301006	0.063	0.364	7.33331178953784e-18	17	LOC138511169	down
4.24757756169862e-22	-2.82254538984307	0.073	0.365	7.97227832555214e-18	17	ASS1	down
4.72422287193246e-22	-2.78303788817104	0.108	0.378	8.86689390833004e-18	17	FABP2	down
6.79149174573315e-22	-2.02536268740138	0.13	0.433	1.27469508575666e-17	17	SERPINB5	down
8.90795316258161e-22	-4.13324032441568	0.019	0.268	1.67193372908494e-17	17	LOC138570219	down
1.50953900242816e-21	-2.97502565193657	0.076	0.341	2.83325375365742e-17	17	A2M	down
1.56091271110479e-21	-1.96953556229587	0.168	0.484	2.92967706747259e-17	17	PRDX5	down
3.57852197706432e-21	-1.96509533962759	0.222	0.528	6.71652789875202e-17	17	MGST3	down
3.69907959929652e-21	-3.6439773489983	0.025	0.277	6.94280249991964e-17	17	CLDN3	down
4.70355247781129e-21	-3.75745841487936	0.025	0.28	8.82809764560401e-17	17	CLDN4	down
5.12728552984663e-21	-3.01545002413833	0.063	0.335	9.62340221096915e-17	17	DSC2	down
9.34960479276865e-20	-3.96474697223218	0.035	0.267	1.75482732355475e-15	17	PSCA	down
9.39537959698865e-20	-2.51866636026226	0.079	0.379	1.7634187965588e-15	17	EMP2	down
1.05390358926844e-19	-3.28022055794083	0.022	0.245	1.97807164669794e-15	17	PLEKHA5	down
1.27880227219524e-19	-4.00648119111942	0.022	0.236	2.40018398468325e-15	17	UPK1A	down
1.40928034395422e-19	-2.96033627655583	0.041	0.275	2.64507827756768e-15	17	SCEL	down
2.37518399158641e-19	-2.46694248575438	0.044	0.292	4.45798283380853e-15	17	ADCY4	down
2.77148820740567e-19	-3.37177873643802	0.025	0.238	5.20180621647971e-15	17	EVPL	down
3.22245313456771e-19	-2.98566705468605	0.108	0.39	6.04822228827014e-15	17	TTN	down
5.08411778353458e-19	-1.87436456677489	0.184	0.458	9.54238066791604e-15	17	LOC138582574	down
1.01466653487321e-18	-2.87288399310613	0.044	0.295	1.90442761930353e-14	17	CADM1	down
1.06750290070419e-18	-1.41599445913318	0.285	0.569	2.0035961943317e-14	17	CYCS	down
1.26736487164058e-18	-2.05483110257499	0.168	0.442	2.3787171275822e-14	17	SPINT2	down
1.5096013278893e-18	-3.77782470272194	0.035	0.251	2.83337073231543e-14	17	MALL	down
3.4561175202235e-18	-3.5882281496964	0.025	0.264	6.48678697370749e-14	17	TXNRD1	down
4.65733214457538e-18	-2.33693495953437	0.063	0.286	8.74134670215352e-14	17	CDC42BPA	down
4.99295152096576e-18	-2.18955170754359	0.085	0.355	9.37127070970063e-14	17	NCCRP1	down
5.00552802364623e-18	-2.999447123733	0.038	0.279	9.39487554758161e-14	17	PHLDA2	down
7.13479389330689e-18	-3.07108516316974	0.032	0.263	1.33912946583477e-13	17	AP1S3	down
9.16151228041833e-18	-4.6563580439575	0.013	0.231	1.71952423991172e-13	17	ELF3	down
9.87824035389328e-18	-4.55578427529763	0.009	0.218	1.85404693202223e-13	17	HIC2	down
1.50805564983503e-17	-2.17877786367194	0.066	0.279	2.83046964917536e-13	17	PCDHGC3	down
2.13687273515961e-17	-3.98681481035392	0.016	0.247	4.01069643662107e-13	17	EGFR	down
2.25585159180466e-17	-3.67386837259402	0.038	0.286	4.23400785265817e-13	17	LRP1	down
2.43450778219326e-17	-2.47356187354704	0.063	0.318	4.56932765639853e-13	17	KLF5	down
3.07431918167061e-17	-2.31702429171646	0.089	0.346	5.77018967207756e-13	17	PKP1	down
3.25472998732517e-17	-2.25296447126824	0.06	0.281	6.10880271321062e-13	17	ASPH	down
3.47280168751593e-17	-2.39425114717863	0.07	0.332	6.51810148729865e-13	17	LOC138528712	down
3.83494252681426e-17	-2.02701839586221	0.108	0.351	7.19780362857768e-13	17	EZR	down
4.91494760018528e-17	-3.87114636372206	0.019	0.23	9.22486515078774e-13	17	MFAP2	down
9.2820758435758e-17	-2.69042378091123	0.377	0.587	1.74215281508074e-12	17	SPARC	down
1.57405255194398e-16	-1.84549358419479	0.196	0.47	2.95433923474365e-12	17	PGD	down
1.62206472160346e-16	-3.16011248148624	0.041	0.27	3.04445327597752e-12	17	PCDH7	down
2.45464602522014e-16	-3.63914793926501	0.025	0.258	4.60712512473568e-12	17	PPL	down
3.96826054779401e-16	-1.66418503917588	0.168	0.453	7.44802822215458e-12	17	SERPINB1	down
4.13455859703895e-16	-3.20366654406007	0.073	0.309	7.76015303078241e-12	17	LOC138487902	down
4.48386846418909e-16	-4.38591517261048	0.696	0.414	8.4157727204365e-12	17	HBB	down
6.06602869469052e-16	-4.25437506655215	0.019	0.219	1.13853292570646e-11	17	VWA7	down
7.22607710478489e-16	-2.51055965759404	0.054	0.299	1.35626241179708e-11	17	GLUL	down
9.74267982731959e-16	-1.06497243810454	0.446	0.684	1.82860357678961e-11	17	ATP5IF1	down
1.35252021231018e-15	-2.09443006239803	0.098	0.352	2.53854518648497e-11	17	PDE4B	down
3.06261325611097e-15	-1.94883784010037	0.161	0.441	5.74821882039469e-11	17	LIMA1	down
3.72166183949943e-15	-2.61862206038444	0.035	0.238	6.98518710655649e-11	17	NFIB	down
1.0997908695869e-14	-2.24833300309456	0.101	0.328	2.06419748312766e-10	17	TREX2	down
2.19652818642803e-14	-1.30216245444314	0.228	0.481	4.12266375310677e-10	17	CTNNB1	down
3.58003032184559e-14	-1.27532915008765	0.282	0.52	6.71935891107199e-10	17	CAST	down
3.6734983051747e-14	-3.10901994337436	0.095	0.328	6.89478896898239e-10	17	LGALS3BP	down
4.66962165421301e-14	-3.7453481837345	0.07	0.271	8.76441288279239e-10	17	FCGBP	down
1.17933008232493e-13	-1.09106453790029	0.31	0.546	2.21348463151566e-09	17	CAPN1	down
1.30934328253541e-13	-2.15203488199554	0.079	0.315	2.45750640699071e-09	17	FAM162A	down
1.5062156585242e-13	-3.34451001451229	0.085	0.307	2.82701616948407e-09	17	PLAUR	down
1.6812399274072e-13	-3.90000510691746	0.054	0.272	3.15551921975058e-09	17	COL5A1	down
1.73122060901558e-13	-1.99781749668542	0.13	0.337	3.24932796106135e-09	17	UGDH	down
1.8185422172396e-13	-3.74323373130297	0.076	0.3	3.41322188753701e-09	17	DCN	down
2.13213221545198e-13	-3.40245315076352	0.136	0.336	4.00179895518183e-09	17	LOC138521056	down
3.87714640188329e-13	-1.29948572325751	0.225	0.466	7.27701608169474e-09	17	KDELR2	down
5.32164331208521e-13	-1.83262083203726	0.085	0.291	9.98819233245273e-09	17	TJP2	down
2.58656553404137e-76	3.79127718648285	0.725	0.125	4.85472485084224e-72	17	SLC9A9	up
7.6547233374068e-64	3.31985121217957	0.69	0.142	1.43671502319788e-59	17	SRGN	up
7.91867184483807e-63	3.5364161150087	0.604	0.089	1.48625551855766e-58	17	ARRB1	up
8.39792465746227e-63	3.19168395701483	0.699	0.188	1.57620647895909e-58	17	JAK2	up
2.86762307980846e-61	2.9683218692093	0.693	0.165	5.3822417584925e-57	17	CELF2	up
1.21139605021428e-60	3.16369781700473	0.718	0.197	2.27366924664718e-56	17	STXBP5	up
6.44357238660298e-60	3.03600372001944	0.652	0.125	1.20939410124151e-55	17	UNC13D	up
7.10755867506934e-59	4.82138672835144	0.519	0.045	1.33401768772376e-54	17	TSPAN32	up
2.55474954999479e-58	4.22703197044655	0.535	0.07	4.79500943038522e-54	17	BTK	up
1.22383451531324e-57	4.34768063115066	0.56	0.073	2.29701500179142e-53	17	FCER1G	up
1.77676187939445e-54	3.42183164052789	0.57	0.083	3.33480437143544e-50	17	FLI1	up
5.63631553572984e-52	4.50676214851606	0.472	0.044	1.05788006290113e-47	17	PLEK	up
5.89941929648527e-51	6.92531396015172	0.411	0.006	1.10726200775732e-46	17	MYH11	up
7.54479148348556e-51	4.21653959662891	0.472	0.041	1.4160819135354e-46	17	TOX2	up
5.52552091085241e-49	10.1571779183554	0.373	0.001	1.03708501975789e-44	17	MPL	up
1.17469344249957e-47	3.18793852412711	0.478	0.055	2.20478212222745e-43	17	PTPN22	up
5.02296226684846e-47	1.00704703838028	0.946	0.482	9.42759787864788e-43	17	VIM	up
5.87821202079438e-47	2.93204117410973	0.595	0.152	1.1032816141829e-42	17	DOCK2	up
7.22373722438936e-46	2.978468656437	0.56	0.118	1.35582323964564e-41	17	ARHGAP6	up
2.12330993919844e-45	4.72819071469357	0.415	0.035	3.98524042488155e-41	17	GP1BA	up
2.66697458039444e-45	4.01211951423093	0.475	0.064	5.00564458994232e-41	17	RASGRP2	up
7.20429829687861e-45	2.95171622937305	0.5	0.093	1.35217474734115e-40	17	STX11	up
1.80851435074564e-44	6.82719687781138	0.358	0.007	3.39440058491449e-40	17	KLHL4	up
6.77082170677646e-43	2.48378642813177	0.525	0.102	1.27081552614487e-38	17	INPP5D	up
1.28083885925927e-42	3.46984498266202	0.535	0.111	2.40400645494372e-38	17	VAV3	up
2.39515436640461e-42	6.3871537968585	0.332	0.007	4.49546523030481e-38	17	CD226	up
6.56954699817472e-42	9.99627476558709	0.329	0.001	1.23303827608741e-37	17	GP9	up
4.62238805840514e-41	3.52295768008847	0.459	0.069	8.6757601468206e-37	17	GRAP	up
2.03413327223437e-40	1.37207225620102	0.858	0.623	3.81786473865669e-36	17	TPM3	up
3.68255055863921e-40	2.77792628318464	0.503	0.106	6.91177914350993e-36	17	SEMA7A	up
3.93717672129152e-40	2.40031702707019	0.528	0.117	7.38968698819206e-36	17	ARHGAP30	up
7.53180217067421e-40	3.37682103494431	0.392	0.048	1.41364394941384e-35	17	KLHL6	up
1.0335092153762e-39	3.78710851069847	0.373	0.036	1.93979344633958e-35	17	ABHD3	up
1.06481759096432e-39	8.49405565999394	0.323	0.004	1.99855613648093e-35	17	ITGA2B	up
1.58868305168906e-39	3.28805919513426	0.427	0.059	2.98179921971519e-35	17	CD200R1	up
3.60861720055809e-38	3.75210616294969	0.481	0.088	6.77301362372749e-34	17	ESYT1	up
6.29796523482334e-38	8.03980038869052	0.301	0.002	1.18206509492399e-33	17	ADGRG5	up
6.35209107177978e-37	4.36507959944181	0.405	0.056	1.19222397326235e-32	17	F2R	up
1.02584020526297e-36	2.40729572842926	0.576	0.145	1.92539948125807e-32	17	ELMO1	up
5.03936686348425e-36	3.40150163108052	0.522	0.179	9.45838766607359e-32	17	RASA3	up
1.84993355088196e-35	1.87739713455192	0.69	0.283	3.47214028165036e-31	17	AKAP13	up
4.16241072987285e-35	2.08858858018722	0.528	0.146	7.81242869889835e-31	17	SLAMF8	up
4.42410620991775e-35	6.50198444895326	0.285	0.007	8.30360494539462e-31	17	CD300LG	up
7.37227834978334e-34	3.83181839568535	0.389	0.05	1.38370292347084e-29	17	TESPA1	up
1.07757730805315e-33	3.32627820773591	0.453	0.097	2.02250484948496e-29	17	PRKCB	up
1.61678953343587e-33	6.2523713500063	0.278	0.012	3.03455227530579e-29	17	BLK	up
2.07417344308814e-33	5.77557499250544	0.282	0.006	3.89301613533214e-29	17	RBPMS2	up
5.79236559285203e-33	3.73967241817493	0.472	0.117	1.0871690981224e-28	17	PDE3A	up
1.46109064095309e-32	1.48887339930767	0.759	0.374	2.74232102400485e-28	17	MSN	up
2.4222563856748e-32	3.44276066150199	0.342	0.048	4.54633301027303e-28	17	FYN	up
3.08969617322511e-32	9.63602813437194	0.253	0.001	5.79905074752621e-28	17	LOC138525660	up
6.28549670599721e-32	8.57752921753068	0.256	0.002	1.17972487674862e-27	17	RTBDN	up
8.89971844785803e-32	5.41061827794481	0.31	0.025	1.67038815547847e-27	17	ANKFN1	up
9.75406481997026e-32	1.9171506360787	0.494	0.123	1.83074042606022e-27	17	NCKAP1L	up
1.56891936447158e-31	1.75943425018253	0.522	0.141	2.94470475517672e-27	17	PTPRC	up
2.01959106806913e-31	2.93796406240528	0.377	0.069	3.79057047565894e-27	17	PMP22	up
2.82386876414434e-31	3.34068875224212	0.332	0.052	5.30011928342251e-27	17	BCL2	up
2.98084953592068e-31	3.86747365584167	0.316	0.055	5.59475649396953e-27	17	HPCAL1	up
1.48618579825019e-30	10.3490727410608	0.241	0.006	2.78942212473578e-26	17	MCPT1	up
4.60985320555681e-30	6.88400571608309	0.253	0.004	8.65223348150958e-26	17	ESAM	up
1.00168983782287e-29	10.0026780327768	0.234	0.001	1.88007165660974e-25	17	HDC	up
1.72060289467864e-29	2.38804714094318	0.421	0.118	3.22939957302233e-25	17	PIK3CD	up
2.52391730120763e-29	7.42913737763801	0.253	0.002	4.73714038263659e-25	17	IL23R	up
3.61912245062032e-29	2.41265719969393	0.415	0.107	6.79273092756927e-25	17	RGS1	up
5.13219234979086e-29	8.22703197044655	0.234	0.004	9.63261182132247e-25	17	LOC138492259	up
5.18086878872444e-28	5.94346917276822	0.237	0.008	9.72397262955691e-24	17	LOC138472433	up
7.38528909408342e-28	2.03069505963645	0.516	0.173	1.38614491006852e-23	17	ATP2A3	up
7.75421632478504e-28	3.90679222571196	0.282	0.026	1.4553888619989e-23	17	XIRP2	up
1.03769316850369e-27	3.88910339686547	0.342	0.053	1.94764630796457e-23	17	ALS2	up
1.66769484748761e-27	4.47007490109288	0.282	0.03	3.13009645924949e-23	17	GP1BB	up
1.79211375412553e-27	5.98372396945677	0.282	0.028	3.36361830511821e-23	17	ANGPT2	up
2.49945147166839e-27	5.03383424164856	0.259	0.013	4.69122046717441e-23	17	GATA1	up
3.41090570080327e-27	2.67320289065169	0.383	0.099	6.40192890983765e-23	17	RETREG1	up
3.5427340295432e-27	3.04102539379022	0.396	0.078	6.64935750004964e-23	17	ARHGAP25	up
3.72383395801606e-27	3.90225500192009	0.373	0.07	6.98926395580034e-23	17	KIAA0513	up
5.47877989070922e-27	2.50039110816499	0.354	0.07	1.02831219768721e-22	17	SPN	up
5.48264437941425e-27	3.58104003632783	0.256	0.029	1.02903752357226e-22	17	PALM	up
5.49335632961706e-27	3.48475968397376	0.316	0.047	1.03104804950583e-22	17	FERMT3	up
8.15878791466544e-27	2.32431780631525	0.354	0.086	1.53132290370356e-22	17	LBR	up
1.18159859883628e-26	6.51117865801973	0.237	0.01	2.21774241015581e-22	17	RGS13	up
1.41827123068158e-26	2.64056084777375	0.323	0.058	2.66195327286625e-22	17	BCAS4	up
1.4993710777288e-26	2.04406634464064	0.623	0.355	2.81416957578918e-22	17	RAP1A	up
2.12757081722552e-26	5.67974667286927	0.231	0.007	3.99323766685057e-22	17	LOC138526107	up
3.87377801297811e-26	3.24846914110884	0.272	0.033	7.27069395255862e-22	17	GRAP2	up
5.28633176582359e-26	3.19576490984711	0.323	0.056	9.9219160912743e-22	17	PTGIR	up
1.25592265554394e-25	9.57529421314737	0.203	0.001	2.35724123219042e-21	17	LOC138562543	up
1.25815293518517e-25	8.2405554145463	0.203	0.002	2.36142724404905e-21	17	TRBC1	up
1.35189531383953e-25	2.55024508816839	0.364	0.081	2.53737231454542e-21	17	LCP2	up
1.99277730217314e-25	4.64714045927281	0.218	0.011	3.74024371844876e-21	17	PARVB	up
2.11327983677077e-25	2.43338446780954	0.37	0.072	3.96641492563505e-21	17	MYO1G	up
2.2091207872513e-25	3.39905543777286	0.373	0.091	4.14629880559196e-21	17	GRK4	up
2.29050770729009e-25	5.39282514555854	0.345	0.074	4.29905391581277e-21	17	CYR61	up
2.77516292653681e-25	10.1235806218336	0.206	0	5.20870329681693e-21	17	LOC138515659	up
5.7927849306685e-25	6.91302439139895	0.209	0.003	1.08724780363717e-20	17	GUCY1A1	up
6.76104155211941e-25	2.28230641231385	0.396	0.108	1.26897988891729e-20	17	ARHGAP20	up
7.76797218569219e-25	2.46236546163302	0.424	0.108	1.45797069953257e-20	17	SLCO3A1	up
1.42056859278666e-24	4.79407256317044	0.212	0.011	2.66626519180128e-20	17	ITGA1	up
1.5466890239708e-24	5.48249315657554	0.222	0.009	2.90298062909079e-20	17	GUCY1B1	up
2.34935188536978e-24	2.04607524461404	0.522	0.243	4.40949855365054e-20	17	TLN1	up
2.70806374576073e-24	3.00144774462039	0.313	0.049	5.08276484441832e-20	17	VSG	up
