p_val	avg_log2FC	pct.1	pct.2	p_val_adj	cluster	gene
1.05747934375936e-133	8.90958555296931	0.908	0.004	1.26622576621746e-129	1	RELN
8.61613513521076e-128	7.82999007938792	0.908	0.026	1.03169602109014e-123	1	HAPLN3
2.14309343454929e-114	4.4435678571139	0.966	0.188	2.56614007852932e-110	1	MRC1
3.40882312760804e-94	4.17259525533239	0.861	0.129	4.08172481299787e-90	1	NRP2
4.22366796836886e-92	5.03220040570813	0.718	0.035	5.05742002532487e-88	1	UNC5B
2.05696784139036e-90	6.06018729123774	0.693	0.021	2.46301329328081e-86	1	NFIX
7.69333927352745e-86	3.68234977205712	0.933	0.335	9.21200444612177e-82	1	CTSL
1.60768050015131e-81	6.4144290108633	0.613	0.013	1.92503663088117e-77	1	PROX1
5.4541375370418e-79	6.09447694017322	0.613	0.015	6.53078428685385e-75	1	FGF10
3.03496299437272e-76	6.99189948599163	0.576	0.006	3.6340646894619e-72	1	PDPN
1.05225928011562e-75	4.92471754684001	0.622	0.028	1.25997526201045e-71	1	SRGN
1.88644937535351e-75	-5.32392812070775	0.034	0.809	2.2588344820483e-71	1	CD34
1.80089627458544e-71	-3.06231719307616	0.513	0.945	2.15639319918861e-67	1	PMP2
3.585474713945e-69	4.30582545679402	0.613	0.043	4.29324742247774e-65	1	GPNMB
7.89492443925514e-67	2.76101721404735	0.861	0.31	9.4533825235641e-63	1	MMRN1
5.8254033007613e-66	3.78317285786821	0.668	0.083	6.97533791233158e-62	1	FLT4
6.4223785850008e-66	8.91424693033917	0.504	0.002	7.69015611767996e-62	1	STAB2
1.29731070248192e-60	2.27373887530829	0.899	0.425	1.55339983515185e-56	1	FAM107B
1.46402170693623e-59	-5.1747705805341	0.042	0.724	1.75301959188544e-55	1	RAMP3
2.02436172118495e-59	5.23057956233301	0.504	0.018	2.42397072494686e-55	1	SEMA3A
5.77259910121004e-57	4.96754515649922	0.492	0.025	6.9121101637889e-53	1	GAS7
1.597504729635e-55	2.97310677277774	0.71	0.162	1.91285216326495e-51	1	CADM1
3.10959632431717e-54	3.67704151435723	0.601	0.076	3.72343063873738e-50	1	NR6A1
3.12372590254201e-54	-7.2161225291552	0.004	0.667	3.7403493957038e-50	1	ESAM
4.92857445147933e-52	2.15877800659028	0.962	0.652	5.90147504820135e-48	1	PRSS23
1.56755609214889e-51	5.0820411443309	0.445	0.017	1.87699166473908e-47	1	SNCA
3.05091719362907e-50	1.76824196779865	0.903	0.474	3.65316824765144e-46	1	SPARC
9.09712084010312e-50	3.89044515246643	0.534	0.057	1.08928924939395e-45	1	FGL2
3.89888200350043e-49	2.55456110417261	0.714	0.198	4.66852131099141e-45	1	IQSEC1
5.7360150919373e-49	2.51926770783689	0.735	0.233	6.86830447108572e-45	1	ADD3
1.09677070097637e-48	3.60986426502342	0.525	0.056	1.31327323734911e-44	1	PDGFC
1.14825742210824e-48	5.2596109018112	0.403	0.012	1.37492343723241e-44	1	DOCK5
3.25633520236725e-48	4.30582545679402	0.412	0.019	3.89913577131454e-44	1	ITGB3
9.7308928658186e-46	-4.68642626998157	0.038	0.606	1.16517711175312e-41	1	JAG2
1.61208676395596e-45	-5.48289287589644	0.021	0.59	1.93031269116087e-41	1	NOS3
1.14890062052721e-44	-3.45316782090766	0.109	0.679	1.37569360301928e-40	1	KDR
1.48202306330579e-44	2.90942454688233	0.634	0.153	1.77457441600235e-40	1	APCS
1.7505061590254e-44	-1.84957566711012	0.521	0.896	2.09605607481701e-40	1	KRT18
3.10002775240732e-44	-5.48123365197474	0.017	0.555	3.71197323073253e-40	1	SLC29A1
1.70488084050998e-43	3.19624884081377	0.555	0.103	2.04142431842665e-39	1	EXOC6
8.45302723399187e-43	-4.1840977465566	0.109	0.648	1.01216548099819e-38	1	AQP1
9.95506350427602e-43	-6.60853891103466	0.008	0.57	1.19201930400201e-38	1	PLCB1
3.57049460001133e-42	-5.08979792949827	0.021	0.556	4.27531023405357e-38	1	NRP1
1.15034440922174e-41	5.04184471111594	0.382	0.014	1.37742239560211e-37	1	PLCE1
1.20400165474291e-41	2.27607811339997	0.782	0.35	1.44167158138916e-37	1	STAB1
1.72966687087691e-40	-3.23306400886191	0.122	0.647	2.07110311118801e-36	1	KIAA1217
2.26206800899623e-40	2.95431425040315	0.538	0.109	2.70860023397209e-36	1	CLCA1
2.53881306634295e-40	2.79012561850998	0.588	0.127	3.03997476563905e-36	1	SERPINE2
6.16560046762267e-40	3.80001020744182	0.437	0.044	7.38268999993138e-36	1	ENPP2
1.87584239688094e-39	3.69423912944792	0.454	0.052	2.24613368602524e-35	1	VEGFA
5.4111599646431e-39	6.22308502578609	0.328	0.004	6.47932294166365e-35	1	ABLIM2
1.6574037205575e-38	4.93580307370562	0.353	0.014	1.98457521499555e-34	1	PGF
4.41029429330041e-38	-4.32535159890996	0.034	0.548	5.28088638679791e-34	1	ARHGEF9
7.23278133073223e-38	-1.499380998685	0.634	0.902	8.66053236541877e-34	1	KRT8
1.50205550767432e-37	-1.97854883538356	0.391	0.833	1.79856126488923e-33	1	PLVAP
2.19400493619071e-37	1.59987505570797	0.861	0.556	2.62710151059476e-33	1	MARCKS
2.72504160433882e-37	-4.50142882733386	0.029	0.515	3.2629648170353e-33	1	CD93
4.12590064546641e-37	-3.39120414620458	0.097	0.592	4.94035343288148e-33	1	COL4A1
1.19404967798154e-36	3.66284961096731	0.416	0.046	1.4297550844151e-32	1	EMILIN1
1.55585921512172e-36	-3.1959634867152	0.197	0.66	1.86298582418674e-32	1	INSR
2.48720943409943e-36	4.18576339958035	0.391	0.031	2.97818457639066e-32	1	MAFB
4.79997057282723e-36	2.31496712679357	0.576	0.141	5.74748476390332e-32	1	EPB41L2
5.68292239474391e-36	-2.8346304720702	0.168	0.668	6.80473127546636e-32	1	PODXL
1.82810711768102e-35	-3.56037162857415	0.076	0.542	2.18897546271125e-31	1	COL4A2
3.29465010710426e-35	-1.53266869978431	0.643	0.9	3.94501403824664e-31	1	CRIP1
4.01240992537084e-35	-7.59837009331637	0	0.464	4.80445964463904e-31	1	APLNR
5.42264002507081e-35	3.44191962770935	0.437	0.06	6.49306916601979e-31	1	GAS6
1.42533764677144e-34	1.78299615445188	0.697	0.251	1.70669929824413e-30	1	VAV3
1.60418192980164e-34	5.43253839141504	0.294	0.01	1.92084744274449e-30	1	LOC138577431
5.55662632505456e-34	-3.00477154727441	0.16	0.618	6.65350436162033e-30	1	ARL15
7.07420522955383e-34	-3.12007771113937	0.097	0.602	8.47065334186775e-30	1	SPACA4
8.45101569439748e-34	6.18886931044817	0.269	0.003	1.01192461924715e-29	1	CXADR
1.39650641478425e-33	4.08343303545757	0.366	0.028	1.67217678106266e-29	1	LRG1
1.55692383994152e-33	2.8416884236289	0.534	0.126	1.86426060594597e-29	1	CEMIP2
8.62622959935332e-33	3.31913171325712	0.391	0.042	1.03290473222657e-28	1	PLEKHG4B
9.33354456273816e-33	1.72483415825826	0.706	0.287	1.11759862594227e-28	1	SMAD1
2.73150897723095e-32	1.03429381386463	0.979	0.749	3.27070884933634e-28	1	VWF
3.5282221217403e-32	4.98979796334635	0.294	0.012	4.22469316857184e-28	1	GALR1
1.18733177989133e-30	-3.40489036389516	0.071	0.513	1.42171107324188e-26	1	FCN1
1.70279962531005e-30	2.04591135660613	0.584	0.187	2.03893227134625e-26	1	CEBPD
3.0843626933474e-30	2.37254592466868	0.504	0.131	3.69321588901417e-26	1	LGALS9
3.21158354603673e-30	-6.25426850084847	0.004	0.43	3.84555013802438e-26	1	PCDH1
3.49718593232362e-30	6.5043711361761	0.248	0.002	4.1875304353643e-26	1	CYGB
1.72503226067227e-29	-4.8134183079529	0.017	0.425	2.06555362892898e-25	1	EPAS1
1.76025020424453e-29	1.0880748504629	0.937	0.788	2.1077235945624e-25	1	ITGBL1
2.1215586810663e-29	-3.21209904660453	0.071	0.47	2.54035436470878e-25	1	EZR
1.54099653413519e-28	-2.28512977420827	0.256	0.678	1.84518924997347e-24	1	CD2
2.53938005323374e-28	1.89776634169795	0.639	0.247	3.04065367574208e-24	1	ZNF521
3.29102903980097e-28	5.08933363689726	0.252	0.008	3.94067817225769e-24	1	DPP4
3.47202981221926e-28	-4.37583593252499	0.034	0.423	4.15740849715134e-24	1	PDGFD
7.66108941397092e-28	1.77774748623136	0.643	0.256	9.17338846428878e-24	1	ADD1
7.7978510934384e-28	2.64810661363755	0.349	0.062	9.33714689928314e-24	1	ELN
1.2355276847478e-27	-2.58426989627152	0.16	0.56	1.47942084971701e-23	1	LOC138567840
1.27720167874737e-27	1.83748397774604	0.592	0.208	1.52932129013209e-23	1	GALNT1
1.43169021507386e-27	3.22308502578609	0.336	0.04	1.71430586352943e-23	1	RALGDS
2.52062078530985e-27	-4.88543943099208	0.013	0.393	3.01819132833001e-23	1	MCAM
2.98254418729522e-27	-2.84558578487901	0.113	0.532	3.5712984098673e-23	1	DLK1
3.90866982860957e-27	-4.81802650958307	0.025	0.435	4.6802412527771e-23	1	TACR1
2.81419993559461e-26	6.81803161507986	0.21	0.001	3.36972300288098e-22	1	CHAD
3.00041604175422e-26	1.78873238321011	0.613	0.249	3.5926981683965e-22	1	SERPING1
8.76721492059142e-26	-7.13270652096756	0	0.366	1.04978631459162e-21	1	SMAD6
1.2302857411374e-25	3.45647644607179	0.277	0.027	1.47314414643792e-21	1	RNF152
1.31965970813103e-25	2.27555244568022	0.378	0.093	1.5801605345161e-21	1	ARHGAP6
1.98820754278008e-25	-4.82654574193851	0.017	0.406	2.38067971172487e-21	1	LHFPL7
2.22548791154627e-25	7.00444473931075	0.21	0.001	2.66479922528551e-21	1	TC2N
3.4702029095135e-25	2.58683329636808	0.353	0.067	4.15522096385147e-21	1	ASAP3
4.23525509187458e-25	-2.21397877982276	0.113	0.5	5.07129444701063e-21	1	DYSF
9.59499796472316e-25	5.84269366931413	0.218	0.003	1.14890505629595e-20	1	ANKRD6
1.40853195638291e-24	-3.12491404744285	0.067	0.447	1.6865761645729e-20	1	ADGRL2
1.88146820101475e-24	-1.65176978790588	0.353	0.675	2.25287002389506e-20	1	PECAM1
2.10006201202436e-24	3.14952841881601	0.353	0.058	2.51461425319797e-20	1	ADAM8
2.31585160022856e-24	1.98919696561181	0.496	0.145	2.77300070611368e-20	1	CD53
2.91348218758885e-24	0.786742027107497	0.992	0.961	3.48860357141889e-20	1	COX1
4.43657126080831e-24	1.96766380406217	0.466	0.146	5.31235042769187e-20	1	FN1
5.61617415777518e-24	2.09331715081576	0.441	0.114	6.72480693652e-20	1	GPX3
5.79671900099462e-24	4.93733054345221	0.218	0.008	6.94099133179096e-20	1	SEMA3D
7.86934361582408e-24	-5.15195440556084	0.008	0.333	9.42275204558775e-20	1	PCDH17
9.94169223688112e-24	-2.21387631204752	0.13	0.497	1.19041822844414e-19	1	ITGA6
1.03325886550439e-23	5.17506351092314	0.21	0.006	1.23722416555496e-19	1	ARHGEF25
1.24192198954796e-23	1.4508909433089	0.664	0.339	1.48707739028473e-19	1	ECE1
1.5024720717961e-23	1.73475830811005	0.483	0.159	1.79906005876864e-19	1	LBR
2.57596400971425e-23	-2.9889654513289	0.067	0.443	3.08445930523185e-19	1	ACVRL1
2.60702798723471e-23	1.92710019815101	0.605	0.261	3.12165531191484e-19	1	TSPAN18
2.81723701177381e-23	1.96005061995229	0.613	0.275	3.37335959789796e-19	1	GSTP1
3.67002612052939e-23	1.58623578339996	0.584	0.242	4.39448927672189e-19	1	KALRN
7.9330940292012e-23	2.76503463754715	0.361	0.072	9.49908679056552e-19	1	SLC7A8
8.32776832550491e-23	-1.71048761247494	0.227	0.611	9.97166979295958e-19	1	PTGS2
8.38316705972269e-23	2.6058683260603	0.437	0.118	1.0038004237312e-18	1	HMOX1
9.30068075858535e-23	5.28197871483965	0.189	0.004	1.11366351403301e-18	1	P2RY4
1.01429537791843e-22	-5.90722811975737	0.004	0.353	1.21451728551953e-18	1	ARHGEF28
1.09880672768546e-22	2.90882529659712	0.286	0.042	1.31571117573057e-18	1	SEMA5B
1.58888228806755e-22	-3.76786983461091	0.029	0.36	1.90252765173208e-18	1	F8
1.70883017230527e-22	2.7820523179743	0.319	0.054	2.04615324831834e-18	1	ADAMTSL3
2.44710326258169e-22	-6.63986222223483	0	0.31	2.93016144661531e-18	1	MECOM
2.45608347447118e-22	2.18852780374972	0.471	0.158	2.9409143523318e-18	1	SELENOP
2.65371064552858e-22	3.98241843298075	0.239	0.016	3.17755312695593e-18	1	MYO7A
3.08311117272341e-22	6.51463947162993	0.185	0.001	3.69171731821901e-18	1	NPNT
3.45425220260666e-22	-4.01722930354762	0.042	0.365	4.13612158740122e-18	1	RHAG
9.26831003028363e-22	-4.0916114998702	0.021	0.336	1.10978744302616e-17	1	PTGIS
2.66068490773205e-21	1.50881247895788	0.613	0.29	3.18590410851836e-17	1	LOC138487737
3.73579939456437e-21	1.47182877406949	0.584	0.257	4.47324619505138e-17	1	FCHSD2
7.29946744121953e-21	2.3701389032594	0.353	0.071	8.74038231411627e-17	1	CTSZ
8.89888502734391e-21	-1.87645064776483	0.197	0.566	1.06555249317416e-16	1	GNAI2
9.9178418118765e-21	-6.50347375331889	0	0.289	1.18756237855409e-16	1	SUSD1
1.07033166123986e-20	1.86639151273805	0.471	0.167	1.28161513116861e-16	1	LGMN
1.55107047197437e-20	-4.94683997565623	0.008	0.313	1.85725178314211e-16	1	DNASE1L3
1.76492867129026e-20	1.51300272577083	0.609	0.284	2.11332559100296e-16	1	LRRC32
1.77072335401326e-20	1.3394893258389	0.756	0.447	2.12026414409548e-16	1	CD9
2.49110694130866e-20	-4.61989380600224	0.029	0.36	2.98285145152299e-16	1	HS3ST1
2.60189704280814e-20	-3.53979526713091	0.029	0.32	3.11551151905846e-16	1	SEMA3G
2.80579350146996e-20	1.88815770147051	0.445	0.127	3.35965713866013e-16	1	ANGPT2
2.98267333664202e-20	-1.77552710008967	0.235	0.595	3.57145305329516e-16	1	GRB10
3.17380391357456e-20	3.19567886844543	0.261	0.032	3.80031280611418e-16	1	NINJ1
4.94903079163896e-20	6.7674055420099	0.16	0.001	5.92596946990849e-16	1	HPX
7.00668286336192e-20	2.10780424039599	0.378	0.102	8.38980206058957e-16	1	TYROBP
8.38641555146289e-20	3.6970162141185	0.185	0.014	1.00418939813217e-15	1	COL23A1
1.89602342950927e-19	3.02145116461644	0.29	0.045	2.2702984544944e-15	1	PDGFA
1.92216105237063e-19	-3.58426989627152	0.034	0.348	2.3015956441086e-15	1	CD200
2.16185315465864e-19	-1.39156651466402	0.319	0.664	2.58860296738825e-15	1	TIE1
2.39262519163598e-19	-1.46692781027308	0.315	0.614	2.86492940446492e-15	1	SH3BGRL3
3.4884115868494e-19	3.16168448112194	0.248	0.03	4.17702403409347e-15	1	CLU
4.35297370762698e-19	3.04493951753881	0.256	0.031	5.21225071751254e-15	1	PRR5L
4.57217570132845e-19	2.43921845665085	0.277	0.063	5.47472318477068e-15	1	TIAM1
5.5150781318405e-19	-2.87789262193873	0.059	0.384	6.60375455506582e-15	1	TNFAIP8L1
5.68440916723912e-19	3.07194350002319	0.231	0.032	6.80651153685212e-15	1	PIEZO2
9.65259402935779e-19	1.02373391041056	0.819	0.567	1.1558016090753e-14	1	CTNNB1
9.87965167018788e-19	2.42953590325351	0.336	0.09	1.1829894909883e-14	1	PIM3
1.01083271210833e-18	1.67909430612124	0.542	0.232	1.21037108947852e-14	1	DAB2
1.11779096561902e-18	-0.691739058812689	0.819	0.902	1.33844290223221e-14	1	TAGLN2
1.37638755639291e-18	1.47312020219166	0.471	0.168	1.64808646002486e-14	1	MARCHF3
1.59035859283698e-18	1.78877919280246	0.416	0.132	1.90429537906301e-14	1	CCDC50
1.65983358967389e-18	7.31760262457038	0.147	0	1.98748474027552e-14	1	PARM1
2.07455756015182e-18	-3.58574128348819	0.025	0.295	2.48407522252579e-14	1	PTPRG
2.17393845894624e-18	2.18448218656234	0.382	0.103	2.60307391074223e-14	1	UAP1L1
2.90084925471742e-18	4.92967697090877	0.172	0.005	3.47347689759864e-14	1	PRR5
4.96458729232073e-18	1.4277470685037	0.542	0.247	5.94459682382484e-14	1	GJC2
5.34075681536117e-18	7.28197871483965	0.143	0	6.39502221071346e-14	1	OSR1
6.07538130884087e-18	3.18953246607506	0.223	0.028	7.27466157920606e-14	1	DKK3
8.44949428454654e-18	2.55479414146603	0.282	0.052	1.0117424456316e-13	1	LAYN
8.77836764521306e-18	-0.664262514054498	0.933	0.968	1.05112174183781e-13	1	RPLP1
1.14165179236287e-17	2.11616982186957	0.282	0.07	1.3670138561753e-13	1	RAMP2
1.26805627880667e-17	-2.26572761622354	0.122	0.437	1.51837058824311e-13	1	ID3
1.4704098361594e-17	1.69294654980945	0.391	0.144	1.76066873781727e-13	1	CNN3
1.67459418332799e-17	1.30935879992808	0.697	0.422	2.00515907511693e-13	1	CSF1
1.71796332794591e-17	-5.43226680282647	0.004	0.26	2.05708928888243e-13	1	LHX6
2.35625225051561e-17	-1.22550503320378	0.517	0.778	2.82137644476739e-13	1	PRDX1
2.41736314993825e-17	-6.21985847006264	0	0.248	2.89455063573606e-13	1	LOC138511292
2.59982836758904e-17	2.6970162141185	0.248	0.044	3.11303448735112e-13	1	CRABP2
2.86641370389011e-17	-2.93366458690849	0.038	0.308	3.43224376903801e-13	1	FCRL5
2.99685814447465e-17	1.96915282705955	0.395	0.149	3.58843794219395e-13	1	ARHGAP28
3.50796864660716e-17	3.85313541603578	0.181	0.014	4.20044165744741e-13	1	STK33
4.43825236620784e-17	-1.64492567036474	0.5	0.705	5.31436338329726e-13	1	ACTG1
5.25427933335552e-17	5.06438727976703	0.155	0.004	6.2914740737599e-13	1	ANO7
6.18465376719688e-17	-2.83002631067348	0.059	0.339	7.40550442084154e-13	1	PTGS1
8.25251444946991e-17	-3.52466040713336	0.034	0.315	9.88156080179527e-13	1	EFNB2
1.02255819368248e-16	-4.25329666178115	0.017	0.284	1.22441118111541e-12	1	VEGFC
1.08818711955974e-16	1.34213769742985	0.634	0.376	1.30299525696083e-12	1	CTSK
1.42047000087027e-16	1.47953928319617	0.529	0.254	1.70087077904206e-12	1	RCAN1
1.47634397310348e-16	3.08558150203615	0.265	0.058	1.76777427339411e-12	1	MRGPRH
1.49132469446568e-16	4.40483546262519	0.164	0.009	1.78571218915321e-12	1	C1S
2.12381940339416e-16	-3.77562627824534	0.025	0.297	2.54306135362416e-12	1	LOC138510069
2.2375637199489e-16	3.01067669302226	0.218	0.028	2.67925879826681e-12	1	PLEKHA5
2.47971401034598e-16	-4.60980498837865	0.008	0.253	2.96920955598828e-12	1	FLT1
2.48038894204289e-16	-4.38867753427879	0.017	0.3	2.97001771920216e-12	1	SELP
3.35522138713299e-16	-0.467509712968108	0.996	0.995	4.01754208895305e-12	1	LOC138582460
3.3804449467282e-16	2.27607811339997	0.235	0.05	4.04774477921234e-12	1	CEACAM4
3.43357215712615e-16	1.28923453084245	0.655	0.384	4.11135930094286e-12	1	TSPAN14
6.37878256181477e-16	2.21588952438188	0.273	0.07	7.637954239517e-12	1	TPTE2
6.66483962051168e-16	1.88449958694512	0.324	0.097	7.98047896160068e-12	1	SH3TC1
7.46764439561008e-16	3.60774887602141	0.164	0.013	8.94175739930351e-12	1	ECE2
8.3610159413837e-16	-3.95642602448542	0.017	0.281	1.00114804882128e-11	1	LAMA5
1.60149804116969e-15	1.96005061995229	0.319	0.094	1.91763375449658e-11	1	FNDC1
1.73808851283557e-15	1.63495524598625	0.336	0.109	2.08118718526931e-11	1	SLC38A9
1.75501983078936e-15	-3.6920260766274	0.021	0.251	2.10146074538718e-11	1	SH3RF3
1.87793744337659e-15	1.88528285155032	0.324	0.094	2.24864229469913e-11	1	FOXP1
1.89335557400238e-15	2.20516311778882	0.349	0.105	2.26710396431045e-11	1	MPEG1
1.9618577573035e-15	3.88605003850852	0.143	0.009	2.34912847859521e-11	1	LPAR1
3.21337223646838e-15	-0.461964708279073	0.983	0.992	3.84769191594724e-11	1	Fth1
3.36393126449847e-15	1.34940147556749	0.508	0.226	4.02797129611047e-11	1	MDFIC
3.4696923574142e-15	-0.941421175141707	0.723	0.875	4.15460962876776e-11	1	HSPG2
3.55157235571086e-15	-3.48052197143369	0.025	0.271	4.25265273872818e-11	1	MAST4
4.57129554175163e-15	1.27117931398713	0.55	0.28	5.4736692816934e-11	1	AP1B1
4.94179908809104e-15	1.88866598671553	0.408	0.139	5.91731022808022e-11	1	PHLDA1
5.00639988866661e-15	-3.20094125672001	0.029	0.259	5.9946632266894e-11	1	WIF1
5.36412106929894e-15	-1.02877430449103	0.429	0.704	6.42299856837855e-11	1	CAVIN2
5.46786183230371e-15	-0.547377230261236	0.971	0.979	6.54721775800046e-11	1	RPS2
6.44783474361511e-15	1.75651722586716	0.336	0.105	7.72063732200474e-11	1	EML1
6.75639658313462e-15	-1.84730430210531	0.151	0.443	8.0901092686454e-11	1	CAMK1
6.77134581741713e-15	-1.66125372783258	0.189	0.468	8.10800948177527e-11	1	PDLIM4
7.14529763184152e-15	-1.1744480103727	0.471	0.694	8.55577938436704e-11	1	ALDOA
8.40147447826081e-15	1.59859416087829	0.433	0.171	1.00599255402695e-10	1	ATRNL1
8.93511352927937e-15	5.54501312067345	0.13	0.002	1.06989049399591e-10	1	ENPP3
9.32960876977047e-15	4.62301563267472	0.143	0.005	1.11712735409232e-10	1	MEIS2
9.54633697606652e-15	1.31250358185311	0.563	0.282	1.1430783895142e-10	1	PTPRE
1.03611112996334e-14	1.71007236694395	0.366	0.132	1.2406394670181e-10	1	KSR1
1.10784360076677e-14	-4.07337238158516	0.017	0.253	1.32653192755813e-10	1	MEOX2
1.32202608245789e-14	-0.666664812060631	0.828	0.916	1.58299403113508e-10	1	RPL15
1.47239014128456e-14	1.35940649699887	0.424	0.177	1.76303995517413e-10	1	MAN1A1
1.55323269170635e-14	-2.34980464263449	0.042	0.284	1.85984082504918e-10	1	UPP1
1.85228643239062e-14	3.13692838203637	0.168	0.023	2.21792777414453e-10	1	GPR17
1.98424722385179e-14	-4.42653043327732	0.008	0.227	2.37593762584014e-10	1	GPR68
2.04422352237156e-14	-2.15889045277121	0.092	0.353	2.44775324568771e-10	1	ASS1
2.14898751376104e-14	1.41948223858959	0.441	0.192	2.57319764897747e-10	1	SCARB2
2.88504797415683e-14	1.23731641162675	0.504	0.256	3.45455644425539e-10	1	PTPN2
2.91139386385544e-14	3.99957898413893	0.139	0.009	3.4861030125805e-10	1	CFD
2.95034067865035e-14	3.96005061995229	0.139	0.009	3.53273792861593e-10	1	KCNC1
4.01876539811317e-14	2.23689082531112	0.252	0.053	4.81206968770072e-10	1	CD82
4.28558783377017e-14	0.734227293215572	0.933	0.827	5.1315628721564e-10	1	CD63
4.30152828361352e-14	1.68561145084625	0.345	0.122	5.15064996679883e-10	1	OSBPL10
4.77981237258169e-14	4.10689200828156	0.118	0.005	5.72334733492932e-10	1	PDGFRL
5.39052101380539e-14	-1.77330372066153	0.147	0.428	6.45460986193057e-10	1	ROBO4
5.95916944071549e-14	-0.574436735917828	0.962	0.959	7.13550948831273e-10	1	RPS14
6.09308539207053e-14	2.24785293093503	0.311	0.078	7.29586044846525e-10	1	STEAP1
7.12502401532389e-14	-2.95555719275733	0.042	0.305	8.53150375594882e-10	1	NPDC1
7.49420024536863e-14	-0.856175902075067	0.756	0.896	8.97355537380439e-10	1	CAV1
8.57196561980063e-14	-1.91441849796385	0.139	0.425	1.02640716331493e-09	1	PINLYP
9.40604953916433e-14	-0.570913184700584	0.895	0.96	1.12628037181954e-09	1	RPL36
9.7647012520005e-14	1.07686428493504	0.676	0.454	1.16922532791454e-09	1	SSUH2
1.05629153297581e-13	2.36722600145817	0.235	0.049	1.26480348158524e-09	1	ENAH
1.15780408637378e-13	3.20797813339588	0.151	0.015	1.38635461302396e-09	1	APOH
1.35936761716554e-13	-3.5044165885823	0.046	0.29	1.62770678479402e-09	1	SLC16A2
1.43062671555501e-13	3.88605003850852	0.139	0.01	1.71303242920557e-09	1	PRKD1
1.50905231632237e-13	1.71797583275415	0.357	0.123	1.80693924356441e-09	1	CLEC11A
1.52668193516193e-13	-2.1376623179918	0.134	0.423	1.82804894916289e-09	1	NOTCH1
1.74447073962711e-13	6.81803161507986	0.105	0	2.08882926362951e-09	1	GCNT2
1.97159568941131e-13	2.31760262457038	0.16	0.029	2.3607886785011e-09	1	TMEM26
2.38268294667849e-13	-2.14957387122221	0.05	0.278	2.85302456035282e-09	1	ARHGAP20
2.65256448499075e-13	1.46081799325702	0.366	0.143	3.17618071432792e-09	1	SH3BP2
2.65495902721439e-13	-6.25183767459371	0.004	0.188	3.17904793918651e-09	1	APLN
3.06310945903204e-13	2.99399795187563	0.172	0.022	3.66776726624496e-09	1	DBN1
3.27747508817485e-13	-3.28153536661747	0.021	0.215	3.92444867058056e-09	1	CXCL16
4.27754813187824e-13	-3.50483542877711	0.021	0.23	5.121936133111e-09	1	MCF2L
4.65735290482128e-13	1.94297710659335	0.265	0.075	5.576714368233e-09	1	EPHB1
4.90485733903286e-13	1.94190327324203	0.282	0.076	5.87307617775794e-09	1	GAB3
5.16820567323475e-13	2.35738611749768	0.206	0.04	6.18840947313129e-09	1	TRPV4
6.07610250932996e-13	-0.65126802189057	0.807	0.886	7.27552514467169e-09	1	SLC25A5
6.37515757697652e-13	0.774125139816265	0.84	0.621	7.63361368267169e-09	1	ICAM1
6.58181631096573e-13	1.1633955865519	0.618	0.356	7.88106685075036e-09	1	CTSB
7.70601021046823e-13	1.22965767970957	0.567	0.303	9.22717662601465e-09	1	MYH10
7.77477298924334e-13	-2.54120117437963	0.067	0.313	9.30951317731998e-09	1	LOC138471710
8.80791340738706e-13	-0.474790028929619	0.975	0.979	1.05465955140053e-08	1	RPL32
9.18366861634132e-13	-2.13868333363307	0.122	0.387	1.09965248012071e-08	1	CETP
9.67226505904994e-13	-5.04557392924159	0.004	0.201	1.15815701817064e-08	1	CRTAC1
1.13865245017731e-12	-2.67042654002123	0.042	0.284	1.36342244384231e-08	1	ADAM15
1.31070497367937e-12	-0.564376261215092	0.853	0.922	1.56943813548368e-08	1	RPS15
1.31940500124964e-12	5.71493812211576	0.105	0.001	1.57985554849632e-08	1	FGF7
1.35085333530856e-12	-0.612982798078074	0.933	0.951	1.61751178369847e-08	1	RPS12
1.38277386736032e-12	3.83451973786843	0.13	0.009	1.65573342877725e-08	1	PRSS12
1.67109715430861e-12	1.13968483237453	0.496	0.271	2.00097173256913e-08	1	GALNT18
1.70308572801794e-12	1.55884539385302	0.374	0.151	2.03927485072868e-08	1	PDE7B
1.81394522048569e-12	-2.1964538657277	0.109	0.362	2.17201800700956e-08	1	ENTPD1
1.81561201410975e-12	-0.704895572758615	0.739	0.881	2.17401382569501e-08	1	GAPDH
2.04806011661072e-12	1.67374643479565	0.311	0.103	2.45234718362968e-08	1	EEIG2
2.12870775124289e-12	-0.600765793437161	0.899	0.934	2.54891466133824e-08	1	RPL31
2.28069254503019e-12	-0.613283878516024	0.92	0.952	2.73090125341915e-08	1	RPS26
2.45955500030598e-12	-4.70528529723288	0.004	0.192	2.94507115736638e-08	1	THSD7A
2.76603666432042e-12	-0.662180265838102	0.899	0.932	3.31205230185727e-08	1	RPL17
2.77263880426398e-12	1.3300002297026	0.395	0.177	3.31995770422569e-08	1	CHSY3
2.91979146597415e-12	-0.641985394127805	0.824	0.932	3.49615830135745e-08	1	RPS24
3.31669479435572e-12	-0.488751857076494	0.966	0.954	3.97141034676153e-08	1	RPS28
3.56530597037349e-12	1.40806544167741	0.387	0.167	4.26909736892522e-08	1	IL13RA1
4.08902058456197e-12	-1.29925520145933	0.336	0.589	4.89619324795451e-08	1	ENG
4.20922775068281e-12	-5.5477440202464	0	0.176	5.04012930866759e-08	1	BCAM
4.32894688092759e-12	-0.546170672737864	0.87	0.936	5.1834809952227e-08	1	HSP90AB1
4.32958485461082e-12	2.00127328267881	0.315	0.109	5.18424490491099e-08	1	LOC138498143
4.38688878302765e-12	-0.553191585086074	0.912	0.937	5.25286062879731e-08	1	RPL37
4.91348644433643e-12	3.74432192889686	0.113	0.009	5.88340866844844e-08	1	LINGO2
5.07311655043355e-12	-1.11917607119828	0.399	0.606	6.07454975748914e-08	1	LOC138515939
5.12904494308299e-12	-1.75615641404712	0.109	0.329	6.14151841484757e-08	1	CSRP1
5.71469576223213e-12	1.38944341220821	0.349	0.144	6.84277670569676e-08	1	ARHGEF26
6.06537188877039e-12	2.45386523261525	0.235	0.051	7.26267629961366e-08	1	PLXNA2
6.08708630109739e-12	-0.47614979276982	0.958	0.972	7.28867713693401e-08	1	RPS23
7.1929443103493e-12	2.71493812211576	0.181	0.033	8.61283151721225e-08	1	ZBTB20
7.24038110602617e-12	-0.527441407374654	1	0.995	8.66963233635574e-08	1	TMSB4X
8.3135306445514e-12	3.86694121556081	0.118	0.008	9.95462159378585e-08	1	REEP1
8.74598203807000e-12	-0.59181341693992	0.887	0.917	1.0472438892385e-07	1	RPL34
8.76524624035022e-12	-0.472477494215472	0.954	0.963	1.04955058481954e-07	1	RPS18
8.97595174472932e-12	1.58490584779696	0.315	0.108	1.07478046191389e-07	1	CCN2
9.14974236499758e-12	1.44943546069122	0.424	0.191	1.09559015078481e-07	1	DAB2IP
9.40668256563918e-12	1.33910882212557	0.395	0.186	1.12635617040963e-07	1	VPS13C
9.70233212428633e-12	1.36166760346881	0.387	0.148	1.16175724856204e-07	1	LMNB1
1.06425906695496e-11	-3.11141174260433	0.029	0.23	1.27434380677187e-07	1	PDGFB
1.12085363796979e-11	-1.70771218582138	0.256	0.489	1.34211014610503e-07	1	XIRP2
1.23975893230472e-11	-4.00573366470979	0.013	0.225	1.48448734554167e-07	1	ENPP1
1.28464839334913e-11	5.01894430900586	0.097	0.002	1.53823798619625e-07	1	LOC138493361
1.37865699851774e-11	1.33805073990661	0.382	0.191	1.65080389002514e-07	1	HAPLN1
1.53110841581488e-11	1.15631601357339	0.37	0.179	1.83334921709674e-07	1	SYT16
1.61008258472175e-11	-4.78141636644885	0.004	0.206	1.92791288694582e-07	1	LOC138567585
1.66006485896998e-11	1.60249861533421	0.382	0.159	1.98776166213065e-07	1	KLF6
1.77180075439806e-11	3.58808184256534	0.126	0.011	2.12155422331624e-07	1	C7PH3orf52
1.79693143305014e-11	0.842897992936459	0.735	0.514	2.15164569793424e-07	1	SEPT2
2.13456601489628e-11	-2.24680095048838	0.055	0.258	2.55592934623681e-07	1	MMRN2
2.18782502977869e-11	-0.657468138488781	0.836	0.909	2.619701690657e-07	1	RPS27A
2.21274260757374e-11	-1.09513229531702	0.328	0.581	2.64953799830879e-07	1	SEMA3F
2.37011158976422e-11	-1.62491188076886	0.13	0.355	2.83797161758367e-07	1	LDB2
2.72900934822579e-11	-0.495727243928329	0.941	0.956	3.26771579356556e-07	1	RPL24
2.78608925464615e-11	1.77640962539295	0.235	0.058	3.33606327351329e-07	1	ESM1
2.963375323785e-11	1.14881226340746	0.391	0.19	3.54834561270016e-07	1	CAT
3.07428827653233e-11	1.21070130133025	0.416	0.184	3.68115278231981e-07	1	PERP
3.49692318991617e-11	2.85313541603578	0.139	0.022	4.18721582760562e-07	1	FLRT3
3.52496224482314e-11	-0.421767344025694	0.954	0.963	4.22078979195123e-07	1	FAU
3.63140233062573e-11	0.983208340939545	0.429	0.206	4.34824115069125e-07	1	IGF2
3.63824827895052e-11	-0.914112030614658	0.5	0.721	4.35643848921535e-07	1	PTPRM
4.03525578516356e-11	0.416474336420194	1	0.999	4.83181527715484e-07	1	COX3
4.35447529192044e-11	-1.88125163402865	0.113	0.322	5.21404871454554e-07	1	SLC12A2
4.3613513984173e-11	-3.63240641731579	0.013	0.181	5.22228216446487e-07	1	AATK
4.62424029099083e-11	1.30928606083539	0.45	0.235	5.53706532443242e-07	1	HYAL2
4.7400717055383e-11	-1.28787689349129	0.16	0.38	5.67576186021156e-07	1	PLEKHG5
4.96465776580547e-11	1.41115737393866	0.366	0.139	5.94468120877547e-07	1	FLRT2
5.3971171685926e-11	-0.513337972335591	0.929	0.944	6.46250809767278e-07	1	RPL10
5.53944026213448e-11	1.36550207040194	0.357	0.152	6.63292576987983e-07	1	SIPA1L3
5.75422280190185e-11	1.73449091953716	0.235	0.076	6.89010638299728e-07	1	SEC14L1
6.21577650142931e-11	-0.510733935952135	0.916	0.951	7.44277078281145e-07	1	EEF1G
6.23628190471609e-11	1.37083864622978	0.387	0.161	7.46732395270705e-07	1	TBX1
6.24680518870587e-11	1.14791063532931	0.513	0.243	7.4799245329564e-07	1	SLC22A23
6.5572710856607e-11	1.9392920597855	0.244	0.072	7.85167639797012e-07	1	SLC66A1
6.80299168546452e-11	-1.68380556982243	0.122	0.357	8.14590224417522e-07	1	RASGRP3
7.04215558564513e-11	-1.8434825911529	0.101	0.325	8.43227709825147e-07	1	PLPP1
7.37310958094083e-11	1.67464840109004	0.256	0.079	8.82856141221855e-07	1	SNTB2
7.91153651172531e-11	1.8005724059451	0.261	0.085	9.47327381913988e-07	1	FAM162A
8.32845930171535e-11	1.13454835118443	0.437	0.212	9.97249716787396e-07	1	HSD3B7
8.39235925577732e-11	-1.92036776429503	0.084	0.286	1.00490109728678e-06	1	NEURL1B
8.82039951688105e-11	1.34252025677471	0.256	0.104	1.05615463815134e-06	1	KLHL29
1.02619503265318e-10	-4.59453823172534	0.004	0.178	1.22876593209892e-06	1	GULP1
1.09449655713337e-10	-1.79072077373894	0.155	0.367	1.31055017751149e-06	1	CKB
1.10871860648252e-10	-0.556702541411854	0.941	0.962	1.32757965940217e-06	1	RPL21
1.12022475130282e-10	2.03805313195357	0.193	0.053	1.34135711720999e-06	1	SLCO2B1
1.20490935689431e-10	-1.55694295709287	0.218	0.428	1.44275846394524e-06	1	EXOC3L2
1.21123818713009e-10	1.48413087852643	0.315	0.119	1.45033660526957e-06	1	SLC4A7
1.24276220767027e-10	5.41948223858959	0.088	0.001	1.48808346746438e-06	1	UNC13C
1.45022615916535e-10	-0.523633024231239	0.912	0.959	1.73650080298459e-06	1	RPL14
1.46813479226552e-10	-3.3029837858815	0.017	0.183	1.75794460025873e-06	1	STK10
1.69844324249862e-10	-2.07116811065843	0.067	0.28	2.03371593856785e-06	1	PPP1R16B
1.71502279567925e-10	1.2967420675114	0.45	0.246	2.05356829554633e-06	1	TIMP1
1.71997221820616e-10	-1.03994938004771	0.433	0.636	2.05949473408006e-06	1	ADCY4
1.84053746688934e-10	-0.485191069967562	0.958	0.964	2.20385956285329e-06	1	RPL26L1
1.85928388169846e-10	3.42953590325351	0.122	0.013	2.22630651994573e-06	1	PODN
1.94757158256549e-10	1.01614518202322	0.723	0.552	2.33202221296392e-06	1	RHOB
2.02590865371134e-10	3.15269569789469	0.122	0.013	2.42582302195396e-06	1	ARHGEF40
2.05768700883918e-10	1.59748054056758	0.256	0.089	2.46387442438403e-06	1	SBSPON
2.0595269941205e-10	1.42527387639935	0.29	0.114	2.46607762275989e-06	1	IL1R1
2.12978338735045e-10	0.398453457329523	1	0.992	2.55020262801343e-06	1	COX2
2.28999240466024e-10	-5.56351133610472	0	0.157	2.74203690534017e-06	1	LOC138531582
2.78348787604921e-10	1.04620726370201	0.445	0.245	3.33294838278133e-06	1	SVIL
3.06886113274098e-10	3.08403933722775	0.164	0.031	3.67465432034405e-06	1	CLEC
3.20444806494637e-10	-2.80076171616828	0.034	0.216	3.83700611296678e-06	1	TRIM71
4.3436615715213e-10	1.96005061995229	0.223	0.06	5.20110036573961e-06	1	SYNJ2
4.49554077713442e-10	-2.00445069882632	0.071	0.26	5.38296052654076e-06	1	NAV1
4.59306024150064e-10	2.10814925894143	0.155	0.039	5.49973033317286e-06	1	SLC17A5
4.68010361549379e-10	-1.650446972876	0.16	0.394	5.60395606919227e-06	1	APBB2
4.68112534018408e-10	-4.47457760768443	0.004	0.17	5.60517948233642e-06	1	ITGA7
4.94365582134558e-10	5.20797813339588	0.076	0.001	5.91953348047919e-06	1	TMPRSS2
5.40004621065736e-10	1.32155872281434	0.349	0.153	6.46601533264112e-06	1	RAB31
5.85967594378219e-10	2.66631941689558	0.118	0.019	7.01637597508479e-06	1	GPSM1
6.15215931615537e-10	-0.515858360513304	0.895	0.948	7.36659556516443e-06	1	RPS19
6.21059275976698e-10	-0.598217014103443	0.845	0.911	7.43656377054498e-06	1	RPS11
6.2471575622746e-10	-1.70883436431395	0.118	0.334	7.48034646506761e-06	1	VWCE
6.3026577144621e-10	-0.941018736927505	0.45	0.661	7.54680234729691e-06	1	CAVIN1
6.8558790552752e-10	1.61455405392653	0.294	0.109	8.20922958078653e-06	1	TFE3
7.0516214345575e-10	-0.580564821415336	0.807	0.903	8.44361150573915e-06	1	MSN
7.42122512621055e-10	-0.648109703432383	0.752	0.864	8.88617496612452e-06	1	RPS3
7.52998215192266e-10	0.817975401436853	0.735	0.563	9.01640062871219e-06	1	AHNAK
7.56983706606063e-10	-2.40452181234356	0.038	0.202	9.064122902901e-06	1	AOC3
8.42945526036701e-10	1.20919058412771	0.487	0.292	1.00934297287635e-05	1	AFDN
8.52586147579815e-10	0.952188502179323	0.525	0.286	1.02088665311207e-05	1	KLHL4
8.61203224136288e-10	-1.67821010692891	0.109	0.328	1.03120474058079e-05	1	B3GNT2
9.14298697168664e-10	-3.88961510696328	0.008	0.16	1.09478125998976e-05	1	RIMBP2
9.34289332999562e-10	-3.35464590570399	0.017	0.198	1.11871804733368e-05	1	PYGL
9.40776646855725e-10	-1.95248653879737	0.063	0.241	1.12648595694505e-05	1	DLC1
1.1100058267578e-09	-0.512096359321436	0.815	0.895	1.32912097695979e-05	1	RPS25
1.12796534919975e-09	0.838991233715511	0.714	0.535	1.35062570913178e-05	1	ASAP1
1.14235813102575e-09	1.84269366931413	0.214	0.066	1.36785962609023e-05	1	NEO1
1.21937405866156e-09	1.63480979102409	0.286	0.106	1.46007849784135e-05	1	LARP6
1.22699797587262e-09	-0.634827349633946	0.891	0.915	1.46920737630987e-05	1	RPL12
1.25775147404751e-09	-2.95283871627767	0.029	0.212	1.50603161502449e-05	1	SPRY3
1.26028620184587e-09	1.1639815054412	0.374	0.18	1.50906669809025e-05	1	LGALS3
1.36210101089642e-09	-1.37050778007851	0.197	0.394	1.63097975044738e-05	1	RALGAPA1
1.39316448443548e-09	-2.32819434867878	0.042	0.226	1.66817515366304e-05	1	DLL4
1.39386146348773e-09	-0.490473330618705	0.937	0.963	1.66900971638021e-05	1	RPS9
1.41027119311706e-09	1.1185232087269	0.483	0.253	1.68865872663836e-05	1	LALBA
1.63198969631314e-09	-4.22977393892772	0.008	0.177	1.95414446236535e-05	1	TESPA1
1.72344860964178e-09	-0.49202080119579	0.857	0.933	2.06365736518507e-05	1	RPS6
1.99188193454114e-09	-0.747331293622268	0.576	0.766	2.38507942841956e-05	1	PRX
2.09078994044834e-09	-4.72644990723093	0.004	0.159	2.50351187469284e-05	1	RASA4
2.09527782098178e-09	-4.65465922416292	0.004	0.168	2.50888566284359e-05	1	BEGAIN
2.09876554604757e-09	-4.21985847006264	0.004	0.141	2.51306186483737e-05	1	EGFL8
2.10095097742556e-09	1.04560206406751	0.5	0.28	2.51567870036937e-05	1	SDCBP2
2.28043202342948e-09	-3.69339161865163	0.008	0.154	2.73058930485446e-05	1	LOC138539772
2.39742156363247e-09	0.976633504147897	0.693	0.494	2.87067258029353e-05	1	HSP90B1
2.58720935580556e-09	-1.7123747220192	0.067	0.241	3.09792448264157e-05	1	FAM129B
2.64550658427597e-09	-2.86921907853375	0.025	0.188	3.16772958401204e-05	1	FRY
2.73389533140256e-09	2.18244304128874	0.164	0.036	3.27356626982143e-05	1	MFSD12
2.77828722486964e-09	0.802891092482719	0.718	0.517	3.32672112305891e-05	1	GASK1B
2.8212294551913e-09	-4.11676497709854	0.004	0.119	3.37814014964606e-05	1	MEOX1
2.96093023049201e-09	0.306077083823634	0.987	0.983	3.54541785799114e-05	1	ANXA1
2.96110347944091e-09	-1.33206182049951	0.16	0.351	3.54562530628254e-05	1	RGS3
2.96852702297428e-09	1.34008166940322	0.336	0.145	3.55451425730941e-05	1	MUC2
2.98706286106804e-09	3.01894430900586	0.101	0.011	3.57670906984288e-05	1	KIF21A
3.12636191895385e-09	-0.593649659901327	0.639	0.792	3.74350576175535e-05	1	RACK1
3.2477729132712e-09	-0.497303683652396	0.87	0.924	3.88888328635094e-05	1	RPS29
3.39768609756583e-09	1.60538573865293	0.21	0.073	4.06838933322533e-05	1	ABCA1
3.42676976639698e-09	1.6056198853776	0.265	0.097	4.10321411828374e-05	1	CCDC71L
3.60475977345247e-09	1.55669492572108	0.239	0.085	4.31633935273198e-05	1	PDIA5
4.33256437988335e-09	-0.31425230891559	0.962	0.977	5.18781258847233e-05	1	PTMA
4.89200925734155e-09	0.571081295777363	0.887	0.799	5.85769188474077e-05	1	LTBP1
5.00553786858149e-09	-2.33762992868839	0.046	0.225	5.99363104383948e-05	1	LPAR4
5.04523432746519e-09	-1.29446455352605	0.16	0.371	6.04116358370682e-05	1	VASP
5.18233358029313e-09	0.744827694034687	0.706	0.522	6.205326229043e-05	1	NPC2
5.33950186027591e-09	-0.394196239942119	0.912	0.934	6.39351952749438e-05	1	UBA52
5.55624177984254e-09	0.942563193223452	0.42	0.229	6.65304390718346e-05	1	SLC12A4
6.18357557767261e-09	3.21380721219808	0.113	0.012	7.40421339670519e-05	1	RENBP
6.76856912029907e-09	0.689315955436917	0.58	0.38	8.1046846646461e-05	1	SIK3
6.79369197830304e-09	1.81668644478112	0.227	0.078	8.13476677482007e-05	1	GSAP
6.84412932306613e-09	-0.631701046431502	0.769	0.839	8.19516045143939e-05	1	RPS5
7.27430795340425e-09	-0.429343719365604	0.966	0.97	8.71025634340625e-05	1	RPL35
7.82362210094446e-09	-3.13798146300823	0.013	0.143	9.3680051036709e-05	1	SDR9C7
8.37477514274412e-09	2.05024842892387	0.13	0.031	0.000100279557559218	1	PDLIM5
8.54446499459887e-09	-0.478656149163565	0.891	0.932	0.000102311423845327	1	RPL28
8.85264310786845e-09	-2.7403890981888	0.017	0.149	0.000106001548573617	1	KREMEN1
9.3902812004888e-09	-2.42461323028303	0.034	0.19	0.000112439227094653	1	EGFLAM
9.62393551855649e-09	1.84457340253236	0.239	0.082	0.000115237003899195	1	EEIG1
9.8108969391815e-09	1.22086720053627	0.357	0.18	0.000117475679949759	1	SLC4A11
1.03265686059102e-08	-3.16923239699267	0.013	0.137	0.000123650332487169	1	VAMP5
1.07537968729034e-08	-0.501585010575154	0.916	0.94	0.000128765963756146	1	RPS7
1.08592373715795e-08	-0.417551072624228	0.958	0.959	0.000130028508287293	1	RPL13
1.12782477466857e-08	4.92967697090877	0.084	0.005	0.000135045738518814	1	WNT9A
1.17323531059976e-08	-0.610367332973921	0.555	0.728	0.000140483196091215	1	SLC25A3
1.17940752752412e-08	1.28883238588072	0.412	0.228	0.000141222257345738	1	PLAT
1.26207487672505e-08	1.19172085487675	0.29	0.136	0.000151120845739057	1	LOC138497215
1.28058557116138e-08	1.13937431939686	0.286	0.139	0.000153337316290864	1	GLB1
1.28769651047819e-08	-2.74960762821818	0.021	0.151	0.000154188780164659	1	COL18A1
1.35301336962428e-08	1.0318413030203	0.378	0.185	0.000162009820878812	1	ZFPM1
1.45430797455078e-08	6.04751346120263	0.063	0	0.000174138836872711	1	GPR83
1.45485469215233e-08	5.20797813339588	0.063	0.001	0.000174204300838319	1	DMTN
1.47742123096736e-08	1.99042426899581	0.16	0.045	0.000176906418196031	1	MERTK
1.50883739484466e-08	-2.66930600012732	0.046	0.238	0.0001806681896587	1	ATP2A3
1.52442123164963e-08	1.19923828383172	0.349	0.171	0.000182534198277727	1	EPS15L1
1.5510917960945e-08	1.35670958991628	0.189	0.075	0.000185727731664355	1	ARHGAP26
1.7826544985709e-08	0.956570051217331	0.513	0.348	0.00021345504965888	1	WSB1
1.78942241696082e-08	-2.96278151952525	0.021	0.172	0.000214265440206889	1	ARHGAP7
1.80534425075677e-08	3.6762576539517	0.088	0.006	0.000216171920585615	1	B3GNT7
1.82823754659657e-08	1.81803161507986	0.227	0.068	0.000218913163829473	1	KCNE5
1.86837062983124e-08	0.919973180576958	0.437	0.26	0.000223718699215993	1	TAOK3
1.87681952020953e-08	2.11205371339734	0.164	0.039	0.000224730369349889	1	ERRFI1
1.8857201286624e-08	2.59748054056758	0.113	0.018	0.000225796128206036	1	PTPRD
1.92130300328784e-08	-5.30673592074261	0	0.141	0.000230056821613686	1	RAPGEF3
2.02277160373574e-08	1.0742216398716	0.336	0.171	0.000242206671831317	1	CAPN2
2.23300355902863e-08	-0.525728270108431	0.777	0.871	0.000267379846158088	1	RPL2
2.26384047516363e-08	-0.640807603703137	0.71	0.823	0.000271072258496093	1	RPL18A
2.33244134415686e-08	3.40062321133827	0.076	0.005	0.000279286526549342	1	COX4I2
2.36966338235022e-08	1.73765819861584	0.294	0.1	0.000283743493402615	1	MTSS2
2.41239576875673e-08	1.07823204630061	0.29	0.135	0.000288860269350931	1	DEPP1
2.77010302513264e-08	-2.05914294528102	0.046	0.2	0.000331692136229382	1	SNAI2
3.0447469845471e-08	-0.28334407238838	1	1	0.00036457800392967	1	CIRBP
3.18567768807334e-08	1.23568506256572	0.265	0.111	0.000381453046369901	1	FXYD5
3.24488187461917e-08	-0.378073226548691	0.966	0.972	0.0003885421556669	1	RPL23
3.3405676572838e-08	-1.20222080894658	0.155	0.354	0.000399999571283163	1	ADAMTS1
3.36732766777215e-08	-3.46621413474981	0.013	0.162	0.000403203814939037	1	MPPED2
3.38968420434253e-08	4.54501312067345	0.067	0.003	0.000405880786627974	1	TNFRSF9
3.43659907067874e-08	-5.1795007324465	0	0.116	0.000411498372723072	1	KANK4
3.55800906570477e-08	-0.973715681647621	0.387	0.557	0.000426036005527489	1	TCF4
3.58259138915383e-08	3.54501312067345	0.08	0.006	0.00042897949293728	1	LOC138497151
3.59275081859994e-08	1.49166369608052	0.223	0.08	0.000430195983019157	1	ADAMTS15
3.62188036257248e-08	1.36792832765827	0.248	0.104	0.000433683954614429	1	ABI2
3.64141719866309e-08	1.30400502116965	0.252	0.105	0.000436023295367919	1	SHC1
3.72632053294476e-08	-1.86054012926201	0.105	0.297	0.000446189620614806	1	UCHL1
3.80441859365947e-08	1.43538862949895	0.214	0.081	0.000455541082404785	1	INPP4B
3.9730248087971e-08	-4.21985847006264	0.004	0.135	0.000475729990605364	1	EPO
4.11138089098201e-08	-4.20987438149002	0.008	0.131	0.000492296747886185	1	CXCL12
4.38826431382101e-08	1.54501312067345	0.206	0.075	0.000525450768936928	1	SPHK2
4.47791044295582e-08	5.96005061995229	0.059	0	0.00053618499643953	1	AQP8
4.48055386183074e-08	6.35236804273105	0.059	0	0.000536501519415613	1	CRYBA4
4.57029619077799e-08	1.24955723714728	0.303	0.14	0.000547247265883757	1	B4GALT3
4.61675436163073e-08	-1.10119656887425	0.189	0.375	0.000552810167261663	1	ARPC1B
4.72866347003334e-08	0.978351436695237	0.416	0.22	0.000566210163901793	1	HEBP2
4.99889372718745e-08	2.96005061995229	0.109	0.014	0.000598567534893425	1	CHST15
5.11657957980224e-08	0.74286884099663	0.697	0.536	0.000612659238885521	1	ITM2A
5.7914403378717e-08	1.16119049206014	0.256	0.124	0.000693467066056758	1	LTBP3
5.79241690071682e-08	-1.42600781235479	0.126	0.307	0.000693583999691833	1	RIN2
5.84041699415528e-08	1.30604647480149	0.261	0.109	0.000699331530880153	1	PRCP
6.44448498565907e-08	-1.26943122617047	0.118	0.259	0.000771662632182817	1	LBHD2
6.58963285717598e-08	3.54501312067345	0.071	0.005	0.000789042638318251	1	GAL3ST4
7.26901713463703e-08	3.09755414370223	0.088	0.01	0.000870392111701437	1	CCDC3
7.33095738344498e-08	0.915656500593839	0.403	0.237	0.000877808837093702	1	IGF1R
7.39513059353797e-08	-0.447171936457233	0.912	0.937	0.000885492937270237	1	RPL13A
7.46774114359266e-08	1.21349897695689	0.303	0.141	0.000894187324533785	1	CELF2
7.66236926459479e-08	1.11456056900792	0.252	0.116	0.00091749209574258	1	DPP9
7.79017927005059e-08	-3.32535159890996	0.008	0.121	0.000932796065795857	1	XPNPEP2
8.08834522765658e-08	-0.485454266975919	0.937	0.948	0.000968498457559599	1	RPL36A
8.23811404228195e-08	-0.611457230093294	0.71	0.803	0.000986431775422841	1	TUBA1C
8.2809470990095e-08	0.988619772149064	0.357	0.188	0.000991560605635397	1	TRAF2
8.6121347436206e-08	1.50485599420147	0.244	0.085	0.00103121701420113	1	RALGPS1
8.8105392040935e-08	0.437174772147161	0.929	0.819	0.00105497396429816	1	ND2
8.9789454912156e-08	1.54501312067345	0.193	0.068	0.00107513893311816	1	GNPDA1
9.36408831454186e-08	-2.60980498837866	0.021	0.153	0.00112125593478324	1	KCNN3
9.43154789778845e-08	1.13562218453575	0.34	0.17	0.00112933354528119	1	SPECC1L
9.55954320924275e-08	1.25539305284019	0.559	0.386	0.00114465970387473	1	PDIA4
9.58271182327906e-08	1.41505452654878	0.227	0.091	0.00114743391371943	1	OTULIN
1.00582566597695e-07	-0.534714071797285	0.908	0.928	0.0012043756524408	1	RPS10
1.03257187547405e-07	0.936646015617349	0.571	0.384	0.00123640156369263	1	ANXA11
1.05380734236739e-07	3.7674055420099	0.076	0.005	0.00126182891175072	1	ETV1
1.0644745734896e-07	3.35236804273105	0.076	0.008	0.00127460185429644	1	CFB
1.07635725901167e-07	-5.15889045277121	0	0.136	0.00128883018194057	1	HLX
1.12365178976478e-07	1.4345891309798	0.227	0.09	0.00134546065306435	1	SALL4
1.1279131852009e-07	1.99957898413893	0.139	0.036	0.00135056324795956	1	APCDD1L
1.24086363126149e-07	2.17577931100773	0.13	0.032	0.00148581011207251	1	DRAM1
1.25912585485162e-07	0.877864864597048	0.433	0.261	0.00150767729859933	1	ZZEF1
1.27549577860091e-07	-0.457094542288542	0.79	0.88	0.00152727864529673	1	RPS3A
1.29363186579788e-07	1.18409089417022	0.261	0.126	0.00154899479610638	1	SLC12A9
1.30587677193502e-07	0.469838730216674	0.903	0.829	0.00156365684671499	1	RAC1
1.3110120678995e-07	0.702571232791773	0.739	0.556	0.00156980585010286	1	MYADM
1.31989860077117e-07	1.89992962751472	0.181	0.052	0.00158044658456339	1	KLF5
1.35509146680263e-07	-0.969870944311567	0.256	0.448	0.00162258652234947	1	SCHIP1
1.35842347559424e-07	1.73264012384922	0.168	0.05	0.00162657626967654	1	KLF10
1.364236094916e-07	2.24015853914503	0.118	0.029	0.00163353630005242	1	NHSL3
1.37777095223915e-07	5.86694121556081	0.055	0	0.00164974293821116	1	C1R
1.43288870681008e-07	-4.66930600012732	0	0.097	0.00171574093753439	1	KLHL6
1.43947807427834e-07	-5.13798146300823	0	0.119	0.00172363104614088	1	EVA1C
1.44164738604118e-07	-1.01705966452798	0.332	0.513	0.00172622858004571	1	PMP22
1.48466309432128e-07	0.739125843748406	0.626	0.457	0.0017777355891403	1	NRK
1.55047383968834e-07	3.2596109018112	0.08	0.012	0.00185653737564282	1	TF
1.56302337598498e-07	1.75194242462209	0.214	0.071	0.00187156419040441	1	MAPKBP1
1.61148503250079e-07	-1.89793037517528	0.071	0.229	0.00192959217791645	1	DCHS1
1.62174671807211e-07	1.02542662880432	0.273	0.13	0.00194187952021955	1	PGM5
1.71631824887596e-07	1.01048004679543	0.412	0.234	0.00205511947120407	1	LTA4H
1.81794020265134e-07	-0.858604843232607	0.244	0.46	0.00217680159865471	1	ADAMTS4
2.00413739964276e-07	2.322620699337	0.143	0.036	0.00239975412233225	1	MARCHF2
2.06056694744739e-07	-0.504571592078652	0.878	0.917	0.0024673228628735	1	RPS17
2.18865663871757e-07	1.16254348385104	0.269	0.131	0.00262069745920042	1	STON2
2.24032744168413e-07	-3.82130909357237	0.004	0.103	0.00268256807867258	1	CEACAM5
2.274214858216e-07	-2.0324157073623	0.046	0.18	0.00272314487122783	1	S1PR2
2.36368786141078e-07	-2.6644402449555	0.021	0.144	0.00283027984525326	1	NBEA
2.42191984544575e-07	-0.463485185027492	0.845	0.898	0.00290000682293674	1	RPL18
2.48482244900625e-07	2.54501312067345	0.088	0.016	0.00297532640044009	1	TM6SF1
2.57252153830132e-07	1.62747528086542	0.193	0.07	0.003080337289962	1	RXRA
2.59002701067874e-07	-2.99414569043458	0.013	0.126	0.00310129834258673	1	FXYD6
2.60808105579346e-07	1.77947837431047	0.218	0.09	0.00312291625620709	1	MDM2
2.65138011399744e-07	1.53683918922775	0.164	0.06	0.00317476254850053	1	EVA1B
2.73005543619172e-07	0.315977951957637	0.987	0.959	0.00326896837929596	1	CYTB
2.81100730229692e-07	-0.42241901687012	0.933	0.933	0.00336590014377034	1	RPL7
3.02725019978631e-07	2.4257141923011	0.092	0.019	0.00362482938922413	1	LHFPL6
3.06308775077702e-07	2.30400502116965	0.134	0.027	0.0036677412727804	1	LRRC3
3.09434501697315e-07	-2.55301896228708	0.021	0.129	0.00370516872332364	1	PLOD2
3.11474357000516e-07	-0.839431458334022	0.311	0.495	0.00372959395072418	1	RAPGEF2
3.11480504186245e-07	3.96005061995229	0.071	0.004	0.00372966755712609	1	GPR174
3.16054890693048e-07	1.28004091059816	0.294	0.143	0.00378444126115856	1	SEMA6C
3.17189367606424e-07	1.68133459188623	0.21	0.077	0.00379802548771932	1	WFDC1
3.3303864485432e-07	-3.26876807054359	0.013	0.131	0.00398780473348563	1	EPS8
3.55400513330601e-07	0.725295697598126	0.647	0.446	0.00425556574662062	1	NFIB
3.63470013642352e-07	0.504020783228037	0.866	0.738	0.00435218994335352	1	ND3
3.69169549296975e-07	1.33856224320602	0.252	0.103	0.00442043618328198	1	PROS1
3.71783129365572e-07	0.927989410719994	0.324	0.175	0.00445173119102335	1	ZEB1
3.81869291779714e-07	-2.30465260624212	0.034	0.168	0.0045725028997703	1	SYNPO
3.91910270296593e-07	0.780994606757852	0.458	0.272	0.0046927335765314	1	BIRC6
3.97681650745244e-07	-3.93476714335565	0.004	0.117	0.00476184008602355	1	MAP3K5
3.98310428663427e-07	-3.78141636644885	0.004	0.108	0.00476936907281587	1	KITLG
3.99154554459052e-07	-0.470899462429527	0.815	0.89	0.00477947663509269	1	RPL3
4.02326052565141e-07	2.79012561850998	0.118	0.016	0.004817452153415	1	SORCS2
4.0859816462099e-07	1.24384358595288	0.214	0.092	0.00489255442317173	1	IL10RA
4.23556466899926e-07	-0.974216414587531	0.324	0.486	0.00507166513465972	1	CDH5
4.23852540935674e-07	4.96005061995229	0.05	0.001	0.00507521032516376	1	SCML4
4.24886023870237e-07	-1.19938200767238	0.176	0.338	0.00508758524982222	1	MEF2A
4.73960097705278e-07	-0.499647006806139	0.857	0.896	0.005675198209923	1	HSPA8
4.77813872518633e-07	-0.912301556951747	0.197	0.386	0.00572134330953812	1	DBNL
4.82854270901956e-07	-0.494905889596344	0.79	0.87	0.00578169703978002	1	RPL27A
4.84158799478096e-07	-0.393625101676367	0.891	0.935	0.00579731746495072	1	RPL39
4.85635255769313e-07	1.37508811923114	0.168	0.065	0.00581499655258176	1	BDH2
5.04225467736223e-07	1.12354935223517	0.252	0.125	0.00603759575067354	1	ARHGAP17
5.16735882372317e-07	0.869538327046851	0.45	0.268	0.00618739545552613	1	PDCD6IP
5.23888062628041e-07	1.2872153632058	0.256	0.11	0.00627303566190816	1	KLF3
5.27671033824606e-07	-3.80813370482463	0.004	0.105	0.00631833295901583	1	DISP3
5.38480067583321e-07	0.62413353780035	0.849	0.77	0.00644776032924269	1	FSTL1
5.82834752755187e-07	0.881042745512503	0.45	0.281	0.00697886332949061	1	RGL3
5.99595586503678e-07	1.0394850874467	0.319	0.149	0.00717955755279504	1	PLSCR3
6.14195744765654e-07	-1.70126276689898	0.088	0.248	0.00735437984782394	1	HEG1
6.27231967793234e-07	1.08034485367	0.349	0.183	0.00751047558235618	1	SCPEP1
6.45804783156208e-07	0.832841599909197	0.504	0.338	0.00773286647351243	1	NFX1
6.59350600675118e-07	1.4476006190155	0.239	0.096	0.00789506409248386	1	FAM43A
6.64818216430616e-07	-0.435220475887454	0.853	0.917	0.00796053332354019	1	RPL38
6.65999345916404e-07	-2.53637520616721	0.025	0.149	0.00797467616800302	1	TMCC3
6.74567501817322e-07	1.96005061995229	0.151	0.043	0.00807727126676061	1	TANK
6.80481968629925e-07	1.36101293401941	0.248	0.104	0.00814809109237472	1	ANTXR2
7.02964547206958e-07	1.10689200828156	0.332	0.17	0.00841729748825612	1	LAMP3
7.13961255100081e-07	2.44547744712253	0.084	0.015	0.00854897206856837	1	TCEA2
7.64929611833115e-07	1.45755027942311	0.189	0.069	0.00915926717208972	1	TPCN2
7.65155284304939e-07	-0.456622402731379	0.836	0.877	0.00916196937426734	1	RPS16
7.79803589941133e-07	-0.418207995080366	0.891	0.913	0.00933736818595512	1	RPL35A
8.16950523345312e-07	1.06438727976703	0.277	0.133	0.00978216556653676	1	TP53I11
8.48988995654719e-07	2.67994270075956	0.092	0.017	0.0101657942339696	1	LOC138504513
8.54839655430449e-07	2.10689200828156	0.118	0.029	0.0102358500341242	1	LOC138529514
8.7341294989105e-07	1.66726887072445	0.147	0.051	0.0104582466619954	1	IL1RAP
9.28163064707623e-07	0.934872056956296	0.454	0.271	0.0111138245368091	1	LOC138503155
9.31639228338946e-07	-2.1738051267825	0.034	0.158	0.0111554481201305	1	LDHB
9.45044441707279e-07	2.62747528086542	0.101	0.017	0.011315962145003	1	HLF
9.63565954943215e-07	-1.47981873230649	0.088	0.253	0.0115377387444901	1	MCTP2
9.92472247076859e-07	-0.423750735463962	0.878	0.934	0.0118838626864983	1	RPLP0
9.99311599705632e-07	1.21929344662371	0.286	0.132	0.0119657570948752	1	MTMR8
1.05416615913083e-06	-0.962040497863833	0.361	0.554	0.0126225855894326	1	RPL8
1.06637177699832e-06	1.17906040189409	0.269	0.123	0.0127687356577779	1	ASAH1
1.07705650295721e-06	0.938355548852974	0.349	0.198	0.0128966745664096	1	AP3B1
1.08676893128434e-06	2.2596109018112	0.155	0.04	0.0130129711831987	1	PIK3R3
1.09066979185066e-06	0.642403522392807	0.681	0.506	0.0130596800876198	1	ADAM10
1.22177479328821e-06	1.15002156359636	0.286	0.138	0.0146295313748331	1	CTBP1
1.30425057083889e-06	7.63247596192379	0.046	0	0.0156170963352248	1	LOC138513758
1.3670532462294e-06	-0.794463175424761	0.597	0.743	0.0163690955703508	1	SHANK3
1.37900987151409e-06	-4.44934031618541	0	0.085	0.0165122642015097	1	PRKD3
1.37934443162464e-06	-0.60793880216515	0.727	0.796	0.0165162702242734	1	RPL10A
1.39891593995718e-06	0.717007689305965	0.563	0.409	0.0167506194650473	1	PICALM
1.40510775531942e-06	1.53735954813001	0.168	0.066	0.0168247602621947	1	ATF6
1.42887744278011e-06	0.793043101892275	0.374	0.227	0.017109378499849	1	DNAJC13
1.46124239861756e-06	-1.77830151448488	0.101	0.274	0.0174969164810467	1	NHERF2
1.46849911460346e-06	-0.448560610167118	0.887	0.922	0.0175838083982618	1	RPL11
1.50521856147954e-06	0.853135416035781	0.282	0.162	0.0180234870551561	1	TMEM87A
1.53829049660173e-06	-0.31228085343456	0.958	0.975	0.0184194904063092	1	RPLP2
1.54168098979703e-06	0.913954205362839	0.294	0.157	0.0184600881718297	1	SGK3
1.55142743957462e-06	0.655988945858444	0.424	0.278	0.0185767921614665	1	KDM6B
1.56008139470315e-06	0.742297093419365	0.34	0.197	0.0186804146201756	1	NUFIP2
1.60376695206512e-06	2.34707374306154	0.13	0.026	0.0192035054840278	1	GJC1
1.64332685324374e-06	1.08414096767694	0.332	0.17	0.0196771957407405	1	SLC43A2
1.65657040450721e-06	-1.89793037517528	0.055	0.18	0.0198357740235693	1	TMEM92
1.67248064120513e-06	1.7190425204485	0.164	0.054	0.0200262831977902	1	TNFRSF14
1.71546193604601e-06	-1.85464627744648	0.055	0.193	0.0205409412222149	1	ANXA6
1.7396424929168e-06	0.648246742338638	0.475	0.316	0.0208304792101858	1	IGF2BP2
1.80088917131105e-06	-3.06231719307616	0.013	0.116	0.0215638469372785	1	KCNMA1
1.80354618798626e-06	-1.6644402449555	0.059	0.184	0.0215956620549475	1	PLP2
1.80993891459306e-06	-2.68380556982243	0.017	0.119	0.0216722085633373	1	MYLK
1.8141394914839e-06	0.61578619508683	0.496	0.326	0.0217225062710282	1	CYFIP1
1.86299616368297e-06	2.96005061995229	0.08	0.012	0.0223075160639399	1	LTBP4
1.88857644156061e-06	1.2315965256416	0.294	0.154	0.0226138143112468	1	MMP18
2.00860619760111e-06	1.17375731342252	0.265	0.119	0.0240510506100757	1	SDR16C5
2.0476524385358e-06	-0.900297389719195	0.231	0.44	0.0245185902990277	1	NHSL2
2.11860869258641e-06	-1.95483276640976	0.046	0.175	0.0253682204850296	1	DUSP9
2.17149464633825e-06	-3.66930600012732	0.004	0.095	0.0260014768952542	1	PHEX
2.32830686254931e-06	2.51947802856631	0.101	0.019	0.0278791463721655	1	BMP6
2.36463463363447e-06	-0.365487222541943	0.916	0.936	0.0283141351031392	1	RPL27
2.36996455138702e-06	1.44547744712253	0.181	0.07	0.0283779555383082	1	RELB
2.37405608776292e-06	0.892936424093756	0.315	0.17	0.0284269475948732	1	TM9SF1
2.40379122176693e-06	1.11983106398906	0.218	0.109	0.0287829960894372	1	LMBRD2
2.44089162436336e-06	-0.41876253847672	0.836	0.884	0.0292272363101269	1	RPL30
2.45704151229124e-06	-1.0124686436256	0.193	0.323	0.0294206150681753	1	PXDN
2.50369488162238e-06	1.75359974248487	0.155	0.048	0.0299792425125464	1	PLA2G15
2.60388945769768e-06	-0.314005191972753	0.899	0.956	0.031178972366472	1	EEF1A1
2.61273675957528e-06	0.896625239810659	0.319	0.187	0.0312849099591544	1	IDE
2.69243431381886e-06	1.07810638147401	0.269	0.132	0.032239208473667	1	FAM234A
2.69294687417344e-06	1.500619001315	0.097	0.033	0.0322453458713527	1	HOXD3
2.72038082991298e-06	1.6179446431273	0.206	0.085	0.032573840057378	1	GADD45G
2.72704095129652e-06	3.63812252506493	0.063	0.004	0.0326535883508245	1	LOC138567786
2.72704095129652e-06	2.79012561850998	0.063	0.009	0.0326535883508245	1	HSD17B14
2.74285710203937e-06	1.58808184256533	0.202	0.07	0.0328429709398194	1	PARP3
2.75909530563892e-06	-0.996728851448585	0.239	0.416	0.0330374071897204	1	PREX2
2.82342679603234e-06	0.908211688432675	0.508	0.333	0.0338077124556912	1	RAPGEF6
2.87476224465298e-06	-0.930015353014867	0.168	0.317	0.0344224031174748	1	PGLS
3.0008086093751e-06	3.44547744712253	0.05	0.004	0.0359316822886575	1	PLCB3
3.0119061554633e-06	3.33856224320602	0.05	0.004	0.0360645643055175	1	INPP5D
3.05284918468296e-06	-1.6566207404962	0.059	0.174	0.0365548161373938	1	AR
3.10288623690371e-06	-0.635481122479051	0.534	0.66	0.037153959800685	1	ATP5MC3
3.10793696303432e-06	-0.491010593699124	0.597	0.715	0.037214437195373	1	SNRPE
3.10907111151048e-06	-2.28787689349129	0.029	0.147	0.0372280174892265	1	PRICKLE1
3.14184644715174e-06	1.51259164298107	0.164	0.063	0.037620469358195	1	DCBLD2
3.16635020362693e-06	1.61212731653199	0.147	0.05	0.0379138773382288	1	LRP1
3.18002577448074e-06	-0.763035385207707	0.462	0.578	0.0380776286236323	1	CLIC1
3.34151288652353e-06	1.7949913736818	0.126	0.039	0.0400112753032328	1	LOC138515867
3.37638552163839e-06	-1.52991536683312	0.059	0.185	0.040428840236098	1	NOS1AP
3.40757051438036e-06	-1.99837027629631	0.042	0.172	0.0408022493391905	1	C1QH1orf21
3.41661591929094e-06	-2.50871886326434	0.025	0.144	0.0409105590175897	1	HMCN1
3.43505111344419e-06	1.06241233758197	0.265	0.134	0.0411313020323807	1	TBC1D5
3.57342181682228e-06	0.863587780451001	0.353	0.202	0.04278815283463	1	RALA
3.6237203197497e-06	0.960050619952293	0.349	0.185	0.0433904271086829	1	CTSC
3.65594627114874e-06	0.980228501889923	0.37	0.206	0.043776300650735	1	BRD4
3.69328668899997e-06	2.46255096048148	0.067	0.012	0.0442234148140856	1	EFHD1
3.78611994660591e-06	-3.60980498837866	0.004	0.085	0.0453350002406591	1	GJA4
3.85340187799156e-06	0.974847621880373	0.197	0.097	0.046140634087071	1	VAC14
4.01093100731516e-06	5.41948223858959	0.042	0	0.0480268878815917	1	DHRS3
4.01225599563177e-06	5.66049033809338	0.042	0	0.0480427532916949	1	IGLON5
4.14087965937001e-06	-3.09884306910128	0.008	0.096	0.0495828930412964	1	ITGA8
4.23746001610203e-06	-0.637225142207715	0.517	0.651	0.0507393462328057	1	RSL24D1
4.29498443554677e-06	1.82254709620236	0.118	0.033	0.0514281436312371	1	CITED4
4.43015317371769e-06	1.14606260556224	0.361	0.202	0.0530466541020956	1	USP48
4.5178981115799e-06	-2.14614878387963	0.034	0.141	0.0540973119880578	1	THBD
4.86335908523677e-06	-0.301941776859896	0.975	0.967	0.0582338616866251	1	RPS27
4.9450336741396e-06	0.744321928896856	0.353	0.198	0.0592118332141476	1	PDS5B
5.02826443321833e-06	-3.7123747220192	0.004	0.096	0.0602084383233562	1	CILP
5.1234161244772e-06	1.63074299469933	0.151	0.051	0.06134778467449	1	P2RX4
5.13034602506319e-06	1.63812252506493	0.109	0.037	0.0614307633041067	1	CASP8
5.1621480908153e-06	1.04578049397818	0.189	0.097	0.0618115612394223	1	CORO6
5.17924790996263e-06	3.28197871483966	0.055	0.005	0.0620163144738925	1	MST1
5.23580451366256e-06	-0.598194542393084	0.374	0.509	0.0626935232465954	1	ARHGDIB
5.32535587781988e-06	2.03805313195357	0.076	0.018	0.0637658112810153	1	PAQR6
5.32547114626903e-06	3.7674055420099	0.055	0.003	0.0637671915054254	1	TAFA5
5.45956464130443e-06	0.724733632526354	0.437	0.282	0.0653728270149793	1	TNFRSF1A
5.53162316751166e-06	-2.56351133610472	0.017	0.113	0.0662356558077846	1	SLC16A1
5.53385997974054e-06	-0.43605738577667	0.891	0.921	0.0662624393974132	1	DYNLL1
5.57113304095821e-06	-4.43226680282647	0	0.085	0.0667087470324337	1	SOX17
5.81188669286696e-06	0.870069253114627	0.345	0.216	0.069591531260389	1	AKR1A1
5.87989864287545e-06	2.82254709620236	0.08	0.011	0.0704059063497906	1	EXPH5
6.01337465116579e-06	2.20105871945609	0.105	0.022	0.0720041480730592	1	KBTBD11
6.13316170180347e-06	1.10300857379434	0.328	0.185	0.0734384782173947	1	MFSD11
6.16165077606707e-06	1.0716959757812	0.315	0.168	0.0737796063926271	1	TBC1D4
6.30828404974834e-06	1.12210737806127	0.273	0.132	0.0755353932116866	1	OSBPL5
6.38386154791626e-06	-0.668538813169121	0.349	0.515	0.0764403581747493	1	BTF3
6.45654447340605e-06	-0.82422068899227	0.399	0.562	0.077310663524564	1	EGFL7
6.66482420634484e-06	-3.83436524639781	0.004	0.098	0.0798046050467731	1	DACH2
6.94812019326321e-06	1.40546176827466	0.126	0.048	0.0831967911941336	1	MLLT3
7.04050241437466e-06	-0.528499659837288	0.752	0.828	0.0843029759097222	1	RPL9
7.25096562802593e-06	-1.54244972057689	0.046	0.163	0.0868230624299824	1	GPR182
7.29329354415728e-06	0.777673877463724	0.416	0.286	0.0873298968977393	1	PARD3
7.31185474131162e-06	-0.928224297488879	0.197	0.336	0.0875521486724653	1	TMEM204
7.32147090374296e-06	-2.93072031029295	0.008	0.085	0.0876672926014181	1	ITGA1
7.36011339017074e-06	1.20640628463946	0.286	0.143	0.0881299977339044	1	LGALS3BP
7.71063382689189e-06	0.941672090637438	0.286	0.152	0.0923271294432035	1	GON4L
7.87929877754082e-06	1.5337858652502	0.122	0.045	0.0943467235622737	1	GALC
7.89222668932042e-06	0.756691390778447	0.408	0.243	0.0945015223779227	1	ERLIN2
8.08741939187068e-06	1.18534293179454	0.273	0.139	0.0968387597982596	1	EFNA1
8.27653178170049e-06	0.953791629480611	0.391	0.224	0.0991031915540816	1	EPS15
8.45734743890385e-06	1.52564779580652	0.139	0.052	0.101268278233435	1	MAP3K6
8.50416856960294e-06	0.819729331554878	0.298	0.189	0.101828914452426	1	PARP14
8.59177291392904e-06	0.880616152457888	0.21	0.114	0.102877888871386	1	GANAB
8.62752822307393e-06	-1.94683997565623	0.034	0.139	0.103306022943087	1	CRISP3
8.77003430757882e-06	-3.63986222223483	0.004	0.091	0.105012390798949	1	CNMD
9.10605742744025e-06	4.18244304128874	0.046	0.002	0.10903593163617	1	WDR86
9.10608661340392e-06	3.86694121556081	0.046	0.003	0.109036281108899	1	RYR2
9.14019849960673e-06	4.07552783737223	0.046	0.002	0.109444736834291	1	BACE2
9.17410979489655e-06	4.54501312067345	0.046	0.001	0.109850790684091	1	CDH10
9.17410979489655e-06	3.96005061995229	0.046	0.002	0.109850790684091	1	AVPR2
9.176937862701e-06	1.96005061995229	0.147	0.044	0.109884653967982	1	MYLIP
9.58694219999926e-06	-1.4006967238256	0.08	0.216	0.114794045902791	1	ST3GAL4
9.78834423637863e-06	-0.468584482727273	0.731	0.848	0.117205633886398	1	MYL12B
9.90346686492262e-06	-0.47058373437757	0.508	0.648	0.118584112240583	1	ATP5IF1
9.95223910755303e-06	0.880728167290887	0.37	0.221	0.11916811107384	1	ABCB5
9.96699270570632e-06	0.63987762873746	0.643	0.503	0.119344770658127	1	IGFBP1
1.04168640068836e-05	1.05734782130721	0.185	0.09	0.124731529618424	1	RNF170
1.04232938364891e-05	2.05316002434377	0.063	0.015	0.124808520398121	1	HOXD8
1.05330174356838e-05	3.62301563267472	0.063	0.004	0.126122350774878	1	SLC37A2
1.09171629567163e-05	-2.65465922416292	0.021	0.108	0.130722109243721	1	CXCR4
1.10547048274391e-05	2.00896022043324	0.105	0.03	0.132369035603755	1	CEBPB
1.12667152080914e-05	-0.821309093572367	0.202	0.348	0.134907647901686	1	TANB
1.13818647228333e-05	-0.933783822830779	0.265	0.437	0.136286448191206	1	SOX18
1.1515079732797e-05	0.513634932196759	0.744	0.618	0.137881564720511	1	TMEM176B
1.15804892732584e-05	1.06142764032737	0.395	0.222	0.138664778557996	1	JUN
1.16454599906248e-05	-3.62491188076886	0.004	0.094	0.139442737927741	1	SORBS2
1.16661422855621e-05	-1.56351133610472	0.034	0.11	0.139690387727321	1	CBFB
1.18992449446136e-05	-0.375768072343682	0.941	0.959	0.142481558966803	1	RPS8
1.20765710339622e-05	1.07788711024615	0.206	0.093	0.144604861560663	1	LOC138569198
1.22184997204274e-05	-0.841045311633629	0.332	0.512	0.146304315652398	1	ADGRL4
1.23619331940012e-05	5.28197871483965	0.038	0	0.148021788064971	1	GAS2
1.23619331940012e-05	2.6970162141185	0.038	0.005	0.148021788064971	1	SIAE
1.24625575748439e-05	0.776450681612904	0.273	0.158	0.149226664401181	1	POU2F1
1.25051867066701e-05	-0.368310908297898	0.824	0.891	0.149737105625668	1	RPS4X
1.26015863337265e-05	2.87758845976032	0.067	0.009	0.150891394760042	1	ADAMTS17
1.27757847745088e-05	-0.742268831407022	0.214	0.343	0.152977246889968	1	IQGAP1
1.27764272603628e-05	1.16487041184079	0.248	0.118	0.152984940015584	1	MAGI3
1.28330978042624e-05	-3.0248424876575	0.008	0.094	0.153663513108238	1	ANO8
1.30216452402488e-05	-0.964000526814408	0.134	0.275	0.155921180106739	1	RGCC
1.30843262720963e-05	-2.68380556982243	0.013	0.103	0.156671722782081	1	LPAR6
1.33239248683184e-05	1.51024770251277	0.155	0.057	0.159540676373244	1	N4BP1
1.34961456785892e-05	-1.08609116169243	0.189	0.336	0.161602848355427	1	RASA3
1.37379964408784e-05	1.03533874725653	0.357	0.201	0.164498769383078	1	PEAK1
1.4059086176669e-05	2.40062321133827	0.071	0.014	0.168343497879435	1	CPT1B
1.42252338234276e-05	1.10206962482472	0.252	0.117	0.170332949801722	1	TNIP1
1.42319506760594e-05	-0.457469698694395	0.534	0.7	0.170413377395135	1	TUBA1A
1.42758840631007e-05	1.35597929628343	0.101	0.039	0.170939435771568	1	TNKS1BP1
1.43308446965327e-05	0.793043101892275	0.408	0.238	0.171597534396283	1	SEPTIN10
1.44109669510761e-05	-1.6035382299763	0.067	0.197	0.172556918272185	1	DENND5A
1.4421683051083e-05	1.55795217638095	0.097	0.037	0.172685232853667	1	LOC138526789
1.4596337613714e-05	0.928341760224955	0.185	0.093	0.174776546586612	1	ATM
1.47495073035929e-05	0.866941215560811	0.214	0.124	0.176610600453221	1	ZNF644
1.49070950002791e-05	1.22308502578609	0.155	0.066	0.178497555533342	1	CFDP1
1.52838762169355e-05	2.15269569789469	0.097	0.021	0.183009133821585	1	LOX
1.5410412360344e-05	-1.42241901687012	0.046	0.149	0.184524277602759	1	USP43
1.54316202578323e-05	0.995970194207236	0.235	0.12	0.184778220967283	1	MBD2
1.56802569868195e-05	0.960050619952293	0.319	0.187	0.187755397160176	1	AMFR
1.56944415448263e-05	2.96005061995229	0.05	0.006	0.18792524305775	1	EPS8L2
1.59581367788237e-05	1.96005061995229	0.088	0.024	0.191082729789636	1	GPR137B
1.68417973894063e-05	1.20736067349307	0.239	0.107	0.201663681940751	1	LOC138498142
1.74953524205228e-05	1.22853945587819	0.202	0.089	0.20948934988334	1	CNDP2
1.76845466173401e-05	0.97254156413549	0.218	0.11	0.21175476119603	1	CRAMP1
1.91361456428753e-05	0.532368911421226	0.458	0.335	0.229136207927789	1	SNX2
1.93273562842725e-05	-0.345082918417697	0.92	0.935	0.231425764147879	1	RPS20
1.93701406517907e-05	-0.825277995775312	0.223	0.371	0.231938064164541	1	CFL1
2.03592265129493e-05	1.15269569789469	0.273	0.136	0.243781378266055	1	RBPJ
2.05054519905108e-05	0.858605356392747	0.42	0.278	0.245532282134376	1	VASH2
2.1039347691555e-05	-0.922227421174612	0.256	0.419	0.25192514925868	1	MXRA7
2.11213739842171e-05	0.714176765276682	0.471	0.322	0.252907332087015	1	SERPINB6
2.15276835441785e-05	2.0562659352116	0.113	0.028	0.257772482757993	1	SNAI1
2.233587376036e-05	-1.80371503355763	0.042	0.153	0.267449752406551	1	INPP4A
2.23503930798005e-05	0.924861191489993	0.311	0.162	0.267623606737531	1	SPTLC1
2.26232651693927e-05	0.798895828137713	0.378	0.241	0.270890977138309	1	SYNGR2
2.28691572596146e-05	-2.7403890981888	0.013	0.107	0.273835289026626	1	LOC138525662
2.30877968794459e-05	0.864893386911953	0.244	0.138	0.276453279834485	1	ATG9A
2.48789064154596e-05	1.03280696238761	0.244	0.119	0.297900025418713	1	DPP3
2.58634685606556e-05	0.667964536593856	0.618	0.467	0.30968917254529	1	PSAP
2.5958120018726e-05	0.869448071171386	0.218	0.107	0.310822529104226	1	MMP14
2.60412021448582e-05	-1.16605814919753	0.088	0.213	0.311817354482533	1	GAB2
2.60642356163239e-05	1.61609621873493	0.105	0.035	0.312093157269862	1	CEP131
2.60844533023507e-05	-1.31880875304318	0.067	0.167	0.312335243842347	1	JAM2
2.62621206021554e-05	1.36770858886554	0.223	0.093	0.314462632090209	1	SMTN
2.65989479349285e-05	1.57538676971697	0.143	0.043	0.318495802572833	1	NOTCH3
2.67512265980938e-05	-0.856933003303088	0.227	0.388	0.320319187285575	1	JAM3
2.72955277788415e-05	-1.28050992408308	0.101	0.23	0.326836649623848	1	TCIM
2.73028044531214e-05	0.960050619952293	0.315	0.175	0.326923780521675	1	GOLGB1
2.764460333818e-05	-1.33062654095063	0.113	0.238	0.331016480371368	1	RIN3
2.7918138857874e-05	4.41948223858959	0.042	0.001	0.334291794684183	1	FGF14
2.7918138857874e-05	3.41948223858959	0.042	0.003	0.334291794684183	1	ST3GAL5
2.7918138857874e-05	3.41948223858959	0.042	0.003	0.334291794684183	1	KCND3
2.79686210140836e-05	0.568149619471384	0.5	0.36	0.334896268022637	1	USP9X
2.83438391894191e-05	1.02613981041007	0.239	0.13	0.339389130454104	1	KCNQ1
2.83736801668412e-05	1.12051529214554	0.315	0.162	0.339746446317756	1	LYN
2.8418084440225e-05	0.798412229694941	0.345	0.201	0.340278143087254	1	MTMR3
2.86741591530091e-05	1.00980365514939	0.366	0.213	0.343344381698131	1	RNF213
2.93691043358326e-05	0.695710016617874	0.328	0.205	0.351665655317259	1	TRAPPC9
2.94399145807129e-05	0.382599727692344	0.92	0.835	0.352513537189457	1	ND4
2.94971389972243e-05	-2.48289287589644	0.013	0.083	0.353198742352764	1	COL13A1
2.95768704194645e-05	-2.19837874265219	0.025	0.113	0.354153446402668	1	RNF220
2.95879429718347e-05	-0.780706553376288	0.206	0.338	0.354286029144749	1	HPSE
3.00611154993486e-05	0.428736581918373	0.731	0.624	0.3599517969892	1	TRIM39
3.08851372278947e-05	0.989797963346345	0.176	0.092	0.369818633166811	1	DAPK2
3.11821424138754e-05	-0.766508159152681	0.458	0.567	0.373374973263744	1	TUBA1B
3.12949009915149e-05	1.03990392764151	0.244	0.118	0.374725144472399	1	PIK3R2
3.25431349915004e-05	0.97372555684937	0.206	0.106	0.389671498388226	1	XYLB
3.25929924702572e-05	0.562227676025648	0.441	0.313	0.39026849183886	1	PRKAA1
3.27843582163891e-05	1.10942824399052	0.231	0.109	0.392559905283044	1	ACVR2A
3.29215297516704e-05	-0.897164816632036	0.235	0.382	0.394202397246501	1	SSBP3
3.33642437597984e-05	-0.278853189257361	0.958	0.971	0.399503454779826	1	TPT1
3.34762255266473e-05	3.3845484484802	0.08	0.015	0.400844324456074	1	STEAP4
3.36709340921811e-05	-1.06288619132487	0.143	0.268	0.403175764819776	1	RASAL2
3.4035653680175e-05	0.435305642065243	0.798	0.694	0.407542917166415	1	LOC138504591
3.43265974009737e-05	-0.346466825297526	0.861	0.911	0.411026677279259	1	RPS21
3.4726767444362e-05	0.950464571123095	0.265	0.148	0.41581831337879	1	SGPP1
3.48053898385237e-05	0.74531177115928	0.294	0.18	0.416759737926482	1	CUL5
3.4873834798946e-05	1.19611797818582	0.206	0.093	0.417579297882579	1	FGD6
3.5030834754777e-05	2.00444473931075	0.113	0.033	0.4194592153537	1	LOC138583127
3.50989895426609e-05	0.817756737487171	0.303	0.172	0.420275300783822	1	XPO1
3.52171305689666e-05	-2.28787689349129	0.021	0.113	0.421689921432806	1	SOX13
3.52815123481906e-05	1.52395150514562	0.168	0.068	0.422460828857234	1	THRA
3.52930579480937e-05	-3.18969649955239	0.004	0.073	0.422599075870474	1	BAG2
3.53546706029689e-05	0.782965826937114	0.412	0.271	0.42333682579995	1	SFT2D1
3.60639653126176e-05	-1.25718009626838	0.08	0.186	0.431829920653283	1	S100A1
3.69447944389505e-05	0.974550189647408	0.202	0.097	0.442376968611993	1	NDFIP2
3.74788180521778e-05	0.912744905173936	0.282	0.176	0.448771367356777	1	ATF3
3.78456677920037e-05	3.04751346120263	0.067	0.008	0.453164026141452	1	PLEKHH2
3.81877651560656e-05	5.1299756213946	0.034	0	0.45726029997873	1	HSD17B11
3.81877651560656e-05	5.1299756213946	0.034	0	0.45726029997873	1	KIF26B
3.81877651560656e-05	4.1299756213946	0.034	0.001	0.45726029997873	1	HOXD10
3.86117705698477e-05	-3.7123747220192	0	0.053	0.462337340803357	1	DACH1
3.88594985728504e-05	2.35236804273105	0.084	0.016	0.46530363591131	1	LOXL3
3.92963549227436e-05	-2.48289287589644	0.013	0.09	0.470534553844932	1	PDE4C
3.93543600574006e-05	2.54501312067345	0.08	0.014	0.471229107327315	1	ERP29
3.93543600574006e-05	2.18244304128874	0.08	0.017	0.471229107327315	1	PAK1
3.95296333388307e-05	0.644274752046526	0.345	0.214	0.473327829599159	1	TP53BP2
3.99301193719021e-05	1.07552783737223	0.202	0.098	0.478123249359155	1	PLXNB2
4.06017607097374e-05	2.22308502578609	0.084	0.018	0.486165482738396	1	ETNPPL
4.06422078792913e-05	2.62301563267472	0.076	0.012	0.486649797146634	1	LTB4R
4.06422078792913e-05	2.30108753778736	0.076	0.015	0.486649797146634	1	LOC138489243
4.10546777895561e-05	0.626049692764356	0.374	0.257	0.491588711852145	1	MCL1
4.15837998532229e-05	0.546609905607778	0.395	0.272	0.497924419442491	1	LOC138472955
4.16634574479095e-05	1.20262092322637	0.164	0.075	0.498878239481268	1	GLIPR1
4.25296254046542e-05	2.30108753778736	0.076	0.014	0.50924973459533	1	LOC138566042
4.31009974669976e-05	-0.658520273411683	0.319	0.468	0.51609134366983	1	PLS3
4.39711699740501e-05	0.558628492530948	0.525	0.365	0.526510789269276	1	RSRP1
4.4619541160327e-05	1.06438727976703	0.311	0.159	0.534274385853755	1	LOC138566285
4.51306530476818e-05	0.73664328823921	0.546	0.415	0.540394439592942	1	LAMP1
4.53675993535791e-05	0.718389864911066	0.538	0.417	0.543231634659757	1	FOS
4.5518372276592e-05	0.446472752467902	0.5	0.355	0.545036989639912	1	PSPC1
4.55603220961985e-05	-1.58184315887698	0.067	0.185	0.545539296779881	1	CCSER1
4.57013192603027e-05	-0.427528883819804	0.647	0.768	0.547227596822865	1	RPL6
4.57564268043841e-05	0.772847627078145	0.311	0.191	0.547887454555695	1	ATP6V0D1
4.63300690782566e-05	0.902499597390134	0.294	0.183	0.554756247143045	1	ATP11B
4.63434727759257e-05	3.33856224320602	0.046	0.004	0.554916743018934	1	CELSR1
4.63434727759257e-05	3.33856224320602	0.046	0.004	0.554916743018934	1	RGS18
4.64939726895616e-05	-3.24940274567666	0.004	0.071	0.556718828984811	1	ADGRG1
4.73590780285615e-05	0.583330052224551	0.399	0.263	0.567077600313995	1	MICAL3
4.79920885019795e-05	0.864291637146862	0.21	0.112	0.574657267722703	1	ENOPH1
4.81173108819098e-05	1.48065387487707	0.248	0.143	0.576156680499988	1	SERPINE1
4.8981190305491e-05	-1.50906355208234	0.109	0.252	0.58650077271795	1	RBPMS
5.01211566061802e-05	0.904197385218775	0.151	0.079	0.600150729202402	1	PLEKHM2
5.1020651981936e-05	-4.76786983461091	0	0.071	0.610921286831702	1	RGS5
5.11048584568799e-05	0.702892780455168	0.311	0.19	0.61192957516268	1	RALGAPB
5.2568121550781e-05	0.813209231623022	0.252	0.15	0.629450687449052	1	ASXL1
5.33241696988661e-05	0.752455200543926	0.164	0.096	0.638503607974223	1	WDR47
5.4216508013649e-05	0.960050619952293	0.29	0.156	0.649188466955433	1	CORO1C
5.54563285193541e-05	0.704617936851837	0.378	0.235	0.664034077690747	1	NCOR2
5.56619513642587e-05	-0.638896110204564	0.462	0.603	0.666496205635634	1	CD81
5.62466157335872e-05	1.2596109018112	0.16	0.067	0.673496976793973	1	ACER1
5.70747593237265e-05	2.12997562139461	0.101	0.025	0.683413168142301	1	PIM2
5.72536704282801e-05	-1.44204782361905	0.08	0.205	0.685555449708226	1	LRRC8C
5.86058169821101e-05	-1.83696235788385	0.038	0.141	0.701746052543787	1	FAM222A
5.86634651407782e-05	-2.11319836207835	0.021	0.098	0.702436331595679	1	PRDM1
5.89815054929372e-05	0.790125618509981	0.34	0.228	0.70624454677243	1	UBE3A
5.91226611449909e-05	-1.46818637708141	0.067	0.175	0.707934744550121	1	STOM
5.97925129856382e-05	0.737658198615845	0.303	0.181	0.715955550490032	1	FKBP15
6.01865239696541e-05	1.46906426744015	0.13	0.053	0.720673438012638	1	ME3
6.04521652338729e-05	0.910581943687993	0.282	0.173	0.723854226510394	1	PLIN3
6.10342293288592e-05	-0.696887459552213	0.324	0.478	0.73082386198376	1	FLNA
6.10868432347398e-05	0.70341398531665	0.391	0.246	0.731453860892775	1	CDC42BPA
6.19185600297866e-05	1.6970162141185	0.101	0.031	0.741412837796665	1	LSAMP
6.23754263714703e-05	0.743917189087528	0.349	0.21	0.746883355371985	1	OSBPL8
6.2792357368773e-05	0.535959872420563	0.462	0.325	0.751875687133687	1	JAK1
6.32128510785958e-05	-0.448682302472342	0.622	0.715	0.756910678815106	1	COX6A1
6.57840697835718e-05	0.684709318666886	0.37	0.232	0.787698451588489	1	RABGAP1
6.68969571028723e-05	-4.18969649955239	0	0.073	0.801024164349793	1	TTC9
6.71039019393063e-05	0.996576495977407	0.235	0.119	0.803502121821254	1	CHERP
6.77833583415509e-05	0.775626048814866	0.324	0.194	0.81163793278173	1	WDFY1
6.78789266491174e-05	0.806971289947904	0.265	0.154	0.812782267696532	1	NUP58
6.92725225462163e-05	1.79655188766941	0.092	0.029	0.829469184968394	1	ARHGEF10
7.04446681603176e-05	-1.12241154023968	0.13	0.263	0.843504456551643	1	CASKIN2
7.08164346383676e-05	-0.744083581746541	0.218	0.341	0.847955988359814	1	KLF7
7.15241696301457e-05	-0.352241317158994	0.857	0.919	0.856430407151364	1	RPS13
7.45525989559838e-05	1.72126376036518	0.176	0.062	0.89269281989895	1	CD209
7.53045315222253e-05	0.919786749738566	0.21	0.111	0.901696460447126	1	CLUH
7.70688212767945e-05	1.27724079583299	0.151	0.065	0.922822065968337	1	SGCD
7.72790645739903e-05	-1.15794658944616	0.088	0.186	0.92533951920896	1	TDRP
7.72840085674457e-05	1.57817998460865	0.126	0.045	0.925398718586595	1	LPCAT2
7.84249546543256e-05	1.16785550506569	0.164	0.069	0.939060407030895	1	DSP
7.86189816448117e-05	2.63812252506493	0.055	0.009	0.941383686214975	1	EPB41L4B
7.90196668669299e-05	1.1091940592581	0.21	0.107	0.946181491064619	1	DXO
7.95406184652551e-05	3.28197871483966	0.055	0.005	0.952419365502965	1	CYP2G1P
7.99902131131922e-05	-0.891850741058573	0.168	0.283	0.957802811817364	1	CAV2
8.03577605651859e-05	-1.61687456170345	0.055	0.159	0.962203825007536	1	DMD
8.04692797753344e-05	1.91565650059384	0.109	0.03	0.963539156029855	1	RARRES1
8.08177348331341e-05	-3.18969649955239	0.004	0.073	0.967711556891947	1	EDNRA
8.09798234948082e-05	-0.476813241779729	0.676	0.748	0.969652406526833	1	TPM3
8.12353025033007e-05	1.68251664442338	0.109	0.041	0.972711512174523	1	MMP3
0.000369080859168809	4.96005061995229	0.025	0	1	1	ADRA1D
0.000369057689577723	4.7674055420099	0.025	0	1	1	EBI3
0.00115999796340098	4.7674055420099	0.021	0	1	1	LOC138450189
0.00115994899296062	4.54501312067345	0.021	0	1	1	VGLL3
0.00115994899296062	4.54501312067345	0.021	0	1	1	ASIC2
0.00115994899296062	4.54501312067345	0.021	0	1	1	DNAH2
0.00115994899296062	4.54501312067345	0.021	0	1	1	DUSP3
0.00115994899296062	4.54501312067345	0.021	0	1	1	LOC138491739
0.00115994899296062	4.54501312067345	0.021	0	1	1	LOC138579568
0.00115994899296062	4.54501312067345	0.021	0	1	1	LRRC9
0.00115994899296062	4.54501312067345	0.021	0	1	1	MASP1
0.00115994899296062	4.54501312067345	0.021	0	1	1	VSTM2L
0.00115994899296062	4.54501312067345	0.021	0	1	1	NR1I2
0.00369228159617064	4.28197871483965	0.017	0	1	1	KCNQ4
0.000781704125760346	4.1299756213946	0.029	0.001	1	1	LRFN1
0.000118392708407462	3.96005061995229	0.029	0.001	1	1	SMTNL2
0.000394381658017191	3.96005061995229	0.038	0.002	1	1	LOC138569070
0.000369057689577723	3.7674055420099	0.025	0.001	1	1	FGFR3
0.000369057689577723	3.7674055420099	0.025	0.001	1	1	NRG4
0.000369057689577723	3.7674055420099	0.025	0.001	1	1	TRPV1
0.00238534597896238	3.7674055420099	0.025	0.001	1	1	IL18R1
0.0072294779400215	3.7674055420099	0.021	0.001	1	1	ANKRD22
0.0072294779400215	3.7674055420099	0.021	0.001	1	1	LOC138566937
0.00025715308096814	3.6970162141185	0.034	0.002	1	1	SFRP1
0.000136081655488767	3.54501312067345	0.042	0.003	1	1	SHISAL1
0.000781704125760346	3.54501312067345	0.029	0.002	1	1	ERICH6B
0.00115994899296062	3.54501312067345	0.021	0.001	1	1	CSPG4
0.00115994899296062	3.54501312067345	0.021	0.001	1	1	ELOVL4
0.00115994899296062	3.54501312067345	0.021	0.001	1	1	FAM131A
0.00725494367217752	3.54501312067345	0.021	0.001	1	1	FAM110C
0.00725494367217752	3.54501312067345	0.021	0.001	1	1	H6PD
0.00725494367217752	3.54501312067345	0.021	0.001	1	1	IGF1
8.45890115583706e-05	3.41948223858959	0.038	0.003	1	1	LOC138473540
0.000136992232994822	3.41948223858959	0.042	0.003	1	1	LOC138492289
0.000784560391674552	3.37508811923114	0.029	0.002	1	1	PKNOX2
0.000784560391674552	3.37508811923114	0.029	0.002	1	1	TWIST2
0.000182110976042286	3.33856224320602	0.046	0.004	1	1	HAMP
8.49025295082244e-05	3.28197871483966	0.038	0.003	1	1	MDFI
0.00369228159617064	3.28197871483965	0.017	0.001	1	1	SLPI
0.00115999796340098	3.18244304128874	0.021	0.002	1	1	ST6GALNAC2
0.00238534597896238	3.18244304128874	0.025	0.002	1	1	LOC138569608
0.00238534597896238	3.18244304128874	0.025	0.002	1	1	MAMDC2
0.000636455986653683	2.98241843298075	0.097	0.031	1	1	LOC138580932
0.00141635639509929	2.96005061995229	0.038	0.004	1	1	FBLN5
0.00331335850931919	2.96005061995229	0.029	0.003	1	1	EPCIP
0.00931602635618103	2.96005061995229	0.025	0.003	1	1	SRGAP3
0.00369237639087072	2.96005061995229	0.017	0.002	1	1	AXIN2
0.00725494367217752	2.96005061995229	0.021	0.002	1	1	LAMA3
0.00725494367217752	2.96005061995229	0.021	0.002	1	1	WNK4
9.18031709172509e-05	2.86694121556081	0.059	0.008	1	1	KIAA0040
0.00021951497213696	2.85313541603578	0.05	0.006	1	1	HOXD9
0.009371632320814	2.7674055420099	0.025	0.003	1	1	LOC138581157
0.0015848370979611	2.73765819861584	0.042	0.005	1	1	LOC138488005
0.000399589934566798	2.6970162141185	0.038	0.005	1	1	LOC138513697
9.87676877132364e-05	2.63812252506493	0.063	0.01	1	1	DUSP10
0.00331335850931919	2.63812252506493	0.029	0.004	1	1	LOC138510263
0.00331335850931919	2.63812252506493	0.029	0.004	1	1	ZFHX4
9.18031709172509e-05	2.54501312067345	0.059	0.01	1	1	FOXP4
0.000781704125760346	2.54501312067345	0.029	0.005	1	1	ARID5A
0.00115994899296062	2.54501312067345	0.021	0.003	1	1	TRIM15
0.00384148305419318	2.54501312067345	0.034	0.005	1	1	SFRP2
0.00725494367217752	2.54501312067345	0.021	0.003	1	1	GFRA1
0.00725494367217752	2.54501312067345	0.021	0.003	1	1	LOXL1
0.00725494367217752	2.54501312067345	0.021	0.003	1	1	PTPN6
0.00158485126497175	2.49056533665107	0.046	0.009	1	1	SEPTIN12
0.00238534597896238	2.44547744712253	0.025	0.004	1	1	PSMB9
0.009371632320814	2.44547744712253	0.025	0.004	1	1	LOC138574303
0.00893063987985711	2.41948223858959	0.042	0.008	1	1	LOC138572102
0.000118392708407462	2.37508811923114	0.029	0.005	1	1	HMMR
0.000190208980312347	2.37508811923114	0.046	0.008	1	1	SPATS2L
0.0070496182117762	2.3079739233726	0.05	0.011	1	1	PHF21B
0.000246239271997555	2.30108753778736	0.063	0.014	1	1	AXL
0.000625549712640241	2.28197871483966	0.059	0.012	1	1	LOC138453595
0.000236054323038436	2.22308502578609	0.071	0.015	1	1	VSTM4
0.00771940768755115	2.22308502578609	0.046	0.012	1	1	PRRT1B
0.000608540287559045	2.22308502578609	0.046	0.009	1	1	FAM83D
0.00380604368199698	2.22308502578609	0.046	0.01	1	1	LOC138526072
9.83068104846227e-05	2.20797813339588	0.076	0.016	1	1	PRKAR2B
0.009371632320814	2.18244304128874	0.025	0.005	1	1	IL17RD
0.009371632320814	2.18244304128874	0.025	0.005	1	1	SFXN1
0.009371632320814	2.18244304128874	0.025	0.005	1	1	LOC138579931
0.000541365324330035	2.12997562139461	0.088	0.025	1	1	HCST
0.00384148305419318	2.12997562139461	0.034	0.008	1	1	ZNF79
0.00240634038093375	2.11205371339734	0.063	0.018	1	1	NFKBIE
0.00403664024697247	2.11205371339734	0.038	0.008	1	1	TNFRSF18
0.00401225405310777	2.04251278014427	0.067	0.017	1	1	LOC138580471
0.000249779996288247	1.96005061995229	0.059	0.016	1	1	NT5DC1
0.000513669797000257	1.96005061995229	0.042	0.011	1	1	LOC138569225
0.000616445022684804	1.96005061995229	0.063	0.015	1	1	CPVL
0.00063925918575917	1.96005061995229	0.055	0.014	1	1	LOC138497456
0.00315671139602155	1.96005061995229	0.055	0.015	1	1	SYBU
0.00320898426896786	1.96005061995229	0.055	0.014	1	1	BMP2
0.00399653371086056	1.96005061995229	0.042	0.011	1	1	CCDC200
0.00403664024697247	1.96005061995229	0.038	0.01	1	1	CDK6
0.0072294779400215	1.96005061995229	0.021	0.006	1	1	TOR3A
0.00725494367217752	1.96005061995229	0.021	0.005	1	1	PLEKHG3
0.00805634531496499	1.96005061995229	0.046	0.012	1	1	ECRG4
0.00969373273773466	1.96005061995229	0.038	0.01	1	1	GLOD5
0.000794616983192487	1.90115693089872	0.08	0.024	1	1	RASGEF1B
0.000236054323038436	1.88204810795102	0.071	0.018	1	1	VWA7
0.000574805579662517	1.88204810795102	0.063	0.019	1	1	GGA2
0.00113082950676451	1.88204810795102	0.067	0.018	1	1	LOC138468335
0.000605546041086287	1.87758845976032	0.063	0.016	1	1	CECR2
0.00063925918575917	1.86051494640138	0.055	0.015	1	1	CHEK2
0.00391499735649026	1.85313541603578	0.038	0.014	1	1	IRF7
0.00716050971648989	1.85313541603578	0.05	0.013	1	1	IFT81
0.00377802389683306	1.84457340253236	0.034	0.013	1	1	ASL
0.00269006536631787	1.82880608667404	0.063	0.015	1	1	MDGA1
0.000273717915862939	1.82678408908883	0.122	0.036	1	1	HDGFL3
0.00110828927514169	1.81566071061712	0.067	0.022	1	1	ITGA2
9.05566136465028e-05	1.79012561850998	0.059	0.018	1	1	LOC138520093
0.00127954350073016	1.79012561850998	0.063	0.018	1	1	LRP11
0.00331335850931919	1.79012561850998	0.029	0.009	1	1	WDR73
0.00548873394702289	1.77947837431047	0.059	0.017	1	1	MUC5B
0.00063925918575917	1.7674055420099	0.055	0.016	1	1	DYRK4
0.00150380511600094	1.7674055420099	0.055	0.016	1	1	IRS4
0.00160462925976386	1.73765819861584	0.046	0.014	1	1	MTFMT
0.00725494367217752	1.73765819861584	0.021	0.005	1	1	CCDC106
0.0022403121702561	1.72558536631527	0.067	0.021	1	1	CYBRD1
0.00710221694288525	1.72558536631527	0.067	0.021	1	1	STEAP3
0.000441447050465871	1.7190425204485	0.076	0.024	1	1	LOC138487731
9.67920591658336e-05	1.71493812211576	0.105	0.033	1	1	CIPC
0.000253586189694569	1.6970162141185	0.059	0.018	1	1	OBSCN
0.00369228159617064	1.6970162141185	0.017	0.004	1	1	LTA
0.000479213134312501	1.68441617733887	0.076	0.022	1	1	CMKLR1
0.00320898426896786	1.67994270075956	0.055	0.017	1	1	FBXO34
0.000147362161559772	1.6762576539517	0.092	0.029	1	1	CNPY1
9.67920591658336e-05	1.67054400275731	0.105	0.035	1	1	GBE1
0.00113082950676451	1.67054400275731	0.067	0.023	1	1	ID2
0.000123461704380477	1.66844706192173	0.244	0.122	1	1	SQSTM1
0.00716050971648989	1.66049033809339	0.05	0.016	1	1	CEBPG
0.00716050971648989	1.66049033809339	0.05	0.016	1	1	CITED1
0.00716050971648989	1.66049033809339	0.05	0.016	1	1	LOC138504791
0.00958522568992021	1.66049033809339	0.038	0.014	1	1	HES5
0.000793872339618004	1.64689273469266	0.118	0.043	1	1	GALNS
0.00575521173920544	1.63812252506493	0.071	0.026	1	1	NRIP1
0.00120976743217605	1.62301563267472	0.063	0.022	1	1	JPH1
0.00155914282801805	1.61212731653199	0.042	0.013	1	1	PCDHAC2
0.00353239366510654	1.61212731653199	0.084	0.029	1	1	ZC3H12B
0.00399653371086056	1.61212731653199	0.042	0.014	1	1	ZNF503
0.000374263894493588	1.59231883545181	0.113	0.042	1	1	TNFRSF21
0.000594172421444417	1.59081681028657	0.088	0.026	1	1	LOC138511556
0.00819458376778888	1.58808184256534	0.063	0.023	1	1	CEACAM6
0.00989433109261234	1.58153899669856	0.038	0.012	1	1	TMT1A
0.000520779570902456	1.57672198040079	0.092	0.031	1	1	MEAK7
0.000153842956644634	1.56577168084025	0.134	0.049	1	1	LOC138452633
0.000909447266790903	1.56412194362115	0.076	0.026	1	1	PCYOX1
0.000182349707016932	1.56271512240691	0.139	0.055	1	1	FERMT3
9.48005692404448e-05	1.55669492572108	0.122	0.043	1	1	TMEM220
0.000239311527379398	1.54501312067345	0.055	0.021	1	1	LOC138569807
0.00203020942975208	1.53120732114842	0.097	0.037	1	1	NETO2
0.000176067021114789	1.52941626562243	0.088	0.027	1	1	THSD4
0.000138908455239266	1.52833437952682	0.155	0.059	1	1	CD274
0.00151408009560577	1.52709121267619	0.08	0.027	1	1	KIF11
0.00629520104826852	1.51947802856631	0.055	0.019	1	1	HYAL1
0.00023532685099583	1.51947802856631	0.097	0.039	1	1	SNX8
0.00194248561537799	1.51259164298107	0.071	0.026	1	1	TIMP3
0.00399653371086056	1.51259164298107	0.042	0.015	1	1	PTPRF
0.00893063987985711	1.51259164298107	0.042	0.015	1	1	HSPA2
0.000259113219099515	1.5043711361761	0.134	0.051	1	1	ACAP1
0.00065425465945668	1.5043711361761	0.113	0.043	1	1	IFIT5
0.00282547341719148	1.500619001315	0.059	0.022	1	1	KIAA0513
0.00244380931828133	1.4961035201925	0.113	0.042	1	1	ARHGAP42
0.000843750663900235	1.49056533665107	0.092	0.037	1	1	NHEJ1
0.00144404012076816	1.47462379278205	0.118	0.042	1	1	DAGLB
0.00165628809500603	1.47462379278205	0.076	0.029	1	1	MMP28
0.00519439432463635	1.47462379278205	0.059	0.023	1	1	IL6
9.7033609828968e-05	1.46255096048148	0.134	0.049	1	1	SULT1C2
0.00729300987003437	1.46255096048148	0.067	0.024	1	1	CLDN5
0.00215630458099758	1.45755027942311	0.097	0.036	1	1	ENTPD8
0.00380604368199698	1.45755027942311	0.046	0.017	1	1	CBFA2T3
0.000220402636328181	1.45309063123241	0.076	0.028	1	1	SLC9B2
0.00539651859813542	1.45309063123241	0.076	0.026	1	1	FOXM1
0.009371632320814	1.44547744712253	0.025	0.01	1	1	LOC138491247
0.009371632320814	1.44547744712253	0.025	0.01	1	1	SGSM1
0.000278191082547501	1.43648866389528	0.16	0.071	1	1	BMP1
0.00254966367232066	1.43648866389528	0.063	0.024	1	1	AASDH
0.00022761453625944	1.41948223858959	0.109	0.046	1	1	MMP19
0.00111726565952049	1.41948223858959	0.088	0.031	1	1	FCHSD1
0.00611965597920872	1.41573010372848	0.092	0.035	1	1	TXNRD2
0.00159424724368084	1.41461648341777	0.13	0.056	1	1	TMEM37
0.000101790051466835	1.4125628246498	0.269	0.145	1	1	SNX10
0.00157840461932748	1.4125628246498	0.05	0.019	1	1	LOC138525649
0.00494744186522716	1.4125628246498	0.097	0.039	1	1	FLNC
0.000236844010909185	1.40985353739181	0.113	0.042	1	1	RAB11FIP5
0.00563357386114799	1.40750959692351	0.059	0.022	1	1	IQCE
0.00409728562779822	1.40365727142791	0.067	0.026	1	1	LOC138498117
0.00331311554272121	1.39445344409807	0.097	0.039	1	1	ULK4
0.000238545508203374	1.39068497428216	0.126	0.049	1	1	LY96
0.00341421742209895	1.37508811923114	0.097	0.037	1	1	ING2
0.000471056027868768	1.37508811923114	0.122	0.046	1	1	PDZD2
0.000590073051326748	1.37508811923114	0.046	0.018	1	1	ARHGAP4
0.00076004976897319	1.37508811923114	0.08	0.035	1	1	FBXO8
0.00160462925976386	1.37508811923114	0.046	0.017	1	1	TNFAIP3
0.00352192734132696	1.37508811923114	0.113	0.048	1	1	NISCH
0.00725494367217752	1.37508811923114	0.021	0.009	1	1	SPRYD4
0.00808377666663355	1.37508811923114	0.076	0.031	1	1	GINS2
0.00594585503488991	1.35597929628343	0.092	0.039	1	1	LOC138491604
0.00649419579356763	1.35432955906434	0.092	0.036	1	1	LRP10
0.000186124708904911	1.34439132200822	0.206	0.091	1	1	IFI27
0.000104993891936474	1.33712026903212	0.181	0.076	1	1	DNAJB2
0.00223401043808647	1.3355597550445	0.097	0.038	1	1	VCPKMT
0.00918234523895572	1.3355597550445	0.092	0.038	1	1	MID1IP1
0.0011134119114258	1.33444613473379	0.122	0.052	1	1	DTNB
0.00134716904227102	1.33444613473379	0.126	0.056	1	1	ZRANB3
0.000141766328316463	1.33201939733925	0.042	0.016	1	1	PLAG1
0.00305340191964769	1.33201939733925	0.088	0.036	1	1	GTPBP10
0.00584288175439366	1.33201939733925	0.084	0.033	1	1	MAP3K14
0.00031818463870832	1.322620699337	0.13	0.056	1	1	CYP3A4
0.00900175257519252	1.322620699337	0.101	0.042	1	1	GPC4
0.00438023088994079	1.31850459086477	0.101	0.041	1	1	KCTD3
0.000404369856384678	1.31293164316857	0.235	0.132	1	1	IRF1
0.00721903419771156	1.3079739233726	0.05	0.022	1	1	LOC138504244
0.000203757363593724	1.30370348599437	0.252	0.137	1	1	LOC138492940
0.000544963245226056	1.30108753778736	0.067	0.031	1	1	TRMT11
0.000103644421290242	1.29523481154192	0.143	0.067	1	1	ABR
0.000184366166978155	1.29262595903916	0.13	0.056	1	1	LMBR1L
0.000485926895554834	1.29125652842767	0.139	0.063	1	1	CYP4V2
0.000326035006413654	1.28197871483966	0.118	0.051	1	1	TJAP1
0.00271040444901477	1.28197871483966	0.122	0.05	1	1	GNS
0.00295867112643712	1.28197871483966	0.059	0.023	1	1	NCKIPSD
0.00347632523304674	1.28197871483966	0.05	0.025	1	1	FIGNL1
0.00548873394702289	1.28197871483966	0.059	0.025	1	1	SH3BGRL2
0.000358777399994773	1.27652428474755	0.126	0.052	1	1	C2CD2L
0.00416373511927681	1.27555244568022	0.176	0.09	1	1	NAV3
0.00351575799683436	1.27199462626703	0.071	0.03	1	1	MRS2
0.00985930633012135	1.27199462626703	0.071	0.03	1	1	WDR76
0.00293635830359549	1.27199462626703	0.126	0.057	1	1	LOC138530138
0.00510903160793328	1.26817291531462	0.097	0.043	1	1	NUSAP1
0.000172039221365978	1.26261338997272	0.134	0.056	1	1	KIF22
0.00151920912422764	1.2596109018112	0.092	0.041	1	1	RHBDD1
0.00396621270271123	1.2596109018112	0.092	0.041	1	1	ZNF76
0.000174824735934684	1.25839189452204	0.248	0.141	1	1	RND3
0.00149492107235134	1.25644362273252	0.134	0.058	1	1	MGST1
0.000475931647196197	1.25550650347846	0.109	0.046	1	1	ICAM4
0.000577469799179069	1.2515134341126	0.143	0.067	1	1	LOC138481675
0.00958522568992021	1.24955723714728	0.038	0.017	1	1	LOC138471906
0.00170092687067096	1.24635480510893	0.088	0.04	1	1	PLK3
0.00331311554272121	1.24635480510893	0.097	0.043	1	1	C9orf72
0.00710221694288525	1.24015853914503	0.067	0.029	1	1	CCSAP
0.00156350178355331	1.23568506256572	0.092	0.04	1	1	CENPV
0.000342894791391664	1.22308502578609	0.139	0.06	1	1	NPL
0.0030403135261757	1.22308502578609	0.109	0.048	1	1	MAFG
0.00326642134747896	1.22308502578609	0.109	0.045	1	1	RDH16
0.00351575799683436	1.22308502578609	0.071	0.031	1	1	F2RL1
0.00260845900654078	1.22308502578609	0.122	0.049	1	1	FANCC
0.00384148305419318	1.22308502578609	0.034	0.015	1	1	LOC138581039
0.0016581851102715	1.21281669033226	0.113	0.05	1	1	ST3GAL3
0.00262692693196131	1.21281669033226	0.113	0.049	1	1	NSMCE2
0.00128165417711217	1.21158938694826	0.097	0.044	1	1	E4F1
0.000392149866749226	1.21085872345283	0.172	0.081	1	1	ADA
0.00315526819207849	1.21002887296064	0.088	0.038	1	1	FAM219B
0.00336268725237971	1.20797813339588	0.139	0.066	1	1	TBC1D30
0.00857345982801631	1.20516311778882	0.063	0.026	1	1	NCAPG
0.000179075883846903	1.19923828383172	0.143	0.063	1	1	MARCHF8
0.000100261613442758	1.19451587358932	0.16	0.069	1	1	CREBRF
0.00409728562779822	1.18953246607506	0.067	0.029	1	1	TRIM59
0.00710221694288525	1.18953246607506	0.067	0.03	1	1	SMIM26
0.0013602684873505	1.18886931044817	0.202	0.125	1	1	TNFAIP2
0.00582224141862361	1.18244304128874	0.084	0.038	1	1	MTHFR
0.000290072252780959	1.16650149741972	0.176	0.083	1	1	ERI2
0.00175046855160257	1.16650149741972	0.122	0.055	1	1	WDR82
0.00123577405591862	1.16487041184079	0.139	0.062	1	1	PRSS
0.000293479543713115	1.16358401403742	0.214	0.103	1	1	DAG1
0.00020620197949436	1.16096331387829	0.189	0.093	1	1	PKD1
0.00353365805464984	1.16034927043812	0.105	0.05	1	1	CTSO
0.000506244939497102	1.15269569789469	0.092	0.044	1	1	HEBP1
0.00857345982801631	1.15269569789469	0.063	0.028	1	1	MED24
0.000113068639439515	1.14812296810486	0.185	0.078	1	1	AVL9
0.000208390014083744	1.14812296810486	0.168	0.081	1	1	UBE2E2
0.000885951496522571	1.14560627310837	0.118	0.054	1	1	PLEKHM1
0.00814304681552999	1.14560627310837	0.113	0.049	1	1	ITGB5
0.000189302090057019	1.14376257312468	0.084	0.029	1	1	HSPB6
8.96358635513433e-05	1.1429146771021	0.168	0.079	1	1	BCL2L13
0.000168625132687969	1.13692838203637	0.155	0.072	1	1	PDPR
0.000283702225015885	1.13692838203637	0.151	0.073	1	1	CRYL1
0.00352873653185074	1.13692838203637	0.05	0.023	1	1	PEX6
0.00219462306203258	1.12997562139461	0.067	0.033	1	1	WDR74
0.00900175257519252	1.12997562139461	0.101	0.05	1	1	HMCN2
0.00985930633012135	1.12997562139461	0.071	0.033	1	1	BFAR
0.00262662849681791	1.12716060578755	0.13	0.06	1	1	NXT2
0.0035372854283058	1.12716060578755	0.122	0.06	1	1	EIF4ENIF1
0.000924087493511419	1.12180168994891	0.126	0.062	1	1	TEX264
0.00694533264990689	1.11205371339734	0.08	0.038	1	1	TUT1
0.000148429389158302	1.11205371339734	0.193	0.092	1	1	ASGR1
0.00407840167118819	1.11205371339734	0.134	0.065	1	1	USP46
0.00858708843210591	1.11205371339734	0.109	0.056	1	1	ANTXRL
0.00677319584781415	1.10689200828156	0.118	0.056	1	1	FANCI
0.000583423795872729	1.10279079206838	0.252	0.129	1	1	CORO7
0.00315155469745539	1.10022827800055	0.109	0.051	1	1	ZNF568
0.00846085798803961	1.0949802000384	0.105	0.049	1	1	ADAM33
0.000961268988154007	1.09331715081576	0.134	0.066	1	1	DTWD1
0.00017472849380377	1.09250091597594	0.206	0.107	1	1	MOB3A
0.00220812762321456	1.0887839340745	0.155	0.078	1	1	BRD10
0.00611965597920872	1.08558150203615	0.092	0.046	1	1	HNMT
0.00302814357432265	1.08558150203615	0.118	0.058	1	1	FUT8
0.00133780385270499	1.08253462647729	0.151	0.08	1	1	ZNF451
0.00115491710234391	1.08135691617443	0.122	0.057	1	1	DBF4
0.000291301783495947	1.07370740174786	0.231	0.129	1	1	MAP1LC3A
0.00264593401681149	1.07252534921071	0.08	0.036	1	1	GLCE
0.00796578244725312	1.07108193234104	0.105	0.052	1	1	NFATC2IP
0.00708131316882689	1.07023353770272	0.13	0.065	1	1	VCPIP1
0.00322074618559837	1.06967511112679	0.147	0.076	1	1	BANP
0.00316138026475961	1.0669658238688	0.126	0.062	1	1	NCAPD2
0.0090396602143615	1.0669658238688	0.084	0.041	1	1	UTP14A
0.00405486810077144	1.0669658238688	0.113	0.052	1	1	WBP1
9.89030549824785e-05	1.06554374879961	0.273	0.146	1	1	CBR1
0.000138080150100617	1.06523285664435	0.231	0.112	1	1	EPHA2
0.000800197683538079	1.06355519570615	0.218	0.114	1	1	HIVEP1
0.00458400241403631	1.05958629350321	0.118	0.056	1	1	FKBP8
0.00377785309047487	1.0562659352116	0.218	0.116	1	1	FOXO1
0.00835947308042047	1.05316002434377	0.063	0.031	1	1	C14H14orf28
0.00223294473106487	1.04984729030294	0.218	0.113	1	1	SELENON
0.00710221694288525	1.04751346120263	0.067	0.033	1	1	ARFRP1
9.71954249782488e-05	1.04097061533586	0.206	0.106	1	1	ATXN3
0.00470269004460582	1.0394850874467	0.109	0.053	1	1	QSOX1
0.000461629405643908	1.03805313195357	0.076	0.038	1	1	LRRCC1
0.0053255230907313	1.03599947318559	0.143	0.073	1	1	RHBDF2
0.000279640651537757	1.03533874725653	0.21	0.114	1	1	SH3BP5
0.0015800336972659	1.03405120139607	0.155	0.081	1	1	GLMP
0.00336233828777007	1.03405120139607	0.071	0.039	1	1	SHF
0.000222607522637098	1.03256311973666	0.185	0.092	1	1	MTMR10
0.00611612019910483	1.03160388097733	0.118	0.06	1	1	TBC1D8B
0.000163888681395334	1.03043994784369	0.218	0.124	1	1	PDLIM7
0.00396631345795416	1.02324444643949	0.139	0.065	1	1	PAOX
0.000223735603998802	1.02145116461644	0.218	0.116	1	1	COMT
0.00252276400484356	1.01975686607656	0.147	0.075	1	1	TRMT1L
0.00010702788771167	1.01815357451586	0.155	0.075	1	1	DHX29
0.000708345132244201	1.01348987891375	0.197	0.107	1	1	LOC138513586
0.00629520104826852	1.01251803984643	0.055	0.028	1	1	CNNM2
0.00981238500608851	1.00896022043324	0.059	0.03	1	1	SLC25A43
9.95313047088796e-05	1.00659320588932	0.227	0.119	1	1	ADAM9
0.000886711724809342	1.00644352543674	0.265	0.145	1	1	ARID5B
0.00544525327632706	1.00585430956542	0.122	0.06	1	1	OSBPL3
0.00263279760609461	1.00311934184418	0.13	0.066	1	1	KNTC1
0.00281596262869955	1.00311934184418	0.139	0.067	1	1	GEMIN6
0.00711913071921812	1.00311934184418	0.122	0.069	1	1	KLHL5
0.00150751947097671	1.00187079564692	0.113	0.069	1	1	TSC22D3
0.00300596762205791	0.998524767766928	0.076	0.038	1	1	ACOXL
0.00963944516931893	0.998524767766928	0.071	0.039	1	1	CEP70
0.00438045935628603	0.997525325370956	0.286	0.193	1	1	SEMA7A
0.00551312652497112	0.996576495977407	0.143	0.077	1	1	CTTNBP2NL
0.000237709884831888	0.994816038112969	0.21	0.122	1	1	ANO6
0.00215630458099758	0.990424268995812	0.097	0.048	1	1	RAB29
0.00491166149627885	0.990424268995812	0.088	0.048	1	1	CARF
0.00346422563440982	0.988809612933717	0.193	0.12	1	1	FTL
0.000975664091614811	0.988064996121889	0.105	0.052	1	1	TRIP4
0.000525212014237937	0.986045828485237	0.248	0.132	1	1	HMGA1
0.00948075324386978	0.986045828485237	0.109	0.056	1	1	USP37
0.00365047186426826	0.98429816619897	0.113	0.06	1	1	ZNF34
0.00602635499193604	0.978197966662552	0.147	0.081	1	1	ZNF410
0.00479169183118011	0.977752621685751	0.134	0.079	1	1	EGR1
0.000208389696525808	0.976924438516689	0.168	0.087	1	1	USP8
0.000353273162217395	0.976538742740862	0.172	0.089	1	1	LATS2
0.00331877093909725	0.975157512342501	0.189	0.098	1	1	LAMTOR1
0.000785449599104706	0.974264479171993	0.193	0.102	1	1	RECK
0.000351873811414255	0.973471135714615	0.361	0.261	1	1	PLIN2
0.000694294941090814	0.972989675659791	0.193	0.109	1	1	NFATC4
0.000198984969443316	0.972761671701847	0.214	0.118	1	1	PLCD1
0.000209250213064084	0.972761671701847	0.206	0.114	1	1	EPB41L1
0.000207258957122007	0.960050619952293	0.185	0.096	1	1	CTDSP1
0.00062990336927927	0.960050619952293	0.05	0.027	1	1	SHISA4
0.00123833422969784	0.960050619952293	0.252	0.143	1	1	ABHD17B
0.00163261847593351	0.960050619952293	0.143	0.072	1	1	TAPBPL
0.00173189499284274	0.960050619952293	0.139	0.072	1	1	GNG7
0.00200856297383747	0.960050619952293	0.16	0.084	1	1	RUFY1
0.00442393987487118	0.960050619952293	0.118	0.063	1	1	EI24
0.00494270271832695	0.960050619952293	0.155	0.078	1	1	LOC138580359
0.00580504833584943	0.960050619952293	0.189	0.097	1	1	URI1
0.00626371850233069	0.960050619952293	0.16	0.087	1	1	MYD88
0.00744480999634271	0.960050619952293	0.155	0.086	1	1	EPB41L3
0.000562041095202568	0.960050619952293	0.303	0.176	1	1	BRI3
0.00111367501543799	0.960050619952292	0.101	0.052	1	1	NIF3L1
0.00169532574527926	0.960050619952292	0.076	0.04	1	1	C9H2orf76
0.00569318803395524	0.942563193223452	0.164	0.087	1	1	HEXB
0.000475553048983157	0.94212871195503	0.151	0.081	1	1	USP42
0.00136863369501793	0.94212871195503	0.164	0.082	1	1	CDK5RAP2
0.00652703790952614	0.941672090637439	0.147	0.077	1	1	SNX24
0.00423174446040401	0.940685295085362	0.134	0.079	1	1	VCF1
0.00100738264723407	0.939586517392577	0.134	0.072	1	1	PBK
0.00300133829960414	0.939586517392577	0.134	0.075	1	1	GLA
0.00459627122744075	0.939586517392577	0.143	0.072	1	1	IMP3
0.0093106927852613	0.939586517392577	0.13	0.075	1	1	ARHGAP12
0.0024204518441701	0.937682806923838	0.122	0.069	1	1	SFT2D2
0.000131568419076104	0.935803073705616	0.227	0.117	1	1	ASXL2
0.00377986937335314	0.935388565718024	0.113	0.062	1	1	CTSF
0.00788193478631267	0.935388565718024	0.113	0.062	1	1	CCZ1
0.00126859461493688	0.933578408591102	0.109	0.057	1	1	GDAP2
0.000179630798152091	0.932569883530186	0.206	0.103	1	1	SNX29
0.00434874176472985	0.930904274292776	0.189	0.105	1	1	THADA
0.00727184400251644	0.930303276558241	0.172	0.095	1	1	DPY19L1
0.00836288944296171	0.930303276558241	0.097	0.05	1	1	HERPUD1
0.00800285540173728	0.927629142259915	0.088	0.043	1	1	GAS2L3
0.00582224141862361	0.926103288028956	0.084	0.045	1	1	SPRTN
0.000822545455093475	0.92383043203954	0.214	0.114	1	1	TENT5B
0.000209789401478288	0.923213851771922	0.214	0.117	1	1	P2RX7
0.000167662938962025	0.92257591453363	0.21	0.109	1	1	LOC138566346
0.00191304762523139	0.92257591453363	0.218	0.117	1	1	RAB21
0.00457593589889371	0.921576472137657	0.143	0.076	1	1	JOSD2
0.000717559805897335	0.919786749738566	0.206	0.109	1	1	SLC25A22
0.00352267019493736	0.919408635454947	0.139	0.075	1	1	SEC23A
0.00855006546374648	0.917406282543799	0.181	0.108	1	1	ATP6AP1
0.00217892687293556	0.916981898060407	0.134	0.072	1	1	DHRS7
0.00362453157485584	0.916981898060407	0.13	0.07	1	1	BTN2A1
0.00835947308042047	0.91565650059384	0.063	0.035	1	1	B3GALT4
0.000697751064097618	0.914726629442803	0.189	0.104	1	1	IFNAR2
0.00390760311314343	0.914726629442803	0.155	0.089	1	1	SLC9A9
0.00917069027370514	0.914246930339168	0.126	0.066	1	1	WASHC5
0.00115023945636798	0.912744905173936	0.122	0.064	1	1	EMILIN2
0.00173528929535572	0.912744905173936	0.16	0.095	1	1	TBC1D10A
0.00138160005804631	0.911141019471347	0.118	0.064	1	1	GAA
0.00551538975433522	0.909424546882325	0.113	0.06	1	1	CDIPT
0.0047939376180736	0.908211688432675	0.151	0.09	1	1	PCCA
0.00152395482847556	0.907583200058157	0.105	0.056	1	1	PARP10
0.000492916574176349	0.906611360990833	0.206	0.111	1	1	STAT6
0.00291267125929611	0.905602835929916	0.151	0.081	1	1	MAP1S
0.00133396340137389	0.903467091585926	0.172	0.103	1	1	ALDH5A1
0.00305490354494391	0.902335122096006	0.197	0.107	1	1	FOCAD
0.000459549493127849	0.901947665388725	0.256	0.144	1	1	RNF216
0.00353107853408965	0.901156930898724	0.097	0.05	1	1	XLCOF6
0.00944833415277244	0.89865007528815	0.092	0.049	1	1	GALNT11
0.00376519126812976	0.895920282532578	0.13	0.069	1	1	POLK
0.00563799121931819	0.895920282532578	0.21	0.119	1	1	LOC138569353
0.00305340191964769	0.895920282532577	0.088	0.049	1	1	TPST1
0.00686919991019104	0.894462278324716	0.155	0.095	1	1	MTOR
0.00582224141862361	0.892936424093756	0.084	0.046	1	1	COG6
0.00886655369915961	0.891879117310713	0.126	0.069	1	1	NAGA
0.00092164278851822	0.886801637921654	0.181	0.107	1	1	PHYH
0.00900249611720359	0.886801637921654	0.181	0.104	1	1	SMYD2
0.000249726730174633	0.886588458011272	0.223	0.141	1	1	EMP1
0.00227972056523255	0.886050038508516	0.151	0.08	1	1	DCAF6
0.00853497315975916	0.886050038508516	0.155	0.084	1	1	INO80C
0.00150185500586248	0.882048107951019	0.147	0.073	1	1	PCBP3
0.0013504955605919	0.87988027126831	0.139	0.076	1	1	SRC
0.00317409325641406	0.87988027126831	0.143	0.073	1	1	PTPN3
0.000373825122420793	0.879130624568725	0.197	0.11	1	1	DUS2
0.00157437599520373	0.879130624568725	0.105	0.056	1	1	CEP68
0.00681547354162891	0.876634611764656	0.168	0.089	1	1	CHAF1B
0.00786300012608331	0.876634611764656	0.16	0.087	1	1	MORC3
0.000845972253295715	0.875986355163818	0.273	0.16	1	1	VMA21
0.000391632729094693	0.874765432007324	0.378	0.27	1	1	MARCKSL1
0.000121867401577574	0.87363586813482	0.282	0.172	1	1	SYNE2
0.00472243406707129	0.872587778701954	0.181	0.103	1	1	ZNF729
8.72336425668902e-05	0.871241352994437	0.235	0.134	1	1	COG3
0.00529439320923998	0.871045613893548	0.189	0.114	1	1	PTPN14
0.00408211275150763	0.868902731894098	0.092	0.051	1	1	TBKBP1
0.00649419579356763	0.868902731894098	0.092	0.051	1	1	TRAPPC13
0.00197138046648503	0.866941215560811	0.176	0.093	1	1	PHF19
0.00302814357432265	0.866941215560811	0.118	0.067	1	1	PPME1
0.00430169903056567	0.866074471743279	0.21	0.114	1	1	MAN2B1
0.00552320099325729	0.864893386911953	0.181	0.097	1	1	ZNF219
0.00754674206588388	0.864893386911953	0.088	0.049	1	1	LOC138567343
0.00161231173772748	0.864291637146862	0.193	0.108	1	1	RCN2
0.00293152050363656	0.864291637146862	0.181	0.11	1	1	GAB1
0.00104101789788167	0.860514946401378	0.227	0.137	1	1	PPP1R12B
0.00105917280882754	0.860514946401378	0.218	0.123	1	1	TMED5
0.00789410880168481	0.860514946401378	0.113	0.063	1	1	CDK2
0.00564957898284071	0.858512593490231	0.172	0.103	1	1	SIK2
0.00102910950646799	0.858171005933079	0.265	0.175	1	1	PARD3B
0.00149240270371394	0.857688902322615	0.248	0.146	1	1	PRSS16
0.00472389167861801	0.855713960137557	0.155	0.089	1	1	ZDHHC6
0.00659389329805298	0.854697619806065	0.126	0.071	1	1	PEAR1
0.000817489796018016	0.85199087409484	0.181	0.098	1	1	NMT2
0.00163126576554877	0.850426128777795	0.147	0.085	1	1	ZBTB44
0.00336683362893277	0.850426128777795	0.139	0.082	1	1	RBM23
0.00434588718591582	0.84986770220187	0.223	0.14	1	1	SLC3A2
0.00397977450048289	0.844573402532357	0.172	0.095	1	1	USHBP1
0.00025164667143599	0.844573402532357	0.231	0.133	1	1	SNX1
0.00421407303694672	0.842481023571117	0.185	0.119	1	1	DENND4B
0.00380897141872391	0.842214129658435	0.185	0.107	1	1	EAF2
0.000886250767204749	0.841869193603979	0.155	0.089	1	1	CEP250
0.00244380931828133	0.840751691579948	0.113	0.066	1	1	CCDC134
0.00154467004667413	0.84046900419962	0.282	0.173	1	1	NFAT5
0.00944833415277244	0.839756386234581	0.092	0.052	1	1	DOP1B
0.00021136197820851	0.838744323730159	0.231	0.13	1	1	NLK
0.000449311875887993	0.838060095573682	0.244	0.141	1	1	LOC138528830
0.00650629991751506	0.838060095573682	0.189	0.113	1	1	GPHN
0.000859667786823414	0.837193872166759	0.181	0.099	1	1	HAUS6
0.00143377495443822	0.837193872166759	0.168	0.098	1	1	EIF4G3
0.00685408247310758	0.834519737868434	0.134	0.073	1	1	TMCO3
0.000605748003551187	0.834519737868434	0.164	0.094	1	1	TBL1X
0.00854886641816689	0.834519737868434	0.172	0.096	1	1	ZNF362
0.0012396810742548	0.832938702048954	0.147	0.082	1	1	KAT8
0.000433225730111732	0.82999007938792	0.21	0.114	1	1	IKBKG
0.00209530952036229	0.829653982696618	0.151	0.085	1	1	XPO4
0.00305628319920482	0.829653982696618	0.151	0.08	1	1	MGAT4B
0.00377882343195437	0.827600323928643	0.105	0.057	1	1	NUBP1
0.003809395141859	0.826784089088829	0.122	0.07	1	1	STX2
0.00304795189885166	0.822547096202358	0.143	0.082	1	1	SUPT5H
0.00279474578852736	0.822547096202358	0.176	0.097	1	1	CERS3
0.00395290941307359	0.822547096202358	0.122	0.065	1	1	PITPNA
0.00647723739637648	0.82032585628568	0.21	0.133	1	1	RIOK3
0.00189475221494631	0.819729331554878	0.324	0.204	1	1	LOC138526850
0.00427465951737705	0.819188084112443	0.256	0.158	1	1	SMC4
0.00348306544119115	0.818694770706751	0.256	0.15	1	1	EIF4A2
0.00362453157485584	0.814620180430729	0.13	0.072	1	1	DTX2
0.00824090393093141	0.813209231623022	0.168	0.093	1	1	ANGEL2
0.00293948457835452	0.813209231623022	0.109	0.065	1	1	HTATIP2
0.00125541998099599	0.812296999508601	0.206	0.116	1	1	PHTF2
0.000355939978050023	0.81118723403781	0.328	0.195	1	1	VPS35
0.00944833415277244	0.81118723403781	0.092	0.054	1	1	LOC138521781
0.00144257461174302	0.810672995914066	0.197	0.123	1	1	GCLM
0.00288902563610117	0.808047526507243	0.185	0.096	1	1	MUC17
0.00972121604924518	0.808047526507243	0.168	0.102	1	1	LOC138510456
0.000398584690964835	0.807199131868922	0.466	0.332	1	1	GBP1
0.000241765956652631	0.807098697113694	0.286	0.16	1	1	NHSL1
0.00387588178139975	0.806804359656611	0.21	0.119	1	1	TMTC1
0.000564137510868936	0.805540670896668	0.366	0.241	1	1	TNPO2
0.000126545780415957	0.80448091148705	0.328	0.213	1	1	ADGRA2
0.000696606262678139	0.804255947344869	0.218	0.131	1	1	RIPK2
0.00934881470700309	0.802509342965813	0.151	0.089	1	1	MRPS9
0.001412605348618	0.801147024601232	0.235	0.139	1	1	SP140
0.00577998033259694	0.799585947759047	0.202	0.114	1	1	PIK3C2A
0.000106607942433003	0.798769712919232	0.345	0.211	1	1	VAPA
0.0090396602143615	0.797779191053416	0.084	0.049	1	1	CAPN7
0.00022358551522327	0.793153311207549	0.197	0.117	1	1	FN3K
0.000764238919146623	0.793153311207549	0.21	0.121	1	1	HVCN1
0.00517218519195779	0.792940634117034	0.206	0.134	1	1	SLC38A10
0.000618763644771833	0.792323174214227	0.252	0.153	1	1	HDAC8
0.00175146106983712	0.790125618509981	0.273	0.177	1	1	BCAS3
0.00198780983389162	0.79012561850998	0.202	0.114	1	1	NADK
0.00209095348963876	0.79012561850998	0.231	0.135	1	1	FAM98A
0.00150647811215236	0.787214023090077	0.214	0.124	1	1	LIMD1
0.00137807274050455	0.786402532467263	0.176	0.099	1	1	DCLK2
0.00092077183504393	0.784200784552875	0.294	0.175	1	1	SETD1A
0.00855006546374648	0.78372784731183	0.181	0.114	1	1	PITRM1
0.00509287723455861	0.781713378693781	0.076	0.045	1	1	TFIP11
0.003374919658712	0.78171337869378	0.286	0.168	1	1	SERPINH1
0.00102786327559476	0.781080478906974	0.197	0.121	1	1	COX20
0.00827272307345723	0.778720855237731	0.214	0.125	1	1	LAMA4
0.000379043040153171	0.775626048814866	0.214	0.121	1	1	FOXK1
0.000779619478839343	0.775626048814865	0.256	0.157	1	1	MFSD13A
0.00893063987985711	0.775626048814865	0.042	0.026	1	1	YIPF2
0.00974230674821843	0.774494966796216	0.202	0.12	1	1	SHMT1
8.74723379800121e-05	0.773860564147196	0.332	0.193	1	1	MBOAT2
0.00378674590628684	0.772423616776522	0.134	0.068	1	1	ASPM
0.00227233307297415	0.771605530539182	0.172	0.103	1	1	UBE2H
0.000715840127550177	0.769107837240898	0.206	0.118	1	1	FAM135A
0.000695283754962156	0.768624549299059	0.269	0.168	1	1	UGGT1
0.000745277828818634	0.767405542009897	0.445	0.352	1	1	EPPK1
0.00696077665282942	0.767405542009897	0.197	0.114	1	1	PIK3C3
0.00569590926774439	0.76503463754715	0.151	0.09	1	1	UFL1
0.000478841395572236	0.759517632579584	0.227	0.132	1	1	FAM98B
0.000141056991879699	0.759353269715164	0.261	0.152	1	1	CTR9
8.91524372050082e-05	0.758874684525541	0.454	0.285	1	1	GNAQ
0.000389832176229601	0.75493619004768	0.248	0.159	1	1	HOMER3
0.00495922574744601	0.753599742484866	0.21	0.12	1	1	RFC1
0.00848647001386992	0.753599742484866	0.105	0.059	1	1	MEX3A
0.00118608262911598	0.752455200543926	0.164	0.098	1	1	ODR4
0.000188494803925976	0.751942424622093	0.378	0.254	1	1	MMP2
0.00532803479617926	0.751942424622093	0.113	0.07	1	1	PRPF6
8.47452221378857e-05	0.750597254323343	0.277	0.184	1	1	CMIP
0.00285511406333009	0.750597254323343	0.185	0.111	1	1	PIP5K1A
0.000352011205285434	0.750015405135828	0.412	0.26	1	1	TSC22D2
0.00768002436892581	0.749832912561947	0.193	0.118	1	1	NOMO1
0.000184649229191272	0.746746071443804	0.311	0.199	1	1	RALGPS2
0.00176599999508921	0.745606951731336	0.273	0.171	1	1	ZMYM4
0.00115711131531907	0.743732713025529	0.265	0.157	1	1	BTN1A1
0.00117985513325512	0.742459184879666	0.311	0.191	1	1	SRGAP1
0.00714903368893279	0.742145589608159	0.176	0.105	1	1	LIN52
0.00346460148355103	0.74187044990276	0.189	0.116	1	1	CHD8
0.00055175459097167	0.741040838010497	0.235	0.14	1	1	MAP3K1
0.0072791372267101	0.740882099490132	0.235	0.141	1	1	ATG4B
0.0021188219221965	0.737658198615845	0.214	0.15	1	1	EPB41L5
0.000891280016780435	0.737658198615845	0.197	0.124	1	1	PTTG1IP
0.00182182531117954	0.737658198615845	0.122	0.073	1	1	SPNS1
0.000501017247867527	0.735084254952019	0.298	0.191	1	1	APBB1
0.000360976303088646	0.733982540472446	0.193	0.129	1	1	STAT1
0.00740625032680344	0.733982540472446	0.197	0.13	1	1	MAGT1
0.00139447980186719	0.730183078053698	0.223	0.134	1	1	TMEM181
0.000162728903169944	0.729096185112421	0.286	0.166	1	1	HIPK1
0.000832958783876395	0.728725073845837	0.185	0.107	1	1	PUS7
0.00449944596725852	0.72558536631527	0.197	0.118	1	1	ZNF391
0.000446666377748711	0.723011422651444	0.261	0.162	1	1	RUFY3
0.000256261607122854	0.720223605279824	0.345	0.212	1	1	ATP6V1B2
0.000258592412179017	0.719736290618583	0.298	0.189	1	1	RANBP9
0.000204889392646133	0.717480316678214	0.261	0.164	1	1	CHD3
0.000519112165624726	0.717194096056129	0.319	0.204	1	1	KDM2B
0.00189727959039015	0.717194096056129	0.206	0.145	1	1	CRTC1
0.00496779147919971	0.716125037066204	0.155	0.092	1	1	CHMP1A
0.000813098577793384	0.7158622750145	0.345	0.231	1	1	ARRDC2
0.00164615341486738	0.7158622750145	0.361	0.261	1	1	DPYSL3
0.00565789335052423	0.714294205550335	0.265	0.165	1	1	WASF2
0.00980628227834403	0.713890032682895	0.176	0.107	1	1	TLE1
0.000105515169809389	0.712123106508707	0.286	0.165	1	1	WWTR1
0.000456530461325966	0.710272310820766	0.307	0.194	1	1	KPNA3
0.00288412795489322	0.708511852956328	0.239	0.152	1	1	PHF14
0.00613854411688124	0.70629402770651	0.155	0.095	1	1	CCDC93
0.00109837064537127	0.70629402770651	0.21	0.126	1	1	BMAL1
0.00460571893999281	0.70629402770651	0.168	0.096	1	1	AHRR
0.00411455559937712	0.705477792866695	0.21	0.136	1	1	ZFC3H1
0.00794308421566947	0.705372766474126	0.29	0.212	1	1	KLF2
0.000531838123060562	0.704793564710218	0.248	0.148	1	1	RARS1
0.00525769646596231	0.703710866692507	0.147	0.087	1	1	ATOSB
0.00132172728034901	0.703142316915341	0.227	0.145	1	1	NUCB1
0.00177326553982496	0.702662777259641	0.244	0.156	1	1	DERL1
0.00718919488192905	0.699814847471172	0.172	0.105	1	1	EDRF1
0.00078501121784598	0.699398865429493	0.307	0.202	1	1	FOSB
0.000491891338595711	0.698558378926905	0.282	0.174	1	1	LYL1
0.000456153885552767	0.697016214118499	0.282	0.188	1	1	OTUD4
0.000521663925575432	0.697016214118499	0.256	0.156	1	1	DGCR8
0.000226044136045157	0.695634983720138	0.311	0.208	1	1	CD164
0.000204983760291336	0.693143204971293	0.483	0.34	1	1	CYB5R3
0.000859500429318436	0.692278295111836	0.282	0.177	1	1	IGF2R
0.00292768808323247	0.691945224571077	0.261	0.17	1	1	ANKRD52
0.00470229964386326	0.691561784026391	0.252	0.156	1	1	AP2S1
0.00935243817268008	0.689961456584549	0.13	0.082	1	1	GNA14
0.000814382841786788	0.6891967096592	0.181	0.107	1	1	KMT5B
0.00196469427023107	0.688454200615075	0.265	0.166	1	1	VPS41
0.0023898050769587	0.686402540093647	0.282	0.186	1	1	ATP6AP2
0.000567490037018202	0.683446515574421	0.332	0.221	1	1	CYTH1
0.00256538976433315	0.682822332535745	0.231	0.143	1	1	DICER1
0.00708456824059692	0.682822332535745	0.218	0.141	1	1	PTPN23
0.00273558233154833	0.682516644423384	0.13	0.079	1	1	ZFYVE16
0.00445813633194969	0.681191246956816	0.269	0.162	1	1	PLOD3
0.00369858453752377	0.678637684803644	0.223	0.149	1	1	CH25H
0.00392736843247677	0.678015252188443	0.172	0.108	1	1	RAB3GAP1
0.00842853517515507	0.676743819092238	0.168	0.114	1	1	SACS
0.00477585929787282	0.676257653951702	0.181	0.114	1	1	WDR20
0.00458283062972969	0.675954598590669	0.319	0.207	1	1	NT5C1B
0.0028329563403826	0.675597230483593	0.286	0.185	1	1	NEDD4L
0.000913226344854711	0.674141747865912	0.269	0.183	1	1	YTHDF2
0.00147453430411633	0.674141747865912	0.265	0.18	1	1	ADAM17
0.00286625963863227	0.673169472164131	0.265	0.173	1	1	KDM5A
0.00561653082056164	0.672069856988268	0.164	0.104	1	1	ACSBG2
0.00798527545926186	0.671481122011361	0.256	0.167	1	1	PYCR1
0.00153787419198562	0.669149420685555	0.189	0.116	1	1	ABCA5
0.000861129610468745	0.669001837948903	0.273	0.188	1	1	DVL1
0.0036967573759594	0.668819322287847	0.282	0.188	1	1	PPM1F
0.00164216250412951	0.668447061921728	0.403	0.261	1	1	LYST
0.000506170272683909	0.667599726141764	0.311	0.199	1	1	ZNRF1
0.00742722260366382	0.663657617172068	0.21	0.143	1	1	HEXIM1
0.00312035477087629	0.6627845792992	0.231	0.15	1	1	GOSR1
0.000644494423040221	0.662370071311608	0.382	0.265	1	1	WDR26
0.0027213816449275	0.662370071311608	0.445	0.362	1	1	LOC138521839
0.0019481522046033	0.661709345382547	0.256	0.184	1	1	NFE2L2
0.00858743039292917	0.661709345382547	0.277	0.179	1	1	MAN2A1
0.000549620601009593	0.66158149788892	0.42	0.289	1	1	TMEM109
0.00417374574943567	0.661392304387778	0.349	0.233	1	1	PARP12
0.00175335898498879	0.660490338093385	0.21	0.129	1	1	CNOT7
0.00146822589572988	0.659096654158672	0.332	0.229	1	1	ZFAND3
0.00349736768198644	0.658881085231728	0.214	0.136	1	1	TTC7B
0.00172618220243167	0.658160278301476	0.202	0.134	1	1	CHUK
0.00273417855894211	0.657487849931861	0.181	0.116	1	1	YTHDF3
0.000760959735076914	0.657123486994986	0.328	0.218	1	1	NAV2
0.00232666326953737	0.657064088718391	0.324	0.212	1	1	USP32
0.00823812868684717	0.656981552316246	0.286	0.19	1	1	OSBP
0.00327676300836137	0.656658476502358	0.319	0.219	1	1	PRP4K
0.00641533923406691	0.655897226792907	0.185	0.117	1	1	KMT2E
0.000142459593855663	0.655196038423872	0.206	0.122	1	1	CRTC2
0.0047041026878046	0.655196038423872	0.202	0.122	1	1	SART3
0.0066454230888622	0.6538041472972	0.273	0.186	1	1	LSM4
0.00555481178425325	0.649710499340142	0.193	0.127	1	1	CPD
0.000427073489038437	0.64952728833718	0.412	0.27	1	1	PARG
0.00458018061242167	0.648106613637553	0.227	0.14	1	1	SNX14
0.00881915915199567	0.647460389644267	0.231	0.15	1	1	RAB11A
0.00127631354518202	0.64594202952423	0.286	0.188	1	1	ACO1
0.00172539026238396	0.644695178988417	0.332	0.21	1	1	USP14
0.00088535265651451	0.644548794224364	0.332	0.226	1	1	UPF1
0.00503798616715084	0.643791275151623	0.185	0.13	1	1	ZNF292
0.00682713886524656	0.643378250516426	0.218	0.144	1	1	CCDC25
0.00122572884847216	0.643193514612352	0.223	0.143	1	1	LRPPRC
0.000113677893871194	0.643105932579186	0.399	0.244	1	1	MARK2
0.00166550626895954	0.64302132447777	0.206	0.135	1	1	NFKB1
0.0007965299194873	0.640873136080965	0.37	0.249	1	1	GARRE1
0.000322031684749574	0.640113822884022	0.513	0.364	1	1	CYSLTR1
0.000233323153821922	0.638122525064931	0.433	0.32	1	1	TIMP2
0.000462527583240529	0.638122525064931	0.429	0.298	1	1	TCF12
0.000780993996931222	0.638122525064931	0.298	0.188	1	1	AP2A2
0.00110381987862486	0.638122525064931	0.29	0.198	1	1	STAG2
0.00103047693453453	0.63812252506493	0.223	0.143	1	1	STAT3
0.00222812274172227	0.63812252506493	0.315	0.22	1	1	PUM2
0.00612732398441032	0.63812252506493	0.134	0.089	1	1	LOC138538430
0.00655768753564238	0.63812252506493	0.118	0.077	1	1	KIF16B
0.000824813088487122	0.63595468838222	0.395	0.276	1	1	MGAT4D
0.000252744772785229	0.635658485113449	0.374	0.254	1	1	GNAL
0.000829338047345061	0.633946849093738	0.248	0.165	1	1	ZNF91
0.00723255247643813	0.633822387631305	0.261	0.167	1	1	NRBP1
0.00515187228473899	0.633069297338645	0.206	0.121	1	1	ANLN
0.000963210196610464	0.63132269295959	0.382	0.276	1	1	OSBPL9
0.00637588759452867	0.629405307963822	0.134	0.087	1	1	PHF3
0.00426096522980468	0.627854189611103	0.214	0.143	1	1	TMEM248
0.00388032434193787	0.627475280865422	0.218	0.138	1	1	B3GALT5
0.00758170172977927	0.627475280865422	0.218	0.143	1	1	FAM3C
0.00127848254638671	0.626807211837097	0.412	0.308	1	1	ARL1
0.000417322533196468	0.624447588167854	0.307	0.204	1	1	ADAR
0.00482813035428076	0.624447588167854	0.239	0.162	1	1	STARD8
0.00117014289438648	0.62422808340655	0.374	0.259	1	1	MCC
0.00363814935297011	0.623015632674722	0.227	0.141	1	1	MROH1
0.00528141526404924	0.623015632674722	0.218	0.14	1	1	LENG8
0.00017898882810067	0.622722431771185	0.542	0.365	1	1	CLDN11
0.000780946412701063	0.62149185052081	0.441	0.303	1	1	ATP6V1A
0.00230975403844857	0.621248706500535	0.067	0.042	1	1	RNPC3
0.000775170250281518	0.619975178354671	0.294	0.199	1	1	DPM1
0.00356345790240299	0.619013702117226	0.223	0.149	1	1	NEK6
0.00642320718696028	0.619013702117226	0.168	0.113	1	1	PDCD11
0.00873779691236958	0.619013702117226	0.223	0.152	1	1	GAK
0.000334416155657926	0.619013702117226	0.466	0.341	1	1	XPO5
0.00981238500608851	0.619013702117226	0.059	0.04	1	1	LANCL1
0.00750092417248065	0.6179446431273	0.261	0.179	1	1	EDEM1
0.00201966127511422	0.616642797654479	0.277	0.194	1	1	FNBP1
0.00177040909372753	0.616508711958868	0.361	0.253	1	1	ZFAND5
0.0011328849848989	0.614554053926526	0.324	0.214	1	1	BAG6
0.00025155609960073	0.613600205930862	0.261	0.168	1	1	KIF1C
0.00199520473083706	0.612779676950467	0.298	0.198	1	1	PAN3
0.00332520088518592	0.612127316531986	0.311	0.214	1	1	PPP1R13B
0.00851160462794965	0.612127316531986	0.126	0.087	1	1	LOC138515951
0.00250142888660443	0.610901056329906	0.172	0.108	1	1	DSTYK
0.00776375943015034	0.610901056329906	0.164	0.107	1	1	GRIPAP1
0.000171694595818683	0.607944376399906	0.424	0.275	1	1	SRSF10
0.000399339900569318	0.607890323645515	0.303	0.207	1	1	NF1
0.000659586422690563	0.607534205231508	0.214	0.138	1	1	SCAPER
0.00662610112712671	0.607169596736019	0.286	0.208	1	1	NPEPPS
0.00435450274421318	0.606413665337592	0.286	0.184	1	1	IFI44
0.00490981930018502	0.603906809727017	0.181	0.126	1	1	MTMR12
0.000951645041501504	0.602498615334209	0.349	0.23	1	1	DIAPH1
0.00643379570003948	0.600508233265153	0.197	0.134	1	1	NBEAL1
0.00175658289106715	0.599648377250295	0.273	0.19	1	1	ZNF208
0.00427868944685847	0.598714140506695	0.231	0.159	1	1	UBE3C
0.00214705294158502	0.595776234355336	0.332	0.229	1	1	CBX5
0.00545019909955703	0.594558329641639	0.378	0.308	1	1	SLC38A2
0.00929548311963885	0.591663213972271	0.21	0.138	1	1	PLD2
0.00764375546711919	0.590101010201987	0.239	0.163	1	1	DDHD1
0.00806445639732688	0.589938991554965	0.193	0.14	1	1	WASHC2C
0.00371319668341461	0.588956468261046	0.273	0.189	1	1	KDM3B
0.000350263911721282	0.588081842565335	0.315	0.21	1	1	ERI3
0.00832311752075967	0.588081842565335	0.206	0.134	1	1	PLEKHO1
0.00155889374914207	0.587632754611238	0.261	0.181	1	1	SEMA6A
0.00652415838276306	0.586592224424848	0.248	0.161	1	1	G6PD
0.0065687986801626	0.584183717954127	0.294	0.208	1	1	C5PH6orf62
0.00172192321633038	0.583330052224551	0.42	0.286	1	1	CD151
0.00117558055288062	0.580461956677739	0.366	0.262	1	1	SPIN1
0.00138887689091821	0.579778538834126	0.248	0.165	1	1	PLAA
0.00246700765784647	0.579446617737323	0.218	0.139	1	1	PPP2R1A
0.00234905220102827	0.579228836011362	0.185	0.126	1	1	GGA1
0.00257256107378583	0.576721980400787	0.277	0.184	1	1	WAPL
0.00207620394671674	0.575025689739889	0.29	0.208	1	1	HDAC4
0.000102812017280692	0.574557396287464	0.37	0.263	1	1	SCAF8
0.000441038069203596	0.574396927454543	0.475	0.355	1	1	SELENOF
0.00275235586207077	0.573867983345634	0.353	0.235	1	1	ARID2
0.000833427543010629	0.573027496843046	0.357	0.252	1	1	CHD9
0.00350174153008932	0.57148533203464	0.202	0.139	1	1	UBE4B
0.00327231882789884	0.571008329206394	0.244	0.162	1	1	YIPF5
0.000996195956232787	0.570279879283879	0.487	0.386	1	1	ODC1
0.0040638754658509	0.569591143394115	0.261	0.193	1	1	UBL3
0.000983878141619761	0.569591143394115	0.366	0.252	1	1	ATF5
0.00116263144997381	0.569591143394115	0.399	0.274	1	1	RPN2
0.00411790155369203	0.567733197173533	0.361	0.245	1	1	FIP1L1
0.0061478470243326	0.567733197173533	0.282	0.198	1	1	FARP2
8.50752702509578e-05	0.567733197173532	0.408	0.296	1	1	PRRC2A
0.0032145795328331	0.567733197173532	0.265	0.187	1	1	CNOT3
0.0063810533062868	0.567733197173532	0.126	0.084	1	1	FRS2
0.000879449292024596	0.564912678111154	0.277	0.194	1	1	EWSR1
0.00146514404170507	0.564912678111154	0.29	0.198	1	1	CCDC6
0.00618648210002541	0.564912678111154	0.265	0.185	1	1	ACTR1A
0.00106475138518809	0.564749338734711	0.408	0.312	1	1	HOOK3
0.000607945507106498	0.564565918094849	0.445	0.313	1	1	NDFIP1
0.00784491646971421	0.563921583223513	0.441	0.324	1	1	MACROH2A2
0.000654324896107691	0.561501243462018	0.239	0.164	1	1	MAP4K3
0.00535807339549926	0.561501243462018	0.273	0.189	1	1	HERC1
0.00480615299100373	0.560443161243055	0.189	0.126	1	1	NDST1
0.00266232510645468	0.559512690368564	0.353	0.248	1	1	TSPAN3
0.00391414011301541	0.558534260327068	0.248	0.167	1	1	ZNF25
0.00701442866204329	0.557952176380947	0.21	0.147	1	1	CUL4B
0.00886655369915961	0.556694925721084	0.126	0.087	1	1	RIC3
0.000636510450784728	0.55330926222854	0.395	0.283	1	1	AP3D1
0.00026142474918861	0.553196324921477	0.555	0.427	1	1	LYVE1
9.42936292522832e-05	0.552172912246315	0.361	0.246	1	1	ECPAS
0.00106422470918334	0.549962336645183	0.294	0.193	1	1	ZNF420
8.65511323190524e-05	0.548855186967843	0.437	0.303	1	1	NCOA2
0.000917160659308294	0.545571547249374	0.647	0.532	1	1	ZFP36L2
0.00607503303329345	0.545013120673449	0.29	0.201	1	1	ESYT2
0.00845495691812386	0.545013120673449	0.332	0.246	1	1	PLSCR1
0.00133532016210406	0.542642216210702	0.294	0.201	1	1	CAND1
0.000218441487925424	0.542493128694934	0.475	0.344	1	1	LIMA1
0.00458731958188854	0.541337462530051	0.197	0.134	1	1	ABHD17A
0.000424242598759585	0.539718821003936	0.609	0.464	1	1	CST3
0.000394769718566423	0.534917242937942	0.332	0.221	1	1	SSH2
0.00235776430746018	0.532189080315866	0.303	0.222	1	1	FOXK2
0.00292121445249232	0.528893455310172	0.328	0.225	1	1	SBF1
0.00118777174241969	0.528711308344349	0.345	0.24	1	1	ROCK1
0.00527460998843658	0.527939607314508	0.416	0.311	1	1	PSMD14
0.00621208725741332	0.527091212676187	0.164	0.109	1	1	STX7
0.00935490351851655	0.527091212676187	0.273	0.2	1	1	POLA1
0.00742450512032031	0.524835238735819	0.269	0.19	1	1	HAPSTR1
0.00847217557620935	0.524353650107356	0.294	0.208	1	1	CHMP3
0.00742507880263309	0.523951505145619	0.197	0.136	1	1	ATG13
0.00845741281866376	0.52013845203442	0.387	0.275	1	1	SLC12A6
0.00222595799004533	0.519478028566311	0.311	0.227	1	1	RASA1
0.00197225184130146	0.516443968476678	0.206	0.132	1	1	DOCK7
0.00650664995997205	0.513794390062729	0.147	0.106	1	1	ELMO2
0.00702044911212924	0.513367494056984	0.231	0.164	1	1	ARMC8
0.00117207248495104	0.512591642981072	0.387	0.26	1	1	MYCBP2
0.00980524813371767	0.512591642981072	0.345	0.253	1	1	SMARCA2
0.00663987470793578	0.510743218588703	0.29	0.207	1	1	WTAP
0.00904294106058981	0.510743218588703	0.202	0.136	1	1	LACTB
0.00417987573965906	0.508354650094601	0.265	0.176	1	1	NCOA1
0.000308579795744103	0.507408166977635	0.609	0.456	1	1	RTN4
0.00152768034220654	0.503821433353339	0.294	0.208	1	1	MIA3
0.00211949067373218	0.503049827569758	0.513	0.428	1	1	NPR1
0.00265158375690288	0.500619001314996	0.311	0.203	1	1	FXR1
0.00828537833400378	0.498319885225408	0.391	0.287	1	1	ACTN4
0.000674485755214518	0.497572125756132	0.311	0.219	1	1	TRAPPC8
0.00852587484485321	0.493269545579451	0.319	0.233	1	1	SETD2
0.00185924539455341	0.492924609524995	0.206	0.14	1	1	MCM7
0.00554385489480152	0.491901784213887	0.227	0.163	1	1	DGKD
0.00145774108675146	0.488979085759121	0.332	0.244	1	1	LARP4B
0.00143161735340718	0.488744901026704	0.172	0.124	1	1	ERAP1
0.00929402473453611	0.486563406093576	0.433	0.337	1	1	EIF4B
0.00660263059503451	0.483612576009306	0.265	0.188	1	1	CERT1
0.00664362633693887	0.482003323147649	0.349	0.253	1	1	SUMO1
0.00234895809195058	0.481748227215432	0.475	0.364	1	1	LOC138566687
0.0076988860744383	0.480882783253734	0.34	0.259	1	1	ATF7IP
0.0062918277958684	0.479160573378823	0.307	0.233	1	1	TMEM65
0.00649621071751069	0.477386695077279	0.395	0.29	1	1	YLPM1
0.00331666161029887	0.474623792782051	0.336	0.242	1	1	WIZ
0.00105777646461736	0.47288804558143	0.706	0.623	1	1	APP
0.00638260771525557	0.472006262506917	0.315	0.245	1	1	RAPGEF5
0.00096835701936349	0.470665779213368	0.298	0.21	1	1	UBAP2L
0.00487474996412287	0.469064267440151	0.139	0.106	1	1	TANGO2
0.00509664694125212	0.46765423796721	0.223	0.148	1	1	TDRD7
0.00490133887912807	0.463817037825468	0.319	0.237	1	1	ZNF407
0.00638027482452628	0.462550960481476	0.265	0.187	1	1	SRRM1
0.00767406336561223	0.462023756002417	0.227	0.157	1	1	TKT
0.00802272837995815	0.45997701681765	0.261	0.192	1	1	USP11
0.00219054414233994	0.458504127418774	0.332	0.238	1	1	ATXN2
0.00923797950717483	0.455819391343994	0.189	0.135	1	1	VTI1A
0.00168315246650712	0.455578037091505	0.345	0.235	1	1	ATP6V1E1
0.00209023699825102	0.455127617156254	0.378	0.276	1	1	MICU2
0.000167297190459097	0.454815311701871	0.105	0.037	1	1	LOC138528541
0.00339911958897519	0.454159690222335	0.374	0.274	1	1	SNX3
0.00369411754028384	0.452566871908854	0.357	0.27	1	1	PRKACA
0.000744355614706022	0.452050101046021	0.303	0.204	1	1	KDM4B
0.00359949451476328	0.451036972464435	0.214	0.148	1	1	NCSTN
0.00632628154883693	0.450830681616741	0.563	0.451	1	1	CAPRIN1
0.00162462876491967	0.448710982374317	0.244	0.184	1	1	PRKCI
0.00839523584755381	0.447344208272647	0.403	0.307	1	1	RBM25
0.00835139943748535	0.447237904986972	0.298	0.222	1	1	GIGYF1
0.00679627296154033	0.444839227673556	0.382	0.295	1	1	TMEM14A
0.00736774940739073	0.44435078166825	0.244	0.176	1	1	SCARF1
0.000118270830445543	0.440676460858713	0.286	0.207	1	1	ITSN2
0.00654177317332368	0.440334143846575	0.332	0.259	1	1	ANKRD10
0.00895024793629045	0.438934601255763	0.487	0.375	1	1	SRP9
0.000206373836177237	0.438216097796601	0.395	0.279	1	1	UBR2
0.00791448955205753	0.434959575208535	0.134	0.093	1	1	IL1B
0.00083781773090419	0.424655333507967	0.592	0.469	1	1	DYNC1H1
0.00116436323553272	0.423997719712083	0.462	0.348	1	1	HLA-A
0.00114304022301867	0.423657019500112	0.634	0.532	1	1	SOCS3
0.00687309263155464	0.423022596294839	0.487	0.376	1	1	CLTC
0.00260369530645428	0.422085598768306	0.391	0.284	1	1	PPP4R1
0.00875816213657178	0.41948223858959	0.206	0.147	1	1	MPRIP
0.00609468365392324	0.419169187695254	0.471	0.368	1	1	IPO5
0.00397653978191056	0.418904351523626	0.298	0.218	1	1	AP1S2
9.4620372012953e-05	0.417152178797681	0.639	0.498	1	1	JCAD
0.0076144703570387	0.410712028961858	0.403	0.316	1	1	ROCK2
0.00102421513321456	0.40806544167741	0.395	0.26	1	1	ARHGAP27
0.0041234122971468	0.405784916454053	0.345	0.253	1	1	ZSWIM8
0.00253478907642058	0.40502540338524	0.559	0.441	1	1	TNS1
0.00488794588026167	0.402994115801021	0.319	0.238	1	1	PPP6R3
0.000198307261675019	0.402403299127415	0.739	0.664	1	1	CSTB
0.00877559100287438	0.400623211338274	0.147	0.107	1	1	SIN3B
0.00527472311924492	0.400354877841567	0.324	0.258	1	1	NCOR1
0.00319877196151329	0.400179100193967	0.231	0.164	1	1	SMAD4
0.000790335734491823	0.396971237129586	0.714	0.589	1	1	IFITM1
0.00643067176934883	0.393466648545991	0.298	0.225	1	1	ZMYND8
0.00111219203054755	0.393419942003394	0.429	0.3	1	1	CYLD
0.000531932348020775	0.387715727558886	0.475	0.353	1	1	PLCG1
0.000458917015819802	0.383701249535845	0.517	0.404	1	1	MYOF
0.000791955722407249	0.375088119231137	0.248	0.186	1	1	SENP6
0.0032366418234494	0.369633689139029	0.336	0.24	1	1	SAMD9
0.000502063880344527	0.367810119182685	0.857	0.793	1	1	ND1
0.00515325172757012	0.353393048131818	0.387	0.317	1	1	NIPBL
0.00408676824694713	0.349025822644941	0.361	0.278	1	1	GIMAP9
0.00010998918234872	0.324566343651971	0.92	0.901	1	1	ANXA2
0.0031237785992422	0.321316862790156	0.517	0.413	1	1	CAPN1
0.0026434475830017	0.3079739233726	0.773	0.662	1	1	LOC138504630
0.00532153914476487	0.307069695802485	0.441	0.344	1	1	APC
0.00412377091366233	0.304005021169654	0.622	0.557	1	1	RAP1A
0.00338835166848368	0.301472924470802	0.567	0.472	1	1	SGK1
0.00175921151766013	0.258490361917286	0.954	0.942	1	1	S100A10
0.00951053983695422	0.248620117893224	0.731	0.681	1	1	PFN2
0.00167426380916543	0.24580510228617	0.437	0.334	1	1	PPP1R12A
0.00494823276118382	0.238766648018356	0.395	0.298	1	1	WNK1
0.000236651195559758	0.236366704459284	1	0.987	1	1	ATP6
0.00408760075165888	0.157696378953055	0.954	0.933	1	1	S100G
0.00137804617202549	0.136848444737827	0.941	0.835	1	1	KRT5
0.00915915902560512	-0.133058784439189	0.345	0.446	1	1	LOC138582805
0.00438050193612703	-0.165200642973623	0.739	0.788	1	1	SNRPG
0.00385179374682379	-0.207386975630925	0.559	0.675	1	1	ATP5MF
0.00699027095552596	-0.224032444486679	0.475	0.569	1	1	ZNF706
0.000732525959593257	-0.226919897181426	0.992	0.975	1	1	RPS15A
0.00575789977072784	-0.236118480740546	0.744	0.772	1	1	TUBB4A
0.000425463213991532	-0.238256182859842	0.92	0.933	1	1	HNRNPA3
0.00456822012350633	-0.245044977903123	0.866	0.931	1	1	HMGB2
0.0027053296347076	-0.248144398417737	0.37	0.435	1	1	SSR1
0.00424730096522078	-0.25528159263139	0.639	0.722	1	1	MYH9
0.000188800569781051	-0.26830843577256	0.983	0.967	1	1	CFL2
0.00297179967857967	-0.271679665963491	0.592	0.674	1	1	EIF2S2
0.00783396709967613	-0.278354119372786	0.777	0.87	1	1	EIF5A2
0.00891207314754786	-0.282984135464375	0.718	0.779	1	1	OAZ1
0.00255174915295523	-0.295400089963451	0.458	0.546	1	1	FKBP1A
0.00190533392642578	-0.296748663504367	0.845	0.864	1	1	PFN1
0.00486441244286697	-0.302732248082783	0.601	0.683	1	1	ATP5MK
0.00027720317309432	-0.308438215973609	0.895	0.94	1	1	LGALS4
0.00448560262564949	-0.311319645049565	0.643	0.716	1	1	LMNA
0.000294079370030322	-0.316694165912407	0.937	0.943	1	1	RPL19
0.000818179021790403	-0.32053667955417	0.878	0.914	1	1	MYL6P1
0.00105839650535078	-0.329455997242692	0.773	0.851	1	1	NACA
0.00988911161983009	-0.337493316308111	0.496	0.587	1	1	TARDBP
0.000604252377724289	-0.339301309431506	0.836	0.874	1	1	RPL22
0.00216975428779596	-0.344702331126937	0.248	0.339	1	1	TTN
0.000165375164574687	-0.353127723118058	0.815	0.848	1	1	CALM1
0.000228280367380223	-0.35410478006812	0.718	0.794	1	1	ANXA5
0.000596457101723821	-0.369401325316882	0.643	0.744	1	1	SNRPF
0.00511960366955487	-0.37735265544432	0.542	0.614	1	1	RHOC
0.00784110730385367	-0.379740984865539	0.567	0.648	1	1	B2M
0.000255141587646823	-0.381880499582694	0.815	0.868	1	1	RPL37A
0.00039286261958041	-0.389163300856208	0.748	0.817	1	1	RPL23A
0.000360072685487524	-0.395177484091248	0.718	0.806	1	1	RPL22L1
0.00776456892024726	-0.395824806858407	0.311	0.38	1	1	TCP1
9.40326240394366e-05	-0.401343450960185	0.739	0.807	1	1	COX6B1
0.000587184397618168	-0.419666766046834	0.601	0.681	1	1	NPM1
0.00038203994131121	-0.422052989964468	0.332	0.456	1	1	FLNB
0.00233360222921678	-0.4232093181996	0.45	0.542	1	1	POMP
0.000263739803263138	-0.425134284550791	0.782	0.875	1	1	EEF1B2
0.000704562165633426	-0.430969998208015	0.496	0.599	1	1	VDAC2
0.00812319954138689	-0.436209672295923	0.307	0.41	1	1	GLO1
0.0095387953677471	-0.441637325667531	0.332	0.403	1	1	IL6ST
0.001958065743733	-0.444545132604904	0.286	0.376	1	1	NDUFB3
0.00240396904345072	-0.467715638830757	0.441	0.55	1	1	ARPC2
0.000274788880400568	-0.476121092415895	0.55	0.68	1	1	RPL4
0.00112830665963932	-0.490077543794913	0.353	0.442	1	1	PGAM1
0.00787685847763791	-0.497760903016842	0.282	0.371	1	1	YWHAH
0.00565993238925649	-0.517672147542494	0.164	0.256	1	1	LOC138472551
0.000757185034151583	-0.542773594198385	0.559	0.639	1	1	STMN1
0.000137562398669693	-0.547636167292225	0.454	0.572	1	1	ENO1
0.00132151539466902	-0.559727712008726	0.298	0.404	1	1	MYO1C
0.000801353947943369	-0.572444460874728	0.181	0.281	1	1	INPPL1
0.0030179991791398	-0.576368028810826	0.366	0.485	1	1	SLC2A1
0.00284364124848763	-0.579468910007696	0.151	0.238	1	1	PIK3CA
0.00631909232678651	-0.584269896271517	0.139	0.215	1	1	EBF1
0.00118340166111021	-0.596211568515555	0.378	0.495	1	1	ATP5PD
0.00265436556848617	-0.598370093316371	0.235	0.346	1	1	ATP5PB
0.00279975799052801	-0.621090169816455	0.239	0.344	1	1	BLOC1S1
0.00180236266430768	-0.632525064878739	0.239	0.33	1	1	PSMB2
0.00537906901672557	-0.652392617190971	0.097	0.161	1	1	PLEKHH3
0.00126058610637249	-0.65292625693846	0.189	0.281	1	1	PALM2AKAP2
0.00165602594347752	-0.653481032965634	0.168	0.287	1	1	AOPEP
0.000240152994197128	-0.664909948700782	0.298	0.433	1	1	TOMM20
0.00200165888427286	-0.66703735644154	0.168	0.262	1	1	BAIAP2
0.00313480540370418	-0.67221759554722	0.13	0.217	1	1	PCDH12
0.00849734714869524	-0.686112037205601	0.206	0.297	1	1	PPP1R18
0.00307283569715883	-0.686312425433007	0.164	0.266	1	1	MYO18A
0.000187786514714704	-0.693217894159772	0.193	0.314	1	1	NMRK2
0.00106091456655554	-0.704765188458078	0.147	0.24	1	1	TNK2
0.000387105237695694	-0.71454909325354	0.361	0.501	1	1	EHD2
0.00317307957550855	-0.715109689740442	0.126	0.202	1	1	SHKBP1
0.00689069384764921	-0.71641023525436	0.109	0.186	1	1	MRPL51
0.00587242899198111	-0.723475715252452	0.118	0.2	1	1	GYPC
0.00248440858136534	-0.723765267695148	0.181	0.282	1	1	NDUFB4
0.00909406811579086	-0.740389098188799	0.118	0.212	1	1	HYCC1
0.00300061166965472	-0.745927281730229	0.353	0.449	1	1	GPX1
0.00286565303605624	-0.761648217560603	0.164	0.268	1	1	CYR61
0.00384412994182275	-0.768502734397713	0.16	0.258	1	1	PMEPA1
0.00218147724199154	-0.769683404982837	0.105	0.195	1	1	GPR4
0.000507361846419617	-0.770762747232318	0.319	0.446	1	1	PKM
0.00433483862039642	-0.776914974213913	0.134	0.211	1	1	HSPA12B
0.00829752197067471	-0.782453157755343	0.05	0.091	1	1	XKR8
0.000146655688426656	-0.794836882211176	0.189	0.332	1	1	CSRNP1
0.000514403305862666	-0.797379076773629	0.151	0.247	1	1	LOC138550342
0.000261156257878394	-0.804020204376511	0.214	0.349	1	1	SEPTIN6
0.000378096157368699	-0.806852258368017	0.105	0.205	1	1	UVRAG
0.000113511758269284	-0.808133704824634	0.118	0.222	1	1	PSMD7
0.007067601302725	-0.812538883944635	0.143	0.226	1	1	PLCL2
0.00854854423494205	-0.817556958711259	0.113	0.184	1	1	PACSIN3
0.000548610457812931	-0.821309093572367	0.214	0.332	1	1	PAM
0.00236089377138881	-0.829426811375055	0.189	0.302	1	1	ITIH5
0.00310747533316996	-0.847304302105311	0.13	0.226	1	1	SCRIB
0.00604969534708379	-0.847304302105311	0.067	0.125	1	1	SKAP2
0.0063299109755385	-0.847304302105311	0.122	0.218	1	1	EPB41
0.00764262459769917	-0.847304302105311	0.071	0.145	1	1	NCCRP1
0.000375223251532858	-0.847304302105311	0.147	0.243	1	1	ETS2
0.00382803896983164	-0.857323057930302	0.164	0.23	1	1	STIM1
0.00191556928478253	-0.857572637559138	0.071	0.144	1	1	PLXNA1
0.00782572959146613	-0.865919980272658	0.122	0.211	1	1	INPP5A
0.000165244397155798	-0.880168936010938	0.214	0.368	1	1	SHE
0.00141883043637009	-0.910314099631112	0.063	0.12	1	1	OPHN1
0.000361684408810572	-0.919655146329995	0.101	0.19	1	1	MRPS18C
0.00140599201945458	-0.920367764295034	0.122	0.226	1	1	S100A16
9.16194115426301e-05	-0.943400891689455	0.21	0.357	1	1	IQGAP2
0.00473942486738458	-0.970686717610594	0.063	0.12	1	1	B4GALT5
0.00212213719292287	-0.976384251270241	0.105	0.206	1	1	BMPR2
0.000903387711091121	-0.988550227541063	0.097	0.186	1	1	PLEKHG1
0.00114605873021725	-0.991039779566761	0.059	0.121	1	1	BTBD6
0.00538674304839295	-1.01395417151476	0.055	0.114	1	1	FBP1
0.000976906735225749	-1.0309042404447	0.067	0.14	1	1	SLC8A1
0.00096723013281807	-1.03994938004771	0.05	0.109	1	1	ARHGAP22
0.00571468454502978	-1.03994938004771	0.029	0.075	1	1	ETHE1
0.00876073972319439	-1.05787128804497	0.038	0.085	1	1	THOC3
0.00135132039701028	-1.06231719307616	0.063	0.133	1	1	RCN1
0.00190137347584369	-1.07557328977843	0.055	0.125	1	1	ERF
0.000889283568851157	-1.12241154023968	0.063	0.14	1	1	LDLR
0.00979583551767748	-1.12741222129805	0.021	0.054	1	1	TRMU
0.000208181210210022	-1.13616469530701	0.113	0.221	1	1	SMOX
0.00473096999004527	-1.14148740650977	0.034	0.094	1	1	ACKR3
0.00934418810641368	-1.14614878387963	0.071	0.15	1	1	LOC138471647
0.00561477030887456	-1.15542659746764	0.029	0.081	1	1	SIGMAR1
0.00719123135403588	-1.15542659746764	0.029	0.082	1	1	LRP5
0.00562719105173806	-1.16096478100907	0.038	0.09	1	1	TSR2
0.000803733868702658	-1.16193990442632	0.067	0.143	1	1	PRAG1
0.00176395883312065	-1.16464512749702	0.067	0.153	1	1	ABCG2
0.00514937911401984	-1.17745290379764	0.059	0.133	1	1	HRAS
0.00172870922342899	-1.1795007324465	0.059	0.136	1	1	ARHGAP40
0.000963633482569114	-1.18562683524334	0.071	0.172	1	1	KIAA1671
0.00216835013371675	-1.19195247349276	0.034	0.082	1	1	ATP11A
0.000627258537396072	-1.19452641715658	0.076	0.179	1	1	NUMBL
0.00788636383929961	-1.19749065703419	0.05	0.11	1	1	VSIR
0.00783525707219814	-1.20987438149002	0.055	0.123	1	1	INKA1
0.000103143628772193	-1.20987438149002	0.063	0.171	1	1	CDC42EP3
0.0067152476140183	-1.20987438149002	0.042	0.096	1	1	AMOTL2
0.0085290815193809	-1.20987438149002	0.042	0.096	1	1	FDPS
0.00473943549330283	-1.22977393892772	0.063	0.14	1	1	TSPAN2
0.0010541585545821	-1.23788875765962	0.067	0.153	1	1	ARHGAP29
0.0015730363012687	-1.23962172488407	0.063	0.138	1	1	CPNE8
0.000458112721639477	-1.24008899453703	0.08	0.177	1	1	RIN1
0.00422743157318853	-1.24640025751513	0.05	0.116	1	1	LMO7
0.000563156095506546	-1.24940274567666	0.046	0.112	1	1	PRKAG2
0.00302641175031196	-1.24940274567666	0.042	0.104	1	1	NFATC1
0.000206708866192351	-1.25496227101856	0.113	0.232	1	1	B4GALT1
0.0067298936218389	-1.2702469994695	0.05	0.119	1	1	TGFBR3
0.00085628738003591	-1.28787689349129	0.063	0.156	1	1	FAM110D
0.00227729838545704	-1.28787689349129	0.059	0.14	1	1	PIK3R6
0.00533971732723324	-1.28787689349129	0.046	0.112	1	1	PGBD5
0.00432534976979809	-1.32198474781156	0.042	0.105	1	1	CERK
0.000217041648331077	-1.33273112927555	0.059	0.145	1	1	EFCAB14
0.00416512746511242	-1.34373012822481	0.029	0.081	1	1	MYO1D
0.00537604077810408	-1.34480396157613	0.067	0.144	1	1	GRK3
0.00517036503024109	-1.36187747493507	0.029	0.079	1	1	NEDD9
0.000169192474427611	-1.37293266344407	0.05	0.13	1	1	CTF1
0.00226593819868275	-1.37623276791214	0.038	0.105	1	1	MAP1B
0.00698268919310782	-1.39044662713184	0.017	0.054	1	1	DOCK10
0.000108922864585886	-1.41632525895745	0.05	0.136	1	1	ITGB4
0.00694255848962653	-1.44594173972354	0.017	0.055	1	1	CCNI2
0.000429025434018638	-1.45088248099381	0.071	0.198	1	1	HES4
0.000471624714813282	-1.46993722079252	0.071	0.181	1	1	THSD1
0.00181924611449288	-1.48740835701893	0.038	0.12	1	1	TMEM63B
0.00837412970684508	-1.499380998685	0.008	0.035	1	1	VAV1
0.00884589087835868	-1.499380998685	0.017	0.056	1	1	MYCN
0.00672702382378991	-1.53393822072137	0.059	0.146	1	1	TMEM100
0.000721583801404604	-1.55301896228708	0.046	0.135	1	1	DBNDD2
0.000833992466651425	-1.55652490578861	0.034	0.107	1	1	ENC1
0.00516223194578268	-1.56351133610472	0.008	0.049	1	1	PTMS
0.00600343180202143	-1.56351133610472	0.021	0.07	1	1	PCYT1B
0.00224108732562192	-1.57600228028792	0.038	0.121	1	1	TBL2
0.000439383390047329	-1.57791440123169	0.046	0.136	1	1	HHIP
0.00834655600030193	-1.58426989627152	0.008	0.036	1	1	TRAIP
0.00521676633831687	-1.60980498837866	0.029	0.091	1	1	FAM167B
0.00421056770124293	-1.62491188076886	0.017	0.063	1	1	CXCR2
0.000557796525938902	-1.6588592126922	0.025	0.089	1	1	ZEB2
0.0064325698205172	-1.6644402449555	0.008	0.039	1	1	TMEFF1
0.00698268919310782	-1.67221759554722	0.017	0.066	1	1	SMIM13
0.000239727414757235	-1.67553795383883	0.021	0.087	1	1	KLF17
0.0064325698205172	-1.70291439277014	0.008	0.039	1	1	AJUBA
0.000650682675596269	-1.70670597193251	0.038	0.116	1	1	NHS
0.0077913522551723	-1.76786983461091	0.013	0.054	1	1	OCLN
0.00831894171411709	-1.77691497421391	0.008	0.039	1	1	ACR
0.00135000117692146	-1.79483688221118	0.021	0.081	1	1	BAMBI
0.00641132775503925	-1.81253888394463	0.008	0.042	1	1	LAT2
0.000415955631217639	-1.84730430210531	0.017	0.071	1	1	CYP2C9
0.0054102186559134	-1.84730430210531	0.017	0.07	1	1	DCHS2
0.00605931211960091	-1.84730430210531	0.013	0.058	1	1	NBEAL2
0.00194946159269317	-1.87283939421245	0.029	0.102	1	1	UCK2
0.000168223262416883	-1.88543943099208	0.029	0.112	1	1	ISYNA1
0.000171567744702226	-1.88543943099208	0.029	0.111	1	1	REPS2
0.000539915907933381	-1.90784584404036	0.017	0.075	1	1	TRIM16
0.00016491853092099	-1.91031409963111	0.029	0.11	1	1	BLNK
0.00492241658196966	-1.97854883538356	0.008	0.046	1	1	PPARGC1B
0.00376485246703836	-2.00957573100419	0.008	0.044	1	1	IGFBP4
0.000994460358502874	-2.03994938004771	0.008	0.049	1	1	FHOD3
0.00147144561798771	-2.05787128804497	0.017	0.072	1	1	NTF4
0.00629370375018245	-2.08434349940616	0.004	0.033	1	1	AOAH
0.00290699876603445	-2.12741222129805	0.008	0.052	1	1	SMAD7
0.000760826132752992	-2.15542659746764	0.008	0.049	1	1	ADAMTS6
0.00169064300935279	-2.18290733388975	0.008	0.053	1	1	PIK3AP1
0.000110556553235942	-2.19375471612674	0.017	0.086	1	1	RFLNB
0.00922062613512461	-2.20987438149002	0	0.017	1	1	KCNK13
0.000691597169976727	-2.22581592535904	0.017	0.073	1	1	MEGF11
0.00278291065498361	-2.24940274567666	0.004	0.036	1	1	PPP1R9A
0.000369305179540673	-2.27516584174174	0.021	0.106	1	1	PBXIP1
0.000182127240789154	-2.28787689349129	0.017	0.087	1	1	CADM3
0.0012268868346731	-2.28787689349129	0.021	0.079	1	1	GRIN2A
0.00629370375018245	-2.32535159890996	0.004	0.04	1	1	DAAM2
0.000763359372181402	-2.38572421688944	0.008	0.058	1	1	PLCL1
0.00366334397588611	-2.39750138466579	0.004	0.042	1	1	C4QH1orf115
0.00025800349811617	-2.41498881139463	0.013	0.083	1	1	VWA1
0.0036568741657911	-2.4662141347498	0.004	0.041	1	1	LOC138452803
0.000198449672819997	-2.47735469235501	0.008	0.068	1	1	CHD5
0.00212161587967089	-2.499380998685	0.004	0.043	1	1	SLC6A9
0.00625943056972381	-2.499380998685	0.004	0.036	1	1	PRDM16
0.00100108502680719	-2.499380998685	0.008	0.068	1	1	KCNJ2
0.00123712030643123	-2.56351133610472	0.004	0.049	1	1	LOC138527279
0.00477982354376745	-2.62491188076886	0.004	0.046	1	1	KCNK5
0.00699602388471774	-2.68380556982243	0	0.025	1	1	SEMG1
0.00922062613512461	-2.68380556982243	0	0.026	1	1	SAMD11
0.00278784768792233	-2.7123747220192	0.004	0.05	1	1	APCDD1
0.00531167974285677	-2.89793037517528	0	0.029	1	1	VOPP1
0.00699528055849797	-2.89793037517528	0	0.03	1	1	PLEK2
0.00024160929601712	-2.89793037517528	0.004	0.059	1	1	STARD13
0.00699666105465061	-2.94683997565623	0	0.027	1	1	FAM229A
0.00306863097003088	-2.99414569043458	0	0.032	1	1	SEMA4F
0.00531232298047854	-3.03994938004771	0	0.03	1	1	BANK1
0.0012772763958085	-3.09884306910128	0.008	0.063	1	1	SCIN
0.000316388347564328	-3.10603857050548	0.004	0.066	1	1	IGFBP6
0.000717247500226774	-3.12741222129805	0.004	0.064	1	1	PALMD
0.00177593234437285	-3.12741222129805	0	0.032	1	1	HRH2
0.00699528055849797	-3.16923239699267	0	0.035	1	1	KCNMB2
0.00531167974285677	-3.20987438149002	0	0.036	1	1	SMIM3
0.000345546208214579	-3.28787689349129	0	0.039	1	1	TMEM150C
0.00177593234437285	-3.28787689349129	0	0.04	1	1	SLC51A
0.00177593234437285	-3.28787689349129	0	0.039	1	1	CMTM8
0.000542714308546805	-3.39750138466579	0.004	0.067	1	1	SDK2
0.00233446925006168	-3.43226680282647	0	0.043	1	1	MS4A4A
0.00135186686397981	-3.4662141347498	0	0.043	1	1	ADORA2A
0.00233446925006168	-3.53180247637738	0	0.046	1	1	PADI3
0.000262894422338374	-3.56351133610472	0	0.046	1	1	FAM19A1
0.000783352246975608	-3.59453823172534	0	0.046	1	1	CCDC85A
0.00020004215252874	-3.62491188076886	0	0.051	1	1	GPR132
0.000200312055861569	-3.62491188076886	0	0.046	1	1	LRRN1
0.000200118035781434	-3.7123747220192	0	0.053	1	1	PAQR9
0.000596178606909553	-3.7123747220192	0	0.053	1	1	TAS1R3
0.00278050801152519	-3.72177342002145	0.008	0.066	1	1	NCAM1
0.00177657344471262	-3.7403890981888	0	0.045	1	1	MFSD4A
0.000152245919330014	-3.79483688221118	0	0.056	1	1	LOC138521149
0.000237102776607101	-3.82130909357237	0.004	0.084	1	1	NPPC
0.000152245919330014	-3.89793037517528	0	0.055	1	1	CCL19
0.00102878952011586	-3.92259242940955	0	0.059	1	1	ZNF366
0.000115928715757585	-3.94683997565623	0	0.054	1	1	HEY1
8.80881785967359e-05	-4.01722930354762	0	0.062	1	1	RASD2
0.000345984392039779	-4.65465922416292	0	0.058	1	1	SLC26A10P
1.65147737660218e-13	-1.26578116617691	0.636	0.825	1.97747901074345e-09	2	VWF
1.28904593521996e-12	-1.50294956832073	0.33	0.595	1.54350360283238e-08	2	DOCK9
4.88664193818069e-12	-2.15831116602812	0.125	0.392	5.85126505677756e-08	2	TACR1
7.65154792060273e-12	-1.22847718379743	0.409	0.615	9.16196348012971e-08	2	RAMP3
9.59326495628767e-12	0.487942573672128	1	1	1.14869754586589e-07	2	ACTB
1.60367183841709e-11	-3.29092441744755	0.125	0.387	1.92023665932062e-07	2	MRC1
6.37056741887993e-11	-2.59852722830296	0.074	0.344	7.62811742736683e-07	2	IQSEC1
7.6348352931989e-11	-1.68098938849493	0.227	0.48	9.14195178007636e-07	2	XIRP2
1.18522089154034e-10	0.664226251614089	0.96	0.889	1.4191834955304e-06	2	TXN
1.18816348342228e-10	-5.7895138452731	0.006	0.222	1.42270695504984e-06	2	RELN
1.27934223023213e-10	-1.56149910856837	0.244	0.493	1.53188438647995e-06	2	PLCB1
2.11077866743299e-10	-1.71233351682331	0.17	0.423	2.52744637638427e-06	2	EXOC3L2
4.26674523340197e-10	-1.94935723863177	0.119	0.352	5.10900074247552e-06	2	GALNT18
1.27837684907213e-09	0.510756269477181	1	0.965	1.53072843907896e-05	2	CFL2
1.34010736655242e-09	-1.91977624808205	0.125	0.363	1.60464456070987e-05	2	ZNF521
1.57602386315982e-09	-0.976187117767773	0.494	0.752	1.88713097374757e-05	2	SHANK3
6.11988059571707e-09	-4.93312915322543	0.034	0.237	7.32794502531162e-05	2	HAPLN3
8.16047509403105e-09	-0.92640042643411	0.46	0.702	9.77135287759278e-05	2	ICAM1
8.4689706981074e-09	-2.58574107334712	0.045	0.247	0.000101407455139138	2	SLC4A11
8.92140307752549e-09	-1.9972487332956	0.085	0.322	0.00010682488045029	2	SVIL
9.25657667013078e-09	0.505507914342088	0.909	0.841	0.000110838249048146	2	EIF5A2
9.31613214675109e-09	-4.41795498266114	0.011	0.184	0.000111551366325198	2	NFIX
1.74229912872437e-08	-1.57098820470468	0.239	0.474	0.000208622897673456	2	STAB1
3.36422682811348e-08	-1.02073876046954	0.256	0.477	0.000402832520398308	2	ARHGAP21
3.46538179903793e-08	-2.15972156309117	0.057	0.247	0.000414944816616802	2	SYT16
3.75119165478056e-08	-2.01029701374789	0.057	0.258	0.000449167688743425	2	MAN1A1
4.09567910015973e-08	-1.15847839624053	0.312	0.553	0.000490416615453127	2	LOC138472433
5.49101698637702e-08	-5.72538350785339	0	0.16	0.000657494373948784	2	PROX1
5.99493482598191e-08	-4.71563553130182	0.006	0.161	0.000717833496063074	2	FGF10
1.01175322480699e-07	-1.49350601566831	0.153	0.372	0.00121147331138389	2	PTPRE
1.16166701248231e-07	-0.922401717488872	0.335	0.563	0.00139098008074632	2	EGFL7
1.3026440000782e-07	-1.30413508310398	0.131	0.319	0.00155978592569364	2	LYST
1.32067819407378e-07	-1.52487018657765	0.148	0.377	0.00158138006958395	2	VAV3
1.35546317906609e-07	-0.990792167496182	0.307	0.524	0.00162303161061374	2	NRK
1.63952839324895e-07	-1.45064360136731	0.148	0.368	0.00196317129807629	2	ADD1
1.65405250768317e-07	-1.73345680838907	0.119	0.36	0.00198056247269983	2	FCHSD2
2.18017797193864e-07	-1.55043294010191	0.244	0.454	0.00261054510359933	2	MMRN1
2.54711235118619e-07	-1.03230129016339	0.216	0.426	0.00304991232931035	2	SPNS2
2.61290883441939e-07	0.4118433990726	0.983	0.94	0.00312869703833378	2	RPL36
2.95470136789801e-07	-2.5942777553016	0.045	0.222	0.00353795941792107	2	EXOC6
3.20758303267485e-07	-1.57284058463931	0.091	0.265	0.00384075992332487	2	DAB2IP
4.01510662619123e-07	-1.74136200647441	0.114	0.309	0.00480768867420138	2	HYAL2
6.43864542757622e-07	-1.18497781068352	0.176	0.372	0.00770963403497977	2	PPP3CA
6.53920862959553e-07	-1.74291713763813	0.085	0.272	0.00783004841307768	2	HDAC7
6.81582852380445e-07	-2.66486972313165	0.023	0.169	0.00816127307440345	2	SYNJ1
8.50051367976971e-07	-1.53589624003255	0.085	0.245	0.0101785150801563	2	MAST4
1.0499846491162e-06	-3.08597322310985	0.028	0.183	0.0125725161885174	2	GPNMB
1.08060703461062e-06	-1.63080363132672	0.057	0.203	0.0129391886324276	2	PSD
1.24814953528601e-06	0.541555532766702	0.966	0.837	0.0149453425355147	2	PMP2
1.26013501340666e-06	-1.0812298858457	0.193	0.413	0.0150888566505314	2	PREX2
1.28657998162654e-06	-1.28365389094955	0.085	0.25	0.0154055086999962	2	LBR
1.28784520380404e-06	-1.93732914175472	0.045	0.197	0.0154206584703496	2	CIC
1.34365954321297e-06	-1.17694688315734	0.114	0.265	0.016088979370432	2	RASAL2
1.55715190936007e-06	0.424446886495667	0.955	0.828	0.0186453369626775	2	CRIP1
2.01069992598864e-06	-1.32735243388023	0.097	0.272	0.0240761209137879	2	SNX9
2.04967677217767e-06	0.411462336110109	0.96	0.944	0.0245428296700555	2	YWHAQ
2.09517116917826e-06	-1.17402939977505	0.136	0.294	0.0250875795797405	2	ECPAS
2.13433368457941e-06	-0.621600863202285	0.71	0.836	0.0255565115391539	2	LTBP1
2.21355781297937e-06	-1.24378050821747	0.068	0.211	0.026505141252615	2	UGGT1
2.28783585973523e-06	-2.22847718379743	0.136	0.304	0.0273945465844696	2	NRP2
2.30980310740011e-06	-1.60351063581721	0.085	0.25	0.027657582408009	2	HDAC4
2.37473933726626e-06	-1.94688344846797	0.068	0.223	0.0284351288244262	2	ARHGAP28
2.42225843771527e-06	-1.61797959096913	0.068	0.21	0.0290041225332026	2	MYO6
2.44349883941928e-06	-1.56691762178614	0.085	0.254	0.0292584551032064	2	VPS13C
2.4437939901336e-06	-2.06022616634593	0.068	0.235	0.0292619892378598	2	CEMIP2
2.46281125965223e-06	-0.973730749289218	0.318	0.507	0.0294897020230758	2	CSF1
2.57641753513346e-06	-1.38389314658751	0.108	0.263	0.0308500235656881	2	ZMYND8
2.67142160513667e-06	-1.80108323398524	0.074	0.251	0.0319876022999065	2	ATRNL1
2.67586234710758e-06	-1.47189378977194	0.142	0.314	0.0320407757442661	2	ARHGAP27
3.02789972236073e-06	-1.72700178625177	0.057	0.207	0.0362560712755474	2	SH3GLB2
3.09507655927632e-06	-1.68098938849493	0.091	0.26	0.0370604467207747	2	USP48
3.12175545314401e-06	-1.18662943655468	0.119	0.286	0.0373798997959464	2	PACS1
3.35373469832068e-06	-0.895728237287944	0.097	0.253	0.0401576192776918	2	PDS5B
3.3773684059147e-06	-1.75899190049621	0.051	0.186	0.0404406092924227	2	ATG2B
3.40176045915264e-06	-4.38142910663602	0.006	0.144	0.0407326797378937	2	PDPN
3.45114148158374e-06	-3.76845222974527	0.006	0.127	0.0413239681004837	2	ADAMTSL3
3.93930053896714e-06	-1.55720616869734	0.108	0.284	0.0471691846535926	2	HSD3B7
4.1612780974466e-06	-1.50411162641085	0.04	0.182	0.0498271439388255	2	HYCC2
4.39910473300301e-06	-2.11310040113272	0.028	0.156	0.052674880072978	2	P2RX7
4.55803791800738e-06	-1.50154161293411	0.091	0.266	0.0545779460302204	2	BRD4
4.96638649867118e-06	-1.56169046012259	0.068	0.201	0.0594675119350887	2	MLLT6
5.0410198491918e-06	-1.0283400802622	0.199	0.364	0.0603611716742226	2	PRKAA1
5.15772059063582e-06	-1.37551971634074	0.125	0.286	0.0617585463522732	2	KMT2C
5.48571284266006e-06	-1.0717793415271	0.193	0.382	0.0656859255780116	2	JAK1
5.49361914758932e-06	-0.884522782580064	0.148	0.299	0.0657805956732345	2	ATF7IP
5.57654948651396e-06	-1.37896085104527	0.097	0.257	0.0667736035515182	2	CASK
5.69377379440413e-06	-1.57880899368845	0.068	0.197	0.0681772474141951	2	NKTR
5.86868642603083e-06	-1.17747670139352	0.159	0.348	0.0702716512652931	2	GNAQ
5.9319826102147e-06	-1.1101020729855	0.136	0.319	0.0710295597747109	2	MICAL3
6.14405779875614e-06	-1.10031424617687	0.119	0.284	0.073568948082306	2	ARID2
6.1759644213075e-06	0.240682809195346	1	1	0.073950997980736	2	CIRBP
6.34170294779764e-06	-1.51106438705262	0.085	0.231	0.0759355510969289	2	RABGAP1L
6.37354236467761e-06	-1.29029570819584	0.159	0.342	0.0763167962746498	2	FBXL7
6.42872043129022e-06	-2.49812533134512	0.023	0.143	0.0769774984442691	2	ENPP2
6.46150919431863e-06	-1.20496125932694	0.159	0.323	0.0773701110927713	2	SLC22A23
6.61411273128645e-06	-0.970496005689917	0.261	0.449	0.079197385844424	2	SIK3
6.73270545278858e-06	-2.0612614696131	0.028	0.153	0.0806174150916905	2	TRAF7
7.05909839416581e-06	-0.731234199659698	0.375	0.606	0.0845256441717414	2	ASAP1
7.07417617284304e-06	-1.76530567442841	0.062	0.207	0.0847061854936225	2	TRERF1
7.21650025592403e-06	-0.97501148681241	0.125	0.273	0.0864103740644343	2	KIF13A
7.61050323992794e-06	-1.07639808102484	0.165	0.351	0.0911281657948972	2	ITGA9
7.86533308561196e-06	-0.997463053290186	0.244	0.434	0.0941794983671176	2	ECE1
8.00493753245283e-06	-1.07330681127369	0.159	0.309	0.0958511220135902	2	MYCBP2
8.28626701856992e-06	-0.532263552758452	0.767	0.857	0.0992197612803562	2	HSPG2
8.49765467997147e-06	-0.723367990765484	0.398	0.587	0.101750917137978	2	GASK1B
8.79970917098348e-06	-6.05795884694026	0	0.123	0.105367717613356	2	STAB2
9.13583969840975e-06	-2.22988263450857	0.028	0.153	0.109392544548758	2	PHTF2
9.14989294456195e-06	-2.92610188633146	0.011	0.118	0.109560818118185	2	MORC3
9.15196683910986e-06	-1.77909947394478	0.068	0.22	0.109585650931501	2	PDE7B
9.22127476870534e-06	-1.17284248482461	0.131	0.293	0.110415544080478	2	CEBPD
9.35736412431874e-06	-1.43055501944077	0.17	0.36	0.112045078024593	2	TSPAN18
9.41261418989335e-06	-1.4358768906584	0.068	0.218	0.112706642309783	2	PHF21A
9.71123574477623e-06	-1.12292211483684	0.159	0.313	0.116282336807951	2	DOCK1
9.78323431767664e-06	0.453414896596116	0.92	0.846	0.11714444771986	2	RPL37A
9.82458342355181e-06	-1.2900375077404	0.108	0.267	0.117639561913609	2	SCARB2
9.86108747761244e-06	0.371333973054201	0.972	0.909	0.118076661456931	2	HNRNPAB
1.02320486849631e-05	-1.07874889634194	0.17	0.334	0.122518550953748	2	RASGRP3
1.05259935537809e-05	-1.4710663191207	0.08	0.228	0.126038246812972	2	ATP11B
1.07015593982461e-05	-2.38553350496876	0.034	0.17	0.128140472234598	2	SRGN
1.1118750237287e-05	-0.759977684641761	0.278	0.475	0.133135915341275	2	NPR1
1.12964875246105e-05	-2.59001572844744	0.023	0.149	0.135264141619686	2	KDM4C
1.13021275918863e-05	-2.82495516287456	0.04	0.198	0.135331675785247	2	UNC5B
1.13534930622769e-05	-0.885699532270826	0.438	0.622	0.135946725927704	2	ADCY4
1.14932757536056e-05	-1.55288456274725	0.091	0.252	0.137620483873673	2	UBAP2L
1.25134327775245e-05	0.251534933570335	1	0.994	0.149835844078078	2	LOC138582460
1.2526902789558e-05	-2.12904194500174	0.04	0.18	0.149997134002167	2	STON2
1.26972460445229e-05	-0.657285127903664	0.29	0.455	0.152036824137117	2	ERG
1.40077495359353e-05	-2.68098938849493	0.023	0.147	0.167728792943289	2	GRK3
1.42027661680713e-05	-0.868616391670703	0.165	0.348	0.170063922096486	2	NR3C1
1.4243763413239e-05	-1.47888398130347	0.074	0.231	0.170554823110124	2	TBX1
1.43265207510136e-05	-0.656206287565044	0.483	0.632	0.171545759472637	2	PECAM1
1.45379716658641e-05	-1.08331583602422	0.165	0.355	0.174077672727057	2	TANC1
1.46639423626918e-05	-1.8767138593693	0.068	0.219	0.175586045850872	2	ADAMTS20
1.51224661830468e-05	-1.05103943300047	0.085	0.205	0.181076410075803	2	ADCY9
1.51560432914951e-05	-1.8686163916707	0.057	0.218	0.181478462372363	2	PARD3B
1.53384632343965e-05	-1.02413396929199	0.097	0.232	0.183662758768664	2	PARP14
1.53688308267431e-05	-1.19432896138558	0.125	0.302	0.184026380319421	2	ZNF436
1.5456486632037e-05	-1.5230370287187	0.08	0.216	0.185075970932011	2	NFAT5
1.64376288150555e-05	-2.36904538218019	0.034	0.173	0.196824167431475	2	PDGFC
1.74840300774982e-05	-1.14127796886868	0.153	0.335	0.209353776147963	2	GJC2
1.79928025354217e-05	0.384302071756787	0.977	0.94	0.215445817559139	2	RPL36A
1.81309917349688e-05	-1.00647530279548	0.153	0.325	0.217100495034516	2	PARG
1.82173109195323e-05	-1.1569091299208	0.131	0.296	0.21813408095048	2	IGF1R
1.86835677654873e-05	0.579313815172196	0.807	0.721	0.223717040423945	2	TPM3
1.87806538998332e-05	-2.08741375746907	0.028	0.148	0.224879549796603	2	LOC138566346
1.90377817525277e-05	-2.20355535207822	0.034	0.168	0.227958398704766	2	SLC44A2
1.90401392072373e-05	-1.15106825133174	0.205	0.359	0.227986626867459	2	ADD3
1.97934360556009e-05	-1.08798956870836	0.136	0.295	0.237006603329765	2	TNRC6B
2.05083912903902e-05	-1.38938583046437	0.085	0.225	0.245567477311132	2	GOLGB1
2.05870359788781e-05	0.55530123177997	0.79	0.713	0.246509168811086	2	NONO
2.09494830306754e-05	-0.975732654056064	0.199	0.387	0.250849109809307	2	ELMO1
2.09750655323722e-05	-1.18497781068352	0.17	0.354	0.251155434684624	2	CYLD
2.104199810801e-05	-2.17402939977505	0.028	0.141	0.251956885345312	2	ARHGAP39
2.11199913830082e-05	-1.48834431055254	0.08	0.22	0.252890776820141	2	TBC1D4
2.211779095341e-05	-1.28778769045656	0.085	0.211	0.264838428876131	2	HECTD4
2.23366223045924e-05	-1.47727607359634	0.131	0.282	0.267458715475189	2	RAPGEF5
2.23555637503182e-05	-1.46835993609838	0.068	0.21	0.26768552034631	2	ST3GAL4
2.32545529804945e-05	-1.43231027563821	0.097	0.249	0.278450017388441	2	DNAAF9
2.38197883221693e-05	0.485813570956672	0.864	0.746	0.285218145369656	2	ND3
2.42022563127718e-05	-1.29584146113501	0.102	0.249	0.289797817089129	2	LRRK2
2.43746954300406e-05	-0.752542649519966	0.227	0.422	0.291862603079306	2	PLXND1
2.49496377610335e-05	-0.71484113022172	0.381	0.565	0.298746962550615	2	ENG
2.49728533690125e-05	-0.954671038528234	0.216	0.391	0.299024946240556	2	FGD5
2.55099522679702e-05	0.83041137338382	0.761	0.646	0.305456168456675	2	ACTG1
2.55525744754389e-05	-1.55209165531267	0.068	0.197	0.305966526768905	2	MAP3K3
2.65759569288597e-05	-1.51106438705262	0.068	0.196	0.318220508266166	2	SYNE3
2.71960392230134e-05	-1.30362230718214	0.057	0.179	0.325645373656363	2	TAF4
2.72775250375996e-05	-1.39980763595088	0.074	0.207	0.326621084800217	2	GAB2
2.7587958666005e-05	-0.981384321832653	0.108	0.234	0.330338217066744	2	FARP2
2.75905220119266e-05	-1.24983222385281	0.085	0.22	0.330368910570809	2	EBF1
2.77693963795225e-05	-0.81950925257636	0.165	0.305	0.332510752248402	2	RBMS3
2.79216995032006e-05	-1.11513571072148	0.119	0.256	0.334334429851324	2	AKT3
2.87289823866282e-05	-1.0820876968159	0.125	0.265	0.344000835097486	2	STAG1
2.88854448762175e-05	-0.844263594275002	0.222	0.387	0.345874316947829	2	ITPKA
2.9887031591603e-05	-3.63000545977613	0.006	0.107	0.357867316277855	2	DOCK5
3.00551008818456e-05	-1.97983387026925	0.034	0.142	0.359879777959219	2	TBCD
3.0194071142046e-05	-1.18009115256225	0.131	0.276	0.361543807854858	2	PPP6R3
3.02533230138329e-05	-0.674707036243284	0.557	0.697	0.362253289767636	2	PTPRM
3.05786920350058e-05	-1.59852722830296	0.034	0.114	0.366149258427159	2	KIF2A
3.07328217283498e-05	-1.13255276379889	0.131	0.29	0.36799480737526	2	CD99
3.13738931973713e-05	-0.966633366057518	0.148	0.299	0.375670997145324	2	TJP2
3.23844719634004e-05	-1.13200618487934	0.148	0.315	0.387771667289756	2	VWCE
3.35512315232121e-05	-1.16741152101054	0.114	0.255	0.401742446258941	2	NFIC
3.45789905120012e-05	-0.937329141754718	0.193	0.337	0.414048832390702	2	RGL3
3.48050417749567e-05	-0.957864448716251	0.318	0.465	0.416755570213331	2	ARHGEF9
3.48953679842244e-05	-2.29242410057728	0.017	0.103	0.417837136243103	2	ZNF773
3.50751238715309e-05	-0.877243256369022	0.267	0.451	0.419989533237711	2	BCL6B
3.56658408417197e-05	-2.00931525458045	0.08	0.225	0.427062778238752	2	FLT4
3.59913515843616e-05	-1.24613044830334	0.091	0.227	0.430960443871146	2	LRSAM1
3.66599462154963e-05	-1.31841930911022	0.097	0.247	0.438966195984353	2	EXOC6B
3.75041340811125e-05	-0.827131830518739	0.295	0.478	0.449074501487241	2	PIEZO1
3.78981077171381e-05	-1.53854512347473	0.062	0.197	0.453791941805011	2	COMMD10
3.95540866409401e-05	-3.24577400727846	0.017	0.139	0.473620633438617	2	GAS7
4.0134660838468e-05	-0.962275498884948	0.148	0.285	0.480572428879815	2	ATP8B2
4.02746350281066e-05	0.590185405927796	0.739	0.612	0.482248479826549	2	B2M
4.25881932905297e-05	-1.53343220008107	0.057	0.173	0.509951026460802	2	LOC138569657
4.26384153007215e-05	-2.44652413485791	0.023	0.145	0.510552384810839	2	MPP7
4.27516784572926e-05	-1.05079763378078	0.125	0.28	0.511908597847622	2	ATXN2
4.5059097587391e-05	-1.08637671774006	0.114	0.26	0.53953763451142	2	TRAPPC8
4.5578314347172e-05	-1.41795498266114	0.074	0.198	0.545754735993037	2	MAP4K3
4.58854899953356e-05	-1.11162374282479	0.119	0.251	0.549432857204149	2	HIP1
4.69122920840968e-05	-0.731488870502573	0.438	0.585	0.561727785414975	2	KDR
4.70220175376766e-05	-1.01529561566092	0.222	0.398	0.56304163799614	2	PDE2A
4.71600612027396e-05	-1.31841930911022	0.08	0.182	0.564694572841604	2	RNF216
4.7343294699702e-05	-1.97776400615396	0.04	0.143	0.566888610734231	2	RASA4
4.78423108574178e-05	-1.11038218075085	0.119	0.262	0.572863830206721	2	TP53BP2
4.8066224910914e-05	-1.68098938849493	0.062	0.189	0.575544977083284	2	ADGRF5
4.87722491496432e-05	0.353246419817061	0.949	0.929	0.583998911317827	2	RPS20
4.88547550668405e-05	-1.7494691263777	0.034	0.133	0.584986837170348	2	GAB3
5.00352254729878e-05	-1.58022641156002	0.068	0.205	0.599121789813556	2	TRPM7
5.01000743618349e-05	-1.22072263522309	0.125	0.265	0.599898290408611	2	RASA1
5.06555700422837e-05	-1.25829831667265	0.114	0.247	0.606549795686305	2	USP34
5.13833467601555e-05	-2.55545850641107	0.023	0.15	0.615264194106102	2	KMT2E
5.16169902878151e-05	-1.37456238714776	0.091	0.227	0.618061841706298	2	HERC1
5.79080621527802e-05	-0.777101281047937	0.216	0.377	0.69339113621739	2	PKN1
6.06316717265844e-05	-1.36904538218019	0.085	0.214	0.726003637254122	2	EVI5
6.06573949886405e-05	-2.50201924744961	0.023	0.13	0.726311647593981	2	PLEKHG4B
6.11402360021621e-05	-1.03148663557907	0.188	0.357	0.732093185889889	2	AFDN
6.38108929820092e-05	-0.645993967138728	0.222	0.386	0.764071632566578	2	CYFIP1
6.45031667290487e-05	-1.46526069743949	0.074	0.196	0.77236091841363	2	ARMC8
6.6065324641223e-05	-1.31429142348755	0.125	0.298	0.791066197254004	2	ZSWIM8
6.63207275015812e-05	-1.22805528145756	0.091	0.233	0.794124391103933	2	FNBP1
6.72032765806403e-05	-1.68098938849493	0.068	0.206	0.804692033776587	2	FLRT2
7.13003109310781e-05	-1.08968536089995	0.068	0.195	0.853749923088729	2	RASSF8
7.21717737555548e-05	-1.03462634310963	0.062	0.181	0.864184818949013	2	TDRD7
7.2471171696963e-05	-1.58301422893163	0.057	0.177	0.867769809899435	2	BRD9
7.54453267939757e-05	-0.930289683294897	0.188	0.332	0.903382343031065	2	RCAN1
7.54491665590827e-05	0.280129314481824	0.989	0.973	0.903428320378457	2	ZA20D3
7.64443410252322e-05	-1.54291325309196	0.068	0.199	0.91534453943613	2	KSR1
7.74620636302613e-05	-1.21733318399591	0.091	0.211	0.927530749908749	2	INPP5A
7.76487441800276e-05	-1.53786444639633	0.045	0.156	0.929766062811651	2	ARHGEF18
8.32931664497589e-05	-1.69869139022839	0.045	0.154	0.997352375069413	2	EP300
8.35033932773207e-05	-1.02377079873227	0.142	0.284	0.999869631102638	2	UBR4
0.00348063506202352	4.48893561294738	0.017	0	1	2	MADCAM1
0.00581641687535274	4.07389811366854	0.023	0.001	1	2	ROR1
0.00348070682699777	3.22590120711359	0.017	0.002	1	2	CAMKK1
0.00584315956951959	3.22590120711359	0.023	0.002	1	2	LOC138582219
0.00348063506202352	2.90397311222622	0.017	0.002	1	2	TMEM45B
0.00348063506202352	2.90397311222622	0.017	0.002	1	2	ABI3BP
0.00348063506202352	2.90397311222622	0.017	0.002	1	2	TNNI1
0.00348063506202352	2.90397311222622	0.017	0.002	1	2	TREM1
0.000157714590607382	2.75197001878117	0.028	0.004	1	2	SLC7A11
0.00521924323821738	2.71132803428383	0.034	0.005	1	2	CXCL14
0.00584315956951959	2.48893561294738	0.023	0.004	1	2	LOC138497778
0.0060001923304287	2.26654319161093	0.028	0.006	1	2	CAPN9
0.0060001923304287	2.26654319161093	0.028	0.006	1	2	PPIF
0.00348063506202352	1.90397311222622	0.017	0.001	1	2	SCUBE3
0.00348063506202352	1.90397311222622	0.017	0.005	1	2	LOC138525845
0.00742936526287553	1.86090439033434	0.057	0.016	1	2	GINS3
0.00325709076836363	1.57139777313935	0.045	0.016	1	2	OAT
0.000693374045272765	1.53200433483927	0.074	0.028	1	2	COL11A1
0.00628331255918961	1.52641031836604	0.131	0.07	1	2	COL6A3
0.00536309885572799	1.48893561294738	0.051	0.019	1	2	BAX
0.000436128601904177	1.31609901608516	0.21	0.105	1	2	MDK
0.00746496164074634	1.17829332560653	0.29	0.225	1	2	COL3A1
0.00650019929703951	1.14498121173002	0.068	0.032	1	2	PYGO2
0.00742034513325806	1.13529865833268	0.045	0.022	1	2	LOC138525649
0.00322464273195198	1.05597620567127	0.188	0.101	1	2	ARL14EP
0.00846195123265252	1.05399855623083	0.119	0.071	1	2	SPDL1
0.000108263820877566	0.907204233489237	0.267	0.13	1	2	APLN
0.00855558261005196	0.839842774806508	0.261	0.183	1	2	TUBB6
0.00688219899724227	0.756631396151037	0.392	0.275	1	2	TRMT112
0.00183391245610316	0.66018167737509	0.614	0.507	1	2	POMP
0.00342480682120808	0.627158266914526	0.608	0.51	1	2	ACTN1
0.00677010522847467	0.617833346129638	0.449	0.353	1	2	PTGES3
0.00629704225573077	0.613326475184571	0.472	0.346	1	2	ARF4
0.00527114547206813	0.586131148043778	0.5	0.39	1	2	ODC1
0.00974832645654323	0.576991789612576	0.472	0.396	1	2	TXNIP
0.00252258994499505	0.572191116596733	0.568	0.463	1	2	LOC138567840
0.000535567844902205	0.558283659638115	0.688	0.611	1	2	LDHA
0.00936448740832395	0.553216364279643	0.438	0.358	1	2	PGK1
0.00110717806634486	0.514320931367294	0.568	0.488	1	2	MYEF2
0.00125705722260325	0.493785012608776	0.699	0.645	1	2	LOC138510586
0.000143585002913427	0.478559860183161	0.795	0.768	1	2	SRI
0.000217987458780822	0.471638789466348	0.852	0.782	1	2	COX6B1
0.000101188848830457	0.462463401586189	0.903	0.846	1	2	DBI
0.000947088518410603	0.456514135255003	0.812	0.702	1	2	CALM2
0.00808106147782245	0.454903984372589	0.631	0.548	1	2	TMED2
0.00799040680081268	0.454864936857688	0.722	0.656	1	2	ATP5MK
0.00111967253782275	0.451904882002414	0.983	0.924	1	2	RPL7
0.000771408253984179	0.416245335539709	0.801	0.728	1	2	ANP32B
0.00316838307274207	0.404580913023225	0.722	0.731	1	2	YWHAE
0.00142561256627664	0.394480611146865	0.966	0.896	1	2	MYL6P1
0.00422292055737328	0.364911462113676	0.881	0.834	1	2	CALM1
0.00500262798223057	0.361276338482078	0.688	0.63	1	2	ILF3
0.00470438716463275	0.3554270935942	0.733	0.637	1	2	ATP5MF
0.000144167555102389	0.353576113495413	0.909	0.851	1	2	PFN1
0.00100946419549482	0.351974150087117	0.903	0.88	1	2	MSN
0.000104785993195001	0.349448344725872	0.972	0.908	1	2	HMGB2
0.000191200339757225	0.34752880848547	0.949	0.797	1	2	KRT18
0.0003368580135879	0.346897569256309	0.909	0.885	1	2	HSPA8
0.00109177069054822	0.344206987145294	0.864	0.772	1	2	FSTL1
0.000633781368789938	0.329794747837071	0.801	0.623	1	2	CD34
0.00112073852938219	0.324028686271693	0.909	0.833	1	2	RAC1
0.0055184697194085	0.321530603483583	0.784	0.75	1	2	COX7A2
0.00295104997022659	0.321010743588762	0.852	0.78	1	2	NCL
0.00138161326411176	0.308253443495769	0.909	0.858	1	2	RPL22
0.00698285518488214	0.305489471851449	0.79	0.76	1	2	SRSF3
0.000761559851968332	0.302102184258788	0.909	0.884	1	2	HMGN1
0.00863750918036546	0.295413250064064	0.898	0.815	1	2	SET
0.000804597119228755	0.294042243527833	0.881	0.846	1	2	ATP5MC2
0.00305634240221612	0.289844290974614	0.784	0.707	1	2	RAN
0.0018223219782117	0.287048847045574	0.716	0.637	1	2	ALDOA
0.000523226330054003	0.275320761157861	0.994	0.963	1	2	COX1
0.00979931976353602	0.272097680568203	0.733	0.732	1	2	HNRNPL
0.00175324146244621	0.272017592702853	0.989	0.99	1	2	ATP6
0.00643701700157417	0.265635550787734	0.96	0.901	1	2	RPS24
0.0073059992493904	0.259413636039371	0.943	0.908	1	2	RPS29
0.00147889650480662	0.255098847684875	0.966	0.926	1	2	RPL37
0.00851234800302646	0.239407061673418	0.915	0.841	1	2	ND4
0.00719362241859459	0.238834352304488	0.955	0.926	1	2	HNRNPA3
0.00453388553968304	0.237184700514538	0.83	0.776	1	2	TUBA1C
0.00592560496279505	0.236085900799069	0.938	0.904	1	2	RPS17
0.00550936544575466	0.233698574146967	0.898	0.844	1	2	GAPDH
0.00432602899185237	0.211755849520451	0.989	0.977	1	2	RPS15A
0.00270887814122511	0.207494315654521	0.994	0.996	1	2	TMSB4X
0.00753241367039621	0.205972393206038	0.989	0.946	1	2	RPL24
0.00454709305795001	0.200868020181093	0.972	0.96	1	2	FAU
0.00132795725950327	0.186215280136571	1	0.997	1	2	CIRP
0.00842033135863571	0.160764459903548	1	0.966	1	2	RPL23
0.00748006604020918	-0.154427263421652	0.415	0.551	1	2	CAPNS1
0.00916007731898868	-0.216185650808174	0.455	0.577	1	2	COL5A2
0.00785664700099556	-0.223782434972149	0.494	0.636	1	2	SPTBN1
0.00572391698261492	-0.282935596167027	0.443	0.555	1	2	CRIM1
0.000167532226341642	-0.327849554949514	0.938	0.937	1	2	S100G
0.00194250913191552	-0.328018113920137	0.392	0.543	1	2	GNAI3
0.00469789580484433	-0.332278157670611	0.301	0.404	1	2	IL6ST
0.00397316262828512	-0.359061293607569	0.273	0.38	1	2	RASIP1
0.00203485400133762	-0.36192094774681	0.443	0.612	1	2	RHOB
0.000753643842769042	-0.364222998723348	0.312	0.436	1	2	HMGB3
0.0030970703903183	-0.374947403573647	0.443	0.61	1	2	H2AC1
0.00887829598455026	-0.38129651208229	0.517	0.666	1	2	TMEM176B
0.00223019721436481	-0.388880272098877	0.335	0.461	1	2	FOS
0.000812095593303389	-0.392844150236778	0.494	0.682	1	2	PCDHGC3
0.0017565148006418	-0.405882150360563	0.403	0.49	1	2	DUSP1
0.00631558636286596	-0.409514619860485	0.46	0.554	1	2	KIAA1217
0.00727821986111672	-0.426672199762247	0.159	0.228	1	2	CCSER2
0.00199825050161291	-0.427353680663388	0.222	0.329	1	2	TMEM14A
0.00416559595739016	-0.427541031490336	0.182	0.267	1	2	DIAPH1
0.00919325476844761	-0.431629919558215	0.369	0.483	1	2	ZNF318
0.00933584944203169	-0.43389652653016	0.267	0.37	1	2	JAM3
0.000649857846410845	-0.435337060889375	0.33	0.479	1	2	ZFP36
0.0064931819344098	-0.436333511975993	0.222	0.335	1	2	TM9SF2
0.000348038109733274	-0.436821965856221	0.523	0.668	1	2	TRIM39
0.00511443346259322	-0.442477301795207	0.159	0.244	1	2	SMARCE1
0.00248814886991472	-0.449663842388476	0.25	0.354	1	2	MBNL2
0.00248175867542176	-0.456429130475774	0.114	0.213	1	2	ATF3
0.0013666086028857	-0.458596967158484	0.21	0.334	1	2	CTTN
0.00959481145066059	-0.461023704553024	0.102	0.164	1	2	ACSL1
0.000589447748343241	-0.461023704553024	0.335	0.497	1	2	EHD2
0.00625134315669533	-0.462520535094582	0.176	0.244	1	2	RSRC2
0.00334327584287404	-0.481786594530374	0.227	0.33	1	2	MICAL2
0.00482097050588262	-0.48347855538072	0.153	0.239	1	2	ZFP2
0.00304837141970213	-0.484297477489834	0.148	0.233	1	2	LGALS3
0.00402117408308628	-0.484592175691429	0.222	0.342	1	2	CDK17
0.00607428481021653	-0.488344310552536	0.142	0.226	1	2	OGDH
0.00202520250427178	-0.489133746983117	0.239	0.331	1	2	PLEC
0.0048346256396272	-0.491164829614914	0.324	0.44	1	2	ANXA11
0.000964785219222987	-0.492607482345059	0.239	0.388	1	2	FGR
0.00726814058688756	-0.49291704034236	0.142	0.222	1	2	OSBP
0.00373124065724139	-0.501786573464609	0.165	0.262	1	2	NDEL1
0.000260950078208455	-0.50819905335823	0.449	0.619	1	2	TIE1
0.00018290494053893	-0.509066655312835	0.551	0.709	1	2	LOC138504630
0.00506440471609944	-0.511064387052619	0.085	0.143	1	2	SH3BP5
0.00398369595392392	-0.516065068110986	0.318	0.454	1	2	CAPN1
0.00842612333557577	-0.520282917081998	0.182	0.262	1	2	CHD7
0.00952971013266317	-0.520867562082978	0.244	0.374	1	2	NCK1
0.00306089161666513	-0.522291642475874	0.324	0.481	1	2	ELOVL1
0.0025899548466709	-0.52736619938172	0.102	0.168	1	2	TPST2
0.00891337639747497	-0.52736619938172	0.148	0.235	1	2	ITPR1
0.00109970142320126	-0.532759458151939	0.148	0.234	1	2	TNK2
0.0025890671205515	-0.538545123474727	0.165	0.271	1	2	MAP4
0.00411044393316566	-0.539472802238374	0.193	0.311	1	2	SPAG9
0.00542800918130609	-0.540015760748749	0.153	0.254	1	2	TANC2
0.0054027215595188	-0.540811730446672	0.193	0.305	1	2	DYNC1I2
0.00599095381639227	-0.540811730446672	0.102	0.183	1	2	RGL2
0.00264027971441608	-0.541264624828319	0.159	0.263	1	2	HSPA1A
0.00657577475371448	-0.541652706886043	0.176	0.249	1	2	TAOK2
0.00241093798016157	-0.541826640823307	0.261	0.384	1	2	RBFOX2
0.000389153112527007	-0.541943699936591	0.216	0.357	1	2	ERBIN
0.0019474188852715	-0.542091282673244	0.176	0.296	1	2	TEAD1
0.0014502634265236	-0.544008485667535	0.352	0.516	1	2	GDPD5
0.00573968120367077	-0.544079444280583	0.119	0.2	1	2	LPAR4
0.00113818072057945	-0.553155720541652	0.165	0.266	1	2	UBE3A
0.00646763042222272	-0.556579046304988	0.182	0.281	1	2	TSPAN9
0.0003933555198921	-0.558027866023206	0.261	0.388	1	2	RAPGEF6
0.00105693882940551	-0.562243110978183	0.188	0.28	1	2	PCDH17
0.00442282079451165	-0.563385422182702	0.205	0.304	1	2	ARHGEF7
0.00373100544626408	-0.565141059808412	0.182	0.271	1	2	PAK2
0.000182686280068764	-0.566917621786137	0.358	0.518	1	2	DYNC1H1
0.000742483020866223	-0.569958076106188	0.193	0.311	1	2	MBNL1
0.0027526664911479	-0.571760318740174	0.142	0.239	1	2	ZFPM1
0.0035847124166724	-0.571760318740174	0.267	0.41	1	2	USP9X
0.00157372717263933	-0.573074049328044	0.159	0.259	1	2	RNF213
0.00363565904837619	-0.574567329358778	0.108	0.197	1	2	HIF3A
0.00832194972279596	-0.575194724472335	0.097	0.175	1	2	EPN2
0.00667820226082079	-0.577895895530828	0.131	0.211	1	2	EPB41
0.00789699771128247	-0.578178582911157	0.097	0.163	1	2	PLD2
0.00404851513259796	-0.578808993688454	0.108	0.199	1	2	SCAF4
0.00936914013033615	-0.583820729487933	0.159	0.228	1	2	LRCH3
0.00733578939481296	-0.585951598683611	0.25	0.371	1	2	ARHGEF2
0.00188763481707415	-0.58709782358503	0.42	0.543	1	2	ARL15
0.00710438017173222	-0.587879984103451	0.148	0.241	1	2	NF1
0.00665257718471813	-0.58830738598508	0.119	0.196	1	2	KANSL1
0.000713818807935472	-0.588795690285186	0.318	0.456	1	2	RIPOR1
0.00773910927447227	-0.58947073251794	0.216	0.305	1	2	TSC22D2
0.00535890332561188	-0.590291078203195	0.136	0.235	1	2	PIK3CA
0.00425246143939835	-0.590498854547025	0.25	0.346	1	2	HOOK3
0.00343045192742946	-0.591984382436187	0.108	0.199	1	2	PTPN9
0.0036590840202933	-0.592452713893274	0.261	0.386	1	2	XPO5
0.00832852858109395	-0.593526547244593	0.227	0.353	1	2	ROCK2
0.00804519830529575	-0.595380672986095	0.33	0.446	1	2	CTSK
0.00291180213113306	-0.598527228302959	0.176	0.276	1	2	WIZ
0.00124019407310534	-0.604723494266865	0.182	0.3	1	2	GNA12
0.00142995786955618	-0.607279702311923	0.33	0.489	1	2	TNS1
0.00158685704063352	-0.610600060603534	0.17	0.265	1	2	SETD2
0.00691229568241549	-0.610600060603534	0.091	0.173	1	2	PRKAR2A
0.00304855344609483	-0.610600060603534	0.227	0.335	1	2	CAMK2G
0.00845647998723442	-0.61120105833807	0.199	0.289	1	2	CDC42BPA
0.00957145973587994	-0.611328510526049	0.165	0.252	1	2	WIPF1
0.00355531395349871	-0.613679453535506	0.17	0.293	1	2	NKAIN1
0.00475540144209751	-0.613875192636395	0.199	0.321	1	2	UBR2
0.00290021411086307	-0.614493976708025	0.188	0.29	1	2	NDUFB11
0.00304947010011882	-0.614687018126777	0.193	0.328	1	2	KDM6B
0.000428811536306744	-0.615015351091528	0.33	0.515	1	2	NFIB
0.00994709478141213	-0.615401046867355	0.114	0.203	1	2	USP19
0.00156902014834631	-0.616417387198848	0.153	0.264	1	2	HECTD1
0.00908510586276224	-0.616598801224977	0.125	0.222	1	2	STK3
0.00921695973446827	-0.624127051539256	0.114	0.185	1	2	ARHGAP10
0.00086084593440807	-0.625080647344276	0.17	0.304	1	2	ASPH
0.00146715041276759	-0.6256008186284	0.273	0.39	1	2	NFX1
0.00157181792197335	-0.627747367217953	0.216	0.352	1	2	NIPBL
0.000355903797495791	-0.63106416316325	0.199	0.348	1	2	MACF1
0.00323454214563841	-0.631358620770331	0.085	0.178	1	2	CH25H
0.00427775966734437	-0.632079788013986	0.131	0.238	1	2	TNKS
0.00274392180275454	-0.63621951837491	0.188	0.29	1	2	EHMT1
0.00102774722871959	-0.637072271964725	0.256	0.413	1	2	ITGA5
0.00621457483748795	-0.638176304955959	0.08	0.159	1	2	ACVR1
0.00848715106058739	-0.640347403997586	0.097	0.162	1	2	KCNQ1
0.00611149284798251	-0.643514683076269	0.114	0.194	1	2	GPR68
0.00579669225366123	-0.64492013378741	0.114	0.227	1	2	CALCRL
0.00282901944366109	-0.645490707273546	0.153	0.254	1	2	HTT
0.00104633567569919	-0.646380351564791	0.318	0.463	1	2	PICALM
0.00960980455177555	-0.647436828783905	0.148	0.242	1	2	PACSIN2
0.00641403000966004	-0.648567910802555	0.085	0.167	1	2	MFF
0.00027266896993589	-0.649625217585597	0.244	0.402	1	2	PLCG1
0.00102824519865263	-0.65154561060245	0.085	0.176	1	2	LOC138528830
0.00585995060502196	-0.651926922892469	0.193	0.309	1	2	SASH1
0.0022703997105397	-0.652206487865903	0.222	0.36	1	2	NAP1L4
0.00612123959400545	-0.653358269517741	0.193	0.316	1	2	MICU2
0.00354575004289406	-0.654022340894663	0.216	0.342	1	2	TCF3
0.00413699135410346	-0.65465524068147	0.199	0.324	1	2	DST
0.00316545028188765	-0.654757846921753	0.165	0.296	1	2	HELZ
0.00134874625981803	-0.656114719855903	0.102	0.209	1	2	CRIP2
0.000249603950162242	-0.656915253516074	0.193	0.326	1	2	RASA3
0.00495047480880826	-0.657221222561982	0.176	0.268	1	2	CD55
0.004990310320726	-0.657905775381891	0.136	0.229	1	2	CSNK2A1
0.00020528154293044	-0.657905775381891	0.17	0.317	1	2	SGMS1
0.00964131394553149	-0.660155885077766	0.165	0.249	1	2	AGFG1
0.00353537801682898	-0.660290395827096	0.193	0.304	1	2	THOC2
0.000324876911051931	-0.660811506557302	0.233	0.376	1	2	RALGAPA1
0.000495324190835901	-0.662657565722675	0.21	0.338	1	2	PRRC2A
0.00201604717593907	-0.664194145951954	0.21	0.33	1	2	RGS3
0.00126226790067693	-0.665786981851262	0.222	0.355	1	2	PLEKHG5
0.00378219437376618	-0.666342612530531	0.108	0.181	1	2	GSK3B
0.00564170673904427	-0.6686056640391	0.239	0.347	1	2	NCOA2
0.00376312030133501	-0.670018270673929	0.176	0.302	1	2	MCC
0.00728035093072797	-0.67049701467729	0.199	0.324	1	2	MEF2A
0.00771807037873079	-0.672056263724924	0.176	0.265	1	2	ABCB5
0.00909523991084708	-0.674002958178825	0.119	0.198	1	2	SHKBP1
0.003353451354202	-0.674810813565808	0.119	0.216	1	2	GRK5
0.000552940518885155	-0.67855856224017	0.273	0.414	1	2	MAGI1
0.00994562648622517	-0.680989388494932	0.091	0.165	1	2	COPS4
0.00100015391113332	-0.680989388494932	0.239	0.363	1	2	ARAP3
0.00122525674568954	-0.680989388494932	0.108	0.217	1	2	ELF2
0.00351058968151563	-0.680989388494932	0.091	0.18	1	2	EDC4
0.00835267777844143	-0.686506393462498	0.131	0.221	1	2	EPS15L1
0.00283984033547256	-0.687387159693083	0.108	0.212	1	2	TCF7L2
0.00898865692422643	-0.688257388958971	0.102	0.186	1	2	SNX27
0.000106835592783906	-0.690207918524311	0.244	0.368	1	2	KIF1B
0.00842954744827275	-0.690973477067554	0.074	0.14	1	2	PHLPP2
0.00311886866511399	-0.690973477067554	0.136	0.254	1	2	ATRN
0.00618773324874009	-0.69163663269444	0.273	0.387	1	2	APLNR
0.000491842166203278	-0.691636632694441	0.188	0.327	1	2	TEK
0.000779187667328705	-0.695488958190047	0.21	0.337	1	2	TNFAIP8L1
0.00783325248250283	-0.697765101245758	0.097	0.163	1	2	TINAGL1
0.000640674487198736	-0.700888945932637	0.17	0.305	1	2	DIP2C
0.00709830060948792	-0.700888945932637	0.165	0.296	1	2	MARK2
0.000362094469595668	-0.702205874404628	0.131	0.251	1	2	MTMR1
0.00171663030652872	-0.702562800443284	0.25	0.385	1	2	NOTCH1
0.00154952626530614	-0.7048361304493	0.193	0.326	1	2	PPP4R1
0.00207262308451905	-0.706615196170426	0.136	0.253	1	2	USP7
0.00533114522907501	-0.706752484560014	0.176	0.287	1	2	ASH1L
0.0045221288996612	-0.708101234112173	0.205	0.308	1	2	JARID2
0.00354108821670079	-0.708470124917039	0.233	0.369	1	2	CD276
0.00167606841774867	-0.708601619702792	0.114	0.197	1	2	ARHGEF12
0.00659016524600084	-0.709003764664528	0.08	0.148	1	2	NIBAN1
0.00150375961177855	-0.709003764664528	0.159	0.275	1	2	EPS15
0.000106952657186932	-0.70920926214239	0.199	0.329	1	2	SIPA1L1
0.00987362042560084	-0.710736731888984	0.074	0.145	1	2	MAN2B1
0.00225088047522101	-0.7119330957032	0.335	0.479	1	2	RAPGEF2
0.00709598710203682	-0.716968685600499	0.108	0.199	1	2	GSTK1
0.000110456894753508	-0.719072890226411	0.239	0.365	1	2	EHD3
0.000848172080308701	-0.719651008864037	0.205	0.332	1	2	PARD3
0.000876810387215823	-0.72051775268157	0.108	0.2	1	2	TMEM87A
0.00577684265690321	-0.72051775268157	0.085	0.174	1	2	STAT2
0.00325500189853653	-0.722212051221445	0.102	0.188	1	2	INPP5F
0.00864710439764452	-0.722212051221445	0.108	0.198	1	2	SGK3
0.00932424359836964	-0.723114864167609	0.148	0.258	1	2	SMAP1
0.00686984426130913	-0.724058110386818	0.108	0.189	1	2	SMG1
0.00330953652265969	-0.725383507853385	0.148	0.263	1	2	SBF1
0.00875956911821198	-0.72607727802347	0.142	0.234	1	2	NSD3
0.00382677537976761	-0.728765113064346	0.153	0.274	1	2	STAT5B
0.00103266359801854	-0.730591474694678	0.227	0.344	1	2	LHFPL7
0.00922228106991153	-0.730742423692031	0.085	0.166	1	2	GCNT1
0.00793673032353578	-0.732168112420495	0.199	0.303	1	2	MED13L
0.00969474516272521	-0.733456808389067	0.097	0.156	1	2	ABCB1
0.00891691272963907	-0.733456808389068	0.125	0.205	1	2	RAB31
0.00605221300686075	-0.736030752052894	0.085	0.173	1	2	ATG9A
0.00609903742166381	-0.737414821957751	0.176	0.29	1	2	FRYL
0.00912727069023249	-0.739883077548501	0.119	0.207	1	2	WAC
0.000755880760281	-0.742794672968404	0.159	0.269	1	2	DEDD2
0.0084358233068383	-0.749469126377698	0.153	0.268	1	2	MINK1
0.00376062794164055	-0.75045989312924	0.824	0.842	1	2	unassigned-gene-2
0.00840753289962644	-0.750530321748009	0.136	0.222	1	2	ANKHD1
0.000366435978541274	-0.751855719214577	0.295	0.45	1	2	MYOF
0.00758598448003982	-0.752072486556414	0.119	0.189	1	2	SLAMF8
0.000168046328813582	-0.754518423916897	0.153	0.286	1	2	CLASP2
0.000805828464525493	-0.754687486440192	0.239	0.365	1	2	APBB2
0.000409141969691027	-0.754989969938709	0.188	0.327	1	2	AP3D1
0.000192698360407169	-0.758991900496205	0.182	0.358	1	2	ARRB1
0.00198319650357821	-0.758991900496205	0.148	0.269	1	2	HIBADH
0.00294933632218672	-0.758991900496206	0.102	0.184	1	2	KMT2B
0.00690203654402533	-0.76228949059678	0.108	0.2	1	2	GLG1
0.00357322296080098	-0.764405396682569	0.131	0.235	1	2	NDST2
0.000402487598937177	-0.764820979298403	0.216	0.38	1	2	PPP1R12A
0.00190487177967553	-0.766962611604785	0.136	0.279	1	2	JUN
0.00775561783953039	-0.768452229745271	0.074	0.145	1	2	GABPA
0.000153939254137371	-0.768452229745271	0.131	0.264	1	2	FAF1
0.00283403585757755	-0.769798655452788	0.142	0.239	1	2	KDM4B
0.00920014886775745	-0.771591937275839	0.108	0.207	1	2	PRKD2
0.00973272299529063	-0.772329700033358	0.08	0.157	1	2	CNOT7
0.00146466796944686	-0.773286235815714	0.176	0.308	1	2	PRKACA
0.00887257642383632	-0.774098792886414	0.097	0.17	1	2	THSD1
0.00076762609670707	-0.776748371300363	0.256	0.441	1	2	DGKZ
0.00842954744827275	-0.777850927747521	0.074	0.148	1	2	TMEM131
0.00782647345302542	-0.780097533507857	0.131	0.213	1	2	MARK1
0.0015089175035717	-0.780525062045847	0.131	0.234	1	2	PAFAH1B1
0.0021712513424853	-0.781153550420364	0.074	0.157	1	2	TAF2
0.00150483683663953	-0.784082881459035	0.17	0.299	1	2	MMP2
0.00386852818333511	-0.784082881459036	0.102	0.19	1	2	TMBIM1
0.000101999883386021	-0.784987109029149	0.256	0.41	1	2	DAAM1
0.0017020803460357	-0.786507579577494	0.165	0.272	1	2	LOC138473015
0.00263055787971973	-0.786698829666047	0.091	0.17	1	2	ARFGEF2
0.00168264940380852	-0.787904592411444	0.125	0.227	1	2	TNS3
0.00764896544910815	-0.789049134352385	0.097	0.182	1	2	DHX38
0.00049576418847961	-0.790288030985744	0.233	0.358	1	2	CUL9
0.00159227531217374	-0.791172306245355	0.136	0.245	1	2	AP3B1
0.00195812886995509	-0.791172306245355	0.091	0.189	1	2	TGFBRAP1
0.00179982246034693	-0.792350497442636	0.165	0.29	1	2	ETS1
0.00746317187424604	-0.793099754816469	0.091	0.171	1	2	SP140
0.00607795972943393	-0.793099754816469	0.159	0.268	1	2	MEF2D
0.00915165756704362	-0.793998350324119	0.08	0.143	1	2	ACO2
0.00706622915447513	-0.796466605914868	0.08	0.151	1	2	ALG1
0.000356336954130456	-0.798227063779305	0.176	0.318	1	2	ZZEF1
0.00165770085450769	-0.799825618004783	0.108	0.196	1	2	CORO1C
0.00386532852541428	-0.802295684717065	0.091	0.17	1	2	RELCH
0.0069233076564622	-0.802618832896463	0.119	0.213	1	2	IGF2R
0.0011748927820655	-0.803846136280466	0.119	0.222	1	2	FKBP15
0.00390948597117996	-0.803846136280466	0.182	0.322	1	2	FMNL3
0.00337676421892935	-0.808148410962503	0.199	0.315	1	2	ICAM5
0.00268263549197359	-0.810624668911527	0.057	0.122	1	2	SETX
0.00039386306279171	-0.810624668911528	0.119	0.225	1	2	PLCL2
0.00562097642355895	-0.810966175609983	0.148	0.245	1	2	HAPLN1
0.000707658637721883	-0.811188111621634	0.176	0.318	1	2	TAOK3
0.00380391901376692	-0.812233921773185	0.108	0.178	1	2	GTF2I
0.00380378580059599	-0.813184000859802	0.114	0.199	1	2	VPS41
0.00212881683371892	-0.813627157073051	0.136	0.244	1	2	LOC138550342
0.00507734685781296	-0.813627157073051	0.068	0.142	1	2	SLC43A3
0.00574595409433887	-0.814845135229723	0.034	0.079	1	2	HSF1
0.000700276957980285	-0.817451631044204	0.239	0.363	1	2	GSTP1
0.00161827740109919	-0.817451631044204	0.125	0.23	1	2	PSME4
0.00059423325449064	-0.820392445160348	0.102	0.2	1	2	BMPR2
0.00737882892909042	-0.820919649639407	0.045	0.107	1	2	ARHGAP26
0.0012780072300611	-0.82140450766477	0.119	0.211	1	2	BCAS3
0.000400578918210283	-0.821851924334782	0.227	0.392	1	2	PTK2
0.00641850505261397	-0.823342311906263	0.068	0.139	1	2	TRIM25
0.00125546901964445	-0.823342311906263	0.142	0.263	1	2	PTPN11
0.00549104908785565	-0.826419828016496	0.119	0.203	1	2	FOXN3
0.00777571824871004	-0.826419828016496	0.108	0.188	1	2	GRAMD1A
0.00133355523798583	-0.82670621909255	0.114	0.215	1	2	PCDH12
0.00962058255137525	-0.827210129345976	0.131	0.224	1	2	PKN2
0.00331417884281675	-0.828331104570119	0.153	0.261	1	2	ARHGEF1
0.000345835832551401	-0.830160891156819	0.188	0.368	1	2	SH2B3
0.000750175405788017	-0.830215397269408	0.199	0.304	1	2	TIMP1
0.000225362539525343	-0.832992481939982	0.165	0.311	1	2	ASAP2
0.00214181831751513	-0.832992481939982	0.074	0.162	1	2	MGAT5
0.00693726564132274	-0.832992481939982	0.091	0.17	1	2	FYN
0.0001696404085494	-0.832992481939982	0.25	0.395	1	2	SMAD1
0.000232915530862376	-0.832992481939982	0.244	0.408	1	2	LRCH1
0.000124782872758946	-0.832992481939982	0.261	0.428	1	2	DIAPH2
0.000206663983569551	-0.832992481939982	0.188	0.327	1	2	PALD1
0.000295835297676056	-0.832992481939982	0.165	0.308	1	2	RAI1
0.00152596940727443	-0.832992481939982	0.097	0.197	1	2	ZNF91
0.00486144218127239	-0.832992481939982	0.08	0.147	1	2	ACOT9
0.00584680326370265	-0.832992481939982	0.108	0.182	1	2	TTC28
0.000229293982278698	-0.835874990473103	0.227	0.354	1	2	KLHL4
8.80416044199852e-05	-0.837108590412214	0.17	0.296	1	2	CCDC80
0.00049941717170607	-0.838530665481412	0.125	0.236	1	2	SRPK2
0.00854081013841973	-0.840565701644783	0.102	0.174	1	2	EPB41L5
0.00430866872689135	-0.840985272693513	0.074	0.169	1	2	IER2
0.00364368310593009	-0.841454060688178	0.08	0.163	1	2	SYNRG
0.00437761228569585	-0.842270295527993	0.148	0.237	1	2	FOSB
0.00383247081561906	-0.844047670448978	0.136	0.236	1	2	WDFY1
0.00449168248903222	-0.844047670448978	0.114	0.219	1	2	FLT1
0.00110178843971264	-0.844488120777811	0.114	0.226	1	2	LAMB2
0.00431034118892122	-0.846048634765428	0.108	0.189	1	2	FHOD1
0.0074513579622478	-0.846048634765428	0.165	0.278	1	2	ROCK1
0.00225941191639118	-0.846667418837058	0.102	0.193	1	2	TBL1XR1
0.000132164970624275	-0.846831389405046	0.244	0.372	1	2	SELE
0.00586998242285317	-0.84809937433019	0.091	0.183	1	2	CSNK2A2
0.00689248428244951	-0.850914389937244	0.034	0.081	1	2	ESPL1
0.00169833313550073	-0.852532668335627	0.102	0.203	1	2	RNGTT
0.00409598140189924	-0.852532668335627	0.108	0.199	1	2	NHSL1
0.00247098004930616	-0.853456584499698	0.074	0.135	1	2	LRRC70
0.0041094861732777	-0.855593910877114	0.097	0.176	1	2	NEK6
0.00165257998787131	-0.85683922389435	0.119	0.221	1	2	NEDD4L
0.00988857619583393	-0.85683922389435	0.085	0.169	1	2	LENG8
0.000560251229389324	-0.85683922389435	0.176	0.301	1	2	ARHGEF28
0.0002648680691841	-0.85683922389435	0.142	0.265	1	2	OGT
0.00212198082836143	-0.859326629753444	0.199	0.323	1	2	AHR
0.00311084221720708	-0.859464693301173	0.125	0.245	1	2	CAMTA2
0.00787026136942789	-0.86470134166732	0.08	0.168	1	2	TTC3
0.00273959587276484	-0.86470134166732	0.142	0.239	1	2	XRN1
0.000406846724028965	-0.865907104412717	0.131	0.238	1	2	PARP4
0.00951559865169854	-0.865907104412717	0.062	0.128	1	2	USP16
0.00217186788281243	-0.866545041651008	0.08	0.169	1	2	SPPL3
0.00112152248399672	-0.866763218595226	0.176	0.313	1	2	PTPRB
0.0083326354384393	-0.867208197277895	0.131	0.231	1	2	SBF2
0.00300491620026068	-0.867834231152283	0.199	0.361	1	2	SHE
0.000714361407347245	-0.870145480357448	0.119	0.222	1	2	PHF20
0.00722529468433648	-0.87181173083051	0.051	0.112	1	2	AGGF1
0.000848005610440994	-0.874469117916141	0.114	0.218	1	2	DGKH
0.000246216666383619	-0.874812657634609	0.08	0.165	1	2	NR3C2
0.000347124050820919	-0.876061203831868	0.142	0.291	1	2	GIT2
0.00412197681516954	-0.876245679893866	0.125	0.217	1	2	SRRM1
0.00949819111988069	-0.8767138593693	0.136	0.239	1	2	HUWE1
0.0009000018013683	-0.878796171553107	0.148	0.28	1	2	AKAP7
0.00030966525045792	-0.879039849459419	0.165	0.302	1	2	MCL1
0.000872412858403805	-0.880298196718339	0.114	0.224	1	2	OTUD4
0.00174875481371535	-0.880298196718339	0.091	0.201	1	2	LPCAT4
0.00436780098454998	-0.882623249664583	0.091	0.196	1	2	RAB35
0.0029545357548918	-0.883033164439577	0.068	0.163	1	2	MAP3K11
0.00259221551007424	-0.886103818399544	0.074	0.155	1	2	PFKP
0.00843647042344984	-0.886931289050786	0.114	0.196	1	2	CHD3
0.000218246245947474	-0.888033845497944	0.142	0.303	1	2	GNAL
0.00667403067852344	-0.88957601030635	0.148	0.248	1	2	PEAK1
0.000216315911836637	-0.890603205110077	0.114	0.244	1	2	ZC3H13
0.00365167589445889	-0.890836556512266	0.114	0.209	1	2	SIPA1L3
0.00368665348947822	-0.890836556512266	0.108	0.199	1	2	ARHGEF26
0.00129377860034974	-0.891207095885278	0.08	0.165	1	2	TTC7B
0.000275899456115682	-0.891886170993551	0.205	0.369	1	2	ITPR2
0.00999584959125125	-0.891886170993551	0.057	0.123	1	2	RNFT1
0.00311772918050191	-0.894768679526672	0.08	0.157	1	2	COG5
0.000140790406177314	-0.895728237287944	0.097	0.231	1	2	GRK4
0.000495908996670624	-0.896257375397998	0.136	0.263	1	2	CYTH1
0.00847873583435796	-0.897122819359697	0.051	0.111	1	2	MYSM1
0.000534802741348269	-0.897645440282236	0.125	0.229	1	2	PXN
0.00178649698661526	-0.898087510161867	0.131	0.254	1	2	DGCR2
0.00702150910714082	-0.898087510161867	0.045	0.12	1	2	CLCF1
0.007575512776283	-0.898794540335728	0.08	0.151	1	2	GOLM1
0.00758071879302457	-0.899761494152683	0.097	0.176	1	2	R3HDM1
0.00496408285039902	-0.90338180983138	0.08	0.16	1	2	CPEB4
0.00122701776568294	-0.906365668270201	0.108	0.219	1	2	KMT2D
0.00969263807874813	-0.906649523665291	0.102	0.203	1	2	ANKRD52
0.00750786218621147	-0.906993063383759	0.091	0.181	1	2	CSNK1G1
0.00128593878678515	-0.907669168234478	0.165	0.285	1	2	ARHGEF3
0.00128205600157614	-0.910471234617699	0.131	0.248	1	2	EPB41L2
0.00786470808017044	-0.913162830623965	0.074	0.139	1	2	SLC25A22
9.3945037416652e-05	-0.91452236743658	0.193	0.377	1	2	IGF2BP2
0.00604778677669126	-0.914786573103629	0.062	0.12	1	2	SLAIN2
0.000657520602242723	-0.916048221667541	0.119	0.242	1	2	EXT1
0.00233951054395229	-0.917056746728456	0.074	0.155	1	2	FXR2
0.00306941263877614	-0.918239768558493	0.119	0.231	1	2	ZNF420
0.00531440913777787	-0.918568213646056	0.091	0.178	1	2	CTDP1
0.00013588629379314	-0.919149125689697	0.119	0.24	1	2	RALGPS2
0.0085665206889457	-0.919149125689697	0.068	0.136	1	2	FOCAD
0.00099551972583596	-0.919646864194164	0.097	0.199	1	2	ZNF25
0.000108873553354135	-0.919869932619949	0.125	0.267	1	2	STRN3
0.00637553137052581	-0.921348356360828	0.097	0.187	1	2	RSBN1L
0.00112565195253927	-0.924366834960716	0.131	0.245	1	2	KDM2B
0.00182466507100872	-0.926101886331463	0.091	0.177	1	2	CAMSAP1
0.00962405365229041	-0.926101886331464	0.131	0.229	1	2	CHD1
0.00876022168268924	-0.926101886331464	0.08	0.151	1	2	PRCP
0.00373687683039328	-0.928149714980322	0.114	0.216	1	2	KAT7
0.000934778757489916	-0.928916901938517	0.08	0.164	1	2	DPY19L4
0.000307160129226524	-0.93110256738983	0.114	0.233	1	2	PRKCE
0.00179811471635611	-0.931396186000976	0.085	0.175	1	2	USP25
0.00215904372111984	-0.931396186000976	0.08	0.17	1	2	FBXO11
0.0022504217520533	-0.933297387735667	0.108	0.223	1	2	DVL1
0.00115419631820982	-0.933596422878388	0.091	0.183	1	2	PUM3
0.00021311114244564	-0.93556221558053	0.17	0.321	1	2	OSBPL9
0.000918416070169243	-0.937329141754718	0.085	0.164	1	2	RNASEK
0.00126632570928207	-0.939564146138026	0.131	0.249	1	2	PIM1
0.00613710737063682	-0.940376017313581	0.114	0.205	1	2	ZMYM4
0.000436541988350862	-0.944023794328726	0.085	0.196	1	2	GON4L
0.00119398690472933	-0.944023794328726	0.102	0.203	1	2	LRRFIP1
0.00321769687526729	-0.944023794328726	0.102	0.197	1	2	CLEC2L
0.0021507966972143	-0.945692614689344	0.085	0.165	1	2	CEP85L
0.00692027701407153	-0.946450531723266	0.051	0.111	1	2	LNPK
0.00755224096688691	-0.946450531723266	0.045	0.111	1	2	USP45
0.00229832896823115	-0.949185499444505	0.148	0.297	1	2	GARRE1
0.00171541544103131	-0.949637400792252	0.097	0.184	1	2	ASXL1
0.00334044416275055	-0.950176021310321	0.062	0.135	1	2	OGA
0.00830786067988756	-0.951636978438601	0.057	0.131	1	2	NRARP
0.00435071186471888	-0.952901945675179	0.148	0.281	1	2	PDE8A
0.00651687171946531	-0.953286715657694	0.125	0.226	1	2	AP2A2
0.000892329355376776	-0.954007882901348	0.074	0.168	1	2	SNX13
0.00545826660202821	-0.954007882901348	0.085	0.158	1	2	CRLF3
0.00323478821698049	-0.954983006318592	0.085	0.174	1	2	DICER1
0.00145425784320666	-0.955849229725515	0.131	0.238	1	2	MBOAT2
0.000248560438919981	-0.958523364023841	0.159	0.314	1	2	DOCK6
0.00255661299099937	-0.958523364023841	0.119	0.223	1	2	RAB3D
0.0031726466461675	-0.958523364023841	0.045	0.115	1	2	CHAF1B
0.00425968853844868	-0.959524887868914	0.051	0.128	1	2	AMACR
0.00530122069345508	-0.959524887868914	0.062	0.124	1	2	ABCC4
0.00150260250271744	-0.96037178841621	0.057	0.14	1	2	NUP205
0.00541954605645389	-0.96037178841621	0.057	0.122	1	2	RAPGEF3
0.000211004694134776	-0.96086730449214	0.199	0.332	1	2	KALRN
0.00140318035572451	-0.961097307687667	0.125	0.239	1	2	RAPGEF4
0.000165014908574868	-0.961422422064455	0.136	0.29	1	2	GNB2
0.00151669775483321	-0.961725796062185	0.068	0.155	1	2	AMBRA1
0.00942324119779643	-0.962275498884948	0.08	0.163	1	2	IL1R1
0.00745458736753618	-0.963191205066683	0.085	0.172	1	2	MPRIP
0.000238049739374077	-0.963576591750126	0.085	0.19	1	2	CNKSR3
9.14263228264236e-05	-0.963754427810862	0.182	0.322	1	2	MGAT4D
0.00235957155880339	-0.964237015218234	0.102	0.205	1	2	HECW2
0.00199092912911437	-0.970496005689917	0.08	0.171	1	2	PHLDB1
0.00350487230592885	-0.970496005689917	0.114	0.215	1	2	SETD1A
0.00562752220032246	-0.970496005689917	0.085	0.177	1	2	RNF14
0.0094037402233891	-0.970496005689917	0.04	0.086	1	2	PGAP6
0.00040791814039205	-0.970496005689917	0.17	0.302	1	2	PTGS1
0.00368319319897341	-0.974720591551642	0.136	0.257	1	2	NHERF2
0.00225220907808824	-0.976187117767772	0.119	0.227	1	2	RABEP1
0.00719669866696206	-0.976727959401432	0.108	0.202	1	2	NEDD4
0.00146268636100297	-0.977038851556689	0.091	0.203	1	2	ATXN2L
0.00161992492192208	-0.978190397479918	0.068	0.171	1	2	SLC38A9
0.00234194827584001	-0.978669937135617	0.068	0.166	1	2	ZFC3H1
0.00915209110186885	-0.978669937135617	0.08	0.164	1	2	USP24
0.00124985335842678	-0.979833870269253	0.261	0.418	1	2	CYSLTR1
0.000312484323965378	-0.980950363327083	0.114	0.25	1	2	SMARCAD1
0.000721937353119587	-0.981384321832653	0.114	0.243	1	2	ITSN2
0.0066642763994259	-0.981384321832653	0.045	0.12	1	2	DAPK2
0.000789771453570756	-0.983552158515363	0.142	0.273	1	2	ZNF407
0.00305854367357982	-0.984995575385032	0.091	0.177	1	2	LDLRAD4
0.00938457677064422	-0.984995575385032	0.045	0.096	1	2	SS18L1
0.00156963605060337	-0.985843970023353	0.085	0.161	1	2	NFKB1
0.00678331564195395	-0.986797818019018	0.034	0.087	1	2	EXOC1
0.000754545509448513	-0.988270707417893	0.114	0.231	1	2	APBB1
0.00932185175503678	-0.989111683857264	0.062	0.141	1	2	CTSZ
0.00268962177061922	-0.990533758926462	0.057	0.138	1	2	MEGF8
0.000238002209969404	-0.993126980189485	0.108	0.235	1	2	ITGAV
0.000913801251779458	-0.994147273754562	0.102	0.205	1	2	PITPNM2
9.06036041665617e-05	-0.996491214222861	0.108	0.243	1	2	ADGRE5
0.000196778832099389	-0.997846493834872	0.085	0.189	1	2	UBE3C
0.000249990261230093	-0.997846493834872	0.097	0.2	1	2	MRPL23
0.00315132658651869	-0.997846493834872	0.085	0.182	1	2	OSBPL10
0.0061593006381125	-0.998729686418861	0.114	0.206	1	2	ANGPT2
0.00124909152376987	-1	0.102	0.225	1	2	KDM3B
0.00357943436696505	-1.0013900136357	0.102	0.218	1	2	ZMYM2
0.00510491792314552	-1.0013900136357	0.108	0.2	1	2	RNF38
0.0047351692527789	-1.00291748338229	0.057	0.124	1	2	CTDSP1
0.00034343609656438	-1.00505322772629	0.244	0.361	1	2	PDGFD
0.00403533056638402	-1.0058290788022	0.045	0.112	1	2	NEMF
0.0075452547288313	-1.0058290788022	0.057	0.117	1	2	ANGEL2
0.00169891116296876	-1.00675954967669	0.125	0.244	1	2	MIA3
0.000686045565584421	-1.00749021317212	0.114	0.214	1	2	ITCH
0.00381959433372418	-1.00856404652344	0.091	0.178	1	2	DENND6A
0.000926671013111901	-1.01186644010978	0.125	0.257	1	2	MAP4K2
0.000247336552699142	-1.0135647275818	0.097	0.221	1	2	NCOA3
0.00157850833199119	-1.0135647275818	0.045	0.102	1	2	BBLN
0.00261846905121408	-1.0135647275818	0.062	0.126	1	2	ACSBG2
0.00327798871369621	-1.0135647275818	0.08	0.161	1	2	SLC38A10
0.00405761052480735	-1.0135647275818	0.08	0.164	1	2	DIS3L2
0.000790004929531455	-1.01540842756549	0.108	0.233	1	2	RERE
0.000123380651895595	-1.01568477945617	0.085	0.212	1	2	SPTLC1
0.00149592103665548	-1.01568477945617	0.102	0.216	1	2	NUP188
0.00485465229267694	-1.01605858307036	0.08	0.171	1	2	BBS12
0.00574832984777771	-1.01659242027937	0.074	0.148	1	2	TARBP1
0.00108559645734412	-1.02092543253306	0.114	0.234	1	2	SETD5
0.00673920172720637	-1.02202630633	0.08	0.169	1	2	CHPT1
0.00270440000291572	-1.02296342558405	0.136	0.252	1	2	ADAM15
9.49115352788e-05	-1.02332369404413	0.188	0.329	1	2	RFTN1
0.0050314267014265	-1.02413396929199	0.057	0.131	1	2	SMYD2
0.000170179036119142	-1.02707953405628	0.114	0.241	1	2	HDAC5
0.002731293203603	-1.02763991279353	0.091	0.188	1	2	FAR2
0.00862891645298524	-1.02979318937369	0.057	0.141	1	2	DUS2
0.000212809559895591	-1.0304385461462	0.136	0.269	1	2	GSE1
0.00092141372232377	-1.0304385461462	0.068	0.159	1	2	ZFR
0.000210446717464354	-1.03462634310963	0.131	0.268	1	2	CREBBP
0.00125061077456246	-1.03462634310963	0.102	0.217	1	2	RARA
0.00410559266390447	-1.03462634310963	0.068	0.169	1	2	RIC1
0.00948709400137557	-1.03462634310963	0.04	0.09	1	2	XKR8
0.00628071264408444	-1.03462634310963	0.062	0.133	1	2	ITPRIP
0.00123746395989821	-1.03713319872021	0.131	0.248	1	2	TRAPPC9
0.000544416444858677	-1.03792393321021	0.085	0.206	1	2	CLTCL1
0.00339296329507983	-1.03831138991749	0.08	0.186	1	2	PHF14
0.00350633014011137	-1.03831138991749	0.091	0.173	1	2	ATG4B
0.000163960420083081	-1.03854139311302	0.165	0.307	1	2	SCAF8
0.0010589665481327	-1.03880201908083	0.062	0.155	1	2	EXD3
0.00010217014742856	-1.03944335940741	0.131	0.248	1	2	GNAO1
0.00333626281695521	-1.03944335940741	0.062	0.134	1	2	CPNE8
0.00571282783534695	-1.03944335940741	0.062	0.143	1	2	CHD8
0.0069838932155916	-1.03944335940741	0.068	0.142	1	2	FBRSL1
0.000191244698371856	-1.04007048179976	0.199	0.347	1	2	TMCC1
0.000927013685672449	-1.04088533358132	0.097	0.206	1	2	TTC17
0.00375699715802607	-1.04088533358132	0.097	0.213	1	2	ARFGEF1
0.0080380297573775	-1.0415791037514	0.045	0.104	1	2	RIC3
0.000837103435395541	-1.04355946787964	0.102	0.216	1	2	SENP6
0.00199245419575453	-1.04598620527418	0.108	0.231	1	2	CNOT4
0.000290336878768572	-1.04711728729283	0.091	0.214	1	2	OXR1
0.00170960338816589	-1.04711728729283	0.068	0.159	1	2	RAPGEF1
0.000258415344365217	-1.04849851769119	0.08	0.184	1	2	COBLL1
0.000270341934137896	-1.04902940823661	0.045	0.133	1	2	THBD
0.00128573089292306	-1.05022319816065	0.08	0.175	1	2	ZNF583
0.00726829550483938	-1.05022319816065	0.085	0.175	1	2	NAA15
0.00493955140566058	-1.05243761922609	0.074	0.158	1	2	CCM2
0.00041011299863557	-1.05295816588189	0.085	0.184	1	2	GOLGA4
0.00220202542556793	-1.05295816588189	0.085	0.174	1	2	CCSER1
0.000263353381959394	-1.05359162145338	0.119	0.229	1	2	IL13RA1
0.00049464590197634	-1.05538490327643	0.08	0.184	1	2	BICRA
0.000933620664006834	-1.05538490327643	0.085	0.192	1	2	UBR5
0.00244575306288846	-1.05538490327643	0.057	0.134	1	2	KLHL12
0.00358011735056364	-1.05538490327643	0.028	0.098	1	2	CPSF6
0.000522261880953184	-1.0572573176092	0.114	0.239	1	2	AMMECR1
0.000498125227300662	-1.05755273995914	0.091	0.194	1	2	MAD1L1
0.00479019274116229	-1.05795884694026	0.085	0.172	1	2	STAT3
0.00385499211535085	-1.05950101174866	0.051	0.114	1	2	MED15
0.000746389109699461	-1.05950101174866	0.08	0.207	1	2	AHDC1
0.00147084421909094	-1.06022616634593	0.091	0.184	1	2	KPNA6
0.0082003598375857	-1.0612614696131	0.074	0.157	1	2	ZNF282
0.00133459353600812	-1.06223857431749	0.08	0.199	1	2	POU2F1
0.00192613890874311	-1.06286002383858	0.057	0.129	1	2	ATP2C1
0.00539025468623702	-1.06286002383858	0.045	0.123	1	2	ZNF362
0.00745787787541094	-1.06286002383858	0.057	0.117	1	2	TBL1X
8.94639408218394e-05	-1.06565323873026	0.153	0.302	1	2	ITIH5
0.000842918686273559	-1.06565323873026	0.142	0.277	1	2	DNAJC13
0.00704613328745927	-1.06565323873026	0.085	0.18	1	2	CTIF
0.00365847975542682	-1.06801251160418	0.068	0.151	1	2	ADIPOR1
0.000418851555129207	-1.07076012916335	0.114	0.244	1	2	USP4
0.000535249612027305	-1.0717793415271	0.074	0.165	1	2	KIF3A
8.8312686807082e-05	-1.07294327466073	0.108	0.221	1	2	CUL5
0.000545431713516328	-1.07400058144378	0.114	0.238	1	2	KAT6A
0.00222215865480485	-1.07400058144378	0.119	0.236	1	2	BCL9
0.00427964692587646	-1.07741120960643	0.068	0.149	1	2	SHMT1
0.005108475318135	-1.07874889634194	0.068	0.145	1	2	PREX1
0.000289769044748654	-1.08181302855407	0.165	0.326	1	2	SLCO3A1
0.0018811893624568	-1.08260637201145	0.045	0.105	1	2	TMEM161B
0.00266296936380518	-1.08260637201145	0.045	0.103	1	2	UBXN7
0.000595424282226952	-1.08505576995277	0.091	0.192	1	2	TRBC2
0.00142494849076203	-1.08674907418577	0.062	0.15	1	2	GGNBP2
0.006891402833829	-1.08674907418577	0.068	0.145	1	2	ABI2
0.000377536416660694	-1.09000310014601	0.091	0.202	1	2	SWT1
0.000426087107918101	-1.09055175770762	0.102	0.234	1	2	AMFR
0.00016590932982011	-1.09187524450331	0.136	0.287	1	2	NCOR2
0.000353109396162616	-1.09602688777378	0.188	0.341	1	2	GGT5
0.00266865598369291	-1.09602688777378	0.068	0.157	1	2	CUL2
0.000139167102598937	-1.09602688777378	0.136	0.275	1	2	CAMK2D
0.00485566277913702	-1.09602688777378	0.057	0.138	1	2	RANBP3
0.00903831976967984	-1.09602688777378	0.057	0.128	1	2	TAF12
0.00950758451557354	-1.09602688777378	0.074	0.152	1	2	MTSS2
0.00951774917332558	-1.09602688777378	0.085	0.181	1	2	PHKB
0.00956902937149315	-1.09602688777378	0.045	0.106	1	2	NFS1
0.00186973183617751	-1.1008278740376	0.125	0.256	1	2	ADGRA2
0.000971091368196943	-1.10234066170598	0.085	0.194	1	2	MYO1E
0.000171158599858429	-1.10288055881484	0.176	0.334	1	2	BIRC6
0.000164916361958956	-1.10308164530773	0.074	0.189	1	2	ATP9B
0.00184637889962906	-1.1035214243207	0.08	0.183	1	2	COQ8A
0.00380767569849807	-1.1045889012772	0.068	0.159	1	2	TNFSF12
0.000387266186423787	-1.1045889012772	0.125	0.284	1	2	RABGAP1
0.00309964381860457	-1.1119684316428	0.074	0.17	1	2	PALS2
0.00164289638923934	-1.11310040113272	0.074	0.156	1	2	VPS13B
0.000282310853325052	-1.11874696427386	0.108	0.237	1	2	KPNA3
0.00470405521844097	-1.11987362972814	0.051	0.12	1	2	SMARCA4
0.00929330972376022	-1.12249909913497	0.045	0.107	1	2	LOC138538430
0.0012874814778309	-1.12350762419588	0.057	0.147	1	2	FN3K
0.00549359143512339	-1.12577423116783	0.04	0.097	1	2	WDFY2
0.00252395469338259	-1.12844836546615	0.051	0.131	1	2	DYNC2I1
0.00228473270763606	-1.13255276379889	0.057	0.153	1	2	GGA1
0.00364852698966676	-1.13350159319244	0.08	0.182	1	2	DEPP1
0.00100620699597266	-1.13555525196041	0.057	0.143	1	2	KIAA0753
0.00234413552816682	-1.13555525196041	0.04	0.107	1	2	ZFTRAF1
0.0034296746352973	-1.13555525196041	0.057	0.135	1	2	SBSPON
0.00477716614774886	-1.13555525196041	0.04	0.103	1	2	SYNJ2
0.00597170155278481	-1.13555525196041	0.062	0.136	1	2	GAB1
0.00641572813631331	-1.13555525196041	0.045	0.105	1	2	UPF3B
0.00795960842360601	-1.13555525196041	0.045	0.109	1	2	RUFY1
0.000250108785474352	-1.1378470634684	0.085	0.196	1	2	CPT1A
0.00183728323378566	-1.13833769263174	0.062	0.159	1	2	MAML2
0.00192760176458883	-1.13833769263174	0.074	0.153	1	2	SNX25
0.00348428079626468	-1.13909560966566	0.051	0.131	1	2	LETM1
0.00948709400137557	-1.14042100713223	0.04	0.096	1	2	DTX3L
0.00282261307556831	-1.14111477730231	0.108	0.232	1	2	EYA3
0.00308079376391596	-1.14154154702614	0.068	0.154	1	2	CPD
0.000285384791930198	-1.14470073450947	0.085	0.193	1	2	TLK2
0.00157707998501142	-1.14527040679363	0.062	0.147	1	2	MED4
0.00628071264408444	-1.14527040679363	0.062	0.141	1	2	PLXNA1
0.0076442622213155	-1.14665296084374	0.034	0.085	1	2	CUL4A
0.00895263318145295	-1.14665296084374	0.034	0.083	1	2	ABL2
0.00141685136182566	-1.14966485137585	0.051	0.133	1	2	VPS50
0.00382881218208468	-1.14966485137585	0.057	0.132	1	2	MTA3
0.00171060885749747	-1.15152200036548	0.08	0.199	1	2	LRRFIP2
0.000758777571713462	-1.15188012250729	0.102	0.223	1	2	FRAS1
0.000121255575202946	-1.15492057682734	0.102	0.234	1	2	BAZ2B
0.00663927208007686	-1.15492057682734	0.04	0.099	1	2	DDX23
0.00500010547718554	-1.1593528231426	0.068	0.152	1	2	HIRA
0.00591366014633114	-1.1593528231426	0.068	0.155	1	2	BPTF
0.0065451532206288	-1.1613183480255	0.045	0.106	1	2	EVI5L
0.00780440515979888	-1.1613183480255	0.045	0.105	1	2	FAT4
0.00715650186474755	-1.16211607823155	0.085	0.193	1	2	RAB10
0.000281401763169524	-1.16450662565654	0.125	0.26	1	2	PRP4K
0.00111960228643809	-1.16450662565654	0.057	0.141	1	2	KDM5B
0.0065799971992469	-1.16927586980441	0.04	0.1	1	2	PCM1
0.00244005411570974	-1.17057384113883	0.051	0.135	1	2	COP1
0.00420194189667628	-1.17057384113883	0.051	0.136	1	2	TPR
0.00495009784513554	-1.17057384113883	0.051	0.133	1	2	ZC3H6
0.00621451220595264	-1.17057384113883	0.057	0.13	1	2	OTULIN
0.000159862686341063	-1.17402939977505	0.068	0.179	1	2	TP53I11
0.00132748146505711	-1.17402939977505	0.074	0.184	1	2	LOC138497215
0.00440238098567079	-1.17402939977505	0.045	0.095	1	2	CDKL5
0.000106144438802564	-1.1755472274173	0.125	0.261	1	2	CDKAL1
0.000229179167679814	-1.176026209839	0.102	0.218	1	2	VPS13A
0.00502330916235969	-1.17782097893742	0.045	0.124	1	2	KLHL20
0.00660209047732103	-1.17782097893742	0.051	0.123	1	2	PKD1
0.0090960715250243	-1.17944289596141	0.034	0.086	1	2	ZER1
0.00302144882577447	-1.18091578536029	0.057	0.128	1	2	SIK2
0.000937125233488278	-1.18348972902412	0.153	0.258	1	2	SELP
0.00766272634036395	-1.18348972902412	0.04	0.096	1	2	BCAR1
0.000252338756033921	-1.18566410025845	0.062	0.156	1	2	MED14
0.0018811893624568	-1.18662943655468	0.045	0.113	1	2	HEXB
0.00816153991236974	-1.18662943655468	0.04	0.11	1	2	VANGL1
0.000152688892239927	-1.18794937721481	0.097	0.231	1	2	ATP2B4
0.00625220416407943	-1.18913629216526	0.051	0.118	1	2	RBMS2
0.0084090869768767	-1.18913629216526	0.045	0.119	1	2	TBC1D10A
0.000169826068019627	-1.18913629216526	0.108	0.231	1	2	ABHD2
0.00135074825473543	-1.18913629216526	0.074	0.181	1	2	DCAF8
0.00725450617340623	-1.19288842702636	0.028	0.074	1	2	WBP1L
0.00221345353727337	-1.19556256132469	0.068	0.164	1	2	LACTB
0.00454183663915774	-1.19556256132469	0.068	0.15	1	2	DMD
0.0076442622213155	-1.19556256132469	0.034	0.087	1	2	MARCHF8
0.00279233596842037	-1.19912038073788	0.04	0.112	1	2	TBC1D9B
0.000587571070141108	-1.1997748126116	0.102	0.226	1	2	ZNF208
0.000374335619829684	-1.20089600562773	0.102	0.223	1	2	KLF6
0.000142342300240639	-1.20455134455195	0.068	0.191	1	2	ANKRD28
0.000148932917054219	-1.20565137894827	0.091	0.212	1	2	LYN
0.00494369792845022	-1.21150410519371	0.051	0.135	1	2	RAB3GAP2
0.0055461149290979	-1.21150410519371	0.051	0.126	1	2	HDAC6
0.00839822283964377	-1.21150410519371	0.045	0.124	1	2	ASGR1
0.00648021912881492	-1.21150410519371	0.045	0.109	1	2	ADA
0.00795960842360601	-1.21150410519371	0.045	0.115	1	2	BPNT1
0.00112374178948518	-1.21765633217531	0.085	0.209	1	2	CCDC50
0.000743869405983769	-1.21940930327906	0.062	0.162	1	2	AATK
0.00271835878141336	-1.22378243497215	0.045	0.115	1	2	INTS4
0.000386562273001099	-1.22727142105203	0.074	0.17	1	2	PPP1R12B
0.00427965352697505	-1.22847718379743	0.068	0.16	1	2	BRWD1
0.00062252182899544	-1.22988263450857	0.091	0.217	1	2	STXBP5
0.00867895195589451	-1.22988263450857	0.028	0.077	1	2	PWWP2A
0.000378672027216439	-1.2321635757598	0.08	0.195	1	2	RLF
0.000283451861810819	-1.23353041152371	0.074	0.166	1	2	EML1
0.000549767217994252	-1.23353041152371	0.08	0.187	1	2	PRR12
0.00114575166685347	-1.23353041152371	0.08	0.191	1	2	SEC63
0.00249812558508551	-1.23353041152371	0.074	0.178	1	2	SLC39A11
0.00323921015399437	-1.23353041152371	0.074	0.184	1	2	BTBD9
0.00100736238615121	-1.23688942361363	0.068	0.161	1	2	UBE2E3
8.48729156214612e-05	-1.23898484161582	0.068	0.194	1	2	FGD3
0.0014892452606359	-1.24079841198775	0.074	0.181	1	2	DIP2A
0.00192613890874311	-1.24145732729534	0.057	0.142	1	2	USP5
0.00202085200490525	-1.24441872766645	0.045	0.124	1	2	EIF4G3
0.000493375883352466	-1.24802998121883	0.091	0.21	1	2	KDM5A
0.000389057617508454	-1.25015003309319	0.091	0.2	1	2	TBC1D2
0.00267742324656959	-1.25253137345377	0.034	0.104	1	2	CD82
9.59152439308824e-05	-1.25402872184027	0.097	0.216	1	2	SIRT1
0.00189567769666715	-1.25522548262303	0.051	0.129	1	2	CCDC90B
0.00849195425015375	-1.25522548262303	0.045	0.126	1	2	LOC138513380
0.00931641745759447	-1.25522548262303	0.051	0.129	1	2	RCOR3
0.000122402800452359	-1.25829831667265	0.068	0.174	1	2	SNX14
0.000644738821755111	-1.25829831667265	0.068	0.177	1	2	HMGXB3
0.00916832055724528	-1.25829831667265	0.034	0.091	1	2	BTN2A1
0.00745789739668458	-1.26108613404427	0.057	0.139	1	2	DYRK1A
0.000159987345933458	-1.26149224102539	0.125	0.256	1	2	PPP1R16B
0.0024512515724995	-1.26595188921609	0.062	0.15	1	2	POR
0.00458086901142276	-1.26595188921609	0.04	0.107	1	2	BCL2L13
0.00838245489094471	-1.26595188921609	0.074	0.153	1	2	TNFAIP2
0.0094037402233891	-1.26595188921609	0.04	0.103	1	2	LOC138570040
0.000142938234460473	-1.26849408377854	0.108	0.253	1	2	ERI3
0.00405115145726004	-1.27005628754882	0.068	0.166	1	2	SUGP1
0.00101216264680447	-1.27483004056254	0.062	0.149	1	2	ITGA7
0.00372812868803436	-1.2765991334156	0.051	0.121	1	2	DPY19L1
0.00808603384749327	-1.2765991334156	0.023	0.067	1	2	TFAM
0.000311110096585524	-1.2765991334156	0.102	0.241	1	2	AKAP9
0.00464387203950556	-1.27823021899452	0.062	0.161	1	2	MGAT4C
0.000263325561423766	-1.2804514589112	0.051	0.144	1	2	MAEA
9.22851754728061e-05	-1.28113829303076	0.057	0.176	1	2	ARHGAP35
0.000101339181404357	-1.28158254092985	0.08	0.2	1	2	TRIO
0.0019291808060163	-1.28365389094955	0.04	0.115	1	2	AVEN
0.00303481554752208	-1.28365389094955	0.045	0.107	1	2	CD74
0.00542694973634506	-1.28365389094955	0.045	0.118	1	2	RANBP17
0.0001657333733098	-1.28550468663749	0.085	0.231	1	2	EXOC4
0.000247611485167492	-1.28585144665379	0.08	0.183	1	2	ITPR3
0.00224964555064616	-1.2900375077404	0.057	0.145	1	2	CLUH
0.000194676196111783	-1.29104287017892	0.102	0.239	1	2	PAN3
0.00497230721054509	-1.29242410057728	0.057	0.154	1	2	CRTC2
0.00221633588936443	-1.29533569599718	0.045	0.118	1	2	RFX1
0.00390893453268991	-1.29533569599718	0.045	0.121	1	2	DDI2
0.000557442163881138	-1.29766074894343	0.045	0.136	1	2	MECP2
0.00639047925522305	-1.29766074894343	0.051	0.124	1	2	RAMP2
0.00983607980100142	-1.29766074894343	0.023	0.069	1	2	LOC138521781
0.00211488355370461	-1.29956028185891	0.057	0.142	1	2	PPIP5K2
0.00104020650599243	-1.30114131767839	0.062	0.158	1	2	VPS13D
0.00584914023952047	-1.30114131767839	0.023	0.077	1	2	ME3
0.00453925587879793	-1.30548025340273	0.04	0.106	1	2	ZC3H11A
0.00387497007506802	-1.30902061110797	0.057	0.146	1	2	YES1
0.00401924836034236	-1.30902061110797	0.051	0.138	1	2	PRKCH
0.00516993029912444	-1.30902061110797	0.057	0.137	1	2	SDR39U1
0.000854257177288172	-1.30980617880552	0.062	0.157	1	2	LIMD1
0.000100894747108973	-1.3137276137855	0.114	0.264	1	2	TOX2
0.00024396556929619	-1.31841930911022	0.045	0.134	1	2	MARCHF6
0.00338446288964481	-1.31841930911022	0.028	0.082	1	2	ZNF398
0.00385024194847219	-1.31841930911022	0.04	0.112	1	2	RABGGTB
0.00399716503289827	-1.31841930911022	0.023	0.081	1	2	TBC1D8B
0.00554540959442426	-1.31841930911022	0.023	0.068	1	2	ZFR2
0.00923851871909147	-1.31841930911022	0.04	0.108	1	2	SS18
0.00210330872456122	-1.31841930911022	0.045	0.114	1	2	WFDC1
0.00368088476431309	-1.31841930911022	0.034	0.097	1	2	MOSPD1
0.00916832055724528	-1.31841930911022	0.034	0.095	1	2	ACER1
0.000267917452899684	-1.32484557826966	0.074	0.192	1	2	CELF2
0.000748823737084267	-1.32868764456405	0.051	0.138	1	2	EP400
0.00460176869056905	-1.32868764456405	0.051	0.13	1	2	PDE7A
0.000937210162399248	-1.32922606406681	0.097	0.231	1	2	ATF7
0.000516210023795526	-1.33124334946781	0.08	0.19	1	2	SEMA6C
0.000122261776256999	-1.33306608507463	0.108	0.247	1	2	DOCK4
0.00300180370334846	-1.33306608507463	0.034	0.096	1	2	GLA
0.00752316201136454	-1.33306608507463	0.034	0.091	1	2	NUP133
0.00010623046248778	-1.33549282246917	0.097	0.238	1	2	STAG2
0.00412338381030275	-1.33549282246917	0.028	0.081	1	2	ADAMTSL4
0.00873917575642694	-1.33549282246917	0.028	0.084	1	2	RBBP9
0.00224964555064616	-1.33703498727757	0.057	0.15	1	2	SMC6
0.00369285875745898	-1.33703498727757	0.057	0.148	1	2	ZDHHC8
0.0018424024813611	-1.34113938561031	0.045	0.123	1	2	ATM
0.000656921550613377	-1.34756565476974	0.108	0.242	1	2	CHSY3
0.0015217826851305	-1.34756565476974	0.074	0.167	1	2	PRKCA
0.00758356364849637	-1.34756565476974	0.034	0.098	1	2	TAPT1
0.0076442622213155	-1.34756565476974	0.034	0.099	1	2	METAP1
0.000581730778160751	-1.35236664103356	0.062	0.155	1	2	MTSS1
0.00130693105591243	-1.35236664103356	0.051	0.142	1	2	TMEM100
0.00157637329448392	-1.35236664103356	0.028	0.085	1	2	SMAD5
0.00163144238530228	-1.35236664103356	0.04	0.128	1	2	ZNF219
0.00242124205373597	-1.35236664103356	0.074	0.174	1	2	PGM5
0.00169354784974963	-1.35476115617394	0.074	0.184	1	2	WDFY3
0.00247397348758193	-1.35655443799699	0.028	0.105	1	2	WDR59
0.00104005062399158	-1.35906129360757	0.051	0.136	1	2	PPP6R2
0.000220180847568978	-1.36073011396819	0.051	0.155	1	2	DENND1A
0.00063403374690556	-1.36192094774681	0.028	0.097	1	2	SCMH1
0.00895265127115775	-1.36192094774681	0.034	0.093	1	2	CDS1
0.000184612125501396	-1.36572502388858	0.068	0.187	1	2	ARID5B
0.00108760635456105	-1.36904538218019	0.04	0.137	1	2	AHCTF1
0.00271807004785679	-1.36904538218019	0.023	0.085	1	2	AFG1L
0.00542915092766395	-1.36904538218019	0.034	0.105	1	2	ARHGEF15
0.0052318859576143	-1.37356086330268	0.057	0.147	1	2	ANTXR2
0.00631497977679544	-1.37613480696651	0.034	0.095	1	2	PABIR2
0.00983607980100142	-1.37896085104527	0.023	0.073	1	2	DDX49
0.00205865632086362	-1.38254964652994	0.051	0.155	1	2	PITPNC1
0.000595668698002733	-1.38318956450046	0.074	0.19	1	2	TMEM150A
0.00130629274960107	-1.38553350496876	0.028	0.087	1	2	MIER3
0.00331720602522832	-1.38553350496876	0.023	0.082	1	2	ANKS1A
0.00409428753733515	-1.38553350496876	0.028	0.086	1	2	ZNF414
0.00867895195589451	-1.38553350496876	0.028	0.084	1	2	TBC1D14
0.00542694973634506	-1.38553350496876	0.045	0.123	1	2	GALNT10
0.000152685016407274	-1.38725818543822	0.097	0.235	1	2	MFSD11
0.000208851294064205	-1.38805349694728	0.062	0.176	1	2	GRAMD4
0.00179006453593044	-1.38880863700162	0.051	0.134	1	2	STK25
0.000289929323206965	-1.39207635083553	0.068	0.199	1	2	ARHGEF11
0.000394097733145222	-1.39370743641446	0.062	0.164	1	2	C2CD5
0.0016295492913832	-1.39858965779421	0.045	0.137	1	2	CEP112
0.00185289316113882	-1.39858965779421	0.051	0.134	1	2	GPD2
0.000373008338903571	-1.4003609226464	0.051	0.151	1	2	FAM135A
0.00297712812218234	-1.40414918313611	0.034	0.097	1	2	GMEB1
0.00752316979608484	-1.40414918313611	0.034	0.098	1	2	DOK1
0.00775610806433467	-1.40414918313611	0.028	0.101	1	2	LPCAT3
0.00104648944205656	-1.40588215036056	0.034	0.111	1	2	MAPKAP1
0.00143244088159037	-1.40588215036056	0.04	0.113	1	2	INTS6
0.00129707392591427	-1.40830481262742	0.051	0.139	1	2	LOC138567561
0.00025193400865297	-1.40918477303341	0.114	0.241	1	2	SERPINE2
0.000412378250275703	-1.4110685970759	0.068	0.181	1	2	BAHCC1
0.00010246305494668	-1.41795498266114	0.097	0.226	1	2	NSD2
0.00250627834907028	-1.41795498266114	0.034	0.104	1	2	LOC138467158
0.00359163352068097	-1.41795498266114	0.034	0.099	1	2	BARD1
0.00114373479274187	-1.42594777341467	0.057	0.156	1	2	FOXP1
0.00626431906540134	-1.43162991955821	0.034	0.099	1	2	CDC27
0.00746805242132181	-1.43162991955821	0.028	0.09	1	2	LOC138447888
0.000637155948915837	-1.43706380560884	0.045	0.139	1	2	TSPAN2
0.000780656828175414	-1.43706380560884	0.045	0.135	1	2	FAM110B
0.00172879340907145	-1.43706380560884	0.051	0.139	1	2	SYTL3
9.05561077939411e-05	-1.43841908522085	0.068	0.18	1	2	DIAPH3
0.000750078473940722	-1.43917146857083	0.028	0.112	1	2	ITGB3
0.00463172312609944	-1.43917146857083	0.045	0.132	1	2	BTBD8
0.0064625131090521	-1.44180172461551	0.04	0.117	1	2	SOS2
0.000340183708264932	-1.44180172461551	0.062	0.17	1	2	CASTOR1
0.00107366962183973	-1.44395019119408	0.057	0.159	1	2	DPP9
0.000262604527758901	-1.44966384238848	0.08	0.217	1	2	EBF3
0.00813322410247839	-1.45592283286016	0.023	0.077	1	2	ZNF75A
0.000411085643651372	-1.45748334684778	0.062	0.168	1	2	KAT6B
0.00206366626680393	-1.45859696715848	0.028	0.104	1	2	MINDY3
0.00770525784412441	-1.45859696715848	0.034	0.104	1	2	TBC1D15
0.00155572330811349	-1.46008045833381	0.04	0.124	1	2	EDA
0.0014880703027099	-1.46526069743949	0.04	0.121	1	2	NSMAF
0.00343288363972235	-1.46526069743949	0.028	0.09	1	2	CHST14
0.000404664506022296	-1.46948528330122	0.057	0.162	1	2	DGKQ
0.00383032799513744	-1.47042240255527	0.045	0.133	1	2	FAM193A
0.000768193368580341	-1.47189378977194	0.074	0.191	1	2	B4GALT3
0.00983607980100142	-1.47453851102751	0.023	0.076	1	2	ACAP1
0.00122503859919036	-1.47453851102751	0.068	0.17	1	2	FGL2
0.00261247680245681	-1.47684867171471	0.04	0.12	1	2	LOC138526876
0.00305787971057147	-1.47684867171471	0.04	0.113	1	2	ARSG
0.000875410998290115	-1.4806907380091	0.028	0.089	1	2	LOC138581304
0.00739063100280974	-1.48834431055254	0.04	0.106	1	2	FRMD4B
0.00174843082740254	-1.49010476841697	0.068	0.188	1	2	DENND5A
0.00501808199630913	-1.49595749466241	0.028	0.094	1	2	RANBP10
0.0027150230139128	-1.49812533134512	0.023	0.103	1	2	SNX24
0.00240048917048915	-1.51106438705262	0.045	0.149	1	2	MKLN1
0.00287614304635709	-1.51106438705262	0.057	0.13	1	2	ADAM8
0.00395991205003598	-1.51106438705262	0.017	0.062	1	2	APOO
0.00960984116319964	-1.51106438705262	0.023	0.075	1	2	FHIP1B
0.00102053336398987	-1.51923831849832	0.057	0.158	1	2	ZNF644
0.00133999567958418	-1.52005317027987	0.045	0.149	1	2	MAST2
0.00526488281978861	-1.52104847562524	0.045	0.117	1	2	EPS8
0.00113702806257938	-1.5238884274102	0.034	0.109	1	2	PPA2
0.0063658893563003	-1.5238884274102	0.034	0.108	1	2	LOC138516963
0.00412338381030275	-1.52601472851859	0.028	0.093	1	2	CDYL
0.00808603384749327	-1.52898629504988	0.023	0.079	1	2	EDC3
0.000261849173513089	-1.53343220008107	0.062	0.165	1	2	MAST3
0.00121912984420545	-1.53343220008107	0.04	0.121	1	2	PI4KA
0.00261247775344609	-1.53343220008107	0.04	0.127	1	2	BCLAF1
0.00893041840354612	-1.53343220008107	0.034	0.096	1	2	BRIP1
0.000784625912959477	-1.53544854567958	0.051	0.164	1	2	INPP5B
0.00305152052482041	-1.53659947915976	0.034	0.112	1	2	SCLY
0.00337608690669829	-1.53786444639633	0.045	0.148	1	2	CRAMP1
0.000365943525161047	-1.54081173044667	0.057	0.181	1	2	YTHDC2
0.00402094897121288	-1.54081173044667	0.023	0.094	1	2	ZYG11B
0.00572491087211311	-1.54081173044667	0.028	0.088	1	2	NINJ1
0.00305787971057147	-1.54448738859007	0.04	0.12	1	2	INPP4B
0.00171315390239465	-1.54919951593939	0.034	0.11	1	2	PUDP
0.00202197945877206	-1.54919951593939	0.034	0.109	1	2	ACACB
0.0024243225779245	-1.54919951593939	0.034	0.107	1	2	INTS8
0.00157637329448392	-1.55545850641107	0.028	0.096	1	2	WIPI1
0.00953719416723749	-1.55545850641107	0.011	0.065	1	2	LOC138488678
0.00140237823879586	-1.56169046012259	0.034	0.113	1	2	UHRF2
0.00746305718716462	-1.56169046012259	0.034	0.108	1	2	MATN2
0.00124622618831218	-1.56634682255381	0.034	0.127	1	2	TANGO2
0.000214560131459052	-1.58145371494402	0.051	0.153	1	2	MTMR12
0.00554540959442426	-1.58145371494402	0.023	0.084	1	2	TMUB1
0.00977932877816479	-1.58145371494402	0.023	0.082	1	2	EIF4ENIF1
0.00867895195589451	-1.58431336908326	0.028	0.097	1	2	IKBKB
0.0014880703027099	-1.58787998410345	0.04	0.129	1	2	TMEM269
0.00078783359573184	-1.59448039524026	0.102	0.214	1	2	CLCA1
0.00372301510748139	-1.59852722830296	0.023	0.083	1	2	ATE1
0.00129689840893535	-1.59852722830296	0.028	0.1	1	2	CRYL1
0.00773182044315315	-1.59852722830296	0.04	0.132	1	2	MADD
0.0086561304935582	-1.59852722830296	0.017	0.061	1	2	CDC25C
0.00174686841002072	-1.60909647001315	0.04	0.127	1	2	FCHO2
0.00336037750955184	-1.61260241351468	0.028	0.099	1	2	SRC
0.00597358760076026	-1.61260241351468	0.028	0.097	1	2	LOC138534787
0.00180816379265679	-1.61282831111804	0.369	0.473	1	2	CTSL
0.00232993969265764	-1.61540104686736	0.017	0.081	1	2	ARHGAP44
0.000169045056188016	-1.61958884383079	0.04	0.133	1	2	CEP350
0.00324734424123931	-1.61958884383079	0.017	0.067	1	2	ASPSCR1
0.00487087908055894	-1.61958884383079	0.017	0.069	1	2	FGD1
0.00587648712863602	-1.61958884383079	0.017	0.065	1	2	TBC1D24
0.00721806659535495	-1.61958884383079	0.017	0.068	1	2	DOP1B
0.000325606609065173	-1.62148837674627	0.057	0.153	1	2	ABLIM1
0.000549897443742077	-1.62654160447256	0.045	0.141	1	2	RASA2
0.000777802728493843	-1.62740834829009	0.148	0.257	1	2	SLC16A2
0.000694694701459636	-1.62906159645107	0.057	0.168	1	2	ARHGAP6
0.000246288722682273	-1.63207978801399	0.045	0.161	1	2	ATG14
0.000114812642358606	-1.64034740399759	0.04	0.152	1	2	KLHL29
0.000326672951617851	-1.64034740399759	0.045	0.139	1	2	LOC138531582
0.0012956872216297	-1.64492013378741	0.045	0.153	1	2	PALM
0.00134422243813741	-1.64622397033426	0.034	0.114	1	2	FBXO42
0.000299195204137739	-1.64720107503865	0.062	0.178	1	2	OSBPL5
0.00449224950396105	-1.64856791080255	0.023	0.083	1	2	SETDB2
0.00667969546859454	-1.64856791080255	0.023	0.086	1	2	PIGN
0.00131439595926096	-1.65402234089466	0.04	0.144	1	2	MAML3
0.00544814810182794	-1.66486972313165	0.023	0.084	1	2	FTO
0.00102792426385901	-1.68098938849493	0.051	0.156	1	2	FNDC1
0.00705434542053618	-1.68098938849493	0.028	0.099	1	2	KNL1
0.0073947078141304	-1.68098938849493	0.011	0.054	1	2	CAP2
0.000337301649229252	-1.68543529352612	0.08	0.201	1	2	NR6A1
0.000964324732796077	-1.68986753984138	0.045	0.145	1	2	PTPN14
0.00083125535154629	-1.69097347706755	0.04	0.134	1	2	LIN52
0.000655612395974067	-1.69239415176718	0.034	0.123	1	2	PFKL
0.00207124550235957	-1.69693093236395	0.023	0.088	1	2	CEP290
0.000953875417357347	-1.69869139022839	0.045	0.14	1	2	ASAP3
0.00248563843017069	-1.70370946499502	0.034	0.121	1	2	MYRIP
0.0073947078141304	-1.70746159985612	0.011	0.055	1	2	NOM1
0.00454589520681122	-1.71269824822227	0.023	0.089	1	2	KCNAB2
0.00295256535450874	-1.71493672041827	0.034	0.112	1	2	RALGDS
0.00275505765769043	-1.72051775268157	0.028	0.104	1	2	FBXL20
0.00484823221940543	-1.72051775268157	0.017	0.073	1	2	ZNF665
0.00701592996599159	-1.72051775268157	0.006	0.036	1	2	NFRKB
0.000386019106650073	-1.73345680838907	0.028	0.106	1	2	DCAF6
0.00129689840893535	-1.73345680838907	0.028	0.11	1	2	IFNGR1
0.00900946932502688	-1.73345680838907	0.011	0.055	1	2	CIPC
0.000464350371546164	-1.7398830775485	0.04	0.139	1	2	SNX29
0.00235386207742023	-1.7398830775485	0.04	0.118	1	2	TIAM1
0.00252046888414904	-1.74372514384289	0.023	0.091	1	2	STX2
0.00155500270676884	-1.7494691263777	0.04	0.116	1	2	PDE4A
0.000394520529896227	-1.75053032174801	0.045	0.159	1	2	USP3
0.00494704565579061	-1.75265037362238	0.051	0.146	1	2	SLC7A8
0.00125961318143585	-1.75899190049621	0.028	0.104	1	2	PIK3CB
0.00454589520681122	-1.75899190049621	0.023	0.094	1	2	RARG
0.00861572834545627	-1.75899190049621	0.017	0.07	1	2	ITGB5
0.00119891249399923	-1.75899190049621	0.023	0.1	1	2	PCBP3
0.00140237823879586	-1.75899190049621	0.034	0.13	1	2	DCLK2
0.00268356549684825	-1.75899190049621	0.011	0.054	1	2	RNPC3
0.000140897593555674	-1.77159193727584	0.028	0.111	1	2	CDK5RAP2
0.00072349510488577	-1.77159193727584	0.028	0.114	1	2	LOC138527531
0.000385375038616424	-1.77785092774752	0.04	0.148	1	2	CLEC16A
0.00399715388556785	-1.77785092774752	0.017	0.076	1	2	EIF2B3
0.000162749694579998	-1.80174154795554	0.023	0.116	1	2	SLC9A9
0.000350120627993166	-1.80174154795554	0.034	0.127	1	2	SUZ12
0.00454589520681122	-1.80384613628047	0.023	0.094	1	2	PEX14
0.000316425157825508	-1.81484513522972	0.04	0.155	1	2	IPO8
0.00877745827002902	-1.81484513522972	0.017	0.078	1	2	LOC138471924
0.000381634856632115	-1.82495516287456	0.034	0.136	1	2	ELN
0.000506371433014946	-1.83299248193998	0.023	0.094	1	2	SCYL2
0.000234648312435097	-1.83299248193998	0.034	0.133	1	2	RALGPS1
0.00393713274289828	-1.84496512360606	0.023	0.102	1	2	SORL1
9.32342710254451e-05	-1.848934025809	0.045	0.161	1	2	SH3TC1
0.000238732249499814	-1.8534565844997	0.034	0.138	1	2	THADA
0.000261668143464307	-1.85683922389435	0.028	0.12	1	2	TMEM94
0.00596699003159722	-1.85683922389435	0.011	0.055	1	2	PLCL1
0.00217945001448527	-1.8686163916707	0.017	0.08	1	2	DPHD
0.00600705505296284	-1.88029819671834	0.011	0.056	1	2	LOC138526789
0.00737036987147631	-1.88029819671834	0.011	0.06	1	2	PIGG
0.00187756671444852	-1.88610381839954	0.04	0.121	1	2	ADAMTS15
0.00482558399604606	-1.88610381839954	0.017	0.08	1	2	TSC2
0.00172853457658182	-1.89476867952667	0.023	0.108	1	2	ANKFN1
0.000432854737070446	-1.90338180983138	0.017	0.083	1	2	JADE1
0.00323204358409598	-1.90338180983138	0.017	0.075	1	2	MYZAP
0.0090392152017857	-1.90338180983138	0.011	0.063	1	2	SPG11
0.000548153691797689	-1.92045532319032	0.04	0.158	1	2	MIDEAS
0.0073947078141304	-1.92610188633146	0.011	0.062	1	2	ATPSCKMT
0.00157343366829794	-1.93732914175472	0.051	0.149	1	2	VEGFA
0.00570019771654965	-1.93732914175472	0.006	0.041	1	2	LOC138503107
0.00220000981717521	-1.93732914175472	0.017	0.085	1	2	ACSS2
0.00492643061693845	-1.94846969935992	0.011	0.064	1	2	VPS45
0.00602700067401123	-1.94846969935992	0.011	0.062	1	2	TTLL7
0.00179214120225652	-1.97049600568992	0.017	0.084	1	2	ZNF512B
0.000791365146881249	-1.98679781801902	0.017	0.086	1	2	RBL2
0.000341547252360855	-1.99649121422286	0.023	0.107	1	2	TRIM37
0.000133437317237153	-2.00291748338229	0.023	0.126	1	2	PHF19
0.000380312582416842	-2.00291748338229	0.028	0.127	1	2	TTLL4
0.0015311978438948	-2.00291748338229	0.028	0.122	1	2	GSAP
0.00267473661722255	-2.0135647275818	0.011	0.065	1	2	IFT80
0.00329811194311714	-2.03462634310963	0.011	0.068	1	2	WDR55
0.00604689417484305	-2.03462634310963	0.011	0.069	1	2	RP2
0.00146578043052318	-2.05022319816065	0.017	0.09	1	2	CPPED1
0.00179214120225652	-2.05022319816065	0.017	0.088	1	2	PPP2R3A
0.000115566363145518	-2.05538490327643	0.028	0.134	1	2	VAC14
0.00403838196583714	-2.05538490327643	0.011	0.07	1	2	AGBL5
0.000224155924350881	-2.05950101174866	0.023	0.107	1	2	ZNF451
0.000339480624565823	-2.05950101174866	0.023	0.108	1	2	RXRA
0.00222276364449561	-2.05950101174866	0.017	0.078	1	2	SHISA6
0.00571007712328938	-2.06565323873026	0.006	0.045	1	2	NPNT
0.00011471822269727	-2.07584900583615	0.028	0.132	1	2	DDHD2
0.00178597175909438	-2.07584900583615	0.011	0.07	1	2	TXLNG
0.00494267543124146	-2.07584900583615	0.011	0.069	1	2	EXOC3L1
0.00119244837277957	-2.08091999538357	0.017	0.09	1	2	RUSC2
0.000169087676885663	-2.08597322310985	0.028	0.135	1	2	ANO10
0.00264138093409138	-2.09602688777378	0.006	0.061	1	2	GPR17
0.00403838196583714	-2.11592644521148	0.011	0.071	1	2	STX6
0.00216915955441991	-2.12577423116783	0.017	0.093	1	2	CEP97
0.00216809210389753	-2.13555525196041	0.011	0.07	1	2	FIRRM
0.00328731088342554	-2.13555525196041	0.011	0.073	1	2	NCAPG2
0.00078761534928751	-2.14042100713223	0.017	0.088	1	2	PRR5L
0.00268356549684825	-2.15492057682734	0.011	0.074	1	2	TJAP1
0.00121182180875173	-2.19054448655807	0.04	0.132	1	2	SEMA3A
0.000956916673200409	-2.21150410519371	0.011	0.071	1	2	MYO7A
0.00219688700189661	-2.21150410519371	0.011	0.078	1	2	WDR25
0.000186878185811696	-2.26595188921609	0.017	0.101	1	2	DSP
0.00269236015961433	-2.26595188921609	0.011	0.077	1	2	ACBD6
0.00570019771654965	-2.26595188921609	0.006	0.053	1	2	SUN1
0.0004475330138709	-2.27483004056254	0.028	0.129	1	2	EPHB1
0.000424515321392281	-2.28365389094955	0.011	0.081	1	2	ANAPC4
0.00858975798350743	-2.29242410057728	0.006	0.052	1	2	LOC138489829
0.00119026161337687	-2.30114131767839	0.011	0.08	1	2	METAP1D
0.0010921737622501	-2.31841930911022	0.006	0.054	1	2	LOC138467135
0.00201515049765182	-2.31841930911022	0.006	0.047	1	2	C1S
0.000187753514304439	-2.34395440121736	0.017	0.108	1	2	MGAT4B
0.0059670103829235	-2.35236664103356	0.011	0.076	1	2	DTNB
0.00570019771654965	-2.36904538218019	0.006	0.055	1	2	ZNF366
0.00701592996599159	-2.36904538218019	0.006	0.057	1	2	GBE1
0.00115912675877916	-2.36904538218019	0.011	0.072	1	2	TTC7A
0.00249877709129721	-2.39370743641446	0.006	0.057	1	2	DTNBP1
0.000518947146182954	-2.40183531729786	0.011	0.086	1	2	TEX264
0.000182716672252082	-2.41795498266114	0.011	0.083	1	2	CDC14B
0.000963202863519312	-2.41795498266114	0.011	0.085	1	2	ECD
0.0025029295622334	-2.41795498266114	0.006	0.06	1	2	ARL6IP6
0.00571007712328938	-2.41795498266114	0.006	0.058	1	2	PIGX
9.36489353371006e-05	-2.43841908522085	0.034	0.156	1	2	GAS6
0.000153187339034923	-2.45357889239186	0.017	0.117	1	2	ABCB7
0.000623409409915206	-2.4806907380091	0.006	0.079	1	2	DKK3
0.00463901890930561	-2.48834431055254	0.006	0.058	1	2	CYP7B1
0.00165277200322169	-2.51106438705262	0.006	0.062	1	2	IRF5
0.000148153565668199	-2.55545850641107	0.011	0.093	1	2	TBC1D30
0.00134371760892108	-2.57715357751039	0.006	0.066	1	2	ARHGAP42
0.00877958375457681	-2.64034740399759	0	0.034	1	2	CALCOCO1
0.00203243213633685	-2.6608115065573	0.006	0.065	1	2	TMEM26
0.000937720744197246	-2.66756887273261	0.011	0.08	1	2	GALR1
0.00877958375457681	-2.68098938849493	0	0.035	1	2	STEAP3
0.000120791905226104	-2.68098938849493	0.011	0.105	1	2	SPOP
0.000475273884061373	-2.72051775268157	0.006	0.072	1	2	CDPK5
0.0025029295622334	-2.72051775268157	0.006	0.074	1	2	AMMECR1L
0.00310985154899683	-2.75899190049621	0	0.036	1	2	ZNF530
0.00579300906140359	-2.75899190049621	0	0.037	1	2	MMAA
0.000165490865010603	-2.77785092774752	0.006	0.067	1	2	CXADR
0.00579510835724848	-2.79646660591487	0	0.035	1	2	LOC138504511
0.000473841738465871	-2.83299248193998	0.006	0.074	1	2	RAB40B
0.00579300906140359	-2.83299248193998	0	0.039	1	2	CNNM2
0.000117970383115727	-2.84198126516724	0.017	0.12	1	2	SNCA
0.000311985995193348	-2.88610381839954	0.006	0.078	1	2	PRDM15
0.00167084899243704	-2.90338180983138	0	0.039	1	2	ASPHD1
0.00382595497744686	-2.90338180983138	0	0.041	1	2	SPSB1
0.00471014641920606	-2.93732914175472	0	0.037	1	2	ETNPPL
0.000406675315890957	-2.94846969935992	0.011	0.096	1	2	PGF
0.00579300906140359	-2.97049600568992	0	0.044	1	2	KIT
0.00252980740569372	-3.00291748338229	0	0.041	1	2	LST1
0.00164172048172606	-3.01885902725132	0.006	0.077	1	2	MARCHF1
0.00579300906140359	-3.03462634310963	0	0.043	1	2	FBXO10
0.000142427506908822	-3.04504295905497	0.011	0.103	1	2	PLCE1
0.00205549612857104	-3.06565323873026	0	0.046	1	2	KBTBD11
0.00713177513670784	-3.06565323873026	0	0.041	1	2	ANO7
0.00382595497744686	-3.09602688777378	0	0.048	1	2	RNFT2
0.000712753066036252	-3.14042100713223	0.006	0.082	1	2	ABLIM2
0.000896905471920348	-3.23898484161582	0	0.052	1	2	FOXRED2
0.00383058442479326	-3.34395440121736	0	0.039	1	2	HPX
0.00167031739159114	-3.39370743641446	0	0.059	1	2	MRPS7
0.00470933896167714	-3.39370743641446	0	0.052	1	2	CHAD
0.00252860423128783	-3.41795498266114	0	0.059	1	2	CLOCK
0.000208429712564586	-3.53343220008107	0	0.065	1	2	FAM124B
0.000316645947900904	-3.53343220008107	0	0.065	1	2	MRE11
0.00579812386237661	-3.57715357751039	0	0.052	1	2	TC2N
0.000481142209721426	-3.61958884383079	0	0.06	1	2	BCL2
0.00252980740569372	-3.64034740399759	0	0.06	1	2	SEMA3D
0.00135891262461685	-3.68098938849493	0	0.062	1	2	CYGB
3.15664448669846e-22	1.65718598786169	0.781	0.429	3.77976610837274e-18	3	PMP22
8.87936282955206e-19	1.06593939782203	0.865	0.516	1.06321490521056e-14	3	KDR
3.57336052073943e-18	0.917722018896932	0.961	0.83	4.2787418875334e-14	3	KRT8
1.59365137161488e-17	0.882945056543852	0.948	0.8	1.90823815237165e-13	3	KRT18
4.6469735381755e-14	1.80585532444382	0.548	0.253	5.56428611461134e-10	3	HS3ST1
5.32849017770672e-14	0.97097369416012	0.761	0.429	6.38033413878603e-10	3	NOS3
9.97419034225565e-14	1.19043554326922	0.632	0.325	1.19430955158169e-09	3	ACVRL1
1.35218027184108e-13	1.30662085403822	0.748	0.505	1.61910065750251e-09	3	AQP1
3.47458461898531e-12	0.924033622792868	0.813	0.528	4.16046762277301e-08	3	PODXL
4.46990192212171e-12	-0.753171293507836	0.923	0.974	5.35226056154853e-08	3	COX1
1.09736665747449e-10	0.849839228960501	0.735	0.462	1.31398683565995e-06	3	SPACA4
3.14680854884918e-10	0.494186904575172	0.987	0.922	3.767988556392e-06	3	LGALS4
7.50543954105173e-10	-6.46232087284357	0.013	0.236	8.98701330645534e-06	3	HAPLN3
7.96981919203614e-10	0.851492759368894	0.6	0.352	9.54306150054408e-06	3	EXOC3L2
1.44962574657666e-09	0.624362828139467	0.916	0.716	1.73578186895089e-05	3	PLVAP
1.8056810050971e-09	1.25848608895081	0.258	0.096	2.16212243550326e-05	3	CRISP3
1.97653248372892e-09	1.09975713231745	0.516	0.258	2.36669999601701e-05	3	F8
2.29912680231852e-09	1.21320121309319	0.465	0.208	2.75297443309619e-05	3	SELP
2.55345139275315e-09	1.09290112369973	0.497	0.26	3.05750269768262e-05	3	SMAD6
3.70132398369132e-09	-5.57586340438836	0.006	0.217	4.43196533807199e-05	3	RELN
1.33919547298953e-08	0.836806993592753	0.839	0.621	0.000160355265935766	3	CD34
2.20348681380143e-08	-0.466600051286287	0.994	1	0.000263845511084583	3	COX3
2.64331977264649e-08	-4.80916659993526	0.006	0.2	0.000316511109576691	3	UNC5B
3.25597480549064e-08	-1.66343462523841	0.161	0.405	0.00038987042320945	3	SMAD1
5.12398944215317e-08	0.964840835199014	0.594	0.396	0.000613546495803421	3	FCN1
5.64013698536282e-08	1.17902409777511	0.368	0.161	0.000675350002627345	3	LPAR4
5.64339423254027e-08	0.890789788992741	0.477	0.288	0.000675740025404372	3	ADAMTS1
6.94760740255543e-08	0.521345739161973	0.942	0.838	0.000831906510381988	3	GAPDH
8.23876597494668e-08	-1.73164501068003	0.123	0.335	0.000986509837840115	3	VASH2
8.42175339649555e-08	0.399076426389237	1	0.882	0.00100842075169638	3	RPL15
1.06282534758795e-07	1.3765997423704	0.361	0.146	0.00127262707120181	3	SPRY3
1.17949053504885e-07	2.02032635175605	0.187	0.05	0.0014123219666675	3	NPPC
1.19138782556133e-07	0.917645280819447	0.742	0.5	0.00142656778232713	3	PTGS2
1.31291351571099e-07	0.386931795852911	1	0.938	0.00157208264371233	3	RPS26
1.39127185019855e-07	1.35863165261476	0.219	0.075	0.00166590891342774	3	EVA1C
1.55522549231191e-07	0.399565608990628	0.974	0.918	0.00186222700449428	3	RPL17
1.65887293954791e-07	-0.610830541199725	0.761	0.866	0.00198633445781467	3	ND4
2.16028903543856e-07	0.787753437094797	0.581	0.341	0.00258673009103413	3	ID3
2.33133867829774e-07	0.839377897040998	0.555	0.338	0.00279154493339372	3	PINLYP
2.93235714416415e-07	0.42503562430214	0.955	0.878	0.00351120444442215	3	HSPA8
3.73617653991861e-07	0.880584355810114	0.335	0.159	0.00447369778889855	3	GPR68
5.08457309873572e-07	0.879890585640029	0.542	0.365	0.00608826782842615	3	EZR
5.12148756543613e-07	1.19239132151294	0.329	0.159	0.00613246921085322	3	ENPP1
5.88479722889732e-07	-5.17393089273288	0	0.142	0.00704645620188165	3	PDPN
6.23934888620644e-07	0.775181184564756	0.658	0.466	0.00747099635634359	3	SGK1
8.57362477268507e-07	0.432815654698397	0.929	0.86	0.0102660583028131	3	SLC25A5
1.17321199208381e-06	0.383089809568422	0.935	0.827	0.0140480403932116	3	RPS3
1.24456307878357e-06	-0.427138221731025	0.981	0.991	0.0149023983053544	3	ATP6
1.49034418788008e-06	0.319927083845716	1	0.995	0.0178453813056761	3	TMSB4X
1.6595367613719e-06	-3.78525397999093	0.019	0.179	0.0198712931806671	3	NFIX
1.78816105464687e-06	-2.48202833311255	0.11	0.304	0.0214114404683416	3	NRP2
1.98149022672582e-06	0.373106760915834	0.955	0.889	0.023726363974815	3	RPS11
2.01976690247355e-06	0.407284788399154	0.955	0.903	0.0241846888902183	3	RPL12
2.49150693637691e-06	0.336048745191372	0.974	0.838	0.0298333040561771	3	PMP2
2.5678335645969e-06	0.307284772614538	1	0.953	0.0307472391024833	3	RPS14
2.57384765653195e-06	0.449678955246216	0.897	0.764	0.0308192518393136	3	RPL10A
2.86393885895205e-06	-0.782079657498317	0.645	0.782	0.0342928038970918	3	ND3
3.0722153204433e-06	0.286193274941265	1	0.974	0.0367867062469881	3	RPS2
3.18003785645117e-06	0.992092671027105	0.4	0.203	0.0380777732931463	3	VEGFC
3.77472015767235e-06	0.690613412166044	0.568	0.339	0.0451984991679687	3	APLNR
3.86574962698354e-06	-3.3688763087245	0.019	0.169	0.0462884860335009	3	SRGN
3.99691379294748e-06	0.333871651943909	0.981	0.955	0.0478590457567531	3	RPL13
4.4064760621621e-06	0.350510478246548	0.981	0.928	0.052763144368329	3	RPS7
4.45842024479167e-06	0.524120760823566	0.819	0.621	0.0533851240111354	3	CAVIN2
4.50189190700619e-06	0.695531296298169	0.652	0.445	0.0539056536944922	3	EHD2
4.94926142804792e-06	1.14127482117561	0.368	0.178	0.0592624563394458	3	TCIM
5.53242654501033e-06	1.18801288100236	0.31	0.143	0.0662452754499537	3	LOC138567585
6.77642776479036e-06	0.769879166419464	0.619	0.436	0.0811409460555998	3	SLC2A1
7.60693741060041e-06	-1.18242142387795	0.174	0.347	0.0910854685545294	3	SERPING1
7.6150141881165e-06	0.842365891654258	0.497	0.295	0.0911821798885069	3	PLPP3
7.83795608076591e-06	-2.19770180695215	0.303	0.481	0.093851686111091	3	CTSL
7.95916200676327e-06	1.10579811771417	0.374	0.205	0.0953030058689834	3	LOC138550342
8.20230278854707e-06	-1.75684556480518	0.11	0.292	0.0982143735900626	3	CEBPD
8.4163329916831e-06	0.332447108908096	0.974	0.94	0.100777171242413	3	EEF1A1
9.20963805770793e-06	0.283162719266061	1	0.988	0.110276206102995	3	S100A11
1.00485591758446e-05	-3.49708629100425	0.019	0.154	0.120321447571563	3	PROX1
1.11382681021457e-05	0.390053742149533	0.994	0.897	0.133369622255093	3	RPS24
1.13414439517982e-05	-5.84430840605552	0	0.121	0.135802449878832	3	STAB2
1.13481429576211e-05	0.335844111594057	0.961	0.903	0.135882663774555	3	RPL34
1.21456754901618e-05	0.619934873654172	0.484	0.325	0.145432318319197	3	APBB2
1.30817222227032e-05	0.301017571602885	1	0.954	0.156640541894648	3	RPLP1
1.40349871615728e-05	0.548166473208081	0.813	0.694	0.168054936272672	3	CAPG
1.45433528855198e-05	-2.13030396033262	0.071	0.223	0.174142107451214	3	FLT4
1.56083110879504e-05	1.09888699052938	0.31	0.142	0.186893916967118	3	S100A1
1.56493070094649e-05	0.672120773105069	0.413	0.264	0.187384802131333	3	B3GNT2
1.77246200679683e-05	2.70258605383212	0.071	0.011	0.212234600693852	3	PHGDH
1.78427047258792e-05	0.321173175212956	0.974	0.936	0.213648546387677	3	RPL10
1.93296335647725e-05	-1.01457105925391	0.181	0.331	0.231453032304586	3	ZFP36L1
1.98647629444003e-05	0.258322416020705	0.981	0.952	0.237860671496249	3	RPS28
1.99743493571612e-05	0.771447911976924	0.587	0.399	0.239172859202649	3	TFPI2
2.13163295184659e-05	-3.74035744201661	0.006	0.12	0.255241729654111	3	MAFB
2.18616995695373e-05	1.58059552945351	0.103	0.034	0.26177199064564	3	SMAD7
2.24023050999167e-05	1.0610400247446	0.265	0.138	0.268245201266403	3	FRY
2.43412482608524e-05	0.837128177210947	0.4	0.235	0.291462106675446	3	C3PH5orf15
2.59950661464244e-05	0.372337642735004	0.961	0.884	0.311264922037286	3	RPS27A
2.62319198318566e-05	0.716920969904494	0.587	0.389	0.314101008066651	3	ADAMTS4
2.6890946616782e-05	0.706469488319348	0.471	0.291	0.321992194789348	3	MCAM
2.73866398202888e-05	-1.73280009083853	0.123	0.297	0.327927625208138	3	CADM1
2.84565443822438e-05	-3.42669696311285	0.006	0.135	0.340738662432987	3	SEMA3A
2.97053521979332e-05	1.98012002936103	0.11	0.03	0.355691887218052	3	APCDD1
3.08528883303862e-05	-0.481473231813829	0.774	0.851	0.369432484868045	3	ND2
3.11597393480988e-05	0.381819549217565	0.91	0.812	0.373106718954135	3	RPS5
3.18246045689077e-05	0.616612830722267	0.535	0.338	0.381067815108101	3	NOTCH1
3.21952946750535e-05	0.477484345237686	0.574	0.409	0.38550645843909	3	ANXA7
3.31051457193989e-05	0.750252487462434	0.426	0.272	0.396401014844082	3	MARCKSL1
3.52206548135856e-05	-0.33867862463145	0.987	0.995	0.421732120737874	3	COX2
3.59182473098989e-05	0.328105376567737	0.981	0.939	0.430085093288729	3	S100A10
3.6293180431348e-05	-2.75684556480518	0.026	0.151	0.43457454248496	3	VEGFA
3.68045721482633e-05	0.33474401322411	0.961	0.83	0.440697946903305	3	CRIP1
4.06824331490663e-05	0.679814746173462	0.484	0.302	0.487131454526919	3	LHFPL7
4.09917338909695e-05	-1.03273918195283	0.239	0.422	0.490835021610468	3	RSRP1
4.21786837508939e-05	0.314237533256305	0.968	0.933	0.505047559233203	3	S100G
4.22891603542334e-05	-1.71449927409558	0.065	0.209	0.506370406081591	3	LOC138566285
4.34991459899847e-05	-1.44797362274326	0.142	0.32	0.520858774084077	3	PXDN
4.40375279681584e-05	-1.55908151623777	0.065	0.195	0.527305359890729	3	STARD8
4.44015636651393e-05	0.854589147277169	0.187	0.101	0.531664323326378	3	EEF1E1
4.48847493035921e-05	0.353961221080757	0.8	0.653	0.537449988161212	3	PPDPF
4.49375257669969e-05	0.493302967936727	0.761	0.62	0.53808193353402	3	GNGT1
4.65458454808405e-05	0.92405396694027	0.342	0.181	0.557339953787584	3	FLT1
4.70477423792983e-05	0.376130077500696	0.929	0.866	0.563349667249717	3	RPL3
5.06936603789065e-05	-1.73884913551133	0.039	0.152	0.607005889377027	3	TOP2A
5.12261316597478e-05	0.389303689211977	0.91	0.852	0.61338170049382	3	PFN1
5.73979517964082e-05	0.275144866835384	1	0.975	0.687283074810192	3	RPL32
5.89811904970612e-05	1.38065795894476	0.11	0.044	0.706240775011811	3	TMEM68
6.10151077979443e-05	-1.41541115556633	0.194	0.358	0.730594900772586	3	ADD3
6.12134120316873e-05	-1.55222784519671	0.065	0.193	0.732969395667424	3	DGCR8
6.31075835733943e-05	-4.42669696311285	0	0.106	0.755650205707824	3	DOCK5
6.50875972358686e-05	-0.341726347265195	0.929	0.97	0.779358889302291	3	CYTB
7.01627042109418e-05	-0.670296989727225	0.69	0.801	0.840128220221817	3	FSTL1
7.01656569536867e-05	0.309396121174399	1	0.951	0.840163576363444	3	RPL21
7.04296975680831e-05	0.878048120101159	0.432	0.278	0.843325198680227	3	RHAG
7.22082335325509e-05	0.977693291966489	0.213	0.097	0.864621388318764	3	RAPGEF3
7.27717432226248e-05	0.341233181894337	0.955	0.838	0.871368853347709	3	RPL27A
7.30495615596119e-05	-3.16531041016053	0.026	0.155	0.874695450114793	3	FGF10
7.34157961612297e-05	0.356664325472583	0.948	0.898	0.879080743234564	3	ANXA2
7.37462996963603e-05	0.338130025799809	0.942	0.904	0.883038192564218	3	RPS17
8.00018284540403e-05	-3.45391843184787	0.013	0.137	0.957941893908679	3	GAS7
0.00286527798179131	2.56508253008218	0.052	0.01	1	3	C10H8orf58
0.00940093679714108	2.48019363249567	0.032	0.006	1	3	N6AMT1
0.00296470893555672	2.43955164799833	0.026	0.005	1	3	LOC138583015
0.00221307756402835	2.41307943663713	0.039	0.009	1	3	MMP25
0.00229454039092054	2.38065795894476	0.039	0.008	1	3	ADCY8
0.00289316645585442	2.28754855455328	0.032	0.006	1	3	LOC138516931
0.00232213242074086	2.18801288100236	0.039	0.007	1	3	LOC138527547
0.00171805674276188	2.11762355311096	0.071	0.015	1	3	V2R116
0.00296470893555672	2.02451414871948	0.026	0.007	1	3	CYP26B1
0.00123683296854397	1.94769855166865	0.084	0.026	1	3	MSMO1
0.000663269474137751	1.90903693129955	0.084	0.025	1	3	DAAM2
0.0016765615812821	1.89523113177452	0.045	0.013	1	3	TRIB1
0.000218412255909761	1.84008957758205	0.065	0.019	1	3	FAM241B
0.00517644127538083	1.77097302881237	0.11	0.046	1	3	NCAM1
0.00016111545658443	1.70258605383212	0.219	0.1	1	3	LEP
0.000355316086838963	1.70258605383212	0.11	0.037	1	3	OAF
0.000559291875453883	1.70258605383212	0.032	0.011	1	3	ZBTB18
0.00118753556744537	1.70258605383212	0.052	0.017	1	3	LOC138467883
0.00930246607454468	1.70258605383212	0.071	0.023	1	3	PTGER4
0.00200373943515751	1.64813826980974	0.077	0.026	1	3	RAB26
0.00143673586715705	1.61512321258178	0.09	0.03	1	3	KCNK5
0.000786300514125751	1.57330303688715	0.09	0.034	1	3	LOC138516652
0.0039172050743886	1.55574466550285	0.084	0.029	1	3	SLC45A3
0.00555990836173994	1.53266105238981	0.071	0.026	1	3	SLC51A
0.00757248536891296	1.46157795432832	0.058	0.022	1	3	MACROD1
0.00253311348925962	1.45465854038853	0.097	0.037	1	3	ARL16
0.000949898613570911	1.41718383496987	0.097	0.037	1	3	LOC138521149
0.00872998834875786	1.40713017030595	0.065	0.026	1	3	PSCA
0.000533638654066657	1.40302577197321	0.077	0.03	1	3	ZC3HC1
0.00684677431320181	1.35969834030911	0.181	0.089	1	3	GADD45B
0.000298919562219681	1.31556293072287	0.155	0.061	1	3	KLF17
0.00354325059901676	1.31556293072287	0.077	0.033	1	3	ZBTB21
0.00231471426543343	1.31354376308622	0.123	0.052	1	3	TNFRSF12A
0.00940093679714108	1.28754855455328	0.032	0.014	1	3	TTBK1
0.000439096010316983	1.27937462310758	0.135	0.057	1	3	DNTTIP2
0.00366942818964405	1.24315443519482	0.116	0.052	1	3	CYP2C9
0.00978802805555852	1.24315443519482	0.045	0.021	1	3	HIC2
0.00954520989270704	1.2331007705309	0.077	0.035	1	3	TSFM
0.00091833428054136	1.21320121309319	0.161	0.066	1	3	RUSC2
0.00166920788159353	1.209546042552	0.11	0.043	1	3	SCIN
0.00621265539053926	1.18801288100236	0.129	0.064	1	3	NPR3
0.00258965429701005	1.18321189473854	0.09	0.038	1	3	APLP2
0.000112555737308907	1.17057243305992	0.206	0.097	1	3	VAMP5
0.00954520989270704	1.15509825852963	0.077	0.037	1	3	SCD
0.00829224826960783	1.13698887797789	0.135	0.063	1	3	CNMD
0.00271730553528242	1.13623923127831	0.148	0.067	1	3	ITGA8
0.000112338681432321	1.11762355311096	0.194	0.089	1	3	FXYD6
0.00170526047852943	1.11762355311096	0.161	0.076	1	3	LOC138525662
0.00774719728696664	1.11762355311096	0.058	0.029	1	3	LOC138516048
0.00398798188059463	1.09772399567326	0.142	0.067	1	3	NOL4L
0.0087931633092	1.09592848201164	0.129	0.064	1	3	DNPEP
0.00170192900436312	1.09253257214813	0.11	0.05	1	3	CNTF
0.00707683652865541	1.08876869043878	0.148	0.088	1	3	FRMD4B
0.00011024956808815	1.07809518892433	0.219	0.097	1	3	EGFL8
0.000456160667947099	1.07640089038445	0.142	0.067	1	3	CCND3
0.00164341415717751	1.05050935725243	0.194	0.097	1	3	HBEGF
0.00285475390558569	1.04167469987766	0.219	0.109	1	3	RRAS2
0.000944081044643923	1.03962104110969	0.148	0.074	1	3	DDX39B
0.00177076558121262	1.02798634062629	0.155	0.077	1	3	EIF2AK3
0.00810800397221691	1.02451414871948	0.155	0.077	1	3	MRPL21
0.000503724241265299	1.02246632007062	0.258	0.131	1	3	PLEKHH3
9.45275618346875e-05	1.01905971862737	0.2	0.094	1	3	IFFO2
0.00845266314026018	1.01227055296473	0.135	0.068	1	3	DNAJC1
0.00954520989270704	1.01070834919445	0.077	0.041	1	3	C2PH19orf47
0.000330098417379311	1.00441294266297	0.271	0.141	1	3	NUMBL
0.00011689527109978	1.00097863425869	0.413	0.259	1	3	PLPP1
0.00260864530588643	0.9843570222475	0.187	0.098	1	3	BLVRB
0.00146233667076662	0.983322461399373	0.239	0.112	1	3	RIMBP2
0.00708069928743434	0.980120029361029	0.123	0.064	1	3	SLC39A9
0.00772829288635133	0.973888075649514	0.174	0.1	1	3	PTHLH
0.0062442478997153	0.960082276124484	0.155	0.075	1	3	CLDN7
0.00378685679149726	0.958424958261709	0.123	0.059	1	3	LOC138583049
8.9499292318712e-05	0.958145339103767	0.374	0.213	1	3	ADAM15
0.00616082031252179	0.954124820828084	0.155	0.08	1	3	SAMM50
0.00262454656663523	0.950513567275705	0.11	0.058	1	3	MRAS
0.00978802805555852	0.947698551668651	0.045	0.021	1	3	HSD11B2
0.00084403923218211	0.940085367558776	0.168	0.086	1	3	MATN2
0.0025401738715087	0.934401729055193	0.187	0.105	1	3	SDR9C7
0.00319240770887345	0.923354732688904	0.194	0.108	1	3	THBD
0.000347980830631133	0.92058670605141	0.232	0.127	1	3	SYNPO
0.000439119615138695	0.912509123206351	0.348	0.22	1	3	LOC138472551
0.000800683863835404	0.909682288072056	0.258	0.137	1	3	TINAGL1
0.00867837428684595	0.907405845720618	0.097	0.056	1	3	LOC138570270
0.00908845841076283	0.907405845720618	0.103	0.055	1	3	ACACA
0.00436468496176642	0.905573075995974	0.2	0.114	1	3	SLC8A1
0.000191980565443954	0.902004360369942	0.4	0.245	1	3	PLAT
0.00454055563422789	0.895231131774516	0.148	0.081	1	3	SORBS3
0.00160794430470011	0.888999178063001	0.206	0.107	1	3	FAM222A
0.0088669401066754	0.883158299473941	0.174	0.1	1	3	SOCS1
0.00556700661583975	0.881556194877439	0.181	0.097	1	3	LOC138526121
0.00626086180298537	0.874066521776474	0.168	0.099	1	3	EMC1
0.000318541167484361	0.870708812640447	0.148	0.071	1	3	LOC138487739
0.00206004122939321	0.862366497868889	0.187	0.105	1	3	SRP19
0.00457241674923183	0.860465713613839	0.226	0.136	1	3	SLC44A2
0.00818763122783681	0.858236924292314	0.135	0.076	1	3	USP15
0.00146126261815613	0.855702767587878	0.323	0.195	1	3	WIF1
0.000116598556304585	0.852481484315178	0.232	0.121	1	3	ITGA7
0.000338632690949432	0.839088053736982	0.335	0.204	1	3	RAPGEF4
0.00797569264463159	0.833830587110372	0.142	0.08	1	3	NUDT3
0.00792894667320205	0.833170163642264	0.155	0.089	1	3	LOC138549397
0.000216899726595005	0.830286402551696	0.452	0.304	1	3	CKB
0.000179651796051633	0.820848935451939	0.284	0.163	1	3	TRIM71
0.00855410930737976	0.801364208310293	0.194	0.114	1	3	LDLR
8.99626222362191e-05	0.792528179144918	0.374	0.227	1	3	CYR61
0.00295110721425477	0.78641764463559	0.181	0.109	1	3	ITGB4
9.5417244896135e-05	0.77975391435458	0.419	0.258	1	3	SLC12A2
0.00255313738623195	0.773669151893602	0.155	0.091	1	3	PEPD
0.00901035199827054	0.771848716269234	0.097	0.058	1	3	GNL2
0.000858288376828193	0.767291743219935	0.316	0.188	1	3	FAM129B
0.00616469871075121	0.763986598496263	0.071	0.037	1	3	LOC138487720
0.000512042604403714	0.739111929857234	0.232	0.142	1	3	AHSA1
0.00406572200988594	0.726833600078797	0.09	0.055	1	3	REV1
0.000112977743371008	0.7265118930776	0.374	0.213	1	3	UPP1
0.00454506371636546	0.719074176620689	0.135	0.084	1	3	CDC42EP5
0.0015959024148252	0.713078427649762	0.361	0.234	1	3	NPDC1
0.00180679408431667	0.706428120126514	0.439	0.313	1	3	GSN
8.94342621854901e-05	0.70258605383212	0.452	0.288	1	3	ENTPD1
0.0008327763277922	0.70258605383212	0.277	0.173	1	3	CDC42EP2
8.80216416078012e-05	0.694986237973959	0.574	0.391	1	3	CD93
0.00611671969672513	0.68152443830429	0.09	0.064	1	3	PRKD3
0.000453409558461301	0.66895527595084	0.445	0.288	1	3	RASGRP3
0.00894630741650909	0.668638721908782	0.129	0.08	1	3	PKMYT1
0.000663657606280729	0.667727296620468	0.406	0.265	1	3	RBMS3
0.00751850811135973	0.658191934473666	0.148	0.088	1	3	IRAK2
0.000486246252406824	0.649070544505118	0.432	0.293	1	3	PSMB2
0.00993304912159311	0.648138269809743	0.232	0.143	1	3	UBE2O
0.000158688112348685	0.640207268680433	0.645	0.466	1	3	JAG2
0.00605026627153473	0.639850298484157	0.265	0.173	1	3	SEC62
0.00829212733271928	0.637112216354838	0.335	0.238	1	3	DNASE1L3
0.00556937276681399	0.636243559003424	0.426	0.28	1	3	ASS1
0.00341512331029956	0.63441455119054	0.194	0.124	1	3	VARS1
0.00355667468331814	0.632196725940722	0.155	0.089	1	3	HK2
0.00535155305600195	0.629337071801481	0.297	0.186	1	3	PSMD7
0.00294299391309875	0.623018796513801	0.477	0.382	1	3	CYSLTR1
0.000454191212652984	0.613961154491656	0.658	0.512	1	3	IGFBP1
0.000859395091338943	0.610019935096047	0.426	0.289	1	3	TMEM204
0.00210279722138877	0.606827071026689	0.581	0.433	1	3	LYVE1
0.0017985184741756	0.604096190432756	0.258	0.167	1	3	LRRC8C
0.000395917212215686	0.60279993413165	0.697	0.503	1	3	SEMA3F
0.00393465195851242	0.601892054212647	0.419	0.27	1	3	VWCE
0.00861612286583982	0.595670849915608	0.245	0.16	1	3	NOP53
0.00407593359899235	0.593749561789213	0.355	0.225	1	3	RASAL2
0.000217859780890842	0.590319821581208	0.477	0.334	1	3	SELE
0.00592360583576486	0.587108836412184	0.213	0.147	1	3	DLST
0.000316171791734037	0.583287125459775	0.413	0.285	1	3	CSRNP1
0.00638787851191439	0.577985042899298	0.445	0.329	1	3	ARAP3
0.00540424106147506	0.577694806004311	0.277	0.18	1	3	BCL2L10
0.00584443404327646	0.573719459185004	0.439	0.331	1	3	GIMAP7
0.00061295446646017	0.57013575780847	0.31	0.201	1	3	ITGAV
0.00641712639803411	0.567936527137338	0.271	0.182	1	3	EVI5
0.00133269295613593	0.56393251404609	0.316	0.21	1	3	ZC3H13
0.000152250406809713	0.559221878660942	0.348	0.249	1	3	PALM2AKAP2
0.00940121543756227	0.555028865418262	0.335	0.241	1	3	PLA2G4A
0.00118798339396247	0.538610318720994	0.4	0.281	1	3	ICAM5
0.00115968563895152	0.538438773531625	0.555	0.401	1	3	ITGA6
0.000619283735787523	0.532661052389807	0.297	0.196	1	3	CALCRL
0.000148798282652975	0.532661052389807	0.394	0.268	1	3	CSRP1
0.00565759765558216	0.506188841028616	0.219	0.151	1	3	KIAA0930
0.007202205518553	0.497471623927507	0.374	0.256	1	3	PTGIS
0.00614145610520959	0.49573448339145	0.361	0.244	1	3	CAV2
0.00935833223170302	0.493999432020702	0.245	0.178	1	3	GAB2
0.00261711684313559	0.488741810183891	0.535	0.389	1	3	SCHIP1
0.000586422852361278	0.487573162861269	0.613	0.416	1	3	ARHGEF9
0.000193054991296851	0.479147822344121	0.652	0.501	1	3	GRB10
0.00016018233786684	0.471719628450313	0.755	0.567	1	3	CD2
0.00743489258252421	0.455368353461101	0.477	0.369	1	3	CAMK1
0.000144799508736027	0.450122778607857	0.71	0.594	1	3	PECAM1
0.00521792972266592	0.449299624549888	0.361	0.277	1	3	TIMP1
0.00211105460112404	0.436926178591503	0.697	0.555	1	3	EIF1
0.00818510501538142	0.435925265592376	0.619	0.506	1	3	ATP5F1B
0.000845271169787322	0.414341085201046	0.619	0.499	1	3	RPL8
0.00612752240098286	0.413079436637135	0.445	0.32	1	3	PSMB4
0.00152302716908711	0.412719168177056	0.658	0.538	1	3	CLIC1
0.00164271098051767	0.410264421030081	0.594	0.464	1	3	TSPAN4
0.00845830098489445	0.402191120494399	0.452	0.338	1	3	HNRNPC
0.000155656250464826	0.397592297971789	0.942	0.842	1	3	EEF1B2
0.00049134013743748	0.396339581177027	0.819	0.683	1	3	LMNA
0.00171669697522058	0.392062722217007	0.574	0.455	1	3	ATP5PD
0.000145514400675557	0.384493216075086	0.69	0.516	1	3	KIAA1217
0.000172976152144274	0.38346203182146	0.735	0.607	1	3	RSL24D1
0.000706579451204545	0.378060847458718	0.503	0.351	1	3	EPPK1
0.00028020797473075	0.37458024572919	0.852	0.708	1	3	PRX
0.000772861679432327	0.373924247579554	0.858	0.704	1	3	PRDX1
0.000941790703397489	0.37061701651542	0.826	0.73	1	3	RPL6
0.000164365037360461	0.361549135997053	0.69	0.499	1	3	ARL15
0.000613388168551958	0.361366620335997	0.723	0.602	1	3	CAVIN1
0.00751758982441734	0.36119764493894	0.626	0.505	1	3	CYCS
0.00840616209322338	0.357528084106202	0.516	0.396	1	3	NDUFS5
0.00440433315818008	0.353346605468363	0.845	0.775	1	3	TUBA1C
0.000542527007552407	0.328406058209159	0.929	0.851	1	3	RPS3A
0.00124756219893482	0.328021615095053	0.774	0.566	1	3	TIE1
0.00407233369313088	0.32788748368959	0.477	0.365	1	3	PREX2
0.000224087855975994	0.322625837573342	0.974	0.92	1	3	RPL31
0.00788248034134073	0.316837959564934	0.787	0.647	1	3	ICAM1
0.00539645226622808	0.309545656825807	0.484	0.352	1	3	ADGRL2
0.00581937867256832	0.308847956353732	0.948	0.91	1	3	DYNLL1
0.00543580581935159	0.295769061358244	0.684	0.568	1	3	KHDRBS1
0.00997605216462568	0.292710259669055	0.677	0.534	1	3	SH3BGRL3
0.000117045124000146	0.288888975574062	1	0.902	1	3	RPL11
0.00165806933110999	0.281906407976499	0.852	0.777	1	3	EIF4A1
0.000104483923721999	0.279976557869909	0.968	0.927	1	3	RPL37
0.000270228172238586	0.279374623107576	0.955	0.919	1	3	RPS10
0.00667391176998299	0.277245018107831	0.735	0.635	1	3	ALDOA
0.00749897718331144	0.276069057667558	0.645	0.512	1	3	CAPNS1
0.00170857077248079	0.275119644916774	0.974	0.898	1	3	RPS15
0.00138542431939782	0.272937380031025	0.903	0.745	1	3	OAZ1
0.00106107097871572	0.272437864642794	0.974	0.926	1	3	RPL13A
0.000206828434506162	0.270403123991812	1	0.945	1	3	RPL24
0.0022719023478384	0.269626646556014	0.884	0.815	1	3	MYL12B
0.0034466365205946	0.264980797648001	0.839	0.748	1	3	RACK1
0.000314469385280133	0.262835068781376	1	0.936	1	3	EEF1G
0.00327082169673711	0.260895202499915	0.942	0.857	1	3	RPS16
0.00257108667009446	0.260815044788228	0.981	0.908	1	3	RPS6
0.000496055822268075	0.258863017768343	0.955	0.918	1	3	HSP90AB1
0.000256189127246672	0.256873860794288	0.974	0.916	1	3	RPL28
0.00712059414317829	0.254705297866259	0.742	0.56	1	3	RAMP3
0.00312768790954247	0.252640283512784	0.948	0.868	1	3	RPS25
0.000326092618418764	0.250270219826375	1	0.963	1	3	TPT1
0.00768100069027727	0.249291396058406	0.929	0.878	1	3	TAGLN2
0.000110590097394822	0.248141006448852	0.987	0.966	1	3	RPL35
0.000181414441938583	0.248081116274749	0.994	0.964	1	3	RPS27
0.00132733025998787	0.247562306148598	0.935	0.839	1	3	RPL2
0.00899687403102986	0.246812386041128	0.916	0.86	1	3	CAV1
0.000140998478808218	0.24667807540829	0.994	0.949	1	3	RPS8
0.00216031949727019	0.237917786828675	0.903	0.784	1	3	RPL18A
0.00112369463447104	0.237563707788761	1	0.911	1	3	RPLP0
0.00150651085133151	0.232926542520194	0.955	0.907	1	3	RPS29
0.000408531188708071	0.230769365031133	0.987	0.93	1	3	RPS19
0.000971226570876385	0.228223137573814	1	0.951	1	3	RPS9
0.000952329774679808	0.226962401692237	1	0.955	1	3	RPS18
0.00101151302041939	0.226494214048255	0.981	0.922	1	3	UBA52
0.000855463258172511	0.222384380411711	0.994	0.943	1	3	RPL14
0.00157816105956511	0.215071893226782	0.742	0.572	1	3	ADCY4
0.00039128350533847	0.212314686682801	1	1	1	3	CIRBP
0.00214234572550989	0.209046580874558	0.71	0.543	1	3	INSR
0.000461294696963353	0.191085715051985	0.884	0.837	1	3	HSPG2
0.0053949745590116	0.19038484857199	0.968	0.938	1	3	RPL19
0.00414673173493021	0.186587527643322	0.955	0.901	1	3	RPL35A
0.000270586943356542	0.185394684020645	0.994	0.941	1	3	RPS12
0.000979080178215515	0.18316090620575	0.987	0.959	1	3	RPL26L1
0.00478805516516981	0.18035062016807	0.929	0.903	1	3	MYL6P1
0.00383595125930883	0.168242254980465	0.987	0.957	1	3	FAU
0.00674473564294748	0.164068412034179	0.955	0.922	1	3	RPL39
0.00535939841568033	0.162234439811255	1	0.964	1	3	RPS23
0.00142082523976076	0.147793634532925	1	0.994	1	3	LOC138582460
0.000203878875776827	0.136450197870905	1	0.989	1	3	Fth1
0.000226147243403183	-0.323942480273956	0.981	0.974	1	3	ZA20D3
0.00519716071715161	-0.333424481933581	0.89	0.887	1	3	HMGN1
0.00283385596334602	-0.387093760641099	0.729	0.818	1	3	ND1
0.00733254687117781	-0.446277332082363	0.445	0.539	1	3	JCAD
0.00633482660901584	-0.457878618361126	0.181	0.27	1	3	UBE2D3
0.00192391023112657	-0.464708691565521	0.574	0.702	1	3	LOC138504630
0.0064911604024642	-0.520637173770242	0.555	0.628	1	3	CTNNB1
0.00781459879701011	-0.532630407861912	0.206	0.285	1	3	ZFAND5
0.00410893352586649	-0.535403222555347	0.342	0.485	1	3	ZNF318
0.000364709591121005	-0.572857138692754	0.342	0.486	1	3	LMNB2
0.00595095956303994	-0.575321628483205	0.445	0.587	1	3	HBB
0.00106996265662447	-0.584295093956042	0.103	0.211	1	3	LMNB1
0.00181094438027399	-0.592318867288696	0.484	0.571	1	3	SEPT2
0.00992289235677038	-0.595883068231254	0.181	0.261	1	3	CBX5
0.00390144135170885	-0.595937436720299	0.452	0.556	1	3	ADAM10
0.00617248961951477	-0.634717266942159	0.329	0.421	1	3	TUSC3
0.000113575450502498	-0.650560771665963	0.316	0.467	1	3	ARHGAP31
0.00103109972867256	-0.65965002970878	0.329	0.459	1	3	LAMP1
0.008146925207961	-0.666647755833599	0.316	0.42	1	3	ODC1
0.00749791645349279	-0.673789825077619	0.155	0.236	1	3	ADAR
0.00754303415267413	-0.695445020141034	0.284	0.384	1	3	HNRNPA2B1
0.00714257452285696	-0.703406305843717	0.097	0.178	1	3	SH3PXD2A
0.00412488315005638	-0.712451445446724	0.116	0.211	1	3	RRM2
0.000315432062867077	-0.71723968429577	0.232	0.385	1	3	DDX17
0.00187630805386562	-0.717452126505091	0.129	0.228	1	3	PRKCE
0.00842826984672927	-0.737037083724997	0.2	0.313	1	3	SLC22A23
0.0050796316682319	-0.742198788840776	0.129	0.236	1	3	CHSY3
0.00642819689478443	-0.745874446984174	0.129	0.229	1	3	SRGAP1
0.00584287439462434	-0.750272910881691	0.232	0.351	1	3	AP1B1
0.00349879826857283	-0.751589839353682	0.135	0.238	1	3	ZFPM1
0.00869203277388055	-0.752153869480455	0.155	0.261	1	3	OGT
0.00145261537866329	-0.756845564805178	0.168	0.293	1	3	ERLIN2
0.00583050441473785	-0.759653275793649	0.574	0.625	1	3	MARCKS
0.00459536713339075	-0.768719665093469	0.219	0.314	1	3	ND6
0.000260156831840814	-0.768840327079981	0.381	0.53	1	3	CD9
0.0031348442206028	-0.774947371180488	0.206	0.321	1	3	SRSF10
0.00329660692562598	-0.778998707043728	0.368	0.453	1	3	FOS
0.00329098681158395	-0.78161346995412	0.123	0.211	1	3	MAN2A1
0.00692698906243363	-0.795664813695706	0.155	0.258	1	3	RRM1
0.00180156167183364	-0.79688022660743	0.245	0.376	1	3	ND5
0.00482554576250637	-0.802649254418302	0.194	0.303	1	3	RAB5B
0.00991023668065073	-0.814472382387233	0.181	0.279	1	3	TSPAN9
0.00581075982990098	-0.81664348142886	0.284	0.419	1	3	CLDN11
0.00243701892384893	-0.81881131811157	0.297	0.424	1	3	TXNIP
0.00253427584666738	-0.819279611563995	0.484	0.574	1	3	SPARC
0.00967349476536854	-0.84173446239169	0.065	0.133	1	3	SNRPB2
0.00344612002331473	-0.842946302060499	0.206	0.324	1	3	LOC138503155
0.000794486126784966	-0.874599096297317	0.168	0.272	1	3	JUN
0.00048912887246748	-0.876901316822885	0.245	0.391	1	3	NFX1
0.000536793479903215	-0.897326788355008	0.258	0.386	1	3	RAPGEF6
0.000867426196009781	-0.904744259917491	0.168	0.301	1	3	MDFIC
0.0029392799242675	-0.904744259917491	0.097	0.182	1	3	SNAP23
0.00572869390483417	-0.908848658250228	0.052	0.106	1	3	PSME2
0.00797945608517156	-0.910390823058633	0.097	0.177	1	3	EFNA1
0.00355638050651063	-0.912123790283089	0.168	0.281	1	3	TNPO2
0.00330626533854105	-0.913403342509661	0.135	0.251	1	3	G3BP2
0.00490869127226707	-0.919465765624257	0.065	0.166	1	3	EML1
0.00970357708637893	-0.9198511523077	0.097	0.177	1	3	DEPP1
0.0058835759439217	-0.924196622583664	0.097	0.192	1	3	CPT1A
0.00147464833406507	-0.930874964580227	0.213	0.354	1	3	ADD1
0.00433255152073541	-0.933723326889257	0.129	0.234	1	3	CDC25B
0.000122638881082671	-0.93631525399984	0.174	0.333	1	3	ND4L
0.00816669079016084	-0.954526232644872	0.155	0.252	1	3	DAB2IP
0.00551449122822433	-0.955307969342888	0.245	0.345	1	3	TSPAN18
0.0027478511866103	-0.956923400254091	0.129	0.244	1	3	AP3B1
0.00405345549988728	-0.981912120439951	0.123	0.22	1	3	EPS15L1
0.00867533000243399	-1.00707219433835	0.071	0.142	1	3	NADK
0.00167457525701813	-1.00747166687057	0.142	0.259	1	3	SCARB2
0.00658137689032923	-1.0079073289729	0.065	0.137	1	3	NUP205
0.00636038252220037	-1.02359586462085	0.219	0.361	1	3	VAV3
0.0061924356182496	-1.02921783521831	0.084	0.174	1	3	MFSD14A
0.00803088311400856	-1.03123983280352	0.116	0.217	1	3	EMID1
0.00136337928610208	-1.05443719267534	0.135	0.272	1	3	ZNF407
0.00322149306628782	-1.05674735336254	0.148	0.246	1	3	ST8SIA4
0.0045521870796928	-1.06514179410477	0.168	0.305	1	3	GALNT1
0.000586347927562243	-1.06629472041085	0.2	0.347	1	3	ZNF521
0.00305675732776938	-1.07000345006481	0.071	0.151	1	3	SLF2
0.00994086449825542	-1.07638706685566	0.065	0.139	1	3	GPHN
0.000624468851927721	-1.07877365969254	0.187	0.345	1	3	FCHSD2
0.000103998069398496	-1.09294343282869	0.187	0.363	1	3	PTPRE
0.00563768987685666	-1.09615573792078	0.071	0.155	1	3	RNF123
0.000776990130123006	-1.10144085050773	0.155	0.308	1	3	ARHGAP27
0.00273366870219432	-1.11048251941988	0.11	0.22	1	3	ZEB1
0.00379883978690044	-1.11119513738492	0.084	0.188	1	3	CELF2
0.00288850401465741	-1.11298937503045	0.097	0.196	1	3	HMOX1
0.00789113891866903	-1.12184238158443	0.032	0.079	1	3	EIF1AD
0.0001057345954145	-1.1283556885431	0.329	0.455	1	3	STAB1
0.00811600562744689	-1.13030396033262	0.039	0.102	1	3	MLANA
0.000634745789816177	-1.13163547407817	0.2	0.366	1	3	PROM1
0.000895642414854752	-1.13476360852332	0.103	0.208	1	3	CNN3
0.00174515105001119	-1.14386868791442	0.077	0.178	1	3	PRPF39
0.00749171534680219	-1.15921665224786	0.077	0.163	1	3	ARHGAP6
0.00591805969795177	-1.17188306408402	0.065	0.155	1	3	ZNF644
0.000133081538628686	-1.19856817222725	0.406	0.54	1	3	FAM107B
0.00198333032709119	-1.19971727228075	0.123	0.247	1	3	EPB41L2
0.00322217915137421	-1.2043045417764	0.065	0.143	1	3	SMC2
0.000696409012548958	-1.22476864433611	0.071	0.194	1	3	SEC31A
0.00311449842468614	-1.23992845150712	0.045	0.113	1	3	NFKB2
0.001572737781644	-1.28347475521001	0.071	0.173	1	3	UAP1L1
0.00010233599943543	-1.2901823769368	0.135	0.287	1	3	YPEL1
0.00989409153719641	-1.30558787761358	0.058	0.13	1	3	ELN
0.00040253643585602	-1.3073980347405	0.11	0.243	1	3	LBR
0.00843931717042539	-1.32983542386026	0.065	0.156	1	3	SH3TC1
0.00525574057646865	-1.33488865158654	0.103	0.223	1	3	LGALS9
0.00793539742884449	-1.33950527965691	0.084	0.166	1	3	FGL2
0.00481769375052558	-1.34180806552633	0.123	0.237	1	3	SERPINE2
0.00926010842372238	-1.34180806552633	0.032	0.094	1	3	BDH2
0.00741895995332117	-1.36350313662565	0.032	0.111	1	3	CDCA7
0.000815366828192094	-1.38891230065338	0.116	0.226	1	3	FN1
0.00768446693928192	-1.40593840294605	0.019	0.064	1	3	MASTL
0.00816045280353174	-1.40593840294605	0.032	0.11	1	3	ITGB3
0.00801092984239755	-1.41842934712925	0.026	0.082	1	3	FZD2
0.0042930966738685	-1.42669696311285	0.026	0.097	1	3	GMEB1
0.00108553669862124	-1.45584330877236	0.032	0.118	1	3	SLC39A10
0.00537557892629833	-1.45636782978919	0.123	0.223	1	3	CEMIP2
0.000455631902433155	-1.52141562036599	0.181	0.322	1	3	IQSEC1
0.00791770836583582	-1.53007470295816	0.026	0.087	1	3	ECT2
0.00559614281221828	-1.53263040786191	0.032	0.105	1	3	CDH18
0.00144632493325643	-1.53330220998855	0.103	0.211	1	3	CLCA1
0.00277872886456631	-1.54534145961147	0.052	0.144	1	3	CCDC71L
0.00433734573713791	-1.54534145961147	0.039	0.108	1	3	CENPF
0.00861298040367169	-1.54534145961147	0.013	0.056	1	3	CCDC62
0.000296290891719041	-1.55075495579783	0.077	0.21	1	3	ANGPT2
0.000138566822310924	-1.55165523354367	0.071	0.203	1	3	PYCR1
0.000987986995234572	-1.58281616503013	0.039	0.125	1	3	PLEKHG4B
0.00314369067111707	-1.59203469505951	0.045	0.147	1	3	PROS1
0.00251262165234264	-1.6372639490525	0.045	0.142	1	3	CTSZ
0.00369743208971356	-1.64993036088867	0.039	0.121	1	3	TGFB1
0.000145110512012582	-1.6666477558336	0.071	0.198	1	3	GPX3
0.0065378481148743	-1.68973136894664	0.019	0.08	1	3	CCZ1
0.000237389254462523	-1.70162995219321	0.142	0.269	1	3	APCS
0.000793280611603656	-1.74807535517745	0.077	0.199	1	3	NR6A1
0.00226144754982884	-1.79566481369571	0.026	0.09	1	3	ASPM
0.000325433063821186	-1.82792866286666	0.052	0.154	1	3	PIM3
0.00535463894307943	-1.86726955449883	0.019	0.083	1	3	IQGAP3
0.00540549978157704	-1.86726955449883	0.019	0.083	1	3	CLU
0.00154445929045827	-1.96037895889031	0.032	0.118	1	3	TIAM1
0.000599528669568505	-1.97297899566994	0.052	0.144	1	3	SLC7A8
0.000218904145012046	-2.00575886239432	0.039	0.156	1	3	FNDC1
0.00155616896760406	-2.0611795996778	0.032	0.126	1	3	EPHB1
0.00597311363272185	-2.08749087679365	0.013	0.075	1	3	PLEKHA5
0.000958264219250804	-2.09615573792078	0.032	0.14	1	3	ASAP3
0.00424189962745632	-2.10476886822548	0.006	0.052	1	3	ZNF827
0.00884489745964383	-2.10476886822548	0.006	0.054	1	3	LRP10
0.000383292803929981	-2.11503720367931	0.058	0.175	1	3	GPNMB
0.00595332423286633	-2.13871620014882	0.013	0.074	1	3	DTNB
0.000282117386345137	-2.15539494129545	0.045	0.168	1	3	PDGFC
0.00601181148515014	-2.15539494129545	0.032	0.111	1	3	MRGPRH
0.000810992173490853	-2.16150482884313	0.239	0.364	1	3	MRC1
0.000248813027001955	-2.19049874225137	0.039	0.176	1	3	TYROBP
0.00510686871107057	-2.25161025655476	0.006	0.059	1	3	HMCES
0.00203231657042969	-2.2746938696678	0.006	0.061	1	3	ALKBH8
0.00881374231665328	-2.2746938696678	0.006	0.056	1	3	COL23A1
0.0013773508165614	-2.31236428763385	0.013	0.078	1	3	LRP1
0.00734887432822981	-2.31978175919634	0.006	0.06	1	3	MEX3B
0.00290635308574443	-2.35630763522145	0.013	0.087	1	3	PRR5L
0.00237511410983126	-2.37066292819852	0.013	0.089	1	3	NINJ1
0.00707906140349919	-2.41289116358782	0.013	0.088	1	3	RNF152
0.00882939549344993	-2.46733894761019	0.006	0.066	1	3	GALNS
0.000486339898854085	-2.4872385050479	0.019	0.109	1	3	LRG1
0.00202584650551628	-2.52623263666376	0.006	0.068	1	3	PHF1
0.000117557219113111	-2.58281616503013	0.026	0.137	1	3	EMILIN1
0.00958245963802111	-2.58281616503013	0	0.036	1	3	MELK
0.00423474104832529	-2.60119469434498	0.006	0.07	1	3	MYO7A
0.000102111252209285	-2.61934204105524	0.013	0.112	1	3	LAYN
0.00262751129513654	-2.68973136894664	0	0.041	1	3	CREBL2
0.00457399142760389	-2.72367870086998	0	0.041	1	3	POP7
0.00661858814168323	-2.78926704249756	0	0.042	1	3	FOXM1
0.00550308244653598	-2.85200279784552	0	0.042	1	3	LPAR1
0.00958245963802111	-2.88237644688904	0	0.045	1	3	NPNT
0.00347977658375038	-2.92677056624749	0.006	0.08	1	3	ABLIM2
0.000484969182676284	-2.9823573279858	0.019	0.106	1	3	ESM1
0.00380274608644911	-3.02533440073108	0	0.05	1	3	APOH
0.0055030777101426	-3.02533440073108	0	0.049	1	3	FAM78A
0.000174150433909116	-3.05230144833135	0.013	0.119	1	3	SNCA
0.00457507386154096	-3.05230144833135	0	0.049	1	3	P2RY4
0.00796693486670455	-3.13030396033262	0	0.047	1	3	C1S
0.00958965583915756	-3.13030396033262	0	0.039	1	3	HPX
0.00380168280065452	-3.18005699552972	0	0.056	1	3	XPNPEP3
0.0038046277092333	-3.18005699552972	0	0.051	1	3	CHAD
0.00181679010947198	-3.25161025655476	0	0.055	1	3	ANKRD6
0.000718495838713055	-3.31978175919634	0	0.062	1	3	C9orf72
0.000954497510639293	-3.33083694770533	0.006	0.095	1	3	PGF
0.00662217417823481	-3.36350313662565	0	0.051	1	3	TC2N
0.00958403099487038	-3.46733894761019	0	0.06	1	3	CYGB
0.00958767041421942	-3.56420048686278	0	0.066	1	3	DPP4
0.000496977420933359	-3.58281616503013	0	0.066	1	3	CXADR
0.000195639980687092	-4.43696529856667	0	0.103	1	3	PLCE1
1.00588929676669e-36	2.64695816330624	0.787	0.283	1.20445184394844e-32	4	PDGFD
2.65961740099871e-31	1.88792603878369	0.894	0.52	3.18462587595585e-27	4	INSR
2.33766244392453e-30	2.16294576459586	0.709	0.223	2.79911701035524e-26	4	ARHGEF28
9.54686913507931e-30	1.5433356029998	0.929	0.641	1.1431421102344e-25	4	PTPRM
1.88761820709279e-28	1.36750344059365	0.979	0.825	2.26023404117291e-24	4	HSPG2
1.22844277455749e-25	1.2824279460583	0.908	0.54	1.47093737825514e-21	4	RAMP3
2.04511325217132e-23	1.45473523965265	0.872	0.494	2.44881860814994e-19	4	KIAA1217
1.88348799485526e-22	1.61274793534732	0.809	0.476	2.25528852503969e-18	4	LOC138472433
3.59392949998052e-20	1.39792697507032	0.823	0.445	4.30337118327667e-16	4	COL4A1
4.26982363222905e-20	2.46273814064928	0.532	0.158	5.11268681723106e-16	4	SH3RF3
6.58935325283765e-20	1.36365193060256	0.787	0.41	7.8900915849478e-16	4	PLCB1
9.47361906816414e-20	1.33619828853318	0.809	0.483	1.13437114722197e-15	4	TCF4
3.02916807097515e-19	2.02058293800119	0.525	0.159	3.62712584818565e-15	4	EMID1
7.57693703784217e-19	1.34410617504455	0.837	0.481	9.07262440911222e-15	4	ARL15
8.55661473761276e-19	1.5337203932584	0.667	0.298	1.02456904868175e-14	4	PCDH1
1.25386448880987e-18	1.77538114829963	0.61	0.219	1.50137733890094e-14	4	PCDH17
3.10337597908407e-18	1.63180539294059	0.681	0.324	3.71598239735526e-14	4	PTK2
8.2189943646964e-18	-0.774276730570191	0.894	0.99	9.84142385228747e-14	4	RPS15A
8.91067306345895e-18	1.30264572882215	0.766	0.403	1.06696399261857e-13	4	COL4A2
2.2595706844967e-17	1.15710908160134	0.915	0.685	2.70560993761635e-13	4	SHANK3
6.73032425037207e-17	1.96322792761851	0.532	0.192	8.05889025739551e-13	4	ST8SIA4
1.01254042831227e-16	1.49264728700942	0.809	0.587	1.21241590886112e-12	4	TJP1
1.08830384726557e-16	1.48656204029574	0.589	0.267	1.30313502671579e-12	4	RASA3
1.97624597453677e-16	-0.585258220108348	0.986	0.999	2.36635692991033e-12	4	CIRP
2.01228114765207e-16	1.72864244009086	0.489	0.195	2.40950544619859e-12	4	SUSD1
2.77088958746418e-16	1.28610626548658	0.809	0.482	3.31786319202961e-12	4	GRB10
3.51278547453014e-16	1.46612438896583	0.589	0.251	4.20620932720239e-12	4	JARID2
1.00150096157484e-15	1.91925660018064	0.582	0.247	1.19919725138972e-11	4	ARHGAP27
1.9364933473942e-15	-0.82686388187048	0.787	0.952	2.31875713416981e-11	4	RPS20
2.08760198679386e-15	1.93253688999593	0.553	0.215	2.49969461898697e-11	4	LOC138473015
2.36618452317436e-15	-0.652881761900271	0.965	0.999	2.83326934804898e-11	4	LOC138582460
7.30787452166858e-15	1.31775901544278	0.716	0.38	8.75044895224595e-11	4	DYSF
1.03182047234561e-14	1.54476455500261	0.66	0.356	1.23550183358663e-10	4	MAGI1
2.80395922245141e-14	1.72684446498167	0.447	0.183	3.35746077296331e-10	4	PRKCE
3.09220491399873e-14	1.29832412287206	0.702	0.407	3.70260616402208e-10	4	ARHGEF9
3.18532657562611e-14	1.59171731310964	0.56	0.264	3.81411004165471e-10	4	AGAP1
3.30867187016554e-14	-0.788151723549962	0.766	0.955	3.96180369733622e-10	4	RPL37
3.75095608412607e-14	-0.781863795038842	0.794	0.967	4.49139481513256e-10	4	RPL36A
4.95953373253262e-14	-0.642842327415718	0.972	0.996	5.93854569133455e-10	4	FKBP2
5.85097776390872e-14	1.11883510911378	0.801	0.495	7.0059607745043e-10	4	ESAM
6.08367544710971e-14	1.36390798685444	0.603	0.29	7.28459298036916e-10	4	VASP
6.89890932159109e-14	1.63545582223147	0.596	0.287	8.26075402167318e-10	4	TMCC1
1.07340000159731e-13	1.43070475545423	0.475	0.187	1.28528916191262e-09	4	NAV1
1.22721687085599e-13	1.54118064676822	0.411	0.146	1.46946948116297e-09	4	MYO1E
1.37882809208044e-13	2.01658035433301	0.319	0.092	1.65100875745712e-09	4	HMCN1
2.7102473667246e-13	1.50756670684516	0.44	0.179	3.24525019691603e-09	4	GRK4
5.31571284298773e-13	1.0623731628673	0.809	0.608	6.36503455819351e-09	4	FLI1
5.81315464037209e-13	1.45233056226215	0.596	0.312	6.96067136638154e-09	4	APBB2
6.3146848671207e-13	-1.1326684142993	0.532	0.8	7.56120365989033e-09	4	HMGN2
6.78605450425488e-13	-0.680889669760118	0.73	0.957	8.12562166339479e-09	4	UBA52
7.41491083681668e-13	-0.975758331453556	0.738	0.886	8.8786142360043e-09	4	CAV1
7.62789580966082e-13	1.28937571300826	0.645	0.347	9.13364244248787e-09	4	LRCH1
8.36971610934967e-13	-0.622087612390081	0.844	0.976	1.00218980693353e-08	4	HNRNPK
9.11613575128156e-13	1.07279714244213	0.73	0.438	1.09156609485845e-08	4	NOS3
1.15334065182738e-12	1.51271432815171	0.553	0.271	1.38101009649811e-08	4	MEF2A
1.18833604452689e-12	-0.787921114020914	0.801	0.968	1.42291357971649e-08	4	RPS12
1.22111392010618e-12	-0.668635376952209	0.858	0.984	1.46216180793514e-08	4	RPS23
1.2834975535767e-12	1.7715762360962	0.241	0.073	1.53685997065274e-08	4	BLNK
1.37770770603701e-12	-0.674767800061899	0.851	0.985	1.64966720720871e-08	4	RPL35
1.92250089905145e-12	1.70909845035838	0.454	0.174	2.30200257652421e-08	4	LHX6
2.01069039757152e-12	-0.665270410628984	0.851	0.987	2.40760068205213e-08	4	RPL23
2.0452401498763e-12	-0.661878572954284	0.844	0.985	2.44897055546188e-08	4	RPS27
2.26414341830769e-12	0.991219514025037	0.766	0.505	2.71108532908163e-08	4	ENG
2.41458628296995e-12	-0.666585798880654	0.787	0.945	2.89122561522822e-08	4	RPL39
2.82429264889948e-12	1.6424151364697	0.369	0.12	3.38180801779224e-08	4	APLN
3.40405675999891e-12	1.49971101065398	0.489	0.217	4.0760175644227e-08	4	CHD7
3.42418682305957e-12	-0.642606420862725	0.936	0.997	4.10012130193153e-08	4	S100A11
3.92285288356389e-12	-0.932516403284013	0.73	0.909	4.6972240427794e-08	4	HMGN1
4.16793164774091e-12	-0.649510307855453	0.801	0.978	4.99068135500497e-08	4	RPS28
4.64696584106598e-12	-0.662335419983182	0.894	0.99	5.5642768980924e-08	4	RPL32
4.80372630211674e-12	1.33384172148369	0.496	0.263	5.75198187415459e-08	4	MICAL3
4.81104274476697e-12	-0.795693701678795	0.667	0.877	5.76074258258397e-08	4	ATP5MC2
5.11877223811474e-12	-0.807820469808425	0.773	0.935	6.12921787791859e-08	4	DYNLL1
5.27509260226761e-12	1.48599566673232	0.511	0.223	6.31639588195524e-08	4	HSD3B7
5.72828378188498e-12	1.52200409006896	0.539	0.263	6.85904700042907e-08	4	PXDN
5.88982953536337e-12	-0.663842394267462	0.787	0.952	7.05248188564409e-08	4	RPL27
6.06280673309922e-12	1.12282118728667	0.702	0.423	7.259604782213e-08	4	RAPGEF2
6.40785585665957e-12	-0.663579324039245	0.865	0.977	7.67276660276417e-08	4	RPL26L1
1.04472135554988e-11	-0.705133373972937	0.745	0.938	1.25094935113542e-07	4	RPL11
1.05890730802348e-11	1.16831451403865	0.645	0.33	1.26793561062732e-07	4	RAPGEF6
1.06984856773536e-11	1.34511591355723	0.518	0.249	1.28103667500631e-07	4	SPRED1
1.34671796546669e-11	-0.689874968018924	0.794	0.961	1.61256009184982e-07	4	RPL10
1.6456350474893e-11	1.68697833156023	0.39	0.148	1.97048340586369e-07	4	FHOD1
1.66013475988012e-11	1.8466553528907	0.333	0.109	1.98784536148046e-07	4	ITGA7
1.79317696257272e-11	1.10030950888867	0.61	0.309	2.14715009498458e-07	4	PDE4B
1.92385921499374e-11	1.35946806785602	0.532	0.258	2.3036290240335e-07	4	TSC22D2
2.31624195555255e-11	0.840250225207274	0.837	0.578	2.77346811757863e-07	4	PECAM1
2.37173425322324e-11	1.85903907734654	0.262	0.074	2.83991459480951e-07	4	ARHGAP22
2.99821463929543e-11	-0.724774323321128	0.723	0.934	3.59006220909235e-07	4	RPL35A
3.74774500032424e-11	1.4175293667065	0.461	0.188	4.48754986338824e-07	4	TNK2
3.87396085797105e-11	-0.626027391375252	0.816	0.981	4.63868073133453e-07	4	RPS18
4.67906496187804e-11	-0.636837787545599	0.844	0.961	5.60271238535276e-07	4	YWHAQ
4.72080366737024e-11	-0.708348275393663	0.766	0.934	5.65269031130913e-07	4	RPS29
5.62327907039219e-11	1.06422940860804	0.73	0.461	6.73331435888761e-07	4	DYNC1H1
5.73007633938401e-11	-0.699446987374918	0.851	0.957	6.86119340877841e-07	4	S100A10
5.96189209635188e-11	1.62413404469654	0.404	0.171	7.13876959617174e-07	4	RARA
6.55643041271696e-11	1.23333023428207	0.567	0.32	7.85066977618729e-07	4	KIF1B
7.29699022198542e-11	-0.628715450769519	0.858	0.972	8.73741609180534e-07	4	RPL21
7.94715280831387e-11	-0.731922163996064	0.766	0.956	9.51592077267503e-07	4	RPL7
8.36856216772532e-11	-0.675297350304653	0.759	0.946	1.00205163396343e-06	4	RPS10
8.45492985502345e-11	-0.608765259514715	0.865	0.975	1.01239330084051e-06	4	FAU
8.53253701395559e-11	1.24558801966568	0.56	0.278	1.02168598205104e-06	4	RGS3
8.92648597535512e-11	1.56358319382036	0.482	0.234	1.06885743068902e-06	4	SMURF2
9.99140272618766e-11	1.67262595311565	0.319	0.12	1.19637056243371e-06	4	DEPTOR
1.21937869797375e-10	1.8195107131599	0.298	0.1	1.46008405295376e-06	4	CSGALNACT2
1.32424557070997e-10	-0.67329308833821	0.745	0.929	1.58565164636812e-06	4	RPS13
1.44231089116439e-10	1.18834670259949	0.511	0.246	1.72702306108024e-06	4	GNAL
1.5655613885368e-10	-0.597560553481155	0.858	0.983	1.87460320663396e-06	4	TPT1
2.00392197970466e-10	-0.573210865916804	0.858	0.985	2.39949617849836e-06	4	CFL2
2.15498209156288e-10	1.19455623698185	0.61	0.354	2.5803755564374e-06	4	EXOC3L2
3.04640710952993e-10	-6.89166790887841	0.007	0.234	3.64776787295114e-06	4	HAPLN3
3.44863681935294e-10	-0.742631882318434	0.695	0.878	4.12939772749321e-06	4	EEF1B2
3.63995353151104e-10	1.37968676458598	0.454	0.206	4.35848035863132e-06	4	CASKIN2
3.6675075568147e-10	1.35773450567229	0.404	0.179	4.39147354852992e-06	4	SCRIB
3.94836168513073e-10	1.13000039895196	0.433	0.208	4.72776828177554e-06	4	USP7
3.96651618392084e-10	-1.22644882171875	0.461	0.669	4.74950647862681e-06	4	TMEM176B
4.30225579222748e-10	-0.606184179100525	0.801	0.967	5.15152108561319e-06	4	RPL36
4.70867461134655e-10	-0.735795714121554	0.716	0.89	5.63816697962636e-06	4	RPS16
4.74989866649225e-10	1.17551274214179	0.504	0.253	5.68752866325782e-06	4	B3GNT2
4.85791405787528e-10	1.5025537604228	0.34	0.144	5.81686629289986e-06	4	ITPR3
4.94955007874379e-10	-0.729071940691681	0.681	0.882	5.92659126428782e-06	4	RPL37A
5.07047243319888e-10	-0.793593249912427	0.674	0.892	6.07138369151235e-06	4	RPL22
5.14133678077921e-10	1.33849330512115	0.589	0.319	6.15623666130503e-06	4	TACR1
5.63825153995051e-10	1.00191115903946	0.681	0.413	6.75124239393674e-06	4	NPR1
5.66819704674012e-10	1.37841323644011	0.44	0.201	6.78709914376662e-06	4	GNAO1
5.97950216347747e-10	1.17966097473327	0.567	0.313	7.15985589054792e-06	4	PROM1
6.80995454242884e-10	1.17253855016332	0.532	0.279	8.1542395691043e-06	4	RASGRP3
6.92258908257708e-10	1.5681378780798	0.284	0.1	8.2891081674778e-06	4	KREMEN1
7.420509558693e-10	-1.18039732221595	0.426	0.66	8.885318145579e-06	4	B2M
7.62430413780789e-10	1.58219887198771	0.404	0.158	9.12934177461116e-06	4	DLL4
8.79497634537576e-10	1.52116943859015	0.369	0.156	1.05311046759529e-05	4	GPR68
9.4893422215867e-10	-0.675464412041687	0.681	0.878	1.13625383761279e-05	4	RPL27A
9.59261404255663e-10	-0.455456381599349	1	1	1.14861960545573e-05	4	CIRBP
9.81941165017405e-10	-0.611148566842338	0.809	0.973	1.17577635099184e-05	4	RPL24
1.11473142274403e-09	0.758155720333874	0.766	0.57	1.3347794055937e-05	4	TIE1
1.12496480695999e-09	2.39669586328933	0.241	0.057	1.34703285985389e-05	4	ADAP1
1.13868265304508e-09	-0.606479871169677	0.816	0.975	1.36345860875618e-05	4	RPS8
1.14061856666781e-09	0.825091745423198	0.709	0.46	1.36577667172803e-05	4	GNAI2
1.14100732669742e-09	-0.556154414259961	0.901	0.988	1.36624217298748e-05	4	RPS2
1.2262184778024e-09	-0.629329025135829	0.823	0.931	1.46827400532059e-05	4	RPS6
1.35956650931242e-09	-0.591213114516367	0.837	0.976	1.62794493825069e-05	4	RPL13
1.4092507715618e-09	0.987304927151633	0.688	0.395	1.6874368738681e-05	4	PEA15
1.85458643603641e-09	0.767948472051878	0.773	0.534	2.22068179851e-05	4	KDR
1.8673678411306e-09	-0.57709737380519	0.837	0.975	2.23598625296978e-05	4	RPS9
1.95036562002998e-09	-1.81165329740051	0.227	0.528	2.33536779342389e-05	4	SGK1
1.97920307090543e-09	1.06368168838852	0.631	0.36	2.36989775710216e-05	4	PLXND1
2.07956838079573e-09	2.19422326893616	0.227	0.06	2.49007517916481e-05	4	LRCH4
2.13559666733289e-09	1.47689345962507	0.348	0.142	2.55716344946441e-05	4	EDC4
2.41244619266511e-09	1.08711364482653	0.695	0.463	2.8886630710972e-05	4	NRK
2.4365352489244e-09	1.58894991397879	0.369	0.14	2.91750730706208e-05	4	SH3PXD2A
2.55409227406618e-09	-5.41941038087395	0.007	0.214	3.05827008896685e-05	4	RELN
2.59139067838335e-09	-0.503209510105725	0.801	0.948	3.10293119829622e-05	4	HNRNPA3
2.97734487965612e-09	1.32354525288968	0.418	0.205	3.56507275890023e-05	4	ARHGAP20
3.44616012394113e-09	-1.03566946121662	0.489	0.69	4.1264321324071e-05	4	ICAM1
4.19258700851134e-09	1.20922543227541	0.475	0.234	5.02020368399148e-05	4	UBR4
5.36543388102766e-09	1.36718598101686	0.369	0.158	6.42457052914252e-05	4	TBC1D2
5.40402217621223e-09	-1.07697523323356	0.369	0.588	6.47077615379652e-05	4	SPARC
6.21116817956582e-09	0.903808947466558	0.624	0.387	7.43725277821211e-05	4	ADAMTS4
6.33398099793422e-09	-0.565286776566689	0.787	0.927	7.58430884692644e-05	4	RPS24
6.40503248241494e-09	1.70034133132748	0.284	0.088	7.66938589444365e-05	4	TRIM24
6.46578702975878e-09	1.22013776951458	0.418	0.193	7.74213338943316e-05	4	NSD3
6.78466907315232e-09	1.49914313226015	0.333	0.133	8.12396274819259e-05	4	RIN1
7.23727847969683e-09	1.38803276592246	0.418	0.191	8.66591725158898e-05	4	PAFAH1B1
7.46018129414901e-09	-0.54812856502262	0.894	0.982	8.93282108161402e-05	4	RPLP2
7.57953022432474e-09	-0.639105687558817	0.78	0.927	9.07572949060644e-05	4	RPS17
7.68146917877014e-09	1.20281789345556	0.44	0.21	9.19779119465937e-05	4	PMEPA1
7.74541267288867e-09	1.17354970067141	0.496	0.26	9.27435713451689e-05	4	ARHGEF7
7.92435562771811e-09	-0.756620220597537	0.525	0.742	9.48862342862966e-05	4	LOC138504591
8.06347604406954e-09	2.01321000747429	0.312	0.108	9.65520621516887e-05	4	PHF24
8.16635144485017e-09	-0.602898774775299	0.723	0.922	9.77838922006359e-05	4	RPL15
8.54169107627328e-09	1.29318539957308	0.574	0.328	0.000102278208947296	4	ELMO1
8.76833165798972e-09	-0.653244423556497	0.752	0.951	0.000104992003272769	4	RPL31
8.86902459469674e-09	0.921129082019446	0.752	0.528	0.000106197700496899	4	DOCK9
9.17636683417549e-09	-0.817250283650003	0.667	0.872	0.000109877816472417	4	CRIP1
9.3786011234176e-09	-0.734864029244977	0.83	0.952	0.000112299369851802	4	S100G
1.02070609003147e-08	1.76142828072011	0.277	0.099	0.000122219347220369	4	ARHGAP40
1.03228906409694e-08	2.16243122079647	0.17	0.045	0.000123606292534968	4	PAK3
1.06662964754041e-08	-0.984235418966012	0.461	0.702	0.000127718233996489	4	PPDPF
1.13643448750782e-08	-0.497929001389241	0.908	0.984	0.000136076665534186	4	ZA20D3
1.15811915844865e-08	1.22677086184702	0.362	0.161	0.000138673188032641	4	PTPN9
1.29122340637815e-08	1.42732283692106	0.426	0.198	0.00015461109067972	4	DOCK4
1.29751479947623e-08	-0.613413660664916	0.745	0.934	0.000155364422089284	4	RPL34
1.31157967128208e-08	1.20481391418827	0.596	0.376	0.000157048549839316	4	DIAPH2
1.3499265259876e-08	0.71197818425596	0.723	0.512	0.000161640202221756	4	CRIM1
1.35360090752401e-08	0.994852932692255	0.574	0.341	0.000162080172666924	4	ADGRL2
1.44168324384265e-08	1.03924705205071	0.589	0.333	0.000172627151617718	4	NOTCH1
1.53844605719145e-08	2.39960745870924	0.156	0.03	0.000184213530888104	4	OCLN
1.54123558239929e-08	-0.636325986879826	0.794	0.916	0.000184547548636491	4	RPS21
1.55147371846929e-08	2.20696238076684	0.142	0.028	0.000185773463049513	4	FAM78A
1.62576960335979e-08	-0.955969417254504	0.418	0.683	0.000194669652306301	4	ATP5MF
1.64799005611025e-08	-0.522446687108431	0.83	0.978	0.000197330329318642	4	RPS14
1.65586615890987e-08	-0.956877858214493	0.447	0.675	0.000198273413867868	4	CAVIN2
1.6716222754075e-08	-0.554772786788601	0.816	0.968	0.000200160051257294	4	RPL14
1.73631536837594e-08	1.29245510594023	0.426	0.196	0.000207906402209335	4	EXT1
1.79603100850882e-08	1.1243294571207	0.355	0.178	0.000215056752958846	4	SMOX
1.82955561509689e-08	1.27407657662538	0.482	0.271	0.000219070989351702	4	ZNF609
1.92376447662837e-08	1.41720151872398	0.348	0.143	0.000230351558431481	4	STARD9
1.96413731750935e-08	0.957817231824709	0.539	0.303	0.00023518580239857	4	ARRB1
2.11475206451441e-08	-0.449259196201151	0.929	0.991	0.000253220412204955	4	ANXA1
2.18037999298474e-08	0.993581200725363	0.411	0.215	0.000261078700359993	4	TANC2
2.19108135289831e-08	0.969221995096958	0.539	0.314	0.000262360081196044	4	SH2B3
2.23579295539749e-08	-0.713690359871517	0.723	0.869	0.000267713848479295	4	EIF5A2
2.42363594417741e-08	1.36362816160367	0.362	0.184	0.000290206167955803	4	FAM129B
2.54242146963926e-08	-3.09127379855311	0.028	0.22	0.000304429546774605	4	CLCA1
2.79497034765556e-08	1.37361225017629	0.305	0.125	0.000334669749428277	4	CRLF3
3.14933675832068e-08	1.0885209234693	0.61	0.381	0.000377101583441318	4	SCHIP1
3.20814691058103e-08	1.14360664472997	0.447	0.218	0.000384143511072972	4	SNX9
3.22024986394898e-08	-2.8794285419849	0.156	0.373	0.000385592718709251	4	MRC1
3.50460606918446e-08	1.76884126837496	0.305	0.119	0.000419641530724148	4	CBL
3.51869055407362e-08	-0.561492966125261	0.801	0.942	0.000421328006944775	4	RPL17
3.55551664606014e-08	-0.647505137128881	0.645	0.849	0.000425737563199242	4	RPS5
3.74336088115642e-08	0.88319110933975	0.73	0.535	0.00044823003190967	4	GASK1B
3.79279717469199e-08	1.47201595423729	0.333	0.127	0.000454149533697618	4	MYO1A
3.81419009450178e-08	1.24606220045578	0.362	0.169	0.000456711121915643	4	AGO3
3.83291829729848e-08	-0.735272289933214	0.56	0.746	0.00045895363691852	4	SNRPF
3.95720414684077e-08	1.43680607666349	0.284	0.121	0.000473835624542714	4	MTSS1
3.98114399569998e-08	0.934908031649185	0.589	0.345	0.000476702182045116	4	BDKRB2
4.09235287954418e-08	1.69984048249728	0.298	0.115	0.00049001833379662	4	DMD
4.11043193421759e-08	-0.562842802974364	0.759	0.893	0.000492183119803215	4	RPS4X
4.27195287118393e-08	0.964221314038591	0.404	0.207	0.000511523636795564	4	HIP1
4.69094829523487e-08	1.50289526712126	0.312	0.12	0.000561694148871423	4	VPS13D
4.77386937664008e-08	2.61392657951	0.163	0.028	0.000571623119158884	4	KCNE3
5.00108100241941e-08	1.17693541821485	0.39	0.184	0.000598829439229701	4	PLCL2
5.02564468188157e-08	0.929592357171843	0.525	0.325	0.000601770694208499	4	CD276
5.05092095359983e-08	1.04813508820786	0.532	0.317	0.000604797274984043	4	PPP3CA
5.25257912011324e-08	-0.653382321105277	0.745	0.859	0.000628943823842359	4	H2AZ1
5.56151563186957e-08	1.13555671254395	0.433	0.237	0.000665935881760062	4	SEMA3G
5.99149577551459e-08	-0.549909019976346	0.83	0.96	0.000717421704160117	4	EEF1G
6.43978594723524e-08	1.1280972708081	0.39	0.197	0.000771099969321948	4	MAST4
6.83356680313608e-08	1.60906082433819	0.22	0.077	0.000818251289007514	4	CBFB
7.16239245920081e-08	1.23723980844501	0.504	0.279	0.000857624873064704	4	PALD1
7.1748360921008e-08	1.92942840523793	0.22	0.068	0.00085911487366815	4	UCK2
7.2351921319348e-08	1.14989716540465	0.468	0.232	0.000866341905877873	4	INPPL1
7.31424846549466e-08	-0.606935387157534	0.645	0.807	0.000875808111258331	4	RPL22L1
7.98155943755149e-08	1.12785583577433	0.411	0.217	0.000955711927052415	4	GIGYF2
8.07950621456671e-08	-1.6420461624896	0.234	0.449	0.000967440074132218	4	MMRN1
9.03569653932293e-08	1.33477250831293	0.39	0.188	0.00108193430361853	4	SEMA7A
9.12204528516887e-08	-1.17595634400967	0.312	0.501	0.00109227370244612	4	CSF1
9.26006338104439e-08	1.85903907734654	0.255	0.09	0.00110879998924626	4	TGFB1
9.60013826671828e-08	1.10208200799286	0.504	0.283	0.00114952055605685	4	ENTPD1
9.66654371861381e-08	-0.686105600591142	0.617	0.761	0.00115747194486682	4	RPL6
9.92752264839939e-08	-0.536519249851293	0.809	0.96	0.00118872156191934	4	RPL19
1.00492339618742e-07	-0.960856141328749	0.44	0.652	0.00120329527459481	4	ATP5PF
1.08142417368877e-07	-0.564408970666496	0.809	0.955	0.00129489730557493	4	RPS19
1.12319018223867e-07	0.972326363675647	0.496	0.291	0.00134490792421258	4	KLF7
1.14138192027316e-07	1.47656944052412	0.291	0.121	0.00136669071133508	4	UBTD1
1.16484765497774e-07	1.42365293267589	0.277	0.109	0.00139478858207034	4	TOX4
1.18379940130148e-07	-0.583200738365174	0.759	0.929	0.00141748140311839	4	RPS15
1.22314151567968e-07	1.17879607319227	0.44	0.221	0.00146458965087485	4	NDEL1
1.25348750489519e-07	1.19315658124181	0.34	0.143	0.0015009259383615	4	SH3PXD2B
1.28621420191332e-07	1.28239184483738	0.34	0.155	0.00154011288537102	4	NKTR
1.32988968806462e-07	0.881965474196043	0.553	0.316	0.00159240991248858	4	ITPR2
1.33245776520511e-07	-5.01747786921846	0	0.14	0.0015954849280566	4	PDPN
1.39833744345967e-07	1.65356995904656	0.277	0.105	0.00167436925479861	4	TBCD
1.42192838585308e-07	1.28239184483738	0.326	0.15	0.00170261704922047	4	TTC28
1.43822670994673e-07	2.7215355535966	0.121	0.021	0.00172213266249022	4	CNDP1
1.46091815219818e-07	1.08519341747918	0.525	0.285	0.0017493033954421	4	MICAL2
1.52440697159788e-07	1.05784952809465	0.574	0.335	0.0018253249077913	4	APC
1.57809967019879e-07	1.38901234347004	0.376	0.172	0.00188961654509604	4	DCHS1
1.63884898886983e-07	1.19500500563418	0.397	0.2	0.00196235777927274	4	KDM4B
1.66515920028369e-07	2.41543242587092	0.135	0.03	0.00199386162641969	4	BMP7
1.69092188137461e-07	-0.664077945772213	0.589	0.772	0.00202470986075796	4	NAP1L1
1.70842722819295e-07	1.27407657662538	0.298	0.117	0.00204567076303824	4	RBM27
1.71340844473241e-07	1.67000525295652	0.284	0.095	0.00205163527172259	4	HHIP
1.84981280298508e-07	-0.9028011854587	0.369	0.564	0.00221496585029433	4	NUCKS1
1.92510992466884e-07	-0.549686101953838	0.823	0.947	0.00230512662379847	4	RPL13A
1.95066925085378e-07	1.09560127181914	0.447	0.241	0.00233573136097232	4	CLASP2
1.96795230021186e-07	1.13566254792828	0.468	0.262	0.00235642608427368	4	MED13L
1.99103513596756e-07	0.909504144329523	0.433	0.253	0.00238406547180755	4	EHMT1
2.01516498563994e-07	1.23580655969766	0.376	0.161	0.00241295855380527	4	GAB2
2.04512726077387e-07	0.764778345836295	0.603	0.387	0.00244883538205064	4	DGKZ
2.11425980743039e-07	0.859039077346535	0.525	0.331	0.00253161469341715	4	JAM3
2.1413445826959e-07	1.57273489218989	0.255	0.092	0.00256404600332007	4	GALNT10
2.17185855721683e-07	1.39669586328933	0.277	0.109	0.00260058343641143	4	SACM1L
2.18197862146118e-07	0.929812151759916	0.461	0.274	0.00261270120133762	4	ZZEF1
2.21609293159337e-07	1.19370316016136	0.362	0.169	0.0026535496762899	4	INPP5A
2.23805806899636e-07	2.55947879548763	0.085	0.015	0.00267985073181624	4	PDE1C
2.27996440554029e-07	1.24409741913251	0.461	0.257	0.00273002937919395	4	PTGS1
2.29267855744461e-07	2.78503849590276	0.113	0.018	0.00274525330468418	4	PPP1R9A
2.29635016861016e-07	0.871825232302378	0.475	0.279	0.0027496496918938	4	UBR2
2.3526425020639e-07	1.06938615702239	0.603	0.421	0.00281705413197131	4	ARHGAP21
2.46726712255031e-07	1.48820138197823	0.199	0.067	0.00295430565254174	4	ZYG11B
2.59114865585266e-07	0.811285945898167	0.652	0.418	0.00310264140051797	4	NRP1
2.67857817966041e-07	1.06548995481396	0.426	0.24	0.00320732951232537	4	LOC138471710
2.99962249310519e-07	-4.04785151826198	0.014	0.178	0.00359174797324416	4	NFIX
3.06174139338321e-07	-0.652982575733623	0.624	0.804	0.00366612914443706	4	RPL10A
3.0971016767874e-07	1.39960745870924	0.234	0.094	0.00370846954778523	4	BTAF1
3.23173108466338e-07	0.567807779682089	0.546	0.323	0.00386967480077593	4	PLAU
3.28165918108912e-07	-0.574494080201953	0.787	0.92	0.00392945870343612	4	RPL38
3.32741860919349e-07	1.22300239203111	0.234	0.107	0.00398425104264828	4	KLHL12
3.4000052660482e-07	-0.545864044798596	0.723	0.87	0.00407116630556611	4	RPL2
3.43432279147944e-07	2.22160915673124	0.177	0.039	0.00411225811051748	4	KCNJ2
3.69865905005923e-07	0.944474553852595	0.496	0.314	0.00442877434654093	4	ERBIN
3.90662745654124e-07	1.20481391418827	0.333	0.157	0.00467779571646248	4	TRIM71
3.92152071765778e-07	1.0793051975746	0.525	0.305	0.00469562890732343	4	HOOK3
4.01613749642971e-07	1.14055290378799	0.518	0.296	0.00480892303822494	4	TCF3
4.0496285793226e-07	0.74850260119687	0.66	0.417	0.00484902526088089	4	ARHGAP31
4.2244031805828e-07	-0.441154965502678	0.915	0.982	0.00505830036842985	4	PTMA
4.22740844318957e-07	-0.861667102820561	0.44	0.649	0.00506189886987519	4	RSL24D1
4.38300248831771e-07	1.49829173356864	0.248	0.105	0.00524820717951162	4	CCDC9
4.40601815343256e-07	2.57524611134594	0.135	0.023	0.00527576613692015	4	DLG4
4.4762207126809e-07	1.50705374860299	0.227	0.091	0.00535982668136411	4	TBC1D16
4.66664889155029e-07	1.49646899796183	0.191	0.066	0.00558784538274232	4	UBN2
4.8723129795708e-07	1.16654811232093	0.482	0.273	0.00583410756173807	4	SLC22A23
5.2766505970583e-07	-0.541531772066078	0.723	0.91	0.00631826142491761	4	RPL18
5.37179024973613e-07	-0.547262574867927	0.787	0.927	0.00643218164503405	4	RPL12
5.50919601576087e-07	1.19478766682074	0.319	0.156	0.00659671130927206	4	RASSF8
5.51172952104988e-07	0.955394141241671	0.461	0.252	0.00659974492850513	4	TEAD1
5.54775665245521e-07	0.725455922967943	0.631	0.415	0.00664288381564987	4	XIRP2
5.65879705462688e-07	-0.62147225940959	0.702	0.817	0.00677584359321022	4	RPL23A
5.70571949657451e-07	-0.784121670119766	0.433	0.647	0.00683202852519832	4	YBX3
6.24906515395028e-07	-0.499221230227052	0.794	0.954	0.00748263061534006	4	RPS7
6.28785182641795e-07	-0.609908703471622	0.667	0.881	0.00752907377695286	4	DBI
6.63952131836691e-07	1.09452715629467	0.433	0.236	0.00795016282661254	4	ARID2
6.76270545541992e-07	1.14716446414316	0.447	0.236	0.00809766351231981	4	PACS1
6.80418375249084e-07	1.09250036779698	0.603	0.396	0.00814732962523253	4	SIK3
7.04057134953806e-07	-0.589008775959623	0.752	0.918	0.00843038013393687	4	RPS11
7.16072488496373e-07	-0.82522676017636	0.411	0.595	0.00857425197725557	4	LOC138567164
7.59152576661004e-07	-0.644923701261134	0.631	0.838	0.00909009295293886	4	RPL9
7.68144635296816e-07	-0.503819281595709	0.801	0.94	0.00919776386304407	4	RPL28
8.03511071874233e-07	-0.634858944968164	0.61	0.802	0.00962124157462207	4	SNRPG
8.64625765284575e-07	0.789279437954801	0.844	0.79	0.0103530289135175	4	VWF
8.72646105366217e-07	1.11828190401795	0.248	0.118	0.0104490644656551	4	TBC1D2B
8.74115043403255e-07	1.61618255345037	0.184	0.062	0.0104666535297106	4	KLF12
8.76529012660547e-07	1.27407657662538	0.298	0.14	0.0104955583975974	4	GRAMD4
8.91841994405729e-07	0.901788724805872	0.532	0.316	0.0106789160410142	4	VAV3
9.06109625910621e-07	1.39960745870924	0.262	0.108	0.0108497566606538	4	RASA2
9.062032298984e-07	-0.744782450625937	0.461	0.698	0.0108508774748034	4	COX6C
9.10827752638283e-07	-0.530372614256814	0.652	0.82	0.0109062515100908	4	RPL18A
9.25518456328843e-07	1.32217086482642	0.348	0.153	0.0110821579960816	4	HOMER3
9.30617409169673e-07	1.25979235061913	0.369	0.183	0.0111432128573977	4	LUZP1
9.3404296401676e-07	-0.475450126597266	0.872	0.973	0.0111842304511367	4	RPLP1
9.5004707203421e-07	1.75368607720031	0.191	0.068	0.0113758636405376	4	ATP11C
9.69192428108853e-07	-0.437240430170217	0.681	0.867	0.0116051101341754	4	RAC1
9.72925266951397e-07	-0.718456593186545	0.532	0.714	0.011649807146476	4	PFN2
1.08021914323392e-06	1.61957314265115	0.213	0.073	0.012934544021083	4	CREB5
1.08737292997089e-06	4.59600467151274	0.057	0.002	0.0130202034634715	4	CRISPLD2
1.08823044253416e-06	-0.533594899474283	0.851	0.941	0.013030471318904	4	LGALS4
1.09806479220752e-06	1.1666636342044	0.397	0.192	0.0131482278218929	4	MMRN2
1.14757892277565e-06	1.34855479258466	0.312	0.136	0.0137411100213156	4	PHLDB1
1.1623945686256e-06	-0.492190024618589	0.801	0.966	0.0139185125647229	4	RPS26
1.17536422834464e-06	-0.595234093120688	0.823	0.931	0.0140738112701987	4	HMGB2
1.21946770233496e-06	1.15208605224677	0.206	0.101	0.0146019062677588	4	FCHO2
1.23644372826272e-06	1.11631421389164	0.397	0.204	0.0148051772022178	4	LOC138550342
1.33949854618211e-06	1.43582764662199	0.262	0.111	0.0160391555919845	4	NPC1
1.34634459240869e-06	-0.729429366876157	0.567	0.755	0.0161211301495017	4	HNRNPL
1.35314121841342e-06	1.07721924739607	0.319	0.17	0.0162025129492823	4	NEDD4
1.3740628048566e-06	3.85903907734653	0.064	0.005	0.016453028025353	4	RASSF4
1.37960101089739e-06	1.32298617710633	0.199	0.078	0.0165193425044853	4	LOC138480882
1.40720882920835e-06	2.42293996253986	0.177	0.052	0.0168499185209408	4	GRIN2A
1.42454151981002e-06	1.19937920934778	0.362	0.177	0.0170574601582051	4	EBF1
1.4258304387896e-06	0.952148481738017	0.397	0.222	0.0170728936740666	4	DENND4A
1.43036476162483e-06	-0.581896197673373	0.574	0.759	0.0171271876556958	4	PRMT1
1.43746886221954e-06	-0.96520283081642	0.44	0.607	0.0172122521562168	4	RHOB
1.48249074090051e-06	0.887420878716358	0.418	0.258	0.0177513441315427	4	FMNL2
1.48524242707263e-06	1.48707029995958	0.213	0.076	0.0177842928217677	4	EVL
1.51335072139606e-06	-0.535003438356758	0.709	0.844	0.0181208615379965	4	SET
1.53431951597719e-06	1.46048970085626	0.27	0.109	0.0183719418843109	4	USP43
1.60592449992286e-06	1.23640615865932	0.34	0.165	0.0192293399620763	4	RNF38
1.62907698539748e-06	-0.391591294017867	0.823	0.936	0.0195065678231494	4	RPLP0
1.64662976346337e-06	-0.823582031730849	0.475	0.645	0.0197167447877104	4	HSBP1
1.64826941952796e-06	-0.814433593194288	0.511	0.673	0.0197363780294278	4	LOC138510586
1.65485307770946e-06	1.65740521617689	0.128	0.037	0.0198152107524931	4	POU6F2
1.70487373971073e-06	1.06153194124528	0.262	0.132	0.0204141581592963	4	SLC44A2
1.72632745671408e-06	1.45694063377519	0.206	0.074	0.0206710449666945	4	CXCR4
1.75182967239385e-06	1.16514220507222	0.482	0.276	0.020976408497244	4	FMNL3
1.78843745887652e-06	0.795286656115199	0.447	0.24	0.0214147501325874	4	SLC20A1
1.80516470161853e-06	1.43019577854266	0.234	0.096	0.0216150421371803	4	LPCAT1
1.80593253014004e-06	-0.497075979900874	0.631	0.813	0.0216242361158969	4	NCL
1.84428997459578e-06	0.890014727250401	0.631	0.428	0.0220835281558099	4	CDH5
1.88583191064725e-06	-0.441186356485512	0.816	0.911	0.0225809512980902	4	EEF2
1.91466789246595e-06	0.738148363740235	0.823	0.63	0.0229262333443873	4	PCDHGC3
1.94130749681938e-06	1.1179573747081	0.475	0.268	0.0232452159669152	4	ADAM12
2.01860229619639e-06	0.407252919320096	0.709	0.459	0.0241707438946556	4	JAG2
2.04164954600969e-06	1.05906368565453	0.348	0.174	0.02444671166392	4	ARFGEF1
2.05099260348504e-06	1.15613531925396	0.461	0.25	0.0245585854341298	4	CDC42BPA
2.05363940674714e-06	0.969867207558915	0.397	0.224	0.0245902782563902	4	MYO18A
2.09403192435424e-06	1.37029189188468	0.206	0.079	0.0250739382622177	4	MPP1
2.13334740038839e-06	-0.77670446664087	0.454	0.659	0.0255447017722506	4	ATP5MC3
2.14711432878317e-06	1.24304968100475	0.262	0.124	0.0257095469728496	4	SNX25
2.23357783895047e-06	-0.695282831034774	0.496	0.696	0.0267448610435929	4	H3-3A
2.27209918349407e-06	1.05567869879396	0.567	0.39	0.027206115623158	4	LPP
2.30992263456091e-06	1.1717148589957	0.355	0.191	0.0276590136262323	4	ATF7
2.35016674020834e-06	0.901823943843331	0.418	0.22	0.0281408965472547	4	HDAC7
2.35562949391883e-06	1.64272117041977	0.206	0.068	0.0282063075601841	4	BACH2
2.41209984281151e-06	-0.879108569356825	0.326	0.543	0.028882483517825	4	UBL5
2.43817514936217e-06	1.03591683943061	0.362	0.199	0.0291947092384626	4	NDST2
2.47962242560279e-06	-1.15874686203078	0.312	0.477	0.0296909989241678	4	CTSL
2.74950130635928e-06	1.66639399940414	0.177	0.068	0.032922528642346	4	ACKR3
2.76581522236815e-06	-0.932261409489364	0.397	0.592	0.0331178714726362	4	ITM2A
2.77505501181432e-06	0.801400451478591	0.496	0.302	0.0332285087114647	4	MACF1
2.80985264183347e-06	-1.31509817538269	0.199	0.436	0.033645175533314	4	TXNIP
2.93004849290256e-06	1.26776280269318	0.369	0.193	0.0350844006540153	4	PSME4
2.93010211341956e-06	0.992305608209999	0.227	0.111	0.0350850427060858	4	MEGF8
3.00118818461045e-06	-0.941429459125829	0.34	0.521	0.0359362273225256	4	SSUH2
3.0381894480153e-06	1.23951935458901	0.291	0.151	0.0363792804505353	4	KLHL3
3.09690496060317e-06	1.04787254133891	0.489	0.301	0.0370823399982624	4	CDK17
3.16748745361486e-06	1.7715762360962	0.177	0.059	0.0379274947695843	4	CADM3
3.18283472913967e-06	1.02462514306451	0.426	0.247	0.0381112630467184	4	SDC3
3.18329602449971e-06	-0.606541022612929	0.589	0.737	0.0381167865973595	4	RAN
3.19806855699394e-06	-0.800691191776594	0.468	0.639	0.0382936729014455	4	CTNNB1
3.19897349402741e-06	-2.82545909692554	0.035	0.194	0.0383045086174842	4	UNC5B
3.20609141552031e-06	0.956461474609099	0.567	0.39	0.0383897386094402	4	COL5A1
3.21751065727661e-06	1.16716137270887	0.298	0.142	0.0385264726102301	4	HYCC2
3.21963661507969e-06	1.00729003593048	0.376	0.203	0.0385519288289642	4	NPEPPS
3.28264237645238e-06	-0.479190829869928	0.709	0.897	0.0393063598156408	4	RPL30
3.45089828273022e-06	1.04300191218913	0.404	0.215	0.0413210560374116	4	TAOK2
3.45524223519594e-06	1.2084882349978	0.248	0.125	0.0413730705242362	4	MIDEAS
3.53965789804944e-06	1.27407657662538	0.326	0.169	0.042383863671244	4	ST3GAL4
3.58792300270186e-06	0.64283052763346	0.723	0.517	0.0429617900343521	4	ADAM10
3.6720805875352e-06	0.898033208962399	0.433	0.246	0.0439694929551465	4	CLASP1
3.67995490700896e-06	1.8065716574524	0.163	0.051	0.0440637800565253	4	ATP8A1
3.77612227211587e-06	1.15602081510367	0.284	0.128	0.0452152880863154	4	SYNJ1
3.77767032631599e-06	-0.589300397083136	0.702	0.884	0.0452338244873077	4	RPS3A
3.79520566749339e-06	1.5931450173735	0.234	0.089	0.0454437926625658	4	PLOD2
3.84193510535102e-06	1.06596838129518	0.34	0.168	0.0460033309514731	4	MED13
3.97268715170433e-06	-1.20791116657809	0.163	0.357	0.0475689559545076	4	PFDN5
4.10656968789557e-06	1.85903907734654	0.128	0.033	0.0491720654428615	4	LOC138489829
4.15398292211634e-06	1.32654399651951	0.184	0.073	0.0497397915094211	4	LOC138534787
4.22414595843818e-06	0.83223901800282	0.468	0.283	0.0505799237063388	4	PPP4R1
4.28983730969553e-06	-0.702663517105512	0.482	0.647	0.0513665119462943	4	SRSF9
4.29975441071808e-06	0.976964801909226	0.468	0.269	0.0514852593139383	4	SPAG9
4.51533606604122e-06	-1.91706491072663	0.149	0.296	0.0540666340547776	4	NRP2
4.54019624615154e-06	0.993340169058126	0.284	0.143	0.0543643098514185	4	PTP4A3
4.56843041593119e-06	-0.493736000761925	0.73	0.894	0.05470238580036	4	RPL3
4.57871751573452e-06	0.882049055393036	0.426	0.251	0.0548255635334052	4	CDK13
4.62531472455418e-06	-5.6878553825411	0	0.119	0.0553835185118117	4	STAB2
4.62826808900152e-06	1.17182651837743	0.319	0.163	0.0554188820977042	4	TRIO
4.64722145146705e-06	1.03432299462749	0.496	0.332	0.0556458296598664	4	SSBP3
4.66285856378859e-06	1.23755070060026	0.305	0.139	0.0558330684428046	4	THSD1
4.66659935878459e-06	1.02058293800119	0.355	0.186	0.0558778607220866	4	FKBP15
4.80279401785518e-06	-0.562684612728494	0.652	0.78	0.0575086555697979	4	RHOA
4.80290586053221e-06	-0.715076041137629	0.404	0.633	0.0575099947740126	4	COX4I1
4.8276245846072e-06	3.68911407590422	0.078	0.007	0.0578059767760867	4	HS3ST5
4.9318475825319e-06	1.26113752091788	0.227	0.106	0.059053942953237	4	FAM222A
5.00397051707054e-06	0.950012737394025	0.56	0.362	0.0599175429714027	4	WLS
5.10772817481818e-06	-0.689397547349507	0.489	0.678	0.0611599371652729	4	SNRPD1
5.11896771743275e-06	1.1985255436182	0.199	0.094	0.0612945194485397	4	NCKAP5L
5.13309926484091e-06	-0.695853659543577	0.482	0.661	0.061463730597205	4	GNGT1
5.18627794254698e-06	0.899681061843881	0.518	0.35	0.0621004920840576	4	ROBO4
5.21047093873182e-06	1.34596949510716	0.284	0.119	0.0623901790203748	4	DENND1A
5.23359470882277e-06	1.32731859790236	0.262	0.117	0.0626670630434439	4	FBXL17
5.2419922349078e-06	1.00316164765734	0.418	0.22	0.0627676150207859	4	SSH2
5.29536228193103e-06	-0.610709832276276	0.525	0.693	0.0634066679638422	4	SSR3
5.38251328792271e-06	1.04048594868407	0.326	0.164	0.0644502141095865	4	NFATC3
5.38515869589359e-06	-0.457204312585756	0.837	0.932	0.0644818902246299	4	NME2
5.41050269127077e-06	1.37625697143186	0.234	0.095	0.0647853592252762	4	ROBO3
5.48011287913015e-06	-0.446514053107536	0.794	0.922	0.0656188716147045	4	MYL6P1
5.51870225331028e-06	1.03961132298836	0.333	0.161	0.0660809407811373	4	TRRAP
5.56356371659046e-06	1.11022376530259	0.426	0.245	0.0666181119424542	4	YPEL1
5.6939832753351e-06	1.03621274652649	0.482	0.285	0.0681797557388625	4	LDB2
5.83781802152302e-06	1.3491780318661	0.27	0.117	0.0699020329897166	4	ZNF423
5.95237687412545e-06	1.79490873992682	0.149	0.043	0.0712737606907781	4	SLC38A6
5.99756581702798e-06	1.07882028522645	0.369	0.208	0.071814853093093	4	ERC1
6.02939841472298e-06	-1.01815983332518	0.206	0.402	0.072196016617893	4	LSM5
6.10538709734706e-06	1.47076848763048	0.206	0.075	0.0731059051036338	4	NFATC1
6.26052372120706e-06	1.47656944052412	0.177	0.066	0.0749635110377334	4	PCGF3
6.47809194080979e-06	2.31847069598383	0.071	0.015	0.0775686728992564	4	NEDD1
6.56828681939384e-06	1.04115348779676	0.397	0.234	0.0786486663754219	4	PLA2G4A
6.61180913613029e-06	-0.595586223549829	0.617	0.785	0.079169802596024	4	SRSF3
6.70912931148918e-06	1.51390359129785	0.199	0.088	0.0803351143757715	4	FBRS
6.80802194070302e-06	1.41543242587092	0.17	0.065	0.0815192547179779	4	USF3
7.03147258175578e-06	0.824769175261789	0.333	0.184	0.0841948526939437	4	KMT2D
7.04445147870101e-06	0.756424010863649	0.475	0.282	0.0843502620059659	4	BICD2
7.05137504682764e-06	1.55738337748543	0.255	0.098	0.0844331648107142	4	DBNDD2
7.30265255398288e-06	-1.720905348608	0.078	0.248	0.087441961681391	4	DUT
7.41552491439312e-06	1.21192010056281	0.291	0.151	0.0887934953249433	4	CSNK1G1
7.6393145867141e-06	0.893472574410409	0.34	0.181	0.0914731528613146	4	ELF2
7.67105215060179e-06	1.1833111127022	0.348	0.209	0.0918531784513058	4	DNAAF9
7.74291153043893e-06	-1.06192670347371	0.213	0.411	0.0927136226654757	4	LOC138566687
7.95671480177097e-06	0.936718441168411	0.369	0.208	0.0952737030364056	4	UBAP2L
8.10143215219477e-06	1.44964814120883	0.184	0.08	0.0970065485903802	4	HIVEP3
8.33981741216073e-06	1.06357783387018	0.404	0.225	0.0998609736932126	4	MECOM
8.34340362261587e-06	-1.06045155504162	0.234	0.414	0.0999039149772024	4	DYNLT1
8.59962628451143e-06	-0.454495422494987	0.773	0.911	0.10297192513074	4	RPS27A
8.70190078741536e-06	1.13321404078553	0.248	0.117	0.104196560028511	4	REV3L
8.79741410079624e-06	0.876153098210382	0.482	0.315	0.105340236442934	4	PLEKHG5
8.83396672528501e-06	0.87814790029424	0.376	0.206	0.105777917568563	4	R3HDM2
8.88736736593434e-06	1.03015099373929	0.262	0.12	0.106417336839698	4	EP300
9.00373396948661e-06	1.39960745870924	0.234	0.095	0.107810710550633	4	LRRC8E
9.1680437478296e-06	1.52116943859015	0.22	0.08	0.109778155836512	4	COL24A1
9.61124218893132e-06	2.32298617710633	0.113	0.026	0.115085013970264	4	RELT
9.72191846291261e-06	-0.580469428686872	0.695	0.799	0.116410251674916	4	FSTL1
9.84692332379343e-06	1.04580758895226	0.241	0.11	0.117907059879102	4	DOP1A
1.02802556763972e-05	0.902478338611432	0.326	0.186	0.123095781469181	4	FLT1
1.02882701002897e-05	1.08780358109558	0.426	0.259	0.123191746180869	4	ITIH5
1.0533079837901e-05	-0.833983169232074	0.383	0.541	0.126123097979027	4	UQCR10
1.05486419200221e-05	-3.33571777707571	0.021	0.153	0.126309438350344	4	FGF10
1.05810642101861e-05	0.901074297143747	0.567	0.378	0.126697662852769	4	CLDN11
1.10686680240117e-05	-1.69350194568224	0.085	0.24	0.132536230919516	4	SELENOP
1.11124802987153e-05	1.52116943859015	0.184	0.077	0.133060839096817	4	SORL1
1.13825671843914e-05	1.10123997976316	0.312	0.16	0.136294859465903	4	MAD1L1
1.14610921205689e-05	0.738867111101322	0.546	0.357	0.137235117051692	4	PREX2
1.16586050771262e-05	1.06220202720293	0.355	0.178	0.139600137193509	4	CCDC88A
1.17571223045308e-05	0.993056425318223	0.348	0.198	0.140779782474452	4	NPTN
1.17636823431619e-05	1.44400157806769	0.163	0.062	0.140858332377021	4	AREL1
1.1888894598312e-05	-0.659689724974534	0.397	0.603	0.142357623920188	4	PPIB
1.20054489576643e-05	-2.5289782079986	0.05	0.201	0.143753245819072	4	NR6A1
1.20607020261118e-05	1.63664665601009	0.241	0.101	0.144414846060663	4	CRISP3
1.24031413412946e-05	1.05607592440609	0.312	0.151	0.148515214420662	4	ERGIC1
1.2774949925722e-05	2.16389365887496	0.121	0.029	0.152967250410595	4	ADAMTS6
1.28374274156986e-05	-0.487566696264496	0.716	0.901	0.153715355875575	4	RPS25
1.30978607867037e-05	0.742553334865683	0.539	0.366	0.15683378505999	4	DAAM1
1.36429060298286e-05	-0.962174693271456	0.227	0.401	0.163360156801168	4	SELENOF
1.4320432152102e-05	0.631398578047935	0.482	0.305	0.17147285458927	4	LHFPL7
1.55359024088214e-05	-1.01153462247058	0.319	0.473	0.186026895443228	4	JUNB
1.56254964186232e-05	1.35980645065126	0.255	0.136	0.187099694116594	4	AR
1.56614875333586e-05	1.24898559566255	0.128	0.056	0.187530651724436	4	ZNF687
1.59130284567644e-05	0.859039077346535	0.496	0.324	0.190542602741297	4	ARAP3
1.61819480339546e-05	-0.472566931443181	0.688	0.807	0.193762645758572	4	COX6B1
1.67802611403895e-05	1.20577056323447	0.298	0.158	0.200926846895024	4	FGD3
1.67852028049071e-05	1.02976937886049	0.348	0.171	0.200986018385958	4	HYCC1
1.68179307667598e-05	2.02896407878885	0.106	0.027	0.201377903001182	4	IGFBP4
1.68632272541094e-05	0.862614531570363	0.482	0.295	0.201920283140706	4	TANB
1.7300293095599e-05	1.61111156390295	0.106	0.033	0.207153709526703	4	LOC138568991
1.73142465097847e-05	1.10984718084707	0.262	0.139	0.207320787708162	4	THSD7A
1.7416244395903e-05	1.34057198841229	0.22	0.097	0.208542110396543	4	RCSD1
1.76699985960922e-05	1.01773682336559	0.312	0.152	0.211580563189608	4	RGL2
1.78558420789098e-05	1.17219696260617	0.255	0.12	0.213805853052866	4	TARBP1
1.79089556516122e-05	1.05803965032875	0.546	0.343	0.214441834972404	4	MAP4K4
1.81141531358129e-05	0.954196310386875	0.475	0.274	0.216898869648223	4	OSBPL9
1.83113808982192e-05	1.55947879548763	0.17	0.061	0.219260474875277	4	TBC1D25
1.84007003890711e-05	0.829892731687019	0.319	0.173	0.220329986458737	4	INF2
1.86362902267648e-05	1.06703211962237	0.312	0.174	0.223150939175281	4	FOXN3
1.86453553661073e-05	1.78864974945514	0.135	0.038	0.223259485153768	4	EDEM2
1.89735288953021e-05	1.02146954224192	0.34	0.179	0.227189034992347	4	NUP188
1.90775384704332e-05	0.842437110009405	0.461	0.294	0.228434445644968	4	FBXL7
1.92569546438373e-05	1.32852436064776	0.319	0.163	0.230582774905307	4	LRBA
1.93138220986511e-05	1.11101829467133	0.213	0.11	0.231263705809248	4	ZDHHC14
1.94796061180683e-05	-0.506705249833317	0.709	0.859	0.23324880365775	4	CALM1
1.94802498551993e-05	1.03161853223483	0.312	0.154	0.233256511766156	4	UBE3C
1.9785701062576e-05	0.980345373568669	0.348	0.201	0.236913984523284	4	AFF1
1.99373839590663e-05	1.27407657662538	0.149	0.063	0.23873023552586	4	FANCM
2.04348816138904e-05	1.31589675232001	0.213	0.098	0.244687272444723	4	ATM
2.06384201782743e-05	1.07054318254025	0.369	0.203	0.247124443214656	4	HUWE1
2.0684988614084e-05	-0.381656866865975	0.801	0.935	0.247682053665042	4	HNRNPAB
2.07881965978496e-05	1.33917160484726	0.305	0.163	0.248917866062651	4	UGCG
2.11034631755978e-05	1.06596838129518	0.348	0.177	0.252692868064608	4	SIRT1
2.14445215155781e-05	1.1053947420337	0.262	0.126	0.256776700627532	4	ZNF644
2.1948946091882e-05	-0.493089255316526	0.723	0.85	0.262816680504196	4	NACA
2.2403801833389e-05	-0.615402709129904	0.475	0.657	0.268263123152999	4	COX7B
2.30189205384667e-05	0.880056858615618	0.56	0.365	0.2756285545276	4	USP9X
2.30449413212882e-05	-4.27024393959843	0	0.105	0.275940127381105	4	DOCK5
2.33249708266282e-05	0.914180631538996	0.433	0.248	0.279293200678046	4	TNRC6B
2.33486328064869e-05	1.33547712128952	0.248	0.104	0.279576529224874	4	DMPK
2.36655779119377e-05	1.13959124443836	0.319	0.166	0.283371629917542	4	TRPM7
2.37392498781569e-05	0.755470966803756	0.589	0.37	0.284253778041051	4	NHSL2
2.38513577336492e-05	-0.463945550023703	0.752	0.862	0.285596157502716	4	CD63
2.4183199154987e-05	5.44400157806769	0.035	0	0.289569626681815	4	NR1I3
2.4183199154987e-05	3.85903907734654	0.035	0.002	0.289569626681815	4	BBS5
2.4183199154987e-05	3.85903907734654	0.035	0.002	0.289569626681815	4	WHRN
2.4183199154987e-05	2.27407657662538	0.035	0.008	0.289569626681815	4	ZNF587
2.41854223351444e-05	6.02896407878885	0.035	0	0.289596247041019	4	RPS6KA2
2.42076807669377e-05	2.41158010037531	0.071	0.014	0.289862769503312	4	ST6GAL2
2.42080760728842e-05	-0.607219186714049	0.546	0.682	0.289867502896715	4	ATP5MK
2.43740541563713e-05	1.68911407590422	0.121	0.04	0.29185492446839	4	CYP7B1
2.49218778953153e-05	0.932205489908507	0.426	0.263	0.298414565918505	4	MCC
2.50804306010785e-05	0.894760999580497	0.461	0.286	0.300313076017314	4	KDM6B
2.5408284637428e-05	0.876153098210382	0.539	0.341	0.304238800248563	4	FGR
2.59107068061839e-05	1.2084882349978	0.255	0.126	0.310254803297246	4	VANGL2
2.60631149497042e-05	0.704388914633665	0.66	0.514	0.312079738407758	4	IGFBP1
2.69288024416543e-05	0.807653691079624	0.532	0.375	0.322445480436369	4	SPNS2
2.69969443445672e-05	-2.84832005473435	0.014	0.132	0.323261411581848	4	SEMA3A
2.74348349234224e-05	0.883286623593212	0.504	0.292	0.32850471337306	4	HSD17B12
2.7671984111144e-05	1.64402618637568	0.17	0.062	0.331344337746838	4	DYRK1B
2.82621298508689e-05	-1.81595562423709	0.035	0.177	0.338410742834304	4	GPNMB
2.8275634775484e-05	-3.01378968218835	0.028	0.151	0.338572450801646	4	PROX1
2.84706125998686e-05	1.04807290173655	0.333	0.182	0.340907115270827	4	ZMYM2
2.87878850522503e-05	1.85903907734653	0.099	0.027	0.344706135615645	4	PPP2R3B
2.92242274958588e-05	0.859039077346535	0.355	0.206	0.349930900035413	4	EXOC6B
2.9351845796346e-05	0.94691183337187	0.348	0.192	0.351459001565447	4	ATP2B4
2.94862766119963e-05	1.30352035451786	0.213	0.089	0.353068676152044	4	ELL
2.97583467340335e-05	1.12543249527024	0.248	0.133	0.356326443793318	4	DOCK7
2.97967856315815e-05	0.802455548980167	0.518	0.324	0.356786711152557	4	DBNL
2.99103239176787e-05	1.06504253814395	0.348	0.167	0.358146218590285	4	PDGFB
3.01184946021055e-05	-0.520132969375303	0.638	0.791	0.360638854365611	4	SRI
3.02163472546015e-05	1.26429555583279	0.277	0.129	0.361810542026599	4	AATK
3.12168181496978e-05	2.10004717685033	0.085	0.021	0.373790180524482	4	LARGE1
3.13002979850637e-05	0.524054829633726	0.723	0.55	0.374789768073153	4	ASAP1
3.13062251444164e-05	1.0149099882313	0.404	0.242	0.374860739879242	4	LARP4B
3.18066665046087e-05	1.40447321388105	0.177	0.066	0.380853024726185	4	ZNF652
3.23988090144971e-05	-0.524400194085772	0.582	0.761	0.387943339139588	4	ANP32B
3.25233346390847e-05	1.43680607666349	0.149	0.064	0.3894344089684	4	NFXL1
3.25675112545113e-05	1.35946806785602	0.17	0.073	0.389963379761518	4	PDE10A
3.26011209768353e-05	0.850675604411908	0.418	0.275	0.390365822576626	4	F8
3.31243872031506e-05	0.9402159857467	0.667	0.509	0.396631412370526	4	EGFL7
3.33301065257731e-05	2.37361225017629	0.064	0.013	0.399094695539607	4	TERF2
3.35913107616095e-05	1.78503849590276	0.128	0.035	0.402222355059512	4	PHLDB2
3.36091689825173e-05	1.31471856112272	0.163	0.066	0.402436189396662	4	SENP7
3.41604914473922e-05	1.48558068181909	0.142	0.053	0.409037724591074	4	UGGT2
3.43844437757601e-05	1.02409832361703	0.39	0.224	0.411719329770952	4	RASA1
3.52189093770285e-05	1.38655130588379	0.234	0.106	0.421711220880539	4	DOT1L
3.53708315453297e-05	0.643002151049911	0.61	0.417	0.423530336923777	4	PICALM
3.55938092077246e-05	1.21518288757181	0.255	0.113	0.426200271453295	4	CNNM4
3.58865441581888e-05	1.02716183615486	0.404	0.209	0.429705479750153	4	PEAK1
3.61741544010895e-05	-0.851931308286727	0.454	0.603	0.433149324798645	4	H2AC1
3.63642231093538e-05	1.72658878132289	0.149	0.051	0.435425207511403	4	ABCA2
3.66085581860712e-05	0.995243460944846	0.461	0.297	0.438350875720017	4	PLEC
3.67867849827105e-05	1.28872335258978	0.22	0.092	0.440484963382975	4	TMTC2
3.79060191139923e-05	-1.74299693673356	0.092	0.218	0.453886672870943	4	FLT4
3.79581886489371e-05	1.62955723122377	0.184	0.065	0.454511350882373	4	DYNC2H1
3.80440997712527e-05	0.897513225161171	0.348	0.196	0.45554005066098	4	DLG1
3.84697406662248e-05	-0.45955587387671	0.518	0.685	0.460636674737375	4	NPM1
3.87978336853991e-05	1.16041979482981	0.34	0.179	0.464565260548969	4	IGF2R
3.9364132852902e-05	1.0323706802321	0.319	0.162	0.471346126780649	4	PPP1R37
4.15617228016733e-05	-0.313246299820664	0.865	0.955	0.497660068827236	4	EEF1A1
4.22175275239245e-05	3.36153941787572	0.057	0.01	0.505512674571472	4	MMP11
4.23698420913542e-05	1.29610288295538	0.248	0.113	0.507336489201875	4	KDM4C
4.24286059376034e-05	0.583145460198882	0.596	0.415	0.508040127496863	4	PLS3
4.2502854281818e-05	1.21749304825901	0.255	0.135	0.508929177170489	4	NFKB1
4.2518061350735e-05	0.862545020848071	0.475	0.321	0.509111266613701	4	CUL9
4.26812691621685e-05	0.895938660158064	0.447	0.275	0.511065516947806	4	LBH
4.34596968242855e-05	1.32852436064776	0.213	0.089	0.520386409773995	4	CACNB2
4.42581714266099e-05	1.02533282834198	0.355	0.192	0.529947344662227	4	FNBP1
4.42605280189461e-05	1.07703972956583	0.255	0.128	0.52997556249886	4	CUL2
4.55334327871874e-05	0.843026759357904	0.525	0.339	0.545217324193782	4	ITPKA
4.57819765395844e-05	-0.693386488514331	0.34	0.552	0.548193387084984	4	MIF
4.6026284437997e-05	0.779681285733251	0.411	0.273	0.551118729860576	4	VWCE
4.6423291586478e-05	1.13574842007741	0.284	0.152	0.555872493456488	4	GTF2I
4.64904357470418e-05	-0.971317670072684	0.241	0.432	0.556676477635078	4	ANXA4
4.66180172825872e-05	1.0885209234693	0.291	0.158	0.558204138941699	4	CIC
4.77023593028687e-05	3.22160915673124	0.05	0.006	0.57118805029255	4	AMDHD2
4.83614822128996e-05	-0.682619639153761	0.326	0.498	0.57908038801726	4	SERBP1
4.9154885179538e-05	1.92043962201068	0.078	0.022	0.588580595139788	4	C11H15orf39
4.93287194755238e-05	1.1838787676538	0.199	0.095	0.590662086999922	4	PTDSS2
4.9980174952791e-05	1.49646899796183	0.17	0.065	0.59846261488472	4	KLHL6
5.02728206449085e-05	1.66109969973463	0.113	0.034	0.601966754402134	4	BNC2
5.04117466121663e-05	0.916263946039485	0.291	0.153	0.603630253934079	4	GSK3B
5.06835280569408e-05	1.16716137270887	0.241	0.111	0.606884564953809	4	PRAG1
5.07989655934219e-05	0.782121706457639	0.511	0.333	0.608266814015634	4	PPP1R12A
5.10516434588328e-05	-0.510463716200058	0.631	0.785	0.611292378776063	4	OAZ1
5.18769544193193e-05	1.53711098245917	0.121	0.041	0.621174652216929	4	UBXN2A
5.21888816068046e-05	0.859039077346535	0.433	0.27	0.624909668359879	4	DOCK1
5.25348912143072e-05	-1.4579623364609	0.191	0.375	0.629052787400115	4	SELE
5.26258862010978e-05	1.241655098933	0.262	0.127	0.630142361371945	4	RNF123
5.34556767320476e-05	1.21051144784791	0.234	0.104	0.640078273189538	4	LRCH2
5.37005798744998e-05	0.836671264318081	0.213	0.116	0.643010743417261	4	DUS2
5.37888805978235e-05	0.720478246813558	0.348	0.219	0.644068056278338	4	ADAM15
5.45940884354431e-05	-3.48968907688454	0.007	0.118	0.653709614925995	4	SNCA
5.56565014688797e-05	0.763037257469181	0.504	0.332	0.666430948588365	4	ARHGEF2
5.56594099657427e-05	1.38183275698126	0.369	0.204	0.666465774929803	4	CHST3
5.5911096671491e-05	0.934590110353712	0.291	0.168	0.669479471544433	4	PPFIA1
5.60506775642849e-05	0.982421492851817	0.362	0.196	0.671150813154748	4	SETD5
5.68576603556232e-05	1.94150123753851	0.099	0.032	0.680813625098232	4	FGGY
5.77301730606387e-05	1.07286948517956	0.277	0.155	0.691261092228088	4	DENND5A
5.83763389879606e-05	0.959034867323256	0.348	0.186	0.69899828304184	4	ATP11B
5.86284680666036e-05	-0.57353308122482	0.546	0.717	0.702017276629511	4	COX6A1
5.87451234678101e-05	1.25979235061913	0.27	0.146	0.703414108403559	4	TNC
5.93036731954928e-05	1.46048970085626	0.142	0.055	0.710102182842831	4	PLEKHA1
5.93036731954928e-05	1.31847069598383	0.142	0.058	0.710102182842831	4	PRKD3
5.93659513444902e-05	1.16160184736697	0.213	0.108	0.710847901398926	4	METTL15
6.01434622480197e-05	1.15416711289018	0.291	0.149	0.720157816957787	4	TDRP
6.03542728621801e-05	1.1341463154809	0.248	0.11	0.722682063251744	4	NUP205
6.04871410719065e-05	1.49914313226015	0.184	0.068	0.724273027195008	4	PRDM1
6.11775410834041e-05	0.966592218501338	0.404	0.27	0.73253987693268	4	MYCBP2
6.16324869326274e-05	1.04190313449635	0.255	0.132	0.737987398531281	4	HMGA2
6.16774356268385e-05	0.887608229543306	0.319	0.179	0.738525614195764	4	TCF7L2
6.22268424403408e-05	1.32298617710633	0.177	0.081	0.745104211380641	4	LRRC20
6.31255555980408e-05	1.45138110843329	0.248	0.109	0.75586540273094	4	SLC8A1
6.31415672744826e-05	0.913901012381054	0.376	0.23	0.756057126544655	4	CREBBP
6.40273581000965e-05	1.08293508927337	0.248	0.116	0.766663585890555	4	ARRB2
6.43060903339232e-05	1.16636275932513	0.255	0.127	0.770001125658397	4	PFKP
6.53742024063619e-05	0.809190527895973	0.355	0.219	0.782790699613777	4	AKT3
6.5545508138195e-05	-0.47645678250004	0.546	0.687	0.784841914446747	4	NDUFA4
6.61231540345518e-05	1.26113752091788	0.227	0.099	0.791758646409723	4	ELMO2
6.65630736831863e-05	-0.769777712964049	0.206	0.377	0.797026244282473	4	LOC138487737
6.66219106476908e-05	1.63664665601009	0.099	0.032	0.79773075809545	4	ULK2
6.70026524923315e-05	-0.738098137320723	0.348	0.495	0.802289760943178	4	ATP5MG
6.74979016391503e-05	-0.511200620483265	0.603	0.776	0.808219874227186	4	COX7A2
6.81533035532628e-05	-0.657936585698528	0.475	0.674	0.816067656746768	4	PCBP2
6.84717386107656e-05	0.560466379125203	0.645	0.468	0.819880598125307	4	PTBP3
6.84804502606004e-05	-3.08737988244862	0.014	0.135	0.819984911420429	4	ELN
6.93470122721871e-05	0.579531031360317	0.723	0.574	0.830361124947168	4	CD2
6.99534066825345e-05	1.62199988004569	0.17	0.061	0.837622091616668	4	IPO13
7.02553857300147e-05	1.35653873681735	0.177	0.076	0.841237988731196	4	FCHO1
7.10824079486864e-05	1.32470264969535	0.191	0.075	0.851140752777571	4	CDC27
7.13391570011857e-05	1.02131050624541	0.27	0.153	0.854215065932198	4	WDFY3
7.19983425935978e-05	1.32506050534418	0.284	0.126	0.86210815421574	4	ZFR
7.51425375842291e-05	0.797400011554149	0.369	0.222	0.89975674503356	4	KIF13B
7.55536820034761e-05	-0.629757460549801	0.461	0.591	0.904679788309622	4	FTH1
7.59220832109912e-05	2.31847069598383	0.071	0.015	0.909091024368408	4	INKA2
7.67299696485539e-05	1.10661983077382	0.355	0.195	0.918764656571784	4	RERE
7.76409781573451e-05	0.911506497240671	0.22	0.116	0.929673072456051	4	SCARF2
7.76894127523703e-05	2.00105808221896	0.106	0.027	0.930253028296882	4	KIT
7.77064701922592e-05	0.582707848899284	0.645	0.452	0.930457274082112	4	ADGRL4
7.8189506817238e-05	-0.585595539362682	0.468	0.629	0.936241154629608	4	HNRNPA0
7.82716735967192e-05	1.51390359129785	0.206	0.088	0.937225019647116	4	TTYH2
7.82879602734665e-05	1.80459129332416	0.085	0.025	0.937420036314488	4	BBS7
7.82896332944976e-05	-2.236885342652	0.021	0.116	0.937440069068314	4	MAFB
7.8650242371211e-05	0.635206121650872	0.617	0.427	0.94175800215288	4	PIEZO1
7.89027801333769e-05	1.08644957344961	0.355	0.201	0.944781889317054	4	CNOT2
7.90312047595258e-05	2.99654260109647	0.071	0.008	0.946319645790561	4	ROBO1
7.90712432145803e-05	1.13111862278334	0.191	0.097	0.946799066251384	4	B4GALT5
7.98356502854515e-05	-0.790053760794337	0.191	0.348	0.955952076517996	4	ARL1
8.04923837203513e-05	0.936049978173373	0.447	0.288	0.963815802667487	4	RFTN1
8.30659871459592e-05	1.20192679086954	0.227	0.117	0.994632130085715	4	TRAK1
0.00775550204892229	4.85903907734654	0.014	0	1	4	ST8SIA5
0.00775542715101524	4.44400157806769	0.014	0	1	4	AMZ2
0.00775542715101524	4.44400157806769	0.014	0	1	4	LOC138515534
0.00775542715101524	4.44400157806769	0.014	0	1	4	SHANK2
0.000161174370864555	4.1809671722339	0.028	0.001	1	4	AIRIM
0.000161174370864555	4.1809671722339	0.028	0.001	1	4	GRPR
0.00169373874664966	4.1809671722339	0.028	0.001	1	4	KIAA1210
0.00109630051970085	3.85903907734654	0.021	0.001	1	4	PDZD7
0.00775550204892229	3.85903907734654	0.014	0.001	1	4	GK
0.000161174370864555	3.59600467151274	0.028	0.002	1	4	CCN4
0.00109633141280793	3.59600467151274	0.021	0.002	1	4	SYT5
0.00169373874664966	3.59600467151274	0.028	0.002	1	4	BCAR3
0.00169373874664966	3.59600467151274	0.028	0.002	1	4	RCOR2
0.00775542715101524	3.44400157806769	0.014	0.001	1	4	C6PH5orf34
0.00775542715101524	3.44400157806769	0.014	0.001	1	4	CCDC191
0.00775542715101524	3.44400157806769	0.014	0.001	1	4	DNAH11
0.00775542715101524	3.44400157806769	0.014	0.001	1	4	LOC138510430
0.00775542715101524	3.44400157806769	0.014	0.001	1	4	LOC138568490
0.00775542715101524	3.44400157806769	0.014	0.001	1	4	LOC138569222
0.00775542715101524	3.44400157806769	0.014	0.001	1	4	OGDHL
0.000272856803964695	3.44400157806769	0.035	0.003	1	4	LOC138491858
0.00168408661450155	3.44400157806769	0.028	0.003	1	4	KIF25
0.00537672596262095	3.34446590451678	0.035	0.004	1	4	VGF
0.00109630051970085	3.27407657662538	0.021	0.002	1	4	ANKS1B
0.00109630051970085	3.27407657662538	0.021	0.002	1	4	MXRA5
0.00775550204892229	3.27407657662538	0.014	0.002	1	4	LOC138566890
0.00169373874664966	3.1809671722339	0.028	0.003	1	4	ITIH6
0.0080408415062996	3.1809671722339	0.028	0.003	1	4	LOC138516153
0.00169373874664966	2.85903907734654	0.028	0.004	1	4	GPR157
0.00775542715101524	2.85903907734654	0.014	0.002	1	4	RGN
0.00775542715101524	2.85903907734654	0.014	0.002	1	4	SDK1
0.00775542715101524	2.85903907734654	0.014	0.002	1	4	TNIK
0.00775542715101524	2.85903907734654	0.014	0.002	1	4	TRIM36
0.0080408415062996	2.85903907734654	0.028	0.004	1	4	PPCDC
0.000232267036045641	2.85903907734653	0.05	0.006	1	4	CASZ1
0.000781661638027001	2.85903907734653	0.05	0.007	1	4	NOCT
0.00109630051970085	2.85903907734653	0.021	0.003	1	4	OSBPL6
0.00152025029733322	2.63664665601009	0.035	0.006	1	4	LOC138447763
0.0080408415062996	2.59600467151274	0.028	0.005	1	4	LOC138569915
0.000800009071850002	2.51111577392623	0.064	0.013	1	4	RNF122
0.000470285256396021	2.47201595423729	0.071	0.016	1	4	LOC138516907
0.00152025029733322	2.44400157806769	0.035	0.007	1	4	SLX4IP
0.00544327298485587	2.44400157806769	0.035	0.007	1	4	LOC138527299
0.00544327298485587	2.44400157806769	0.035	0.007	1	4	SIGLEC15
0.00775542715101524	2.44400157806769	0.014	0.003	1	4	LOC138514156
0.00775542715101524	2.44400157806769	0.014	0.003	1	4	LOC138569514
0.00775542715101524	2.44400157806769	0.014	0.003	1	4	TEKT2
0.00775542715101524	2.44400157806769	0.014	0.003	1	4	MGME1
0.00796804373449934	2.44400157806769	0.028	0.007	1	4	SNX33
0.00224010421940096	2.39960745870924	0.05	0.009	1	4	KCNK13
0.0080408415062996	2.37361225017629	0.028	0.006	1	4	CDPF1
0.0080408415062996	2.37361225017629	0.028	0.006	1	4	LMF1
0.0080408415062996	2.37361225017629	0.028	0.006	1	4	SFXN4
0.00111690048508029	2.35653873681735	0.071	0.014	1	4	GMEB2
0.00349300503087503	2.34446590451678	0.043	0.009	1	4	LOC138472502
0.000165160164035169	2.32852436064776	0.057	0.012	1	4	LOC138580153
0.000114182703918651	2.27407657662538	0.064	0.014	1	4	MYO1G
0.000165443838491803	2.27407657662538	0.085	0.023	1	4	RBFOX1
0.000503810201592066	2.27407657662538	0.057	0.014	1	4	TBXA2R
0.00152025029733322	2.27407657662538	0.035	0.008	1	4	FRS3
0.00544327298485587	2.27407657662538	0.035	0.008	1	4	ABTB2
0.000107105330247649	2.24606220045578	0.156	0.049	1	4	RIPOR2
0.00132582195951248	2.24606220045578	0.085	0.022	1	4	LOC138526580
0.00078301299428493	2.24236771689804	0.092	0.022	1	4	NKD1
0.00409589092272111	2.23100785473349	0.071	0.015	1	4	RASGRP1
0.00882753529657563	2.20696238076684	0.043	0.009	1	4	LOC138488444
0.000681387019976554	2.18661373537504	0.099	0.042	1	4	TMEM88B
0.000103322478558748	2.1809671722339	0.092	0.022	1	4	PLPPR4
0.000161174370864555	2.1809671722339	0.028	0.007	1	4	CMTM3
0.00169373874664966	2.1809671722339	0.028	0.007	1	4	FAM83B
0.00299382809047585	2.1809671722339	0.057	0.015	1	4	CASKIN1
0.00365908745989508	2.1809671722339	0.064	0.015	1	4	ACAD6
0.0080408415062996	2.1809671722339	0.028	0.007	1	4	LOC138503192
0.0080408415062996	2.1809671722339	0.028	0.007	1	4	LOC138504575
0.0080408415062996	2.1809671722339	0.028	0.007	1	4	RUBCNL
0.000422816947734707	2.12207348318033	0.092	0.022	1	4	DPF3
0.00775542715101524	2.12207348318033	0.014	0.004	1	4	D7
0.00138268392163387	2.12207348318033	0.057	0.013	1	4	SHC3
0.00214372665889297	2.12207348318033	0.05	0.014	1	4	HYDIN
0.00113660453421649	2.08143149868298	0.043	0.011	1	4	SMO
0.00155067479450365	2.08143149868298	0.035	0.009	1	4	SULF1
0.000455191014703325	2.08143149868298	0.092	0.022	1	4	ADAMTSL5
0.00109630051970085	2.05168415528893	0.021	0.005	1	4	ZNF469
0.000124113662368822	2.03591683943061	0.078	0.021	1	4	KCNMB2
0.00397074140703004	2.03591683943061	0.078	0.022	1	4	TMEM63A
0.00622952401342748	2.02896407878885	0.057	0.014	1	4	RUNDC1
0.00622952401342748	2.02896407878885	0.057	0.015	1	4	FAM227B
0.0080408415062996	2.01104217079159	0.028	0.008	1	4	KIF18A
8.70728957132231e-05	1.99028361062479	0.121	0.039	1	4	CLPB
0.000483016748778816	1.98456995943039	0.071	0.02	1	4	IGSF9B
0.00505054311008017	1.98456995943039	0.05	0.018	1	4	EPHA3
0.00653776705484229	1.97451629476647	0.071	0.022	1	4	SMIM3
0.00658606777216151	1.97451629476647	0.078	0.022	1	4	NARS2
0.00349300503087503	1.96595428126305	0.043	0.012	1	4	PRPF31
0.000781661638027001	1.95214848173802	0.05	0.014	1	4	ARSB
0.000132969501331077	1.94650191859687	0.099	0.028	1	4	LRRN1
0.000522871137477628	1.93498793057983	0.184	0.071	1	4	NOX4
9.456714676598e-05	1.92043962201068	0.128	0.04	1	4	BCL2
0.000279427034138163	1.89968106184388	0.113	0.033	1	4	ADCY6
0.000274982181728698	1.85903907734654	0.043	0.013	1	4	PARP6
0.00113660453421649	1.85903907734654	0.043	0.013	1	4	LARGE2
0.00113660453421649	1.85903907734654	0.043	0.013	1	4	PIMREG
0.00169373874664966	1.85903907734654	0.028	0.008	1	4	FAM168A
0.00137866496443559	1.85903907734654	0.092	0.032	1	4	RAB30
0.00138116382294971	1.85903907734654	0.085	0.024	1	4	DCP1B
0.000206103331281765	1.85903907734653	0.071	0.02	1	4	TTF2
0.00107878505497471	1.85903907734653	0.071	0.02	1	4	CYP27B1
0.00107878505497471	1.85903907734653	0.071	0.02	1	4	P2RY8
0.00215228113476697	1.85903907734653	0.071	0.021	1	4	MAPK7
0.00526838933843548	1.85903907734653	0.05	0.013	1	4	SNN
0.00678502719642737	1.85903907734653	0.064	0.019	1	4	BANK1
0.00775542715101524	1.85903907734653	0.014	0.005	1	4	RRAGD
0.000150781007919619	1.82341516761581	0.163	0.056	1	4	SHISA6
0.000280011109416995	1.81721890165191	0.106	0.032	1	4	ARHGEF6
0.000496115009835268	1.81173336256818	0.099	0.027	1	4	THEMIS2
0.0087912081607842	1.81173336256818	0.092	0.028	1	4	BOK
0.000812556138140172	1.80841300427657	0.092	0.027	1	4	PLEKHM3
0.00648661389258883	1.80459129332416	0.085	0.025	1	4	VIPAS39
0.0039880813168648	1.79490873992682	0.071	0.022	1	4	VSIG1
0.00046647381800182	1.78864974945514	0.128	0.037	1	4	ZNF516
0.000291311296051996	1.78103656534526	0.113	0.034	1	4	PIK3AP1
0.000164452780783367	1.77657691715456	0.113	0.034	1	4	C5PH5orf22
0.000151283374404407	1.7715762360962	0.106	0.032	1	4	PHKA2
0.00360881334169725	1.7715762360962	0.092	0.032	1	4	RGS12
0.00137866496443559	1.76592967295505	0.092	0.029	1	4	TANGO6
0.00133456058700087	1.75950340379562	0.085	0.028	1	4	RMDN2
0.0024851743658183	1.75950340379562	0.092	0.027	1	4	POLI
0.0014730204596481	1.75212387343002	0.085	0.024	1	4	SLC7A5
0.000393925336482518	1.73874484362882	0.135	0.047	1	4	MOB3C
0.00561971578444337	1.73704855296792	0.092	0.035	1	4	PORCN
0.000424750623541553	1.73350819526268	0.128	0.045	1	4	DGAT1
0.000456818422096186	1.7215355535966	0.092	0.025	1	4	COBL
0.00399890654668004	1.7215355535966	0.085	0.029	1	4	KCNN4
0.000238910283503684	1.71702007247411	0.177	0.06	1	4	ECD
0.00143120905696093	1.71219768901726	0.092	0.029	1	4	GZF1
0.00835724848293593	1.71219768901726	0.121	0.047	1	4	SLC45A4
0.00347446103975513	1.70703598390149	0.099	0.036	1	4	NALCN
0.000441087200625464	1.69857440515329	0.099	0.036	1	4	GPATCH1
0.00012694429108901	1.68911407590422	0.099	0.034	1	4	PAQR9
0.000224698489626698	1.68911407590422	0.05	0.017	1	4	IMPACT
0.000444961585908337	1.68911407590422	0.121	0.043	1	4	PLEKHG2
0.00234678823405493	1.68911407590422	0.078	0.024	1	4	CREB1
0.00469537884290728	1.68539098986151	0.163	0.078	1	4	PCBP3
0.00693275634407938	1.67461450620911	0.071	0.022	1	4	ERICH6
0.000164452780783367	1.66109969973463	0.113	0.037	1	4	DOCK10
0.000541718733122076	1.66109969973463	0.113	0.035	1	4	PLEKHA2
0.0046325683926644	1.65356995904656	0.135	0.065	1	4	NPR3
0.00241170136783075	1.65258819987911	0.078	0.024	1	4	STC1
0.000694716090890725	1.64402618637568	0.156	0.06	1	4	GAS2L1
0.00242560810154651	1.63664665601009	0.121	0.046	1	4	GAN
0.00147911453560554	1.63664665601009	0.099	0.031	1	4	FILIP1
0.00234678823405493	1.63664665601009	0.078	0.026	1	4	CEP164
0.00544327298485587	1.63664665601009	0.035	0.013	1	4	C10H12orf43
0.000495299650287928	1.62457382370951	0.106	0.037	1	4	IL16
0.00215228113476697	1.61803097784274	0.071	0.024	1	4	CDK7
0.00137318752104196	1.61111156390295	0.099	0.036	1	4	RAB4B
0.000378421222116849	1.60528248510075	0.085	0.029	1	4	SPICE1
0.004051237060645	1.60528248510075	0.085	0.028	1	4	PRKX
0.000490734539385079	1.60269932408675	0.121	0.039	1	4	ELL2
0.00136436367089743	1.58894991397879	0.099	0.038	1	4	P3H2
0.00360881620190771	1.58894991397879	0.092	0.039	1	4	ZNF827
0.000100564477719522	1.58340463473311	0.128	0.044	1	4	ALKBH8
0.000171017430452926	1.58340463473311	0.121	0.043	1	4	AP4E1
0.00812677585794096	1.58340463473311	0.099	0.042	1	4	NAT16
0.000119620964079563	1.58219887198771	0.177	0.058	1	4	SLC9A7
0.00865061349676321	1.5789311581538	0.043	0.016	1	4	SMARCAL1
0.00010699559706216	1.5789311581538	0.092	0.032	1	4	SMG9
0.000254931540219861	1.5789311581538	0.113	0.048	1	4	CTNNAL1
0.000891716307249116	1.55418449581811	0.113	0.038	1	4	MTMR2
0.000398996855486964	1.54971101923881	0.128	0.052	1	4	RNF24
0.000447414289079463	1.53711098245917	0.128	0.047	1	4	GCH1
0.00375564552596924	1.53711098245917	0.064	0.022	1	4	WDR4
0.00514883847040737	1.53711098245917	0.05	0.019	1	4	RHOQ
0.000517507662014359	1.53711098245917	0.113	0.041	1	4	RHOBTB2
0.000493086222129	1.52719551359409	0.17	0.065	1	4	NT5DC2
0.000105843445029283	1.5234360455621	0.142	0.05	1	4	TXLNG
0.00622878454880789	1.52200409006896	0.177	0.083	1	4	KCNMA1
0.00267563382859429	1.52200409006896	0.121	0.045	1	4	SLC49A4
0.0021117099833055	1.52023716389478	0.106	0.041	1	4	VWA8
0.000150985288797252	1.5132642405048	0.163	0.057	1	4	ZFPL1
0.000444847667260626	1.5085418302624	0.135	0.049	1	4	BRD1
0.00221298061572663	1.50540212273184	0.099	0.041	1	4	RAB11FIP3
0.00622952401342748	1.50540212273184	0.057	0.022	1	4	ZNF131
0.000516001314749551	1.50540212273183	0.17	0.066	1	4	PIAS4
0.00172381504371682	1.50289526712126	0.142	0.056	1	4	DTNB
0.000424750265327768	1.49646899796183	0.128	0.052	1	4	TSPAN17
0.00103906788025761	1.48820138197823	0.149	0.067	1	4	CILP
0.000176742921088277	1.48289059146129	0.241	0.114	1	4	MMP14
0.00365908745989508	1.48052745409281	0.064	0.024	1	4	C1PH19orf12
0.000478095336958953	1.47437522711121	0.113	0.045	1	4	SYDE1
0.00249773533322049	1.47201595423729	0.085	0.03	1	4	FAM19A1
0.000439618383759087	1.46999678660064	0.135	0.051	1	4	ICOS
0.000459040111843055	1.46672165456777	0.099	0.04	1	4	CHCHD6
0.000781661638027001	1.46672165456777	0.05	0.02	1	4	NSUN6
0.00224010421940096	1.46672165456777	0.05	0.019	1	4	FAM120B
0.00200083360468672	1.46214892477795	0.177	0.074	1	4	KITLG
0.00693275634407938	1.46048970085626	0.071	0.027	1	4	LOC138567150
0.000295189435509653	1.45850114776281	0.17	0.062	1	4	SMG6
0.00335304806760339	1.4546488222672	0.106	0.041	1	4	LOC138472546
0.00356410414087948	1.4530467176707	0.128	0.05	1	4	ASPSCR1
0.000439618383759087	1.44400157806769	0.135	0.051	1	4	SERINC5
0.00182274561434737	1.44400157806769	0.149	0.058	1	4	TINF2
0.00544327298485587	1.44400157806769	0.035	0.015	1	4	SPIRE1
0.00680142497926356	1.44400157806769	0.078	0.03	1	4	ZNF653
0.00142068942330523	1.43277432264444	0.099	0.039	1	4	KATNB1
0.004051237060645	1.43019577854266	0.085	0.033	1	4	ZNF646
0.000114182703918651	1.42607967007043	0.064	0.023	1	4	TDP1
0.000819317400027949	1.42607967007043	0.064	0.022	1	4	KLHL18
0.00040809822975927	1.42163376503924	0.149	0.06	1	4	BAHD1
0.000229406957170449	1.41543242587092	0.149	0.062	1	4	DUSP16
0.00196150082317111	1.41425423467364	0.113	0.044	1	4	RRN3
0.00666398103761745	1.41425423467364	0.113	0.045	1	4	MEX3B
0.0039880813168648	1.41158010037531	0.071	0.026	1	4	ADAM19
0.0087912081607842	1.40837766833697	0.092	0.038	1	4	NT5DC3
0.000511996361761243	1.40652687264903	0.128	0.048	1	4	SLC30A9
0.00131487612640877	1.40532110990363	0.135	0.06	1	4	MEX3A
0.00428421267825414	1.40532110990363	0.113	0.058	1	4	COL12A1
0.00636070252946168	1.39960745870924	0.135	0.052	1	4	BTBD10
0.000377320105451423	1.39960745870924	0.135	0.062	1	4	SLC16A10
0.000292144341328381	1.39960745870924	0.106	0.041	1	4	NBEAL2
0.00409976283215854	1.39960745870924	0.078	0.03	1	4	SLC45A3
0.0032486187631685	1.39191306691924	0.106	0.045	1	4	ABCD1
0.004051237060645	1.38955379404531	0.085	0.033	1	4	MST1R
0.00143120905696093	1.38099178054189	0.092	0.037	1	4	NR2F6
0.00307386150244264	1.37904613622692	0.106	0.049	1	4	AFG3L2
0.00389041622545357	1.37904613622692	0.121	0.051	1	4	TBKBP1
0.00401904910180516	1.37904613622692	0.121	0.05	1	4	L3MBTL3
0.000911323891095499	1.37791238760992	0.142	0.062	1	4	LOC138448811
0.00083990885155616	1.37361225017629	0.092	0.038	1	4	TMTC4
0.00374819816998751	1.37361225017629	0.092	0.04	1	4	TAB2
0.00574098378844039	1.37361225017629	0.099	0.039	1	4	C1PH16orf87
0.00678266098609155	1.37361225017629	0.064	0.026	1	4	BEND5
0.00824793665104523	1.37361225017629	0.099	0.04	1	4	GCFC2
0.00380144477608355	1.36965423660761	0.135	0.065	1	4	TTC33
0.000165547686465115	1.36871345076345	0.142	0.056	1	4	CLK3
0.00738779333382846	1.36718598101686	0.106	0.042	1	4	NR2C2
0.00383319253103371	1.36599906606642	0.149	0.068	1	4	ITGA8
0.000223544068759685	1.36153941787572	0.206	0.089	1	4	SRPK3
9.28307744975795e-05	1.36153941787572	0.113	0.045	1	4	MTFR1
0.00500637245873308	1.36153941787572	0.106	0.043	1	4	FHL3
0.00707726072726892	1.36153941787572	0.106	0.046	1	4	CXCR2
0.00812677585794096	1.36153941787572	0.099	0.045	1	4	NHLRC2
0.000347205756745872	1.36023322037509	0.156	0.062	1	4	APPL2
0.000860625849254504	1.35946806785602	0.177	0.078	1	4	FANCA
0.00196150082317111	1.35653873681735	0.113	0.048	1	4	NCK2
0.00257047916934356	1.34807715806916	0.128	0.051	1	4	CAPN10
0.00964856723956575	1.34446590451678	0.085	0.037	1	4	EZH1
0.000153575857848282	1.34119077248392	0.135	0.06	1	4	NOL10
0.00240519058308514	1.33966491825296	0.099	0.039	1	4	LOC138467135
0.00583681340083651	1.33966491825296	0.092	0.041	1	4	PROSER1
0.000375377124336599	1.33820691404509	0.149	0.062	1	4	ATP11A
0.00172256546296873	1.33547712128952	0.128	0.058	1	4	MARCHF1
0.00089767857500169	1.33297026567895	0.163	0.068	1	4	MAP7D1
0.000292472208567615	1.33179207448167	0.113	0.047	1	4	COG2
0.00337700069799477	1.33179207448167	0.099	0.045	1	4	SLF1
0.000125730155957775	1.33066010499175	0.163	0.071	1	4	ATP6V0A1
0.00038384788467366	1.33066010499175	0.17	0.07	1	4	MAP2K5
0.000106288826789717	1.32941961046915	0.305	0.158	1	4	GRAMD1A
0.000490734539385079	1.32852436064776	0.121	0.048	1	4	ODF2
0.00296317228210752	1.32852436064776	0.113	0.049	1	4	AMPD2
0.00261241951396158	1.32560687726546	0.128	0.051	1	4	EXOC3L1
0.00280127876087129	1.32560687726546	0.128	0.048	1	4	GPR176
0.0081981486000279	1.32560687726546	0.121	0.051	1	4	TMEM241
0.00375564552596924	1.32298617710633	0.064	0.026	1	4	ZNF530
0.001992952262704	1.32061916256241	0.142	0.058	1	4	ACCS
0.00302607170293162	1.32061916256241	0.142	0.057	1	4	APBA1
9.51431513413027e-05	1.31847069598383	0.142	0.061	1	4	RAB3IL1
0.00084925496269537	1.31847069598383	0.149	0.061	1	4	XRCC1
0.00676712808283497	1.31847069598383	0.064	0.025	1	4	JPH1
0.00122414479602388	1.31307070824124	0.17	0.069	1	4	ETV6
0.00607854491194709	1.31307070824124	0.163	0.068	1	4	DNAJC16
0.00999188131166658	1.31155128204404	0.085	0.034	1	4	FHOD3
0.00389237806011672	1.30884199478606	0.092	0.038	1	4	LOC138497906
0.00233947598333259	1.30762913633641	0.177	0.077	1	4	LOC138528761
0.00142506604686687	1.30649805431776	0.092	0.04	1	4	KIF21B
0.00341994666364333	1.30104362422565	0.106	0.047	1	4	CEP135
0.00663520736608859	1.29895124526441	0.191	0.107	1	4	NEBL
0.00104506343432417	1.29832412287206	0.135	0.055	1	4	GOLGA1
0.000740206602346427	1.29716018973842	0.135	0.055	1	4	RTEL1
0.000129775419273092	1.29135456805721	0.248	0.128	1	4	TESPA1
0.000447605574299563	1.29075531777201	0.191	0.074	1	4	RPRD2
0.000233155367497837	1.27407657662538	0.191	0.092	1	4	NEK1
0.000259427234666912	1.27407657662538	0.149	0.059	1	4	PPP2R5B
0.000520329170253075	1.27407657662538	0.199	0.083	1	4	LCLAT1
0.000752967031715753	1.27407657662538	0.149	0.069	1	4	KNTC1
0.00154429435103659	1.27407657662538	0.199	0.096	1	4	MED23
0.00264400166798456	1.27407657662538	0.092	0.037	1	4	ATG16L2
0.00400840785008161	1.27407657662538	0.092	0.039	1	4	ACD
0.00454173880899312	1.27407657662538	0.135	0.059	1	4	SH3RF1
0.000417774701080054	1.27407657662538	0.227	0.12	1	4	ARAP1
0.0023291517678453	1.27407657662538	0.099	0.042	1	4	USP44
0.001864648770448	1.25864653605577	0.163	0.086	1	4	KAZN
0.000363717616589971	1.25758845383681	0.177	0.077	1	4	ALPK1
0.0034938987396499	1.25331801645858	0.142	0.067	1	4	RAB40C
0.000156304084669447	1.25238150552606	0.142	0.063	1	4	SRF
0.00176383096728417	1.2513565001253	0.227	0.12	1	4	EPC2
0.00439181030437225	1.2513565001253	0.135	0.061	1	4	PWWP2A
0.00552725791418097	1.2513565001253	0.142	0.061	1	4	ANAPC4
0.000700253882412675	1.24962353290084	0.213	0.102	1	4	NR5A2
0.000835315634237272	1.24898559566255	0.22	0.109	1	4	PPP6R2
0.00209039384475582	1.24760436526419	0.106	0.052	1	4	NF2
0.000476809827614581	1.24432923323133	0.099	0.046	1	4	PKNOX1
0.00220522199400767	1.24432923323133	0.106	0.046	1	4	MGRN1
0.00814250440401383	1.24432923323133	0.099	0.046	1	4	PIGG
0.00116117359234622	1.24337977940246	0.191	0.09	1	4	KIF2A
0.00174838678894375	1.24236771689804	0.184	0.089	1	4	ARHGAP45
0.00606133399153814	1.24012924470204	0.092	0.041	1	4	TRMU
0.000391614484687979	1.2393111584647	0.234	0.111	1	4	DHRSX
0.00366803749502204	1.23755070060026	0.163	0.069	1	4	JMY
9.08498856270951e-05	1.23610872642636	0.163	0.07	1	4	CEP97
0.00680142497926356	1.23454821243874	0.078	0.035	1	4	ZC2HC1A
0.000247734560701347	1.23454821243874	0.213	0.1	1	4	EGFL8
0.00125855196438232	1.23285391389887	0.149	0.066	1	4	SHROOM2
0.00835640855074446	1.23285391389887	0.128	0.065	1	4	RTTN
0.00673802559463269	1.23100785473349	0.113	0.056	1	4	TTC7A
0.000421188021819938	1.22898868709684	0.135	0.061	1	4	METAP1D
0.00220958321111787	1.22898868709684	0.135	0.061	1	4	ATN1
0.000809202550278049	1.22677086184702	0.121	0.056	1	4	TCF7L1
0.00136520086124391	1.22677086184702	0.184	0.085	1	4	NUP210
0.000478095336958953	1.22160915673124	0.113	0.054	1	4	MRTFA
0.00408369990258743	1.22160915673124	0.121	0.053	1	4	LOC138520752
0.00151166669378432	1.219628792603	0.17	0.078	1	4	ZBTB10
0.00924573709019003	1.21858146403368	0.113	0.051	1	4	PTAR1
0.00100227772646199	1.21749304825901	0.156	0.074	1	4	DUSP11
0.000550404663866189	1.21693266952177	0.199	0.095	1	4	POLR3B
0.000233070186950605	1.21518288757181	0.149	0.069	1	4	ECT2
0.00138985368013259	1.21518288757181	0.106	0.048	1	4	MRE11
0.00514883847040737	1.21518288757181	0.05	0.022	1	4	S6C6
0.00777249840418712	1.21518288757181	0.135	0.069	1	4	CLSPN
0.000153690576150068	1.2137039586459	0.255	0.117	1	4	WDR33
0.00533648870907318	1.21267603196124	0.156	0.068	1	4	CNTLN
0.00776753859221089	1.21134082127742	0.156	0.08	1	4	PLPPR5
0.000530681224997688	1.20994623920566	0.262	0.13	1	4	DGKQ
0.000279581271075411	1.20953632443067	0.298	0.147	1	4	MYO9A
0.00185835944970752	1.20922543227541	0.177	0.084	1	4	TTC27
0.00160720542476782	1.20696238076684	0.128	0.06	1	4	CAMKMT
0.00235719293537725	1.20696238076684	0.128	0.058	1	4	CYYR1
0.00439181030437225	1.20696238076684	0.135	0.062	1	4	STK17B
0.000578025809724928	1.2029934785639	0.199	0.094	1	4	PHIP
0.000381271737152926	1.20192679086954	0.177	0.077	1	4	LRRC1
0.000322102321023419	1.20082759459474	0.199	0.095	1	4	RFX1
0.000105287329642916	1.19607406462411	0.234	0.101	1	4	CC2D1A
0.000222086014599185	1.19607406462411	0.206	0.103	1	4	TLL1
0.000472971279189901	1.18918767903887	0.135	0.061	1	4	ITGA1
0.0068529948494402	1.18918767903887	0.142	0.079	1	4	BRIP1
0.000145367116391414	1.1883467025995	0.27	0.143	1	4	ARHGAP35
0.00165563195022138	1.18810335351553	0.22	0.112	1	4	LOC138567561
0.00223668385141321	1.18661373537504	0.099	0.048	1	4	MTHFD1L
0.000303528162990851	1.1844393641407	0.163	0.075	1	4	PABIR2
0.000317061630532556	1.1844393641407	0.156	0.075	1	4	TTK
0.00185444606298483	1.1844393641407	0.156	0.076	1	4	AFG2A
0.000635163775726487	1.18347402784447	0.22	0.104	1	4	MED12
0.000374936466284767	1.18292868856718	0.262	0.133	1	4	MAP3K11
0.00485928772164761	1.1809671722339	0.128	0.061	1	4	ILRUN
0.0094251434983886	1.1809671722339	0.135	0.058	1	4	ANTXRL
0.0014730804222805	1.17786126136608	0.184	0.087	1	4	FAM193B
0.0031357354920958	1.17721503737279	0.149	0.072	1	4	TMEM184B
0.00042114229141421	1.17454090307446	0.184	0.086	1	4	IFNGR1
0.00132341135715734	1.17454090307446	0.177	0.08	1	4	CERK
0.000274654457613897	1.17253855016332	0.213	0.094	1	4	ZNF618
0.00103237415444129	1.17253855016332	0.199	0.096	1	4	MYRIP
0.000822148431831871	1.17098308366128	0.121	0.053	1	4	TNFRSF12A
0.00909222641087469	1.17098308366128	0.113	0.055	1	4	NECAP1
0.000392606864680139	1.16716137270887	0.085	0.039	1	4	FNDC3A
0.00221802303261909	1.16514220507222	0.099	0.048	1	4	CDC25C
0.00410533817693149	1.16514220507221	0.184	0.103	1	4	KIF3C
0.00166732908633133	1.16389365887496	0.128	0.06	1	4	KIF4A
0.00724059040958455	1.16389365887496	0.128	0.062	1	4	RASGRP4
0.00767688150532987	1.16389365887496	0.142	0.064	1	4	AKT2
0.000676478905837222	1.16086596617739	0.262	0.14	1	4	ABCC1
0.00389727795530303	1.15859935920544	0.156	0.073	1	4	PNPLA7
0.00591239442860636	1.15859935920544	0.149	0.073	1	4	DPH1
0.00451980856262855	1.15378234290767	0.149	0.071	1	4	SH3GL1
0.00186732929811394	1.15277028040325	0.121	0.056	1	4	GSTCD
0.00795848512253119	1.15277028040325	0.121	0.059	1	4	DVL2
0.00262315625095979	1.15208605224677	0.199	0.097	1	4	DAPK2
0.000279659551145848	1.15121982883985	0.284	0.134	1	4	NR3C2
0.00214386136708137	1.15008785934993	0.177	0.079	1	4	ORAI2
0.00591524775683401	1.15008785934993	0.163	0.075	1	4	MFHAS1
0.000595809909980541	1.14854569454152	0.199	0.1	1	4	TTLL4
0.000548488838563692	1.14716446414316	0.184	0.087	1	4	EXT2
0.00646859957386807	1.14632102942701	0.113	0.054	1	4	FIRRM
0.00155938769962613	1.14534326250318	0.149	0.078	1	4	CEP57
0.00624377833836719	1.14534326250318	0.156	0.078	1	4	PIKFYVE
0.00213040893490461	1.14283204334713	0.135	0.066	1	4	ACSS2
0.00414762947158968	1.14283204334713	0.177	0.087	1	4	XPNPEP2
0.00109224869262463	1.14118230612803	0.227	0.115	1	4	PPIP5K2
0.000980489292090838	1.13914699653927	0.213	0.106	1	4	CEP350
0.00175031523886329	1.13914699653927	0.213	0.106	1	4	BTBD8
0.00676942243743332	1.13914699653927	0.113	0.053	1	4	GPC2
0.00707726072726892	1.13914699653927	0.106	0.054	1	4	DOP1B
0.00101012011553411	1.13657305287544	0.213	0.113	1	4	HIVEP2
0.00833297877354801	1.13657305287544	0.135	0.064	1	4	SLC39A9
0.00185444606298483	1.13321404078553	0.156	0.081	1	4	SNX17
0.00223541115463303	1.13205757175295	0.177	0.089	1	4	CAPON
0.000594479096164218	1.13034109916393	0.22	0.111	1	4	EP400
0.000824645689938956	1.12912824071428	0.227	0.127	1	4	SERTAD2
0.00620370393161814	1.12864613710381	0.149	0.069	1	4	ZFAT
0.00386902842584232	1.12673486055019	0.163	0.087	1	4	FRMD4B
0.000194164732107412	1.12568473673271	0.241	0.121	1	4	ARHGAP29
0.000224603902897891	1.12543249527024	0.262	0.132	1	4	BLTP3B
0.000123432970497433	1.1252131907109	0.234	0.133	1	4	DENND2B
0.000148483677482174	1.1252131907109	0.255	0.14	1	4	SCAPER
0.000653187674953047	1.12207348318033	0.135	0.065	1	4	FUT2
0.00241693201181582	1.12207348318033	0.078	0.037	1	4	CEP104
0.00246506393292523	1.12207348318033	0.177	0.086	1	4	NFS1
0.000822148431831871	1.12207348318033	0.121	0.057	1	4	ACVR2B
0.00618137448947165	1.12207348318033	0.121	0.055	1	4	MORC2
0.00991012343596911	1.12207348318033	0.106	0.056	1	4	IPO9
0.00394431128914206	1.11581449270865	0.135	0.073	1	4	PASK
0.00370540885623216	1.11487798177613	0.121	0.064	1	4	TSSK4
0.00478971217997003	1.11487798177613	0.135	0.063	1	4	LRP5
0.00456883535331338	1.11361190443213	0.113	0.055	1	4	TLE3
0.000203005212062392	1.11010084151425	0.234	0.112	1	4	CEP192
0.000654029546010811	1.10901733035488	0.206	0.101	1	4	CTF1
0.000949201464723939	1.10901733035488	0.184	0.103	1	4	SUZ12
0.00369658844418953	1.10901733035488	0.142	0.069	1	4	CEP290
0.0030609289352586	1.10742670721593	0.234	0.142	1	4	PRKCA
0.000348453817193033	1.10647662812931	0.262	0.148	1	4	TRIM3
0.000238597709660426	1.10613193931131	0.39	0.233	1	4	MEF2D
0.001765819687807	1.10613193931131	0.177	0.086	1	4	KDM4A
9.39271010873333e-05	1.10519966461593	0.277	0.15	1	4	SPSB4
0.00958105615515967	1.10519966461593	0.234	0.154	1	4	BAHCC1
0.000793239139263083	1.1027081583134	0.22	0.113	1	4	PPP1R9B
0.00457533680141067	1.1023102283589	0.184	0.091	1	4	ZDHHC5
0.00138600803472613	1.10160938062061	0.142	0.068	1	4	NEK9
0.00223122407240772	1.10004717685033	0.17	0.083	1	4	ATAD2B
0.00324638654716706	1.09898987006729	0.177	0.101	1	4	LIN9
0.00398878458327481	1.09898987006729	0.206	0.097	1	4	ASCC2
0.0031568585435577	1.09765000924111	0.206	0.123	1	4	PREX1
0.000329795523775223	1.09748784490206	0.319	0.179	1	4	ADAMTS20
0.00082542760167788	1.0971988145413	0.156	0.073	1	4	RNF40
0.000124880470486386	1.09653839107319	0.184	0.081	1	4	WDR59
0.000146384856492448	1.09573933536687	0.241	0.121	1	4	SMC6
0.00557777709902738	1.09350433098356	0.099	0.049	1	4	PDE5A
0.00583681340083651	1.09350433098356	0.092	0.047	1	4	ABCA9
0.00933431466346012	1.08965200548795	0.142	0.068	1	4	PPP2R3A
0.000769025739134314	1.0885209234693	0.206	0.105	1	4	U2SURP
0.0021117099833055	1.0885209234693	0.106	0.054	1	4	POLD1
0.00141153059561593	1.0876634523945	0.191	0.093	1	4	ATL3
0.00215985558328161	1.08644957344961	0.213	0.113	1	4	EHD1
0.000958795265857567	1.08531493317021	0.199	0.096	1	4	RB1CC1
0.00667032532960825	1.08531493317021	0.184	0.1	1	4	COX10
0.000511996361761243	1.08459877776167	0.128	0.059	1	4	RIPK3
0.00114400334058815	1.08459877776167	0.128	0.062	1	4	RELA
0.00962587022287267	1.08459877776167	0.128	0.063	1	4	SLC25A14
0.000258529358979597	1.08271105090956	0.291	0.148	1	4	ZFYVE28
0.00719750975895634	1.08143149868298	0.142	0.069	1	4	ATRIP
0.000184560316609929	1.0802533074857	0.291	0.161	1	4	SMG1
0.00800897886983233	1.07882028522645	0.149	0.075	1	4	TBC1D12
0.00014286453929342	1.07835210575101	0.234	0.119	1	4	SUPV3L1
0.00522659930627092	1.07767936382188	0.106	0.05	1	4	CLYBL
0.00012705622913266	1.07703972956583	0.248	0.126	1	4	LOC138516031
0.003446115974053	1.07476776840197	0.106	0.056	1	4	PPP1R13L
0.00859773261942661	1.07476776840197	0.121	0.057	1	4	PFKFB4
0.00859773261942661	1.07476776840197	0.121	0.058	1	4	RASL10B
0.000145204874473033	1.07316388269938	0.319	0.174	1	4	KDM5A
0.00479027623058218	1.07176840133226	0.191	0.098	1	4	PI4KA
0.000294650402100011	1.07144741011036	0.241	0.127	1	4	TNKS2
0.00373442663627402	1.06762569915795	0.213	0.126	1	4	PTK7
0.00130958649617437	1.06684396245994	0.241	0.132	1	4	TNFSF12
0.00303675211793721	1.06462321099643	0.199	0.105	1	4	HAUS6
0.000633394400130179	1.06202609951039	0.234	0.129	1	4	MED14
0.00206936938583119	1.06153194124528	0.142	0.068	1	4	CUL4A
0.00468045118329921	1.06067293851619	0.149	0.074	1	4	CDYL
0.00647787896005471	1.06067293851619	0.149	0.074	1	4	KHDC4
0.00402824496884302	1.05995177127253	0.156	0.081	1	4	CNOT6L
0.00445829086295774	1.05880858972231	0.17	0.092	1	4	MIS18BP1
0.000346309295151069	1.05834788556994	0.191	0.096	1	4	CSPP1
0.00215003944591285	1.05758475672862	0.199	0.101	1	4	EFCC1
0.000967812967472861	1.05726518755223	0.227	0.115	1	4	NBAS
0.000328872688035357	1.05168415528893	0.163	0.08	1	4	LOC138569515
0.00059580326179856	1.05168415528893	0.199	0.102	1	4	SKAP2
0.00169858389071448	1.05168415528893	0.213	0.104	1	4	MAN1A2
0.00300692142470983	1.05168415528893	0.177	0.092	1	4	NEMF
0.00483821976302829	1.05168415528893	0.22	0.116	1	4	GPHN
0.00838849123892772	1.04407097117906	0.163	0.089	1	4	LRRC40
0.00586813037610806	1.04346364848396	0.163	0.081	1	4	DHX40
0.000559732384299463	1.04027939201668	0.199	0.109	1	4	SMTN
0.00122238331414534	1.03703737932453	0.184	0.091	1	4	ABCB7
0.00485576911944758	1.03703737932453	0.17	0.093	1	4	DNAJC11
0.000565698480756737	1.03668199194968	0.248	0.129	1	4	SEC24A
0.000672831836570247	1.03591683943061	0.284	0.164	1	4	MYO1B
0.00522970847755292	1.03591683943061	0.156	0.086	1	4	DCAF6
0.000698811160387992	1.03528971703826	0.262	0.15	1	4	DIAPH3
0.00539789754879257	1.03506944143803	0.213	0.123	1	4	ERLEC1
9.7172031439152e-05	1.03461064192999	0.291	0.152	1	4	SOS1
0.00141036965288185	1.03461064192999	0.142	0.08	1	4	PTPN3
0.00108705061463131	1.03122005272922	0.135	0.065	1	4	PDE4C
0.00615889420382666	1.03122005272922	0.135	0.068	1	4	MMS19
0.00167139600940167	1.03051954529089	0.184	0.093	1	4	AVEN
0.00141290298197235	1.02896407878885	0.17	0.087	1	4	TSNARE1
0.00810354128840214	1.02896407878885	0.121	0.061	1	4	FBXW5
9.39832080582442e-05	1.02809733497131	0.305	0.172	1	4	MYO6
0.00253145118252808	1.0265931743261	0.298	0.182	1	4	HIAT1
0.0018950226963579	1.02614906318179	0.206	0.102	1	4	A4GNT
0.00760163775192165	1.02614906318179	0.106	0.054	1	4	TFAM
0.000386301351348992	1.02533282834198	0.326	0.196	1	4	DNM2
0.00511467036022504	1.02504902878546	0.142	0.077	1	4	SF3B2
0.00120630221664983	1.02446268655391	0.199	0.102	1	4	APPBP2
0.000536237094524029	1.02253780962941	0.213	0.115	1	4	RTKN
0.00120659605201407	1.02253780962941	0.262	0.139	1	4	SUFU
0.000103351700848628	1.02131050624541	0.277	0.145	1	4	CCSER1
0.00057216233914685	1.01851729135373	0.262	0.137	1	4	VEZF1
0.00196725459352944	1.01691873712825	0.22	0.13	1	4	ARHGAP7
0.000460318338097043	1.01576458103399	0.199	0.111	1	4	PPP1R21
0.00137306395524195	1.01401373732288	0.184	0.088	1	4	PHF12
0.000133127576057772	1.01354902640216	0.213	0.107	1	4	FANCD2
8.92333703755472e-05	1.01295176080022	0.255	0.141	1	4	MAP4K5
0.00056704014990181	1.01295176080022	0.241	0.139	1	4	NACC2
0.00377596688022097	1.01104217079159	0.099	0.048	1	4	PNPLA6
0.000157236473199966	1.01104217079158	0.199	0.112	1	4	LOC138581099
0.00702539925228522	1.01104217079158	0.206	0.118	1	4	ADIPOR2
0.00532940736789874	1.00893450782959	0.227	0.117	1	4	INPP4A
0.000225051080008754	1.00756160205662	0.362	0.217	1	4	CCNY
0.00605672209016366	1.00756160205662	0.149	0.079	1	4	MYNN
0.00462040525265418	1.00488994380999	0.163	0.083	1	4	CDC42SE2
0.000328523216466111	1.00342898668171	0.362	0.196	1	4	AFAP1L1
0.000815942142016717	1.00342898668171	0.277	0.135	1	4	TTC7B
0.00719750975895634	1.00342898668171	0.142	0.07	1	4	CPPED1
0.00265119836202507	1.00277455480798	0.17	0.093	1	4	CIT
0.000215995808289951	1.00105808221896	0.284	0.159	1	4	ARHGAP10
0.00760163775192165	1.00105808221896	0.106	0.053	1	4	PHAF1
0.00850671671078512	1.00105808221896	0.149	0.08	1	4	DOK1
0.00129761518539956	0.997422561502457	0.255	0.127	1	4	GULP1
0.00232450636689641	0.997422561502457	0.248	0.133	1	4	INPP5B
0.00141730207184585	0.995100626922564	0.156	0.083	1	4	GNA14
0.000877695427160943	0.994852932692255	0.362	0.203	1	4	RASGRP2
0.000126482581090044	0.993968657432644	0.326	0.181	1	4	TBC1D1
0.00236615073284075	0.993688604041317	0.376	0.271	1	4	RBMS3
0.000359389480546915	0.991874760053627	0.312	0.173	1	4	HECW2
0.000365986759337778	0.989933144197487	0.284	0.161	1	4	UBR5
0.00227122149877178	0.989099617910908	0.191	0.101	1	4	ABCF3
0.000312239511802169	0.988167704538998	0.39	0.232	1	4	SMURF1
0.00505230808121668	0.984569959430394	0.17	0.089	1	4	PGBD5
0.00240416474486628	0.984569959430394	0.191	0.118	1	4	DLGAP4
0.00376228386480382	0.984569959430394	0.284	0.166	1	4	WNK3
0.00382448729514494	0.984569959430394	0.255	0.163	1	4	EPN1
0.000429891609384072	0.984569959430394	0.206	0.106	1	4	ATP2C1
0.000932800841198235	0.984569959430394	0.213	0.11	1	4	CARM1
0.00291885293858274	0.984569959430394	0.142	0.073	1	4	TMEM131L
0.00775542715101524	0.984569959430393	0.014	0.01	1	4	EGFR
0.000111614714520769	0.979893472220921	0.184	0.092	1	4	TMEM63B
0.0019736322631585	0.978620693099208	0.149	0.074	1	4	PEX14
0.00136735366377702	0.97818634263954	0.27	0.14	1	4	MAPKAPK5
0.0081981486000279	0.977683573845154	0.121	0.063	1	4	APEH
0.000715717758553357	0.977094838868247	0.213	0.122	1	4	PPP2R5D
0.00477949287936868	0.977094838868247	0.213	0.117	1	4	GIPC3
0.00232263638993643	0.974516294766471	0.17	0.088	1	4	ACACB
0.00434477840646513	0.974516294766471	0.163	0.088	1	4	EVI5L
0.0002111360483682	0.97349780193145	0.333	0.194	1	4	RABEP1
0.00636070252946168	0.971513806604948	0.135	0.067	1	4	TASP1
0.00650664527912735	0.970070389735279	0.163	0.092	1	4	RNF157
0.00251260358855006	0.969742541752755	0.241	0.144	1	4	LOC138569657
0.00440424747746142	0.969742541752755	0.277	0.152	1	4	ARB2A
0.000107906923728966	0.969221995096958	0.312	0.17	1	4	ZMYND11
0.000138017423981295	0.969221995096958	0.234	0.115	1	4	KIAA0753
0.000570224722763573	0.968973104379376	0.362	0.231	1	4	CYR61
0.000731029520158033	0.968663568521033	0.241	0.139	1	4	USP24
0.00353735843926647	0.967187881202158	0.262	0.153	1	4	GAK
0.00164985901489357	0.965954281263047	0.255	0.145	1	4	FYN
0.00217555329625558	0.963736456013228	0.156	0.086	1	4	MGAT4B
0.00146640152326925	0.963375737161271	0.248	0.146	1	4	ARFGEF2
0.000316698742378891	0.963096892646492	0.44	0.291	1	4	SIPA1L1
0.00450295163551708	0.962874888331075	0.113	0.061	1	4	FHIP1B
0.00060952160427679	0.962132570310638	0.34	0.192	1	4	PKN2
0.000439513421445171	0.961798651771736	0.248	0.136	1	4	GRK2
0.000384267217717224	0.960185800803435	0.284	0.159	1	4	CNKSR3
0.00648182941176055	0.958049083177701	0.284	0.159	1	4	KDM2A
0.00831867089622504	0.957817231824709	0.22	0.116	1	4	PLXNA1
0.000567722770636712	0.95633627870145	0.291	0.159	1	4	REPS1
0.000948160350650601	0.955715096758209	0.177	0.097	1	4	TMEM94
0.000106112001710464	0.955587565704788	0.504	0.331	1	4	PKN1
0.00022889046254462	0.954899092754051	0.206	0.119	1	4	SHOC2
0.00261232839355349	0.954899092754051	0.206	0.108	1	4	NRARP
0.000575191862157478	0.954196310386875	0.291	0.156	1	4	ANKRD28
0.000103844617681798	0.952148481738017	0.397	0.242	1	4	WIZ
0.000168627822522003	0.952148481738017	0.234	0.12	1	4	SH3BP5
0.000105233718862524	0.952148481738016	0.376	0.213	1	4	MTMR1
0.00404128088658385	0.952148481738016	0.156	0.084	1	4	ABCB9
0.00781283880382578	0.952148481738016	0.149	0.082	1	4	ZNF773
0.00350102151766738	0.952148481738016	0.106	0.057	1	4	DNMT3B
9.17156120397139e-05	0.95046210511013	0.312	0.17	1	4	MCF2L
0.00535692016021519	0.948835747697181	0.177	0.1	1	4	RYK
0.000121559964560631	0.94726626035827	0.355	0.196	1	4	SBF2
0.00174286545906239	0.947095254011731	0.241	0.127	1	4	HMBOX1
0.000202559518663488	0.943927974933048	0.376	0.234	1	4	MINK1
0.00605564685868351	0.942870668150006	0.184	0.107	1	4	DDHD2
0.00119929753394888	0.942562432908819	0.397	0.246	1	4	ATP8B2
0.000243700452217378	0.941501237538508	0.227	0.12	1	4	FN3K
0.00395832808589205	0.94017584007194	0.191	0.114	1	4	SNCAIP
0.000619184621672815	0.93847354484094	0.184	0.097	1	4	DVL3
0.00111818488212616	0.93847354484094	0.184	0.101	1	4	ZNF280D
0.000908087142865604	0.937648912042901	0.22	0.111	1	4	TRIM33
0.00729852470082373	0.937041589347808	0.128	0.066	1	4	TASOR2
0.000824308819194151	0.935907840730806	0.319	0.18	1	4	PUM1
0.00325692180918375	0.935660358949447	0.184	0.102	1	4	SLAIN2
0.000738105269758474	0.93527466317362	0.206	0.113	1	4	ATP9A
0.00711557573266078	0.93527466317362	0.213	0.119	1	4	FBRSL1
0.00120977082255948	0.934590110353712	0.298	0.169	1	4	MID1
0.00615889420382666	0.933039658790312	0.135	0.071	1	4	PGAP6
0.0013000273622263	0.933039658790312	0.199	0.118	1	4	MAML3
0.00114944758447326	0.931389921571219	0.284	0.158	1	4	RSBN1L
0.000285164725733801	0.929428405237933	0.348	0.209	1	4	RPTOR
0.000160820856034641	0.929117513082675	0.348	0.202	1	4	AMMECR1
0.000370029871400793	0.929117513082675	0.319	0.194	1	4	EXOC4
0.000132425630435864	0.928301739783649	0.376	0.218	1	4	MAP4K2
0.00345033580769355	0.927057500775186	0.227	0.132	1	4	LAMA4
0.00100449206604892	0.926854461574107	0.291	0.164	1	4	ARHGEF11
0.00641600636499872	0.926153273205072	0.149	0.079	1	4	ACER3
0.00245434719577877	0.924627418974112	0.262	0.155	1	4	ITGA4
0.00124559608664533	0.923579329541246	0.234	0.136	1	4	MMP16
0.00501691293131506	0.923169414766251	0.149	0.078	1	4	TSKU
0.000301635682001377	0.922604206124001	0.191	0.099	1	4	TIPARP
0.00118847248703871	0.922604206124001	0.184	0.099	1	4	XPO6
0.00203457350526163	0.922232903833729	0.213	0.117	1	4	TDRD10
0.000658993450090012	0.921774832694498	0.27	0.165	1	4	RLF
0.000291057328293811	0.919160069784106	0.262	0.15	1	4	DOCK11
0.000294370197689188	0.918981617802817	0.248	0.146	1	4	NUMBL
0.000171353239851524	0.918417624425467	0.199	0.104	1	4	SIN3B
0.00814628789347347	0.918417624425467	0.184	0.111	1	4	MARCHF6
0.000192772830411809	0.917932766400104	0.298	0.173	1	4	CLCN3
0.00182763034432832	0.917591259701648	0.262	0.149	1	4	SLC39A11
0.000135249765263811	0.917142031910103	0.234	0.134	1	4	BRWD1
0.00137967709785982	0.916524572007295	0.206	0.111	1	4	KIF20B
0.00384913739986164	0.916524572007295	0.206	0.113	1	4	SIN3A
0.00557435413707186	0.916524572007295	0.199	0.112	1	4	RIT1
0.00152133909847653	0.915622605712902	0.177	0.094	1	4	PDS5A
0.00276718027750142	0.915622605712902	0.17	0.093	1	4	TPCN1
0.000133899461623752	0.915133639417461	0.369	0.195	1	4	SRGAP1
0.00144488576753973	0.914748509932823	0.213	0.12	1	4	KANSL3
8.96161963229926e-05	0.913782041940967	0.277	0.163	1	4	TLK2
0.000442376902949459	0.912281098623515	0.376	0.234	1	4	SETD2
0.000517666689111932	0.912209736367873	0.383	0.254	1	4	ECPAS
0.00244697142318896	0.911506497240671	0.227	0.12	1	4	EPB41L1
0.00198388657510304	0.910264400701708	0.248	0.144	1	4	RAI14
0.00108838757503596	0.909665150416503	0.333	0.192	1	4	ANKHD1
0.000180827871860272	0.90907975984613	0.262	0.152	1	4	DIP2A
0.00966563227275342	0.907948677827481	0.184	0.101	1	4	DPY19L1
0.00101370909649592	0.907294245953756	0.241	0.136	1	4	TEP1
0.00728287597128663	0.90686760243715	0.156	0.084	1	4	XRCC5
0.00827339562028854	0.90686760243715	0.149	0.084	1	4	ENC1
0.00770412295878323	0.906344792124892	0.312	0.198	1	4	RIN3
0.00905897694627437	0.906344792124892	0.184	0.109	1	4	RBM5
0.00191008008420757	0.903708126680264	0.255	0.145	1	4	TPST2
0.0048975546287159	0.902982424934132	0.156	0.088	1	4	TRIP11
0.00457118608609944	0.902478338611432	0.298	0.194	1	4	NSD2
0.000265899850758366	0.899681061843881	0.27	0.152	1	4	ATG2B
0.000329006128499738	0.899681061843881	0.312	0.184	1	4	SETD1A
0.0050674656062032	0.899681061843881	0.17	0.097	1	4	RBM26
0.0068907893305582	0.898209674627213	0.177	0.101	1	4	TRAP1
0.00112123948057076	0.896320093425995	0.305	0.171	1	4	ADCY9
0.000768709347287539	0.896192075764001	0.312	0.195	1	4	RABGAP1L
0.00142627567351838	0.895564953371649	0.241	0.142	1	4	GCNT1
0.00672805826687369	0.895564953371649	0.128	0.075	1	4	TNFRSF10B
0.00833297877354801	0.895564953371649	0.135	0.073	1	4	ZNF383
0.00105344881381328	0.895564953371649	0.291	0.171	1	4	NHSL1
0.00301989621828391	0.894372150458816	0.191	0.107	1	4	GATAD2B
0.00996304766938893	0.894372150458816	0.184	0.109	1	4	BCKDHB
0.00204201249183986	0.891029191590972	0.298	0.194	1	4	HERC1
0.000125825467975757	0.88858335296055	0.241	0.132	1	4	C1QH1orf21
0.000113733662855399	0.887798070327959	0.411	0.252	1	4	ZSWIM8
0.000230723464156275	0.887608229543306	0.312	0.172	1	4	ZC3H3
0.00169255403403147	0.887053453516132	0.305	0.176	1	4	KMT2A
0.00413486976546974	0.885034285879479	0.241	0.149	1	4	RYBP
0.00760667707746264	0.885034285879479	0.17	0.1	1	4	RBMS2
0.00026965589713311	0.884130058309366	0.44	0.283	1	4	ARID1A
0.00962860561998892	0.883842468347108	0.234	0.144	1	4	TMEM92
0.000675568189044361	0.883701131580804	0.348	0.204	1	4	TNKS
0.000137825895297354	0.882000225789846	0.461	0.299	1	4	CAMK2G
0.000794210506993855	0.881759153846619	0.291	0.171	1	4	GALNT2
0.00012327140788295	0.881200727270694	0.418	0.266	1	4	DIP2C
0.00673275225837047	0.881065383676534	0.213	0.119	1	4	CHD8
0.00219955871225495	0.880412728139102	0.113	0.061	1	4	ACBD6
0.00134224581839168	0.879797637513332	0.227	0.125	1	4	NIBAN1
0.00253489473728964	0.879797637513332	0.22	0.127	1	4	SMG5
0.00264294700396254	0.879216959284165	0.22	0.126	1	4	MTMR12
0.00389354627695992	0.878667884095467	0.241	0.129	1	4	SEC24C
0.00949082498685129	0.878667884095467	0.234	0.137	1	4	PLEKHO1
0.00256518552641852	0.87814790029424	0.305	0.206	1	4	BCL9
0.00595180563031415	0.877186424056795	0.206	0.125	1	4	BEGAIN
0.0001712692679473	0.876960985343798	0.418	0.267	1	4	SCAF8
0.000254432422329859	0.87659744873084	0.326	0.21	1	4	USP4
0.000440688969512247	0.87631706877837	0.262	0.149	1	4	YTHDC2
0.00511157871362649	0.875527200135104	0.255	0.155	1	4	PLEKHG1
0.0012174999426615	0.87353864704165	0.291	0.183	1	4	SMAD3
0.00348136709842762	0.87353864704165	0.163	0.091	1	4	ABCD3
0.00135943474193111	0.872459593108857	0.177	0.101	1	4	GSK3A
0.000218198815304119	0.870848379636168	0.44	0.292	1	4	BIRC6
0.00226441360204746	0.870010195167538	0.206	0.118	1	4	AGPS
0.000429975677357803	0.869092742010458	0.22	0.131	1	4	USP3
0.000117576142764558	0.867862927733541	0.255	0.151	1	4	RNF14
0.00375741759199641	0.867862927733541	0.27	0.152	1	4	CTIF
0.0029763197757801	0.867076396411954	0.241	0.154	1	4	ITPK1
0.000407135316507436	0.866901195119505	0.277	0.164	1	4	CERS5
0.00912027633176497	0.866572750031943	0.277	0.168	1	4	PSD
0.000150975644595975	0.865991837988302	0.319	0.178	1	4	PHF21A
0.00415344340251295	0.859039077346535	0.184	0.103	1	4	RAPGEF3
0.00572269202465941	0.859039077346535	0.156	0.084	1	4	HIKESHI
0.00243522546140946	0.851843575942331	0.284	0.177	1	4	TTC17
0.00261547824231586	0.850865145900835	0.433	0.281	1	4	PARG
0.00235653275832788	0.849323922513323	0.234	0.135	1	4	TMEM259
0.000235959227048266	0.848312670753477	0.39	0.226	1	4	STRN3
0.00025397139364195	0.847811821923281	0.333	0.223	1	4	ATRN
0.000113049768199565	0.847066435680459	0.355	0.203	1	4	RALGPS2
0.0050287830262126	0.847066435680459	0.206	0.116	1	4	HGS
0.00191172084490805	0.846655352890703	0.184	0.097	1	4	NAV3
0.00301821844826426	0.846215036988951	0.184	0.103	1	4	SETX
0.0058151628390191	0.846215036988951	0.184	0.108	1	4	UBE2H
0.00562334009279914	0.845982924521089	0.333	0.196	1	4	CNOT4
0.00650467188993912	0.845233277821504	0.17	0.098	1	4	ZDHHC9
0.00176163434004528	0.844683784369465	0.319	0.183	1	4	PCDH12
0.000238751491944238	0.84449076877738	0.383	0.253	1	4	GIT2
0.00148197546256794	0.844088735880564	0.291	0.174	1	4	ANKRD52
0.00393377805677079	0.842360336199905	0.262	0.161	1	4	TRPC4AP
0.000230686657728487	0.840503125909107	0.312	0.191	1	4	DVL1
0.00168134814503623	0.83913951990883	0.319	0.203	1	4	LRCH3
0.0094223714980897	0.837977461818705	0.22	0.127	1	4	RFC1
0.00274607337803752	0.836671264318081	0.199	0.117	1	4	ANKIB1
0.000413875210971946	0.834791531099858	0.34	0.208	1	4	ZFPM1
0.000476824457066291	0.834791531099858	0.34	0.219	1	4	DIP2B
0.000193353802514558	0.834092720216304	0.291	0.16	1	4	TSC22D1
0.000877068673750316	0.833503985239398	0.255	0.152	1	4	ABL1
0.00698529697817624	0.83223901800282	0.227	0.143	1	4	S1PR2
0.00330939826398146	0.831970834148364	0.348	0.23	1	4	STAG1
0.00320810106115536	0.830087703650406	0.39	0.254	1	4	ASH1L
0.00223362879945962	0.829892731687019	0.312	0.188	1	4	WAPL
0.00055695618997429	0.829291733952483	0.298	0.185	1	4	DARS1
0.00275675102825537	0.829291733952483	0.163	0.087	1	4	INTS8
0.00567564903219493	0.828665428303016	0.277	0.174	1	4	VPS41
0.000298027044152953	0.828450757513112	0.227	0.124	1	4	FOXO1
0.00408045602335803	0.826617599654158	0.305	0.196	1	4	TBC1D10B
0.00279395313120524	0.824550700961244	0.191	0.113	1	4	HK1
0.00229023062308527	0.823992130247335	0.319	0.208	1	4	HDAC5
0.00515123661866331	0.822513201321421	0.241	0.148	1	4	LRPPRC
0.00910120308984749	0.822513201321421	0.234	0.141	1	4	UBE4B
0.00322142675757221	0.822202309166164	0.191	0.11	1	4	IFRD1
0.00883157482372635	0.821170891756092	0.262	0.168	1	4	MAP4K3
0.00478337875288952	0.820358609182475	0.262	0.165	1	4	MAMLD1
0.00826474984809741	0.818775207132808	0.291	0.194	1	4	ZEB1
0.000738992668957137	0.818397092849189	0.234	0.131	1	4	DPP9
0.00118043537747288	0.818397092849189	0.234	0.129	1	4	AMBRA1
0.00450613297594649	0.81801180908648	0.163	0.098	1	4	NUMB
0.00380577928779605	0.816728272488571	0.255	0.157	1	4	GOLGA4
0.00221681310968535	0.815537438709949	0.277	0.173	1	4	BMPR2
0.00107333390102801	0.813715086837045	0.284	0.173	1	4	ATXN2L
0.00785557960364588	0.8127454250726	0.262	0.163	1	4	INPP5F
0.00030082864423915	0.8127454250726	0.489	0.295	1	4	VMP1
0.000150300761459652	0.812496491409505	0.355	0.213	1	4	TRAPPC9
0.00659166667302685	0.811733362568179	0.27	0.168	1	4	TUT7
0.00194395097722029	0.811104600282833	0.482	0.352	1	4	RSU1
0.00113996636518341	0.809795558326686	0.234	0.137	1	4	SLC38A10
0.00289845459163426	0.808413004276567	0.184	0.108	1	4	RCOR3
0.00153075588451065	0.807610838539532	0.362	0.224	1	4	FBXW7
0.00376351423086684	0.807376957524043	0.284	0.18	1	4	SPTLC1
0.000136124793543529	0.805044187705806	0.355	0.205	1	4	ETS2
0.00211273205135928	0.804591293324159	0.34	0.213	1	4	VPS13C
0.00597996880290139	0.804591293324159	0.298	0.194	1	4	USP11
0.00124194004527284	0.804215052602013	0.362	0.247	1	4	ROCK1
0.000473594545700157	0.803997713788573	0.262	0.156	1	4	ARID5B
0.000344257178059321	0.803185842613018	0.433	0.312	1	4	TANC1
0.00705059456901074	0.80277085769979	0.284	0.165	1	4	CPT1A
0.00722045936223829	0.802008132310156	0.199	0.121	1	4	DMXL1
0.00550609485963898	0.800145388292967	0.234	0.135	1	4	ABCB1
0.000159851900513139	0.799741893662763	0.567	0.412	1	4	ERG
0.000726159712025353	0.799167621369137	0.305	0.211	1	4	ADGRE5
0.00247127834511767	0.798156835199513	0.191	0.113	1	4	TPR
0.00322142675757221	0.798156835199513	0.191	0.112	1	4	COP1
0.00649001742644687	0.795713141977706	0.22	0.146	1	4	TTC3
0.00863775967987733	0.795536135040377	0.277	0.18	1	4	ZMYM4
0.0090912057342827	0.794908739926819	0.206	0.124	1	4	ZNF391
0.00466841681499336	0.793565239869254	0.362	0.243	1	4	CNOT1
0.00398878458327481	0.790867574704956	0.206	0.122	1	4	WDR7
0.00761532857361552	0.790867574704956	0.206	0.12	1	4	TRAPPC11
0.00853285419824212	0.790867574704956	0.206	0.118	1	4	KPNA1
0.000380577617235143	0.789997432916884	0.291	0.187	1	4	MVB12B
0.000764760870775788	0.788649749455137	0.355	0.229	1	4	FAF1
0.000794135479697606	0.788649749455137	0.206	0.121	1	4	ZFYVE9
0.0052618405929988	0.787576714789911	0.355	0.232	1	4	HNRNPLL
9.16974617588868e-05	0.785038495902758	0.518	0.343	1	4	FGD5
0.00020359060202636	0.785038495902758	0.319	0.199	1	4	BAZ2B
0.00361472572023015	0.785038495902758	0.248	0.143	1	4	PPP1R12B
0.00101891023111394	0.780382133471537	0.34	0.211	1	4	USP34
0.00139167444945094	0.780087735951713	0.241	0.149	1	4	ANKRD50
0.00696079069609645	0.777509191849937	0.262	0.153	1	4	RNF216
0.00375953405445348	0.777400608322178	0.397	0.267	1	4	MYO10
0.00049248539266151	0.776576917154562	0.312	0.196	1	4	OSBP
0.00247705411223242	0.775270719653937	0.277	0.172	1	4	SLMAP
0.00133322003162812	0.774258657149516	0.482	0.33	1	4	IGF2BP2
0.00026430522547978	0.771576236096196	0.305	0.18	1	4	TUBB6
0.00344017626843491	0.771576236096196	0.163	0.098	1	4	LEO1
0.00441544469177462	0.771576236096196	0.17	0.11	1	4	RALGPS1
0.00242994565780032	0.769913186873551	0.298	0.185	1	4	TBC1D4
0.00243337545531062	0.76915357382934	0.227	0.137	1	4	BNIP2
0.00595343775125909	0.76915357382934	0.227	0.132	1	4	VPS13B
0.00014631894294698	0.76789118928834	0.298	0.174	1	4	LARP1
0.00165275120505221	0.767408601880967	0.319	0.208	1	4	MBOAT2
0.000537413348684399	0.765612213378266	0.376	0.26	1	4	NKAIN1
0.00546843749381504	0.764711694798382	0.227	0.144	1	4	CRYBG1
0.00362625799945659	0.763881844306195	0.22	0.132	1	4	FXR2
0.000545302564163768	0.762177538093946	0.418	0.262	1	4	AP1G1
0.00603614987050154	0.76174187599162	0.255	0.172	1	4	PLAA
0.000387120442126467	0.761428280720113	0.411	0.272	1	4	ASAP2
0.00871417391995913	0.761125320819611	0.411	0.302	1	4	RGL3
0.00015466156130893	0.760411044618819	0.525	0.35	1	4	GNAS
0.000150483997119898	0.76022134112862	0.397	0.248	1	4	UBAP2
0.00715310656358279	0.760153412836078	0.383	0.268	1	4	GNA12
0.00475602813985447	0.759503403795621	0.291	0.193	1	4	LOC138497172
0.000326804561479551	0.758774953873106	0.39	0.232	1	4	KIF13A
0.00678268203436139	0.757755741509354	0.312	0.193	1	4	EPS15L1
0.00230379072986704	0.756120764400968	0.376	0.249	1	4	NCOR2
0.00500790257564064	0.75560948769113	0.241	0.147	1	4	AGO2
0.00695223336678661	0.7547024175318	0.128	0.081	1	4	RNF149
0.00399079150061919	0.754069517744993	0.291	0.202	1	4	EYA3
0.00270466417582808	0.752539456045856	0.348	0.232	1	4	SBF1
0.00727373761352819	0.75123578781202	0.191	0.115	1	4	PRR14L
0.00970393633608217	0.75123578781202	0.184	0.113	1	4	RAB3GAP2
0.000447134455113899	0.75123578781202	0.362	0.212	1	4	PPP6R1
0.00582841535066386	0.750514620568366	0.213	0.126	1	4	TMEM131
0.00306377231473965	0.750202585303629	0.369	0.248	1	4	AOPEP
0.00351736888273895	0.750202585303629	0.39	0.243	1	4	PDE8A
0.00179076344575703	0.749414586172037	0.234	0.148	1	4	SNX14
0.000531521111838567	0.747836515026925	0.418	0.271	1	4	WDR26
0.00221830324286141	0.74775574381279	0.333	0.201	1	4	CCSER2
0.00124044434967803	0.747328689849518	0.333	0.216	1	4	MTMR3
0.00366604220419811	0.74682957376051	0.213	0.137	1	4	ASCC3
0.00165348336888676	0.746564348088122	0.241	0.147	1	4	EGFLAM
0.000444122892592626	0.745219177789373	0.369	0.241	1	4	DNAJC13
0.000148772925708229	0.741469480965359	0.34	0.193	1	4	MSI2
0.00560133884267332	0.740098004623028	0.362	0.239	1	4	DIAPH1
0.00143347231980518	0.737409632945004	0.319	0.204	1	4	MAU2
0.00816648752947767	0.737048552967924	0.206	0.128	1	4	PDE3B
0.0079503326999413	0.735656661841253	0.184	0.113	1	4	ITPRIP
0.00333559535563862	0.735210490493677	0.319	0.204	1	4	TAOK1
0.00452429184488672	0.735050360071082	0.248	0.153	1	4	DENND6A
0.00308910824763484	0.73434332989722	0.227	0.141	1	4	ZFC3H1
0.0020593973089067	0.733508195262676	0.27	0.173	1	4	KANSL1
0.00704834293556122	0.732930308196712	0.298	0.197	1	4	FER
0.00463335603717701	0.732182797796109	0.348	0.253	1	4	PSMD1
0.00149715545392429	0.731927159443196	0.362	0.218	1	4	TNPO1
0.00089346400724647	0.730934251598849	0.22	0.133	1	4	EIF2B5
0.00442323872923011	0.730934251598849	0.234	0.143	1	4	PNISR
0.00083599118791623	0.730714980370995	0.433	0.302	1	4	FAM120C
0.00518765405594818	0.729756060401568	0.298	0.179	1	4	PARD3B
8.63468163918622e-05	0.729080483221868	0.362	0.229	1	4	PTPN11
0.00278940643689579	0.728015426720614	0.589	0.457	1	4	AKAP13
0.000130641445790371	0.727333398134713	0.397	0.241	1	4	RABGAP1
0.00506716302056488	0.726588781322886	0.305	0.206	1	4	PAN3
0.000120056850472105	0.72614480684919	0.348	0.208	1	4	HDAC4
0.006643505859571	0.718861419298275	0.277	0.182	1	4	LYN
0.000972968470114885	0.717377928122944	0.369	0.241	1	4	ATXN2
0.00646171061871	0.715782026366303	0.433	0.324	1	4	UTRN
0.00385764440422386	0.714992707729828	0.305	0.188	1	4	DGKH
0.00460224510986754	0.714267553132561	0.291	0.171	1	4	SCAF4
0.000503600540689844	0.713988744543252	0.418	0.289	1	4	DST
0.000193830159098852	0.713608637824971	0.404	0.242	1	4	KMT2C
0.0013996166026077	0.712197689017264	0.262	0.155	1	4	BICRA
0.002556465967494	0.710647237453864	0.333	0.227	1	4	PRP4K
0.000106339946476588	0.707035983901485	0.411	0.271	1	4	PRKACA
0.00448000688170961	0.707035983901485	0.348	0.26	1	4	IGF1R
0.00777593078671074	0.703760851868624	0.326	0.215	1	4	AP3B1
0.00552156730735599	0.703760851868624	0.27	0.18	1	4	FBXW11
0.000333449059322664	0.702170228729669	0.383	0.258	1	4	FRYL
0.00944949119175831	0.701497800360055	0.262	0.16	1	4	SAMD4B
0.00492179308550141	0.701497800360055	0.284	0.162	1	4	TRBC2
0.00451815681370138	0.696418876527456	0.262	0.175	1	4	TRERF1
0.00392359630470387	0.69610050622033	0.34	0.26	1	4	RIN2
0.00013871936959069	0.69446731039843	0.34	0.208	1	4	ATRNL1
0.00705270964390328	0.694294315009903	0.206	0.132	1	4	PSMC5
0.000845366827623934	0.693230184376455	0.248	0.158	1	4	DHX38
0.000267638527840894	0.689114075904223	0.546	0.433	1	4	DLK1
0.00839535254118275	0.689114075904222	0.163	0.1	1	4	CCDC93
0.000203935379195807	0.6864886064974	0.362	0.235	1	4	ZFAND3
0.000564600693719508	0.685707474460973	0.305	0.187	1	4	GRK5
0.003975178717861	0.685707474460973	0.284	0.196	1	4	PHF20
0.004097721436461	0.685707474460973	0.27	0.193	1	4	NCOA3
0.00186856298651983	0.684541346114399	0.39	0.268	1	4	FAR1
0.00850419574908271	0.683597070936657	0.319	0.225	1	4	CGNL1
0.000392024710863706	0.683189241947117	0.177	0.11	1	4	LCORL
0.00710646107818614	0.683189241947117	0.177	0.113	1	4	SCAP
0.00579376952639219	0.681846075440184	0.27	0.178	1	4	IARS1
0.00149144088134145	0.680396858803114	0.326	0.219	1	4	FNDC3B
0.00258877259207584	0.680068936301216	0.319	0.206	1	4	PIK3CA
0.000107698816984078	0.679252827387947	0.475	0.309	1	4	HIPK2
0.00311075926276248	0.679129987331601	0.454	0.325	1	4	SKI
0.00449989310801893	0.677709312631974	0.319	0.228	1	4	FOXK2
0.00913310792038337	0.676346779830345	0.305	0.205	1	4	KPNA3
0.00390635847779033	0.675592936250604	0.348	0.23	1	4	CELF1
0.00282708917918614	0.675120803824723	0.319	0.227	1	4	GIGYF1
0.00755075219966069	0.674279034741281	0.411	0.305	1	4	WNK1
0.00638714819861709	0.673927672089547	0.27	0.166	1	4	DDHD1
0.00833297877354801	0.673172532035201	0.135	0.084	1	4	LPCAT3
0.00677408467436917	0.671412074170764	0.227	0.146	1	4	PBX1
0.00934295632991609	0.670377513322637	0.22	0.139	1	4	ATG13
0.0089127613438389	0.66809629463514	0.326	0.222	1	4	PPP2R2A
0.00378645066405155	0.667278274663751	0.319	0.198	1	4	OGDH
0.00903363445016099	0.667278274663751	0.312	0.202	1	4	UBE2Q2
0.00653791873358567	0.666393999404139	0.248	0.175	1	4	HIF3A
0.000648567662026842	0.665655103080234	0.348	0.243	1	4	STAT5B
0.00967274128241745	0.664023094941392	0.248	0.158	1	4	TNPO3
0.00321528280532034	0.662641864543031	0.262	0.18	1	4	PITPNM2
0.000312161359437256	0.662238369912828	0.369	0.238	1	4	ZNF407
0.00675147594777846	0.661737636972918	0.191	0.123	1	4	CLUH
0.0020284984326186	0.661099699734626	0.44	0.312	1	4	IQGAP2
0.00253503782908008	0.661099699734626	0.34	0.228	1	4	LOC138510069
0.0012554661949631	0.660769450210261	0.34	0.216	1	4	DYRK3
0.00151624618435842	0.658506089973826	0.355	0.225	1	4	RBM6
0.00197170348962076	0.658506089973826	0.333	0.221	1	4	USP32
0.00203332589995031	0.658220067958439	0.404	0.275	1	4	LYST
0.000382082286361319	0.657405216176884	0.39	0.26	1	4	HELZ
0.000903127585866396	0.656222194346848	0.333	0.216	1	4	PPP2R5A
0.00899834078561976	0.655505683261403	0.22	0.141	1	4	OTUD7B
0.00394099688234983	0.654680578840349	0.447	0.315	1	4	NCOA2
0.00012339914565528	0.652588199879109	0.411	0.286	1	4	SLCO3A1
0.00724310571834014	0.651714104099029	0.319	0.217	1	4	PDS5B
0.00397715519038624	0.650639928089587	0.255	0.154	1	4	PHKB
0.00078295613660513	0.648142294847917	0.511	0.36	1	4	PLCG1
0.0019175132400659	0.646045354012337	0.404	0.282	1	4	TAOK3
0.00118055653319433	0.64533238387631	0.596	0.408	1	4	FLNB
0.00562727669866595	0.644914271993688	0.298	0.208	1	4	KAT6A
0.00475177407984815	0.643806447582953	0.496	0.355	1	4	NFX1
0.00408212957340337	0.64365004374785	0.348	0.233	1	4	DENND4C
0.00754204452118263	0.64365004374785	0.34	0.242	1	4	ANKRD11
0.00695267284046825	0.643310386291098	0.199	0.132	1	4	MCU
0.00482115270946034	0.642721170419772	0.22	0.147	1	4	DLST
0.00366003084331144	0.639593940060424	0.184	0.118	1	4	KCNN3
0.00943736061438611	0.639593940060424	0.22	0.145	1	4	SLC12A9
0.00868329709690521	0.636646656010087	0.333	0.225	1	4	TRAPPC8
0.000539360016079862	0.634871031120235	0.348	0.227	1	4	TOX2
0.00284753626106457	0.633326297718476	0.383	0.247	1	4	PLSCR1
0.000761306311394777	0.633157669930207	0.376	0.241	1	4	PAK2
0.00131153671812962	0.633157669930207	0.34	0.234	1	4	OGT
0.000270028026097348	0.628741457924741	0.447	0.3	1	4	TNFAIP8L1
0.00792041195992049	0.625241892737838	0.184	0.116	1	4	DR1
0.00117667752059555	0.624063526572474	0.525	0.35	1	4	PDE2A
0.00702938078024524	0.621999880045685	0.227	0.145	1	4	ITM2C
0.00967833535044137	0.621271430123171	0.333	0.243	1	4	PPP6R3
0.000904334801834768	0.620252217759418	0.426	0.293	1	4	KTN1
0.0015448369343192	0.617688498306203	0.447	0.297	1	4	MCAM
0.00477554000343557	0.616468774072457	0.404	0.27	1	4	RAI1
0.00202962455235162	0.614620349680088	0.39	0.257	1	4	RC3H1
0.00646601038811389	0.61249279430131	0.326	0.227	1	4	WIPF1
0.000872491416768722	0.61111156390295	0.418	0.278	1	4	SGMS1
0.00848263152933174	0.61111156390295	0.284	0.202	1	4	ABHD2
0.00119169402321305	0.608077503813316	0.589	0.449	1	4	ZNF318
0.00117269310193641	0.607813973802375	0.496	0.349	1	4	XPO5
0.00021109123941897	0.604968069704305	0.44	0.298	1	4	CTTN
0.00383187644526813	0.604797789970747	0.298	0.19	1	4	ATP13A3
0.00285916943139576	0.604225178317709	0.277	0.183	1	4	NCOA1
0.00728348600623886	0.604225178317709	0.277	0.183	1	4	RALGAPA2
0.00224233334610928	0.602699324086749	0.355	0.24	1	4	CAMK2D
0.00805330155051994	0.601241319878888	0.156	0.101	1	4	MTOR
0.00672688543992796	0.598274845137568	0.291	0.212	1	4	ZNRF1
0.00275768524129737	0.597773764365797	0.213	0.149	1	4	CTDSPL2
0.00365628624324275	0.594539262508242	0.262	0.178	1	4	CLTCL1
0.00511848683392391	0.59369451082554	0.177	0.113	1	4	RAB3GAP1
0.00672108230955096	0.592695194299971	0.532	0.435	1	4	FLNA
0.0026047546084767	0.591266752506078	0.234	0.161	1	4	CNTRL
0.00142337556967762	0.591105872099902	0.319	0.199	1	4	AMFR
0.00264562591564458	0.588510134965817	0.447	0.317	1	4	PSMD14
0.00614980020416242	0.586020582940119	0.397	0.272	1	4	THOC2
0.00754699042249939	0.581810789929987	0.348	0.245	1	4	RB1
0.000125532147743344	0.579885006149464	0.468	0.322	1	4	PTPRE
0.00950610547360881	0.577003709582685	0.539	0.414	1	4	GPX1
0.0077649589323664	0.576105114075036	0.199	0.133	1	4	DDAH2
0.000484368778133013	0.574758269377041	0.603	0.417	1	4	TSPAN14
0.00439561626013257	0.572157929558374	0.17	0.112	1	4	DLG5
0.00899029284531113	0.56953246015155	0.17	0.114	1	4	JAG1
0.009657501380605	0.567272952969425	0.333	0.228	1	4	CDKAL1
0.000674082922752297	0.565475873712535	0.539	0.368	1	4	EZR
0.000762433676935051	0.560072130902484	0.447	0.303	1	4	NR3C1
0.00675462264672676	0.556476307326104	0.418	0.32	1	4	NIPBL
0.00944091523726086	0.544930486918472	0.241	0.164	1	4	SNX27
0.00443327395134924	0.543182301428381	0.681	0.661	1	4	ACTG1
0.0025061675546298	0.542094389973428	0.326	0.224	1	4	PPP1R16B
0.00445535811024784	0.540677597479365	0.447	0.322	1	4	SEPTIN9
0.00212932161486227	0.540393566448474	0.482	0.354	1	4	KIF5B
0.00465223298264535	0.537110982459173	0.234	0.155	1	4	LOC138567585
0.00425954156994421	0.531464419318031	0.312	0.214	1	4	MIA3
0.00953195899345538	0.518002159511468	0.291	0.206	1	4	STAG2
0.00851568766463809	0.516646879899457	0.376	0.294	1	4	AHR
0.00763864896999219	0.511115773926228	0.34	0.234	1	4	RGCC
0.00277674798160375	0.502028523303727	0.397	0.293	1	4	AP3D1
0.000597137492613541	0.501082673274959	0.496	0.345	1	4	RASIP1
0.00995706971376009	0.498388214472896	0.752	0.675	1	4	LOC138504630
0.00307464713774687	0.496921892343474	0.66	0.562	1	4	CD81
0.000225708062831854	0.487923432831641	0.681	0.542	1	4	COL5A2
0.00382529553684777	0.476265427238646	0.34	0.262	1	4	PTGIS
0.00569310660532697	0.462686141332618	0.227	0.159	1	4	BTBD9
0.00902392463370437	0.456001379158101	0.468	0.347	1	4	PGGHG
0.00692083731348683	0.455683383115327	0.411	0.283	1	4	SSU72
0.0052892354669497	0.4546488222672	0.369	0.3	1	4	ACTN4
0.00624359947794	0.429727447085573	0.284	0.208	1	4	COPB1
0.000366207402223418	0.419785340646868	0.567	0.446	1	4	SLC2A1
0.000846387057952543	0.419668431411138	0.688	0.507	1	4	SEMA3F
0.000264846984309792	0.412086397990929	0.518	0.371	1	4	ITGA5
0.00218020398096713	0.392128272837484	0.993	1	1	4	unassigned-gene-4
0.00166945804461642	0.385107889014123	0.34	0.225	1	4	DAB2IP
0.00295349709739508	0.368403959173532	0.468	0.317	1	4	ADD1
0.00241377664199298	0.368157820084185	0.582	0.426	1	4	SLC29A1
0.00532285128988205	0.324117259124974	0.468	0.37	1	4	KANK3
0.00083269908248476	0.306973328590178	0.745	0.632	1	4	RALB
0.000928275293001388	0.142588310550676	0.83	0.7	1	4	PRSS23
0.00358278546393005	-0.154101349151187	1	1	1	4	ACTB
0.00191691322523719	-0.226311162792827	0.922	0.937	1	4	SUGP2
0.000301842500254421	-0.257866315449121	0.965	0.994	1	4	Fth1
0.00684466758962301	-0.270499940848485	0.61	0.711	1	4	ZNF326
0.00723319520028984	-0.309816865105852	0.574	0.709	1	4	SLC25A3
0.00363956628522188	-0.316279182865996	0.454	0.551	1	4	YWHAB
0.000149669475378134	-0.327280068496123	0.972	0.999	1	4	TMSB4X
0.000372034314670514	-0.332965861784461	0.716	0.891	1	4	SLC25A5
0.00348212741258901	-0.343693067238888	0.794	0.901	1	4	HSPA8
0.0039727826469022	-0.343829556887698	0.787	0.915	1	4	TXN
0.00141643682106508	-0.352015800055632	0.369	0.495	1	4	TMEM258
0.00582944584664744	-0.364799944974336	0.66	0.744	1	4	TPM3
0.0079046814083747	-0.365454866635201	0.454	0.575	1	4	TMED2
0.00134733880782455	-0.378000119954314	0.603	0.721	1	4	AKAP8L
0.00330176762080527	-0.382546909223224	0.603	0.698	1	4	TRA2B
0.000427263778405524	-0.385229351320846	0.787	0.921	1	4	ANXA2
0.00303683267813947	-0.385306076588284	0.716	0.787	1	4	ANXA5
0.00922371454737898	-0.390342326213937	0.681	0.799	1	4	TUBA1C
0.0013044064795199	-0.398716096994413	0.525	0.689	1	4	LIFR
0.000828778443945262	-0.401023761955968	0.631	0.744	1	4	HNRNPH3
0.00412726074648406	-0.408546420718446	0.73	0.813	1	4	LOC138516040
9.79575446522352e-05	-0.424826799296873	0.759	0.852	1	4	RPS3
0.00470413183951844	-0.433141674146775	0.291	0.393	1	4	ANXA3
0.000137751463700385	-0.43540828111872	0.631	0.743	1	4	YWHAE
0.000110924088290573	-0.437462558018425	0.702	0.771	1	4	CDC42
0.00587074344248391	-0.440079134632741	0.255	0.359	1	4	EHD3
0.0052389491650077	-0.442398491753043	0.404	0.525	1	4	PSMA2
0.00891267934021657	-0.443947453887367	0.383	0.483	1	4	EIF5
0.00304581249377104	-0.444892588246981	0.553	0.672	1	4	EIF2S2
0.000252817496512805	-0.445383908450397	0.702	0.812	1	4	SRSF2
0.00866464750241361	-0.446045507377413	0.454	0.557	1	4	TUBA1B
0.00216432493106582	-0.449192442760588	0.546	0.669	1	4	RPL4
0.00324422827813072	-0.450177965791273	0.312	0.391	1	4	WSB1
0.000114467896486408	-0.453650810685489	0.624	0.705	1	4	HNRNPH1
0.00312799273801636	-0.454761136657427	0.454	0.558	1	4	SNRPD3
0.00147120182880967	-0.455099669435265	0.617	0.701	1	4	SNRPE
0.00734225733524676	-0.46039946551513	0.326	0.45	1	4	EDF1
0.00725138449150056	-0.461084520694079	0.447	0.537	1	4	HNRNPDL
0.000396803577846895	-0.461660669198517	0.745	0.856	1	4	RBMX
0.00950478515841981	-0.465608518894419	0.305	0.419	1	4	BRK1
0.00687148422887458	-0.479086245068629	0.355	0.474	1	4	PA2G4
9.85563729104248e-05	-0.481552861805863	0.631	0.778	1	4	RACK1
0.000250116912827376	-0.482571383402527	0.645	0.806	1	4	EIF4A1
0.00112421668136166	-0.483756765253343	0.525	0.631	1	4	MARCKS
9.56749448444087e-05	-0.486069387639981	0.539	0.696	1	4	ABRACL
0.00227757465836116	-0.488553900934175	0.553	0.67	1	4	ARF1
0.0026545445992928	-0.490843079111829	0.277	0.37	1	4	ETF1
0.000126413224220422	-0.492433293154843	0.709	0.802	1	4	H3F3A
0.00472878936703366	-0.500242432023197	0.255	0.374	1	4	PCNA
0.000116817148078483	-0.501708266431355	0.496	0.658	1	4	ILF3
0.000325762128227906	-0.502340168259551	0.504	0.628	1	4	NCOA5
0.00367218222899979	-0.503303285986735	0.482	0.591	1	4	VDAC2
0.00352129724817761	-0.511583274332906	0.383	0.479	1	4	TMEM167A
0.000998179381027729	-0.512055074344712	0.369	0.508	1	4	CBX3
0.00591161820298571	-0.512519785265428	0.227	0.35	1	4	SRSF6
0.00729623902123795	-0.516948144491648	0.319	0.44	1	4	CLTA
0.00613966027973254	-0.524345220662217	0.546	0.607	1	4	RHOC
0.00563822489542732	-0.529839261465454	0.404	0.53	1	4	RPL8
0.000188142444940432	-0.533649647722497	0.567	0.74	1	4	CALM2
0.00623849142753334	-0.537851075222049	0.333	0.461	1	4	ERH
0.00421390514168174	-0.5408915295421	0.34	0.484	1	4	SSR2
0.00963178353001461	-0.541244655242282	0.262	0.374	1	4	TXNDC17
0.001580717102608	-0.549188863935048	0.383	0.516	1	4	MYEF2
0.00975217299079915	-0.549974634304538	0.248	0.362	1	4	MACROH2A2
0.000176586315867789	-0.551116200552563	0.489	0.649	1	4	UQCRH
8.45986519550592e-05	-0.572378165121166	0.475	0.633	1	4	IFITM1
0.00090848399019973	-0.572998774458511	0.312	0.461	1	4	CNIH1
0.00487474835741145	-0.57536374679924	0.411	0.508	1	4	PSMA4
0.00152616966302271	-0.580830274912244	0.312	0.444	1	4	KRTCAP2
0.00526062083092794	-0.583183251258539	0.383	0.495	1	4	BTF3
0.00121578328409003	-0.583904418502193	0.418	0.569	1	4	ELOC
0.00138207904761484	-0.595893956289705	0.546	0.633	1	4	STMN1
0.00421375249895275	-0.597339217313208	0.234	0.381	1	4	ACP1
0.00185701351164982	-0.600392541290762	0.333	0.474	1	4	SEC61G
0.000710833876093615	-0.606776158081616	0.44	0.578	1	4	BZW1
0.00986043662452954	-0.610987656529961	0.234	0.339	1	4	RHEB
0.000857083184570669	-0.624589251721409	0.241	0.388	1	4	SUMO2
0.000132767970590413	-0.626387749823707	0.489	0.674	1	4	BTF3L4
0.00259305494146382	-0.628406917460358	0.305	0.437	1	4	CCT5
0.000783326969172809	-0.629649717139255	0.376	0.523	1	4	GSTM1
0.00022335229629317	-0.644459322745725	0.447	0.575	1	4	SEPT2
0.00272977610953968	-0.649302141771709	0.468	0.592	1	4	RPL5
0.00705752262190986	-0.654370162349587	0.177	0.302	1	4	CS
0.00671695252491286	-0.656660760937507	0.213	0.306	1	4	LSM7
0.00211550801860299	-0.65697606965713	0.298	0.424	1	4	TUSC3
0.00359698304004883	-0.667029734321053	0.142	0.259	1	4	PDCD5
0.0003711080344165	-0.678395053292035	0.312	0.466	1	4	MTPN
0.00010766755291238	-0.68599195110089	0.333	0.502	1	4	SUMO3
0.0027094331995241	-0.686929291758757	0.411	0.553	1	4	MATR3
0.00161965298290654	-0.687569615472545	0.319	0.444	1	4	GLRX
0.000887922284083016	-0.690424742153235	0.284	0.443	1	4	UBE2N
0.00119541488112282	-0.697689742645677	0.397	0.528	1	4	KRT19
0.000219831162991637	-0.708001515377359	0.468	0.599	1	4	RBX1
0.00532041374197037	-0.7125029076123	0.17	0.277	1	4	VBP1
0.000171503294723231	-0.712917713549858	0.369	0.539	1	4	EEF1D
0.00160056284468474	-0.714608110146787	0.206	0.326	1	4	PHF5A
0.000120277307551486	-0.715365231676044	0.411	0.588	1	4	LOC138488548
0.00396592550290159	-0.71806130560165	0.277	0.423	1	4	TOMM20
0.00597738614543534	-0.718389750689214	0.191	0.312	1	4	LOC138472955
0.000652466792581773	-0.719228770800613	0.312	0.477	1	4	LOC138580477
0.00363129376449304	-0.737328186646871	0.128	0.232	1	4	LAMTOR5
0.000310980465573151	-0.747838199803062	0.291	0.455	1	4	NDUFAB1
0.00635759910040964	-0.747901792470116	0.227	0.333	1	4	ANP32E
0.00567822378324281	-0.754492575571392	0.149	0.261	1	4	LOC138549408
0.00113687270704801	-0.755670766768673	0.241	0.394	1	4	LSM3
0.00987764428373051	-0.765451787561259	0.064	0.131	1	4	SBSPON
0.00251666115803231	-0.77922164953467	0.184	0.312	1	4	GSTT1
0.000161930908429367	-0.780964786932583	0.277	0.421	1	4	NAA50
0.00136795091370747	-0.798492049325266	0.312	0.459	1	4	FOS
0.000396422586355453	-0.799504555755728	0.248	0.389	1	4	DEK
0.00389232146061667	-0.806843418758189	0.163	0.283	1	4	SYNGR2
0.00626429957647111	-0.812338175192094	0.17	0.286	1	4	SUMO1
0.00282387406257993	-0.820701648126721	0.17	0.298	1	4	POLR2J
0.0047487709692001	-0.821446034418912	0.177	0.293	1	4	BCCIP
0.00349233438512982	-0.825459096925536	0.184	0.298	1	4	PYCARD
0.000746213920703118	-0.828285141004299	0.206	0.338	1	4	PSMB3
0.00489221128581627	-0.832122827206547	0.156	0.267	1	4	TIMM9
0.0031887084890731	-0.833257467485943	0.206	0.299	1	4	TIMP1
0.0012582720902768	-0.841400640794557	0.241	0.39	1	4	CA5A
0.00092163133679708	-0.841400640794557	0.184	0.317	1	4	VPS29
0.00101474480963378	-0.845222351746965	0.177	0.324	1	4	TSPO
0.00205983507973729	-0.845662667648717	0.156	0.294	1	4	HINT1
0.00636404233795721	-0.853678970572993	0.113	0.206	1	4	NDUFS6
0.00641028137581276	-0.856454986516847	0.142	0.243	1	4	PERP
0.00709117356729781	-0.873677043818313	0.099	0.196	1	4	PLSCR3
0.000305963894277092	-0.89193337481355	0.213	0.419	1	4	COX7A2L
0.007610728479681	-0.892701869500069	0.113	0.207	1	4	TP53
0.00235363511882914	-0.895848424816934	0.149	0.26	1	4	LOC138526320
0.00678586170662629	-0.911789968685955	0.128	0.22	1	4	CCNG1
0.00915102055786782	-0.918568501317017	0.085	0.172	1	4	ALDH9A1
0.00290755600375678	-0.919934043341247	0.149	0.263	1	4	UQCRC2
0.000309477435762149	-0.923224863748239	0.177	0.344	1	4	SNU13
0.000595097827230239	-0.934031618704821	0.177	0.333	1	4	SF3B6
0.000492079750390349	-0.93891714670882	0.142	0.277	1	4	TOMM22
0.0069252540788339	-0.951746750111343	0.177	0.281	1	4	LOC138488268
0.0017936431414251	-0.953214644123908	0.135	0.253	1	4	SKA2
0.00664728226574027	-0.955169515752131	0.099	0.193	1	4	LOC138582769
0.000160353496228317	-0.969480454709111	0.184	0.342	1	4	ATP5PB
0.00374656865944103	-0.979342740331693	0.177	0.316	1	4	RHAG
0.0030099159681389	-1.01543004056961	0.071	0.155	1	4	DYNLL2
0.00235369214502045	-1.03467612951425	0.149	0.277	1	4	NDUFB4
0.000947684340072332	-1.0404340466995	0.071	0.177	1	4	TCOF1
0.000277545197097617	-1.05656873536309	0.142	0.277	1	4	HEBP2
0.000592825249660771	-1.05880181782252	0.199	0.341	1	4	CKB
0.00786090812391162	-1.06546091785536	0.22	0.35	1	4	FBLN2
0.000234045438542213	-1.085819368461	0.135	0.266	1	4	TMEM59
0.000469741597877	-1.09313239756285	0.142	0.304	1	4	LOC138480899
0.00188712882325556	-1.09313239756285	0.113	0.225	1	4	FN1
0.00106305439307685	-1.10853944496109	0.241	0.391	1	4	ID3
0.000162123244390541	-1.11647823745412	0.17	0.336	1	4	DYNLRB1
0.00104618690802739	-1.13493713502569	0.099	0.219	1	4	TMEM14C
0.00135395360907297	-1.15153016436365	0.113	0.239	1	4	TMEM128
0.00356984405361027	-1.16415055002535	0.149	0.266	1	4	IGF2
0.00873332543177857	-1.18535504201192	0.028	0.096	1	4	GLOD4
0.00440171967284427	-1.20561388099572	0.092	0.198	1	4	FLRT2
0.0056992516260292	-1.2284237639038	0.057	0.142	1	4	CCDC71L
0.000627970289813627	-1.2284237639038	0.092	0.219	1	4	TCIM
0.000214027883933977	-1.26899431194049	0.22	0.362	1	4	GSTP1
0.00322055827548701	-1.2784644464034	0.064	0.153	1	4	LOC138459848
0.000371359650279458	-1.35819163887413	0.057	0.171	1	4	PPIC
0.00029588165631026	-1.35938444178697	0.142	0.267	1	4	APCS
0.00300069935906698	-1.37936566197854	0.043	0.128	1	4	GAB3
0.00826944299669669	-1.38888843609705	0.057	0.131	1	4	EMILIN1
0.000296805719463592	-1.38888843609705	0.085	0.209	1	4	CNN3
0.0030860907271483	-1.39779398931894	0.099	0.245	1	4	KLF2
0.0099849947171621	-1.41042159764669	0.035	0.097	1	4	PLCE1
0.000889228214236261	-1.43287644847439	0.106	0.238	1	4	SERPINE2
0.00495270093052756	-1.44838944784571	0.028	0.094	1	4	RDH14
0.0053329453019329	-1.49851292727155	0.035	0.117	1	4	LOC138566014
0.000821918032368693	-1.51351509061079	0.043	0.137	1	4	ALDH6A1
0.00524303031125417	-1.58390441850219	0.021	0.08	1	4	PPP1R14A
0.00112710150087376	-1.63921179018129	0.028	0.106	1	4	MED28
0.00628710932777431	-1.66452287871048	0.014	0.066	1	4	LOC138511211
0.00189877489939013	-1.69213510991834	0.057	0.149	1	4	GAS6
0.00273076806344851	-1.70167587712794	0.064	0.176	1	4	TP53I11
0.000744630323553748	-1.71495230555362	0.057	0.162	1	4	SRGN
0.00971010066658208	-1.75793381827724	0.078	0.165	1	4	FGL2
0.00223195418324663	-1.80771751453827	0.028	0.121	1	4	AP3S1
0.00307270863890321	-1.80771751453827	0.028	0.115	1	4	LOC138450108
0.00336206030626179	-1.84832005473435	0.05	0.13	1	4	GAS7
0.000960035407650441	-1.85245582930355	0.028	0.11	1	4	RALGDS
0.000691848598404203	-1.85977917010941	0.035	0.124	1	4	PLEKHG4B
0.0075616447808951	-1.91706491072663	0.028	0.105	1	4	PDGFA
0.00135442269330575	-1.9288634820449	0.035	0.137	1	4	ENPP2
0.00266758880281026	-1.9288634820449	0.05	0.155	1	4	LFNG
0.00206156000559764	-1.99894191778104	0.028	0.107	1	4	LRG1
0.00117404036925993	-2.00720953376464	0.028	0.127	1	4	UBE2C
0.00138700205752885	-2.04785151826198	0.014	0.085	1	4	MFSD5
0.00318174691014212	-2.2284237639038	0.035	0.109	1	4	MRGPRH
0.00968909188629973	-2.24948537943163	0.007	0.057	1	4	SEMA3D
0.00419483214306567	-2.27024393959843	0.007	0.065	1	4	DCAF12
0.0081717008594462	-2.27024393959843	0.007	0.054	1	4	ARHGEF25
0.00559579858436857	-2.29070804215815	0.035	0.115	1	4	CXCL12
0.00367904714872857	-2.29746540833346	0.014	0.077	1	4	GALR1
0.00351171382912806	-2.40774746334837	0.007	0.065	1	4	CXADR
0.00310238497291605	-2.43864147129415	0.014	0.075	1	4	LOC138577431
0.000120464799277805	-2.7158697587107	0.014	0.111	1	4	ITGB3
0.00575363731465748	-2.72592342337462	0	0.044	1	4	NPNT
0.00250171862185679	-2.81338626462496	0.007	0.089	1	4	NINJ1
0.00485754892314097	-3.02360397201531	0	0.05	1	4	CHAD
0.00807964476641417	-3.09515723304034	0	0.054	1	4	ANKRD6
0.00175528916961376	-3.20705011311124	0	0.05	1	4	TC2N
0.00486215455049364	-3.31088592409578	0	0.06	1	4	CYGB
0.00485884738936368	-3.35041428828242	0	0.067	1	4	COX7A1
0.00208193896034018	-3.40774746334837	0	0.065	1	4	DPP4
0.00808763121141088	-3.75567076676867	0	0.053	1	4	SLC26A10P
0.000447703018268857	-3.78481711242819	0	0.08	1	4	ABLIM2
2.95620923277728e-23	0.866864113848838	1	0.971	3.53976493532752e-19	5	VIM
3.44564775279725e-23	0.523785542325613	1	1	4.12581861919942e-19	5	CIRBP
5.7135115969926e-21	0.666490801835878	1	0.995	6.84135878623894e-17	5	TMSB4X
1.38915600168557e-18	0.812865683303082	0.957	0.832	1.6633753964183e-14	5	CRIP1
1.39406946555502e-18	-0.874534701254009	0.901	0.974	1.66925877805558e-14	5	CYTB
2.10426175234265e-17	-0.725106971158383	1	0.999	2.51964302225509e-13	5	COX3
1.70415647534679e-16	1.2272099715874	0.738	0.407	2.04055696358024e-12	5	DLK1
4.21823928929849e-16	-0.954750473661091	0.908	0.976	5.05091972500601e-12	5	COX1
9.06251941032167e-16	0.558567890620623	1	0.975	1.08514607419192e-11	5	RPS2
1.55922581104986e-15	1.60956277680746	0.489	0.174	1.8670169861511e-11	5	WIF1
3.43461037467045e-15	0.538854420787223	1	0.965	4.1126024626304e-11	5	RPS23
7.03375278280988e-15	-2.70666886629468	0.128	0.463	8.42221558213655e-11	5	MMRN1
7.3717157907576e-15	0.614369438921308	0.965	0.856	8.82689248785315e-11	5	SLC25A5
1.29705425108296e-14	0.592035769309796	0.993	0.941	1.55309276024674e-10	5	RPS12
2.57012122279583e-14	0.532449605089309	1	0.933	3.07746315217573e-10	5	RPL10
2.08810095935764e-13	0.643689933014207	0.965	0.805	2.50029208873484e-09	5	RPS5
2.96033814067047e-13	0.845871705375026	0.936	0.695	3.54470888963882e-09	5	PRDX1
3.65244532171812e-13	0.683422963826367	0.979	0.829	4.37343802822527e-09	5	KRT8
1.52630773184217e-12	0.456540148754418	1	0.988	1.82760087810782e-08	5	S100A11
1.627221390525e-12	0.445402088870623	1	0.976	1.94843489301463e-08	5	RPL32
2.95282326945343e-12	0.502907558400452	0.993	0.935	3.53571058284354e-08	5	RPL19
5.30884530646442e-12	0.667868896490396	0.95	0.802	6.35681136996049e-08	5	KRT18
6.73315827223237e-12	0.403806118630888	1	0.994	8.06228371517104e-08	5	LOC138582460
8.62202797014864e-12	0.403763088200549	1	0.989	1.0324016291456e-07	5	Fth1
1.5784201864611e-11	0.562444748276271	0.979	0.872	1.89000033126852e-07	5	TAGLN2
1.59738100120399e-11	0.475843912767505	1	0.95	1.91270401084166e-07	5	RPS28
2.19278810568756e-11	0.78682239640413	0.837	0.607	2.62564447775028e-07	5	COX7B
3.15270564841421e-11	0.644026186375685	0.95	0.759	3.77504974341118e-07	5	RPL10A
4.34786031022599e-11	0.483790241101806	0.986	0.914	5.2061279354646e-07	5	HSP90AB1
4.57146081201226e-11	0.560027433178088	1	0.913	5.47386717630349e-07	5	RPS10
5.97215764760642e-11	0.769951396369439	0.915	0.766	7.15106156724392e-07	5	TUBA1C
9.8327603773785e-11	0.455169368922997	1	0.956	1.1773747275873e-06	5	RPS18
1.02672970331458e-10	0.547614268878435	0.929	0.774	1.22940614674887e-06	5	COX6B1
1.15665467644157e-10	1.55891535277752	0.418	0.157	1.38497830957114e-06	5	PDGFB
1.44573020346564e-10	0.872859571933377	0.73	0.457	1.73111734562976e-06	5	COL4A1
2.94136994145351e-10	0.560273579607135	0.986	0.905	3.52199636789643e-06	5	DYNLL1
3.01658601687834e-10	0.504106715406865	0.993	0.897	3.61206009661013e-06	5	RPS17
3.14665209694009e-10	0.477460668219315	0.993	0.939	3.76780122087606e-06	5	RPS26
3.31556182279456e-10	0.43727740937772	1	0.967	3.97005372661421e-06	5	RPL23
3.3508304703673e-10	0.875298491345645	0.858	0.603	4.01228440521781e-06	5	ATP5MC3
3.39250638314354e-10	0.387750812945998	1	0.968	4.06218714317607e-06	5	RPLP2
4.14033591428676e-10	0.432774322644437	1	0.954	4.95763822376697e-06	5	RPS14
4.60629898089603e-10	-0.58815509991011	0.979	0.996	5.51558239972491e-06	5	COX2
4.82995093092174e-10	0.689114075904223	0.865	0.673	5.78338324468569e-06	5	COX6A1
5.9561885546421e-10	0.44784828326035	1	0.955	7.13194017532845e-06	5	RPLP1
8.17226251436545e-10	0.41940770144337	1	0.964	9.78546713470119e-06	5	RPS27
9.91675697298198e-10	0.452854131507924	1	0.92	1.18743247994486e-05	5	UBA52
1.17701713990319e-09	0.506746212659133	0.965	0.889	1.40936032332008e-05	5	RPS11
1.60984761245476e-09	0.8532644397199	0.688	0.413	1.92763153115333e-05	5	COL4A2
1.74864804217726e-09	0.493261819818	0.993	0.894	2.09383116570305e-05	5	MYL6P1
2.21417580415993e-09	-5.88999230469367	0.014	0.233	2.6512541079011e-05	5	HAPLN3
2.2247048128147e-09	-3.60039254129076	0.113	0.379	2.66386154286432e-05	5	MRC1
2.34202406920313e-09	0.454912352278142	1	0.952	2.80433962046383e-05	5	RPL21
2.95379064307054e-09	0.426584524990282	0.986	0.925	3.53686891601266e-05	5	RPL13A
3.29629512921495e-09	0.51058064303041	0.979	0.887	3.94698378772198e-05	5	RPL15
3.46244380841824e-09	0.572761171027423	0.972	0.828	4.1459302162e-05	5	H2AZ1
3.68229964592568e-09	-3.00308164814196	0.078	0.306	4.40918559603141e-05	5	NRP2
4.5935797302696e-09	0.600622436265606	0.908	0.747	5.50035236902482e-05	5	OAZ1
4.60544354661095e-09	-1.00941398196201	0.574	0.732	5.51455810271195e-05	5	SHANK3
5.39463174948856e-09	0.462287805702287	0.993	0.917	6.4595320568376e-05	5	RPL39
6.23825562009321e-09	0.503822362566096	0.915	0.76	7.46968727949961e-05	5	SNRPG
8.0010581954326e-09	1.08039545193046	0.603	0.323	9.580467083211e-05	5	PSMA5
8.71759198137584e-09	-5.41941038087395	0.007	0.214	0.000104384446384994	5	RELN
9.11756318311872e-09	0.824769175261789	0.723	0.447	0.000109173701554664	5	ATP5F1D
1.06286642278764e-08	0.459545425678519	0.993	0.93	0.000127267625464592	5	RPS19
1.08622162493412e-08	0.447752116764415	1	0.965	0.000130064177369611	5	RPL35
1.56105348535932e-08	-0.852187196020794	0.596	0.787	0.000186920544336925	5	ND3
1.72348719478357e-08	0.40109471434482	0.993	0.953	0.000206370356703385	5	RPS9
2.03049086990969e-08	0.487276100350914	0.986	0.914	0.000243130976762987	5	RPLP0
2.52746445026463e-08	0.512687508519955	0.943	0.858	0.000302638593274687	5	RPS16
2.79138652141798e-08	1.05451019936769	0.411	0.214	0.000334240622074589	5	PMEPA1
2.97474141904861e-08	-1.78785117251782	0.22	0.468	0.000356195537516881	5	STAB1
3.15740684614344e-08	0.73647243514028	0.745	0.55	0.000378067895757216	5	CD81
3.52285357123441e-08	0.692603061984103	0.745	0.464	0.000421826486619608	5	SPACA4
3.65396070651705e-08	0.478164593179451	1	0.895	0.000437525254998352	5	RPL35A
3.67040929771378e-08	0.517009344842503	0.993	0.898	0.000439494809308248	5	RPL12
3.75993090380284e-08	-0.486256869122747	1	0.999	0.000450214126421352	5	unassigned-gene-4
4.02139417768219e-08	0.45897215496284	0.979	0.865	0.000481521738835666	5	RPS25
4.16054579564007e-08	0.559338133951818	0.922	0.851	0.000498183753569942	5	PFN1
4.24600057005525e-08	0.575457294108656	0.943	0.795	0.000508416108258415	5	RPL9
4.3602423615902e-08	0.426079670070429	0.823	0.53	0.000522095420376811	5	INSR
4.58991610655479e-08	0.919450594042357	0.681	0.451	0.000549596554598871	5	LOC138567840
5.76433091189142e-08	0.3621073409791	0.993	0.957	0.000690220983389879	5	FAU
6.92093572912025e-08	0.413642870844818	1	0.976	0.000828712844204858	5	RPS15A
7.01086530388084e-08	0.550839502339816	0.936	0.736	0.000839481011486692	5	RACK1
7.08511357597989e-08	0.787832126854115	0.716	0.466	0.000848371499587833	5	PSMA4
7.16260748886215e-08	0.762823762087232	0.638	0.387	0.000857650620716354	5	HMGB3
8.09360183535262e-08	0.732047871909558	0.674	0.45	0.000969127883765122	5	ATP5MG
8.42342153551293e-08	-0.79153402864277	0.518	0.69	0.00100862049466232	5	LIFR
9.73447477924495e-08	1.13537030579379	0.447	0.232	0.00116560601006679	5	UCHL1
1.0157896796898e-07	0.859039077346535	0.56	0.343	0.00121630656246057	5	APLNR
1.15097878201556e-07	0.712534964305975	0.681	0.44	0.00137818199358543	5	NEDD8
1.40413820369261e-07	1.69984048249728	0.206	0.062	0.00168131508510153	5	TSR2
1.46983361766111e-07	0.414787014477582	0.95	0.902	0.00175997877378741	5	RPS15
1.47651950462911e-07	-0.724777972706359	0.73	0.869	0.00176798445484289	5	ND4
1.68688796848592e-07	0.681734545538625	0.603	0.395	0.00201987965346504	5	PKM
2.03084256263686e-07	0.500693583823552	0.922	0.783	0.00243173088450138	5	RPL18A
2.10432988029455e-07	0.365228838879281	1	0.946	0.00251972459866469	5	RPL24
2.13556144573375e-07	0.476655744178674	0.957	0.825	0.0025571212751216	5	RPS3
2.37322323435204e-07	-0.479430153136774	0.965	0.993	0.00284169750081314	5	ATP6
2.73027335605558e-07	0.413326884308703	0.986	0.915	0.00326922931654095	5	RPL28
3.14759626498255e-07	0.451886613404833	0.95	0.849	0.00376893176769011	5	RPS3A
3.26510341234523e-07	0.422399323582481	0.986	0.908	0.00390963482594218	5	RPS6
3.36788045396101e-07	-0.554118688714086	0.702	0.858	0.00403270005557292	5	unassigned-gene-2
4.02340197474911e-07	0.380865100554024	0.986	0.874	0.00481762152456459	5	RPL18
4.08888742077028e-07	0.777781385622904	0.745	0.517	0.00489603379763033	5	TUBA1B
4.26578854133553e-07	-1.1549813929684	0.326	0.538	0.00510785519939516	5	KRT19
4.30995100700911e-07	0.475347814935036	0.972	0.897	0.00516073533579271	5	RPS13
4.42677780476967e-07	0.585390997487889	0.858	0.705	0.0053006237434312	5	SNRPF
4.5880127063459e-07	-2.14806197902861	0.113	0.329	0.00549368641457858	5	IQSEC1
4.63638697723238e-07	0.379877299960482	0.943	0.845	0.00555160976653805	5	PMP2
4.84737668997474e-07	1.66539800693042	0.312	0.128	0.00580424884857576	5	APLN
4.96836774860928e-07	0.349752913022812	0.993	0.954	0.00594912354218475	5	RPL13
5.17536890057497e-07	0.346033010502497	0.972	0.919	0.00619698672154847	5	RPL17
5.42764280553979e-07	0.409262412603187	0.993	0.937	0.00649905949535335	5	EEF1A1
5.43518531837673e-07	-4.63681594954064	0.007	0.179	0.0065080909002243	5	NFIX
5.45810698193031e-07	-3.31887871484931	0.028	0.195	0.00653553730016336	5	UNC5B
6.16750300903167e-07	0.343044332461871	0.993	0.959	0.00738496810301452	5	RPL26L1
7.40216015527151e-07	0.461946670383375	0.986	0.882	0.00886334656992211	5	RPS27A
9.51700311367382e-07	0.372813636792552	0.993	0.904	0.011395659528313	5	RPL11
9.58412006610512e-07	0.35529127021054	1	0.939	0.0114760253671543	5	RPL36
1.00313338317479e-06	0.36829191824303	0.993	0.924	0.012011519130135	5	RPL27
1.27160710840689e-06	-5.01747786921846	0	0.14	0.0152262235160641	5	PDPN
1.3902403876625e-06	0.309654246871444	0.986	0.938	0.0166467384018707	5	EEF1G
1.39975250601459e-06	-3.91794219566755	0.014	0.174	0.0167606365070187	5	FGL2
1.48436960764382e-06	0.431357368815469	0.929	0.782	0.0177738416819271	5	VAT1
1.65487587908303e-06	0.540332483702976	0.844	0.641	0.0198154837761402	5	TUBA1A
1.6990480762564e-06	0.43854243036438	0.957	0.842	0.0203444016650941	5	EEF1B2
1.71681804152425e-06	0.329548986235157	0.986	0.923	0.0205571792292114	5	HNRNPA3
1.80933086386732e-06	0.296193943504278	0.993	0.937	0.0216649277639473	5	S100A10
1.83389849143694e-06	-0.877046556413684	0.489	0.69	0.0219591005364659	5	ICAM1
1.89159323545674e-06	-0.540231106073992	0.716	0.858	0.022649937401359	5	ND2
1.90310264450607e-06	0.693077526311565	0.73	0.503	0.0227877510653157	5	COX5B
2.0731480017769e-06	0.699624089060414	0.716	0.497	0.0248238741732766	5	POMP
2.08643604298214e-06	0.319676343097835	1	0.964	0.0249829851786681	5	TPT1
2.43481558132509e-06	0.486120944780398	0.929	0.767	0.0291544817707866	5	EIF4A1
2.93664630481141e-06	-4.35041428828241	0.007	0.153	0.0351634028538118	5	PROX1
2.96391295494183e-06	0.901417679617087	0.489	0.291	0.0354898937224734	5	MCAM
3.09220981262481e-06	0.462066293829683	0.83	0.63	0.0370261202963695	5	RPL4
3.22662734598938e-06	-0.866491621757388	0.326	0.512	0.0386356358408768	5	PTBP3
3.38975242571123e-06	0.542951861048233	0.752	0.562	0.0405888955454663	5	H2AC1
3.57136158138613e-06	0.353317085701303	0.929	0.842	0.0427634835755175	5	GAPDH
3.64692255253993e-06	0.625952055213851	0.667	0.458	0.0436682506441131	5	GNG5
3.67015703144256e-06	4.08143149868298	0.043	0.002	0.0439464602944933	5	ZNF385C
3.70528026580673e-06	0.520870341451962	0.901	0.748	0.0443670259027698	5	TUBB4A
3.8963756807077e-06	0.52857790706647	0.837	0.671	0.046655202400794	5	SNRPE
4.52770463178885e-06	0.39618712747019	0.993	0.918	0.0542147352610397	5	RPL31
4.53517940182721e-06	-0.925232231598027	0.461	0.587	0.054304238157479	5	ASAP1
4.55110144209919e-06	0.333131002689964	0.957	0.805	0.0544948886676957	5	MYL12B
4.77618087086231e-06	0.345317303208284	0.894	0.776	0.0571899897477053	5	H3F3A
5.10329920152924e-06	0.233977207827536	1	0.997	0.0611069046391112	5	CIRP
5.15741253858412e-06	-0.923750699114537	0.546	0.704	0.0617548577370063	5	LOC138504630
5.24393132353582e-06	0.398038946434487	0.979	0.891	0.062790833668018	5	RPS21
5.30180831211936e-06	-1.4170853279277	0.156	0.333	0.0634838527293172	5	KALRN
5.5680965766964e-06	0.888699050866775	0.44	0.243	0.0666723884093627	5	YPEL1
5.59267854078287e-06	0.328270182846456	0.993	0.907	0.0669667328473341	5	HMGB2
5.74223610109474e-06	-1.36100940352161	0.142	0.329	0.0687575350745084	5	PTPN2
5.79207155179316e-06	-0.654862918434184	0.801	0.864	0.0693542647611713	5	KRT5
5.85729283621273e-06	-1.27481666938826	0.184	0.352	0.0701352244208113	5	HOOK3
6.23312690124503e-06	0.840815318727628	0.525	0.318	0.074635461515508	5	PCDH1
7.17395232060081e-06	-2.98393975444179	0.028	0.178	0.0859009050868741	5	GPNMB
7.45132769191972e-06	-1.25750482776775	0.17	0.338	0.0892221977830467	5	WNK1
7.45316668471855e-06	-3.86206011136065	0.007	0.133	0.0892442178828199	5	SEMA3A
7.65881887117321e-06	0.510448508274035	0.809	0.593	0.0917066971634281	5	ATP5IF1
8.07839394799455e-06	0.320619162562409	1	0.942	0.0967306891332867	5	RPL14
8.43788153604021e-06	1.68570747446097	0.213	0.073	0.101035193512545	5	CXCR4
8.88779394612907e-06	-0.630387281588599	0.681	0.823	0.106422444710949	5	ND1
9.11425451543292e-06	0.725639951929337	0.496	0.29	0.109134083567794	5	HYPK
9.6659585589348e-06	0.368226647670711	0.957	0.904	0.115740187784685	5	RPL34
9.86642366924082e-06	0.41370656643478	0.823	0.644	0.11814055701549	5	ATP5MK
9.88240824842363e-06	0.550916781984203	0.872	0.641	0.118331956366625	5	COX6C
9.90606341578469e-06	0.489805267680816	0.745	0.588	0.118615203340606	5	TPM2
1.03752482632445e-05	1.1118051477265	0.27	0.132	0.12423322270409	5	PLEKHO1
1.04740881120638e-05	0.40294574413446	0.986	0.859	0.125416731053851	5	RPL3
1.05253566870208e-05	0.835192335392167	0.39	0.221	0.126030620970387	5	LOC138510069
1.06351845041866e-05	-1.23091761939236	0.191	0.351	0.127345699253131	5	TSPAN18
1.07959498763262e-05	0.242249281670134	1	1	0.12927070381913	5	ACTB
1.08272784672262e-05	-2.19722914230021	0.064	0.215	0.129645832366566	5	CLCA1
1.12108678890444e-05	0.7215355535966	0.518	0.357	0.134238932103418	5	ATP5F1C
1.12108876035128e-05	0.578723172131543	0.745	0.508	0.134239168164462	5	ENG
1.1217184827443e-05	0.531491909958013	0.773	0.603	0.134314571123803	5	RSL24D1
1.22093002423922e-05	0.353889158403403	0.936	0.882	0.146194161102404	5	HSPA8
1.24418596775138e-05	0.536018445458161	0.83	0.656	0.14897882777855	5	ABRACL
1.70611574591072e-05	0.486805900611107	0.794	0.58	0.204290299415349	5	COX4I1
1.71863916371024e-05	0.889412726390054	0.518	0.295	0.205789853462664	5	PSMB3
1.73885094859918e-05	-2.72592342337462	0.043	0.202	0.208210012585266	5	NR6A1
1.76079532775639e-05	0.407827965514206	0.957	0.838	0.21083763254555	5	RPL2
1.8573823080949e-05	0.373003817592219	0.993	0.927	0.222402957571283	5	RPS7
1.89558456280717e-05	0.480796839779497	0.922	0.787	0.22697729555053	5	RPL23A
1.90658194323878e-05	-1.01053835979393	0.277	0.463	0.228294121883411	5	PICALM
1.93525697411476e-05	0.447157770621379	0.688	0.504	0.231727670080501	5	MIF
1.94289227163032e-05	0.452918926799373	0.809	0.63	0.232641920605014	5	BTF3L4
2.16812720743983e-05	0.513556254480276	0.801	0.603	0.259611551818845	5	JPT1
2.31904293392362e-05	-1.27024393959843	0.121	0.297	0.277682200908014	5	TJP2
2.48130988625364e-05	-1.53756570383532	0.106	0.274	0.297112045780011	5	PLA2G4A
2.55125896866078e-05	-1.02953963998504	0.206	0.378	0.305487748907442	5	MYH10
2.57609732369832e-05	0.345796872308169	1	0.923	0.308461893539636	5	RPL37
2.60396896156355e-05	-2.01308610010131	0.043	0.187	0.311799243457619	5	TNPO3
2.71096334281797e-05	-1.45686522991306	0.078	0.2	0.324610750669023	5	ARHGEF26
2.8689080578868e-05	0.583559905146096	0.567	0.387	0.343523050851365	5	ILF2
2.96964865207626e-05	-0.932123811208483	0.184	0.345	0.355585729599611	5	MACF1
3.04661403549142e-05	0.305652335002531	0.957	0.903	0.364801564609743	5	RPS24
3.11828876721561e-05	-1.71081653098441	0.071	0.237	0.373383896986397	5	CD53
3.13538480457388e-05	-1.01619236293392	0.255	0.413	0.375430976499676	5	SPNS2
3.25146361644002e-05	-1.1872545749274	0.156	0.312	0.389330253432528	5	SPAG9
3.30101403685688e-05	0.545694828679868	0.823	0.649	0.395263420773242	5	NDUFA4
3.30757419274639e-05	0.304399823200959	0.986	0.874	0.396048933839453	5	HMGN1
3.30915150218512e-05	0.48184920868905	0.773	0.604	0.396237800871646	5	HSBP1
3.36007096000318e-05	0.345604937194914	0.972	0.942	0.402334896750781	5	RPL36A
3.37806264202578e-05	0.564666704979734	0.596	0.424	0.404489220756167	5	SLC29A1
3.44411173358522e-05	0.464000443372645	0.787	0.627	0.412397938979494	5	RALB
3.55627796431665e-05	-0.812906724969261	0.305	0.47	0.425828723447276	5	PIEZO1
3.584866319384e-05	0.867166958229935	0.475	0.289	0.42925189308304	5	PSMB2
3.69767995873077e-05	1.3755826967028	0.418	0.224	0.442760198258423	5	HSPA1A
3.83487002536838e-05	2.07476776840197	0.106	0.027	0.45918733683761	5	LRRN1
3.95601939358263e-05	0.607021486900809	0.766	0.632	0.473693762187584	5	ALDOA
4.09412558798194e-05	0.433647662515118	0.851	0.714	0.490230597904958	5	HNRNPH3
4.17116300609705e-05	-1.00249098486211	0.191	0.336	0.499455058350061	5	PRRC2A
4.17736412850987e-05	0.61981563278381	0.645	0.419	0.500197580747772	5	NRP1
4.25168074219097e-05	0.590550241420633	0.589	0.406	0.509096252069947	5	KRTCAP2
4.52849982974388e-05	0.462256987774959	0.738	0.545	0.542242569613532	5	TARDBP
4.59050634704144e-05	0.633429943326544	0.546	0.368	0.549667229994742	5	GLO1
5.55187632411202e-05	0.345778041979568	0.943	0.829	0.664781671049173	5	RBMX
5.5738601062505e-05	-4.27024393959843	0	0.105	0.667414009122435	5	DOCK5
5.98298548517263e-05	0.185790956877232	1	0.992	0.716402681994571	5	FKBP2
6.28054033708301e-05	-4.6839927429087	0.007	0.118	0.75203189996232	5	STAB2
6.67438588373869e-05	2.50756670684516	0.106	0.026	0.79919096571887	5	TRBC1
6.86685695541095e-05	-1.03851365368265	0.191	0.357	0.822237451840907	5	UTRN
6.91749914521829e-05	-3.29746540833346	0.014	0.135	0.828301347648438	5	GAS7
7.21929190151251e-05	0.695951505957776	0.518	0.342	0.864438012287107	5	ACP1
7.28271162353683e-05	-1.8881948522735	0.043	0.156	0.8720318898023	5	PRKCZ
7.61646020185656e-05	0.384686725665375	0.915	0.718	0.911994944570304	5	PLVAP
8.09408599363986e-05	0.603898073670375	0.447	0.275	0.969185856878437	5	LBH
8.29917703922939e-05	0.249994355783514	0.986	0.923	0.993743458677327	5	LGALS4
0.000161174370864555	5.1809671722339	0.028	0	1	5	MMP7
0.00775542715101524	4.44400157806769	0.014	0	1	5	LOC138582162
0.00109630051970085	3.85903907734654	0.021	0.001	1	5	IGFBP7
0.0080408415062996	3.59600467151274	0.028	0.002	1	5	SLC25A45
0.00775542715101524	3.44400157806769	0.014	0.001	1	5	CHRNA1
0.00109630051970085	3.27407657662538	0.021	0.002	1	5	LOC138526991
0.00775542715101524	2.85903907734654	0.014	0.002	1	5	AADAT
0.00775542715101524	2.85903907734654	0.014	0.002	1	5	LOC138580381
0.00775542715101524	2.85903907734654	0.014	0.002	1	5	MREG
0.00109630051970085	2.85903907734653	0.021	0.003	1	5	CXCL10
0.00775542715101524	2.44400157806769	0.014	0.003	1	5	PAK6
0.00775542715101524	2.44400157806769	0.014	0.003	1	5	SLC37A4
0.00775542715101524	2.44400157806769	0.014	0.003	1	5	SPA17
0.00109630051970085	2.27407657662538	0.021	0.005	1	5	FBXO47
0.00409589092272111	2.23100785473349	0.071	0.015	1	5	RASGRP1
0.00775542715101524	2.12207348318033	0.014	0.004	1	5	QNG1
0.0080408415062996	2.01104217079159	0.028	0.007	1	5	MAG
0.0080408415062996	2.01104217079159	0.028	0.007	1	5	SNX33
0.000781661638027001	1.95214848173802	0.05	0.014	1	5	LOC138488262
0.000496115009835268	1.90794867782748	0.099	0.026	1	5	LAT2
0.00169373874664966	1.85903907734654	0.028	0.009	1	5	TIMMDC1
0.0080408415062996	1.85903907734654	0.028	0.009	1	5	FDXR
0.00622952401342748	1.85903907734654	0.057	0.017	1	5	ZNF454
0.000131934501134901	1.85903907734653	0.099	0.028	1	5	KIT
0.00775542715101524	1.85903907734653	0.014	0.005	1	5	LOC138453076
0.00169373874664966	1.7215355535966	0.028	0.01	1	5	CRYBB3
0.00119379595563799	1.53711098245917	0.113	0.047	1	5	EIF4E1B
0.00365908745989508	1.53711098245917	0.064	0.023	1	5	C3QH17orf58
0.0039880813168648	1.51111577392623	0.071	0.026	1	5	CCNJ
0.00015217808230634	1.49914313226015	0.184	0.068	1	5	PRDM1
0.00622952401342748	1.44400157806769	0.057	0.022	1	5	ZRSR2
0.00365908745989508	1.42607967007043	0.064	0.024	1	5	CAMLG
0.00349300503087503	1.41846648596055	0.043	0.018	1	5	SLC26A11
0.00387434527636281	1.39960745870924	0.071	0.028	1	5	LOC138452803
0.00234678823405493	1.35653873681735	0.078	0.032	1	5	SMIM26
0.00240519058308514	1.33966491825296	0.099	0.04	1	5	CCNI2
0.00377596688022097	1.33966491825296	0.099	0.038	1	5	P3H2
0.000239824513992067	1.27407657662538	0.17	0.065	1	5	CILP
0.00514883847040737	1.21518288757181	0.05	0.022	1	5	AGTRAP
0.00101395471896869	1.20922543227541	0.149	0.056	1	5	GRIN2A
0.00619461334715552	1.20368724873398	0.22	0.106	1	5	NRARP
0.00544327298485587	1.19607406462411	0.035	0.017	1	5	RRP36
0.00693275634407938	1.10901733035488	0.071	0.034	1	5	CD320
0.000227925432562307	1.0885209234693	0.206	0.097	1	5	TGFB1
0.00693275634407938	1.07054318254025	0.071	0.035	1	5	SESN2
0.000256301964160232	1.05794314576061	0.206	0.105	1	5	IL10RA
0.00557777709902738	1.03800921839185	0.099	0.051	1	5	NDUFAF1
0.00750483699981215	0.99654260109647	0.142	0.069	1	5	NT5DC2
0.00146333421966691	0.984569959430394	0.213	0.112	1	5	PHPT1
0.00738779333382846	0.976396027984694	0.106	0.057	1	5	MRPL58
0.000483525834053453	0.975852742329285	0.262	0.152	1	5	ANXA6
0.0037559473698991	0.952148481738016	0.191	0.096	1	5	PLPBP
0.00337102061223258	0.927751827430549	0.284	0.154	1	5	EMC6
0.00125914041187227	0.899681061843881	0.234	0.127	1	5	LOC138513412
0.00445091490216851	0.875158742709812	0.284	0.164	1	5	SLIRP
9.9404212090823e-05	0.859039077346535	0.475	0.276	1	5	FKBP3
9.62421940642571e-05	0.845982924521089	0.312	0.184	1	5	SMOX
0.000875307831179434	0.83913951990883	0.248	0.131	1	5	C1QH1orf21
0.000313491606128672	0.829291733952483	0.298	0.172	1	5	DDT
0.00375257358916359	0.797927563043148	0.333	0.195	1	5	LOC138515919
0.00441338928692042	0.796754799092192	0.234	0.13	1	5	ATP6V1D
0.00747924736440797	0.7868892915907	0.255	0.149	1	5	SF3B5
0.000123179906879032	0.785038495902758	0.44	0.273	1	5	PSMB1
8.9239172602068e-05	0.784271308944563	0.305	0.166	1	5	GYPC
0.000891897027633006	0.782121706457639	0.496	0.325	1	5	PDE4B
0.000872551634003188	0.767723910600589	0.461	0.306	1	5	PSMA6
0.000317571305345334	0.748007764957791	0.433	0.281	1	5	CORO1B
0.00472942106120411	0.74569760427059	0.333	0.193	1	5	SELENOH
0.00431507731249733	0.745082888049449	0.355	0.232	1	5	MECOM
0.0081606199216191	0.74134403467678	0.291	0.174	1	5	DLL4
0.00435812238972113	0.740644376544305	0.255	0.153	1	5	NDUFA8
0.00259154520645965	0.737575564860868	0.397	0.269	1	5	CSRP1
0.0057072919084666	0.737048552967924	0.234	0.138	1	5	RPS19BP1
0.00813454526360076	0.7215355535966	0.255	0.156	1	5	AOC3
0.000176104241630396	0.720140971524847	0.305	0.191	1	5	TMEM14C
0.00447191009537189	0.719487724947742	0.362	0.229	1	5	NEURL1B
0.00553024312916624	0.715203304772884	0.199	0.124	1	5	LIG1
0.000476807216498861	0.714118082034117	0.518	0.337	1	5	PSMB6
0.000321605340690759	0.712682547042627	0.496	0.32	1	5	CFL1
0.00988073353304895	0.708676342282741	0.404	0.256	1	5	AK2
0.00358461974755054	0.706268796943289	0.305	0.181	1	5	NDUFB6
0.0001496269947275	0.701635996158895	0.667	0.532	1	5	ENO1
0.000983653188820484	0.693338661765948	0.454	0.29	1	5	PSMA1
0.00563911940071602	0.680986195020822	0.348	0.231	1	5	MRPL20
0.000418608715155936	0.676447664068062	0.39	0.243	1	5	NDUFB4
0.00150120807897395	0.676346779830345	0.333	0.207	1	5	PPA1
0.00158536653401479	0.674900216684522	0.518	0.37	1	5	TBCA
0.000291324534400264	0.672766081816739	0.369	0.23	1	5	CYR61
0.00148303525176847	0.666393999404139	0.284	0.176	1	5	CHD4
0.00241294416066195	0.665559347925326	0.333	0.21	1	5	POLR2L
0.000361879237473606	0.664023094941392	0.475	0.297	1	5	NOP10
0.00501194871258476	0.663350979839141	0.433	0.291	1	5	ELOB
0.00024391617986567	0.661211801606619	0.674	0.508	1	5	UBE2L3
0.00104275927815985	0.655639371353135	0.433	0.276	1	5	LSM7
0.00103824637499602	0.654680578840349	0.418	0.269	1	5	PGLS
0.000129112052777663	0.654219285458037	0.376	0.23	1	5	LOC138549408
0.00269511345610203	0.648328461057723	0.34	0.218	1	5	ST8SIA4
0.00320984003056071	0.645691795613094	0.383	0.252	1	5	LOC138488268
0.00807388322147768	0.645557709917483	0.355	0.234	1	5	GNAI1
0.00899582269427658	0.62637832055626	0.291	0.196	1	5	TUBB2B
0.00762343755372314	0.621999880045685	0.227	0.149	1	5	TPST2
0.00322822558811997	0.615336149764675	0.433	0.294	1	5	PHF5A
0.00300252031827486	0.609943862470615	0.411	0.274	1	5	IDH2
0.00262162479382442	0.604109721149797	0.489	0.342	1	5	PCNA
0.0039028922969642	0.603782022104461	0.383	0.255	1	5	DPYSL2
0.00654668546795909	0.60269932408675	0.27	0.188	1	5	U2AF1
0.000140693861834054	0.600886892892487	0.461	0.305	1	5	SNU13
0.00695834321035801	0.596004671512741	0.348	0.23	1	5	PABPN1
0.00384994887125673	0.591935007203694	0.383	0.248	1	5	NOVA2
0.00275243009531541	0.590104070073057	0.369	0.243	1	5	CNN2
0.00541777853354116	0.581258086143555	0.433	0.288	1	5	OSTC
0.00253259338268887	0.576105114075036	0.461	0.304	1	5	BLOC1S1
0.00630243411266513	0.575007590217701	0.34	0.23	1	5	GATM
0.00699255725262084	0.574424140927228	0.291	0.193	1	5	S100A16
0.00255564475116339	0.570557465552315	0.433	0.293	1	5	ENTPD1
0.000229615435967712	0.568646555892279	0.702	0.504	1	5	FKBP1A
0.00346168501926506	0.564735230167525	0.567	0.41	1	5	GLRX
0.00025165532231924	0.557451430743348	0.539	0.374	1	5	COX7A2L
0.000779250680389326	0.555489511774028	0.468	0.321	1	5	SKP1
9.06995967344209e-05	0.55404137840905	0.596	0.391	1	5	CD93
0.00338597155381405	0.551984258940703	0.27	0.181	1	5	SSNA1
0.00672917163024646	0.551140542363231	0.333	0.239	1	5	APOLD1
0.00399672153842821	0.548396790005688	0.645	0.497	1	5	RPL8
0.00130212996225002	0.538630408656373	0.738	0.653	1	5	ACTG1
0.00232422282873396	0.537110982459173	0.447	0.319	1	5	ATF4
0.000595429815386558	0.529437054573752	0.461	0.317	1	5	EIF3K
0.00031057672782112	0.525261264581429	0.574	0.379	1	5	ATP5PO
0.000299429703128471	0.518495304291826	0.702	0.511	1	5	DAD1
0.000249987252778962	0.512863436212495	0.326	0.187	1	5	SH3RF3
0.00851784258244346	0.510638771097982	0.305	0.19	1	5	EMID1
0.00904026344432799	0.504960458855466	0.617	0.49	1	5	GSTM1
0.000351056785637539	0.504810490555863	0.716	0.559	1	5	PPIB
0.00766966967869618	0.500352432449055	0.567	0.454	1	5	TMEM167A
0.00352899682495488	0.498157348114597	0.504	0.358	1	5	LSM3
0.00447051018845557	0.497095303611294	0.376	0.267	1	5	PSMA3
0.00428907211120209	0.495290806764546	0.418	0.299	1	5	ADAMTS1
0.00454452370204009	0.495103455937597	0.489	0.364	1	5	SRSF1
0.000726796910555534	0.494800177601208	0.702	0.548	1	5	LOC138488548
0.00967913698759311	0.494164372805786	0.61	0.516	1	5	ARPC2
0.00490229700347242	0.487783270095604	0.56	0.406	1	5	TFPI2
0.00429469757583275	0.485337332735122	0.553	0.393	1	5	ARPC5
0.00601662150399371	0.478694296233851	0.617	0.462	1	5	ARHGDIB
0.00887044959072284	0.477329754133756	0.589	0.413	1	5	NDUFAB1
0.00894812391055217	0.472458024116919	0.319	0.223	1	5	TES
0.00115830137407877	0.461008003373381	0.56	0.392	1	5	NDUFS5
0.00116624374487663	0.4546488222672	0.525	0.367	1	5	WLS
0.00237541878712444	0.454443324789338	0.475	0.341	1	5	NDUFB3
0.00490101032084213	0.443109097345824	0.518	0.411	1	5	PGAM1
0.000323506456832428	0.442565345952172	0.801	0.655	1	5	FSCN1
0.000759890785635164	0.438764929701544	0.766	0.603	1	5	STMN1
0.0055631460674617	0.437575308908258	0.27	0.193	1	5	BRI3
0.000805809251678501	0.436584106505208	0.539	0.396	1	5	UQCRB
0.00915119758286589	0.435827646621991	0.461	0.326	1	5	TIMP2
0.00252945060170439	0.434674689603152	0.56	0.409	1	5	MANF
0.000428774748999351	0.431357368815468	0.716	0.504	1	5	SNRPD2
0.00878522193996231	0.423220015931188	0.362	0.266	1	5	EIF2S3
0.00236069799638023	0.418791015270411	0.567	0.437	1	5	CDH5
0.00073272082561891	0.415120458080562	0.624	0.445	1	5	LMNB2
0.00939495588134777	0.411955851136883	0.397	0.286	1	5	RANBP1
0.0012075967303253	0.41119543298445	0.567	0.437	1	5	LYVE1
0.00798563651605116	0.409428429520265	0.631	0.506	1	5	ATP5F1B
0.00405960301733644	0.407261031252673	0.716	0.614	1	5	LGALS1
0.000782706548802929	0.39069273390149	0.504	0.377	1	5	SSR4
0.00764868930479862	0.390042594673704	0.681	0.537	1	5	CLIC1
0.00421618698900015	0.38610319435949	0.667	0.535	1	5	ELOC
0.000326513753236341	0.384720640309372	0.702	0.541	1	5	SNRPB
0.000175353306869152	0.380098526200378	0.759	0.608	1	5	ATP5PF
0.00010343874338367	0.37601074622481	0.83	0.627	1	5	ATP5MF
0.00206541996903507	0.369233809665719	0.539	0.391	1	5	TUSC3
0.000722214052395352	0.368776150736992	0.865	0.754	1	5	HMGN2
0.00560849073166635	0.366979157843846	0.73	0.554	1	5	FTH1
0.00714255507836326	0.362024275901082	0.397	0.295	1	5	CISD1
0.000417448693562636	0.357670706307272	0.844	0.672	1	5	SLC25A3
0.0053318140145985	0.356963121300744	0.745	0.606	1	5	LDHA
0.000132180477099988	0.355928330613666	0.674	0.513	1	5	PTGS2
0.000508788123411375	0.354962193068629	0.851	0.701	1	5	RAN
0.00525994121600754	0.353615341610586	0.489	0.364	1	5	LOC138521839
0.00278672993008731	0.352079088626652	0.787	0.637	1	5	SNRPD1
0.00559177855199997	0.350984562331161	0.376	0.296	1	5	NDUFA13
0.00168379430690108	0.350959666602277	0.645	0.504	1	5	GRB10
0.00701733840153286	0.344761569040998	0.589	0.466	1	5	BTF3
0.00375518340765042	0.344465904516777	0.794	0.638	1	5	EIF2S2
0.000116712089337943	0.335236812295731	0.865	0.734	1	5	NAP1L1
0.00217263304927427	0.334593928705534	0.674	0.556	1	5	RAP1A
0.000170004061199437	0.33415718062939	0.95	0.826	1	5	CALM1
0.00717404885528892	0.334083885989656	0.787	0.71	1	5	CALM2
0.00994925891678744	0.328524360647755	0.553	0.444	1	5	SEC61G
0.00043684001854894	0.326358476678599	0.801	0.628	1	5	HNRNPU
0.00372194683533656	0.324566347079072	0.624	0.472	1	5	GNAI2
0.00815796420345842	0.322645476894354	0.624	0.572	1	5	VDAC2
0.00204620514861511	0.318199129857687	0.738	0.574	1	5	TIE1
0.00110097096702606	0.310184522450325	0.957	0.866	1	5	RPS4X
0.00153591846094252	0.306813363037379	0.872	0.713	1	5	HNRNPL
0.000727750847517935	0.30641085343279	0.773	0.61	1	5	UQCRH
0.00145963755317813	0.294623954029465	0.965	0.862	1	5	RPL30
0.00486558327732282	0.290196241988656	0.688	0.569	1	5	KHDRBS1
0.00278219320586768	0.289906805727099	0.745	0.59	1	5	HNRNPA0
0.00914025523933863	0.289775262983367	0.645	0.546	1	5	COL5A2
0.00617922945838715	0.289746032891263	0.596	0.463	1	5	TMEM258
0.00303519155662417	0.284344912079206	0.872	0.75	1	5	SRSF3
0.00415403138500918	0.282911234000141	0.865	0.726	1	5	RPL6
0.000320756978377387	0.282464362118098	0.957	0.853	1	5	RPL22
0.0087153558075245	0.282113895690797	0.355	0.254	1	5	PCDH17
0.00128897665200744	0.280962962210619	0.943	0.839	1	5	EIF5A2
0.00922699875222368	0.272213832608189	0.638	0.512	1	5	RBM4
0.00123535118076527	0.269968991231266	0.986	0.903	1	5	RPS29
0.00176671294699522	0.265693664945969	0.957	0.837	1	5	ATP5MC2
0.000671762228846645	0.253555075070614	0.979	0.926	1	5	RPS20
0.000303382017336734	0.252860090715683	0.979	0.927	1	5	RPL7
0.00829870494520054	0.250918855638127	0.801	0.676	1	5	PFN2
0.00356406735766866	0.24632170131823	0.936	0.899	1	5	RPL38
0.00194112766577185	0.244650462692161	0.965	0.896	1	5	ANXA2
0.000222631102176901	0.22736383145705	0.993	0.972	1	5	PTMA
0.00398812498522896	0.219735343196913	1	0.949	1	5	RPS8
0.00897926950784908	0.211631804546029	0.773	0.698	1	5	AKAP8L
0.00269802958280164	0.195800956238834	0.823	0.627	1	5	CD34
0.00490632041507287	0.191588068967061	1	0.972	1	5	ZA20D3
0.00748422463360133	0.178111490321848	1	0.966	1	5	CFL2
0.00823007793046541	0.170500173182829	0.695	0.509	1	5	IGFBP1
0.00107319739854208	-0.440846685628449	0.823	0.852	1	5	CD63
0.00724131236376915	-0.450469758286759	0.397	0.483	1	5	AKAP13
0.0075920878027753	-0.488996232210305	0.539	0.606	1	5	AHNAK
0.000599810892947653	-0.506658458369976	0.766	0.826	1	5	ITGBL1
0.00722918810581143	-0.588419899624686	0.135	0.212	1	5	DDR2
0.000705191603941064	-0.612055458816342	0.539	0.654	1	5	APP
0.00710307783102828	-0.619008219458109	0.184	0.266	1	5	STAT5B
0.00462362144858155	-0.62150552844396	0.227	0.333	1	5	NR3C1
0.00708661573057845	-0.624478159815075	0.17	0.256	1	5	SBF1
0.00427410559420926	-0.630675108226805	0.191	0.285	1	5	GARRE1
0.00682506599276723	-0.631842179915815	0.206	0.283	1	5	FRYL
0.000918721165000905	-0.637386748772964	0.227	0.345	1	5	NCOA2
0.00341011969200156	-0.639766779624906	0.121	0.219	1	5	TBX1
0.00875038641855615	-0.645192151261764	0.291	0.382	1	5	PDE2A
0.00235203218117196	-0.645955118671206	0.106	0.177	1	5	RARS1
0.00582133679638317	-0.653410923590253	0.191	0.289	1	5	TEAD1
0.00818853317701306	-0.65366733433311	0.199	0.285	1	5	ZNF436
0.00390030951120296	-0.675549900859502	0.099	0.177	1	5	JADE2
0.00745574237755394	-0.676577369996415	0.362	0.458	1	5	ARHGAP31
0.00950880092844082	-0.691158005213945	0.142	0.219	1	5	OSBP
0.0051212976389854	-0.701366319130642	0.44	0.534	1	5	TCF4
0.00958257306531412	-0.701675877127943	0.113	0.203	1	5	TGFBR2
0.0024147807906247	-0.709647883661791	0.305	0.444	1	5	MYOF
0.00509575028973236	-0.713212371625067	0.22	0.341	1	5	TANC1
0.00175866575887329	-0.716878283771614	0.241	0.374	1	5	ND5
0.00767748175559645	-0.722161504578422	0.213	0.311	1	5	CCNI
0.000398165737139728	-0.725923423374621	0.234	0.403	1	5	KANK3
9.41092069856051e-05	-0.728479128278378	0.532	0.626	1	5	SPTBN1
0.00879534051812689	-0.731637074569015	0.142	0.219	1	5	PKN2
0.00238727786697739	-0.732978180908571	0.22	0.331	1	5	HSD17B12
0.00992402929493645	-0.738523460154255	0.128	0.203	1	5	WAC
0.00142711042938065	-0.749113050746511	0.206	0.339	1	5	ITGA9
0.0004413800516999	-0.751825286817378	0.262	0.394	1	5	PLCG1
0.00432561889680418	-0.757933818277242	0.163	0.271	1	5	RB1
0.00310067543842689	-0.75871335849229	0.177	0.302	1	5	THOC2
0.00296586658336848	-0.760243496558497	0.284	0.409	1	5	ATP2A2
0.00332152557507633	-0.764058552261392	0.277	0.393	1	5	COL1A1
0.00096055862843531	-0.769250855038722	0.234	0.36	1	5	ITPR2
0.000459540574830977	-0.769866770962218	0.355	0.51	1	5	SGK1
0.00526571913848253	-0.771935821131457	0.121	0.187	1	5	MAD1L1
0.00840545734891463	-0.774421941065811	0.241	0.338	1	5	CYLD
0.00753042569892321	-0.778390843268757	0.121	0.191	1	5	ZNF91
0.00773131411393304	-0.782892235503697	0.34	0.459	1	5	NPR1
0.00535902182492056	-0.78481711242819	0.177	0.289	1	5	MARK2
0.00646969820988914	-0.78481711242819	0.071	0.136	1	5	DUS2
0.0028322549655385	-0.792324649097131	0.142	0.254	1	5	PTPRK
0.00440780073524602	-0.794403161257388	0.241	0.335	1	5	SERPING1
0.00578708601956896	-0.798073209130457	0.163	0.274	1	5	HEBP2
0.000776604592483262	-0.808816431722966	0.199	0.319	1	5	AHR
0.000528982189881867	-0.809339431562259	0.121	0.235	1	5	WDFY1
0.00209036041501296	-0.809987688163096	0.156	0.266	1	5	DEDD2
0.00333411869160543	-0.81120861131959	0.149	0.27	1	5	MAP4
0.00434599237260815	-0.814732690332477	0.135	0.219	1	5	RABGAP1L
0.00021911768203145	-0.814874346284369	0.213	0.352	1	5	ADD1
0.00912468665363827	-0.819497538686819	0.454	0.532	1	5	FAM107B
0.00109591973103837	-0.824225496986425	0.149	0.279	1	5	UBR4
0.000108727169638393	-0.824933429205787	0.326	0.514	1	5	GDPD5
0.00939603629644381	-0.825459096925536	0.128	0.224	1	5	IL13RA1
0.000667722295114785	-0.826117711427222	0.355	0.469	1	5	COL1A2
0.00806340099434284	-0.826852332225402	0.149	0.253	1	5	RBM6
0.00215534626056817	-0.830532830149407	0.262	0.387	1	5	NFX1
0.00414226445478841	-0.830620802041314	0.184	0.305	1	5	LYST
0.00214137975028852	-0.836769192062911	0.149	0.26	1	5	OGT
0.00815299158910074	-0.837125985694231	0.17	0.27	1	5	CNOT1
0.000510227459170141	-0.841400640794557	0.213	0.332	1	5	FAM120C
0.0040958696858414	-0.845505039127294	0.184	0.286	1	5	ANKRD10
0.00687011967036418	-0.845662667648717	0.17	0.272	1	5	ARID2
0.00463907222945745	-0.848620147307637	0.319	0.417	1	5	ECE1
0.00815709674126714	-0.848780171160155	0.206	0.316	1	5	UBR2
0.00370973757322831	-0.850774910559704	0.348	0.481	1	5	TNS1
0.00644132785603884	-0.856627115019215	0.177	0.292	1	5	GNAL
0.00691597447140111	-0.856627115019215	0.191	0.303	1	5	DOCK1
0.00265595144456505	-0.859048506613982	0.163	0.264	1	5	MEF2D
0.000548518620456161	-0.867065524187904	0.191	0.313	1	5	SLC12A6
0.00111271156706006	-0.86805627279561	0.199	0.331	1	5	RGL3
0.00151976547812826	-0.872144164225665	0.17	0.286	1	5	SEPTIN10
0.00270776860568492	-0.872144164225665	0.163	0.27	1	5	DNAJC13
0.00436777375383059	-0.874315263267292	0.135	0.233	1	5	PDE6D
0.00283555091061753	-0.874567504729756	0.241	0.347	1	5	FBLN2
0.00630401725393491	-0.875149432149097	0.085	0.159	1	5	SLC44A1
0.00530809595294347	-0.87602698390419	0.121	0.218	1	5	LRSAM1
0.00622358272970251	-0.87602698390419	0.121	0.209	1	5	EPB41
0.0019994256154558	-0.876637820851099	0.177	0.3	1	5	SCAF8
0.000480984360495907	-0.876951393402427	0.248	0.383	1	5	XPO5
0.00865578367759352	-0.877926516819671	0.092	0.167	1	5	TYROBP
0.000349914764009591	-0.878606872899665	0.312	0.436	1	5	PDIA4
0.00924058818638905	-0.879313057090634	0.149	0.251	1	5	NHERF2
0.00502279001977586	-0.881201648852532	0.213	0.31	1	5	SLC22A23
0.00918121924398524	-0.883464700361101	0.078	0.151	1	5	NSD1
0.00051639213611158	-0.883925257441114	0.213	0.374	1	5	CTNNA1
0.0077845249078533	-0.883925257441114	0.106	0.21	1	5	SIRT1
0.00119052564885816	-0.887386846068737	0.234	0.372	1	5	XYLT1
0.000226902017347769	-0.8894221556575	0.298	0.429	1	5	DGKZ
0.00914278664575105	-0.889899158485747	0.113	0.212	1	5	VPS13A
0.00763518442932014	-0.890982669645118	0.142	0.247	1	5	CCNY
0.00533053835987343	-0.891732316344702	0.17	0.284	1	5	ASH1L
0.000516443778424073	-0.893709514060599	0.27	0.426	1	5	TXNIP
0.00782814490607987	-0.897826074257376	0.17	0.284	1	5	IGF1R
0.00374113045182858	-0.899406244230122	0.099	0.178	1	5	SOS1
0.002752121870688	-0.904942435375413	0.262	0.406	1	5	USP9X
0.00207779223870029	-0.908688770590358	0.191	0.3	1	5	GALNT1
0.00119389255159946	-0.911479076530698	0.106	0.216	1	5	WAPL
0.00682657702292443	-0.915401222238334	0.128	0.227	1	5	DLG1
0.00120321619160028	-0.9213487971108	0.184	0.3	1	5	SVIL
0.00405887603238647	-0.921474232492428	0.191	0.326	1	5	BIRC6
0.00176777861828672	-0.922320636178125	0.099	0.191	1	5	GON4L
0.00367038141534912	-0.92386280098653	0.099	0.201	1	5	ZC3H3
0.000241302986694368	-0.923993972968335	0.284	0.413	1	5	NHSL2
0.00451271284438595	-0.924336981776629	0.17	0.284	1	5	LTA4H
0.00758192562053649	-0.929456817459753	0.149	0.252	1	5	PRP4K
0.00849535455327518	-0.931037853279234	0.078	0.145	1	5	SOCS7
0.00263841294540688	-0.934811580361321	0.149	0.246	1	5	USP48
0.000363699896909338	-0.935896585457001	0.156	0.283	1	5	SLC12A4
0.00421459105237665	-0.938468058754722	0.128	0.231	1	5	SYT16
0.000130798995102217	-0.941505312594176	0.348	0.482	1	5	LOC138580806
0.00470403659814077	-0.943624149386347	0.149	0.241	1	5	MARCHF3
0.00334648297707229	-0.944876760744298	0.17	0.272	1	5	RAPGEF5
0.00347309085848186	-0.954029495905463	0.121	0.196	1	5	MCF2L
0.00979491983481976	-0.965389358070011	0.121	0.231	1	5	LRCH3
0.000451563820018803	-0.965874216095374	0.206	0.34	1	5	FCHSD2
0.00897312934061262	-0.966931522878416	0.064	0.141	1	5	CHD2
0.00671181258679418	-0.97023062113951	0.092	0.18	1	5	GLB1
0.00510085745553752	-0.976466885025218	0.191	0.31	1	5	DAB2
0.00527036681270754	-0.977462190370586	0.142	0.253	1	5	BRD4
0.000909366951926152	-0.978165772457629	0.241	0.391	1	5	SMAD1
0.00239779804712896	-0.979464543281733	0.206	0.353	1	5	KLHL4
0.00611127107827882	-0.979680015620404	0.078	0.164	1	5	SCAPER
0.00842046392962696	-0.985790550129732	0.113	0.239	1	5	NCKAP1
0.000295283417312967	-0.987980062284585	0.241	0.399	1	5	PREX2
0.00406905478346759	-0.988957829208415	0.092	0.195	1	5	TRRAP
0.00638621965282702	-0.988957829208415	0.135	0.243	1	5	PPP6R1
0.00219713282253825	-0.996012586742365	0.106	0.211	1	5	XPO1
0.001722331429317	-0.99657101331829	0.135	0.255	1	5	LOC138569465
0.00513749001510206	-0.998941917781037	0.057	0.134	1	5	SIN3A
0.00852839124954449	-0.998941917781037	0.064	0.132	1	5	DHX57
0.00215258555116417	-1.00225465182187	0.092	0.196	1	5	PLOD3
0.000413250271844121	-1.00345739890353	0.135	0.255	1	5	CDKAL1
0.00633650522683441	-1.00345739890353	0.142	0.245	1	5	PEAK1
0.00732067839733289	-1.0044589227486	0.057	0.122	1	5	PGM3
0.000168752336740107	-1.00619025593877	0.468	0.575	1	5	SPARC
0.00531074944413454	-1.01037681284332	0.078	0.171	1	5	MAP3K1
0.00686859530426069	-1.01795003254812	0.085	0.174	1	5	RNF14
0.00894705491701084	-1.01795003254812	0.085	0.172	1	5	LMBRD1
0.000631173594019776	-1.02360397201531	0.213	0.331	1	5	GALNT18
0.0064885508080617	-1.02360397201531	0.078	0.163	1	5	CEP85L
0.00730085507826706	-1.02848619339505	0.064	0.136	1	5	FBXO3
0.000769479693172566	-1.03002452129011	0.241	0.381	1	5	APC
0.00320370418615466	-1.03173185289871	0.121	0.227	1	5	AMFR
0.00753562993729967	-1.03173185289871	0.071	0.164	1	5	SNX1
0.00606874634641234	-1.03577868596141	0.092	0.201	1	5	AHDC1
0.001671348840803	-1.03649165609744	0.106	0.22	1	5	FKBP15
0.000586064758504688	-1.03786742968936	0.191	0.329	1	5	PARD3
0.00588074049839193	-1.04785151826198	0.099	0.199	1	5	ZMYND11
0.00147881686063414	-1.04785151826198	0.071	0.165	1	5	NDUFS1
0.00199345829653452	-1.04785151826198	0.135	0.266	1	5	ZFAND3
0.00129921362865964	-1.05242424805181	0.135	0.261	1	5	STRN3
0.00750920541691634	-1.05290474598827	0.128	0.245	1	5	ERI3
0.00328974035892312	-1.05424928946013	0.099	0.185	1	5	CELF2
0.00110806191115258	-1.05523104862758	0.071	0.178	1	5	DENND6A
0.00286633421879988	-1.05656873536309	0.142	0.252	1	5	DAB2IP
0.00938737795779884	-1.05982415992806	0.106	0.203	1	5	KDM5A
0.00191446481578669	-1.06152645515906	0.092	0.191	1	5	MAF1
0.00909030423207757	-1.06577342625925	0.106	0.196	1	5	SWT1
0.00798660973613022	-1.06696034120969	0.064	0.129	1	5	FAM110B
0.000697447098796181	-1.07169826021635	0.099	0.213	1	5	TM9SF1
0.00267448988697145	-1.07169826021635	0.078	0.161	1	5	CARMIL1
0.00680421567535265	-1.07384672679493	0.071	0.152	1	5	KDM6A
0.00696433889455139	-1.07507298699701	0.092	0.189	1	5	ADNP
0.00125414331970656	-1.07776709616627	0.184	0.302	1	5	TIMP1
0.00418798259322185	-1.07956037798932	0.113	0.207	1	5	EBF3
0.000684820417169207	-1.07956037798932	0.163	0.305	1	5	PRKACA
0.00817440050022459	-1.08849350275933	0.085	0.169	1	5	PGM5
0.00903336134847768	-1.08849350275933	0.092	0.191	1	5	SLAMF8
0.00384468966614263	-1.09092024015387	0.071	0.156	1	5	SLC9A6
0.000294450902458548	-1.09515723304034	0.099	0.23	1	5	BAZ2B
0.00712756546284042	-1.0964144837002	0.22	0.331	1	5	GGT5
0.00577663891971677	-1.09938181890207	0.064	0.148	1	5	PDE3B
0.00233472534832121	-1.10289288181995	0.078	0.168	1	5	SLC3A2
0.00463547659844473	-1.10674520731555	0.099	0.197	1	5	FLRT2
0.00890197282038009	-1.10674520731555	0.05	0.119	1	5	SECISBP2L
0.000213948957785487	-1.10905167469872	0.135	0.271	1	5	ANKRD11
0.00218202961066747	-1.11058727360995	0.078	0.166	1	5	PBX1
0.000181906871707184	-1.11294654648387	0.163	0.315	1	5	TAOK3
0.00170193683190615	-1.11594903464539	0.227	0.358	1	5	VAV3
0.00521894862809607	-1.11615753165289	0.071	0.163	1	5	TMEM181
0.000806439998449183	-1.12078304071583	0.113	0.238	1	5	TRAF2
0.00125258953598232	-1.12078304071583	0.121	0.247	1	5	SPTAN1
0.00278737472432015	-1.12281357594321	0.057	0.143	1	5	NCOA6
0.00850527141193918	-1.12585403026326	0.035	0.088	1	5	AP2A1
0.000930556265121306	-1.14096092265346	0.121	0.242	1	5	ERC1
0.00440719845002405	-1.14096092265346	0.043	0.11	1	5	SDC4
0.000144649207812654	-1.14524828105656	0.128	0.281	1	5	KMT2C
0.00603759635566369	-1.14994970588072	0.064	0.144	1	5	ZNF391
0.000692996138344007	-1.15512825458006	0.128	0.255	1	5	KIF13B
0.00249010757581303	-1.15642404004127	0.184	0.286	1	5	CADM1
0.000675055026240799	-1.15726273498257	0.071	0.158	1	5	ARMC6
0.00310192365740762	-1.16332873568192	0.078	0.171	1	5	ATG9A
0.00196634516875413	-1.16480766460783	0.099	0.204	1	5	ZMYM4
0.00284183285115366	-1.16902484107134	0.227	0.351	1	5	ADD3
0.000489888370827264	-1.16915781448412	0.128	0.253	1	5	OSBPL8
0.0016494586528552	-1.1728097886928	0.092	0.192	1	5	KSR1
0.000803193406268418	-1.17438392419092	0.199	0.345	1	5	ZNF521
0.00390975609059368	-1.17438392419092	0.106	0.226	1	5	ACAP2
0.00480654346368414	-1.17658483238419	0.099	0.202	1	5	TNFRSF3
0.00463341850086664	-1.17909605154024	0.043	0.106	1	5	ACACB
0.000212753242784969	-1.1804892868401	0.121	0.245	1	5	MTMR3
0.0017357110393115	-1.18327172751143	0.121	0.236	1	5	SELENOP
0.00304901954725063	-1.18535504201192	0.05	0.124	1	5	DCLK2
0.00468539835426168	-1.19020444167331	0.057	0.136	1	5	MPP7
0.0047823869158706	-1.19020444167331	0.057	0.137	1	5	NANS
0.000381332056950038	-1.19080947210403	0.099	0.234	1	5	COPB1
0.000409309967507843	-1.19624335815465	0.099	0.224	1	5	ANKHD1
0.00986736109128501	-1.19624335815465	0.05	0.116	1	5	GSAP
0.00332593275393	-1.19799186768984	0.17	0.279	1	5	PLAT
0.00850527141193918	-1.19985461170703	0.035	0.096	1	5	XIAP
0.000358058803863548	-1.20088474030552	0.113	0.26	1	5	SELP
0.000222789378028266	-1.20465559797085	0.121	0.257	1	5	FBXW7
0.000539197611021534	-1.20509126007318	0.142	0.29	1	5	CDK13
0.00483494441022313	-1.20705011311124	0.05	0.125	1	5	KIFBP
0.00640562828377451	-1.2142099046841	0.078	0.183	1	5	HERC2
0.00399976656849759	-1.2284237639038	0.043	0.112	1	5	PDS5A
0.00698613772186692	-1.2284237639038	0.064	0.151	1	5	FOXK1
0.00151513032460425	-1.2284237639038	0.057	0.128	1	5	HMCN1
0.00562755747978118	-1.2284237639038	0.05	0.127	1	5	SMC1A
0.00847753485871132	-1.2284237639038	0.057	0.136	1	5	PPP1R9B
0.000330752170014151	-1.23493707086248	0.085	0.196	1	5	RUFY3
0.00149642966002539	-1.23611815569381	0.071	0.171	1	5	RLIM
0.00961308449211969	-1.23782246190605	0.057	0.141	1	5	STAT6
0.00215247069176893	-1.24948537943163	0.078	0.171	1	5	UAP1L1
0.00352592942372274	-1.25138491234712	0.071	0.158	1	5	CHUK
0.00316563455773217	-1.25895813205192	0.064	0.163	1	5	USP47
0.0016888383308457	-1.26197632361483	0.057	0.155	1	5	VPS13B
0.00748470005449401	-1.26649180473732	0.071	0.171	1	5	STAT3
0.00909279373732022	-1.2680728405568	0.121	0.194	1	5	NFATC2
0.00713340437332896	-1.27024393959843	0.035	0.097	1	5	VPS53
0.00856468235047028	-1.27024393959843	0.035	0.101	1	5	BBS2
0.00980696154040006	-1.27481666938826	0.057	0.136	1	5	NFATC4
0.00752556545246405	-1.2761205059351	0.043	0.116	1	5	PTDSS2
0.00324905729441441	-1.27749975560123	0.106	0.256	1	5	GIGYF1
0.00533046380148657	-1.2784644464034	0.064	0.158	1	5	DOCK7
0.00596766026181365	-1.27937495135056	0.121	0.245	1	5	EPB41L2
0.00339106864465178	-1.28391887649551	0.057	0.144	1	5	ABI2
0.0034624751468774	-1.28391887649551	0.057	0.145	1	5	RNF114
0.0020942036424846	-1.28391887649551	0.078	0.184	1	5	LMBR1
0.000405090047407979	-1.29070804215815	0.064	0.181	1	5	RNF216
0.00860598413016575	-1.29070804215815	0.021	0.068	1	5	ST3GAL3
0.000606932669554373	-1.29420718294915	0.184	0.332	1	5	FBXL7
0.00395183304239366	-1.29746540833346	0.028	0.1	1	5	DHX40
0.000111248505002775	-1.29746540833346	0.149	0.317	1	5	ZZEF1
0.00223192268192238	-1.30083225943185	0.05	0.135	1	5	EP400
0.000318097375194997	-1.30195279932577	0.057	0.148	1	5	TMEM131
0.00538691530439337	-1.30195279932577	0.057	0.144	1	5	MKLN1
0.00882809895647743	-1.31088592409578	0.043	0.12	1	5	NEURL4
0.000895073345530996	-1.31088592409578	0.078	0.181	1	5	BICRA
0.00713340437332896	-1.31088592409578	0.035	0.1	1	5	TULP4
0.00202719025643066	-1.32153316829529	0.099	0.226	1	5	ATF7
0.000797471311625016	-1.3268274679648	0.064	0.166	1	5	SUFU
0.00945187505751228	-1.3268274679648	0.028	0.086	1	5	PGAP6
0.000294007730522798	-1.32795943745472	0.092	0.219	1	5	CUL5
0.00280077839324191	-1.33473266605015	0.064	0.163	1	5	ZFC3H1
0.00083649382657153	-1.34259478382312	0.064	0.164	1	5	TTC7B
0.00677168665261045	-1.34259478382312	0.028	0.084	1	5	PPP2R3A
0.000633642174194182	-1.34390098132374	0.142	0.267	1	5	IGF2
0.00545190737422877	-1.34483325601911	0.043	0.119	1	5	DCAF1
0.00225923132347825	-1.34607535255808	0.113	0.237	1	5	SERPINE2
0.00249042682680306	-1.35041428828241	0.064	0.163	1	5	ARHGAP17
0.00175790188713534	-1.35041428828242	0.028	0.103	1	5	LOC138580359
0.00159399412512329	-1.35246502784718	0.121	0.257	1	5	NAV2
0.000175765586764703	-1.35301139976845	0.099	0.224	1	5	CCNG1
0.00341772825154861	-1.35301139976845	0.092	0.221	1	5	DVL1
0.0029242597041686	-1.35597381362431	0.043	0.121	1	5	ATM
0.00296447422242797	-1.36012944311563	0.05	0.132	1	5	KMT5B
0.00339603141553977	-1.36012944311563	0.05	0.132	1	5	CCDC9
0.00118723435677283	-1.36638103668748	0.113	0.244	1	5	VPS13C
0.000594895430944176	-1.37800011995431	0.035	0.118	1	5	INPP4B
0.00294867097545899	-1.37800011995431	0.043	0.121	1	5	TRIM24
0.00177100429543587	-1.39969519105363	0.043	0.122	1	5	SETX
0.00939695071063006	-1.40399532848726	0.028	0.09	1	5	BTN2A1
0.000369757973034817	-1.40774746334837	0.05	0.144	1	5	PIK3C2B
0.00728864501284937	-1.40774746334837	0.021	0.071	1	5	NCOA7
0.00383579036612268	-1.41397941705988	0.035	0.108	1	5	ZNF592
0.00536170989474523	-1.41397941705988	0.028	0.104	1	5	SFMBT1
0.000224543702016244	-1.41894566995323	0.064	0.173	1	5	CUL4B
0.00152139013752022	-1.4210688418462	0.043	0.122	1	5	EIF4G3
0.00278955503103172	-1.42636314151571	0.035	0.108	1	5	EXOSC9
0.00614037122685994	-1.44474167083057	0.021	0.073	1	5	SQOR
0.00934213095911185	-1.44838944784571	0.028	0.089	1	5	HLCS
0.00154735592911554	-1.45254707331937	0.043	0.129	1	5	PDXDC1
0.00455705600845126	-1.46288901754083	0.035	0.111	1	5	PCCA
0.000170597755720495	-1.4694318634076	0.05	0.186	1	5	ARID5B
0.00293662432630401	-1.47187780076808	0.05	0.144	1	5	NADK
0.00640860542483371	-1.47315735299465	0.043	0.13	1	5	PLXNB2
0.0023761425953403	-1.4748616592069	0.035	0.109	1	5	MAPKAP1
0.000680558078766628	-1.48081092553809	0.05	0.142	1	5	KMT2E
8.68294400299013e-05	-1.48081092553809	0.128	0.269	1	5	APCS
0.00174101449310555	-1.48335312010054	0.043	0.124	1	5	ELMO2
0.00844606246008244	-1.4867357594952	0.035	0.112	1	5	BCKDK
0.000231788651685165	-1.49580364001356	0.085	0.231	1	5	ANKRD17
0.00336407550908138	-1.49851292727155	0.05	0.145	1	5	FN3K
0.00728864501284937	-1.49851292727155	0.021	0.077	1	5	TSPAN36
0.00523135501360748	-1.50353100203817	0.043	0.12	1	5	MGAT3
0.00113871816347032	-1.50728313689928	0.05	0.148	1	5	MTMR4
0.00511592394892125	-1.51019473231918	0.057	0.152	1	5	MTSS2
0.00030860976820099	-1.52033928972473	0.085	0.21	1	5	EXOC6
0.00446063914458679	-1.5217827065944	0.035	0.111	1	5	MORC3
0.00219318328986537	-1.54184035893565	0.106	0.216	1	5	FLT4
0.00972449069840265	-1.5453511777328	0.092	0.196	1	5	HMOX1
0.00424376065858589	-1.5469532823293	0.028	0.099	1	5	MED16
0.00912397476982279	-1.5469532823293	0.028	0.093	1	5	PDE10A
0.0072209699682428	-1.55035185879117	0.021	0.077	1	5	IL1RAP
0.000832648027693834	-1.55881343753936	0.05	0.156	1	5	DPP9
0.0061115455835416	-1.56722567735556	0.021	0.079	1	5	TBC1D8B
0.00860598413016575	-1.56722567735556	0.021	0.081	1	5	EI24
0.000432905434943069	-1.57836623496076	0.057	0.173	1	5	GRAMD4
0.00328961009629965	-1.57836623496076	0.028	0.11	1	5	RALGDS
0.00449491111155942	-1.57836623496076	0.014	0.061	1	5	CDC16
0.00132248054966493	-1.58574576532636	0.057	0.169	1	5	SLC38A9
0.00079446042475956	-1.60039254129076	0.043	0.134	1	5	LOC138581099
0.00251811322301841	-1.60039254129076	0.043	0.141	1	5	KPNA1
0.000411517729570711	-1.61669435361986	0.05	0.157	1	5	MAGI3
0.0046577912468049	-1.63281401898314	0.043	0.131	1	5	ELN
0.00340591909471143	-1.64194503073527	0.092	0.223	1	5	LGALS9
0.0049233229596118	-1.65192284193084	0.028	0.106	1	5	MON2
0.00577605404865805	-1.66452287871048	0.028	0.105	1	5	TTC27
0.00788645861539721	-1.66452287871048	0.028	0.103	1	5	SYNJ2
0.000373415143423107	-1.66452287871048	0.035	0.123	1	5	TBC1D8
0.00100396576970736	-1.66452287871048	0.021	0.086	1	5	RABGEF1
0.00103058950707084	-1.67493949465582	0.035	0.127	1	5	LOC138569198
0.00602502028582122	-1.6801197337615	0.021	0.075	1	5	GJA4
0.00195243234629581	-1.6955497743311	0.021	0.087	1	5	USP46
0.00114922337050458	-1.70167587712794	0.064	0.176	1	5	TP53I11
0.00301803813492527	-1.70167587712794	0.028	0.109	1	5	LAYN
0.00170764602164501	-1.70574554143699	0.035	0.126	1	5	DNMBP
9.31200801192466e-05	-1.71298436766712	0.085	0.235	1	5	SLC4A11
0.00136262342426523	-1.71385059107405	0.028	0.112	1	5	ACAD9
0.00705188717375786	-1.72592342337462	0.021	0.076	1	5	LRP1
0.0048901065393276	-1.73448543687804	0.043	0.113	1	5	MAFB
0.00145125683757335	-1.75567076676867	0.035	0.132	1	5	ZNF236
0.000735037190078749	-1.77516694239447	0.035	0.123	1	5	RAPGEF3
0.000237259889964854	-1.77903475983418	0.064	0.206	1	5	MED13
0.00614037122685994	-1.78481711242819	0.021	0.092	1	5	DCBLD2
0.000451906812041656	-1.79440316125739	0.035	0.132	1	5	METTL15
0.0015353375275923	-1.79631275126602	0.021	0.112	1	5	FBRS
0.00619799210982918	-1.82746144983668	0.021	0.097	1	5	PIKFYVE
0.00196152560589842	-1.84140064079456	0.021	0.098	1	5	SPTY2D1
0.00739507801580024	-1.85977917010941	0.014	0.074	1	5	PKIG
0.00624614713671003	-1.87792651681967	0.014	0.074	1	5	GID8
0.00496792852357012	-1.89584842481693	0.007	0.051	1	5	ACD
0.00741925868860074	-1.89584842481693	0.014	0.077	1	5	KLHL8
0.00697608441533293	-1.92232063617812	0.007	0.053	1	5	ZNF628
0.00117675185760742	-1.92606303786394	0.043	0.133	1	5	EMILIN1
0.000274341161632021	-1.95622104279642	0.085	0.229	1	5	FN1
0.0019524313590134	-1.97385093681821	0.021	0.106	1	5	EPG5
0.00134648939603668	-1.98895782920841	0.028	0.131	1	5	SUCO
0.00112710150087376	-1.99894191778104	0.028	0.131	1	5	OTULIN
0.00449491111155942	-2.01543004056961	0.014	0.083	1	5	SMG6
0.00622556723819481	-2.01543004056961	0.014	0.08	1	5	DSE
0.00628710932777431	-2.01543004056961	0.014	0.082	1	5	TASOR2
0.00589230780971749	-2.02360397201531	0.007	0.057	1	5	USP30
0.000308237540087603	-2.03981419919657	0.035	0.149	1	5	KLHL29
0.00118248861154299	-2.04785151826198	0.021	0.11	1	5	AVL9
0.00977468397264405	-2.04785151826198	0.007	0.058	1	5	HEATR6
0.000308242349405249	-2.05584430901551	0.035	0.152	1	5	TMTC1
0.000840217364093392	-2.07169826021635	0.021	0.113	1	5	TPCN1
0.00696431919051594	-2.09515723304034	0.007	0.058	1	5	PDLIM5
0.00585699004242895	-2.10377432069929	0.39	0.466	1	5	CTSL
0.00163755065755675	-2.11058727360995	0.014	0.087	1	5	VCPIP1
0.00974089951603303	-2.11824084615338	0.007	0.056	1	5	LOC138583127
0.00977468397264405	-2.11824084615338	0.007	0.061	1	5	COG6
0.00158140129459004	-2.12802186694597	0.043	0.136	1	5	ENPP2
0.00192613679517357	-2.14096092265346	0.014	0.083	1	5	CLU
0.00824404002101856	-2.14096092265346	0.007	0.06	1	5	SLC7A1
0.00701810805728688	-2.15218817807672	0.021	0.092	1	5	PGF
0.00191983501531541	-2.19985461170703	0.014	0.086	1	5	PRR5L
0.00863713396932454	-2.2142099046841	0.014	0.088	1	5	NINJ1
0.00591002217794325	-2.24948537943163	0.021	0.099	1	5	PLCE1
0.00515029426933412	-2.29746540833346	0.014	0.077	1	5	GALR1
0.000178498923745294	-2.33078548153348	0.021	0.127	1	5	EEIG1
0.000332162065834883	-2.37362167944374	0.028	0.156	1	5	FOXP1
9.73390126053879e-05	-2.38888843609705	0.043	0.164	1	5	SRGN
0.000174176097792455	-2.38888843609705	0.014	0.104	1	5	LOC138480882
0.00150866180763055	-2.38888843609705	0.007	0.067	1	5	CHD1L
0.000297457937615975	-2.4170853279277	0.021	0.131	1	5	GAB3
0.00957259130219108	-2.42636314151571	0	0.037	1	5	PLEKHA3
0.000103447627575875	-2.42636314151571	0.035	0.168	1	5	PDGFC
0.00267816221025597	-2.42636314151571	0.014	0.096	1	5	CRABP2
0.000800875627022435	-2.46288901754083	0.021	0.126	1	5	PLEKHG4B
0.000832615501256353	-2.46288901754083	0.014	0.108	1	5	NEO1
0.00297935535268969	-2.46288901754083	0.007	0.07	1	5	CENPT
0.0015832414847663	-2.47187780076808	0.021	0.116	1	5	SNCA
0.00354135597242231	-2.48081092553809	0.007	0.076	1	5	TRIM29
0.00384795315886478	-2.49851292727155	0.028	0.11	1	5	MRGPRH
0.000160813113475052	-2.56722567735556	0.028	0.152	1	5	GAS6
0.00681885610907851	-2.56722567735556	0	0.04	1	5	POLI
0.00682040356179685	-2.60039254129076	0	0.04	1	5	KCNC1
0.00807964476641417	-2.63281401898314	0	0.038	1	5	CDCA2
0.00957641206796115	-2.63281401898314	0	0.04	1	5	CFD
0.00808286688049394	-2.6955497743311	0	0.039	1	5	LOC138487731
0.000400578725378631	-2.7158697587107	0.014	0.111	1	5	ITGB3
0.000260354762026693	-2.74087376484059	0.028	0.152	1	5	FGF10
0.000672694807444221	-2.75567076676867	0.014	0.109	1	5	LRG1
0.00107015078413117	-2.77031754273307	0.007	0.078	1	5	TGM2
0.000641132453631883	-2.84140064079456	0.007	0.095	1	5	MCM3AP
0.00075705286576698	-2.85520644031959	0.007	0.088	1	5	RNF152
0.00409859604856718	-2.86888137721666	0	0.051	1	5	KDELR3
0.00410407744202728	-2.86888137721666	0	0.045	1	5	THSD4
0.00957459256191657	-2.86888137721666	0	0.048	1	5	TMCO4
0.00681716819121571	-2.94831584471107	0	0.054	1	5	HPS4
0.00246413492367116	-3.02360397201531	0	0.052	1	5	FLRT3
0.00808287355222043	-3.02360397201531	0	0.05	1	5	CHAD
0.00348692469215686	-3.03577868596141	0.007	0.076	1	5	LOC138577431
0.00485614247169941	-3.09515723304034	0	0.059	1	5	TNKS1BP1
0.00575363731465748	-3.09515723304034	0	0.054	1	5	ANKRD6
0.00246501884369274	-3.2284237639038	0	0.064	1	5	ACP3
0.000111283301442538	-3.27024393959843	0.007	0.108	1	5	PDGFA
0.00808655010261286	-3.29070804215815	0	0.055	1	5	ARHGEF25
0.00147997653520213	-3.33078548153348	0	0.068	1	5	TRNAU1AP
0.00682182738275631	-3.35041428828242	0	0.06	1	5	GPR17
0.00148114442864471	-3.42636314151571	0	0.065	1	5	CXADR
0.00105408380961501	-3.78481711242819	0	0.08	1	5	ABLIM2
1.74950273862754e-35	1.92422964606056	0.871	0.383	2.09485457923261e-31	6	XIRP2
1.09354500322329e-28	1.68294916658544	0.885	0.555	1.30941078685957e-24	6	ADCY4
7.0479444114883e-27	1.60184959631059	0.842	0.403	8.43920863831609e-23	6	PLCB1
1.1876170713769e-24	-2.79550414551362	0.396	0.759	1.4220526812667e-20	6	PRSS23
4.97166956663594e-23	-0.79795800901139	1	1	5.95307713908987e-19	6	ACTB
1.66063831240491e-21	1.42913570256842	0.705	0.303	1.98844831527364e-17	6	TACR1
2.1685080014498e-21	1.18663747504124	0.878	0.544	2.59657148093599e-17	6	RAMP3
4.36649049285909e-21	3.06407392815925	0.338	0.062	5.22843571614948e-17	6	ANKFN1
2.2412203655525e-20	2.46338278932776	0.374	0.094	2.68363726571257e-16	6	RASA4
3.11899654049688e-19	1.78550539178221	0.554	0.198	3.73468645759096e-15	6	SLC16A2
3.15442424562169e-19	1.86933171948017	0.54	0.202	3.77710759170742e-15	6	SELP
9.75967132926328e-19	1.0696656894311	0.942	0.682	1.16862304496598e-14	6	SHANK3
2.61123995094715e-18	1.43011211610471	0.784	0.524	3.12669871726412e-14	6	DOCK9
1.18145232323834e-17	2.54366520821754	0.353	0.073	1.41467101184559e-13	6	EPS8
2.66240373420933e-17	-0.600456102459753	1	1	3.18796223134225e-13	6	CIRBP
1.37366446686307e-16	1.77847639041177	0.612	0.278	1.64482583262184e-12	6	GGT5
4.41967949130457e-16	-1.14804618672331	0.799	0.913	5.2921242228881e-12	6	TXN
1.57753757979621e-15	-0.870152624214156	0.971	0.975	1.88894349804799e-11	6	VIM
2.22440731823427e-15	1.37949799314545	0.683	0.358	2.66350532285372e-11	6	NHSL2
2.79035230318838e-14	1.26949024477855	0.633	0.302	3.34116784783776e-10	6	EPAS1
3.17285807491657e-14	-1.20889866506721	0.626	0.806	3.7991802589051e-10	6	TUBA1C
9.21995986242348e-14	0.847922099358595	1	0.999	1.10399799392659e-09	6	unassigned-gene-4
1.02010062619001e-13	-1.42865421826148	0.317	0.631	1.22146848979991e-09	6	MYADM
1.40411028303384e-13	1.71704351246193	0.511	0.199	1.68128165290472e-09	6	PPP1R16B
2.10033045554162e-13	1.16327622923107	0.662	0.341	2.51493568746553e-09	6	PREX2
2.40112244678109e-13	4.05239212311161	0.115	0.007	2.87510401777567e-09	6	OTULINL
3.94034708893035e-13	1.42921030015997	0.583	0.292	4.7181716042852e-09	6	LHFPL7
4.09291702981886e-13	-2.34056921623257	0.273	0.567	4.9008588515051e-09	6	IGFBP1
6.54814974581822e-13	1.91513331058962	0.353	0.105	7.84075450564273e-09	6	BEGAIN
7.89189712583888e-13	1.0932496267675	0.741	0.54	9.44975761847947e-09	6	LOC138515939
9.94237025922264e-13	1.99794433908924	0.345	0.095	1.19049941483932e-08	6	LOC138531582
1.21022015652805e-12	-1.16969146914501	0.576	0.792	1.44911761542669e-08	6	TUBB4A
3.75097729129636e-12	1.699462293183	0.424	0.175	4.49142020859827e-08	6	MEOX2
6.18689474623955e-12	-0.975310805678235	0.755	0.874	7.40818776914723e-08	6	PFN1
6.57720175877305e-12	-1.22691633783796	0.374	0.657	7.87554138595485e-08	6	LDHA
8.63027795900874e-12	-1.38406273455897	0.381	0.66	1.03338948281171e-07	6	JPT1
1.23549643326169e-11	-0.424784396585618	0.993	0.998	1.47938342918754e-07	6	CIRP
1.34752506873282e-11	-1.83597838452611	0.281	0.555	1.61352651730068e-07	6	FAM107B
1.4179793290301e-11	1.40363297180949	0.489	0.209	1.69788844858064e-07	6	RASAL2
2.18800879986872e-11	-1.62215327073425	0.259	0.544	2.61992173696281e-07	6	CD9
2.73203708373099e-11	1.61469479682884	0.36	0.134	3.27134120405949e-07	6	CRTAC1
3.06531584331359e-11	1.71808030376842	0.46	0.215	3.6704091907837e-07	6	HDAC7
3.8033218202508e-11	0.859683726025013	0.791	0.532	4.55409754756831e-07	6	KDR
3.8743656891654e-11	-0.780112792409278	0.906	0.949	4.63916547620665e-07	6	S100A10
3.97702828689962e-11	1.8824671216693	0.309	0.099	4.7620936707336e-07	6	PIK3R6
4.95589234732756e-11	-0.61049628363911	1	0.995	5.93418549669002e-07	6	TMSB4X
1.0229665634807e-10	-0.747547469251842	0.827	0.917	1.22490016311179e-06	6	MYL6P1
1.14634206753421e-10	2.96338711705287	0.187	0.039	1.37262999166546e-06	6	RGS5
1.28714676185835e-10	1.58641765860754	0.453	0.189	1.54122953264919e-06	6	MAST4
1.33276322951143e-10	-6.3983036484613	0	0.215	1.59585069101699e-06	6	RELN
1.56142873818933e-10	1.64542792436845	0.345	0.113	1.86965477110791e-06	6	ARHGAP7
2.0274774464149e-10	0.915444444115574	0.655	0.414	2.4277014943372e-06	6	ARHGEF9
2.23137926428118e-10	1.17665022607376	0.511	0.26	2.67185353105029e-06	6	VWCE
2.26893479732392e-10	0.725510252855288	0.827	0.648	2.71682252631566e-06	6	LIFR
2.40045886805777e-10	1.05736483025232	0.95	0.824	2.87430944861237e-06	6	unassigned-gene-2
2.89442438646867e-10	2.34641422142909	0.23	0.055	3.46578376035759e-06	6	SORBS2
3.44816237275085e-10	1.20845343313102	0.439	0.212	4.12882962513187e-06	6	NHERF2
3.62182710873837e-10	0.83691281323273	0.741	0.503	4.33677578000332e-06	6	ESAM
3.67202065857323e-10	1.77555191775279	0.374	0.134	4.39687753657559e-06	6	TP53I11
5.03749605533282e-10	1.21688616073986	0.597	0.34	6.03189777665551e-06	6	PDE2A
5.29818491069861e-10	0.883803569232115	0.799	0.583	6.34404661207052e-06	6	PECAM1
5.48159739013748e-10	1.34492996714088	0.554	0.296	6.56366471495061e-06	6	CYLD
6.0269210626475e-10	1.2568626364508	0.525	0.251	7.21663528041412e-06	6	CD200
8.07239487915764e-10	1.12233849488378	0.633	0.372	9.66588562830336e-06	6	DIAPH2
8.34459005218981e-10	0.966298712472771	0.532	0.289	9.99181212849208e-06	6	TNFAIP8L1
9.12557338050963e-10	1.51323331200358	0.331	0.138	1.09269615658222e-05	6	CCSER1
1.17153975240079e-09	0.456785793536837	1	0.96	1.40280169952471e-05	6	CYTB
1.26013531449188e-09	2.09192048729825	0.216	0.058	1.50888602557258e-05	6	PHEX
1.2752148510847e-09	0.790059587902652	0.741	0.512	1.52694226268882e-05	6	KIAA1217
1.28432455196341e-09	-1.19874215521259	0.302	0.578	1.53785021852099e-05	6	TUBA1B
1.37228644251622e-09	-5.5437976330328	0.029	0.23	1.64317578626892e-05	6	HAPLN3
1.95846976585506e-09	-0.863958801745971	0.496	0.745	2.34507169763485e-05	6	LOC138504591
2.02236258181552e-09	1.96992996291964	0.288	0.084	2.4215769554659e-05	6	EPO
2.27114980624031e-09	-4.62928553209808	0.007	0.197	2.71947477799215e-05	6	UNC5B
3.26352341291871e-09	-0.766133664952173	0.626	0.816	3.90774293462887e-05	6	COX6B1
3.94558832304961e-09	1.8544527454997	0.266	0.092	4.7244474580196e-05	6	RAPGEF3
4.47706303037634e-09	0.991623502418331	0.676	0.446	5.36083527257263e-05	6	NOS3
4.48137091712965e-09	0.893220177966175	0.561	0.288	5.36599353617104e-05	6	TTN
4.96167396758001e-09	2.32058823406119	0.137	0.029	5.94110840878031e-05	6	TAS1R3
5.03988624820906e-09	1.56599345687405	0.281	0.107	6.03475979360553e-05	6	GRK3
5.80152806255285e-09	-0.857380981030026	0.518	0.746	6.94674970210078e-05	6	RAN
5.86027231808168e-09	-0.723636644281074	0.619	0.8	7.017090073671e-05	6	SNRPG
6.12092442019066e-09	1.26647772532752	0.446	0.222	7.3291949007363e-05	6	GSE1
6.2785129810777e-09	2.0833798155953	0.266	0.072	7.51789144354244e-05	6	MEOX1
7.01590735812438e-09	-0.953413498569593	0.439	0.674	8.40084747061814e-05	6	RALB
7.60214764646953e-09	0.877466440610935	0.619	0.385	9.10281159188262e-05	6	DGKZ
9.39461049850824e-09	2.39704029449906	0.158	0.032	0.000112491066109138	6	ZNF366
1.31123226960098e-08	1.38220178552343	0.381	0.173	0.000157006951962021	6	LOC138511292
1.33570157921694e-08	-5.20499571958104	0	0.17	0.000159936907095436	6	SRGN
1.58281676859123e-08	1.15074361231864	0.597	0.356	0.000189526479871114	6	EXOC3L2
1.59871404063081e-08	1.58968537244146	0.317	0.127	0.000191430019225133	6	MAST3
1.73150575310487e-08	-0.854726728970902	0.64	0.821	0.000207330498876777	6	VAT1
2.96344052158964e-08	-0.56982707692225	0.871	0.925	0.000354842368055144	6	HNRNPAB
3.12914082943804e-08	1.33426317095826	0.338	0.135	0.000374683322916911	6	NOS1AP
3.1904999327529e-08	1.58207218833158	0.302	0.115	0.000382030461947832	6	TMTC1
3.35413589377932e-08	1.61687701093175	0.281	0.101	0.000401624231921136	6	PRICKLE1
3.68301511251807e-08	1.43108777532674	0.295	0.119	0.000441004229572914	6	BCAM
3.89091396211803e-08	-0.91258483358263	0.54	0.743	0.000465898037824013	6	CALM2
3.99860851211368e-08	1.46742962239046	0.309	0.122	0.000478793383240492	6	MAML2
4.14585671185671e-08	1.10005855674193	0.46	0.275	0.000496424882677722	6	ICAM5
4.97024799681472e-08	0.923109106166647	0.504	0.271	0.000595137495138594	6	RHAG
5.50844853283915e-08	1.4354867298877	0.403	0.215	0.00065958162732216	6	LOC138472551
6.00993538608795e-08	-0.730546069077776	0.705	0.84	0.000719629663130172	6	MYL12B
6.58550178237963e-08	-0.755458144887643	0.64	0.771	0.000788547983422136	6	COX7A2
6.99504865980106e-08	1.13477512091004	0.403	0.195	0.000837587126524579	6	AKAP9
7.80318658890375e-08	2.28582281590051	0.165	0.036	0.000934353562155335	6	SCIN
7.98262633290383e-08	-1.02716885067803	0.439	0.643	0.000955839677101904	6	MARCKS
8.00162745908596e-08	1.04273352614549	0.525	0.3	0.000958114871950953	6	TANC1
8.73451126379504e-08	0.78110640671006	0.64	0.432	0.00104587037872682	6	RAPGEF2
1.44603706696427e-07	-3.89451415134478	0.014	0.174	0.00173148478398301	6	FGL2
1.4474480460975e-07	0.964026751308918	0.583	0.369	0.00173317429039714	6	SPNS2
1.86744400275541e-07	-0.667090042920657	0.496	0.721	0.00223607744889933	6	YWHAZ
1.94881716556914e-07	0.882467121669301	0.518	0.297	0.00233351367405249	6	ITGA9
2.18085034990897e-07	0.736662599160778	0.849	0.662	0.002611350208981	6	LOC138504630
2.21655035631662e-07	0.73407528177663	0.583	0.387	0.00265409739665353	6	PDLIM4
2.60456398431519e-07	1.12466802408593	0.353	0.163	0.00311870491481901	6	TRERF1
2.65073140737276e-07	-0.54590181208375	0.777	0.862	0.00317398578718814	6	GAPDH
2.66723665163033e-07	1.06000530722149	0.489	0.263	0.00319374916666216	6	LYST
2.6680837516128e-07	0.992650039419724	0.367	0.199	0.00319476348418117	6	MCTP2
2.90812148845542e-07	1.49681342917155	0.209	0.076	0.00348218467027652	6	SESN1
3.47213470300735e-07	0.810627119909178	0.633	0.403	0.004157534093381	6	ERG
3.47537825370863e-07	1.64145902216551	0.194	0.075	0.00416141792099072	6	VPS53
3.4968663243563e-07	2.05755382822739	0.216	0.059	0.00418714773678424	6	PPP2R3A
3.66873502812796e-07	2.56053902678194	0.101	0.021	0.00439294332268042	6	GRIK2
4.19037225652337e-07	1.27613097015558	0.367	0.163	0.00501755173996108	6	MCF2L
4.21444314685756e-07	-0.660397842010437	0.741	0.86	0.00504637422404724	6	H2AZ1
4.25459420823419e-07	-0.638365041632139	0.712	0.86	0.00509445110493961	6	RBMX
4.34346554219811e-07	-0.766213665046881	0.698	0.798	0.00520086564022801	6	FSTL1
5.07974172625641e-07	-0.568005093839123	0.791	0.898	0.00608248274301943	6	TAGLN2
5.42791721433536e-07	0.964929281861274	0.453	0.259	0.00649938807244516	6	PTGS1
6.13012002617684e-07	1.21950210894687	0.295	0.145	0.00734020571934414	6	TDRD7
6.52961369494331e-07	1.54804808259874	0.266	0.105	0.00781855943832512	6	TSPAN2
7.3994231459962e-07	0.813362473329301	0.547	0.298	0.00886006927501585	6	ZNF521
7.50661097246055e-07	1.0954608450035	0.338	0.156	0.00898841597842426	6	MAP3K3
7.54236610977182e-07	-1.10801010421219	0.187	0.413	0.00903122917984078	6	WLS
7.88525965576293e-07	-0.937515408716053	0.309	0.55	0.00944180991181053	6	CYCS
8.20144621493386e-07	1.78688946168707	0.288	0.123	0.0098204116977618	6	LFNG
8.80778001903743e-07	-0.714369479340147	0.568	0.692	0.0105464357947954	6	ABRACL
8.82588340152119e-07	1.68252955116055	0.237	0.079	0.0105681127849815	6	ACACB
9.42096343173828e-07	0.340197381910331	1	0.999	0.0112806616131634	6	COX3
1.05988977465468e-06	-0.612997228212752	0.806	0.894	0.0126911201617151	6	MSN
1.15251768954278e-06	1.05019456740737	0.281	0.135	0.0138002468145853	6	REXO1
1.18462612547023e-06	1.1344463389941	0.396	0.204	0.0141847132263805	6	LRRK2
1.2439905313927e-06	1.15917646440017	0.331	0.154	0.0148955426228962	6	FGD3
1.2595166587918e-06	2.0381179921295	0.223	0.069	0.0150814524723731	6	CDKL5
1.26378052993667e-06	-1.59796479558055	0.201	0.428	0.0151325080654616	6	CLDN11
1.35029363123498e-06	-1.40589144052436	0.23	0.452	0.0161684159404077	6	LOC138582805
1.36710827755128e-06	0.745708984162188	0.496	0.302	0.016369754515399	6	MACF1
1.38154939925451e-06	1.37432021799898	0.273	0.115	0.0165426725066735	6	LOC138471647
1.41672162569427e-06	-0.69851552813931	0.554	0.726	0.0169638247460632	6	MYH9
1.45281391841958e-06	-1.17039409429017	0.482	0.646	0.0173959938591561	6	LGALS1
1.57808881764087e-06	1.23861093189458	0.245	0.11	0.0188960355024318	6	KCNN3
1.58288392622434e-06	1.2352203426938	0.353	0.175	0.0189534521326103	6	ADAMTS20
1.59039245057284e-06	0.924531181235845	0.504	0.277	0.0190433592031591	6	AHR
1.5996619363525e-06	1.78625180641	0.18	0.057	0.0191543520258848	6	ARHGAP44
1.603437019566e-06	2.24092109258178	0.144	0.035	0.0191995548722833	6	PLCL1
1.68716847564218e-06	-3.73224272244591	0.014	0.154	0.0202021553273394	6	FGF10
2.1001563101224e-06	0.736048873111618	0.547	0.367	0.0251472716574056	6	IL6ST
2.26395374685257e-06	2.08101280105138	0.158	0.049	0.0271085821648127	6	MEGF11
2.29793306273407e-06	-2.30933237939577	0.324	0.475	0.0275154504931777	6	CTSL
2.37635610125058e-06	-0.659734807753443	0.849	0.893	0.0284544879563745	6	HMGN1
2.46995933642598e-06	1.29750462094814	0.245	0.101	0.0295752930943647	6	ITGB4
2.49241147098021e-06	1.78293144811839	0.173	0.052	0.029844134953517	6	MYZAP
2.57043970927447e-06	0.798230584501269	0.432	0.276	0.0307784450788525	6	SGMS1
2.5781457615157e-06	0.858461658658512	0.547	0.345	0.030870717348389	6	APLNR
2.64403249631689e-06	2.97557652606078	0.086	0.013	0.0316596451108985	6	FAM229A
2.64470693909264e-06	-0.567382692601637	0.748	0.858	0.0316677208886952	6	RAC1
2.74263203406686e-06	1.6319236600187	0.194	0.06	0.0328402759759166	6	ANO8
2.89343739432891e-06	-0.843244562305444	0.388	0.582	0.0346460193596944	6	NPC2
3.00776374012372e-06	0.67164408904499	0.791	0.649	0.0360149630242415	6	ICAM1
3.12422423296619e-06	4.10485954300575	0.043	0.002	0.0374094609655371	6	EPDR1
3.24223250155116e-06	0.867760622854276	0.547	0.361	0.0388224919735736	6	CAMK1
3.52526471759336e-06	1.8824671216693	0.115	0.032	0.0422115197284628	6	SHB
3.62985294235406e-06	1.94756214989119	0.144	0.033	0.0434638591317475	6	SLC26A10P
3.85055064225067e-06	-0.805759232179219	0.396	0.582	0.0461064933903096	6	TMED2
3.92168455344412e-06	-0.610187249349613	0.655	0.781	0.0469582508429399	6	OAZ1
4.13097338513131e-06	-0.46270115849295	0.849	0.912	0.0494642753135623	6	ANXA2
4.45040144757086e-06	1.1230802327953	0.417	0.232	0.0532891069332135	6	CAMK2D
4.46243353437956e-06	-1.27507415531718	0.18	0.365	0.0534331791406608	6	TIMP2
4.49631119199263e-06	-0.35671352628581	0.978	0.975	0.0538388302129197	6	ZA20D3
4.52627674655456e-06	1.46213532272094	0.173	0.077	0.0541976377632443	6	RN18S
4.72387026674118e-06	1.10698271489872	0.374	0.21	0.0565636225739589	6	VEGFC
4.8020389516116e-06	1.49780327143398	0.122	0.045	0.0574996144065973	6	OBI1
4.8032302565196e-06	-2.576964496968	0.022	0.15	0.0575138790915657	6	TENT5B
4.84393250231682e-06	1.18925173029612	0.374	0.202	0.0580012477827416	6	RBPMS
5.09845120328824e-06	1.27284256671388	0.345	0.163	0.0610488547081734	6	SH3GLB2
5.52151405842538e-06	-4.32454719850823	0.022	0.168	0.0661146093355855	6	APLN
5.64717151293335e-06	1.19657571209736	0.259	0.121	0.067619231695864	6	DMD
5.83323442899078e-06	4.05239212311161	0.05	0.003	0.0698471490527356	6	EPM2A
5.92783405243033e-06	-0.878640818394709	0.489	0.641	0.0709798849438008	6	STMN1
6.08727066220653e-06	1.50395549841557	0.259	0.102	0.072888978909261	6	FAM110B
6.34725832989124e-06	-3.39675652226382	0.014	0.138	0.0760020712421177	6	PDPN
7.06529945636145e-06	-4.66056469858594	0.007	0.118	0.084599895690472	6	STAB2
7.22866634131492e-06	-0.81612180078385	0.317	0.519	0.0865560507709049	6	PTBP1
7.39820245813664e-06	1.6319236600187	0.187	0.065	0.0885860762337281	6	EML3
7.45094753875064e-06	1.36965440670398	0.259	0.108	0.0892176458290002	6	MPP7
8.48547499284899e-06	1.62871052942352	0.216	0.079	0.101605077564374	6	RNF220
8.72690760088159e-06	0.74011419825797	0.619	0.42	0.104495991612956	6	ARHGAP21
9.09164849155406e-06	1.12700518388571	0.432	0.255	0.108863399037868	6	TJP2
9.25122355315801e-06	-0.56015947246681	0.59	0.759	0.110774150825514	6	ANP32B
9.41852767717252e-06	1.18944487509069	0.36	0.165	0.112777450406464	6	AHDC1
9.44139084737105e-06	-0.729787070719595	0.489	0.678	0.113051214006421	6	SNRPD1
9.62094872726035e-06	0.900025493053606	0.36	0.209	0.115201240060215	6	LAMA5
9.62814462595546e-06	0.566170894861269	0.525	0.33	0.115287403751191	6	SELE
9.79975378241999e-06	-0.883067624693676	0.331	0.52	0.117342251790697	6	PSAP
9.84578975412314e-06	-0.979771707461428	0.36	0.545	0.11789348651587	6	POMP
9.93041144673417e-06	1.07860964384792	0.345	0.182	0.118906746663195	6	KMT2D
1.03954214597822e-05	0.785257366093695	0.662	0.51	0.124474776559432	6	EGFL7
1.11888192177102e-05	1.03858632358658	0.417	0.241	0.133974921312861	6	KMT2C
1.15454604899455e-05	1.13400588866527	0.302	0.152	0.138245343906607	6	DENND5A
1.16573528704368e-05	-0.751845295434553	0.439	0.63	0.139585143270611	6	TPM2
1.17591040281623e-05	0.665892026928167	0.583	0.401	0.140803511633215	6	FCN1
1.23642925327031e-05	0.921637718949979	0.482	0.326	0.148050038786587	6	ITPR2
1.23679418467114e-05	0.931077065893923	0.417	0.252	0.148093735672522	6	PTGIS
1.23756710428029e-05	1.39371993620745	0.201	0.076	0.148186285066522	6	SNX24
1.28497667242109e-05	-0.981354752047332	0.187	0.371	0.153863106755701	6	CD276
1.389534222423e-05	0.898007972565079	0.374	0.195	0.16638282779293	6	SLC4A11
1.48570009350461e-05	-0.752706825005623	0.518	0.686	0.177897729196242	6	TUBA1A
1.51002071226616e-05	-0.576964496967996	0.763	0.859	0.18080988008675	6	KRT8
1.52302133579303e-05	0.963767223771149	0.396	0.231	0.182366574747857	6	KIF13A
1.6087625829132e-05	-1.13188817130777	0.165	0.337	0.192633231678027	6	TMEM109
1.62528576414286e-05	0.821713090590205	0.489	0.285	0.194611717398466	6	LDB2
1.62544252985129e-05	1.01739670175541	0.331	0.18	0.194630488524393	6	KIRREL1
1.68475036193302e-05	0.358170857538773	1	0.993	0.20173200833786	6	COX2
1.72923780255126e-05	0.932049150519861	0.468	0.288	0.207058934477488	6	RASGRP3
1.73135275147218e-05	-0.848061174865763	0.353	0.559	0.207312178461279	6	HSP90B1
1.74677514680523e-05	1.04374802870236	0.302	0.16	0.209158856078459	6	SYNE3
1.78989959085379e-05	2.03002431008316	0.165	0.057	0.214322577008833	6	TGM2
1.85257492146163e-05	0.839398399777415	0.331	0.191	0.221827321095815	6	LHX6
1.91988982889377e-05	1.25019890616979	0.309	0.148	0.229887608111741	6	LOC138497215
2.00590900091322e-05	-0.512190439563976	0.683	0.801	0.240187543769349	6	EIF4A1
2.02227396512447e-05	-0.579713361008686	0.612	0.745	0.242147084584003	6	YWHAE
2.17363966781979e-05	-0.364623110708938	0.942	0.974	0.260271613824742	6	CFL2
2.37907577727763e-05	1.70558935958522	0.144	0.049	0.284870533571223	6	PCYT1B
2.37946897225706e-05	1.5220648789673	0.187	0.084	0.284917614738061	6	HIFy
2.46503164401696e-05	-2.03507071813873	0.05	0.212	0.295162889054591	6	ANGPT2
2.48590411164171e-05	1.03987501955516	0.46	0.269	0.297662158327979	6	KRT15
2.54113719328859e-05	0.970694304681036	0.353	0.194	0.304275767524376	6	EYA3
2.79196845824959e-05	0.616073703745592	0.612	0.445	0.334310303190806	6	TNS1
2.84942782538115e-05	-0.665969503026741	0.374	0.552	0.341190487811139	6	COX5B
3.103359337067e-05	0.570773084174538	0.683	0.518	0.371596247020403	6	AQP1
3.16041890284806e-05	-5.99711612794348	0	0.107	0.378428559427027	6	ESM1
3.29255397694428e-05	1.31171848016785	0.209	0.091	0.394250413199308	6	TGFBR3
3.30060365334764e-05	-0.715957638858418	0.41	0.58	0.395214281451847	6	SEPT2
3.42472120914433e-05	-2.99036163786558	0.029	0.15	0.410076117582943	6	PROX1
3.48548643130291e-05	1.0751121996117	0.216	0.099	0.41735214528421	6	TBC1D8
3.57908185311191e-05	1.70661728626988	0.18	0.058	0.42855926109162	6	RUNX1T1
3.64006040974894e-05	3.05239212311161	0.058	0.007	0.435860833463338	6	ABHD14B
3.78257599117698e-05	2.54143020383423	0.094	0.018	0.452925649183531	6	CCDC117
3.78264471294982e-05	2.46742962239046	0.079	0.018	0.452933877928611	6	RCBTB2
3.79197069237858e-05	2.51989704228459	0.043	0.008	0.454050570705411	6	HCN1
3.8154665566881e-05	1.09720597046231	0.302	0.146	0.456863965497834	6	CTDP1
3.84351891672534e-05	-0.462248338029572	0.727	0.814	0.460222955088692	6	LOC138516040
3.84690638266292e-05	-1.50526303161381	0.065	0.222	0.460628570260058	6	EMID1
3.90811950967903e-05	1.44950771439319	0.194	0.073	0.467958230088967	6	GMEB1
4.10351196353603e-05	3.1455015275031	0.079	0.009	0.491354522513805	6	FGF1
4.11492332557957e-05	3.46742962239046	0.05	0.005	0.492720919004898	6	FAM168A
4.15909892803932e-05	1.94958131752784	0.137	0.039	0.498010505643428	6	PITPNM1
4.18827960794396e-05	-1.12093145479256	0.259	0.453	0.50150460025521	6	GPX1
4.2297910187515e-05	-1.79252757991433	0.058	0.174	0.506475176585304	6	GPNMB
4.24084052184399e-05	1.22425563891751	0.216	0.094	0.507798244085599	6	OPHN1
4.26397180350273e-05	0.993170586075521	0.281	0.149	0.510567983751417	6	DCAF8
4.29208377942302e-05	1.04116486768836	0.331	0.176	0.513934111748112	6	EHBP1
4.33319326600873e-05	-1.33840906721977	0.101	0.274	0.518856561671885	6	TIMM9
4.33831537847067e-05	1.09587075977849	0.338	0.173	0.519469883418078	6	INPP5A
4.3524786591742e-05	-0.632246932469186	0.532	0.692	0.521165794649519	6	FSCN1
4.36217741449195e-05	1.45183276733944	0.137	0.054	0.522327123611266	6	NCALD
4.43380283439434e-05	-4.16192699768915	0	0.095	0.530903551390379	6	PGF
4.60310655951771e-05	1.25797625676151	0.144	0.067	0.55117597943665	6	CRYBG3
4.61515015669184e-05	0.952856449560699	0.388	0.205	0.552618079762281	6	USP34
4.67073637117984e-05	-2.576964496968	0.029	0.148	0.559273973085074	6	VEGFA
4.70963838303912e-05	1.77813046185457	0.129	0.038	0.563932099985105	6	SHLD2
4.89475410990787e-05	0.702917701338588	0.518	0.302	0.586097857120369	6	CUX1
4.93186920930682e-05	1.55062355791686	0.187	0.068	0.590542019122399	6	TECPR1
4.9447240768457e-05	0.992255267207413	0.338	0.186	0.592081260961504	6	DLC1
5.07798106057281e-05	0.991280608808226	0.489	0.314	0.608037452192989	6	KLHL4
5.32186169604704e-05	-0.895975108473064	0.317	0.502	0.637239719484672	6	ATP5F1D
5.37372513487681e-05	-0.458533706684935	0.806	0.858	0.643449847650149	6	EIF5A2
5.47327812332813e-05	-2.82489201041158	0.022	0.131	0.655370322487311	6	SEMA3A
5.54181983358793e-05	-0.613958704450198	0.518	0.715	0.663577506873818	6	PFN2
5.58804349499212e-05	0.910174050839143	0.453	0.286	0.669112328090357	6	TEK
5.74276061272749e-05	1.13085475153869	0.273	0.137	0.687638155767989	6	PRKCA
5.76833107373021e-05	-1.03478398554494	0.23	0.42	0.690699962768455	6	SRP9
5.95656503390728e-05	0.673013756040351	0.432	0.264	0.713239097160057	6	DIP2C
6.01982529386676e-05	-1.31795996817036	0.158	0.34	0.720813880687606	6	TANB
6.31933170428014e-05	0.941546354423323	0.662	0.511	0.756676778270504	6	S100P
6.41633165666419e-05	2.43500814469808	0.072	0.014	0.76829155256897	6	FAM13C
6.4472259842967e-05	-1.55291902300135	0.151	0.291	0.771990839359687	6	CADM1
6.45816554785297e-05	-2.40293509719295	0.029	0.135	0.773300742699914	6	EMILIN1
6.51206354927328e-05	-2.58920809272274	0.05	0.173	0.779754489389983	6	NFIX
6.51781834705378e-05	2.26097874492303	0.086	0.018	0.780443568876219	6	ANKRD55
6.52041215366561e-05	-0.87019227960205	0.317	0.476	0.78075415127992	6	PPP1CB
6.61632064103617e-05	2.04596585395218	0.086	0.021	0.792238233557671	6	METRN
6.68350421878236e-05	1.38770242991972	0.072	0.023	0.800282795157	6	TRPC3
6.78524549915586e-05	-1.06094934996433	0.295	0.442	0.812465296068923	6	TFPI2
6.92359950016787e-05	-2.29545067052654	0.029	0.148	0.829031804150101	6	GPM6B
7.01414472756045e-05	-1.89012238222763	0.122	0.269	0.839873689678088	6	APCS
7.05331144953083e-05	1.43886047019369	0.165	0.06	0.844563512966821	6	CDC14B
7.05978227960333e-05	1.69343329727928	0.151	0.052	0.845338330159703	6	RAB40B
7.20599767954734e-05	1.49913848211779	0.151	0.058	0.862846162148998	6	LOC138471924
7.49774502493553e-05	-1.06887707238658	0.288	0.475	0.897779989285781	6	LYVE1
7.61648597756007e-05	1.08990920153978	0.187	0.093	0.911998030953043	6	BICRAL
7.66761022193226e-05	-0.81457134922045	0.475	0.657	0.918119647974169	6	COX7B
7.89040097331007e-05	1.11258690503036	0.259	0.116	0.944796612544148	6	ARAP1
8.03964953038354e-05	1.14362911317032	0.36	0.203	0.962667634768125	6	RAPGEF4
8.11165280046006e-05	1.1566420851083	0.309	0.152	0.971289306327088	6	LMBR1
8.22461974188849e-05	0.978494009443077	0.396	0.218	0.984815967893727	6	HTT
0.00732646371305603	4.46742962239046	0.014	0	1	6	DNAH17
0.000144541479866024	4.20439521655666	0.029	0.001	1	6	EVPL
0.00732653584614818	4.20439521655666	0.014	0.001	1	6	LOC138468031
0.000243462880338603	3.8824671216693	0.036	0.002	1	6	LOC138516300
0.00100905703864305	3.8824671216693	0.022	0.001	1	6	DYNC2I2
0.00972455219431539	3.8824671216693	0.022	0.001	1	6	CCDC192
0.00135038302612232	3.56053902678194	0.036	0.004	1	6	AMN1
0.00446739413616801	3.39704029449906	0.05	0.006	1	6	PLCB4
0.00100905703864305	3.29750462094815	0.022	0.002	1	6	SLC22A4
0.00100905703864305	3.29750462094815	0.022	0.002	1	6	TMEM212
0.00972455219431539	3.29750462094815	0.022	0.002	1	6	LOC138521934
0.00972455219431539	3.29750462094815	0.022	0.002	1	6	LAPTM4B
0.000144541479866024	3.20439521655666	0.029	0.003	1	6	PRUNE2
0.00100908603646507	3.20439521655666	0.022	0.003	1	6	TEAD4
0.00745954238616535	3.20439521655666	0.029	0.003	1	6	DDB2
0.00745954238616535	3.20439521655666	0.029	0.003	1	6	PLEK
0.00137747756886917	3.14550152750309	0.036	0.004	1	6	MMP17
0.00136388692659282	3.10485954300575	0.036	0.005	1	6	WDR31
9.676390964436e-05	3.09397122686301	0.101	0.018	1	6	PLCH2
0.000383419215614542	2.97557652606078	0.072	0.013	1	6	SLC6A2
0.00139846238087398	2.8824671216693	0.036	0.005	1	6	LOC138514142
0.00154976023332616	2.8824671216693	0.029	0.004	1	6	MFSD9
0.00732646371305603	2.8824671216693	0.014	0.002	1	6	LOC138569172
0.00732646371305603	2.8824671216693	0.014	0.002	1	6	SIDT1
0.00745954238616535	2.8824671216693	0.029	0.004	1	6	PIP5K1B
0.00972455219431539	2.8824671216693	0.022	0.003	1	6	LOC138467694
0.00972455219431539	2.8824671216693	0.022	0.003	1	6	VWA3A
0.00972455219431539	2.8824671216693	0.022	0.003	1	6	LOC138447923
0.00972455219431539	2.8824671216693	0.022	0.003	1	6	SGMS2
0.00972455219431539	2.8824671216693	0.022	0.003	1	6	AQP4
0.000140433706842001	2.74496359791937	0.058	0.01	1	6	CACNA1D
0.0079079097246797	2.68982204372691	0.043	0.007	1	6	ADCY5
0.00137747756886917	2.66007470033285	0.036	0.006	1	6	EME2
0.00499084183304041	2.66007470033285	0.036	0.006	1	6	DCXR
0.00745954238616535	2.61943271583551	0.029	0.005	1	6	LOC138520815
0.00745954238616535	2.61943271583551	0.029	0.005	1	6	PUS7L
0.00100905703864305	2.56053902678194	0.022	0.004	1	6	LOC138516813
0.00972455219431539	2.56053902678194	0.022	0.004	1	6	LOC138526188
0.00308028247074823	2.56053902678194	0.065	0.014	1	6	SNAPC3
0.000697938144934786	2.53454381824899	0.065	0.013	1	6	IL31RA
0.00316420441366041	2.51989704228459	0.043	0.008	1	6	OGG1
0.00732646371305603	2.46742962239046	0.014	0.003	1	6	TUB
0.00732646371305603	2.46742962239046	0.014	0.003	1	6	LOC138447956
0.00732646371305603	2.46742962239046	0.014	0.003	1	6	LOC138513639
0.00732646371305603	2.46742962239046	0.014	0.003	1	6	LOC138513652
0.00732646371305603	2.46742962239046	0.014	0.003	1	6	MGME1
0.00122256057595759	2.46742962239046	0.058	0.01	1	6	AP4M1
0.00499084183304041	2.46742962239046	0.036	0.007	1	6	EFEMP1
0.00499084183304041	2.46742962239046	0.036	0.007	1	6	LOC138467116
0.0073909977969909	2.46742962239046	0.029	0.007	1	6	LOC138515714
0.00745954238616535	2.39704029449906	0.029	0.006	1	6	LOC138516503
0.00745954238616535	2.39704029449906	0.029	0.006	1	6	THAP4
0.0079079097246797	2.36789394883954	0.043	0.009	1	6	METTL17
0.00152115332107028	2.29750462094814	0.065	0.016	1	6	CEP63
0.00324610062639747	2.29750462094814	0.065	0.014	1	6	LOC138468305
0.000283904630696284	2.20439521655666	0.065	0.015	1	6	LOC138580894
0.00732646371305603	2.14550152750309	0.014	0.003	1	6	LOC138515980
0.00732646371305603	2.14550152750309	0.014	0.004	1	6	MTG2
0.00732646371305603	2.14550152750309	0.014	0.004	1	6	TCN2
0.00466476937478869	2.14550152750309	0.05	0.012	1	6	EPB41L4A
0.000531938876079975	2.1234752211731	0.079	0.02	1	6	NOA1
0.00071507213705059	2.11693237530632	0.065	0.016	1	6	ZBTB48
0.00351842484335478	2.09397122686301	0.072	0.018	1	6	TTC32
0.000299654078159686	2.08891799913673	0.086	0.023	1	6	ADAMTS16
0.000548636456363957	2.0751121996117	0.079	0.02	1	6	MLYCD
0.000196654220403128	2.0751121996117	0.05	0.013	1	6	OVOL1
0.00972455219431539	2.0751121996117	0.022	0.006	1	6	WDR6
0.000283904630696284	2.03447021511435	0.065	0.017	1	6	RIM1
0.00605999122055274	2.03447021511435	0.065	0.017	1	6	ZNF319
0.00745954238616535	2.03447021511435	0.029	0.008	1	6	PANK1
0.00534002939359754	2.01997064541924	0.058	0.019	1	6	AGR2
0.00499084183304041	2.00799800375316	0.036	0.009	1	6	ZNF211
0.00106132968068779	1.99794433908924	0.079	0.022	1	6	KIF7
0.00101853018876628	1.98938232558581	0.043	0.012	1	6	CLIC2
0.0079079097246797	1.98938232558581	0.043	0.012	1	6	BMERB1
0.00967305492602047	1.97557652606078	0.05	0.014	1	6	PTPRU
0.00967305492602047	1.97557652606078	0.05	0.014	1	6	TOB2
0.00209841213945985	1.93905065003567	0.086	0.023	1	6	DPY19L3
0.000127648459088786	1.91899299769442	0.115	0.034	1	6	CCL19
0.00316420441366041	1.8824671216693	0.043	0.013	1	6	MICAL1
0.000937621404350992	1.8824671216693	0.072	0.02	1	6	INTU
0.00100905703864305	1.8824671216693	0.022	0.007	1	6	LOC138481488
0.00195347200653667	1.8824671216693	0.05	0.015	1	6	ARPIN
0.00195347200653667	1.8824671216693	0.05	0.015	1	6	MKRN2OS
0.00499084183304041	1.8824671216693	0.036	0.011	1	6	CYP51A1
0.00732646371305603	1.8824671216693	0.014	0.005	1	6	RRAGD
0.00967305492602047	1.8824671216693	0.05	0.015	1	6	IGFBP5
0.00197507669088108	1.83184104859933	0.079	0.026	1	6	ACR
0.00340729604573365	1.83184104859933	0.086	0.027	1	6	C4QH1orf115
0.00359546209912037	1.82357343261573	0.079	0.023	1	6	STEAP3
0.000937621404350992	1.81833678424959	0.072	0.021	1	6	PPM1L
0.00324610062639747	1.8120777937779	0.065	0.02	1	6	LOC138514015
0.00605999122055274	1.8120777937779	0.065	0.02	1	6	KCTD9
8.76558102320191e-05	1.80971077923399	0.158	0.057	1	6	CHKA
0.00475797754570539	1.79500428041896	0.05	0.015	1	6	SNAPC4
0.00024318671812022	1.78293144811839	0.043	0.014	1	6	LOC138473215
0.0079079097246797	1.78293144811839	0.043	0.01	1	6	NT5E
0.00499084183304041	1.76698990424936	0.036	0.012	1	6	NLGN2
0.000150697227086797	1.74496359791937	0.122	0.039	1	6	RASD2
0.00546708621030314	1.74496359791937	0.058	0.02	1	6	CYP1A1
0.00745954238616535	1.74496359791937	0.029	0.01	1	6	GSTO1
0.00150497561033629	1.73807721233413	0.122	0.04	1	6	CLOCK
0.00230102936277439	1.72492584468282	0.086	0.024	1	6	PRIMPOL
0.00359546209912037	1.71254212022699	0.079	0.025	1	6	NFRKB
0.00597611278510511	1.71254212022699	0.072	0.025	1	6	RPAP3
0.00615712853477434	1.69804255053187	0.072	0.023	1	6	MSANTD4
0.000320538537575253	1.65216950224751	0.165	0.058	1	6	MYO1D
0.000109343017162953	1.63453960822572	0.101	0.034	1	6	TMCO4
0.00154976023332616	1.61943271583551	0.029	0.011	1	6	AK9
0.00745954238616535	1.61943271583551	0.029	0.011	1	6	USB1
0.00204425617534459	1.60944862726289	0.079	0.027	1	6	MXD4
0.000347334174618894	1.60235920247657	0.122	0.049	1	6	ACSS3
0.0079079097246797	1.60235920247657	0.043	0.015	1	6	LOC138527535
0.000449579534797991	1.59296050447432	0.058	0.02	1	6	CC2D2A
0.00272884135491424	1.59296050447432	0.058	0.02	1	6	PYROXD1
0.00967305492602047	1.56053902678194	0.05	0.019	1	6	RHOQ
0.00972455219431539	1.56053902678194	0.022	0.009	1	6	CEP170B
0.00972455219431539	1.56053902678194	0.022	0.009	1	6	ECHDC2
0.00033225119167785	1.56053902678194	0.173	0.06	1	6	ZCCHC24
0.000713536484487873	1.56053902678194	0.144	0.055	1	6	WDPCP
0.000290863339124916	1.55231851997697	0.201	0.08	1	6	REPS2
0.00200192080438965	1.54686408988486	0.129	0.051	1	6	EXOC3L1
0.00116329958301072	1.54366520821754	0.108	0.04	1	6	STARD13
0.00873244728773435	1.54366520821754	0.108	0.041	1	6	XPNPEP3
0.00746669895441689	1.52338602836447	0.129	0.055	1	6	CLIP2
0.00207299356321837	1.51989704228459	0.094	0.034	1	6	SAMD8
0.000680330709993703	1.51162942630099	0.18	0.068	1	6	HLCS
0.00745954238616535	1.50395549841557	0.029	0.012	1	6	ADRA2A
0.00529377222408277	1.48653844533816	0.115	0.046	1	6	L3MBTL2
0.000442481156399341	1.48391774517903	0.072	0.026	1	6	F2RL2
0.00610820199971039	1.47807686658997	0.108	0.043	1	6	ANAPC7
0.000236038373916719	1.47647476199346	0.137	0.05	1	6	LOC138481332
0.00125748175116786	1.46742962239046	0.101	0.037	1	6	LIX1L
0.0002471804341887	1.46742962239046	0.165	0.061	1	6	AREL1
0.00353075442435282	1.45362382286543	0.086	0.033	1	6	FOXC1
0.00324610062639747	1.44950771439319	0.065	0.025	1	6	SERINC2
0.00323961143593879	1.44189453028332	0.043	0.017	1	6	TLR3
0.0042280247554169	1.43500814469808	0.144	0.058	1	6	ESCO1
0.00654832874162082	1.43500814469808	0.137	0.054	1	6	AGFG2
0.000218330981919746	1.423035503032	0.122	0.053	1	6	ZFR2
0.00195347200653667	1.423035503032	0.05	0.02	1	6	GPR19
0.000439127684531775	1.41779885466586	0.151	0.063	1	6	OCRL
0.00488730600044695	1.415341111242	0.094	0.044	1	6	CIAO3
0.00371976807091031	1.40853593333689	0.115	0.048	1	6	CAPN7
0.00835781539037678	1.40853593333689	0.108	0.048	1	6	MCM8
0.000113209449384174	1.40853593333689	0.252	0.114	1	6	KMT2E
0.00562070112212285	1.40441982486466	0.079	0.03	1	6	MFSD4A
0.00354878693273606	1.40247418054969	0.115	0.051	1	6	TTC9
0.00333333988719901	1.39704029449906	0.065	0.025	1	6	TTI2
0.00176710631735216	1.39214149508622	0.137	0.056	1	6	INPP5K
0.00263246958294136	1.38496746219848	0.115	0.046	1	6	ZBTB17
0.0010206355405367	1.38289611217879	0.165	0.073	1	6	DISP3
0.000156196245459224	1.37467248147061	0.194	0.084	1	6	MATN2
0.000576752228541245	1.37150520239192	0.237	0.102	1	6	NBEA
0.00799625690131066	1.36789394883954	0.094	0.038	1	6	ARL16
0.00797243350230791	1.35522011880443	0.115	0.047	1	6	MRE11
0.00554692008922573	1.35195240497052	0.115	0.049	1	6	LOC138527462
0.00645115715192138	1.35195240497052	0.108	0.044	1	6	PALMD
0.00040451243230172	1.35195240497052	0.237	0.106	1	6	GRIA3
0.00589609862767087	1.34641422142909	0.129	0.054	1	6	TRIM16
0.000200794266492577	1.33814660544549	0.151	0.061	1	6	RFLNB
0.00828663078915123	1.33497932636681	0.144	0.07	1	6	NAA16
0.00638228791114691	1.32787826999166	0.108	0.045	1	6	PIK3CD
8.77739558163446e-05	1.32447166854841	0.194	0.078	1	6	KANK4
0.00052714910585993	1.31953092727814	0.144	0.06	1	6	TSC2
0.00380615637395403	1.31612029911549	0.158	0.072	1	6	MTUS1
0.000196762215621658	1.31478261237998	0.173	0.073	1	6	PDE10A
0.000520576652171742	1.31362428631142	0.187	0.075	1	6	PBXIP1
0.0067781807766234	1.31310147599916	0.173	0.087	1	6	TSNARE1
0.0079079097246797	1.29750462094815	0.043	0.02	1	6	IQUB
0.00102276883283781	1.29750462094814	0.129	0.052	1	6	DCUN1D3
0.00148597964968055	1.29750462094814	0.216	0.101	1	6	DNMBP
0.00430030021012581	1.29750462094814	0.108	0.048	1	6	SULT1A1
0.000887225120175161	1.29750462094814	0.122	0.06	1	6	FKBP5
0.00366983060797681	1.29750462094814	0.158	0.075	1	6	ZNF684
0.000443623618196	1.28255427948217	0.187	0.086	1	6	VSIR
0.00135668146939884	1.27839579800044	0.173	0.071	1	6	RNF40
0.00243546748110607	1.26579576122081	0.187	0.087	1	6	ZNF592
0.00122749821635731	1.26097874492303	0.086	0.036	1	6	REXO5
0.00120151102582089	1.25628195822163	0.144	0.063	1	6	AGPAT1
0.00232365988244507	1.25628195822163	0.144	0.064	1	6	DHX30
0.00701662953886187	1.2485950204672	0.18	0.082	1	6	WDTC1
0.000913881869026989	1.24687854787818	0.173	0.077	1	6	FCHO1
0.00476917773153615	1.23861093189458	0.101	0.047	1	6	IRF5
0.00514662017007493	1.23337428352843	0.129	0.065	1	6	EIF1AD
0.000657486834221598	1.23265347659818	0.187	0.084	1	6	SMC5
0.00242141539569126	1.23039042508961	0.144	0.06	1	6	RMND5A
0.00316420441366041	1.23039042508961	0.043	0.02	1	6	TRMT61A
0.00527967396687677	1.23039042508961	0.094	0.036	1	6	BCAS4
0.000360468779364593	1.22425563891751	0.18	0.091	1	6	ATP8
0.00640676765980005	1.22350403950437	0.129	0.056	1	6	DENND2A
0.00509670428770325	1.21950210894687	0.036	0.015	1	6	ASL
0.000718397378337549	1.21733427226416	0.216	0.1	1	6	MARK4
0.00514662017007493	1.21261572336163	0.129	0.066	1	6	ZNF512B
0.000407013377435092	1.20690207216724	0.216	0.104	1	6	PDE7A
0.00402691581590987	1.20439521655666	0.137	0.06	1	6	LZTR1
0.000978750321159661	1.20064308169556	0.158	0.069	1	6	SLC2A13
0.00121241374101176	1.19441112798404	0.309	0.169	1	6	FLRT2
0.00353075442435282	1.19058941703163	0.086	0.033	1	6	ZNF385D
0.00881218703197414	1.19058941703163	0.086	0.04	1	6	GFUS
0.000199434764125703	1.19058941703163	0.23	0.109	1	6	TMCC3
0.000226754618415922	1.19058941703163	0.165	0.076	1	6	TRIM62
0.0066669573791293	1.18857024939498	0.108	0.05	1	6	FAXDC2
0.00600268902685454	1.18202740352821	0.079	0.037	1	6	MITF
0.00912187037747506	1.18202740352821	0.108	0.049	1	6	CHD5
0.00217895718870547	1.18202740352821	0.173	0.085	1	6	CDH18
0.00671986463758416	1.18202740352821	0.151	0.082	1	6	HARBI1
0.00508149154754525	1.17792300519547	0.187	0.084	1	6	WIPF2
0.00318805440553278	1.17721038723043	0.137	0.071	1	6	LOC138567558
0.000447348912010474	1.17392993582961	0.252	0.125	1	6	MCU
0.000111089994164526	1.17059250846593	0.187	0.088	1	6	BOD1L1
0.000618207216749282	1.16822160400318	0.216	0.084	1	6	NHS
0.00799625690131066	1.16626008766989	0.094	0.043	1	6	PEX26
0.000415270387094287	1.16118314973536	0.194	0.093	1	6	PDE4A
0.00362227640246919	1.15810156428273	0.151	0.073	1	6	GTF2IRD1
0.000137022781282818	1.15664208510829	0.173	0.08	1	6	LOC138570801
0.00353075442435282	1.15664208510829	0.086	0.039	1	6	NT5DC3
0.000163556128243135	1.15207418142658	0.259	0.127	1	6	GULP1
0.000316778576253751	1.14550152750309	0.281	0.134	1	6	CARMIL1
0.00284812325888015	1.14550152750309	0.151	0.073	1	6	RPRD1A
0.000301534675775555	1.13996334396166	0.173	0.081	1	6	UBE4A
0.000622002665532272	1.13880687492909	0.245	0.127	1	6	SNX25
0.000897385954752341	1.13830602609889	0.129	0.063	1	6	LOC138504484
0.00137416055363133	1.13523319204927	0.18	0.09	1	6	DHX35
0.00615712853477434	1.13244537467765	0.072	0.034	1	6	LOC138488011
0.00270502571247051	1.13114623452602	0.18	0.093	1	6	TMEM63B
0.000190150281375647	1.12955998363407	0.18	0.084	1	6	EPG5
0.00296174975044922	1.12573827268166	0.187	0.091	1	6	INTS6
0.000121942148167034	1.12503742494338	0.259	0.128	1	6	VPS13B
0.0014009078511554	1.1234752211731	0.237	0.12	1	6	TRAF7
0.00106484045089153	1.12273021984444	0.259	0.138	1	6	CWF19L2
0.000304654328971869	1.12213753443758	0.288	0.141	1	6	MPRIP
0.000812341290314224	1.12165478554873	0.23	0.108	1	6	CEP112
0.00357615521468152	1.12165478554873	0.122	0.057	1	6	SLC9A8
0.0035233009646394	1.11950631897015	0.201	0.106	1	6	TTC21B
0.000672334273100857	1.11890731749138	0.259	0.134	1	6	C2CD5
0.00146109546298708	1.11693237530632	0.129	0.06	1	6	NEDD9
0.0080537047873957	1.11693237530632	0.129	0.063	1	6	P2RX4
0.000486251421286722	1.11693237530632	0.23	0.115	1	6	RIMBP2
0.000129336214673142	1.11693237530632	0.187	0.091	1	6	USP36
0.000578846409766646	1.11258690503036	0.223	0.117	1	6	PTPN14
0.00426580026230306	1.107173408844	0.173	0.083	1	6	TBC1D15
0.00843831240833818	1.10668227861257	0.201	0.104	1	6	PRKDC
0.00299094375466346	1.10485954300575	0.129	0.064	1	6	DUSP16
0.000534783834861986	1.10323580052609	0.23	0.11	1	6	PRKCH
0.00302759026378338	1.09697163357544	0.216	0.124	1	6	ANKRD12
0.00375996147661861	1.09587075977849	0.137	0.066	1	6	TMUB1
0.0080537047873957	1.09587075977849	0.129	0.063	1	6	BRF1
0.00576215384664565	1.09105374348072	0.173	0.083	1	6	KLHDC2
0.00568782180111514	1.09105374348072	0.086	0.042	1	6	CHCHD6
0.00881218703197414	1.09105374348072	0.086	0.042	1	6	PLPP6
0.00904053418569423	1.09105374348072	0.086	0.042	1	6	PELO
0.00167755898962568	1.08600051575443	0.122	0.057	1	6	LIN7A
0.000284857855080336	1.08451089761395	0.281	0.141	1	6	EGFLAM
0.00407259476749724	1.08276577215513	0.158	0.085	1	6	MAP3K5
0.000943863993435094	1.08223663404508	0.187	0.09	1	6	USP45
0.000851782803445598	1.0751121996117	0.209	0.1	1	6	LOC138513380
0.000641045928928319	1.0751121996117	0.273	0.131	1	6	ARMC6
0.000904556316067015	1.0751121996117	0.23	0.12	1	6	ZNF250
0.000221405971471235	1.07203936556207	0.353	0.193	1	6	RIN3
0.000133346942323696	1.07032713704632	0.259	0.135	1	6	LACTB
0.00800080681857755	1.06749901550182	0.18	0.087	1	6	NT5C2
0.00368478182439981	1.06533117881911	0.137	0.07	1	6	KDM1B
0.00820751312397745	1.06303936731112	0.115	0.056	1	6	TUBD1
0.00176873631243325	1.05530371853152	0.194	0.101	1	6	TANGO2
0.00380521756100038	1.05530371853152	0.18	0.099	1	6	RBM10
0.000926588279456254	1.05319742318326	0.302	0.183	1	6	STXBP5
0.00562396588940338	1.05239212311161	0.18	0.091	1	6	UHRF2
0.00435798233003472	1.04957710750456	0.108	0.054	1	6	SESN3
0.00912187037747506	1.04957710750456	0.108	0.055	1	6	ZNF777
0.0037837551697537	1.04293179386255	0.115	0.06	1	6	ATP10A
0.00173270446994934	1.03919262535675	0.115	0.059	1	6	DDX49
0.000145355629047615	1.03637980512298	0.259	0.134	1	6	DUSP9
0.00264243333686795	1.03447021511435	0.216	0.119	1	6	TRAPPC11
0.000772054143297499	1.03236255215236	0.223	0.118	1	6	INPP4A
8.52533504788447e-05	1.02930850999857	0.209	0.1	1	6	EIF4G3
0.000463689303157507	1.02448612654173	0.223	0.108	1	6	MECP2
0.000899156572628929	1.02448612654173	0.158	0.081	1	6	FANCA
0.00435798233003472	1.02448612654173	0.108	0.054	1	6	PARL
0.00218707575021194	1.02187017833472	0.129	0.065	1	6	PGM2
0.00309915428064314	1.01997064541924	0.201	0.109	1	6	ZNF236
0.00110666573887659	1.01852867124533	0.165	0.084	1	6	RNF150
0.00798477519770986	1.01739670175541	0.23	0.131	1	6	PRKCZ
0.0024033794808924	1.01573365253277	0.23	0.154	1	6	DOCK11
0.00727214718916399	1.01175013861427	0.209	0.117	1	6	PHLPP1
0.00899423276230303	1.00799800375316	0.144	0.081	1	6	DSP
0.00985382333161081	1.00445764604791	0.209	0.122	1	6	CRAMP1
0.00149352034754924	1.00414567825755	0.209	0.114	1	6	LOC138567561
0.000525339613693904	1.00242774571021	0.281	0.15	1	6	ATG2B
0.00338081883310355	1.00204873742197	0.151	0.068	1	6	FAM167B
0.00410392848753489	0.994941850927714	0.129	0.068	1	6	TASP1
0.00491794283184412	0.989382325585813	0.187	0.097	1	6	RANBP17
0.00443287967594859	0.984346735688514	0.151	0.073	1	6	PACS2
0.000161154232370254	0.983396030520082	0.245	0.114	1	6	PKDCC
0.00129267611587268	0.979143141080975	0.187	0.096	1	6	TMEM94
0.00127916193190256	0.975576526060783	0.137	0.071	1	6	CNTLN
0.00120509600133191	0.972664930640879	0.223	0.108	1	6	KMT5B
0.0028176305170803	0.971003796270959	0.137	0.069	1	6	KLHL6
0.0032777002376642	0.970523298334497	0.252	0.133	1	6	N4BP2
0.000690277100553221	0.969577785439339	0.353	0.215	1	6	ERI3
0.00034764541997023	0.966298712472772	0.216	0.102	1	6	DDHD2
0.00384186912856651	0.964929281861274	0.173	0.098	1	6	COMMD1
0.00473600533966081	0.961076956365667	0.209	0.109	1	6	GPD2
0.000429062681636835	0.957874524327323	0.288	0.172	1	6	SWT1
0.00473024565051514	0.956467703113078	0.23	0.119	1	6	DENND4B
0.000133158117313726	0.955112423501067	0.353	0.186	1	6	KDM3B
0.00292854135064115	0.954020382694335	0.187	0.099	1	6	CLCF1
0.000881845525799372	0.952856449560699	0.388	0.258	1	6	FRYL
0.000833280480156501	0.946597459089016	0.288	0.156	1	6	ATP9B
0.00767644259574122	0.946032250446767	0.187	0.101	1	6	ZNF362
0.000397626088590683	0.945202877017264	0.273	0.154	1	6	COBLL1
0.00747695409660857	0.943867666333444	0.158	0.085	1	6	LOC138570040
0.00315278983133386	0.94057007623287	0.259	0.131	1	6	BRWD1
0.00402572213885992	0.939050650035668	0.18	0.093	1	6	YBX1
0.000895314679305154	0.936914905691677	0.173	0.094	1	6	GHR
0.00477578257970879	0.936238378110282	0.237	0.145	1	6	FBXO11
0.000314745370559453	0.934934541563436	0.381	0.226	1	6	ARHGEF1
0.0072454522427993	0.933866274175945	0.266	0.168	1	6	LRRC8C
0.00572455369379216	0.932507804168896	0.144	0.08	1	6	PIKFYVE
0.00126035011585914	0.931376722150247	0.201	0.107	1	6	BTBD8
0.000455330452405833	0.930561409870346	0.345	0.196	1	6	BAZ2B
0.000413317699518901	0.930295646759916	0.158	0.081	1	6	RNF217
0.0032720848139018	0.926861241027754	0.216	0.117	1	6	PLXNA1
0.000427022646388738	0.926056390216984	0.266	0.146	1	6	STAT2
0.000979457845520151	0.925535843561187	0.23	0.125	1	6	IPO8
0.00841981034694534	0.925535843561187	0.209	0.118	1	6	POGZ
0.00796018400156166	0.924695357058598	0.273	0.169	1	6	LOC138582919
0.000158212259513758	0.923887049049282	0.353	0.186	1	6	PHF20
0.000949114754658912	0.920269154381685	0.194	0.1	1	6	AGAP3
0.00695766384011506	0.918992997694415	0.18	0.103	1	6	CMTR1
0.00946453842278881	0.914647527418451	0.209	0.115	1	6	NFATC4
0.000401078483622591	0.912214465063353	0.288	0.173	1	6	ATXN2L
0.00343563257897991	0.912214465063353	0.288	0.167	1	6	PPP1R37
0.000790764117447814	0.910481497838897	0.309	0.177	1	6	TGFBR2
0.000154691786022514	0.909774467665036	0.259	0.134	1	6	STK10
0.00466042835758455	0.907558102632132	0.194	0.104	1	6	TMEM269
0.000805558994720498	0.905187198169385	0.201	0.113	1	6	ARHGAP39
0.00349080743692038	0.904023265035748	0.604	0.524	1	6	S100A4
0.00172182790107129	0.903840772461868	0.209	0.117	1	6	MAML3
0.00532042922919304	0.903840772461868	0.101	0.048	1	6	SDK2
0.00833675654060097	0.903840772461868	0.216	0.115	1	6	TRANK1
0.00165300635382145	0.902645003606931	0.115	0.066	1	6	EFNB1
0.00290696248253867	0.902645003606931	0.223	0.126	1	6	VAV2
0.000995126280164883	0.902275602749481	0.288	0.186	1	6	EPB41
0.00015655110202336	0.895642510417034	0.302	0.19	1	6	SPTLC3
0.00256367928685047	0.895406177376799	0.18	0.101	1	6	TDRD3
0.0066961993388272	0.894539953969876	0.194	0.11	1	6	FAM222A
0.0073747046588375	0.893438239490304	0.209	0.117	1	6	TRIM25
0.005764078957367	0.892248142461887	0.216	0.133	1	6	ZDHHC20
0.000172896745047445	0.889698690900377	0.302	0.18	1	6	WAC
0.000175839006359581	0.888699075380815	0.345	0.19	1	6	RABGAP1L
0.000102364690370226	0.882467121669301	0.252	0.138	1	6	DIS3L2
0.00104965202080764	0.882467121669301	0.245	0.133	1	6	MGAT4C
0.00128636186979391	0.882467121669301	0.345	0.212	1	6	DIPK2B
0.0022637775677635	0.882467121669301	0.216	0.117	1	6	FKBP4
0.00272430749713857	0.882467121669301	0.194	0.105	1	6	CORO6
0.00974603071679559	0.882467121669301	0.194	0.112	1	6	AHCTF1
0.0016710213271326	0.882467121669301	0.223	0.122	1	6	GANAB
0.000641068488290628	0.87554770772951	0.309	0.174	1	6	TNFRSF3
0.000238620253271997	0.872751966836089	0.396	0.243	1	6	PACS1
0.00548323498703848	0.871239866246047	0.209	0.119	1	6	PHLPP2
0.00327030860314447	0.870689953892948	0.345	0.209	1	6	HDAC4
0.000332350295366882	0.86751678020333	0.295	0.167	1	6	ZNF91
0.00495471609300289	0.866642154507618	0.367	0.237	1	6	DEDD2
0.0080537047873957	0.864545213672039	0.129	0.073	1	6	ZNF652
0.00125753744743262	0.864088592354446	0.237	0.14	1	6	KIAA1671
0.00791515783368467	0.86219472664304	0.288	0.177	1	6	PITPNM2
0.00475876706033189	0.857805067435032	0.187	0.109	1	6	EHBP1L1
0.00719816162206665	0.857805067435032	0.194	0.109	1	6	DLG5
0.00893632843953266	0.856314833813332	0.245	0.156	1	6	PPP1R7
0.000471497086106609	0.854452745499704	0.317	0.186	1	6	NCOA3
0.00452516230038363	0.854270229838649	0.237	0.136	1	6	MMP16
0.00786892927481862	0.852719778275249	0.223	0.136	1	6	PIP5K1C
0.00319191705467839	0.849300257734101	0.273	0.153	1	6	JAK2
0.00708709394998402	0.849044120131851	0.209	0.12	1	6	STAT6
0.00397302410755309	0.848519789745963	0.266	0.154	1	6	JADE2
0.00346035154538407	0.84797874528401	0.209	0.115	1	6	ADAMTS7
0.00753705298662979	0.844992416250638	0.237	0.139	1	6	SNED1
0.00679176111461337	0.840646945974674	0.216	0.133	1	6	FXR2
0.00133746634186707	0.839822784260807	0.302	0.184	1	6	QSER1
0.000871236919057213	0.838965483032714	0.302	0.18	1	6	MAPK8
0.00104608464163885	0.838745744239983	0.374	0.238	1	6	ANKRD11
0.0015661007835385	0.838073002310847	0.259	0.14	1	6	THSD7A
0.000523353787734386	0.838073002310847	0.324	0.182	1	6	EBF1
0.000222776780615972	0.833372572141131	0.374	0.221	1	6	PTPRG
0.0041791882034024	0.831841048599333	0.259	0.152	1	6	LOC138567585
0.00100889641131189	0.831241798314128	0.396	0.278	1	6	PTPRB
0.000316921171657983	0.826198902022556	0.554	0.41	1	6	LOC138580807
0.000447606971800574	0.822925176014896	0.374	0.266	1	6	SLC12A2
0.000145653068448549	0.822595665691903	0.353	0.205	1	6	ADGRE5
0.00064603889794305	0.819855144369622	0.367	0.202	1	6	CHSY3
0.00955776558781277	0.819731366321338	0.259	0.168	1	6	DDHD1
0.00109033370509067	0.819273295182107	0.338	0.217	1	6	ARHGAP20
0.00186835585997949	0.818964179363143	0.295	0.175	1	6	MED13
0.00120333818313347	0.81699328419202	0.381	0.236	1	6	ZNF407
0.00937879541401448	0.816377931211529	0.108	0.061	1	6	KLC2
0.00415341183319689	0.815352925810764	0.259	0.156	1	6	SOS1
0.00169094345632479	0.814903837856666	0.396	0.258	1	6	ANKRD10
0.000349454551688343	0.810058626141251	0.338	0.216	1	6	SUSD1
0.00614661237445466	0.809710779233987	0.547	0.455	1	6	LOC138580806
0.00422253213297233	0.806518268436002	0.245	0.143	1	6	LOC138504634
0.000554223540209653	0.806256555049182	0.489	0.336	1	6	RALGAPA1
0.00189917240887355	0.806116235539186	0.158	0.09	1	6	XPNPEP2
0.000301072862411377	0.80565152461847	0.388	0.232	1	6	MINK1
0.000819258617261821	0.802739929198567	0.259	0.145	1	6	STON2
0.00336216455096992	0.801547126285733	0.259	0.153	1	6	CTIF
0.00172155360061022	0.800431352803289	0.281	0.168	1	6	MLLT6
0.00218948132589952	0.800318080315429	0.374	0.226	1	6	STAG1
0.00364503017954983	0.795004280418961	0.18	0.11	1	6	MTREX
0.00402691581590987	0.795004280418961	0.137	0.079	1	6	WIPI1
0.00141906070426086	0.795004280418961	0.273	0.153	1	6	PKP4
0.0034178796239228	0.795004280418961	0.259	0.154	1	6	PRIM2
0.0031526506124097	0.793032038087356	0.266	0.168	1	6	PPP3CC
0.00305370467188149	0.792712468910972	0.367	0.262	1	6	EHMT1
0.00799625690131066	0.782931448118386	0.094	0.057	1	6	SSH3
0.00788887489188692	0.781863180730895	0.266	0.169	1	6	WNK3
0.00132190089038343	0.778844490595143	0.281	0.172	1	6	TRPM7
0.00175367553297628	0.777114121523072	0.223	0.124	1	6	ABCG2
0.00174996360855292	0.773083662162039	0.403	0.253	1	6	TNRC6B
0.000306844389246628	0.771573530157077	0.453	0.314	1	6	NCOA2
0.000610349328795265	0.769573065263368	0.295	0.172	1	6	SHKBP1
0.00043758962600613	0.769426141464739	0.914	0.849	1	6	KRT5
0.000318033854271703	0.768810339873734	0.367	0.231	1	6	CREBBP
0.0026485924580975	0.762172887951589	0.151	0.089	1	6	IRAK2
0.0094620810399106	0.761837416483762	0.252	0.169	1	6	SLAMF8
0.00610029514711333	0.760476597290691	0.223	0.13	1	6	ARID1B
0.00708502342327216	0.760476597290691	0.216	0.137	1	6	DGKQ
0.00445476820013791	0.756203349023128	0.237	0.15	1	6	HYCC2
0.00528564900152201	0.753184104724335	0.151	0.086	1	6	FXYD3
0.0063207427375518	0.752070484413626	0.23	0.14	1	6	AR
0.000361196821977239	0.749200590805837	0.36	0.229	1	6	MYO18A
0.00933206226887046	0.747307538387665	0.194	0.112	1	6	IK
0.00505922561106441	0.746690342638834	0.388	0.276	1	6	DOCK1
0.00536226474410365	0.744963597919366	0.23	0.14	1	6	SMCHD1
0.000480114732761867	0.742915769270507	0.388	0.251	1	6	GNB2
0.0065124615278487	0.742536860524826	0.18	0.105	1	6	CCP110
0.00727609182221883	0.739102946498124	0.367	0.243	1	6	CNOT1
0.00116078361749433	0.738077212334126	0.295	0.185	1	6	ATP2A3
0.00852144472047955	0.738077212334126	0.338	0.22	1	6	GNG2
0.00155927394392439	0.736487815852021	0.331	0.205	1	6	PIK3CA
0.00163005752075948	0.73562573334003	0.439	0.273	1	6	ADAM12
0.000277020191725313	0.733089497631074	0.489	0.368	1	6	KANK3
0.00345987882797902	0.731157798394335	0.317	0.197	1	6	FNBP1
0.000181702140161795	0.730464028224251	0.374	0.238	1	6	PPP6R3
0.00476797612022526	0.729909252197077	0.345	0.239	1	6	MEF2D
0.00670456697133757	0.72718889619139	0.281	0.178	1	6	USP19
0.000382297827756164	0.72596263598931	0.396	0.276	1	6	DOCK6
0.00626050337974628	0.720579439292407	0.259	0.155	1	6	CSNK1G1
0.00516111549067235	0.716881055951326	0.23	0.142	1	6	S1PR2
0.00189804404154329	0.716274839103318	0.288	0.165	1	6	ARHGEF11
0.00641489481928457	0.712542120226988	0.273	0.173	1	6	UVRAG
0.00193636732131096	0.708984300813799	0.295	0.174	1	6	ST3GAL4
0.00356844192009351	0.705589359585221	0.273	0.169	1	6	ENPP1
9.17820115827072e-05	0.70223711183525	0.388	0.232	1	6	NPDC1
0.00479338669172303	0.701401562621788	0.259	0.175	1	6	LPCAT4
0.000560312601329945	0.701252107007764	0.482	0.338	1	6	PPP1R12A
0.00207577256725343	0.699462293182999	0.353	0.239	1	6	FCRL5
0.00179746839811668	0.698755168496913	0.367	0.245	1	6	RAPGEF5
0.00393786807963634	0.698042550531873	0.367	0.247	1	6	ROCK1
0.000719738002110042	0.695135843623373	0.518	0.424	1	6	RIPOR1
0.00426739475203537	0.69484011849353	0.338	0.206	1	6	ITPR1
0.00330229702581938	0.693124666399748	0.273	0.164	1	6	TLK2
0.000774023133666375	0.690599567346311	0.317	0.214	1	6	DNAAF9
0.0027088756905322	0.690599567346311	0.345	0.229	1	6	BAIAP2
0.00607621477342772	0.689822043726905	0.23	0.145	1	6	TSPAN6
0.00792113903516341	0.688587388075266	0.388	0.272	1	6	RAI1
0.00181877150587604	0.687119523347082	0.309	0.196	1	6	FER
0.00296286729783466	0.686069908865797	0.338	0.234	1	6	OGT
0.00756905406755208	0.685165681295683	0.187	0.113	1	6	KREMEN1
0.00617565216545142	0.684929889019129	0.288	0.182	1	6	NFAT5
0.000676231149348028	0.679752185109319	0.331	0.228	1	6	LOC138569465
0.00225476014430826	0.676305971091269	0.396	0.288	1	6	MGAT4D
0.00870464726136893	0.675504740902459	0.309	0.196	1	6	CALCRL
0.00154470997405161	0.667873070893261	0.338	0.206	1	6	NAV1
0.00384477008720403	0.666961085918093	0.266	0.184	1	6	NCOA1
0.00949021948450468	0.666149214742537	0.23	0.144	1	6	ACSL1
0.00106768061364016	0.663759747140709	0.446	0.311	1	6	IQGAP2
0.00746459466348754	0.662268913745765	0.281	0.194	1	6	CD2AP
0.000129854890845125	0.662201001441241	0.619	0.498	1	6	KRT19
0.00310387418440718	0.661737749555497	0.36	0.247	1	6	AKAP7
0.00477995439949177	0.658299075443001	0.331	0.229	1	6	TOX2
0.00565572371132952	0.658202286000082	0.353	0.225	1	6	PTPRK
0.000730659318208484	0.654361049138459	0.353	0.219	1	6	SBNO2
0.00467856290343118	0.654198133996184	0.417	0.268	1	6	SVIL
0.00814693076140998	0.651686914840134	0.302	0.203	1	6	DLG1
0.00633383902825278	0.643680262082184	0.165	0.112	1	6	SRSF7
0.00318507616412176	0.643001186973912	0.432	0.301	1	6	PLEC
0.00179850886012563	0.636991087219812	0.367	0.247	1	6	PDE8A
0.00510736678511243	0.636487880015237	0.237	0.158	1	6	KLHL3
0.00710373308052114	0.632990821130229	0.309	0.205	1	6	CCSER2
0.000713941448541697	0.627653222640476	0.532	0.407	1	6	ITGA6
0.00217786195114237	0.622298049529897	0.496	0.362	1	6	PLCG1
0.00139920755419994	0.62045192819926	0.36	0.218	1	6	USP48
0.000364810640165724	0.618865730156805	0.475	0.315	1	6	FBLN2
0.00631907187896281	0.617122555148306	0.331	0.213	1	6	CAMTA2
0.00649887630282787	0.613978285743399	0.338	0.235	1	6	RNF10
0.00316277845931586	0.613006446676074	0.331	0.217	1	6	GNAO1
0.00374806599525939	0.612768985554496	0.288	0.185	1	6	SEMA6A
0.00722275971096496	0.609448627262885	0.23	0.147	1	6	BBS12
0.00161999303537705	0.609448627262885	0.388	0.273	1	6	THOC2
0.00785033418687951	0.609448627262885	0.36	0.274	1	6	FNBP1L
0.00282978449746294	0.60843371688625	0.496	0.377	1	6	GNB4
0.00780970472527775	0.606832679055874	0.403	0.282	1	6	ZNF609
0.00223137210470939	0.606221842108965	0.446	0.303	1	6	NR3C1
0.00524578015201853	0.603043755296474	0.36	0.249	1	6	PALM2AKAP2
0.000124094387245177	0.601860086387557	0.496	0.336	1	6	NCK1
0.000111963161329073	0.600768871570471	0.424	0.262	1	6	ARHGEF28
0.00170288068339015	0.600067390968576	0.64	0.526	1	6	KRT1
0.00478419804312603	0.597064902807052	0.403	0.292	1	6	DST
0.00419515464022726	0.596528883837153	0.554	0.436	1	6	PIEZO1
0.00225743929416444	0.592960504474316	0.417	0.284	1	6	AGAP1
0.00112506857643963	0.591235824004855	0.381	0.234	1	6	CLK4
0.000143924906261094	0.589460636084448	0.734	0.631	1	6	TMEM176B
0.000659141420045485	0.579584782472485	0.554	0.387	1	6	TXNIP
0.00190558899846686	0.578686373492198	0.417	0.298	1	6	RGS3
0.00218750728594057	0.577956079859348	0.489	0.347	1	6	FGD5
0.00872375662777483	0.575541190121185	0.54	0.408	1	6	BCL6B
0.00901090457221111	0.573420318078671	0.281	0.196	1	6	USP11
0.00358223005951686	0.564497040350622	0.41	0.298	1	6	MYCT1
0.00338992128558696	0.560539026781939	0.424	0.303	1	6	HSD17B12
0.00171791840551951	0.560539026781939	0.36	0.24	1	6	DIAPH1
0.00818112624114901	0.555000843240509	0.324	0.228	1	6	ZMYND8
0.00120885443757694	0.548951052506727	0.489	0.357	1	6	ID3
0.00635598706129221	0.546183733804868	0.424	0.292	1	6	RFTN1
0.00562164512478331	0.543665208217542	0.223	0.154	1	6	THEM5
0.00800721138513662	0.540943546706702	0.424	0.286	1	6	LOC138472541
0.001467729789231	0.539477411254109	0.388	0.273	1	6	MED13L
0.00376274934268489	0.537937597844806	0.245	0.167	1	6	TNFRSF1B
0.00126974268823111	0.535544647315069	0.489	0.369	1	6	LRCH1
0.000283850117456101	0.532280766740425	0.489	0.327	1	6	APBB2
0.00421715120363815	0.526627966717228	0.705	0.579	1	6	TIE1
0.00814213298541246	0.52598180474557	0.223	0.152	1	6	ZNF583
0.00614926373387832	0.525277922294142	0.46	0.357	1	6	ADGRL2
0.000167977917950841	0.52171977789141	0.784	0.627	1	6	TRIM39
0.00252009342408837	0.520332704386919	0.453	0.349	1	6	ITPKA
0.00806766466791714	0.513996440844908	0.36	0.261	1	6	CHD9
0.00150156154969687	0.495886068439685	0.525	0.391	1	6	VWA5A
0.000317684295818472	0.491882666114996	0.576	0.4	1	6	DYSF
0.0063502005142992	0.477712595652318	0.295	0.197	1	6	LAMB2
0.00758352238069872	0.475502922926139	0.353	0.256	1	6	BRD3
0.000176095204065512	0.474382383032224	0.489	0.349	1	6	ACVRL1
0.00136301669061359	0.467429622390457	0.698	0.554	1	6	ASAP1
0.00847297737691969	0.464961366799707	0.41	0.292	1	6	RASA3
0.00482628718442414	0.439757203905903	0.41	0.291	1	6	MEF2A
0.00835627156702401	0.438680683908839	0.36	0.247	1	6	INPPL1
0.00261804425761182	0.435667060005669	0.41	0.299	1	6	ND4L
0.000215381270392156	0.428435490774593	0.432	0.289	1	6	PALD1
0.00105117092456039	0.426402354130402	0.561	0.441	1	6	COL1A2
0.00822220168233518	0.41157638765694	0.482	0.365	1	6	COL1A1
0.000624975184648931	0.411567173779933	0.993	0.93	1	6	S100G
0.0043513046847835	0.411161402743712	0.583	0.45	1	6	ZNF318
0.000540058813665819	0.385180139288998	0.705	0.547	1	6	PODXL
0.00016647411114882	0.377109015185763	0.799	0.66	1	6	PTPRM
0.00977754156099266	0.360997544573528	0.583	0.426	1	6	NPR1
0.00494622917091685	0.33627419111272	0.496	0.34	1	6	ELMO1
0.0082237214105111	0.328398628893928	0.59	0.476	1	6	PTBP3
0.000249445762237156	0.314435016898022	0.899	0.836	1	6	HSPG2
0.00790258391277548	0.25861560755455	0.568	0.428	1	6	SLC29A1
0.00145903929002185	0.225796697996659	0.95	0.898	1	6	RPL38
0.00500494847941289	0.171786095625303	0.993	0.95	1	6	RPS8
0.00429965342667739	0.13670755827126	0.942	0.845	1	6	PMP2
0.00558460219654283	-0.174819310296277	0.986	0.994	1	6	FKBP2
0.00149018797095575	-0.223359118773024	0.986	0.97	1	6	RPLP2
0.000148858784008073	-0.247751156265009	0.986	0.983	1	6	ANXA1
0.00738578100762984	-0.254809810086132	0.978	0.968	1	6	RPS23
0.000842455619398057	-0.267864514908626	0.993	0.989	1	6	S100A11
0.00813088787930154	-0.290840519167663	0.532	0.67	1	6	PCDHGC3
0.000163139010188521	-0.293351594001885	0.885	0.942	1	6	SUGP2
0.00723666665779955	-0.299467897442429	0.842	0.873	1	6	SLC25A5
0.0068688393424974	-0.317470448839451	0.547	0.692	1	6	HNRNPA1
0.00933089784221836	-0.318999609381318	0.906	0.937	1	6	RPL7
0.000946811415189037	-0.329371521506406	0.77	0.862	1	6	ATP5MC2
0.0072865723032472	-0.330653448725329	0.777	0.834	1	6	SET
0.00240400464506264	-0.331851999131465	0.554	0.671	1	6	EIF2S2
0.00281395520989637	-0.347267275008315	0.554	0.669	1	6	ARF1
0.00464568368515014	-0.362096680665767	0.453	0.57	1	6	ZFP36L2
0.00242167763019667	-0.363203241315085	0.439	0.586	1	6	TARDBP
0.000289715982019663	-0.381684641938861	0.734	0.856	1	6	CALM1
0.00166782392669741	-0.387354542951954	0.784	0.864	1	6	DBI
0.00159737328326317	-0.390306287364761	0.683	0.815	1	6	SRSF2
0.00109965416403955	-0.394886080331437	0.935	0.912	1	6	DYNLL1
0.00221702692526846	-0.395171697073265	0.259	0.345	1	6	EPHX1
0.00112521218817099	-0.396099139776835	0.712	0.78	1	6	SRI
0.00358191463151947	-0.399080086367051	0.741	0.787	1	6	RPL10A
9.58367815320201e-05	-0.403679714004775	0.849	0.894	1	6	HSPA8
0.00338146201441049	-0.417418641305683	0.77	0.86	1	6	CD63
0.00198435113414673	-0.418060901616936	0.64	0.736	1	6	NONO
0.00537385666473416	-0.423211621572987	0.54	0.638	1	6	ATP5PF
0.00328184145186006	-0.423636006056379	0.626	0.781	1	6	CDC42
0.00783330777098621	-0.425316790897792	0.245	0.338	1	6	RHEB
0.00151124818155102	-0.439460973218061	0.475	0.66	1	6	ILF3
0.000196034666108931	-0.441520495396356	0.568	0.712	1	6	HNRNPH1
0.00132368486826584	-0.443697966104532	0.547	0.686	1	6	COX6C
0.00870777199628238	-0.445459713839504	0.41	0.518	1	6	CCT6A
0.00386884170476494	-0.4488208677119	0.604	0.724	1	6	CAPG
0.000381185960250409	-0.450376750697245	0.41	0.531	1	6	UBL5
0.000295390904647579	-0.461219374579715	0.705	0.802	1	6	H3F3A
0.00238053306826242	-0.462668364379387	0.216	0.321	1	6	ELOB
0.00519890969341544	-0.464335641857091	0.266	0.379	1	6	SNRNP27
0.000881425577472295	-0.464597179021913	0.669	0.731	1	6	SNRPF
0.00069533555797622	-0.464832762926373	0.547	0.682	1	6	ATP5MK
0.00129612681766338	-0.46567085254091	0.496	0.672	1	6	BTF3L4
0.00290924468820036	-0.465933184579252	0.417	0.545	1	6	SNRPD2
0.00402826150329467	-0.466584021579825	0.612	0.72	1	6	AKAP8L
0.00200884992572112	-0.468302101104372	0.475	0.627	1	6	HNRNPA0
0.00148905054421617	-0.493996349908622	0.54	0.663	1	6	ALDOA
0.00800162332299512	-0.497675587163357	0.187	0.298	1	6	PYCARD
0.000917071408423187	-0.49835466227163	0.432	0.589	1	6	RAP1A
0.00494220401705965	-0.506028590157051	0.23	0.322	1	6	PHF5A
0.00184396040130053	-0.507701834530883	0.353	0.463	1	6	EIF4G1
0.00629062663132433	-0.507701834530883	0.367	0.498	1	6	SUMO3
0.00166920911896387	-0.509041842113302	0.388	0.583	1	6	SNRPB
0.00249594300924264	-0.511071113571467	0.921	0.917	1	6	HMGB2
0.00342998533290001	-0.513885814344616	0.187	0.294	1	6	PDLIM1
0.00114581559378593	-0.516879279890077	0.432	0.537	1	6	ARHGDIA
0.00446002618927013	-0.517910070903411	0.187	0.293	1	6	PSMA3
0.00465802181026085	-0.519631321902045	0.324	0.449	1	6	RAB1A
0.000705927969341821	-0.519891243538797	0.403	0.519	1	6	GSTM1
0.00103012328151217	-0.522876981405699	0.396	0.566	1	6	SNRPD3
0.000397819623341067	-0.52481321491689	0.64	0.781	1	6	SRSF3
0.000221709730299506	-0.526145031701371	0.755	0.827	1	6	ITGBL1
0.00733015292816593	-0.534372620243528	0.374	0.479	1	6	LMNB2
0.000131155317382665	-0.5446665694205	0.712	0.808	1	6	VWF
0.000613769477263194	-0.545769875364402	0.266	0.412	1	6	CSNK1A1
0.00430254543482547	-0.550492285606805	0.209	0.312	1	6	RANBP1
0.00878562738149693	-0.552399351371464	0.388	0.493	1	6	CALD1
0.00542567817604451	-0.553229848175636	0.237	0.346	1	6	MAGOH
0.00703348137630915	-0.557402230589478	0.338	0.44	1	6	KRTCAP2
0.000724920068059462	-0.557458182616513	0.453	0.586	1	6	MOB1A
0.00894603523437855	-0.560476374179427	0.273	0.38	1	6	RSU1
0.00614709610558157	-0.562715541229716	0.223	0.337	1	6	PPP2CB
0.000977401871302184	-0.564267428954342	0.439	0.578	1	6	BZW1
9.64543277296282e-05	-0.569163114276048	0.518	0.691	1	6	NDUFA4
0.00298846791059685	-0.569740170200084	0.511	0.582	1	6	CD81
0.0024178829404215	-0.571601312200904	0.266	0.421	1	6	ATP5PO
0.000704947793922163	-0.573762064929652	0.245	0.373	1	6	NDUFB3
0.00208526172729861	-0.57444009555245	0.302	0.437	1	6	CCT5
0.0088866110889118	-0.576964496967996	0.245	0.353	1	6	FKBP1B
0.00477051226550537	-0.583732429821868	0.331	0.455	1	6	PDIA6
0.000351984980680714	-0.583850882553236	0.424	0.59	1	6	HNRNPM
0.00977793021856269	-0.584891412739625	0.194	0.303	1	6	LSM6
0.0083315925673971	-0.586576091752288	0.36	0.5	1	6	GNG5
0.000446385668318795	-0.591039682179719	0.468	0.618	1	6	RHOC
0.000976384765562455	-0.593352991487822	0.871	0.844	1	6	CRIP1
0.0022217484949139	-0.598659568067315	0.288	0.421	1	6	BRK1
0.00700495226010187	-0.599925645411308	0.201	0.31	1	6	LOC138472955
0.00582294971715057	-0.602454471722046	0.302	0.423	1	6	TUSC3
0.00365745704479483	-0.60785850491378	0.252	0.371	1	6	PSMA5
0.00225536078967778	-0.610667800636204	0.273	0.409	1	6	DYNLT1
0.000458465251245979	-0.614932347167017	0.41	0.544	1	6	UBE2L3
0.00166118625706107	-0.617103887821211	0.295	0.463	1	6	EIF3J
0.00054987671705574	-0.624107480367139	0.288	0.429	1	6	ARPC5
0.00396367294847822	-0.62676805288861	0.259	0.382	1	6	PTGES3
0.00333642056764374	-0.627087976393833	0.223	0.348	1	6	PDCD6
0.00532040278156856	-0.63060246057007	0.23	0.342	1	6	ARL1
0.000409394995020104	-0.632106051160457	0.453	0.612	1	6	GNB1
8.74961069855694e-05	-0.634339901992655	0.532	0.707	1	6	TRA2B
0.000299872260762205	-0.634679994824284	0.259	0.419	1	6	ARPC3
0.00140406448980312	-0.639002455426472	0.353	0.485	1	6	NEDD8
0.000239080805887628	-0.641715748983433	0.424	0.577	1	6	GASK1B
0.00710066594884809	-0.653585778570909	0.223	0.34	1	6	SEC11A
0.00237140122848285	-0.657783730245462	0.403	0.522	1	6	NID2
0.000263494612410039	-0.660768253442132	0.201	0.338	1	6	TMED9
0.00315599170951657	-0.664141571149779	0.302	0.446	1	6	GLRX
0.000100131876820737	-0.668279663713942	0.54	0.717	1	6	COX6A1
0.000538513103710305	-0.670383193898102	0.302	0.444	1	6	MANF
0.00786887132204435	-0.673926226855085	0.216	0.331	1	6	LOC138520967
0.000118245574354561	-0.677577746847526	0.388	0.554	1	6	DAD1
0.000944159257617549	-0.678247832805178	0.281	0.443	1	6	PGAM1
0.00793836814671171	-0.685700136508877	0.23	0.338	1	6	PSMA6
0.00297227565762605	-0.687388486661647	0.273	0.376	1	6	ACP1
0.00420957814590833	-0.68799580935674	0.144	0.231	1	6	MX2
0.000567505997391034	-0.689439226226409	0.201	0.355	1	6	PSMB4
0.00917460446549875	-0.690004434868658	0.187	0.295	1	6	ATP6V0E1
0.00847538822108218	-0.693562254281848	0.158	0.26	1	6	NDEL1
0.00480420642927886	-0.696471591424085	0.129	0.213	1	6	NUDT5
0.00856966613273575	-0.698611944564627	0.201	0.305	1	6	TRMT112
0.00054311856775499	-0.702495379051855	0.266	0.419	1	6	SNRPC
8.87685236932377e-05	-0.706189862609597	0.374	0.529	1	6	PSMA2
0.00375519884981863	-0.710231027831461	0.194	0.3	1	6	ALYREF
0.000964192054867021	-0.711057392555279	0.273	0.402	1	6	LOC138566687
0.00024861329228554	-0.711265588679587	0.403	0.575	1	6	CLIC1
0.00871973999359605	-0.717445720517826	0.266	0.382	1	6	RAPGEF6
0.00170548872076056	-0.717762135705166	0.266	0.433	1	6	UQCRB
0.00442315978389118	-0.718436922920877	0.173	0.291	1	6	PTTG1
0.00144821145752631	-0.723253939218653	0.281	0.42	1	6	NAA50
0.000125591366815609	-0.725118288012526	0.281	0.436	1	6	HMGB3
0.00978059859754608	-0.726342121006223	0.201	0.305	1	6	PSMB1
0.0066068724178375	-0.727586360014686	0.129	0.21	1	6	YTHDF2
0.00857947676916101	-0.727586360014686	0.108	0.203	1	6	GAR1
0.00760324943826091	-0.728967590413046	0.216	0.34	1	6	SDCBP2
0.00997751212932345	-0.730362172484799	0.288	0.394	1	6	WSB1
0.00119501919023324	-0.736652389783917	0.417	0.595	1	6	EIF1
0.000199237944241663	-0.747505113969421	0.388	0.573	1	6	ELOC
0.00202561049254497	-0.759739330886331	0.209	0.338	1	6	PSMB3
0.00369037371276932	-0.759908621550793	0.245	0.375	1	6	PSMB6
0.000971196446114239	-0.760410638063927	0.338	0.507	1	6	RTN4
0.00670718260763736	-0.761389068105424	0.129	0.228	1	6	CD53
0.00160372989231364	-0.763136730391691	0.216	0.327	1	6	CD151
0.00686754268733122	-0.763524812449415	0.187	0.29	1	6	HINT1
0.00312685233469266	-0.763695535488593	0.151	0.279	1	6	ERP44
0.00724133108541818	-0.763695535488593	0.151	0.272	1	6	UBE2D3
0.000346189067912368	-0.764271576638545	0.259	0.395	1	6	SRSF1
0.00173703121082685	-0.769609574910392	0.338	0.485	1	6	TMEM167A
0.00934305761727478	-0.770019373248864	0.237	0.366	1	6	PSMA7
0.000300366008669547	-0.779310976102686	0.367	0.514	1	6	PSMA4
0.00887441345298797	-0.780497891053128	0.101	0.169	1	6	STRAP
0.00145712464377989	-0.784289470215503	0.252	0.393	1	6	LOC138570017
0.0081582825216348	-0.787384276638369	0.072	0.133	1	6	FOCAD
0.00318444601640089	-0.795604783443337	0.101	0.18	1	6	EMC6
0.00913672604014414	-0.79854206652289	0.144	0.255	1	6	PSMD6
0.00116619626426485	-0.800025916712393	0.331	0.455	1	6	TSPAN14
0.00214447343621778	-0.802583703458365	0.173	0.289	1	6	ATF5
0.00192657798003295	-0.817972596471791	0.259	0.396	1	6	SELENOF
0.00050212881506809	-0.819653080110709	0.338	0.477	1	6	SLC2A1
0.00126377332538861	-0.826942749976344	0.223	0.357	1	6	CFL1
0.00326850574631356	-0.829027784980787	0.129	0.232	1	6	TMPO
0.00810232111510042	-0.829027784980787	0.05	0.122	1	6	SLC35C1
0.00776370955200199	-0.838957621601127	0.129	0.242	1	6	LOC138526850
0.00315976081796804	-0.839293600885573	0.201	0.34	1	6	BLOC1S1
0.00571000592310237	-0.848266518785391	0.201	0.326	1	6	CALU
0.000313228803853927	-0.849656584505222	0.468	0.575	1	6	SPARC
0.00753626311648272	-0.851358764966338	0.144	0.242	1	6	MARCHF3
0.0024670193188878	-0.854498472496905	0.165	0.279	1	6	SLC20A1
0.000329733027381282	-0.869873698383821	0.266	0.41	1	6	LSP1
0.00350299123169604	-0.872420380494167	0.115	0.241	1	6	PSMC6
0.000216334508193278	-0.875089567270152	0.237	0.398	1	6	LOC138521839
0.00859028496643031	-0.878033986957694	0.245	0.365	1	6	LRRC32
0.00332014054694384	-0.880832620310368	0.108	0.212	1	6	SMOX
0.00417300146922559	-0.885717203107625	0.108	0.196	1	6	CYC1
0.000142813292525843	-0.895140456994251	0.223	0.378	1	6	ETF1
0.00315413086721756	-0.903096345929389	0.381	0.489	1	6	PMP22
0.00627490528688991	-0.93279299847365	0.065	0.153	1	6	LARP6
0.00575948231713434	-0.946802576816744	0.094	0.175	1	6	ABHD17B
0.000933196765346538	-0.954499456498842	0.201	0.352	1	6	ATF4
0.00148449249491421	-0.964416164574941	0.115	0.224	1	6	SUCLG1
0.00210798494660268	-0.971682011867244	0.079	0.175	1	6	TRIR
0.000253974578093479	-0.974091798389073	0.194	0.352	1	6	TUBB
0.000112537815478746	-0.989885055234739	0.173	0.312	1	6	LBH
9.4156858817414e-05	-0.990976990846076	0.165	0.341	1	6	ANP32E
0.0021605649549804	-0.996678483456313	0.137	0.26	1	6	IFRD2
0.00105168734242207	-1.00830380857594	0.108	0.221	1	6	TUBB2B
0.00279777210842978	-1.01061767441419	0.094	0.189	1	6	MYDGF
0.00263658617900746	-1.01154218264249	0.094	0.201	1	6	NDUFB8
0.00379286358458558	-1.01565326431149	0.072	0.145	1	6	COMT
0.00665988204028341	-1.0163861548738	0.079	0.165	1	6	AKTIP
0.00124094840727002	-1.02878866650062	0.144	0.287	1	6	ARPP19
0.000142007315296076	-1.03370128752723	0.36	0.507	1	6	ARL6IP1
0.00108595633005209	-1.03691441812241	0.122	0.257	1	6	NAV2
0.00152680278415843	-1.03809841083629	0.144	0.241	1	6	LGMN
0.0064352028372123	-1.04180555216745	0.072	0.145	1	6	FOXO1
0.00340506965466395	-1.04827021589358	0.101	0.207	1	6	CNN3
0.00240405598744465	-1.05613233366656	0.115	0.243	1	6	EIF4EBP2
0.00777348500674792	-1.05837080586256	0.065	0.133	1	6	ENPP2
0.00710469326153142	-1.06094934996433	0.086	0.181	1	6	UBE2M
0.00134946600538264	-1.06324272282975	0.259	0.37	1	6	LOC138487737
0.0081582825216348	-1.0843660143955	0.072	0.159	1	6	PLEKHO1
0.00309754559809123	-1.1175328783307	0.058	0.139	1	6	CTSZ
0.000620092710160083	-1.12099673363427	0.18	0.33	1	6	PSMB2
0.00263324603868069	-1.12353161895214	0.094	0.206	1	6	CRIP2
0.000209314070149747	-1.12901237521642	0.59	0.673	1	6	ACTG1
0.0035725657217578	-1.13133867785573	0.079	0.192	1	6	SLIRP
0.00947445874132718	-1.13819234889679	0.086	0.192	1	6	GOLGA7
0.00266332998520158	-1.15180278041545	0.086	0.195	1	6	PSMD12
0.00296003560362645	-1.15706124251734	0.058	0.138	1	6	SELENOI
0.00681831006329416	-1.15856014659075	0.086	0.182	1	6	MYL9
0.00589442746510702	-1.16192699768915	0.029	0.087	1	6	LOC138481234
0.00529064916240961	-1.16815895140067	0.043	0.107	1	6	TAF9B
0.00295185396846093	-1.17281531383189	0.05	0.124	1	6	PHF13
0.00377491524864757	-1.17642656738427	0.029	0.095	1	6	IMP3
0.00830060554077329	-1.19434847538153	0.05	0.123	1	6	BOLA3
0.00308719005734146	-1.19553539033197	0.043	0.128	1	6	SALL4
0.00537522503225365	-1.21345729832923	0.065	0.122	1	6	UBE2C
0.00684584691662166	-1.21439441758329	0.05	0.131	1	6	FAM162A
0.00266471216810811	-1.23301009575064	0.079	0.179	1	6	GABARAPL2
0.000243666162773019	-1.23952340270931	0.108	0.248	1	6	DYRK3
0.000319496324277343	-1.26571610061895	0.158	0.31	1	6	MARCKSL1
0.00589569521134773	-1.27403736401069	0.036	0.099	1	6	POLR2E
0.000261278189296455	-1.28344481726639	0.137	0.287	1	6	SDC3
0.00672315462203712	-1.28745787977301	0.058	0.135	1	6	STEAP1
0.00461641521000186	-1.28745787977301	0.05	0.135	1	6	SCAMP2
0.000147686632271248	-1.30453139313195	0.086	0.212	1	6	LMNB1
0.00710534750186297	-1.32140521169635	0.043	0.118	1	6	DLAT
0.000316160261759076	-1.32698624395965	0.079	0.211	1	6	TUBB6
0.0071634052608996	-1.33254576930155	0.043	0.116	1	6	AEBP1
0.00200453794852169	-1.33992529966715	0.036	0.107	1	6	INO80C
0.00337838338388543	-1.34635156882658	0.043	0.115	1	6	TIAM1
0.00017351655887242	-1.35854097783449	0.122	0.276	1	6	HSD3B7
0.000590018442294523	-1.36546039177428	0.086	0.194	1	6	GPX3
0.00700816310736243	-1.37626714673087	0.036	0.1	1	6	DOCK5
0.00716339819497053	-1.37626714673087	0.043	0.121	1	6	CNDP2
0.00609457561993148	-1.37879819131144	0.115	0.192	1	6	NR6A1
0.00135387955721023	-1.42667481826222	0.115	0.215	1	6	FLT4
0.000498620428954544	-1.4291190289966	0.094	0.22	1	6	KLF6
0.00130380774073082	-1.43041583361505	0.05	0.146	1	6	SELENON
0.00876654158328521	-1.43946097321806	0.029	0.091	1	6	ANGPTL4
0.000407125636932763	-1.45251712604351	0.129	0.268	1	6	IGF2
0.00994846684377583	-1.46694170964017	0.079	0.156	1	6	SQSTM1
0.00750046347132044	-1.48210531062655	0.029	0.094	1	6	ATP23
0.000378716948373305	-1.50158268512586	0.122	0.285	1	6	PLAT
0.00239443693401975	-1.5072055798539	0.158	0.286	1	6	KPNA2
0.000165922918488188	-1.50985030110946	0.079	0.221	1	6	B4GALT6
0.00422299453290803	-1.50985030110946	0.022	0.08	1	6	CDK2
0.00928099885475685	-1.52934647673526	0.043	0.113	1	6	MOV10
0.000127798082322276	-1.56309232238644	0.115	0.264	1	6	CYR61
0.00309047245947707	-1.56599337914699	0.036	0.103	1	6	PNLDC1
0.00947838941929802	-1.576964496968	0.014	0.062	1	6	RAB11FIP5
0.00589570171688555	-1.58785281311073	0.036	0.118	1	6	IFFO2
0.0039433621032731	-1.61578374585852	0.029	0.097	1	6	PLXNA2
0.0014051228117833	-1.63102362391882	0.137	0.262	1	6	HSPA1A
0.00727976325904153	-1.64109483438771	0.029	0.094	1	6	CRABP2
0.000243527274452331	-1.68086536308031	0.094	0.228	1	6	SEMA7A
0.00156369462790632	-1.68231749711423	0.036	0.117	1	6	ARHGAP24
0.00281264130885533	-1.70249537905186	0.029	0.103	1	6	CBFB
0.00345832298060594	-1.71105739255528	0.043	0.113	1	6	MAFB
0.000976950743991193	-1.71247946762448	0.036	0.12	1	6	PTHLH
0.00736775055750857	-1.71446802071793	0.029	0.1	1	6	SEMA5B
0.00211802879291853	-1.71630117857689	0.058	0.179	1	6	SERPINE1
0.00141323086427692	-1.72956362225003	0.065	0.163	1	6	LOC138498143
0.000517378228504823	-1.75657205180765	0.101	0.236	1	6	CCN1
0.000538987329263262	-1.77838714445732	0.18	0.292	1	6	NRP2
0.00569490224368144	-1.80403340551392	0.022	0.087	1	6	ADAP1
0.00577585182813223	-1.80403340551392	0.022	0.096	1	6	ENAH
0.001404057335093	-1.81400369426885	0.094	0.195	1	6	HMOX1
0.000309400363394013	-1.88129853184062	0.036	0.142	1	6	MMP14
0.000916728657323397	-1.9248878003883	0.029	0.125	1	6	ITPRIPL2
0.00139609911616593	-1.95403414604782	0.043	0.144	1	6	PHF24
0.000166724593367103	-2.03042221456066	0.043	0.171	1	6	HMGA1
0.00384240359014719	-2.07172918871757	0.007	0.06	1	6	LOC138566283
0.00535800276374533	-2.07172918871757	0.007	0.059	1	6	ABCD1
0.00535800276374533	-2.07172918871757	0.007	0.059	1	6	DBN1
0.000191373190732842	-2.1175328783307	0.029	0.115	1	6	SNCA
0.00325021547100148	-2.20499571958104	0.007	0.064	1	6	PSMG2
0.00126797867332677	-2.22605733510887	0.022	0.099	1	6	PLCE1
0.00747840891148796	-2.22605733510887	0.007	0.063	1	6	TNFRSF21
0.000561901864909455	-2.25366956631673	0.036	0.132	1	6	GAS7
0.00127412040935923	-2.26727999783538	0.022	0.11	1	6	ITGB3
0.0065910052847134	-2.27403736401069	0.014	0.077	1	6	GALR1
8.51588822718435e-05	-2.28745787977301	0.022	0.13	1	6	IL10RA
0.000135015006238519	-2.30339942364203	0.029	0.131	1	6	ADAM8
0.00745270892127081	-2.32698624395965	0.007	0.065	1	6	FOSL1
0.00853622867091966	-2.32698624395965	0	0.035	1	6	NUPR1
0.00532151830717091	-2.36546039177428	0.007	0.064	1	6	DPP4
0.0007830627786479	-2.4789893374047	0.05	0.164	1	6	CCN2
0.00853622867091966	-2.60938597466037	0	0.042	1	6	TATDN1
0.00150515876399986	-2.65151145033305	0.014	0.106	1	6	SPRY2
0.00381715221779856	-2.65669168943873	0.007	0.072	1	6	ERRFI1
0.00369749050892969	-2.70249537905186	0	0.044	1	6	NPNT
0.00165242765187838	-2.71744572051783	0.007	0.084	1	6	CLU
0.00853622867091966	-2.73224272244591	0	0.046	1	6	GINS2
0.00853622867091966	-2.9248878003883	0	0.053	1	6	ZDHHC16
0.00312725410759846	-3.00017592769254	0	0.05	1	6	CHAD
0.00223714006891933	-3.04827021589359	0	0.053	1	6	THBS1
0.00374206219019668	-3.04827021589359	0.007	0.065	1	6	CLEC
0.0043736099027882	-3.24681589527567	0	0.058	1	6	SEMA3D
0.00223919136934366	-3.26727999783538	0	0.055	1	6	ARHGEF25
0.00135249173069793	-3.28745787977301	0	0.06	1	6	CYGB
0.000149324942870679	-3.32698624395965	0.007	0.109	1	6	LRG1
0.000413590891816358	-3.40293509719295	0	0.065	1	6	CXADR
0.000176573703342638	-3.76138906810542	0	0.08	1	6	ABLIM2
0.000816339791734056	-4.02442347393922	0	0.077	1	6	LOC138577431
8.0643440201089e-18	1.53126104380351	0.786	0.367	9.6562455296784e-14	7	SOX18
1.7319486443354e-16	2.93231995936659	0.296	0.048	2.07383530672721e-12	7	GJA4
2.51218502493106e-16	4.33636667472746	0.184	0.012	3.00809034885245e-12	7	SOX6
8.72635171181466e-16	2.21341433674537	0.408	0.102	1.04489335397269e-11	7	TMEM100
2.27213847619863e-14	1.28644035405557	0.888	0.598	2.72065861140024e-10	7	STMN1
5.76393384735562e-13	1.23547060971234	0.918	0.753	6.90173438882362e-09	7	HMGN2
1.57634085367573e-12	-2.22161372263946	0.439	0.741	1.88751053819132e-08	7	PRSS23
2.99709756237597e-12	1.42151406356173	0.704	0.342	3.58872462118899e-08	7	ID3
3.42093707081419e-12	4.27978314636109	0.153	0.012	4.09623004859291e-08	7	KCNK16
5.75276026080725e-12	3.23177777345026	0.173	0.017	6.8883551362906e-08	7	CCNB3
2.8587366352022e-11	2.35581903739363	0.224	0.043	3.42305124699111e-07	7	PLK1
4.30484792140886e-11	0.761070243170406	0.939	0.837	5.15462490109497e-07	7	H2AZ1
6.88984033516109e-11	0.880889789498139	0.867	0.538	8.24989481732189e-07	7	PODXL
9.07962552409057e-11	1.30083761362376	0.684	0.337	1.08719436025461e-06	7	ACVRL1
1.46851034669032e-10	4.02824437936512	0.122	0.008	1.75839428912699e-06	7	ALOX12
1.60835304375377e-10	-2.23747720591057	0.235	0.559	1.92584193459076e-06	7	IGFBP1
1.87761701709874e-10	3.31775099656011	0.163	0.017	2.24825861627404e-06	7	PRDM16
3.02532359142536e-10	2.91721306697638	0.184	0.03	3.62252246837273e-06	7	HEY1
5.67932797160298e-10	1.93426823115611	0.388	0.114	6.80042731319741e-06	7	TOP2A
6.31875463871083e-10	3.41413553298445	0.214	0.031	7.56607680439235e-06	7	SLC26A10P
7.77124866652717e-10	2.09932747742661	0.245	0.057	9.30529315329964e-06	7	AURKB
1.18467803977665e-09	0.86091765875279	0.949	0.915	1.41853348482856e-05	7	HMGB2
1.43534209771778e-09	2.88688853011958	0.214	0.039	1.71867862780727e-05	7	SDK2
1.54458379592641e-09	1.66474979175212	0.469	0.184	1.84948463724229e-05	7	B4GALT1
1.92748295044564e-09	0.733077352590521	0.949	0.882	2.3079680848636e-05	7	HMGN1
3.65243569446926e-09	2.39518759044292	0.327	0.096	4.37342650055749e-05	7	UBE2C
5.30759191072016e-09	1.19927366954206	0.724	0.468	6.35531055389632e-05	7	JAG2
7.49541061799778e-09	1.33836686843428	0.602	0.31	8.97500467399054e-05	7	FBLN2
1.17184327836366e-08	1.3180456947617	0.551	0.267	0.000140316514151264	7	SMAD6
1.38236821414508e-08	1.15092689913995	0.541	0.251	0.000165524769961731	7	TJP2
1.58230718937199e-08	2.83322839695998	0.153	0.024	0.000189465462855402	7	CCNB1
1.63855392543923e-08	2.19535436520038	0.255	0.067	0.000196200447032094	7	CDK1
1.72631037779428e-08	0.923537037369292	0.765	0.524	0.000206708404637088	7	TUBA1B
1.77597335693346e-08	1.79616290186024	0.265	0.091	0.000212655049759213	7	CXCL12
2.05398723104086e-08	1.01579315250942	0.704	0.421	0.000245944431044833	7	SLC29A1
2.23244880851251e-08	0.491444984035035	0.99	0.856	0.000267313420331288	7	CAV1
3.70329256013161e-08	2.53639128303545	0.133	0.026	0.000443432251150159	7	SLC6A9
5.45513142592184e-08	2.10447996519221	0.163	0.039	0.000653197436939881	7	MTFR2
9.34936627101594e-08	1.72958606380061	0.224	0.062	0.00111949311729145	7	KIF2C
1.39050767914706e-07	1.27807928744406	0.469	0.218	0.00166499389501069	7	NHERF2
1.51857002297519e-07	0.988716015178487	0.582	0.312	0.00181833574551049	7	PLEKHG5
2.33391002456618e-07	0.436870349739053	0.99	0.958	0.00279462386341554	7	RPLP1
2.98315348195147e-07	-3.01614973999333	0.122	0.368	0.00357202797928869	7	MRC1
3.43109020602757e-07	2.00270928725799	0.133	0.034	0.00410838741269741	7	TPX2
3.76769885208277e-07	2.48392386314131	0.163	0.028	0.00451144260548391	7	CKS2
3.87428636385655e-07	0.475567807037486	0.98	0.909	0.00463907049208183	7	DYNLL1
4.65074752084707e-07	1.53949719390327	0.286	0.092	0.00556880508146228	7	EPO
4.92168745198396e-07	2.26574369309178	0.265	0.076	0.0058932285550056	7	FBN1
4.98811120381276e-07	1.27335687720166	0.418	0.168	0.0059727643554454	7	EMP2
5.51486874519264e-07	2.85831937792281	0.071	0.01	0.00660350383549367	7	NTM
6.40957081684297e-07	5.25063680070157	0.061	0.001	0.00767482009608777	7	LOC138453898
7.37038397771551e-07	1.89074085561519	0.245	0.075	0.00882529777491655	7	CCNA2
9.97480913730104e-07	1.7587837043719	0.224	0.068	0.0119438364610043	7	ASPM
1.15055961588116e-06	1.00952518201853	0.51	0.263	0.013776800840561	7	CD200
1.15998001631235e-06	0.860678650796734	0.663	0.393	0.013889600715324	7	CD93
1.4528951145714e-06	1.58913274510742	0.245	0.081	0.0173969661018779	7	SOX13
1.71777314836358e-06	2.19535436520038	0.153	0.035	0.0205686156785055	7	OPA3
1.89247159477929e-06	-5.83748889148664	0	0.206	0.0226604548758873	7	RELN
1.90981232279683e-06	0.391049094384476	1	0.972	0.0228680927531693	7	PTMA
2.02619980247268e-06	1.70631628447776	0.224	0.071	0.0242617164348078	7	RAD51AP1
2.22676297963358e-06	0.445605683239096	0.99	0.834	0.0266632599181325	7	KRT8
3.13614689555624e-06	-1.11335189901869	0.429	0.651	0.0375522229273905	7	FLI1
3.14300885489794e-06	0.730379989368231	0.724	0.523	0.037634388028548	7	NUCKS1
3.31439292411099e-06	2.03889162356463	0.153	0.041	0.039686540873305	7	SHCBP1
3.40861315156733e-06	0.537559930358071	0.898	0.742	0.0408147338768672	7	COX7A2
3.5749103080882e-06	0.639125838253683	0.888	0.709	0.0428059760290481	7	PRDX1
3.57590221670937e-06	1.90722897840376	0.173	0.053	0.042817853142878	7	TRIM16
3.63546243228684e-06	0.398765533247326	0.99	0.967	0.0435310271642026	7	RPS23
4.18278495478033e-06	0.849907138106611	0.48	0.272	0.0500846670485397	7	NMRK2
5.28120224742854e-06	-2.84006375392434	0.082	0.296	0.0632371157107093	7	NRP2
5.42281420401236e-06	0.328264502668903	1	0.994	0.064932777278844	7	LOC138582460
5.74113250074232e-06	2.49986540701033	0.122	0.023	0.0687443205638885	7	SPC25
5.757019204766e-06	1.00758490879903	0.357	0.161	0.068934547957868	7	SMC4
5.88164814987534e-06	1.05096445586521	0.276	0.142	0.0704268549466074	7	STOM
5.99207936340503e-06	4.18024747281017	0.041	0.002	0.0717491582974118	7	PTPRV
6.3452590680084e-06	0.544134480666873	0.765	0.51	0.0759781320803326	7	ESAM
6.42236020933429e-06	0.429617917861688	0.99	0.944	0.0769013411465688	7	RPS12
6.43420477093075e-06	0.56755221452191	0.806	0.608	0.0770431679271248	7	HSBP1
6.61008174397819e-06	0.603879991621741	0.724	0.47	0.0791491188023949	7	SGK1
6.62010412251983e-06	0.298699725316118	0.969	0.961	0.0792691267630525	7	FAU
7.35417457059638e-06	0.633676261838327	0.847	0.656	0.0880588863083211	7	H3-3A
8.03672205598282e-06	1.72199790671003	0.286	0.106	0.0962317098983383	7	JAG1
8.3126305431062e-06	1.56133764016568	0.286	0.104	0.0995354381231537	7	THBD
9.32602420277564e-06	0.631714705299449	0.908	0.773	0.111669813804036	7	TUBA1C
9.42077999245497e-06	0.573373924947199	0.857	0.706	0.112804419629656	7	RAN
9.42355764265925e-06	0.882566924169489	0.571	0.321	0.112837679213202	7	EPAS1
1.0452326901619e-05	0.85391419880281	0.622	0.399	0.125156162319985	7	HMGB3
1.0929145644467e-05	1.01878405011606	0.449	0.233	0.130865589946848	7	DNASE1L3
1.28167693872559e-05	1.28034330751776	0.224	0.094	0.153467996643002	7	C8H10orf143
1.29182274661824e-05	2.18024747281017	0.092	0.022	0.154682855680068	7	LOC138582523
1.31098036039536e-05	1.79120518206427	0.184	0.058	0.15697678835374	7	BAMBI
1.31663154871584e-05	0.35757464690844	0.99	0.959	0.157653461643234	7	RPS18
1.32355189453228e-05	0.929720295226385	0.622	0.402	0.158482103851295	7	PKM
1.38645200637601e-05	1.03389094250627	0.5	0.259	0.166013763243463	7	PLPP1
1.40255719272258e-05	1.35770614693789	0.357	0.153	0.167942198256601	7	CDCA8
1.42846833106527e-05	0.587017356105417	0.765	0.516	0.171044797961755	7	ENG
1.44113893958226e-05	1.43301354319014	0.296	0.117	0.17256197662558	7	SMC2
1.47323198140519e-05	2.5103960745025	0.102	0.019	0.176404797453458	7	PLK4
1.47323198140519e-05	2.04473250215369	0.102	0.026	0.176404797453458	7	SPX
1.5498253642216e-05	1.39017054218441	0.367	0.183	0.185576089111895	7	ATP2A3
1.55000655534135e-05	0.731407265440592	0.653	0.449	0.185597784936574	7	LMNB2
1.58585732156774e-05	1.34812464560363	0.194	0.08	0.189890555684521	7	G2E3
1.71193041875373e-05	1.30126287377154	0.418	0.197	0.204986548341572	7	HEG1
1.73405341980327e-05	1.20881662500694	0.398	0.179	0.207635556487244	7	LOC138511292
1.7901423107838e-05	0.588621241808007	0.765	0.584	0.214351640293253	7	RHOC
1.79117417346352e-05	1.95442414607345	0.439	0.255	0.214475195530522	7	KPNA2
1.82299856143571e-05	0.808566342725712	0.643	0.409	0.218285847746312	7	GLRX
1.98270030155939e-05	-5.7710372421568	0	0.164	0.237408534108722	7	APLN
2.26320635981115e-05	1.12828150434768	0.643	0.476	0.270996329523787	7	ARL6IP1
2.4182866662828e-05	2.12135378375661	0.153	0.037	0.289565645420703	7	CDC20
2.50122747167463e-05	1.53074471989431	0.153	0.055	0.29949697745832	7	SUV39H1
2.51921509479779e-05	0.3488288458621	0.959	0.956	0.301650815451087	7	RPS28
2.52132610193459e-05	-1.67219533877597	0.102	0.298	0.301903587445648	7	SPRED1
2.54865308755743e-05	0.424567820372189	0.98	0.918	0.305175720704126	7	RPL28
2.61520463736437e-05	1.27335687720166	0.204	0.087	0.31314460327801	7	RNASEH2B
2.7940220202168e-05	1.75522588495871	0.163	0.053	0.33455619670076	7	PLCG2
2.97269389368206e-05	-2.16552736403156	0.092	0.291	0.35595036682949	7	CADM1
3.254207826483e-05	0.947586716019899	0.439	0.24	0.389658845143074	7	RTRAF
3.33470069228731e-05	2.27335687720166	0.112	0.024	0.399297060894482	7	KIF14
3.36126955118014e-05	-4.7710372421568	0	0.148	0.40247841605831	7	PROX1
3.5923650920459e-05	1.6468152727291	0.173	0.058	0.430149796121576	7	SOX17
3.69142642871172e-05	2.37915154122425	0.102	0.021	0.442011400573941	7	YBEY
3.71140248231128e-05	1.94078153811478	0.102	0.027	0.444403333231952	7	CDCA2
3.77820492502577e-05	-1.79618405605142	0.071	0.248	0.452402257722586	7	ST8SIA4
3.7895868046245e-05	-1.76128926560524	0.143	0.354	0.453765123985738	7	ADD3
3.78990374429559e-05	0.633867434408069	0.694	0.424	0.453803074341953	7	NRP1
4.14438631930639e-05	0.885975720825677	0.5	0.317	0.496248817873747	7	CETP
4.15736255007183e-05	1.02243875768392	0.449	0.261	0.497802591745601	7	PTTG1
4.36262660846448e-05	1.02419754630242	0.5	0.293	0.522380910097537	7	ENTPD1
4.43861600954576e-05	0.334737527974625	0.99	0.977	0.531479880983009	7	RPS2
4.48614744458066e-05	0.932191485699742	0.663	0.509	0.537171295014089	7	H1-1
4.78754611177556e-05	1.22411335818181	0.276	0.129	0.573260771424006	7	LSM8
4.90966080041125e-05	1.13585335345172	0.347	0.174	0.587882784241243	7	NDUFB8
4.96225782699143e-05	0.566097098672532	0.796	0.654	0.594180752203954	7	TUBA1A
5.16435279255443e-05	2.10447996519221	0.143	0.038	0.618379603380467	7	SULT2A1
5.28882016066292e-05	-1.2417689464837	0.245	0.458	0.633283326037778	7	TSPAN14
5.34293043413866e-05	-1.73330685307936	0.153	0.359	0.639762490183763	7	VAV3
5.41478567174364e-05	2.58345953669223	0.122	0.035	0.648366436334584	7	APOC1
5.46886821467461e-05	0.459770001432537	0.806	0.602	0.654842280025138	7	ATP5IF1
5.7612950109481e-05	0.960617953768953	0.398	0.23	0.689857464610926	7	RRM1
6.07277648983848e-05	-2.38375540927534	0.286	0.473	0.727154256893259	7	CTSL
6.19585505393033e-05	1.33894521882923	0.194	0.079	0.741891684157618	7	RCC1
6.2327706403471e-05	0.793363936082041	0.531	0.338	0.746311956475161	7	RALGAPA1
6.42857418748223e-05	-0.886866723048363	0.255	0.447	0.769757473209122	7	ERG
6.52774335389005e-05	-3.45153588466398	0.01	0.165	0.781631989194794	7	PDGFC
6.68919602608966e-05	1.10013729784691	0.265	0.121	0.800964332163976	7	LSM1
6.79551005701741e-05	0.944476021672526	0.224	0.115	0.813694374227265	7	LAMTOR2
7.44262086034475e-05	0.842637755690542	0.49	0.299	0.89117942181768	7	HYPK
7.52091615225301e-05	1.85831937792281	0.133	0.042	0.900554500070775	7	CCDC12
7.74318855761368e-05	2.85831937792281	0.051	0.008	0.927169397888662	7	LOC138581119
7.89626292850084e-05	0.878992946187561	0.51	0.299	0.94549852305869	7	GALNT18
8.34414454474359e-05	-4.0525731482432	0.01	0.172	0.999127867787598	7	NFIX
0.00140381995718763	5.02824437936512	0.02	0	1	7	KIF5A
0.00140381995718763	5.02824437936512	0.02	0	1	7	PSRP
0.00140381995718763	5.02824437936512	0.02	0	1	7	TLR2
0.000116426360484045	4.76520997353133	0.041	0.001	1	7	VWA3B
0.000840062304241502	4.18024747281017	0.041	0.002	1	7	CLCN2
8.99328159327581e-05	3.85831937792281	0.031	0.002	1	7	COL6A6
0.0015112338921942	3.85831937792281	0.031	0.002	1	7	IGSF3
0.00137274665810495	3.66567429998042	0.051	0.005	1	7	LOC138569646
8.60607219092769e-05	3.44328187864397	0.082	0.009	1	7	CLIC5
8.99328159327581e-05	3.44328187864397	0.031	0.003	1	7	KLHL21
8.99328159327581e-05	3.44328187864397	0.031	0.003	1	7	NSL1
0.000116426360484045	3.44328187864397	0.041	0.004	1	7	IRX3
0.00140381995718763	3.44328187864397	0.02	0.002	1	7	KHK
0.00140381995718763	3.44328187864397	0.02	0.002	1	7	LOC138472210
0.0015112338921942	3.44328187864397	0.031	0.003	1	7	LOC138468343
0.000396146786186226	3.44328187864397	0.051	0.005	1	7	PSMC3IP
0.00056796343739725	3.25063680070157	0.061	0.007	1	7	STK36
0.00382943114023369	3.22088945730752	0.051	0.006	1	7	HEY2
0.00825834211491547	3.12135378375661	0.031	0.004	1	7	LOC138453387
0.000210755884440021	3.1022449608089	0.082	0.016	1	7	PI16
0.00140381995718763	3.02824437936512	0.02	0.003	1	7	SIK1
0.00382943114023369	2.85831937792281	0.051	0.008	1	7	GALM
0.000229127902355493	2.74284216050288	0.071	0.011	1	7	NLN
0.00140381995718763	2.70631628447776	0.02	0.004	1	7	LOC138492809
0.00140381995718763	2.70631628447776	0.02	0.004	1	7	LOC138521159
0.00382943114023369	2.70631628447776	0.051	0.008	1	7	LOC138514207
0.00825834211491547	2.63592695658636	0.031	0.006	1	7	ADAMTS10
0.00825834211491547	2.63592695658636	0.031	0.006	1	7	ANGEL1
0.000840062304241502	2.59528497208902	0.041	0.008	1	7	CEP170B
0.00982672163032557	2.59528497208902	0.041	0.008	1	7	TCP11
0.00140173737488242	2.56881276072783	0.051	0.009	1	7	GUCD1
0.00426693349673719	2.48392386314131	0.102	0.03	1	7	MFSD4A
0.00343377508979273	2.44328187864397	0.041	0.008	1	7	GRHL3
0.00982672163032557	2.44328187864397	0.041	0.008	1	7	LOC138570219
0.00150581049601142	2.44328187864397	0.061	0.012	1	7	CKAP2
0.00140381995718763	2.44328187864397	0.02	0.005	1	7	BEND4
0.00140381995718763	2.44328187864397	0.02	0.005	1	7	LOC138468499
0.00140381995718763	2.44328187864397	0.02	0.005	1	7	SWSAP1
0.00825834211491547	2.44328187864397	0.031	0.007	1	7	ANKRD37
0.00825834211491547	2.44328187864397	0.031	0.007	1	7	LOC138467891
0.00825834211491547	2.44328187864397	0.031	0.007	1	7	LOC138497606
0.000594950239099669	2.35581903739363	0.071	0.015	1	7	LOC138570265
0.00382943114023369	2.32780466122403	0.051	0.011	1	7	NME6
0.00382943114023369	2.32780466122403	0.051	0.011	1	7	ZIM3
0.008664110492061	2.32780466122403	0.051	0.011	1	7	ROPN1L
0.000443220674641054	2.31775099656011	0.092	0.02	1	7	HRH2
8.40463400118312e-05	2.27335687720166	0.102	0.023	1	7	H2BC3
0.0066551163580722	2.27335687720166	0.061	0.016	1	7	ANTXR1
0.00825834211491547	2.27335687720166	0.031	0.008	1	7	LOC138526856
0.00825834211491547	2.27335687720166	0.031	0.008	1	7	POT1
0.00140381995718763	2.22088945730752	0.02	0.006	1	7	FSD1
0.00382943114023369	2.22088945730752	0.051	0.012	1	7	ATAT1
0.000840062304241502	2.18024747281017	0.041	0.01	1	7	C5QH8orf76
0.00343377508979273	2.18024747281017	0.041	0.01	1	7	LIMK2
0.00150581049601142	2.16317395945123	0.061	0.015	1	7	NEPRO
0.0015112338921942	2.12135378375661	0.031	0.008	1	7	ECHDC2
0.000113209744949335	2.08964492402927	0.153	0.039	1	7	KIFC1
0.00056796343739725	2.08071179925926	0.061	0.016	1	7	MGAT5B
0.000153386004953229	2.07404806897825	0.112	0.025	1	7	ACR
0.00275846714332022	2.05096445586521	0.071	0.018	1	7	PLXNA3
0.0051464173135965	2.05096445586521	0.071	0.019	1	7	NECTIN3
0.0038161213458775	2.01878405011606	0.143	0.043	1	7	PALMD
0.000349770674443509	1.99582290167275	0.102	0.027	1	7	DHRS4
0.00214810076397976	1.9926204696344	0.122	0.035	1	7	EML6
0.000222446850871464	1.96935069031156	0.071	0.023	1	7	LOC138580660
0.00665671067121677	1.96935069031156	0.061	0.018	1	7	EPHA3
0.00860927553832962	1.96935069031156	0.071	0.023	1	7	EVC2
0.008664110492061	1.94078153811478	0.051	0.015	1	7	PTPRU
0.000134078925607788	1.92870870581421	0.112	0.037	1	7	SMAD7
0.00150581049601142	1.92870870581421	0.061	0.018	1	7	LOC138510046
0.00133009737366551	1.89896136242016	0.112	0.032	1	7	CDCA5
0.000139369195187088	1.89308479608349	0.112	0.033	1	7	ZNF385D
0.00982672163032557	1.85831937792281	0.041	0.013	1	7	FCER1G
0.00023556282991437	1.85831937792281	0.082	0.023	1	7	KCNMB2
0.000536394167860362	1.85831937792281	0.082	0.023	1	7	LOC138583265
0.000127023545249068	1.83184716656162	0.163	0.049	1	7	MASTL
0.00017111463445476	1.82661051819547	0.143	0.042	1	7	CYB5D2
0.000494176042623548	1.82661051819547	0.143	0.038	1	7	UBE2S
0.000647374076902712	1.81525065603093	0.102	0.031	1	7	ACAA1
0.00657309195665911	1.81525065603093	0.092	0.031	1	7	LOC138492526
0.00360976878026372	1.81101366314445	0.082	0.028	1	7	PCBD2
0.00211205739312138	1.80585195802868	0.082	0.025	1	7	PEX3
0.000594950239099669	1.79942568886924	0.071	0.023	1	7	ACOT11
0.00382943114023369	1.78031686592154	0.051	0.017	1	7	PEX11B
0.00113564613663901	1.7734304803363	0.102	0.031	1	7	PADI3
0.00604292665576146	1.76520997353133	0.082	0.028	1	7	KYAT1
0.00198453520165581	1.75739046907203	0.173	0.063	1	7	KIF22
0.000450390819718662	1.7514041740063	0.112	0.038	1	7	LOC138521149
0.000647374076902712	1.73278849583895	0.102	0.032	1	7	NSMCE1
0.00483783146711116	1.73278849583895	0.102	0.031	1	7	CENPA
0.00483783146711116	1.73278849583895	0.102	0.032	1	7	CDKN2C
0.00277088102187179	1.72707484464456	0.143	0.048	1	7	SLC45A4
0.00056796343739725	1.72707484464456	0.061	0.02	1	7	LOC138471709
0.000444629256833581	1.72081585417288	0.092	0.03	1	7	SNUPN
0.00276581859477829	1.72081585417288	0.092	0.028	1	7	NEK2
0.000409035791659321	1.71536142408077	0.143	0.048	1	7	GFOD2
0.008664110492061	1.70631628447776	0.051	0.018	1	7	DSEL
0.00113564613663901	1.69326013165232	0.102	0.034	1	7	C11H1orf216
0.00279101314309142	1.69071942942674	0.255	0.128	1	7	ABLIM1
8.92214567191705e-05	1.68585218191805	0.194	0.062	1	7	CKS1B
0.000178835271256015	1.67774713228099	0.143	0.046	1	7	PRIM1
0.0071630046784794	1.66567429998042	0.061	0.015	1	7	PDE3A
0.00142275642638805	1.66192216511931	0.153	0.051	1	7	TMUB2
0.00304704843011176	1.65478598383768	0.102	0.035	1	7	TSFM
0.00415069041112402	1.64973275611139	0.133	0.046	1	7	TSEN2
0.00108200216669854	1.63592695658636	0.102	0.038	1	7	LAGE3
0.000672163708687046	1.62225201968929	0.143	0.048	1	7	CHD5
0.00375369200595698	1.61320688008628	0.082	0.029	1	7	SKA1
0.000861840436136626	1.59528497208902	0.092	0.032	1	7	MRPL2
0.00268770034470841	1.59528497208902	0.092	0.031	1	7	MEDAG
0.0028323151282413	1.5853008835164	0.071	0.023	1	7	UST
0.00133009737366551	1.56881276072783	0.112	0.04	1	7	ACBD5
0.008664110492061	1.56881276072783	0.051	0.02	1	7	AP5S1
0.000212788531430515	1.55575660790238	0.092	0.032	1	7	MIS18A
0.000779430598340614	1.55575660790238	0.153	0.064	1	7	KIF23
0.00700647005595565	1.55019708256048	0.061	0.021	1	7	SLC6A8
0.00113564613663901	1.54516149266318	0.102	0.037	1	7	TAS1R3
0.000457752821748947	1.53074471989431	0.163	0.059	1	7	SAYSD1
0.00211205739312138	1.52574403883594	0.082	0.03	1	7	C4QH1orf115
0.00628581835104417	1.52574403883594	0.082	0.031	1	7	PNPO
0.000125676932144934	1.51728246008774	0.194	0.083	1	7	PIK3CB
0.000329696436349483	1.51728246008774	0.173	0.06	1	7	TACC3
0.000455865879995439	1.51728246008774	0.143	0.052	1	7	NRBP2
0.00410943328339938	1.51728246008774	0.143	0.053	1	7	BOLA1
0.00687018437662485	1.51728246008774	0.092	0.035	1	7	SMIM27
0.00304704843011176	1.5103960745025	0.102	0.038	1	7	DIS3
0.0019301661553737	1.50837690686585	0.153	0.059	1	7	PKIG
0.00216987162133031	1.50468242330811	0.112	0.041	1	7	INIP
0.000426788134038925	1.50217556769754	0.214	0.084	1	7	B3GNT5
0.00100717965903917	1.49219147912491	0.143	0.053	1	7	POLR2G
0.00287714174554262	1.48908556825709	0.143	0.056	1	7	ANAPC13
0.000924059155010183	1.47129625481356	0.122	0.045	1	7	NOL6
0.00149362733475742	1.47129625481356	0.122	0.046	1	7	PGGT1B
0.0066915278322741	1.46927708717691	0.112	0.048	1	7	GTSE1
0.00557294865150628	1.44328187864397	0.071	0.027	1	7	RBFOX1
0.00849085636931599	1.4194351366896	0.122	0.052	1	7	ADGRG1
0.00047910290413342	1.41225498302334	0.204	0.083	1	7	INCENP
0.000321923045739035	1.40146170294934	0.163	0.063	1	7	RRP15
0.00103281262400792	1.40146170294934	0.163	0.063	1	7	SNX19
0.00323185271466494	1.38883409462159	0.122	0.05	1	7	HLTF
0.000331742093863658	1.3866983502776	0.245	0.095	1	7	LOC138566014
0.000345488997743855	1.37799041839225	0.224	0.087	1	7	CENPF
0.000963394885290695	1.36928129720019	0.163	0.067	1	7	IQGAP3
0.00375369200595698	1.36527936664269	0.082	0.035	1	7	WDR76
0.00497319103892205	1.36527936664269	0.071	0.033	1	7	FBXO10
0.00465234031707445	1.3623618832604	0.112	0.05	1	7	BOD1
0.00654751159084777	1.3623618832604	0.122	0.048	1	7	NUSAP1
0.00466244475360077	1.36081971845199	0.163	0.065	1	7	FAM13A
0.00589902983769203	1.30577835489403	0.133	0.058	1	7	QSOX1
0.00422020546909866	1.30280065509414	0.173	0.081	1	7	PBXIP1
0.00697879242631025	1.29353475913929	0.143	0.065	1	7	PCTP
0.00018524124864335	1.27335687720166	0.245	0.113	1	7	GPR146
0.00142275642638805	1.27335687720166	0.153	0.065	1	7	PKD2
0.00527268370994412	1.27335687720166	0.071	0.031	1	7	INTS11
0.00134357294183447	1.26494463738546	0.173	0.071	1	7	LOC138481234
0.00144864769801249	1.26395817919941	0.163	0.069	1	7	LOC138497699
0.00451005168911785	1.26395817919941	0.163	0.069	1	7	EXOC3
0.00228091092700355	1.2600600545882	0.204	0.093	1	7	LMO7
0.00999836434539395	1.2556548754682	0.082	0.036	1	7	NTPCR
0.000254252494737678	1.24773106952616	0.276	0.121	1	7	LOC138471647
0.00688477490216593	1.24688466584046	0.112	0.051	1	7	ATR
0.00969355068087102	1.24688466584046	0.112	0.05	1	7	NAB1
0.00146343349383207	1.24164801747432	0.276	0.124	1	7	FAM110D
0.00868322288761886	1.23382851301502	0.153	0.068	1	7	SLU7
0.000151156069432637	1.22755318758853	0.276	0.124	1	7	COMT
0.00460758212121632	1.22088945730752	0.102	0.05	1	7	PPIL2
0.00994662615727694	1.22088945730752	0.112	0.049	1	7	LOC138513919
0.000508774717196468	1.20381594394858	0.173	0.074	1	7	MTUS1
0.00068905548872055	1.19935629575788	0.48	0.299	1	7	FBXL7
0.00195640196893511	1.19535436520038	0.184	0.086	1	7	FARP1
0.00157731199599488	1.19535436520038	0.194	0.085	1	7	EVA1C
0.000297197093643694	1.18024747281017	0.194	0.086	1	7	VPS35L
0.00740280952919143	1.17479304271807	0.102	0.043	1	7	PLCL1
0.00993858734073544	1.17026338423755	0.102	0.052	1	7	ACVR1B
0.00321375983025723	1.16644167328514	0.235	0.114	1	7	SNRPB2
0.00513454622110113	1.16124651088012	0.204	0.098	1	7	NCKAP5L
0.00526546160084637	1.16034791537247	0.235	0.122	1	7	MPPED2
0.00268770034470841	1.15050012941612	0.092	0.044	1	7	HSPA14
0.00708284161965211	1.13950113046686	0.153	0.07	1	7	GPATCH2
0.0019301661553737	1.12135378375661	0.153	0.078	1	7	SNX16
0.0074535045308299	1.12135378375661	0.143	0.068	1	7	CDC40
0.00420206953627651	1.09535857522366	0.092	0.051	1	7	SLC30A6
0.000175537177355525	1.08679656172024	0.255	0.127	1	7	OAZ2
0.000785157324456651	1.08420078533914	0.224	0.106	1	7	SDR9C7
0.00108529696171786	1.08209435330938	0.265	0.118	1	7	DLGAP5
0.00776041496020157	1.07870944634811	0.173	0.085	1	7	H1-10
8.67212252277841e-05	1.07695966439815	0.276	0.135	1	7	AATK
0.00444081493854579	1.06285813444646	0.255	0.13	1	7	IP6K2
0.000100925675594278	1.05625875553472	0.245	0.122	1	7	PIK3C2B
0.00331243934369274	1.05096445586521	0.112	0.054	1	7	FXN
0.00969355068087102	1.05096445586521	0.112	0.058	1	7	LOC138453805
0.00767613237555457	1.04639172607538	0.143	0.07	1	7	MAD2L1
9.09202563718134e-05	1.04118343507262	0.49	0.281	1	7	RHAG
0.00609348823487455	1.04118343507262	0.133	0.066	1	7	AFAP1
0.00141183853058143	1.02824437936512	0.224	0.116	1	7	LYRM4
0.0012087983287072	1.02432932936174	0.214	0.098	1	7	BUB1
0.000301069029689896	1.02295007969561	0.367	0.189	1	7	TCIM
0.00192067699187014	1.02181811020569	0.265	0.131	1	7	NDUFB10
0.00946997510766141	1.02181811020569	0.255	0.137	1	7	MED31
0.000115537339537564	1.01701712394187	0.306	0.147	1	7	PYGL
0.00170375002364751	1.00587656633667	0.224	0.096	1	7	EPS8
9.44058574088596e-05	1.00417024438627	0.398	0.225	1	7	PTPRG
0.00829250473282084	0.99324895800892	0.255	0.136	1	7	DERL2
0.00194422611255093	0.960889111563359	0.306	0.168	1	7	GOLGA7
0.00609518519199899	0.960889111563359	0.163	0.087	1	7	DENND10
0.000103890504652101	0.939150452535856	0.418	0.22	1	7	PPP1R16B
0.000833866718320144	0.929402475984294	0.418	0.247	1	7	NDUFB4
0.00472426129030871	0.91642233248638	0.296	0.174	1	7	FILIP1L
0.00961615678213837	0.911561399199791	0.214	0.118	1	7	MRPS33
0.00686922042852837	0.904123067535936	0.153	0.085	1	7	TPRA1
0.0080439224345521	0.893084796083488	0.367	0.239	1	7	CBX5
0.0053946089417886	0.893084796083488	0.316	0.184	1	7	PIN4
0.000256699752732152	0.885286425523081	0.255	0.132	1	7	LOC138459848
0.00539173955815983	0.874439043286089	0.286	0.151	1	7	NUP160
0.00305089294104715	0.86501403049682	0.316	0.174	1	7	BMPR2
0.00675592031694447	0.849757364419387	0.245	0.143	1	7	KIAA1671
0.00799029216475131	0.848335289350189	0.224	0.126	1	7	NAA40
0.00948115673349536	0.845719341143178	0.184	0.104	1	7	MRPS28
0.00459337513901633	0.833657323688542	0.378	0.247	1	7	EFNB2
0.000465893038616689	0.833228396959981	0.184	0.104	1	7	SECISBP2
0.00186384725088825	0.828157407412559	0.51	0.321	1	7	SHE
0.0073705727156335	0.826610518195473	0.122	0.051	1	7	RGS5
0.000108073415970274	0.820049360995094	0.51	0.3	1	7	TNFAIP8L1
0.00403314093673831	0.815250656030926	0.378	0.226	1	7	SKA2
0.000118992991858397	0.812804718670443	0.561	0.37	1	7	MXRA7
0.000980344802217611	0.807693304852843	0.418	0.26	1	7	FRYL
0.00131230004754968	0.803871593900435	0.347	0.208	1	7	TMPO
0.00163844089797982	0.803871593900435	0.255	0.135	1	7	DYNLL2
0.00461395753996534	0.796918833258668	0.224	0.129	1	7	SEPTIN8
0.00928952451077095	0.794189040503096	0.214	0.122	1	7	NCCRP1
0.00307374816542282	0.790342584106805	0.327	0.199	1	7	SELENOH
0.00300659564744913	0.789606627838797	0.357	0.216	1	7	DUT
0.00441838326038248	0.784025595575498	0.367	0.228	1	7	NDUFA2
0.00555976468468678	0.774903369735174	0.276	0.151	1	7	ALDH9A1
0.000325533207202287	0.768971892327529	0.551	0.333	1	7	TACR1
0.0021786465678697	0.766060870070823	0.398	0.27	1	7	PDLIM1
0.00336653318948716	0.75815521599738	0.439	0.27	1	7	LOC138480899
0.000371839472543508	0.757518737135319	0.541	0.363	1	7	LSM5
0.00723961377488145	0.755225884958708	0.337	0.204	1	7	NDUFS7
0.00107042254237546	0.751404174006299	0.357	0.212	1	7	WTAP
0.00330099504739393	0.747819836657261	0.49	0.305	1	7	ANP32E
0.00704930068970168	0.729371520705427	0.367	0.232	1	7	TIMM13
0.00275174830792942	0.720815854172877	0.286	0.174	1	7	NDUFA5
0.00173560864205468	0.720062291846583	0.469	0.284	1	7	ASS1
0.000855486754116014	0.713695814843359	0.418	0.261	1	7	NKAIN1
0.00420245432080349	0.709093369148335	0.439	0.291	1	7	METAP2
0.00623537306876398	0.701350031584412	0.265	0.155	1	7	CH25H
0.000581588281595956	0.696855955228695	0.5	0.36	1	7	DEK
0.0001785350923128	0.694466566600018	0.633	0.454	1	7	NEDD8
0.00184482705553461	0.691540931797363	0.582	0.465	1	7	ADGRL4
0.00943020386078899	0.689442465913365	0.408	0.279	1	7	RBBP7
0.00534057230407859	0.688394376480499	0.265	0.163	1	7	DEGS1
0.00848706269993094	0.679722074466048	0.367	0.244	1	7	CD55
0.00392094389917282	0.67774713228099	0.398	0.26	1	7	MICOS13
0.00026922079739355	0.674215441310737	0.398	0.245	1	7	UCHL1
0.00292439806891262	0.67190625369193	0.449	0.306	1	7	CLEC14A
0.00405615596255577	0.658179763433491	0.663	0.511	1	7	ARL15
0.00824175540933677	0.645325654588613	0.398	0.246	1	7	HP1BP3
0.000241988379443946	0.645014829414323	0.592	0.39	1	7	TXNIP
0.000780452019657311	0.626589092007027	0.398	0.215	1	7	SUSD1
0.00180075441527435	0.626298255388587	0.52	0.349	1	7	ACP1
0.00664587897880703	0.601979624663026	0.449	0.315	1	7	SEC11A
0.00309562889157593	0.599477985331698	0.52	0.363	1	7	LOC138570017
0.000438375725729352	0.595764990406834	0.806	0.619	1	7	COX7B
0.0053947238149302	0.591380517633102	0.347	0.251	1	7	CAV2
0.00400335687950058	0.590839067057826	0.49	0.319	1	7	PFDN5
0.00246605793178201	0.589671365625491	0.449	0.328	1	7	SKP1
0.00147310269852197	0.584144414483817	0.388	0.25	1	7	DENR
0.000400315153057486	0.570831928364479	0.541	0.364	1	7	SRSF1
0.00774544691015935	0.5668565637625	0.551	0.386	1	7	SNRPC
0.00316271905731653	0.566628513465951	0.653	0.465	1	7	ARHGDIB
0.00686153824171203	0.563358330635719	0.337	0.231	1	7	ETFB
0.000229839476768363	0.556429036271994	0.714	0.53	1	7	SNRPD3
0.000820237948201277	0.549653182444372	0.439	0.294	1	7	SUB1
0.000197206949816053	0.54221252176417	0.796	0.601	1	7	CAVIN1
0.000350452583532218	0.538546167739123	0.898	0.78	1	7	H3F3A
0.00229651074335164	0.534998047735583	0.367	0.229	1	7	SLC16A2
0.00583175966943433	0.529773404270941	0.408	0.227	1	7	SELP
0.000139804943267091	0.529284396541189	0.816	0.715	1	7	SNRPF
0.00226007387310435	0.515475703382113	0.653	0.516	1	7	RBM4
0.00333434925886063	0.515017632242882	0.541	0.386	1	7	PPP2CA
0.000572602748928666	0.513736077375138	0.663	0.459	1	7	PMP22
0.00175160584856973	0.508171409387991	0.663	0.523	1	7	DAD1
0.00513507127471312	0.506643939641397	0.49	0.359	1	7	HNRNPA2B1
0.000952660885032499	0.501249476915192	0.755	0.615	1	7	SRSF9
0.00385687940157808	0.497729662666344	0.653	0.538	1	7	SRSF5
0.00261628757910829	0.496862918848812	0.673	0.508	1	7	UQCR10
0.00961710886425479	0.490810248726553	0.469	0.309	1	7	PSMB3
0.00487144109009145	0.487337058721903	0.694	0.601	1	7	HNRNPA0
0.00559722133084796	0.483392092018121	0.714	0.618	1	7	ATP5PF
0.00014643727661205	0.482452475924645	0.898	0.838	1	7	RBMX
0.000143390855313407	0.479474530267349	0.786	0.539	1	7	SNRPB
0.00215903342664038	0.469593155759815	0.633	0.468	1	7	SUMO3
0.00357584093187927	0.468248794160543	0.673	0.513	1	7	MIF
0.000629428724431084	0.467332241122021	0.857	0.78	1	7	FSTL1
0.000353802985151902	0.464457388793805	0.806	0.633	1	7	CAVIN2
0.00283622618421783	0.455918704321893	0.612	0.46	1	7	EHD2
0.00149248100254135	0.445625819112267	0.531	0.438	1	7	ERH
0.000174495213651498	0.441873684251159	0.888	0.768	1	7	SNRPG
0.00449608584088816	0.441364675649677	0.633	0.499	1	7	PSMA2
0.000839650967780471	0.429961671530418	0.857	0.758	1	7	TUBB4A
0.00116805093235441	0.427410486001086	0.582	0.411	1	7	LOC138582805
0.00354596957123695	0.426255776351295	0.847	0.682	1	7	COX6A1
0.00521423202823208	0.423990540035207	0.714	0.573	1	7	H2AC1
0.00101197096698965	0.420810835316668	0.867	0.755	1	7	SRSF3
0.00283022194457989	0.420510570985309	0.847	0.672	1	7	TRA2B
0.0021490709165595	0.417380015201211	0.5	0.369	1	7	PREX2
0.000245556304901376	0.415309286415896	0.653	0.45	1	7	TMEM167A
0.00296751407505462	0.412979118480442	0.714	0.566	1	7	PPIB
0.00461401602817733	0.410115014708768	0.663	0.496	1	7	CD9
8.53574148478946e-05	0.398986896550002	0.959	0.903	1	7	RPL35A
0.00443803340240304	0.395381815783979	0.806	0.642	1	7	SNRPD1
0.000333472259346766	0.388925280352487	0.959	0.935	1	7	RPS19
0.000242216535732695	0.381376748125346	0.939	0.801	1	7	RPL9
0.000826477203044182	0.381185757552055	0.684	0.481	1	7	SPACA4
0.00184504893112294	0.37430166208799	0.959	0.902	1	7	RPS13
0.000106874900602996	0.370884731615569	1	0.966	1	7	RPL35
0.000136971470016537	0.370718935514776	1	0.99	1	7	Fth1
0.00753337509623989	0.367071312023849	0.786	0.659	1	7	COX6C
0.000137180644482502	0.365103935262335	0.98	0.918	1	7	RPS10
0.000506355496864195	0.364274004204177	0.776	0.655	1	7	NPM1
0.000580831942696488	0.357713166822237	0.949	0.906	1	7	RPL12
0.0055935010305391	0.352812795337127	0.786	0.639	1	7	BTF3L4
0.00184168057804594	0.347225639463022	0.918	0.789	1	7	RPL18A
0.00861995299312939	0.34397094145006	0.694	0.541	1	7	SFPQ
0.000234518601849547	0.339291147386432	0.867	0.724	1	7	PRMT1
0.0010780144814074	0.336585546766242	0.969	0.887	1	7	RPS27A
0.00673322521636575	0.334377315147518	0.643	0.562	1	7	TARDBP
0.00722277149368774	0.327482091062623	0.98	0.922	1	7	RPL31
0.00263355974055689	0.32411017766629	0.816	0.641	1	7	ARF1
0.00838739208667892	0.322783311657606	0.98	0.865	1	7	RPL30
0.000210394288593937	0.320521985280335	0.969	0.918	1	7	RPLP0
0.000165213390000608	0.317283070168346	0.939	0.844	1	7	GAPDH
0.000327953194404001	0.312973856298237	0.898	0.754	1	7	OAZ1
0.00396334817124245	0.31090759194785	0.949	0.854	1	7	RPS3A
0.000531648121192645	0.310581501141267	0.959	0.923	1	7	RPL39
0.00124845852570366	0.309553398585414	0.98	0.938	1	7	RPL19
0.000545461943820455	0.30932546308114	1	0.969	1	7	RPLP2
0.00111609676377337	0.308393691200892	0.99	0.893	1	7	RPS21
0.000592849304907407	0.306676950401682	0.99	0.946	1	7	RPL14
0.00367295214161552	0.305024792567739	0.633	0.481	1	7	NDUFB1
0.000181184367694777	0.304995456201033	0.99	0.969	1	7	RPL23
0.00551192876081953	0.304053674424572	0.888	0.725	1	7	ANP32B
0.000128574215080288	0.299446106070316	0.99	0.966	1	7	RPS27
0.0005102941617898	0.299271575952448	0.959	0.927	1	7	UBA52
0.00221995535535428	0.29876929637467	0.939	0.894	1	7	RPS11
0.00933338011721651	0.295518527125814	0.939	0.846	1	7	RPL27A
0.000315396492068203	0.293449884240545	1	0.977	1	7	RPL32
0.00484980089115506	0.285081836787188	0.837	0.679	1	7	SLC25A3
0.00664390258107611	0.282172101016186	0.929	0.84	1	7	CRIP1
0.00284707986085374	0.280745856431027	0.99	0.942	1	7	RPS26
0.00315682718222211	0.278669171982161	0.98	0.902	1	7	RPS15
0.00134386826236366	0.277055149006105	0.908	0.789	1	7	SRSF2
0.00487472285881535	0.27618608816193	0.98	0.95	1	7	RPL24
0.00412912327539882	0.275319060490718	0.969	0.875	1	7	MSN
0.00195949430816497	0.273356877201655	0.571	0.407	1	7	PDIA4
0.00833881805664515	0.273356877201655	0.765	0.608	1	7	YBX3
0.00198121122683543	0.269229835038573	0.99	0.943	1	7	RPL36
0.000832332568883205	0.268980334176336	0.929	0.833	1	7	CALM1
0.00643669864463422	0.263209689308201	0.959	0.93	1	7	RPL37
0.00419620300277115	0.26171314767375	0.99	0.956	1	7	RPL13
0.00235615433942945	0.257033364826063	0.98	0.931	1	7	RPS7
0.000110361545336358	0.256942804469865	1	0.973	1	7	ZA20D3
0.00216586720226961	0.238840995501151	0.969	0.927	1	7	HNRNPA3
0.00443432962322295	0.236557789350919	0.959	0.93	1	7	RPS20
0.00558189188203256	0.23441860525556	0.99	0.955	1	7	RPS9
0.00322596168339292	0.233541837397405	0.98	0.937	1	7	RPL10
0.00340620290738579	0.232108213879671	0.949	0.944	1	7	EEF1G
0.00626280523477309	0.228739235188375	1	0.989	1	7	S100A11
0.00766097987006964	0.22792544795465	1	0.96	1	7	RPL26L1
0.000372578112077918	0.221812191615208	1	0.997	1	7	CIRP
0.0051315517730192	0.209215529490209	0.99	0.942	1	7	RPL36A
0.00952391800312967	0.186479426521688	0.969	0.866	1	7	RPL3
0.00304562313957597	-0.24168768757508	0.949	0.966	1	7	CYTB
0.0082912368007178	-0.370778067291527	0.857	0.842	1	7	HSPG2
0.00419603891381971	-0.474879829299571	0.245	0.37	1	7	GBP1
0.00439431862208131	-0.497556048887889	1	0.999	1	7	unassigned-gene-4
0.00602434493047748	-0.506253054373045	0.112	0.241	1	7	MARCHF3
0.00654267436828231	-0.519614126693293	0.276	0.359	1	7	PKN1
0.00944190711331155	-0.530431429835757	0.378	0.46	1	7	CDH5
0.00328644571238935	-0.632345826169402	0.5	0.607	1	7	AHNAK
0.000961361026319599	-0.652370360419719	0.531	0.627	1	7	MARCKS
0.000955147336418508	-0.655560024736862	0.408	0.554	1	7	ADAM10
0.00697891957062528	-0.656253794906947	0.143	0.273	1	7	LARP4B
0.00299087737395022	-0.657695769080853	0.429	0.536	1	7	JCAD
0.00465234898621622	-0.686001138300999	0.245	0.356	1	7	APBB2
0.000550547902529243	-0.69831439973985	0.214	0.394	1	7	COL1A1
0.000460290321834812	-0.700627532754746	0.745	0.867	1	7	KRT5
0.00560554677439121	-0.702650267176548	0.439	0.583	1	7	ASAP1
0.000674732489347852	-0.771838752518927	0.459	0.575	1	7	INSR
0.00405703848608961	-0.780366698662905	0.337	0.463	1	7	LYVE1
0.00222446279129965	-0.798168878508165	0.337	0.506	1	7	NRK
0.00486791875356515	-0.804645634799618	0.153	0.288	1	7	ERLIN2
0.00209647443100088	-0.812479292277648	0.235	0.38	1	7	MAP4K4
0.00289468199122857	-0.82842686075566	0.163	0.287	1	7	CCDC80
0.00032573243407079	-0.837629457087262	0.48	0.627	1	7	TJP1
0.00700342663800815	-0.858837735163215	0.082	0.175	1	7	GTF2I
0.00214531280024028	-0.868996046209675	0.122	0.24	1	7	TRAPPC9
0.00700427404510406	-0.87089671663846	0.235	0.387	1	7	BDKRB2
0.00488002946641213	-0.872863863649389	0.214	0.346	1	7	ADD1
0.000115195149785584	-0.876390242303027	0.276	0.445	1	7	PEA15
0.00143017385846496	-0.884184399784824	0.173	0.361	1	7	PDE4B
0.00251087838924139	-0.897755039191099	0.122	0.258	1	7	LOC138526320
0.00674102919045755	-0.90544627558711	0.153	0.264	1	7	DIAPH1
0.00124273652969813	-0.91133483494957	0.194	0.328	1	7	PLEC
0.00334748983635636	-0.914270125974116	0.214	0.371	1	7	ELMO1
0.00793549631461578	-0.921290553651888	0.194	0.311	1	7	FMNL3
0.00483224670079133	-0.94374124446528	0.112	0.231	1	7	PTP4A2
0.00424703067728887	-0.94789009346653	0.449	0.565	1	7	DOCK9
0.00697064257372757	-0.949035544134793	0.153	0.286	1	7	MBNL3
0.000544798474814347	-0.953322902537891	0.153	0.283	1	7	SCP2
0.00510887449640866	-0.973364873496533	0.133	0.232	1	7	EXT1
0.000803065950929062	-0.98706867612938	0.316	0.474	1	7	SLC2A1
0.00719142637184769	-0.994123433663331	0.082	0.174	1	7	CTIF
0.00679325510633568	-1.00602552271962	0.112	0.233	1	7	RASGRP2
0.0054781217506406	-1.01067460992718	0.112	0.207	1	7	RARA
0.00745728783987174	-1.01614973999333	0.061	0.135	1	7	ADIPOR2
0.000100928176429826	-1.04304335750656	0.765	0.846	1	7	unassigned-gene-2
0.00359429353290765	-1.0432179831915	0.112	0.222	1	7	EYA3
0.000481900885391234	-1.08028007741305	0.245	0.437	1	7	SIK3
0.00649071102086376	-1.08028007741305	0.224	0.361	1	7	PLAU
0.00906464647030668	-1.08653906788473	0.092	0.194	1	7	PYCR1
0.00281808402077303	-1.0876407823643	0.163	0.289	1	7	GNAL
0.00827624202232636	-1.09587693246406	0.163	0.308	1	7	LBH
0.00299156862872225	-1.09587693246406	0.112	0.226	1	7	AFAP1L1
0.000383991544557326	-1.10561136736967	0.235	0.407	1	7	MAGI1
0.00106810656690732	-1.10587990064934	0.143	0.302	1	7	WDR26
0.00150008399757387	-1.10746490673928	0.143	0.295	1	7	GNA12
0.00120392969830335	-1.10823413898405	0.173	0.325	1	7	KALRN
0.00154966852413886	-1.11811215093878	0.153	0.309	1	7	DAB2
0.00693605549910543	-1.12306494390984	0.092	0.234	1	7	MBOAT2
0.000117695806892539	-1.12746676285749	0.398	0.573	1	7	GASK1B
0.00400152353825097	-1.12960778977661	0.092	0.196	1	7	KIF1C
0.000961589063195628	-1.13851334299851	0.133	0.313	1	7	SLC22A23
0.00335679118449669	-1.14168062207719	0.071	0.172	1	7	AFTPH
0.00244016956709613	-1.14168062207719	0.173	0.319	1	7	VASH2
0.00299635001297952	-1.14501633464044	0.163	0.321	1	7	KDM6B
0.00149259346414051	-1.14682392535315	0.255	0.431	1	7	ADAMTS4
0.0073983857266811	-1.1483443523582	0.082	0.18	1	7	SGPP1
0.00274945424693099	-1.15066940530444	0.184	0.322	1	7	RCAN1
0.00967283767999891	-1.16721571418433	0.061	0.152	1	7	PPP1R12C
0.000629086808459851	-1.20345681966388	0.173	0.355	1	7	PTPRE
0.00532762637065338	-1.21288757256961	0.122	0.231	1	7	SELENOP
0.00452074448659784	-1.21651585499978	0.173	0.318	1	7	PALD1
0.00647521214252808	-1.22599690801066	0.082	0.186	1	7	HOMER3
0.00908340194144142	-1.26407725343692	0.071	0.179	1	7	WDR45B
0.000133442625718312	-1.28463857591923	0.265	0.454	1	7	STAB1
0.00296465295146327	-1.29922189906367	0.224	0.369	1	7	LOC138487737
0.000490683626941117	-1.30602890594207	0.429	0.531	1	7	FAM107B
0.00990894779959629	-1.3116056235195	0.041	0.116	1	7	TIPARP
0.00767366803462214	-1.31826935380051	0.071	0.172	1	7	TDRD7
0.00325463268544204	-1.34331448324684	0.092	0.227	1	7	SRGAP1
0.00236582445359506	-1.3467950519818	0.082	0.202	1	7	KDM5A
0.00238383341161729	-1.35545991310893	0.041	0.133	1	7	ASAP3
0.00473595615667743	-1.3692163466896	0.092	0.223	1	7	IL13RA1
0.00140765116674937	-1.3709267144547	0.143	0.28	1	7	CEBPD
0.00255998192957379	-1.37197824149898	0.112	0.22	1	7	FN1
0.00284673552540653	-1.37263505691706	0.102	0.233	1	7	SERPINE2
0.00551380910426397	-1.39592190945298	0.061	0.173	1	7	DOCK11
0.00093164855477391	-1.43713650560336	0.092	0.243	1	7	EPB41L2
0.000845825893836272	-1.44546137025429	0.061	0.197	1	7	NHSL1
0.000250228564746146	-1.45825548247034	0.173	0.341	1	7	ZNF521
0.00518799171354247	-1.46360871696455	0.061	0.176	1	7	SH3PXD2B
0.00857842052272013	-1.47425596116406	0.082	0.203	1	7	ANGPT2
0.00549123527341944	-1.47728365386163	0.061	0.169	1	7	UAP1L1
0.000518151469457525	-1.4933560603586	0.071	0.217	1	7	TENT4B
0.000243139253909582	-1.49755604888789	0.122	0.307	1	7	TSC22D2
0.00215209767334817	-1.49923262669527	0.02	0.108	1	7	EDEM3
0.0013543409311234	-1.5042507014619	0.061	0.182	1	7	CBR1
0.00102799740047525	-1.51091443174291	0.071	0.203	1	7	KMT2A
0.00588403533120145	-1.51091443174291	0.031	0.114	1	7	NUP54
0.002117668851589	-1.52634447231251	0.082	0.219	1	7	EPS15L1
0.00820253057209334	-1.53399804485595	0.051	0.148	1	7	MTSS2
0.008320087810738	-1.53399804485595	0.051	0.164	1	7	FAM98A
0.00153137944913582	-1.55671812135603	0.061	0.182	1	7	LGALS3BP
0.00113998634963651	-1.56234267054991	0.071	0.205	1	7	LYN
0.00266551526673644	-1.57908593438449	0.041	0.148	1	7	TBFA
0.00720131674038755	-1.59380744009125	0.051	0.149	1	7	TNFAIP2
0.00355102051626695	-1.62996710338667	0.051	0.169	1	7	SLC4A7
0.00819820204801512	-1.63353371840686	0.031	0.108	1	7	ABCA1
0.00488733678951518	-1.6652425781342	0.051	0.161	1	7	EML1
0.00784259329020666	-1.66941825410539	0.041	0.145	1	7	FOXO1
0.00279424842011131	-1.69626947375483	0.031	0.126	1	7	KIDINS220
0.0073098494748604	-1.69626947375483	0.031	0.124	1	7	NFKBIZ
0.000180661484634121	-1.70420573367859	0.082	0.259	1	7	SSH2
0.0073098924521037	-1.70646524086071	0.031	0.114	1	7	NAV3
0.00110685773811947	-1.75549798547053	0.082	0.221	1	7	CEMIP2
0.00905933764458257	-1.81410596404868	0.031	0.12	1	7	EFCC1
0.00572881115778688	-1.81724567157925	0.02	0.102	1	7	SPIN4
9.46479668705841e-05	-1.86268864234042	0.214	0.411	1	7	CYSLTR1
0.00927738523953798	-1.8786462162434	0.031	0.126	1	7	HHIP
0.00181555541519231	-1.88314760847834	0.071	0.216	1	7	EMID1
0.00012802163475519	-1.91427012597412	0.143	0.318	1	7	IQSEC1
0.00206847920547208	-1.9703460503802	0.071	0.206	1	7	EXOC6
0.00392684149288104	-2.02703805613607	0.02	0.108	1	7	RALGDS
0.0079633760525022	-2.09365910721425	0.061	0.163	1	7	FGL2
0.00351976113142759	-2.13162695741327	0.051	0.17	1	7	GPNMB
0.000883373815057191	-2.14168062207719	0.061	0.194	1	7	NR6A1
0.00636682038600635	-2.17142796547124	0.02	0.104	1	7	LRG1
0.00892875653023512	-2.17142796547124	0.031	0.13	1	7	EMILIN1
0.00023517145564471	-2.17730453180791	0.041	0.202	1	7	SH3BP2
0.0012850191046178	-2.21968313407846	0.02	0.13	1	7	DMPK
0.00442628455022959	-2.24788002590911	0.02	0.124	1	7	NR5A2
0.00145289690100343	-2.27096363902216	0.092	0.25	1	7	LOC138472551
0.00714158067888324	-2.4063838482716	0.02	0.113	1	7	MAFB
0.000288916092803863	-2.4146991164836	0.051	0.217	1	7	FLT4
0.000524897561868907	-2.4146991164836	0.02	0.146	1	7	ZNF423
0.00859432973311895	-2.42708284093944	0.01	0.096	1	7	RTP3
0.00283084361461426	-2.45153588466398	0.01	0.106	1	7	CAPN5
0.0024642629612276	-2.72664312279834	0.01	0.108	1	7	ITGB3
0.000508052829386019	-2.76617148698498	0.02	0.144	1	7	VEGFA
0.00793385660504958	-2.78553681185191	0	0.067	1	7	TNFRSF12A
0.00132444516609932	-2.82350466205093	0.01	0.114	1	7	MOV10
0.00792793473275259	-2.84212034021828	0	0.07	1	7	DENND2A
0.00191225429834773	-2.90544627558711	0.01	0.114	1	7	SNCA
0.000537273713789001	-2.94042241383008	0.01	0.123	1	7	EPHB1
0.00296204017208975	-3.01614973999333	0	0.076	1	7	APEH
0.00100787979898141	-3.27781731006322	0.01	0.128	1	7	SEMA3A
0.00974486411633471	-3.42708284093944	0.02	0.101	1	7	ESM1
0.000313265965387353	-3.42708284093944	0.01	0.133	1	7	PDPN
0.00429985411656758	-3.46360871696455	0	0.074	1	7	LOC138577431
0.00380208949869216	-3.60111224071449	0	0.091	1	7	PGF
0.000125366791340603	-3.6388671627099	0.01	0.162	1	7	SRGN
0.000966018783776065	-3.69626947375483	0	0.098	1	7	PLCE1
0.000697369218188576	-4.13162695741327	0.082	0.218	1	7	HAPLN3
0.000143238926295151	-4.76617148698498	0	0.15	1	7	FGF10
0.000858258509980358	-5.10361258124367	0	0.114	1	7	STAB2
4.29633191617675e-20	1.04312467608899	1	0.858	5.14442783643005e-16	8	CAV1
7.15799414166222e-19	-2.28781421325237	0.395	0.824	8.57098218522635e-15	8	VWF
6.41472073387404e-18	1.16455845322928	1	0.847	7.68098660674077e-14	8	PMP2
2.15168315403068e-14	1.14027669449699	0.895	0.543	2.57642540863634e-10	8	PODXL
4.45637119455138e-14	0.881293949388397	0.987	0.837	5.33605886835582e-10	8	CRIP1
2.2917350772936e-13	2.19241635102303	0.368	0.087	2.74412358155136e-09	8	CXCL12
1.25206790743578e-11	-2.42625159736859	0.421	0.736	1.4992261123636e-07	8	PRSS23
2.02260478667854e-11	1.51022770255379	0.684	0.345	2.42186697156889e-07	8	PINLYP
1.28899318162369e-10	1.70339863982073	0.421	0.142	1.5434404356762e-06	8	CRTAC1
7.49637152871533e-10	0.929254142997461	0.882	0.631	8.97615526848373e-06	8	CAVIN2
3.32412153707248e-09	0.93344645216379	0.908	0.632	3.98030312849058e-05	8	CD34
6.58014312028607e-09	0.768120994514591	0.987	0.846	7.87906337223054e-05	8	DBI
7.27880536153588e-09	0.713954519432824	0.961	0.844	8.71564153990307e-05	8	EIF5A2
9.68350987801363e-09	1.07938936354139	0.658	0.32	0.000115950347279335	8	EPAS1
1.75664251368385e-08	0.463117042258636	0.868	0.515	0.000210340374588504	8	AQP1
2.14028342510193e-08	1.22387602986268	0.829	0.534	0.000256277537321706	8	SH3BGRL3
3.19773427292834e-08	-4.28310781274467	0.079	0.366	0.000382896701840439	8	MRC1
3.21784217792109e-08	0.710462274484186	0.987	0.929	0.000385304422384271	8	RPL7
4.91532043000441e-08	0.536320722163417	1	0.968	0.000588560468288728	8	CFL2
7.57059211980163e-08	0.910189881370539	0.789	0.548	0.000906502700425047	8	LOC138515939
1.96899532749503e-07	0.830456033895892	0.816	0.58	0.00235767500514255	8	ECM1
2.19826719889554e-07	-2.67878997988411	0.105	0.404	0.00263220514395752	8	EXOC3L2
4.91428855565282e-07	0.839535327806754	0.842	0.598	0.00588436911653869	8	SPTBN1
5.08432574001377e-07	0.486948809582911	1	0.993	0.00608797164109249	8	FKBP2
6.68450299304826e-07	2.1926450779424	0.211	0.043	0.00800402388387599	8	NCAM1
6.76016546145047e-07	1.11125197674035	0.618	0.353	0.00809462212354079	8	ROBO4
7.25831368434269e-07	1.85864415075446	0.224	0.062	0.00869110480563194	8	RFLNB
8.55049933553842e-07	0.913535909250531	0.855	0.616	0.0102383679043737	8	B2M
1.30261270796879e-06	-1.31758189733494	0.184	0.472	0.0155974845652183	8	LYVE1
3.30119713611037e-06	2.18057224564182	0.197	0.052	0.0395285345077855	8	KCTD12
4.07962777078355e-06	0.677429830823741	0.842	0.726	0.0488494629273623	8	TPM3
4.89814902002215e-06	1.1346633633504	0.553	0.308	0.0586504363657452	8	CKB
5.90247465813659e-06	-5.91117165841819	0.013	0.22	0.0706762315565275	8	HAPLN3
6.06305068780611e-06	1.11535588859639	0.526	0.267	0.0725989689357903	8	PYCARD
7.29270419127986e-06	-5.44123544232385	0	0.202	0.0873228399863851	8	RELN
7.78584489500868e-06	0.983545630498273	0.461	0.244	0.0932277067728339	8	EFNB2
7.85917906471698e-06	0.792298458679475	0.868	0.659	0.0941058101209211	8	PPDPF
8.71300477272825e-06	1.44930121952848	0.355	0.141	0.104329519148648	8	FRY
9.45108405807453e-06	3.2545728270856	0.053	0.007	0.113167280511384	8	LOC138566491
9.55128831157461e-06	3.83953532780675	0.053	0.004	0.114367126242794	8	FGL1
9.67146752499326e-06	0.874063010935025	0.592	0.398	0.115806152144269	8	PDLIM4
9.92732157423411e-06	1.43354296813092	0.237	0.09	0.118869748529879	8	ADA
1.24537348879362e-05	0.83382167661236	0.566	0.348	0.149121021548148	8	H3-3B
1.32138261124125e-05	-1.74414762068783	0.342	0.545	0.158222353870027	8	IGFBP1
1.60195372175682e-05	-4.67616451047729	0	0.187	0.191817938643161	8	UNC5B
2.50035384868735e-05	-1.1628996011103	0.461	0.638	0.299392369841823	8	LGALS1
2.67542969671127e-05	0.825022498107862	0.776	0.587	0.320355951884207	8	RHOC
2.87596840093241e-05	1.83953532780675	0.105	0.032	0.344368456327647	8	AAR2
3.10569273399049e-05	0.925265201832638	0.539	0.319	0.371875647968021	8	PFDN5
3.34100265429083e-05	-1.42725121288815	0.158	0.364	0.400051657824785	8	LRRC32
3.41010696485594e-05	4.42449782852791	0.066	0.003	0.40832620797185	8	GPR137
3.45885949163657e-05	0.622437206139819	0.921	0.778	0.414163835528563	8	RPL22L1
3.46956208956173e-05	0.431504617632969	1	0.943	0.415445364604122	8	YWHAQ
3.52561653536894e-05	-0.602514212602307	0.829	0.862	0.422157323945076	8	PFN1
3.57860321997039e-05	0.505007196139758	0.934	0.816	0.428501949559254	8	MYL12B
4.37830921049758e-05	2.18745863122706	0.079	0.019	0.52425874486498	8	DHX58
4.53055428775365e-05	0.393169715829804	1	0.927	0.542488570415622	8	RPL27
5.49234064154162e-05	1.13282755473323	0.382	0.192	0.657652868418194	8	MEOX2
5.68649868864084e-05	0.692129946100132	0.803	0.66	0.680901352977854	8	LIFR
6.07512838872761e-05	-2.34037376220818	0.039	0.236	0.727435873266244	8	HUWE1
6.46050107845223e-05	-1.25415408780847	0.355	0.55	0.773580399133871	8	ENG
6.6705287591291e-05	3.61714290647031	0.105	0.018	0.798729113618118	8	ACTC1
7.02100360119044e-05	2.20210540719146	0.105	0.025	0.840694971206543	8	FN3KRP
8.0408234733286e-05	0.704956516257485	0.75	0.548	0.962808202696366	8	BZW1
8.20413631747718e-05	1.22948184612277	0.211	0.097	0.982363282654718	8	TGFBR3
8.23361658069634e-05	0.526246151193264	0.868	0.658	0.985893249372579	8	H3-3A
0.000286834240583505	5.42449782852791	0.026	0	1	8	ALKBH6
0.000286834240583505	5.42449782852791	0.026	0	1	8	CFAP300
0.000286834240583505	5.42449782852791	0.026	0	1	8	LOC138467859
0.000286834240583505	5.42449782852791	0.026	0	1	8	LOC138526054
0.000286834240583505	5.42449782852791	0.026	0	1	8	LOC138569433
0.000286834240583505	5.42449782852791	0.026	0	1	8	MOGAT2
0.000286834240583505	5.42449782852791	0.026	0	1	8	NUDT15
0.00723017809107327	4.29896694644405	0.039	0.006	1	8	PVALB
0.00617282784968771	3.83953532780675	0.026	0.002	1	8	KCTD6
0.000102311264173707	3.57650092197296	0.053	0.005	1	8	LOC138504147
0.00192845515760379	3.51760723291939	0.039	0.004	1	8	TGIF2
0.00750719459670162	3.51760723291939	0.039	0.004	1	8	VSNL1
0.000286834240583505	3.42449782852791	0.026	0.003	1	8	TMEM212
0.00617282784968771	3.42449782852791	0.026	0.003	1	8	SENP8
0.00617282784968771	3.42449782852791	0.026	0.003	1	8	LOC138582177
0.00617282784968771	3.42449782852791	0.026	0.003	1	8	SLC1A3
0.000252730589706842	3.2545728270856	0.039	0.005	1	8	YARS2
0.000143298541760967	3.18745863122706	0.079	0.009	1	8	P4HTM
0.00617282784968771	3.10256973364055	0.026	0.004	1	8	GRB7
0.00750719459670162	3.03218040574915	0.039	0.006	1	8	ATG101
0.00750719459670162	3.03218040574915	0.039	0.006	1	8	CARTPT
0.00198083537414543	2.9915384212518	0.053	0.007	1	8	FBXO25
0.00530519713759844	2.9915384212518	0.053	0.007	1	8	CFAP54
0.000530835408903441	2.96506620989061	0.066	0.009	1	8	FITM2
0.00147305030810108	2.96506620989061	0.066	0.008	1	8	LOC138546248
0.000556697836028948	2.83953532780675	0.053	0.006	1	8	ISG15
0.000286834240583505	2.83953532780675	0.026	0.005	1	8	LOC138569255
0.00192845515760379	2.83953532780675	0.039	0.006	1	8	SLC68A1
0.00192845515760379	2.83953532780675	0.039	0.006	1	8	MVK
0.00750719459670162	2.83953532780675	0.039	0.006	1	8	FBXO27
0.00654813783038987	2.72405811038682	0.066	0.011	1	8	C16orf89
0.00198083537414543	2.70203180405682	0.053	0.009	1	8	METTL18
0.00192845515760379	2.66961032636444	0.039	0.007	1	8	FGD4
0.00192845515760379	2.66961032636444	0.039	0.007	1	8	SLC25A32
0.000286834240583505	2.61714290647031	0.026	0.006	1	8	PEPE
0.00192845515760379	2.51760723291939	0.039	0.008	1	8	LOC138516715
0.00143363813873696	2.51760723291939	0.066	0.013	1	8	CTSH
0.00530519713759844	2.46102370455302	0.053	0.011	1	8	LOC138581113
0.00617282784968771	2.42449782852791	0.026	0.006	1	8	ZNF699
0.000156981573753019	2.2545728270856	0.066	0.016	1	8	ERCC8
0.00339928481771585	2.19567913803203	0.092	0.022	1	8	PLA2G7
0.0063448369390352	2.18745863122706	0.079	0.019	1	8	PDIK1L
0.00198083537414543	2.16146342269412	0.053	0.013	1	8	SVIP
0.00177313383525768	2.11706930333566	0.105	0.028	1	8	ASPHD1
0.00617282784968771	2.10256973364055	0.026	0.008	1	8	SWI5
0.00335035997965149	2.10256973364055	0.066	0.017	1	8	FABP6
0.00108086260646238	2.08464782564329	0.092	0.024	1	8	MAT1A
0.00750719459670162	2.03218040574915	0.039	0.012	1	8	LOC138453600
0.00750719459670162	2.03218040574915	0.039	0.012	1	8	SLC22A31
0.000180116172232098	2.0135647275818	0.132	0.035	1	8	TIMM10B
0.000579865077976097	1.9915384212518	0.118	0.032	1	8	SIVA1
0.00198083537414543	1.9915384212518	0.053	0.014	1	8	TRMT9B
0.00190718887561209	1.94645053172327	0.079	0.022	1	8	OARD1
0.00192845515760379	1.93264473219824	0.039	0.013	1	8	TMEM272
0.00857686726084367	1.93264473219824	0.092	0.027	1	8	CEP162
0.00293687974218298	1.92199748799873	0.105	0.03	1	8	CCDC127
0.00530519713759844	1.91353590925053	0.053	0.017	1	8	FAM53B
0.00091378212260229	1.89200274770089	0.079	0.024	1	8	SINHCAF
0.00108086260646238	1.88533901741988	0.092	0.028	1	8	RNF13
0.00188582524579493	1.8801773123041	0.092	0.029	1	8	CYREN
0.00530519713759844	1.83953532780675	0.053	0.017	1	8	JMJD8
0.00958713896519581	1.8097879844127	0.132	0.044	1	8	WBP2
0.00541964848277541	1.76914599991536	0.053	0.017	1	8	LOC138503243
0.00552863935395582	1.75207248655641	0.092	0.03	1	8	OST4
0.00835877320683191	1.72405811038682	0.092	0.033	1	8	CCDC85A
0.00281305409236659	1.71400444572289	0.132	0.043	1	8	POLR3A
0.0019788637906963	1.71025231086179	0.092	0.03	1	8	ASRGL1
0.00172066246689307	1.70203180405682	0.105	0.04	1	8	DNAJC30
0.000120748371535501	1.68978820830207	0.197	0.062	1	8	SNX19
0.00697401087695838	1.6875322343617	0.105	0.035	1	8	CSDC2
0.0052333516044428	1.657331996586	0.145	0.052	1	8	NHERF1
0.00105577559820671	1.64313811500325	0.145	0.047	1	8	TSEN2
0.00119432719310682	1.58577873556097	0.132	0.054	1	8	DCHS2
0.00205991985202279	1.58577873556097	0.145	0.053	1	8	XAF1
0.00339928481771585	1.55413310894451	0.092	0.035	1	8	TPRN
0.00734290437243876	1.54185477916607	0.132	0.052	1	8	RAB29
0.00429218869891654	1.51760723291939	0.145	0.052	1	8	TTC9
0.00253163738129638	1.50166568905037	0.197	0.076	1	8	HACD4
0.0014971532307864	1.49376049096502	0.145	0.053	1	8	EDNRA
0.00401417527834991	1.49161202438645	0.132	0.05	1	8	SMIM14
0.00765189118759269	1.49161202438645	0.132	0.051	1	8	SMIM13
0.00680132745810869	1.48589837319205	0.105	0.039	1	8	CACHD1
0.00983841132301059	1.48589837319205	0.105	0.041	1	8	MRRF
0.00857686726084367	1.48198332318867	0.092	0.037	1	8	OXA1L
0.000434192276209902	1.45810622117073	0.224	0.089	1	8	MRTO4
0.00537360001973314	1.45706569098434	0.145	0.063	1	8	VWA1
0.00877779913733031	1.44721790502799	0.092	0.036	1	8	TFB2M
0.00229271197278149	1.44264517523817	0.171	0.067	1	8	KLF17
0.00938495051540816	1.41069202900288	0.145	0.062	1	8	MTTP
0.0074639983420451	1.38010370916946	0.118	0.049	1	8	LYPLAL1
0.00663570807436483	1.36148803100211	0.171	0.071	1	8	RNF2
0.00696886206118722	1.35015048706783	0.145	0.066	1	8	CDKN2AIP
0.00505210388092089	1.34030270111148	0.25	0.119	1	8	DDIT4
0.00597755223036575	1.33703498727757	0.197	0.089	1	8	PPP1R15B
0.000346123967495409	1.32295980206585	0.211	0.085	1	8	MAP3K5
0.00627708051428488	1.28699430477798	0.171	0.077	1	8	PTGR3
0.00774170739702635	1.28699430477798	0.171	0.079	1	8	ZNF593
0.00504202538734719	1.27069249244887	0.171	0.078	1	8	LPAR6
0.000860254413146435	1.26728387883515	0.237	0.096	1	8	LOC138450108
0.0032700233177793	1.2545728270856	0.066	0.032	1	8	COMMD2
0.00135493525471909	1.23962248561963	0.184	0.072	1	8	DACH2
0.000349712253753657	1.23863128321658	0.184	0.081	1	8	COX14
0.00339289598724225	1.22482548369155	0.184	0.089	1	8	RTCA
0.00186897866185186	1.22354593146497	0.237	0.111	1	8	THBD
0.00410010363542141	1.22062549516226	0.171	0.076	1	8	XKR8
0.00175703454391215	1.21504446289896	0.211	0.09	1	8	VSIR
0.00217561551433933	1.21275265139097	0.158	0.074	1	8	LOC138487902
0.00140618656797376	1.20726711230724	0.289	0.138	1	8	MAPKAPK2
0.00214692327112835	1.20394675401563	0.158	0.077	1	8	MAT2B
0.00412047608484625	1.17657031508432	0.25	0.116	1	8	LOC138539772
0.000416002521288399	1.16968392949908	0.368	0.192	1	8	TCIM
0.00229429553788379	1.15771128783301	0.145	0.068	1	8	TSNAX
0.00552863935395582	1.13909560966566	0.092	0.045	1	8	MRPL14
9.59309167053012e-05	1.13217619572587	0.329	0.157	1	8	SNAI2
0.00205235156233253	1.11464256594112	0.211	0.087	1	8	MEOX1
0.00342848920301698	1.11161487324355	0.197	0.096	1	8	HSD17B10
0.0056000028267639	1.10914238756403	0.132	0.064	1	8	VKORC1L1
0.00332738011537411	1.10256973364055	0.289	0.158	1	8	DEPP1
0.00010529653581707	1.09230139818672	0.263	0.115	1	8	TSPAN2
0.00267619874084473	1.09230139818672	0.25	0.119	1	8	EFCAB14
0.00603017537197675	1.08464782564329	0.197	0.094	1	8	LOC138521914
0.00983396356313559	1.08464782564329	0.145	0.072	1	8	PLAAT3
8.53236939473805e-05	1.08020192061209	0.434	0.225	1	8	NHERF2
0.00505000263485763	1.07872299168618	0.211	0.101	1	8	HLX
0.0030217428671539	1.06694582390983	0.145	0.074	1	8	NAPG
0.000205861768244481	1.04945839718099	0.408	0.23	1	8	LOC138510069
0.000230587004044944	1.0411691889764	0.263	0.131	1	8	BCAM
0.000180003932287397	1.03600211670156	0.5	0.301	1	8	SF3B6
0.000398512787737022	1.03218040574915	0.263	0.122	1	8	MPPED2
0.000323102419807114	1.03218040574915	0.474	0.306	1	8	JUND
0.000247687132365795	1.01600047869372	0.395	0.215	1	8	LAMA5
0.000100237632592843	1.00946032924907	0.487	0.299	1	8	HPSE
0.000898396972935098	1.0081349317825	0.211	0.104	1	8	SLC25A28
0.00360704185845908	0.996775069617951	0.263	0.144	1	8	RNASEK
0.00644084574309307	0.996260831494207	0.211	0.108	1	8	LOC138513954
0.000618205037648884	0.977038851556689	0.355	0.194	1	8	DLC1
0.00662030458627303	0.973286716695581	0.263	0.153	1	8	PDHB
0.000678425064590227	0.969595868371127	0.329	0.176	1	8	PYCR1
0.00434937396762274	0.969170608223349	0.197	0.103	1	8	GUSB
0.00559194842168221	0.961213884395006	0.355	0.207	1	8	SCPEP1
0.00397002222143039	0.96038972268114	0.171	0.093	1	8	TMEM263
0.000386214325170705	0.959116943559426	0.355	0.184	1	8	HSPA12B
0.00260762433406387	0.950566640195498	0.316	0.165	1	8	ACBD3
0.00211322959747727	0.910618425868236	0.316	0.17	1	8	GOLGA7
0.000313651929676357	0.90943734103691	0.382	0.226	1	8	HSPD1
0.000124185645269424	0.897638282370322	0.447	0.238	1	8	S1PR1
0.00139625092759694	0.8913178699093	0.421	0.252	1	8	CCDC43
0.000709753330647242	0.890760651161927	0.382	0.224	1	8	UPP1
0.00387992632028257	0.88706369788934	0.303	0.17	1	8	MYO1B
0.00456340670690306	0.885339017419879	0.224	0.124	1	8	INPP4A
0.00277328451542034	0.883124596354437	0.25	0.139	1	8	CDK2AP1
0.000361921409128949	0.873143720449574	0.421	0.222	1	8	ADAM15
0.00121542325681364	0.871090061681599	0.434	0.268	1	8	ITIH5
0.000175992250234194	0.866170454310221	0.421	0.239	1	8	DNASE1L3
0.00118175993299177	0.861788134653882	0.474	0.305	1	8	DYNLRB1
0.00370615983924433	0.859713209744384	0.276	0.179	1	8	DNTT
0.0026725696249778	0.844288857777388	0.355	0.234	1	8	COQ10B
0.00156106768560305	0.839535327806754	0.461	0.301	1	8	RPN1
0.00266162369061548	0.839535327806754	0.368	0.21	1	8	PUF60
0.00383599264879486	0.831715823347455	0.224	0.12	1	8	RASA4
0.000626055433617355	0.8277581600304	0.513	0.343	1	8	RALGAPA1
0.00480560790546506	0.820676300555438	0.368	0.236	1	8	NEURL1B
0.00423669770024202	0.816451714693712	0.355	0.213	1	8	RPL7L1
0.00965807915289112	0.808057096333586	0.197	0.121	1	8	CXXC1
0.000252705845221665	0.7951412084483	0.487	0.306	1	8	TNFAIP8L1
0.00254538969191957	0.791782196358386	0.329	0.182	1	8	ARGLU1
0.000232492205567525	0.77923481753894	0.487	0.275	1	8	TALDO1
0.00179754104321663	0.772072360028015	0.5	0.32	1	8	CCT4
0.00204879563578949	0.77203813928864	0.447	0.312	1	8	TTN
0.000913374018669502	0.767585485927739	0.434	0.278	1	8	FOSL2
0.00149285863008962	0.762719730755923	0.368	0.222	1	8	SMARCE1
0.000434178614740645	0.759470938877575	0.487	0.278	1	8	HS3ST1
0.00719727636848802	0.745876220592509	0.421	0.271	1	8	LOC138503347
0.00853341093100056	0.743883088743067	0.342	0.219	1	8	DAP
0.00221632497209938	0.738872988801555	0.566	0.381	1	8	DYNLT1
0.00117567228189596	0.725278148549074	0.658	0.517	1	8	HNRNPDL
0.000671657635489754	0.721538118408303	0.513	0.312	1	8	UQCRFS1
0.00895614080212763	0.707829648594932	0.395	0.246	1	8	NDUFA11
0.000659150709923857	0.707311035549665	0.461	0.279	1	8	SMAD6
0.00722728201270633	0.703398639820725	0.487	0.327	1	8	ITM2B
0.0015085632146506	0.702777190299641	0.434	0.296	1	8	BTG2
0.00178862588745042	0.702031804056819	0.329	0.187	1	8	EBF3
0.00492059422871889	0.700637221985066	0.605	0.444	1	8	JUNB
0.00748795083468075	0.69974604433776	0.461	0.304	1	8	CHCHD2
0.00578316000811963	0.696082537725633	0.5	0.362	1	8	TMED7
0.00937814597712943	0.693857872611119	0.447	0.28	1	8	HADHB
0.00225764851904358	0.672527809746736	0.566	0.375	1	8	QKI
0.00579517415967972	0.663996719900915	0.579	0.432	1	8	FOS
0.00285035373131095	0.663337729348911	0.487	0.331	1	8	CLEC2B
0.00736768677634728	0.660732175017989	0.408	0.277	1	8	PCMT1
0.00606959316044472	0.658963082164933	0.368	0.23	1	8	FERMT2
0.00181486569530969	0.658205563092192	0.434	0.301	1	8	MTURN
0.000169062915286294	0.650789150719233	0.711	0.474	1	8	JAG2
0.00132508199266419	0.650309770405505	0.605	0.404	1	8	BSG
0.00274247021679116	0.646227398926491	0.618	0.432	1	8	GLUD1
0.0027609345216075	0.640755463692256	0.632	0.466	1	8	SERBP1
0.00979623863553427	0.636251729418011	0.408	0.278	1	8	TMOD3
0.00528833194096467	0.631526824632962	0.539	0.333	1	8	EHD3
0.00519935526682941	0.626541604472556	0.447	0.312	1	8	SEPTIN6
0.00536667871351497	0.626541604472556	0.395	0.255	1	8	HNRNPR
0.00993446864519353	0.62163029746262	0.289	0.154	1	8	DOCK11
0.00891933220289721	0.618536141770172	0.421	0.269	1	8	RTN3
0.00481945574201394	0.613712001070032	0.513	0.341	1	8	CCT8
0.000651912816432144	0.611813402659646	0.855	0.773	1	8	ANXA5
0.00473084432826589	0.610289235429243	0.447	0.301	1	8	ZFP36L1
0.00133677061236076	0.606143907521049	0.632	0.432	1	8	SLC29A1
0.00254083671416848	0.591607814363169	0.461	0.297	1	8	PAM
0.000261320054539066	0.590175858870036	0.513	0.313	1	8	LHFPL7
0.00182441054823459	0.588107541620944	0.605	0.432	1	8	CNIH1
0.00559191408993289	0.579509671845298	0.566	0.368	1	8	ANXA3
0.00157812346783824	0.577657391005538	0.816	0.663	1	8	SSR3
0.00142031752768477	0.577108244668053	0.816	0.751	1	8	COX7A2
0.000720476559656126	0.575743402900219	0.803	0.605	1	8	CAVIN1
0.00743324962694437	0.572748787111853	0.592	0.476	1	8	ACTR2
0.00193196700325723	0.568681417513661	0.671	0.469	1	8	SUMO3
0.00536264257294785	0.568548798582567	0.697	0.585	1	8	GNB1
0.00452230663325049	0.567405466037543	0.539	0.378	1	8	IL6ST
0.000165547442911915	0.559601321584019	0.803	0.64	1	8	PCBP2
0.000948523605407172	0.554858628215963	0.539	0.343	1	8	XYLT1
0.00382623018356286	0.548123659442456	0.474	0.304	1	8	MCAM
0.00323417141188494	0.542398269487391	0.842	0.681	1	8	PFN2
0.00477693171148813	0.541410257504598	0.553	0.387	1	8	SRP9
0.00516007972720794	0.534680746278333	0.211	0.119	1	8	LOC138531582
0.00419035712032052	0.530318284668946	0.526	0.371	1	8	WSB1
0.00349004215360397	0.528413987875974	0.592	0.448	1	8	SEC61G
0.00310463121795551	0.519936038979364	0.592	0.438	1	8	MTPN
0.000897717717026976	0.519584882359834	0.645	0.407	1	8	FCN1
0.000448085278891041	0.513461554661838	0.684	0.464	1	8	LOC138567840
0.00120821895735297	0.502571904558112	0.934	0.828	1	8	NACA
0.000553477337741781	0.501989272104522	0.947	0.879	1	8	MSN
0.000289245522178234	0.495857649528937	0.868	0.742	1	8	NAP1L1
0.00822877288923107	0.495312193229039	0.763	0.617	1	8	ATP5PF
0.000631215149900817	0.488642496667252	0.987	0.858	1	8	RPL22
0.00732341641275114	0.476676968864509	0.816	0.698	1	8	MYH9
0.00272003498715466	0.475988143717653	0.789	0.639	1	8	ALDOA
0.00482813113487533	0.472010366479281	0.776	0.613	1	8	RSL24D1
0.00340480751111929	0.469929257774916	0.855	0.637	1	8	ATP5MF
0.00119114416771762	0.464495896459829	0.697	0.512	1	8	ARL15
0.00612084909164621	0.450168434732815	0.947	0.851	1	8	RPL37A
0.000427695212635653	0.449063373832104	0.987	0.867	1	8	RPL30
0.00395397245675678	0.435257174599412	0.75	0.581	1	8	CD2
0.0083223249439867	0.432267563562022	0.789	0.643	1	8	LOC138510586
0.00199145380367085	0.422449999879052	0.803	0.688	1	8	HNRNPH1
0.00774997136062532	0.421186615137499	0.645	0.495	1	8	CCT6A
0.00330739356847626	0.413928586817723	0.855	0.756	1	8	CDC42
0.00784353088238873	0.410056931271084	0.829	0.722	1	8	YWHAE
0.00466901306259422	0.40343621300008	0.395	0.267	1	8	ATF5
0.00545874557162107	0.402928628883197	0.842	0.707	1	8	LOC138504591
0.000291579337943842	0.38391952371281	1	0.921	1	8	RPL39
0.00274729980369645	0.368972199822684	0.908	0.731	1	8	PLVAP
0.00953823407090439	0.356452441104811	0.632	0.434	1	8	COL4A2
0.00162291287854793	0.338464991152191	1	0.927	1	8	RPS20
0.00786961060670077	0.331681752783364	0.908	0.883	1	8	TAGLN2
0.000879536194628724	0.321210020115888	1	0.966	1	8	TPT1
0.00196864449438165	0.303244796955599	1	0.959	1	8	FAU
0.00890203337336148	0.299138379519042	1	0.96	1	8	RPL26L1
0.00585495987276576	0.298766288796463	0.974	0.911	1	8	RPL11
0.00515318545001797	0.297051682651134	1	0.892	1	8	EEF2
0.00622795528790548	0.280291051124193	1	1	1	8	ACTB
0.00426667424560611	0.277768807183517	1	0.977	1	8	RPS15A
0.00587593909526732	0.267738596872432	0.987	0.971	1	8	RPLP2
0.00274848248727205	0.259661703758398	0.789	0.57	1	8	RAMP3
0.00475506066520441	0.228809731020516	0.724	0.585	1	8	ADCY4
0.00365572690275282	0.185956491279087	1	0.997	1	8	CIRP
0.00838533822421524	-0.291934695682678	0.895	0.887	1	8	HMGN1
0.0060950117560831	-0.340958915345746	0.75	0.822	1	8	LTBP1
0.00324804379429969	-0.44379040082503	0.974	0.974	1	8	VIM
0.000474480285365401	-0.51615122312858	0.908	0.939	1	8	S100G
0.00866535884239648	-0.586729426895344	0.816	0.846	1	8	HSPG2
0.0049007125401317	-0.62555234136053	0.592	0.718	1	8	CAPG
0.00801821137584148	-0.804320861967971	0.118	0.264	1	8	CAMK2D
0.00995742832306841	-0.812541368772939	0.158	0.268	1	8	ROCK1
0.00212999661060933	-0.863821873716633	0.184	0.35	1	8	CUL9
0.00898079382093306	-0.870122920363717	0.197	0.333	1	8	SERPING1
0.00404835513864112	-0.886951748555188	0.211	0.372	1	8	PGGHG
0.000339966568057732	-0.893285438847633	0.5	0.627	1	8	MARCKS
0.00407040471159448	-0.906890595608518	0.211	0.358	1	8	CD276
0.00909032270587099	-0.915352174356715	0.105	0.193	1	8	CENPE
0.00825628069038824	-0.918491881887282	0.171	0.309	1	8	AGAP1
0.00597053303942015	-0.941266175209533	0.408	0.53	1	8	FAM107B
0.000505710349357787	-0.955879980939325	0.132	0.301	1	8	IDH2
0.000882547712808792	-0.96077631724673	0.25	0.423	1	8	COL5A1
0.00847560189350609	-0.964595693376564	0.184	0.314	1	8	RASA3
0.00119909902728502	-0.970679248390091	0.158	0.338	1	8	CYLD
0.00674903794218641	-0.991865068217501	0.197	0.341	1	8	HOOK3
0.00249479296923853	-1.01844566732082	0.145	0.286	1	8	ERLIN2
0.00337310833383379	-1.02258539768174	0.118	0.271	1	8	WIZ
0.00674881773735666	-1.0403882202015	0.092	0.218	1	8	PKN2
0.00775114559118588	-1.06297682729119	0.105	0.235	1	8	LRRK2
0.00502387053060127	-1.07932790946784	0.079	0.185	1	8	SMC4
0.00734534449994709	-1.08408928356157	0.237	0.393	1	8	LRCH1
0.00982518081082672	-1.10999960521026	0.118	0.243	1	8	USP32
0.00456170765493114	-1.11207318809097	0.197	0.364	1	8	ARHGEF2
0.00803211170149389	-1.12309781972876	0.118	0.247	1	8	DAB2IP
0.00562462344927473	-1.18529652517318	0.105	0.231	1	8	TRAF2
0.000284032436406132	-1.19859980108002	0.145	0.347	1	8	ATF4
0.00372562952295664	-1.20821780364161	0.132	0.307	1	8	DAB2
0.00196781004357116	-1.24792751344359	0.184	0.352	1	8	SH2B3
0.00815535442202132	-1.24792751344359	0.079	0.208	1	8	SMC3
0.00215606559881023	-1.25849675515377	0.092	0.236	1	8	R3HDM2
0.00668174259649401	-1.26112701119844	0.184	0.319	1	8	ENTPD1
0.00126964270778348	-1.28630860517144	0.145	0.301	1	8	LYST
0.0071737156284139	-1.30147698172032	0.079	0.202	1	8	RALGAPA2
0.00428381398620816	-1.30342262603529	0.053	0.178	1	8	GSK3B
0.00752135597779848	-1.3124677656383	0.105	0.239	1	8	MARCHF3
0.00280565556710767	-1.33705340391657	0.145	0.301	1	8	MICAL3
0.00213569288541952	-1.34127798977829	0.118	0.29	1	8	GNAL
0.00607648929950853	-1.35028923107326	0.066	0.182	1	8	TGFBRAP1
0.00978110476521421	-1.38186589112664	0.158	0.282	1	8	CADM1
0.00295745873660469	-1.39568113388728	0.145	0.298	1	8	ARHGAP27
0.00372696689330537	-1.39568113388728	0.053	0.176	1	8	SH3PXD2A
0.000484134620918064	-1.42725121288815	0.132	0.31	1	8	SLC22A23
0.000932302428078576	-1.45114183309617	0.053	0.202	1	8	ANGPT2
0.00808573661315355	-1.45324642142109	0.053	0.166	1	8	MROH1
0.000330033236771034	-1.48239276708061	0.105	0.299	1	8	MYCBP2
0.00792114641554532	-1.52678688643906	0.039	0.144	1	8	GOLIM4
0.000821012921614988	-1.53301884015058	0.079	0.242	1	8	CEP170
0.000317980102813982	-1.54483334185652	0.132	0.341	1	8	ZNF521
0.00528981396100011	-1.5570694533751	0.092	0.221	1	8	SEMA7A
0.00406778371722927	-1.60008780975036	0.053	0.18	1	8	ATP9B
0.00639115597988068	-1.61167578402557	0.039	0.151	1	8	RNF123
0.00395919259260081	-1.61989629083054	0.066	0.216	1	8	FKBP15
0.00967095320918589	-1.6442804494575	0.039	0.156	1	8	PLEKHO1
0.00327947047990012	-1.71505352387088	0.039	0.189	1	8	MAP4K3
0.00627441967285779	-1.72270709641432	0.039	0.154	1	8	TFE3
0.00861558187345353	-1.72524929097677	0.026	0.123	1	8	IFITM3
0.00454623017220221	-1.72727982620414	0.053	0.198	1	8	ANKRD52
0.00386668193383379	-1.73789350022899	0.039	0.16	1	8	KCNQ1
0.00257813872994713	-1.75541126148702	0.026	0.129	1	8	PPP4R3B
0.00639965272797752	-1.75541126148702	0.026	0.127	1	8	FRMD6
0.00794808191388348	-1.77096226502154	0.079	0.203	1	8	EXOC6
0.00465981228389439	-1.78251649164962	0.039	0.163	1	8	UBE2O
0.000945398592890532	-1.79467069193425	0.066	0.206	1	8	PDE7B
0.00212088464633932	-1.79605324598437	0.171	0.286	1	8	NRP2
0.000120287922972824	-1.81757695867024	0.145	0.356	1	8	VAV3
0.00185701860143078	-1.82934965645949	0.079	0.219	1	8	CEMIP2
0.00304567964423964	-1.93525173179442	0.039	0.169	1	8	OSBPL5
0.00774363585538729	-1.94836723158468	0.039	0.18	1	8	ASXL1
0.00901473265555319	-1.99335468635799	0.026	0.115	1	8	ADAMTS15
0.00776427318137263	-2.00344350398157	0.053	0.167	1	8	GPNMB
0.00720014029458433	-2.01844566732082	0.013	0.1	1	8	MGAT4B
0.00709581172139613	-2.11077754809289	0.066	0.191	1	8	HMOX1
0.0053391461907364	-2.16046467219325	0.013	0.109	1	8	SRPK3
0.0065249278899016	-2.1828324852217	0.013	0.11	1	8	AVEN
0.00200084200295255	-2.23241451407226	0.342	0.465	1	8	CTSL
0.000566147558564527	-2.24792751344359	0.039	0.203	1	8	AGO3
0.00183279773907741	-2.24792751344359	0.026	0.14	1	8	PHF24
0.00970388455613017	-2.25849675515377	0.013	0.114	1	8	CSPP1
0.00799995446461522	-2.28974768913821	0.026	0.124	1	8	SEMA3A
0.00201252629076135	-2.33705340391657	0.026	0.145	1	8	GAS6
0.00822850369254007	-2.3699180378222	0.026	0.142	1	8	VEGFA
0.00525894358432941	-2.4178525148859	0.013	0.115	1	8	ADAMTSL3
0.00437835034043387	-2.43968831612637	0.026	0.13	1	8	PDPN
0.000385402990879021	-2.50476058010906	0.039	0.215	1	8	EMID1
0.00719658895085873	-2.58672942689534	0	0.075	1	8	TSC2
0.000276559416589231	-2.61167578402557	0.039	0.214	1	8	FLT4
0.00129048978152744	-2.6483047060163	0.039	0.166	1	8	NFIX
0.00176206285050248	-2.65231776852292	0.026	0.158	1	8	SRGN
0.00386970605759001	-2.69962348330128	0.013	0.128	1	8	ELN
0.00535200096886084	-2.78982129227286	0	0.085	1	8	KNTC1
0.0072316886823169	-2.92864899697017	0	0.074	1	8	GALR1
0.00591129900911483	-2.94182438571791	0	0.087	1	8	SLCO2B1
0.000484766002683066	-3.05528243550119	0.013	0.162	1	8	PDGFC
0.00358703915479953	-3.09120200975613	0	0.106	1	8	LAYN
0.00880900352149279	-3.10297917753249	0	0.062	1	8	CLEC
0.000103770322600579	-3.12239663135973	0.026	0.209	1	8	CLCA1
0.00652792995225719	-3.13774459569316	0	0.097	1	8	SORL1
0.000510193538782926	-3.25849675515377	0	0.117	1	8	LUC7L3
0.00486493220486083	-3.30001602459204	0	0.096	1	8	PLCE1
0.00131263538466197	-3.34037376220818	0	0.107	1	8	ITGB3
0.001450993322337	-3.50919282642432	0	0.121	1	8	PLEKHG4B
0.00107328396518371	-3.61167578402557	0	0.112	1	8	MAFB
0.00096780773668959	-3.91535217435671	0	0.129	1	8	GAS7
0.000249090404152287	-3.99335468635799	0	0.133	1	8	ENPP2
0.00615297233970809	-4.03698161875825	0.013	0.1	1	8	ESM1
0.000344181251571016	-4.3699180378222	0	0.147	1	8	FGF10
0.000164194034681553	-4.37478379299401	0	0.145	1	8	PROX1
0.000975151540279417	-4.70735913208088	0	0.112	1	8	STAB2
